predicted_types,actual_types,inference_time,shas,precision,recall,f1,exact_match,hamming_loss,context_len,with_message,concern_count
"[""test"", ""fix""]","[""test""]",1.2578682680614293,"[""7c48976f943e1e9b5850967b6f2963a205476ded""]",0.5,1.0,0.6666666666666666,False,0.14285714285714285,12288,True,1
"[""feat"", ""test""]","[""refactor""]",1.3549776202999055,"[""5748ff57ebafe94c4979eafa790d9a84812ca440""]",0.0,0.0,0.0,False,0.42857142857142855,12288,True,1
"[""docs""]","[""docs""]",0.7811602507717907,"[""be8dd55c2179a1743ddbda56b5e88a1a89c92bcc""]",1.0,1.0,1.0,True,0.0,12288,True,1
"[""feat""]","[""feat""]",0.5949296248145401,"[""15b8e4bc9349ce017f65e10b95cae48b0aa11828""]",1.0,1.0,1.0,True,0.0,12288,True,1
"[""build""]","[""build""]",0.823055368848145,"[""37b1cbfd3d2c462ef4f2a131e4172c38dc8d9ddf""]",1.0,1.0,1.0,True,0.0,12288,True,1
"[""ci""]","[""ci""]",0.7598860589787364,"[""8d2e23bde626eaed6e5b13384cc7ac38bab5ea66""]",1.0,1.0,1.0,True,0.0,12288,True,1
"[""fix"", ""test""]","[""fix""]",1.2923404229804873,"[""44ac09d356fa02bdbb840638846f7a7500700d23""]",0.5,1.0,0.6666666666666666,False,0.14285714285714285,12288,True,1
"[""ci"", ""build""]","[""ci""]",0.9125688606873155,"[""be44bbdeb52c6025e81c99528ed7b0d932c5be18""]",0.5,1.0,0.6666666666666666,False,0.14285714285714285,12288,True,1
"[""build""]","[""build""]",0.752705920021981,"[""b7e38fb62aa6e8a30d72dec063b1adccd089d0aa""]",1.0,1.0,1.0,True,0.0,12288,True,1
"[""feat"", ""fix"", ""refactor"", ""docs"", ""test"", ""ci"", ""build""]","[""refactor""]",3.1738337189890444,"[""3e0e30ecebaf23f0c36fa4811426f8f4e0057cfe""]",0.14285714285714285,1.0,0.25,False,0.8571428571428571,12288,True,1
"[""feat"", ""test""]","[""feat""]",2.1252876329235733,"[""293f301a4bb248799c467d1fef413ed3909f47a4""]",0.5,1.0,0.6666666666666666,False,0.14285714285714285,12288,True,1
"[""test""]","[""test""]",0.8235550089739263,"[""6c7398993bc567ec84e4573b6ededbf50b1ef606""]",1.0,1.0,1.0,True,0.0,12288,True,1
"[""docs""]","[""docs""]",0.6275697159580886,"[""036a0ff49a7dade0e04c9c07071a1ff49133ee24""]",1.0,1.0,1.0,True,0.0,12288,True,1
"[""fix""]","[""fix""]",0.9122934872284532,"[""73b8948ea1d49e05ae8c63b17926eda4cb04e9bb""]",1.0,1.0,1.0,True,0.0,12288,True,1
"[""build""]","[""fix""]",0.7542221457697451,"[""ccd1946a375e2ac10c3c591b04a435c4bc5170c2""]",0.0,0.0,0.0,False,0.2857142857142857,12288,True,1
"[""feat""]","[""feat""]",2.30950441211462,"[""542f0cad5337de15428f0b6567ce4efd20a19a48""]",1.0,1.0,1.0,True,0.0,12288,True,1
"[""build""]","[""build""]",0.8729869518429041,"[""4ab28fc2e63e975a0c77e18ae644f34fa5f8771a""]",1.0,1.0,1.0,True,0.0,12288,True,1
"[""ci"", ""build"", ""refactor""]","[""ci""]",1.074136707931757,"[""b7b9c23698e7238eda26a1135018625181badd82""]",0.3333333333333333,1.0,0.5,False,0.2857142857142857,12288,True,1
"[""fix""]","[""refactor""]",0.7524949740618467,"[""190aef43fd30e693af822c176f9b686591568719""]",0.0,0.0,0.0,False,0.2857142857142857,12288,True,1
"[""test""]","[""test""]",0.7204083567485213,"[""960af3a1c31fe2b5ab32e580089f67c9da816fcc""]",1.0,1.0,1.0,True,0.0,12288,True,1
"[""docs""]","[""docs""]",0.7192961447872221,"[""527e0abd0f88cb3ae2dc1a6ec7a62c241250444d""]",1.0,1.0,1.0,True,0.0,12288,True,1
"[""docs""]","[""docs""]",0.8261069227010012,"[""ee7cc5d5a940fba774e715b1f029c6361110b108""]",1.0,1.0,1.0,True,0.0,12288,True,1
"[""feat"", ""docs"", ""test""]","[""feat""]",2.8111865697428584,"[""8a954673531d6935f5517535b9068639ed5cff0d""]",0.3333333333333333,1.0,0.5,False,0.2857142857142857,12288,True,1
"[""refactor""]","[""refactor""]",0.9519511191174388,"[""0e4ede620dd9a2cdc13ab9cc6da05577b39fddb8""]",1.0,1.0,1.0,True,0.0,12288,True,1
"[""build""]","[""build""]",0.8478673179633915,"[""ecc481f9f501aa34b41e06e7bbdde6e79f8ca1bb""]",1.0,1.0,1.0,True,0.0,12288,True,1
"[""build""]","[""ci""]",0.7207063212990761,"[""bda1822851d9be04f0d39f2213d1e2066eb115c8""]",0.0,0.0,0.0,False,0.2857142857142857,12288,True,1
"[""test""]","[""test""]",0.6666676667518914,"[""7df6b872b9c820a35572b926d2496460a4c8b24a""]",1.0,1.0,1.0,True,0.0,12288,True,1
"[""fix""]","[""fix""]",0.7196154561825097,"[""c4d9e5023fa0f88ba283b37da27677ceda1cbfbb""]",1.0,1.0,1.0,True,0.0,12288,True,1
"[""fix"", ""test""]","[""fix""]",1.6841429588384926,"[""0d43299ccee2b2e018fae24896c45d8d8be66bc6""]",0.5,1.0,0.6666666666666666,False,0.14285714285714285,12288,True,1
"[""test""]","[""test""]",3.7414057943969965,"[""90a48c74f6faa0829d3809f739a42c0133e63ae0""]",1.0,1.0,1.0,True,0.0,12288,True,1
"[""refactor""]","[""refactor""]",0.8009090078994632,"[""e8a8edadc5c25d6410462b89a48e0602e0cbbc7f""]",1.0,1.0,1.0,True,0.0,12288,True,1
"[""docs""]","[""docs""]",0.629342915955931,"[""9849430b11b92ae58d94cfe4d0b06313c7eab550""]",1.0,1.0,1.0,True,0.0,12288,True,1
"[""build""]","[""build""]",0.8245155019685626,"[""45bbdaba1490a3216decb2c1a88b8f7041a3d505""]",1.0,1.0,1.0,True,0.0,12288,True,1
"[""feat""]","[""feat""]",0.759929453022778,"[""1ae8bf1195b197daa80ba6e45360f8b894364cd4""]",1.0,1.0,1.0,True,0.0,12288,True,1
"[""ci""]","[""ci""]",0.8265141248703003,"[""976c34b6fdc32a7f3337f98e67a7c9e4ee9e793e""]",1.0,1.0,1.0,True,0.0,12288,True,1
"[""refactor"", ""test""]","[""refactor""]",1.0127668036147952,"[""1c8ff5cf2feb3ce0b7d0fbfc43be8d20f5b73287""]",0.5,1.0,0.6666666666666666,False,0.14285714285714285,12288,True,1
"[""ci""]","[""docs""]",0.6854765135794878,"[""e50a61d63755a4a955c2a6535a865773e2ac01d5""]",0.0,0.0,0.0,False,0.2857142857142857,12288,True,1
"[""fix"", ""test""]","[""test""]",0.7091304422356188,"[""076b9f5efc109b481074a81957e24ce9f4a69f08""]",0.5,1.0,0.6666666666666666,False,0.14285714285714285,12288,True,1
"[""build""]","[""build""]",1.2966572078876197,"[""b2415c4d3de7b5d6da47668a3de630c07b30b300""]",1.0,1.0,1.0,True,0.0,12288,True,1
"[""refactor""]","[""fix""]",0.9593520071357489,"[""a81bbb83d64867f08c4d1be10919ef6806a1bf51""]",0.0,0.0,0.0,False,0.2857142857142857,12288,True,1
"[""feat"", ""test""]","[""feat""]",1.295431095175445,"[""3730075261bc81df68f9d10f12a2d6bbffd8493c""]",0.5,1.0,0.6666666666666666,False,0.14285714285714285,12288,True,1
"[""ci"", ""build""]","[""ci""]",0.9693783228285611,"[""db55dae208e4807898e6c747cefdf9bfcb4fd08c""]",0.5,1.0,0.6666666666666666,False,0.14285714285714285,12288,True,1
"[""docs""]","[""docs""]",1.1534983571618795,"[""dfab97842fe78fb8f217a5185fb6ec92682a53ca""]",1.0,1.0,1.0,True,0.0,12288,True,1
"[""feat""]","[""feat""]",1.0875173551030457,"[""73211952964a79d97b434dd567e6d7d34be7feb5""]",1.0,1.0,1.0,True,0.0,12288,True,1
"[""test""]","[""refactor""]",0.7517718621529639,"[""fba4326c72fc22d81aba6976a9fef1e4b6154fd9""]",0.0,0.0,0.0,False,0.2857142857142857,12288,True,1
"[""ci""]","[""ci""]",0.6915300679393113,"[""6f5b1103c0893d13b42f1f7c6504c9c339840be3""]",1.0,1.0,1.0,True,0.0,12288,True,1
"[""refactor""]","[""fix""]",0.7694814000278711,"[""2b1ad9d10fc5685ec75f362a73229569f03344ca""]",0.0,0.0,0.0,False,0.2857142857142857,12288,True,1
"[""build"", ""test""]","[""test""]",1.1358309844508767,"[""cd2bfb9b2298e8cd91013808547b35a9c40f46f1""]",0.5,1.0,0.6666666666666666,False,0.14285714285714285,12288,True,1
"[""build""]","[""build""]",0.9132476830855012,"[""607ecc92b5f8c084304e406eec725b7dcfa0a562""]",1.0,1.0,1.0,True,0.0,12288,True,1
"[""refactor""]","[""refactor""]",0.8797364411875606,"[""b98a8fed0b67b99ef4f8373aea904f847315e468""]",1.0,1.0,1.0,True,0.0,12288,True,1
"[""docs""]","[""docs""]",0.7545513268560171,"[""144388439d64e049cbed4e37659e819856d6987f""]",1.0,1.0,1.0,True,0.0,12288,True,1
"[""ci""]","[""build""]",0.6348532461561263,"[""88129ee45b1d49bc4ff887f3b488464cc7097e29""]",0.0,0.0,0.0,False,0.2857142857142857,12288,True,1
"[""feat""]","[""feat""]",0.8508817800320685,"[""5e09c9128f13c45d54df685b0a17dc8e3f7ff02c""]",1.0,1.0,1.0,True,0.0,12288,True,1
"[""test""]","[""test""]",0.7190066371113062,"[""e77f6751182595fe08940d67e11a90416c8dd6fd""]",1.0,1.0,1.0,True,0.0,12288,True,1
"[""ci"", ""build""]","[""ci""]",0.9911511978134513,"[""bb00890fa896936d0be09cc5e5f411fb5e64aa5f""]",0.5,1.0,0.6666666666666666,False,0.14285714285714285,12288,True,1
"[""fix""]","[""fix""]",0.7202157382853329,"[""c1d3b58fd20995b1b9ca4e6771e3fa375242b02d""]",1.0,1.0,1.0,True,0.0,12288,True,1
"[""fix""]","[""fix""]",0.6948730340227485,"[""be2cbd9480fcbd60c3011ca57f1d761185cf52bd""]",1.0,1.0,1.0,True,0.0,12288,True,1
"[""refactor""]","[""refactor""]",0.7662105057388544,"[""8f1034b79f894b4b1112a4bc1903f37f22f7f5ed""]",1.0,1.0,1.0,True,0.0,12288,True,1
"[""docs""]","[""docs""]",0.8315072320401669,"[""16124286236edf03a6199720ba1629a35e3fe1aa""]",1.0,1.0,1.0,True,0.0,12288,True,1
"[""test""]","[""test""]",0.6349545940756798,"[""cdbc37711fa9c64b2cfa767766ca55c95c1736f7""]",1.0,1.0,1.0,True,0.0,12288,True,1
"[""ci""]","[""ci""]",0.9650828572921455,"[""5ebfebf86e60aae2610eb0ed84d177d53cd75f9d""]",1.0,1.0,1.0,True,0.0,12288,True,1
"[""feat""]","[""feat""]",1.4572484460659325,"[""ded26d768ff432ad3bde3c0aa1e95ce50726100a""]",1.0,1.0,1.0,True,0.0,12288,True,1
"[""build"", ""refactor""]","[""build""]",0.9470168151892722,"[""f46c6c6c26a14312aa05a77ff2a14aebd74e13ac""]",0.5,1.0,0.6666666666666666,False,0.14285714285714285,12288,True,1
"[""feat""]","[""feat""]",1.0250953393988311,"[""bea32587586ca08f390c901a95e9b9c25263f4df""]",1.0,1.0,1.0,True,0.0,12288,True,1
"[""docs""]","[""docs""]",0.8531983336433768,"[""26994fb090d4ed0daf9b8ba960b4690fac08e340""]",1.0,1.0,1.0,True,0.0,12288,True,1
"[""fix"", ""test""]","[""fix""]",1.4387111579999328,"[""80242b34468398e835e5b3fc5ac345dbae4bcc7e""]",0.5,1.0,0.6666666666666666,False,0.14285714285714285,12288,True,1
"[""build""]","[""refactor""]",0.7718719989061356,"[""f9447355b93d67961c4a6b04bde3e83a394458ab""]",0.0,0.0,0.0,False,0.2857142857142857,12288,True,1
"[""ci""]","[""ci""]",0.8149933922104537,"[""8fe29cdc76480adc79701e4c492ff1e87566f569""]",1.0,1.0,1.0,True,0.0,12288,True,1
"[""docs"", ""build""]","[""build""]",0.907269521150738,"[""4542d9973a848a2bd4f9baf12992efe7d7a69f2c""]",0.5,1.0,0.6666666666666666,False,0.14285714285714285,12288,True,1
"[""test""]","[""test""]",0.6296848757192492,"[""e053bb5190b033d4edb35a0718d3c414ae366431""]",1.0,1.0,1.0,True,0.0,12288,True,1
"[""docs"", ""fix"", ""test""]","[""docs"", ""refactor""]",1.5766255087219179,"[""144388439d64e049cbed4e37659e819856d6987f"", ""5748ff57ebafe94c4979eafa790d9a84812ca440""]",0.3333333333333333,0.5,0.4,False,0.42857142857142855,12288,True,2
"[""docs"", ""build"", ""test""]","[""build"", ""test""]",1.1490809498354793,"[""4542d9973a848a2bd4f9baf12992efe7d7a69f2c"", ""1f663cbe4b4a9e7a0ae89c05f824335f2a0857fd""]",0.6666666666666666,1.0,0.8,False,0.14285714285714285,12288,True,2
"[""feat"", ""fix"", ""test"", ""docs""]","[""feat"", ""fix""]",2.4855235600844026,"[""6f0cf049caa1a7982669ee685e86621452686551"", ""238ba1990ea68eb64bdfc6b31efebad2acb01ad6""]",0.5,1.0,0.6666666666666666,False,0.2857142857142857,12288,True,2
"[""ci"", ""docs""]","[""ci"", ""docs""]",2.576274705119431,"[""6f5b1103c0893d13b42f1f7c6504c9c339840be3"", ""01e1e33f377934099a4a725fab5cd6c5ff50eaa2""]",1.0,1.0,1.0,True,0.0,12288,True,2
"[""feat"", ""ci""]","[""ci"", ""feat""]",1.1742354822345078,"[""6f5b1103c0893d13b42f1f7c6504c9c339840be3"", ""73211952964a79d97b434dd567e6d7d34be7feb5""]",1.0,1.0,1.0,True,0.0,12288,True,2
"[""build"", ""test""]","[""build"", ""refactor""]",2.8432917590253055,"[""1ad3f41f28d2faa5229ee88b54d673275cc31036"", ""72e3eed599b3a3dd154575af344ac3e5c62dd07b""]",0.5,0.5,0.5,False,0.2857142857142857,12288,True,2
"[""fix"", ""test""]","[""fix"", ""test""]",1.834480072837323,"[""0d43299ccee2b2e018fae24896c45d8d8be66bc6"", ""24a815b90437dbd962b5ff449f0b5146df835545""]",1.0,1.0,1.0,True,0.0,12288,True,2
"[""feat"", ""refactor"", ""test""]","[""feat"", ""refactor""]",1.7051010839641094,"[""3730075261bc81df68f9d10f12a2d6bbffd8493c"", ""0e4ede620dd9a2cdc13ab9cc6da05577b39fddb8""]",0.6666666666666666,1.0,0.8,False,0.14285714285714285,12288,True,2
"[""build"", ""docs""]","[""build"", ""docs""]",2.424311111215502,"[""b7e38fb62aa6e8a30d72dec063b1adccd089d0aa"", ""eb51316cdfdc7258d287ba13b67ef2f42bd2b8f6""]",1.0,1.0,1.0,True,0.0,12288,True,2
"[""ci"", ""fix""]","[""ci"", ""fix""]",0.6796377217397094,"[""6f5b1103c0893d13b42f1f7c6504c9c339840be3"", ""be2cbd9480fcbd60c3011ca57f1d761185cf52bd""]",1.0,1.0,1.0,True,0.0,12288,True,2
"[""fix"", ""test""]","[""fix"", ""test""]",1.0741087142378092,"[""b131f5d67076b97b3186c820760df839bf796ad5"", ""2a7c6f5c0b1c966d6a5d103de1978a61c141648a""]",1.0,1.0,1.0,True,0.0,12288,True,2
"[""build"", ""docs""]","[""build"", ""docs""]",1.0990248247981071,"[""45bbdaba1490a3216decb2c1a88b8f7041a3d505"", ""16124286236edf03a6199720ba1629a35e3fe1aa""]",1.0,1.0,1.0,True,0.0,12288,True,2
"[""feat""]","[""feat"", ""refactor""]",1.0853905151598155,"[""d61bf50f77b404e660a6e5aa9e9bc4ce415e8c18"", ""ee4bf61fb8836e249fb4ef3507dc938e70696b3f""]",1.0,0.5,0.6666666666666666,False,0.14285714285714285,12288,True,2
"[""build"", ""test""]","[""ci"", ""test""]",2.70239535626024,"[""bda1822851d9be04f0d39f2213d1e2066eb115c8"", ""90a48c74f6faa0829d3809f739a42c0133e63ae0""]",0.5,0.5,0.5,False,0.2857142857142857,12288,True,2
"[""ci"", ""build"", ""refactor""]","[""ci"", ""refactor""]",1.3421970680356026,"[""be44bbdeb52c6025e81c99528ed7b0d932c5be18"", ""0e4ede620dd9a2cdc13ab9cc6da05577b39fddb8""]",0.6666666666666666,1.0,0.8,False,0.14285714285714285,12288,True,2
"[""refactor"", ""test"", ""docs"", ""feat""]","[""docs"", ""feat""]",3.526044748723507,"[""0105a4ee47706d9b3aa8f22d0a75585a498731ec"", ""3709e392924aba3542514ce35bd681adca39e8ac""]",0.5,1.0,0.6666666666666666,False,0.2857142857142857,12288,True,2
"[""build"", ""test""]","[""build"", ""test""]",1.1683401810005307,"[""fd2b7a18dca63b51f4ba5de6b2e4ad2b825e735d"", ""24a815b90437dbd962b5ff449f0b5146df835545""]",1.0,1.0,1.0,True,0.0,12288,True,2
"[""ci"", ""fix"", ""test""]","[""ci"", ""fix""]",1.2408489789813757,"[""bda1822851d9be04f0d39f2213d1e2066eb115c8"", ""238ba1990ea68eb64bdfc6b31efebad2acb01ad6""]",0.6666666666666666,1.0,0.8,False,0.14285714285714285,12288,True,2
"[""feat"", ""fix"", ""refactor"", ""docs"", ""test"", ""ci"", ""build""]","[""feat"", ""test""]",2.0278504248708487,"[""6b473cbdc5997af47c56a2a74f5b64da6d4c2ad7"", ""cdbc37711fa9c64b2cfa767766ca55c95c1736f7""]",0.2857142857142857,1.0,0.4444444444444445,False,0.7142857142857143,12288,True,2
"[""docs"", ""fix""]","[""docs"", ""refactor""]",2.7053586868569255,"[""af5ec2005504bbd836a54bfb2df0b7f6cf15f314"", ""4597f158c45a1f996ad217236d88edab69c29b22""]",0.5,0.5,0.5,False,0.2857142857142857,12288,True,2
"[""build"", ""fix""]","[""build"", ""fix""]",1.0150304762646556,"[""ecc481f9f501aa34b41e06e7bbdde6e79f8ca1bb"", ""45b386aa3f06bce06f5e03fbde0aa52c4051c8bc""]",1.0,1.0,1.0,True,0.0,12288,True,2
"[""refactor"", ""test""]","[""refactor"", ""test""]",1.5923525928519666,"[""3a86f49b725c0f66b5f04f80547042636135b49c"", ""3c812f916e06a53b899e9e3dd79760b475fa4b87""]",1.0,1.0,1.0,True,0.0,12288,True,2
"[""feat"", ""build""]","[""ci"", ""feat""]",2.529980734921992,"[""bda1822851d9be04f0d39f2213d1e2066eb115c8"", ""ba60e126299ad057772b5516d9ab390e770f1301""]",0.5,0.5,0.5,False,0.2857142857142857,12288,True,2
"[""build"", ""docs""]","[""build"", ""docs""]",1.265772643033415,"[""0f38960851ac0fd159727d5dffb36f50268eec18"", ""a4290c7be832aaac894f9b4e69837f0eb13d9287""]",1.0,1.0,1.0,True,0.0,12288,True,2
"[""ci"", ""refactor"", ""docs""]","[""ci"", ""fix""]",1.3236677390523255,"[""0984951701c34c08392b87082824dcebc379b4e7"", ""2b1ad9d10fc5685ec75f362a73229569f03344ca""]",0.3333333333333333,0.5,0.4,False,0.42857142857142855,12288,True,2
"[""feat"", ""fix"", ""refactor"", ""docs"", ""test"", ""ci"", ""build""]","[""build"", ""docs""]",1.7345077730715275,"[""b0866f62417f56bdd5a46e8f14278af79efc4d76"", ""fc9af4d0b93d69be4e201ffb18da04324e8a4a87""]",0.2857142857142857,1.0,0.4444444444444445,False,0.7142857142857143,12288,True,2
"[""feat"", ""test"", ""ci""]","[""feat"", ""test""]",1.5316027803346515,"[""3730075261bc81df68f9d10f12a2d6bbffd8493c"", ""076b9f5efc109b481074a81957e24ce9f4a69f08""]",0.6666666666666666,1.0,0.8,False,0.14285714285714285,12288,True,2
"[""fix"", ""refactor"", ""test""]","[""fix"", ""refactor""]",3.896233094856143,"[""0d43299ccee2b2e018fae24896c45d8d8be66bc6"", ""536872b735334929f25bf70d052e739166355160""]",0.6666666666666666,1.0,0.8,False,0.14285714285714285,12288,True,2
"[""feat"", ""refactor"", ""test"", ""docs""]","[""feat"", ""refactor""]",2.5769417118281126,"[""a51716d5ac3f7aabe1428a5a6d79c6b863463ff6"", ""3a86f49b725c0f66b5f04f80547042636135b49c""]",0.5,1.0,0.6666666666666666,False,0.2857142857142857,12288,True,2
"[""build"", ""refactor""]","[""build"", ""fix""]",1.09371536411345,"[""f46c6c6c26a14312aa05a77ff2a14aebd74e13ac"", ""3f71e37ef9bfdbc0aea89863ae3d75c0c7e4a53d""]",0.5,0.5,0.5,False,0.2857142857142857,12288,True,2
"[""ci"", ""build"", ""fix""]","[""ci"", ""test""]",1.14541632309556,"[""be44bbdeb52c6025e81c99528ed7b0d932c5be18"", ""076b9f5efc109b481074a81957e24ce9f4a69f08""]",0.3333333333333333,0.5,0.4,False,0.42857142857142855,12288,True,2
"[""docs"", ""test""]","[""docs"", ""test""]",2.432128923945129,"[""eb51316cdfdc7258d287ba13b67ef2f42bd2b8f6"", ""625cbbca0d92b8756eac6fcacc795d90527d8975""]",1.0,1.0,1.0,True,0.0,12288,True,2
"[""fix"", ""test"", ""docs""]","[""fix"", ""refactor""]",3.190006664954126,"[""f2ac6e30644848f0c5c36057d1f55551fb70952f"", ""4be836f5655fb5356fde5ddd7437125f8574705d""]",0.3333333333333333,0.5,0.4,False,0.42857142857142855,12288,True,2
"[""docs"", ""feat""]","[""docs"", ""feat""]",3.0708701531402767,"[""cb1f48b56ae0de93acb72e48726c7d610a1d538e"", ""bea32587586ca08f390c901a95e9b9c25263f4df""]",1.0,1.0,1.0,True,0.0,12288,True,2
"[""build"", ""test""]","[""build"", ""ci""]",1.1366664581000805,"[""454003841aabeb74396d73541378bfa59c75b5db"", ""bda1822851d9be04f0d39f2213d1e2066eb115c8""]",0.5,0.5,0.5,False,0.2857142857142857,12288,True,2
"[""docs"", ""test""]","[""docs"", ""test""]",1.0497871967963874,"[""16124286236edf03a6199720ba1629a35e3fe1aa"", ""076b9f5efc109b481074a81957e24ce9f4a69f08""]",1.0,1.0,1.0,True,0.0,12288,True,2
"[""build"", ""feat"", ""test""]","[""build"", ""refactor""]",1.654415745753795,"[""ecc481f9f501aa34b41e06e7bbdde6e79f8ca1bb"", ""5748ff57ebafe94c4979eafa790d9a84812ca440""]",0.3333333333333333,0.5,0.4,False,0.42857142857142855,12288,True,2
"[""feat""]","[""feat"", ""fix""]",1.156858969014138,"[""73211952964a79d97b434dd567e6d7d34be7feb5"", ""be2cbd9480fcbd60c3011ca57f1d761185cf52bd""]",1.0,0.5,0.6666666666666666,False,0.14285714285714285,12288,True,2
"[""ci"", ""test""]","[""ci"", ""test""]",1.0726149049587548,"[""db2dbc13d7da2ae85cd3206d330be8ed0ebe1b2c"", ""6c7398993bc567ec84e4573b6ededbf50b1ef606""]",1.0,1.0,1.0,True,0.0,12288,True,2
"[""feat"", ""fix"", ""refactor"", ""docs"", ""test"", ""ci"", ""build""]","[""build"", ""fix""]",1.7744788960553706,"[""4ab28fc2e63e975a0c77e18ae644f34fa5f8771a"", ""b131f5d67076b97b3186c820760df839bf796ad5""]",0.2857142857142857,1.0,0.4444444444444445,False,0.7142857142857143,12288,True,2
"[""feat"", ""refactor""]","[""feat"", ""refactor""]",2.825852831825614,"[""73211952964a79d97b434dd567e6d7d34be7feb5"", ""78971fd68d7dc5c8e6811b4520cdc54e4188f733""]",1.0,1.0,1.0,True,0.0,12288,True,2
"[""ci"", ""docs""]","[""ci"", ""docs""]",0.8864545952528715,"[""6f5b1103c0893d13b42f1f7c6504c9c339840be3"", ""9849430b11b92ae58d94cfe4d0b06313c7eab550""]",1.0,1.0,1.0,True,0.0,12288,True,2
"[""docs"", ""feat""]","[""docs"", ""feat""]",1.1008821027353406,"[""26994fb090d4ed0daf9b8ba960b4690fac08e340"", ""15b8e4bc9349ce017f65e10b95cae48b0aa11828""]",1.0,1.0,1.0,True,0.0,12288,True,2
"[""feat"", ""fix"", ""refactor"", ""docs"", ""test"", ""ci"", ""build""]","[""build"", ""fix""]",1.429225005209446,"[""2d4d735d94386f5045e3b3abc022c2edcdfaef8f"", ""eb9f7b24364e86d7bcf50bb23b62c743cf5526f6""]",0.2857142857142857,1.0,0.4444444444444445,False,0.7142857142857143,12288,True,2
"[""ci"", ""build"", ""test""]","[""ci"", ""test""]",1.2362003801390529,"[""14f535655d39847a85d0193559c9c0010357ba77"", ""6c7398993bc567ec84e4573b6ededbf50b1ef606""]",0.6666666666666666,1.0,0.8,False,0.14285714285714285,12288,True,2
"[""fix"", ""refactor""]","[""fix"", ""refactor""]",0.9534265692345798,"[""b131f5d67076b97b3186c820760df839bf796ad5"", ""2900e67189ec09a35fa61f3f17d386f4eb23f9bd""]",1.0,1.0,1.0,True,0.0,12288,True,2
"[""ci"", ""test"", ""refactor""]","[""ci"", ""test""]",1.0038748877122998,"[""b7b9c23698e7238eda26a1135018625181badd82"", ""1f663cbe4b4a9e7a0ae89c05f824335f2a0857fd""]",0.6666666666666666,1.0,0.8,False,0.14285714285714285,12288,True,2
"[""feat"", ""fix"", ""refactor"", ""docs"", ""test"", ""ci"", ""build""]","[""docs"", ""refactor""]",2.657310964073986,"[""e9358fb4955396bfc3340418c77cbce4fa6123ee"", ""cc9df62b0b41e84da275cf6ddcb06126628713b7""]",0.2857142857142857,1.0,0.4444444444444445,False,0.7142857142857143,12288,True,2
"[""feat"", ""ci""]","[""build"", ""feat""]",1.7983074779622257,"[""88129ee45b1d49bc4ff887f3b488464cc7097e29"", ""b7191a24b71cce2b7260d60de26ac8161546110e""]",0.5,0.5,0.5,False,0.2857142857142857,12288,True,2
"[""feat"", ""build""]","[""build"", ""feat""]",1.324372427072376,"[""b7e38fb62aa6e8a30d72dec063b1adccd089d0aa"", ""73211952964a79d97b434dd567e6d7d34be7feb5""]",1.0,1.0,1.0,True,0.0,12288,True,2
"[""refactor"", ""test"", ""build""]","[""refactor"", ""test""]",1.5338993649929762,"[""7e84797900f1b6f61e16d8a4766b8209673a7acb"", ""8ee0611fbf0cd89abe7ae588f22e6ecb843598ea""]",0.6666666666666666,1.0,0.8,False,0.14285714285714285,12288,True,2
"[""ci"", ""build"", ""refactor"", ""fix""]","[""ci"", ""fix""]",1.186832694336772,"[""b7b9c23698e7238eda26a1135018625181badd82"", ""c4d9e5023fa0f88ba283b37da27677ceda1cbfbb""]",0.5,1.0,0.6666666666666666,False,0.2857142857142857,12288,True,2
"[""feat"", ""docs"", ""test""]","[""docs"", ""test""]",1.4338296158239245,"[""af82c2c910c9b5d3dd68de30c59a9e169a8934a5"", ""6c7398993bc567ec84e4573b6ededbf50b1ef606""]",0.6666666666666666,1.0,0.8,False,0.14285714285714285,12288,True,2
"[""ci"", ""refactor""]","[""ci"", ""refactor""]",0.824485010933131,"[""b7b9c23698e7238eda26a1135018625181badd82"", ""879edb6ed90f88b9ae6a3c2e8878ae1be48e0c88""]",1.0,1.0,1.0,True,0.0,12288,True,2
"[""build"", ""docs""]","[""build"", ""docs""]",0.8008951810188591,"[""0f38960851ac0fd159727d5dffb36f50268eec18"", ""e0177c25e13812306aab0b0991562d58b6d14767""]",1.0,1.0,1.0,True,0.0,12288,True,2
"[""ci"", ""feat"", ""fix""]","[""feat"", ""fix""]",1.6306806169450283,"[""ebaa20ea3f02e25f78c52cae208017a898cb6c13"", ""f9f309d1f4ef1917a89e867e6ba4c3f8d5b24d48""]",0.6666666666666666,1.0,0.8,False,0.14285714285714285,12288,True,2
"[""docs"", ""refactor"", ""build""]","[""docs"", ""fix""]",1.163884149864316,"[""b8a664c1b10f4e30a3e221a14211a3cdaf90b7f4"", ""ccd1946a375e2ac10c3c591b04a435c4bc5170c2""]",0.3333333333333333,0.5,0.4,False,0.42857142857142855,12288,True,2
"[""feat"", ""test"", ""build""]","[""feat"", ""test""]",3.6882835011929274,"[""1f15f71e415ba49b21684c7a3a51c8e3faaa7cf3"", ""f87659953e9af59bc7cb314a22dd076d988ef607""]",0.6666666666666666,1.0,0.8,False,0.14285714285714285,12288,True,2
"[""build"", ""ci""]","[""build"", ""ci""]",0.906329310964793,"[""b7e38fb62aa6e8a30d72dec063b1adccd089d0aa"", ""6f5b1103c0893d13b42f1f7c6504c9c339840be3""]",1.0,1.0,1.0,True,0.0,12288,True,2
"[""refactor"", ""test"", ""docs""]","[""docs"", ""refactor""]",3.262980430852622,"[""0105a4ee47706d9b3aa8f22d0a75585a498731ec"", ""6ed4690834161e1d250dfb0b46cd05bf07c1bb39""]",0.6666666666666666,1.0,0.8,False,0.14285714285714285,12288,True,2
"[""ci"", ""build"", ""fix""]","[""ci"", ""fix""]",1.1480947267264128,"[""db55dae208e4807898e6c747cefdf9bfcb4fd08c"", ""c4d9e5023fa0f88ba283b37da27677ceda1cbfbb""]",0.6666666666666666,1.0,0.8,False,0.14285714285714285,12288,True,2
"[""build"", ""test""]","[""build"", ""test""]",2.973338086158037,"[""ecc481f9f501aa34b41e06e7bbdde6e79f8ca1bb"", ""3c04162664b130c9486cba54afc16b6e57c779d1""]",1.0,1.0,1.0,True,0.0,12288,True,2
"[""feat"", ""fix"", ""refactor"", ""docs"", ""test"", ""ci"", ""build""]","[""feat"", ""refactor""]",2.2027861471287906,"[""8b9176b44bb01a1eef497a403b0304bc389c9aee"", ""5748ff57ebafe94c4979eafa790d9a84812ca440""]",0.2857142857142857,1.0,0.4444444444444445,False,0.7142857142857143,12288,True,2
"[""feat"", ""refactor"", ""build""]","[""build"", ""feat""]",3.0697466619312763,"[""f46c6c6c26a14312aa05a77ff2a14aebd74e13ac"", ""d82c76e667c01567382e3ebeb13125c5d0064324""]",0.6666666666666666,1.0,0.8,False,0.14285714285714285,12288,True,2
"[""refactor"", ""test""]","[""refactor"", ""test""]",2.596452919766307,"[""211de26da358601056dd922d63f832433d7a693b"", ""1f663cbe4b4a9e7a0ae89c05f824335f2a0857fd""]",1.0,1.0,1.0,True,0.0,12288,True,2
"[""ci"", ""docs""]","[""ci"", ""docs""]",0.961069171782583,"[""8d2e23bde626eaed6e5b13384cc7ac38bab5ea66"", ""036a0ff49a7dade0e04c9c07071a1ff49133ee24""]",1.0,1.0,1.0,True,0.0,12288,True,2
"[""docs"", ""fix""]","[""docs"", ""fix""]",2.3772951238788664,"[""01e536c6eb273f533ac7bb1a51c4954128de2c63"", ""6849b9066f5d95b9e54c67046cfa136cf0d88b27""]",1.0,1.0,1.0,True,0.0,12288,True,2
"[""fix"", ""test""]","[""fix"", ""test""]",1.6306363185867667,"[""3e85aa17418f6fd2e6e32f9e55fdf7a9d8fcea9d"", ""f87659953e9af59bc7cb314a22dd076d988ef607""]",1.0,1.0,1.0,True,0.0,12288,True,2
"[""docs"", ""build"", ""ci"", ""refactor""]","[""build"", ""ci""]",1.3235485828481615,"[""4542d9973a848a2bd4f9baf12992efe7d7a69f2c"", ""b7b9c23698e7238eda26a1135018625181badd82""]",0.5,1.0,0.6666666666666666,False,0.2857142857142857,12288,True,2
"[""feat"", ""refactor"", ""test""]","[""feat"", ""refactor""]",2.013724846765399,"[""9025fe7e99ae76c1426be68dc80f09e235631a80"", ""3f173b8b7ce54371db277879673b3202edeb2d93""]",0.6666666666666666,1.0,0.8,False,0.14285714285714285,12288,True,2
"[""feat"", ""build"", ""ci""]","[""build"", ""feat"", ""refactor""]",2.466717978939414,"[""37b1cbfd3d2c462ef4f2a131e4172c38dc8d9ddf"", ""542f0cad5337de15428f0b6567ce4efd20a19a48"", ""7adece9931eaef6aaf603b5567829bbdcb28f2d1""]",0.6666666666666666,0.6666666666666666,0.6666666666666666,False,0.2857142857142857,12288,True,3
"[""ci"", ""docs"", ""test""]","[""ci"", ""docs"", ""test""]",2.171498348005116,"[""6f5b1103c0893d13b42f1f7c6504c9c339840be3"", ""eb51316cdfdc7258d287ba13b67ef2f42bd2b8f6"", ""625cbbca0d92b8756eac6fcacc795d90527d8975""]",1.0,1.0,1.0,True,0.0,12288,True,3
"[""feat"", ""test"", ""build"", ""ci""]","[""feat"", ""fix"", ""test""]",1.7463509463705122,"[""3730075261bc81df68f9d10f12a2d6bbffd8493c"", ""ccd1946a375e2ac10c3c591b04a435c4bc5170c2"", ""076b9f5efc109b481074a81957e24ce9f4a69f08""]",0.5,0.6666666666666666,0.5714285714285715,False,0.42857142857142855,12288,True,3
"[""docs"", ""build"", ""ci"", ""refactor""]","[""build"", ""ci"", ""fix""]",1.5770947840064764,"[""4542d9973a848a2bd4f9baf12992efe7d7a69f2c"", ""b7b9c23698e7238eda26a1135018625181badd82"", ""73b8948ea1d49e05ae8c63b17926eda4cb04e9bb""]",0.5,0.6666666666666666,0.5714285714285715,False,0.42857142857142855,12288,True,3
"[""ci"", ""build"", ""refactor"", ""docs""]","[""ci"", ""docs"", ""refactor""]",1.6951858471147716,"[""14f535655d39847a85d0193559c9c0010357ba77"", ""7f611e4208d0cc36c635eb0641a4b3258999ae8d"", ""d55088c612b1108ef566ec47e40fb8d1050f7451""]",0.75,1.0,0.8571428571428571,False,0.14285714285714285,12288,True,3
"[""feat"", ""fix"", ""refactor"", ""docs"", ""test"", ""ci"", ""build""]","[""docs"", ""fix"", ""refactor""]",2.7994825821369886,"[""e9358fb4955396bfc3340418c77cbce4fa6123ee"", ""d5d3753c221e5164874ee99f1c6959f03fce0725"", ""7292fc7d387d83379aedf93558451bfa254acb6f""]",0.42857142857142855,1.0,0.6,False,0.5714285714285714,12288,True,3
"[""feat"", ""build"", ""test""]","[""build"", ""feat"", ""test""]",2.5732283513061702,"[""afafb9a32b164df33754a36547ee134b8fbe374a"", ""293f301a4bb248799c467d1fef413ed3909f47a4"", ""24a815b90437dbd962b5ff449f0b5146df835545""]",1.0,1.0,1.0,True,0.0,12288,True,3
"[""ci"", ""build"", ""refactor""]","[""ci"", ""fix"", ""refactor""]",1.440128426067531,"[""be44bbdeb52c6025e81c99528ed7b0d932c5be18"", ""ccd1946a375e2ac10c3c591b04a435c4bc5170c2"", ""0e4ede620dd9a2cdc13ab9cc6da05577b39fddb8""]",0.6666666666666666,0.6666666666666666,0.6666666666666666,False,0.2857142857142857,12288,True,3
"[""feat"", ""docs"", ""build""]","[""build"", ""docs"", ""feat""]",2.639607625082135,"[""b7e38fb62aa6e8a30d72dec063b1adccd089d0aa"", ""eb51316cdfdc7258d287ba13b67ef2f42bd2b8f6"", ""73211952964a79d97b434dd567e6d7d34be7feb5""]",1.0,1.0,1.0,True,0.0,12288,True,3
"[""docs"", ""build"", ""fix"", ""test""]","[""build"", ""fix"", ""test""]",1.5309767629951239,"[""4542d9973a848a2bd4f9baf12992efe7d7a69f2c"", ""73b8948ea1d49e05ae8c63b17926eda4cb04e9bb"", ""1f663cbe4b4a9e7a0ae89c05f824335f2a0857fd""]",0.75,1.0,0.8571428571428571,False,0.14285714285714285,12288,True,3
"[""build"", ""refactor"", ""test""]","[""ci"", ""refactor"", ""test""]",1.689354281872511,"[""bda1822851d9be04f0d39f2213d1e2066eb115c8"", ""b98a8fed0b67b99ef4f8373aea904f847315e468"", ""b7e2330fa3a8d7b8a9bff01b707c44e64b845c7b""]",0.6666666666666666,0.6666666666666666,0.6666666666666666,False,0.2857142857142857,12288,True,3
"[""feat"", ""fix"", ""refactor"", ""docs"", ""test"", ""ci"", ""build""]","[""docs"", ""feat"", ""test""]",3.8995469780638814,"[""fd849bd08363df60dbc8b9b6d55bac4f5ace88f4"", ""b7191a24b71cce2b7260d60de26ac8161546110e"", ""11ffd5174bd61a2939ae58d2b2d43284302ae490""]",0.42857142857142855,1.0,0.6,False,0.5714285714285714,12288,True,3
"[""ci"", ""build"", ""docs"", ""refactor""]","[""ci"", ""docs"", ""refactor""]",1.6455260082148015,"[""be44bbdeb52c6025e81c99528ed7b0d932c5be18"", ""16124286236edf03a6199720ba1629a35e3fe1aa"", ""0e4ede620dd9a2cdc13ab9cc6da05577b39fddb8""]",0.75,1.0,0.8571428571428571,False,0.14285714285714285,12288,True,3
"[""build"", ""feat"", ""fix""]","[""build"", ""feat"", ""fix""]",1.774424095172435,"[""ecc481f9f501aa34b41e06e7bbdde6e79f8ca1bb"", ""8b9176b44bb01a1eef497a403b0304bc389c9aee"", ""cc6408b88246f20c62884a5892a6276baf7c3920""]",1.0,1.0,1.0,True,0.0,12288,True,3
"[""docs"", ""refactor"", ""test""]","[""docs"", ""fix"", ""test""]",1.341116621159017,"[""12257ce53f94dc902df4ba087de90f52d2840ad4"", ""2b1ad9d10fc5685ec75f362a73229569f03344ca"", ""6c7398993bc567ec84e4573b6ededbf50b1ef606""]",0.6666666666666666,0.6666666666666666,0.6666666666666666,False,0.2857142857142857,12288,True,3
"[""build"", ""ci"", ""docs"", ""refactor"", ""test""]","[""build"", ""ci"", ""refactor""]",1.8563278429210186,"[""b7e38fb62aa6e8a30d72dec063b1adccd089d0aa"", ""6f5b1103c0893d13b42f1f7c6504c9c339840be3"", ""3550066c886bf253df376f303a60ed475ac42aaa""]",0.6,1.0,0.7499999999999999,False,0.2857142857142857,12288,True,3
"[""feat"", ""refactor"", ""build""]","[""build"", ""feat"", ""refactor""]",2.757553393021226,"[""b7e38fb62aa6e8a30d72dec063b1adccd089d0aa"", ""73211952964a79d97b434dd567e6d7d34be7feb5"", ""8da0303bc02db5fe047cfc0631a9da41d9dc60f7""]",1.0,1.0,1.0,True,0.0,12288,True,3
"[""build"", ""docs"", ""feat"", ""test""]","[""ci"", ""feat"", ""test""]",2.7505627698265016,"[""bda1822851d9be04f0d39f2213d1e2066eb115c8"", ""988dda23984894cea097d64646196e8d6196d6b6"", ""90a48c74f6faa0829d3809f739a42c0133e63ae0""]",0.5,0.6666666666666666,0.5714285714285715,False,0.42857142857142855,12288,True,3
"[""build"", ""docs"", ""fix""]","[""build"", ""docs"", ""fix""]",1.2376892771571875,"[""ecc481f9f501aa34b41e06e7bbdde6e79f8ca1bb"", ""144388439d64e049cbed4e37659e819856d6987f"", ""45b386aa3f06bce06f5e03fbde0aa52c4051c8bc""]",1.0,1.0,1.0,True,0.0,12288,True,3
"[""docs"", ""fix"", ""test""]","[""docs"", ""fix"", ""test""]",2.1745159779675305,"[""af5ec2005504bbd836a54bfb2df0b7f6cf15f314"", ""f9f309d1f4ef1917a89e867e6ba4c3f8d5b24d48"", ""3c812f916e06a53b899e9e3dd79760b475fa4b87""]",1.0,1.0,1.0,True,0.0,12288,True,3
"[""ci"", ""build"", ""test"", ""feat"", ""refactor""]","[""ci"", ""feat"", ""refactor""]",2.143662968184799,"[""be44bbdeb52c6025e81c99528ed7b0d932c5be18"", ""3730075261bc81df68f9d10f12a2d6bbffd8493c"", ""0e4ede620dd9a2cdc13ab9cc6da05577b39fddb8""]",0.6,1.0,0.7499999999999999,False,0.2857142857142857,12288,True,3
"[""build"", ""docs"", ""fix""]","[""build"", ""docs"", ""fix""]",1.8101750067435205,"[""ecc481f9f501aa34b41e06e7bbdde6e79f8ca1bb"", ""ee7cc5d5a940fba774e715b1f029c6361110b108"", ""cc6408b88246f20c62884a5892a6276baf7c3920""]",1.0,1.0,1.0,True,0.0,12288,True,3
"[""feat"", ""docs"", ""test"", ""refactor""]","[""feat"", ""refactor"", ""test""]",1.539362549316138,"[""a84d6715a4df12cc0ee9aa6f2596ce3b04353958"", ""e8a8edadc5c25d6410462b89a48e0602e0cbbc7f"", ""e77f6751182595fe08940d67e11a90416c8dd6fd""]",0.75,1.0,0.8571428571428571,False,0.14285714285714285,12288,True,3
"[""ci"", ""docs"", ""feat""]","[""ci"", ""docs"", ""feat""]",2.511606211774051,"[""200aca9f3d1253e4e28e79464da19b701aba777e"", ""2fdecc045fdb509832a758e45412c115fa03e8e8"", ""8a954673531d6935f5517535b9068639ed5cff0d""]",1.0,1.0,1.0,True,0.0,12288,True,3
"[""ci"", ""refactor"", ""test""]","[""ci"", ""fix"", ""test""]",1.2774300980381668,"[""e7ecc8763152ed6f89dbf4a6f313c276549eb0b7"", ""2b1ad9d10fc5685ec75f362a73229569f03344ca"", ""6c7398993bc567ec84e4573b6ededbf50b1ef606""]",0.6666666666666666,0.6666666666666666,0.6666666666666666,False,0.2857142857142857,12288,True,3
"[""build"", ""ci"", ""refactor""]","[""build"", ""ci"", ""refactor""]",1.4850425459444523,"[""45bbdaba1490a3216decb2c1a88b8f7041a3d505"", ""be44bbdeb52c6025e81c99528ed7b0d932c5be18"", ""0e4ede620dd9a2cdc13ab9cc6da05577b39fddb8""]",1.0,1.0,1.0,True,0.0,12288,True,3
"[""build"", ""ci"", ""fix"", ""test""]","[""build"", ""fix"", ""refactor""]",1.3146107401698828,"[""37b1cbfd3d2c462ef4f2a131e4172c38dc8d9ddf"", ""9db124c65f291a1524ed2e7db1c04a7020eaed80"", ""e2b7c0ea44b9c958f66d0cbd59fec597008f4793""]",0.5,0.6666666666666666,0.5714285714285715,False,0.42857142857142855,12288,True,3
"[""docs"", ""ci"", ""build"", ""test""]","[""docs"", ""feat"", ""test""]",1.8247138997539878,"[""6ffb9ffff014c8184f6c84a02854e348f2679636"", ""ebaa20ea3f02e25f78c52cae208017a898cb6c13"", ""3c812f916e06a53b899e9e3dd79760b475fa4b87""]",0.5,0.6666666666666666,0.5714285714285715,False,0.42857142857142855,12288,True,3
"[""ci"", ""docs"", ""refactor""]","[""ci"", ""docs"", ""fix""]",1.1961404420435429,"[""cb5634329ca9f3eaa72bb3dede79913ca8283b1b"", ""2b01808ec86fe9d8b4a93141a1b7f95e11fd6010"", ""2b1ad9d10fc5685ec75f362a73229569f03344ca""]",0.6666666666666666,0.6666666666666666,0.6666666666666666,False,0.2857142857142857,12288,True,3
"[""ci"", ""test"", ""build"", ""fix"", ""refactor""]","[""build"", ""refactor"", ""test""]",2.0157790686935186,"[""e0a977b2d316e7612b5d72cb02cd7d78e75dbc55"", ""72e3eed599b3a3dd154575af344ac3e5c62dd07b"", ""e77f6751182595fe08940d67e11a90416c8dd6fd""]",0.6,1.0,0.7499999999999999,False,0.2857142857142857,12288,True,3
"[""feat"", ""test"", ""build""]","[""build"", ""feat"", ""fix""]",1.6578063261695206,"[""45bbdaba1490a3216decb2c1a88b8f7041a3d505"", ""3730075261bc81df68f9d10f12a2d6bbffd8493c"", ""ccd1946a375e2ac10c3c591b04a435c4bc5170c2""]",0.6666666666666666,0.6666666666666666,0.6666666666666666,False,0.2857142857142857,12288,True,3
"[""ci"", ""build"", ""refactor"", ""test""]","[""ci"", ""refactor"", ""test""]",1.5753563391044736,"[""be44bbdeb52c6025e81c99528ed7b0d932c5be18"", ""0e4ede620dd9a2cdc13ab9cc6da05577b39fddb8"", ""076b9f5efc109b481074a81957e24ce9f4a69f08""]",0.75,1.0,0.8571428571428571,False,0.14285714285714285,12288,True,3
"[""feat"", ""fix"", ""refactor"", ""docs"", ""test"", ""ci"", ""build""]","[""docs"", ""feat"", ""refactor""]",2.1271453741937876,"[""9849430b11b92ae58d94cfe4d0b06313c7eab550"", ""73211952964a79d97b434dd567e6d7d34be7feb5"", ""adc34a26803e2b02df0ddc0739d73cd0b6216e00""]",0.42857142857142855,1.0,0.6,False,0.5714285714285714,12288,True,3
"[""feat"", ""refactor"", ""test"", ""docs""]","[""docs"", ""feat"", ""fix""]",2.6918654828332365,"[""036a0ff49a7dade0e04c9c07071a1ff49133ee24"", ""4a4c7afca7e1beadd4b213214074fdb420eb0923"", ""a81bbb83d64867f08c4d1be10919ef6806a1bf51""]",0.5,0.6666666666666666,0.5714285714285715,False,0.42857142857142855,12288,True,3
"[""build"", ""ci"", ""fix""]","[""build"", ""ci"", ""test""]",1.2788398740813136,"[""45bbdaba1490a3216decb2c1a88b8f7041a3d505"", ""be44bbdeb52c6025e81c99528ed7b0d932c5be18"", ""076b9f5efc109b481074a81957e24ce9f4a69f08""]",0.6666666666666666,0.6666666666666666,0.6666666666666666,False,0.2857142857142857,12288,True,3
"[""ci"", ""test"", ""docs"", ""refactor""]","[""ci"", ""docs"", ""fix""]",2.15954096801579,"[""d03e345c52d1e66fe51395c701bef1c6dc3a54c0"", ""3f0ae7cf819776124d7aae792800fb9730a593a9"", ""2b1ad9d10fc5685ec75f362a73229569f03344ca""]",0.5,0.6666666666666666,0.5714285714285715,False,0.42857142857142855,12288,True,3
"[""feat"", ""build"", ""ci""]","[""build"", ""feat"", ""test""]",2.1583271301351488,"[""37b1cbfd3d2c462ef4f2a131e4172c38dc8d9ddf"", ""542f0cad5337de15428f0b6567ce4efd20a19a48"", ""422940e3d7ef6850acda0be349865d737476dd10""]",0.6666666666666666,0.6666666666666666,0.6666666666666666,False,0.2857142857142857,12288,True,3
"[""feat"", ""refactor"", ""test"", ""docs""]","[""docs"", ""feat"", ""refactor""]",3.440320577006787,"[""0105a4ee47706d9b3aa8f22d0a75585a498731ec"", ""3709e392924aba3542514ce35bd681adca39e8ac"", ""cd7e8c3d3549ea05115b3f02586eeba894d86906""]",0.75,1.0,0.8571428571428571,False,0.14285714285714285,12288,True,3
"[""test"", ""ci"", ""build""]","[""fix"", ""refactor"", ""test""]",1.5733658950775862,"[""974e033a3ca7484290a04201ee33856a25da0942"", ""1918d339b8e3738df83d73e1decb31b5209ee8db"", ""69a394e7ff6243457685a28911b79e47f981278c""]",0.3333333333333333,0.3333333333333333,0.3333333333333333,False,0.5714285714285714,12288,True,3
"[""feat"", ""fix"", ""refactor"", ""docs"", ""test"", ""ci"", ""build""]","[""build"", ""ci"", ""fix""]",2.4425043421797454,"[""bfe32bf10e9b6d699f694fbd095af0b3f2e6275f"", ""bda1822851d9be04f0d39f2213d1e2066eb115c8"", ""80242b34468398e835e5b3fc5ac345dbae4bcc7e""]",0.42857142857142855,1.0,0.6,False,0.5714285714285714,12288,True,3
"[""docs"", ""feat"", ""refactor""]","[""docs"", ""feat"", ""refactor""]",2.3907303819432855,"[""01e536c6eb273f533ac7bb1a51c4954128de2c63"", ""15b8e4bc9349ce017f65e10b95cae48b0aa11828"", ""e8a8edadc5c25d6410462b89a48e0602e0cbbc7f""]",1.0,1.0,1.0,True,0.0,12288,True,3
"[""build"", ""ci"", ""test""]","[""build"", ""ci"", ""test""]",1.0339371650479734,"[""b7e38fb62aa6e8a30d72dec063b1adccd089d0aa"", ""6f5b1103c0893d13b42f1f7c6504c9c339840be3"", ""625cbbca0d92b8756eac6fcacc795d90527d8975""]",1.0,1.0,1.0,True,0.0,12288,True,3
"[""feat"", ""fix"", ""refactor"", ""docs"", ""test"", ""ci"", ""build""]","[""build"", ""feat"", ""fix""]",2.2822733861394227,"[""bfe32bf10e9b6d699f694fbd095af0b3f2e6275f"", ""ecf865f2fef03093adedf065d1732b2386a0df40"", ""238ba1990ea68eb64bdfc6b31efebad2acb01ad6""]",0.42857142857142855,1.0,0.6,False,0.5714285714285714,12288,True,3
"[""docs"", ""refactor"", ""test""]","[""docs"", ""refactor"", ""test""]",2.21846130117774,"[""01e1e33f377934099a4a725fab5cd6c5ff50eaa2"", ""adc34a26803e2b02df0ddc0739d73cd0b6216e00"", ""625cbbca0d92b8756eac6fcacc795d90527d8975""]",1.0,1.0,1.0,True,0.0,12288,True,3
"[""ci"", ""build"", ""docs"", ""test""]","[""ci"", ""docs"", ""test""]",1.3675786037929356,"[""be44bbdeb52c6025e81c99528ed7b0d932c5be18"", ""b8a664c1b10f4e30a3e221a14211a3cdaf90b7f4"", ""076b9f5efc109b481074a81957e24ce9f4a69f08""]",0.75,1.0,0.8571428571428571,False,0.14285714285714285,12288,True,3
"[""feat"", ""fix"", ""refactor"", ""docs"", ""test"", ""ci"", ""build""]","[""build"", ""ci"", ""feat""]",2.290338335093111,"[""45bbdaba1490a3216decb2c1a88b8f7041a3d505"", ""be44bbdeb52c6025e81c99528ed7b0d932c5be18"", ""3730075261bc81df68f9d10f12a2d6bbffd8493c""]",0.42857142857142855,1.0,0.6,False,0.5714285714285714,12288,True,3
"[""fix"", ""test"", ""build""]","[""fix"", ""refactor"", ""test""]",1.6950971959158778,"[""238ba1990ea68eb64bdfc6b31efebad2acb01ad6"", ""d4d8bdd3a0a5cec993735abc2e8cc2feff8eae27"", ""cd2bfb9b2298e8cd91013808547b35a9c40f46f1""]",0.6666666666666666,0.6666666666666666,0.6666666666666666,False,0.2857142857142857,12288,True,3
"[""docs"", ""build"", ""refactor""]","[""docs"", ""fix"", ""refactor""]",1.4822945431806147,"[""16124286236edf03a6199720ba1629a35e3fe1aa"", ""ccd1946a375e2ac10c3c591b04a435c4bc5170c2"", ""0e4ede620dd9a2cdc13ab9cc6da05577b39fddb8""]",0.6666666666666666,0.6666666666666666,0.6666666666666666,False,0.2857142857142857,12288,True,3
"[""feat"", ""build"", ""ci""]","[""build"", ""ci"", ""feat""]",1.4940748941153288,"[""b7e38fb62aa6e8a30d72dec063b1adccd089d0aa"", ""6f5b1103c0893d13b42f1f7c6504c9c339840be3"", ""73211952964a79d97b434dd567e6d7d34be7feb5""]",1.0,1.0,1.0,True,0.0,12288,True,3
"[""docs"", ""feat"", ""test""]","[""docs"", ""feat"", ""test""]",2.3908630800433457,"[""8dfd2af29bf784b242992ee9ec0fbc85753b063c"", ""8a954673531d6935f5517535b9068639ed5cff0d"", ""6c7398993bc567ec84e4573b6ededbf50b1ef606""]",1.0,1.0,1.0,True,0.0,12288,True,3
"[""build"", ""ci"", ""refactor""]","[""build"", ""ci"", ""fix""]",1.3420360693708062,"[""45bbdaba1490a3216decb2c1a88b8f7041a3d505"", ""be44bbdeb52c6025e81c99528ed7b0d932c5be18"", ""ccd1946a375e2ac10c3c591b04a435c4bc5170c2""]",0.6666666666666666,0.6666666666666666,0.6666666666666666,False,0.2857142857142857,12288,True,3
"[""build"", ""feat"", ""refactor""]","[""build"", ""feat"", ""refactor""]",1.2364714359864593,"[""0f38960851ac0fd159727d5dffb36f50268eec18"", ""1ae8bf1195b197daa80ba6e45360f8b894364cd4"", ""336b25f3ae9da5d972304662fcdb88f4719c721d""]",1.0,1.0,1.0,True,0.0,12288,True,3
"[""ci"", ""docs"", ""refactor""]","[""ci"", ""docs"", ""refactor""]",3.442195016425103,"[""6f5b1103c0893d13b42f1f7c6504c9c339840be3"", ""eb51316cdfdc7258d287ba13b67ef2f42bd2b8f6"", ""d357640fab55e5964fe83efc3c771e53aa3222fd""]",1.0,1.0,1.0,True,0.0,12288,True,3
"[""ci"", ""build"", ""test"", ""fix""]","[""feat"", ""fix"", ""test""]",1.7900515692308545,"[""ebaa20ea3f02e25f78c52cae208017a898cb6c13"", ""dc50bd35462a49058c91a939fc8830ae7a9eb692"", ""3c812f916e06a53b899e9e3dd79760b475fa4b87""]",0.5,0.6666666666666666,0.5714285714285715,False,0.42857142857142855,12288,True,3
"[""build"", ""docs"", ""refactor""]","[""build"", ""docs"", ""refactor""]",1.8866990059614182,"[""0f38960851ac0fd159727d5dffb36f50268eec18"", ""dfab97842fe78fb8f217a5185fb6ec92682a53ca"", ""f85974761be11e0ecc85575bc4b6d5a02e438fd2""]",1.0,1.0,1.0,True,0.0,12288,True,3
"[""ci"", ""feat"", ""test""]","[""ci"", ""fix"", ""test""]",1.3452690038830042,"[""8d2e23bde626eaed6e5b13384cc7ac38bab5ea66"", ""f9d9f859240c6f7e78b0303ea40e46622d42bc3c"", ""cdbc37711fa9c64b2cfa767766ca55c95c1736f7""]",0.6666666666666666,0.6666666666666666,0.6666666666666666,False,0.2857142857142857,12288,True,3
"[""build"", ""fix"", ""test""]","[""build"", ""fix"", ""test""]",1.1249785828404129,"[""b7e38fb62aa6e8a30d72dec063b1adccd089d0aa"", ""be2cbd9480fcbd60c3011ca57f1d761185cf52bd"", ""625cbbca0d92b8756eac6fcacc795d90527d8975""]",1.0,1.0,1.0,True,0.0,12288,True,3
"[""feat"", ""fix"", ""refactor"", ""docs"", ""test"", ""ci"", ""build""]","[""ci"", ""feat"", ""refactor""]",2.7048474331386387,"[""bda1822851d9be04f0d39f2213d1e2066eb115c8"", ""9114362b39f5194209cd0b330af7076333f3db77"", ""fba4326c72fc22d81aba6976a9fef1e4b6154fd9""]",0.42857142857142855,1.0,0.6,False,0.5714285714285714,12288,True,3
"[""ci"", ""docs"", ""refactor"", ""feat"", ""build"", ""test""]","[""ci"", ""docs"", ""feat""]",2.7647310798056424,"[""8d2e23bde626eaed6e5b13384cc7ac38bab5ea66"", ""527e0abd0f88cb3ae2dc1a6ec7a62c241250444d"", ""bbb6ee10de824f2e3259576ac01768640c884279""]",0.5,1.0,0.6666666666666666,False,0.42857142857142855,12288,True,3
"[""feat"", ""fix"", ""refactor"", ""docs"", ""test"", ""ci"", ""build""]","[""docs"", ""refactor"", ""test""]",2.708796054124832,"[""e9358fb4955396bfc3340418c77cbce4fa6123ee"", ""eb8a8d3fc493ff8a20b19c9efac8f112ae9f5762"", ""4464cf5e89d5e570c20267d09fb1fa2b7ef66b93""]",0.42857142857142855,1.0,0.6,False,0.5714285714285714,12288,True,3
"[""build"", ""ci"", ""fix""]","[""build"", ""ci"", ""fix""]",1.0056450297124684,"[""b7e38fb62aa6e8a30d72dec063b1adccd089d0aa"", ""6f5b1103c0893d13b42f1f7c6504c9c339840be3"", ""be2cbd9480fcbd60c3011ca57f1d761185cf52bd""]",1.0,1.0,1.0,True,0.0,12288,True,3
"[""feat"", ""fix"", ""refactor"", ""docs"", ""test"", ""ci"", ""build""]","[""docs"", ""feat"", ""refactor""]",3.169861308299005,"[""e9358fb4955396bfc3340418c77cbce4fa6123ee"", ""3709e392924aba3542514ce35bd681adca39e8ac"", ""cd7e8c3d3549ea05115b3f02586eeba894d86906""]",0.42857142857142855,1.0,0.6,False,0.5714285714285714,12288,True,3
"[""build"", ""fix"", ""test""]","[""build"", ""fix"", ""test""]",1.4314831788651645,"[""4ab28fc2e63e975a0c77e18ae644f34fa5f8771a"", ""b131f5d67076b97b3186c820760df839bf796ad5"", ""2a7c6f5c0b1c966d6a5d103de1978a61c141648a""]",1.0,1.0,1.0,True,0.0,12288,True,3
"[""feat"", ""fix"", ""refactor"", ""docs"", ""test"", ""ci"", ""build""]","[""docs"", ""feat"", ""refactor""]",2.368441594298929,"[""b8a664c1b10f4e30a3e221a14211a3cdaf90b7f4"", ""3730075261bc81df68f9d10f12a2d6bbffd8493c"", ""0e4ede620dd9a2cdc13ab9cc6da05577b39fddb8""]",0.42857142857142855,1.0,0.6,False,0.5714285714285714,12288,True,3
"[""ci"", ""fix"", ""test""]","[""build"", ""fix"", ""test""]",2.3391339839436114,"[""37b1cbfd3d2c462ef4f2a131e4172c38dc8d9ddf"", ""c1d3b58fd20995b1b9ca4e6771e3fa375242b02d"", ""82c47c7165a28f311cd40e132a6c24f6a7c82d4b""]",0.6666666666666666,0.6666666666666666,0.6666666666666666,False,0.2857142857142857,12288,True,3
"[""feat"", ""fix"", ""refactor"", ""docs"", ""test"", ""ci"", ""build""]","[""ci"", ""feat"", ""refactor""]",2.585982672870159,"[""bda1822851d9be04f0d39f2213d1e2066eb115c8"", ""9114362b39f5194209cd0b330af7076333f3db77"", ""d4d8bdd3a0a5cec993735abc2e8cc2feff8eae27""]",0.42857142857142855,1.0,0.6,False,0.5714285714285714,12288,True,3
"[""feat"", ""fix"", ""refactor"", ""docs"", ""test"", ""ci"", ""build""]","[""build"", ""docs"", ""fix""]",2.1323329540900886,"[""2d4d735d94386f5045e3b3abc022c2edcdfaef8f"", ""cc553ae68766395e9f253379ddd7cf664d7befa1"", ""eb9f7b24364e86d7bcf50bb23b62c743cf5526f6""]",0.42857142857142855,1.0,0.6,False,0.5714285714285714,12288,True,3
"[""ci"", ""docs"", ""test""]","[""ci"", ""docs"", ""test""]",1.5722487238235772,"[""87d576e936e234d0429ad753267a2760c5dfd314"", ""2fdecc045fdb509832a758e45412c115fa03e8e8"", ""6c7398993bc567ec84e4573b6ededbf50b1ef606""]",1.0,1.0,1.0,True,0.0,12288,True,3
"[""build"", ""test""]","[""build"", ""ci"", ""test""]",1.4852638361044228,"[""454003841aabeb74396d73541378bfa59c75b5db"", ""bda1822851d9be04f0d39f2213d1e2066eb115c8"", ""cd2bfb9b2298e8cd91013808547b35a9c40f46f1""]",1.0,0.6666666666666666,0.8,False,0.14285714285714285,12288,True,3
"[""feat"", ""fix"", ""refactor"", ""docs"", ""test"", ""ci"", ""build""]","[""feat"", ""fix"", ""refactor""]",3.0424030870199203,"[""482442ecc1aaf981895a36c367abbd377fd93891"", ""80242b34468398e835e5b3fc5ac345dbae4bcc7e"", ""fba4326c72fc22d81aba6976a9fef1e4b6154fd9""]",0.42857142857142855,1.0,0.6,False,0.5714285714285714,12288,True,3
"[""feat"", ""fix"", ""refactor"", ""docs"", ""test"", ""ci"", ""build""]","[""build"", ""fix"", ""refactor"", ""test""]",2.090864941943437,"[""45bbdaba1490a3216decb2c1a88b8f7041a3d505"", ""ccd1946a375e2ac10c3c591b04a435c4bc5170c2"", ""0e4ede620dd9a2cdc13ab9cc6da05577b39fddb8"", ""076b9f5efc109b481074a81957e24ce9f4a69f08""]",0.5714285714285714,1.0,0.7272727272727273,False,0.42857142857142855,12288,True,4
"[""feat"", ""docs"", ""ci"", ""refactor""]","[""ci"", ""docs"", ""feat"", ""refactor""]",2.7870719730854034,"[""6f5b1103c0893d13b42f1f7c6504c9c339840be3"", ""01e1e33f377934099a4a725fab5cd6c5ff50eaa2"", ""73211952964a79d97b434dd567e6d7d34be7feb5"", ""7d6f760a91b55967972bbd1b972307624e876805""]",1.0,1.0,1.0,True,0.0,12288,True,4
"[""feat"", ""fix"", ""refactor"", ""docs"", ""test"", ""ci"", ""build""]","[""build"", ""ci"", ""docs"", ""test""]",2.0503204138949513,"[""45bbdaba1490a3216decb2c1a88b8f7041a3d505"", ""be44bbdeb52c6025e81c99528ed7b0d932c5be18"", ""16124286236edf03a6199720ba1629a35e3fe1aa"", ""076b9f5efc109b481074a81957e24ce9f4a69f08""]",0.5714285714285714,1.0,0.7272727272727273,False,0.42857142857142855,12288,True,4
"[""feat"", ""fix"", ""refactor"", ""docs"", ""test"", ""ci"", ""build""]","[""feat"", ""fix"", ""refactor"", ""test""]",2.7157524372451007,"[""a84d6715a4df12cc0ee9aa6f2596ce3b04353958"", ""6849b9066f5d95b9e54c67046cfa136cf0d88b27"", ""3e0e30ecebaf23f0c36fa4811426f8f4e0057cfe"", ""e77f6751182595fe08940d67e11a90416c8dd6fd""]",0.5714285714285714,1.0,0.7272727272727273,False,0.42857142857142855,12288,True,4
"[""feat"", ""fix"", ""build"", ""test""]","[""build"", ""ci"", ""feat"", ""fix""]",2.8608152819797397,"[""b8dfd5a2f39b4768cf070aeb9d09364577c626f9"", ""bda1822851d9be04f0d39f2213d1e2066eb115c8"", ""6f0cf049caa1a7982669ee685e86621452686551"", ""80242b34468398e835e5b3fc5ac345dbae4bcc7e""]",0.75,0.75,0.75,False,0.2857142857142857,12288,True,4
"[""feat"", ""fix"", ""refactor"", ""docs"", ""test"", ""ci"", ""build""]","[""ci"", ""docs"", ""feat"", ""test""]",2.3304466898553073,"[""be44bbdeb52c6025e81c99528ed7b0d932c5be18"", ""b8a664c1b10f4e30a3e221a14211a3cdaf90b7f4"", ""3730075261bc81df68f9d10f12a2d6bbffd8493c"", ""076b9f5efc109b481074a81957e24ce9f4a69f08""]",0.5714285714285714,1.0,0.7272727272727273,False,0.42857142857142855,12288,True,4
"[""build"", ""docs"", ""fix"", ""refactor""]","[""build"", ""docs"", ""fix"", ""refactor""]",2.790629289112985,"[""1ad3f41f28d2faa5229ee88b54d673275cc31036"", ""cc553ae68766395e9f253379ddd7cf664d7befa1"", ""6849b9066f5d95b9e54c67046cfa136cf0d88b27"", ""e8a8edadc5c25d6410462b89a48e0602e0cbbc7f""]",1.0,1.0,1.0,True,0.0,12288,True,4
"[""build"", ""ci"", ""docs"", ""refactor""]","[""build"", ""ci"", ""docs"", ""refactor""]",2.6682598600164056,"[""b7e38fb62aa6e8a30d72dec063b1adccd089d0aa"", ""6f5b1103c0893d13b42f1f7c6504c9c339840be3"", ""01e1e33f377934099a4a725fab5cd6c5ff50eaa2"", ""86f3e3397594f8312226c5a193608a054087805c""]",1.0,1.0,1.0,True,0.0,12288,True,4
"[""feat"", ""fix"", ""test"", ""build""]","[""ci"", ""feat"", ""fix"", ""test""]",2.6793248490430415,"[""bda1822851d9be04f0d39f2213d1e2066eb115c8"", ""482442ecc1aaf981895a36c367abbd377fd93891"", ""238ba1990ea68eb64bdfc6b31efebad2acb01ad6"", ""b7e2330fa3a8d7b8a9bff01b707c44e64b845c7b""]",0.75,0.75,0.75,False,0.2857142857142857,12288,True,4
"[""feat"", ""fix"", ""refactor"", ""docs"", ""test"", ""ci"", ""build""]","[""build"", ""docs"", ""feat"", ""refactor""]",3.0463030389510095,"[""b0866f62417f56bdd5a46e8f14278af79efc4d76"", ""fc9af4d0b93d69be4e201ffb18da04324e8a4a87"", ""a84d6715a4df12cc0ee9aa6f2596ce3b04353958"", ""3e0e30ecebaf23f0c36fa4811426f8f4e0057cfe""]",0.5714285714285714,1.0,0.7272727272727273,False,0.42857142857142855,12288,True,4
"[""feat"", ""fix"", ""build"", ""test""]","[""build"", ""feat"", ""fix"", ""test""]",2.406969271134585,"[""ecc481f9f501aa34b41e06e7bbdde6e79f8ca1bb"", ""8b9176b44bb01a1eef497a403b0304bc389c9aee"", ""cc6408b88246f20c62884a5892a6276baf7c3920"", ""87427fe39d165bee2acedde8dbaa237cca3fb61e""]",1.0,1.0,1.0,True,0.0,12288,True,4
"[""ci"", ""refactor"", ""test""]","[""ci"", ""fix"", ""refactor"", ""test""]",1.7349324920214713,"[""492a7ff9c3ecdc558759f09d836830e988a189d2"", ""2b1ad9d10fc5685ec75f362a73229569f03344ca"", ""d55088c612b1108ef566ec47e40fb8d1050f7451"", ""6c7398993bc567ec84e4573b6ededbf50b1ef606""]",1.0,0.75,0.8571428571428571,False,0.14285714285714285,12288,True,4
"[""ci"", ""docs"", ""refactor"", ""test""]","[""ci"", ""docs"", ""refactor"", ""test""]",1.393356205895543,"[""200aca9f3d1253e4e28e79464da19b701aba777e"", ""7f611e4208d0cc36c635eb0641a4b3258999ae8d"", ""8f1034b79f894b4b1112a4bc1903f37f22f7f5ed"", ""6c7398993bc567ec84e4573b6ededbf50b1ef606""]",1.0,1.0,1.0,True,0.0,12288,True,4
"[""feat"", ""fix"", ""refactor"", ""docs"", ""test"", ""ci"", ""build""]","[""build"", ""docs"", ""feat"", ""fix""]",2.185946041252464,"[""45bbdaba1490a3216decb2c1a88b8f7041a3d505"", ""b8a664c1b10f4e30a3e221a14211a3cdaf90b7f4"", ""3730075261bc81df68f9d10f12a2d6bbffd8493c"", ""ccd1946a375e2ac10c3c591b04a435c4bc5170c2""]",0.5714285714285714,1.0,0.7272727272727273,False,0.42857142857142855,12288,True,4
"[""build"", ""docs"", ""fix"", ""test""]","[""build"", ""docs"", ""fix"", ""test""]",2.3474469049833715,"[""ecc481f9f501aa34b41e06e7bbdde6e79f8ca1bb"", ""144388439d64e049cbed4e37659e819856d6987f"", ""45b386aa3f06bce06f5e03fbde0aa52c4051c8bc"", ""3c04162664b130c9486cba54afc16b6e57c779d1""]",1.0,1.0,1.0,True,0.0,12288,True,4
"[""feat"", ""refactor"", ""ci"", ""test""]","[""ci"", ""feat"", ""refactor"", ""test""]",2.3552750679664314,"[""6f5b1103c0893d13b42f1f7c6504c9c339840be3"", ""73211952964a79d97b434dd567e6d7d34be7feb5"", ""86f3e3397594f8312226c5a193608a054087805c"", ""625cbbca0d92b8756eac6fcacc795d90527d8975""]",1.0,1.0,1.0,True,0.0,12288,True,4
"[""feat"", ""build"", ""refactor"", ""test""]","[""build"", ""docs"", ""feat"", ""refactor""]",1.7133766170591116,"[""b7e38fb62aa6e8a30d72dec063b1adccd089d0aa"", ""9849430b11b92ae58d94cfe4d0b06313c7eab550"", ""73211952964a79d97b434dd567e6d7d34be7feb5"", ""adc34a26803e2b02df0ddc0739d73cd0b6216e00""]",0.75,0.75,0.75,False,0.2857142857142857,12288,True,4
"[""feat"", ""fix"", ""refactor"", ""docs"", ""test"", ""ci"", ""build""]","[""build"", ""ci"", ""fix"", ""refactor""]",2.2023075819015503,"[""bfe32bf10e9b6d699f694fbd095af0b3f2e6275f"", ""bda1822851d9be04f0d39f2213d1e2066eb115c8"", ""238ba1990ea68eb64bdfc6b31efebad2acb01ad6"", ""d4d8bdd3a0a5cec993735abc2e8cc2feff8eae27""]",0.5714285714285714,1.0,0.7272727272727273,False,0.42857142857142855,12288,True,4
"[""ci"", ""docs"", ""build"", ""refactor""]","[""ci"", ""docs"", ""fix"", ""test""]",1.5107395290397108,"[""be44bbdeb52c6025e81c99528ed7b0d932c5be18"", ""b8a664c1b10f4e30a3e221a14211a3cdaf90b7f4"", ""ccd1946a375e2ac10c3c591b04a435c4bc5170c2"", ""076b9f5efc109b481074a81957e24ce9f4a69f08""]",0.5,0.5,0.5,False,0.5714285714285714,12288,True,4
"[""feat"", ""build"", ""refactor"", ""docs""]","[""build"", ""docs"", ""feat"", ""refactor""]",2.062142019160092,"[""b7e38fb62aa6e8a30d72dec063b1adccd089d0aa"", ""9849430b11b92ae58d94cfe4d0b06313c7eab550"", ""73211952964a79d97b434dd567e6d7d34be7feb5"", ""eafee3c5c124ce0c71fd854270cea39cc273b27c""]",1.0,1.0,1.0,True,0.0,12288,True,4
"[""feat"", ""fix"", ""refactor"", ""docs"", ""test"", ""ci"", ""build""]","[""ci"", ""feat"", ""fix"", ""test""]",2.745876614935696,"[""492a7ff9c3ecdc558759f09d836830e988a189d2"", ""8a954673531d6935f5517535b9068639ed5cff0d"", ""2b1ad9d10fc5685ec75f362a73229569f03344ca"", ""6c7398993bc567ec84e4573b6ededbf50b1ef606""]",0.5714285714285714,1.0,0.7272727272727273,False,0.42857142857142855,12288,True,4
"[""feat"", ""docs"", ""test"", ""ci"", ""refactor""]","[""ci"", ""feat"", ""refactor"", ""test""]",2.256390978116542,"[""2e65145acb5a3d20d16203142c466da0e32729ba"", ""8a954673531d6935f5517535b9068639ed5cff0d"", ""8f1034b79f894b4b1112a4bc1903f37f22f7f5ed"", ""6c7398993bc567ec84e4573b6ededbf50b1ef606""]",0.8,1.0,0.888888888888889,False,0.14285714285714285,12288,True,4
"[""build"", ""docs"", ""fix""]","[""build"", ""docs"", ""fix"", ""refactor""]",1.9713506549596786,"[""b7e38fb62aa6e8a30d72dec063b1adccd089d0aa"", ""eb51316cdfdc7258d287ba13b67ef2f42bd2b8f6"", ""be2cbd9480fcbd60c3011ca57f1d761185cf52bd"", ""7f797e68d8f721dff9553ba0ba5616efc456ebb5""]",1.0,0.75,0.8571428571428571,False,0.14285714285714285,12288,True,4
"[""build"", ""ci"", ""docs"", ""feat"", ""fix"", ""test""]","[""build"", ""ci"", ""feat"", ""test""]",2.724798238836229,"[""b8dfd5a2f39b4768cf070aeb9d09364577c626f9"", ""bda1822851d9be04f0d39f2213d1e2066eb115c8"", ""988dda23984894cea097d64646196e8d6196d6b6"", ""7c48976f943e1e9b5850967b6f2963a205476ded""]",0.6666666666666666,1.0,0.8,False,0.2857142857142857,12288,True,4
"[""docs"", ""ci"", ""build"", ""refactor"", ""fix""]","[""docs"", ""feat"", ""fix"", ""refactor""]",2.954584482125938,"[""3a4e21c36d76b4bea8dbb365d3c3bd005a7f3f8f"", ""ebaa20ea3f02e25f78c52cae208017a898cb6c13"", ""d129eaf9125a967ac86c6c7276bbae6b4d50af36"", ""8a9a022baa15befc325f87892c6bdae25b35bc33""]",0.6,0.75,0.6666666666666665,False,0.42857142857142855,12288,True,4
"[""build"", ""ci"", ""docs"", ""test""]","[""build"", ""ci"", ""docs"", ""test""]",1.4972482100129128,"[""45bbdaba1490a3216decb2c1a88b8f7041a3d505"", ""be44bbdeb52c6025e81c99528ed7b0d932c5be18"", ""b8a664c1b10f4e30a3e221a14211a3cdaf90b7f4"", ""076b9f5efc109b481074a81957e24ce9f4a69f08""]",1.0,1.0,1.0,True,0.0,12288,True,4
"[""docs"", ""build"", ""ci"", ""fix"", ""refactor""]","[""build"", ""ci"", ""fix"", ""refactor""]",1.9248275831341743,"[""4542d9973a848a2bd4f9baf12992efe7d7a69f2c"", ""db55dae208e4807898e6c747cefdf9bfcb4fd08c"", ""73b8948ea1d49e05ae8c63b17926eda4cb04e9bb"", ""70a00973a07520959210219fcaba2a782d76f491""]",0.8,1.0,0.888888888888889,False,0.14285714285714285,12288,True,4
"[""docs"", ""feat"", ""test"", ""refactor""]","[""docs"", ""feat"", ""fix"", ""test""]",2.3564980858936906,"[""3f0ae7cf819776124d7aae792800fb9730a593a9"", ""8a954673531d6935f5517535b9068639ed5cff0d"", ""2b1ad9d10fc5685ec75f362a73229569f03344ca"", ""6c7398993bc567ec84e4573b6ededbf50b1ef606""]",0.75,0.75,0.75,False,0.2857142857142857,12288,True,4
"[""feat"", ""fix"", ""refactor"", ""docs"", ""test"", ""ci"", ""build""]","[""build"", ""feat"", ""fix"", ""test""]",2.3677401272580028,"[""45bbdaba1490a3216decb2c1a88b8f7041a3d505"", ""3730075261bc81df68f9d10f12a2d6bbffd8493c"", ""ccd1946a375e2ac10c3c591b04a435c4bc5170c2"", ""076b9f5efc109b481074a81957e24ce9f4a69f08""]",0.5714285714285714,1.0,0.7272727272727273,False,0.42857142857142855,12288,True,4
"[""ci"", ""feat"", ""docs"", ""fix""]","[""ci"", ""docs"", ""feat"", ""refactor""]",2.682095034979284,"[""bb00890fa896936d0be09cc5e5f411fb5e64aa5f"", ""af82c2c910c9b5d3dd68de30c59a9e169a8934a5"", ""8a954673531d6935f5517535b9068639ed5cff0d"", ""8f1034b79f894b4b1112a4bc1903f37f22f7f5ed""]",0.75,0.75,0.75,False,0.2857142857142857,12288,True,4
"[""feat"", ""fix"", ""refactor"", ""docs"", ""test"", ""ci"", ""build""]","[""build"", ""ci"", ""refactor"", ""test""]",2.134979510679841,"[""45bbdaba1490a3216decb2c1a88b8f7041a3d505"", ""be44bbdeb52c6025e81c99528ed7b0d932c5be18"", ""0e4ede620dd9a2cdc13ab9cc6da05577b39fddb8"", ""076b9f5efc109b481074a81957e24ce9f4a69f08""]",0.5714285714285714,1.0,0.7272727272727273,False,0.42857142857142855,12288,True,4
"[""ci"", ""docs"", ""fix"", ""test""]","[""ci"", ""docs"", ""fix"", ""test""]",2.0568268029019237,"[""6f5b1103c0893d13b42f1f7c6504c9c339840be3"", ""01e1e33f377934099a4a725fab5cd6c5ff50eaa2"", ""be2cbd9480fcbd60c3011ca57f1d761185cf52bd"", ""625cbbca0d92b8756eac6fcacc795d90527d8975""]",1.0,1.0,1.0,True,0.0,12288,True,4
"[""feat"", ""fix"", ""build""]","[""build"", ""feat"", ""fix"", ""refactor""]",1.6043373867869377,"[""4ab28fc2e63e975a0c77e18ae644f34fa5f8771a"", ""d61bf50f77b404e660a6e5aa9e9bc4ce415e8c18"", ""b131f5d67076b97b3186c820760df839bf796ad5"", ""905693129255e7208ca2ec63c6e07cce711047fd""]",1.0,0.75,0.8571428571428571,False,0.14285714285714285,12288,True,4
"[""ci"", ""build"", ""docs"", ""test"", ""feat""]","[""ci"", ""docs"", ""feat"", ""fix""]",2.017265168018639,"[""be44bbdeb52c6025e81c99528ed7b0d932c5be18"", ""b8a664c1b10f4e30a3e221a14211a3cdaf90b7f4"", ""3730075261bc81df68f9d10f12a2d6bbffd8493c"", ""ccd1946a375e2ac10c3c591b04a435c4bc5170c2""]",0.6,0.75,0.6666666666666665,False,0.42857142857142855,12288,True,4
"[""build"", ""docs"", ""fix"", ""test""]","[""build"", ""docs"", ""refactor"", ""test""]",3.0105789890512824,"[""ecc481f9f501aa34b41e06e7bbdde6e79f8ca1bb"", ""ee7cc5d5a940fba774e715b1f029c6361110b108"", ""5748ff57ebafe94c4979eafa790d9a84812ca440"", ""3c04162664b130c9486cba54afc16b6e57c779d1""]",0.75,0.75,0.75,False,0.2857142857142857,12288,True,4
"[""ci"", ""test"", ""build"", ""docs"", ""fix""]","[""build"", ""docs"", ""fix"", ""refactor""]",2.9856100627221167,"[""e0a977b2d316e7612b5d72cb02cd7d78e75dbc55"", ""01e536c6eb273f533ac7bb1a51c4954128de2c63"", ""6849b9066f5d95b9e54c67046cfa136cf0d88b27"", ""72e3eed599b3a3dd154575af344ac3e5c62dd07b""]",0.6,0.75,0.6666666666666665,False,0.42857142857142855,12288,True,4
"[""feat"", ""fix"", ""refactor"", ""docs"", ""test"", ""ci"", ""build""]","[""ci"", ""feat"", ""refactor"", ""test""]",2.814937514718622,"[""bda1822851d9be04f0d39f2213d1e2066eb115c8"", ""988dda23984894cea097d64646196e8d6196d6b6"", ""d4d8bdd3a0a5cec993735abc2e8cc2feff8eae27"", ""7c48976f943e1e9b5850967b6f2963a205476ded""]",0.5714285714285714,1.0,0.7272727272727273,False,0.42857142857142855,12288,True,4
"[""feat"", ""fix"", ""docs"", ""test""]","[""build"", ""docs"", ""feat"", ""test""]",1.5432236092165112,"[""b0866f62417f56bdd5a46e8f14278af79efc4d76"", ""969aa32659f6918cb0eeeba6b02d6485659dbdd2"", ""a84d6715a4df12cc0ee9aa6f2596ce3b04353958"", ""e77f6751182595fe08940d67e11a90416c8dd6fd""]",0.75,0.75,0.75,False,0.2857142857142857,12288,True,4
"[""feat"", ""fix"", ""build"", ""ci""]","[""build"", ""ci"", ""feat"", ""fix""]",1.674373596906662,"[""b7e38fb62aa6e8a30d72dec063b1adccd089d0aa"", ""6f5b1103c0893d13b42f1f7c6504c9c339840be3"", ""73211952964a79d97b434dd567e6d7d34be7feb5"", ""be2cbd9480fcbd60c3011ca57f1d761185cf52bd""]",1.0,1.0,1.0,True,0.0,12288,True,4
"[""docs"", ""refactor"", ""test""]","[""docs"", ""fix"", ""refactor"", ""test""]",1.8271570620127022,"[""2fdecc045fdb509832a758e45412c115fa03e8e8"", ""2b1ad9d10fc5685ec75f362a73229569f03344ca"", ""d55088c612b1108ef566ec47e40fb8d1050f7451"", ""6c7398993bc567ec84e4573b6ededbf50b1ef606""]",1.0,0.75,0.8571428571428571,False,0.14285714285714285,12288,True,4
"[""ci"", ""fix"", ""test""]","[""ci"", ""fix"", ""refactor"", ""test""]",1.1505191531032324,"[""6f5b1103c0893d13b42f1f7c6504c9c339840be3"", ""be2cbd9480fcbd60c3011ca57f1d761185cf52bd"", ""7f797e68d8f721dff9553ba0ba5616efc456ebb5"", ""625cbbca0d92b8756eac6fcacc795d90527d8975""]",1.0,0.75,0.8571428571428571,False,0.14285714285714285,12288,True,4
"[""feat"", ""fix"", ""refactor"", ""docs"", ""test"", ""ci"", ""build""]","[""build"", ""ci"", ""docs"", ""feat""]",2.5070977872237563,"[""45bbdaba1490a3216decb2c1a88b8f7041a3d505"", ""be44bbdeb52c6025e81c99528ed7b0d932c5be18"", ""16124286236edf03a6199720ba1629a35e3fe1aa"", ""3730075261bc81df68f9d10f12a2d6bbffd8493c""]",0.5714285714285714,1.0,0.7272727272727273,False,0.42857142857142855,12288,True,4
"[""feat"", ""fix"", ""refactor"", ""docs"", ""test"", ""ci"", ""build""]","[""feat"", ""fix"", ""refactor"", ""test""]",2.199491186067462,"[""5e09c9128f13c45d54df685b0a17dc8e3f7ff02c"", ""b131f5d67076b97b3186c820760df839bf796ad5"", ""731626ece358b9db69dceeeca91c94920b178bdd"", ""2a7c6f5c0b1c966d6a5d103de1978a61c141648a""]",0.5714285714285714,1.0,0.7272727272727273,False,0.42857142857142855,12288,True,4
"[""feat"", ""build"", ""ci"", ""docs""]","[""build"", ""ci"", ""docs"", ""feat""]",2.4959718328900635,"[""b7e38fb62aa6e8a30d72dec063b1adccd089d0aa"", ""6f5b1103c0893d13b42f1f7c6504c9c339840be3"", ""01e1e33f377934099a4a725fab5cd6c5ff50eaa2"", ""73211952964a79d97b434dd567e6d7d34be7feb5""]",1.0,1.0,1.0,True,0.0,12288,True,4
"[""ci"", ""docs"", ""refactor"", ""test""]","[""ci"", ""docs"", ""fix"", ""test""]",1.797338685952127,"[""8fe29cdc76480adc79701e4c492ff1e87566f569"", ""8dfd2af29bf784b242992ee9ec0fbc85753b063c"", ""2b1ad9d10fc5685ec75f362a73229569f03344ca"", ""6c7398993bc567ec84e4573b6ededbf50b1ef606""]",0.75,0.75,0.75,False,0.2857142857142857,12288,True,4
"[""feat"", ""build"", ""ci"", ""test"", ""docs"", ""refactor""]","[""build"", ""ci"", ""feat"", ""refactor""]",2.787421841174364,"[""b8dfd5a2f39b4768cf070aeb9d09364577c626f9"", ""bda1822851d9be04f0d39f2213d1e2066eb115c8"", ""6f0cf049caa1a7982669ee685e86621452686551"", ""b98a8fed0b67b99ef4f8373aea904f847315e468""]",0.6666666666666666,1.0,0.8,False,0.2857142857142857,12288,True,4
"[""build"", ""fix"", ""test""]","[""build"", ""docs"", ""fix"", ""test""]",1.0972455539740622,"[""b7e38fb62aa6e8a30d72dec063b1adccd089d0aa"", ""9849430b11b92ae58d94cfe4d0b06313c7eab550"", ""be2cbd9480fcbd60c3011ca57f1d761185cf52bd"", ""625cbbca0d92b8756eac6fcacc795d90527d8975""]",1.0,0.75,0.8571428571428571,False,0.14285714285714285,12288,True,4
"[""build"", ""docs"", ""fix"", ""test""]","[""build"", ""docs"", ""refactor"", ""test""]",2.470546600408852,"[""ecc481f9f501aa34b41e06e7bbdde6e79f8ca1bb"", ""ee7cc5d5a940fba774e715b1f029c6361110b108"", ""5748ff57ebafe94c4979eafa790d9a84812ca440"", ""87427fe39d165bee2acedde8dbaa237cca3fb61e""]",0.75,0.75,0.75,False,0.2857142857142857,12288,True,4
"[""feat"", ""fix"", ""refactor"", ""test"", ""ci"", ""build""]","[""ci"", ""feat"", ""fix"", ""refactor""]",2.383081558160484,"[""be44bbdeb52c6025e81c99528ed7b0d932c5be18"", ""3730075261bc81df68f9d10f12a2d6bbffd8493c"", ""ccd1946a375e2ac10c3c591b04a435c4bc5170c2"", ""0e4ede620dd9a2cdc13ab9cc6da05577b39fddb8""]",0.6666666666666666,1.0,0.8,False,0.2857142857142857,12288,True,4
"[""ci"", ""build"", ""refactor"", ""test""]","[""ci"", ""fix"", ""refactor"", ""test""]",2.0036548590287566,"[""14f535655d39847a85d0193559c9c0010357ba77"", ""2b1ad9d10fc5685ec75f362a73229569f03344ca"", ""d55088c612b1108ef566ec47e40fb8d1050f7451"", ""6c7398993bc567ec84e4573b6ededbf50b1ef606""]",0.75,0.75,0.75,False,0.2857142857142857,12288,True,4
"[""build"", ""fix"", ""feat"", ""test""]","[""build"", ""docs"", ""feat"", ""test""]",2.474729089997709,"[""f46c6c6c26a14312aa05a77ff2a14aebd74e13ac"", ""fd849bd08363df60dbc8b9b6d55bac4f5ace88f4"", ""7704121d0c0bfce49f01c2b41cbc64a642cbb399"", ""11ffd5174bd61a2939ae58d2b2d43284302ae490""]",0.75,0.75,0.75,False,0.2857142857142857,12288,True,4
"[""build"", ""test"", ""ci"", ""feat"", ""fix""]","[""build"", ""ci"", ""feat"", ""fix""]",2.6173364650458097,"[""454003841aabeb74396d73541378bfa59c75b5db"", ""bda1822851d9be04f0d39f2213d1e2066eb115c8"", ""ba60e126299ad057772b5516d9ab390e770f1301"", ""238ba1990ea68eb64bdfc6b31efebad2acb01ad6""]",0.8,1.0,0.888888888888889,False,0.14285714285714285,12288,True,4
"[""build"", ""docs"", ""test"", ""feat"", ""refactor""]","[""build"", ""docs"", ""feat"", ""refactor""]",2.358570854179561,"[""45bbdaba1490a3216decb2c1a88b8f7041a3d505"", ""16124286236edf03a6199720ba1629a35e3fe1aa"", ""3730075261bc81df68f9d10f12a2d6bbffd8493c"", ""0e4ede620dd9a2cdc13ab9cc6da05577b39fddb8""]",0.8,1.0,0.888888888888889,False,0.14285714285714285,12288,True,4
"[""docs"", ""fix"", ""refactor"", ""test""]","[""docs"", ""fix"", ""refactor"", ""test""]",1.6150126312859356,"[""f58567e01509e53afff5dc6f3b59aaae18398eda"", ""f0c5ace9b5c5b7ea55da8607524d6cb68c615455"", ""8a9a022baa15befc325f87892c6bdae25b35bc33"", ""3c812f916e06a53b899e9e3dd79760b475fa4b87""]",1.0,1.0,1.0,True,0.0,12288,True,4
"[""feat"", ""fix"", ""build"", ""test""]","[""build"", ""ci"", ""feat"", ""fix""]",2.4246173636056483,"[""b8dfd5a2f39b4768cf070aeb9d09364577c626f9"", ""bda1822851d9be04f0d39f2213d1e2066eb115c8"", ""ba60e126299ad057772b5516d9ab390e770f1301"", ""238ba1990ea68eb64bdfc6b31efebad2acb01ad6""]",0.75,0.75,0.75,False,0.2857142857142857,12288,True,4
"[""ci"", ""docs"", ""refactor"", ""build"", ""test""]","[""ci"", ""docs"", ""refactor"", ""test""]",1.8878329042345285,"[""be44bbdeb52c6025e81c99528ed7b0d932c5be18"", ""16124286236edf03a6199720ba1629a35e3fe1aa"", ""0e4ede620dd9a2cdc13ab9cc6da05577b39fddb8"", ""076b9f5efc109b481074a81957e24ce9f4a69f08""]",0.8,1.0,0.888888888888889,False,0.14285714285714285,12288,True,4
"[""feat"", ""test"", ""build"", ""refactor""]","[""build"", ""feat"", ""fix"", ""refactor""]",2.1276484872214496,"[""45bbdaba1490a3216decb2c1a88b8f7041a3d505"", ""3730075261bc81df68f9d10f12a2d6bbffd8493c"", ""ccd1946a375e2ac10c3c591b04a435c4bc5170c2"", ""0e4ede620dd9a2cdc13ab9cc6da05577b39fddb8""]",0.75,0.75,0.75,False,0.2857142857142857,12288,True,4
"[""ci"", ""docs"", ""build"", ""refactor""]","[""ci"", ""docs"", ""fix"", ""test""]",1.5827559577301145,"[""be44bbdeb52c6025e81c99528ed7b0d932c5be18"", ""16124286236edf03a6199720ba1629a35e3fe1aa"", ""ccd1946a375e2ac10c3c591b04a435c4bc5170c2"", ""076b9f5efc109b481074a81957e24ce9f4a69f08""]",0.5,0.5,0.5,False,0.5714285714285714,12288,True,4
"[""feat"", ""docs"", ""test"", ""ci"", ""fix""]","[""ci"", ""feat"", ""refactor"", ""test""]",2.2065963186323643,"[""4c44543a3d9eea37e90a2316717feb01c0e0d83a"", ""8a954673531d6935f5517535b9068639ed5cff0d"", ""8f1034b79f894b4b1112a4bc1903f37f22f7f5ed"", ""6c7398993bc567ec84e4573b6ededbf50b1ef606""]",0.6,0.75,0.6666666666666665,False,0.42857142857142855,12288,True,4
"[""build"", ""docs"", ""refactor"", ""test""]","[""build"", ""docs"", ""refactor"", ""test""]",1.841680329758674,"[""0f38960851ac0fd159727d5dffb36f50268eec18"", ""3ee672483790ec71c700907a6e93af4698492026"", ""f5e80f75ead760ad0810e2b8579a062ac20f5f37"", ""8ee0611fbf0cd89abe7ae588f22e6ecb843598ea""]",1.0,1.0,1.0,True,0.0,12288,True,4
"[""ci"", ""fix"", ""feat""]","[""ci"", ""docs"", ""feat"", ""fix""]",1.4972736379131675,"[""6f5b1103c0893d13b42f1f7c6504c9c339840be3"", ""9849430b11b92ae58d94cfe4d0b06313c7eab550"", ""73211952964a79d97b434dd567e6d7d34be7feb5"", ""be2cbd9480fcbd60c3011ca57f1d761185cf52bd""]",1.0,0.75,0.8571428571428571,False,0.14285714285714285,12288,True,4
"[""feat"", ""fix"", ""refactor"", ""docs"", ""test"", ""ci"", ""build""]","[""build"", ""ci"", ""feat"", ""test""]",2.4124394422397017,"[""45bbdaba1490a3216decb2c1a88b8f7041a3d505"", ""be44bbdeb52c6025e81c99528ed7b0d932c5be18"", ""3730075261bc81df68f9d10f12a2d6bbffd8493c"", ""076b9f5efc109b481074a81957e24ce9f4a69f08""]",0.5714285714285714,1.0,0.7272727272727273,False,0.42857142857142855,12288,True,4
"[""build"", ""docs"", ""refactor""]","[""build"", ""docs"", ""fix"", ""refactor""]",1.5411690073087811,"[""45bbdaba1490a3216decb2c1a88b8f7041a3d505"", ""b8a664c1b10f4e30a3e221a14211a3cdaf90b7f4"", ""ccd1946a375e2ac10c3c591b04a435c4bc5170c2"", ""0e4ede620dd9a2cdc13ab9cc6da05577b39fddb8""]",1.0,0.75,0.8571428571428571,False,0.14285714285714285,12288,True,4
"[""feat"", ""fix"", ""refactor"", ""docs"", ""test"", ""ci"", ""build""]","[""build"", ""feat"", ""fix"", ""refactor""]",2.8051769002340734,"[""37b1cbfd3d2c462ef4f2a131e4172c38dc8d9ddf"", ""542f0cad5337de15428f0b6567ce4efd20a19a48"", ""ab1e60a97c6d5c688dacbd23bca40cb8f20c4ac3"", ""7adece9931eaef6aaf603b5567829bbdcb28f2d1""]",0.5714285714285714,1.0,0.7272727272727273,False,0.42857142857142855,12288,True,4
"[""ci"", ""docs"", ""refactor"", ""test""]","[""ci"", ""docs"", ""fix"", ""test""]",1.5829813200980425,"[""e7ecc8763152ed6f89dbf4a6f313c276549eb0b7"", ""29ace62b722bbebf20f0ed2d3fef0910e0973a5a"", ""2b1ad9d10fc5685ec75f362a73229569f03344ca"", ""6c7398993bc567ec84e4573b6ededbf50b1ef606""]",0.75,0.75,0.75,False,0.2857142857142857,12288,True,4
"[""feat"", ""ci"", ""docs"", ""test""]","[""ci"", ""feat"", ""refactor"", ""test""]",2.5808186060748994,"[""6f5b1103c0893d13b42f1f7c6504c9c339840be3"", ""73211952964a79d97b434dd567e6d7d34be7feb5"", ""24760bc2613ed61c4552532907626e209c37b5e8"", ""625cbbca0d92b8756eac6fcacc795d90527d8975""]",0.75,0.75,0.75,False,0.2857142857142857,12288,True,4
"[""feat"", ""build"", ""test""]","[""build"", ""docs"", ""feat"", ""test""]",1.6104031349532306,"[""b7e38fb62aa6e8a30d72dec063b1adccd089d0aa"", ""9849430b11b92ae58d94cfe4d0b06313c7eab550"", ""73211952964a79d97b434dd567e6d7d34be7feb5"", ""625cbbca0d92b8756eac6fcacc795d90527d8975""]",1.0,0.75,0.8571428571428571,False,0.14285714285714285,12288,True,4
"[""build"", ""ci"", ""refactor""]","[""build"", ""ci"", ""fix"", ""refactor""]",1.5916119497269392,"[""45bbdaba1490a3216decb2c1a88b8f7041a3d505"", ""be44bbdeb52c6025e81c99528ed7b0d932c5be18"", ""ccd1946a375e2ac10c3c591b04a435c4bc5170c2"", ""0e4ede620dd9a2cdc13ab9cc6da05577b39fddb8""]",1.0,0.75,0.8571428571428571,False,0.14285714285714285,12288,True,4
"[""build"", ""docs"", ""fix"", ""test""]","[""build"", ""docs"", ""fix"", ""refactor""]",2.590538698248565,"[""ecc481f9f501aa34b41e06e7bbdde6e79f8ca1bb"", ""ee7cc5d5a940fba774e715b1f029c6361110b108"", ""cc6408b88246f20c62884a5892a6276baf7c3920"", ""5748ff57ebafe94c4979eafa790d9a84812ca440""]",0.75,0.75,0.75,False,0.2857142857142857,12288,True,4
"[""feat"", ""ci"", ""test""]","[""ci"", ""docs"", ""feat"", ""test""]",1.5651435791514814,"[""6f5b1103c0893d13b42f1f7c6504c9c339840be3"", ""9849430b11b92ae58d94cfe4d0b06313c7eab550"", ""73211952964a79d97b434dd567e6d7d34be7feb5"", ""625cbbca0d92b8756eac6fcacc795d90527d8975""]",1.0,0.75,0.8571428571428571,False,0.14285714285714285,12288,True,4
"[""feat"", ""fix"", ""refactor"", ""build"", ""ci""]","[""build"", ""ci"", ""feat"", ""fix"", ""refactor""]",2.241589385084808,"[""b7e38fb62aa6e8a30d72dec063b1adccd089d0aa"", ""6f5b1103c0893d13b42f1f7c6504c9c339840be3"", ""73211952964a79d97b434dd567e6d7d34be7feb5"", ""be2cbd9480fcbd60c3011ca57f1d761185cf52bd"", ""3cb4a48ebd15c20692f4f3a2a924284dc7fd5e10""]",1.0,1.0,1.0,True,0.0,12288,True,5
"[""feat"", ""fix"", ""refactor"", ""docs"", ""test"", ""ci"", ""build""]","[""build"", ""docs"", ""feat"", ""fix"", ""test""]",2.8091937862336636,"[""b7e38fb62aa6e8a30d72dec063b1adccd089d0aa"", ""01e1e33f377934099a4a725fab5cd6c5ff50eaa2"", ""73211952964a79d97b434dd567e6d7d34be7feb5"", ""be2cbd9480fcbd60c3011ca57f1d761185cf52bd"", ""625cbbca0d92b8756eac6fcacc795d90527d8975""]",0.7142857142857143,1.0,0.8333333333333333,False,0.2857142857142857,12288,True,5
"[""feat"", ""fix"", ""refactor"", ""docs"", ""test"", ""ci"", ""build""]","[""ci"", ""docs"", ""feat"", ""refactor"", ""test""]",2.7737463898956776,"[""6f5b1103c0893d13b42f1f7c6504c9c339840be3"", ""9849430b11b92ae58d94cfe4d0b06313c7eab550"", ""73211952964a79d97b434dd567e6d7d34be7feb5"", ""6f638a53c18a66979b89220c9945ef97e49571b3"", ""625cbbca0d92b8756eac6fcacc795d90527d8975""]",0.7142857142857143,1.0,0.8333333333333333,False,0.2857142857142857,12288,True,5
"[""feat"", ""fix"", ""refactor"", ""docs"", ""test"", ""ci"", ""build""]","[""build"", ""docs"", ""fix"", ""refactor"", ""test""]",2.474799802992493,"[""2d4d735d94386f5045e3b3abc022c2edcdfaef8f"", ""969aa32659f6918cb0eeeba6b02d6485659dbdd2"", ""eb9f7b24364e86d7bcf50bb23b62c743cf5526f6"", ""3e0e30ecebaf23f0c36fa4811426f8f4e0057cfe"", ""e77f6751182595fe08940d67e11a90416c8dd6fd""]",0.7142857142857143,1.0,0.8333333333333333,False,0.2857142857142857,12288,True,5
"[""feat"", ""fix"", ""refactor"", ""docs"", ""test"", ""ci"", ""build""]","[""build"", ""ci"", ""docs"", ""refactor"", ""test""]",2.293284456245601,"[""45bbdaba1490a3216decb2c1a88b8f7041a3d505"", ""be44bbdeb52c6025e81c99528ed7b0d932c5be18"", ""16124286236edf03a6199720ba1629a35e3fe1aa"", ""0e4ede620dd9a2cdc13ab9cc6da05577b39fddb8"", ""076b9f5efc109b481074a81957e24ce9f4a69f08""]",0.7142857142857143,1.0,0.8333333333333333,False,0.2857142857142857,12288,True,5
"[""ci"", ""feat"", ""docs"", ""refactor"", ""test""]","[""ci"", ""feat"", ""fix"", ""refactor"", ""test""]",2.7720053317025304,"[""bb00890fa896936d0be09cc5e5f411fb5e64aa5f"", ""8a954673531d6935f5517535b9068639ed5cff0d"", ""2b1ad9d10fc5685ec75f362a73229569f03344ca"", ""d55088c612b1108ef566ec47e40fb8d1050f7451"", ""6c7398993bc567ec84e4573b6ededbf50b1ef606""]",0.8,0.8,0.8000000000000002,False,0.2857142857142857,12288,True,5
"[""build"", ""ci"", ""docs"", ""feat"", ""test""]","[""build"", ""ci"", ""docs"", ""feat"", ""fix""]",2.1178782931528986,"[""45bbdaba1490a3216decb2c1a88b8f7041a3d505"", ""be44bbdeb52c6025e81c99528ed7b0d932c5be18"", ""16124286236edf03a6199720ba1629a35e3fe1aa"", ""3730075261bc81df68f9d10f12a2d6bbffd8493c"", ""ccd1946a375e2ac10c3c591b04a435c4bc5170c2""]",0.8,0.8,0.8000000000000002,False,0.2857142857142857,12288,True,5
"[""feat"", ""fix"", ""refactor"", ""docs"", ""test"", ""ci"", ""build""]","[""build"", ""ci"", ""feat"", ""refactor"", ""test""]",2.709006453398615,"[""45bbdaba1490a3216decb2c1a88b8f7041a3d505"", ""be44bbdeb52c6025e81c99528ed7b0d932c5be18"", ""3730075261bc81df68f9d10f12a2d6bbffd8493c"", ""0e4ede620dd9a2cdc13ab9cc6da05577b39fddb8"", ""076b9f5efc109b481074a81957e24ce9f4a69f08""]",0.7142857142857143,1.0,0.8333333333333333,False,0.2857142857142857,12288,True,5
"[""ci"", ""docs"", ""feat"", ""fix"", ""refactor""]","[""ci"", ""docs"", ""feat"", ""fix"", ""refactor""]",3.188914495985955,"[""6f5b1103c0893d13b42f1f7c6504c9c339840be3"", ""eb51316cdfdc7258d287ba13b67ef2f42bd2b8f6"", ""73211952964a79d97b434dd567e6d7d34be7feb5"", ""be2cbd9480fcbd60c3011ca57f1d761185cf52bd"", ""fd53cd188555f5c3dc8bc341c5d7eb04b761a70f""]",1.0,1.0,1.0,True,0.0,12288,True,5
"[""feat"", ""fix"", ""docs"", ""test"", ""build""]","[""build"", ""docs"", ""feat"", ""fix"", ""test""]",2.5824715266935527,"[""b7e38fb62aa6e8a30d72dec063b1adccd089d0aa"", ""eb51316cdfdc7258d287ba13b67ef2f42bd2b8f6"", ""73211952964a79d97b434dd567e6d7d34be7feb5"", ""be2cbd9480fcbd60c3011ca57f1d761185cf52bd"", ""625cbbca0d92b8756eac6fcacc795d90527d8975""]",1.0,1.0,1.0,True,0.0,12288,True,5
"[""build"", ""docs"", ""fix"", ""refactor"", ""test""]","[""build"", ""docs"", ""fix"", ""refactor"", ""test""]",1.9279799149371684,"[""45bbdaba1490a3216decb2c1a88b8f7041a3d505"", ""b8a664c1b10f4e30a3e221a14211a3cdaf90b7f4"", ""ccd1946a375e2ac10c3c591b04a435c4bc5170c2"", ""0e4ede620dd9a2cdc13ab9cc6da05577b39fddb8"", ""076b9f5efc109b481074a81957e24ce9f4a69f08""]",1.0,1.0,1.0,True,0.0,12288,True,5
"[""feat"", ""fix"", ""refactor"", ""docs"", ""test"", ""ci"", ""build""]","[""build"", ""ci"", ""docs"", ""feat"", ""refactor""]",2.7087561511434615,"[""45bbdaba1490a3216decb2c1a88b8f7041a3d505"", ""be44bbdeb52c6025e81c99528ed7b0d932c5be18"", ""b8a664c1b10f4e30a3e221a14211a3cdaf90b7f4"", ""3730075261bc81df68f9d10f12a2d6bbffd8493c"", ""0e4ede620dd9a2cdc13ab9cc6da05577b39fddb8""]",0.7142857142857143,1.0,0.8333333333333333,False,0.2857142857142857,12288,True,5
"[""feat"", ""fix"", ""refactor"", ""docs"", ""test"", ""ci"", ""build""]","[""ci"", ""feat"", ""fix"", ""refactor"", ""test""]",2.5162109611555934,"[""6f5b1103c0893d13b42f1f7c6504c9c339840be3"", ""73211952964a79d97b434dd567e6d7d34be7feb5"", ""be2cbd9480fcbd60c3011ca57f1d761185cf52bd"", ""eb8d919e6f3443db279ba0c902f15d76676c02dc"", ""625cbbca0d92b8756eac6fcacc795d90527d8975""]",0.7142857142857143,1.0,0.8333333333333333,False,0.2857142857142857,12288,True,5
"[""build"", ""ci"", ""docs"", ""fix"", ""test""]","[""build"", ""ci"", ""docs"", ""fix"", ""test""]",2.1137644932605326,"[""b7e38fb62aa6e8a30d72dec063b1adccd089d0aa"", ""6f5b1103c0893d13b42f1f7c6504c9c339840be3"", ""01e1e33f377934099a4a725fab5cd6c5ff50eaa2"", ""be2cbd9480fcbd60c3011ca57f1d761185cf52bd"", ""625cbbca0d92b8756eac6fcacc795d90527d8975""]",1.0,1.0,1.0,True,0.0,12288,True,5
"[""build"", ""ci"", ""fix"", ""test""]","[""build"", ""ci"", ""docs"", ""fix"", ""test""]",1.3459525909274817,"[""b7e38fb62aa6e8a30d72dec063b1adccd089d0aa"", ""6f5b1103c0893d13b42f1f7c6504c9c339840be3"", ""9849430b11b92ae58d94cfe4d0b06313c7eab550"", ""be2cbd9480fcbd60c3011ca57f1d761185cf52bd"", ""625cbbca0d92b8756eac6fcacc795d90527d8975""]",1.0,0.8,0.888888888888889,False,0.14285714285714285,12288,True,5
"[""feat"", ""fix"", ""refactor"", ""docs"", ""test"", ""ci"", ""build""]","[""build"", ""docs"", ""feat"", ""fix"", ""refactor""]",2.6612279023975134,"[""45bbdaba1490a3216decb2c1a88b8f7041a3d505"", ""b8a664c1b10f4e30a3e221a14211a3cdaf90b7f4"", ""3730075261bc81df68f9d10f12a2d6bbffd8493c"", ""ccd1946a375e2ac10c3c591b04a435c4bc5170c2"", ""0e4ede620dd9a2cdc13ab9cc6da05577b39fddb8""]",0.7142857142857143,1.0,0.8333333333333333,False,0.2857142857142857,12288,True,5
"[""feat"", ""fix"", ""refactor"", ""docs"", ""test"", ""ci"", ""build""]","[""build"", ""ci"", ""feat"", ""refactor"", ""test""]",2.411103757098317,"[""b7e38fb62aa6e8a30d72dec063b1adccd089d0aa"", ""6f5b1103c0893d13b42f1f7c6504c9c339840be3"", ""73211952964a79d97b434dd567e6d7d34be7feb5"", ""816b0d49c45f6669c5aae748396e9551f2e30a96"", ""625cbbca0d92b8756eac6fcacc795d90527d8975""]",0.7142857142857143,1.0,0.8333333333333333,False,0.2857142857142857,12288,True,5
"[""feat"", ""docs"", ""test"", ""fix""]","[""docs"", ""feat"", ""fix"", ""refactor"", ""test""]",1.5976207572966814,"[""fc9af4d0b93d69be4e201ffb18da04324e8a4a87"", ""15b8e4bc9349ce017f65e10b95cae48b0aa11828"", ""eb9f7b24364e86d7bcf50bb23b62c743cf5526f6"", ""72e3eed599b3a3dd154575af344ac3e5c62dd07b"", ""e77f6751182595fe08940d67e11a90416c8dd6fd""]",1.0,0.8,0.888888888888889,False,0.14285714285714285,12288,True,5
"[""ci"", ""test"", ""feat"", ""docs"", ""refactor""]","[""ci"", ""feat"", ""fix"", ""refactor"", ""test""]",2.944820695091039,"[""87d576e936e234d0429ad753267a2760c5dfd314"", ""8a954673531d6935f5517535b9068639ed5cff0d"", ""2b1ad9d10fc5685ec75f362a73229569f03344ca"", ""d55088c612b1108ef566ec47e40fb8d1050f7451"", ""6c7398993bc567ec84e4573b6ededbf50b1ef606""]",0.8,0.8,0.8000000000000002,False,0.2857142857142857,12288,True,5
"[""feat"", ""fix"", ""refactor"", ""docs"", ""test"", ""ci"", ""build""]","[""build"", ""ci"", ""docs"", ""feat"", ""refactor""]",2.81037951214239,"[""b7e38fb62aa6e8a30d72dec063b1adccd089d0aa"", ""6f5b1103c0893d13b42f1f7c6504c9c339840be3"", ""9849430b11b92ae58d94cfe4d0b06313c7eab550"", ""73211952964a79d97b434dd567e6d7d34be7feb5"", ""3550066c886bf253df376f303a60ed475ac42aaa""]",0.7142857142857143,1.0,0.8333333333333333,False,0.2857142857142857,12288,True,5
"[""feat"", ""fix"", ""refactor"", ""docs"", ""test"", ""ci"", ""build""]","[""build"", ""ci"", ""docs"", ""fix"", ""test""]",2.1575982281938195,"[""45bbdaba1490a3216decb2c1a88b8f7041a3d505"", ""be44bbdeb52c6025e81c99528ed7b0d932c5be18"", ""16124286236edf03a6199720ba1629a35e3fe1aa"", ""ccd1946a375e2ac10c3c591b04a435c4bc5170c2"", ""076b9f5efc109b481074a81957e24ce9f4a69f08""]",0.7142857142857143,1.0,0.8333333333333333,False,0.2857142857142857,12288,True,5
"[""build"", ""ci"", ""docs"", ""feat"", ""test""]","[""build"", ""ci"", ""docs"", ""feat"", ""test""]",2.5776154017075896,"[""b7e38fb62aa6e8a30d72dec063b1adccd089d0aa"", ""6f5b1103c0893d13b42f1f7c6504c9c339840be3"", ""01e1e33f377934099a4a725fab5cd6c5ff50eaa2"", ""73211952964a79d97b434dd567e6d7d34be7feb5"", ""625cbbca0d92b8756eac6fcacc795d90527d8975""]",1.0,1.0,1.0,True,0.0,12288,True,5
"[""ci"", ""docs"", ""feat"", ""refactor""]","[""ci"", ""docs"", ""feat"", ""fix"", ""refactor""]",1.9408862059935927,"[""976c34b6fdc32a7f3337f98e67a7c9e4ee9e793e"", ""7f611e4208d0cc36c635eb0641a4b3258999ae8d"", ""8a954673531d6935f5517535b9068639ed5cff0d"", ""2b1ad9d10fc5685ec75f362a73229569f03344ca"", ""8f1034b79f894b4b1112a4bc1903f37f22f7f5ed""]",1.0,0.8,0.888888888888889,False,0.14285714285714285,12288,True,5
"[""feat"", ""fix"", ""refactor"", ""build"", ""test""]","[""build"", ""feat"", ""fix"", ""refactor"", ""test""]",3.2972690481692553,"[""bfe32bf10e9b6d699f694fbd095af0b3f2e6275f"", ""482442ecc1aaf981895a36c367abbd377fd93891"", ""80242b34468398e835e5b3fc5ac345dbae4bcc7e"", ""d4d8bdd3a0a5cec993735abc2e8cc2feff8eae27"", ""cd2bfb9b2298e8cd91013808547b35a9c40f46f1""]",1.0,1.0,1.0,True,0.0,12288,True,5
"[""ci"", ""docs"", ""fix"", ""test""]","[""ci"", ""docs"", ""fix"", ""refactor"", ""test""]",2.4848470888100564,"[""6f5b1103c0893d13b42f1f7c6504c9c339840be3"", ""01e1e33f377934099a4a725fab5cd6c5ff50eaa2"", ""be2cbd9480fcbd60c3011ca57f1d761185cf52bd"", ""6f638a53c18a66979b89220c9945ef97e49571b3"", ""625cbbca0d92b8756eac6fcacc795d90527d8975""]",1.0,0.8,0.888888888888889,False,0.14285714285714285,12288,True,5
"[""feat"", ""build"", ""ci"", ""refactor"", ""test""]","[""build"", ""ci"", ""feat"", ""refactor"", ""test""]",2.5431725308299065,"[""b7e38fb62aa6e8a30d72dec063b1adccd089d0aa"", ""6f5b1103c0893d13b42f1f7c6504c9c339840be3"", ""73211952964a79d97b434dd567e6d7d34be7feb5"", ""bc4495b32ec752b6c4b29719e831c043ef2a26ce"", ""625cbbca0d92b8756eac6fcacc795d90527d8975""]",1.0,1.0,1.0,True,0.0,12288,True,5
"[""feat"", ""fix"", ""refactor"", ""docs"", ""test"", ""ci"", ""build""]","[""build"", ""ci"", ""docs"", ""feat"", ""fix""]",2.662629240658134,"[""b7e38fb62aa6e8a30d72dec063b1adccd089d0aa"", ""6f5b1103c0893d13b42f1f7c6504c9c339840be3"", ""eb51316cdfdc7258d287ba13b67ef2f42bd2b8f6"", ""73211952964a79d97b434dd567e6d7d34be7feb5"", ""be2cbd9480fcbd60c3011ca57f1d761185cf52bd""]",0.7142857142857143,1.0,0.8333333333333333,False,0.2857142857142857,12288,True,5
"[""build"", ""docs"", ""fix"", ""test""]","[""build"", ""docs"", ""fix"", ""refactor"", ""test""]",2.5741390506736934,"[""ecc481f9f501aa34b41e06e7bbdde6e79f8ca1bb"", ""ee7cc5d5a940fba774e715b1f029c6361110b108"", ""45b386aa3f06bce06f5e03fbde0aa52c4051c8bc"", ""5748ff57ebafe94c4979eafa790d9a84812ca440"", ""87427fe39d165bee2acedde8dbaa237cca3fb61e""]",1.0,0.8,0.888888888888889,False,0.14285714285714285,12288,True,5
"[""ci"", ""docs"", ""feat"", ""fix"", ""test""]","[""ci"", ""docs"", ""feat"", ""fix"", ""test""]",2.535794507712126,"[""6f5b1103c0893d13b42f1f7c6504c9c339840be3"", ""eb51316cdfdc7258d287ba13b67ef2f42bd2b8f6"", ""73211952964a79d97b434dd567e6d7d34be7feb5"", ""be2cbd9480fcbd60c3011ca57f1d761185cf52bd"", ""625cbbca0d92b8756eac6fcacc795d90527d8975""]",1.0,1.0,1.0,True,0.0,12288,True,5
"[""feat"", ""fix"", ""docs"", ""build"", ""test""]","[""build"", ""docs"", ""feat"", ""fix"", ""refactor""]",2.8242596220225096,"[""ecc481f9f501aa34b41e06e7bbdde6e79f8ca1bb"", ""ee7cc5d5a940fba774e715b1f029c6361110b108"", ""f9a094918b62534614c47aa8a13f33aec751a1e0"", ""cc6408b88246f20c62884a5892a6276baf7c3920"", ""5748ff57ebafe94c4979eafa790d9a84812ca440""]",0.8,0.8,0.8000000000000002,False,0.2857142857142857,12288,True,5
"[""feat"", ""build"", ""test""]","[""build"", ""ci"", ""feat"", ""refactor"", ""test""]",2.6749359532259405,"[""b8dfd5a2f39b4768cf070aeb9d09364577c626f9"", ""bda1822851d9be04f0d39f2213d1e2066eb115c8"", ""ba60e126299ad057772b5516d9ab390e770f1301"", ""d4d8bdd3a0a5cec993735abc2e8cc2feff8eae27"", ""b7e2330fa3a8d7b8a9bff01b707c44e64b845c7b""]",1.0,0.6,0.7499999999999999,False,0.2857142857142857,12288,True,5
"[""docs"", ""build"", ""ci"", ""fix"", ""test""]","[""build"", ""ci"", ""fix"", ""refactor"", ""test""]",1.8073548320680857,"[""4542d9973a848a2bd4f9baf12992efe7d7a69f2c"", ""db55dae208e4807898e6c747cefdf9bfcb4fd08c"", ""c4d9e5023fa0f88ba283b37da27677ceda1cbfbb"", ""f86944ff00b970d7e2da48abbff43e58bdf29b99"", ""1f663cbe4b4a9e7a0ae89c05f824335f2a0857fd""]",0.8,0.8,0.8000000000000002,False,0.2857142857142857,12288,True,5
"[""feat"", ""docs"", ""test"", ""build""]","[""build"", ""docs"", ""feat"", ""refactor"", ""test""]",1.9150808472186327,"[""0f38960851ac0fd159727d5dffb36f50268eec18"", ""e0177c25e13812306aab0b0991562d58b6d14767"", ""1ae8bf1195b197daa80ba6e45360f8b894364cd4"", ""336b25f3ae9da5d972304662fcdb88f4719c721d"", ""8ee0611fbf0cd89abe7ae588f22e6ecb843598ea""]",1.0,0.8,0.888888888888889,False,0.14285714285714285,12288,True,5
"[""ci"", ""docs"", ""refactor"", ""fix"", ""test""]","[""ci"", ""docs"", ""feat"", ""fix"", ""test""]",2.472986225038767,"[""8d2e23bde626eaed6e5b13384cc7ac38bab5ea66"", ""527e0abd0f88cb3ae2dc1a6ec7a62c241250444d"", ""4a4c7afca7e1beadd4b213214074fdb420eb0923"", ""a81bbb83d64867f08c4d1be10919ef6806a1bf51"", ""cdbc37711fa9c64b2cfa767766ca55c95c1736f7""]",0.8,0.8,0.8000000000000002,False,0.2857142857142857,12288,True,5
"[""build"", ""ci"", ""fix"", ""refactor""]","[""build"", ""ci"", ""docs"", ""fix"", ""refactor""]",2.061678017023951,"[""b7e38fb62aa6e8a30d72dec063b1adccd089d0aa"", ""6f5b1103c0893d13b42f1f7c6504c9c339840be3"", ""9849430b11b92ae58d94cfe4d0b06313c7eab550"", ""be2cbd9480fcbd60c3011ca57f1d761185cf52bd"", ""03e413d7175d35827cd7d8908d47dbae15a849a3""]",1.0,0.8,0.888888888888889,False,0.14285714285714285,12288,True,5
"[""build"", ""ci"", ""docs"", ""fix"", ""refactor"", ""test""]","[""build"", ""ci"", ""docs"", ""fix"", ""refactor""]",2.899684655945748,"[""b7e38fb62aa6e8a30d72dec063b1adccd089d0aa"", ""6f5b1103c0893d13b42f1f7c6504c9c339840be3"", ""01e1e33f377934099a4a725fab5cd6c5ff50eaa2"", ""be2cbd9480fcbd60c3011ca57f1d761185cf52bd"", ""3550066c886bf253df376f303a60ed475ac42aaa""]",0.8333333333333334,1.0,0.9090909090909091,False,0.14285714285714285,12288,True,5
"[""feat"", ""fix"", ""build"", ""ci"", ""test""]","[""build"", ""ci"", ""feat"", ""fix"", ""test""]",1.8049807948991656,"[""b7e38fb62aa6e8a30d72dec063b1adccd089d0aa"", ""6f5b1103c0893d13b42f1f7c6504c9c339840be3"", ""73211952964a79d97b434dd567e6d7d34be7feb5"", ""be2cbd9480fcbd60c3011ca57f1d761185cf52bd"", ""625cbbca0d92b8756eac6fcacc795d90527d8975""]",1.0,1.0,1.0,True,0.0,12288,True,5
"[""feat"", ""fix"", ""refactor"", ""test""]","[""docs"", ""feat"", ""fix"", ""refactor"", ""test""]",2.495725625194609,"[""9849430b11b92ae58d94cfe4d0b06313c7eab550"", ""73211952964a79d97b434dd567e6d7d34be7feb5"", ""be2cbd9480fcbd60c3011ca57f1d761185cf52bd"", ""fd61615d1a7be9d13de2114a01e2d0ad63b59274"", ""625cbbca0d92b8756eac6fcacc795d90527d8975""]",1.0,0.8,0.888888888888889,False,0.14285714285714285,12288,True,5
"[""feat"", ""fix"", ""refactor"", ""docs"", ""test"", ""ci"", ""build""]","[""build"", ""ci"", ""docs"", ""feat"", ""refactor""]",3.2076845169067383,"[""b7e38fb62aa6e8a30d72dec063b1adccd089d0aa"", ""6f5b1103c0893d13b42f1f7c6504c9c339840be3"", ""01e1e33f377934099a4a725fab5cd6c5ff50eaa2"", ""73211952964a79d97b434dd567e6d7d34be7feb5"", ""eafee3c5c124ce0c71fd854270cea39cc273b27c""]",0.7142857142857143,1.0,0.8333333333333333,False,0.2857142857142857,12288,True,5
"[""feat"", ""fix"", ""refactor"", ""docs"", ""test"", ""ci"", ""build""]","[""build"", ""feat"", ""fix"", ""refactor"", ""test""]",2.9250279013067484,"[""b7e38fb62aa6e8a30d72dec063b1adccd089d0aa"", ""73211952964a79d97b434dd567e6d7d34be7feb5"", ""be2cbd9480fcbd60c3011ca57f1d761185cf52bd"", ""7005cf8c47416583e3d9fa91c3bd50113155c91a"", ""625cbbca0d92b8756eac6fcacc795d90527d8975""]",0.7142857142857143,1.0,0.8333333333333333,False,0.2857142857142857,12288,True,5
"[""feat"", ""fix"", ""refactor"", ""docs"", ""test"", ""ci"", ""build""]","[""build"", ""ci"", ""docs"", ""feat"", ""test""]",2.5763664031401277,"[""45bbdaba1490a3216decb2c1a88b8f7041a3d505"", ""be44bbdeb52c6025e81c99528ed7b0d932c5be18"", ""16124286236edf03a6199720ba1629a35e3fe1aa"", ""3730075261bc81df68f9d10f12a2d6bbffd8493c"", ""076b9f5efc109b481074a81957e24ce9f4a69f08""]",0.7142857142857143,1.0,0.8333333333333333,False,0.2857142857142857,12288,True,5
"[""ci"", ""docs"", ""refactor"", ""build"", ""test""]","[""ci"", ""docs"", ""fix"", ""refactor"", ""test""]",1.7855061097070575,"[""be44bbdeb52c6025e81c99528ed7b0d932c5be18"", ""16124286236edf03a6199720ba1629a35e3fe1aa"", ""ccd1946a375e2ac10c3c591b04a435c4bc5170c2"", ""0e4ede620dd9a2cdc13ab9cc6da05577b39fddb8"", ""076b9f5efc109b481074a81957e24ce9f4a69f08""]",0.8,0.8,0.8000000000000002,False,0.2857142857142857,12288,True,5
"[""build"", ""docs"", ""feat"", ""test""]","[""build"", ""docs"", ""feat"", ""refactor"", ""test""]",3.254588881973177,"[""ecc481f9f501aa34b41e06e7bbdde6e79f8ca1bb"", ""144388439d64e049cbed4e37659e819856d6987f"", ""ded26d768ff432ad3bde3c0aa1e95ce50726100a"", ""5748ff57ebafe94c4979eafa790d9a84812ca440"", ""87427fe39d165bee2acedde8dbaa237cca3fb61e""]",1.0,0.8,0.888888888888889,False,0.14285714285714285,12288,True,5
"[""ci"", ""docs"", ""feat"", ""fix"", ""refactor""]","[""ci"", ""docs"", ""feat"", ""fix"", ""refactor""]",3.1778952600434422,"[""6f5b1103c0893d13b42f1f7c6504c9c339840be3"", ""eb51316cdfdc7258d287ba13b67ef2f42bd2b8f6"", ""73211952964a79d97b434dd567e6d7d34be7feb5"", ""be2cbd9480fcbd60c3011ca57f1d761185cf52bd"", ""d357640fab55e5964fe83efc3c771e53aa3222fd""]",1.0,1.0,1.0,True,0.0,12288,True,5
"[""build"", ""ci"", ""docs"", ""fix"", ""refactor"", ""test""]","[""build"", ""ci"", ""fix"", ""refactor"", ""test""]",2.083748902194202,"[""45bbdaba1490a3216decb2c1a88b8f7041a3d505"", ""be44bbdeb52c6025e81c99528ed7b0d932c5be18"", ""ccd1946a375e2ac10c3c591b04a435c4bc5170c2"", ""0e4ede620dd9a2cdc13ab9cc6da05577b39fddb8"", ""076b9f5efc109b481074a81957e24ce9f4a69f08""]",0.8333333333333334,1.0,0.9090909090909091,False,0.14285714285714285,12288,True,5
"[""feat"", ""fix"", ""refactor"", ""docs"", ""test"", ""ci"", ""build""]","[""build"", ""ci"", ""docs"", ""feat"", ""test""]",2.505522602237761,"[""45bbdaba1490a3216decb2c1a88b8f7041a3d505"", ""be44bbdeb52c6025e81c99528ed7b0d932c5be18"", ""b8a664c1b10f4e30a3e221a14211a3cdaf90b7f4"", ""3730075261bc81df68f9d10f12a2d6bbffd8493c"", ""076b9f5efc109b481074a81957e24ce9f4a69f08""]",0.7142857142857143,1.0,0.8333333333333333,False,0.2857142857142857,12288,True,5
"[""build"", ""ci"", ""docs"", ""fix"", ""refactor""]","[""build"", ""ci"", ""docs"", ""fix"", ""refactor""]",2.0667845620773733,"[""b7e38fb62aa6e8a30d72dec063b1adccd089d0aa"", ""6f5b1103c0893d13b42f1f7c6504c9c339840be3"", ""eb51316cdfdc7258d287ba13b67ef2f42bd2b8f6"", ""be2cbd9480fcbd60c3011ca57f1d761185cf52bd"", ""190aef43fd30e693af822c176f9b686591568719""]",1.0,1.0,1.0,True,0.0,12288,True,5
"[""feat"", ""fix"", ""refactor"", ""docs"", ""test"", ""ci"", ""build""]","[""build"", ""feat"", ""fix"", ""refactor"", ""test""]",2.1251329299993813,"[""b0866f62417f56bdd5a46e8f14278af79efc4d76"", ""a84d6715a4df12cc0ee9aa6f2596ce3b04353958"", ""eebee9ab0bb6d4255ad0402d8422364e96bfef61"", ""e8a8edadc5c25d6410462b89a48e0602e0cbbc7f"", ""e77f6751182595fe08940d67e11a90416c8dd6fd""]",0.7142857142857143,1.0,0.8333333333333333,False,0.2857142857142857,12288,True,5
"[""ci"", ""docs"", ""refactor"", ""feat"", ""build"", ""test""]","[""ci"", ""docs"", ""feat"", ""fix"", ""test""]",2.5375104499980807,"[""8d2e23bde626eaed6e5b13384cc7ac38bab5ea66"", ""036a0ff49a7dade0e04c9c07071a1ff49133ee24"", ""bbb6ee10de824f2e3259576ac01768640c884279"", ""f9d9f859240c6f7e78b0303ea40e46622d42bc3c"", ""cdbc37711fa9c64b2cfa767766ca55c95c1736f7""]",0.6666666666666666,0.8,0.7272727272727272,False,0.42857142857142855,12288,True,5
"[""feat"", ""refactor"", ""build"", ""ci"", ""test""]","[""build"", ""ci"", ""feat"", ""refactor"", ""test""]",2.651152699254453,"[""b7e38fb62aa6e8a30d72dec063b1adccd089d0aa"", ""6f5b1103c0893d13b42f1f7c6504c9c339840be3"", ""73211952964a79d97b434dd567e6d7d34be7feb5"", ""8da0303bc02db5fe047cfc0631a9da41d9dc60f7"", ""625cbbca0d92b8756eac6fcacc795d90527d8975""]",1.0,1.0,1.0,True,0.0,12288,True,5
"[""feat"", ""fix"", ""build"", ""ci"", ""docs""]","[""build"", ""ci"", ""docs"", ""feat"", ""fix""]",1.8748137489892542,"[""b7e38fb62aa6e8a30d72dec063b1adccd089d0aa"", ""6f5b1103c0893d13b42f1f7c6504c9c339840be3"", ""9849430b11b92ae58d94cfe4d0b06313c7eab550"", ""73211952964a79d97b434dd567e6d7d34be7feb5"", ""be2cbd9480fcbd60c3011ca57f1d761185cf52bd""]",1.0,1.0,1.0,True,0.0,12288,True,5
"[""ci"", ""docs"", ""refactor"", ""test""]","[""ci"", ""docs"", ""fix"", ""refactor"", ""test""]",1.6769141829572618,"[""db2dbc13d7da2ae85cd3206d330be8ed0ebe1b2c"", ""12257ce53f94dc902df4ba087de90f52d2840ad4"", ""2b1ad9d10fc5685ec75f362a73229569f03344ca"", ""8f1034b79f894b4b1112a4bc1903f37f22f7f5ed"", ""6c7398993bc567ec84e4573b6ededbf50b1ef606""]",1.0,0.8,0.888888888888889,False,0.14285714285714285,12288,True,5
"[""docs"", ""feat"", ""fix"", ""refactor"", ""test""]","[""docs"", ""feat"", ""fix"", ""refactor"", ""test""]",2.9559636362828314,"[""eb51316cdfdc7258d287ba13b67ef2f42bd2b8f6"", ""73211952964a79d97b434dd567e6d7d34be7feb5"", ""be2cbd9480fcbd60c3011ca57f1d761185cf52bd"", ""eb8d919e6f3443db279ba0c902f15d76676c02dc"", ""625cbbca0d92b8756eac6fcacc795d90527d8975""]",1.0,1.0,1.0,True,0.0,12288,True,5
"[""feat"", ""fix"", ""refactor"", ""docs"", ""test"", ""ci"", ""build""]","[""build"", ""ci"", ""feat"", ""fix"", ""refactor""]",3.4465642967261374,"[""454003841aabeb74396d73541378bfa59c75b5db"", ""bda1822851d9be04f0d39f2213d1e2066eb115c8"", ""9114362b39f5194209cd0b330af7076333f3db77"", ""80242b34468398e835e5b3fc5ac345dbae4bcc7e"", ""fba4326c72fc22d81aba6976a9fef1e4b6154fd9""]",0.7142857142857143,1.0,0.8333333333333333,False,0.2857142857142857,12288,True,5
"[""build"", ""docs"", ""feat"", ""fix"", ""test""]","[""build"", ""docs"", ""feat"", ""fix"", ""test""]",2.4221346732228994,"[""ecc481f9f501aa34b41e06e7bbdde6e79f8ca1bb"", ""144388439d64e049cbed4e37659e819856d6987f"", ""8b9176b44bb01a1eef497a403b0304bc389c9aee"", ""45b386aa3f06bce06f5e03fbde0aa52c4051c8bc"", ""3c04162664b130c9486cba54afc16b6e57c779d1""]",1.0,1.0,1.0,True,0.0,12288,True,5
"[""build"", ""ci"", ""docs"", ""refactor"", ""test""]","[""build"", ""ci"", ""docs"", ""refactor"", ""test""]",2.523887898772955,"[""b7e38fb62aa6e8a30d72dec063b1adccd089d0aa"", ""6f5b1103c0893d13b42f1f7c6504c9c339840be3"", ""01e1e33f377934099a4a725fab5cd6c5ff50eaa2"", ""3cb4a48ebd15c20692f4f3a2a924284dc7fd5e10"", ""625cbbca0d92b8756eac6fcacc795d90527d8975""]",1.0,1.0,1.0,True,0.0,12288,True,5
"[""build"", ""ci"", ""docs"", ""refactor"", ""test""]","[""build"", ""ci"", ""docs"", ""refactor"", ""test""]",1.9447239423170686,"[""45bbdaba1490a3216decb2c1a88b8f7041a3d505"", ""be44bbdeb52c6025e81c99528ed7b0d932c5be18"", ""b8a664c1b10f4e30a3e221a14211a3cdaf90b7f4"", ""0e4ede620dd9a2cdc13ab9cc6da05577b39fddb8"", ""076b9f5efc109b481074a81957e24ce9f4a69f08""]",1.0,1.0,1.0,True,0.0,12288,True,5
"[""feat"", ""fix"", ""refactor"", ""docs"", ""test"", ""ci"", ""build""]","[""build"", ""feat"", ""fix"", ""refactor"", ""test""]",2.4770200243219733,"[""45bbdaba1490a3216decb2c1a88b8f7041a3d505"", ""3730075261bc81df68f9d10f12a2d6bbffd8493c"", ""ccd1946a375e2ac10c3c591b04a435c4bc5170c2"", ""0e4ede620dd9a2cdc13ab9cc6da05577b39fddb8"", ""076b9f5efc109b481074a81957e24ce9f4a69f08""]",0.7142857142857143,1.0,0.8333333333333333,False,0.2857142857142857,12288,True,5
"[""feat"", ""fix"", ""refactor"", ""docs"", ""ci""]","[""ci"", ""docs"", ""feat"", ""fix"", ""refactor""]",2.784724347293377,"[""6f5b1103c0893d13b42f1f7c6504c9c339840be3"", ""01e1e33f377934099a4a725fab5cd6c5ff50eaa2"", ""73211952964a79d97b434dd567e6d7d34be7feb5"", ""be2cbd9480fcbd60c3011ca57f1d761185cf52bd"", ""7d6f760a91b55967972bbd1b972307624e876805""]",1.0,1.0,1.0,True,0.0,12288,True,5
"[""feat"", ""fix"", ""build"", ""test""]","[""build"", ""ci"", ""feat"", ""fix"", ""test""]",2.743835899978876,"[""bfe32bf10e9b6d699f694fbd095af0b3f2e6275f"", ""bda1822851d9be04f0d39f2213d1e2066eb115c8"", ""988dda23984894cea097d64646196e8d6196d6b6"", ""238ba1990ea68eb64bdfc6b31efebad2acb01ad6"", ""b7e2330fa3a8d7b8a9bff01b707c44e64b845c7b""]",1.0,0.8,0.888888888888889,False,0.14285714285714285,12288,True,5
"[""build"", ""ci"", ""refactor"", ""test""]","[""build"", ""ci"", ""docs"", ""refactor"", ""test""]",1.541467267088592,"[""b7e38fb62aa6e8a30d72dec063b1adccd089d0aa"", ""6f5b1103c0893d13b42f1f7c6504c9c339840be3"", ""9849430b11b92ae58d94cfe4d0b06313c7eab550"", ""816b0d49c45f6669c5aae748396e9551f2e30a96"", ""625cbbca0d92b8756eac6fcacc795d90527d8975""]",1.0,0.8,0.888888888888889,False,0.14285714285714285,12288,True,5
"[""docs"", ""feat"", ""fix"", ""test""]","[""docs"", ""feat"", ""fix"", ""refactor"", ""test""]",2.4378177747130394,"[""01e1e33f377934099a4a725fab5cd6c5ff50eaa2"", ""73211952964a79d97b434dd567e6d7d34be7feb5"", ""be2cbd9480fcbd60c3011ca57f1d761185cf52bd"", ""190aef43fd30e693af822c176f9b686591568719"", ""625cbbca0d92b8756eac6fcacc795d90527d8975""]",1.0,0.8,0.888888888888889,False,0.14285714285714285,12288,True,5
"[""feat"", ""fix"", ""build"", ""ci"", ""docs""]","[""build"", ""ci"", ""docs"", ""feat"", ""fix""]",2.4258949607610703,"[""b7e38fb62aa6e8a30d72dec063b1adccd089d0aa"", ""6f5b1103c0893d13b42f1f7c6504c9c339840be3"", ""01e1e33f377934099a4a725fab5cd6c5ff50eaa2"", ""73211952964a79d97b434dd567e6d7d34be7feb5"", ""be2cbd9480fcbd60c3011ca57f1d761185cf52bd""]",1.0,1.0,1.0,True,0.0,12288,True,5
"[""docs"", ""feat"", ""refactor"", ""test""]","[""docs"", ""feat"", ""fix"", ""refactor"", ""test""]",2.7337124119512737,"[""8dfd2af29bf784b242992ee9ec0fbc85753b063c"", ""8a954673531d6935f5517535b9068639ed5cff0d"", ""2b1ad9d10fc5685ec75f362a73229569f03344ca"", ""d55088c612b1108ef566ec47e40fb8d1050f7451"", ""6c7398993bc567ec84e4573b6ededbf50b1ef606""]",1.0,0.8,0.888888888888889,False,0.14285714285714285,12288,True,5
"[""feat"", ""fix"", ""refactor"", ""docs"", ""test"", ""ci"", ""build""]","[""build"", ""ci"", ""fix"", ""refactor"", ""test""]",3.11377268191427,"[""bfe32bf10e9b6d699f694fbd095af0b3f2e6275f"", ""bda1822851d9be04f0d39f2213d1e2066eb115c8"", ""80242b34468398e835e5b3fc5ac345dbae4bcc7e"", ""fba4326c72fc22d81aba6976a9fef1e4b6154fd9"", ""7c48976f943e1e9b5850967b6f2963a205476ded""]",0.7142857142857143,1.0,0.8333333333333333,False,0.2857142857142857,12288,True,5
"[""feat"", ""fix"", ""refactor"", ""docs"", ""test"", ""ci"", ""build""]","[""build"", ""ci"", ""docs"", ""feat"", ""refactor""]",2.7711296030320227,"[""45bbdaba1490a3216decb2c1a88b8f7041a3d505"", ""be44bbdeb52c6025e81c99528ed7b0d932c5be18"", ""16124286236edf03a6199720ba1629a35e3fe1aa"", ""3730075261bc81df68f9d10f12a2d6bbffd8493c"", ""0e4ede620dd9a2cdc13ab9cc6da05577b39fddb8""]",0.7142857142857143,1.0,0.8333333333333333,False,0.2857142857142857,12288,True,5
"[""feat"", ""fix"", ""refactor"", ""docs"", ""test"", ""ci"", ""build""]","[""build"", ""ci"", ""feat"", ""fix"", ""test""]",3.808735962025821,"[""bfe32bf10e9b6d699f694fbd095af0b3f2e6275f"", ""bda1822851d9be04f0d39f2213d1e2066eb115c8"", ""482442ecc1aaf981895a36c367abbd377fd93891"", ""80242b34468398e835e5b3fc5ac345dbae4bcc7e"", ""7c48976f943e1e9b5850967b6f2963a205476ded""]",0.7142857142857143,1.0,0.8333333333333333,False,0.2857142857142857,12288,True,5
"[""build"", ""docs"", ""feat"", ""fix"", ""refactor""]","[""build"", ""docs"", ""feat"", ""fix"", ""refactor""]",2.9311538701877,"[""b7e38fb62aa6e8a30d72dec063b1adccd089d0aa"", ""01e1e33f377934099a4a725fab5cd6c5ff50eaa2"", ""73211952964a79d97b434dd567e6d7d34be7feb5"", ""be2cbd9480fcbd60c3011ca57f1d761185cf52bd"", ""eafee3c5c124ce0c71fd854270cea39cc273b27c""]",1.0,1.0,1.0,True,0.0,12288,True,5
"[""build"", ""ci"", ""docs"", ""refactor"", ""test""]","[""build"", ""ci"", ""docs"", ""refactor"", ""test""]",2.42378295911476,"[""b7e38fb62aa6e8a30d72dec063b1adccd089d0aa"", ""6f5b1103c0893d13b42f1f7c6504c9c339840be3"", ""eb51316cdfdc7258d287ba13b67ef2f42bd2b8f6"", ""7d6f760a91b55967972bbd1b972307624e876805"", ""625cbbca0d92b8756eac6fcacc795d90527d8975""]",1.0,1.0,1.0,True,0.0,12288,True,5
"[""ci"", ""docs"", ""fix"", ""feat"", ""refactor"", ""test""]","[""ci"", ""docs"", ""feat"", ""fix"", ""test""]",2.4309585709124804,"[""8d2e23bde626eaed6e5b13384cc7ac38bab5ea66"", ""036a0ff49a7dade0e04c9c07071a1ff49133ee24"", ""6b473cbdc5997af47c56a2a74f5b64da6d4c2ad7"", ""f9d9f859240c6f7e78b0303ea40e46622d42bc3c"", ""cdbc37711fa9c64b2cfa767766ca55c95c1736f7""]",0.8333333333333334,1.0,0.9090909090909091,False,0.14285714285714285,12288,True,5
