predicted_types,actual_types,inference_time,shas,precision,recall,f1,exact_match,hamming_loss,context_len,with_message,concern_count
"[""feat"", ""refactor""]","[""fix""]",0.508673906326294,['87d5d4e55ab7149b593d29410f1fe426ba2447d4'],0.0,0.0,0.0,False,0.42857142857142855,2048,True,1
"[""test""]","[""test""]",0.45200586318969727,['317f4eefecddfb1392ca71d551840f446feee302'],1.0,1.0,1.0,True,0.0,2048,True,1
"[""ci""]","[""ci""]",0.4087510108947754,['c5fa7b80438fbd74f4c341f0d3c9bd9e0f4910da'],1.0,1.0,1.0,True,0.0,2048,True,1
"[""ci""]","[""ci""]",0.393740177154541,['e7a67d88173566be3cd3aed7e9eeb7e29aabbc57'],1.0,1.0,1.0,True,0.0,2048,True,1
"[""fix""]","[""fix""]",0.38552331924438477,['d129eaf9125a967ac86c6c7276bbae6b4d50af36'],1.0,1.0,1.0,True,0.0,2048,True,1
"[""build""]","[""build""]",0.40581703186035156,['1269431c8a3e7549f10fcbbb4b88ff625c8898b3'],1.0,1.0,1.0,True,0.0,2048,True,1
"[""feat"", ""refactor""]","[""refactor""]",0.5305068492889404,['535708ae50aecb452560a23356fd396f99ef13a2'],0.5,1.0,0.6666666666666666,False,0.14285714285714285,2048,True,1
"[""feat"", ""refactor""]","[""feat""]",0.5255732536315918,['68278b00450f2679761a2999500f6d87a579376b'],0.5,1.0,0.6666666666666666,False,0.14285714285714285,2048,True,1
"[""ci""]","[""ci""]",0.3737788200378418,['6c9cb638cb4d1ecc42632fcf389c24898c5b3244'],1.0,1.0,1.0,True,0.0,2048,True,1
"[""test""]","[""test""]",0.31661415100097656,['c7b25726df94a2530c9b1c0d2b6a0acaa103822f'],1.0,1.0,1.0,True,0.0,2048,True,1
"[""refactor"", ""feat""]","[""feat""]",0.5769500732421875,['1bcf88670b50155b50071e707f98f30cea0b7a24'],0.5,1.0,0.6666666666666666,False,0.14285714285714285,2048,True,1
"[""build"", ""test""]","[""build""]",0.6206047534942627,['454003841aabeb74396d73541378bfa59c75b5db'],0.5,1.0,0.6666666666666666,False,0.14285714285714285,2048,True,1
"[""ci""]","[""ci""]",0.37127161026000977,['dbb537a26e388a8d7d17faf131abc30c2f7a84e6'],1.0,1.0,1.0,True,0.0,2048,True,1
"[""fix"", ""docs""]","[""docs""]",0.47728395462036133,['bf83c9155e9bee6925aa7102fab53fb803d52533'],0.5,1.0,0.6666666666666666,False,0.14285714285714285,2048,True,1
"[""feat""]","[""feat""]",0.3729522228240967,['dc5238b2bda98a7c4f2fe9584fc3b0191a408109'],1.0,1.0,1.0,True,0.0,2048,True,1
"[""ci""]","[""ci""]",0.36972761154174805,['74e9de5ec97dc013a52aa063dff0f40ac74c407b'],1.0,1.0,1.0,True,0.0,2048,True,1
"[""test""]","[""test""]",0.3741950988769531,['b7ce2894fd1794064bd6db4ed730bb6cb7728739'],1.0,1.0,1.0,True,0.0,2048,True,1
"[""build""]","[""build""]",0.37304210662841797,['32b92cfa0b74a6c25990e32ac6aab12b8496794c'],1.0,1.0,1.0,True,0.0,2048,True,1
"[""fix"", ""refactor""]","[""fix""]",0.5631227493286133,['bed78248c941d57ad4cc20a455147e186e97c7a1'],0.5,1.0,0.6666666666666666,False,0.14285714285714285,2048,True,1
"[""test""]","[""test""]",0.34046149253845215,['f411e58cd510f8a2b980b2f1932003a0c0e9f8f3'],1.0,1.0,1.0,True,0.0,2048,True,1
"[""feat""]","[""feat""]",0.39420580863952637,['f9a094918b62534614c47aa8a13f33aec751a1e0'],1.0,1.0,1.0,True,0.0,2048,True,1
"[""docs""]","[""docs""]",0.40105676651000977,['aca23027da1295c78fdf42ba9687d8ccc88784d7'],1.0,1.0,1.0,True,0.0,2048,True,1
"[""build""]","[""build""]",0.4306066036224365,['37b1cbfd3d2c462ef4f2a131e4172c38dc8d9ddf'],1.0,1.0,1.0,True,0.0,2048,True,1
"[""feat"", ""refactor""]","[""feat""]",0.7565240859985352,['e137f9fdbdb6bf3f85c3f7ac9323785e445844c8'],0.5,1.0,0.6666666666666666,False,0.14285714285714285,2048,True,1
"[""test""]","[""test""]",0.3970005512237549,['e0198f74b81da3663144cfe1d971939319f82a0f'],1.0,1.0,1.0,True,0.0,2048,True,1
"[""ci""]","[""ci""]",0.42232584953308105,['45837af24a33308a70a3454f0f650f9fe728e272'],1.0,1.0,1.0,True,0.0,2048,True,1
"[""docs""]","[""docs""]",0.38420724868774414,['0cfc5633d37ea06f645649138323f1820e18bdee'],1.0,1.0,1.0,True,0.0,2048,True,1
"[""test""]","[""test""]",0.5636818408966064,['8ee0611fbf0cd89abe7ae588f22e6ecb843598ea'],1.0,1.0,1.0,True,0.0,2048,True,1
"[""docs"", ""feat""]","[""docs""]",0.4434983730316162,['c2ee5cd5e709afd15c5565ee009a0d204403a119'],0.5,1.0,0.6666666666666666,False,0.14285714285714285,2048,True,1
"[""fix""]","[""fix""]",0.2851276397705078,['d1d55e787b7d07f763852602b9939a5394607fd9'],1.0,1.0,1.0,True,0.0,2048,True,1
"[""build""]","[""build""]",0.396176815032959,['c55591ba157298a9c5816693c102a89dfd058830'],1.0,1.0,1.0,True,0.0,2048,True,1
"[""fix""]","[""fix""]",0.3141059875488281,['9be725fa3906323d4bc9788f54eccf74109d632b'],1.0,1.0,1.0,True,0.0,2048,True,1
"[""build""]","[""build""]",0.39717960357666016,['f00a4d3e307b89842250358ee432e6800bb24362'],1.0,1.0,1.0,True,0.0,2048,True,1
"[""docs""]","[""docs""]",0.3746640682220459,['036a0ff49a7dade0e04c9c07071a1ff49133ee24'],1.0,1.0,1.0,True,0.0,2048,True,1
"[""feat"", ""docs""]","[""docs""]",0.5021800994873047,['6d405dfc1675dcad64a2dfac0c0cb0fb28381d21'],0.5,1.0,0.6666666666666666,False,0.14285714285714285,2048,True,1
"[""refactor"", ""build""]","[""refactor""]",0.7896106243133545,['3cca5c314ad6feeffbfe1f14cf49ebd0fd9a95a2'],0.5,1.0,0.6666666666666666,False,0.14285714285714285,2048,True,1
"[""fix"", ""test""]","[""docs""]",0.47240281105041504,['af880ac5b4fecbc6c4f3d1eee0d95f326e8bd9d1'],0.0,0.0,0.0,False,0.42857142857142855,2048,True,1
"[""fix""]","[""fix""]",0.37612438201904297,['c8e0ae8612df3d6f2831acc004aaac332f6105e4'],1.0,1.0,1.0,True,0.0,2048,True,1
"[""refactor"", ""docs""]","[""refactor""]",0.61586594581604,['771857b1df9470ebc15357e8879118a72c649d5b'],0.5,1.0,0.6666666666666666,False,0.14285714285714285,2048,True,1
"[""refactor""]","[""refactor""]",0.3418855667114258,['47ef9104e4a89e80d7cc6c1950bc080841da4a7b'],1.0,1.0,1.0,True,0.0,2048,True,1
"[""refactor"", ""test""]","[""refactor""]",0.7563271522521973,['1db13ec43727aca872a0f3836e4023ed85db665e'],0.5,1.0,0.6666666666666666,False,0.14285714285714285,2048,True,1
"[""fix""]","[""fix""]",0.3151273727416992,['933ab6bb86372913c992567cf9660009900911a7'],1.0,1.0,1.0,True,0.0,2048,True,1
"[""test""]","[""test""]",0.31454014778137207,['e2e8ad25854bd1e7cdbc7f50b50bbd99e04ad47d'],1.0,1.0,1.0,True,0.0,2048,True,1
"[""fix"", ""build""]","[""build""]",0.46735334396362305,['c44cf88a6ec54e5ddd99d8348bcc57b301ec7945'],0.5,1.0,0.6666666666666666,False,0.14285714285714285,2048,True,1
"[""ci""]","[""ci""]",0.37838149070739746,['e96487ad7ce90b141219d9032fa2bed68d5dae6a'],1.0,1.0,1.0,True,0.0,2048,True,1
"[""build""]","[""build""]",0.3720371723175049,['5b81fde8a72cf2e69a10e9f5c4f0bea0a2b8c3e0'],1.0,1.0,1.0,True,0.0,2048,True,1
"[""docs"", ""docs"", ""docs""]","[""docs""]",0.892876148223877,['cb1f48b56ae0de93acb72e48726c7d610a1d538e'],1.0,1.0,1.0,False,0.0,2048,True,1
"[""feat"", ""fix"", ""refactor"", ""docs"", ""test"", ""ci"", ""build""]","[""fix""]",1.0929055213928223,['2561f4ade46fc9d59f289f328cc77733a6443697'],0.14285714285714285,1.0,0.25,False,0.8571428571428571,2048,True,1
"[""refactor""]","[""fix""]",0.35591554641723633,['06e2be4e2019b6fa714e1fcb34485860ef1ede79'],0.0,0.0,0.0,False,0.2857142857142857,2048,True,1
"[""refactor""]","[""refactor""]",0.349231481552124,['36556bf8e0bce4ab6d26eafacbdad04d9614a5d7'],1.0,1.0,1.0,True,0.0,2048,True,1
"[""build"", ""fix""]","[""build""]",0.4770042896270752,['c323d59c607cabc91f17a78528d998f376f30b10'],0.5,1.0,0.6666666666666666,False,0.14285714285714285,2048,True,1
"[""refactor"", ""build""]","[""build""]",0.562436580657959,['e4a11fd5c34942ba12737f1c8c084489428ee274'],0.5,1.0,0.6666666666666666,False,0.14285714285714285,2048,True,1
"[""feat"", ""docs""]","[""refactor""]",0.5735743045806885,['63eab619e6166eb6cab948028a7b89bf059dd878'],0.0,0.0,0.0,False,0.42857142857142855,2048,True,1
"[""docs""]","[""docs""]",0.3480532169342041,['a52a585d74894b3b4eeb8c784fa089ff95cddad0'],1.0,1.0,1.0,True,0.0,2048,True,1
"[""feat"", ""refactor"", ""test"", ""ci"", ""build"", ""docs""]","[""feat""]",0.9885690212249756,['b282e90e2cbb74559aab79eee8443a4d7c85502a'],0.16666666666666666,1.0,0.2857142857142857,False,0.7142857142857143,2048,True,1
"[""feat"", ""test"", ""ci"", ""build"", ""docs""]","[""feat""]",0.793773889541626,['f823cf28652987d43c8324b4f5b203240032383a'],0.2,1.0,0.33333333333333337,False,0.5714285714285714,2048,True,1
"[""feat"", ""refactor""]","[""fix""]",0.5043714046478271,['9ef5c0d14193a9abb09b39856f58477d1f4b0d77'],0.0,0.0,0.0,False,0.42857142857142855,2048,True,1
"[""feat"", ""refactor""]","[""feat""]",0.6031460762023926,['fd8e563cc19ca4684885d4692acee6bebcca4ada'],0.5,1.0,0.6666666666666666,False,0.14285714285714285,2048,True,1
"[""ci""]","[""ci""]",0.38229990005493164,['4cbbd2552ba0de273e1dfe7d453c5b3efed751a3'],1.0,1.0,1.0,True,0.0,2048,True,1
"[""ci"", ""test""]","[""ci""]",0.5852952003479004,['173553c0372e66e03bdab19e0e6c2dd44daa14a0'],0.5,1.0,0.6666666666666666,False,0.14285714285714285,2048,True,1
"[""ci""]","[""ci""]",0.5504171848297119,['32845e1bbd1efb5dbc16f671049509a409ba25ce'],1.0,1.0,1.0,True,0.0,2048,True,1
"[""test""]","[""test""]",0.338482141494751,['229b53a632ea97d47c4be11f096bdd828fb415d8'],1.0,1.0,1.0,True,0.0,2048,True,1
"[""feat"", ""refactor""]","[""refactor""]",0.5017251968383789,['2954a0955ce9af6acb345ed1e8328e145ad30475'],0.5,1.0,0.6666666666666666,False,0.14285714285714285,2048,True,1
"[""refactor"", ""docs""]","[""refactor""]",0.504758358001709,['a62314d9bb632be6af026686615d14b912250512'],0.5,1.0,0.6666666666666666,False,0.14285714285714285,2048,True,1
"[""refactor""]","[""refactor""]",0.6569726467132568,['062daa45cbd5dba6e96e95d8cdcaee89ae30a83c'],1.0,1.0,1.0,True,0.0,2048,True,1
"[""fix"", ""test""]","[""test""]",0.49071574211120605,['bedc7950b24c37809e36a585b7985d5aa5e3e458'],0.5,1.0,0.6666666666666666,False,0.14285714285714285,2048,True,1
"[""feat"", ""refactor""]","[""feat""]",0.7899401187896729,['ded26d768ff432ad3bde3c0aa1e95ce50726100a'],0.5,1.0,0.6666666666666666,False,0.14285714285714285,2048,True,1
"[""feat"", ""test""]","[""test""]",0.506619930267334,['e9617f0854030e70365eb264bcb3b58078e79e9e'],0.5,1.0,0.6666666666666666,False,0.14285714285714285,2048,True,1
"[""feat"", ""build"", ""test""]","[""feat""]",0.7973818778991699,['6ed56ce9ae743ba9a87e6c9643cc06b1de7b748d'],0.3333333333333333,1.0,0.5,False,0.2857142857142857,2048,True,1
"[""feat"", ""docs""]","[""docs""]",0.4282565116882324,['e12d9e77a6fd531a22325337838a841b1c67f00d'],0.5,1.0,0.6666666666666666,False,0.14285714285714285,2048,True,1
"[""feat"", ""refactor""]","[""feat"", ""refactor""]",0.6546549797058105,"['fd8e563cc19ca4684885d4692acee6bebcca4ada', '36556bf8e0bce4ab6d26eafacbdad04d9614a5d7']",1.0,1.0,1.0,True,0.0,2048,True,2
"[""ci"", ""build""]","[""ci"", ""build""]",0.5782649517059326,"['45837af24a33308a70a3454f0f650f9fe728e272', '5b81fde8a72cf2e69a10e9f5c4f0bea0a2b8c3e0']",1.0,1.0,1.0,True,0.0,2048,True,2
"[""feat"", ""refactor"", ""test""]","[""refactor"", ""docs""]",0.6662411689758301,"['535708ae50aecb452560a23356fd396f99ef13a2', 'af880ac5b4fecbc6c4f3d1eee0d95f326e8bd9d1']",0.3333333333333333,0.5,0.4,False,0.42857142857142855,2048,True,2
"[""feat"", ""refactor"", ""docs"", ""test"", ""ci"", ""build""]","[""feat"", ""refactor""]",1.0779001712799072,"['68278b00450f2679761a2999500f6d87a579376b', '63eab619e6166eb6cab948028a7b89bf059dd878']",0.3333333333333333,1.0,0.5,False,0.5714285714285714,2048,True,2
"[""ci"", ""test"", ""refactor""]","[""ci"", ""test""]",0.6045713424682617,"['dbb537a26e388a8d7d17faf131abc30c2f7a84e6', 'f411e58cd510f8a2b980b2f1932003a0c0e9f8f3']",0.6666666666666666,1.0,0.8,False,0.14285714285714285,2048,True,2
"[""test"", ""ci""]","[""test"", ""ci""]",0.5900671482086182,"['e2e8ad25854bd1e7cdbc7f50b50bbd99e04ad47d', 'c5fa7b80438fbd74f4c341f0d3c9bd9e0f4910da']",1.0,1.0,1.0,True,0.0,2048,True,2
"[""ci"", ""build""]","[""ci"", ""build""]",0.6366105079650879,"['45837af24a33308a70a3454f0f650f9fe728e272', '1269431c8a3e7549f10fcbbb4b88ff625c8898b3']",1.0,1.0,1.0,True,0.0,2048,True,2
"[""feat"", ""test"", ""refactor""]","[""feat"", ""test""]",0.7724919319152832,"['1bcf88670b50155b50071e707f98f30cea0b7a24', 'f411e58cd510f8a2b980b2f1932003a0c0e9f8f3']",0.6666666666666666,1.0,0.8,False,0.14285714285714285,2048,True,2
"[""fix"", ""ci""]","[""fix"", ""docs""]",0.47476911544799805,"['9be725fa3906323d4bc9788f54eccf74109d632b', '0cfc5633d37ea06f645649138323f1820e18bdee']",0.5,0.5,0.5,False,0.2857142857142857,2048,True,2
"[""fix"", ""ci""]","[""fix"", ""ci""]",0.43907904624938965,"['9be725fa3906323d4bc9788f54eccf74109d632b', 'e96487ad7ce90b141219d9032fa2bed68d5dae6a']",1.0,1.0,1.0,True,0.0,2048,True,2
"[""build"", ""test""]","[""build"", ""test""]",0.667957067489624,"['1269431c8a3e7549f10fcbbb4b88ff625c8898b3', '317f4eefecddfb1392ca71d551840f446feee302']",1.0,1.0,1.0,True,0.0,2048,True,2
"[""ci"", ""docs""]","[""ci"", ""docs""]",0.4998781681060791,"['dbb537a26e388a8d7d17faf131abc30c2f7a84e6', '0cfc5633d37ea06f645649138323f1820e18bdee']",1.0,1.0,1.0,True,0.0,2048,True,2
"[""refactor"", ""build""]","[""refactor"", ""build""]",0.8288280963897705,"['3cca5c314ad6feeffbfe1f14cf49ebd0fd9a95a2', '454003841aabeb74396d73541378bfa59c75b5db']",1.0,1.0,1.0,True,0.0,2048,True,2
"[""feat"", ""refactor"", ""fix"", ""ci"", ""build"", ""test"", ""docs""]","[""fix"", ""refactor""]",1.272197961807251,"['2561f4ade46fc9d59f289f328cc77733a6443697', '062daa45cbd5dba6e96e95d8cdcaee89ae30a83c']",0.2857142857142857,1.0,0.4444444444444445,False,0.7142857142857143,2048,True,2
"[""fix"", ""ci""]","[""build"", ""ci""]",0.5056636333465576,"['c44cf88a6ec54e5ddd99d8348bcc57b301ec7945', 'dbb537a26e388a8d7d17faf131abc30c2f7a84e6']",0.5,0.5,0.5,False,0.2857142857142857,2048,True,2
"[""build"", ""feat"", ""refactor""]","[""build"", ""refactor""]",0.7213480472564697,"['32b92cfa0b74a6c25990e32ac6aab12b8496794c', '63eab619e6166eb6cab948028a7b89bf059dd878']",0.6666666666666666,1.0,0.8,False,0.14285714285714285,2048,True,2
"[""feat"", ""ci""]","[""feat"", ""docs""]",0.5037188529968262,"['dc5238b2bda98a7c4f2fe9584fc3b0191a408109', 'e12d9e77a6fd531a22325337838a841b1c67f00d']",0.5,0.5,0.5,False,0.2857142857142857,2048,True,2
"[""ci"", ""docs""]","[""ci"", ""docs""]",0.6391704082489014,"['32845e1bbd1efb5dbc16f671049509a409ba25ce', 'bf83c9155e9bee6925aa7102fab53fb803d52533']",1.0,1.0,1.0,True,0.0,2048,True,2
"[""feat"", ""refactor"", ""ci"", ""build"", ""test"", ""docs""]","[""fix"", ""feat""]",1.10044527053833,"['d129eaf9125a967ac86c6c7276bbae6b4d50af36', '6ed56ce9ae743ba9a87e6c9643cc06b1de7b748d']",0.16666666666666666,0.5,0.25,False,0.8571428571428571,2048,True,2
"[""feat"", ""refactor"", ""ci""]","[""feat"", ""ci""]",0.7921032905578613,"['1bcf88670b50155b50071e707f98f30cea0b7a24', '74e9de5ec97dc013a52aa063dff0f40ac74c407b']",0.6666666666666666,1.0,0.8,False,0.14285714285714285,2048,True,2
"[""docs"", ""ci""]","[""docs"", ""ci""]",0.5037581920623779,"['036a0ff49a7dade0e04c9c07071a1ff49133ee24', '4cbbd2552ba0de273e1dfe7d453c5b3efed751a3']",1.0,1.0,1.0,True,0.0,2048,True,2
"[""feat"", ""docs"", ""test"", ""ci""]","[""test"", ""docs""]",0.8855712413787842,"['e9617f0854030e70365eb264bcb3b58078e79e9e', 'cb1f48b56ae0de93acb72e48726c7d610a1d538e']",0.5,1.0,0.6666666666666666,False,0.2857142857142857,2048,True,2
"[""docs"", ""feat""]","[""docs"", ""feat""]",0.5898640155792236,"['aca23027da1295c78fdf42ba9687d8ccc88784d7', 'f823cf28652987d43c8324b4f5b203240032383a']",1.0,1.0,1.0,True,0.0,2048,True,2
"[""refactor"", ""test"", ""ci"", ""build"", ""docs"", ""feat"", ""fix""]","[""refactor"", ""fix""]",1.042039155960083,"['47ef9104e4a89e80d7cc6c1950bc080841da4a7b', '06e2be4e2019b6fa714e1fcb34485860ef1ede79']",0.2857142857142857,1.0,0.4444444444444445,False,0.7142857142857143,2048,True,2
"[""build"", ""ci""]","[""build"", ""ci""]",0.49135661125183105,"['5b81fde8a72cf2e69a10e9f5c4f0bea0a2b8c3e0', 'dbb537a26e388a8d7d17faf131abc30c2f7a84e6']",1.0,1.0,1.0,True,0.0,2048,True,2
"[""build"", ""refactor""]","[""build"", ""refactor""]",0.5271134376525879,"['5b81fde8a72cf2e69a10e9f5c4f0bea0a2b8c3e0', '36556bf8e0bce4ab6d26eafacbdad04d9614a5d7']",1.0,1.0,1.0,True,0.0,2048,True,2
"[""feat"", ""test""]","[""fix"", ""test""]",0.5860977172851562,"['9ef5c0d14193a9abb09b39856f58477d1f4b0d77', 'b7ce2894fd1794064bd6db4ed730bb6cb7728739']",0.5,0.5,0.5,False,0.2857142857142857,2048,True,2
"[""fix"", ""build"", ""docs""]","[""build"", ""docs""]",0.6408779621124268,"['c323d59c607cabc91f17a78528d998f376f30b10', 'c2ee5cd5e709afd15c5565ee009a0d204403a119']",0.6666666666666666,1.0,0.8,False,0.14285714285714285,2048,True,2
"[""fix"", ""ci""]","[""fix"", ""ci""]",0.4363560676574707,"['9be725fa3906323d4bc9788f54eccf74109d632b', 'dbb537a26e388a8d7d17faf131abc30c2f7a84e6']",1.0,1.0,1.0,True,0.0,2048,True,2
"[""fix"", ""ci""]","[""fix"", ""ci""]",0.5776782035827637,"['9be725fa3906323d4bc9788f54eccf74109d632b', 'e7a67d88173566be3cd3aed7e9eeb7e29aabbc57']",1.0,1.0,1.0,True,0.0,2048,True,2
"[""docs"", ""refactor""]","[""docs"", ""refactor""]",0.6377954483032227,"['c2ee5cd5e709afd15c5565ee009a0d204403a119', '062daa45cbd5dba6e96e95d8cdcaee89ae30a83c']",1.0,1.0,1.0,True,0.0,2048,True,2
"[""feat"", ""refactor""]","[""fix"", ""feat""]",0.607574462890625,"['933ab6bb86372913c992567cf9660009900911a7', 'e137f9fdbdb6bf3f85c3f7ac9323785e445844c8']",0.5,0.5,0.5,False,0.2857142857142857,2048,True,2
"[""fix"", ""build""]","[""fix"", ""build""]",0.5330233573913574,"['9be725fa3906323d4bc9788f54eccf74109d632b', 'c44cf88a6ec54e5ddd99d8348bcc57b301ec7945']",1.0,1.0,1.0,True,0.0,2048,True,2
"[""ci"", ""build"", ""test""]","[""ci"", ""docs""]",0.7381560802459717,"['173553c0372e66e03bdab19e0e6c2dd44daa14a0', 'e12d9e77a6fd531a22325337838a841b1c67f00d']",0.3333333333333333,0.5,0.4,False,0.42857142857142855,2048,True,2
"[""ci"", ""feat""]","[""ci"", ""feat""]",0.5506479740142822,"['6c9cb638cb4d1ecc42632fcf389c24898c5b3244', 'f823cf28652987d43c8324b4f5b203240032383a']",1.0,1.0,1.0,True,0.0,2048,True,2
"[""ci"", ""docs"", ""refactor""]","[""ci"", ""docs""]",0.722769021987915,"['74e9de5ec97dc013a52aa063dff0f40ac74c407b', 'c2ee5cd5e709afd15c5565ee009a0d204403a119']",0.6666666666666666,1.0,0.8,False,0.14285714285714285,2048,True,2
"[""test"", ""ci""]","[""test"", ""build""]",0.6147251129150391,"['317f4eefecddfb1392ca71d551840f446feee302', '5b81fde8a72cf2e69a10e9f5c4f0bea0a2b8c3e0']",0.5,0.5,0.5,False,0.2857142857142857,2048,True,2
"[""feat"", ""docs""]","[""docs"", ""feat""]",0.5230224132537842,"['a52a585d74894b3b4eeb8c784fa089ff95cddad0', 'f823cf28652987d43c8324b4f5b203240032383a']",1.0,1.0,1.0,True,0.0,2048,True,2
"[""refactor"", ""build""]","[""refactor"", ""build""]",0.5151185989379883,"['47ef9104e4a89e80d7cc6c1950bc080841da4a7b', '5b81fde8a72cf2e69a10e9f5c4f0bea0a2b8c3e0']",1.0,1.0,1.0,True,0.0,2048,True,2
"[""feat"", ""refactor""]","[""feat"", ""refactor""]",0.7573721408843994,"['e137f9fdbdb6bf3f85c3f7ac9323785e445844c8', '771857b1df9470ebc15357e8879118a72c649d5b']",1.0,1.0,1.0,True,0.0,2048,True,2
"[""feat"", ""build"", ""test"", ""refactor"", ""ci"", ""docs""]","[""feat"", ""fix""]",1.0980873107910156,"['6ed56ce9ae743ba9a87e6c9643cc06b1de7b748d', 'd1d55e787b7d07f763852602b9939a5394607fd9']",0.16666666666666666,0.5,0.25,False,0.8571428571428571,2048,True,2
"[""build"", ""fix""]","[""build"", ""docs""]",0.5040848255157471,"['c323d59c607cabc91f17a78528d998f376f30b10', '0cfc5633d37ea06f645649138323f1820e18bdee']",0.5,0.5,0.5,False,0.2857142857142857,2048,True,2
"[""feat"", ""test"", ""build"", ""refactor"", ""ci"", ""docs""]","[""test"", ""refactor""]",1.112201452255249,"['8ee0611fbf0cd89abe7ae588f22e6ecb843598ea', '2954a0955ce9af6acb345ed1e8328e145ad30475']",0.3333333333333333,1.0,0.5,False,0.5714285714285714,2048,True,2
"[""refactor""]","[""refactor"", ""fix""]",0.43329644203186035,"['36556bf8e0bce4ab6d26eafacbdad04d9614a5d7', 'c8e0ae8612df3d6f2831acc004aaac332f6105e4']",1.0,0.5,0.6666666666666666,False,0.14285714285714285,2048,True,2
"[""refactor"", ""ci""]","[""build"", ""ci""]",0.7010166645050049,"['e4a11fd5c34942ba12737f1c8c084489428ee274', '173553c0372e66e03bdab19e0e6c2dd44daa14a0']",0.5,0.5,0.5,False,0.2857142857142857,2048,True,2
"[""feat"", ""fix"", ""refactor"", ""docs"", ""test"", ""ci"", ""build""]","[""fix"", ""feat""]",1.0784027576446533,"['c8e0ae8612df3d6f2831acc004aaac332f6105e4', 'f9a094918b62534614c47aa8a13f33aec751a1e0']",0.2857142857142857,1.0,0.4444444444444445,False,0.7142857142857143,2048,True,2
"[""fix"", ""refactor"", ""docs"", ""build""]","[""refactor"", ""docs""]",0.8979830741882324,"['771857b1df9470ebc15357e8879118a72c649d5b', '0cfc5633d37ea06f645649138323f1820e18bdee']",0.5,1.0,0.6666666666666666,False,0.2857142857142857,2048,True,2
"[""feat"", ""refactor"", ""build"", ""test""]","[""feat"", ""fix""]",0.8857517242431641,"['6ed56ce9ae743ba9a87e6c9643cc06b1de7b748d', '87d5d4e55ab7149b593d29410f1fe426ba2447d4']",0.25,0.5,0.3333333333333333,False,0.5714285714285714,2048,True,2
"[""refactor"", ""test""]","[""refactor"", ""test""]",0.6997911930084229,"['1db13ec43727aca872a0f3836e4023ed85db665e', '229b53a632ea97d47c4be11f096bdd828fb415d8']",1.0,1.0,1.0,True,0.0,2048,True,2
"[""test"", ""feat""]","[""test"", ""refactor""]",0.7187900543212891,"['317f4eefecddfb1392ca71d551840f446feee302', '63eab619e6166eb6cab948028a7b89bf059dd878']",0.5,0.5,0.5,False,0.2857142857142857,2048,True,2
"[""feat"", ""refactor""]","[""docs"", ""build""]",0.5685615539550781,"['e12d9e77a6fd531a22325337838a841b1c67f00d', 'c44cf88a6ec54e5ddd99d8348bcc57b301ec7945']",0.0,0.0,0.0,False,0.5714285714285714,2048,True,2
"[""refactor"", ""build""]","[""refactor"", ""build""]",0.6684675216674805,"['1db13ec43727aca872a0f3836e4023ed85db665e', '32b92cfa0b74a6c25990e32ac6aab12b8496794c']",1.0,1.0,1.0,True,0.0,2048,True,2
"[""docs"", ""refactor"", ""build""]","[""docs"", ""fix""]",0.7236063480377197,"['c2ee5cd5e709afd15c5565ee009a0d204403a119', 'bed78248c941d57ad4cc20a455147e186e97c7a1']",0.3333333333333333,0.5,0.4,False,0.42857142857142855,2048,True,2
"[""fix"", ""feat"", ""ci"", ""docs""]","[""docs"", ""ci""]",0.8299651145935059,"['bf83c9155e9bee6925aa7102fab53fb803d52533', '173553c0372e66e03bdab19e0e6c2dd44daa14a0']",0.5,1.0,0.6666666666666666,False,0.2857142857142857,2048,True,2
"[""refactor"", ""ci""]","[""refactor"", ""ci""]",0.537224292755127,"['36556bf8e0bce4ab6d26eafacbdad04d9614a5d7', '74e9de5ec97dc013a52aa063dff0f40ac74c407b']",1.0,1.0,1.0,True,0.0,2048,True,2
"[""test"", ""feat""]","[""test"", ""fix""]",0.5796246528625488,"['e9617f0854030e70365eb264bcb3b58078e79e9e', '87d5d4e55ab7149b593d29410f1fe426ba2447d4']",0.5,0.5,0.5,False,0.2857142857142857,2048,True,2
"[""feat"", ""refactor""]","[""feat"", ""refactor""]",0.6637711524963379,"['e137f9fdbdb6bf3f85c3f7ac9323785e445844c8', '47ef9104e4a89e80d7cc6c1950bc080841da4a7b']",1.0,1.0,1.0,True,0.0,2048,True,2
"[""refactor"", ""fix"", ""ci""]","[""fix"", ""ci""]",0.7094523906707764,"['2561f4ade46fc9d59f289f328cc77733a6443697', '74e9de5ec97dc013a52aa063dff0f40ac74c407b']",0.6666666666666666,1.0,0.8,False,0.14285714285714285,2048,True,2
"[""build"", ""ci""]","[""build"", ""ci""]",0.4402787685394287,"['5b81fde8a72cf2e69a10e9f5c4f0bea0a2b8c3e0', 'e96487ad7ce90b141219d9032fa2bed68d5dae6a']",1.0,1.0,1.0,True,0.0,2048,True,2
"[""build"", ""test"", ""ci"", ""docs"", ""feat"", ""fix"", ""refactor""]","[""build"", ""test""]",1.1845519542694092,"['32b92cfa0b74a6c25990e32ac6aab12b8496794c', '8ee0611fbf0cd89abe7ae588f22e6ecb843598ea']",0.2857142857142857,1.0,0.4444444444444445,False,0.7142857142857143,2048,True,2
"[""refactor"", ""ci""]","[""refactor"", ""ci""]",0.6716949939727783,"['1db13ec43727aca872a0f3836e4023ed85db665e', '74e9de5ec97dc013a52aa063dff0f40ac74c407b']",1.0,1.0,1.0,True,0.0,2048,True,2
"[""refactor"", ""build""]","[""fix"", ""build""]",0.6477384567260742,"['2561f4ade46fc9d59f289f328cc77733a6443697', 'c55591ba157298a9c5816693c102a89dfd058830']",0.5,0.5,0.5,False,0.2857142857142857,2048,True,2
"[""build"", ""refactor""]","[""build"", ""refactor""]",0.6103494167327881,"['5b81fde8a72cf2e69a10e9f5c4f0bea0a2b8c3e0', '1db13ec43727aca872a0f3836e4023ed85db665e']",1.0,1.0,1.0,True,0.0,2048,True,2
"[""test"", ""ci"", ""build"", ""feat"", ""refactor""]","[""test"", ""ci""]",0.9960036277770996,"['8ee0611fbf0cd89abe7ae588f22e6ecb843598ea', 'e96487ad7ce90b141219d9032fa2bed68d5dae6a']",0.4,1.0,0.5714285714285715,False,0.42857142857142855,2048,True,2
"[""refactor"", ""test""]","[""test"", ""refactor""]",0.7276384830474854,"['bedc7950b24c37809e36a585b7985d5aa5e3e458', '062daa45cbd5dba6e96e95d8cdcaee89ae30a83c']",1.0,1.0,1.0,True,0.0,2048,True,2
"[""ci"", ""refactor"", ""test"", ""feat""]","[""ci"", ""refactor""]",0.9004611968994141,"['74e9de5ec97dc013a52aa063dff0f40ac74c407b', '63eab619e6166eb6cab948028a7b89bf059dd878']",0.5,1.0,0.6666666666666666,False,0.2857142857142857,2048,True,2
"[""test"", ""docs""]","[""test"", ""docs""]",0.5889050960540771,"['317f4eefecddfb1392ca71d551840f446feee302', 'af880ac5b4fecbc6c4f3d1eee0d95f326e8bd9d1']",1.0,1.0,1.0,True,0.0,2048,True,2
"[""feat"", ""refactor""]","[""feat"", ""fix""]",0.5110127925872803,"['dc5238b2bda98a7c4f2fe9584fc3b0191a408109', '9ef5c0d14193a9abb09b39856f58477d1f4b0d77']",0.5,0.5,0.5,False,0.2857142857142857,2048,True,2
"[""refactor"", ""ci""]","[""build"", ""docs""]",0.5991518497467041,"['e4a11fd5c34942ba12737f1c8c084489428ee274', 'e12d9e77a6fd531a22325337838a841b1c67f00d']",0.0,0.0,0.0,False,0.5714285714285714,2048,True,2
"[""feat"", ""refactor"", ""test"", ""ci"", ""build""]","[""feat"", ""refactor""]",1.0908780097961426,"['6ed56ce9ae743ba9a87e6c9643cc06b1de7b748d', '63eab619e6166eb6cab948028a7b89bf059dd878']",0.4,1.0,0.5714285714285715,False,0.42857142857142855,2048,True,2
"[""ci"", ""docs"", ""feat"", ""refactor""]","[""ci"", ""fix"", ""docs""]",0.8313391208648682,"['dbb537a26e388a8d7d17faf131abc30c2f7a84e6', 'd129eaf9125a967ac86c6c7276bbae6b4d50af36', 'cb1f48b56ae0de93acb72e48726c7d610a1d538e']",0.5,0.6666666666666666,0.5714285714285715,False,0.42857142857142855,2048,True,3
"[""refactor"", ""test"", ""build""]","[""fix"", ""refactor"", ""feat""]",0.8183050155639648,"['933ab6bb86372913c992567cf9660009900911a7', '3cca5c314ad6feeffbfe1f14cf49ebd0fd9a95a2', '6ed56ce9ae743ba9a87e6c9643cc06b1de7b748d']",0.3333333333333333,0.3333333333333333,0.3333333333333333,False,0.5714285714285714,2048,True,3
"[""build"", ""feat"", ""refactor"", ""ci""]","[""build"", ""feat"", ""ci""]",0.9000098705291748,"['5b81fde8a72cf2e69a10e9f5c4f0bea0a2b8c3e0', 'e137f9fdbdb6bf3f85c3f7ac9323785e445844c8', '32845e1bbd1efb5dbc16f671049509a409ba25ce']",0.75,1.0,0.8571428571428571,False,0.14285714285714285,2048,True,3
"[""ci"", ""feat"", ""refactor"", ""docs""]","[""ci"", ""docs"", ""feat""]",0.9118399620056152,"['45837af24a33308a70a3454f0f650f9fe728e272', '6d405dfc1675dcad64a2dfac0c0cb0fb28381d21', 'f823cf28652987d43c8324b4f5b203240032383a']",0.75,1.0,0.8571428571428571,False,0.14285714285714285,2048,True,3
"[""ci"", ""build"", ""docs"", ""fix""]","[""ci"", ""docs"", ""build""]",0.7364661693572998,"['6c9cb638cb4d1ecc42632fcf389c24898c5b3244', 'bf83c9155e9bee6925aa7102fab53fb803d52533', 'c323d59c607cabc91f17a78528d998f376f30b10']",0.75,1.0,0.8571428571428571,False,0.14285714285714285,2048,True,3
"[""test"", ""ci"", ""feat"", ""refactor""]","[""test"", ""docs"", ""fix""]",0.8229658603668213,"['229b53a632ea97d47c4be11f096bdd828fb415d8', 'e12d9e77a6fd531a22325337838a841b1c67f00d', 'd129eaf9125a967ac86c6c7276bbae6b4d50af36']",0.25,0.3333333333333333,0.28571428571428575,False,0.7142857142857143,2048,True,3
"[""feat"", ""docs"", ""refactor""]","[""feat"", ""docs"", ""refactor""]",0.7708175182342529,"['68278b00450f2679761a2999500f6d87a579376b', 'c2ee5cd5e709afd15c5565ee009a0d204403a119', '535708ae50aecb452560a23356fd396f99ef13a2']",1.0,1.0,1.0,True,0.0,2048,True,3
"[""build"", ""ci"", ""docs"", ""fix"", ""refactor""]","[""docs"", ""ci"", ""test""]",0.9167485237121582,"['0cfc5633d37ea06f645649138323f1820e18bdee', '6c9cb638cb4d1ecc42632fcf389c24898c5b3244', 'f411e58cd510f8a2b980b2f1932003a0c0e9f8f3']",0.4,0.6666666666666666,0.5,False,0.5714285714285714,2048,True,3
"[""build"", ""refactor""]","[""build"", ""fix"", ""refactor""]",0.6169772148132324,"['1269431c8a3e7549f10fcbbb4b88ff625c8898b3', '933ab6bb86372913c992567cf9660009900911a7', '36556bf8e0bce4ab6d26eafacbdad04d9614a5d7']",1.0,0.6666666666666666,0.8,False,0.14285714285714285,2048,True,3
"[""test"", ""docs"", ""refactor""]","[""test"", ""fix"", ""docs""]",0.71868896484375,"['c7b25726df94a2530c9b1c0d2b6a0acaa103822f', '933ab6bb86372913c992567cf9660009900911a7', 'c2ee5cd5e709afd15c5565ee009a0d204403a119']",0.6666666666666666,0.6666666666666666,0.6666666666666666,False,0.2857142857142857,2048,True,3
"[""feat"", ""refactor"", ""docs"", ""test"", ""ci"", ""build""]","[""build"", ""refactor"", ""fix""]",1.07936429977417,"['32b92cfa0b74a6c25990e32ac6aab12b8496794c', '771857b1df9470ebc15357e8879118a72c649d5b', '06e2be4e2019b6fa714e1fcb34485860ef1ede79']",0.3333333333333333,0.6666666666666666,0.4444444444444444,False,0.7142857142857143,2048,True,3
"[""test"", ""refactor"", ""ci""]","[""test"", ""docs"", ""build""]",0.719902753829956,"['f411e58cd510f8a2b980b2f1932003a0c0e9f8f3', '036a0ff49a7dade0e04c9c07071a1ff49133ee24', 'c44cf88a6ec54e5ddd99d8348bcc57b301ec7945']",0.3333333333333333,0.3333333333333333,0.3333333333333333,False,0.5714285714285714,2048,True,3
"[""feat"", ""fix"", ""refactor"", ""docs"", ""test"", ""ci"", ""build""]","[""feat"", ""test"", ""refactor""]",1.212148666381836,"['6ed56ce9ae743ba9a87e6c9643cc06b1de7b748d', 'c7b25726df94a2530c9b1c0d2b6a0acaa103822f', '535708ae50aecb452560a23356fd396f99ef13a2']",0.42857142857142855,1.0,0.6,False,0.5714285714285714,2048,True,3
"[""feat"", ""refactor"", ""test"", ""ci"", ""build"", ""docs"", ""fix""]","[""docs"", ""feat"", ""fix""]",1.2203099727630615,"['6d405dfc1675dcad64a2dfac0c0cb0fb28381d21', 'ded26d768ff432ad3bde3c0aa1e95ce50726100a', 'd129eaf9125a967ac86c6c7276bbae6b4d50af36']",0.42857142857142855,1.0,0.6,False,0.5714285714285714,2048,True,3
"[""ci"", ""docs"", ""refactor""]","[""ci"", ""docs"", ""fix""]",0.8609237670898438,"['e7a67d88173566be3cd3aed7e9eeb7e29aabbc57', 'c2ee5cd5e709afd15c5565ee009a0d204403a119', 'bed78248c941d57ad4cc20a455147e186e97c7a1']",0.6666666666666666,0.6666666666666666,0.6666666666666666,False,0.2857142857142857,2048,True,3
"[""ci"", ""docs"", ""refactor"", ""test""]","[""ci"", ""docs"", ""fix""]",0.8789665699005127,"['74e9de5ec97dc013a52aa063dff0f40ac74c407b', 'aca23027da1295c78fdf42ba9687d8ccc88784d7', 'd129eaf9125a967ac86c6c7276bbae6b4d50af36']",0.5,0.6666666666666666,0.5714285714285715,False,0.42857142857142855,2048,True,3
"[""test"", ""refactor"", ""build""]","[""test"", ""fix"", ""build""]",0.7699728012084961,"['c7b25726df94a2530c9b1c0d2b6a0acaa103822f', 'bed78248c941d57ad4cc20a455147e186e97c7a1', 'c55591ba157298a9c5816693c102a89dfd058830']",0.6666666666666666,0.6666666666666666,0.6666666666666666,False,0.2857142857142857,2048,True,3
"[""docs"", ""ci"", ""refactor""]","[""docs"", ""ci"", ""fix""]",0.8049678802490234,"['a52a585d74894b3b4eeb8c784fa089ff95cddad0', 'e7a67d88173566be3cd3aed7e9eeb7e29aabbc57', 'bed78248c941d57ad4cc20a455147e186e97c7a1']",0.6666666666666666,0.6666666666666666,0.6666666666666666,False,0.2857142857142857,2048,True,3
"[""fix"", ""ci"", ""test"", ""build""]","[""build"", ""ci"", ""test""]",0.7731115818023682,"['f00a4d3e307b89842250358ee432e6800bb24362', '6c9cb638cb4d1ecc42632fcf389c24898c5b3244', 'c7b25726df94a2530c9b1c0d2b6a0acaa103822f']",0.75,1.0,0.8571428571428571,False,0.14285714285714285,2048,True,3
"[""feat"", ""feat"", ""feat""]","[""refactor"", ""feat"", ""fix""]",0.713533878326416,"['2954a0955ce9af6acb345ed1e8328e145ad30475', 'dc5238b2bda98a7c4f2fe9584fc3b0191a408109', '9ef5c0d14193a9abb09b39856f58477d1f4b0d77']",1.0,0.3333333333333333,0.5,False,0.2857142857142857,2048,True,3
"[""ci"", ""test"", ""refactor""]","[""ci"", ""test"", ""fix""]",0.7186579704284668,"['4cbbd2552ba0de273e1dfe7d453c5b3efed751a3', 'f411e58cd510f8a2b980b2f1932003a0c0e9f8f3', '06e2be4e2019b6fa714e1fcb34485860ef1ede79']",0.6666666666666666,0.6666666666666666,0.6666666666666666,False,0.2857142857142857,2048,True,3
"[""feat"", ""refactor"", ""ci"", ""build""]","[""feat"", ""refactor"", ""build""]",0.9801168441772461,"['b282e90e2cbb74559aab79eee8443a4d7c85502a', '1db13ec43727aca872a0f3836e4023ed85db665e', '37b1cbfd3d2c462ef4f2a131e4172c38dc8d9ddf']",0.75,1.0,0.8571428571428571,False,0.14285714285714285,2048,True,3
"[""feat"", ""refactor"", ""ci"", ""build"", ""test""]","[""fix"", ""feat"", ""ci""]",1.0979282855987549,"['d129eaf9125a967ac86c6c7276bbae6b4d50af36', 'fd8e563cc19ca4684885d4692acee6bebcca4ada', '173553c0372e66e03bdab19e0e6c2dd44daa14a0']",0.4,0.6666666666666666,0.5,False,0.5714285714285714,2048,True,3
"[""feat"", ""docs"", ""test"", ""ci""]","[""docs"", ""refactor"", ""test""]",0.7975080013275146,"['036a0ff49a7dade0e04c9c07071a1ff49133ee24', '63eab619e6166eb6cab948028a7b89bf059dd878', '229b53a632ea97d47c4be11f096bdd828fb415d8']",0.5,0.6666666666666666,0.5714285714285715,False,0.42857142857142855,2048,True,3
"[""fix"", ""ci"", ""refactor""]","[""test"", ""ci"", ""feat""]",0.8340420722961426,"['c7b25726df94a2530c9b1c0d2b6a0acaa103822f', '32845e1bbd1efb5dbc16f671049509a409ba25ce', 'b282e90e2cbb74559aab79eee8443a4d7c85502a']",0.3333333333333333,0.3333333333333333,0.3333333333333333,False,0.5714285714285714,2048,True,3
"[""feat"", ""refactor"", ""ci"", ""build"", ""test"", ""docs""]","[""feat"", ""build"", ""refactor""]",0.9982237815856934,"['f9a094918b62534614c47aa8a13f33aec751a1e0', '5b81fde8a72cf2e69a10e9f5c4f0bea0a2b8c3e0', '36556bf8e0bce4ab6d26eafacbdad04d9614a5d7']",0.5,1.0,0.6666666666666666,False,0.42857142857142855,2048,True,3
"[""feat"", ""build"", ""ci"", ""refactor""]","[""feat"", ""build"", ""docs""]",0.9072463512420654,"['e137f9fdbdb6bf3f85c3f7ac9323785e445844c8', '37b1cbfd3d2c462ef4f2a131e4172c38dc8d9ddf', 'e12d9e77a6fd531a22325337838a841b1c67f00d']",0.5,0.6666666666666666,0.5714285714285715,False,0.42857142857142855,2048,True,3
"[""fix"", ""refactor"", ""ci""]","[""build"", ""refactor"", ""ci""]",0.7176122665405273,"['f00a4d3e307b89842250358ee432e6800bb24362', '36556bf8e0bce4ab6d26eafacbdad04d9614a5d7', '4cbbd2552ba0de273e1dfe7d453c5b3efed751a3']",0.6666666666666666,0.6666666666666666,0.6666666666666666,False,0.2857142857142857,2048,True,3
"[""feat"", ""docs"", ""ci"", ""build""]","[""docs"", ""ci"", ""build""]",0.894827127456665,"['cb1f48b56ae0de93acb72e48726c7d610a1d538e', 'e96487ad7ce90b141219d9032fa2bed68d5dae6a', '454003841aabeb74396d73541378bfa59c75b5db']",0.75,1.0,0.8571428571428571,False,0.14285714285714285,2048,True,3
"[""fix"", ""test"", ""build""]","[""fix"", ""test"", ""build""]",0.6894571781158447,"['d129eaf9125a967ac86c6c7276bbae6b4d50af36', 'e2e8ad25854bd1e7cdbc7f50b50bbd99e04ad47d', '1269431c8a3e7549f10fcbbb4b88ff625c8898b3']",1.0,1.0,1.0,True,0.0,2048,True,3
"[""feat"", ""docs"", ""refactor"", ""test"", ""ci"", ""build""]","[""refactor"", ""docs"", ""feat""]",1.0898067951202393,"['2954a0955ce9af6acb345ed1e8328e145ad30475', 'a52a585d74894b3b4eeb8c784fa089ff95cddad0', 'b282e90e2cbb74559aab79eee8443a4d7c85502a']",0.5,1.0,0.6666666666666666,False,0.42857142857142855,2048,True,3
"[""fix"", ""refactor"", ""test""]","[""docs"", ""refactor"", ""test""]",0.8410358428955078,"['0cfc5633d37ea06f645649138323f1820e18bdee', '1db13ec43727aca872a0f3836e4023ed85db665e', 'bedc7950b24c37809e36a585b7985d5aa5e3e458']",0.6666666666666666,0.6666666666666666,0.6666666666666666,False,0.2857142857142857,2048,True,3
"[""fix"", ""build"", ""test""]","[""fix"", ""docs"", ""test""]",0.657170295715332,"['933ab6bb86372913c992567cf9660009900911a7', '0cfc5633d37ea06f645649138323f1820e18bdee', 'c7b25726df94a2530c9b1c0d2b6a0acaa103822f']",0.6666666666666666,0.6666666666666666,0.6666666666666666,False,0.2857142857142857,2048,True,3
"[""refactor"", ""ci"", ""test""]","[""refactor"", ""ci"", ""test""]",0.7108635902404785,"['36556bf8e0bce4ab6d26eafacbdad04d9614a5d7', '6c9cb638cb4d1ecc42632fcf389c24898c5b3244', '229b53a632ea97d47c4be11f096bdd828fb415d8']",1.0,1.0,1.0,True,0.0,2048,True,3
"[""ci"", ""test"", ""docs"", ""feat""]","[""ci"", ""test"", ""docs""]",0.9047060012817383,"['c5fa7b80438fbd74f4c341f0d3c9bd9e0f4910da', '229b53a632ea97d47c4be11f096bdd828fb415d8', 'aca23027da1295c78fdf42ba9687d8ccc88784d7']",0.75,1.0,0.8571428571428571,False,0.14285714285714285,2048,True,3
"[""feat"", ""build"", ""refactor""]","[""feat"", ""docs"", ""fix""]",0.7970073223114014,"['f823cf28652987d43c8324b4f5b203240032383a', '0cfc5633d37ea06f645649138323f1820e18bdee', '9ef5c0d14193a9abb09b39856f58477d1f4b0d77']",0.3333333333333333,0.3333333333333333,0.3333333333333333,False,0.5714285714285714,2048,True,3
"[""test"", ""ci"", ""build"", ""refactor""]","[""test"", ""fix"", ""build""]",0.8959255218505859,"['317f4eefecddfb1392ca71d551840f446feee302', '06e2be4e2019b6fa714e1fcb34485860ef1ede79', 'c55591ba157298a9c5816693c102a89dfd058830']",0.5,0.6666666666666666,0.5714285714285715,False,0.42857142857142855,2048,True,3
"[""feat"", ""fix"", ""refactor"", ""docs"", ""test"", ""ci"", ""build""]","[""feat"", ""docs"", ""refactor""]",1.1646599769592285,"['e137f9fdbdb6bf3f85c3f7ac9323785e445844c8', 'bf83c9155e9bee6925aa7102fab53fb803d52533', '36556bf8e0bce4ab6d26eafacbdad04d9614a5d7']",0.42857142857142855,1.0,0.6,False,0.5714285714285714,2048,True,3
"[""feat"", ""build"", ""refactor""]","[""fix"", ""ci"", ""build""]",0.6758167743682861,"['d129eaf9125a967ac86c6c7276bbae6b4d50af36', '6c9cb638cb4d1ecc42632fcf389c24898c5b3244', 'c44cf88a6ec54e5ddd99d8348bcc57b301ec7945']",0.3333333333333333,0.3333333333333333,0.3333333333333333,False,0.5714285714285714,2048,True,3
"[""fix"", ""feat"", ""docs""]","[""fix"", ""refactor"", ""docs""]",0.6947569847106934,"['2561f4ade46fc9d59f289f328cc77733a6443697', '2954a0955ce9af6acb345ed1e8328e145ad30475', 'a52a585d74894b3b4eeb8c784fa089ff95cddad0']",0.6666666666666666,0.6666666666666666,0.6666666666666666,False,0.2857142857142857,2048,True,3
"[""build"", ""fix""]","[""build"", ""feat"", ""fix""]",0.5559959411621094,"['c55591ba157298a9c5816693c102a89dfd058830', 'dc5238b2bda98a7c4f2fe9584fc3b0191a408109', '9be725fa3906323d4bc9788f54eccf74109d632b']",1.0,0.6666666666666666,0.8,False,0.14285714285714285,2048,True,3
"[""test"", ""refactor""]","[""test"", ""refactor"", ""feat""]",0.6890890598297119,"['229b53a632ea97d47c4be11f096bdd828fb415d8', '36556bf8e0bce4ab6d26eafacbdad04d9614a5d7', 'ded26d768ff432ad3bde3c0aa1e95ce50726100a']",1.0,0.6666666666666666,0.8,False,0.14285714285714285,2048,True,3
"[""test"", ""ci"", ""build""]","[""test"", ""build"", ""ci""]",0.8368504047393799,"['e0198f74b81da3663144cfe1d971939319f82a0f', 'c55591ba157298a9c5816693c102a89dfd058830', 'e7a67d88173566be3cd3aed7e9eeb7e29aabbc57']",1.0,1.0,1.0,True,0.0,2048,True,3
"[""feat"", ""test"", ""refactor"", ""docs""]","[""test"", ""fix"", ""docs""]",0.8895013332366943,"['bedc7950b24c37809e36a585b7985d5aa5e3e458', '933ab6bb86372913c992567cf9660009900911a7', '6d405dfc1675dcad64a2dfac0c0cb0fb28381d21']",0.5,0.6666666666666666,0.5714285714285715,False,0.42857142857142855,2048,True,3
"[""fix"", ""test"", ""refactor"", ""ci"", ""build"", ""docs""]","[""fix"", ""build"", ""test""]",1.0742485523223877,"['d129eaf9125a967ac86c6c7276bbae6b4d50af36', '32b92cfa0b74a6c25990e32ac6aab12b8496794c', '317f4eefecddfb1392ca71d551840f446feee302']",0.5,1.0,0.6666666666666666,False,0.42857142857142855,2048,True,3
"[""feat"", ""fix"", ""refactor"", ""docs"", ""test"", ""ci"", ""build""]","[""feat"", ""fix"", ""ci""]",1.2444815635681152,"['f823cf28652987d43c8324b4f5b203240032383a', '9be725fa3906323d4bc9788f54eccf74109d632b', '32845e1bbd1efb5dbc16f671049509a409ba25ce']",0.42857142857142855,1.0,0.6,False,0.5714285714285714,2048,True,3
"[""feat"", ""build"", ""docs""]","[""fix"", ""docs"", ""build""]",0.7406120300292969,"['9ef5c0d14193a9abb09b39856f58477d1f4b0d77', 'a52a585d74894b3b4eeb8c784fa089ff95cddad0', '37b1cbfd3d2c462ef4f2a131e4172c38dc8d9ddf']",0.6666666666666666,0.6666666666666666,0.6666666666666666,False,0.2857142857142857,2048,True,3
"[""feat"", ""ci"", ""docs""]","[""fix"", ""ci"", ""docs""]",0.6896748542785645,"['87d5d4e55ab7149b593d29410f1fe426ba2447d4', '4cbbd2552ba0de273e1dfe7d453c5b3efed751a3', '6d405dfc1675dcad64a2dfac0c0cb0fb28381d21']",0.6666666666666666,0.6666666666666666,0.6666666666666666,False,0.2857142857142857,2048,True,3
"[""feat"", ""docs"", ""refactor"", ""build""]","[""feat"", ""docs"", ""fix""]",0.9904942512512207,"['fd8e563cc19ca4684885d4692acee6bebcca4ada', 'cb1f48b56ae0de93acb72e48726c7d610a1d538e', 'bed78248c941d57ad4cc20a455147e186e97c7a1']",0.5,0.6666666666666666,0.5714285714285715,False,0.42857142857142855,2048,True,3
"[""refactor"", ""feat"", ""test"", ""ci"", ""build"", ""docs""]","[""feat"", ""fix"", ""refactor""]",1.1608083248138428,"['1bcf88670b50155b50071e707f98f30cea0b7a24', '9ef5c0d14193a9abb09b39856f58477d1f4b0d77', '062daa45cbd5dba6e96e95d8cdcaee89ae30a83c']",0.3333333333333333,0.6666666666666666,0.4444444444444444,False,0.7142857142857143,2048,True,3
"[""fix"", ""docs"", ""build"", ""test"", ""feat""]","[""fix"", ""docs"", ""test""]",1.002687931060791,"['bed78248c941d57ad4cc20a455147e186e97c7a1', 'a52a585d74894b3b4eeb8c784fa089ff95cddad0', 'e9617f0854030e70365eb264bcb3b58078e79e9e']",0.6,1.0,0.7499999999999999,False,0.2857142857142857,2048,True,3
"[""feat"", ""fix"", ""refactor"", ""docs"", ""test"", ""ci"", ""build""]","[""docs"", ""ci"", ""feat""]",1.195223331451416,"['c2ee5cd5e709afd15c5565ee009a0d204403a119', 'dbb537a26e388a8d7d17faf131abc30c2f7a84e6', 'ded26d768ff432ad3bde3c0aa1e95ce50726100a']",0.42857142857142855,1.0,0.6,False,0.5714285714285714,2048,True,3
"[""build"", ""ci"", ""refactor""]","[""build"", ""ci"", ""refactor""]",0.8063950538635254,"['454003841aabeb74396d73541378bfa59c75b5db', 'dbb537a26e388a8d7d17faf131abc30c2f7a84e6', '062daa45cbd5dba6e96e95d8cdcaee89ae30a83c']",1.0,1.0,1.0,True,0.0,2048,True,3
"[""feat"", ""test"", ""ci"", ""build""]","[""feat"", ""fix"", ""test""]",0.8728492259979248,"['fd8e563cc19ca4684885d4692acee6bebcca4ada', 'd1d55e787b7d07f763852602b9939a5394607fd9', 'b7ce2894fd1794064bd6db4ed730bb6cb7728739']",0.5,0.6666666666666666,0.5714285714285715,False,0.42857142857142855,2048,True,3
"[""docs"", ""test"", ""ci"", ""build""]","[""docs"", ""test"", ""build""]",0.8473553657531738,"['bf83c9155e9bee6925aa7102fab53fb803d52533', 'b7ce2894fd1794064bd6db4ed730bb6cb7728739', '37b1cbfd3d2c462ef4f2a131e4172c38dc8d9ddf']",0.75,1.0,0.8571428571428571,False,0.14285714285714285,2048,True,3
"[""feat"", ""ci"", ""test""]","[""fix"", ""ci"", ""test""]",0.8234350681304932,"['d129eaf9125a967ac86c6c7276bbae6b4d50af36', 'e7a67d88173566be3cd3aed7e9eeb7e29aabbc57', '317f4eefecddfb1392ca71d551840f446feee302']",0.6666666666666666,0.6666666666666666,0.6666666666666666,False,0.2857142857142857,2048,True,3
"[""docs"", ""build"", ""refactor""]","[""docs"", ""fix"", ""ci""]",0.7131145000457764,"['c2ee5cd5e709afd15c5565ee009a0d204403a119', 'd1d55e787b7d07f763852602b9939a5394607fd9', '6c9cb638cb4d1ecc42632fcf389c24898c5b3244']",0.3333333333333333,0.3333333333333333,0.3333333333333333,False,0.5714285714285714,2048,True,3
"[""ci"", ""refactor"", ""docs""]","[""ci"", ""fix"", ""docs""]",0.6748814582824707,"['dbb537a26e388a8d7d17faf131abc30c2f7a84e6', 'c8e0ae8612df3d6f2831acc004aaac332f6105e4', 'e12d9e77a6fd531a22325337838a841b1c67f00d']",0.6666666666666666,0.6666666666666666,0.6666666666666666,False,0.2857142857142857,2048,True,3
"[""build"", ""docs"", ""feat"", ""refactor"", ""test""]","[""build"", ""docs"", ""refactor""]",0.9245278835296631,"['c55591ba157298a9c5816693c102a89dfd058830', 'c2ee5cd5e709afd15c5565ee009a0d204403a119', 'a62314d9bb632be6af026686615d14b912250512']",0.6,1.0,0.7499999999999999,False,0.2857142857142857,2048,True,3
"[""fix"", ""refactor"", ""ci"", ""build"", ""test"", ""docs""]","[""fix"", ""build"", ""refactor""]",1.0652992725372314,"['d1d55e787b7d07f763852602b9939a5394607fd9', '32b92cfa0b74a6c25990e32ac6aab12b8496794c', '062daa45cbd5dba6e96e95d8cdcaee89ae30a83c']",0.5,1.0,0.6666666666666666,False,0.42857142857142855,2048,True,3
"[""test"", ""ci"", ""build"", ""refactor""]","[""test"", ""docs"", ""build""]",0.8456559181213379,"['f411e58cd510f8a2b980b2f1932003a0c0e9f8f3', 'af880ac5b4fecbc6c4f3d1eee0d95f326e8bd9d1', '1269431c8a3e7549f10fcbbb4b88ff625c8898b3']",0.5,0.6666666666666666,0.5714285714285715,False,0.42857142857142855,2048,True,3
"[""feat"", ""test"", ""refactor"", ""ci"", ""build"", ""docs""]","[""feat"", ""fix"", ""test""]",1.091407299041748,"['f9a094918b62534614c47aa8a13f33aec751a1e0', '87d5d4e55ab7149b593d29410f1fe426ba2447d4', '317f4eefecddfb1392ca71d551840f446feee302']",0.3333333333333333,0.6666666666666666,0.4444444444444444,False,0.7142857142857143,2048,True,3
"[""test"", ""feat"", ""build""]","[""test"", ""fix"", ""feat""]",0.7230417728424072,"['229b53a632ea97d47c4be11f096bdd828fb415d8', 'c8e0ae8612df3d6f2831acc004aaac332f6105e4', 'f823cf28652987d43c8324b4f5b203240032383a']",0.6666666666666666,0.6666666666666666,0.6666666666666666,False,0.2857142857142857,2048,True,3
"[""feat"", ""fix"", ""refactor"", ""docs"", ""test"", ""ci"", ""build""]","[""feat"", ""fix"", ""docs""]",1.0853772163391113,"['dc5238b2bda98a7c4f2fe9584fc3b0191a408109', '06e2be4e2019b6fa714e1fcb34485860ef1ede79', 'af880ac5b4fecbc6c4f3d1eee0d95f326e8bd9d1']",0.42857142857142855,1.0,0.6,False,0.5714285714285714,2048,True,3
"[""ci"", ""feat"", ""refactor"", ""test""]","[""ci"", ""docs"", ""test""]",0.8457963466644287,"['173553c0372e66e03bdab19e0e6c2dd44daa14a0', 'e12d9e77a6fd531a22325337838a841b1c67f00d', 'c7b25726df94a2530c9b1c0d2b6a0acaa103822f']",0.5,0.6666666666666666,0.5714285714285715,False,0.42857142857142855,2048,True,3
"[""ci"", ""refactor"", ""docs""]","[""ci"", ""fix"", ""docs""]",0.6950385570526123,"['dbb537a26e388a8d7d17faf131abc30c2f7a84e6', '2561f4ade46fc9d59f289f328cc77733a6443697', 'e12d9e77a6fd531a22325337838a841b1c67f00d']",0.6666666666666666,0.6666666666666666,0.6666666666666666,False,0.2857142857142857,2048,True,3
"[""feat"", ""test"", ""ci"", ""build""]","[""feat"", ""fix"", ""test""]",0.8416779041290283,"['f823cf28652987d43c8324b4f5b203240032383a', '9ef5c0d14193a9abb09b39856f58477d1f4b0d77', '229b53a632ea97d47c4be11f096bdd828fb415d8']",0.5,0.6666666666666666,0.5714285714285715,False,0.42857142857142855,2048,True,3
"[""feat"", ""ci"", ""refactor"", ""docs"", ""test"", ""build""]","[""docs"", ""ci"", ""feat""]",1.1809697151184082,"['6d405dfc1675dcad64a2dfac0c0cb0fb28381d21', '173553c0372e66e03bdab19e0e6c2dd44daa14a0', 'b282e90e2cbb74559aab79eee8443a4d7c85502a']",0.5,1.0,0.6666666666666666,False,0.42857142857142855,2048,True,3
"[""ci"", ""docs"", ""feat"", ""refactor""]","[""ci"", ""docs"", ""build""]",0.8743205070495605,"['c5fa7b80438fbd74f4c341f0d3c9bd9e0f4910da', '036a0ff49a7dade0e04c9c07071a1ff49133ee24', 'c44cf88a6ec54e5ddd99d8348bcc57b301ec7945']",0.5,0.6666666666666666,0.5714285714285715,False,0.42857142857142855,2048,True,3
"[""ci"", ""refactor"", ""build""]","[""ci"", ""feat"", ""build""]",0.8793222904205322,"['32845e1bbd1efb5dbc16f671049509a409ba25ce', 'b282e90e2cbb74559aab79eee8443a4d7c85502a', '37b1cbfd3d2c462ef4f2a131e4172c38dc8d9ddf']",0.6666666666666666,0.6666666666666666,0.6666666666666666,False,0.2857142857142857,2048,True,3
"[""test"", ""build"", ""feat"", ""fix""]","[""test"", ""build"", ""fix"", ""feat""]",0.8655292987823486,"['e0198f74b81da3663144cfe1d971939319f82a0f', 'f00a4d3e307b89842250358ee432e6800bb24362', 'd129eaf9125a967ac86c6c7276bbae6b4d50af36', 'dc5238b2bda98a7c4f2fe9584fc3b0191a408109']",1.0,1.0,1.0,True,0.0,2048,True,4
"[""ci"", ""docs"", ""feat"", ""refactor"", ""test""]","[""ci"", ""build"", ""test"", ""docs""]",1.0071101188659668,"['c5fa7b80438fbd74f4c341f0d3c9bd9e0f4910da', '1269431c8a3e7549f10fcbbb4b88ff625c8898b3', 'e2e8ad25854bd1e7cdbc7f50b50bbd99e04ad47d', '036a0ff49a7dade0e04c9c07071a1ff49133ee24']",0.6,0.75,0.6666666666666665,False,0.42857142857142855,2048,True,4
"[""refactor"", ""docs"", ""test""]","[""refactor"", ""feat"", ""docs"", ""test""]",0.8360702991485596,"['3cca5c314ad6feeffbfe1f14cf49ebd0fd9a95a2', 'dc5238b2bda98a7c4f2fe9584fc3b0191a408109', 'aca23027da1295c78fdf42ba9687d8ccc88784d7', '229b53a632ea97d47c4be11f096bdd828fb415d8']",1.0,0.75,0.8571428571428571,False,0.14285714285714285,2048,True,4
"[""fix"", ""build"", ""refactor"", ""test"", ""ci"", ""feat"", ""docs""]","[""fix"", ""test"", ""build"", ""refactor""]",1.2486748695373535,"['d1d55e787b7d07f763852602b9939a5394607fd9', 'bedc7950b24c37809e36a585b7985d5aa5e3e458', 'c55591ba157298a9c5816693c102a89dfd058830', '535708ae50aecb452560a23356fd396f99ef13a2']",0.5714285714285714,1.0,0.7272727272727273,False,0.42857142857142855,2048,True,4
"[""feat"", ""refactor"", ""docs"", ""test"", ""ci"", ""build""]","[""docs"", ""build"", ""ci"", ""feat""]",1.180006742477417,"['a52a585d74894b3b4eeb8c784fa089ff95cddad0', '1269431c8a3e7549f10fcbbb4b88ff625c8898b3', '45837af24a33308a70a3454f0f650f9fe728e272', 'e137f9fdbdb6bf3f85c3f7ac9323785e445844c8']",0.6666666666666666,1.0,0.8,False,0.2857142857142857,2048,True,4
"[""feat"", ""fix"", ""refactor"", ""docs"", ""test"", ""ci"", ""build""]","[""test"", ""fix"", ""refactor"", ""ci""]",1.3010213375091553,"['e9617f0854030e70365eb264bcb3b58078e79e9e', 'bed78248c941d57ad4cc20a455147e186e97c7a1', '535708ae50aecb452560a23356fd396f99ef13a2', 'c5fa7b80438fbd74f4c341f0d3c9bd9e0f4910da']",0.5714285714285714,1.0,0.7272727272727273,False,0.42857142857142855,2048,True,4
"[""ci"", ""feat"", ""refactor"", ""docs"", ""test"", ""build""]","[""ci"", ""fix"", ""feat"", ""refactor""]",1.2108566761016846,"['e7a67d88173566be3cd3aed7e9eeb7e29aabbc57', 'bed78248c941d57ad4cc20a455147e186e97c7a1', 'f823cf28652987d43c8324b4f5b203240032383a', '2954a0955ce9af6acb345ed1e8328e145ad30475']",0.5,0.75,0.6,False,0.5714285714285714,2048,True,4
"[""docs"", ""ci"", ""test"", ""refactor""]","[""docs"", ""ci"", ""test"", ""refactor""]",1.037808895111084,"['aca23027da1295c78fdf42ba9687d8ccc88784d7', '74e9de5ec97dc013a52aa063dff0f40ac74c407b', '317f4eefecddfb1392ca71d551840f446feee302', '3cca5c314ad6feeffbfe1f14cf49ebd0fd9a95a2']",1.0,1.0,1.0,True,0.0,2048,True,4
"[""fix"", ""feat"", ""build"", ""ci"", ""docs"", ""test""]","[""fix"", ""feat"", ""build"", ""docs""]",1.037529706954956,"['9be725fa3906323d4bc9788f54eccf74109d632b', 'e137f9fdbdb6bf3f85c3f7ac9323785e445844c8', 'c323d59c607cabc91f17a78528d998f376f30b10', '0cfc5633d37ea06f645649138323f1820e18bdee']",0.6666666666666666,1.0,0.8,False,0.2857142857142857,2048,True,4
"[""fix"", ""feat"", ""refactor"", ""docs"", ""test"", ""ci"", ""build""]","[""docs"", ""feat"", ""test"", ""fix""]",1.2187681198120117,"['0cfc5633d37ea06f645649138323f1820e18bdee', '1bcf88670b50155b50071e707f98f30cea0b7a24', '229b53a632ea97d47c4be11f096bdd828fb415d8', '87d5d4e55ab7149b593d29410f1fe426ba2447d4']",0.5714285714285714,1.0,0.7272727272727273,False,0.42857142857142855,2048,True,4
"[""build"", ""refactor"", ""test""]","[""build"", ""refactor"", ""test"", ""ci""]",0.7868013381958008,"['c55591ba157298a9c5816693c102a89dfd058830', '062daa45cbd5dba6e96e95d8cdcaee89ae30a83c', 'c7b25726df94a2530c9b1c0d2b6a0acaa103822f', 'dbb537a26e388a8d7d17faf131abc30c2f7a84e6']",1.0,0.75,0.8571428571428571,False,0.14285714285714285,2048,True,4
"[""feat"", ""fix"", ""refactor"", ""test"", ""ci"", ""build"", ""docs""]","[""feat"", ""fix"", ""test"", ""refactor""]",1.1294662952423096,"['dc5238b2bda98a7c4f2fe9584fc3b0191a408109', 'c8e0ae8612df3d6f2831acc004aaac332f6105e4', 'f411e58cd510f8a2b980b2f1932003a0c0e9f8f3', '47ef9104e4a89e80d7cc6c1950bc080841da4a7b']",0.5714285714285714,1.0,0.7272727272727273,False,0.42857142857142855,2048,True,4
"[""feat"", ""docs"", ""test"", ""ci"", ""build""]","[""refactor"", ""docs"", ""test"", ""ci""]",1.0519227981567383,"['63eab619e6166eb6cab948028a7b89bf059dd878', 'aca23027da1295c78fdf42ba9687d8ccc88784d7', 'f411e58cd510f8a2b980b2f1932003a0c0e9f8f3', 'e7a67d88173566be3cd3aed7e9eeb7e29aabbc57']",0.6,0.75,0.6666666666666665,False,0.42857142857142855,2048,True,4
"[""docs"", ""refactor"", ""test"", ""build""]","[""docs"", ""refactor"", ""test"", ""fix""]",0.9615318775177002,"['aca23027da1295c78fdf42ba9687d8ccc88784d7', '062daa45cbd5dba6e96e95d8cdcaee89ae30a83c', 'b7ce2894fd1794064bd6db4ed730bb6cb7728739', '06e2be4e2019b6fa714e1fcb34485860ef1ede79']",0.75,0.75,0.75,False,0.2857142857142857,2048,True,4
"[""test"", ""docs"", ""build"", ""ci""]","[""test"", ""docs"", ""build"", ""ci""]",0.941563606262207,"['317f4eefecddfb1392ca71d551840f446feee302', 'aca23027da1295c78fdf42ba9687d8ccc88784d7', 'f00a4d3e307b89842250358ee432e6800bb24362', '32845e1bbd1efb5dbc16f671049509a409ba25ce']",1.0,1.0,1.0,True,0.0,2048,True,4
"[""refactor"", ""test"", ""ci"", ""build"", ""docs""]","[""fix"", ""refactor"", ""docs"", ""test""]",1.0112311840057373,"['933ab6bb86372913c992567cf9660009900911a7', '3cca5c314ad6feeffbfe1f14cf49ebd0fd9a95a2', 'a52a585d74894b3b4eeb8c784fa089ff95cddad0', '229b53a632ea97d47c4be11f096bdd828fb415d8']",0.6,0.75,0.6666666666666665,False,0.42857142857142855,2048,True,4
"[""feat"", ""docs"", ""build"", ""ci"", ""refactor""]","[""refactor"", ""ci"", ""docs"", ""build""]",1.0008816719055176,"['63eab619e6166eb6cab948028a7b89bf059dd878', '6c9cb638cb4d1ecc42632fcf389c24898c5b3244', 'a52a585d74894b3b4eeb8c784fa089ff95cddad0', 'c55591ba157298a9c5816693c102a89dfd058830']",0.8,1.0,0.888888888888889,False,0.14285714285714285,2048,True,4
"[""ci"", ""build"", ""test"", ""refactor""]","[""ci"", ""build"", ""test"", ""fix""]",0.957446813583374,"['173553c0372e66e03bdab19e0e6c2dd44daa14a0', 'c55591ba157298a9c5816693c102a89dfd058830', '8ee0611fbf0cd89abe7ae588f22e6ecb843598ea', '87d5d4e55ab7149b593d29410f1fe426ba2447d4']",0.75,0.75,0.75,False,0.2857142857142857,2048,True,4
"[""ci"", ""feat"", ""refactor""]","[""ci"", ""build"", ""feat"", ""fix""]",0.8045432567596436,"['32845e1bbd1efb5dbc16f671049509a409ba25ce', '32b92cfa0b74a6c25990e32ac6aab12b8496794c', 'fd8e563cc19ca4684885d4692acee6bebcca4ada', '933ab6bb86372913c992567cf9660009900911a7']",0.6666666666666666,0.5,0.5714285714285715,False,0.42857142857142855,2048,True,4
"[""test"", ""build"", ""refactor""]","[""test"", ""build"", ""fix"", ""feat""]",0.878807783126831,"['317f4eefecddfb1392ca71d551840f446feee302', '454003841aabeb74396d73541378bfa59c75b5db', '933ab6bb86372913c992567cf9660009900911a7', '6ed56ce9ae743ba9a87e6c9643cc06b1de7b748d']",0.6666666666666666,0.5,0.5714285714285715,False,0.42857142857142855,2048,True,4
"[""fix"", ""feat"", ""test"", ""refactor""]","[""fix"", ""docs"", ""test"", ""refactor""]",0.908564567565918,"['d1d55e787b7d07f763852602b9939a5394607fd9', '6d405dfc1675dcad64a2dfac0c0cb0fb28381d21', 'e0198f74b81da3663144cfe1d971939319f82a0f', '36556bf8e0bce4ab6d26eafacbdad04d9614a5d7']",0.75,0.75,0.75,False,0.2857142857142857,2048,True,4
"[""ci"", ""feat"", ""fix"", ""docs"", ""build""]","[""ci"", ""docs"", ""build"", ""feat""]",1.0329155921936035,"['e7a67d88173566be3cd3aed7e9eeb7e29aabbc57', '6d405dfc1675dcad64a2dfac0c0cb0fb28381d21', 'c44cf88a6ec54e5ddd99d8348bcc57b301ec7945', 'f9a094918b62534614c47aa8a13f33aec751a1e0']",0.8,1.0,0.888888888888889,False,0.14285714285714285,2048,True,4
"[""feat"", ""fix"", ""test"", ""refactor"", ""docs""]","[""fix"", ""test"", ""feat"", ""docs""]",1.1627006530761719,"['2561f4ade46fc9d59f289f328cc77733a6443697', 'e0198f74b81da3663144cfe1d971939319f82a0f', '1bcf88670b50155b50071e707f98f30cea0b7a24', '6d405dfc1675dcad64a2dfac0c0cb0fb28381d21']",0.8,1.0,0.888888888888889,False,0.14285714285714285,2048,True,4
"[""ci"", ""test"", ""refactor""]","[""ci"", ""fix"", ""test"", ""docs""]",0.7589006423950195,"['4cbbd2552ba0de273e1dfe7d453c5b3efed751a3', '933ab6bb86372913c992567cf9660009900911a7', 'b7ce2894fd1794064bd6db4ed730bb6cb7728739', 'af880ac5b4fecbc6c4f3d1eee0d95f326e8bd9d1']",0.6666666666666666,0.5,0.5714285714285715,False,0.42857142857142855,2048,True,4
"[""feat"", ""refactor"", ""ci"", ""build"", ""docs"", ""test""]","[""feat"", ""ci"", ""refactor"", ""fix""]",1.185142993927002,"['f823cf28652987d43c8324b4f5b203240032383a', '45837af24a33308a70a3454f0f650f9fe728e272', '36556bf8e0bce4ab6d26eafacbdad04d9614a5d7', 'bed78248c941d57ad4cc20a455147e186e97c7a1']",0.5,0.75,0.6,False,0.5714285714285714,2048,True,4
"[""feat"", ""fix"", ""refactor"", ""docs"", ""test"", ""ci"", ""build""]","[""refactor"", ""feat"", ""docs"", ""build""]",1.2593412399291992,"['63eab619e6166eb6cab948028a7b89bf059dd878', 'e137f9fdbdb6bf3f85c3f7ac9323785e445844c8', 'a52a585d74894b3b4eeb8c784fa089ff95cddad0', 'f00a4d3e307b89842250358ee432e6800bb24362']",0.5714285714285714,1.0,0.7272727272727273,False,0.42857142857142855,2048,True,4
"[""build"", ""test"", ""refactor"", ""ci"", ""feat"", ""fix"", ""docs""]","[""build"", ""test"", ""ci"", ""refactor""]",1.3504769802093506,"['1269431c8a3e7549f10fcbbb4b88ff625c8898b3', '8ee0611fbf0cd89abe7ae588f22e6ecb843598ea', '45837af24a33308a70a3454f0f650f9fe728e272', '63eab619e6166eb6cab948028a7b89bf059dd878']",0.5714285714285714,1.0,0.7272727272727273,False,0.42857142857142855,2048,True,4
"[""feat"", ""fix"", ""refactor"", ""docs"", ""test"", ""ci"", ""build""]","[""build"", ""docs"", ""feat"", ""fix""]",1.3289258480072021,"['37b1cbfd3d2c462ef4f2a131e4172c38dc8d9ddf', '6d405dfc1675dcad64a2dfac0c0cb0fb28381d21', 'b282e90e2cbb74559aab79eee8443a4d7c85502a', '2561f4ade46fc9d59f289f328cc77733a6443697']",0.5714285714285714,1.0,0.7272727272727273,False,0.42857142857142855,2048,True,4
"[""build"", ""test"", ""ci"", ""feat"", ""refactor""]","[""build"", ""test"", ""ci"", ""feat""]",1.0905392169952393,"['c55591ba157298a9c5816693c102a89dfd058830', '317f4eefecddfb1392ca71d551840f446feee302', 'c5fa7b80438fbd74f4c341f0d3c9bd9e0f4910da', '6ed56ce9ae743ba9a87e6c9643cc06b1de7b748d']",0.8,1.0,0.888888888888889,False,0.14285714285714285,2048,True,4
"[""refactor"", ""fix"", ""docs"", ""build""]","[""fix"", ""build"", ""docs"", ""refactor""]",0.860414981842041,"['933ab6bb86372913c992567cf9660009900911a7', '5b81fde8a72cf2e69a10e9f5c4f0bea0a2b8c3e0', 'c2ee5cd5e709afd15c5565ee009a0d204403a119', '3cca5c314ad6feeffbfe1f14cf49ebd0fd9a95a2']",1.0,1.0,1.0,True,0.0,2048,True,4
"[""refactor"", ""ci""]","[""fix"", ""feat"", ""docs"", ""ci""]",0.6196420192718506,"['933ab6bb86372913c992567cf9660009900911a7', 'dc5238b2bda98a7c4f2fe9584fc3b0191a408109', '036a0ff49a7dade0e04c9c07071a1ff49133ee24', 'e7a67d88173566be3cd3aed7e9eeb7e29aabbc57']",0.5,0.25,0.3333333333333333,False,0.5714285714285714,2048,True,4
"[""fix"", ""feat"", ""refactor"", ""docs"", ""test"", ""ci"", ""build""]","[""docs"", ""fix"", ""feat"", ""refactor""]",1.1226367950439453,"['af880ac5b4fecbc6c4f3d1eee0d95f326e8bd9d1', 'c8e0ae8612df3d6f2831acc004aaac332f6105e4', 'f9a094918b62534614c47aa8a13f33aec751a1e0', '47ef9104e4a89e80d7cc6c1950bc080841da4a7b']",0.5714285714285714,1.0,0.7272727272727273,False,0.42857142857142855,2048,True,4
"[""feat"", ""build"", ""refactor"", ""ci""]","[""fix"", ""build"", ""feat"", ""ci""]",0.9161303043365479,"['d129eaf9125a967ac86c6c7276bbae6b4d50af36', '1269431c8a3e7549f10fcbbb4b88ff625c8898b3', 'e137f9fdbdb6bf3f85c3f7ac9323785e445844c8', '173553c0372e66e03bdab19e0e6c2dd44daa14a0']",0.75,0.75,0.75,False,0.2857142857142857,2048,True,4
"[""feat"", ""fix"", ""refactor"", ""test"", ""build""]","[""feat"", ""refactor"", ""test"", ""build""]",1.0050373077392578,"['dc5238b2bda98a7c4f2fe9584fc3b0191a408109', '771857b1df9470ebc15357e8879118a72c649d5b', 'b7ce2894fd1794064bd6db4ed730bb6cb7728739', 'c323d59c607cabc91f17a78528d998f376f30b10']",0.8,1.0,0.888888888888889,False,0.14285714285714285,2048,True,4
"[""build"", ""test"", ""fix"", ""refactor"", ""ci""]","[""build"", ""test"", ""ci"", ""fix""]",1.0101258754730225,"['5b81fde8a72cf2e69a10e9f5c4f0bea0a2b8c3e0', 'b7ce2894fd1794064bd6db4ed730bb6cb7728739', '74e9de5ec97dc013a52aa063dff0f40ac74c407b', 'd129eaf9125a967ac86c6c7276bbae6b4d50af36']",0.8,1.0,0.888888888888889,False,0.14285714285714285,2048,True,4
"[""refactor"", ""feat"", ""build"", ""ci"", ""test""]","[""docs"", ""feat"", ""build"", ""ci""]",1.0342910289764404,"['af880ac5b4fecbc6c4f3d1eee0d95f326e8bd9d1', 'ded26d768ff432ad3bde3c0aa1e95ce50726100a', '454003841aabeb74396d73541378bfa59c75b5db', '4cbbd2552ba0de273e1dfe7d453c5b3efed751a3']",0.6,0.75,0.6666666666666665,False,0.42857142857142855,2048,True,4
"[""docs"", ""feat"", ""build""]","[""docs"", ""refactor"", ""ci"", ""build""]",0.7748706340789795,"['036a0ff49a7dade0e04c9c07071a1ff49133ee24', '535708ae50aecb452560a23356fd396f99ef13a2', 'e7a67d88173566be3cd3aed7e9eeb7e29aabbc57', 'c55591ba157298a9c5816693c102a89dfd058830']",0.6666666666666666,0.5,0.5714285714285715,False,0.42857142857142855,2048,True,4
"[""feat"", ""build"", ""refactor"", ""docs""]","[""refactor"", ""ci"", ""fix"", ""docs""]",0.8740139007568359,"['2954a0955ce9af6acb345ed1e8328e145ad30475', '6c9cb638cb4d1ecc42632fcf389c24898c5b3244', 'd1d55e787b7d07f763852602b9939a5394607fd9', '6d405dfc1675dcad64a2dfac0c0cb0fb28381d21']",0.5,0.5,0.5,False,0.5714285714285714,2048,True,4
"[""test"", ""ci"", ""docs"", ""feat""]","[""test"", ""ci"", ""docs"", ""feat""]",0.8410308361053467,"['229b53a632ea97d47c4be11f096bdd828fb415d8', '4cbbd2552ba0de273e1dfe7d453c5b3efed751a3', 'bf83c9155e9bee6925aa7102fab53fb803d52533', 'ded26d768ff432ad3bde3c0aa1e95ce50726100a']",1.0,1.0,1.0,True,0.0,2048,True,4
"[""feat"", ""fix"", ""refactor"", ""docs"", ""test"", ""ci"", ""build""]","[""refactor"", ""fix"", ""test"", ""feat""]",1.221924066543579,"['47ef9104e4a89e80d7cc6c1950bc080841da4a7b', '9ef5c0d14193a9abb09b39856f58477d1f4b0d77', 'b7ce2894fd1794064bd6db4ed730bb6cb7728739', '1bcf88670b50155b50071e707f98f30cea0b7a24']",0.5714285714285714,1.0,0.7272727272727273,False,0.42857142857142855,2048,True,4
"[""feat"", ""refactor"", ""ci"", ""build"", ""docs"", ""test""]","[""docs"", ""feat"", ""ci"", ""refactor""]",1.175621747970581,"['e12d9e77a6fd531a22325337838a841b1c67f00d', 'fd8e563cc19ca4684885d4692acee6bebcca4ada', '173553c0372e66e03bdab19e0e6c2dd44daa14a0', '535708ae50aecb452560a23356fd396f99ef13a2']",0.6666666666666666,1.0,0.8,False,0.2857142857142857,2048,True,4
"[""refactor"", ""ci"", ""build""]","[""refactor"", ""feat"", ""docs"", ""ci""]",0.8764331340789795,"['1db13ec43727aca872a0f3836e4023ed85db665e', 'b282e90e2cbb74559aab79eee8443a4d7c85502a', 'e12d9e77a6fd531a22325337838a841b1c67f00d', '74e9de5ec97dc013a52aa063dff0f40ac74c407b']",0.6666666666666666,0.5,0.5714285714285715,False,0.42857142857142855,2048,True,4
"[""docs"", ""ci"", ""build"", ""test"", ""refactor""]","[""docs"", ""ci"", ""refactor"", ""test""]",1.1409547328948975,"['aca23027da1295c78fdf42ba9687d8ccc88784d7', '74e9de5ec97dc013a52aa063dff0f40ac74c407b', '2954a0955ce9af6acb345ed1e8328e145ad30475', 'f411e58cd510f8a2b980b2f1932003a0c0e9f8f3']",0.8,1.0,0.888888888888889,False,0.14285714285714285,2048,True,4
"[""test"", ""ci"", ""fix"", ""refactor""]","[""test"", ""docs"", ""ci"", ""fix""]",0.8581840991973877,"['b7ce2894fd1794064bd6db4ed730bb6cb7728739', 'af880ac5b4fecbc6c4f3d1eee0d95f326e8bd9d1', '6c9cb638cb4d1ecc42632fcf389c24898c5b3244', 'd129eaf9125a967ac86c6c7276bbae6b4d50af36']",0.75,0.75,0.75,False,0.2857142857142857,2048,True,4
"[""ci"", ""test"", ""docs"", ""refactor""]","[""ci"", ""refactor"", ""test"", ""docs""]",0.9614074230194092,"['e7a67d88173566be3cd3aed7e9eeb7e29aabbc57', '36556bf8e0bce4ab6d26eafacbdad04d9614a5d7', '8ee0611fbf0cd89abe7ae588f22e6ecb843598ea', 'c2ee5cd5e709afd15c5565ee009a0d204403a119']",1.0,1.0,1.0,True,0.0,2048,True,4
"[""build"", ""feat"", ""test""]","[""docs"", ""feat"", ""test"", ""build""]",0.8476264476776123,"['0cfc5633d37ea06f645649138323f1820e18bdee', 'fd8e563cc19ca4684885d4692acee6bebcca4ada', 'e9617f0854030e70365eb264bcb3b58078e79e9e', '1269431c8a3e7549f10fcbbb4b88ff625c8898b3']",1.0,0.75,0.8571428571428571,False,0.14285714285714285,2048,True,4
"[""refactor"", ""test"", ""fix""]","[""refactor"", ""feat"", ""test"", ""fix""]",0.8252856731414795,"['47ef9104e4a89e80d7cc6c1950bc080841da4a7b', 'b282e90e2cbb74559aab79eee8443a4d7c85502a', 'e0198f74b81da3663144cfe1d971939319f82a0f', 'bed78248c941d57ad4cc20a455147e186e97c7a1']",1.0,0.75,0.8571428571428571,False,0.14285714285714285,2048,True,4
"[""build"", ""ci"", ""feat"", ""refactor""]","[""build"", ""ci"", ""fix"", ""refactor""]",0.9596273899078369,"['454003841aabeb74396d73541378bfa59c75b5db', '173553c0372e66e03bdab19e0e6c2dd44daa14a0', 'd129eaf9125a967ac86c6c7276bbae6b4d50af36', '63eab619e6166eb6cab948028a7b89bf059dd878']",0.75,0.75,0.75,False,0.2857142857142857,2048,True,4
"[""feat"", ""docs"", ""test"", ""refactor"", ""build""]","[""test"", ""refactor"", ""docs"", ""feat""]",1.0646486282348633,"['e9617f0854030e70365eb264bcb3b58078e79e9e', '2954a0955ce9af6acb345ed1e8328e145ad30475', 'c2ee5cd5e709afd15c5565ee009a0d204403a119', '6ed56ce9ae743ba9a87e6c9643cc06b1de7b748d']",0.8,1.0,0.888888888888889,False,0.14285714285714285,2048,True,4
"[""build"", ""refactor"", ""test""]","[""build"", ""refactor"", ""fix"", ""ci""]",0.7815084457397461,"['454003841aabeb74396d73541378bfa59c75b5db', 'a62314d9bb632be6af026686615d14b912250512', '06e2be4e2019b6fa714e1fcb34485860ef1ede79', '4cbbd2552ba0de273e1dfe7d453c5b3efed751a3']",0.6666666666666666,0.5,0.5714285714285715,False,0.42857142857142855,2048,True,4
"[""feat"", ""fix"", ""refactor"", ""docs"", ""test"", ""ci"", ""build""]","[""feat"", ""test"", ""refactor"", ""ci""]",1.216007947921753,"['b282e90e2cbb74559aab79eee8443a4d7c85502a', 'e2e8ad25854bd1e7cdbc7f50b50bbd99e04ad47d', '63eab619e6166eb6cab948028a7b89bf059dd878', '6c9cb638cb4d1ecc42632fcf389c24898c5b3244']",0.5714285714285714,1.0,0.7272727272727273,False,0.42857142857142855,2048,True,4
"[""fix"", ""refactor"", ""ci"", ""docs"", ""test"", ""build""]","[""docs"", ""fix"", ""test"", ""refactor""]",1.0525672435760498,"['0cfc5633d37ea06f645649138323f1820e18bdee', 'd1d55e787b7d07f763852602b9939a5394607fd9', 'e2e8ad25854bd1e7cdbc7f50b50bbd99e04ad47d', '062daa45cbd5dba6e96e95d8cdcaee89ae30a83c']",0.6666666666666666,1.0,0.8,False,0.2857142857142857,2048,True,4
"[""fix"", ""refactor"", ""ci"", ""build""]","[""refactor"", ""fix"", ""docs"", ""ci""]",0.813673734664917,"['47ef9104e4a89e80d7cc6c1950bc080841da4a7b', 'd129eaf9125a967ac86c6c7276bbae6b4d50af36', '0cfc5633d37ea06f645649138323f1820e18bdee', '45837af24a33308a70a3454f0f650f9fe728e272']",0.75,0.75,0.75,False,0.2857142857142857,2048,True,4
"[""fix"", ""build"", ""test"", ""ci"", ""refactor"", ""docs""]","[""fix"", ""build"", ""ci"", ""test""]",1.21016263961792,"['bed78248c941d57ad4cc20a455147e186e97c7a1', '1269431c8a3e7549f10fcbbb4b88ff625c8898b3', '45837af24a33308a70a3454f0f650f9fe728e272', '8ee0611fbf0cd89abe7ae588f22e6ecb843598ea']",0.6666666666666666,1.0,0.8,False,0.2857142857142857,2048,True,4
"[""build"", ""ci"", ""docs"", ""refactor"", ""test""]","[""build"", ""fix"", ""ci"", ""docs""]",1.1310584545135498,"['454003841aabeb74396d73541378bfa59c75b5db', 'bed78248c941d57ad4cc20a455147e186e97c7a1', '45837af24a33308a70a3454f0f650f9fe728e272', 'c2ee5cd5e709afd15c5565ee009a0d204403a119']",0.6,0.75,0.6666666666666665,False,0.42857142857142855,2048,True,4
"[""ci"", ""refactor"", ""docs"", ""test"", ""build""]","[""ci"", ""refactor"", ""fix"", ""docs""]",1.0006318092346191,"['dbb537a26e388a8d7d17faf131abc30c2f7a84e6', '3cca5c314ad6feeffbfe1f14cf49ebd0fd9a95a2', 'd1d55e787b7d07f763852602b9939a5394607fd9', '6d405dfc1675dcad64a2dfac0c0cb0fb28381d21']",0.6,0.75,0.6666666666666665,False,0.42857142857142855,2048,True,4
"[""feat"", ""fix"", ""refactor"", ""docs"", ""test"", ""ci"", ""build""]","[""fix"", ""ci"", ""docs"", ""refactor""]",1.2165391445159912,"['2561f4ade46fc9d59f289f328cc77733a6443697', '6c9cb638cb4d1ecc42632fcf389c24898c5b3244', 'bf83c9155e9bee6925aa7102fab53fb803d52533', '771857b1df9470ebc15357e8879118a72c649d5b']",0.5714285714285714,1.0,0.7272727272727273,False,0.42857142857142855,2048,True,4
"[""feat"", ""refactor"", ""test"", ""ci"", ""build"", ""docs""]","[""fix"", ""feat"", ""build"", ""docs""]",1.1103270053863525,"['06e2be4e2019b6fa714e1fcb34485860ef1ede79', 'fd8e563cc19ca4684885d4692acee6bebcca4ada', '32b92cfa0b74a6c25990e32ac6aab12b8496794c', '6d405dfc1675dcad64a2dfac0c0cb0fb28381d21']",0.5,0.75,0.6,False,0.5714285714285714,2048,True,4
"[""build"", ""feat"", ""test""]","[""build"", ""ci"", ""test"", ""feat""]",0.8080568313598633,"['c55591ba157298a9c5816693c102a89dfd058830', '45837af24a33308a70a3454f0f650f9fe728e272', 'b7ce2894fd1794064bd6db4ed730bb6cb7728739', 'dc5238b2bda98a7c4f2fe9584fc3b0191a408109']",1.0,0.75,0.8571428571428571,False,0.14285714285714285,2048,True,4
"[""ci"", ""feat"", ""refactor"", ""test""]","[""ci"", ""docs"", ""feat"", ""test""]",0.8999001979827881,"['173553c0372e66e03bdab19e0e6c2dd44daa14a0', 'e12d9e77a6fd531a22325337838a841b1c67f00d', 'f823cf28652987d43c8324b4f5b203240032383a', '229b53a632ea97d47c4be11f096bdd828fb415d8']",0.75,0.75,0.75,False,0.2857142857142857,2048,True,4
"[""refactor"", ""docs"", ""ci"", ""test""]","[""refactor"", ""docs"", ""ci"", ""test""]",0.8765115737915039,"['36556bf8e0bce4ab6d26eafacbdad04d9614a5d7', 'aca23027da1295c78fdf42ba9687d8ccc88784d7', 'dbb537a26e388a8d7d17faf131abc30c2f7a84e6', '229b53a632ea97d47c4be11f096bdd828fb415d8']",1.0,1.0,1.0,True,0.0,2048,True,4
"[""fix"", ""feat"", ""test"", ""docs"", ""ci"", ""build""]","[""docs"", ""refactor"", ""test"", ""fix""]",1.074864387512207,"['0cfc5633d37ea06f645649138323f1820e18bdee', '1db13ec43727aca872a0f3836e4023ed85db665e', '229b53a632ea97d47c4be11f096bdd828fb415d8', '9be725fa3906323d4bc9788f54eccf74109d632b']",0.5,0.75,0.6,False,0.5714285714285714,2048,True,4
"[""feat"", ""fix"", ""refactor"", ""docs"", ""test"", ""ci"", ""build""]","[""ci"", ""docs"", ""refactor"", ""test""]",1.284759283065796,"['c5fa7b80438fbd74f4c341f0d3c9bd9e0f4910da', 'bf83c9155e9bee6925aa7102fab53fb803d52533', '062daa45cbd5dba6e96e95d8cdcaee89ae30a83c', 'bedc7950b24c37809e36a585b7985d5aa5e3e458']",0.5714285714285714,1.0,0.7272727272727273,False,0.42857142857142855,2048,True,4
"[""fix"", ""refactor"", ""ci"", ""build"", ""feat""]","[""fix"", ""docs"", ""ci"", ""feat""]",0.9776840209960938,"['9be725fa3906323d4bc9788f54eccf74109d632b', '036a0ff49a7dade0e04c9c07071a1ff49133ee24', '45837af24a33308a70a3454f0f650f9fe728e272', 'f823cf28652987d43c8324b4f5b203240032383a']",0.6,0.75,0.6666666666666665,False,0.42857142857142855,2048,True,4
"[""feat"", ""fix"", ""refactor"", ""docs"", ""test"", ""ci"", ""build""]","[""docs"", ""test"", ""build"", ""feat""]",1.2921676635742188,"['bf83c9155e9bee6925aa7102fab53fb803d52533', 'e0198f74b81da3663144cfe1d971939319f82a0f', 'f00a4d3e307b89842250358ee432e6800bb24362', 'ded26d768ff432ad3bde3c0aa1e95ce50726100a']",0.5714285714285714,1.0,0.7272727272727273,False,0.42857142857142855,2048,True,4
"[""docs"", ""refactor"", ""test"", ""build""]","[""docs"", ""refactor"", ""test"", ""fix""]",0.9910674095153809,"['aca23027da1295c78fdf42ba9687d8ccc88784d7', '1db13ec43727aca872a0f3836e4023ed85db665e', 'f411e58cd510f8a2b980b2f1932003a0c0e9f8f3', '2561f4ade46fc9d59f289f328cc77733a6443697']",0.75,0.75,0.75,False,0.2857142857142857,2048,True,4
"[""feat"", ""test"", ""docs"", ""build""]","[""test"", ""feat"", ""docs"", ""ci""]",0.9389891624450684,"['e0198f74b81da3663144cfe1d971939319f82a0f', 'f823cf28652987d43c8324b4f5b203240032383a', 'aca23027da1295c78fdf42ba9687d8ccc88784d7', 'e96487ad7ce90b141219d9032fa2bed68d5dae6a']",0.75,0.75,0.75,False,0.2857142857142857,2048,True,4
"[""feat"", ""build"", ""refactor"", ""ci"", ""test"", ""docs""]","[""refactor"", ""build"", ""feat"", ""docs""]",1.1148288249969482,"['63eab619e6166eb6cab948028a7b89bf059dd878', '32b92cfa0b74a6c25990e32ac6aab12b8496794c', 'fd8e563cc19ca4684885d4692acee6bebcca4ada', 'a52a585d74894b3b4eeb8c784fa089ff95cddad0']",0.6666666666666666,1.0,0.8,False,0.2857142857142857,2048,True,4
"[""build"", ""ci"", ""docs"", ""feat"", ""fix"", ""refactor"", ""test""]","[""build"", ""fix"", ""test"", ""feat""]",1.2398030757904053,"['37b1cbfd3d2c462ef4f2a131e4172c38dc8d9ddf', 'c8e0ae8612df3d6f2831acc004aaac332f6105e4', 'c7b25726df94a2530c9b1c0d2b6a0acaa103822f', '1bcf88670b50155b50071e707f98f30cea0b7a24']",0.5714285714285714,1.0,0.7272727272727273,False,0.42857142857142855,2048,True,4
[],"[""refactor"", ""ci"", ""docs"", ""build""]",674.3271026611328,"['771857b1df9470ebc15357e8879118a72c649d5b', '6c9cb638cb4d1ecc42632fcf389c24898c5b3244', '6d405dfc1675dcad64a2dfac0c0cb0fb28381d21', '454003841aabeb74396d73541378bfa59c75b5db']",0.0,0.0,0.0,False,0.5714285714285714,2048,True,4
"[""fix"", ""docs"", ""feat"", ""ci"", ""test""]","[""fix"", ""docs"", ""refactor"", ""ci"", ""test""]",0.9784679412841797,"['9be725fa3906323d4bc9788f54eccf74109d632b', 'bf83c9155e9bee6925aa7102fab53fb803d52533', '535708ae50aecb452560a23356fd396f99ef13a2', '4cbbd2552ba0de273e1dfe7d453c5b3efed751a3', 'bedc7950b24c37809e36a585b7985d5aa5e3e458']",0.8,0.8,0.8000000000000002,False,0.2857142857142857,2048,True,5
"[""test"", ""ci"", ""refactor"", ""fix"", ""build"", ""feat""]","[""test"", ""docs"", ""refactor"", ""build"", ""feat""]",1.1942973136901855,"['229b53a632ea97d47c4be11f096bdd828fb415d8', 'bf83c9155e9bee6925aa7102fab53fb803d52533', '062daa45cbd5dba6e96e95d8cdcaee89ae30a83c', 'e4a11fd5c34942ba12737f1c8c084489428ee274', 'fd8e563cc19ca4684885d4692acee6bebcca4ada']",0.6666666666666666,0.8,0.7272727272727272,False,0.42857142857142855,2048,True,5
[],"[""test"", ""ci"", ""fix"", ""build"", ""refactor""]",671.6552429199219,"['317f4eefecddfb1392ca71d551840f446feee302', 'e7a67d88173566be3cd3aed7e9eeb7e29aabbc57', 'd1d55e787b7d07f763852602b9939a5394607fd9', 'f00a4d3e307b89842250358ee432e6800bb24362', '771857b1df9470ebc15357e8879118a72c649d5b']",0.0,0.0,0.0,False,0.7142857142857143,2048,True,5
"[""ci"", ""refactor"", ""test"", ""build"", ""feat""]","[""ci"", ""refactor"", ""build"", ""test"", ""fix""]",1.0386483669281006,"['e7a67d88173566be3cd3aed7e9eeb7e29aabbc57', '47ef9104e4a89e80d7cc6c1950bc080841da4a7b', '5b81fde8a72cf2e69a10e9f5c4f0bea0a2b8c3e0', 'bedc7950b24c37809e36a585b7985d5aa5e3e458', '9ef5c0d14193a9abb09b39856f58477d1f4b0d77']",0.8,0.8,0.8000000000000002,False,0.2857142857142857,2048,True,5
"[""refactor"", ""docs""]","[""build"", ""fix"", ""feat"", ""refactor"", ""docs""]",0.7734825611114502,"['e4a11fd5c34942ba12737f1c8c084489428ee274', '9ef5c0d14193a9abb09b39856f58477d1f4b0d77', 'dc5238b2bda98a7c4f2fe9584fc3b0191a408109', '771857b1df9470ebc15357e8879118a72c649d5b', 'c2ee5cd5e709afd15c5565ee009a0d204403a119']",1.0,0.4,0.5714285714285715,False,0.42857142857142855,2048,True,5
"[""fix"", ""test"", ""build"", ""refactor"", ""ci"", ""docs""]","[""docs"", ""test"", ""build"", ""fix"", ""feat""]",1.1560335159301758,"['bf83c9155e9bee6925aa7102fab53fb803d52533', '229b53a632ea97d47c4be11f096bdd828fb415d8', 'c55591ba157298a9c5816693c102a89dfd058830', '06e2be4e2019b6fa714e1fcb34485860ef1ede79', 'f823cf28652987d43c8324b4f5b203240032383a']",0.6666666666666666,0.8,0.7272727272727272,False,0.42857142857142855,2048,True,5
"[""ci"", ""build"", ""test"", ""refactor"", ""feat""]","[""ci"", ""build"", ""fix"", ""test"", ""feat""]",1.0589914321899414,"['e7a67d88173566be3cd3aed7e9eeb7e29aabbc57', 'c55591ba157298a9c5816693c102a89dfd058830', 'd129eaf9125a967ac86c6c7276bbae6b4d50af36', '229b53a632ea97d47c4be11f096bdd828fb415d8', '1bcf88670b50155b50071e707f98f30cea0b7a24']",0.8,0.8,0.8000000000000002,False,0.2857142857142857,2048,True,5
"[""feat"", ""fix"", ""refactor"", ""test"", ""ci"", ""build"", ""docs""]","[""fix"", ""test"", ""build"", ""ci"", ""refactor""]",1.2644217014312744,"['2561f4ade46fc9d59f289f328cc77733a6443697', 'b7ce2894fd1794064bd6db4ed730bb6cb7728739', '1269431c8a3e7549f10fcbbb4b88ff625c8898b3', 'e96487ad7ce90b141219d9032fa2bed68d5dae6a', '36556bf8e0bce4ab6d26eafacbdad04d9614a5d7']",0.7142857142857143,1.0,0.8333333333333333,False,0.2857142857142857,2048,True,5
"[""fix"", ""feat"", ""refactor"", ""docs"", ""test"", ""ci"", ""build""]","[""docs"", ""ci"", ""refactor"", ""test"", ""fix""]",1.2451159954071045,"['bf83c9155e9bee6925aa7102fab53fb803d52533', 'e7a67d88173566be3cd3aed7e9eeb7e29aabbc57', '535708ae50aecb452560a23356fd396f99ef13a2', 'c7b25726df94a2530c9b1c0d2b6a0acaa103822f', '06e2be4e2019b6fa714e1fcb34485860ef1ede79']",0.7142857142857143,1.0,0.8333333333333333,False,0.2857142857142857,2048,True,5
"[""refactor"", ""docs"", ""build"", ""ci"", ""test""]","[""refactor"", ""docs"", ""build"", ""feat"", ""fix""]",1.0706353187561035,"['36556bf8e0bce4ab6d26eafacbdad04d9614a5d7', 'c2ee5cd5e709afd15c5565ee009a0d204403a119', 'c55591ba157298a9c5816693c102a89dfd058830', '68278b00450f2679761a2999500f6d87a579376b', '9ef5c0d14193a9abb09b39856f58477d1f4b0d77']",0.6,0.6,0.6,False,0.5714285714285714,2048,True,5
"[""feat"", ""fix"", ""refactor"", ""ci"", ""build""]","[""feat"", ""build"", ""fix"", ""ci"", ""test""]",1.0843074321746826,"['ded26d768ff432ad3bde3c0aa1e95ce50726100a', 'c323d59c607cabc91f17a78528d998f376f30b10', '2561f4ade46fc9d59f289f328cc77733a6443697', '45837af24a33308a70a3454f0f650f9fe728e272', 'e0198f74b81da3663144cfe1d971939319f82a0f']",0.8,0.8,0.8000000000000002,False,0.2857142857142857,2048,True,5
"[""ci"", ""test"", ""refactor"", ""build"", ""feat""]","[""ci"", ""refactor"", ""test"", ""feat"", ""fix""]",1.011307954788208,"['e96487ad7ce90b141219d9032fa2bed68d5dae6a', 'a62314d9bb632be6af026686615d14b912250512', 'c7b25726df94a2530c9b1c0d2b6a0acaa103822f', '6ed56ce9ae743ba9a87e6c9643cc06b1de7b748d', '9ef5c0d14193a9abb09b39856f58477d1f4b0d77']",0.8,0.8,0.8000000000000002,False,0.2857142857142857,2048,True,5
"[""build"", ""feat"", ""refactor"", ""ci"", ""docs"", ""test""]","[""build"", ""refactor"", ""ci"", ""docs"", ""fix""]",1.145092248916626,"['c55591ba157298a9c5816693c102a89dfd058830', '63eab619e6166eb6cab948028a7b89bf059dd878', 'c5fa7b80438fbd74f4c341f0d3c9bd9e0f4910da', '036a0ff49a7dade0e04c9c07071a1ff49133ee24', '9be725fa3906323d4bc9788f54eccf74109d632b']",0.6666666666666666,0.8,0.7272727272727272,False,0.42857142857142855,2048,True,5
"[""fix"", ""feat"", ""docs"", ""ci"", ""build"", ""refactor""]","[""docs"", ""ci"", ""refactor"", ""build"", ""feat""]",1.1394128799438477,"['bf83c9155e9bee6925aa7102fab53fb803d52533', '173553c0372e66e03bdab19e0e6c2dd44daa14a0', '535708ae50aecb452560a23356fd396f99ef13a2', '1269431c8a3e7549f10fcbbb4b88ff625c8898b3', 'f823cf28652987d43c8324b4f5b203240032383a']",0.8333333333333334,1.0,0.9090909090909091,False,0.14285714285714285,2048,True,5
"[""test"", ""feat"", ""refactor"", ""docs"", ""ci"", ""build""]","[""test"", ""feat"", ""refactor"", ""fix"", ""docs""]",1.1621088981628418,"['bedc7950b24c37809e36a585b7985d5aa5e3e458', 'fd8e563cc19ca4684885d4692acee6bebcca4ada', '062daa45cbd5dba6e96e95d8cdcaee89ae30a83c', 'c8e0ae8612df3d6f2831acc004aaac332f6105e4', '036a0ff49a7dade0e04c9c07071a1ff49133ee24']",0.6666666666666666,0.8,0.7272727272727272,False,0.42857142857142855,2048,True,5
"[""docs"", ""ci"", ""test"", ""build"", ""refactor""]","[""docs"", ""build"", ""ci"", ""fix"", ""test""]",1.139631748199463,"['c2ee5cd5e709afd15c5565ee009a0d204403a119', '1269431c8a3e7549f10fcbbb4b88ff625c8898b3', 'e7a67d88173566be3cd3aed7e9eeb7e29aabbc57', 'bed78248c941d57ad4cc20a455147e186e97c7a1', 'e9617f0854030e70365eb264bcb3b58078e79e9e']",0.8,0.8,0.8000000000000002,False,0.2857142857142857,2048,True,5
"[""refactor"", ""ci"", ""test"", ""build""]","[""refactor"", ""ci"", ""docs"", ""test"", ""build""]",0.8688514232635498,"['3cca5c314ad6feeffbfe1f14cf49ebd0fd9a95a2', 'dbb537a26e388a8d7d17faf131abc30c2f7a84e6', 'e12d9e77a6fd531a22325337838a841b1c67f00d', 'c7b25726df94a2530c9b1c0d2b6a0acaa103822f', '37b1cbfd3d2c462ef4f2a131e4172c38dc8d9ddf']",1.0,0.8,0.888888888888889,False,0.14285714285714285,2048,True,5
"[""test"", ""refactor"", ""ci"", ""build""]","[""test"", ""feat"", ""ci"", ""refactor"", ""fix""]",0.9431583881378174,"['229b53a632ea97d47c4be11f096bdd828fb415d8', 'b282e90e2cbb74559aab79eee8443a4d7c85502a', 'dbb537a26e388a8d7d17faf131abc30c2f7a84e6', '3cca5c314ad6feeffbfe1f14cf49ebd0fd9a95a2', '933ab6bb86372913c992567cf9660009900911a7']",0.75,0.6,0.6666666666666665,False,0.42857142857142855,2048,True,5
"[""build"", ""ci"", ""refactor"", ""test""]","[""build"", ""fix"", ""ci"", ""refactor"", ""docs""]",0.9669992923736572,"['37b1cbfd3d2c462ef4f2a131e4172c38dc8d9ddf', '06e2be4e2019b6fa714e1fcb34485860ef1ede79', 'c5fa7b80438fbd74f4c341f0d3c9bd9e0f4910da', '1db13ec43727aca872a0f3836e4023ed85db665e', 'a52a585d74894b3b4eeb8c784fa089ff95cddad0']",0.75,0.6,0.6666666666666665,False,0.42857142857142855,2048,True,5
"[""feat"", ""fix"", ""refactor"", ""ci"", ""build"", ""test"", ""docs""]","[""build"", ""docs"", ""ci"", ""test"", ""feat""]",1.274808645248413,"['c44cf88a6ec54e5ddd99d8348bcc57b301ec7945', '6d405dfc1675dcad64a2dfac0c0cb0fb28381d21', 'e7a67d88173566be3cd3aed7e9eeb7e29aabbc57', 'f411e58cd510f8a2b980b2f1932003a0c0e9f8f3', 'f823cf28652987d43c8324b4f5b203240032383a']",0.7142857142857143,1.0,0.8333333333333333,False,0.2857142857142857,2048,True,5
"[""feat"", ""refactor"", ""test"", ""ci"", ""build""]","[""feat"", ""fix"", ""refactor"", ""build"", ""test""]",1.0049853324890137,"['f823cf28652987d43c8324b4f5b203240032383a', 'c8e0ae8612df3d6f2831acc004aaac332f6105e4', '47ef9104e4a89e80d7cc6c1950bc080841da4a7b', 'e4a11fd5c34942ba12737f1c8c084489428ee274', 'c7b25726df94a2530c9b1c0d2b6a0acaa103822f']",0.8,0.8,0.8000000000000002,False,0.2857142857142857,2048,True,5
"[""refactor"", ""build"", ""ci"", ""test"", ""docs""]","[""refactor"", ""build"", ""ci"", ""docs"", ""test""]",1.0076026916503906,"['1db13ec43727aca872a0f3836e4023ed85db665e', '32b92cfa0b74a6c25990e32ac6aab12b8496794c', 'e96487ad7ce90b141219d9032fa2bed68d5dae6a', '6d405dfc1675dcad64a2dfac0c0cb0fb28381d21', 'e2e8ad25854bd1e7cdbc7f50b50bbd99e04ad47d']",1.0,1.0,1.0,True,0.0,2048,True,5
"[""build"", ""ci"", ""feat"", ""refactor"", ""test""]","[""build"", ""test"", ""refactor"", ""ci"", ""fix""]",1.0906808376312256,"['37b1cbfd3d2c462ef4f2a131e4172c38dc8d9ddf', 'f411e58cd510f8a2b980b2f1932003a0c0e9f8f3', '1db13ec43727aca872a0f3836e4023ed85db665e', 'c5fa7b80438fbd74f4c341f0d3c9bd9e0f4910da', 'd129eaf9125a967ac86c6c7276bbae6b4d50af36']",0.8,0.8,0.8000000000000002,False,0.2857142857142857,2048,True,5
"[""build"", ""ci"", ""docs"", ""fix"", ""refactor""]","[""build"", ""docs"", ""ci"", ""test"", ""fix""]",0.9798941612243652,"['c55591ba157298a9c5816693c102a89dfd058830', 'a52a585d74894b3b4eeb8c784fa089ff95cddad0', '6c9cb638cb4d1ecc42632fcf389c24898c5b3244', 'c7b25726df94a2530c9b1c0d2b6a0acaa103822f', 'bed78248c941d57ad4cc20a455147e186e97c7a1']",0.8,0.8,0.8000000000000002,False,0.2857142857142857,2048,True,5
"[""feat"", ""ci"", ""build"", ""test"", ""refactor"", ""docs""]","[""fix"", ""ci"", ""feat"", ""build"", ""refactor""]",1.1881155967712402,"['9ef5c0d14193a9abb09b39856f58477d1f4b0d77', 'dbb537a26e388a8d7d17faf131abc30c2f7a84e6', '6ed56ce9ae743ba9a87e6c9643cc06b1de7b748d', 'e4a11fd5c34942ba12737f1c8c084489428ee274', '1db13ec43727aca872a0f3836e4023ed85db665e']",0.6666666666666666,0.8,0.7272727272727272,False,0.42857142857142855,2048,True,5
"[""fix"", ""feat"", ""refactor"", ""build"", ""ci""]","[""fix"", ""build"", ""refactor"", ""feat"", ""test""]",1.0906484127044678,"['bed78248c941d57ad4cc20a455147e186e97c7a1', 'e4a11fd5c34942ba12737f1c8c084489428ee274', '062daa45cbd5dba6e96e95d8cdcaee89ae30a83c', 'f823cf28652987d43c8324b4f5b203240032383a', 'c7b25726df94a2530c9b1c0d2b6a0acaa103822f']",0.8,0.8,0.8000000000000002,False,0.2857142857142857,2048,True,5
"[""feat"", ""fix"", ""refactor"", ""ci"", ""build"", ""docs"", ""test""]","[""fix"", ""test"", ""feat"", ""docs"", ""build""]",1.2175755500793457,"['87d5d4e55ab7149b593d29410f1fe426ba2447d4', 'bedc7950b24c37809e36a585b7985d5aa5e3e458', 'ded26d768ff432ad3bde3c0aa1e95ce50726100a', 'a52a585d74894b3b4eeb8c784fa089ff95cddad0', 'c323d59c607cabc91f17a78528d998f376f30b10']",0.7142857142857143,1.0,0.8333333333333333,False,0.2857142857142857,2048,True,5
"[""test"", ""docs"", ""build"", ""refactor"", ""ci""]","[""test"", ""docs"", ""feat"", ""build"", ""fix""]",1.0947973728179932,"['8ee0611fbf0cd89abe7ae588f22e6ecb843598ea', 'c2ee5cd5e709afd15c5565ee009a0d204403a119', 'fd8e563cc19ca4684885d4692acee6bebcca4ada', '1269431c8a3e7549f10fcbbb4b88ff625c8898b3', '06e2be4e2019b6fa714e1fcb34485860ef1ede79']",0.6,0.6,0.6,False,0.5714285714285714,2048,True,5
"[""feat"", ""docs"", ""build"", ""test"", ""ci""]","[""docs"", ""feat"", ""build"", ""refactor"", ""test""]",1.0560193061828613,"['a52a585d74894b3b4eeb8c784fa089ff95cddad0', 'f9a094918b62534614c47aa8a13f33aec751a1e0', '1269431c8a3e7549f10fcbbb4b88ff625c8898b3', '535708ae50aecb452560a23356fd396f99ef13a2', 'e0198f74b81da3663144cfe1d971939319f82a0f']",0.8,0.8,0.8000000000000002,False,0.2857142857142857,2048,True,5
"[""feat"", ""fix"", ""refactor"", ""test"", ""ci"", ""build""]","[""fix"", ""feat"", ""test"", ""refactor"", ""build""]",1.1505420207977295,"['d129eaf9125a967ac86c6c7276bbae6b4d50af36', '68278b00450f2679761a2999500f6d87a579376b', 'e2e8ad25854bd1e7cdbc7f50b50bbd99e04ad47d', '771857b1df9470ebc15357e8879118a72c649d5b', 'f00a4d3e307b89842250358ee432e6800bb24362']",0.8333333333333334,1.0,0.9090909090909091,False,0.14285714285714285,2048,True,5
"[""build"", ""ci"", ""docs"", ""feat"", ""refactor"", ""test""]","[""fix"", ""build"", ""refactor"", ""test"", ""docs""]",1.125873327255249,"['933ab6bb86372913c992567cf9660009900911a7', '37b1cbfd3d2c462ef4f2a131e4172c38dc8d9ddf', '1db13ec43727aca872a0f3836e4023ed85db665e', 'c7b25726df94a2530c9b1c0d2b6a0acaa103822f', 'e12d9e77a6fd531a22325337838a841b1c67f00d']",0.6666666666666666,0.8,0.7272727272727272,False,0.42857142857142855,2048,True,5
"[""feat"", ""ci"", ""docs"", ""build"", ""refactor""]","[""fix"", ""ci"", ""docs"", ""build"", ""feat""]",1.0113615989685059,"['06e2be4e2019b6fa714e1fcb34485860ef1ede79', '4cbbd2552ba0de273e1dfe7d453c5b3efed751a3', 'cb1f48b56ae0de93acb72e48726c7d610a1d538e', 'c323d59c607cabc91f17a78528d998f376f30b10', 'f9a094918b62534614c47aa8a13f33aec751a1e0']",0.8,0.8,0.8000000000000002,False,0.2857142857142857,2048,True,5
"[""feat"", ""fix"", ""refactor"", ""ci"", ""build"", ""test"", ""docs""]","[""feat"", ""build"", ""refactor"", ""docs"", ""fix""]",1.256331443786621,"['fd8e563cc19ca4684885d4692acee6bebcca4ada', 'f00a4d3e307b89842250358ee432e6800bb24362', '535708ae50aecb452560a23356fd396f99ef13a2', 'e12d9e77a6fd531a22325337838a841b1c67f00d', '9be725fa3906323d4bc9788f54eccf74109d632b']",0.7142857142857143,1.0,0.8333333333333333,False,0.2857142857142857,2048,True,5
"[""feat"", ""fix"", ""refactor"", ""test"", ""docs"", ""ci"", ""build""]","[""test"", ""docs"", ""refactor"", ""ci"", ""feat""]",1.269394874572754,"['229b53a632ea97d47c4be11f096bdd828fb415d8', 'bf83c9155e9bee6925aa7102fab53fb803d52533', '062daa45cbd5dba6e96e95d8cdcaee89ae30a83c', '32845e1bbd1efb5dbc16f671049509a409ba25ce', 'dc5238b2bda98a7c4f2fe9584fc3b0191a408109']",0.7142857142857143,1.0,0.8333333333333333,False,0.2857142857142857,2048,True,5
"[""build"", ""ci"", ""docs"", ""feat"", ""fix"", ""refactor"", ""test""]","[""build"", ""docs"", ""fix"", ""test"", ""refactor""]",1.309006690979004,"['454003841aabeb74396d73541378bfa59c75b5db', 'e12d9e77a6fd531a22325337838a841b1c67f00d', 'bed78248c941d57ad4cc20a455147e186e97c7a1', 'f411e58cd510f8a2b980b2f1932003a0c0e9f8f3', '062daa45cbd5dba6e96e95d8cdcaee89ae30a83c']",0.7142857142857143,1.0,0.8333333333333333,False,0.2857142857142857,2048,True,5
"[""build"", ""ci"", ""docs"", ""refactor"", ""test""]","[""build"", ""ci"", ""docs"", ""test"", ""refactor""]",1.0728607177734375,"['5b81fde8a72cf2e69a10e9f5c4f0bea0a2b8c3e0', '74e9de5ec97dc013a52aa063dff0f40ac74c407b', 'a52a585d74894b3b4eeb8c784fa089ff95cddad0', 'e0198f74b81da3663144cfe1d971939319f82a0f', '062daa45cbd5dba6e96e95d8cdcaee89ae30a83c']",1.0,1.0,1.0,True,0.0,2048,True,5
"[""ci"", ""docs"", ""refactor"", ""build""]","[""build"", ""ci"", ""docs"", ""refactor"", ""fix""]",0.9019556045532227,"['32b92cfa0b74a6c25990e32ac6aab12b8496794c', '6c9cb638cb4d1ecc42632fcf389c24898c5b3244', 'aca23027da1295c78fdf42ba9687d8ccc88784d7', '47ef9104e4a89e80d7cc6c1950bc080841da4a7b', '2561f4ade46fc9d59f289f328cc77733a6443697']",1.0,0.8,0.888888888888889,False,0.14285714285714285,2048,True,5
"[""feat"", ""fix"", ""docs"", ""test"", ""ci"", ""build""]","[""test"", ""docs"", ""fix"", ""feat"", ""build""]",1.1929032802581787,"['e0198f74b81da3663144cfe1d971939319f82a0f', 'c2ee5cd5e709afd15c5565ee009a0d204403a119', '9ef5c0d14193a9abb09b39856f58477d1f4b0d77', 'f823cf28652987d43c8324b4f5b203240032383a', 'c44cf88a6ec54e5ddd99d8348bcc57b301ec7945']",0.8333333333333334,1.0,0.9090909090909091,False,0.14285714285714285,2048,True,5
"[""refactor"", ""ci"", ""feat"", ""build"", ""test""]","[""refactor"", ""ci"", ""test"", ""build"", ""feat""]",1.1455073356628418,"['3cca5c314ad6feeffbfe1f14cf49ebd0fd9a95a2', '32845e1bbd1efb5dbc16f671049509a409ba25ce', 'e9617f0854030e70365eb264bcb3b58078e79e9e', '454003841aabeb74396d73541378bfa59c75b5db', 'fd8e563cc19ca4684885d4692acee6bebcca4ada']",1.0,1.0,1.0,True,0.0,2048,True,5
"[""refactor"", ""feat"", ""build"", ""test"", ""ci""]","[""refactor"", ""feat"", ""build"", ""fix"", ""test""]",1.0521750450134277,"['062daa45cbd5dba6e96e95d8cdcaee89ae30a83c', 'f823cf28652987d43c8324b4f5b203240032383a', 'c44cf88a6ec54e5ddd99d8348bcc57b301ec7945', '933ab6bb86372913c992567cf9660009900911a7', '8ee0611fbf0cd89abe7ae588f22e6ecb843598ea']",0.8,0.8,0.8000000000000002,False,0.2857142857142857,2048,True,5
"[""refactor"", ""test"", ""ci"", ""docs""]","[""refactor"", ""test"", ""docs"", ""feat"", ""ci""]",0.9548912048339844,"['36556bf8e0bce4ab6d26eafacbdad04d9614a5d7', '317f4eefecddfb1392ca71d551840f446feee302', '036a0ff49a7dade0e04c9c07071a1ff49133ee24', 'e137f9fdbdb6bf3f85c3f7ac9323785e445844c8', 'e7a67d88173566be3cd3aed7e9eeb7e29aabbc57']",1.0,0.8,0.888888888888889,False,0.14285714285714285,2048,True,5
"[""feat"", ""build"", ""refactor"", ""ci"", ""test"", ""docs""]","[""test"", ""ci"", ""refactor"", ""feat"", ""fix""]",1.2389979362487793,"['e0198f74b81da3663144cfe1d971939319f82a0f', '173553c0372e66e03bdab19e0e6c2dd44daa14a0', '062daa45cbd5dba6e96e95d8cdcaee89ae30a83c', 'f823cf28652987d43c8324b4f5b203240032383a', 'bed78248c941d57ad4cc20a455147e186e97c7a1']",0.6666666666666666,0.8,0.7272727272727272,False,0.42857142857142855,2048,True,5
"[""ci"", ""feat"", ""fix"", ""refactor"", ""test""]","[""ci"", ""refactor"", ""docs"", ""fix"", ""feat""]",1.0477638244628906,"['32845e1bbd1efb5dbc16f671049509a409ba25ce', '63eab619e6166eb6cab948028a7b89bf059dd878', 'af880ac5b4fecbc6c4f3d1eee0d95f326e8bd9d1', '9be725fa3906323d4bc9788f54eccf74109d632b', 'fd8e563cc19ca4684885d4692acee6bebcca4ada']",0.8,0.8,0.8000000000000002,False,0.2857142857142857,2048,True,5
"[""feat"", ""fix"", ""refactor"", ""docs"", ""test"", ""ci"", ""build""]","[""docs"", ""refactor"", ""fix"", ""test"", ""build""]",1.3033525943756104,"['bf83c9155e9bee6925aa7102fab53fb803d52533', '3cca5c314ad6feeffbfe1f14cf49ebd0fd9a95a2', '2561f4ade46fc9d59f289f328cc77733a6443697', '317f4eefecddfb1392ca71d551840f446feee302', '454003841aabeb74396d73541378bfa59c75b5db']",0.7142857142857143,1.0,0.8333333333333333,False,0.2857142857142857,2048,True,5
"[""feat"", ""test"", ""ci"", ""docs"", ""refactor"", ""build""]","[""test"", ""ci"", ""fix"", ""docs"", ""refactor""]",1.1987009048461914,"['317f4eefecddfb1392ca71d551840f446feee302', '32845e1bbd1efb5dbc16f671049509a409ba25ce', 'c8e0ae8612df3d6f2831acc004aaac332f6105e4', '6d405dfc1675dcad64a2dfac0c0cb0fb28381d21', '062daa45cbd5dba6e96e95d8cdcaee89ae30a83c']",0.6666666666666666,0.8,0.7272727272727272,False,0.42857142857142855,2048,True,5
"[""build"", ""ci"", ""docs"", ""feat"", ""refactor"", ""test""]","[""build"", ""ci"", ""test"", ""docs"", ""feat""]",1.1094629764556885,"['c55591ba157298a9c5816693c102a89dfd058830', 'dbb537a26e388a8d7d17faf131abc30c2f7a84e6', 'e0198f74b81da3663144cfe1d971939319f82a0f', '0cfc5633d37ea06f645649138323f1820e18bdee', 'dc5238b2bda98a7c4f2fe9584fc3b0191a408109']",0.8333333333333334,1.0,0.9090909090909091,False,0.14285714285714285,2048,True,5
"[""feat"", ""fix"", ""refactor"", ""test"", ""ci""]","[""refactor"", ""feat"", ""test"", ""fix"", ""ci""]",1.0171897411346436,"['535708ae50aecb452560a23356fd396f99ef13a2', 'dc5238b2bda98a7c4f2fe9584fc3b0191a408109', 'e2e8ad25854bd1e7cdbc7f50b50bbd99e04ad47d', '2561f4ade46fc9d59f289f328cc77733a6443697', 'c5fa7b80438fbd74f4c341f0d3c9bd9e0f4910da']",1.0,1.0,1.0,True,0.0,2048,True,5
"[""ci"", ""test"", ""build"", ""refactor""]","[""ci"", ""docs"", ""refactor"", ""build"", ""test""]",0.9029693603515625,"['c5fa7b80438fbd74f4c341f0d3c9bd9e0f4910da', 'af880ac5b4fecbc6c4f3d1eee0d95f326e8bd9d1', '47ef9104e4a89e80d7cc6c1950bc080841da4a7b', '37b1cbfd3d2c462ef4f2a131e4172c38dc8d9ddf', 'c7b25726df94a2530c9b1c0d2b6a0acaa103822f']",1.0,0.8,0.888888888888889,False,0.14285714285714285,2048,True,5
"[""build"", ""docs"", ""refactor"", ""test""]","[""build"", ""docs"", ""refactor"", ""test"", ""feat""]",1.0486376285552979,"['454003841aabeb74396d73541378bfa59c75b5db', 'aca23027da1295c78fdf42ba9687d8ccc88784d7', '771857b1df9470ebc15357e8879118a72c649d5b', 'bedc7950b24c37809e36a585b7985d5aa5e3e458', 'e137f9fdbdb6bf3f85c3f7ac9323785e445844c8']",1.0,0.8,0.888888888888889,False,0.14285714285714285,2048,True,5
"[""ci"", ""feat"", ""fix"", ""docs"", ""test""]","[""ci"", ""feat"", ""fix"", ""docs"", ""test""]",1.0316219329833984,"['74e9de5ec97dc013a52aa063dff0f40ac74c407b', 'ded26d768ff432ad3bde3c0aa1e95ce50726100a', '9be725fa3906323d4bc9788f54eccf74109d632b', 'a52a585d74894b3b4eeb8c784fa089ff95cddad0', 'e9617f0854030e70365eb264bcb3b58078e79e9e']",1.0,1.0,1.0,True,0.0,2048,True,5
"[""feat"", ""build"", ""test"", ""refactor"", ""docs""]","[""feat"", ""build"", ""test"", ""docs"", ""fix""]",1.0801293849945068,"['f9a094918b62534614c47aa8a13f33aec751a1e0', 'e4a11fd5c34942ba12737f1c8c084489428ee274', '229b53a632ea97d47c4be11f096bdd828fb415d8', '036a0ff49a7dade0e04c9c07071a1ff49133ee24', '2561f4ade46fc9d59f289f328cc77733a6443697']",0.8,0.8,0.8000000000000002,False,0.2857142857142857,2048,True,5
"[""refactor"", ""docs"", ""build"", ""test"", ""ci""]","[""build"", ""docs"", ""test"", ""fix"", ""ci""]",1.1044936180114746,"['e4a11fd5c34942ba12737f1c8c084489428ee274', 'aca23027da1295c78fdf42ba9687d8ccc88784d7', 'e9617f0854030e70365eb264bcb3b58078e79e9e', '9ef5c0d14193a9abb09b39856f58477d1f4b0d77', '4cbbd2552ba0de273e1dfe7d453c5b3efed751a3']",0.8,0.8,0.8000000000000002,False,0.2857142857142857,2048,True,5
"[""feat"", ""refactor"", ""ci"", ""build"", ""test""]","[""feat"", ""fix"", ""ci"", ""docs"", ""test""]",1.0531065464019775,"['f9a094918b62534614c47aa8a13f33aec751a1e0', '2561f4ade46fc9d59f289f328cc77733a6443697', '45837af24a33308a70a3454f0f650f9fe728e272', '036a0ff49a7dade0e04c9c07071a1ff49133ee24', 'b7ce2894fd1794064bd6db4ed730bb6cb7728739']",0.6,0.6,0.6,False,0.5714285714285714,2048,True,5
"[""feat"", ""refactor"", ""build"", ""ci"", ""test"", ""docs""]","[""feat"", ""refactor"", ""build"", ""fix"", ""docs""]",1.1788928508758545,"['ded26d768ff432ad3bde3c0aa1e95ce50726100a', '062daa45cbd5dba6e96e95d8cdcaee89ae30a83c', '37b1cbfd3d2c462ef4f2a131e4172c38dc8d9ddf', '933ab6bb86372913c992567cf9660009900911a7', '036a0ff49a7dade0e04c9c07071a1ff49133ee24']",0.6666666666666666,0.8,0.7272727272727272,False,0.42857142857142855,2048,True,5
"[""test"", ""refactor"", ""ci"", ""build"", ""docs""]","[""test"", ""build"", ""feat"", ""fix"", ""docs""]",1.0540814399719238,"['f411e58cd510f8a2b980b2f1932003a0c0e9f8f3', 'c44cf88a6ec54e5ddd99d8348bcc57b301ec7945', '1bcf88670b50155b50071e707f98f30cea0b7a24', '9be725fa3906323d4bc9788f54eccf74109d632b', 'a52a585d74894b3b4eeb8c784fa089ff95cddad0']",0.6,0.6,0.6,False,0.5714285714285714,2048,True,5
"[""fix"", ""feat"", ""refactor"", ""docs"", ""test"", ""ci"", ""build""]","[""fix"", ""feat"", ""test"", ""ci"", ""docs""]",1.1969566345214844,"['933ab6bb86372913c992567cf9660009900911a7', '6ed56ce9ae743ba9a87e6c9643cc06b1de7b748d', 'e2e8ad25854bd1e7cdbc7f50b50bbd99e04ad47d', 'e96487ad7ce90b141219d9032fa2bed68d5dae6a', '036a0ff49a7dade0e04c9c07071a1ff49133ee24']",0.7142857142857143,1.0,0.8333333333333333,False,0.2857142857142857,2048,True,5
"[""feat"", ""refactor"", ""ci"", ""build"", ""test""]","[""test"", ""refactor"", ""ci"", ""build"", ""fix""]",1.0957472324371338,"['e0198f74b81da3663144cfe1d971939319f82a0f', '3cca5c314ad6feeffbfe1f14cf49ebd0fd9a95a2', '45837af24a33308a70a3454f0f650f9fe728e272', '5b81fde8a72cf2e69a10e9f5c4f0bea0a2b8c3e0', '9ef5c0d14193a9abb09b39856f58477d1f4b0d77']",0.8,0.8,0.8000000000000002,False,0.2857142857142857,2048,True,5
"[""build"", ""ci"", ""docs"", ""feat"", ""fix"", ""refactor"", ""test""]","[""build"", ""feat"", ""refactor"", ""ci"", ""test""]",1.2485511302947998,"['c55591ba157298a9c5816693c102a89dfd058830', '1bcf88670b50155b50071e707f98f30cea0b7a24', '1db13ec43727aca872a0f3836e4023ed85db665e', 'dbb537a26e388a8d7d17faf131abc30c2f7a84e6', 'e2e8ad25854bd1e7cdbc7f50b50bbd99e04ad47d']",0.7142857142857143,1.0,0.8333333333333333,False,0.2857142857142857,2048,True,5
"[""feat"", ""fix"", ""refactor"", ""test"", ""ci"", ""build""]","[""feat"", ""refactor"", ""test"", ""ci"", ""build""]",1.1658964157104492,"['e137f9fdbdb6bf3f85c3f7ac9323785e445844c8', 'a62314d9bb632be6af026686615d14b912250512', 'b7ce2894fd1794064bd6db4ed730bb6cb7728739', '45837af24a33308a70a3454f0f650f9fe728e272', '454003841aabeb74396d73541378bfa59c75b5db']",0.8333333333333334,1.0,0.9090909090909091,False,0.14285714285714285,2048,True,5
"[""test"", ""refactor"", ""build"", ""feat"", ""docs""]","[""test"", ""fix"", ""build"", ""refactor"", ""docs""]",1.0591037273406982,"['317f4eefecddfb1392ca71d551840f446feee302', '06e2be4e2019b6fa714e1fcb34485860ef1ede79', '32b92cfa0b74a6c25990e32ac6aab12b8496794c', '535708ae50aecb452560a23356fd396f99ef13a2', 'aca23027da1295c78fdf42ba9687d8ccc88784d7']",0.8,0.8,0.8000000000000002,False,0.2857142857142857,2048,True,5
"[""ci"", ""build"", ""test"", ""refactor"", ""feat""]","[""ci"", ""feat"", ""build"", ""fix"", ""test""]",1.0619957447052002,"['173553c0372e66e03bdab19e0e6c2dd44daa14a0', '6ed56ce9ae743ba9a87e6c9643cc06b1de7b748d', '32b92cfa0b74a6c25990e32ac6aab12b8496794c', '933ab6bb86372913c992567cf9660009900911a7', 'e9617f0854030e70365eb264bcb3b58078e79e9e']",0.8,0.8,0.8000000000000002,False,0.2857142857142857,2048,True,5
"[""ci"", ""test"", ""refactor"", ""docs"", ""build""]","[""ci"", ""test"", ""fix"", ""feat"", ""build""]",1.0018103122711182,"['dbb537a26e388a8d7d17faf131abc30c2f7a84e6', 'e2e8ad25854bd1e7cdbc7f50b50bbd99e04ad47d', '933ab6bb86372913c992567cf9660009900911a7', 'b282e90e2cbb74559aab79eee8443a4d7c85502a', 'c55591ba157298a9c5816693c102a89dfd058830']",0.6,0.6,0.6,False,0.5714285714285714,2048,True,5
"[""test"", ""ci"", ""refactor"", ""build""]","[""test"", ""build"", ""feat"", ""fix"", ""ci""]",0.9907689094543457,"['317f4eefecddfb1392ca71d551840f446feee302', 'e4a11fd5c34942ba12737f1c8c084489428ee274', 'ded26d768ff432ad3bde3c0aa1e95ce50726100a', 'd129eaf9125a967ac86c6c7276bbae6b4d50af36', '173553c0372e66e03bdab19e0e6c2dd44daa14a0']",0.75,0.6,0.6666666666666665,False,0.42857142857142855,2048,True,5
"[""test"", ""build"", ""docs"", ""feat""]","[""test"", ""build"", ""refactor"", ""docs"", ""feat""]",0.8480825424194336,"['bedc7950b24c37809e36a585b7985d5aa5e3e458', '5b81fde8a72cf2e69a10e9f5c4f0bea0a2b8c3e0', '47ef9104e4a89e80d7cc6c1950bc080841da4a7b', 'aca23027da1295c78fdf42ba9687d8ccc88784d7', 'f823cf28652987d43c8324b4f5b203240032383a']",1.0,0.8,0.888888888888889,False,0.14285714285714285,2048,True,5
"[""build"", ""ci"", ""refactor"", ""docs""]","[""build"", ""ci"", ""feat"", ""docs"", ""fix""]",0.9052431583404541,"['5b81fde8a72cf2e69a10e9f5c4f0bea0a2b8c3e0', 'c5fa7b80438fbd74f4c341f0d3c9bd9e0f4910da', '68278b00450f2679761a2999500f6d87a579376b', 'a52a585d74894b3b4eeb8c784fa089ff95cddad0', '06e2be4e2019b6fa714e1fcb34485860ef1ede79']",0.75,0.6,0.6666666666666665,False,0.42857142857142855,2048,True,5
"[""feat"", ""fix"", ""refactor"", ""test"", ""build""]","[""test"", ""build"", ""refactor"", ""fix"", ""ci""]",1.0593550205230713,"['e0198f74b81da3663144cfe1d971939319f82a0f', '5b81fde8a72cf2e69a10e9f5c4f0bea0a2b8c3e0', '3cca5c314ad6feeffbfe1f14cf49ebd0fd9a95a2', '87d5d4e55ab7149b593d29410f1fe426ba2447d4', '74e9de5ec97dc013a52aa063dff0f40ac74c407b']",0.8,0.8,0.8000000000000002,False,0.2857142857142857,2048,True,5
[],"[""feat"", ""build"", ""fix"", ""ci"", ""test""]",683.1019802093506,"['6ed56ce9ae743ba9a87e6c9643cc06b1de7b748d', 'c323d59c607cabc91f17a78528d998f376f30b10', '87d5d4e55ab7149b593d29410f1fe426ba2447d4', 'c5fa7b80438fbd74f4c341f0d3c9bd9e0f4910da', 'e9617f0854030e70365eb264bcb3b58078e79e9e']",0.0,0.0,0.0,False,0.7142857142857143,2048,True,5
"[""build"", ""ci"", ""feat"", ""refactor"", ""test""]","[""build"", ""test"", ""refactor"", ""feat"", ""ci""]",1.039658546447754,"['5b81fde8a72cf2e69a10e9f5c4f0bea0a2b8c3e0', 'e9617f0854030e70365eb264bcb3b58078e79e9e', '2954a0955ce9af6acb345ed1e8328e145ad30475', '68278b00450f2679761a2999500f6d87a579376b', 'e96487ad7ce90b141219d9032fa2bed68d5dae6a']",1.0,1.0,1.0,True,0.0,2048,True,5
"[""ci"", ""feat"", ""docs"", ""refactor"", ""build""]","[""ci"", ""refactor"", ""docs"", ""feat"", ""fix""]",1.0383942127227783,"['4cbbd2552ba0de273e1dfe7d453c5b3efed751a3', '535708ae50aecb452560a23356fd396f99ef13a2', 'e12d9e77a6fd531a22325337838a841b1c67f00d', 'fd8e563cc19ca4684885d4692acee6bebcca4ada', '9be725fa3906323d4bc9788f54eccf74109d632b']",0.8,0.8,0.8000000000000002,False,0.2857142857142857,2048,True,5
"[""ci"", ""refactor"", ""docs"", ""test"", ""build""]","[""ci"", ""fix"", ""feat"", ""docs"", ""refactor""]",1.099149465560913,"['c5fa7b80438fbd74f4c341f0d3c9bd9e0f4910da', 'bed78248c941d57ad4cc20a455147e186e97c7a1', 'b282e90e2cbb74559aab79eee8443a4d7c85502a', 'bf83c9155e9bee6925aa7102fab53fb803d52533', '771857b1df9470ebc15357e8879118a72c649d5b']",0.6,0.6,0.6,False,0.5714285714285714,2048,True,5
