predicted_types,actual_types,inference_time,shas,precision,recall,f1,exact_match,hamming_loss,context_len,with_message,concern_count
"[""feat"", ""refactor""]","[""fix""]",0.5087780952453613,['87d5d4e55ab7149b593d29410f1fe426ba2447d4'],0.0,0.0,0.0,False,0.42857142857142855,4096,True,1
"[""test""]","[""test""]",0.45209383964538574,['317f4eefecddfb1392ca71d551840f446feee302'],1.0,1.0,1.0,True,0.0,4096,True,1
"[""ci""]","[""ci""]",0.4110138416290283,['c5fa7b80438fbd74f4c341f0d3c9bd9e0f4910da'],1.0,1.0,1.0,True,0.0,4096,True,1
"[""ci""]","[""ci""]",0.39715147018432617,['e7a67d88173566be3cd3aed7e9eeb7e29aabbc57'],1.0,1.0,1.0,True,0.0,4096,True,1
"[""fix""]","[""fix""]",0.38625073432922363,['d129eaf9125a967ac86c6c7276bbae6b4d50af36'],1.0,1.0,1.0,True,0.0,4096,True,1
"[""build""]","[""build""]",0.4069201946258545,['1269431c8a3e7549f10fcbbb4b88ff625c8898b3'],1.0,1.0,1.0,True,0.0,4096,True,1
"[""feat"", ""refactor""]","[""refactor""]",0.532860279083252,['535708ae50aecb452560a23356fd396f99ef13a2'],0.5,1.0,0.6666666666666666,False,0.14285714285714285,4096,True,1
"[""feat"", ""refactor""]","[""feat""]",0.5259683132171631,['68278b00450f2679761a2999500f6d87a579376b'],0.5,1.0,0.6666666666666666,False,0.14285714285714285,4096,True,1
"[""ci""]","[""ci""]",0.3742523193359375,['6c9cb638cb4d1ecc42632fcf389c24898c5b3244'],1.0,1.0,1.0,True,0.0,4096,True,1
"[""test""]","[""test""]",0.31737208366394043,['c7b25726df94a2530c9b1c0d2b6a0acaa103822f'],1.0,1.0,1.0,True,0.0,4096,True,1
"[""refactor"", ""feat""]","[""feat""]",0.5933935642242432,['1bcf88670b50155b50071e707f98f30cea0b7a24'],0.5,1.0,0.6666666666666666,False,0.14285714285714285,4096,True,1
"[""build"", ""test""]","[""build""]",0.6242105960845947,['454003841aabeb74396d73541378bfa59c75b5db'],0.5,1.0,0.6666666666666666,False,0.14285714285714285,4096,True,1
"[""ci""]","[""ci""]",0.37241315841674805,['dbb537a26e388a8d7d17faf131abc30c2f7a84e6'],1.0,1.0,1.0,True,0.0,4096,True,1
"[""fix"", ""docs""]","[""docs""]",0.4772329330444336,['bf83c9155e9bee6925aa7102fab53fb803d52533'],0.5,1.0,0.6666666666666666,False,0.14285714285714285,4096,True,1
"[""feat""]","[""feat""]",0.373746395111084,['dc5238b2bda98a7c4f2fe9584fc3b0191a408109'],1.0,1.0,1.0,True,0.0,4096,True,1
"[""ci""]","[""ci""]",0.37266063690185547,['74e9de5ec97dc013a52aa063dff0f40ac74c407b'],1.0,1.0,1.0,True,0.0,4096,True,1
"[""test""]","[""test""]",0.37763237953186035,['b7ce2894fd1794064bd6db4ed730bb6cb7728739'],1.0,1.0,1.0,True,0.0,4096,True,1
"[""build""]","[""build""]",0.3731222152709961,['32b92cfa0b74a6c25990e32ac6aab12b8496794c'],1.0,1.0,1.0,True,0.0,4096,True,1
"[""fix"", ""refactor""]","[""fix""]",0.5655231475830078,['bed78248c941d57ad4cc20a455147e186e97c7a1'],0.5,1.0,0.6666666666666666,False,0.14285714285714285,4096,True,1
"[""test""]","[""test""]",0.3416292667388916,['f411e58cd510f8a2b980b2f1932003a0c0e9f8f3'],1.0,1.0,1.0,True,0.0,4096,True,1
"[""feat""]","[""feat""]",0.39550328254699707,['f9a094918b62534614c47aa8a13f33aec751a1e0'],1.0,1.0,1.0,True,0.0,4096,True,1
"[""docs""]","[""docs""]",0.4030117988586426,['aca23027da1295c78fdf42ba9687d8ccc88784d7'],1.0,1.0,1.0,True,0.0,4096,True,1
"[""build""]","[""build""]",0.4319162368774414,['37b1cbfd3d2c462ef4f2a131e4172c38dc8d9ddf'],1.0,1.0,1.0,True,0.0,4096,True,1
"[""feat"", ""refactor"", ""docs"", ""test"", ""ci"", ""build""]","[""feat""]",1.2443387508392334,['e137f9fdbdb6bf3f85c3f7ac9323785e445844c8'],0.16666666666666666,1.0,0.2857142857142857,False,0.7142857142857143,4096,True,1
"[""test""]","[""test""]",0.3964354991912842,['e0198f74b81da3663144cfe1d971939319f82a0f'],1.0,1.0,1.0,True,0.0,4096,True,1
"[""ci""]","[""ci""]",0.4249837398529053,['45837af24a33308a70a3454f0f650f9fe728e272'],1.0,1.0,1.0,True,0.0,4096,True,1
"[""docs""]","[""docs""]",0.38567280769348145,['0cfc5633d37ea06f645649138323f1820e18bdee'],1.0,1.0,1.0,True,0.0,4096,True,1
"[""test""]","[""test""]",0.5649271011352539,['8ee0611fbf0cd89abe7ae588f22e6ecb843598ea'],1.0,1.0,1.0,True,0.0,4096,True,1
"[""docs"", ""feat""]","[""docs""]",0.44556188583374023,['c2ee5cd5e709afd15c5565ee009a0d204403a119'],0.5,1.0,0.6666666666666666,False,0.14285714285714285,4096,True,1
"[""fix""]","[""fix""]",0.28563833236694336,['d1d55e787b7d07f763852602b9939a5394607fd9'],1.0,1.0,1.0,True,0.0,4096,True,1
"[""build""]","[""build""]",0.3979313373565674,['c55591ba157298a9c5816693c102a89dfd058830'],1.0,1.0,1.0,True,0.0,4096,True,1
"[""fix""]","[""fix""]",0.3145167827606201,['9be725fa3906323d4bc9788f54eccf74109d632b'],1.0,1.0,1.0,True,0.0,4096,True,1
"[""build""]","[""build""]",0.3995547294616699,['f00a4d3e307b89842250358ee432e6800bb24362'],1.0,1.0,1.0,True,0.0,4096,True,1
"[""docs""]","[""docs""]",0.37532782554626465,['036a0ff49a7dade0e04c9c07071a1ff49133ee24'],1.0,1.0,1.0,True,0.0,4096,True,1
"[""feat"", ""docs""]","[""docs""]",0.5073184967041016,['6d405dfc1675dcad64a2dfac0c0cb0fb28381d21'],0.5,1.0,0.6666666666666666,False,0.14285714285714285,4096,True,1
"[""refactor""]","[""refactor""]",1.0737066268920898,['3cca5c314ad6feeffbfe1f14cf49ebd0fd9a95a2'],1.0,1.0,1.0,True,0.0,4096,True,1
"[""fix"", ""test""]","[""docs""]",0.4737265110015869,['af880ac5b4fecbc6c4f3d1eee0d95f326e8bd9d1'],0.0,0.0,0.0,False,0.42857142857142855,4096,True,1
"[""fix""]","[""fix""]",0.3781704902648926,['c8e0ae8612df3d6f2831acc004aaac332f6105e4'],1.0,1.0,1.0,True,0.0,4096,True,1
"[""refactor"", ""docs""]","[""refactor""]",0.6167864799499512,['771857b1df9470ebc15357e8879118a72c649d5b'],0.5,1.0,0.6666666666666666,False,0.14285714285714285,4096,True,1
"[""refactor""]","[""refactor""]",0.34383082389831543,['47ef9104e4a89e80d7cc6c1950bc080841da4a7b'],1.0,1.0,1.0,True,0.0,4096,True,1
"[""refactor""]","[""refactor""]",0.6697657108306885,['1db13ec43727aca872a0f3836e4023ed85db665e'],1.0,1.0,1.0,True,0.0,4096,True,1
"[""fix""]","[""fix""]",0.31751012802124023,['933ab6bb86372913c992567cf9660009900911a7'],1.0,1.0,1.0,True,0.0,4096,True,1
"[""test""]","[""test""]",0.3159153461456299,['e2e8ad25854bd1e7cdbc7f50b50bbd99e04ad47d'],1.0,1.0,1.0,True,0.0,4096,True,1
"[""fix"", ""build""]","[""build""]",0.46773266792297363,['c44cf88a6ec54e5ddd99d8348bcc57b301ec7945'],0.5,1.0,0.6666666666666666,False,0.14285714285714285,4096,True,1
"[""ci""]","[""ci""]",0.3778562545776367,['e96487ad7ce90b141219d9032fa2bed68d5dae6a'],1.0,1.0,1.0,True,0.0,4096,True,1
"[""build""]","[""build""]",0.37310314178466797,['5b81fde8a72cf2e69a10e9f5c4f0bea0a2b8c3e0'],1.0,1.0,1.0,True,0.0,4096,True,1
"[""docs""]","[""docs""]",1.0433540344238281,['cb1f48b56ae0de93acb72e48726c7d610a1d538e'],1.0,1.0,1.0,True,0.0,4096,True,1
"[""feat"", ""fix"", ""refactor"", ""docs"", ""test"", ""ci"", ""build""]","[""fix""]",1.0905845165252686,['2561f4ade46fc9d59f289f328cc77733a6443697'],0.14285714285714285,1.0,0.25,False,0.8571428571428571,4096,True,1
"[""refactor""]","[""fix""]",0.35806965827941895,['06e2be4e2019b6fa714e1fcb34485860ef1ede79'],0.0,0.0,0.0,False,0.2857142857142857,4096,True,1
"[""refactor""]","[""refactor""]",0.348299503326416,['36556bf8e0bce4ab6d26eafacbdad04d9614a5d7'],1.0,1.0,1.0,True,0.0,4096,True,1
"[""build"", ""fix""]","[""build""]",0.4747326374053955,['c323d59c607cabc91f17a78528d998f376f30b10'],0.5,1.0,0.6666666666666666,False,0.14285714285714285,4096,True,1
"[""refactor"", ""build""]","[""build""]",0.5645480155944824,['e4a11fd5c34942ba12737f1c8c084489428ee274'],0.5,1.0,0.6666666666666666,False,0.14285714285714285,4096,True,1
"[""feat"", ""docs""]","[""refactor""]",0.5732603073120117,['63eab619e6166eb6cab948028a7b89bf059dd878'],0.0,0.0,0.0,False,0.42857142857142855,4096,True,1
"[""docs""]","[""docs""]",0.3485405445098877,['a52a585d74894b3b4eeb8c784fa089ff95cddad0'],1.0,1.0,1.0,True,0.0,4096,True,1
"[""feat"", ""refactor"", ""test"", ""ci"", ""build"", ""docs""]","[""feat""]",0.9908359050750732,['b282e90e2cbb74559aab79eee8443a4d7c85502a'],0.16666666666666666,1.0,0.2857142857142857,False,0.7142857142857143,4096,True,1
"[""feat"", ""test"", ""ci"", ""build"", ""docs""]","[""feat""]",0.7990024089813232,['f823cf28652987d43c8324b4f5b203240032383a'],0.2,1.0,0.33333333333333337,False,0.5714285714285714,4096,True,1
"[""feat"", ""refactor""]","[""fix""]",0.506594181060791,['9ef5c0d14193a9abb09b39856f58477d1f4b0d77'],0.0,0.0,0.0,False,0.42857142857142855,4096,True,1
"[""feat"", ""refactor""]","[""feat""]",0.6065685749053955,['fd8e563cc19ca4684885d4692acee6bebcca4ada'],0.5,1.0,0.6666666666666666,False,0.14285714285714285,4096,True,1
"[""ci""]","[""ci""]",0.3866000175476074,['4cbbd2552ba0de273e1dfe7d453c5b3efed751a3'],1.0,1.0,1.0,True,0.0,4096,True,1
"[""ci"", ""test""]","[""ci""]",0.5817520618438721,['173553c0372e66e03bdab19e0e6c2dd44daa14a0'],0.5,1.0,0.6666666666666666,False,0.14285714285714285,4096,True,1
"[""ci""]","[""ci""]",0.5526342391967773,['32845e1bbd1efb5dbc16f671049509a409ba25ce'],1.0,1.0,1.0,True,0.0,4096,True,1
"[""test""]","[""test""]",0.34026098251342773,['229b53a632ea97d47c4be11f096bdd828fb415d8'],1.0,1.0,1.0,True,0.0,4096,True,1
"[""feat"", ""refactor""]","[""refactor""]",0.5018582344055176,['2954a0955ce9af6acb345ed1e8328e145ad30475'],0.5,1.0,0.6666666666666666,False,0.14285714285714285,4096,True,1
"[""refactor"", ""docs""]","[""refactor""]",0.5042243003845215,['a62314d9bb632be6af026686615d14b912250512'],0.5,1.0,0.6666666666666666,False,0.14285714285714285,4096,True,1
"[""refactor""]","[""refactor""]",0.7064230442047119,['062daa45cbd5dba6e96e95d8cdcaee89ae30a83c'],1.0,1.0,1.0,True,0.0,4096,True,1
"[""fix"", ""test""]","[""test""]",0.4925508499145508,['bedc7950b24c37809e36a585b7985d5aa5e3e458'],0.5,1.0,0.6666666666666666,False,0.14285714285714285,4096,True,1
"[""feat"", ""refactor""]","[""feat""]",0.9371864795684814,['ded26d768ff432ad3bde3c0aa1e95ce50726100a'],0.5,1.0,0.6666666666666666,False,0.14285714285714285,4096,True,1
"[""feat"", ""test""]","[""test""]",0.5074648857116699,['e9617f0854030e70365eb264bcb3b58078e79e9e'],0.5,1.0,0.6666666666666666,False,0.14285714285714285,4096,True,1
"[""feat"", ""build"", ""test""]","[""feat""]",0.7939293384552002,['6ed56ce9ae743ba9a87e6c9643cc06b1de7b748d'],0.3333333333333333,1.0,0.5,False,0.2857142857142857,4096,True,1
"[""feat"", ""docs""]","[""docs""]",0.42891573905944824,['e12d9e77a6fd531a22325337838a841b1c67f00d'],0.5,1.0,0.6666666666666666,False,0.14285714285714285,4096,True,1
"[""feat"", ""refactor""]","[""feat"", ""refactor""]",0.6578469276428223,"['fd8e563cc19ca4684885d4692acee6bebcca4ada', '36556bf8e0bce4ab6d26eafacbdad04d9614a5d7']",1.0,1.0,1.0,True,0.0,4096,True,2
"[""ci"", ""build""]","[""ci"", ""build""]",0.5827572345733643,"['45837af24a33308a70a3454f0f650f9fe728e272', '5b81fde8a72cf2e69a10e9f5c4f0bea0a2b8c3e0']",1.0,1.0,1.0,True,0.0,4096,True,2
"[""feat"", ""refactor"", ""test""]","[""refactor"", ""docs""]",0.6700427532196045,"['535708ae50aecb452560a23356fd396f99ef13a2', 'af880ac5b4fecbc6c4f3d1eee0d95f326e8bd9d1']",0.3333333333333333,0.5,0.4,False,0.42857142857142855,4096,True,2
"[""feat"", ""refactor"", ""docs"", ""test"", ""ci"", ""build""]","[""feat"", ""refactor""]",1.0744946002960205,"['68278b00450f2679761a2999500f6d87a579376b', '63eab619e6166eb6cab948028a7b89bf059dd878']",0.3333333333333333,1.0,0.5,False,0.5714285714285714,4096,True,2
"[""ci"", ""test"", ""refactor""]","[""ci"", ""test""]",0.606896162033081,"['dbb537a26e388a8d7d17faf131abc30c2f7a84e6', 'f411e58cd510f8a2b980b2f1932003a0c0e9f8f3']",0.6666666666666666,1.0,0.8,False,0.14285714285714285,4096,True,2
"[""test"", ""ci""]","[""test"", ""ci""]",0.5864295959472656,"['e2e8ad25854bd1e7cdbc7f50b50bbd99e04ad47d', 'c5fa7b80438fbd74f4c341f0d3c9bd9e0f4910da']",1.0,1.0,1.0,True,0.0,4096,True,2
"[""ci"", ""build""]","[""ci"", ""build""]",0.6367626190185547,"['45837af24a33308a70a3454f0f650f9fe728e272', '1269431c8a3e7549f10fcbbb4b88ff625c8898b3']",1.0,1.0,1.0,True,0.0,4096,True,2
"[""feat"", ""test"", ""refactor""]","[""feat"", ""test""]",0.7673723697662354,"['1bcf88670b50155b50071e707f98f30cea0b7a24', 'f411e58cd510f8a2b980b2f1932003a0c0e9f8f3']",0.6666666666666666,1.0,0.8,False,0.14285714285714285,4096,True,2
"[""fix"", ""ci""]","[""fix"", ""docs""]",0.47680139541625977,"['9be725fa3906323d4bc9788f54eccf74109d632b', '0cfc5633d37ea06f645649138323f1820e18bdee']",0.5,0.5,0.5,False,0.2857142857142857,4096,True,2
"[""fix"", ""ci""]","[""fix"", ""ci""]",0.4397852420806885,"['9be725fa3906323d4bc9788f54eccf74109d632b', 'e96487ad7ce90b141219d9032fa2bed68d5dae6a']",1.0,1.0,1.0,True,0.0,4096,True,2
"[""build"", ""test""]","[""build"", ""test""]",0.6676671504974365,"['1269431c8a3e7549f10fcbbb4b88ff625c8898b3', '317f4eefecddfb1392ca71d551840f446feee302']",1.0,1.0,1.0,True,0.0,4096,True,2
"[""ci"", ""docs""]","[""ci"", ""docs""]",0.5047075748443604,"['dbb537a26e388a8d7d17faf131abc30c2f7a84e6', '0cfc5633d37ea06f645649138323f1820e18bdee']",1.0,1.0,1.0,True,0.0,4096,True,2
"[""refactor"", ""build""]","[""refactor"", ""build""]",1.008471965789795,"['3cca5c314ad6feeffbfe1f14cf49ebd0fd9a95a2', '454003841aabeb74396d73541378bfa59c75b5db']",1.0,1.0,1.0,True,0.0,4096,True,2
"[""feat"", ""fix"", ""refactor"", ""docs"", ""test"", ""ci"", ""build""]","[""fix"", ""refactor""]",1.4281365871429443,"['2561f4ade46fc9d59f289f328cc77733a6443697', '062daa45cbd5dba6e96e95d8cdcaee89ae30a83c']",0.2857142857142857,1.0,0.4444444444444445,False,0.7142857142857143,4096,True,2
"[""fix"", ""ci""]","[""build"", ""ci""]",0.5076265335083008,"['c44cf88a6ec54e5ddd99d8348bcc57b301ec7945', 'dbb537a26e388a8d7d17faf131abc30c2f7a84e6']",0.5,0.5,0.5,False,0.2857142857142857,4096,True,2
"[""build"", ""feat"", ""refactor""]","[""build"", ""refactor""]",0.7241582870483398,"['32b92cfa0b74a6c25990e32ac6aab12b8496794c', '63eab619e6166eb6cab948028a7b89bf059dd878']",0.6666666666666666,1.0,0.8,False,0.14285714285714285,4096,True,2
"[""feat"", ""ci""]","[""feat"", ""docs""]",0.5050263404846191,"['dc5238b2bda98a7c4f2fe9584fc3b0191a408109', 'e12d9e77a6fd531a22325337838a841b1c67f00d']",0.5,0.5,0.5,False,0.2857142857142857,4096,True,2
"[""ci"", ""docs""]","[""ci"", ""docs""]",0.74619460105896,"['32845e1bbd1efb5dbc16f671049509a409ba25ce', 'bf83c9155e9bee6925aa7102fab53fb803d52533']",1.0,1.0,1.0,True,0.0,4096,True,2
"[""feat"", ""build"", ""test"", ""refactor""]","[""fix"", ""feat""]",0.9673969745635986,"['d129eaf9125a967ac86c6c7276bbae6b4d50af36', '6ed56ce9ae743ba9a87e6c9643cc06b1de7b748d']",0.25,0.5,0.3333333333333333,False,0.5714285714285714,4096,True,2
"[""feat"", ""refactor"", ""ci""]","[""feat"", ""ci""]",0.7898094654083252,"['1bcf88670b50155b50071e707f98f30cea0b7a24', '74e9de5ec97dc013a52aa063dff0f40ac74c407b']",0.6666666666666666,1.0,0.8,False,0.14285714285714285,4096,True,2
"[""docs"", ""ci""]","[""docs"", ""ci""]",0.5068085193634033,"['036a0ff49a7dade0e04c9c07071a1ff49133ee24', '4cbbd2552ba0de273e1dfe7d453c5b3efed751a3']",1.0,1.0,1.0,True,0.0,4096,True,2
"[""feat"", ""docs"", ""test"", ""ci"", ""build""]","[""test"", ""docs""]",1.2297115325927734,"['e9617f0854030e70365eb264bcb3b58078e79e9e', 'cb1f48b56ae0de93acb72e48726c7d610a1d538e']",0.4,1.0,0.5714285714285715,False,0.42857142857142855,4096,True,2
"[""docs"", ""feat""]","[""docs"", ""feat""]",0.5922708511352539,"['aca23027da1295c78fdf42ba9687d8ccc88784d7', 'f823cf28652987d43c8324b4f5b203240032383a']",1.0,1.0,1.0,True,0.0,4096,True,2
"[""refactor"", ""test"", ""ci"", ""build"", ""docs"", ""feat"", ""fix""]","[""refactor"", ""fix""]",1.0393688678741455,"['47ef9104e4a89e80d7cc6c1950bc080841da4a7b', '06e2be4e2019b6fa714e1fcb34485860ef1ede79']",0.2857142857142857,1.0,0.4444444444444445,False,0.7142857142857143,4096,True,2
"[""build"", ""ci""]","[""build"", ""ci""]",0.4908158779144287,"['5b81fde8a72cf2e69a10e9f5c4f0bea0a2b8c3e0', 'dbb537a26e388a8d7d17faf131abc30c2f7a84e6']",1.0,1.0,1.0,True,0.0,4096,True,2
"[""build"", ""refactor""]","[""build"", ""refactor""]",0.527761697769165,"['5b81fde8a72cf2e69a10e9f5c4f0bea0a2b8c3e0', '36556bf8e0bce4ab6d26eafacbdad04d9614a5d7']",1.0,1.0,1.0,True,0.0,4096,True,2
"[""feat"", ""test""]","[""fix"", ""test""]",0.5853538513183594,"['9ef5c0d14193a9abb09b39856f58477d1f4b0d77', 'b7ce2894fd1794064bd6db4ed730bb6cb7728739']",0.5,0.5,0.5,False,0.2857142857142857,4096,True,2
"[""fix"", ""build"", ""docs""]","[""build"", ""docs""]",0.6410911083221436,"['c323d59c607cabc91f17a78528d998f376f30b10', 'c2ee5cd5e709afd15c5565ee009a0d204403a119']",0.6666666666666666,1.0,0.8,False,0.14285714285714285,4096,True,2
"[""fix"", ""ci""]","[""fix"", ""ci""]",0.4388399124145508,"['9be725fa3906323d4bc9788f54eccf74109d632b', 'dbb537a26e388a8d7d17faf131abc30c2f7a84e6']",1.0,1.0,1.0,True,0.0,4096,True,2
"[""fix"", ""ci""]","[""fix"", ""ci""]",0.5740299224853516,"['9be725fa3906323d4bc9788f54eccf74109d632b', 'e7a67d88173566be3cd3aed7e9eeb7e29aabbc57']",1.0,1.0,1.0,True,0.0,4096,True,2
"[""feat"", ""refactor"", ""docs""]","[""docs"", ""refactor""]",0.9665713310241699,"['c2ee5cd5e709afd15c5565ee009a0d204403a119', '062daa45cbd5dba6e96e95d8cdcaee89ae30a83c']",0.6666666666666666,1.0,0.8,False,0.14285714285714285,4096,True,2
"[""feat"", ""refactor""]","[""fix"", ""feat""]",0.7836151123046875,"['933ab6bb86372913c992567cf9660009900911a7', 'e137f9fdbdb6bf3f85c3f7ac9323785e445844c8']",0.5,0.5,0.5,False,0.2857142857142857,4096,True,2
"[""fix"", ""build""]","[""fix"", ""build""]",0.5335969924926758,"['9be725fa3906323d4bc9788f54eccf74109d632b', 'c44cf88a6ec54e5ddd99d8348bcc57b301ec7945']",1.0,1.0,1.0,True,0.0,4096,True,2
"[""ci"", ""build"", ""test""]","[""ci"", ""docs""]",0.7430703639984131,"['173553c0372e66e03bdab19e0e6c2dd44daa14a0', 'e12d9e77a6fd531a22325337838a841b1c67f00d']",0.3333333333333333,0.5,0.4,False,0.42857142857142855,4096,True,2
"[""ci"", ""feat""]","[""ci"", ""feat""]",0.5488307476043701,"['6c9cb638cb4d1ecc42632fcf389c24898c5b3244', 'f823cf28652987d43c8324b4f5b203240032383a']",1.0,1.0,1.0,True,0.0,4096,True,2
"[""ci"", ""docs"", ""refactor""]","[""ci"", ""docs""]",0.7233786582946777,"['74e9de5ec97dc013a52aa063dff0f40ac74c407b', 'c2ee5cd5e709afd15c5565ee009a0d204403a119']",0.6666666666666666,1.0,0.8,False,0.14285714285714285,4096,True,2
"[""test"", ""ci""]","[""test"", ""build""]",0.6180448532104492,"['317f4eefecddfb1392ca71d551840f446feee302', '5b81fde8a72cf2e69a10e9f5c4f0bea0a2b8c3e0']",0.5,0.5,0.5,False,0.2857142857142857,4096,True,2
"[""feat"", ""docs""]","[""docs"", ""feat""]",0.5268466472625732,"['a52a585d74894b3b4eeb8c784fa089ff95cddad0', 'f823cf28652987d43c8324b4f5b203240032383a']",1.0,1.0,1.0,True,0.0,4096,True,2
"[""refactor"", ""build""]","[""refactor"", ""build""]",0.5183401107788086,"['47ef9104e4a89e80d7cc6c1950bc080841da4a7b', '5b81fde8a72cf2e69a10e9f5c4f0bea0a2b8c3e0']",1.0,1.0,1.0,True,0.0,4096,True,2
"[""feat"", ""refactor"", ""docs"", ""test"", ""ci"", ""build""]","[""feat"", ""refactor""]",1.4494059085845947,"['e137f9fdbdb6bf3f85c3f7ac9323785e445844c8', '771857b1df9470ebc15357e8879118a72c649d5b']",0.3333333333333333,1.0,0.5,False,0.5714285714285714,4096,True,2
"[""feat"", ""refactor"", ""build"", ""test"", ""ci"", ""docs""]","[""feat"", ""fix""]",1.162970781326294,"['6ed56ce9ae743ba9a87e6c9643cc06b1de7b748d', 'd1d55e787b7d07f763852602b9939a5394607fd9']",0.16666666666666666,0.5,0.25,False,0.8571428571428571,4096,True,2
"[""build"", ""fix""]","[""build"", ""docs""]",0.5066323280334473,"['c323d59c607cabc91f17a78528d998f376f30b10', '0cfc5633d37ea06f645649138323f1820e18bdee']",0.5,0.5,0.5,False,0.2857142857142857,4096,True,2
"[""feat"", ""test"", ""ci"", ""build"", ""docs""]","[""test"", ""refactor""]",1.1150364875793457,"['8ee0611fbf0cd89abe7ae588f22e6ecb843598ea', '2954a0955ce9af6acb345ed1e8328e145ad30475']",0.2,0.5,0.28571428571428575,False,0.7142857142857143,4096,True,2
"[""refactor""]","[""refactor"", ""fix""]",0.43383336067199707,"['36556bf8e0bce4ab6d26eafacbdad04d9614a5d7', 'c8e0ae8612df3d6f2831acc004aaac332f6105e4']",1.0,0.5,0.6666666666666666,False,0.14285714285714285,4096,True,2
"[""refactor"", ""ci""]","[""build"", ""ci""]",0.698540449142456,"['e4a11fd5c34942ba12737f1c8c084489428ee274', '173553c0372e66e03bdab19e0e6c2dd44daa14a0']",0.5,0.5,0.5,False,0.2857142857142857,4096,True,2
"[""feat"", ""fix"", ""refactor"", ""docs"", ""test"", ""ci"", ""build""]","[""fix"", ""feat""]",1.080519199371338,"['c8e0ae8612df3d6f2831acc004aaac332f6105e4', 'f9a094918b62534614c47aa8a13f33aec751a1e0']",0.2857142857142857,1.0,0.4444444444444445,False,0.7142857142857143,4096,True,2
"[""refactor"", ""docs""]","[""refactor"", ""docs""]",0.7257702350616455,"['771857b1df9470ebc15357e8879118a72c649d5b', '0cfc5633d37ea06f645649138323f1820e18bdee']",1.0,1.0,1.0,True,0.0,4096,True,2
"[""feat"", ""refactor"", ""build"", ""test"", ""ci"", ""docs""]","[""feat"", ""fix""]",1.168306589126587,"['6ed56ce9ae743ba9a87e6c9643cc06b1de7b748d', '87d5d4e55ab7149b593d29410f1fe426ba2447d4']",0.16666666666666666,0.5,0.25,False,0.8571428571428571,4096,True,2
"[""refactor"", ""test""]","[""refactor"", ""test""]",0.8097856044769287,"['1db13ec43727aca872a0f3836e4023ed85db665e', '229b53a632ea97d47c4be11f096bdd828fb415d8']",1.0,1.0,1.0,True,0.0,4096,True,2
"[""test"", ""feat""]","[""test"", ""refactor""]",0.7203528881072998,"['317f4eefecddfb1392ca71d551840f446feee302', '63eab619e6166eb6cab948028a7b89bf059dd878']",0.5,0.5,0.5,False,0.2857142857142857,4096,True,2
"[""feat"", ""refactor""]","[""docs"", ""build""]",0.5678951740264893,"['e12d9e77a6fd531a22325337838a841b1c67f00d', 'c44cf88a6ec54e5ddd99d8348bcc57b301ec7945']",0.0,0.0,0.0,False,0.5714285714285714,4096,True,2
"[""refactor"", ""build""]","[""refactor"", ""build""]",0.8365683555603027,"['1db13ec43727aca872a0f3836e4023ed85db665e', '32b92cfa0b74a6c25990e32ac6aab12b8496794c']",1.0,1.0,1.0,True,0.0,4096,True,2
"[""docs"", ""refactor"", ""build""]","[""docs"", ""fix""]",0.7256832122802734,"['c2ee5cd5e709afd15c5565ee009a0d204403a119', 'bed78248c941d57ad4cc20a455147e186e97c7a1']",0.3333333333333333,0.5,0.4,False,0.42857142857142855,4096,True,2
"[""fix"", ""feat"", ""ci"", ""docs""]","[""docs"", ""ci""]",0.8307182788848877,"['bf83c9155e9bee6925aa7102fab53fb803d52533', '173553c0372e66e03bdab19e0e6c2dd44daa14a0']",0.5,1.0,0.6666666666666666,False,0.2857142857142857,4096,True,2
"[""refactor"", ""ci""]","[""refactor"", ""ci""]",0.5408380031585693,"['36556bf8e0bce4ab6d26eafacbdad04d9614a5d7', '74e9de5ec97dc013a52aa063dff0f40ac74c407b']",1.0,1.0,1.0,True,0.0,4096,True,2
"[""test"", ""feat""]","[""test"", ""fix""]",0.5798492431640625,"['e9617f0854030e70365eb264bcb3b58078e79e9e', '87d5d4e55ab7149b593d29410f1fe426ba2447d4']",0.5,0.5,0.5,False,0.2857142857142857,4096,True,2
"[""feat"", ""refactor"", ""docs"", ""test"", ""ci"", ""build""]","[""feat"", ""refactor""]",1.2433860301971436,"['e137f9fdbdb6bf3f85c3f7ac9323785e445844c8', '47ef9104e4a89e80d7cc6c1950bc080841da4a7b']",0.3333333333333333,1.0,0.5,False,0.5714285714285714,4096,True,2
"[""refactor"", ""fix"", ""ci""]","[""fix"", ""ci""]",0.7045595645904541,"['2561f4ade46fc9d59f289f328cc77733a6443697', '74e9de5ec97dc013a52aa063dff0f40ac74c407b']",0.6666666666666666,1.0,0.8,False,0.14285714285714285,4096,True,2
"[""build"", ""ci""]","[""build"", ""ci""]",0.43816113471984863,"['5b81fde8a72cf2e69a10e9f5c4f0bea0a2b8c3e0', 'e96487ad7ce90b141219d9032fa2bed68d5dae6a']",1.0,1.0,1.0,True,0.0,4096,True,2
"[""build"", ""test"", ""ci""]","[""build"", ""test""]",0.8532471656799316,"['32b92cfa0b74a6c25990e32ac6aab12b8496794c', '8ee0611fbf0cd89abe7ae588f22e6ecb843598ea']",0.6666666666666666,1.0,0.8,False,0.14285714285714285,4096,True,2
"[""refactor"", ""ci""]","[""refactor"", ""ci""]",0.8434352874755859,"['1db13ec43727aca872a0f3836e4023ed85db665e', '74e9de5ec97dc013a52aa063dff0f40ac74c407b']",1.0,1.0,1.0,True,0.0,4096,True,2
"[""refactor"", ""build""]","[""fix"", ""build""]",0.6487560272216797,"['2561f4ade46fc9d59f289f328cc77733a6443697', 'c55591ba157298a9c5816693c102a89dfd058830']",0.5,0.5,0.5,False,0.2857142857142857,4096,True,2
"[""build"", ""refactor""]","[""build"", ""refactor""]",0.7755484580993652,"['5b81fde8a72cf2e69a10e9f5c4f0bea0a2b8c3e0', '1db13ec43727aca872a0f3836e4023ed85db665e']",1.0,1.0,1.0,True,0.0,4096,True,2
"[""test"", ""ci"", ""build"", ""feat""]","[""test"", ""ci""]",0.9574401378631592,"['8ee0611fbf0cd89abe7ae588f22e6ecb843598ea', 'e96487ad7ce90b141219d9032fa2bed68d5dae6a']",0.5,1.0,0.6666666666666666,False,0.2857142857142857,4096,True,2
"[""refactor"", ""test""]","[""test"", ""refactor""]",0.9050281047821045,"['bedc7950b24c37809e36a585b7985d5aa5e3e458', '062daa45cbd5dba6e96e95d8cdcaee89ae30a83c']",1.0,1.0,1.0,True,0.0,4096,True,2
"[""ci"", ""refactor"", ""test"", ""feat""]","[""ci"", ""refactor""]",0.8958804607391357,"['74e9de5ec97dc013a52aa063dff0f40ac74c407b', '63eab619e6166eb6cab948028a7b89bf059dd878']",0.5,1.0,0.6666666666666666,False,0.2857142857142857,4096,True,2
"[""test"", ""docs""]","[""test"", ""docs""]",0.5866198539733887,"['317f4eefecddfb1392ca71d551840f446feee302', 'af880ac5b4fecbc6c4f3d1eee0d95f326e8bd9d1']",1.0,1.0,1.0,True,0.0,4096,True,2
"[""feat"", ""refactor""]","[""feat"", ""fix""]",0.5095021724700928,"['dc5238b2bda98a7c4f2fe9584fc3b0191a408109', '9ef5c0d14193a9abb09b39856f58477d1f4b0d77']",0.5,0.5,0.5,False,0.2857142857142857,4096,True,2
"[""refactor"", ""ci""]","[""build"", ""docs""]",0.5955634117126465,"['e4a11fd5c34942ba12737f1c8c084489428ee274', 'e12d9e77a6fd531a22325337838a841b1c67f00d']",0.0,0.0,0.0,False,0.5714285714285714,4096,True,2
"[""feat"", ""build"", ""test"", ""docs"", ""refactor"", ""ci""]","[""feat"", ""refactor""]",1.2638781070709229,"['6ed56ce9ae743ba9a87e6c9643cc06b1de7b748d', '63eab619e6166eb6cab948028a7b89bf059dd878']",0.3333333333333333,1.0,0.5,False,0.5714285714285714,4096,True,2
"[""ci"", ""docs"", ""refactor""]","[""ci"", ""fix"", ""docs""]",0.8781297206878662,"['dbb537a26e388a8d7d17faf131abc30c2f7a84e6', 'd129eaf9125a967ac86c6c7276bbae6b4d50af36', 'cb1f48b56ae0de93acb72e48726c7d610a1d538e']",0.6666666666666666,0.6666666666666666,0.6666666666666666,False,0.2857142857142857,4096,True,3
"[""refactor"", ""test""]","[""fix"", ""refactor"", ""feat""]",0.9572014808654785,"['933ab6bb86372913c992567cf9660009900911a7', '3cca5c314ad6feeffbfe1f14cf49ebd0fd9a95a2', '6ed56ce9ae743ba9a87e6c9643cc06b1de7b748d']",0.5,0.3333333333333333,0.4,False,0.42857142857142855,4096,True,3
"[""build"", ""feat"", ""refactor""]","[""build"", ""feat"", ""ci""]",1.0569450855255127,"['5b81fde8a72cf2e69a10e9f5c4f0bea0a2b8c3e0', 'e137f9fdbdb6bf3f85c3f7ac9323785e445844c8', '32845e1bbd1efb5dbc16f671049509a409ba25ce']",0.6666666666666666,0.6666666666666666,0.6666666666666666,False,0.2857142857142857,4096,True,3
"[""ci"", ""feat"", ""refactor"", ""docs""]","[""ci"", ""docs"", ""feat""]",0.9128673076629639,"['45837af24a33308a70a3454f0f650f9fe728e272', '6d405dfc1675dcad64a2dfac0c0cb0fb28381d21', 'f823cf28652987d43c8324b4f5b203240032383a']",0.75,1.0,0.8571428571428571,False,0.14285714285714285,4096,True,3
"[""ci"", ""build"", ""docs"", ""fix""]","[""ci"", ""docs"", ""build""]",0.7387876510620117,"['6c9cb638cb4d1ecc42632fcf389c24898c5b3244', 'bf83c9155e9bee6925aa7102fab53fb803d52533', 'c323d59c607cabc91f17a78528d998f376f30b10']",0.75,1.0,0.8571428571428571,False,0.14285714285714285,4096,True,3
"[""test"", ""ci"", ""feat"", ""refactor""]","[""test"", ""docs"", ""fix""]",0.8256118297576904,"['229b53a632ea97d47c4be11f096bdd828fb415d8', 'e12d9e77a6fd531a22325337838a841b1c67f00d', 'd129eaf9125a967ac86c6c7276bbae6b4d50af36']",0.25,0.3333333333333333,0.28571428571428575,False,0.7142857142857143,4096,True,3
"[""feat"", ""docs"", ""refactor""]","[""feat"", ""docs"", ""refactor""]",0.7738447189331055,"['68278b00450f2679761a2999500f6d87a579376b', 'c2ee5cd5e709afd15c5565ee009a0d204403a119', '535708ae50aecb452560a23356fd396f99ef13a2']",1.0,1.0,1.0,True,0.0,4096,True,3
"[""build"", ""ci"", ""docs"", ""fix"", ""refactor""]","[""docs"", ""ci"", ""test""]",0.9170804023742676,"['0cfc5633d37ea06f645649138323f1820e18bdee', '6c9cb638cb4d1ecc42632fcf389c24898c5b3244', 'f411e58cd510f8a2b980b2f1932003a0c0e9f8f3']",0.4,0.6666666666666666,0.5,False,0.5714285714285714,4096,True,3
"[""build"", ""refactor""]","[""build"", ""fix"", ""refactor""]",0.6203877925872803,"['1269431c8a3e7549f10fcbbb4b88ff625c8898b3', '933ab6bb86372913c992567cf9660009900911a7', '36556bf8e0bce4ab6d26eafacbdad04d9614a5d7']",1.0,0.6666666666666666,0.8,False,0.14285714285714285,4096,True,3
"[""test"", ""docs"", ""refactor""]","[""test"", ""fix"", ""docs""]",0.7194592952728271,"['c7b25726df94a2530c9b1c0d2b6a0acaa103822f', '933ab6bb86372913c992567cf9660009900911a7', 'c2ee5cd5e709afd15c5565ee009a0d204403a119']",0.6666666666666666,0.6666666666666666,0.6666666666666666,False,0.2857142857142857,4096,True,3
"[""build"", ""ci"", ""docs"", ""feat"", ""fix"", ""refactor"", ""test""]","[""build"", ""refactor"", ""fix""]",1.2586565017700195,"['32b92cfa0b74a6c25990e32ac6aab12b8496794c', '771857b1df9470ebc15357e8879118a72c649d5b', '06e2be4e2019b6fa714e1fcb34485860ef1ede79']",0.42857142857142855,1.0,0.6,False,0.5714285714285714,4096,True,3
"[""test"", ""refactor"", ""ci""]","[""test"", ""docs"", ""build""]",0.7194626331329346,"['f411e58cd510f8a2b980b2f1932003a0c0e9f8f3', '036a0ff49a7dade0e04c9c07071a1ff49133ee24', 'c44cf88a6ec54e5ddd99d8348bcc57b301ec7945']",0.3333333333333333,0.3333333333333333,0.3333333333333333,False,0.5714285714285714,4096,True,3
"[""feat"", ""refactor"", ""test"", ""build"", ""docs""]","[""feat"", ""test"", ""refactor""]",1.1162848472595215,"['6ed56ce9ae743ba9a87e6c9643cc06b1de7b748d', 'c7b25726df94a2530c9b1c0d2b6a0acaa103822f', '535708ae50aecb452560a23356fd396f99ef13a2']",0.6,1.0,0.7499999999999999,False,0.2857142857142857,4096,True,3
"[""feat"", ""refactor"", ""ci"", ""build"", ""test"", ""docs"", ""fix""]","[""docs"", ""feat"", ""fix""]",1.243849754333496,"['6d405dfc1675dcad64a2dfac0c0cb0fb28381d21', 'ded26d768ff432ad3bde3c0aa1e95ce50726100a', 'd129eaf9125a967ac86c6c7276bbae6b4d50af36']",0.42857142857142855,1.0,0.6,False,0.5714285714285714,4096,True,3
"[""ci"", ""docs"", ""refactor""]","[""ci"", ""docs"", ""fix""]",0.8478469848632812,"['e7a67d88173566be3cd3aed7e9eeb7e29aabbc57', 'c2ee5cd5e709afd15c5565ee009a0d204403a119', 'bed78248c941d57ad4cc20a455147e186e97c7a1']",0.6666666666666666,0.6666666666666666,0.6666666666666666,False,0.2857142857142857,4096,True,3
"[""ci"", ""docs"", ""refactor"", ""test""]","[""ci"", ""docs"", ""fix""]",0.8776257038116455,"['74e9de5ec97dc013a52aa063dff0f40ac74c407b', 'aca23027da1295c78fdf42ba9687d8ccc88784d7', 'd129eaf9125a967ac86c6c7276bbae6b4d50af36']",0.5,0.6666666666666666,0.5714285714285715,False,0.42857142857142855,4096,True,3
"[""test"", ""refactor"", ""build""]","[""test"", ""fix"", ""build""]",0.7673563957214355,"['c7b25726df94a2530c9b1c0d2b6a0acaa103822f', 'bed78248c941d57ad4cc20a455147e186e97c7a1', 'c55591ba157298a9c5816693c102a89dfd058830']",0.6666666666666666,0.6666666666666666,0.6666666666666666,False,0.2857142857142857,4096,True,3
"[""docs"", ""ci"", ""refactor"", ""build""]","[""docs"", ""ci"", ""fix""]",0.9221816062927246,"['a52a585d74894b3b4eeb8c784fa089ff95cddad0', 'e7a67d88173566be3cd3aed7e9eeb7e29aabbc57', 'bed78248c941d57ad4cc20a455147e186e97c7a1']",0.5,0.6666666666666666,0.5714285714285715,False,0.42857142857142855,4096,True,3
"[""fix"", ""ci"", ""test"", ""build""]","[""build"", ""ci"", ""test""]",0.7696962356567383,"['f00a4d3e307b89842250358ee432e6800bb24362', '6c9cb638cb4d1ecc42632fcf389c24898c5b3244', 'c7b25726df94a2530c9b1c0d2b6a0acaa103822f']",0.75,1.0,0.8571428571428571,False,0.14285714285714285,4096,True,3
"[""feat"", ""feat"", ""feat""]","[""refactor"", ""feat"", ""fix""]",0.7109415531158447,"['2954a0955ce9af6acb345ed1e8328e145ad30475', 'dc5238b2bda98a7c4f2fe9584fc3b0191a408109', '9ef5c0d14193a9abb09b39856f58477d1f4b0d77']",1.0,0.3333333333333333,0.5,False,0.2857142857142857,4096,True,3
"[""ci"", ""test"", ""refactor""]","[""ci"", ""test"", ""fix""]",0.720142126083374,"['4cbbd2552ba0de273e1dfe7d453c5b3efed751a3', 'f411e58cd510f8a2b980b2f1932003a0c0e9f8f3', '06e2be4e2019b6fa714e1fcb34485860ef1ede79']",0.6666666666666666,0.6666666666666666,0.6666666666666666,False,0.2857142857142857,4096,True,3
"[""feat"", ""refactor"", ""test"", ""build""]","[""feat"", ""refactor"", ""build""]",1.1029610633850098,"['b282e90e2cbb74559aab79eee8443a4d7c85502a', '1db13ec43727aca872a0f3836e4023ed85db665e', '37b1cbfd3d2c462ef4f2a131e4172c38dc8d9ddf']",0.75,1.0,0.8571428571428571,False,0.14285714285714285,4096,True,3
"[""feat"", ""refactor"", ""ci"", ""build""]","[""fix"", ""feat"", ""ci""]",1.0232617855072021,"['d129eaf9125a967ac86c6c7276bbae6b4d50af36', 'fd8e563cc19ca4684885d4692acee6bebcca4ada', '173553c0372e66e03bdab19e0e6c2dd44daa14a0']",0.5,0.6666666666666666,0.5714285714285715,False,0.42857142857142855,4096,True,3
"[""feat"", ""docs"", ""test"", ""refactor""]","[""docs"", ""refactor"", ""test""]",0.9048147201538086,"['036a0ff49a7dade0e04c9c07071a1ff49133ee24', '63eab619e6166eb6cab948028a7b89bf059dd878', '229b53a632ea97d47c4be11f096bdd828fb415d8']",0.75,1.0,0.8571428571428571,False,0.14285714285714285,4096,True,3
"[""fix"", ""ci"", ""refactor""]","[""test"", ""ci"", ""feat""]",0.9428656101226807,"['c7b25726df94a2530c9b1c0d2b6a0acaa103822f', '32845e1bbd1efb5dbc16f671049509a409ba25ce', 'b282e90e2cbb74559aab79eee8443a4d7c85502a']",0.3333333333333333,0.3333333333333333,0.3333333333333333,False,0.5714285714285714,4096,True,3
"[""feat"", ""refactor"", ""ci"", ""build"", ""test"", ""docs""]","[""feat"", ""build"", ""refactor""]",0.9968719482421875,"['f9a094918b62534614c47aa8a13f33aec751a1e0', '5b81fde8a72cf2e69a10e9f5c4f0bea0a2b8c3e0', '36556bf8e0bce4ab6d26eafacbdad04d9614a5d7']",0.5,1.0,0.6666666666666666,False,0.42857142857142855,4096,True,3
"[""feat"", ""build"", ""ci"", ""refactor""]","[""feat"", ""build"", ""docs""]",1.0335423946380615,"['e137f9fdbdb6bf3f85c3f7ac9323785e445844c8', '37b1cbfd3d2c462ef4f2a131e4172c38dc8d9ddf', 'e12d9e77a6fd531a22325337838a841b1c67f00d']",0.5,0.6666666666666666,0.5714285714285715,False,0.42857142857142855,4096,True,3
"[""fix"", ""refactor"", ""ci""]","[""build"", ""refactor"", ""ci""]",0.721275806427002,"['f00a4d3e307b89842250358ee432e6800bb24362', '36556bf8e0bce4ab6d26eafacbdad04d9614a5d7', '4cbbd2552ba0de273e1dfe7d453c5b3efed751a3']",0.6666666666666666,0.6666666666666666,0.6666666666666666,False,0.2857142857142857,4096,True,3
"[""docs"", ""build""]","[""docs"", ""ci"", ""build""]",0.8934648036956787,"['cb1f48b56ae0de93acb72e48726c7d610a1d538e', 'e96487ad7ce90b141219d9032fa2bed68d5dae6a', '454003841aabeb74396d73541378bfa59c75b5db']",1.0,0.6666666666666666,0.8,False,0.14285714285714285,4096,True,3
"[""fix"", ""test"", ""build""]","[""fix"", ""test"", ""build""]",0.6940288543701172,"['d129eaf9125a967ac86c6c7276bbae6b4d50af36', 'e2e8ad25854bd1e7cdbc7f50b50bbd99e04ad47d', '1269431c8a3e7549f10fcbbb4b88ff625c8898b3']",1.0,1.0,1.0,True,0.0,4096,True,3
"[""feat"", ""docs"", ""refactor"", ""test"", ""ci"", ""build""]","[""refactor"", ""docs"", ""feat""]",1.0953457355499268,"['2954a0955ce9af6acb345ed1e8328e145ad30475', 'a52a585d74894b3b4eeb8c784fa089ff95cddad0', 'b282e90e2cbb74559aab79eee8443a4d7c85502a']",0.5,1.0,0.6666666666666666,False,0.42857142857142855,4096,True,3
"[""fix"", ""refactor"", ""test""]","[""docs"", ""refactor"", ""test""]",0.9523019790649414,"['0cfc5633d37ea06f645649138323f1820e18bdee', '1db13ec43727aca872a0f3836e4023ed85db665e', 'bedc7950b24c37809e36a585b7985d5aa5e3e458']",0.6666666666666666,0.6666666666666666,0.6666666666666666,False,0.2857142857142857,4096,True,3
"[""fix"", ""build"", ""test""]","[""fix"", ""docs"", ""test""]",0.658632755279541,"['933ab6bb86372913c992567cf9660009900911a7', '0cfc5633d37ea06f645649138323f1820e18bdee', 'c7b25726df94a2530c9b1c0d2b6a0acaa103822f']",0.6666666666666666,0.6666666666666666,0.6666666666666666,False,0.2857142857142857,4096,True,3
"[""refactor"", ""ci"", ""test""]","[""refactor"", ""ci"", ""test""]",0.7120232582092285,"['36556bf8e0bce4ab6d26eafacbdad04d9614a5d7', '6c9cb638cb4d1ecc42632fcf389c24898c5b3244', '229b53a632ea97d47c4be11f096bdd828fb415d8']",1.0,1.0,1.0,True,0.0,4096,True,3
"[""ci"", ""test"", ""docs""]","[""ci"", ""test"", ""docs""]",0.8160257339477539,"['c5fa7b80438fbd74f4c341f0d3c9bd9e0f4910da', '229b53a632ea97d47c4be11f096bdd828fb415d8', 'aca23027da1295c78fdf42ba9687d8ccc88784d7']",1.0,1.0,1.0,True,0.0,4096,True,3
"[""feat"", ""build"", ""refactor""]","[""feat"", ""docs"", ""fix""]",0.7972383499145508,"['f823cf28652987d43c8324b4f5b203240032383a', '0cfc5633d37ea06f645649138323f1820e18bdee', '9ef5c0d14193a9abb09b39856f58477d1f4b0d77']",0.3333333333333333,0.3333333333333333,0.3333333333333333,False,0.5714285714285714,4096,True,3
"[""test"", ""build""]","[""test"", ""fix"", ""build""]",0.6960611343383789,"['317f4eefecddfb1392ca71d551840f446feee302', '06e2be4e2019b6fa714e1fcb34485860ef1ede79', 'c55591ba157298a9c5816693c102a89dfd058830']",1.0,0.6666666666666666,0.8,False,0.14285714285714285,4096,True,3
"[""feat"", ""refactor"", ""docs"", ""build""]","[""feat"", ""docs"", ""refactor""]",0.9351687431335449,"['e137f9fdbdb6bf3f85c3f7ac9323785e445844c8', 'bf83c9155e9bee6925aa7102fab53fb803d52533', '36556bf8e0bce4ab6d26eafacbdad04d9614a5d7']",0.75,1.0,0.8571428571428571,False,0.14285714285714285,4096,True,3
"[""feat"", ""build"", ""refactor""]","[""fix"", ""ci"", ""build""]",0.671882152557373,"['d129eaf9125a967ac86c6c7276bbae6b4d50af36', '6c9cb638cb4d1ecc42632fcf389c24898c5b3244', 'c44cf88a6ec54e5ddd99d8348bcc57b301ec7945']",0.3333333333333333,0.3333333333333333,0.3333333333333333,False,0.5714285714285714,4096,True,3
"[""fix"", ""feat"", ""docs""]","[""fix"", ""refactor"", ""docs""]",0.691673755645752,"['2561f4ade46fc9d59f289f328cc77733a6443697', '2954a0955ce9af6acb345ed1e8328e145ad30475', 'a52a585d74894b3b4eeb8c784fa089ff95cddad0']",0.6666666666666666,0.6666666666666666,0.6666666666666666,False,0.2857142857142857,4096,True,3
"[""build"", ""fix""]","[""build"", ""feat"", ""fix""]",0.5583333969116211,"['c55591ba157298a9c5816693c102a89dfd058830', 'dc5238b2bda98a7c4f2fe9584fc3b0191a408109', '9be725fa3906323d4bc9788f54eccf74109d632b']",1.0,0.6666666666666666,0.8,False,0.14285714285714285,4096,True,3
"[""test"", ""refactor"", ""feat""]","[""test"", ""refactor"", ""feat""]",0.9179134368896484,"['229b53a632ea97d47c4be11f096bdd828fb415d8', '36556bf8e0bce4ab6d26eafacbdad04d9614a5d7', 'ded26d768ff432ad3bde3c0aa1e95ce50726100a']",1.0,1.0,1.0,True,0.0,4096,True,3
"[""test"", ""ci"", ""build""]","[""test"", ""build"", ""ci""]",0.847320556640625,"['e0198f74b81da3663144cfe1d971939319f82a0f', 'c55591ba157298a9c5816693c102a89dfd058830', 'e7a67d88173566be3cd3aed7e9eeb7e29aabbc57']",1.0,1.0,1.0,True,0.0,4096,True,3
"[""feat"", ""test"", ""refactor"", ""docs""]","[""test"", ""fix"", ""docs""]",0.8917193412780762,"['bedc7950b24c37809e36a585b7985d5aa5e3e458', '933ab6bb86372913c992567cf9660009900911a7', '6d405dfc1675dcad64a2dfac0c0cb0fb28381d21']",0.5,0.6666666666666666,0.5714285714285715,False,0.42857142857142855,4096,True,3
"[""fix"", ""refactor"", ""test""]","[""fix"", ""build"", ""test""]",0.7958078384399414,"['d129eaf9125a967ac86c6c7276bbae6b4d50af36', '32b92cfa0b74a6c25990e32ac6aab12b8496794c', '317f4eefecddfb1392ca71d551840f446feee302']",0.6666666666666666,0.6666666666666666,0.6666666666666666,False,0.2857142857142857,4096,True,3
"[""feat"", ""fix"", ""ci""]","[""feat"", ""fix"", ""ci""]",0.907163143157959,"['f823cf28652987d43c8324b4f5b203240032383a', '9be725fa3906323d4bc9788f54eccf74109d632b', '32845e1bbd1efb5dbc16f671049509a409ba25ce']",1.0,1.0,1.0,True,0.0,4096,True,3
"[""feat"", ""build"", ""docs""]","[""fix"", ""docs"", ""build""]",0.7432706356048584,"['9ef5c0d14193a9abb09b39856f58477d1f4b0d77', 'a52a585d74894b3b4eeb8c784fa089ff95cddad0', '37b1cbfd3d2c462ef4f2a131e4172c38dc8d9ddf']",0.6666666666666666,0.6666666666666666,0.6666666666666666,False,0.2857142857142857,4096,True,3
"[""feat"", ""ci"", ""docs""]","[""fix"", ""ci"", ""docs""]",0.6909289360046387,"['87d5d4e55ab7149b593d29410f1fe426ba2447d4', '4cbbd2552ba0de273e1dfe7d453c5b3efed751a3', '6d405dfc1675dcad64a2dfac0c0cb0fb28381d21']",0.6666666666666666,0.6666666666666666,0.6666666666666666,False,0.2857142857142857,4096,True,3
"[""feat"", ""docs""]","[""feat"", ""docs"", ""fix""]",0.9123754501342773,"['fd8e563cc19ca4684885d4692acee6bebcca4ada', 'cb1f48b56ae0de93acb72e48726c7d610a1d538e', 'bed78248c941d57ad4cc20a455147e186e97c7a1']",1.0,0.6666666666666666,0.8,False,0.14285714285714285,4096,True,3
"[""refactor"", ""feat""]","[""feat"", ""fix"", ""refactor""]",0.8967146873474121,"['1bcf88670b50155b50071e707f98f30cea0b7a24', '9ef5c0d14193a9abb09b39856f58477d1f4b0d77', '062daa45cbd5dba6e96e95d8cdcaee89ae30a83c']",1.0,0.6666666666666666,0.8,False,0.14285714285714285,4096,True,3
"[""fix"", ""docs"", ""build"", ""test""]","[""fix"", ""docs"", ""test""]",0.8779535293579102,"['bed78248c941d57ad4cc20a455147e186e97c7a1', 'a52a585d74894b3b4eeb8c784fa089ff95cddad0', 'e9617f0854030e70365eb264bcb3b58078e79e9e']",0.75,1.0,0.8571428571428571,False,0.14285714285714285,4096,True,3
"[""docs"", ""ci"", ""refactor""]","[""docs"", ""ci"", ""feat""]",0.8208937644958496,"['c2ee5cd5e709afd15c5565ee009a0d204403a119', 'dbb537a26e388a8d7d17faf131abc30c2f7a84e6', 'ded26d768ff432ad3bde3c0aa1e95ce50726100a']",0.6666666666666666,0.6666666666666666,0.6666666666666666,False,0.2857142857142857,4096,True,3
"[""build"", ""refactor""]","[""build"", ""ci"", ""refactor""]",0.8592219352722168,"['454003841aabeb74396d73541378bfa59c75b5db', 'dbb537a26e388a8d7d17faf131abc30c2f7a84e6', '062daa45cbd5dba6e96e95d8cdcaee89ae30a83c']",1.0,0.6666666666666666,0.8,False,0.14285714285714285,4096,True,3
"[""feat"", ""test"", ""ci"", ""build"", ""docs"", ""refactor""]","[""feat"", ""fix"", ""test""]",1.1457371711730957,"['fd8e563cc19ca4684885d4692acee6bebcca4ada', 'd1d55e787b7d07f763852602b9939a5394607fd9', 'b7ce2894fd1794064bd6db4ed730bb6cb7728739']",0.3333333333333333,0.6666666666666666,0.4444444444444444,False,0.7142857142857143,4096,True,3
"[""docs"", ""test"", ""ci"", ""build""]","[""docs"", ""test"", ""build""]",0.8387758731842041,"['bf83c9155e9bee6925aa7102fab53fb803d52533', 'b7ce2894fd1794064bd6db4ed730bb6cb7728739', '37b1cbfd3d2c462ef4f2a131e4172c38dc8d9ddf']",0.75,1.0,0.8571428571428571,False,0.14285714285714285,4096,True,3
"[""feat"", ""ci"", ""test""]","[""fix"", ""ci"", ""test""]",0.8504407405853271,"['d129eaf9125a967ac86c6c7276bbae6b4d50af36', 'e7a67d88173566be3cd3aed7e9eeb7e29aabbc57', '317f4eefecddfb1392ca71d551840f446feee302']",0.6666666666666666,0.6666666666666666,0.6666666666666666,False,0.2857142857142857,4096,True,3
"[""docs"", ""build"", ""refactor""]","[""docs"", ""fix"", ""ci""]",0.714547872543335,"['c2ee5cd5e709afd15c5565ee009a0d204403a119', 'd1d55e787b7d07f763852602b9939a5394607fd9', '6c9cb638cb4d1ecc42632fcf389c24898c5b3244']",0.3333333333333333,0.3333333333333333,0.3333333333333333,False,0.5714285714285714,4096,True,3
"[""ci"", ""refactor"", ""docs""]","[""ci"", ""fix"", ""docs""]",0.6755053997039795,"['dbb537a26e388a8d7d17faf131abc30c2f7a84e6', 'c8e0ae8612df3d6f2831acc004aaac332f6105e4', 'e12d9e77a6fd531a22325337838a841b1c67f00d']",0.6666666666666666,0.6666666666666666,0.6666666666666666,False,0.2857142857142857,4096,True,3
"[""build"", ""docs"", ""feat"", ""refactor"", ""test""]","[""build"", ""docs"", ""refactor""]",0.9218757152557373,"['c55591ba157298a9c5816693c102a89dfd058830', 'c2ee5cd5e709afd15c5565ee009a0d204403a119', 'a62314d9bb632be6af026686615d14b912250512']",0.6,1.0,0.7499999999999999,False,0.2857142857142857,4096,True,3
"[""refactor"", ""ci"", ""build"", ""test"", ""docs"", ""feat"", ""fix""]","[""fix"", ""build"", ""refactor""]",1.2791733741760254,"['d1d55e787b7d07f763852602b9939a5394607fd9', '32b92cfa0b74a6c25990e32ac6aab12b8496794c', '062daa45cbd5dba6e96e95d8cdcaee89ae30a83c']",0.42857142857142855,1.0,0.6,False,0.5714285714285714,4096,True,3
"[""test"", ""ci"", ""build"", ""refactor""]","[""test"", ""docs"", ""build""]",0.8419394493103027,"['f411e58cd510f8a2b980b2f1932003a0c0e9f8f3', 'af880ac5b4fecbc6c4f3d1eee0d95f326e8bd9d1', '1269431c8a3e7549f10fcbbb4b88ff625c8898b3']",0.5,0.6666666666666666,0.5714285714285715,False,0.42857142857142855,4096,True,3
"[""feat"", ""test"", ""refactor"", ""build""]","[""feat"", ""fix"", ""test""]",0.8508868217468262,"['f9a094918b62534614c47aa8a13f33aec751a1e0', '87d5d4e55ab7149b593d29410f1fe426ba2447d4', '317f4eefecddfb1392ca71d551840f446feee302']",0.5,0.6666666666666666,0.5714285714285715,False,0.42857142857142855,4096,True,3
"[""test"", ""feat"", ""build""]","[""test"", ""fix"", ""feat""]",0.7250077724456787,"['229b53a632ea97d47c4be11f096bdd828fb415d8', 'c8e0ae8612df3d6f2831acc004aaac332f6105e4', 'f823cf28652987d43c8324b4f5b203240032383a']",0.6666666666666666,0.6666666666666666,0.6666666666666666,False,0.2857142857142857,4096,True,3
"[""feat"", ""fix"", ""refactor"", ""docs"", ""test"", ""ci"", ""build""]","[""feat"", ""fix"", ""docs""]",1.0789234638214111,"['dc5238b2bda98a7c4f2fe9584fc3b0191a408109', '06e2be4e2019b6fa714e1fcb34485860ef1ede79', 'af880ac5b4fecbc6c4f3d1eee0d95f326e8bd9d1']",0.42857142857142855,1.0,0.6,False,0.5714285714285714,4096,True,3
"[""ci"", ""feat"", ""refactor"", ""test""]","[""ci"", ""docs"", ""test""]",0.8735761642456055,"['173553c0372e66e03bdab19e0e6c2dd44daa14a0', 'e12d9e77a6fd531a22325337838a841b1c67f00d', 'c7b25726df94a2530c9b1c0d2b6a0acaa103822f']",0.5,0.6666666666666666,0.5714285714285715,False,0.42857142857142855,4096,True,3
"[""ci"", ""refactor"", ""docs""]","[""ci"", ""fix"", ""docs""]",0.6982271671295166,"['dbb537a26e388a8d7d17faf131abc30c2f7a84e6', '2561f4ade46fc9d59f289f328cc77733a6443697', 'e12d9e77a6fd531a22325337838a841b1c67f00d']",0.6666666666666666,0.6666666666666666,0.6666666666666666,False,0.2857142857142857,4096,True,3
"[""feat"", ""test"", ""ci"", ""build""]","[""feat"", ""fix"", ""test""]",0.8415770530700684,"['f823cf28652987d43c8324b4f5b203240032383a', '9ef5c0d14193a9abb09b39856f58477d1f4b0d77', '229b53a632ea97d47c4be11f096bdd828fb415d8']",0.5,0.6666666666666666,0.5714285714285715,False,0.42857142857142855,4096,True,3
"[""feat"", ""ci"", ""refactor"", ""docs"", ""test"", ""build""]","[""docs"", ""ci"", ""feat""]",1.1892259120941162,"['6d405dfc1675dcad64a2dfac0c0cb0fb28381d21', '173553c0372e66e03bdab19e0e6c2dd44daa14a0', 'b282e90e2cbb74559aab79eee8443a4d7c85502a']",0.5,1.0,0.6666666666666666,False,0.42857142857142855,4096,True,3
"[""ci"", ""docs"", ""feat"", ""refactor""]","[""ci"", ""docs"", ""build""]",0.8963124752044678,"['c5fa7b80438fbd74f4c341f0d3c9bd9e0f4910da', '036a0ff49a7dade0e04c9c07071a1ff49133ee24', 'c44cf88a6ec54e5ddd99d8348bcc57b301ec7945']",0.5,0.6666666666666666,0.5714285714285715,False,0.42857142857142855,4096,True,3
"[""ci"", ""refactor"", ""build""]","[""ci"", ""feat"", ""build""]",1.0013186931610107,"['32845e1bbd1efb5dbc16f671049509a409ba25ce', 'b282e90e2cbb74559aab79eee8443a4d7c85502a', '37b1cbfd3d2c462ef4f2a131e4172c38dc8d9ddf']",0.6666666666666666,0.6666666666666666,0.6666666666666666,False,0.2857142857142857,4096,True,3
"[""test"", ""build"", ""feat"", ""fix""]","[""test"", ""build"", ""fix"", ""feat""]",0.9077346324920654,"['e0198f74b81da3663144cfe1d971939319f82a0f', 'f00a4d3e307b89842250358ee432e6800bb24362', 'd129eaf9125a967ac86c6c7276bbae6b4d50af36', 'dc5238b2bda98a7c4f2fe9584fc3b0191a408109']",1.0,1.0,1.0,True,0.0,4096,True,4
"[""ci"", ""docs"", ""feat"", ""refactor"", ""test""]","[""ci"", ""build"", ""test"", ""docs""]",1.0504214763641357,"['c5fa7b80438fbd74f4c341f0d3c9bd9e0f4910da', '1269431c8a3e7549f10fcbbb4b88ff625c8898b3', 'e2e8ad25854bd1e7cdbc7f50b50bbd99e04ad47d', '036a0ff49a7dade0e04c9c07071a1ff49133ee24']",0.6,0.75,0.6666666666666665,False,0.42857142857142855,4096,True,4
"[""refactor"", ""docs"", ""test""]","[""refactor"", ""feat"", ""docs"", ""test""]",0.8519046306610107,"['3cca5c314ad6feeffbfe1f14cf49ebd0fd9a95a2', 'dc5238b2bda98a7c4f2fe9584fc3b0191a408109', 'aca23027da1295c78fdf42ba9687d8ccc88784d7', '229b53a632ea97d47c4be11f096bdd828fb415d8']",1.0,0.75,0.8571428571428571,False,0.14285714285714285,4096,True,4
"[""fix"", ""build"", ""refactor"", ""test""]","[""fix"", ""test"", ""build"", ""refactor""]",0.9544122219085693,"['d1d55e787b7d07f763852602b9939a5394607fd9', 'bedc7950b24c37809e36a585b7985d5aa5e3e458', 'c55591ba157298a9c5816693c102a89dfd058830', '535708ae50aecb452560a23356fd396f99ef13a2']",1.0,1.0,1.0,True,0.0,4096,True,4
"[""feat"", ""refactor"", ""docs"", ""build"", ""test"", ""ci""]","[""docs"", ""build"", ""ci"", ""feat""]",1.2833600044250488,"['a52a585d74894b3b4eeb8c784fa089ff95cddad0', '1269431c8a3e7549f10fcbbb4b88ff625c8898b3', '45837af24a33308a70a3454f0f650f9fe728e272', 'e137f9fdbdb6bf3f85c3f7ac9323785e445844c8']",0.6666666666666666,1.0,0.8,False,0.2857142857142857,4096,True,4
"[""feat"", ""fix"", ""test"", ""ci"", ""docs""]","[""test"", ""fix"", ""refactor"", ""ci""]",1.1200695037841797,"['e9617f0854030e70365eb264bcb3b58078e79e9e', 'bed78248c941d57ad4cc20a455147e186e97c7a1', '535708ae50aecb452560a23356fd396f99ef13a2', 'c5fa7b80438fbd74f4c341f0d3c9bd9e0f4910da']",0.6,0.75,0.6666666666666665,False,0.42857142857142855,4096,True,4
"[""ci"", ""feat"", ""refactor"", ""build""]","[""ci"", ""fix"", ""feat"", ""refactor""]",1.067298173904419,"['e7a67d88173566be3cd3aed7e9eeb7e29aabbc57', 'bed78248c941d57ad4cc20a455147e186e97c7a1', 'f823cf28652987d43c8324b4f5b203240032383a', '2954a0955ce9af6acb345ed1e8328e145ad30475']",0.75,0.75,0.75,False,0.2857142857142857,4096,True,4
"[""docs"", ""ci"", ""test"", ""refactor""]","[""docs"", ""ci"", ""test"", ""refactor""]",1.1660778522491455,"['aca23027da1295c78fdf42ba9687d8ccc88784d7', '74e9de5ec97dc013a52aa063dff0f40ac74c407b', '317f4eefecddfb1392ca71d551840f446feee302', '3cca5c314ad6feeffbfe1f14cf49ebd0fd9a95a2']",1.0,1.0,1.0,True,0.0,4096,True,4
"[""fix"", ""feat"", ""build"", ""ci"", ""test"", ""docs""]","[""fix"", ""feat"", ""build"", ""docs""]",1.1184139251708984,"['9be725fa3906323d4bc9788f54eccf74109d632b', 'e137f9fdbdb6bf3f85c3f7ac9323785e445844c8', 'c323d59c607cabc91f17a78528d998f376f30b10', '0cfc5633d37ea06f645649138323f1820e18bdee']",0.6666666666666666,1.0,0.8,False,0.2857142857142857,4096,True,4
"[""fix"", ""feat"", ""test"", ""ci"", ""build"", ""docs"", ""refactor""]","[""docs"", ""feat"", ""test"", ""fix""]",1.2675549983978271,"['0cfc5633d37ea06f645649138323f1820e18bdee', '1bcf88670b50155b50071e707f98f30cea0b7a24', '229b53a632ea97d47c4be11f096bdd828fb415d8', '87d5d4e55ab7149b593d29410f1fe426ba2447d4']",0.5714285714285714,1.0,0.7272727272727273,False,0.42857142857142855,4096,True,4
"[""build"", ""refactor"", ""test""]","[""build"", ""refactor"", ""test"", ""ci""]",0.8774497509002686,"['c55591ba157298a9c5816693c102a89dfd058830', '062daa45cbd5dba6e96e95d8cdcaee89ae30a83c', 'c7b25726df94a2530c9b1c0d2b6a0acaa103822f', 'dbb537a26e388a8d7d17faf131abc30c2f7a84e6']",1.0,0.75,0.8571428571428571,False,0.14285714285714285,4096,True,4
"[""feat"", ""fix"", ""refactor"", ""test"", ""ci"", ""build"", ""docs""]","[""feat"", ""fix"", ""test"", ""refactor""]",1.129636287689209,"['dc5238b2bda98a7c4f2fe9584fc3b0191a408109', 'c8e0ae8612df3d6f2831acc004aaac332f6105e4', 'f411e58cd510f8a2b980b2f1932003a0c0e9f8f3', '47ef9104e4a89e80d7cc6c1950bc080841da4a7b']",0.5714285714285714,1.0,0.7272727272727273,False,0.42857142857142855,4096,True,4
"[""feat"", ""docs"", ""test"", ""ci"", ""build""]","[""refactor"", ""docs"", ""test"", ""ci""]",1.1355535984039307,"['63eab619e6166eb6cab948028a7b89bf059dd878', 'aca23027da1295c78fdf42ba9687d8ccc88784d7', 'f411e58cd510f8a2b980b2f1932003a0c0e9f8f3', 'e7a67d88173566be3cd3aed7e9eeb7e29aabbc57']",0.6,0.75,0.6666666666666665,False,0.42857142857142855,4096,True,4
"[""feat"", ""docs"", ""refactor"", ""test"", ""ci"", ""build""]","[""docs"", ""refactor"", ""test"", ""fix""]",1.249605655670166,"['aca23027da1295c78fdf42ba9687d8ccc88784d7', '062daa45cbd5dba6e96e95d8cdcaee89ae30a83c', 'b7ce2894fd1794064bd6db4ed730bb6cb7728739', '06e2be4e2019b6fa714e1fcb34485860ef1ede79']",0.5,0.75,0.6,False,0.5714285714285714,4096,True,4
"[""test"", ""docs"", ""build"", ""ci"", ""feat""]","[""test"", ""docs"", ""build"", ""ci""]",1.2067468166351318,"['317f4eefecddfb1392ca71d551840f446feee302', 'aca23027da1295c78fdf42ba9687d8ccc88784d7', 'f00a4d3e307b89842250358ee432e6800bb24362', '32845e1bbd1efb5dbc16f671049509a409ba25ce']",0.8,1.0,0.888888888888889,False,0.14285714285714285,4096,True,4
"[""refactor"", ""test""]","[""fix"", ""refactor"", ""docs"", ""test""]",0.717872142791748,"['933ab6bb86372913c992567cf9660009900911a7', '3cca5c314ad6feeffbfe1f14cf49ebd0fd9a95a2', 'a52a585d74894b3b4eeb8c784fa089ff95cddad0', '229b53a632ea97d47c4be11f096bdd828fb415d8']",1.0,0.5,0.6666666666666666,False,0.2857142857142857,4096,True,4
"[""feat"", ""docs"", ""build"", ""ci""]","[""refactor"", ""ci"", ""docs"", ""build""]",0.9077470302581787,"['63eab619e6166eb6cab948028a7b89bf059dd878', '6c9cb638cb4d1ecc42632fcf389c24898c5b3244', 'a52a585d74894b3b4eeb8c784fa089ff95cddad0', 'c55591ba157298a9c5816693c102a89dfd058830']",0.75,0.75,0.75,False,0.2857142857142857,4096,True,4
"[""ci"", ""test"", ""build"", ""feat"", ""refactor"", ""docs""]","[""ci"", ""build"", ""test"", ""fix""]",1.3145222663879395,"['173553c0372e66e03bdab19e0e6c2dd44daa14a0', 'c55591ba157298a9c5816693c102a89dfd058830', '8ee0611fbf0cd89abe7ae588f22e6ecb843598ea', '87d5d4e55ab7149b593d29410f1fe426ba2447d4']",0.5,0.75,0.6,False,0.5714285714285714,4096,True,4
"[""ci"", ""feat"", ""refactor"", ""build""]","[""ci"", ""build"", ""feat"", ""fix""]",1.0522854328155518,"['32845e1bbd1efb5dbc16f671049509a409ba25ce', '32b92cfa0b74a6c25990e32ac6aab12b8496794c', 'fd8e563cc19ca4684885d4692acee6bebcca4ada', '933ab6bb86372913c992567cf9660009900911a7']",0.75,0.75,0.75,False,0.2857142857142857,4096,True,4
"[""test"", ""ci"", ""refactor"", ""feat"", ""build""]","[""test"", ""build"", ""fix"", ""feat""]",1.3359732627868652,"['317f4eefecddfb1392ca71d551840f446feee302', '454003841aabeb74396d73541378bfa59c75b5db', '933ab6bb86372913c992567cf9660009900911a7', '6ed56ce9ae743ba9a87e6c9643cc06b1de7b748d']",0.6,0.75,0.6666666666666665,False,0.42857142857142855,4096,True,4
"[""fix"", ""feat"", ""test"", ""refactor""]","[""fix"", ""docs"", ""test"", ""refactor""]",0.951000452041626,"['d1d55e787b7d07f763852602b9939a5394607fd9', '6d405dfc1675dcad64a2dfac0c0cb0fb28381d21', 'e0198f74b81da3663144cfe1d971939319f82a0f', '36556bf8e0bce4ab6d26eafacbdad04d9614a5d7']",0.75,0.75,0.75,False,0.2857142857142857,4096,True,4
"[""ci"", ""feat"", ""refactor"", ""test""]","[""ci"", ""docs"", ""build"", ""feat""]",0.9736061096191406,"['e7a67d88173566be3cd3aed7e9eeb7e29aabbc57', '6d405dfc1675dcad64a2dfac0c0cb0fb28381d21', 'c44cf88a6ec54e5ddd99d8348bcc57b301ec7945', 'f9a094918b62534614c47aa8a13f33aec751a1e0']",0.5,0.5,0.5,False,0.5714285714285714,4096,True,4
"[""feat"", ""fix"", ""test"", ""refactor"", ""docs""]","[""fix"", ""test"", ""feat"", ""docs""]",1.2330987453460693,"['2561f4ade46fc9d59f289f328cc77733a6443697', 'e0198f74b81da3663144cfe1d971939319f82a0f', '1bcf88670b50155b50071e707f98f30cea0b7a24', '6d405dfc1675dcad64a2dfac0c0cb0fb28381d21']",0.8,1.0,0.888888888888889,False,0.14285714285714285,4096,True,4
"[""ci"", ""test"", ""refactor""]","[""ci"", ""fix"", ""test"", ""docs""]",0.7531008720397949,"['4cbbd2552ba0de273e1dfe7d453c5b3efed751a3', '933ab6bb86372913c992567cf9660009900911a7', 'b7ce2894fd1794064bd6db4ed730bb6cb7728739', 'af880ac5b4fecbc6c4f3d1eee0d95f326e8bd9d1']",0.6666666666666666,0.5,0.5714285714285715,False,0.42857142857142855,4096,True,4
"[""feat"", ""refactor"", ""ci"", ""build"", ""docs"", ""test""]","[""feat"", ""ci"", ""refactor"", ""fix""]",1.2415928840637207,"['f823cf28652987d43c8324b4f5b203240032383a', '45837af24a33308a70a3454f0f650f9fe728e272', '36556bf8e0bce4ab6d26eafacbdad04d9614a5d7', 'bed78248c941d57ad4cc20a455147e186e97c7a1']",0.5,0.75,0.6,False,0.5714285714285714,4096,True,4
"[""feat"", ""fix"", ""refactor"", ""docs"", ""test"", ""ci"", ""build""]","[""refactor"", ""feat"", ""docs"", ""build""]",1.3898005485534668,"['63eab619e6166eb6cab948028a7b89bf059dd878', 'e137f9fdbdb6bf3f85c3f7ac9323785e445844c8', 'a52a585d74894b3b4eeb8c784fa089ff95cddad0', 'f00a4d3e307b89842250358ee432e6800bb24362']",0.5714285714285714,1.0,0.7272727272727273,False,0.42857142857142855,4096,True,4
"[""build"", ""test"", ""refactor"", ""ci""]","[""build"", ""test"", ""ci"", ""refactor""]",1.1928260326385498,"['1269431c8a3e7549f10fcbbb4b88ff625c8898b3', '8ee0611fbf0cd89abe7ae588f22e6ecb843598ea', '45837af24a33308a70a3454f0f650f9fe728e272', '63eab619e6166eb6cab948028a7b89bf059dd878']",1.0,1.0,1.0,True,0.0,4096,True,4
"[""build"", ""docs"", ""feat"", ""refactor"", ""test""]","[""build"", ""docs"", ""feat"", ""fix""]",1.1579761505126953,"['37b1cbfd3d2c462ef4f2a131e4172c38dc8d9ddf', '6d405dfc1675dcad64a2dfac0c0cb0fb28381d21', 'b282e90e2cbb74559aab79eee8443a4d7c85502a', '2561f4ade46fc9d59f289f328cc77733a6443697']",0.6,0.75,0.6666666666666665,False,0.42857142857142855,4096,True,4
"[""build"", ""test"", ""ci"", ""refactor""]","[""build"", ""test"", ""ci"", ""feat""]",1.2240757942199707,"['c55591ba157298a9c5816693c102a89dfd058830', '317f4eefecddfb1392ca71d551840f446feee302', 'c5fa7b80438fbd74f4c341f0d3c9bd9e0f4910da', '6ed56ce9ae743ba9a87e6c9643cc06b1de7b748d']",0.75,0.75,0.75,False,0.2857142857142857,4096,True,4
"[""refactor"", ""build"", ""docs"", ""test"", ""ci"", ""feat"", ""fix""]","[""fix"", ""build"", ""docs"", ""refactor""]",1.2900452613830566,"['933ab6bb86372913c992567cf9660009900911a7', '5b81fde8a72cf2e69a10e9f5c4f0bea0a2b8c3e0', 'c2ee5cd5e709afd15c5565ee009a0d204403a119', '3cca5c314ad6feeffbfe1f14cf49ebd0fd9a95a2']",0.5714285714285714,1.0,0.7272727272727273,False,0.42857142857142855,4096,True,4
"[""refactor"", ""feat"", ""docs"", ""test"", ""ci""]","[""fix"", ""feat"", ""docs"", ""ci""]",0.9802110195159912,"['933ab6bb86372913c992567cf9660009900911a7', 'dc5238b2bda98a7c4f2fe9584fc3b0191a408109', '036a0ff49a7dade0e04c9c07071a1ff49133ee24', 'e7a67d88173566be3cd3aed7e9eeb7e29aabbc57']",0.6,0.75,0.6666666666666665,False,0.42857142857142855,4096,True,4
"[""fix"", ""feat"", ""refactor"", ""docs"", ""test"", ""ci"", ""build""]","[""docs"", ""fix"", ""feat"", ""refactor""]",1.1193816661834717,"['af880ac5b4fecbc6c4f3d1eee0d95f326e8bd9d1', 'c8e0ae8612df3d6f2831acc004aaac332f6105e4', 'f9a094918b62534614c47aa8a13f33aec751a1e0', '47ef9104e4a89e80d7cc6c1950bc080841da4a7b']",0.5714285714285714,1.0,0.7272727272727273,False,0.42857142857142855,4096,True,4
"[""feat"", ""refactor"", ""ci"", ""build""]","[""fix"", ""build"", ""feat"", ""ci""]",1.1270864009857178,"['d129eaf9125a967ac86c6c7276bbae6b4d50af36', '1269431c8a3e7549f10fcbbb4b88ff625c8898b3', 'e137f9fdbdb6bf3f85c3f7ac9323785e445844c8', '173553c0372e66e03bdab19e0e6c2dd44daa14a0']",0.75,0.75,0.75,False,0.2857142857142857,4096,True,4
"[""feat"", ""fix"", ""refactor"", ""build""]","[""feat"", ""refactor"", ""test"", ""build""]",0.8366835117340088,"['dc5238b2bda98a7c4f2fe9584fc3b0191a408109', '771857b1df9470ebc15357e8879118a72c649d5b', 'b7ce2894fd1794064bd6db4ed730bb6cb7728739', 'c323d59c607cabc91f17a78528d998f376f30b10']",0.75,0.75,0.75,False,0.2857142857142857,4096,True,4
"[""build"", ""test"", ""fix"", ""refactor"", ""ci""]","[""build"", ""test"", ""ci"", ""fix""]",1.0095319747924805,"['5b81fde8a72cf2e69a10e9f5c4f0bea0a2b8c3e0', 'b7ce2894fd1794064bd6db4ed730bb6cb7728739', '74e9de5ec97dc013a52aa063dff0f40ac74c407b', 'd129eaf9125a967ac86c6c7276bbae6b4d50af36']",0.8,1.0,0.888888888888889,False,0.14285714285714285,4096,True,4
"[""feat"", ""fix"", ""refactor"", ""build"", ""ci"", ""test""]","[""docs"", ""feat"", ""build"", ""ci""]",1.3208093643188477,"['af880ac5b4fecbc6c4f3d1eee0d95f326e8bd9d1', 'ded26d768ff432ad3bde3c0aa1e95ce50726100a', '454003841aabeb74396d73541378bfa59c75b5db', '4cbbd2552ba0de273e1dfe7d453c5b3efed751a3']",0.5,0.75,0.6,False,0.5714285714285714,4096,True,4
"[""docs"", ""feat"", ""build"", ""ci"", ""test""]","[""docs"", ""refactor"", ""ci"", ""build""]",1.025421142578125,"['036a0ff49a7dade0e04c9c07071a1ff49133ee24', '535708ae50aecb452560a23356fd396f99ef13a2', 'e7a67d88173566be3cd3aed7e9eeb7e29aabbc57', 'c55591ba157298a9c5816693c102a89dfd058830']",0.6,0.75,0.6666666666666665,False,0.42857142857142855,4096,True,4
"[""feat"", ""build"", ""refactor"", ""docs""]","[""refactor"", ""ci"", ""fix"", ""docs""]",0.8779816627502441,"['2954a0955ce9af6acb345ed1e8328e145ad30475', '6c9cb638cb4d1ecc42632fcf389c24898c5b3244', 'd1d55e787b7d07f763852602b9939a5394607fd9', '6d405dfc1675dcad64a2dfac0c0cb0fb28381d21']",0.5,0.5,0.5,False,0.5714285714285714,4096,True,4
"[""test"", ""ci"", ""docs"", ""feat""]","[""test"", ""ci"", ""docs"", ""feat""]",0.9232704639434814,"['229b53a632ea97d47c4be11f096bdd828fb415d8', '4cbbd2552ba0de273e1dfe7d453c5b3efed751a3', 'bf83c9155e9bee6925aa7102fab53fb803d52533', 'ded26d768ff432ad3bde3c0aa1e95ce50726100a']",1.0,1.0,1.0,True,0.0,4096,True,4
"[""feat"", ""fix"", ""refactor"", ""test"", ""ci"", ""build""]","[""refactor"", ""fix"", ""test"", ""feat""]",1.1859190464019775,"['47ef9104e4a89e80d7cc6c1950bc080841da4a7b', '9ef5c0d14193a9abb09b39856f58477d1f4b0d77', 'b7ce2894fd1794064bd6db4ed730bb6cb7728739', '1bcf88670b50155b50071e707f98f30cea0b7a24']",0.6666666666666666,1.0,0.8,False,0.2857142857142857,4096,True,4
"[""feat"", ""refactor"", ""ci"", ""build"", ""test"", ""docs""]","[""docs"", ""feat"", ""ci"", ""refactor""]",1.2827270030975342,"['e12d9e77a6fd531a22325337838a841b1c67f00d', 'fd8e563cc19ca4684885d4692acee6bebcca4ada', '173553c0372e66e03bdab19e0e6c2dd44daa14a0', '535708ae50aecb452560a23356fd396f99ef13a2']",0.6666666666666666,1.0,0.8,False,0.2857142857142857,4096,True,4
"[""refactor"", ""ci"", ""test""]","[""refactor"", ""feat"", ""docs"", ""ci""]",0.9736654758453369,"['1db13ec43727aca872a0f3836e4023ed85db665e', 'b282e90e2cbb74559aab79eee8443a4d7c85502a', 'e12d9e77a6fd531a22325337838a841b1c67f00d', '74e9de5ec97dc013a52aa063dff0f40ac74c407b']",0.6666666666666666,0.5,0.5714285714285715,False,0.42857142857142855,4096,True,4
"[""docs"", ""ci"", ""build"", ""test"", ""refactor""]","[""docs"", ""ci"", ""refactor"", ""test""]",1.131934404373169,"['aca23027da1295c78fdf42ba9687d8ccc88784d7', '74e9de5ec97dc013a52aa063dff0f40ac74c407b', '2954a0955ce9af6acb345ed1e8328e145ad30475', 'f411e58cd510f8a2b980b2f1932003a0c0e9f8f3']",0.8,1.0,0.888888888888889,False,0.14285714285714285,4096,True,4
"[""test"", ""ci"", ""fix"", ""refactor""]","[""test"", ""docs"", ""ci"", ""fix""]",0.8551132678985596,"['b7ce2894fd1794064bd6db4ed730bb6cb7728739', 'af880ac5b4fecbc6c4f3d1eee0d95f326e8bd9d1', '6c9cb638cb4d1ecc42632fcf389c24898c5b3244', 'd129eaf9125a967ac86c6c7276bbae6b4d50af36']",0.75,0.75,0.75,False,0.2857142857142857,4096,True,4
"[""ci"", ""test"", ""docs"", ""refactor"", ""feat""]","[""ci"", ""refactor"", ""test"", ""docs""]",1.1778450012207031,"['e7a67d88173566be3cd3aed7e9eeb7e29aabbc57', '36556bf8e0bce4ab6d26eafacbdad04d9614a5d7', '8ee0611fbf0cd89abe7ae588f22e6ecb843598ea', 'c2ee5cd5e709afd15c5565ee009a0d204403a119']",0.8,1.0,0.888888888888889,False,0.14285714285714285,4096,True,4
"[""feat"", ""fix"", ""docs"", ""test"", ""ci"", ""build""]","[""docs"", ""feat"", ""test"", ""build""]",1.252218246459961,"['0cfc5633d37ea06f645649138323f1820e18bdee', 'fd8e563cc19ca4684885d4692acee6bebcca4ada', 'e9617f0854030e70365eb264bcb3b58078e79e9e', '1269431c8a3e7549f10fcbbb4b88ff625c8898b3']",0.6666666666666666,1.0,0.8,False,0.2857142857142857,4096,True,4
"[""refactor"", ""test"", ""ci"", ""build"", ""feat"", ""fix"", ""docs""]","[""refactor"", ""feat"", ""test"", ""fix""]",1.3347949981689453,"['47ef9104e4a89e80d7cc6c1950bc080841da4a7b', 'b282e90e2cbb74559aab79eee8443a4d7c85502a', 'e0198f74b81da3663144cfe1d971939319f82a0f', 'bed78248c941d57ad4cc20a455147e186e97c7a1']",0.5714285714285714,1.0,0.7272727272727273,False,0.42857142857142855,4096,True,4
"[""build"", ""ci"", ""docs"", ""feat"", ""refactor"", ""test""]","[""build"", ""ci"", ""fix"", ""refactor""]",1.415079116821289,"['454003841aabeb74396d73541378bfa59c75b5db', '173553c0372e66e03bdab19e0e6c2dd44daa14a0', 'd129eaf9125a967ac86c6c7276bbae6b4d50af36', '63eab619e6166eb6cab948028a7b89bf059dd878']",0.5,0.75,0.6,False,0.5714285714285714,4096,True,4
"[""feat"", ""test"", ""docs"", ""ci"", ""build"", ""refactor"", ""fix""]","[""test"", ""refactor"", ""docs"", ""feat""]",1.4349579811096191,"['e9617f0854030e70365eb264bcb3b58078e79e9e', '2954a0955ce9af6acb345ed1e8328e145ad30475', 'c2ee5cd5e709afd15c5565ee009a0d204403a119', '6ed56ce9ae743ba9a87e6c9643cc06b1de7b748d']",0.5714285714285714,1.0,0.7272727272727273,False,0.42857142857142855,4096,True,4
"[""build"", ""ci"", ""refactor"", ""test""]","[""build"", ""refactor"", ""fix"", ""ci""]",0.973196268081665,"['454003841aabeb74396d73541378bfa59c75b5db', 'a62314d9bb632be6af026686615d14b912250512', '06e2be4e2019b6fa714e1fcb34485860ef1ede79', '4cbbd2552ba0de273e1dfe7d453c5b3efed751a3']",0.75,0.75,0.75,False,0.2857142857142857,4096,True,4
"[""feat"", ""fix"", ""refactor"", ""docs"", ""test"", ""ci"", ""build""]","[""feat"", ""test"", ""refactor"", ""ci""]",1.2831645011901855,"['b282e90e2cbb74559aab79eee8443a4d7c85502a', 'e2e8ad25854bd1e7cdbc7f50b50bbd99e04ad47d', '63eab619e6166eb6cab948028a7b89bf059dd878', '6c9cb638cb4d1ecc42632fcf389c24898c5b3244']",0.5714285714285714,1.0,0.7272727272727273,False,0.42857142857142855,4096,True,4
"[""fix"", ""refactor"", ""ci"", ""test"", ""docs"", ""build""]","[""docs"", ""fix"", ""test"", ""refactor""]",1.173708438873291,"['0cfc5633d37ea06f645649138323f1820e18bdee', 'd1d55e787b7d07f763852602b9939a5394607fd9', 'e2e8ad25854bd1e7cdbc7f50b50bbd99e04ad47d', '062daa45cbd5dba6e96e95d8cdcaee89ae30a83c']",0.6666666666666666,1.0,0.8,False,0.2857142857142857,4096,True,4
"[""fix"", ""refactor"", ""ci"", ""build""]","[""refactor"", ""fix"", ""docs"", ""ci""]",0.908611536026001,"['47ef9104e4a89e80d7cc6c1950bc080841da4a7b', 'd129eaf9125a967ac86c6c7276bbae6b4d50af36', '0cfc5633d37ea06f645649138323f1820e18bdee', '45837af24a33308a70a3454f0f650f9fe728e272']",0.75,0.75,0.75,False,0.2857142857142857,4096,True,4
"[""fix"", ""refactor"", ""build"", ""test"", ""ci"", ""docs""]","[""fix"", ""build"", ""ci"", ""test""]",1.3544385433197021,"['bed78248c941d57ad4cc20a455147e186e97c7a1', '1269431c8a3e7549f10fcbbb4b88ff625c8898b3', '45837af24a33308a70a3454f0f650f9fe728e272', '8ee0611fbf0cd89abe7ae588f22e6ecb843598ea']",0.6666666666666666,1.0,0.8,False,0.2857142857142857,4096,True,4
"[""build"", ""ci"", ""docs"", ""refactor"", ""test""]","[""build"", ""fix"", ""ci"", ""docs""]",1.2476732730865479,"['454003841aabeb74396d73541378bfa59c75b5db', 'bed78248c941d57ad4cc20a455147e186e97c7a1', '45837af24a33308a70a3454f0f650f9fe728e272', 'c2ee5cd5e709afd15c5565ee009a0d204403a119']",0.6,0.75,0.6666666666666665,False,0.42857142857142855,4096,True,4
"[""ci"", ""refactor"", ""docs"", ""feat""]","[""ci"", ""refactor"", ""fix"", ""docs""]",0.9778246879577637,"['dbb537a26e388a8d7d17faf131abc30c2f7a84e6', '3cca5c314ad6feeffbfe1f14cf49ebd0fd9a95a2', 'd1d55e787b7d07f763852602b9939a5394607fd9', '6d405dfc1675dcad64a2dfac0c0cb0fb28381d21']",0.75,0.75,0.75,False,0.2857142857142857,4096,True,4
"[""feat"", ""fix"", ""refactor"", ""docs"", ""test"", ""ci"", ""build""]","[""fix"", ""ci"", ""docs"", ""refactor""]",1.3022992610931396,"['2561f4ade46fc9d59f289f328cc77733a6443697', '6c9cb638cb4d1ecc42632fcf389c24898c5b3244', 'bf83c9155e9bee6925aa7102fab53fb803d52533', '771857b1df9470ebc15357e8879118a72c649d5b']",0.5714285714285714,1.0,0.7272727272727273,False,0.42857142857142855,4096,True,4
"[""feat"", ""refactor"", ""test"", ""ci"", ""build"", ""docs""]","[""fix"", ""feat"", ""build"", ""docs""]",1.1626133918762207,"['06e2be4e2019b6fa714e1fcb34485860ef1ede79', 'fd8e563cc19ca4684885d4692acee6bebcca4ada', '32b92cfa0b74a6c25990e32ac6aab12b8496794c', '6d405dfc1675dcad64a2dfac0c0cb0fb28381d21']",0.5,0.75,0.6,False,0.5714285714285714,4096,True,4
"[""feat"", ""build"", ""test"", ""ci"", ""refactor""]","[""build"", ""ci"", ""test"", ""feat""]",1.0550334453582764,"['c55591ba157298a9c5816693c102a89dfd058830', '45837af24a33308a70a3454f0f650f9fe728e272', 'b7ce2894fd1794064bd6db4ed730bb6cb7728739', 'dc5238b2bda98a7c4f2fe9584fc3b0191a408109']",0.8,1.0,0.888888888888889,False,0.14285714285714285,4096,True,4
"[""ci"", ""feat"", ""refactor"", ""test""]","[""ci"", ""docs"", ""feat"", ""test""]",1.0101501941680908,"['173553c0372e66e03bdab19e0e6c2dd44daa14a0', 'e12d9e77a6fd531a22325337838a841b1c67f00d', 'f823cf28652987d43c8324b4f5b203240032383a', '229b53a632ea97d47c4be11f096bdd828fb415d8']",0.75,0.75,0.75,False,0.2857142857142857,4096,True,4
"[""refactor"", ""docs"", ""ci"", ""test""]","[""refactor"", ""docs"", ""ci"", ""test""]",0.8700425624847412,"['36556bf8e0bce4ab6d26eafacbdad04d9614a5d7', 'aca23027da1295c78fdf42ba9687d8ccc88784d7', 'dbb537a26e388a8d7d17faf131abc30c2f7a84e6', '229b53a632ea97d47c4be11f096bdd828fb415d8']",1.0,1.0,1.0,True,0.0,4096,True,4
"[""fix"", ""refactor"", ""test"", ""ci"", ""build""]","[""docs"", ""refactor"", ""test"", ""fix""]",1.0846405029296875,"['0cfc5633d37ea06f645649138323f1820e18bdee', '1db13ec43727aca872a0f3836e4023ed85db665e', '229b53a632ea97d47c4be11f096bdd828fb415d8', '9be725fa3906323d4bc9788f54eccf74109d632b']",0.6,0.75,0.6666666666666665,False,0.42857142857142855,4096,True,4
"[""feat"", ""fix"", ""refactor"", ""docs"", ""test"", ""ci"", ""build""]","[""ci"", ""docs"", ""refactor"", ""test""]",1.4148504734039307,"['c5fa7b80438fbd74f4c341f0d3c9bd9e0f4910da', 'bf83c9155e9bee6925aa7102fab53fb803d52533', '062daa45cbd5dba6e96e95d8cdcaee89ae30a83c', 'bedc7950b24c37809e36a585b7985d5aa5e3e458']",0.5714285714285714,1.0,0.7272727272727273,False,0.42857142857142855,4096,True,4
"[""fix"", ""refactor"", ""ci"", ""feat""]","[""fix"", ""docs"", ""ci"", ""feat""]",0.9573543071746826,"['9be725fa3906323d4bc9788f54eccf74109d632b', '036a0ff49a7dade0e04c9c07071a1ff49133ee24', '45837af24a33308a70a3454f0f650f9fe728e272', 'f823cf28652987d43c8324b4f5b203240032383a']",0.75,0.75,0.75,False,0.2857142857142857,4096,True,4
"[""fix"", ""feat"", ""docs"", ""test"", ""build"", ""ci"", ""refactor""]","[""docs"", ""test"", ""build"", ""feat""]",1.3797996044158936,"['bf83c9155e9bee6925aa7102fab53fb803d52533', 'e0198f74b81da3663144cfe1d971939319f82a0f', 'f00a4d3e307b89842250358ee432e6800bb24362', 'ded26d768ff432ad3bde3c0aa1e95ce50726100a']",0.5714285714285714,1.0,0.7272727272727273,False,0.42857142857142855,4096,True,4
"[""docs"", ""refactor"", ""test"", ""build""]","[""docs"", ""refactor"", ""test"", ""fix""]",1.07551908493042,"['aca23027da1295c78fdf42ba9687d8ccc88784d7', '1db13ec43727aca872a0f3836e4023ed85db665e', 'f411e58cd510f8a2b980b2f1932003a0c0e9f8f3', '2561f4ade46fc9d59f289f328cc77733a6443697']",0.75,0.75,0.75,False,0.2857142857142857,4096,True,4
"[""test"", ""feat"", ""docs"", ""build""]","[""test"", ""feat"", ""docs"", ""ci""]",0.9919991493225098,"['e0198f74b81da3663144cfe1d971939319f82a0f', 'f823cf28652987d43c8324b4f5b203240032383a', 'aca23027da1295c78fdf42ba9687d8ccc88784d7', 'e96487ad7ce90b141219d9032fa2bed68d5dae6a']",0.75,0.75,0.75,False,0.2857142857142857,4096,True,4
"[""feat"", ""build"", ""refactor""]","[""refactor"", ""build"", ""feat"", ""docs""]",0.9231472015380859,"['63eab619e6166eb6cab948028a7b89bf059dd878', '32b92cfa0b74a6c25990e32ac6aab12b8496794c', 'fd8e563cc19ca4684885d4692acee6bebcca4ada', 'a52a585d74894b3b4eeb8c784fa089ff95cddad0']",1.0,0.75,0.8571428571428571,False,0.14285714285714285,4096,True,4
"[""build"", ""ci"", ""docs"", ""feat"", ""fix"", ""refactor"", ""test""]","[""build"", ""fix"", ""test"", ""feat""]",1.279113531112671,"['37b1cbfd3d2c462ef4f2a131e4172c38dc8d9ddf', 'c8e0ae8612df3d6f2831acc004aaac332f6105e4', 'c7b25726df94a2530c9b1c0d2b6a0acaa103822f', '1bcf88670b50155b50071e707f98f30cea0b7a24']",0.5714285714285714,1.0,0.7272727272727273,False,0.42857142857142855,4096,True,4
"[""feat"", ""docs"", ""test"", ""ci"", ""build"", ""refactor"", ""fix""]","[""refactor"", ""ci"", ""docs"", ""build""]",1.4577736854553223,"['771857b1df9470ebc15357e8879118a72c649d5b', '6c9cb638cb4d1ecc42632fcf389c24898c5b3244', '6d405dfc1675dcad64a2dfac0c0cb0fb28381d21', '454003841aabeb74396d73541378bfa59c75b5db']",0.5714285714285714,1.0,0.7272727272727273,False,0.42857142857142855,4096,True,4
"[""fix"", ""docs"", ""feat"", ""ci"", ""test""]","[""fix"", ""docs"", ""refactor"", ""ci"", ""test""]",1.0298116207122803,"['9be725fa3906323d4bc9788f54eccf74109d632b', 'bf83c9155e9bee6925aa7102fab53fb803d52533', '535708ae50aecb452560a23356fd396f99ef13a2', '4cbbd2552ba0de273e1dfe7d453c5b3efed751a3', 'bedc7950b24c37809e36a585b7985d5aa5e3e458']",0.8,0.8,0.8000000000000002,False,0.2857142857142857,4096,True,5
"[""test"", ""docs"", ""refactor"", ""build"", ""ci"", ""feat"", ""fix""]","[""test"", ""docs"", ""refactor"", ""build"", ""feat""]",1.4677205085754395,"['229b53a632ea97d47c4be11f096bdd828fb415d8', 'bf83c9155e9bee6925aa7102fab53fb803d52533', '062daa45cbd5dba6e96e95d8cdcaee89ae30a83c', 'e4a11fd5c34942ba12737f1c8c084489428ee274', 'fd8e563cc19ca4684885d4692acee6bebcca4ada']",0.7142857142857143,1.0,0.8333333333333333,False,0.2857142857142857,4096,True,5
"[""test"", ""ci"", ""refactor"", ""docs"", ""build""]","[""test"", ""ci"", ""fix"", ""build"", ""refactor""]",1.2720229625701904,"['317f4eefecddfb1392ca71d551840f446feee302', 'e7a67d88173566be3cd3aed7e9eeb7e29aabbc57', 'd1d55e787b7d07f763852602b9939a5394607fd9', 'f00a4d3e307b89842250358ee432e6800bb24362', '771857b1df9470ebc15357e8879118a72c649d5b']",0.8,0.8,0.8000000000000002,False,0.2857142857142857,4096,True,5
"[""ci"", ""test"", ""refactor"", ""fix"", ""feat""]","[""ci"", ""refactor"", ""build"", ""test"", ""fix""]",1.1250300407409668,"['e7a67d88173566be3cd3aed7e9eeb7e29aabbc57', '47ef9104e4a89e80d7cc6c1950bc080841da4a7b', '5b81fde8a72cf2e69a10e9f5c4f0bea0a2b8c3e0', 'bedc7950b24c37809e36a585b7985d5aa5e3e458', '9ef5c0d14193a9abb09b39856f58477d1f4b0d77']",0.8,0.8,0.8000000000000002,False,0.2857142857142857,4096,True,5
"[""refactor"", ""docs""]","[""build"", ""fix"", ""feat"", ""refactor"", ""docs""]",0.804558277130127,"['e4a11fd5c34942ba12737f1c8c084489428ee274', '9ef5c0d14193a9abb09b39856f58477d1f4b0d77', 'dc5238b2bda98a7c4f2fe9584fc3b0191a408109', '771857b1df9470ebc15357e8879118a72c649d5b', 'c2ee5cd5e709afd15c5565ee009a0d204403a119']",1.0,0.4,0.5714285714285715,False,0.42857142857142855,4096,True,5
"[""docs"", ""test"", ""build"", ""refactor"", ""feat""]","[""docs"", ""test"", ""build"", ""fix"", ""feat""]",1.082611322402954,"['bf83c9155e9bee6925aa7102fab53fb803d52533', '229b53a632ea97d47c4be11f096bdd828fb415d8', 'c55591ba157298a9c5816693c102a89dfd058830', '06e2be4e2019b6fa714e1fcb34485860ef1ede79', 'f823cf28652987d43c8324b4f5b203240032383a']",0.8,0.8,0.8000000000000002,False,0.2857142857142857,4096,True,5
"[""ci"", ""build"", ""test"", ""refactor""]","[""ci"", ""build"", ""fix"", ""test"", ""feat""]",1.0877234935760498,"['e7a67d88173566be3cd3aed7e9eeb7e29aabbc57', 'c55591ba157298a9c5816693c102a89dfd058830', 'd129eaf9125a967ac86c6c7276bbae6b4d50af36', '229b53a632ea97d47c4be11f096bdd828fb415d8', '1bcf88670b50155b50071e707f98f30cea0b7a24']",0.75,0.6,0.6666666666666665,False,0.42857142857142855,4096,True,5
"[""feat"", ""fix"", ""refactor"", ""test"", ""ci"", ""build""]","[""fix"", ""test"", ""build"", ""ci"", ""refactor""]",1.2256383895874023,"['2561f4ade46fc9d59f289f328cc77733a6443697', 'b7ce2894fd1794064bd6db4ed730bb6cb7728739', '1269431c8a3e7549f10fcbbb4b88ff625c8898b3', 'e96487ad7ce90b141219d9032fa2bed68d5dae6a', '36556bf8e0bce4ab6d26eafacbdad04d9614a5d7']",0.8333333333333334,1.0,0.9090909090909091,False,0.14285714285714285,4096,True,5
"[""fix"", ""refactor"", ""ci"", ""docs"", ""test"", ""build""]","[""docs"", ""ci"", ""refactor"", ""test"", ""fix""]",1.1834056377410889,"['bf83c9155e9bee6925aa7102fab53fb803d52533', 'e7a67d88173566be3cd3aed7e9eeb7e29aabbc57', '535708ae50aecb452560a23356fd396f99ef13a2', 'c7b25726df94a2530c9b1c0d2b6a0acaa103822f', '06e2be4e2019b6fa714e1fcb34485860ef1ede79']",0.8333333333333334,1.0,0.9090909090909091,False,0.14285714285714285,4096,True,5
"[""refactor"", ""docs"", ""build"", ""ci"", ""test""]","[""refactor"", ""docs"", ""build"", ""feat"", ""fix""]",1.0760345458984375,"['36556bf8e0bce4ab6d26eafacbdad04d9614a5d7', 'c2ee5cd5e709afd15c5565ee009a0d204403a119', 'c55591ba157298a9c5816693c102a89dfd058830', '68278b00450f2679761a2999500f6d87a579376b', '9ef5c0d14193a9abb09b39856f58477d1f4b0d77']",0.6,0.6,0.6,False,0.5714285714285714,4096,True,5
"[""feat"", ""build"", ""refactor"", ""ci"", ""test""]","[""feat"", ""build"", ""fix"", ""ci"", ""test""]",1.3090860843658447,"['ded26d768ff432ad3bde3c0aa1e95ce50726100a', 'c323d59c607cabc91f17a78528d998f376f30b10', '2561f4ade46fc9d59f289f328cc77733a6443697', '45837af24a33308a70a3454f0f650f9fe728e272', 'e0198f74b81da3663144cfe1d971939319f82a0f']",0.8,0.8,0.8000000000000002,False,0.2857142857142857,4096,True,5
"[""ci"", ""docs"", ""feat"", ""refactor"", ""test""]","[""ci"", ""refactor"", ""test"", ""feat"", ""fix""]",1.0873091220855713,"['e96487ad7ce90b141219d9032fa2bed68d5dae6a', 'a62314d9bb632be6af026686615d14b912250512', 'c7b25726df94a2530c9b1c0d2b6a0acaa103822f', '6ed56ce9ae743ba9a87e6c9643cc06b1de7b748d', '9ef5c0d14193a9abb09b39856f58477d1f4b0d77']",0.8,0.8,0.8000000000000002,False,0.2857142857142857,4096,True,5
"[""build"", ""feat"", ""refactor"", ""ci"", ""docs"", ""test""]","[""build"", ""refactor"", ""ci"", ""docs"", ""fix""]",1.280632734298706,"['c55591ba157298a9c5816693c102a89dfd058830', '63eab619e6166eb6cab948028a7b89bf059dd878', 'c5fa7b80438fbd74f4c341f0d3c9bd9e0f4910da', '036a0ff49a7dade0e04c9c07071a1ff49133ee24', '9be725fa3906323d4bc9788f54eccf74109d632b']",0.6666666666666666,0.8,0.7272727272727272,False,0.42857142857142855,4096,True,5
"[""fix"", ""feat"", ""docs"", ""ci"", ""build"", ""refactor""]","[""docs"", ""ci"", ""refactor"", ""build"", ""feat""]",1.3335084915161133,"['bf83c9155e9bee6925aa7102fab53fb803d52533', '173553c0372e66e03bdab19e0e6c2dd44daa14a0', '535708ae50aecb452560a23356fd396f99ef13a2', '1269431c8a3e7549f10fcbbb4b88ff625c8898b3', 'f823cf28652987d43c8324b4f5b203240032383a']",0.8333333333333334,1.0,0.9090909090909091,False,0.14285714285714285,4096,True,5
"[""test"", ""feat"", ""refactor"", ""ci"", ""build"", ""docs""]","[""test"", ""feat"", ""refactor"", ""fix"", ""docs""]",1.3549723625183105,"['bedc7950b24c37809e36a585b7985d5aa5e3e458', 'fd8e563cc19ca4684885d4692acee6bebcca4ada', '062daa45cbd5dba6e96e95d8cdcaee89ae30a83c', 'c8e0ae8612df3d6f2831acc004aaac332f6105e4', '036a0ff49a7dade0e04c9c07071a1ff49133ee24']",0.6666666666666666,0.8,0.7272727272727272,False,0.42857142857142855,4096,True,5
"[""docs"", ""ci"", ""test"", ""build"", ""feat""]","[""docs"", ""build"", ""ci"", ""fix"", ""test""]",1.2371282577514648,"['c2ee5cd5e709afd15c5565ee009a0d204403a119', '1269431c8a3e7549f10fcbbb4b88ff625c8898b3', 'e7a67d88173566be3cd3aed7e9eeb7e29aabbc57', 'bed78248c941d57ad4cc20a455147e186e97c7a1', 'e9617f0854030e70365eb264bcb3b58078e79e9e']",0.8,0.8,0.8000000000000002,False,0.2857142857142857,4096,True,5
"[""refactor"", ""ci"", ""docs"", ""test"", ""build""]","[""refactor"", ""ci"", ""docs"", ""test"", ""build""]",1.0922505855560303,"['3cca5c314ad6feeffbfe1f14cf49ebd0fd9a95a2', 'dbb537a26e388a8d7d17faf131abc30c2f7a84e6', 'e12d9e77a6fd531a22325337838a841b1c67f00d', 'c7b25726df94a2530c9b1c0d2b6a0acaa103822f', '37b1cbfd3d2c462ef4f2a131e4172c38dc8d9ddf']",1.0,1.0,1.0,True,0.0,4096,True,5
"[""test"", ""refactor"", ""ci"", ""build""]","[""test"", ""feat"", ""ci"", ""refactor"", ""fix""]",1.0446388721466064,"['229b53a632ea97d47c4be11f096bdd828fb415d8', 'b282e90e2cbb74559aab79eee8443a4d7c85502a', 'dbb537a26e388a8d7d17faf131abc30c2f7a84e6', '3cca5c314ad6feeffbfe1f14cf49ebd0fd9a95a2', '933ab6bb86372913c992567cf9660009900911a7']",0.75,0.6,0.6666666666666665,False,0.42857142857142855,4096,True,5
"[""build"", ""ci"", ""refactor"", ""test""]","[""build"", ""fix"", ""ci"", ""refactor"", ""docs""]",1.1240031719207764,"['37b1cbfd3d2c462ef4f2a131e4172c38dc8d9ddf', '06e2be4e2019b6fa714e1fcb34485860ef1ede79', 'c5fa7b80438fbd74f4c341f0d3c9bd9e0f4910da', '1db13ec43727aca872a0f3836e4023ed85db665e', 'a52a585d74894b3b4eeb8c784fa089ff95cddad0']",0.75,0.6,0.6666666666666665,False,0.42857142857142855,4096,True,5
"[""feat"", ""fix"", ""refactor"", ""test"", ""ci"", ""build"", ""docs""]","[""build"", ""docs"", ""ci"", ""test"", ""feat""]",1.4172332286834717,"['c44cf88a6ec54e5ddd99d8348bcc57b301ec7945', '6d405dfc1675dcad64a2dfac0c0cb0fb28381d21', 'e7a67d88173566be3cd3aed7e9eeb7e29aabbc57', 'f411e58cd510f8a2b980b2f1932003a0c0e9f8f3', 'f823cf28652987d43c8324b4f5b203240032383a']",0.7142857142857143,1.0,0.8333333333333333,False,0.2857142857142857,4096,True,5
"[""feat"", ""refactor"", ""test"", ""ci"", ""build""]","[""feat"", ""fix"", ""refactor"", ""build"", ""test""]",1.0738401412963867,"['f823cf28652987d43c8324b4f5b203240032383a', 'c8e0ae8612df3d6f2831acc004aaac332f6105e4', '47ef9104e4a89e80d7cc6c1950bc080841da4a7b', 'e4a11fd5c34942ba12737f1c8c084489428ee274', 'c7b25726df94a2530c9b1c0d2b6a0acaa103822f']",0.8,0.8,0.8000000000000002,False,0.2857142857142857,4096,True,5
"[""refactor"", ""build"", ""ci"", ""docs""]","[""refactor"", ""build"", ""ci"", ""docs"", ""test""]",0.9744973182678223,"['1db13ec43727aca872a0f3836e4023ed85db665e', '32b92cfa0b74a6c25990e32ac6aab12b8496794c', 'e96487ad7ce90b141219d9032fa2bed68d5dae6a', '6d405dfc1675dcad64a2dfac0c0cb0fb28381d21', 'e2e8ad25854bd1e7cdbc7f50b50bbd99e04ad47d']",1.0,0.8,0.888888888888889,False,0.14285714285714285,4096,True,5
"[""build"", ""ci"", ""refactor"", ""test""]","[""build"", ""test"", ""refactor"", ""ci"", ""fix""]",1.1140005588531494,"['37b1cbfd3d2c462ef4f2a131e4172c38dc8d9ddf', 'f411e58cd510f8a2b980b2f1932003a0c0e9f8f3', '1db13ec43727aca872a0f3836e4023ed85db665e', 'c5fa7b80438fbd74f4c341f0d3c9bd9e0f4910da', 'd129eaf9125a967ac86c6c7276bbae6b4d50af36']",1.0,0.8,0.888888888888889,False,0.14285714285714285,4096,True,5
"[""build"", ""ci"", ""docs"", ""fix"", ""refactor""]","[""build"", ""docs"", ""ci"", ""test"", ""fix""]",1.035731554031372,"['c55591ba157298a9c5816693c102a89dfd058830', 'a52a585d74894b3b4eeb8c784fa089ff95cddad0', '6c9cb638cb4d1ecc42632fcf389c24898c5b3244', 'c7b25726df94a2530c9b1c0d2b6a0acaa103822f', 'bed78248c941d57ad4cc20a455147e186e97c7a1']",0.8,0.8,0.8000000000000002,False,0.2857142857142857,4096,True,5
"[""feat"", ""refactor"", ""ci"", ""build"", ""test"", ""docs""]","[""fix"", ""ci"", ""feat"", ""build"", ""refactor""]",1.3531606197357178,"['9ef5c0d14193a9abb09b39856f58477d1f4b0d77', 'dbb537a26e388a8d7d17faf131abc30c2f7a84e6', '6ed56ce9ae743ba9a87e6c9643cc06b1de7b748d', 'e4a11fd5c34942ba12737f1c8c084489428ee274', '1db13ec43727aca872a0f3836e4023ed85db665e']",0.6666666666666666,0.8,0.7272727272727272,False,0.42857142857142855,4096,True,5
"[""fix"", ""refactor"", ""feat"", ""build"", ""ci""]","[""fix"", ""build"", ""refactor"", ""feat"", ""test""]",1.263289451599121,"['bed78248c941d57ad4cc20a455147e186e97c7a1', 'e4a11fd5c34942ba12737f1c8c084489428ee274', '062daa45cbd5dba6e96e95d8cdcaee89ae30a83c', 'f823cf28652987d43c8324b4f5b203240032383a', 'c7b25726df94a2530c9b1c0d2b6a0acaa103822f']",0.8,0.8,0.8000000000000002,False,0.2857142857142857,4096,True,5
"[""feat"", ""fix"", ""refactor"", ""docs"", ""test"", ""ci"", ""build""]","[""fix"", ""test"", ""feat"", ""docs"", ""build""]",1.341845989227295,"['87d5d4e55ab7149b593d29410f1fe426ba2447d4', 'bedc7950b24c37809e36a585b7985d5aa5e3e458', 'ded26d768ff432ad3bde3c0aa1e95ce50726100a', 'a52a585d74894b3b4eeb8c784fa089ff95cddad0', 'c323d59c607cabc91f17a78528d998f376f30b10']",0.7142857142857143,1.0,0.8333333333333333,False,0.2857142857142857,4096,True,5
[],"[""test"", ""docs"", ""feat"", ""build"", ""fix""]",603.8528752326965,"['8ee0611fbf0cd89abe7ae588f22e6ecb843598ea', 'c2ee5cd5e709afd15c5565ee009a0d204403a119', 'fd8e563cc19ca4684885d4692acee6bebcca4ada', '1269431c8a3e7549f10fcbbb4b88ff625c8898b3', '06e2be4e2019b6fa714e1fcb34485860ef1ede79']",0.0,0.0,0.0,False,0.7142857142857143,4096,True,5
"[""feat"", ""ci"", ""test"", ""docs"", ""refactor""]","[""docs"", ""feat"", ""build"", ""refactor"", ""test""]",1.0825212001800537,"['a52a585d74894b3b4eeb8c784fa089ff95cddad0', 'f9a094918b62534614c47aa8a13f33aec751a1e0', '1269431c8a3e7549f10fcbbb4b88ff625c8898b3', '535708ae50aecb452560a23356fd396f99ef13a2', 'e0198f74b81da3663144cfe1d971939319f82a0f']",0.8,0.8,0.8000000000000002,False,0.2857142857142857,4096,True,5
"[""feat"", ""fix"", ""refactor"", ""test"", ""ci"", ""build""]","[""fix"", ""feat"", ""test"", ""refactor"", ""build""]",1.2182445526123047,"['d129eaf9125a967ac86c6c7276bbae6b4d50af36', '68278b00450f2679761a2999500f6d87a579376b', 'e2e8ad25854bd1e7cdbc7f50b50bbd99e04ad47d', '771857b1df9470ebc15357e8879118a72c649d5b', 'f00a4d3e307b89842250358ee432e6800bb24362']",0.8333333333333334,1.0,0.9090909090909091,False,0.14285714285714285,4096,True,5
"[""build"", ""ci"", ""docs"", ""feat"", ""fix"", ""refactor"", ""test""]","[""fix"", ""build"", ""refactor"", ""test"", ""docs""]",1.3230714797973633,"['933ab6bb86372913c992567cf9660009900911a7', '37b1cbfd3d2c462ef4f2a131e4172c38dc8d9ddf', '1db13ec43727aca872a0f3836e4023ed85db665e', 'c7b25726df94a2530c9b1c0d2b6a0acaa103822f', 'e12d9e77a6fd531a22325337838a841b1c67f00d']",0.7142857142857143,1.0,0.8333333333333333,False,0.2857142857142857,4096,True,5
"[""feat"", ""build"", ""docs"", ""refactor"", ""test""]","[""fix"", ""ci"", ""docs"", ""build"", ""feat""]",1.084226369857788,"['06e2be4e2019b6fa714e1fcb34485860ef1ede79', '4cbbd2552ba0de273e1dfe7d453c5b3efed751a3', 'cb1f48b56ae0de93acb72e48726c7d610a1d538e', 'c323d59c607cabc91f17a78528d998f376f30b10', 'f9a094918b62534614c47aa8a13f33aec751a1e0']",0.6,0.6,0.6,False,0.5714285714285714,4096,True,5
"[""feat"", ""fix"", ""build"", ""docs"", ""test"", ""ci""]","[""feat"", ""build"", ""refactor"", ""docs"", ""fix""]",1.1986708641052246,"['fd8e563cc19ca4684885d4692acee6bebcca4ada', 'f00a4d3e307b89842250358ee432e6800bb24362', '535708ae50aecb452560a23356fd396f99ef13a2', 'e12d9e77a6fd531a22325337838a841b1c67f00d', '9be725fa3906323d4bc9788f54eccf74109d632b']",0.6666666666666666,0.8,0.7272727272727272,False,0.42857142857142855,4096,True,5
"[""feat"", ""fix"", ""refactor"", ""test"", ""docs"", ""ci"", ""build""]","[""test"", ""docs"", ""refactor"", ""ci"", ""feat""]",1.3879475593566895,"['229b53a632ea97d47c4be11f096bdd828fb415d8', 'bf83c9155e9bee6925aa7102fab53fb803d52533', '062daa45cbd5dba6e96e95d8cdcaee89ae30a83c', '32845e1bbd1efb5dbc16f671049509a409ba25ce', 'dc5238b2bda98a7c4f2fe9584fc3b0191a408109']",0.7142857142857143,1.0,0.8333333333333333,False,0.2857142857142857,4096,True,5
"[""build"", ""ci"", ""docs"", ""feat"", ""fix"", ""refactor"", ""test""]","[""build"", ""docs"", ""fix"", ""test"", ""refactor""]",1.4419915676116943,"['454003841aabeb74396d73541378bfa59c75b5db', 'e12d9e77a6fd531a22325337838a841b1c67f00d', 'bed78248c941d57ad4cc20a455147e186e97c7a1', 'f411e58cd510f8a2b980b2f1932003a0c0e9f8f3', '062daa45cbd5dba6e96e95d8cdcaee89ae30a83c']",0.7142857142857143,1.0,0.8333333333333333,False,0.2857142857142857,4096,True,5
"[""build"", ""ci"", ""fix"", ""refactor"", ""test""]","[""build"", ""ci"", ""docs"", ""test"", ""refactor""]",1.1958162784576416,"['5b81fde8a72cf2e69a10e9f5c4f0bea0a2b8c3e0', '74e9de5ec97dc013a52aa063dff0f40ac74c407b', 'a52a585d74894b3b4eeb8c784fa089ff95cddad0', 'e0198f74b81da3663144cfe1d971939319f82a0f', '062daa45cbd5dba6e96e95d8cdcaee89ae30a83c']",0.8,0.8,0.8000000000000002,False,0.2857142857142857,4096,True,5
"[""feat"", ""docs"", ""build"", ""refactor"", ""fix""]","[""build"", ""ci"", ""docs"", ""refactor"", ""fix""]",1.0414891242980957,"['32b92cfa0b74a6c25990e32ac6aab12b8496794c', '6c9cb638cb4d1ecc42632fcf389c24898c5b3244', 'aca23027da1295c78fdf42ba9687d8ccc88784d7', '47ef9104e4a89e80d7cc6c1950bc080841da4a7b', '2561f4ade46fc9d59f289f328cc77733a6443697']",0.8,0.8,0.8000000000000002,False,0.2857142857142857,4096,True,5
"[""feat"", ""fix"", ""refactor"", ""docs"", ""test"", ""ci"", ""build""]","[""test"", ""docs"", ""fix"", ""feat"", ""build""]",1.4273936748504639,"['e0198f74b81da3663144cfe1d971939319f82a0f', 'c2ee5cd5e709afd15c5565ee009a0d204403a119', '9ef5c0d14193a9abb09b39856f58477d1f4b0d77', 'f823cf28652987d43c8324b4f5b203240032383a', 'c44cf88a6ec54e5ddd99d8348bcc57b301ec7945']",0.7142857142857143,1.0,0.8333333333333333,False,0.2857142857142857,4096,True,5
"[""refactor"", ""ci"", ""test"", ""build"", ""feat""]","[""refactor"", ""ci"", ""test"", ""build"", ""feat""]",1.5004327297210693,"['3cca5c314ad6feeffbfe1f14cf49ebd0fd9a95a2', '32845e1bbd1efb5dbc16f671049509a409ba25ce', 'e9617f0854030e70365eb264bcb3b58078e79e9e', '454003841aabeb74396d73541378bfa59c75b5db', 'fd8e563cc19ca4684885d4692acee6bebcca4ada']",1.0,1.0,1.0,True,0.0,4096,True,5
"[""refactor"", ""test"", ""ci"", ""build"", ""feat""]","[""refactor"", ""feat"", ""build"", ""fix"", ""test""]",1.2626357078552246,"['062daa45cbd5dba6e96e95d8cdcaee89ae30a83c', 'f823cf28652987d43c8324b4f5b203240032383a', 'c44cf88a6ec54e5ddd99d8348bcc57b301ec7945', '933ab6bb86372913c992567cf9660009900911a7', '8ee0611fbf0cd89abe7ae588f22e6ecb843598ea']",0.8,0.8,0.8000000000000002,False,0.2857142857142857,4096,True,5
"[""refactor"", ""test"", ""ci"", ""docs""]","[""refactor"", ""test"", ""docs"", ""feat"", ""ci""]",1.0794000625610352,"['36556bf8e0bce4ab6d26eafacbdad04d9614a5d7', '317f4eefecddfb1392ca71d551840f446feee302', '036a0ff49a7dade0e04c9c07071a1ff49133ee24', 'e137f9fdbdb6bf3f85c3f7ac9323785e445844c8', 'e7a67d88173566be3cd3aed7e9eeb7e29aabbc57']",1.0,0.8,0.888888888888889,False,0.14285714285714285,4096,True,5
"[""feat"", ""ci"", ""test"", ""refactor"", ""build""]","[""test"", ""ci"", ""refactor"", ""feat"", ""fix""]",1.4133319854736328,"['e0198f74b81da3663144cfe1d971939319f82a0f', '173553c0372e66e03bdab19e0e6c2dd44daa14a0', '062daa45cbd5dba6e96e95d8cdcaee89ae30a83c', 'f823cf28652987d43c8324b4f5b203240032383a', 'bed78248c941d57ad4cc20a455147e186e97c7a1']",0.8,0.8,0.8000000000000002,False,0.2857142857142857,4096,True,5
"[""ci"", ""feat"", ""fix"", ""refactor"", ""test""]","[""ci"", ""refactor"", ""docs"", ""fix"", ""feat""]",1.2467670440673828,"['32845e1bbd1efb5dbc16f671049509a409ba25ce', '63eab619e6166eb6cab948028a7b89bf059dd878', 'af880ac5b4fecbc6c4f3d1eee0d95f326e8bd9d1', '9be725fa3906323d4bc9788f54eccf74109d632b', 'fd8e563cc19ca4684885d4692acee6bebcca4ada']",0.8,0.8,0.8000000000000002,False,0.2857142857142857,4096,True,5
"[""feat"", ""fix"", ""refactor"", ""docs"", ""test"", ""ci"", ""build""]","[""docs"", ""refactor"", ""fix"", ""test"", ""build""]",1.5628657341003418,"['bf83c9155e9bee6925aa7102fab53fb803d52533', '3cca5c314ad6feeffbfe1f14cf49ebd0fd9a95a2', '2561f4ade46fc9d59f289f328cc77733a6443697', '317f4eefecddfb1392ca71d551840f446feee302', '454003841aabeb74396d73541378bfa59c75b5db']",0.7142857142857143,1.0,0.8333333333333333,False,0.2857142857142857,4096,True,5
"[""test"", ""ci"", ""refactor"", ""feat"", ""build""]","[""test"", ""ci"", ""fix"", ""docs"", ""refactor""]",1.318016767501831,"['317f4eefecddfb1392ca71d551840f446feee302', '32845e1bbd1efb5dbc16f671049509a409ba25ce', 'c8e0ae8612df3d6f2831acc004aaac332f6105e4', '6d405dfc1675dcad64a2dfac0c0cb0fb28381d21', '062daa45cbd5dba6e96e95d8cdcaee89ae30a83c']",0.6,0.6,0.6,False,0.5714285714285714,4096,True,5
"[""feat"", ""fix"", ""refactor"", ""ci"", ""build"", ""docs"", ""test""]","[""build"", ""ci"", ""test"", ""docs"", ""feat""]",1.2632219791412354,"['c55591ba157298a9c5816693c102a89dfd058830', 'dbb537a26e388a8d7d17faf131abc30c2f7a84e6', 'e0198f74b81da3663144cfe1d971939319f82a0f', '0cfc5633d37ea06f645649138323f1820e18bdee', 'dc5238b2bda98a7c4f2fe9584fc3b0191a408109']",0.7142857142857143,1.0,0.8333333333333333,False,0.2857142857142857,4096,True,5
"[""feat"", ""refactor"", ""test"", ""ci""]","[""refactor"", ""feat"", ""test"", ""fix"", ""ci""]",1.0550763607025146,"['535708ae50aecb452560a23356fd396f99ef13a2', 'dc5238b2bda98a7c4f2fe9584fc3b0191a408109', 'e2e8ad25854bd1e7cdbc7f50b50bbd99e04ad47d', '2561f4ade46fc9d59f289f328cc77733a6443697', 'c5fa7b80438fbd74f4c341f0d3c9bd9e0f4910da']",1.0,0.8,0.888888888888889,False,0.14285714285714285,4096,True,5
"[""ci"", ""fix"", ""refactor"", ""test""]","[""ci"", ""docs"", ""refactor"", ""build"", ""test""]",0.9134788513183594,"['c5fa7b80438fbd74f4c341f0d3c9bd9e0f4910da', 'af880ac5b4fecbc6c4f3d1eee0d95f326e8bd9d1', '47ef9104e4a89e80d7cc6c1950bc080841da4a7b', '37b1cbfd3d2c462ef4f2a131e4172c38dc8d9ddf', 'c7b25726df94a2530c9b1c0d2b6a0acaa103822f']",0.75,0.6,0.6666666666666665,False,0.42857142857142855,4096,True,5
"[""build"", ""docs"", ""refactor"", ""test""]","[""build"", ""docs"", ""refactor"", ""test"", ""feat""]",1.269456148147583,"['454003841aabeb74396d73541378bfa59c75b5db', 'aca23027da1295c78fdf42ba9687d8ccc88784d7', '771857b1df9470ebc15357e8879118a72c649d5b', 'bedc7950b24c37809e36a585b7985d5aa5e3e458', 'e137f9fdbdb6bf3f85c3f7ac9323785e445844c8']",1.0,0.8,0.888888888888889,False,0.14285714285714285,4096,True,5
"[""ci"", ""feat"", ""fix"", ""docs"", ""test""]","[""ci"", ""feat"", ""fix"", ""docs"", ""test""]",1.1820671558380127,"['74e9de5ec97dc013a52aa063dff0f40ac74c407b', 'ded26d768ff432ad3bde3c0aa1e95ce50726100a', '9be725fa3906323d4bc9788f54eccf74109d632b', 'a52a585d74894b3b4eeb8c784fa089ff95cddad0', 'e9617f0854030e70365eb264bcb3b58078e79e9e']",1.0,1.0,1.0,True,0.0,4096,True,5
"[""feat"", ""build"", ""test"", ""refactor"", ""docs""]","[""feat"", ""build"", ""test"", ""docs"", ""fix""]",1.143763542175293,"['f9a094918b62534614c47aa8a13f33aec751a1e0', 'e4a11fd5c34942ba12737f1c8c084489428ee274', '229b53a632ea97d47c4be11f096bdd828fb415d8', '036a0ff49a7dade0e04c9c07071a1ff49133ee24', '2561f4ade46fc9d59f289f328cc77733a6443697']",0.8,0.8,0.8000000000000002,False,0.2857142857142857,4096,True,5
"[""refactor"", ""docs"", ""build"", ""test"", ""ci""]","[""build"", ""docs"", ""test"", ""fix"", ""ci""]",1.1797025203704834,"['e4a11fd5c34942ba12737f1c8c084489428ee274', 'aca23027da1295c78fdf42ba9687d8ccc88784d7', 'e9617f0854030e70365eb264bcb3b58078e79e9e', '9ef5c0d14193a9abb09b39856f58477d1f4b0d77', '4cbbd2552ba0de273e1dfe7d453c5b3efed751a3']",0.8,0.8,0.8000000000000002,False,0.2857142857142857,4096,True,5
"[""feat"", ""fix"", ""refactor"", ""ci"", ""build"", ""test"", ""docs""]","[""feat"", ""fix"", ""ci"", ""docs"", ""test""]",1.3826138973236084,"['f9a094918b62534614c47aa8a13f33aec751a1e0', '2561f4ade46fc9d59f289f328cc77733a6443697', '45837af24a33308a70a3454f0f650f9fe728e272', '036a0ff49a7dade0e04c9c07071a1ff49133ee24', 'b7ce2894fd1794064bd6db4ed730bb6cb7728739']",0.7142857142857143,1.0,0.8333333333333333,False,0.2857142857142857,4096,True,5
"[""feat"", ""refactor"", ""build"", ""ci"", ""test"", ""docs""]","[""feat"", ""refactor"", ""build"", ""fix"", ""docs""]",1.3178210258483887,"['ded26d768ff432ad3bde3c0aa1e95ce50726100a', '062daa45cbd5dba6e96e95d8cdcaee89ae30a83c', '37b1cbfd3d2c462ef4f2a131e4172c38dc8d9ddf', '933ab6bb86372913c992567cf9660009900911a7', '036a0ff49a7dade0e04c9c07071a1ff49133ee24']",0.6666666666666666,0.8,0.7272727272727272,False,0.42857142857142855,4096,True,5
"[""test"", ""refactor"", ""build"", ""feat"", ""docs""]","[""test"", ""build"", ""feat"", ""fix"", ""docs""]",1.092301368713379,"['f411e58cd510f8a2b980b2f1932003a0c0e9f8f3', 'c44cf88a6ec54e5ddd99d8348bcc57b301ec7945', '1bcf88670b50155b50071e707f98f30cea0b7a24', '9be725fa3906323d4bc9788f54eccf74109d632b', 'a52a585d74894b3b4eeb8c784fa089ff95cddad0']",0.8,0.8,0.8000000000000002,False,0.2857142857142857,4096,True,5
"[""feat"", ""fix"", ""refactor"", ""docs"", ""test"", ""ci"", ""build""]","[""fix"", ""feat"", ""test"", ""ci"", ""docs""]",1.258967399597168,"['933ab6bb86372913c992567cf9660009900911a7', '6ed56ce9ae743ba9a87e6c9643cc06b1de7b748d', 'e2e8ad25854bd1e7cdbc7f50b50bbd99e04ad47d', 'e96487ad7ce90b141219d9032fa2bed68d5dae6a', '036a0ff49a7dade0e04c9c07071a1ff49133ee24']",0.7142857142857143,1.0,0.8333333333333333,False,0.2857142857142857,4096,True,5
"[""test"", ""refactor"", ""ci"", ""build"", ""feat""]","[""test"", ""refactor"", ""ci"", ""build"", ""fix""]",1.2584142684936523,"['e0198f74b81da3663144cfe1d971939319f82a0f', '3cca5c314ad6feeffbfe1f14cf49ebd0fd9a95a2', '45837af24a33308a70a3454f0f650f9fe728e272', '5b81fde8a72cf2e69a10e9f5c4f0bea0a2b8c3e0', '9ef5c0d14193a9abb09b39856f58477d1f4b0d77']",0.8,0.8,0.8000000000000002,False,0.2857142857142857,4096,True,5
"[""build"", ""refactor"", ""test"", ""ci""]","[""build"", ""feat"", ""refactor"", ""ci"", ""test""]",1.1097826957702637,"['c55591ba157298a9c5816693c102a89dfd058830', '1bcf88670b50155b50071e707f98f30cea0b7a24', '1db13ec43727aca872a0f3836e4023ed85db665e', 'dbb537a26e388a8d7d17faf131abc30c2f7a84e6', 'e2e8ad25854bd1e7cdbc7f50b50bbd99e04ad47d']",1.0,0.8,0.888888888888889,False,0.14285714285714285,4096,True,5
"[""feat"", ""fix"", ""refactor"", ""test"", ""ci"", ""build""]","[""feat"", ""refactor"", ""test"", ""ci"", ""build""]",1.3756754398345947,"['e137f9fdbdb6bf3f85c3f7ac9323785e445844c8', 'a62314d9bb632be6af026686615d14b912250512', 'b7ce2894fd1794064bd6db4ed730bb6cb7728739', '45837af24a33308a70a3454f0f650f9fe728e272', '454003841aabeb74396d73541378bfa59c75b5db']",0.8333333333333334,1.0,0.9090909090909091,False,0.14285714285714285,4096,True,5
"[""test"", ""refactor"", ""docs"", ""build""]","[""test"", ""fix"", ""build"", ""refactor"", ""docs""]",1.0233430862426758,"['317f4eefecddfb1392ca71d551840f446feee302', '06e2be4e2019b6fa714e1fcb34485860ef1ede79', '32b92cfa0b74a6c25990e32ac6aab12b8496794c', '535708ae50aecb452560a23356fd396f99ef13a2', 'aca23027da1295c78fdf42ba9687d8ccc88784d7']",1.0,0.8,0.888888888888889,False,0.14285714285714285,4096,True,5
"[""ci"", ""test"", ""refactor"", ""build"", ""feat""]","[""ci"", ""feat"", ""build"", ""fix"", ""test""]",1.2602250576019287,"['173553c0372e66e03bdab19e0e6c2dd44daa14a0', '6ed56ce9ae743ba9a87e6c9643cc06b1de7b748d', '32b92cfa0b74a6c25990e32ac6aab12b8496794c', '933ab6bb86372913c992567cf9660009900911a7', 'e9617f0854030e70365eb264bcb3b58078e79e9e']",0.8,0.8,0.8000000000000002,False,0.2857142857142857,4096,True,5
"[""ci"", ""test"", ""refactor"", ""build""]","[""ci"", ""test"", ""fix"", ""feat"", ""build""]",0.9300327301025391,"['dbb537a26e388a8d7d17faf131abc30c2f7a84e6', 'e2e8ad25854bd1e7cdbc7f50b50bbd99e04ad47d', '933ab6bb86372913c992567cf9660009900911a7', 'b282e90e2cbb74559aab79eee8443a4d7c85502a', 'c55591ba157298a9c5816693c102a89dfd058830']",0.75,0.6,0.6666666666666665,False,0.42857142857142855,4096,True,5
"[""test"", ""ci"", ""refactor"", ""build""]","[""test"", ""build"", ""feat"", ""fix"", ""ci""]",1.2390942573547363,"['317f4eefecddfb1392ca71d551840f446feee302', 'e4a11fd5c34942ba12737f1c8c084489428ee274', 'ded26d768ff432ad3bde3c0aa1e95ce50726100a', 'd129eaf9125a967ac86c6c7276bbae6b4d50af36', '173553c0372e66e03bdab19e0e6c2dd44daa14a0']",0.75,0.6,0.6666666666666665,False,0.42857142857142855,4096,True,5
"[""test"", ""build"", ""docs"", ""feat""]","[""test"", ""build"", ""refactor"", ""docs"", ""feat""]",0.9835455417633057,"['bedc7950b24c37809e36a585b7985d5aa5e3e458', '5b81fde8a72cf2e69a10e9f5c4f0bea0a2b8c3e0', '47ef9104e4a89e80d7cc6c1950bc080841da4a7b', 'aca23027da1295c78fdf42ba9687d8ccc88784d7', 'f823cf28652987d43c8324b4f5b203240032383a']",1.0,0.8,0.888888888888889,False,0.14285714285714285,4096,True,5
"[""build"", ""ci"", ""refactor"", ""test"", ""docs""]","[""build"", ""ci"", ""feat"", ""docs"", ""fix""]",1.0695111751556396,"['5b81fde8a72cf2e69a10e9f5c4f0bea0a2b8c3e0', 'c5fa7b80438fbd74f4c341f0d3c9bd9e0f4910da', '68278b00450f2679761a2999500f6d87a579376b', 'a52a585d74894b3b4eeb8c784fa089ff95cddad0', '06e2be4e2019b6fa714e1fcb34485860ef1ede79']",0.6,0.6,0.6,False,0.5714285714285714,4096,True,5
"[""feat"", ""fix"", ""refactor"", ""test"", ""ci"", ""build""]","[""test"", ""build"", ""refactor"", ""fix"", ""ci""]",1.285184621810913,"['e0198f74b81da3663144cfe1d971939319f82a0f', '5b81fde8a72cf2e69a10e9f5c4f0bea0a2b8c3e0', '3cca5c314ad6feeffbfe1f14cf49ebd0fd9a95a2', '87d5d4e55ab7149b593d29410f1fe426ba2447d4', '74e9de5ec97dc013a52aa063dff0f40ac74c407b']",0.8333333333333334,1.0,0.9090909090909091,False,0.14285714285714285,4096,True,5
"[""feat"", ""fix"", ""refactor"", ""build"", ""ci"", ""test"", ""docs""]","[""feat"", ""build"", ""fix"", ""ci"", ""test""]",1.4652690887451172,"['6ed56ce9ae743ba9a87e6c9643cc06b1de7b748d', 'c323d59c607cabc91f17a78528d998f376f30b10', '87d5d4e55ab7149b593d29410f1fe426ba2447d4', 'c5fa7b80438fbd74f4c341f0d3c9bd9e0f4910da', 'e9617f0854030e70365eb264bcb3b58078e79e9e']",0.7142857142857143,1.0,0.8333333333333333,False,0.2857142857142857,4096,True,5
"[""build"", ""ci"", ""docs"", ""feat"", ""refactor"", ""test""]","[""build"", ""test"", ""refactor"", ""feat"", ""ci""]",1.1875524520874023,"['5b81fde8a72cf2e69a10e9f5c4f0bea0a2b8c3e0', 'e9617f0854030e70365eb264bcb3b58078e79e9e', '2954a0955ce9af6acb345ed1e8328e145ad30475', '68278b00450f2679761a2999500f6d87a579376b', 'e96487ad7ce90b141219d9032fa2bed68d5dae6a']",0.8333333333333334,1.0,0.9090909090909091,False,0.14285714285714285,4096,True,5
"[""ci"", ""feat"", ""refactor"", ""docs"", ""test"", ""build""]","[""ci"", ""refactor"", ""docs"", ""feat"", ""fix""]",1.261044979095459,"['4cbbd2552ba0de273e1dfe7d453c5b3efed751a3', '535708ae50aecb452560a23356fd396f99ef13a2', 'e12d9e77a6fd531a22325337838a841b1c67f00d', 'fd8e563cc19ca4684885d4692acee6bebcca4ada', '9be725fa3906323d4bc9788f54eccf74109d632b']",0.6666666666666666,0.8,0.7272727272727272,False,0.42857142857142855,4096,True,5
"[""ci"", ""refactor"", ""fix"", ""docs"", ""test""]","[""ci"", ""fix"", ""feat"", ""docs"", ""refactor""]",1.2937328815460205,"['c5fa7b80438fbd74f4c341f0d3c9bd9e0f4910da', 'bed78248c941d57ad4cc20a455147e186e97c7a1', 'b282e90e2cbb74559aab79eee8443a4d7c85502a', 'bf83c9155e9bee6925aa7102fab53fb803d52533', '771857b1df9470ebc15357e8879118a72c649d5b']",0.8,0.8,0.8000000000000002,False,0.2857142857142857,4096,True,5
