predicted_types,actual_types,inference_time,shas
"['refactor', 'docs']","['refactor', 'docs']",1.0907738208770752,"['bf95d5d0b34d32ef2684488feb3de01cb824b2b4', 'eb51316cdfdc7258d287ba13b67ef2f42bd2b8f6']"
"['fix', 'feat']","['fix', 'feat']",1.0485398769378662,"['ab1e60a97c6d5c688dacbd23bca40cb8f20c4ac3', 'f823cf28652987d43c8324b4f5b203240032383a']"
"['refactor', 'test']",['test'],1.411982774734497,['11ffd5174bd61a2939ae58d2b2d43284302ae490']
"['cicd', 'build', 'test', 'refactor', 'fix']","['build', 'refactor']",1.0239710807800293,"['e0a977b2d316e7612b5d72cb02cd7d78e75dbc55', '0d23f1b3ed22e615b9611bb4eae01d2241e64dff']"
"['docs', 'test']","['docs', 'test']",1.1275122165679932,"['9ed3c0c4a72af977fc9150512fb6538f20a94b22', 'f87659953e9af59bc7cb314a22dd076d988ef607']"
['test'],['test'],0.7047371864318848,['7ece3a9a16780dc6c633bbd903d36ce0aefd6a8a']
"['docs', 'build', 'test']","['docs', 'build', 'test']",1.3367931842803955,"['363f84c7da411468b4103da8e0b39ca48cfd8327', '1269431c8a3e7549f10fcbbb4b88ff625c8898b3', '48d5d573886e9fdd0cca1cea47112c4a2f6edf52']"
"['refactor', 'cicd', 'fix']","['refactor', 'cicd', 'fix']",0.8213400840759277,"['f1bc5a554af4e617c7d7508f7f16f8fd25c78c91', 'e96487ad7ce90b141219d9032fa2bed68d5dae6a', 'c5904a9004fca1e438168ca7334a0deefab536ff']"
