predicted_types,actual_types,inference_time,shas,precision,recall,f1,exact_match,hamming_loss,context_len,with_message,concern_count
"[""feat"", ""refactor""]","[""fix""]",0.5016539096832275,['87d5d4e55ab7149b593d29410f1fe426ba2447d4'],0.0,0.0,0.0,False,0.4285714285714285,12288,False,1
"[""test""]","[""test""]",0.4175424575805664,['317f4eefecddfb1392ca71d551840f446feee302'],1.0,1.0,1.0,True,0.0,12288,False,1
"[""ci""]","[""ci""]",0.4606485366821289,['c5fa7b80438fbd74f4c341f0d3c9bd9e0f4910da'],1.0,1.0,1.0,True,0.0,12288,False,1
"[""ci""]","[""ci""]",0.4489979743957519,['e7a67d88173566be3cd3aed7e9eeb7e29aabbc57'],1.0,1.0,1.0,True,0.0,12288,False,1
"[""feat"", ""refactor""]","[""fix""]",0.5043706893920898,['d129eaf9125a967ac86c6c7276bbae6b4d50af36'],0.0,0.0,0.0,False,0.4285714285714285,12288,False,1
"[""build"", ""ci""]","[""build""]",0.5000221729278564,['1269431c8a3e7549f10fcbbb4b88ff625c8898b3'],0.5,1.0,0.6666666666666666,False,0.1428571428571428,12288,False,1
"[""feat"", ""refactor""]","[""refactor""]",0.5246388912200928,['535708ae50aecb452560a23356fd396f99ef13a2'],0.5,1.0,0.6666666666666666,False,0.1428571428571428,12288,False,1
"[""feat"", ""refactor"", ""ci"", ""build"", ""test"", ""docs""]","[""feat""]",0.9175975322723388,['68278b00450f2679761a2999500f6d87a579376b'],0.1666666666666666,1.0,0.2857142857142857,False,0.7142857142857143,12288,False,1
"[""ci""]","[""ci""]",0.3675928115844726,['6c9cb638cb4d1ecc42632fcf389c24898c5b3244'],1.0,1.0,1.0,True,0.0,12288,False,1
"[""test""]","[""test""]",0.3722753524780273,['c7b25726df94a2530c9b1c0d2b6a0acaa103822f'],1.0,1.0,1.0,True,0.0,12288,False,1
"[""feat"", ""refactor""]","[""feat""]",0.5632619857788086,['1bcf88670b50155b50071e707f98f30cea0b7a24'],0.5,1.0,0.6666666666666666,False,0.1428571428571428,12288,False,1
"[""build"", ""test""]","[""build""]",0.6182332038879395,['454003841aabeb74396d73541378bfa59c75b5db'],0.5,1.0,0.6666666666666666,False,0.1428571428571428,12288,False,1
"[""ci""]","[""ci""]",0.3276119232177734,['dbb537a26e388a8d7d17faf131abc30c2f7a84e6'],1.0,1.0,1.0,True,0.0,12288,False,1
"[""docs""]","[""docs""]",0.3700883388519287,['bf83c9155e9bee6925aa7102fab53fb803d52533'],1.0,1.0,1.0,True,0.0,12288,False,1
"[""feat""]","[""feat""]",0.366220474243164,['dc5238b2bda98a7c4f2fe9584fc3b0191a408109'],1.0,1.0,1.0,True,0.0,12288,False,1
"[""ci""]","[""ci""]",0.3634498119354248,['74e9de5ec97dc013a52aa063dff0f40ac74c407b'],1.0,1.0,1.0,True,0.0,12288,False,1
"[""test""]","[""test""]",0.3705792427062988,['b7ce2894fd1794064bd6db4ed730bb6cb7728739'],1.0,1.0,1.0,True,0.0,12288,False,1
"[""refactor"", ""build""]","[""build""]",0.4662127494812011,['32b92cfa0b74a6c25990e32ac6aab12b8496794c'],0.5,1.0,0.6666666666666666,False,0.1428571428571428,12288,False,1
"[""refactor"", ""build""]","[""fix""]",0.5574557781219482,['bed78248c941d57ad4cc20a455147e186e97c7a1'],0.0,0.0,0.0,False,0.4285714285714285,12288,False,1
"[""test""]","[""test""]",0.3925416469573974,['f411e58cd510f8a2b980b2f1932003a0c0e9f8f3'],1.0,1.0,1.0,True,0.0,12288,False,1
"[""feat"", ""refactor""]","[""feat""]",0.5195975303649902,['f9a094918b62534614c47aa8a13f33aec751a1e0'],0.5,1.0,0.6666666666666666,False,0.1428571428571428,12288,False,1
"[""docs""]","[""docs""]",0.3676719665527344,['aca23027da1295c78fdf42ba9687d8ccc88784d7'],1.0,1.0,1.0,True,0.0,12288,False,1
"[""ci""]","[""build""]",0.4030756950378418,['37b1cbfd3d2c462ef4f2a131e4172c38dc8d9ddf'],0.0,0.0,0.0,False,0.2857142857142857,12288,False,1
"[""feat"", ""refactor""]","[""feat""]",0.8300647735595703,['e137f9fdbdb6bf3f85c3f7ac9323785e445844c8'],0.5,1.0,0.6666666666666666,False,0.1428571428571428,12288,False,1
"[""test""]","[""test""]",0.393911600112915,['e0198f74b81da3663144cfe1d971939319f82a0f'],1.0,1.0,1.0,True,0.0,12288,False,1
"[""ci""]","[""ci""]",0.4482114315032959,['45837af24a33308a70a3454f0f650f9fe728e272'],1.0,1.0,1.0,True,0.0,12288,False,1
"[""docs""]","[""docs""]",0.381037950515747,['0cfc5633d37ea06f645649138323f1820e18bdee'],1.0,1.0,1.0,True,0.0,12288,False,1
"[""build"", ""test""]","[""test""]",0.7291686534881592,['8ee0611fbf0cd89abe7ae588f22e6ecb843598ea'],0.5,1.0,0.6666666666666666,False,0.1428571428571428,12288,False,1
"[""docs"", ""feat""]","[""docs""]",0.4355838298797607,['c2ee5cd5e709afd15c5565ee009a0d204403a119'],0.5,1.0,0.6666666666666666,False,0.1428571428571428,12288,False,1
"[""refactor""]","[""fix""]",0.4013793468475342,['d1d55e787b7d07f763852602b9939a5394607fd9'],0.0,0.0,0.0,False,0.2857142857142857,12288,False,1
"[""build""]","[""build""]",0.3932833671569824,['c55591ba157298a9c5816693c102a89dfd058830'],1.0,1.0,1.0,True,0.0,12288,False,1
"[""fix""]","[""fix""]",0.3069367408752441,['9be725fa3906323d4bc9788f54eccf74109d632b'],1.0,1.0,1.0,True,0.0,12288,False,1
"[""build""]","[""build""]",0.3803458213806152,['f00a4d3e307b89842250358ee432e6800bb24362'],1.0,1.0,1.0,True,0.0,12288,False,1
"[""feat"", ""docs""]","[""docs""]",0.4686119556427002,['036a0ff49a7dade0e04c9c07071a1ff49133ee24'],0.5,1.0,0.6666666666666666,False,0.1428571428571428,12288,False,1
"[""feat""]","[""docs""]",0.3968739509582519,['6d405dfc1675dcad64a2dfac0c0cb0fb28381d21'],0.0,0.0,0.0,False,0.2857142857142857,12288,False,1
"[""refactor""]","[""refactor""]",1.2748830318450928,['3cca5c314ad6feeffbfe1f14cf49ebd0fd9a95a2'],1.0,1.0,1.0,True,0.0,12288,False,1
"[""test""]","[""docs""]",0.3659486770629883,['af880ac5b4fecbc6c4f3d1eee0d95f326e8bd9d1'],0.0,0.0,0.0,False,0.2857142857142857,12288,False,1
"[""fix""]","[""fix""]",0.3145029544830322,['c8e0ae8612df3d6f2831acc004aaac332f6105e4'],1.0,1.0,1.0,True,0.0,12288,False,1
"[""refactor"", ""docs""]","[""refactor""]",0.665001630783081,['771857b1df9470ebc15357e8879118a72c649d5b'],0.5,1.0,0.6666666666666666,False,0.1428571428571428,12288,False,1
"[""refactor""]","[""refactor""]",0.3361349105834961,['47ef9104e4a89e80d7cc6c1950bc080841da4a7b'],1.0,1.0,1.0,True,0.0,12288,False,1
"[""test""]","[""refactor""]",0.6344606876373291,['1db13ec43727aca872a0f3836e4023ed85db665e'],0.0,0.0,0.0,False,0.2857142857142857,12288,False,1
"[""refactor""]","[""fix""]",0.3411760330200195,['933ab6bb86372913c992567cf9660009900911a7'],0.0,0.0,0.0,False,0.2857142857142857,12288,False,1
"[""test""]","[""test""]",0.3389558792114258,['e2e8ad25854bd1e7cdbc7f50b50bbd99e04ad47d'],1.0,1.0,1.0,True,0.0,12288,False,1
"[""build""]","[""build""]",0.3896362781524658,['c44cf88a6ec54e5ddd99d8348bcc57b301ec7945'],1.0,1.0,1.0,True,0.0,12288,False,1
"[""ci""]","[""ci""]",0.3110251426696777,['e96487ad7ce90b141219d9032fa2bed68d5dae6a'],1.0,1.0,1.0,True,0.0,12288,False,1
"[""build""]","[""build""]",0.3654870986938476,['5b81fde8a72cf2e69a10e9f5c4f0bea0a2b8c3e0'],1.0,1.0,1.0,True,0.0,12288,False,1
"[""docs""]","[""docs""]",1.470916986465454,['cb1f48b56ae0de93acb72e48726c7d610a1d538e'],1.0,1.0,1.0,True,0.0,12288,False,1
"[""refactor""]","[""fix""]",0.4777328968048095,['2561f4ade46fc9d59f289f328cc77733a6443697'],0.0,0.0,0.0,False,0.2857142857142857,12288,False,1
"[""refactor""]","[""fix""]",0.4027409553527832,['06e2be4e2019b6fa714e1fcb34485860ef1ede79'],0.0,0.0,0.0,False,0.2857142857142857,12288,False,1
"[""refactor""]","[""refactor""]",0.3396627902984619,['36556bf8e0bce4ab6d26eafacbdad04d9614a5d7'],1.0,1.0,1.0,True,0.0,12288,False,1
"[""build""]","[""build""]",0.3676879405975342,['c323d59c607cabc91f17a78528d998f376f30b10'],1.0,1.0,1.0,True,0.0,12288,False,1
"[""build"", ""refactor""]","[""build""]",0.532318115234375,['e4a11fd5c34942ba12737f1c8c084489428ee274'],0.5,1.0,0.6666666666666666,False,0.1428571428571428,12288,False,1
"[""feat"", ""refactor""]","[""refactor""]",0.532672643661499,['63eab619e6166eb6cab948028a7b89bf059dd878'],0.5,1.0,0.6666666666666666,False,0.1428571428571428,12288,False,1
"[""docs""]","[""docs""]",0.3459811210632324,['a52a585d74894b3b4eeb8c784fa089ff95cddad0'],1.0,1.0,1.0,True,0.0,12288,False,1
"[""feat"", ""refactor""]","[""feat""]",0.5651516914367676,['b282e90e2cbb74559aab79eee8443a4d7c85502a'],0.5,1.0,0.6666666666666666,False,0.1428571428571428,12288,False,1
"[""feat"", ""test"", ""ci"", ""build"", ""docs""]","[""feat""]",0.7844648361206055,['f823cf28652987d43c8324b4f5b203240032383a'],0.2,1.0,0.3333333333333333,False,0.5714285714285714,12288,False,1
"[""refactor""]","[""fix""]",0.367711067199707,['9ef5c0d14193a9abb09b39856f58477d1f4b0d77'],0.0,0.0,0.0,False,0.2857142857142857,12288,False,1
"[""feat"", ""refactor""]","[""feat""]",0.604327917098999,['fd8e563cc19ca4684885d4692acee6bebcca4ada'],0.5,1.0,0.6666666666666666,False,0.1428571428571428,12288,False,1
"[""ci""]","[""ci""]",0.3817346096038818,['4cbbd2552ba0de273e1dfe7d453c5b3efed751a3'],1.0,1.0,1.0,True,0.0,12288,False,1
"[""ci"", ""test""]","[""ci""]",0.5780124664306641,['173553c0372e66e03bdab19e0e6c2dd44daa14a0'],0.5,1.0,0.6666666666666666,False,0.1428571428571428,12288,False,1
"[""ci"", ""build""]","[""ci""]",0.7104196548461914,['32845e1bbd1efb5dbc16f671049509a409ba25ce'],0.5,1.0,0.6666666666666666,False,0.1428571428571428,12288,False,1
"[""test""]","[""test""]",0.3644306659698486,['229b53a632ea97d47c4be11f096bdd828fb415d8'],1.0,1.0,1.0,True,0.0,12288,False,1
"[""feat"", ""refactor""]","[""refactor""]",0.4638926982879638,['2954a0955ce9af6acb345ed1e8328e145ad30475'],0.5,1.0,0.6666666666666666,False,0.1428571428571428,12288,False,1
"[""refactor"", ""docs""]","[""refactor""]",0.4960026741027832,['a62314d9bb632be6af026686615d14b912250512'],0.5,1.0,0.6666666666666666,False,0.1428571428571428,12288,False,1
"[""refactor""]","[""refactor""]",0.7027742862701416,['062daa45cbd5dba6e96e95d8cdcaee89ae30a83c'],1.0,1.0,1.0,True,0.0,12288,False,1
"[""test""]","[""test""]",0.3874602317810058,['bedc7950b24c37809e36a585b7985d5aa5e3e458'],1.0,1.0,1.0,True,0.0,12288,False,1
"[""feat"", ""refactor""]","[""feat""]",0.924358367919922,['ded26d768ff432ad3bde3c0aa1e95ce50726100a'],0.5,1.0,0.6666666666666666,False,0.1428571428571428,12288,False,1
"[""ci"", ""test""]","[""test""]",0.5609240531921387,['e9617f0854030e70365eb264bcb3b58078e79e9e'],0.5,1.0,0.6666666666666666,False,0.1428571428571428,12288,False,1
"[""feat"", ""test"", ""ci"", ""build""]","[""feat""]",0.8715589046478271,['6ed56ce9ae743ba9a87e6c9643cc06b1de7b748d'],0.25,1.0,0.4,False,0.4285714285714285,12288,False,1
"[""docs""]","[""docs""]",0.3726148605346679,['e12d9e77a6fd531a22325337838a841b1c67f00d'],1.0,1.0,1.0,True,0.0,12288,False,1
"[""refactor"", ""ci"", ""test"", ""docs"", ""build""]","[""feat"", ""refactor""]",0.9426252841949464,"['fd8e563cc19ca4684885d4692acee6bebcca4ada', '36556bf8e0bce4ab6d26eafacbdad04d9614a5d7']",0.2,0.5,0.2857142857142857,False,0.7142857142857143,12288,False,2
"[""ci"", ""build""]","[""ci"", ""build""]",0.5648970603942871,"['45837af24a33308a70a3454f0f650f9fe728e272', '5b81fde8a72cf2e69a10e9f5c4f0bea0a2b8c3e0']",1.0,1.0,1.0,True,0.0,12288,False,2
"[""feat"", ""refactor"", ""test""]","[""refactor"", ""docs""]",0.6574435234069824,"['535708ae50aecb452560a23356fd396f99ef13a2', 'af880ac5b4fecbc6c4f3d1eee0d95f326e8bd9d1']",0.3333333333333333,0.5,0.4,False,0.4285714285714285,12288,False,2
"[""feat"", ""fix"", ""refactor"", ""docs"", ""test"", ""ci"", ""build""]","[""feat"", ""refactor""]",1.1536338329315186,"['68278b00450f2679761a2999500f6d87a579376b', '63eab619e6166eb6cab948028a7b89bf059dd878']",0.2857142857142857,1.0,0.4444444444444445,False,0.7142857142857143,12288,False,2
"[""ci"", ""test""]","[""ci"", ""test""]",0.50201416015625,"['dbb537a26e388a8d7d17faf131abc30c2f7a84e6', 'f411e58cd510f8a2b980b2f1932003a0c0e9f8f3']",1.0,1.0,1.0,True,0.0,12288,False,2
"[""test"", ""ci""]","[""test"", ""ci""]",0.5815854072570801,"['e2e8ad25854bd1e7cdbc7f50b50bbd99e04ad47d', 'c5fa7b80438fbd74f4c341f0d3c9bd9e0f4910da']",1.0,1.0,1.0,True,0.0,12288,False,2
"[""ci"", ""build""]","[""ci"", ""build""]",0.6281683444976807,"['45837af24a33308a70a3454f0f650f9fe728e272', '1269431c8a3e7549f10fcbbb4b88ff625c8898b3']",1.0,1.0,1.0,True,0.0,12288,False,2
"[""feat"", ""refactor"", ""test""]","[""feat"", ""test""]",0.760235071182251,"['1bcf88670b50155b50071e707f98f30cea0b7a24', 'f411e58cd510f8a2b980b2f1932003a0c0e9f8f3']",0.6666666666666666,1.0,0.8,False,0.1428571428571428,12288,False,2
"[""fix"", ""docs""]","[""fix"", ""docs""]",0.436079740524292,"['9be725fa3906323d4bc9788f54eccf74109d632b', '0cfc5633d37ea06f645649138323f1820e18bdee']",1.0,1.0,1.0,True,0.0,12288,False,2
"[""refactor"", ""ci""]","[""fix"", ""ci""]",0.4425461292266845,"['9be725fa3906323d4bc9788f54eccf74109d632b', 'e96487ad7ce90b141219d9032fa2bed68d5dae6a']",0.5,0.5,0.5,False,0.2857142857142857,12288,False,2
"[""test"", ""ci"", ""refactor""]","[""build"", ""test""]",0.7881405353546143,"['1269431c8a3e7549f10fcbbb4b88ff625c8898b3', '317f4eefecddfb1392ca71d551840f446feee302']",0.3333333333333333,0.5,0.4,False,0.4285714285714285,12288,False,2
"[""ci"", ""docs""]","[""ci"", ""docs""]",0.493645429611206,"['dbb537a26e388a8d7d17faf131abc30c2f7a84e6', '0cfc5633d37ea06f645649138323f1820e18bdee']",1.0,1.0,1.0,True,0.0,12288,False,2
"[""refactor"", ""test"", ""ci"", ""build""]","[""refactor"", ""build""]",1.738353967666626,"['3cca5c314ad6feeffbfe1f14cf49ebd0fd9a95a2', '454003841aabeb74396d73541378bfa59c75b5db']",0.5,1.0,0.6666666666666666,False,0.2857142857142857,12288,False,2
"[""refactor"", ""ci"", ""build"", ""test"", ""docs""]","[""fix"", ""refactor""]",1.2372422218322754,"['2561f4ade46fc9d59f289f328cc77733a6443697', '062daa45cbd5dba6e96e95d8cdcaee89ae30a83c']",0.2,0.5,0.2857142857142857,False,0.7142857142857143,12288,False,2
"[""build"", ""ci""]","[""build"", ""ci""]",0.4989035129547119,"['c44cf88a6ec54e5ddd99d8348bcc57b301ec7945', 'dbb537a26e388a8d7d17faf131abc30c2f7a84e6']",1.0,1.0,1.0,True,0.0,12288,False,2
"[""feat"", ""refactor"", ""test"", ""ci"", ""build"", ""docs""]","[""build"", ""refactor""]",1.016711711883545,"['32b92cfa0b74a6c25990e32ac6aab12b8496794c', '63eab619e6166eb6cab948028a7b89bf059dd878']",0.3333333333333333,1.0,0.5,False,0.5714285714285714,12288,False,2
"[""feat"", ""ci""]","[""feat"", ""docs""]",0.4951291084289551,"['dc5238b2bda98a7c4f2fe9584fc3b0191a408109', 'e12d9e77a6fd531a22325337838a841b1c67f00d']",0.5,0.5,0.5,False,0.2857142857142857,12288,False,2
"[""ci"", ""docs""]","[""ci"", ""docs""]",0.7401237487792969,"['32845e1bbd1efb5dbc16f671049509a409ba25ce', 'bf83c9155e9bee6925aa7102fab53fb803d52533']",1.0,1.0,1.0,True,0.0,12288,False,2
"[""feat"", ""refactor"", ""ci"", ""build"", ""test"", ""docs""]","[""fix"", ""feat""]",1.155876398086548,"['d129eaf9125a967ac86c6c7276bbae6b4d50af36', '6ed56ce9ae743ba9a87e6c9643cc06b1de7b748d']",0.1666666666666666,0.5,0.25,False,0.8571428571428571,12288,False,2
"[""feat"", ""ci""]","[""feat"", ""ci""]",0.6505300998687744,"['1bcf88670b50155b50071e707f98f30cea0b7a24', '74e9de5ec97dc013a52aa063dff0f40ac74c407b']",1.0,1.0,1.0,True,0.0,12288,False,2
"[""feat"", ""ci""]","[""docs"", ""ci""]",0.4981133937835693,"['036a0ff49a7dade0e04c9c07071a1ff49133ee24', '4cbbd2552ba0de273e1dfe7d453c5b3efed751a3']",0.5,0.5,0.5,False,0.2857142857142857,12288,False,2
"[""docs"", ""test"", ""ci"", ""build""]","[""test"", ""docs""]",1.8361966609954832,"['e9617f0854030e70365eb264bcb3b58078e79e9e', 'cb1f48b56ae0de93acb72e48726c7d610a1d538e']",0.5,1.0,0.6666666666666666,False,0.2857142857142857,12288,False,2
"[""docs"", ""feat""]","[""docs"", ""feat""]",0.5819656848907471,"['aca23027da1295c78fdf42ba9687d8ccc88784d7', 'f823cf28652987d43c8324b4f5b203240032383a']",1.0,1.0,1.0,True,0.0,12288,False,2
"[""refactor"", ""test"", ""ci"", ""build"", ""docs"", ""feat"", ""fix""]","[""refactor"", ""fix""]",1.0196647644042969,"['47ef9104e4a89e80d7cc6c1950bc080841da4a7b', '06e2be4e2019b6fa714e1fcb34485860ef1ede79']",0.2857142857142857,1.0,0.4444444444444445,False,0.7142857142857143,12288,False,2
"[""build"", ""ci""]","[""build"", ""ci""]",0.4822151660919189,"['5b81fde8a72cf2e69a10e9f5c4f0bea0a2b8c3e0', 'dbb537a26e388a8d7d17faf131abc30c2f7a84e6']",1.0,1.0,1.0,True,0.0,12288,False,2
"[""build"", ""refactor""]","[""build"", ""refactor""]",0.5023889541625977,"['5b81fde8a72cf2e69a10e9f5c4f0bea0a2b8c3e0', '36556bf8e0bce4ab6d26eafacbdad04d9614a5d7']",1.0,1.0,1.0,True,0.0,12288,False,2
"[""feat"", ""test""]","[""fix"", ""test""]",0.582521915435791,"['9ef5c0d14193a9abb09b39856f58477d1f4b0d77', 'b7ce2894fd1794064bd6db4ed730bb6cb7728739']",0.5,0.5,0.5,False,0.2857142857142857,12288,False,2
"[""build"", ""docs"", ""test"", ""ci"", ""feat"", ""fix"", ""refactor""]","[""build"", ""docs""]",1.060703992843628,"['c323d59c607cabc91f17a78528d998f376f30b10', 'c2ee5cd5e709afd15c5565ee009a0d204403a119']",0.2857142857142857,1.0,0.4444444444444445,False,0.7142857142857143,12288,False,2
"[""refactor"", ""ci""]","[""fix"", ""ci""]",0.4525628089904785,"['9be725fa3906323d4bc9788f54eccf74109d632b', 'dbb537a26e388a8d7d17faf131abc30c2f7a84e6']",0.5,0.5,0.5,False,0.2857142857142857,12288,False,2
"[""refactor"", ""ci""]","[""fix"", ""ci""]",0.5845062732696533,"['9be725fa3906323d4bc9788f54eccf74109d632b', 'e7a67d88173566be3cd3aed7e9eeb7e29aabbc57']",0.5,0.5,0.5,False,0.2857142857142857,12288,False,2
"[""docs"", ""refactor""]","[""docs"", ""refactor""]",0.8820934295654297,"['c2ee5cd5e709afd15c5565ee009a0d204403a119', '062daa45cbd5dba6e96e95d8cdcaee89ae30a83c']",1.0,1.0,1.0,True,0.0,12288,False,2
"[""feat"", ""refactor"", ""docs""]","[""fix"", ""feat""]",0.959308385848999,"['933ab6bb86372913c992567cf9660009900911a7', 'e137f9fdbdb6bf3f85c3f7ac9323785e445844c8']",0.3333333333333333,0.5,0.4,False,0.4285714285714285,12288,False,2
"[""refactor"", ""build""]","[""fix"", ""build""]",0.5305025577545166,"['9be725fa3906323d4bc9788f54eccf74109d632b', 'c44cf88a6ec54e5ddd99d8348bcc57b301ec7945']",0.5,0.5,0.5,False,0.2857142857142857,12288,False,2
"[""ci"", ""test"", ""build""]","[""ci"", ""docs""]",0.7216713428497314,"['173553c0372e66e03bdab19e0e6c2dd44daa14a0', 'e12d9e77a6fd531a22325337838a841b1c67f00d']",0.3333333333333333,0.5,0.4,False,0.4285714285714285,12288,False,2
"[""ci"", ""feat""]","[""ci"", ""feat""]",0.5468065738677979,"['6c9cb638cb4d1ecc42632fcf389c24898c5b3244', 'f823cf28652987d43c8324b4f5b203240032383a']",1.0,1.0,1.0,True,0.0,12288,False,2
"[""ci"", ""docs"", ""test""]","[""ci"", ""docs""]",0.6794478893280029,"['74e9de5ec97dc013a52aa063dff0f40ac74c407b', 'c2ee5cd5e709afd15c5565ee009a0d204403a119']",0.6666666666666666,1.0,0.8,False,0.1428571428571428,12288,False,2
"[""test""]","[""test"", ""build""]",0.5099961757659912,"['317f4eefecddfb1392ca71d551840f446feee302', '5b81fde8a72cf2e69a10e9f5c4f0bea0a2b8c3e0']",1.0,0.5,0.6666666666666666,False,0.1428571428571428,12288,False,2
"[""feat"", ""docs"", ""test"", ""ci"", ""build""]","[""docs"", ""feat""]",0.8811657428741455,"['a52a585d74894b3b4eeb8c784fa089ff95cddad0', 'f823cf28652987d43c8324b4f5b203240032383a']",0.4,1.0,0.5714285714285715,False,0.4285714285714285,12288,False,2
"[""refactor"", ""build""]","[""refactor"", ""build""]",0.5108880996704102,"['47ef9104e4a89e80d7cc6c1950bc080841da4a7b', '5b81fde8a72cf2e69a10e9f5c4f0bea0a2b8c3e0']",1.0,1.0,1.0,True,0.0,12288,False,2
"[""feat"", ""refactor"", ""docs"", ""test"", ""ci"", ""build""]","[""feat"", ""refactor""]",1.4503819942474363,"['e137f9fdbdb6bf3f85c3f7ac9323785e445844c8', '771857b1df9470ebc15357e8879118a72c649d5b']",0.3333333333333333,1.0,0.5,False,0.5714285714285714,12288,False,2
"[""feat"", ""test"", ""refactor"", ""docs"", ""ci"", ""build""]","[""feat"", ""fix""]",1.151127815246582,"['6ed56ce9ae743ba9a87e6c9643cc06b1de7b748d', 'd1d55e787b7d07f763852602b9939a5394607fd9']",0.1666666666666666,0.5,0.25,False,0.8571428571428571,12288,False,2
"[""build"", ""docs""]","[""build"", ""docs""]",0.4966623783111572,"['c323d59c607cabc91f17a78528d998f376f30b10', '0cfc5633d37ea06f645649138323f1820e18bdee']",1.0,1.0,1.0,True,0.0,12288,False,2
"[""feat"", ""test"", ""build"", ""refactor"", ""docs""]","[""test"", ""refactor""]",1.139213800430298,"['8ee0611fbf0cd89abe7ae588f22e6ecb843598ea', '2954a0955ce9af6acb345ed1e8328e145ad30475']",0.4,1.0,0.5714285714285715,False,0.4285714285714285,12288,False,2
"[""refactor"", ""test""]","[""refactor"", ""fix""]",0.5263473987579346,"['36556bf8e0bce4ab6d26eafacbdad04d9614a5d7', 'c8e0ae8612df3d6f2831acc004aaac332f6105e4']",0.5,0.5,0.5,False,0.2857142857142857,12288,False,2
"[""ci"", ""build"", ""refactor""]","[""build"", ""ci""]",0.7942366600036621,"['e4a11fd5c34942ba12737f1c8c084489428ee274', '173553c0372e66e03bdab19e0e6c2dd44daa14a0']",0.6666666666666666,1.0,0.8,False,0.1428571428571428,12288,False,2
"[""refactor"", ""feat""]","[""fix"", ""feat""]",0.5594866275787354,"['c8e0ae8612df3d6f2831acc004aaac332f6105e4', 'f9a094918b62534614c47aa8a13f33aec751a1e0']",0.5,0.5,0.5,False,0.2857142857142857,12288,False,2
"[""refactor"", ""docs""]","[""refactor"", ""docs""]",0.7121503353118896,"['771857b1df9470ebc15357e8879118a72c649d5b', '0cfc5633d37ea06f645649138323f1820e18bdee']",1.0,1.0,1.0,True,0.0,12288,False,2
"[""feat"", ""test"", ""docs"", ""refactor"", ""build"", ""ci""]","[""feat"", ""fix""]",1.1527931690216064,"['6ed56ce9ae743ba9a87e6c9643cc06b1de7b748d', '87d5d4e55ab7149b593d29410f1fe426ba2447d4']",0.1666666666666666,0.5,0.25,False,0.8571428571428571,12288,False,2
"[""test""]","[""refactor"", ""test""]",0.7084774971008301,"['1db13ec43727aca872a0f3836e4023ed85db665e', '229b53a632ea97d47c4be11f096bdd828fb415d8']",1.0,0.5,0.6666666666666666,False,0.1428571428571428,12288,False,2
"[""test"", ""feat""]","[""test"", ""refactor""]",0.7183976173400879,"['317f4eefecddfb1392ca71d551840f446feee302', '63eab619e6166eb6cab948028a7b89bf059dd878']",0.5,0.5,0.5,False,0.2857142857142857,12288,False,2
"[""refactor"", ""build""]","[""docs"", ""build""]",0.5579226016998291,"['e12d9e77a6fd531a22325337838a841b1c67f00d', 'c44cf88a6ec54e5ddd99d8348bcc57b301ec7945']",0.5,0.5,0.5,False,0.2857142857142857,12288,False,2
"[""test"", ""ci""]","[""refactor"", ""build""]",0.8220362663269043,"['1db13ec43727aca872a0f3836e4023ed85db665e', '32b92cfa0b74a6c25990e32ac6aab12b8496794c']",0.0,0.0,0.0,False,0.5714285714285714,12288,False,2
"[""docs"", ""refactor"", ""build""]","[""docs"", ""fix""]",0.7155990600585938,"['c2ee5cd5e709afd15c5565ee009a0d204403a119', 'bed78248c941d57ad4cc20a455147e186e97c7a1']",0.3333333333333333,0.5,0.4,False,0.4285714285714285,12288,False,2
"[""docs"", ""ci"", ""build""]","[""docs"", ""ci""]",0.7181010246276855,"['bf83c9155e9bee6925aa7102fab53fb803d52533', '173553c0372e66e03bdab19e0e6c2dd44daa14a0']",0.6666666666666666,1.0,0.8,False,0.1428571428571428,12288,False,2
"[""refactor"", ""ci""]","[""refactor"", ""ci""]",0.5216257572174072,"['36556bf8e0bce4ab6d26eafacbdad04d9614a5d7', '74e9de5ec97dc013a52aa063dff0f40ac74c407b']",1.0,1.0,1.0,True,0.0,12288,False,2
"[""feat"", ""test"", ""ci"", ""refactor""]","[""test"", ""fix""]",0.8172240257263184,"['e9617f0854030e70365eb264bcb3b58078e79e9e', '87d5d4e55ab7149b593d29410f1fe426ba2447d4']",0.25,0.5,0.3333333333333333,False,0.5714285714285714,12288,False,2
"[""feat"", ""refactor"", ""docs"", ""test"", ""ci"", ""build""]","[""feat"", ""refactor""]",1.3315422534942627,"['e137f9fdbdb6bf3f85c3f7ac9323785e445844c8', '47ef9104e4a89e80d7cc6c1950bc080841da4a7b']",0.3333333333333333,1.0,0.5,False,0.5714285714285714,12288,False,2
"[""refactor"", ""ci""]","[""fix"", ""ci""]",0.6007091999053955,"['2561f4ade46fc9d59f289f328cc77733a6443697', '74e9de5ec97dc013a52aa063dff0f40ac74c407b']",0.5,0.5,0.5,False,0.2857142857142857,12288,False,2
"[""build"", ""ci""]","[""build"", ""ci""]",0.4898383617401123,"['5b81fde8a72cf2e69a10e9f5c4f0bea0a2b8c3e0', 'e96487ad7ce90b141219d9032fa2bed68d5dae6a']",1.0,1.0,1.0,True,0.0,12288,False,2
"[""build"", ""test"", ""feat""]","[""build"", ""test""]",0.8435044288635254,"['32b92cfa0b74a6c25990e32ac6aab12b8496794c', '8ee0611fbf0cd89abe7ae588f22e6ecb843598ea']",0.6666666666666666,1.0,0.8,False,0.1428571428571428,12288,False,2
"[""test"", ""ci""]","[""refactor"", ""ci""]",0.8298060894012451,"['1db13ec43727aca872a0f3836e4023ed85db665e', '74e9de5ec97dc013a52aa063dff0f40ac74c407b']",0.5,0.5,0.5,False,0.2857142857142857,12288,False,2
"[""refactor"", ""build""]","[""fix"", ""build""]",0.6409075260162354,"['2561f4ade46fc9d59f289f328cc77733a6443697', 'c55591ba157298a9c5816693c102a89dfd058830']",0.5,0.5,0.5,False,0.2857142857142857,12288,False,2
"[""build"", ""test""]","[""build"", ""refactor""]",0.7622873783111572,"['5b81fde8a72cf2e69a10e9f5c4f0bea0a2b8c3e0', '1db13ec43727aca872a0f3836e4023ed85db665e']",0.5,0.5,0.5,False,0.2857142857142857,12288,False,2
"[""build"", ""test"", ""ci"", ""feat""]","[""test"", ""ci""]",0.9567601680755616,"['8ee0611fbf0cd89abe7ae588f22e6ecb843598ea', 'e96487ad7ce90b141219d9032fa2bed68d5dae6a']",0.5,1.0,0.6666666666666666,False,0.2857142857142857,12288,False,2
"[""test"", ""refactor"", ""ci"", ""build"", ""docs""]","[""test"", ""refactor""]",1.2692298889160156,"['bedc7950b24c37809e36a585b7985d5aa5e3e458', '062daa45cbd5dba6e96e95d8cdcaee89ae30a83c']",0.4,1.0,0.5714285714285715,False,0.4285714285714285,12288,False,2
"[""ci"", ""feat"", ""refactor""]","[""ci"", ""refactor""]",0.7790806293487549,"['74e9de5ec97dc013a52aa063dff0f40ac74c407b', '63eab619e6166eb6cab948028a7b89bf059dd878']",0.6666666666666666,1.0,0.8,False,0.1428571428571428,12288,False,2
"[""test""]","[""test"", ""docs""]",0.5069599151611328,"['317f4eefecddfb1392ca71d551840f446feee302', 'af880ac5b4fecbc6c4f3d1eee0d95f326e8bd9d1']",1.0,0.5,0.6666666666666666,False,0.1428571428571428,12288,False,2
"[""feat"", ""fix""]","[""feat"", ""fix""]",0.5347883701324463,"['dc5238b2bda98a7c4f2fe9584fc3b0191a408109', '9ef5c0d14193a9abb09b39856f58477d1f4b0d77']",1.0,1.0,1.0,True,0.0,12288,False,2
"[""build"", ""ci"", ""docs"", ""feat"", ""fix"", ""refactor"", ""test""]","[""build"", ""docs""]",1.0853350162506104,"['e4a11fd5c34942ba12737f1c8c084489428ee274', 'e12d9e77a6fd531a22325337838a841b1c67f00d']",0.2857142857142857,1.0,0.4444444444444445,False,0.7142857142857143,12288,False,2
"[""feat"", ""test"", ""docs"", ""refactor"", ""build"", ""ci""]","[""feat"", ""refactor""]",1.2549951076507568,"['6ed56ce9ae743ba9a87e6c9643cc06b1de7b748d', '63eab619e6166eb6cab948028a7b89bf059dd878']",0.3333333333333333,1.0,0.5,False,0.5714285714285714,12288,False,2
"[""ci"", ""feat"", ""docs""]","[""ci"", ""fix"", ""docs""]",1.2925066947937012,"['dbb537a26e388a8d7d17faf131abc30c2f7a84e6', 'd129eaf9125a967ac86c6c7276bbae6b4d50af36', 'cb1f48b56ae0de93acb72e48726c7d610a1d538e']",0.6666666666666666,0.6666666666666666,0.6666666666666666,False,0.2857142857142857,12288,False,3
"[""refactor"", ""test"", ""ci"", ""build""]","[""fix"", ""refactor"", ""feat""]",1.637112379074097,"['933ab6bb86372913c992567cf9660009900911a7', '3cca5c314ad6feeffbfe1f14cf49ebd0fd9a95a2', '6ed56ce9ae743ba9a87e6c9643cc06b1de7b748d']",0.25,0.3333333333333333,0.2857142857142857,False,0.7142857142857143,12288,False,3
"[""build"", ""feat"", ""refactor""]","[""build"", ""feat"", ""ci""]",1.2364106178283691,"['5b81fde8a72cf2e69a10e9f5c4f0bea0a2b8c3e0', 'e137f9fdbdb6bf3f85c3f7ac9323785e445844c8', '32845e1bbd1efb5dbc16f671049509a409ba25ce']",0.6666666666666666,0.6666666666666666,0.6666666666666666,False,0.2857142857142857,12288,False,3
"[""ci"", ""feat"", ""refactor"", ""build""]","[""ci"", ""docs"", ""feat""]",0.9542090892791748,"['45837af24a33308a70a3454f0f650f9fe728e272', '6d405dfc1675dcad64a2dfac0c0cb0fb28381d21', 'f823cf28652987d43c8324b4f5b203240032383a']",0.5,0.6666666666666666,0.5714285714285715,False,0.4285714285714285,12288,False,3
"[""ci"", ""docs"", ""build""]","[""ci"", ""docs"", ""build""]",0.6276299953460693,"['6c9cb638cb4d1ecc42632fcf389c24898c5b3244', 'bf83c9155e9bee6925aa7102fab53fb803d52533', 'c323d59c607cabc91f17a78528d998f376f30b10']",1.0,1.0,1.0,True,0.0,12288,False,3
"[""test"", ""ci"", ""feat""]","[""test"", ""docs"", ""fix""]",0.6824119091033936,"['229b53a632ea97d47c4be11f096bdd828fb415d8', 'e12d9e77a6fd531a22325337838a841b1c67f00d', 'd129eaf9125a967ac86c6c7276bbae6b4d50af36']",0.3333333333333333,0.3333333333333333,0.3333333333333333,False,0.5714285714285714,12288,False,3
"[""feat"", ""docs"", ""refactor""]","[""feat"", ""docs"", ""refactor""]",0.7629165649414062,"['68278b00450f2679761a2999500f6d87a579376b', 'c2ee5cd5e709afd15c5565ee009a0d204403a119', '535708ae50aecb452560a23356fd396f99ef13a2']",1.0,1.0,1.0,True,0.0,12288,False,3
"[""fix"", ""ci"", ""test""]","[""docs"", ""ci"", ""test""]",0.6613390445709229,"['0cfc5633d37ea06f645649138323f1820e18bdee', '6c9cb638cb4d1ecc42632fcf389c24898c5b3244', 'f411e58cd510f8a2b980b2f1932003a0c0e9f8f3']",0.6666666666666666,0.6666666666666666,0.6666666666666666,False,0.2857142857142857,12288,False,3
"[""refactor"", ""build""]","[""build"", ""fix"", ""refactor""]",0.6053245067596436,"['1269431c8a3e7549f10fcbbb4b88ff625c8898b3', '933ab6bb86372913c992567cf9660009900911a7', '36556bf8e0bce4ab6d26eafacbdad04d9614a5d7']",1.0,0.6666666666666666,0.8,False,0.1428571428571428,12288,False,3
"[""test"", ""refactor"", ""docs""]","[""test"", ""fix"", ""docs""]",0.7090132236480713,"['c7b25726df94a2530c9b1c0d2b6a0acaa103822f', '933ab6bb86372913c992567cf9660009900911a7', 'c2ee5cd5e709afd15c5565ee009a0d204403a119']",0.6666666666666666,0.6666666666666666,0.6666666666666666,False,0.2857142857142857,12288,False,3
"[""refactor"", ""build"", ""ci"", ""test"", ""docs""]","[""build"", ""refactor"", ""fix""]",1.053126573562622,"['32b92cfa0b74a6c25990e32ac6aab12b8496794c', '771857b1df9470ebc15357e8879118a72c649d5b', '06e2be4e2019b6fa714e1fcb34485860ef1ede79']",0.4,0.6666666666666666,0.5,False,0.5714285714285714,12288,False,3
"[""test"", ""ci""]","[""test"", ""docs"", ""build""]",0.5766963958740234,"['f411e58cd510f8a2b980b2f1932003a0c0e9f8f3', '036a0ff49a7dade0e04c9c07071a1ff49133ee24', 'c44cf88a6ec54e5ddd99d8348bcc57b301ec7945']",0.5,0.3333333333333333,0.4,False,0.4285714285714285,12288,False,3
"[""feat"", ""test"", ""docs"", ""build"", ""refactor""]","[""feat"", ""test"", ""refactor""]",1.1226351261138916,"['6ed56ce9ae743ba9a87e6c9643cc06b1de7b748d', 'c7b25726df94a2530c9b1c0d2b6a0acaa103822f', '535708ae50aecb452560a23356fd396f99ef13a2']",0.6,1.0,0.7499999999999999,False,0.2857142857142857,12288,False,3
"[""feat"", ""refactor"", ""docs"", ""test"", ""ci"", ""build""]","[""docs"", ""feat"", ""fix""]",1.4546563625335691,"['6d405dfc1675dcad64a2dfac0c0cb0fb28381d21', 'ded26d768ff432ad3bde3c0aa1e95ce50726100a', 'd129eaf9125a967ac86c6c7276bbae6b4d50af36']",0.3333333333333333,0.6666666666666666,0.4444444444444444,False,0.7142857142857143,12288,False,3
"[""ci"", ""docs"", ""refactor""]","[""ci"", ""docs"", ""fix""]",0.8450148105621338,"['e7a67d88173566be3cd3aed7e9eeb7e29aabbc57', 'c2ee5cd5e709afd15c5565ee009a0d204403a119', 'bed78248c941d57ad4cc20a455147e186e97c7a1']",0.6666666666666666,0.6666666666666666,0.6666666666666666,False,0.2857142857142857,12288,False,3
"[""ci"", ""docs"", ""feat""]","[""ci"", ""docs"", ""fix""]",0.736492395401001,"['74e9de5ec97dc013a52aa063dff0f40ac74c407b', 'aca23027da1295c78fdf42ba9687d8ccc88784d7', 'd129eaf9125a967ac86c6c7276bbae6b4d50af36']",0.6666666666666666,0.6666666666666666,0.6666666666666666,False,0.2857142857142857,12288,False,3
"[""test"", ""refactor"", ""build""]","[""test"", ""fix"", ""build""]",0.7619147300720215,"['c7b25726df94a2530c9b1c0d2b6a0acaa103822f', 'bed78248c941d57ad4cc20a455147e186e97c7a1', 'c55591ba157298a9c5816693c102a89dfd058830']",0.6666666666666666,0.6666666666666666,0.6666666666666666,False,0.2857142857142857,12288,False,3
"[""ci"", ""docs"", ""refactor""]","[""docs"", ""ci"", ""fix""]",0.8017411231994629,"['a52a585d74894b3b4eeb8c784fa089ff95cddad0', 'e7a67d88173566be3cd3aed7e9eeb7e29aabbc57', 'bed78248c941d57ad4cc20a455147e186e97c7a1']",0.6666666666666666,0.6666666666666666,0.6666666666666666,False,0.2857142857142857,12288,False,3
"[""build"", ""ci"", ""test""]","[""build"", ""ci"", ""test""]",0.648190975189209,"['f00a4d3e307b89842250358ee432e6800bb24362', '6c9cb638cb4d1ecc42632fcf389c24898c5b3244', 'c7b25726df94a2530c9b1c0d2b6a0acaa103822f']",1.0,1.0,1.0,True,0.0,12288,False,3
"[""feat"", ""refactor"", ""fix"", ""ci"", ""build"", ""test"", ""docs""]","[""refactor"", ""feat"", ""fix""]",1.1182966232299805,"['2954a0955ce9af6acb345ed1e8328e145ad30475', 'dc5238b2bda98a7c4f2fe9584fc3b0191a408109', '9ef5c0d14193a9abb09b39856f58477d1f4b0d77']",0.4285714285714285,1.0,0.6,False,0.5714285714285714,12288,False,3
"[""ci"", ""test"", ""refactor""]","[""ci"", ""test"", ""fix""]",0.7081394195556641,"['4cbbd2552ba0de273e1dfe7d453c5b3efed751a3', 'f411e58cd510f8a2b980b2f1932003a0c0e9f8f3', '06e2be4e2019b6fa714e1fcb34485860ef1ede79']",0.6666666666666666,0.6666666666666666,0.6666666666666666,False,0.2857142857142857,12288,False,3
"[""feat"", ""test"", ""ci"", ""build""]","[""feat"", ""refactor"", ""build""]",1.1995737552642822,"['b282e90e2cbb74559aab79eee8443a4d7c85502a', '1db13ec43727aca872a0f3836e4023ed85db665e', '37b1cbfd3d2c462ef4f2a131e4172c38dc8d9ddf']",0.5,0.6666666666666666,0.5714285714285715,False,0.4285714285714285,12288,False,3
"[""feat"", ""refactor"", ""ci"", ""build""]","[""fix"", ""feat"", ""ci""]",0.984677791595459,"['d129eaf9125a967ac86c6c7276bbae6b4d50af36', 'fd8e563cc19ca4684885d4692acee6bebcca4ada', '173553c0372e66e03bdab19e0e6c2dd44daa14a0']",0.5,0.6666666666666666,0.5714285714285715,False,0.4285714285714285,12288,False,3
"[""feat"", ""test"", ""docs"", ""refactor"", ""ci"", ""build""]","[""docs"", ""refactor"", ""test""]",1.0933630466461182,"['036a0ff49a7dade0e04c9c07071a1ff49133ee24', '63eab619e6166eb6cab948028a7b89bf059dd878', '229b53a632ea97d47c4be11f096bdd828fb415d8']",0.5,1.0,0.6666666666666666,False,0.4285714285714285,12288,False,3
"[""test"", ""ci"", ""feat""]","[""test"", ""ci"", ""feat""]",0.9388797283172609,"['c7b25726df94a2530c9b1c0d2b6a0acaa103822f', '32845e1bbd1efb5dbc16f671049509a409ba25ce', 'b282e90e2cbb74559aab79eee8443a4d7c85502a']",1.0,1.0,1.0,True,0.0,12288,False,3
"[""feat"", ""build"", ""refactor""]","[""feat"", ""build"", ""refactor""]",0.6782381534576416,"['f9a094918b62534614c47aa8a13f33aec751a1e0', '5b81fde8a72cf2e69a10e9f5c4f0bea0a2b8c3e0', '36556bf8e0bce4ab6d26eafacbdad04d9614a5d7']",1.0,1.0,1.0,True,0.0,12288,False,3
"[""feat"", ""refactor"", ""test"", ""ci"", ""build""]","[""feat"", ""build"", ""docs""]",1.2657434940338137,"['e137f9fdbdb6bf3f85c3f7ac9323785e445844c8', '37b1cbfd3d2c462ef4f2a131e4172c38dc8d9ddf', 'e12d9e77a6fd531a22325337838a841b1c67f00d']",0.4,0.6666666666666666,0.5,False,0.5714285714285714,12288,False,3
"[""build"", ""ci"", ""refactor""]","[""build"", ""refactor"", ""ci""]",0.6817493438720703,"['f00a4d3e307b89842250358ee432e6800bb24362', '36556bf8e0bce4ab6d26eafacbdad04d9614a5d7', '4cbbd2552ba0de273e1dfe7d453c5b3efed751a3']",1.0,1.0,1.0,True,0.0,12288,False,3
"[""docs"", ""ci"", ""build""]","[""docs"", ""ci"", ""build""]",1.4939594268798828,"['cb1f48b56ae0de93acb72e48726c7d610a1d538e', 'e96487ad7ce90b141219d9032fa2bed68d5dae6a', '454003841aabeb74396d73541378bfa59c75b5db']",1.0,1.0,1.0,True,0.0,12288,False,3
"[""feat"", ""test"", ""build"", ""ci""]","[""fix"", ""test"", ""build""]",0.7829172611236572,"['d129eaf9125a967ac86c6c7276bbae6b4d50af36', 'e2e8ad25854bd1e7cdbc7f50b50bbd99e04ad47d', '1269431c8a3e7549f10fcbbb4b88ff625c8898b3']",0.5,0.6666666666666666,0.5714285714285715,False,0.4285714285714285,12288,False,3
"[""feat"", ""docs"", ""refactor"", ""ci"", ""build"", ""test""]","[""refactor"", ""docs"", ""feat""]",0.9858734607696532,"['2954a0955ce9af6acb345ed1e8328e145ad30475', 'a52a585d74894b3b4eeb8c784fa089ff95cddad0', 'b282e90e2cbb74559aab79eee8443a4d7c85502a']",0.5,1.0,0.6666666666666666,False,0.4285714285714285,12288,False,3
"[""test"", ""fix""]","[""docs"", ""refactor"", ""test""]",0.9583632946014404,"['0cfc5633d37ea06f645649138323f1820e18bdee', '1db13ec43727aca872a0f3836e4023ed85db665e', 'bedc7950b24c37809e36a585b7985d5aa5e3e458']",0.5,0.3333333333333333,0.4,False,0.4285714285714285,12288,False,3
"[""fix"", ""docs"", ""test""]","[""fix"", ""docs"", ""test""]",0.5902771949768066,"['933ab6bb86372913c992567cf9660009900911a7', '0cfc5633d37ea06f645649138323f1820e18bdee', 'c7b25726df94a2530c9b1c0d2b6a0acaa103822f']",1.0,1.0,1.0,True,0.0,12288,False,3
"[""refactor"", ""ci"", ""test""]","[""refactor"", ""ci"", ""test""]",0.6930937767028809,"['36556bf8e0bce4ab6d26eafacbdad04d9614a5d7', '6c9cb638cb4d1ecc42632fcf389c24898c5b3244', '229b53a632ea97d47c4be11f096bdd828fb415d8']",1.0,1.0,1.0,True,0.0,12288,False,3
"[""ci"", ""test"", ""docs""]","[""ci"", ""test"", ""docs""]",0.8029930591583252,"['c5fa7b80438fbd74f4c341f0d3c9bd9e0f4910da', '229b53a632ea97d47c4be11f096bdd828fb415d8', 'aca23027da1295c78fdf42ba9687d8ccc88784d7']",1.0,1.0,1.0,True,0.0,12288,False,3
"[""feat"", ""refactor"", ""docs"", ""test"", ""ci"", ""build""]","[""feat"", ""docs"", ""fix""]",1.0962018966674805,"['f823cf28652987d43c8324b4f5b203240032383a', '0cfc5633d37ea06f645649138323f1820e18bdee', '9ef5c0d14193a9abb09b39856f58477d1f4b0d77']",0.3333333333333333,0.6666666666666666,0.4444444444444444,False,0.7142857142857143,12288,False,3
"[""test"", ""ci"", ""refactor""]","[""test"", ""fix"", ""build""]",0.7981901168823242,"['317f4eefecddfb1392ca71d551840f446feee302', '06e2be4e2019b6fa714e1fcb34485860ef1ede79', 'c55591ba157298a9c5816693c102a89dfd058830']",0.3333333333333333,0.3333333333333333,0.3333333333333333,False,0.5714285714285714,12288,False,3
"[""feat"", ""refactor"", ""docs"", ""build""]","[""feat"", ""docs"", ""refactor""]",1.1108992099761963,"['e137f9fdbdb6bf3f85c3f7ac9323785e445844c8', 'bf83c9155e9bee6925aa7102fab53fb803d52533', '36556bf8e0bce4ab6d26eafacbdad04d9614a5d7']",0.75,1.0,0.8571428571428571,False,0.1428571428571428,12288,False,3
"[""feat"", ""ci"", ""build""]","[""fix"", ""ci"", ""build""]",0.6641767024993896,"['d129eaf9125a967ac86c6c7276bbae6b4d50af36', '6c9cb638cb4d1ecc42632fcf389c24898c5b3244', 'c44cf88a6ec54e5ddd99d8348bcc57b301ec7945']",0.6666666666666666,0.6666666666666666,0.6666666666666666,False,0.2857142857142857,12288,False,3
"[""feat"", ""refactor"", ""docs""]","[""fix"", ""refactor"", ""docs""]",0.7443211078643799,"['2561f4ade46fc9d59f289f328cc77733a6443697', '2954a0955ce9af6acb345ed1e8328e145ad30475', 'a52a585d74894b3b4eeb8c784fa089ff95cddad0']",0.6666666666666666,0.6666666666666666,0.6666666666666666,False,0.2857142857142857,12288,False,3
"[""build"", ""refactor""]","[""build"", ""feat"", ""fix""]",0.5796844959259033,"['c55591ba157298a9c5816693c102a89dfd058830', 'dc5238b2bda98a7c4f2fe9584fc3b0191a408109', '9be725fa3906323d4bc9788f54eccf74109d632b']",0.5,0.3333333333333333,0.4,False,0.4285714285714285,12288,False,3
"[""test"", ""feat""]","[""test"", ""refactor"", ""feat""]",1.0012249946594238,"['229b53a632ea97d47c4be11f096bdd828fb415d8', '36556bf8e0bce4ab6d26eafacbdad04d9614a5d7', 'ded26d768ff432ad3bde3c0aa1e95ce50726100a']",1.0,0.6666666666666666,0.8,False,0.1428571428571428,12288,False,3
"[""test"", ""ci"", ""build""]","[""test"", ""build"", ""ci""]",0.8367714881896973,"['e0198f74b81da3663144cfe1d971939319f82a0f', 'c55591ba157298a9c5816693c102a89dfd058830', 'e7a67d88173566be3cd3aed7e9eeb7e29aabbc57']",1.0,1.0,1.0,True,0.0,12288,False,3
"[""test"", ""refactor"", ""docs""]","[""test"", ""fix"", ""docs""]",0.7840938568115234,"['bedc7950b24c37809e36a585b7985d5aa5e3e458', '933ab6bb86372913c992567cf9660009900911a7', '6d405dfc1675dcad64a2dfac0c0cb0fb28381d21']",0.6666666666666666,0.6666666666666666,0.6666666666666666,False,0.2857142857142857,12288,False,3
"[""test"", ""refactor"", ""ci"", ""build""]","[""fix"", ""build"", ""test""]",0.8601975440979004,"['d129eaf9125a967ac86c6c7276bbae6b4d50af36', '32b92cfa0b74a6c25990e32ac6aab12b8496794c', '317f4eefecddfb1392ca71d551840f446feee302']",0.5,0.6666666666666666,0.5714285714285715,False,0.4285714285714285,12288,False,3
"[""feat"", ""ci"", ""test"", ""docs"", ""build""]","[""feat"", ""fix"", ""ci""]",1.141307353973389,"['f823cf28652987d43c8324b4f5b203240032383a', '9be725fa3906323d4bc9788f54eccf74109d632b', '32845e1bbd1efb5dbc16f671049509a409ba25ce']",0.4,0.6666666666666666,0.5,False,0.5714285714285714,12288,False,3
"[""refactor"", ""ci""]","[""fix"", ""docs"", ""build""]",0.6630446910858154,"['9ef5c0d14193a9abb09b39856f58477d1f4b0d77', 'a52a585d74894b3b4eeb8c784fa089ff95cddad0', '37b1cbfd3d2c462ef4f2a131e4172c38dc8d9ddf']",0.0,0.0,0.0,False,0.7142857142857143,12288,False,3
"[""feat"", ""ci"", ""docs""]","[""fix"", ""ci"", ""docs""]",0.6825015544891357,"['87d5d4e55ab7149b593d29410f1fe426ba2447d4', '4cbbd2552ba0de273e1dfe7d453c5b3efed751a3', '6d405dfc1675dcad64a2dfac0c0cb0fb28381d21']",0.6666666666666666,0.6666666666666666,0.6666666666666666,False,0.2857142857142857,12288,False,3
"[""feat"", ""docs"", ""test"", ""ci"", ""build""]","[""feat"", ""docs"", ""fix""]",1.7085356712341309,"['fd8e563cc19ca4684885d4692acee6bebcca4ada', 'cb1f48b56ae0de93acb72e48726c7d610a1d538e', 'bed78248c941d57ad4cc20a455147e186e97c7a1']",0.4,0.6666666666666666,0.5,False,0.5714285714285714,12288,False,3
"[""feat"", ""refactor"", ""ci"", ""build"", ""test"", ""docs""]","[""feat"", ""fix"", ""refactor""]",1.5113775730133057,"['1bcf88670b50155b50071e707f98f30cea0b7a24', '9ef5c0d14193a9abb09b39856f58477d1f4b0d77', '062daa45cbd5dba6e96e95d8cdcaee89ae30a83c']",0.3333333333333333,0.6666666666666666,0.4444444444444444,False,0.7142857142857143,12288,False,3
"[""refactor"", ""docs"", ""test"", ""build"", ""feat""]","[""fix"", ""docs"", ""test""]",1.0321578979492188,"['bed78248c941d57ad4cc20a455147e186e97c7a1', 'a52a585d74894b3b4eeb8c784fa089ff95cddad0', 'e9617f0854030e70365eb264bcb3b58078e79e9e']",0.4,0.6666666666666666,0.5,False,0.5714285714285714,12288,False,3
"[""docs"", ""ci"", ""refactor""]","[""docs"", ""ci"", ""feat""]",1.1252012252807615,"['c2ee5cd5e709afd15c5565ee009a0d204403a119', 'dbb537a26e388a8d7d17faf131abc30c2f7a84e6', 'ded26d768ff432ad3bde3c0aa1e95ce50726100a']",0.6666666666666666,0.6666666666666666,0.6666666666666666,False,0.2857142857142857,12288,False,3
"[""build"", ""refactor""]","[""build"", ""ci"", ""refactor""]",1.0303456783294678,"['454003841aabeb74396d73541378bfa59c75b5db', 'dbb537a26e388a8d7d17faf131abc30c2f7a84e6', '062daa45cbd5dba6e96e95d8cdcaee89ae30a83c']",1.0,0.6666666666666666,0.8,False,0.1428571428571428,12288,False,3
"[""feat"", ""test"", ""refactor"", ""ci"", ""build"", ""docs"", ""fix""]","[""feat"", ""fix"", ""test""]",1.1373052597045898,"['fd8e563cc19ca4684885d4692acee6bebcca4ada', 'd1d55e787b7d07f763852602b9939a5394607fd9', 'b7ce2894fd1794064bd6db4ed730bb6cb7728739']",0.4285714285714285,1.0,0.6,False,0.5714285714285714,12288,False,3
"[""docs"", ""test"", ""ci"", ""build""]","[""docs"", ""test"", ""build""]",0.8363370895385742,"['bf83c9155e9bee6925aa7102fab53fb803d52533', 'b7ce2894fd1794064bd6db4ed730bb6cb7728739', '37b1cbfd3d2c462ef4f2a131e4172c38dc8d9ddf']",0.75,1.0,0.8571428571428571,False,0.1428571428571428,12288,False,3
"[""feat"", ""test"", ""ci"", ""refactor""]","[""fix"", ""ci"", ""test""]",0.911177396774292,"['d129eaf9125a967ac86c6c7276bbae6b4d50af36', 'e7a67d88173566be3cd3aed7e9eeb7e29aabbc57', '317f4eefecddfb1392ca71d551840f446feee302']",0.5,0.6666666666666666,0.5714285714285715,False,0.4285714285714285,12288,False,3
"[""docs"", ""ci"", ""refactor""]","[""docs"", ""fix"", ""ci""]",0.6957557201385498,"['c2ee5cd5e709afd15c5565ee009a0d204403a119', 'd1d55e787b7d07f763852602b9939a5394607fd9', '6c9cb638cb4d1ecc42632fcf389c24898c5b3244']",0.6666666666666666,0.6666666666666666,0.6666666666666666,False,0.2857142857142857,12288,False,3
"[""ci"", ""refactor""]","[""ci"", ""fix"", ""docs""]",0.5612092018127441,"['dbb537a26e388a8d7d17faf131abc30c2f7a84e6', 'c8e0ae8612df3d6f2831acc004aaac332f6105e4', 'e12d9e77a6fd531a22325337838a841b1c67f00d']",0.5,0.3333333333333333,0.4,False,0.4285714285714285,12288,False,3
"[""build"", ""docs"", ""feat"", ""refactor""]","[""build"", ""docs"", ""refactor""]",0.7848360538482666,"['c55591ba157298a9c5816693c102a89dfd058830', 'c2ee5cd5e709afd15c5565ee009a0d204403a119', 'a62314d9bb632be6af026686615d14b912250512']",0.75,1.0,0.8571428571428571,False,0.1428571428571428,12288,False,3
"[""refactor"", ""build"", ""ci"", ""test"", ""docs""]","[""fix"", ""build"", ""refactor""]",1.2089440822601318,"['d1d55e787b7d07f763852602b9939a5394607fd9', '32b92cfa0b74a6c25990e32ac6aab12b8496794c', '062daa45cbd5dba6e96e95d8cdcaee89ae30a83c']",0.4,0.6666666666666666,0.5,False,0.5714285714285714,12288,False,3
"[""test"", ""ci"", ""refactor""]","[""test"", ""docs"", ""build""]",0.7123003005981445,"['f411e58cd510f8a2b980b2f1932003a0c0e9f8f3', 'af880ac5b4fecbc6c4f3d1eee0d95f326e8bd9d1', '1269431c8a3e7549f10fcbbb4b88ff625c8898b3']",0.3333333333333333,0.3333333333333333,0.3333333333333333,False,0.5714285714285714,12288,False,3
"[""feat"", ""test""]","[""feat"", ""fix"", ""test""]",0.6045529842376709,"['f9a094918b62534614c47aa8a13f33aec751a1e0', '87d5d4e55ab7149b593d29410f1fe426ba2447d4', '317f4eefecddfb1392ca71d551840f446feee302']",1.0,0.6666666666666666,0.8,False,0.1428571428571428,12288,False,3
"[""test"", ""feat"", ""build""]","[""test"", ""fix"", ""feat""]",0.7398266792297363,"['229b53a632ea97d47c4be11f096bdd828fb415d8', 'c8e0ae8612df3d6f2831acc004aaac332f6105e4', 'f823cf28652987d43c8324b4f5b203240032383a']",0.6666666666666666,0.6666666666666666,0.6666666666666666,False,0.2857142857142857,12288,False,3
"[""feat"", ""refactor"", ""test""]","[""feat"", ""fix"", ""docs""]",0.6587800979614258,"['dc5238b2bda98a7c4f2fe9584fc3b0191a408109', '06e2be4e2019b6fa714e1fcb34485860ef1ede79', 'af880ac5b4fecbc6c4f3d1eee0d95f326e8bd9d1']",0.3333333333333333,0.3333333333333333,0.3333333333333333,False,0.5714285714285714,12288,False,3
"[""ci"", ""test"", ""refactor""]","[""ci"", ""docs"", ""test""]",0.7892651557922363,"['173553c0372e66e03bdab19e0e6c2dd44daa14a0', 'e12d9e77a6fd531a22325337838a841b1c67f00d', 'c7b25726df94a2530c9b1c0d2b6a0acaa103822f']",0.6666666666666666,0.6666666666666666,0.6666666666666666,False,0.2857142857142857,12288,False,3
"[""ci"", ""refactor""]","[""ci"", ""fix"", ""docs""]",0.6359109878540039,"['dbb537a26e388a8d7d17faf131abc30c2f7a84e6', '2561f4ade46fc9d59f289f328cc77733a6443697', 'e12d9e77a6fd531a22325337838a841b1c67f00d']",0.5,0.3333333333333333,0.4,False,0.4285714285714285,12288,False,3
"[""feat"", ""refactor"", ""test""]","[""feat"", ""fix"", ""test""]",0.7719900608062744,"['f823cf28652987d43c8324b4f5b203240032383a', '9ef5c0d14193a9abb09b39856f58477d1f4b0d77', '229b53a632ea97d47c4be11f096bdd828fb415d8']",0.6666666666666666,0.6666666666666666,0.6666666666666666,False,0.2857142857142857,12288,False,3
"[""feat"", ""ci"", ""test"", ""refactor"", ""docs""]","[""docs"", ""ci"", ""feat""]",1.0823991298675537,"['6d405dfc1675dcad64a2dfac0c0cb0fb28381d21', '173553c0372e66e03bdab19e0e6c2dd44daa14a0', 'b282e90e2cbb74559aab79eee8443a4d7c85502a']",0.6,1.0,0.7499999999999999,False,0.2857142857142857,12288,False,3
"[""ci"", ""refactor""]","[""ci"", ""docs"", ""build""]",0.6727771759033203,"['c5fa7b80438fbd74f4c341f0d3c9bd9e0f4910da', '036a0ff49a7dade0e04c9c07071a1ff49133ee24', 'c44cf88a6ec54e5ddd99d8348bcc57b301ec7945']",0.5,0.3333333333333333,0.4,False,0.4285714285714285,12288,False,3
"[""ci"", ""build"", ""refactor""]","[""ci"", ""feat"", ""build""]",1.034317970275879,"['32845e1bbd1efb5dbc16f671049509a409ba25ce', 'b282e90e2cbb74559aab79eee8443a4d7c85502a', '37b1cbfd3d2c462ef4f2a131e4172c38dc8d9ddf']",0.6666666666666666,0.6666666666666666,0.6666666666666666,False,0.2857142857142857,12288,False,3
"[""test"", ""feat""]","[""test"", ""build"", ""fix"", ""feat""]",0.6074745655059814,"['e0198f74b81da3663144cfe1d971939319f82a0f', 'f00a4d3e307b89842250358ee432e6800bb24362', 'd129eaf9125a967ac86c6c7276bbae6b4d50af36', 'dc5238b2bda98a7c4f2fe9584fc3b0191a408109']",1.0,0.5,0.6666666666666666,False,0.2857142857142857,12288,False,4
"[""ci"", ""test"", ""refactor""]","[""ci"", ""build"", ""test"", ""docs""]",0.8342666625976562,"['c5fa7b80438fbd74f4c341f0d3c9bd9e0f4910da', '1269431c8a3e7549f10fcbbb4b88ff625c8898b3', 'e2e8ad25854bd1e7cdbc7f50b50bbd99e04ad47d', '036a0ff49a7dade0e04c9c07071a1ff49133ee24']",0.6666666666666666,0.5,0.5714285714285715,False,0.4285714285714285,12288,False,4
"[""feat"", ""refactor"", ""test"", ""docs""]","[""refactor"", ""feat"", ""docs"", ""test""]",1.3183817863464355,"['3cca5c314ad6feeffbfe1f14cf49ebd0fd9a95a2', 'dc5238b2bda98a7c4f2fe9584fc3b0191a408109', 'aca23027da1295c78fdf42ba9687d8ccc88784d7', '229b53a632ea97d47c4be11f096bdd828fb415d8']",1.0,1.0,1.0,True,0.0,12288,False,4
"[""refactor"", ""build"", ""test""]","[""fix"", ""test"", ""build"", ""refactor""]",0.8363015651702881,"['d1d55e787b7d07f763852602b9939a5394607fd9', 'bedc7950b24c37809e36a585b7985d5aa5e3e458', 'c55591ba157298a9c5816693c102a89dfd058830', '535708ae50aecb452560a23356fd396f99ef13a2']",1.0,0.75,0.8571428571428571,False,0.1428571428571428,12288,False,4
"[""feat"", ""refactor"", ""docs"", ""ci"", ""build"", ""test""]","[""docs"", ""build"", ""ci"", ""feat""]",1.484182834625244,"['a52a585d74894b3b4eeb8c784fa089ff95cddad0', '1269431c8a3e7549f10fcbbb4b88ff625c8898b3', '45837af24a33308a70a3454f0f650f9fe728e272', 'e137f9fdbdb6bf3f85c3f7ac9323785e445844c8']",0.6666666666666666,1.0,0.8,False,0.2857142857142857,12288,False,4
"[""ci"", ""test"", ""docs"", ""refactor""]","[""test"", ""fix"", ""refactor"", ""ci""]",1.0122950077056885,"['e9617f0854030e70365eb264bcb3b58078e79e9e', 'bed78248c941d57ad4cc20a455147e186e97c7a1', '535708ae50aecb452560a23356fd396f99ef13a2', 'c5fa7b80438fbd74f4c341f0d3c9bd9e0f4910da']",0.75,0.75,0.75,False,0.2857142857142857,12288,False,4
"[""ci"", ""refactor"", ""feat""]","[""ci"", ""fix"", ""feat"", ""refactor""]",0.9512312412261964,"['e7a67d88173566be3cd3aed7e9eeb7e29aabbc57', 'bed78248c941d57ad4cc20a455147e186e97c7a1', 'f823cf28652987d43c8324b4f5b203240032383a', '2954a0955ce9af6acb345ed1e8328e145ad30475']",1.0,0.75,0.8571428571428571,False,0.1428571428571428,12288,False,4
"[""docs"", ""test"", ""build"", ""refactor""]","[""docs"", ""ci"", ""test"", ""refactor""]",1.525373458862305,"['aca23027da1295c78fdf42ba9687d8ccc88784d7', '74e9de5ec97dc013a52aa063dff0f40ac74c407b', '317f4eefecddfb1392ca71d551840f446feee302', '3cca5c314ad6feeffbfe1f14cf49ebd0fd9a95a2']",0.75,0.75,0.75,False,0.2857142857142857,12288,False,4
"[""feat"", ""refactor"", ""docs"", ""build""]","[""fix"", ""feat"", ""build"", ""docs""]",1.1226685047149658,"['9be725fa3906323d4bc9788f54eccf74109d632b', 'e137f9fdbdb6bf3f85c3f7ac9323785e445844c8', 'c323d59c607cabc91f17a78528d998f376f30b10', '0cfc5633d37ea06f645649138323f1820e18bdee']",0.75,0.75,0.75,False,0.2857142857142857,12288,False,4
"[""fix"", ""feat"", ""refactor"", ""docs"", ""test"", ""ci"", ""build""]","[""docs"", ""feat"", ""test"", ""fix""]",1.2551171779632568,"['0cfc5633d37ea06f645649138323f1820e18bdee', '1bcf88670b50155b50071e707f98f30cea0b7a24', '229b53a632ea97d47c4be11f096bdd828fb415d8', '87d5d4e55ab7149b593d29410f1fe426ba2447d4']",0.5714285714285714,1.0,0.7272727272727273,False,0.4285714285714285,12288,False,4
"[""build"", ""refactor"", ""ci""]","[""build"", ""refactor"", ""test"", ""ci""]",1.1076748371124268,"['c55591ba157298a9c5816693c102a89dfd058830', '062daa45cbd5dba6e96e95d8cdcaee89ae30a83c', 'c7b25726df94a2530c9b1c0d2b6a0acaa103822f', 'dbb537a26e388a8d7d17faf131abc30c2f7a84e6']",1.0,0.75,0.8571428571428571,False,0.1428571428571428,12288,False,4
"[""feat"", ""test"", ""refactor"", ""ci"", ""build""]","[""feat"", ""fix"", ""test"", ""refactor""]",0.9047191143035888,"['dc5238b2bda98a7c4f2fe9584fc3b0191a408109', 'c8e0ae8612df3d6f2831acc004aaac332f6105e4', 'f411e58cd510f8a2b980b2f1932003a0c0e9f8f3', '47ef9104e4a89e80d7cc6c1950bc080841da4a7b']",0.6,0.75,0.6666666666666665,False,0.4285714285714285,12288,False,4
"[""feat"", ""ci"", ""test"", ""docs""]","[""refactor"", ""docs"", ""test"", ""ci""]",0.9487457275390624,"['63eab619e6166eb6cab948028a7b89bf059dd878', 'aca23027da1295c78fdf42ba9687d8ccc88784d7', 'f411e58cd510f8a2b980b2f1932003a0c0e9f8f3', 'e7a67d88173566be3cd3aed7e9eeb7e29aabbc57']",0.75,0.75,0.75,False,0.2857142857142857,12288,False,4
"[""docs"", ""refactor"", ""test""]","[""docs"", ""refactor"", ""test"", ""fix""]",1.172701120376587,"['aca23027da1295c78fdf42ba9687d8ccc88784d7', '062daa45cbd5dba6e96e95d8cdcaee89ae30a83c', 'b7ce2894fd1794064bd6db4ed730bb6cb7728739', '06e2be4e2019b6fa714e1fcb34485860ef1ede79']",1.0,0.75,0.8571428571428571,False,0.1428571428571428,12288,False,4
"[""test"", ""ci"", ""docs""]","[""test"", ""docs"", ""build"", ""ci""]",1.078749418258667,"['317f4eefecddfb1392ca71d551840f446feee302', 'aca23027da1295c78fdf42ba9687d8ccc88784d7', 'f00a4d3e307b89842250358ee432e6800bb24362', '32845e1bbd1efb5dbc16f671049509a409ba25ce']",1.0,0.75,0.8571428571428571,False,0.1428571428571428,12288,False,4
[],"[""fix"", ""refactor"", ""docs"", ""test""]",0.9239559173583984,"['933ab6bb86372913c992567cf9660009900911a7', '3cca5c314ad6feeffbfe1f14cf49ebd0fd9a95a2', 'a52a585d74894b3b4eeb8c784fa089ff95cddad0', '229b53a632ea97d47c4be11f096bdd828fb415d8']",0.0,0.0,0.0,False,0.5714285714285714,12288,False,4
"[""feat"", ""refactor"", ""ci"", ""docs"", ""build""]","[""refactor"", ""ci"", ""docs"", ""build""]",1.0392653942108154,"['63eab619e6166eb6cab948028a7b89bf059dd878', '6c9cb638cb4d1ecc42632fcf389c24898c5b3244', 'a52a585d74894b3b4eeb8c784fa089ff95cddad0', 'c55591ba157298a9c5816693c102a89dfd058830']",0.8,1.0,0.888888888888889,False,0.1428571428571428,12288,False,4
"[""ci"", ""test"", ""build"", ""docs"", ""feat"", ""refactor""]","[""ci"", ""build"", ""test"", ""fix""]",1.4189128875732422,"['173553c0372e66e03bdab19e0e6c2dd44daa14a0', 'c55591ba157298a9c5816693c102a89dfd058830', '8ee0611fbf0cd89abe7ae588f22e6ecb843598ea', '87d5d4e55ab7149b593d29410f1fe426ba2447d4']",0.5,0.75,0.6,False,0.5714285714285714,12288,False,4
"[""ci"", ""build""]","[""ci"", ""build"", ""feat"", ""fix""]",0.905186891555786,"['32845e1bbd1efb5dbc16f671049509a409ba25ce', '32b92cfa0b74a6c25990e32ac6aab12b8496794c', 'fd8e563cc19ca4684885d4692acee6bebcca4ada', '933ab6bb86372913c992567cf9660009900911a7']",1.0,0.5,0.6666666666666666,False,0.2857142857142857,12288,False,4
"[""test"", ""ci"", ""build"", ""feat""]","[""test"", ""build"", ""fix"", ""feat""]",1.2361161708831787,"['317f4eefecddfb1392ca71d551840f446feee302', '454003841aabeb74396d73541378bfa59c75b5db', '933ab6bb86372913c992567cf9660009900911a7', '6ed56ce9ae743ba9a87e6c9643cc06b1de7b748d']",0.75,0.75,0.75,False,0.2857142857142857,12288,False,4
"[""feat"", ""test"", ""refactor"", ""docs"", ""ci"", ""build""]","[""fix"", ""docs"", ""test"", ""refactor""]",1.141102313995361,"['d1d55e787b7d07f763852602b9939a5394607fd9', '6d405dfc1675dcad64a2dfac0c0cb0fb28381d21', 'e0198f74b81da3663144cfe1d971939319f82a0f', '36556bf8e0bce4ab6d26eafacbdad04d9614a5d7']",0.5,0.75,0.6,False,0.5714285714285714,12288,False,4
"[""ci"", ""docs"", ""feat"", ""refactor"", ""test""]","[""ci"", ""docs"", ""build"", ""feat""]",1.065110206604004,"['e7a67d88173566be3cd3aed7e9eeb7e29aabbc57', '6d405dfc1675dcad64a2dfac0c0cb0fb28381d21', 'c44cf88a6ec54e5ddd99d8348bcc57b301ec7945', 'f9a094918b62534614c47aa8a13f33aec751a1e0']",0.6,0.75,0.6666666666666665,False,0.4285714285714285,12288,False,4
"[""feat"", ""test"", ""refactor"", ""docs""]","[""fix"", ""test"", ""feat"", ""docs""]",1.111229419708252,"['2561f4ade46fc9d59f289f328cc77733a6443697', 'e0198f74b81da3663144cfe1d971939319f82a0f', '1bcf88670b50155b50071e707f98f30cea0b7a24', '6d405dfc1675dcad64a2dfac0c0cb0fb28381d21']",0.75,0.75,0.75,False,0.2857142857142857,12288,False,4
"[""ci"", ""refactor"", ""test""]","[""ci"", ""fix"", ""test"", ""docs""]",0.7519364356994629,"['4cbbd2552ba0de273e1dfe7d453c5b3efed751a3', '933ab6bb86372913c992567cf9660009900911a7', 'b7ce2894fd1794064bd6db4ed730bb6cb7728739', 'af880ac5b4fecbc6c4f3d1eee0d95f326e8bd9d1']",0.6666666666666666,0.5,0.5714285714285715,False,0.4285714285714285,12288,False,4
"[""feat"", ""refactor"", ""ci"", ""build"", ""test"", ""docs""]","[""feat"", ""ci"", ""refactor"", ""fix""]",1.2244246006011963,"['f823cf28652987d43c8324b4f5b203240032383a', '45837af24a33308a70a3454f0f650f9fe728e272', '36556bf8e0bce4ab6d26eafacbdad04d9614a5d7', 'bed78248c941d57ad4cc20a455147e186e97c7a1']",0.5,0.75,0.6,False,0.5714285714285714,12288,False,4
"[""feat"", ""refactor"", ""docs"", ""test"", ""ci"", ""build""]","[""refactor"", ""feat"", ""docs"", ""build""]",1.456941843032837,"['63eab619e6166eb6cab948028a7b89bf059dd878', 'e137f9fdbdb6bf3f85c3f7ac9323785e445844c8', 'a52a585d74894b3b4eeb8c784fa089ff95cddad0', 'f00a4d3e307b89842250358ee432e6800bb24362']",0.6666666666666666,1.0,0.8,False,0.2857142857142857,12288,False,4
"[""build"", ""ci"", ""refactor"", ""test"", ""docs""]","[""build"", ""test"", ""ci"", ""refactor""]",1.4051105976104736,"['1269431c8a3e7549f10fcbbb4b88ff625c8898b3', '8ee0611fbf0cd89abe7ae588f22e6ecb843598ea', '45837af24a33308a70a3454f0f650f9fe728e272', '63eab619e6166eb6cab948028a7b89bf059dd878']",0.8,1.0,0.888888888888889,False,0.1428571428571428,12288,False,4
"[""build"", ""refactor"", ""test"", ""docs"", ""feat"", ""ci""]","[""build"", ""docs"", ""feat"", ""fix""]",1.2437376976013184,"['37b1cbfd3d2c462ef4f2a131e4172c38dc8d9ddf', '6d405dfc1675dcad64a2dfac0c0cb0fb28381d21', 'b282e90e2cbb74559aab79eee8443a4d7c85502a', '2561f4ade46fc9d59f289f328cc77733a6443697']",0.5,0.75,0.6,False,0.5714285714285714,12288,False,4
"[""build"", ""test"", ""ci"", ""feat"", ""refactor""]","[""build"", ""test"", ""ci"", ""feat""]",1.376042366027832,"['c55591ba157298a9c5816693c102a89dfd058830', '317f4eefecddfb1392ca71d551840f446feee302', 'c5fa7b80438fbd74f4c341f0d3c9bd9e0f4910da', '6ed56ce9ae743ba9a87e6c9643cc06b1de7b748d']",0.8,1.0,0.888888888888889,False,0.1428571428571428,12288,False,4
"[""feat"", ""refactor"", ""docs"", ""build"", ""test"", ""ci""]","[""fix"", ""build"", ""docs"", ""refactor""]",1.5340838432312012,"['933ab6bb86372913c992567cf9660009900911a7', '5b81fde8a72cf2e69a10e9f5c4f0bea0a2b8c3e0', 'c2ee5cd5e709afd15c5565ee009a0d204403a119', '3cca5c314ad6feeffbfe1f14cf49ebd0fd9a95a2']",0.5,0.75,0.6,False,0.5714285714285714,12288,False,4
"[""ci"", ""refactor""]","[""fix"", ""feat"", ""docs"", ""ci""]",0.6469321250915527,"['933ab6bb86372913c992567cf9660009900911a7', 'dc5238b2bda98a7c4f2fe9584fc3b0191a408109', '036a0ff49a7dade0e04c9c07071a1ff49133ee24', 'e7a67d88173566be3cd3aed7e9eeb7e29aabbc57']",0.5,0.25,0.3333333333333333,False,0.5714285714285714,12288,False,4
"[""feat"", ""refactor"", ""test""]","[""docs"", ""fix"", ""feat"", ""refactor""]",0.6953036785125732,"['af880ac5b4fecbc6c4f3d1eee0d95f326e8bd9d1', 'c8e0ae8612df3d6f2831acc004aaac332f6105e4', 'f9a094918b62534614c47aa8a13f33aec751a1e0', '47ef9104e4a89e80d7cc6c1950bc080841da4a7b']",0.6666666666666666,0.5,0.5714285714285715,False,0.4285714285714285,12288,False,4
"[""feat"", ""refactor"", ""ci"", ""build"", ""docs""]","[""fix"", ""build"", ""feat"", ""ci""]",1.3595218658447266,"['d129eaf9125a967ac86c6c7276bbae6b4d50af36', '1269431c8a3e7549f10fcbbb4b88ff625c8898b3', 'e137f9fdbdb6bf3f85c3f7ac9323785e445844c8', '173553c0372e66e03bdab19e0e6c2dd44daa14a0']",0.6,0.75,0.6666666666666665,False,0.4285714285714285,12288,False,4
"[""feat"", ""refactor"", ""test"", ""ci"", ""build""]","[""feat"", ""refactor"", ""test"", ""build""]",0.9354972839355468,"['dc5238b2bda98a7c4f2fe9584fc3b0191a408109', '771857b1df9470ebc15357e8879118a72c649d5b', 'b7ce2894fd1794064bd6db4ed730bb6cb7728739', 'c323d59c607cabc91f17a78528d998f376f30b10']",0.8,1.0,0.888888888888889,False,0.1428571428571428,12288,False,4
"[""build"", ""test"", ""ci"", ""feat""]","[""build"", ""test"", ""ci"", ""fix""]",0.8657464981079102,"['5b81fde8a72cf2e69a10e9f5c4f0bea0a2b8c3e0', 'b7ce2894fd1794064bd6db4ed730bb6cb7728739', '74e9de5ec97dc013a52aa063dff0f40ac74c407b', 'd129eaf9125a967ac86c6c7276bbae6b4d50af36']",0.75,0.75,0.75,False,0.2857142857142857,12288,False,4
"[""test"", ""ci"", ""build"", ""refactor""]","[""docs"", ""feat"", ""build"", ""ci""]",1.403435230255127,"['af880ac5b4fecbc6c4f3d1eee0d95f326e8bd9d1', 'ded26d768ff432ad3bde3c0aa1e95ce50726100a', '454003841aabeb74396d73541378bfa59c75b5db', '4cbbd2552ba0de273e1dfe7d453c5b3efed751a3']",0.5,0.5,0.5,False,0.5714285714285714,12288,False,4
"[""feat"", ""ci"", ""build""]","[""docs"", ""refactor"", ""ci"", ""build""]",0.819133996963501,"['036a0ff49a7dade0e04c9c07071a1ff49133ee24', '535708ae50aecb452560a23356fd396f99ef13a2', 'e7a67d88173566be3cd3aed7e9eeb7e29aabbc57', 'c55591ba157298a9c5816693c102a89dfd058830']",0.6666666666666666,0.5,0.5714285714285715,False,0.4285714285714285,12288,False,4
"[""feat"", ""ci"", ""refactor"", ""docs""]","[""refactor"", ""ci"", ""fix"", ""docs""]",0.8683421611785889,"['2954a0955ce9af6acb345ed1e8328e145ad30475', '6c9cb638cb4d1ecc42632fcf389c24898c5b3244', 'd1d55e787b7d07f763852602b9939a5394607fd9', '6d405dfc1675dcad64a2dfac0c0cb0fb28381d21']",0.75,0.75,0.75,False,0.2857142857142857,12288,False,4
"[""test"", ""ci"", ""docs"", ""refactor""]","[""test"", ""ci"", ""docs"", ""feat""]",1.2855117321014404,"['229b53a632ea97d47c4be11f096bdd828fb415d8', '4cbbd2552ba0de273e1dfe7d453c5b3efed751a3', 'bf83c9155e9bee6925aa7102fab53fb803d52533', 'ded26d768ff432ad3bde3c0aa1e95ce50726100a']",0.75,0.75,0.75,False,0.2857142857142857,12288,False,4
"[""feat"", ""fix"", ""refactor"", ""test"", ""docs"", ""ci"", ""build""]","[""refactor"", ""fix"", ""test"", ""feat""]",1.274034023284912,"['47ef9104e4a89e80d7cc6c1950bc080841da4a7b', '9ef5c0d14193a9abb09b39856f58477d1f4b0d77', 'b7ce2894fd1794064bd6db4ed730bb6cb7728739', '1bcf88670b50155b50071e707f98f30cea0b7a24']",0.5714285714285714,1.0,0.7272727272727273,False,0.4285714285714285,12288,False,4
"[""ci"", ""feat"", ""refactor"", ""test""]","[""docs"", ""feat"", ""ci"", ""refactor""]",1.066357135772705,"['e12d9e77a6fd531a22325337838a841b1c67f00d', 'fd8e563cc19ca4684885d4692acee6bebcca4ada', '173553c0372e66e03bdab19e0e6c2dd44daa14a0', '535708ae50aecb452560a23356fd396f99ef13a2']",0.75,0.75,0.75,False,0.2857142857142857,12288,False,4
"[""test""]","[""refactor"", ""feat"", ""docs"", ""ci""]",0.8729918003082275,"['1db13ec43727aca872a0f3836e4023ed85db665e', 'b282e90e2cbb74559aab79eee8443a4d7c85502a', 'e12d9e77a6fd531a22325337838a841b1c67f00d', '74e9de5ec97dc013a52aa063dff0f40ac74c407b']",0.0,0.0,0.0,False,0.7142857142857143,12288,False,4
"[""docs"", ""ci"", ""test"", ""refactor""]","[""docs"", ""ci"", ""refactor"", ""test""]",0.9401025772094728,"['aca23027da1295c78fdf42ba9687d8ccc88784d7', '74e9de5ec97dc013a52aa063dff0f40ac74c407b', '2954a0955ce9af6acb345ed1e8328e145ad30475', 'f411e58cd510f8a2b980b2f1932003a0c0e9f8f3']",1.0,1.0,1.0,True,0.0,12288,False,4
"[""test"", ""ci"", ""docs""]","[""test"", ""docs"", ""ci"", ""fix""]",0.7152421474456787,"['b7ce2894fd1794064bd6db4ed730bb6cb7728739', 'af880ac5b4fecbc6c4f3d1eee0d95f326e8bd9d1', '6c9cb638cb4d1ecc42632fcf389c24898c5b3244', 'd129eaf9125a967ac86c6c7276bbae6b4d50af36']",1.0,0.75,0.8571428571428571,False,0.1428571428571428,12288,False,4
"[""ci"", ""test"", ""docs"", ""refactor""]","[""ci"", ""refactor"", ""test"", ""docs""]",1.1957240104675293,"['e7a67d88173566be3cd3aed7e9eeb7e29aabbc57', '36556bf8e0bce4ab6d26eafacbdad04d9614a5d7', '8ee0611fbf0cd89abe7ae588f22e6ecb843598ea', 'c2ee5cd5e709afd15c5565ee009a0d204403a119']",1.0,1.0,1.0,True,0.0,12288,False,4
"[""docs"", ""refactor"", ""test"", ""build""]","[""docs"", ""feat"", ""test"", ""build""]",1.0544087886810305,"['0cfc5633d37ea06f645649138323f1820e18bdee', 'fd8e563cc19ca4684885d4692acee6bebcca4ada', 'e9617f0854030e70365eb264bcb3b58078e79e9e', '1269431c8a3e7549f10fcbbb4b88ff625c8898b3']",0.75,0.75,0.75,False,0.2857142857142857,12288,False,4
"[""feat"", ""test"", ""refactor"", ""ci"", ""build"", ""docs"", ""fix""]","[""refactor"", ""feat"", ""test"", ""fix""]",1.2259509563446045,"['47ef9104e4a89e80d7cc6c1950bc080841da4a7b', 'b282e90e2cbb74559aab79eee8443a4d7c85502a', 'e0198f74b81da3663144cfe1d971939319f82a0f', 'bed78248c941d57ad4cc20a455147e186e97c7a1']",0.5714285714285714,1.0,0.7272727272727273,False,0.4285714285714285,12288,False,4
"[""build"", ""ci"", ""docs"", ""feat"", ""refactor"", ""test""]","[""build"", ""ci"", ""fix"", ""refactor""]",1.3956379890441897,"['454003841aabeb74396d73541378bfa59c75b5db', '173553c0372e66e03bdab19e0e6c2dd44daa14a0', 'd129eaf9125a967ac86c6c7276bbae6b4d50af36', '63eab619e6166eb6cab948028a7b89bf059dd878']",0.5,0.75,0.6,False,0.5714285714285714,12288,False,4
"[""feat"", ""test"", ""ci"", ""build"", ""refactor"", ""docs""]","[""test"", ""refactor"", ""docs"", ""feat""]",1.388235569000244,"['e9617f0854030e70365eb264bcb3b58078e79e9e', '2954a0955ce9af6acb345ed1e8328e145ad30475', 'c2ee5cd5e709afd15c5565ee009a0d204403a119', '6ed56ce9ae743ba9a87e6c9643cc06b1de7b748d']",0.6666666666666666,1.0,0.8,False,0.2857142857142857,12288,False,4
"[""build"", ""test"", ""ci"", ""refactor""]","[""build"", ""refactor"", ""fix"", ""ci""]",0.9517498016357422,"['454003841aabeb74396d73541378bfa59c75b5db', 'a62314d9bb632be6af026686615d14b912250512', '06e2be4e2019b6fa714e1fcb34485860ef1ede79', '4cbbd2552ba0de273e1dfe7d453c5b3efed751a3']",0.75,0.75,0.75,False,0.2857142857142857,12288,False,4
"[""feat"", ""refactor"", ""test"", ""ci"", ""docs""]","[""feat"", ""test"", ""refactor"", ""ci""]",1.1050868034362793,"['b282e90e2cbb74559aab79eee8443a4d7c85502a', 'e2e8ad25854bd1e7cdbc7f50b50bbd99e04ad47d', '63eab619e6166eb6cab948028a7b89bf059dd878', '6c9cb638cb4d1ecc42632fcf389c24898c5b3244']",0.8,1.0,0.888888888888889,False,0.1428571428571428,12288,False,4
"[""fix"", ""docs"", ""test"", ""refactor"", ""build""]","[""docs"", ""fix"", ""test"", ""refactor""]",1.2625327110290527,"['0cfc5633d37ea06f645649138323f1820e18bdee', 'd1d55e787b7d07f763852602b9939a5394607fd9', 'e2e8ad25854bd1e7cdbc7f50b50bbd99e04ad47d', '062daa45cbd5dba6e96e95d8cdcaee89ae30a83c']",0.8,1.0,0.888888888888889,False,0.1428571428571428,12288,False,4
"[""refactor"", ""fix"", ""ci"", ""build""]","[""refactor"", ""fix"", ""docs"", ""ci""]",0.8903024196624756,"['47ef9104e4a89e80d7cc6c1950bc080841da4a7b', 'd129eaf9125a967ac86c6c7276bbae6b4d50af36', '0cfc5633d37ea06f645649138323f1820e18bdee', '45837af24a33308a70a3454f0f650f9fe728e272']",0.75,0.75,0.75,False,0.2857142857142857,12288,False,4
"[""refactor"", ""ci"", ""build"", ""test"", ""docs""]","[""fix"", ""build"", ""ci"", ""test""]",1.3485050201416016,"['bed78248c941d57ad4cc20a455147e186e97c7a1', '1269431c8a3e7549f10fcbbb4b88ff625c8898b3', '45837af24a33308a70a3454f0f650f9fe728e272', '8ee0611fbf0cd89abe7ae588f22e6ecb843598ea']",0.6,0.75,0.6666666666666665,False,0.4285714285714285,12288,False,4
"[""build"", ""test"", ""docs""]","[""build"", ""fix"", ""ci"", ""docs""]",0.9931998252868652,"['454003841aabeb74396d73541378bfa59c75b5db', 'bed78248c941d57ad4cc20a455147e186e97c7a1', '45837af24a33308a70a3454f0f650f9fe728e272', 'c2ee5cd5e709afd15c5565ee009a0d204403a119']",0.6666666666666666,0.5,0.5714285714285715,False,0.4285714285714285,12288,False,4
"[""ci"", ""refactor"", ""test"", ""feat""]","[""ci"", ""refactor"", ""fix"", ""docs""]",1.3330543041229248,"['dbb537a26e388a8d7d17faf131abc30c2f7a84e6', '3cca5c314ad6feeffbfe1f14cf49ebd0fd9a95a2', 'd1d55e787b7d07f763852602b9939a5394607fd9', '6d405dfc1675dcad64a2dfac0c0cb0fb28381d21']",0.5,0.5,0.5,False,0.5714285714285714,12288,False,4
"[""feat"", ""refactor"", ""docs"", ""ci"", ""test"", ""build""]","[""fix"", ""ci"", ""docs"", ""refactor""]",1.2473809719085691,"['2561f4ade46fc9d59f289f328cc77733a6443697', '6c9cb638cb4d1ecc42632fcf389c24898c5b3244', 'bf83c9155e9bee6925aa7102fab53fb803d52533', '771857b1df9470ebc15357e8879118a72c649d5b']",0.5,0.75,0.6,False,0.5714285714285714,12288,False,4
"[""feat"", ""refactor"", ""test"", ""docs"", ""ci"", ""build""]","[""fix"", ""feat"", ""build"", ""docs""]",1.1516470909118652,"['06e2be4e2019b6fa714e1fcb34485860ef1ede79', 'fd8e563cc19ca4684885d4692acee6bebcca4ada', '32b92cfa0b74a6c25990e32ac6aab12b8496794c', '6d405dfc1675dcad64a2dfac0c0cb0fb28381d21']",0.5,0.75,0.6,False,0.5714285714285714,12288,False,4
"[""build"", ""test"", ""refactor""]","[""build"", ""ci"", ""test"", ""feat""]",0.8499979972839355,"['c55591ba157298a9c5816693c102a89dfd058830', '45837af24a33308a70a3454f0f650f9fe728e272', 'b7ce2894fd1794064bd6db4ed730bb6cb7728739', 'dc5238b2bda98a7c4f2fe9584fc3b0191a408109']",0.6666666666666666,0.5,0.5714285714285715,False,0.4285714285714285,12288,False,4
"[""ci"", ""feat"", ""test"", ""refactor"", ""docs""]","[""ci"", ""docs"", ""feat"", ""test""]",1.136382818222046,"['173553c0372e66e03bdab19e0e6c2dd44daa14a0', 'e12d9e77a6fd531a22325337838a841b1c67f00d', 'f823cf28652987d43c8324b4f5b203240032383a', '229b53a632ea97d47c4be11f096bdd828fb415d8']",0.8,1.0,0.888888888888889,False,0.1428571428571428,12288,False,4
"[""refactor"", ""docs"", ""ci"", ""test""]","[""refactor"", ""docs"", ""ci"", ""test""]",0.8595211505889893,"['36556bf8e0bce4ab6d26eafacbdad04d9614a5d7', 'aca23027da1295c78fdf42ba9687d8ccc88784d7', 'dbb537a26e388a8d7d17faf131abc30c2f7a84e6', '229b53a632ea97d47c4be11f096bdd828fb415d8']",1.0,1.0,1.0,True,0.0,12288,False,4
"[""fix"", ""test"", ""docs""]","[""docs"", ""refactor"", ""test"", ""fix""]",1.0644147396087646,"['0cfc5633d37ea06f645649138323f1820e18bdee', '1db13ec43727aca872a0f3836e4023ed85db665e', '229b53a632ea97d47c4be11f096bdd828fb415d8', '9be725fa3906323d4bc9788f54eccf74109d632b']",1.0,0.75,0.8571428571428571,False,0.1428571428571428,12288,False,4
"[""ci"", ""refactor"", ""test"", ""docs""]","[""ci"", ""docs"", ""refactor"", ""test""]",1.3403878211975098,"['c5fa7b80438fbd74f4c341f0d3c9bd9e0f4910da', 'bf83c9155e9bee6925aa7102fab53fb803d52533', '062daa45cbd5dba6e96e95d8cdcaee89ae30a83c', 'bedc7950b24c37809e36a585b7985d5aa5e3e458']",1.0,1.0,1.0,True,0.0,12288,False,4
"[""feat"", ""refactor"", ""ci"", ""build"", ""docs"", ""test""]","[""fix"", ""docs"", ""ci"", ""feat""]",1.1522157192230225,"['9be725fa3906323d4bc9788f54eccf74109d632b', '036a0ff49a7dade0e04c9c07071a1ff49133ee24', '45837af24a33308a70a3454f0f650f9fe728e272', 'f823cf28652987d43c8324b4f5b203240032383a']",0.5,0.75,0.6,False,0.5714285714285714,12288,False,4
"[""docs"", ""test"", ""build""]","[""docs"", ""test"", ""build"", ""feat""]",1.2045652866363523,"['bf83c9155e9bee6925aa7102fab53fb803d52533', 'e0198f74b81da3663144cfe1d971939319f82a0f', 'f00a4d3e307b89842250358ee432e6800bb24362', 'ded26d768ff432ad3bde3c0aa1e95ce50726100a']",1.0,0.75,0.8571428571428571,False,0.1428571428571428,12288,False,4
"[""docs"", ""test"", ""refactor""]","[""docs"", ""refactor"", ""test"", ""fix""]",1.1813108921051023,"['aca23027da1295c78fdf42ba9687d8ccc88784d7', '1db13ec43727aca872a0f3836e4023ed85db665e', 'f411e58cd510f8a2b980b2f1932003a0c0e9f8f3', '2561f4ade46fc9d59f289f328cc77733a6443697']",1.0,0.75,0.8571428571428571,False,0.1428571428571428,12288,False,4
"[""test"", ""ci"", ""docs"", ""feat""]","[""test"", ""feat"", ""docs"", ""ci""]",0.9798569679260254,"['e0198f74b81da3663144cfe1d971939319f82a0f', 'f823cf28652987d43c8324b4f5b203240032383a', 'aca23027da1295c78fdf42ba9687d8ccc88784d7', 'e96487ad7ce90b141219d9032fa2bed68d5dae6a']",1.0,1.0,1.0,True,0.0,12288,False,4
"[""feat"", ""refactor"", ""ci"", ""test"", ""docs""]","[""refactor"", ""build"", ""feat"", ""docs""]",1.1120357513427734,"['63eab619e6166eb6cab948028a7b89bf059dd878', '32b92cfa0b74a6c25990e32ac6aab12b8496794c', 'fd8e563cc19ca4684885d4692acee6bebcca4ada', 'a52a585d74894b3b4eeb8c784fa089ff95cddad0']",0.6,0.75,0.6666666666666665,False,0.4285714285714285,12288,False,4
"[""build"", ""ci"", ""refactor"", ""test""]","[""build"", ""fix"", ""test"", ""feat""]",0.9525854587554932,"['37b1cbfd3d2c462ef4f2a131e4172c38dc8d9ddf', 'c8e0ae8612df3d6f2831acc004aaac332f6105e4', 'c7b25726df94a2530c9b1c0d2b6a0acaa103822f', '1bcf88670b50155b50071e707f98f30cea0b7a24']",0.5,0.5,0.5,False,0.5714285714285714,12288,False,4
"[""refactor"", ""docs"", ""build"", ""test"", ""ci""]","[""refactor"", ""ci"", ""docs"", ""build""]",1.2625575065612793,"['771857b1df9470ebc15357e8879118a72c649d5b', '6c9cb638cb4d1ecc42632fcf389c24898c5b3244', '6d405dfc1675dcad64a2dfac0c0cb0fb28381d21', '454003841aabeb74396d73541378bfa59c75b5db']",0.8,1.0,0.888888888888889,False,0.1428571428571428,12288,False,4
"[""refactor"", ""docs"", ""test"", ""ci""]","[""fix"", ""docs"", ""refactor"", ""ci"", ""test""]",0.946617603302002,"['9be725fa3906323d4bc9788f54eccf74109d632b', 'bf83c9155e9bee6925aa7102fab53fb803d52533', '535708ae50aecb452560a23356fd396f99ef13a2', '4cbbd2552ba0de273e1dfe7d453c5b3efed751a3', 'bedc7950b24c37809e36a585b7985d5aa5e3e458']",1.0,0.8,0.888888888888889,False,0.1428571428571428,12288,False,5
"[""test"", ""ci"", ""refactor"", ""docs"", ""build""]","[""test"", ""docs"", ""refactor"", ""build"", ""feat""]",1.5331835746765137,"['229b53a632ea97d47c4be11f096bdd828fb415d8', 'bf83c9155e9bee6925aa7102fab53fb803d52533', '062daa45cbd5dba6e96e95d8cdcaee89ae30a83c', 'e4a11fd5c34942ba12737f1c8c084489428ee274', 'fd8e563cc19ca4684885d4692acee6bebcca4ada']",0.8,0.8,0.8000000000000002,False,0.2857142857142857,12288,False,5
"[""test"", ""ci"", ""refactor""]","[""test"", ""ci"", ""fix"", ""build"", ""refactor""]",1.1289846897125244,"['317f4eefecddfb1392ca71d551840f446feee302', 'e7a67d88173566be3cd3aed7e9eeb7e29aabbc57', 'd1d55e787b7d07f763852602b9939a5394607fd9', 'f00a4d3e307b89842250358ee432e6800bb24362', '771857b1df9470ebc15357e8879118a72c649d5b']",1.0,0.6,0.7499999999999999,False,0.2857142857142857,12288,False,5
"[""ci"", ""test"", ""refactor""]","[""ci"", ""refactor"", ""build"", ""test"", ""fix""]",0.9152979850769044,"['e7a67d88173566be3cd3aed7e9eeb7e29aabbc57', '47ef9104e4a89e80d7cc6c1950bc080841da4a7b', '5b81fde8a72cf2e69a10e9f5c4f0bea0a2b8c3e0', 'bedc7950b24c37809e36a585b7985d5aa5e3e458', '9ef5c0d14193a9abb09b39856f58477d1f4b0d77']",1.0,0.6,0.7499999999999999,False,0.2857142857142857,12288,False,5
"[""build"", ""ci"", ""docs"", ""feat"", ""refactor"", ""test""]","[""build"", ""fix"", ""feat"", ""refactor"", ""docs""]",1.339242458343506,"['e4a11fd5c34942ba12737f1c8c084489428ee274', '9ef5c0d14193a9abb09b39856f58477d1f4b0d77', 'dc5238b2bda98a7c4f2fe9584fc3b0191a408109', '771857b1df9470ebc15357e8879118a72c649d5b', 'c2ee5cd5e709afd15c5565ee009a0d204403a119']",0.6666666666666666,0.8,0.7272727272727272,False,0.4285714285714285,12288,False,5
"[""docs"", ""test"", ""build"", ""refactor""]","[""docs"", ""test"", ""build"", ""fix"", ""feat""]",0.9783661365509032,"['bf83c9155e9bee6925aa7102fab53fb803d52533', '229b53a632ea97d47c4be11f096bdd828fb415d8', 'c55591ba157298a9c5816693c102a89dfd058830', '06e2be4e2019b6fa714e1fcb34485860ef1ede79', 'f823cf28652987d43c8324b4f5b203240032383a']",0.75,0.6,0.6666666666666665,False,0.4285714285714285,12288,False,5
"[""ci"", ""build"", ""test"", ""docs"", ""feat"", ""refactor""]","[""ci"", ""build"", ""fix"", ""test"", ""feat""]",1.3027310371398926,"['e7a67d88173566be3cd3aed7e9eeb7e29aabbc57', 'c55591ba157298a9c5816693c102a89dfd058830', 'd129eaf9125a967ac86c6c7276bbae6b4d50af36', '229b53a632ea97d47c4be11f096bdd828fb415d8', '1bcf88670b50155b50071e707f98f30cea0b7a24']",0.6666666666666666,0.8,0.7272727272727272,False,0.4285714285714285,12288,False,5
"[""feat"", ""test"", ""ci"", ""build"", ""refactor""]","[""fix"", ""test"", ""build"", ""ci"", ""refactor""]",1.1141278743743896,"['2561f4ade46fc9d59f289f328cc77733a6443697', 'b7ce2894fd1794064bd6db4ed730bb6cb7728739', '1269431c8a3e7549f10fcbbb4b88ff625c8898b3', 'e96487ad7ce90b141219d9032fa2bed68d5dae6a', '36556bf8e0bce4ab6d26eafacbdad04d9614a5d7']",0.8,0.8,0.8000000000000002,False,0.2857142857142857,12288,False,5
"[""docs"", ""ci"", ""test"", ""build"", ""refactor""]","[""docs"", ""ci"", ""refactor"", ""test"", ""fix""]",1.065570592880249,"['bf83c9155e9bee6925aa7102fab53fb803d52533', 'e7a67d88173566be3cd3aed7e9eeb7e29aabbc57', '535708ae50aecb452560a23356fd396f99ef13a2', 'c7b25726df94a2530c9b1c0d2b6a0acaa103822f', '06e2be4e2019b6fa714e1fcb34485860ef1ede79']",0.8,0.8,0.8000000000000002,False,0.2857142857142857,12288,False,5
"[""refactor"", ""docs"", ""build"", ""ci"", ""test""]","[""refactor"", ""docs"", ""build"", ""feat"", ""fix""]",1.0538923740386963,"['36556bf8e0bce4ab6d26eafacbdad04d9614a5d7', 'c2ee5cd5e709afd15c5565ee009a0d204403a119', 'c55591ba157298a9c5816693c102a89dfd058830', '68278b00450f2679761a2999500f6d87a579376b', '9ef5c0d14193a9abb09b39856f58477d1f4b0d77']",0.6,0.6,0.6,False,0.5714285714285714,12288,False,5
"[""feat"", ""build"", ""ci"", ""test""]","[""feat"", ""build"", ""fix"", ""ci"", ""test""]",1.4661483764648438,"['ded26d768ff432ad3bde3c0aa1e95ce50726100a', 'c323d59c607cabc91f17a78528d998f376f30b10', '2561f4ade46fc9d59f289f328cc77733a6443697', '45837af24a33308a70a3454f0f650f9fe728e272', 'e0198f74b81da3663144cfe1d971939319f82a0f']",1.0,0.8,0.888888888888889,False,0.1428571428571428,12288,False,5
"[""ci"", ""refactor"", ""test"", ""feat""]","[""ci"", ""refactor"", ""test"", ""feat"", ""fix""]",1.092658519744873,"['e96487ad7ce90b141219d9032fa2bed68d5dae6a', 'a62314d9bb632be6af026686615d14b912250512', 'c7b25726df94a2530c9b1c0d2b6a0acaa103822f', '6ed56ce9ae743ba9a87e6c9643cc06b1de7b748d', '9ef5c0d14193a9abb09b39856f58477d1f4b0d77']",1.0,0.8,0.888888888888889,False,0.1428571428571428,12288,False,5
"[""build"", ""ci"", ""refactor""]","[""build"", ""refactor"", ""ci"", ""docs"", ""fix""]",0.9510047435760498,"['c55591ba157298a9c5816693c102a89dfd058830', '63eab619e6166eb6cab948028a7b89bf059dd878', 'c5fa7b80438fbd74f4c341f0d3c9bd9e0f4910da', '036a0ff49a7dade0e04c9c07071a1ff49133ee24', '9be725fa3906323d4bc9788f54eccf74109d632b']",1.0,0.6,0.7499999999999999,False,0.2857142857142857,12288,False,5
"[""docs"", ""ci"", ""test"", ""build""]","[""docs"", ""ci"", ""refactor"", ""build"", ""feat""]",1.0811069011688232,"['bf83c9155e9bee6925aa7102fab53fb803d52533', '173553c0372e66e03bdab19e0e6c2dd44daa14a0', '535708ae50aecb452560a23356fd396f99ef13a2', '1269431c8a3e7549f10fcbbb4b88ff625c8898b3', 'f823cf28652987d43c8324b4f5b203240032383a']",0.75,0.6,0.6666666666666665,False,0.4285714285714285,12288,False,5
"[""test"", ""refactor"", ""ci"", ""build"", ""feat"", ""fix"", ""docs""]","[""test"", ""feat"", ""refactor"", ""fix"", ""docs""]",1.728630304336548,"['bedc7950b24c37809e36a585b7985d5aa5e3e458', 'fd8e563cc19ca4684885d4692acee6bebcca4ada', '062daa45cbd5dba6e96e95d8cdcaee89ae30a83c', 'c8e0ae8612df3d6f2831acc004aaac332f6105e4', '036a0ff49a7dade0e04c9c07071a1ff49133ee24']",0.7142857142857143,1.0,0.8333333333333333,False,0.2857142857142857,12288,False,5
"[""docs"", ""ci"", ""test"", ""build""]","[""docs"", ""build"", ""ci"", ""fix"", ""test""]",1.1228504180908203,"['c2ee5cd5e709afd15c5565ee009a0d204403a119', '1269431c8a3e7549f10fcbbb4b88ff625c8898b3', 'e7a67d88173566be3cd3aed7e9eeb7e29aabbc57', 'bed78248c941d57ad4cc20a455147e186e97c7a1', 'e9617f0854030e70365eb264bcb3b58078e79e9e']",1.0,0.8,0.888888888888889,False,0.1428571428571428,12288,False,5
"[""refactor"", ""ci"", ""build""]","[""refactor"", ""ci"", ""docs"", ""test"", ""build""]",1.1790614128112793,"['3cca5c314ad6feeffbfe1f14cf49ebd0fd9a95a2', 'dbb537a26e388a8d7d17faf131abc30c2f7a84e6', 'e12d9e77a6fd531a22325337838a841b1c67f00d', 'c7b25726df94a2530c9b1c0d2b6a0acaa103822f', '37b1cbfd3d2c462ef4f2a131e4172c38dc8d9ddf']",1.0,0.6,0.7499999999999999,False,0.2857142857142857,12288,False,5
"[""test"", ""feat"", ""ci"", ""build""]","[""test"", ""feat"", ""ci"", ""refactor"", ""fix""]",1.341214895248413,"['229b53a632ea97d47c4be11f096bdd828fb415d8', 'b282e90e2cbb74559aab79eee8443a4d7c85502a', 'dbb537a26e388a8d7d17faf131abc30c2f7a84e6', '3cca5c314ad6feeffbfe1f14cf49ebd0fd9a95a2', '933ab6bb86372913c992567cf9660009900911a7']",0.75,0.6,0.6666666666666665,False,0.4285714285714285,12288,False,5
"[""ci"", ""build"", ""test"", ""refactor""]","[""build"", ""fix"", ""ci"", ""refactor"", ""docs""]",1.3466546535491943,"['37b1cbfd3d2c462ef4f2a131e4172c38dc8d9ddf', '06e2be4e2019b6fa714e1fcb34485860ef1ede79', 'c5fa7b80438fbd74f4c341f0d3c9bd9e0f4910da', '1db13ec43727aca872a0f3836e4023ed85db665e', 'a52a585d74894b3b4eeb8c784fa089ff95cddad0']",0.75,0.6,0.6666666666666665,False,0.4285714285714285,12288,False,5
"[""build"", ""ci"", ""feat"", ""refactor""]","[""build"", ""docs"", ""ci"", ""test"", ""feat""]",1.0732457637786863,"['c44cf88a6ec54e5ddd99d8348bcc57b301ec7945', '6d405dfc1675dcad64a2dfac0c0cb0fb28381d21', 'e7a67d88173566be3cd3aed7e9eeb7e29aabbc57', 'f411e58cd510f8a2b980b2f1932003a0c0e9f8f3', 'f823cf28652987d43c8324b4f5b203240032383a']",0.75,0.6,0.6666666666666665,False,0.4285714285714285,12288,False,5
"[""feat"", ""refactor"", ""ci"", ""build"", ""test""]","[""feat"", ""fix"", ""refactor"", ""build"", ""test""]",1.052786350250244,"['f823cf28652987d43c8324b4f5b203240032383a', 'c8e0ae8612df3d6f2831acc004aaac332f6105e4', '47ef9104e4a89e80d7cc6c1950bc080841da4a7b', 'e4a11fd5c34942ba12737f1c8c084489428ee274', 'c7b25726df94a2530c9b1c0d2b6a0acaa103822f']",0.8,0.8,0.8000000000000002,False,0.2857142857142857,12288,False,5
"[""test"", ""ci"", ""docs""]","[""refactor"", ""build"", ""ci"", ""docs"", ""test""]",1.0758445262908936,"['1db13ec43727aca872a0f3836e4023ed85db665e', '32b92cfa0b74a6c25990e32ac6aab12b8496794c', 'e96487ad7ce90b141219d9032fa2bed68d5dae6a', '6d405dfc1675dcad64a2dfac0c0cb0fb28381d21', 'e2e8ad25854bd1e7cdbc7f50b50bbd99e04ad47d']",1.0,0.6,0.7499999999999999,False,0.2857142857142857,12288,False,5
"[""ci"", ""test"", ""refactor"", ""build""]","[""build"", ""test"", ""refactor"", ""ci"", ""fix""]",1.352936029434204,"['37b1cbfd3d2c462ef4f2a131e4172c38dc8d9ddf', 'f411e58cd510f8a2b980b2f1932003a0c0e9f8f3', '1db13ec43727aca872a0f3836e4023ed85db665e', 'c5fa7b80438fbd74f4c341f0d3c9bd9e0f4910da', 'd129eaf9125a967ac86c6c7276bbae6b4d50af36']",1.0,0.8,0.888888888888889,False,0.1428571428571428,12288,False,5
"[""build"", ""ci"", ""docs"", ""refactor"", ""test""]","[""build"", ""docs"", ""ci"", ""test"", ""fix""]",1.0309805870056152,"['c55591ba157298a9c5816693c102a89dfd058830', 'a52a585d74894b3b4eeb8c784fa089ff95cddad0', '6c9cb638cb4d1ecc42632fcf389c24898c5b3244', 'c7b25726df94a2530c9b1c0d2b6a0acaa103822f', 'bed78248c941d57ad4cc20a455147e186e97c7a1']",0.8,0.8,0.8000000000000002,False,0.2857142857142857,12288,False,5
"[""feat"", ""ci"", ""build"", ""test""]","[""fix"", ""ci"", ""feat"", ""build"", ""refactor""]",1.4618608951568604,"['9ef5c0d14193a9abb09b39856f58477d1f4b0d77', 'dbb537a26e388a8d7d17faf131abc30c2f7a84e6', '6ed56ce9ae743ba9a87e6c9643cc06b1de7b748d', 'e4a11fd5c34942ba12737f1c8c084489428ee274', '1db13ec43727aca872a0f3836e4023ed85db665e']",0.75,0.6,0.6666666666666665,False,0.4285714285714285,12288,False,5
"[""refactor"", ""build"", ""test""]","[""fix"", ""build"", ""refactor"", ""feat"", ""test""]",1.320626735687256,"['bed78248c941d57ad4cc20a455147e186e97c7a1', 'e4a11fd5c34942ba12737f1c8c084489428ee274', '062daa45cbd5dba6e96e95d8cdcaee89ae30a83c', 'f823cf28652987d43c8324b4f5b203240032383a', 'c7b25726df94a2530c9b1c0d2b6a0acaa103822f']",1.0,0.6,0.7499999999999999,False,0.2857142857142857,12288,False,5
"[""feat"", ""test"", ""refactor"", ""ci"", ""build""]","[""fix"", ""test"", ""feat"", ""docs"", ""build""]",1.4255225658416748,"['87d5d4e55ab7149b593d29410f1fe426ba2447d4', 'bedc7950b24c37809e36a585b7985d5aa5e3e458', 'ded26d768ff432ad3bde3c0aa1e95ce50726100a', 'a52a585d74894b3b4eeb8c784fa089ff95cddad0', 'c323d59c607cabc91f17a78528d998f376f30b10']",0.6,0.6,0.6,False,0.5714285714285714,12288,False,5
"[""build"", ""test"", ""feat"", ""refactor"", ""ci""]","[""test"", ""docs"", ""feat"", ""build"", ""fix""]",1.4076199531555176,"['8ee0611fbf0cd89abe7ae588f22e6ecb843598ea', 'c2ee5cd5e709afd15c5565ee009a0d204403a119', 'fd8e563cc19ca4684885d4692acee6bebcca4ada', '1269431c8a3e7549f10fcbbb4b88ff625c8898b3', '06e2be4e2019b6fa714e1fcb34485860ef1ede79']",0.6,0.6,0.6,False,0.5714285714285714,12288,False,5
"[""feat"", ""docs"", ""build"", ""test"", ""refactor""]","[""docs"", ""feat"", ""build"", ""refactor"", ""test""]",1.1371278762817385,"['a52a585d74894b3b4eeb8c784fa089ff95cddad0', 'f9a094918b62534614c47aa8a13f33aec751a1e0', '1269431c8a3e7549f10fcbbb4b88ff625c8898b3', '535708ae50aecb452560a23356fd396f99ef13a2', 'e0198f74b81da3663144cfe1d971939319f82a0f']",1.0,1.0,1.0,True,0.0,12288,False,5
"[""feat"", ""refactor"", ""test"", ""ci"", ""build""]","[""fix"", ""feat"", ""test"", ""refactor"", ""build""]",1.1520488262176514,"['d129eaf9125a967ac86c6c7276bbae6b4d50af36', '68278b00450f2679761a2999500f6d87a579376b', 'e2e8ad25854bd1e7cdbc7f50b50bbd99e04ad47d', '771857b1df9470ebc15357e8879118a72c649d5b', 'f00a4d3e307b89842250358ee432e6800bb24362']",0.8,0.8,0.8000000000000002,False,0.2857142857142857,12288,False,5
"[""build"", ""ci"", ""refactor"", ""test""]","[""fix"", ""build"", ""refactor"", ""test"", ""docs""]",1.2350246906280518,"['933ab6bb86372913c992567cf9660009900911a7', '37b1cbfd3d2c462ef4f2a131e4172c38dc8d9ddf', '1db13ec43727aca872a0f3836e4023ed85db665e', 'c7b25726df94a2530c9b1c0d2b6a0acaa103822f', 'e12d9e77a6fd531a22325337838a841b1c67f00d']",0.75,0.6,0.6666666666666665,False,0.4285714285714285,12288,False,5
"[""feat"", ""docs"", ""build"", ""test"", ""ci"", ""refactor""]","[""fix"", ""ci"", ""docs"", ""build"", ""feat""]",1.454594373703003,"['06e2be4e2019b6fa714e1fcb34485860ef1ede79', '4cbbd2552ba0de273e1dfe7d453c5b3efed751a3', 'cb1f48b56ae0de93acb72e48726c7d610a1d538e', 'c323d59c607cabc91f17a78528d998f376f30b10', 'f9a094918b62534614c47aa8a13f33aec751a1e0']",0.6666666666666666,0.8,0.7272727272727272,False,0.4285714285714285,12288,False,5
"[""feat"", ""refactor"", ""ci"", ""build"", ""test"", ""docs""]","[""feat"", ""build"", ""refactor"", ""docs"", ""fix""]",1.1816442012786863,"['fd8e563cc19ca4684885d4692acee6bebcca4ada', 'f00a4d3e307b89842250358ee432e6800bb24362', '535708ae50aecb452560a23356fd396f99ef13a2', 'e12d9e77a6fd531a22325337838a841b1c67f00d', '9be725fa3906323d4bc9788f54eccf74109d632b']",0.6666666666666666,0.8,0.7272727272727272,False,0.4285714285714285,12288,False,5
"[""test"", ""ci"", ""refactor"", ""docs"", ""build""]","[""test"", ""docs"", ""refactor"", ""ci"", ""feat""]",1.6275110244750977,"['229b53a632ea97d47c4be11f096bdd828fb415d8', 'bf83c9155e9bee6925aa7102fab53fb803d52533', '062daa45cbd5dba6e96e95d8cdcaee89ae30a83c', '32845e1bbd1efb5dbc16f671049509a409ba25ce', 'dc5238b2bda98a7c4f2fe9584fc3b0191a408109']",0.8,0.8,0.8000000000000002,False,0.2857142857142857,12288,False,5
"[""build"", ""test"", ""refactor""]","[""build"", ""docs"", ""fix"", ""test"", ""refactor""]",1.3157200813293457,"['454003841aabeb74396d73541378bfa59c75b5db', 'e12d9e77a6fd531a22325337838a841b1c67f00d', 'bed78248c941d57ad4cc20a455147e186e97c7a1', 'f411e58cd510f8a2b980b2f1932003a0c0e9f8f3', '062daa45cbd5dba6e96e95d8cdcaee89ae30a83c']",1.0,0.6,0.7499999999999999,False,0.2857142857142857,12288,False,5
"[""build"", ""ci"", ""test"", ""refactor""]","[""build"", ""ci"", ""docs"", ""test"", ""refactor""]",1.3079426288604736,"['5b81fde8a72cf2e69a10e9f5c4f0bea0a2b8c3e0', '74e9de5ec97dc013a52aa063dff0f40ac74c407b', 'a52a585d74894b3b4eeb8c784fa089ff95cddad0', 'e0198f74b81da3663144cfe1d971939319f82a0f', '062daa45cbd5dba6e96e95d8cdcaee89ae30a83c']",1.0,0.8,0.888888888888889,False,0.1428571428571428,12288,False,5
"[""feat"", ""ci"", ""docs"", ""refactor"", ""build""]","[""build"", ""ci"", ""docs"", ""refactor"", ""fix""]",1.0319337844848633,"['32b92cfa0b74a6c25990e32ac6aab12b8496794c', '6c9cb638cb4d1ecc42632fcf389c24898c5b3244', 'aca23027da1295c78fdf42ba9687d8ccc88784d7', '47ef9104e4a89e80d7cc6c1950bc080841da4a7b', '2561f4ade46fc9d59f289f328cc77733a6443697']",0.8,0.8,0.8000000000000002,False,0.2857142857142857,12288,False,5
"[""test"", ""docs"", ""build"", ""refactor""]","[""test"", ""docs"", ""fix"", ""feat"", ""build""]",1.1014518737792969,"['e0198f74b81da3663144cfe1d971939319f82a0f', 'c2ee5cd5e709afd15c5565ee009a0d204403a119', '9ef5c0d14193a9abb09b39856f58477d1f4b0d77', 'f823cf28652987d43c8324b4f5b203240032383a', 'c44cf88a6ec54e5ddd99d8348bcc57b301ec7945']",0.75,0.6,0.6666666666666665,False,0.4285714285714285,12288,False,5
"[""feat"", ""refactor"", ""ci"", ""build"", ""test"", ""docs"", ""fix""]","[""refactor"", ""ci"", ""test"", ""build"", ""feat""]",2.290686845779419,"['3cca5c314ad6feeffbfe1f14cf49ebd0fd9a95a2', '32845e1bbd1efb5dbc16f671049509a409ba25ce', 'e9617f0854030e70365eb264bcb3b58078e79e9e', '454003841aabeb74396d73541378bfa59c75b5db', 'fd8e563cc19ca4684885d4692acee6bebcca4ada']",0.7142857142857143,1.0,0.8333333333333333,False,0.2857142857142857,12288,False,5
"[""refactor"", ""test"", ""ci"", ""build"", ""feat"", ""docs""]","[""refactor"", ""feat"", ""build"", ""fix"", ""test""]",1.8348252773284912,"['062daa45cbd5dba6e96e95d8cdcaee89ae30a83c', 'f823cf28652987d43c8324b4f5b203240032383a', 'c44cf88a6ec54e5ddd99d8348bcc57b301ec7945', '933ab6bb86372913c992567cf9660009900911a7', '8ee0611fbf0cd89abe7ae588f22e6ecb843598ea']",0.6666666666666666,0.8,0.7272727272727272,False,0.4285714285714285,12288,False,5
"[""test"", ""feat"", ""ci"", ""refactor"", ""docs""]","[""refactor"", ""test"", ""docs"", ""feat"", ""ci""]",1.4403111934661863,"['36556bf8e0bce4ab6d26eafacbdad04d9614a5d7', '317f4eefecddfb1392ca71d551840f446feee302', '036a0ff49a7dade0e04c9c07071a1ff49133ee24', 'e137f9fdbdb6bf3f85c3f7ac9323785e445844c8', 'e7a67d88173566be3cd3aed7e9eeb7e29aabbc57']",1.0,1.0,1.0,True,0.0,12288,False,5
"[""test"", ""ci"", ""feat"", ""refactor"", ""docs"", ""build""]","[""test"", ""ci"", ""refactor"", ""feat"", ""fix""]",1.8125600814819336,"['e0198f74b81da3663144cfe1d971939319f82a0f', '173553c0372e66e03bdab19e0e6c2dd44daa14a0', '062daa45cbd5dba6e96e95d8cdcaee89ae30a83c', 'f823cf28652987d43c8324b4f5b203240032383a', 'bed78248c941d57ad4cc20a455147e186e97c7a1']",0.6666666666666666,0.8,0.7272727272727272,False,0.4285714285714285,12288,False,5
"[""ci"", ""refactor"", ""test""]","[""ci"", ""refactor"", ""docs"", ""fix"", ""feat""]",1.1717743873596191,"['32845e1bbd1efb5dbc16f671049509a409ba25ce', '63eab619e6166eb6cab948028a7b89bf059dd878', 'af880ac5b4fecbc6c4f3d1eee0d95f326e8bd9d1', '9be725fa3906323d4bc9788f54eccf74109d632b', 'fd8e563cc19ca4684885d4692acee6bebcca4ada']",0.6666666666666666,0.4,0.5,False,0.5714285714285714,12288,False,5
"[""docs"", ""test"", ""build""]","[""docs"", ""refactor"", ""fix"", ""test"", ""build""]",1.4716238975524902,"['bf83c9155e9bee6925aa7102fab53fb803d52533', '3cca5c314ad6feeffbfe1f14cf49ebd0fd9a95a2', '2561f4ade46fc9d59f289f328cc77733a6443697', '317f4eefecddfb1392ca71d551840f446feee302', '454003841aabeb74396d73541378bfa59c75b5db']",1.0,0.6,0.7499999999999999,False,0.2857142857142857,12288,False,5
"[""test"", ""ci"", ""feat"", ""refactor""]","[""test"", ""ci"", ""fix"", ""docs"", ""refactor""]",1.6160390377044678,"['317f4eefecddfb1392ca71d551840f446feee302', '32845e1bbd1efb5dbc16f671049509a409ba25ce', 'c8e0ae8612df3d6f2831acc004aaac332f6105e4', '6d405dfc1675dcad64a2dfac0c0cb0fb28381d21', '062daa45cbd5dba6e96e95d8cdcaee89ae30a83c']",0.75,0.6,0.6666666666666665,False,0.4285714285714285,12288,False,5
"[""build"", ""ci"", ""feat"", ""fix"", ""refactor"", ""test""]","[""build"", ""ci"", ""test"", ""docs"", ""feat""]",1.1546454429626465,"['c55591ba157298a9c5816693c102a89dfd058830', 'dbb537a26e388a8d7d17faf131abc30c2f7a84e6', 'e0198f74b81da3663144cfe1d971939319f82a0f', '0cfc5633d37ea06f645649138323f1820e18bdee', 'dc5238b2bda98a7c4f2fe9584fc3b0191a408109']",0.6666666666666666,0.8,0.7272727272727272,False,0.4285714285714285,12288,False,5
"[""feat"", ""refactor"", ""ci"", ""test""]","[""refactor"", ""feat"", ""test"", ""fix"", ""ci""]",0.976876974105835,"['535708ae50aecb452560a23356fd396f99ef13a2', 'dc5238b2bda98a7c4f2fe9584fc3b0191a408109', 'e2e8ad25854bd1e7cdbc7f50b50bbd99e04ad47d', '2561f4ade46fc9d59f289f328cc77733a6443697', 'c5fa7b80438fbd74f4c341f0d3c9bd9e0f4910da']",1.0,0.8,0.888888888888889,False,0.1428571428571428,12288,False,5
"[""ci"", ""test"", ""refactor""]","[""ci"", ""docs"", ""refactor"", ""build"", ""test""]",0.8621573448181152,"['c5fa7b80438fbd74f4c341f0d3c9bd9e0f4910da', 'af880ac5b4fecbc6c4f3d1eee0d95f326e8bd9d1', '47ef9104e4a89e80d7cc6c1950bc080841da4a7b', '37b1cbfd3d2c462ef4f2a131e4172c38dc8d9ddf', 'c7b25726df94a2530c9b1c0d2b6a0acaa103822f']",1.0,0.6,0.7499999999999999,False,0.2857142857142857,12288,False,5
"[""build"", ""refactor"", ""test"", ""docs""]","[""build"", ""docs"", ""refactor"", ""test"", ""feat""]",1.673471212387085,"['454003841aabeb74396d73541378bfa59c75b5db', 'aca23027da1295c78fdf42ba9687d8ccc88784d7', '771857b1df9470ebc15357e8879118a72c649d5b', 'bedc7950b24c37809e36a585b7985d5aa5e3e458', 'e137f9fdbdb6bf3f85c3f7ac9323785e445844c8']",1.0,0.8,0.888888888888889,False,0.1428571428571428,12288,False,5
"[""ci"", ""test"", ""refactor""]","[""ci"", ""feat"", ""fix"", ""docs"", ""test""]",1.2937302589416504,"['74e9de5ec97dc013a52aa063dff0f40ac74c407b', 'ded26d768ff432ad3bde3c0aa1e95ce50726100a', '9be725fa3906323d4bc9788f54eccf74109d632b', 'a52a585d74894b3b4eeb8c784fa089ff95cddad0', 'e9617f0854030e70365eb264bcb3b58078e79e9e']",0.6666666666666666,0.4,0.5,False,0.5714285714285714,12288,False,5
"[""feat"", ""build"", ""test"", ""refactor"", ""docs"", ""ci""]","[""feat"", ""build"", ""test"", ""docs"", ""fix""]",1.2244882583618164,"['f9a094918b62534614c47aa8a13f33aec751a1e0', 'e4a11fd5c34942ba12737f1c8c084489428ee274', '229b53a632ea97d47c4be11f096bdd828fb415d8', '036a0ff49a7dade0e04c9c07071a1ff49133ee24', '2561f4ade46fc9d59f289f328cc77733a6443697']",0.6666666666666666,0.8,0.7272727272727272,False,0.4285714285714285,12288,False,5
"[""build"", ""ci"", ""docs"", ""test""]","[""build"", ""docs"", ""test"", ""fix"", ""ci""]",1.029644012451172,"['e4a11fd5c34942ba12737f1c8c084489428ee274', 'aca23027da1295c78fdf42ba9687d8ccc88784d7', 'e9617f0854030e70365eb264bcb3b58078e79e9e', '9ef5c0d14193a9abb09b39856f58477d1f4b0d77', '4cbbd2552ba0de273e1dfe7d453c5b3efed751a3']",1.0,0.8,0.888888888888889,False,0.1428571428571428,12288,False,5
"[""feat"", ""refactor"", ""ci"", ""test""]","[""feat"", ""fix"", ""ci"", ""docs"", ""test""]",1.0631053447723389,"['f9a094918b62534614c47aa8a13f33aec751a1e0', '2561f4ade46fc9d59f289f328cc77733a6443697', '45837af24a33308a70a3454f0f650f9fe728e272', '036a0ff49a7dade0e04c9c07071a1ff49133ee24', 'b7ce2894fd1794064bd6db4ed730bb6cb7728739']",0.75,0.6,0.6666666666666665,False,0.4285714285714285,12288,False,5
"[""feat"", ""refactor"", ""test"", ""ci"", ""build"", ""docs"", ""fix""]","[""feat"", ""refactor"", ""build"", ""fix"", ""docs""]",2.0392849445343018,"['ded26d768ff432ad3bde3c0aa1e95ce50726100a', '062daa45cbd5dba6e96e95d8cdcaee89ae30a83c', '37b1cbfd3d2c462ef4f2a131e4172c38dc8d9ddf', '933ab6bb86372913c992567cf9660009900911a7', '036a0ff49a7dade0e04c9c07071a1ff49133ee24']",0.7142857142857143,1.0,0.8333333333333333,False,0.2857142857142857,12288,False,5
"[""test"", ""build"", ""feat"", ""docs""]","[""test"", ""build"", ""feat"", ""fix"", ""docs""]",0.9440150260925292,"['f411e58cd510f8a2b980b2f1932003a0c0e9f8f3', 'c44cf88a6ec54e5ddd99d8348bcc57b301ec7945', '1bcf88670b50155b50071e707f98f30cea0b7a24', '9be725fa3906323d4bc9788f54eccf74109d632b', 'a52a585d74894b3b4eeb8c784fa089ff95cddad0']",1.0,0.8,0.888888888888889,False,0.1428571428571428,12288,False,5
"[""feat"", ""refactor"", ""test"", ""ci"", ""build"", ""docs""]","[""fix"", ""feat"", ""test"", ""ci"", ""docs""]",1.247368574142456,"['933ab6bb86372913c992567cf9660009900911a7', '6ed56ce9ae743ba9a87e6c9643cc06b1de7b748d', 'e2e8ad25854bd1e7cdbc7f50b50bbd99e04ad47d', 'e96487ad7ce90b141219d9032fa2bed68d5dae6a', '036a0ff49a7dade0e04c9c07071a1ff49133ee24']",0.6666666666666666,0.8,0.7272727272727272,False,0.4285714285714285,12288,False,5
"[""test"", ""ci"", ""build"", ""feat""]","[""test"", ""refactor"", ""ci"", ""build"", ""fix""]",1.4097628593444824,"['e0198f74b81da3663144cfe1d971939319f82a0f', '3cca5c314ad6feeffbfe1f14cf49ebd0fd9a95a2', '45837af24a33308a70a3454f0f650f9fe728e272', '5b81fde8a72cf2e69a10e9f5c4f0bea0a2b8c3e0', '9ef5c0d14193a9abb09b39856f58477d1f4b0d77']",0.75,0.6,0.6666666666666665,False,0.4285714285714285,12288,False,5
"[""build"", ""ci"", ""test"", ""refactor""]","[""build"", ""feat"", ""refactor"", ""ci"", ""test""]",1.303915023803711,"['c55591ba157298a9c5816693c102a89dfd058830', '1bcf88670b50155b50071e707f98f30cea0b7a24', '1db13ec43727aca872a0f3836e4023ed85db665e', 'dbb537a26e388a8d7d17faf131abc30c2f7a84e6', 'e2e8ad25854bd1e7cdbc7f50b50bbd99e04ad47d']",1.0,0.8,0.888888888888889,False,0.1428571428571428,12288,False,5
"[""feat"", ""refactor"", ""test"", ""ci"", ""build"", ""docs""]","[""feat"", ""refactor"", ""test"", ""ci"", ""build""]",1.620744228363037,"['e137f9fdbdb6bf3f85c3f7ac9323785e445844c8', 'a62314d9bb632be6af026686615d14b912250512', 'b7ce2894fd1794064bd6db4ed730bb6cb7728739', '45837af24a33308a70a3454f0f650f9fe728e272', '454003841aabeb74396d73541378bfa59c75b5db']",0.8333333333333334,1.0,0.9090909090909092,False,0.1428571428571428,12288,False,5
"[""test"", ""ci"", ""docs"", ""refactor"", ""feat""]","[""test"", ""fix"", ""build"", ""refactor"", ""docs""]",1.1263279914855957,"['317f4eefecddfb1392ca71d551840f446feee302', '06e2be4e2019b6fa714e1fcb34485860ef1ede79', '32b92cfa0b74a6c25990e32ac6aab12b8496794c', '535708ae50aecb452560a23356fd396f99ef13a2', 'aca23027da1295c78fdf42ba9687d8ccc88784d7']",0.6,0.6,0.6,False,0.5714285714285714,12288,False,5
"[""ci"", ""test"", ""feat"", ""docs"", ""build""]","[""ci"", ""feat"", ""build"", ""fix"", ""test""]",1.3259966373443604,"['173553c0372e66e03bdab19e0e6c2dd44daa14a0', '6ed56ce9ae743ba9a87e6c9643cc06b1de7b748d', '32b92cfa0b74a6c25990e32ac6aab12b8496794c', '933ab6bb86372913c992567cf9660009900911a7', 'e9617f0854030e70365eb264bcb3b58078e79e9e']",0.8,0.8,0.8000000000000002,False,0.2857142857142857,12288,False,5
"[""ci"", ""test"", ""build""]","[""ci"", ""test"", ""fix"", ""feat"", ""build""]",0.7724142074584961,"['dbb537a26e388a8d7d17faf131abc30c2f7a84e6', 'e2e8ad25854bd1e7cdbc7f50b50bbd99e04ad47d', '933ab6bb86372913c992567cf9660009900911a7', 'b282e90e2cbb74559aab79eee8443a4d7c85502a', 'c55591ba157298a9c5816693c102a89dfd058830']",1.0,0.6,0.7499999999999999,False,0.2857142857142857,12288,False,5
"[""test"", ""ci"", ""refactor""]","[""test"", ""build"", ""feat"", ""fix"", ""ci""]",1.4576575756072998,"['317f4eefecddfb1392ca71d551840f446feee302', 'e4a11fd5c34942ba12737f1c8c084489428ee274', 'ded26d768ff432ad3bde3c0aa1e95ce50726100a', 'd129eaf9125a967ac86c6c7276bbae6b4d50af36', '173553c0372e66e03bdab19e0e6c2dd44daa14a0']",0.6666666666666666,0.4,0.5,False,0.5714285714285714,12288,False,5
"[""test"", ""build"", ""docs"", ""feat""]","[""test"", ""build"", ""refactor"", ""docs"", ""feat""]",0.9578649997711182,"['bedc7950b24c37809e36a585b7985d5aa5e3e458', '5b81fde8a72cf2e69a10e9f5c4f0bea0a2b8c3e0', '47ef9104e4a89e80d7cc6c1950bc080841da4a7b', 'aca23027da1295c78fdf42ba9687d8ccc88784d7', 'f823cf28652987d43c8324b4f5b203240032383a']",1.0,0.8,0.888888888888889,False,0.1428571428571428,12288,False,5
"[""build"", ""ci"", ""refactor"", ""test"", ""docs""]","[""build"", ""ci"", ""feat"", ""docs"", ""fix""]",1.0554723739624023,"['5b81fde8a72cf2e69a10e9f5c4f0bea0a2b8c3e0', 'c5fa7b80438fbd74f4c341f0d3c9bd9e0f4910da', '68278b00450f2679761a2999500f6d87a579376b', 'a52a585d74894b3b4eeb8c784fa089ff95cddad0', '06e2be4e2019b6fa714e1fcb34485860ef1ede79']",0.6,0.6,0.6,False,0.5714285714285714,12288,False,5
"[""test"", ""build"", ""refactor"", ""feat""]","[""test"", ""build"", ""refactor"", ""fix"", ""ci""]",1.315813064575195,"['e0198f74b81da3663144cfe1d971939319f82a0f', '5b81fde8a72cf2e69a10e9f5c4f0bea0a2b8c3e0', '3cca5c314ad6feeffbfe1f14cf49ebd0fd9a95a2', '87d5d4e55ab7149b593d29410f1fe426ba2447d4', '74e9de5ec97dc013a52aa063dff0f40ac74c407b']",0.75,0.6,0.6666666666666665,False,0.4285714285714285,12288,False,5
"[""feat"", ""test"", ""ci"", ""build"", ""refactor"", ""docs""]","[""feat"", ""build"", ""fix"", ""ci"", ""test""]",1.456078052520752,"['6ed56ce9ae743ba9a87e6c9643cc06b1de7b748d', 'c323d59c607cabc91f17a78528d998f376f30b10', '87d5d4e55ab7149b593d29410f1fe426ba2447d4', 'c5fa7b80438fbd74f4c341f0d3c9bd9e0f4910da', 'e9617f0854030e70365eb264bcb3b58078e79e9e']",0.6666666666666666,0.8,0.7272727272727272,False,0.4285714285714285,12288,False,5
"[""build"", ""ci"", ""feat"", ""refactor"", ""test""]","[""build"", ""test"", ""refactor"", ""feat"", ""ci""]",1.0769755840301514,"['5b81fde8a72cf2e69a10e9f5c4f0bea0a2b8c3e0', 'e9617f0854030e70365eb264bcb3b58078e79e9e', '2954a0955ce9af6acb345ed1e8328e145ad30475', '68278b00450f2679761a2999500f6d87a579376b', 'e96487ad7ce90b141219d9032fa2bed68d5dae6a']",1.0,1.0,1.0,True,0.0,12288,False,5
"[""ci"", ""feat"", ""docs"", ""refactor"", ""build""]","[""ci"", ""refactor"", ""docs"", ""feat"", ""fix""]",1.0815768241882324,"['4cbbd2552ba0de273e1dfe7d453c5b3efed751a3', '535708ae50aecb452560a23356fd396f99ef13a2', 'e12d9e77a6fd531a22325337838a841b1c67f00d', 'fd8e563cc19ca4684885d4692acee6bebcca4ada', '9be725fa3906323d4bc9788f54eccf74109d632b']",0.8,0.8,0.8000000000000002,False,0.2857142857142857,12288,False,5
"[""ci"", ""refactor"", ""test"", ""docs"", ""build""]","[""ci"", ""fix"", ""feat"", ""docs"", ""refactor""]",1.3488059043884275,"['c5fa7b80438fbd74f4c341f0d3c9bd9e0f4910da', 'bed78248c941d57ad4cc20a455147e186e97c7a1', 'b282e90e2cbb74559aab79eee8443a4d7c85502a', 'bf83c9155e9bee6925aa7102fab53fb803d52533', '771857b1df9470ebc15357e8879118a72c649d5b']",0.6,0.6,0.6,False,0.5714285714285714,12288,False,5
"[""feat"", ""refactor""]","[""fix""]",0.5085997581481934,['87d5d4e55ab7149b593d29410f1fe426ba2447d4'],0.0,0.0,0.0,False,0.4285714285714285,12288,False,1
"[""test""]","[""test""]",0.4176690578460693,['317f4eefecddfb1392ca71d551840f446feee302'],1.0,1.0,1.0,True,0.0,12288,False,1
"[""ci""]","[""ci""]",0.4647431373596191,['c5fa7b80438fbd74f4c341f0d3c9bd9e0f4910da'],1.0,1.0,1.0,True,0.0,12288,False,1
"[""ci""]","[""ci""]",0.4543404579162597,['e7a67d88173566be3cd3aed7e9eeb7e29aabbc57'],1.0,1.0,1.0,True,0.0,12288,False,1
"[""feat"", ""refactor""]","[""fix""]",0.5153300762176514,['d129eaf9125a967ac86c6c7276bbae6b4d50af36'],0.0,0.0,0.0,False,0.4285714285714285,12288,False,1
"[""build"", ""ci""]","[""build""]",0.5051753520965576,['1269431c8a3e7549f10fcbbb4b88ff625c8898b3'],0.5,1.0,0.6666666666666666,False,0.1428571428571428,12288,False,1
"[""feat"", ""refactor""]","[""refactor""]",0.529862642288208,['535708ae50aecb452560a23356fd396f99ef13a2'],0.5,1.0,0.6666666666666666,False,0.1428571428571428,12288,False,1
"[""feat"", ""refactor"", ""ci"", ""build"", ""test"", ""docs""]","[""feat""]",0.9307339191436768,['68278b00450f2679761a2999500f6d87a579376b'],0.1666666666666666,1.0,0.2857142857142857,False,0.7142857142857143,12288,False,1
"[""ci""]","[""ci""]",0.3720557689666748,['6c9cb638cb4d1ecc42632fcf389c24898c5b3244'],1.0,1.0,1.0,True,0.0,12288,False,1
"[""test""]","[""test""]",0.3756172657012939,['c7b25726df94a2530c9b1c0d2b6a0acaa103822f'],1.0,1.0,1.0,True,0.0,12288,False,1
"[""feat"", ""refactor""]","[""feat""]",0.5674457550048828,['1bcf88670b50155b50071e707f98f30cea0b7a24'],0.5,1.0,0.6666666666666666,False,0.1428571428571428,12288,False,1
"[""build"", ""test""]","[""build""]",0.622481107711792,['454003841aabeb74396d73541378bfa59c75b5db'],0.5,1.0,0.6666666666666666,False,0.1428571428571428,12288,False,1
"[""ci""]","[""ci""]",0.3317575454711914,['dbb537a26e388a8d7d17faf131abc30c2f7a84e6'],1.0,1.0,1.0,True,0.0,12288,False,1
"[""docs""]","[""docs""]",0.375525951385498,['bf83c9155e9bee6925aa7102fab53fb803d52533'],1.0,1.0,1.0,True,0.0,12288,False,1
"[""feat""]","[""feat""]",0.372260570526123,['dc5238b2bda98a7c4f2fe9584fc3b0191a408109'],1.0,1.0,1.0,True,0.0,12288,False,1
"[""ci""]","[""ci""]",0.3673567771911621,['74e9de5ec97dc013a52aa063dff0f40ac74c407b'],1.0,1.0,1.0,True,0.0,12288,False,1
"[""test""]","[""test""]",0.3744688034057617,['b7ce2894fd1794064bd6db4ed730bb6cb7728739'],1.0,1.0,1.0,True,0.0,12288,False,1
"[""refactor"", ""build""]","[""build""]",0.4718883037567138,['32b92cfa0b74a6c25990e32ac6aab12b8496794c'],0.5,1.0,0.6666666666666666,False,0.1428571428571428,12288,False,1
"[""refactor"", ""build""]","[""fix""]",0.5631313323974609,['bed78248c941d57ad4cc20a455147e186e97c7a1'],0.0,0.0,0.0,False,0.4285714285714285,12288,False,1
"[""test""]","[""test""]",0.3947744369506836,['f411e58cd510f8a2b980b2f1932003a0c0e9f8f3'],1.0,1.0,1.0,True,0.0,12288,False,1
"[""feat"", ""refactor""]","[""feat""]",0.5220189094543457,['f9a094918b62534614c47aa8a13f33aec751a1e0'],0.5,1.0,0.6666666666666666,False,0.1428571428571428,12288,False,1
"[""docs""]","[""docs""]",0.3710403442382812,['aca23027da1295c78fdf42ba9687d8ccc88784d7'],1.0,1.0,1.0,True,0.0,12288,False,1
"[""ci""]","[""build""]",0.4052727222442627,['37b1cbfd3d2c462ef4f2a131e4172c38dc8d9ddf'],0.0,0.0,0.0,False,0.2857142857142857,12288,False,1
"[""feat"", ""refactor""]","[""feat""]",0.828866720199585,['e137f9fdbdb6bf3f85c3f7ac9323785e445844c8'],0.5,1.0,0.6666666666666666,False,0.1428571428571428,12288,False,1
"[""test""]","[""test""]",0.3959348201751709,['e0198f74b81da3663144cfe1d971939319f82a0f'],1.0,1.0,1.0,True,0.0,12288,False,1
"[""ci""]","[""ci""]",0.4518506526947021,['45837af24a33308a70a3454f0f650f9fe728e272'],1.0,1.0,1.0,True,0.0,12288,False,1
"[""docs""]","[""docs""]",0.387125015258789,['0cfc5633d37ea06f645649138323f1820e18bdee'],1.0,1.0,1.0,True,0.0,12288,False,1
"[""build"", ""test""]","[""test""]",0.7283897399902344,['8ee0611fbf0cd89abe7ae588f22e6ecb843598ea'],0.5,1.0,0.6666666666666666,False,0.1428571428571428,12288,False,1
"[""docs"", ""feat""]","[""docs""]",0.4381344318389892,['c2ee5cd5e709afd15c5565ee009a0d204403a119'],0.5,1.0,0.6666666666666666,False,0.1428571428571428,12288,False,1
"[""refactor""]","[""fix""]",0.4060733318328857,['d1d55e787b7d07f763852602b9939a5394607fd9'],0.0,0.0,0.0,False,0.2857142857142857,12288,False,1
"[""build""]","[""build""]",0.3953766822814941,['c55591ba157298a9c5816693c102a89dfd058830'],1.0,1.0,1.0,True,0.0,12288,False,1
"[""fix""]","[""fix""]",0.3107335567474365,['9be725fa3906323d4bc9788f54eccf74109d632b'],1.0,1.0,1.0,True,0.0,12288,False,1
"[""build""]","[""build""]",0.386704683303833,['f00a4d3e307b89842250358ee432e6800bb24362'],1.0,1.0,1.0,True,0.0,12288,False,1
"[""feat"", ""docs""]","[""docs""]",0.4741635322570801,['036a0ff49a7dade0e04c9c07071a1ff49133ee24'],0.5,1.0,0.6666666666666666,False,0.1428571428571428,12288,False,1
"[""feat""]","[""docs""]",0.4012019634246826,['6d405dfc1675dcad64a2dfac0c0cb0fb28381d21'],0.0,0.0,0.0,False,0.2857142857142857,12288,False,1
"[""refactor""]","[""refactor""]",1.274172067642212,['3cca5c314ad6feeffbfe1f14cf49ebd0fd9a95a2'],1.0,1.0,1.0,True,0.0,12288,False,1
"[""test""]","[""docs""]",0.3711762428283691,['af880ac5b4fecbc6c4f3d1eee0d95f326e8bd9d1'],0.0,0.0,0.0,False,0.2857142857142857,12288,False,1
"[""fix""]","[""fix""]",0.315547227859497,['c8e0ae8612df3d6f2831acc004aaac332f6105e4'],1.0,1.0,1.0,True,0.0,12288,False,1
"[""refactor"", ""docs""]","[""refactor""]",0.6711564064025879,['771857b1df9470ebc15357e8879118a72c649d5b'],0.5,1.0,0.6666666666666666,False,0.1428571428571428,12288,False,1
"[""refactor""]","[""refactor""]",0.3403594493865967,['47ef9104e4a89e80d7cc6c1950bc080841da4a7b'],1.0,1.0,1.0,True,0.0,12288,False,1
"[""test""]","[""refactor""]",0.6374619007110596,['1db13ec43727aca872a0f3836e4023ed85db665e'],0.0,0.0,0.0,False,0.2857142857142857,12288,False,1
"[""refactor""]","[""fix""]",0.3446033000946045,['933ab6bb86372913c992567cf9660009900911a7'],0.0,0.0,0.0,False,0.2857142857142857,12288,False,1
"[""test""]","[""test""]",0.3431100845336914,['e2e8ad25854bd1e7cdbc7f50b50bbd99e04ad47d'],1.0,1.0,1.0,True,0.0,12288,False,1
"[""build""]","[""build""]",0.3955490589141845,['c44cf88a6ec54e5ddd99d8348bcc57b301ec7945'],1.0,1.0,1.0,True,0.0,12288,False,1
"[""ci""]","[""ci""]",0.3155829906463623,['e96487ad7ce90b141219d9032fa2bed68d5dae6a'],1.0,1.0,1.0,True,0.0,12288,False,1
"[""build""]","[""build""]",0.3696997165679931,['5b81fde8a72cf2e69a10e9f5c4f0bea0a2b8c3e0'],1.0,1.0,1.0,True,0.0,12288,False,1
"[""docs""]","[""docs""]",1.4663500785827637,['cb1f48b56ae0de93acb72e48726c7d610a1d538e'],1.0,1.0,1.0,True,0.0,12288,False,1
"[""refactor""]","[""fix""]",0.4837620258331299,['2561f4ade46fc9d59f289f328cc77733a6443697'],0.0,0.0,0.0,False,0.2857142857142857,12288,False,1
"[""refactor""]","[""fix""]",0.4091079235076904,['06e2be4e2019b6fa714e1fcb34485860ef1ede79'],0.0,0.0,0.0,False,0.2857142857142857,12288,False,1
"[""refactor""]","[""refactor""]",0.3448841571807861,['36556bf8e0bce4ab6d26eafacbdad04d9614a5d7'],1.0,1.0,1.0,True,0.0,12288,False,1
"[""build""]","[""build""]",0.3726019859313965,['c323d59c607cabc91f17a78528d998f376f30b10'],1.0,1.0,1.0,True,0.0,12288,False,1
"[""build"", ""refactor""]","[""build""]",0.5369834899902344,['e4a11fd5c34942ba12737f1c8c084489428ee274'],0.5,1.0,0.6666666666666666,False,0.1428571428571428,12288,False,1
"[""feat"", ""refactor""]","[""refactor""]",0.5374138355255127,['63eab619e6166eb6cab948028a7b89bf059dd878'],0.5,1.0,0.6666666666666666,False,0.1428571428571428,12288,False,1
"[""docs""]","[""docs""]",0.3485243320465088,['a52a585d74894b3b4eeb8c784fa089ff95cddad0'],1.0,1.0,1.0,True,0.0,12288,False,1
"[""feat"", ""refactor""]","[""feat""]",0.5725946426391602,['b282e90e2cbb74559aab79eee8443a4d7c85502a'],0.5,1.0,0.6666666666666666,False,0.1428571428571428,12288,False,1
"[""feat"", ""test"", ""ci"", ""build"", ""docs""]","[""feat""]",0.7956211566925049,['f823cf28652987d43c8324b4f5b203240032383a'],0.2,1.0,0.3333333333333333,False,0.5714285714285714,12288,False,1
"[""refactor""]","[""fix""]",0.3725333213806152,['9ef5c0d14193a9abb09b39856f58477d1f4b0d77'],0.0,0.0,0.0,False,0.2857142857142857,12288,False,1
"[""feat"", ""refactor""]","[""feat""]",0.6110270023345947,['fd8e563cc19ca4684885d4692acee6bebcca4ada'],0.5,1.0,0.6666666666666666,False,0.1428571428571428,12288,False,1
"[""ci""]","[""ci""]",0.3875908851623535,['4cbbd2552ba0de273e1dfe7d453c5b3efed751a3'],1.0,1.0,1.0,True,0.0,12288,False,1
"[""ci"", ""test""]","[""ci""]",0.5860795974731445,['173553c0372e66e03bdab19e0e6c2dd44daa14a0'],0.5,1.0,0.6666666666666666,False,0.1428571428571428,12288,False,1
"[""ci"", ""build""]","[""ci""]",0.716853141784668,['32845e1bbd1efb5dbc16f671049509a409ba25ce'],0.5,1.0,0.6666666666666666,False,0.1428571428571428,12288,False,1
"[""test""]","[""test""]",0.369436502456665,['229b53a632ea97d47c4be11f096bdd828fb415d8'],1.0,1.0,1.0,True,0.0,12288,False,1
"[""feat"", ""refactor""]","[""refactor""]",0.4689421653747558,['2954a0955ce9af6acb345ed1e8328e145ad30475'],0.5,1.0,0.6666666666666666,False,0.1428571428571428,12288,False,1
"[""refactor"", ""docs""]","[""refactor""]",0.502946138381958,['a62314d9bb632be6af026686615d14b912250512'],0.5,1.0,0.6666666666666666,False,0.1428571428571428,12288,False,1
"[""refactor""]","[""refactor""]",0.701718807220459,['062daa45cbd5dba6e96e95d8cdcaee89ae30a83c'],1.0,1.0,1.0,True,0.0,12288,False,1
"[""test""]","[""test""]",0.3903319835662842,['bedc7950b24c37809e36a585b7985d5aa5e3e458'],1.0,1.0,1.0,True,0.0,12288,False,1
"[""feat"", ""refactor""]","[""feat""]",0.929678440093994,['ded26d768ff432ad3bde3c0aa1e95ce50726100a'],0.5,1.0,0.6666666666666666,False,0.1428571428571428,12288,False,1
"[""ci"", ""test""]","[""test""]",0.56748366355896,['e9617f0854030e70365eb264bcb3b58078e79e9e'],0.5,1.0,0.6666666666666666,False,0.1428571428571428,12288,False,1
"[""feat"", ""test"", ""ci"", ""build""]","[""feat""]",0.8739781379699707,['6ed56ce9ae743ba9a87e6c9643cc06b1de7b748d'],0.25,1.0,0.4,False,0.4285714285714285,12288,False,1
"[""docs""]","[""docs""]",0.3765814304351806,['e12d9e77a6fd531a22325337838a841b1c67f00d'],1.0,1.0,1.0,True,0.0,12288,False,1
"[""refactor"", ""ci"", ""test"", ""docs"", ""build""]","[""feat"", ""refactor""]",0.9477639198303224,"['fd8e563cc19ca4684885d4692acee6bebcca4ada', '36556bf8e0bce4ab6d26eafacbdad04d9614a5d7']",0.2,0.5,0.2857142857142857,False,0.7142857142857143,12288,False,2
"[""ci"", ""build""]","[""ci"", ""build""]",0.5705544948577881,"['45837af24a33308a70a3454f0f650f9fe728e272', '5b81fde8a72cf2e69a10e9f5c4f0bea0a2b8c3e0']",1.0,1.0,1.0,True,0.0,12288,False,2
"[""feat"", ""refactor"", ""test""]","[""refactor"", ""docs""]",0.6657342910766602,"['535708ae50aecb452560a23356fd396f99ef13a2', 'af880ac5b4fecbc6c4f3d1eee0d95f326e8bd9d1']",0.3333333333333333,0.5,0.4,False,0.4285714285714285,12288,False,2
"[""feat"", ""fix"", ""refactor"", ""docs"", ""test"", ""ci"", ""build""]","[""feat"", ""refactor""]",1.156071424484253,"['68278b00450f2679761a2999500f6d87a579376b', '63eab619e6166eb6cab948028a7b89bf059dd878']",0.2857142857142857,1.0,0.4444444444444445,False,0.7142857142857143,12288,False,2
"[""ci"", ""test""]","[""ci"", ""test""]",0.505338191986084,"['dbb537a26e388a8d7d17faf131abc30c2f7a84e6', 'f411e58cd510f8a2b980b2f1932003a0c0e9f8f3']",1.0,1.0,1.0,True,0.0,12288,False,2
"[""test"", ""ci""]","[""test"", ""ci""]",0.5831174850463867,"['e2e8ad25854bd1e7cdbc7f50b50bbd99e04ad47d', 'c5fa7b80438fbd74f4c341f0d3c9bd9e0f4910da']",1.0,1.0,1.0,True,0.0,12288,False,2
"[""ci"", ""build""]","[""ci"", ""build""]",0.6359951496124268,"['45837af24a33308a70a3454f0f650f9fe728e272', '1269431c8a3e7549f10fcbbb4b88ff625c8898b3']",1.0,1.0,1.0,True,0.0,12288,False,2
"[""feat"", ""refactor"", ""test""]","[""feat"", ""test""]",0.7670435905456543,"['1bcf88670b50155b50071e707f98f30cea0b7a24', 'f411e58cd510f8a2b980b2f1932003a0c0e9f8f3']",0.6666666666666666,1.0,0.8,False,0.1428571428571428,12288,False,2
"[""fix"", ""docs""]","[""fix"", ""docs""]",0.4415507316589355,"['9be725fa3906323d4bc9788f54eccf74109d632b', '0cfc5633d37ea06f645649138323f1820e18bdee']",1.0,1.0,1.0,True,0.0,12288,False,2
"[""refactor"", ""ci""]","[""fix"", ""ci""]",0.4473524093627929,"['9be725fa3906323d4bc9788f54eccf74109d632b', 'e96487ad7ce90b141219d9032fa2bed68d5dae6a']",0.5,0.5,0.5,False,0.2857142857142857,12288,False,2
"[""test"", ""ci"", ""refactor""]","[""build"", ""test""]",0.7943942546844482,"['1269431c8a3e7549f10fcbbb4b88ff625c8898b3', '317f4eefecddfb1392ca71d551840f446feee302']",0.3333333333333333,0.5,0.4,False,0.4285714285714285,12288,False,2
"[""ci"", ""docs""]","[""ci"", ""docs""]",0.4993982315063476,"['dbb537a26e388a8d7d17faf131abc30c2f7a84e6', '0cfc5633d37ea06f645649138323f1820e18bdee']",1.0,1.0,1.0,True,0.0,12288,False,2
"[""refactor"", ""test"", ""ci"", ""build""]","[""refactor"", ""build""]",1.733546495437622,"['3cca5c314ad6feeffbfe1f14cf49ebd0fd9a95a2', '454003841aabeb74396d73541378bfa59c75b5db']",0.5,1.0,0.6666666666666666,False,0.2857142857142857,12288,False,2
"[""refactor"", ""ci"", ""build"", ""test"", ""docs""]","[""fix"", ""refactor""]",1.2355737686157229,"['2561f4ade46fc9d59f289f328cc77733a6443697', '062daa45cbd5dba6e96e95d8cdcaee89ae30a83c']",0.2,0.5,0.2857142857142857,False,0.7142857142857143,12288,False,2
"[""build"", ""ci""]","[""build"", ""ci""]",0.5031938552856445,"['c44cf88a6ec54e5ddd99d8348bcc57b301ec7945', 'dbb537a26e388a8d7d17faf131abc30c2f7a84e6']",1.0,1.0,1.0,True,0.0,12288,False,2
"[""feat"", ""refactor"", ""test"", ""ci"", ""build"", ""docs""]","[""build"", ""refactor""]",1.0279955863952637,"['32b92cfa0b74a6c25990e32ac6aab12b8496794c', '63eab619e6166eb6cab948028a7b89bf059dd878']",0.3333333333333333,1.0,0.5,False,0.5714285714285714,12288,False,2
"[""feat"", ""ci""]","[""feat"", ""docs""]",0.5010380744934082,"['dc5238b2bda98a7c4f2fe9584fc3b0191a408109', 'e12d9e77a6fd531a22325337838a841b1c67f00d']",0.5,0.5,0.5,False,0.2857142857142857,12288,False,2
"[""ci"", ""docs""]","[""ci"", ""docs""]",0.739180326461792,"['32845e1bbd1efb5dbc16f671049509a409ba25ce', 'bf83c9155e9bee6925aa7102fab53fb803d52533']",1.0,1.0,1.0,True,0.0,12288,False,2
"[""feat"", ""refactor"", ""ci"", ""build"", ""test"", ""docs""]","[""fix"", ""feat""]",1.1604342460632324,"['d129eaf9125a967ac86c6c7276bbae6b4d50af36', '6ed56ce9ae743ba9a87e6c9643cc06b1de7b748d']",0.1666666666666666,0.5,0.25,False,0.8571428571428571,12288,False,2
"[""feat"", ""ci""]","[""feat"", ""ci""]",0.6481428146362305,"['1bcf88670b50155b50071e707f98f30cea0b7a24', '74e9de5ec97dc013a52aa063dff0f40ac74c407b']",1.0,1.0,1.0,True,0.0,12288,False,2
"[""feat"", ""ci""]","[""docs"", ""ci""]",0.5043478012084961,"['036a0ff49a7dade0e04c9c07071a1ff49133ee24', '4cbbd2552ba0de273e1dfe7d453c5b3efed751a3']",0.5,0.5,0.5,False,0.2857142857142857,12288,False,2
"[""docs"", ""test"", ""ci"", ""build""]","[""test"", ""docs""]",1.8259341716766355,"['e9617f0854030e70365eb264bcb3b58078e79e9e', 'cb1f48b56ae0de93acb72e48726c7d610a1d538e']",0.5,1.0,0.6666666666666666,False,0.2857142857142857,12288,False,2
"[""docs"", ""feat""]","[""docs"", ""feat""]",0.5853016376495361,"['aca23027da1295c78fdf42ba9687d8ccc88784d7', 'f823cf28652987d43c8324b4f5b203240032383a']",1.0,1.0,1.0,True,0.0,12288,False,2
"[""refactor"", ""test"", ""ci"", ""build"", ""docs"", ""feat"", ""fix""]","[""refactor"", ""fix""]",1.0339248180389404,"['47ef9104e4a89e80d7cc6c1950bc080841da4a7b', '06e2be4e2019b6fa714e1fcb34485860ef1ede79']",0.2857142857142857,1.0,0.4444444444444445,False,0.7142857142857143,12288,False,2
"[""build"", ""ci""]","[""build"", ""ci""]",0.4868316650390625,"['5b81fde8a72cf2e69a10e9f5c4f0bea0a2b8c3e0', 'dbb537a26e388a8d7d17faf131abc30c2f7a84e6']",1.0,1.0,1.0,True,0.0,12288,False,2
"[""build"", ""refactor""]","[""build"", ""refactor""]",0.507732629776001,"['5b81fde8a72cf2e69a10e9f5c4f0bea0a2b8c3e0', '36556bf8e0bce4ab6d26eafacbdad04d9614a5d7']",1.0,1.0,1.0,True,0.0,12288,False,2
"[""feat"", ""test""]","[""fix"", ""test""]",0.587573766708374,"['9ef5c0d14193a9abb09b39856f58477d1f4b0d77', 'b7ce2894fd1794064bd6db4ed730bb6cb7728739']",0.5,0.5,0.5,False,0.2857142857142857,12288,False,2
"[""build"", ""docs"", ""test"", ""ci"", ""feat"", ""fix"", ""refactor""]","[""build"", ""docs""]",1.075084209442139,"['c323d59c607cabc91f17a78528d998f376f30b10', 'c2ee5cd5e709afd15c5565ee009a0d204403a119']",0.2857142857142857,1.0,0.4444444444444445,False,0.7142857142857143,12288,False,2
"[""refactor"", ""ci""]","[""fix"", ""ci""]",0.458892822265625,"['9be725fa3906323d4bc9788f54eccf74109d632b', 'dbb537a26e388a8d7d17faf131abc30c2f7a84e6']",0.5,0.5,0.5,False,0.2857142857142857,12288,False,2
"[""refactor"", ""ci""]","[""fix"", ""ci""]",0.5926530361175537,"['9be725fa3906323d4bc9788f54eccf74109d632b', 'e7a67d88173566be3cd3aed7e9eeb7e29aabbc57']",0.5,0.5,0.5,False,0.2857142857142857,12288,False,2
"[""docs"", ""refactor""]","[""docs"", ""refactor""]",0.8846735954284668,"['c2ee5cd5e709afd15c5565ee009a0d204403a119', '062daa45cbd5dba6e96e95d8cdcaee89ae30a83c']",1.0,1.0,1.0,True,0.0,12288,False,2
"[""feat"", ""refactor"", ""docs""]","[""fix"", ""feat""]",0.9622972011566162,"['933ab6bb86372913c992567cf9660009900911a7', 'e137f9fdbdb6bf3f85c3f7ac9323785e445844c8']",0.3333333333333333,0.5,0.4,False,0.4285714285714285,12288,False,2
"[""refactor"", ""build""]","[""fix"", ""build""]",0.5358741283416748,"['9be725fa3906323d4bc9788f54eccf74109d632b', 'c44cf88a6ec54e5ddd99d8348bcc57b301ec7945']",0.5,0.5,0.5,False,0.2857142857142857,12288,False,2
"[""ci"", ""test"", ""build""]","[""ci"", ""docs""]",0.7263884544372559,"['173553c0372e66e03bdab19e0e6c2dd44daa14a0', 'e12d9e77a6fd531a22325337838a841b1c67f00d']",0.3333333333333333,0.5,0.4,False,0.4285714285714285,12288,False,2
"[""ci"", ""feat""]","[""ci"", ""feat""]",0.5502588748931885,"['6c9cb638cb4d1ecc42632fcf389c24898c5b3244', 'f823cf28652987d43c8324b4f5b203240032383a']",1.0,1.0,1.0,True,0.0,12288,False,2
"[""ci"", ""docs"", ""test""]","[""ci"", ""docs""]",0.6886062622070312,"['74e9de5ec97dc013a52aa063dff0f40ac74c407b', 'c2ee5cd5e709afd15c5565ee009a0d204403a119']",0.6666666666666666,1.0,0.8,False,0.1428571428571428,12288,False,2
"[""test""]","[""test"", ""build""]",0.5106239318847656,"['317f4eefecddfb1392ca71d551840f446feee302', '5b81fde8a72cf2e69a10e9f5c4f0bea0a2b8c3e0']",1.0,0.5,0.6666666666666666,False,0.1428571428571428,12288,False,2
"[""feat"", ""docs"", ""test"", ""ci"", ""build""]","[""docs"", ""feat""]",0.885427713394165,"['a52a585d74894b3b4eeb8c784fa089ff95cddad0', 'f823cf28652987d43c8324b4f5b203240032383a']",0.4,1.0,0.5714285714285715,False,0.4285714285714285,12288,False,2
"[""refactor"", ""build""]","[""refactor"", ""build""]",0.5179238319396973,"['47ef9104e4a89e80d7cc6c1950bc080841da4a7b', '5b81fde8a72cf2e69a10e9f5c4f0bea0a2b8c3e0']",1.0,1.0,1.0,True,0.0,12288,False,2
"[""feat"", ""refactor"", ""docs"", ""test"", ""ci"", ""build""]","[""feat"", ""refactor""]",1.4547622203826904,"['e137f9fdbdb6bf3f85c3f7ac9323785e445844c8', '771857b1df9470ebc15357e8879118a72c649d5b']",0.3333333333333333,1.0,0.5,False,0.5714285714285714,12288,False,2
"[""feat"", ""test"", ""refactor"", ""docs"", ""ci"", ""build""]","[""feat"", ""fix""]",1.15924334526062,"['6ed56ce9ae743ba9a87e6c9643cc06b1de7b748d', 'd1d55e787b7d07f763852602b9939a5394607fd9']",0.1666666666666666,0.5,0.25,False,0.8571428571428571,12288,False,2
"[""build"", ""docs""]","[""build"", ""docs""]",0.5024292469024658,"['c323d59c607cabc91f17a78528d998f376f30b10', '0cfc5633d37ea06f645649138323f1820e18bdee']",1.0,1.0,1.0,True,0.0,12288,False,2
"[""feat"", ""test"", ""build"", ""refactor"", ""docs""]","[""test"", ""refactor""]",1.1360900402069092,"['8ee0611fbf0cd89abe7ae588f22e6ecb843598ea', '2954a0955ce9af6acb345ed1e8328e145ad30475']",0.4,1.0,0.5714285714285715,False,0.4285714285714285,12288,False,2
"[""refactor"", ""test""]","[""refactor"", ""fix""]",0.5275685787200928,"['36556bf8e0bce4ab6d26eafacbdad04d9614a5d7', 'c8e0ae8612df3d6f2831acc004aaac332f6105e4']",0.5,0.5,0.5,False,0.2857142857142857,12288,False,2
"[""ci"", ""build"", ""refactor""]","[""build"", ""ci""]",0.7972867488861084,"['e4a11fd5c34942ba12737f1c8c084489428ee274', '173553c0372e66e03bdab19e0e6c2dd44daa14a0']",0.6666666666666666,1.0,0.8,False,0.1428571428571428,12288,False,2
"[""refactor"", ""feat""]","[""fix"", ""feat""]",0.5600688457489014,"['c8e0ae8612df3d6f2831acc004aaac332f6105e4', 'f9a094918b62534614c47aa8a13f33aec751a1e0']",0.5,0.5,0.5,False,0.2857142857142857,12288,False,2
"[""refactor"", ""docs""]","[""refactor"", ""docs""]",0.7220301628112793,"['771857b1df9470ebc15357e8879118a72c649d5b', '0cfc5633d37ea06f645649138323f1820e18bdee']",1.0,1.0,1.0,True,0.0,12288,False,2
"[""feat"", ""test"", ""docs"", ""refactor"", ""build"", ""ci""]","[""feat"", ""fix""]",1.1561379432678225,"['6ed56ce9ae743ba9a87e6c9643cc06b1de7b748d', '87d5d4e55ab7149b593d29410f1fe426ba2447d4']",0.1666666666666666,0.5,0.25,False,0.8571428571428571,12288,False,2
"[""test""]","[""refactor"", ""test""]",0.7087085247039795,"['1db13ec43727aca872a0f3836e4023ed85db665e', '229b53a632ea97d47c4be11f096bdd828fb415d8']",1.0,0.5,0.6666666666666666,False,0.1428571428571428,12288,False,2
"[""test"", ""feat""]","[""test"", ""refactor""]",0.7160646915435791,"['317f4eefecddfb1392ca71d551840f446feee302', '63eab619e6166eb6cab948028a7b89bf059dd878']",0.5,0.5,0.5,False,0.2857142857142857,12288,False,2
"[""refactor"", ""build""]","[""docs"", ""build""]",0.5651957988739014,"['e12d9e77a6fd531a22325337838a841b1c67f00d', 'c44cf88a6ec54e5ddd99d8348bcc57b301ec7945']",0.5,0.5,0.5,False,0.2857142857142857,12288,False,2
"[""test"", ""ci""]","[""refactor"", ""build""]",0.8277792930603027,"['1db13ec43727aca872a0f3836e4023ed85db665e', '32b92cfa0b74a6c25990e32ac6aab12b8496794c']",0.0,0.0,0.0,False,0.5714285714285714,12288,False,2
"[""docs"", ""refactor"", ""build""]","[""docs"", ""fix""]",0.7191996574401855,"['c2ee5cd5e709afd15c5565ee009a0d204403a119', 'bed78248c941d57ad4cc20a455147e186e97c7a1']",0.3333333333333333,0.5,0.4,False,0.4285714285714285,12288,False,2
"[""docs"", ""ci"", ""build""]","[""docs"", ""ci""]",0.7215001583099365,"['bf83c9155e9bee6925aa7102fab53fb803d52533', '173553c0372e66e03bdab19e0e6c2dd44daa14a0']",0.6666666666666666,1.0,0.8,False,0.1428571428571428,12288,False,2
"[""refactor"", ""ci""]","[""refactor"", ""ci""]",0.5228486061096191,"['36556bf8e0bce4ab6d26eafacbdad04d9614a5d7', '74e9de5ec97dc013a52aa063dff0f40ac74c407b']",1.0,1.0,1.0,True,0.0,12288,False,2
"[""feat"", ""test"", ""ci"", ""refactor""]","[""test"", ""fix""]",0.8193354606628418,"['e9617f0854030e70365eb264bcb3b58078e79e9e', '87d5d4e55ab7149b593d29410f1fe426ba2447d4']",0.25,0.5,0.3333333333333333,False,0.5714285714285714,12288,False,2
"[""feat"", ""refactor"", ""docs"", ""test"", ""ci"", ""build""]","[""feat"", ""refactor""]",1.3402080535888672,"['e137f9fdbdb6bf3f85c3f7ac9323785e445844c8', '47ef9104e4a89e80d7cc6c1950bc080841da4a7b']",0.3333333333333333,1.0,0.5,False,0.5714285714285714,12288,False,2
"[""refactor"", ""ci""]","[""fix"", ""ci""]",0.6014490127563477,"['2561f4ade46fc9d59f289f328cc77733a6443697', '74e9de5ec97dc013a52aa063dff0f40ac74c407b']",0.5,0.5,0.5,False,0.2857142857142857,12288,False,2
"[""build"", ""ci""]","[""build"", ""ci""]",0.4965717792510986,"['5b81fde8a72cf2e69a10e9f5c4f0bea0a2b8c3e0', 'e96487ad7ce90b141219d9032fa2bed68d5dae6a']",1.0,1.0,1.0,True,0.0,12288,False,2
"[""build"", ""test"", ""feat""]","[""build"", ""test""]",0.84934401512146,"['32b92cfa0b74a6c25990e32ac6aab12b8496794c', '8ee0611fbf0cd89abe7ae588f22e6ecb843598ea']",0.6666666666666666,1.0,0.8,False,0.1428571428571428,12288,False,2
"[""test"", ""ci""]","[""refactor"", ""ci""]",0.8298027515411377,"['1db13ec43727aca872a0f3836e4023ed85db665e', '74e9de5ec97dc013a52aa063dff0f40ac74c407b']",0.5,0.5,0.5,False,0.2857142857142857,12288,False,2
"[""refactor"", ""build""]","[""fix"", ""build""]",0.6424872875213623,"['2561f4ade46fc9d59f289f328cc77733a6443697', 'c55591ba157298a9c5816693c102a89dfd058830']",0.5,0.5,0.5,False,0.2857142857142857,12288,False,2
"[""build"", ""test""]","[""build"", ""refactor""]",0.7648189067840576,"['5b81fde8a72cf2e69a10e9f5c4f0bea0a2b8c3e0', '1db13ec43727aca872a0f3836e4023ed85db665e']",0.5,0.5,0.5,False,0.2857142857142857,12288,False,2
"[""build"", ""test"", ""ci"", ""feat""]","[""test"", ""ci""]",0.958200216293335,"['8ee0611fbf0cd89abe7ae588f22e6ecb843598ea', 'e96487ad7ce90b141219d9032fa2bed68d5dae6a']",0.5,1.0,0.6666666666666666,False,0.2857142857142857,12288,False,2
"[""test"", ""refactor"", ""ci"", ""build"", ""docs""]","[""test"", ""refactor""]",1.276169776916504,"['bedc7950b24c37809e36a585b7985d5aa5e3e458', '062daa45cbd5dba6e96e95d8cdcaee89ae30a83c']",0.4,1.0,0.5714285714285715,False,0.4285714285714285,12288,False,2
"[""ci"", ""feat"", ""refactor""]","[""ci"", ""refactor""]",0.7831647396087646,"['74e9de5ec97dc013a52aa063dff0f40ac74c407b', '63eab619e6166eb6cab948028a7b89bf059dd878']",0.6666666666666666,1.0,0.8,False,0.1428571428571428,12288,False,2
"[""test""]","[""test"", ""docs""]",0.5125670433044434,"['317f4eefecddfb1392ca71d551840f446feee302', 'af880ac5b4fecbc6c4f3d1eee0d95f326e8bd9d1']",1.0,0.5,0.6666666666666666,False,0.1428571428571428,12288,False,2
"[""feat"", ""fix""]","[""feat"", ""fix""]",0.5431921482086182,"['dc5238b2bda98a7c4f2fe9584fc3b0191a408109', '9ef5c0d14193a9abb09b39856f58477d1f4b0d77']",1.0,1.0,1.0,True,0.0,12288,False,2
"[""build"", ""ci"", ""docs"", ""feat"", ""fix"", ""refactor"", ""test""]","[""build"", ""docs""]",1.0971782207489014,"['e4a11fd5c34942ba12737f1c8c084489428ee274', 'e12d9e77a6fd531a22325337838a841b1c67f00d']",0.2857142857142857,1.0,0.4444444444444445,False,0.7142857142857143,12288,False,2
"[""feat"", ""test"", ""docs"", ""refactor"", ""build"", ""ci""]","[""feat"", ""refactor""]",1.258410930633545,"['6ed56ce9ae743ba9a87e6c9643cc06b1de7b748d', '63eab619e6166eb6cab948028a7b89bf059dd878']",0.3333333333333333,1.0,0.5,False,0.5714285714285714,12288,False,2
"[""ci"", ""feat"", ""docs""]","[""ci"", ""fix"", ""docs""]",1.3009562492370603,"['dbb537a26e388a8d7d17faf131abc30c2f7a84e6', 'd129eaf9125a967ac86c6c7276bbae6b4d50af36', 'cb1f48b56ae0de93acb72e48726c7d610a1d538e']",0.6666666666666666,0.6666666666666666,0.6666666666666666,False,0.2857142857142857,12288,False,3
"[""refactor"", ""test"", ""ci"", ""build""]","[""fix"", ""refactor"", ""feat""]",1.6416871547698977,"['933ab6bb86372913c992567cf9660009900911a7', '3cca5c314ad6feeffbfe1f14cf49ebd0fd9a95a2', '6ed56ce9ae743ba9a87e6c9643cc06b1de7b748d']",0.25,0.3333333333333333,0.2857142857142857,False,0.7142857142857143,12288,False,3
"[""build"", ""feat"", ""refactor""]","[""build"", ""feat"", ""ci""]",1.239800214767456,"['5b81fde8a72cf2e69a10e9f5c4f0bea0a2b8c3e0', 'e137f9fdbdb6bf3f85c3f7ac9323785e445844c8', '32845e1bbd1efb5dbc16f671049509a409ba25ce']",0.6666666666666666,0.6666666666666666,0.6666666666666666,False,0.2857142857142857,12288,False,3
"[""ci"", ""feat"", ""refactor"", ""build""]","[""ci"", ""docs"", ""feat""]",0.9574744701385498,"['45837af24a33308a70a3454f0f650f9fe728e272', '6d405dfc1675dcad64a2dfac0c0cb0fb28381d21', 'f823cf28652987d43c8324b4f5b203240032383a']",0.5,0.6666666666666666,0.5714285714285715,False,0.4285714285714285,12288,False,3
"[""ci"", ""docs"", ""build""]","[""ci"", ""docs"", ""build""]",0.6350014209747314,"['6c9cb638cb4d1ecc42632fcf389c24898c5b3244', 'bf83c9155e9bee6925aa7102fab53fb803d52533', 'c323d59c607cabc91f17a78528d998f376f30b10']",1.0,1.0,1.0,True,0.0,12288,False,3
"[""test"", ""ci"", ""feat""]","[""test"", ""docs"", ""fix""]",0.6872355937957764,"['229b53a632ea97d47c4be11f096bdd828fb415d8', 'e12d9e77a6fd531a22325337838a841b1c67f00d', 'd129eaf9125a967ac86c6c7276bbae6b4d50af36']",0.3333333333333333,0.3333333333333333,0.3333333333333333,False,0.5714285714285714,12288,False,3
"[""feat"", ""docs"", ""refactor""]","[""feat"", ""docs"", ""refactor""]",0.7631843090057373,"['68278b00450f2679761a2999500f6d87a579376b', 'c2ee5cd5e709afd15c5565ee009a0d204403a119', '535708ae50aecb452560a23356fd396f99ef13a2']",1.0,1.0,1.0,True,0.0,12288,False,3
"[""fix"", ""ci"", ""test""]","[""docs"", ""ci"", ""test""]",0.6633892059326172,"['0cfc5633d37ea06f645649138323f1820e18bdee', '6c9cb638cb4d1ecc42632fcf389c24898c5b3244', 'f411e58cd510f8a2b980b2f1932003a0c0e9f8f3']",0.6666666666666666,0.6666666666666666,0.6666666666666666,False,0.2857142857142857,12288,False,3
"[""refactor"", ""build""]","[""build"", ""fix"", ""refactor""]",0.6079437732696533,"['1269431c8a3e7549f10fcbbb4b88ff625c8898b3', '933ab6bb86372913c992567cf9660009900911a7', '36556bf8e0bce4ab6d26eafacbdad04d9614a5d7']",1.0,0.6666666666666666,0.8,False,0.1428571428571428,12288,False,3
"[""test"", ""refactor"", ""docs""]","[""test"", ""fix"", ""docs""]",0.7100462913513184,"['c7b25726df94a2530c9b1c0d2b6a0acaa103822f', '933ab6bb86372913c992567cf9660009900911a7', 'c2ee5cd5e709afd15c5565ee009a0d204403a119']",0.6666666666666666,0.6666666666666666,0.6666666666666666,False,0.2857142857142857,12288,False,3
"[""refactor"", ""build"", ""ci"", ""test"", ""docs""]","[""build"", ""refactor"", ""fix""]",1.0543687343597412,"['32b92cfa0b74a6c25990e32ac6aab12b8496794c', '771857b1df9470ebc15357e8879118a72c649d5b', '06e2be4e2019b6fa714e1fcb34485860ef1ede79']",0.4,0.6666666666666666,0.5,False,0.5714285714285714,12288,False,3
"[""test"", ""ci""]","[""test"", ""docs"", ""build""]",0.579110860824585,"['f411e58cd510f8a2b980b2f1932003a0c0e9f8f3', '036a0ff49a7dade0e04c9c07071a1ff49133ee24', 'c44cf88a6ec54e5ddd99d8348bcc57b301ec7945']",0.5,0.3333333333333333,0.4,False,0.4285714285714285,12288,False,3
"[""feat"", ""test"", ""docs"", ""build"", ""refactor""]","[""feat"", ""test"", ""refactor""]",1.1323869228363037,"['6ed56ce9ae743ba9a87e6c9643cc06b1de7b748d', 'c7b25726df94a2530c9b1c0d2b6a0acaa103822f', '535708ae50aecb452560a23356fd396f99ef13a2']",0.6,1.0,0.7499999999999999,False,0.2857142857142857,12288,False,3
"[""feat"", ""refactor"", ""docs"", ""test"", ""ci"", ""build""]","[""docs"", ""feat"", ""fix""]",1.4696922302246094,"['6d405dfc1675dcad64a2dfac0c0cb0fb28381d21', 'ded26d768ff432ad3bde3c0aa1e95ce50726100a', 'd129eaf9125a967ac86c6c7276bbae6b4d50af36']",0.3333333333333333,0.6666666666666666,0.4444444444444444,False,0.7142857142857143,12288,False,3
"[""ci"", ""docs"", ""refactor""]","[""ci"", ""docs"", ""fix""]",0.8449749946594238,"['e7a67d88173566be3cd3aed7e9eeb7e29aabbc57', 'c2ee5cd5e709afd15c5565ee009a0d204403a119', 'bed78248c941d57ad4cc20a455147e186e97c7a1']",0.6666666666666666,0.6666666666666666,0.6666666666666666,False,0.2857142857142857,12288,False,3
"[""ci"", ""docs"", ""feat""]","[""ci"", ""docs"", ""fix""]",0.7423739433288574,"['74e9de5ec97dc013a52aa063dff0f40ac74c407b', 'aca23027da1295c78fdf42ba9687d8ccc88784d7', 'd129eaf9125a967ac86c6c7276bbae6b4d50af36']",0.6666666666666666,0.6666666666666666,0.6666666666666666,False,0.2857142857142857,12288,False,3
"[""test"", ""refactor"", ""build""]","[""test"", ""fix"", ""build""]",0.7714745998382568,"['c7b25726df94a2530c9b1c0d2b6a0acaa103822f', 'bed78248c941d57ad4cc20a455147e186e97c7a1', 'c55591ba157298a9c5816693c102a89dfd058830']",0.6666666666666666,0.6666666666666666,0.6666666666666666,False,0.2857142857142857,12288,False,3
"[""ci"", ""docs"", ""refactor""]","[""docs"", ""ci"", ""fix""]",0.8032026290893555,"['a52a585d74894b3b4eeb8c784fa089ff95cddad0', 'e7a67d88173566be3cd3aed7e9eeb7e29aabbc57', 'bed78248c941d57ad4cc20a455147e186e97c7a1']",0.6666666666666666,0.6666666666666666,0.6666666666666666,False,0.2857142857142857,12288,False,3
"[""build"", ""ci"", ""test""]","[""build"", ""ci"", ""test""]",0.6529309749603271,"['f00a4d3e307b89842250358ee432e6800bb24362', '6c9cb638cb4d1ecc42632fcf389c24898c5b3244', 'c7b25726df94a2530c9b1c0d2b6a0acaa103822f']",1.0,1.0,1.0,True,0.0,12288,False,3
"[""feat"", ""refactor"", ""fix"", ""ci"", ""build"", ""test"", ""docs""]","[""refactor"", ""feat"", ""fix""]",1.1237411499023438,"['2954a0955ce9af6acb345ed1e8328e145ad30475', 'dc5238b2bda98a7c4f2fe9584fc3b0191a408109', '9ef5c0d14193a9abb09b39856f58477d1f4b0d77']",0.4285714285714285,1.0,0.6,False,0.5714285714285714,12288,False,3
"[""ci"", ""test"", ""refactor""]","[""ci"", ""test"", ""fix""]",0.7104897499084473,"['4cbbd2552ba0de273e1dfe7d453c5b3efed751a3', 'f411e58cd510f8a2b980b2f1932003a0c0e9f8f3', '06e2be4e2019b6fa714e1fcb34485860ef1ede79']",0.6666666666666666,0.6666666666666666,0.6666666666666666,False,0.2857142857142857,12288,False,3
"[""feat"", ""test"", ""ci"", ""build""]","[""feat"", ""refactor"", ""build""]",1.2090201377868652,"['b282e90e2cbb74559aab79eee8443a4d7c85502a', '1db13ec43727aca872a0f3836e4023ed85db665e', '37b1cbfd3d2c462ef4f2a131e4172c38dc8d9ddf']",0.5,0.6666666666666666,0.5714285714285715,False,0.4285714285714285,12288,False,3
"[""feat"", ""refactor"", ""ci"", ""build""]","[""fix"", ""feat"", ""ci""]",0.9931600093841552,"['d129eaf9125a967ac86c6c7276bbae6b4d50af36', 'fd8e563cc19ca4684885d4692acee6bebcca4ada', '173553c0372e66e03bdab19e0e6c2dd44daa14a0']",0.5,0.6666666666666666,0.5714285714285715,False,0.4285714285714285,12288,False,3
"[""feat"", ""test"", ""docs"", ""refactor"", ""ci"", ""build""]","[""docs"", ""refactor"", ""test""]",1.0969064235687256,"['036a0ff49a7dade0e04c9c07071a1ff49133ee24', '63eab619e6166eb6cab948028a7b89bf059dd878', '229b53a632ea97d47c4be11f096bdd828fb415d8']",0.5,1.0,0.6666666666666666,False,0.4285714285714285,12288,False,3
"[""test"", ""ci"", ""feat""]","[""test"", ""ci"", ""feat""]",0.9444010257720948,"['c7b25726df94a2530c9b1c0d2b6a0acaa103822f', '32845e1bbd1efb5dbc16f671049509a409ba25ce', 'b282e90e2cbb74559aab79eee8443a4d7c85502a']",1.0,1.0,1.0,True,0.0,12288,False,3
"[""feat"", ""build"", ""refactor""]","[""feat"", ""build"", ""refactor""]",0.6823279857635498,"['f9a094918b62534614c47aa8a13f33aec751a1e0', '5b81fde8a72cf2e69a10e9f5c4f0bea0a2b8c3e0', '36556bf8e0bce4ab6d26eafacbdad04d9614a5d7']",1.0,1.0,1.0,True,0.0,12288,False,3
"[""feat"", ""refactor"", ""test"", ""ci"", ""build""]","[""feat"", ""build"", ""docs""]",1.2658512592315674,"['e137f9fdbdb6bf3f85c3f7ac9323785e445844c8', '37b1cbfd3d2c462ef4f2a131e4172c38dc8d9ddf', 'e12d9e77a6fd531a22325337838a841b1c67f00d']",0.4,0.6666666666666666,0.5,False,0.5714285714285714,12288,False,3
"[""build"", ""ci"", ""refactor""]","[""build"", ""refactor"", ""ci""]",0.6857929229736328,"['f00a4d3e307b89842250358ee432e6800bb24362', '36556bf8e0bce4ab6d26eafacbdad04d9614a5d7', '4cbbd2552ba0de273e1dfe7d453c5b3efed751a3']",1.0,1.0,1.0,True,0.0,12288,False,3
"[""docs"", ""ci"", ""build""]","[""docs"", ""ci"", ""build""]",1.4850194454193115,"['cb1f48b56ae0de93acb72e48726c7d610a1d538e', 'e96487ad7ce90b141219d9032fa2bed68d5dae6a', '454003841aabeb74396d73541378bfa59c75b5db']",1.0,1.0,1.0,True,0.0,12288,False,3
"[""feat"", ""test"", ""build"", ""ci""]","[""fix"", ""test"", ""build""]",0.7834005355834961,"['d129eaf9125a967ac86c6c7276bbae6b4d50af36', 'e2e8ad25854bd1e7cdbc7f50b50bbd99e04ad47d', '1269431c8a3e7549f10fcbbb4b88ff625c8898b3']",0.5,0.6666666666666666,0.5714285714285715,False,0.4285714285714285,12288,False,3
"[""feat"", ""docs"", ""refactor"", ""ci"", ""build"", ""test""]","[""refactor"", ""docs"", ""feat""]",0.9846601486206056,"['2954a0955ce9af6acb345ed1e8328e145ad30475', 'a52a585d74894b3b4eeb8c784fa089ff95cddad0', 'b282e90e2cbb74559aab79eee8443a4d7c85502a']",0.5,1.0,0.6666666666666666,False,0.4285714285714285,12288,False,3
"[""test"", ""fix""]","[""docs"", ""refactor"", ""test""]",0.9618093967437744,"['0cfc5633d37ea06f645649138323f1820e18bdee', '1db13ec43727aca872a0f3836e4023ed85db665e', 'bedc7950b24c37809e36a585b7985d5aa5e3e458']",0.5,0.3333333333333333,0.4,False,0.4285714285714285,12288,False,3
"[""fix"", ""docs"", ""test""]","[""fix"", ""docs"", ""test""]",0.5932290554046631,"['933ab6bb86372913c992567cf9660009900911a7', '0cfc5633d37ea06f645649138323f1820e18bdee', 'c7b25726df94a2530c9b1c0d2b6a0acaa103822f']",1.0,1.0,1.0,True,0.0,12288,False,3
"[""refactor"", ""ci"", ""test""]","[""refactor"", ""ci"", ""test""]",0.6959397792816162,"['36556bf8e0bce4ab6d26eafacbdad04d9614a5d7', '6c9cb638cb4d1ecc42632fcf389c24898c5b3244', '229b53a632ea97d47c4be11f096bdd828fb415d8']",1.0,1.0,1.0,True,0.0,12288,False,3
"[""ci"", ""test"", ""docs""]","[""ci"", ""test"", ""docs""]",0.8076298236846924,"['c5fa7b80438fbd74f4c341f0d3c9bd9e0f4910da', '229b53a632ea97d47c4be11f096bdd828fb415d8', 'aca23027da1295c78fdf42ba9687d8ccc88784d7']",1.0,1.0,1.0,True,0.0,12288,False,3
"[""feat"", ""refactor"", ""docs"", ""test"", ""ci"", ""build""]","[""feat"", ""docs"", ""fix""]",1.1038312911987305,"['f823cf28652987d43c8324b4f5b203240032383a', '0cfc5633d37ea06f645649138323f1820e18bdee', '9ef5c0d14193a9abb09b39856f58477d1f4b0d77']",0.3333333333333333,0.6666666666666666,0.4444444444444444,False,0.7142857142857143,12288,False,3
"[""test"", ""ci"", ""refactor""]","[""test"", ""fix"", ""build""]",0.8011126518249512,"['317f4eefecddfb1392ca71d551840f446feee302', '06e2be4e2019b6fa714e1fcb34485860ef1ede79', 'c55591ba157298a9c5816693c102a89dfd058830']",0.3333333333333333,0.3333333333333333,0.3333333333333333,False,0.5714285714285714,12288,False,3
"[""feat"", ""refactor"", ""docs"", ""build""]","[""feat"", ""docs"", ""refactor""]",1.1095178127288818,"['e137f9fdbdb6bf3f85c3f7ac9323785e445844c8', 'bf83c9155e9bee6925aa7102fab53fb803d52533', '36556bf8e0bce4ab6d26eafacbdad04d9614a5d7']",0.75,1.0,0.8571428571428571,False,0.1428571428571428,12288,False,3
"[""feat"", ""ci"", ""build""]","[""fix"", ""ci"", ""build""]",0.672191858291626,"['d129eaf9125a967ac86c6c7276bbae6b4d50af36', '6c9cb638cb4d1ecc42632fcf389c24898c5b3244', 'c44cf88a6ec54e5ddd99d8348bcc57b301ec7945']",0.6666666666666666,0.6666666666666666,0.6666666666666666,False,0.2857142857142857,12288,False,3
"[""feat"", ""refactor"", ""docs""]","[""fix"", ""refactor"", ""docs""]",0.7517168521881104,"['2561f4ade46fc9d59f289f328cc77733a6443697', '2954a0955ce9af6acb345ed1e8328e145ad30475', 'a52a585d74894b3b4eeb8c784fa089ff95cddad0']",0.6666666666666666,0.6666666666666666,0.6666666666666666,False,0.2857142857142857,12288,False,3
"[""build"", ""refactor""]","[""build"", ""feat"", ""fix""]",0.5849716663360596,"['c55591ba157298a9c5816693c102a89dfd058830', 'dc5238b2bda98a7c4f2fe9584fc3b0191a408109', '9be725fa3906323d4bc9788f54eccf74109d632b']",0.5,0.3333333333333333,0.4,False,0.4285714285714285,12288,False,3
"[""test"", ""feat""]","[""test"", ""refactor"", ""feat""]",1.0018961429595947,"['229b53a632ea97d47c4be11f096bdd828fb415d8', '36556bf8e0bce4ab6d26eafacbdad04d9614a5d7', 'ded26d768ff432ad3bde3c0aa1e95ce50726100a']",1.0,0.6666666666666666,0.8,False,0.1428571428571428,12288,False,3
"[""test"", ""ci"", ""build""]","[""test"", ""build"", ""ci""]",0.8375105857849121,"['e0198f74b81da3663144cfe1d971939319f82a0f', 'c55591ba157298a9c5816693c102a89dfd058830', 'e7a67d88173566be3cd3aed7e9eeb7e29aabbc57']",1.0,1.0,1.0,True,0.0,12288,False,3
"[""test"", ""refactor"", ""docs""]","[""test"", ""fix"", ""docs""]",0.7825050354003906,"['bedc7950b24c37809e36a585b7985d5aa5e3e458', '933ab6bb86372913c992567cf9660009900911a7', '6d405dfc1675dcad64a2dfac0c0cb0fb28381d21']",0.6666666666666666,0.6666666666666666,0.6666666666666666,False,0.2857142857142857,12288,False,3
"[""test"", ""refactor"", ""ci"", ""build""]","[""fix"", ""build"", ""test""]",0.8635845184326172,"['d129eaf9125a967ac86c6c7276bbae6b4d50af36', '32b92cfa0b74a6c25990e32ac6aab12b8496794c', '317f4eefecddfb1392ca71d551840f446feee302']",0.5,0.6666666666666666,0.5714285714285715,False,0.4285714285714285,12288,False,3
"[""feat"", ""ci"", ""test"", ""docs"", ""build""]","[""feat"", ""fix"", ""ci""]",1.1499738693237305,"['f823cf28652987d43c8324b4f5b203240032383a', '9be725fa3906323d4bc9788f54eccf74109d632b', '32845e1bbd1efb5dbc16f671049509a409ba25ce']",0.4,0.6666666666666666,0.5,False,0.5714285714285714,12288,False,3
"[""refactor"", ""ci""]","[""fix"", ""docs"", ""build""]",0.6662092208862305,"['9ef5c0d14193a9abb09b39856f58477d1f4b0d77', 'a52a585d74894b3b4eeb8c784fa089ff95cddad0', '37b1cbfd3d2c462ef4f2a131e4172c38dc8d9ddf']",0.0,0.0,0.0,False,0.7142857142857143,12288,False,3
"[""feat"", ""ci"", ""docs""]","[""fix"", ""ci"", ""docs""]",0.6873421669006348,"['87d5d4e55ab7149b593d29410f1fe426ba2447d4', '4cbbd2552ba0de273e1dfe7d453c5b3efed751a3', '6d405dfc1675dcad64a2dfac0c0cb0fb28381d21']",0.6666666666666666,0.6666666666666666,0.6666666666666666,False,0.2857142857142857,12288,False,3
"[""feat"", ""docs"", ""test"", ""ci"", ""build""]","[""feat"", ""docs"", ""fix""]",1.7080729007720947,"['fd8e563cc19ca4684885d4692acee6bebcca4ada', 'cb1f48b56ae0de93acb72e48726c7d610a1d538e', 'bed78248c941d57ad4cc20a455147e186e97c7a1']",0.4,0.6666666666666666,0.5,False,0.5714285714285714,12288,False,3
"[""feat"", ""refactor"", ""ci"", ""build"", ""test"", ""docs""]","[""feat"", ""fix"", ""refactor""]",1.520695447921753,"['1bcf88670b50155b50071e707f98f30cea0b7a24', '9ef5c0d14193a9abb09b39856f58477d1f4b0d77', '062daa45cbd5dba6e96e95d8cdcaee89ae30a83c']",0.3333333333333333,0.6666666666666666,0.4444444444444444,False,0.7142857142857143,12288,False,3
"[""refactor"", ""docs"", ""test"", ""build"", ""feat""]","[""fix"", ""docs"", ""test""]",1.0355265140533447,"['bed78248c941d57ad4cc20a455147e186e97c7a1', 'a52a585d74894b3b4eeb8c784fa089ff95cddad0', 'e9617f0854030e70365eb264bcb3b58078e79e9e']",0.4,0.6666666666666666,0.5,False,0.5714285714285714,12288,False,3
"[""docs"", ""ci"", ""refactor""]","[""docs"", ""ci"", ""feat""]",1.131110906600952,"['c2ee5cd5e709afd15c5565ee009a0d204403a119', 'dbb537a26e388a8d7d17faf131abc30c2f7a84e6', 'ded26d768ff432ad3bde3c0aa1e95ce50726100a']",0.6666666666666666,0.6666666666666666,0.6666666666666666,False,0.2857142857142857,12288,False,3
"[""build"", ""refactor""]","[""build"", ""ci"", ""refactor""]",1.0351805686950684,"['454003841aabeb74396d73541378bfa59c75b5db', 'dbb537a26e388a8d7d17faf131abc30c2f7a84e6', '062daa45cbd5dba6e96e95d8cdcaee89ae30a83c']",1.0,0.6666666666666666,0.8,False,0.1428571428571428,12288,False,3
"[""feat"", ""test"", ""refactor"", ""ci"", ""build"", ""docs"", ""fix""]","[""feat"", ""fix"", ""test""]",1.1436033248901367,"['fd8e563cc19ca4684885d4692acee6bebcca4ada', 'd1d55e787b7d07f763852602b9939a5394607fd9', 'b7ce2894fd1794064bd6db4ed730bb6cb7728739']",0.4285714285714285,1.0,0.6,False,0.5714285714285714,12288,False,3
"[""docs"", ""test"", ""ci"", ""build""]","[""docs"", ""test"", ""build""]",0.8391647338867188,"['bf83c9155e9bee6925aa7102fab53fb803d52533', 'b7ce2894fd1794064bd6db4ed730bb6cb7728739', '37b1cbfd3d2c462ef4f2a131e4172c38dc8d9ddf']",0.75,1.0,0.8571428571428571,False,0.1428571428571428,12288,False,3
"[""feat"", ""test"", ""ci"", ""refactor""]","[""fix"", ""ci"", ""test""]",0.918020248413086,"['d129eaf9125a967ac86c6c7276bbae6b4d50af36', 'e7a67d88173566be3cd3aed7e9eeb7e29aabbc57', '317f4eefecddfb1392ca71d551840f446feee302']",0.5,0.6666666666666666,0.5714285714285715,False,0.4285714285714285,12288,False,3
"[""docs"", ""ci"", ""refactor""]","[""docs"", ""fix"", ""ci""]",0.6967406272888184,"['c2ee5cd5e709afd15c5565ee009a0d204403a119', 'd1d55e787b7d07f763852602b9939a5394607fd9', '6c9cb638cb4d1ecc42632fcf389c24898c5b3244']",0.6666666666666666,0.6666666666666666,0.6666666666666666,False,0.2857142857142857,12288,False,3
"[""ci"", ""refactor""]","[""ci"", ""fix"", ""docs""]",0.5693609714508057,"['dbb537a26e388a8d7d17faf131abc30c2f7a84e6', 'c8e0ae8612df3d6f2831acc004aaac332f6105e4', 'e12d9e77a6fd531a22325337838a841b1c67f00d']",0.5,0.3333333333333333,0.4,False,0.4285714285714285,12288,False,3
"[""build"", ""docs"", ""feat"", ""refactor""]","[""build"", ""docs"", ""refactor""]",0.787499189376831,"['c55591ba157298a9c5816693c102a89dfd058830', 'c2ee5cd5e709afd15c5565ee009a0d204403a119', 'a62314d9bb632be6af026686615d14b912250512']",0.75,1.0,0.8571428571428571,False,0.1428571428571428,12288,False,3
"[""refactor"", ""build"", ""ci"", ""test"", ""docs""]","[""fix"", ""build"", ""refactor""]",1.2254295349121094,"['d1d55e787b7d07f763852602b9939a5394607fd9', '32b92cfa0b74a6c25990e32ac6aab12b8496794c', '062daa45cbd5dba6e96e95d8cdcaee89ae30a83c']",0.4,0.6666666666666666,0.5,False,0.5714285714285714,12288,False,3
"[""test"", ""ci"", ""refactor""]","[""test"", ""docs"", ""build""]",0.7145912647247314,"['f411e58cd510f8a2b980b2f1932003a0c0e9f8f3', 'af880ac5b4fecbc6c4f3d1eee0d95f326e8bd9d1', '1269431c8a3e7549f10fcbbb4b88ff625c8898b3']",0.3333333333333333,0.3333333333333333,0.3333333333333333,False,0.5714285714285714,12288,False,3
"[""feat"", ""test""]","[""feat"", ""fix"", ""test""]",0.6073462963104248,"['f9a094918b62534614c47aa8a13f33aec751a1e0', '87d5d4e55ab7149b593d29410f1fe426ba2447d4', '317f4eefecddfb1392ca71d551840f446feee302']",1.0,0.6666666666666666,0.8,False,0.1428571428571428,12288,False,3
"[""test"", ""feat"", ""build""]","[""test"", ""fix"", ""feat""]",0.7409405708312988,"['229b53a632ea97d47c4be11f096bdd828fb415d8', 'c8e0ae8612df3d6f2831acc004aaac332f6105e4', 'f823cf28652987d43c8324b4f5b203240032383a']",0.6666666666666666,0.6666666666666666,0.6666666666666666,False,0.2857142857142857,12288,False,3
"[""feat"", ""refactor"", ""test""]","[""feat"", ""fix"", ""docs""]",0.6618199348449707,"['dc5238b2bda98a7c4f2fe9584fc3b0191a408109', '06e2be4e2019b6fa714e1fcb34485860ef1ede79', 'af880ac5b4fecbc6c4f3d1eee0d95f326e8bd9d1']",0.3333333333333333,0.3333333333333333,0.3333333333333333,False,0.5714285714285714,12288,False,3
"[""ci"", ""test"", ""refactor""]","[""ci"", ""docs"", ""test""]",0.7909970283508301,"['173553c0372e66e03bdab19e0e6c2dd44daa14a0', 'e12d9e77a6fd531a22325337838a841b1c67f00d', 'c7b25726df94a2530c9b1c0d2b6a0acaa103822f']",0.6666666666666666,0.6666666666666666,0.6666666666666666,False,0.2857142857142857,12288,False,3
"[""ci"", ""refactor""]","[""ci"", ""fix"", ""docs""]",0.638568639755249,"['dbb537a26e388a8d7d17faf131abc30c2f7a84e6', '2561f4ade46fc9d59f289f328cc77733a6443697', 'e12d9e77a6fd531a22325337838a841b1c67f00d']",0.5,0.3333333333333333,0.4,False,0.4285714285714285,12288,False,3
"[""feat"", ""refactor"", ""test""]","[""feat"", ""fix"", ""test""]",0.7729289531707764,"['f823cf28652987d43c8324b4f5b203240032383a', '9ef5c0d14193a9abb09b39856f58477d1f4b0d77', '229b53a632ea97d47c4be11f096bdd828fb415d8']",0.6666666666666666,0.6666666666666666,0.6666666666666666,False,0.2857142857142857,12288,False,3
"[""feat"", ""ci"", ""test"", ""refactor"", ""docs""]","[""docs"", ""ci"", ""feat""]",1.0887553691864014,"['6d405dfc1675dcad64a2dfac0c0cb0fb28381d21', '173553c0372e66e03bdab19e0e6c2dd44daa14a0', 'b282e90e2cbb74559aab79eee8443a4d7c85502a']",0.6,1.0,0.7499999999999999,False,0.2857142857142857,12288,False,3
"[""ci"", ""refactor""]","[""ci"", ""docs"", ""build""]",0.6826026439666748,"['c5fa7b80438fbd74f4c341f0d3c9bd9e0f4910da', '036a0ff49a7dade0e04c9c07071a1ff49133ee24', 'c44cf88a6ec54e5ddd99d8348bcc57b301ec7945']",0.5,0.3333333333333333,0.4,False,0.4285714285714285,12288,False,3
"[""ci"", ""build"", ""refactor""]","[""ci"", ""feat"", ""build""]",1.0391888618469238,"['32845e1bbd1efb5dbc16f671049509a409ba25ce', 'b282e90e2cbb74559aab79eee8443a4d7c85502a', '37b1cbfd3d2c462ef4f2a131e4172c38dc8d9ddf']",0.6666666666666666,0.6666666666666666,0.6666666666666666,False,0.2857142857142857,12288,False,3
"[""test"", ""feat""]","[""test"", ""build"", ""fix"", ""feat""]",0.605536937713623,"['e0198f74b81da3663144cfe1d971939319f82a0f', 'f00a4d3e307b89842250358ee432e6800bb24362', 'd129eaf9125a967ac86c6c7276bbae6b4d50af36', 'dc5238b2bda98a7c4f2fe9584fc3b0191a408109']",1.0,0.5,0.6666666666666666,False,0.2857142857142857,12288,False,4
"[""ci"", ""test"", ""refactor""]","[""ci"", ""build"", ""test"", ""docs""]",0.8396611213684082,"['c5fa7b80438fbd74f4c341f0d3c9bd9e0f4910da', '1269431c8a3e7549f10fcbbb4b88ff625c8898b3', 'e2e8ad25854bd1e7cdbc7f50b50bbd99e04ad47d', '036a0ff49a7dade0e04c9c07071a1ff49133ee24']",0.6666666666666666,0.5,0.5714285714285715,False,0.4285714285714285,12288,False,4
"[""feat"", ""refactor"", ""test"", ""docs""]","[""refactor"", ""feat"", ""docs"", ""test""]",1.3169004917144775,"['3cca5c314ad6feeffbfe1f14cf49ebd0fd9a95a2', 'dc5238b2bda98a7c4f2fe9584fc3b0191a408109', 'aca23027da1295c78fdf42ba9687d8ccc88784d7', '229b53a632ea97d47c4be11f096bdd828fb415d8']",1.0,1.0,1.0,True,0.0,12288,False,4
"[""refactor"", ""build"", ""test""]","[""fix"", ""test"", ""build"", ""refactor""]",0.8421857357025146,"['d1d55e787b7d07f763852602b9939a5394607fd9', 'bedc7950b24c37809e36a585b7985d5aa5e3e458', 'c55591ba157298a9c5816693c102a89dfd058830', '535708ae50aecb452560a23356fd396f99ef13a2']",1.0,0.75,0.8571428571428571,False,0.1428571428571428,12288,False,4
"[""feat"", ""refactor"", ""docs"", ""ci"", ""build"", ""test""]","[""docs"", ""build"", ""ci"", ""feat""]",1.4908058643341064,"['a52a585d74894b3b4eeb8c784fa089ff95cddad0', '1269431c8a3e7549f10fcbbb4b88ff625c8898b3', '45837af24a33308a70a3454f0f650f9fe728e272', 'e137f9fdbdb6bf3f85c3f7ac9323785e445844c8']",0.6666666666666666,1.0,0.8,False,0.2857142857142857,12288,False,4
"[""ci"", ""test"", ""docs"", ""refactor""]","[""test"", ""fix"", ""refactor"", ""ci""]",1.0217828750610352,"['e9617f0854030e70365eb264bcb3b58078e79e9e', 'bed78248c941d57ad4cc20a455147e186e97c7a1', '535708ae50aecb452560a23356fd396f99ef13a2', 'c5fa7b80438fbd74f4c341f0d3c9bd9e0f4910da']",0.75,0.75,0.75,False,0.2857142857142857,12288,False,4
"[""ci"", ""refactor"", ""feat""]","[""ci"", ""fix"", ""feat"", ""refactor""]",0.9522206783294678,"['e7a67d88173566be3cd3aed7e9eeb7e29aabbc57', 'bed78248c941d57ad4cc20a455147e186e97c7a1', 'f823cf28652987d43c8324b4f5b203240032383a', '2954a0955ce9af6acb345ed1e8328e145ad30475']",1.0,0.75,0.8571428571428571,False,0.1428571428571428,12288,False,4
"[""docs"", ""test"", ""build"", ""refactor""]","[""docs"", ""ci"", ""test"", ""refactor""]",1.5301225185394287,"['aca23027da1295c78fdf42ba9687d8ccc88784d7', '74e9de5ec97dc013a52aa063dff0f40ac74c407b', '317f4eefecddfb1392ca71d551840f446feee302', '3cca5c314ad6feeffbfe1f14cf49ebd0fd9a95a2']",0.75,0.75,0.75,False,0.2857142857142857,12288,False,4
"[""feat"", ""refactor"", ""docs"", ""build""]","[""fix"", ""feat"", ""build"", ""docs""]",1.1333410739898682,"['9be725fa3906323d4bc9788f54eccf74109d632b', 'e137f9fdbdb6bf3f85c3f7ac9323785e445844c8', 'c323d59c607cabc91f17a78528d998f376f30b10', '0cfc5633d37ea06f645649138323f1820e18bdee']",0.75,0.75,0.75,False,0.2857142857142857,12288,False,4
"[""fix"", ""feat"", ""refactor"", ""docs"", ""test"", ""ci"", ""build""]","[""docs"", ""feat"", ""test"", ""fix""]",1.2622652053833008,"['0cfc5633d37ea06f645649138323f1820e18bdee', '1bcf88670b50155b50071e707f98f30cea0b7a24', '229b53a632ea97d47c4be11f096bdd828fb415d8', '87d5d4e55ab7149b593d29410f1fe426ba2447d4']",0.5714285714285714,1.0,0.7272727272727273,False,0.4285714285714285,12288,False,4
"[""build"", ""refactor"", ""ci""]","[""build"", ""refactor"", ""test"", ""ci""]",1.1107048988342283,"['c55591ba157298a9c5816693c102a89dfd058830', '062daa45cbd5dba6e96e95d8cdcaee89ae30a83c', 'c7b25726df94a2530c9b1c0d2b6a0acaa103822f', 'dbb537a26e388a8d7d17faf131abc30c2f7a84e6']",1.0,0.75,0.8571428571428571,False,0.1428571428571428,12288,False,4
"[""feat"", ""test"", ""refactor"", ""ci"", ""build""]","[""feat"", ""fix"", ""test"", ""refactor""]",0.9141323566436768,"['dc5238b2bda98a7c4f2fe9584fc3b0191a408109', 'c8e0ae8612df3d6f2831acc004aaac332f6105e4', 'f411e58cd510f8a2b980b2f1932003a0c0e9f8f3', '47ef9104e4a89e80d7cc6c1950bc080841da4a7b']",0.6,0.75,0.6666666666666665,False,0.4285714285714285,12288,False,4
"[""feat"", ""ci"", ""test"", ""docs""]","[""refactor"", ""docs"", ""test"", ""ci""]",0.9559719562530518,"['63eab619e6166eb6cab948028a7b89bf059dd878', 'aca23027da1295c78fdf42ba9687d8ccc88784d7', 'f411e58cd510f8a2b980b2f1932003a0c0e9f8f3', 'e7a67d88173566be3cd3aed7e9eeb7e29aabbc57']",0.75,0.75,0.75,False,0.2857142857142857,12288,False,4
"[""docs"", ""refactor"", ""test""]","[""docs"", ""refactor"", ""test"", ""fix""]",1.1809589862823486,"['aca23027da1295c78fdf42ba9687d8ccc88784d7', '062daa45cbd5dba6e96e95d8cdcaee89ae30a83c', 'b7ce2894fd1794064bd6db4ed730bb6cb7728739', '06e2be4e2019b6fa714e1fcb34485860ef1ede79']",1.0,0.75,0.8571428571428571,False,0.1428571428571428,12288,False,4
"[""test"", ""ci"", ""docs""]","[""test"", ""docs"", ""build"", ""ci""]",1.093740940093994,"['317f4eefecddfb1392ca71d551840f446feee302', 'aca23027da1295c78fdf42ba9687d8ccc88784d7', 'f00a4d3e307b89842250358ee432e6800bb24362', '32845e1bbd1efb5dbc16f671049509a409ba25ce']",1.0,0.75,0.8571428571428571,False,0.1428571428571428,12288,False,4
[],"[""fix"", ""refactor"", ""docs"", ""test""]",0.9322309494018556,"['933ab6bb86372913c992567cf9660009900911a7', '3cca5c314ad6feeffbfe1f14cf49ebd0fd9a95a2', 'a52a585d74894b3b4eeb8c784fa089ff95cddad0', '229b53a632ea97d47c4be11f096bdd828fb415d8']",0.0,0.0,0.0,False,0.5714285714285714,12288,False,4
"[""feat"", ""refactor"", ""ci"", ""docs"", ""build""]","[""refactor"", ""ci"", ""docs"", ""build""]",1.0474302768707275,"['63eab619e6166eb6cab948028a7b89bf059dd878', '6c9cb638cb4d1ecc42632fcf389c24898c5b3244', 'a52a585d74894b3b4eeb8c784fa089ff95cddad0', 'c55591ba157298a9c5816693c102a89dfd058830']",0.8,1.0,0.888888888888889,False,0.1428571428571428,12288,False,4
"[""ci"", ""test"", ""build"", ""docs"", ""feat"", ""refactor""]","[""ci"", ""build"", ""test"", ""fix""]",1.4295406341552734,"['173553c0372e66e03bdab19e0e6c2dd44daa14a0', 'c55591ba157298a9c5816693c102a89dfd058830', '8ee0611fbf0cd89abe7ae588f22e6ecb843598ea', '87d5d4e55ab7149b593d29410f1fe426ba2447d4']",0.5,0.75,0.6,False,0.5714285714285714,12288,False,4
"[""ci"", ""build""]","[""ci"", ""build"", ""feat"", ""fix""]",0.9134087562561036,"['32845e1bbd1efb5dbc16f671049509a409ba25ce', '32b92cfa0b74a6c25990e32ac6aab12b8496794c', 'fd8e563cc19ca4684885d4692acee6bebcca4ada', '933ab6bb86372913c992567cf9660009900911a7']",1.0,0.5,0.6666666666666666,False,0.2857142857142857,12288,False,4
"[""test"", ""ci"", ""build"", ""feat""]","[""test"", ""build"", ""fix"", ""feat""]",1.2449259757995603,"['317f4eefecddfb1392ca71d551840f446feee302', '454003841aabeb74396d73541378bfa59c75b5db', '933ab6bb86372913c992567cf9660009900911a7', '6ed56ce9ae743ba9a87e6c9643cc06b1de7b748d']",0.75,0.75,0.75,False,0.2857142857142857,12288,False,4
"[""feat"", ""test"", ""refactor"", ""docs"", ""ci"", ""build""]","[""fix"", ""docs"", ""test"", ""refactor""]",1.156618595123291,"['d1d55e787b7d07f763852602b9939a5394607fd9', '6d405dfc1675dcad64a2dfac0c0cb0fb28381d21', 'e0198f74b81da3663144cfe1d971939319f82a0f', '36556bf8e0bce4ab6d26eafacbdad04d9614a5d7']",0.5,0.75,0.6,False,0.5714285714285714,12288,False,4
"[""ci"", ""docs"", ""feat"", ""refactor"", ""test""]","[""ci"", ""docs"", ""build"", ""feat""]",1.0750353336334229,"['e7a67d88173566be3cd3aed7e9eeb7e29aabbc57', '6d405dfc1675dcad64a2dfac0c0cb0fb28381d21', 'c44cf88a6ec54e5ddd99d8348bcc57b301ec7945', 'f9a094918b62534614c47aa8a13f33aec751a1e0']",0.6,0.75,0.6666666666666665,False,0.4285714285714285,12288,False,4
"[""feat"", ""test"", ""refactor"", ""docs""]","[""fix"", ""test"", ""feat"", ""docs""]",1.1201286315917969,"['2561f4ade46fc9d59f289f328cc77733a6443697', 'e0198f74b81da3663144cfe1d971939319f82a0f', '1bcf88670b50155b50071e707f98f30cea0b7a24', '6d405dfc1675dcad64a2dfac0c0cb0fb28381d21']",0.75,0.75,0.75,False,0.2857142857142857,12288,False,4
"[""ci"", ""refactor"", ""test""]","[""ci"", ""fix"", ""test"", ""docs""]",0.7585747241973877,"['4cbbd2552ba0de273e1dfe7d453c5b3efed751a3', '933ab6bb86372913c992567cf9660009900911a7', 'b7ce2894fd1794064bd6db4ed730bb6cb7728739', 'af880ac5b4fecbc6c4f3d1eee0d95f326e8bd9d1']",0.6666666666666666,0.5,0.5714285714285715,False,0.4285714285714285,12288,False,4
"[""feat"", ""refactor"", ""ci"", ""build"", ""test"", ""docs""]","[""feat"", ""ci"", ""refactor"", ""fix""]",1.229766845703125,"['f823cf28652987d43c8324b4f5b203240032383a', '45837af24a33308a70a3454f0f650f9fe728e272', '36556bf8e0bce4ab6d26eafacbdad04d9614a5d7', 'bed78248c941d57ad4cc20a455147e186e97c7a1']",0.5,0.75,0.6,False,0.5714285714285714,12288,False,4
"[""feat"", ""refactor"", ""docs"", ""test"", ""ci"", ""build""]","[""refactor"", ""feat"", ""docs"", ""build""]",1.4624953269958496,"['63eab619e6166eb6cab948028a7b89bf059dd878', 'e137f9fdbdb6bf3f85c3f7ac9323785e445844c8', 'a52a585d74894b3b4eeb8c784fa089ff95cddad0', 'f00a4d3e307b89842250358ee432e6800bb24362']",0.6666666666666666,1.0,0.8,False,0.2857142857142857,12288,False,4
"[""build"", ""ci"", ""refactor"", ""test"", ""docs""]","[""build"", ""test"", ""ci"", ""refactor""]",1.4111943244934082,"['1269431c8a3e7549f10fcbbb4b88ff625c8898b3', '8ee0611fbf0cd89abe7ae588f22e6ecb843598ea', '45837af24a33308a70a3454f0f650f9fe728e272', '63eab619e6166eb6cab948028a7b89bf059dd878']",0.8,1.0,0.888888888888889,False,0.1428571428571428,12288,False,4
"[""build"", ""refactor"", ""test"", ""docs"", ""feat"", ""ci""]","[""build"", ""docs"", ""feat"", ""fix""]",1.2433342933654783,"['37b1cbfd3d2c462ef4f2a131e4172c38dc8d9ddf', '6d405dfc1675dcad64a2dfac0c0cb0fb28381d21', 'b282e90e2cbb74559aab79eee8443a4d7c85502a', '2561f4ade46fc9d59f289f328cc77733a6443697']",0.5,0.75,0.6,False,0.5714285714285714,12288,False,4
"[""build"", ""test"", ""ci"", ""feat"", ""refactor""]","[""build"", ""test"", ""ci"", ""feat""]",1.3846302032470703,"['c55591ba157298a9c5816693c102a89dfd058830', '317f4eefecddfb1392ca71d551840f446feee302', 'c5fa7b80438fbd74f4c341f0d3c9bd9e0f4910da', '6ed56ce9ae743ba9a87e6c9643cc06b1de7b748d']",0.8,1.0,0.888888888888889,False,0.1428571428571428,12288,False,4
"[""feat"", ""refactor"", ""docs"", ""build"", ""test"", ""ci""]","[""fix"", ""build"", ""docs"", ""refactor""]",1.5452897548675537,"['933ab6bb86372913c992567cf9660009900911a7', '5b81fde8a72cf2e69a10e9f5c4f0bea0a2b8c3e0', 'c2ee5cd5e709afd15c5565ee009a0d204403a119', '3cca5c314ad6feeffbfe1f14cf49ebd0fd9a95a2']",0.5,0.75,0.6,False,0.5714285714285714,12288,False,4
"[""ci"", ""refactor""]","[""fix"", ""feat"", ""docs"", ""ci""]",0.6530628204345703,"['933ab6bb86372913c992567cf9660009900911a7', 'dc5238b2bda98a7c4f2fe9584fc3b0191a408109', '036a0ff49a7dade0e04c9c07071a1ff49133ee24', 'e7a67d88173566be3cd3aed7e9eeb7e29aabbc57']",0.5,0.25,0.3333333333333333,False,0.5714285714285714,12288,False,4
"[""feat"", ""refactor"", ""test""]","[""docs"", ""fix"", ""feat"", ""refactor""]",0.7024664878845215,"['af880ac5b4fecbc6c4f3d1eee0d95f326e8bd9d1', 'c8e0ae8612df3d6f2831acc004aaac332f6105e4', 'f9a094918b62534614c47aa8a13f33aec751a1e0', '47ef9104e4a89e80d7cc6c1950bc080841da4a7b']",0.6666666666666666,0.5,0.5714285714285715,False,0.4285714285714285,12288,False,4
"[""feat"", ""refactor"", ""ci"", ""build"", ""docs""]","[""fix"", ""build"", ""feat"", ""ci""]",1.3738384246826172,"['d129eaf9125a967ac86c6c7276bbae6b4d50af36', '1269431c8a3e7549f10fcbbb4b88ff625c8898b3', 'e137f9fdbdb6bf3f85c3f7ac9323785e445844c8', '173553c0372e66e03bdab19e0e6c2dd44daa14a0']",0.6,0.75,0.6666666666666665,False,0.4285714285714285,12288,False,4
"[""feat"", ""refactor"", ""test"", ""ci"", ""build""]","[""feat"", ""refactor"", ""test"", ""build""]",0.9398212432861328,"['dc5238b2bda98a7c4f2fe9584fc3b0191a408109', '771857b1df9470ebc15357e8879118a72c649d5b', 'b7ce2894fd1794064bd6db4ed730bb6cb7728739', 'c323d59c607cabc91f17a78528d998f376f30b10']",0.8,1.0,0.888888888888889,False,0.1428571428571428,12288,False,4
"[""build"", ""test"", ""ci"", ""feat""]","[""build"", ""test"", ""ci"", ""fix""]",0.8688473701477051,"['5b81fde8a72cf2e69a10e9f5c4f0bea0a2b8c3e0', 'b7ce2894fd1794064bd6db4ed730bb6cb7728739', '74e9de5ec97dc013a52aa063dff0f40ac74c407b', 'd129eaf9125a967ac86c6c7276bbae6b4d50af36']",0.75,0.75,0.75,False,0.2857142857142857,12288,False,4
"[""test"", ""ci"", ""build"", ""refactor""]","[""docs"", ""feat"", ""build"", ""ci""]",1.4119808673858645,"['af880ac5b4fecbc6c4f3d1eee0d95f326e8bd9d1', 'ded26d768ff432ad3bde3c0aa1e95ce50726100a', '454003841aabeb74396d73541378bfa59c75b5db', '4cbbd2552ba0de273e1dfe7d453c5b3efed751a3']",0.5,0.5,0.5,False,0.5714285714285714,12288,False,4
"[""feat"", ""ci"", ""build""]","[""docs"", ""refactor"", ""ci"", ""build""]",0.823004961013794,"['036a0ff49a7dade0e04c9c07071a1ff49133ee24', '535708ae50aecb452560a23356fd396f99ef13a2', 'e7a67d88173566be3cd3aed7e9eeb7e29aabbc57', 'c55591ba157298a9c5816693c102a89dfd058830']",0.6666666666666666,0.5,0.5714285714285715,False,0.4285714285714285,12288,False,4
"[""feat"", ""ci"", ""refactor"", ""docs""]","[""refactor"", ""ci"", ""fix"", ""docs""]",0.8754889965057373,"['2954a0955ce9af6acb345ed1e8328e145ad30475', '6c9cb638cb4d1ecc42632fcf389c24898c5b3244', 'd1d55e787b7d07f763852602b9939a5394607fd9', '6d405dfc1675dcad64a2dfac0c0cb0fb28381d21']",0.75,0.75,0.75,False,0.2857142857142857,12288,False,4
"[""test"", ""ci"", ""docs"", ""refactor""]","[""test"", ""ci"", ""docs"", ""feat""]",1.2925684452056885,"['229b53a632ea97d47c4be11f096bdd828fb415d8', '4cbbd2552ba0de273e1dfe7d453c5b3efed751a3', 'bf83c9155e9bee6925aa7102fab53fb803d52533', 'ded26d768ff432ad3bde3c0aa1e95ce50726100a']",0.75,0.75,0.75,False,0.2857142857142857,12288,False,4
"[""feat"", ""fix"", ""refactor"", ""test"", ""docs"", ""ci"", ""build""]","[""refactor"", ""fix"", ""test"", ""feat""]",1.2893548011779783,"['47ef9104e4a89e80d7cc6c1950bc080841da4a7b', '9ef5c0d14193a9abb09b39856f58477d1f4b0d77', 'b7ce2894fd1794064bd6db4ed730bb6cb7728739', '1bcf88670b50155b50071e707f98f30cea0b7a24']",0.5714285714285714,1.0,0.7272727272727273,False,0.4285714285714285,12288,False,4
"[""ci"", ""feat"", ""refactor"", ""test""]","[""docs"", ""feat"", ""ci"", ""refactor""]",1.0702695846557615,"['e12d9e77a6fd531a22325337838a841b1c67f00d', 'fd8e563cc19ca4684885d4692acee6bebcca4ada', '173553c0372e66e03bdab19e0e6c2dd44daa14a0', '535708ae50aecb452560a23356fd396f99ef13a2']",0.75,0.75,0.75,False,0.2857142857142857,12288,False,4
"[""test""]","[""refactor"", ""feat"", ""docs"", ""ci""]",0.8766226768493652,"['1db13ec43727aca872a0f3836e4023ed85db665e', 'b282e90e2cbb74559aab79eee8443a4d7c85502a', 'e12d9e77a6fd531a22325337838a841b1c67f00d', '74e9de5ec97dc013a52aa063dff0f40ac74c407b']",0.0,0.0,0.0,False,0.7142857142857143,12288,False,4
"[""docs"", ""ci"", ""test"", ""refactor""]","[""docs"", ""ci"", ""refactor"", ""test""]",0.9442508220672609,"['aca23027da1295c78fdf42ba9687d8ccc88784d7', '74e9de5ec97dc013a52aa063dff0f40ac74c407b', '2954a0955ce9af6acb345ed1e8328e145ad30475', 'f411e58cd510f8a2b980b2f1932003a0c0e9f8f3']",1.0,1.0,1.0,True,0.0,12288,False,4
"[""test"", ""ci"", ""docs""]","[""test"", ""docs"", ""ci"", ""fix""]",0.71820068359375,"['b7ce2894fd1794064bd6db4ed730bb6cb7728739', 'af880ac5b4fecbc6c4f3d1eee0d95f326e8bd9d1', '6c9cb638cb4d1ecc42632fcf389c24898c5b3244', 'd129eaf9125a967ac86c6c7276bbae6b4d50af36']",1.0,0.75,0.8571428571428571,False,0.1428571428571428,12288,False,4
"[""ci"", ""test"", ""docs"", ""refactor""]","[""ci"", ""refactor"", ""test"", ""docs""]",1.1996424198150637,"['e7a67d88173566be3cd3aed7e9eeb7e29aabbc57', '36556bf8e0bce4ab6d26eafacbdad04d9614a5d7', '8ee0611fbf0cd89abe7ae588f22e6ecb843598ea', 'c2ee5cd5e709afd15c5565ee009a0d204403a119']",1.0,1.0,1.0,True,0.0,12288,False,4
"[""docs"", ""refactor"", ""test"", ""build""]","[""docs"", ""feat"", ""test"", ""build""]",1.0608158111572266,"['0cfc5633d37ea06f645649138323f1820e18bdee', 'fd8e563cc19ca4684885d4692acee6bebcca4ada', 'e9617f0854030e70365eb264bcb3b58078e79e9e', '1269431c8a3e7549f10fcbbb4b88ff625c8898b3']",0.75,0.75,0.75,False,0.2857142857142857,12288,False,4
"[""feat"", ""test"", ""refactor"", ""ci"", ""build"", ""docs"", ""fix""]","[""refactor"", ""feat"", ""test"", ""fix""]",1.2345879077911377,"['47ef9104e4a89e80d7cc6c1950bc080841da4a7b', 'b282e90e2cbb74559aab79eee8443a4d7c85502a', 'e0198f74b81da3663144cfe1d971939319f82a0f', 'bed78248c941d57ad4cc20a455147e186e97c7a1']",0.5714285714285714,1.0,0.7272727272727273,False,0.4285714285714285,12288,False,4
"[""build"", ""ci"", ""docs"", ""feat"", ""refactor"", ""test""]","[""build"", ""ci"", ""fix"", ""refactor""]",1.4105145931243896,"['454003841aabeb74396d73541378bfa59c75b5db', '173553c0372e66e03bdab19e0e6c2dd44daa14a0', 'd129eaf9125a967ac86c6c7276bbae6b4d50af36', '63eab619e6166eb6cab948028a7b89bf059dd878']",0.5,0.75,0.6,False,0.5714285714285714,12288,False,4
"[""feat"", ""test"", ""ci"", ""build"", ""refactor"", ""docs""]","[""test"", ""refactor"", ""docs"", ""feat""]",1.3944158554077148,"['e9617f0854030e70365eb264bcb3b58078e79e9e', '2954a0955ce9af6acb345ed1e8328e145ad30475', 'c2ee5cd5e709afd15c5565ee009a0d204403a119', '6ed56ce9ae743ba9a87e6c9643cc06b1de7b748d']",0.6666666666666666,1.0,0.8,False,0.2857142857142857,12288,False,4
"[""build"", ""test"", ""ci"", ""refactor""]","[""build"", ""refactor"", ""fix"", ""ci""]",0.961082935333252,"['454003841aabeb74396d73541378bfa59c75b5db', 'a62314d9bb632be6af026686615d14b912250512', '06e2be4e2019b6fa714e1fcb34485860ef1ede79', '4cbbd2552ba0de273e1dfe7d453c5b3efed751a3']",0.75,0.75,0.75,False,0.2857142857142857,12288,False,4
"[""feat"", ""refactor"", ""test"", ""ci"", ""docs""]","[""feat"", ""test"", ""refactor"", ""ci""]",1.1059331893920898,"['b282e90e2cbb74559aab79eee8443a4d7c85502a', 'e2e8ad25854bd1e7cdbc7f50b50bbd99e04ad47d', '63eab619e6166eb6cab948028a7b89bf059dd878', '6c9cb638cb4d1ecc42632fcf389c24898c5b3244']",0.8,1.0,0.888888888888889,False,0.1428571428571428,12288,False,4
"[""fix"", ""docs"", ""test"", ""refactor"", ""build""]","[""docs"", ""fix"", ""test"", ""refactor""]",1.2812221050262451,"['0cfc5633d37ea06f645649138323f1820e18bdee', 'd1d55e787b7d07f763852602b9939a5394607fd9', 'e2e8ad25854bd1e7cdbc7f50b50bbd99e04ad47d', '062daa45cbd5dba6e96e95d8cdcaee89ae30a83c']",0.8,1.0,0.888888888888889,False,0.1428571428571428,12288,False,4
"[""refactor"", ""fix"", ""ci"", ""build""]","[""refactor"", ""fix"", ""docs"", ""ci""]",0.8936705589294434,"['47ef9104e4a89e80d7cc6c1950bc080841da4a7b', 'd129eaf9125a967ac86c6c7276bbae6b4d50af36', '0cfc5633d37ea06f645649138323f1820e18bdee', '45837af24a33308a70a3454f0f650f9fe728e272']",0.75,0.75,0.75,False,0.2857142857142857,12288,False,4
"[""refactor"", ""ci"", ""build"", ""test"", ""docs""]","[""fix"", ""build"", ""ci"", ""test""]",1.361537218093872,"['bed78248c941d57ad4cc20a455147e186e97c7a1', '1269431c8a3e7549f10fcbbb4b88ff625c8898b3', '45837af24a33308a70a3454f0f650f9fe728e272', '8ee0611fbf0cd89abe7ae588f22e6ecb843598ea']",0.6,0.75,0.6666666666666665,False,0.4285714285714285,12288,False,4
"[""build"", ""test"", ""docs""]","[""build"", ""fix"", ""ci"", ""docs""]",1.000532627105713,"['454003841aabeb74396d73541378bfa59c75b5db', 'bed78248c941d57ad4cc20a455147e186e97c7a1', '45837af24a33308a70a3454f0f650f9fe728e272', 'c2ee5cd5e709afd15c5565ee009a0d204403a119']",0.6666666666666666,0.5,0.5714285714285715,False,0.4285714285714285,12288,False,4
"[""ci"", ""refactor"", ""test"", ""feat""]","[""ci"", ""refactor"", ""fix"", ""docs""]",1.339982986450195,"['dbb537a26e388a8d7d17faf131abc30c2f7a84e6', '3cca5c314ad6feeffbfe1f14cf49ebd0fd9a95a2', 'd1d55e787b7d07f763852602b9939a5394607fd9', '6d405dfc1675dcad64a2dfac0c0cb0fb28381d21']",0.5,0.5,0.5,False,0.5714285714285714,12288,False,4
"[""feat"", ""refactor"", ""docs"", ""ci"", ""test"", ""build""]","[""fix"", ""ci"", ""docs"", ""refactor""]",1.262730360031128,"['2561f4ade46fc9d59f289f328cc77733a6443697', '6c9cb638cb4d1ecc42632fcf389c24898c5b3244', 'bf83c9155e9bee6925aa7102fab53fb803d52533', '771857b1df9470ebc15357e8879118a72c649d5b']",0.5,0.75,0.6,False,0.5714285714285714,12288,False,4
"[""feat"", ""refactor"", ""test"", ""docs"", ""ci"", ""build""]","[""fix"", ""feat"", ""build"", ""docs""]",1.159996747970581,"['06e2be4e2019b6fa714e1fcb34485860ef1ede79', 'fd8e563cc19ca4684885d4692acee6bebcca4ada', '32b92cfa0b74a6c25990e32ac6aab12b8496794c', '6d405dfc1675dcad64a2dfac0c0cb0fb28381d21']",0.5,0.75,0.6,False,0.5714285714285714,12288,False,4
"[""build"", ""test"", ""refactor""]","[""build"", ""ci"", ""test"", ""feat""]",0.8526449203491211,"['c55591ba157298a9c5816693c102a89dfd058830', '45837af24a33308a70a3454f0f650f9fe728e272', 'b7ce2894fd1794064bd6db4ed730bb6cb7728739', 'dc5238b2bda98a7c4f2fe9584fc3b0191a408109']",0.6666666666666666,0.5,0.5714285714285715,False,0.4285714285714285,12288,False,4
"[""ci"", ""feat"", ""test"", ""refactor"", ""docs""]","[""ci"", ""docs"", ""feat"", ""test""]",1.1437098979949951,"['173553c0372e66e03bdab19e0e6c2dd44daa14a0', 'e12d9e77a6fd531a22325337838a841b1c67f00d', 'f823cf28652987d43c8324b4f5b203240032383a', '229b53a632ea97d47c4be11f096bdd828fb415d8']",0.8,1.0,0.888888888888889,False,0.1428571428571428,12288,False,4
"[""refactor"", ""docs"", ""ci"", ""test""]","[""refactor"", ""docs"", ""ci"", ""test""]",0.8683657646179199,"['36556bf8e0bce4ab6d26eafacbdad04d9614a5d7', 'aca23027da1295c78fdf42ba9687d8ccc88784d7', 'dbb537a26e388a8d7d17faf131abc30c2f7a84e6', '229b53a632ea97d47c4be11f096bdd828fb415d8']",1.0,1.0,1.0,True,0.0,12288,False,4
"[""fix"", ""test"", ""docs""]","[""docs"", ""refactor"", ""test"", ""fix""]",1.0765624046325684,"['0cfc5633d37ea06f645649138323f1820e18bdee', '1db13ec43727aca872a0f3836e4023ed85db665e', '229b53a632ea97d47c4be11f096bdd828fb415d8', '9be725fa3906323d4bc9788f54eccf74109d632b']",1.0,0.75,0.8571428571428571,False,0.1428571428571428,12288,False,4
"[""ci"", ""refactor"", ""test"", ""docs""]","[""ci"", ""docs"", ""refactor"", ""test""]",1.3471698760986328,"['c5fa7b80438fbd74f4c341f0d3c9bd9e0f4910da', 'bf83c9155e9bee6925aa7102fab53fb803d52533', '062daa45cbd5dba6e96e95d8cdcaee89ae30a83c', 'bedc7950b24c37809e36a585b7985d5aa5e3e458']",1.0,1.0,1.0,True,0.0,12288,False,4
"[""feat"", ""refactor"", ""ci"", ""build"", ""docs"", ""test""]","[""fix"", ""docs"", ""ci"", ""feat""]",1.1583905220031738,"['9be725fa3906323d4bc9788f54eccf74109d632b', '036a0ff49a7dade0e04c9c07071a1ff49133ee24', '45837af24a33308a70a3454f0f650f9fe728e272', 'f823cf28652987d43c8324b4f5b203240032383a']",0.5,0.75,0.6,False,0.5714285714285714,12288,False,4
"[""docs"", ""test"", ""build""]","[""docs"", ""test"", ""build"", ""feat""]",1.2099454402923584,"['bf83c9155e9bee6925aa7102fab53fb803d52533', 'e0198f74b81da3663144cfe1d971939319f82a0f', 'f00a4d3e307b89842250358ee432e6800bb24362', 'ded26d768ff432ad3bde3c0aa1e95ce50726100a']",1.0,0.75,0.8571428571428571,False,0.1428571428571428,12288,False,4
"[""docs"", ""test"", ""refactor""]","[""docs"", ""refactor"", ""test"", ""fix""]",1.186715841293335,"['aca23027da1295c78fdf42ba9687d8ccc88784d7', '1db13ec43727aca872a0f3836e4023ed85db665e', 'f411e58cd510f8a2b980b2f1932003a0c0e9f8f3', '2561f4ade46fc9d59f289f328cc77733a6443697']",1.0,0.75,0.8571428571428571,False,0.1428571428571428,12288,False,4
"[""test"", ""ci"", ""docs"", ""feat""]","[""test"", ""feat"", ""docs"", ""ci""]",0.9805986881256104,"['e0198f74b81da3663144cfe1d971939319f82a0f', 'f823cf28652987d43c8324b4f5b203240032383a', 'aca23027da1295c78fdf42ba9687d8ccc88784d7', 'e96487ad7ce90b141219d9032fa2bed68d5dae6a']",1.0,1.0,1.0,True,0.0,12288,False,4
"[""feat"", ""refactor"", ""ci"", ""test"", ""docs""]","[""refactor"", ""build"", ""feat"", ""docs""]",1.1165573596954346,"['63eab619e6166eb6cab948028a7b89bf059dd878', '32b92cfa0b74a6c25990e32ac6aab12b8496794c', 'fd8e563cc19ca4684885d4692acee6bebcca4ada', 'a52a585d74894b3b4eeb8c784fa089ff95cddad0']",0.6,0.75,0.6666666666666665,False,0.4285714285714285,12288,False,4
"[""build"", ""ci"", ""refactor"", ""test""]","[""build"", ""fix"", ""test"", ""feat""]",0.9589354991912842,"['37b1cbfd3d2c462ef4f2a131e4172c38dc8d9ddf', 'c8e0ae8612df3d6f2831acc004aaac332f6105e4', 'c7b25726df94a2530c9b1c0d2b6a0acaa103822f', '1bcf88670b50155b50071e707f98f30cea0b7a24']",0.5,0.5,0.5,False,0.5714285714285714,12288,False,4
"[""refactor"", ""docs"", ""build"", ""test"", ""ci""]","[""refactor"", ""ci"", ""docs"", ""build""]",1.2721693515777588,"['771857b1df9470ebc15357e8879118a72c649d5b', '6c9cb638cb4d1ecc42632fcf389c24898c5b3244', '6d405dfc1675dcad64a2dfac0c0cb0fb28381d21', '454003841aabeb74396d73541378bfa59c75b5db']",0.8,1.0,0.888888888888889,False,0.1428571428571428,12288,False,4
"[""refactor"", ""docs"", ""test"", ""ci""]","[""fix"", ""docs"", ""refactor"", ""ci"", ""test""]",0.9511313438415528,"['9be725fa3906323d4bc9788f54eccf74109d632b', 'bf83c9155e9bee6925aa7102fab53fb803d52533', '535708ae50aecb452560a23356fd396f99ef13a2', '4cbbd2552ba0de273e1dfe7d453c5b3efed751a3', 'bedc7950b24c37809e36a585b7985d5aa5e3e458']",1.0,0.8,0.888888888888889,False,0.1428571428571428,12288,False,5
"[""test"", ""ci"", ""refactor"", ""docs"", ""build""]","[""test"", ""docs"", ""refactor"", ""build"", ""feat""]",1.5397813320159912,"['229b53a632ea97d47c4be11f096bdd828fb415d8', 'bf83c9155e9bee6925aa7102fab53fb803d52533', '062daa45cbd5dba6e96e95d8cdcaee89ae30a83c', 'e4a11fd5c34942ba12737f1c8c084489428ee274', 'fd8e563cc19ca4684885d4692acee6bebcca4ada']",0.8,0.8,0.8000000000000002,False,0.2857142857142857,12288,False,5
"[""test"", ""ci"", ""refactor""]","[""test"", ""ci"", ""fix"", ""build"", ""refactor""]",1.1308274269104004,"['317f4eefecddfb1392ca71d551840f446feee302', 'e7a67d88173566be3cd3aed7e9eeb7e29aabbc57', 'd1d55e787b7d07f763852602b9939a5394607fd9', 'f00a4d3e307b89842250358ee432e6800bb24362', '771857b1df9470ebc15357e8879118a72c649d5b']",1.0,0.6,0.7499999999999999,False,0.2857142857142857,12288,False,5
"[""ci"", ""test"", ""refactor""]","[""ci"", ""refactor"", ""build"", ""test"", ""fix""]",0.9175217151641846,"['e7a67d88173566be3cd3aed7e9eeb7e29aabbc57', '47ef9104e4a89e80d7cc6c1950bc080841da4a7b', '5b81fde8a72cf2e69a10e9f5c4f0bea0a2b8c3e0', 'bedc7950b24c37809e36a585b7985d5aa5e3e458', '9ef5c0d14193a9abb09b39856f58477d1f4b0d77']",1.0,0.6,0.7499999999999999,False,0.2857142857142857,12288,False,5
"[""build"", ""ci"", ""docs"", ""feat"", ""refactor"", ""test""]","[""build"", ""fix"", ""feat"", ""refactor"", ""docs""]",1.3503212928771973,"['e4a11fd5c34942ba12737f1c8c084489428ee274', '9ef5c0d14193a9abb09b39856f58477d1f4b0d77', 'dc5238b2bda98a7c4f2fe9584fc3b0191a408109', '771857b1df9470ebc15357e8879118a72c649d5b', 'c2ee5cd5e709afd15c5565ee009a0d204403a119']",0.6666666666666666,0.8,0.7272727272727272,False,0.4285714285714285,12288,False,5
"[""docs"", ""test"", ""build"", ""refactor""]","[""docs"", ""test"", ""build"", ""fix"", ""feat""]",0.9839942455291748,"['bf83c9155e9bee6925aa7102fab53fb803d52533', '229b53a632ea97d47c4be11f096bdd828fb415d8', 'c55591ba157298a9c5816693c102a89dfd058830', '06e2be4e2019b6fa714e1fcb34485860ef1ede79', 'f823cf28652987d43c8324b4f5b203240032383a']",0.75,0.6,0.6666666666666665,False,0.4285714285714285,12288,False,5
"[""ci"", ""build"", ""test"", ""docs"", ""feat"", ""refactor""]","[""ci"", ""build"", ""fix"", ""test"", ""feat""]",1.3176085948944092,"['e7a67d88173566be3cd3aed7e9eeb7e29aabbc57', 'c55591ba157298a9c5816693c102a89dfd058830', 'd129eaf9125a967ac86c6c7276bbae6b4d50af36', '229b53a632ea97d47c4be11f096bdd828fb415d8', '1bcf88670b50155b50071e707f98f30cea0b7a24']",0.6666666666666666,0.8,0.7272727272727272,False,0.4285714285714285,12288,False,5
"[""feat"", ""test"", ""ci"", ""build"", ""refactor""]","[""fix"", ""test"", ""build"", ""ci"", ""refactor""]",1.1209592819213867,"['2561f4ade46fc9d59f289f328cc77733a6443697', 'b7ce2894fd1794064bd6db4ed730bb6cb7728739', '1269431c8a3e7549f10fcbbb4b88ff625c8898b3', 'e96487ad7ce90b141219d9032fa2bed68d5dae6a', '36556bf8e0bce4ab6d26eafacbdad04d9614a5d7']",0.8,0.8,0.8000000000000002,False,0.2857142857142857,12288,False,5
"[""docs"", ""ci"", ""test"", ""build"", ""refactor""]","[""docs"", ""ci"", ""refactor"", ""test"", ""fix""]",1.0733766555786133,"['bf83c9155e9bee6925aa7102fab53fb803d52533', 'e7a67d88173566be3cd3aed7e9eeb7e29aabbc57', '535708ae50aecb452560a23356fd396f99ef13a2', 'c7b25726df94a2530c9b1c0d2b6a0acaa103822f', '06e2be4e2019b6fa714e1fcb34485860ef1ede79']",0.8,0.8,0.8000000000000002,False,0.2857142857142857,12288,False,5
"[""refactor"", ""docs"", ""build"", ""ci"", ""test""]","[""refactor"", ""docs"", ""build"", ""feat"", ""fix""]",1.0642337799072266,"['36556bf8e0bce4ab6d26eafacbdad04d9614a5d7', 'c2ee5cd5e709afd15c5565ee009a0d204403a119', 'c55591ba157298a9c5816693c102a89dfd058830', '68278b00450f2679761a2999500f6d87a579376b', '9ef5c0d14193a9abb09b39856f58477d1f4b0d77']",0.6,0.6,0.6,False,0.5714285714285714,12288,False,5
"[""feat"", ""build"", ""ci"", ""test""]","[""feat"", ""build"", ""fix"", ""ci"", ""test""]",1.4714305400848389,"['ded26d768ff432ad3bde3c0aa1e95ce50726100a', 'c323d59c607cabc91f17a78528d998f376f30b10', '2561f4ade46fc9d59f289f328cc77733a6443697', '45837af24a33308a70a3454f0f650f9fe728e272', 'e0198f74b81da3663144cfe1d971939319f82a0f']",1.0,0.8,0.888888888888889,False,0.1428571428571428,12288,False,5
"[""ci"", ""refactor"", ""test"", ""feat""]","[""ci"", ""refactor"", ""test"", ""feat"", ""fix""]",1.0956261157989502,"['e96487ad7ce90b141219d9032fa2bed68d5dae6a', 'a62314d9bb632be6af026686615d14b912250512', 'c7b25726df94a2530c9b1c0d2b6a0acaa103822f', '6ed56ce9ae743ba9a87e6c9643cc06b1de7b748d', '9ef5c0d14193a9abb09b39856f58477d1f4b0d77']",1.0,0.8,0.888888888888889,False,0.1428571428571428,12288,False,5
"[""build"", ""ci"", ""refactor""]","[""build"", ""refactor"", ""ci"", ""docs"", ""fix""]",0.9531774520874025,"['c55591ba157298a9c5816693c102a89dfd058830', '63eab619e6166eb6cab948028a7b89bf059dd878', 'c5fa7b80438fbd74f4c341f0d3c9bd9e0f4910da', '036a0ff49a7dade0e04c9c07071a1ff49133ee24', '9be725fa3906323d4bc9788f54eccf74109d632b']",1.0,0.6,0.7499999999999999,False,0.2857142857142857,12288,False,5
"[""docs"", ""ci"", ""test"", ""build""]","[""docs"", ""ci"", ""refactor"", ""build"", ""feat""]",1.091238260269165,"['bf83c9155e9bee6925aa7102fab53fb803d52533', '173553c0372e66e03bdab19e0e6c2dd44daa14a0', '535708ae50aecb452560a23356fd396f99ef13a2', '1269431c8a3e7549f10fcbbb4b88ff625c8898b3', 'f823cf28652987d43c8324b4f5b203240032383a']",0.75,0.6,0.6666666666666665,False,0.4285714285714285,12288,False,5
"[""test"", ""refactor"", ""ci"", ""build"", ""feat"", ""fix"", ""docs""]","[""test"", ""feat"", ""refactor"", ""fix"", ""docs""]",1.7422242164611816,"['bedc7950b24c37809e36a585b7985d5aa5e3e458', 'fd8e563cc19ca4684885d4692acee6bebcca4ada', '062daa45cbd5dba6e96e95d8cdcaee89ae30a83c', 'c8e0ae8612df3d6f2831acc004aaac332f6105e4', '036a0ff49a7dade0e04c9c07071a1ff49133ee24']",0.7142857142857143,1.0,0.8333333333333333,False,0.2857142857142857,12288,False,5
"[""docs"", ""ci"", ""test"", ""build""]","[""docs"", ""build"", ""ci"", ""fix"", ""test""]",1.128291130065918,"['c2ee5cd5e709afd15c5565ee009a0d204403a119', '1269431c8a3e7549f10fcbbb4b88ff625c8898b3', 'e7a67d88173566be3cd3aed7e9eeb7e29aabbc57', 'bed78248c941d57ad4cc20a455147e186e97c7a1', 'e9617f0854030e70365eb264bcb3b58078e79e9e']",1.0,0.8,0.888888888888889,False,0.1428571428571428,12288,False,5
"[""refactor"", ""ci"", ""build""]","[""refactor"", ""ci"", ""docs"", ""test"", ""build""]",1.185051441192627,"['3cca5c314ad6feeffbfe1f14cf49ebd0fd9a95a2', 'dbb537a26e388a8d7d17faf131abc30c2f7a84e6', 'e12d9e77a6fd531a22325337838a841b1c67f00d', 'c7b25726df94a2530c9b1c0d2b6a0acaa103822f', '37b1cbfd3d2c462ef4f2a131e4172c38dc8d9ddf']",1.0,0.6,0.7499999999999999,False,0.2857142857142857,12288,False,5
"[""test"", ""feat"", ""ci"", ""build""]","[""test"", ""feat"", ""ci"", ""refactor"", ""fix""]",1.3523321151733398,"['229b53a632ea97d47c4be11f096bdd828fb415d8', 'b282e90e2cbb74559aab79eee8443a4d7c85502a', 'dbb537a26e388a8d7d17faf131abc30c2f7a84e6', '3cca5c314ad6feeffbfe1f14cf49ebd0fd9a95a2', '933ab6bb86372913c992567cf9660009900911a7']",0.75,0.6,0.6666666666666665,False,0.4285714285714285,12288,False,5
"[""ci"", ""build"", ""test"", ""refactor""]","[""build"", ""fix"", ""ci"", ""refactor"", ""docs""]",1.3455770015716553,"['37b1cbfd3d2c462ef4f2a131e4172c38dc8d9ddf', '06e2be4e2019b6fa714e1fcb34485860ef1ede79', 'c5fa7b80438fbd74f4c341f0d3c9bd9e0f4910da', '1db13ec43727aca872a0f3836e4023ed85db665e', 'a52a585d74894b3b4eeb8c784fa089ff95cddad0']",0.75,0.6,0.6666666666666665,False,0.4285714285714285,12288,False,5
"[""build"", ""ci"", ""feat"", ""refactor""]","[""build"", ""docs"", ""ci"", ""test"", ""feat""]",1.0807414054870603,"['c44cf88a6ec54e5ddd99d8348bcc57b301ec7945', '6d405dfc1675dcad64a2dfac0c0cb0fb28381d21', 'e7a67d88173566be3cd3aed7e9eeb7e29aabbc57', 'f411e58cd510f8a2b980b2f1932003a0c0e9f8f3', 'f823cf28652987d43c8324b4f5b203240032383a']",0.75,0.6,0.6666666666666665,False,0.4285714285714285,12288,False,5
"[""feat"", ""refactor"", ""ci"", ""build"", ""test""]","[""feat"", ""fix"", ""refactor"", ""build"", ""test""]",1.0565924644470217,"['f823cf28652987d43c8324b4f5b203240032383a', 'c8e0ae8612df3d6f2831acc004aaac332f6105e4', '47ef9104e4a89e80d7cc6c1950bc080841da4a7b', 'e4a11fd5c34942ba12737f1c8c084489428ee274', 'c7b25726df94a2530c9b1c0d2b6a0acaa103822f']",0.8,0.8,0.8000000000000002,False,0.2857142857142857,12288,False,5
"[""test"", ""ci"", ""docs""]","[""refactor"", ""build"", ""ci"", ""docs"", ""test""]",1.0811107158660889,"['1db13ec43727aca872a0f3836e4023ed85db665e', '32b92cfa0b74a6c25990e32ac6aab12b8496794c', 'e96487ad7ce90b141219d9032fa2bed68d5dae6a', '6d405dfc1675dcad64a2dfac0c0cb0fb28381d21', 'e2e8ad25854bd1e7cdbc7f50b50bbd99e04ad47d']",1.0,0.6,0.7499999999999999,False,0.2857142857142857,12288,False,5
"[""ci"", ""test"", ""refactor"", ""build""]","[""build"", ""test"", ""refactor"", ""ci"", ""fix""]",1.35386061668396,"['37b1cbfd3d2c462ef4f2a131e4172c38dc8d9ddf', 'f411e58cd510f8a2b980b2f1932003a0c0e9f8f3', '1db13ec43727aca872a0f3836e4023ed85db665e', 'c5fa7b80438fbd74f4c341f0d3c9bd9e0f4910da', 'd129eaf9125a967ac86c6c7276bbae6b4d50af36']",1.0,0.8,0.888888888888889,False,0.1428571428571428,12288,False,5
"[""build"", ""ci"", ""docs"", ""refactor"", ""test""]","[""build"", ""docs"", ""ci"", ""test"", ""fix""]",1.0396814346313477,"['c55591ba157298a9c5816693c102a89dfd058830', 'a52a585d74894b3b4eeb8c784fa089ff95cddad0', '6c9cb638cb4d1ecc42632fcf389c24898c5b3244', 'c7b25726df94a2530c9b1c0d2b6a0acaa103822f', 'bed78248c941d57ad4cc20a455147e186e97c7a1']",0.8,0.8,0.8000000000000002,False,0.2857142857142857,12288,False,5
"[""feat"", ""ci"", ""build"", ""test""]","[""fix"", ""ci"", ""feat"", ""build"", ""refactor""]",1.464745283126831,"['9ef5c0d14193a9abb09b39856f58477d1f4b0d77', 'dbb537a26e388a8d7d17faf131abc30c2f7a84e6', '6ed56ce9ae743ba9a87e6c9643cc06b1de7b748d', 'e4a11fd5c34942ba12737f1c8c084489428ee274', '1db13ec43727aca872a0f3836e4023ed85db665e']",0.75,0.6,0.6666666666666665,False,0.4285714285714285,12288,False,5
"[""refactor"", ""build"", ""test""]","[""fix"", ""build"", ""refactor"", ""feat"", ""test""]",1.3259427547454834,"['bed78248c941d57ad4cc20a455147e186e97c7a1', 'e4a11fd5c34942ba12737f1c8c084489428ee274', '062daa45cbd5dba6e96e95d8cdcaee89ae30a83c', 'f823cf28652987d43c8324b4f5b203240032383a', 'c7b25726df94a2530c9b1c0d2b6a0acaa103822f']",1.0,0.6,0.7499999999999999,False,0.2857142857142857,12288,False,5
"[""feat"", ""test"", ""refactor"", ""ci"", ""build""]","[""fix"", ""test"", ""feat"", ""docs"", ""build""]",1.436220407485962,"['87d5d4e55ab7149b593d29410f1fe426ba2447d4', 'bedc7950b24c37809e36a585b7985d5aa5e3e458', 'ded26d768ff432ad3bde3c0aa1e95ce50726100a', 'a52a585d74894b3b4eeb8c784fa089ff95cddad0', 'c323d59c607cabc91f17a78528d998f376f30b10']",0.6,0.6,0.6,False,0.5714285714285714,12288,False,5
"[""build"", ""test"", ""feat"", ""refactor"", ""ci""]","[""test"", ""docs"", ""feat"", ""build"", ""fix""]",1.4171454906463623,"['8ee0611fbf0cd89abe7ae588f22e6ecb843598ea', 'c2ee5cd5e709afd15c5565ee009a0d204403a119', 'fd8e563cc19ca4684885d4692acee6bebcca4ada', '1269431c8a3e7549f10fcbbb4b88ff625c8898b3', '06e2be4e2019b6fa714e1fcb34485860ef1ede79']",0.6,0.6,0.6,False,0.5714285714285714,12288,False,5
"[""feat"", ""docs"", ""build"", ""test"", ""refactor""]","[""docs"", ""feat"", ""build"", ""refactor"", ""test""]",1.1474096775054932,"['a52a585d74894b3b4eeb8c784fa089ff95cddad0', 'f9a094918b62534614c47aa8a13f33aec751a1e0', '1269431c8a3e7549f10fcbbb4b88ff625c8898b3', '535708ae50aecb452560a23356fd396f99ef13a2', 'e0198f74b81da3663144cfe1d971939319f82a0f']",1.0,1.0,1.0,True,0.0,12288,False,5
"[""feat"", ""refactor"", ""test"", ""ci"", ""build""]","[""fix"", ""feat"", ""test"", ""refactor"", ""build""]",1.1579811573028564,"['d129eaf9125a967ac86c6c7276bbae6b4d50af36', '68278b00450f2679761a2999500f6d87a579376b', 'e2e8ad25854bd1e7cdbc7f50b50bbd99e04ad47d', '771857b1df9470ebc15357e8879118a72c649d5b', 'f00a4d3e307b89842250358ee432e6800bb24362']",0.8,0.8,0.8000000000000002,False,0.2857142857142857,12288,False,5
"[""build"", ""ci"", ""refactor"", ""test""]","[""fix"", ""build"", ""refactor"", ""test"", ""docs""]",1.242605686187744,"['933ab6bb86372913c992567cf9660009900911a7', '37b1cbfd3d2c462ef4f2a131e4172c38dc8d9ddf', '1db13ec43727aca872a0f3836e4023ed85db665e', 'c7b25726df94a2530c9b1c0d2b6a0acaa103822f', 'e12d9e77a6fd531a22325337838a841b1c67f00d']",0.75,0.6,0.6666666666666665,False,0.4285714285714285,12288,False,5
"[""feat"", ""docs"", ""build"", ""test"", ""ci"", ""refactor""]","[""fix"", ""ci"", ""docs"", ""build"", ""feat""]",1.4701597690582275,"['06e2be4e2019b6fa714e1fcb34485860ef1ede79', '4cbbd2552ba0de273e1dfe7d453c5b3efed751a3', 'cb1f48b56ae0de93acb72e48726c7d610a1d538e', 'c323d59c607cabc91f17a78528d998f376f30b10', 'f9a094918b62534614c47aa8a13f33aec751a1e0']",0.6666666666666666,0.8,0.7272727272727272,False,0.4285714285714285,12288,False,5
"[""feat"", ""refactor"", ""ci"", ""build"", ""test"", ""docs""]","[""feat"", ""build"", ""refactor"", ""docs"", ""fix""]",1.1880717277526855,"['fd8e563cc19ca4684885d4692acee6bebcca4ada', 'f00a4d3e307b89842250358ee432e6800bb24362', '535708ae50aecb452560a23356fd396f99ef13a2', 'e12d9e77a6fd531a22325337838a841b1c67f00d', '9be725fa3906323d4bc9788f54eccf74109d632b']",0.6666666666666666,0.8,0.7272727272727272,False,0.4285714285714285,12288,False,5
"[""test"", ""ci"", ""refactor"", ""docs"", ""build""]","[""test"", ""docs"", ""refactor"", ""ci"", ""feat""]",1.6299223899841309,"['229b53a632ea97d47c4be11f096bdd828fb415d8', 'bf83c9155e9bee6925aa7102fab53fb803d52533', '062daa45cbd5dba6e96e95d8cdcaee89ae30a83c', '32845e1bbd1efb5dbc16f671049509a409ba25ce', 'dc5238b2bda98a7c4f2fe9584fc3b0191a408109']",0.8,0.8,0.8000000000000002,False,0.2857142857142857,12288,False,5
"[""build"", ""test"", ""refactor""]","[""build"", ""docs"", ""fix"", ""test"", ""refactor""]",1.3220055103302002,"['454003841aabeb74396d73541378bfa59c75b5db', 'e12d9e77a6fd531a22325337838a841b1c67f00d', 'bed78248c941d57ad4cc20a455147e186e97c7a1', 'f411e58cd510f8a2b980b2f1932003a0c0e9f8f3', '062daa45cbd5dba6e96e95d8cdcaee89ae30a83c']",1.0,0.6,0.7499999999999999,False,0.2857142857142857,12288,False,5
"[""build"", ""ci"", ""test"", ""refactor""]","[""build"", ""ci"", ""docs"", ""test"", ""refactor""]",1.3191015720367432,"['5b81fde8a72cf2e69a10e9f5c4f0bea0a2b8c3e0', '74e9de5ec97dc013a52aa063dff0f40ac74c407b', 'a52a585d74894b3b4eeb8c784fa089ff95cddad0', 'e0198f74b81da3663144cfe1d971939319f82a0f', '062daa45cbd5dba6e96e95d8cdcaee89ae30a83c']",1.0,0.8,0.888888888888889,False,0.1428571428571428,12288,False,5
"[""feat"", ""ci"", ""docs"", ""refactor"", ""build""]","[""build"", ""ci"", ""docs"", ""refactor"", ""fix""]",1.0348882675170898,"['32b92cfa0b74a6c25990e32ac6aab12b8496794c', '6c9cb638cb4d1ecc42632fcf389c24898c5b3244', 'aca23027da1295c78fdf42ba9687d8ccc88784d7', '47ef9104e4a89e80d7cc6c1950bc080841da4a7b', '2561f4ade46fc9d59f289f328cc77733a6443697']",0.8,0.8,0.8000000000000002,False,0.2857142857142857,12288,False,5
"[""test"", ""docs"", ""build"", ""refactor""]","[""test"", ""docs"", ""fix"", ""feat"", ""build""]",1.1098425388336182,"['e0198f74b81da3663144cfe1d971939319f82a0f', 'c2ee5cd5e709afd15c5565ee009a0d204403a119', '9ef5c0d14193a9abb09b39856f58477d1f4b0d77', 'f823cf28652987d43c8324b4f5b203240032383a', 'c44cf88a6ec54e5ddd99d8348bcc57b301ec7945']",0.75,0.6,0.6666666666666665,False,0.4285714285714285,12288,False,5
"[""feat"", ""refactor"", ""ci"", ""build"", ""test"", ""docs"", ""fix""]","[""refactor"", ""ci"", ""test"", ""build"", ""feat""]",2.203042507171631,"['3cca5c314ad6feeffbfe1f14cf49ebd0fd9a95a2', '32845e1bbd1efb5dbc16f671049509a409ba25ce', 'e9617f0854030e70365eb264bcb3b58078e79e9e', '454003841aabeb74396d73541378bfa59c75b5db', 'fd8e563cc19ca4684885d4692acee6bebcca4ada']",0.7142857142857143,1.0,0.8333333333333333,False,0.2857142857142857,12288,False,5
"[""refactor"", ""test"", ""ci"", ""build"", ""feat"", ""docs""]","[""refactor"", ""feat"", ""build"", ""fix"", ""test""]",1.774646520614624,"['062daa45cbd5dba6e96e95d8cdcaee89ae30a83c', 'f823cf28652987d43c8324b4f5b203240032383a', 'c44cf88a6ec54e5ddd99d8348bcc57b301ec7945', '933ab6bb86372913c992567cf9660009900911a7', '8ee0611fbf0cd89abe7ae588f22e6ecb843598ea']",0.6666666666666666,0.8,0.7272727272727272,False,0.4285714285714285,12288,False,5
"[""test"", ""feat"", ""ci"", ""refactor"", ""docs""]","[""refactor"", ""test"", ""docs"", ""feat"", ""ci""]",1.444569110870361,"['36556bf8e0bce4ab6d26eafacbdad04d9614a5d7', '317f4eefecddfb1392ca71d551840f446feee302', '036a0ff49a7dade0e04c9c07071a1ff49133ee24', 'e137f9fdbdb6bf3f85c3f7ac9323785e445844c8', 'e7a67d88173566be3cd3aed7e9eeb7e29aabbc57']",1.0,1.0,1.0,True,0.0,12288,False,5
"[""test"", ""ci"", ""feat"", ""refactor"", ""docs"", ""build""]","[""test"", ""ci"", ""refactor"", ""feat"", ""fix""]",1.8111839294433592,"['e0198f74b81da3663144cfe1d971939319f82a0f', '173553c0372e66e03bdab19e0e6c2dd44daa14a0', '062daa45cbd5dba6e96e95d8cdcaee89ae30a83c', 'f823cf28652987d43c8324b4f5b203240032383a', 'bed78248c941d57ad4cc20a455147e186e97c7a1']",0.6666666666666666,0.8,0.7272727272727272,False,0.4285714285714285,12288,False,5
"[""ci"", ""refactor"", ""test""]","[""ci"", ""refactor"", ""docs"", ""fix"", ""feat""]",1.1777350902557373,"['32845e1bbd1efb5dbc16f671049509a409ba25ce', '63eab619e6166eb6cab948028a7b89bf059dd878', 'af880ac5b4fecbc6c4f3d1eee0d95f326e8bd9d1', '9be725fa3906323d4bc9788f54eccf74109d632b', 'fd8e563cc19ca4684885d4692acee6bebcca4ada']",0.6666666666666666,0.4,0.5,False,0.5714285714285714,12288,False,5
"[""docs"", ""test"", ""build""]","[""docs"", ""refactor"", ""fix"", ""test"", ""build""]",1.4779510498046875,"['bf83c9155e9bee6925aa7102fab53fb803d52533', '3cca5c314ad6feeffbfe1f14cf49ebd0fd9a95a2', '2561f4ade46fc9d59f289f328cc77733a6443697', '317f4eefecddfb1392ca71d551840f446feee302', '454003841aabeb74396d73541378bfa59c75b5db']",1.0,0.6,0.7499999999999999,False,0.2857142857142857,12288,False,5
"[""test"", ""ci"", ""feat"", ""refactor""]","[""test"", ""ci"", ""fix"", ""docs"", ""refactor""]",1.6064016819000244,"['317f4eefecddfb1392ca71d551840f446feee302', '32845e1bbd1efb5dbc16f671049509a409ba25ce', 'c8e0ae8612df3d6f2831acc004aaac332f6105e4', '6d405dfc1675dcad64a2dfac0c0cb0fb28381d21', '062daa45cbd5dba6e96e95d8cdcaee89ae30a83c']",0.75,0.6,0.6666666666666665,False,0.4285714285714285,12288,False,5
"[""build"", ""ci"", ""feat"", ""fix"", ""refactor"", ""test""]","[""build"", ""ci"", ""test"", ""docs"", ""feat""]",1.1615989208221436,"['c55591ba157298a9c5816693c102a89dfd058830', 'dbb537a26e388a8d7d17faf131abc30c2f7a84e6', 'e0198f74b81da3663144cfe1d971939319f82a0f', '0cfc5633d37ea06f645649138323f1820e18bdee', 'dc5238b2bda98a7c4f2fe9584fc3b0191a408109']",0.6666666666666666,0.8,0.7272727272727272,False,0.4285714285714285,12288,False,5
"[""feat"", ""refactor"", ""ci"", ""test""]","[""refactor"", ""feat"", ""test"", ""fix"", ""ci""]",0.9837987422943116,"['535708ae50aecb452560a23356fd396f99ef13a2', 'dc5238b2bda98a7c4f2fe9584fc3b0191a408109', 'e2e8ad25854bd1e7cdbc7f50b50bbd99e04ad47d', '2561f4ade46fc9d59f289f328cc77733a6443697', 'c5fa7b80438fbd74f4c341f0d3c9bd9e0f4910da']",1.0,0.8,0.888888888888889,False,0.1428571428571428,12288,False,5
"[""ci"", ""test"", ""refactor""]","[""ci"", ""docs"", ""refactor"", ""build"", ""test""]",0.8684544563293457,"['c5fa7b80438fbd74f4c341f0d3c9bd9e0f4910da', 'af880ac5b4fecbc6c4f3d1eee0d95f326e8bd9d1', '47ef9104e4a89e80d7cc6c1950bc080841da4a7b', '37b1cbfd3d2c462ef4f2a131e4172c38dc8d9ddf', 'c7b25726df94a2530c9b1c0d2b6a0acaa103822f']",1.0,0.6,0.7499999999999999,False,0.2857142857142857,12288,False,5
"[""build"", ""refactor"", ""test"", ""docs""]","[""build"", ""docs"", ""refactor"", ""test"", ""feat""]",1.6631717681884766,"['454003841aabeb74396d73541378bfa59c75b5db', 'aca23027da1295c78fdf42ba9687d8ccc88784d7', '771857b1df9470ebc15357e8879118a72c649d5b', 'bedc7950b24c37809e36a585b7985d5aa5e3e458', 'e137f9fdbdb6bf3f85c3f7ac9323785e445844c8']",1.0,0.8,0.888888888888889,False,0.1428571428571428,12288,False,5
"[""ci"", ""test"", ""refactor""]","[""ci"", ""feat"", ""fix"", ""docs"", ""test""]",1.2944889068603516,"['74e9de5ec97dc013a52aa063dff0f40ac74c407b', 'ded26d768ff432ad3bde3c0aa1e95ce50726100a', '9be725fa3906323d4bc9788f54eccf74109d632b', 'a52a585d74894b3b4eeb8c784fa089ff95cddad0', 'e9617f0854030e70365eb264bcb3b58078e79e9e']",0.6666666666666666,0.4,0.5,False,0.5714285714285714,12288,False,5
"[""feat"", ""build"", ""test"", ""refactor"", ""docs"", ""ci""]","[""feat"", ""build"", ""test"", ""docs"", ""fix""]",1.2355828285217283,"['f9a094918b62534614c47aa8a13f33aec751a1e0', 'e4a11fd5c34942ba12737f1c8c084489428ee274', '229b53a632ea97d47c4be11f096bdd828fb415d8', '036a0ff49a7dade0e04c9c07071a1ff49133ee24', '2561f4ade46fc9d59f289f328cc77733a6443697']",0.6666666666666666,0.8,0.7272727272727272,False,0.4285714285714285,12288,False,5
"[""build"", ""ci"", ""docs"", ""test""]","[""build"", ""docs"", ""test"", ""fix"", ""ci""]",1.0427262783050537,"['e4a11fd5c34942ba12737f1c8c084489428ee274', 'aca23027da1295c78fdf42ba9687d8ccc88784d7', 'e9617f0854030e70365eb264bcb3b58078e79e9e', '9ef5c0d14193a9abb09b39856f58477d1f4b0d77', '4cbbd2552ba0de273e1dfe7d453c5b3efed751a3']",1.0,0.8,0.888888888888889,False,0.1428571428571428,12288,False,5
"[""feat"", ""refactor"", ""ci"", ""test""]","[""feat"", ""fix"", ""ci"", ""docs"", ""test""]",1.069258213043213,"['f9a094918b62534614c47aa8a13f33aec751a1e0', '2561f4ade46fc9d59f289f328cc77733a6443697', '45837af24a33308a70a3454f0f650f9fe728e272', '036a0ff49a7dade0e04c9c07071a1ff49133ee24', 'b7ce2894fd1794064bd6db4ed730bb6cb7728739']",0.75,0.6,0.6666666666666665,False,0.4285714285714285,12288,False,5
"[""feat"", ""refactor"", ""test"", ""ci"", ""build"", ""docs"", ""fix""]","[""feat"", ""refactor"", ""build"", ""fix"", ""docs""]",2.0333425998687744,"['ded26d768ff432ad3bde3c0aa1e95ce50726100a', '062daa45cbd5dba6e96e95d8cdcaee89ae30a83c', '37b1cbfd3d2c462ef4f2a131e4172c38dc8d9ddf', '933ab6bb86372913c992567cf9660009900911a7', '036a0ff49a7dade0e04c9c07071a1ff49133ee24']",0.7142857142857143,1.0,0.8333333333333333,False,0.2857142857142857,12288,False,5
"[""test"", ""build"", ""feat"", ""docs""]","[""test"", ""build"", ""feat"", ""fix"", ""docs""]",0.9519355297088624,"['f411e58cd510f8a2b980b2f1932003a0c0e9f8f3', 'c44cf88a6ec54e5ddd99d8348bcc57b301ec7945', '1bcf88670b50155b50071e707f98f30cea0b7a24', '9be725fa3906323d4bc9788f54eccf74109d632b', 'a52a585d74894b3b4eeb8c784fa089ff95cddad0']",1.0,0.8,0.888888888888889,False,0.1428571428571428,12288,False,5
"[""feat"", ""refactor"", ""test"", ""ci"", ""build"", ""docs""]","[""fix"", ""feat"", ""test"", ""ci"", ""docs""]",1.2522108554840088,"['933ab6bb86372913c992567cf9660009900911a7', '6ed56ce9ae743ba9a87e6c9643cc06b1de7b748d', 'e2e8ad25854bd1e7cdbc7f50b50bbd99e04ad47d', 'e96487ad7ce90b141219d9032fa2bed68d5dae6a', '036a0ff49a7dade0e04c9c07071a1ff49133ee24']",0.6666666666666666,0.8,0.7272727272727272,False,0.4285714285714285,12288,False,5
"[""test"", ""ci"", ""build"", ""feat""]","[""test"", ""refactor"", ""ci"", ""build"", ""fix""]",1.4135704040527344,"['e0198f74b81da3663144cfe1d971939319f82a0f', '3cca5c314ad6feeffbfe1f14cf49ebd0fd9a95a2', '45837af24a33308a70a3454f0f650f9fe728e272', '5b81fde8a72cf2e69a10e9f5c4f0bea0a2b8c3e0', '9ef5c0d14193a9abb09b39856f58477d1f4b0d77']",0.75,0.6,0.6666666666666665,False,0.4285714285714285,12288,False,5
"[""build"", ""ci"", ""test"", ""refactor""]","[""build"", ""feat"", ""refactor"", ""ci"", ""test""]",1.3099141120910645,"['c55591ba157298a9c5816693c102a89dfd058830', '1bcf88670b50155b50071e707f98f30cea0b7a24', '1db13ec43727aca872a0f3836e4023ed85db665e', 'dbb537a26e388a8d7d17faf131abc30c2f7a84e6', 'e2e8ad25854bd1e7cdbc7f50b50bbd99e04ad47d']",1.0,0.8,0.888888888888889,False,0.1428571428571428,12288,False,5
"[""feat"", ""refactor"", ""test"", ""ci"", ""build"", ""docs""]","[""feat"", ""refactor"", ""test"", ""ci"", ""build""]",1.6322157382965088,"['e137f9fdbdb6bf3f85c3f7ac9323785e445844c8', 'a62314d9bb632be6af026686615d14b912250512', 'b7ce2894fd1794064bd6db4ed730bb6cb7728739', '45837af24a33308a70a3454f0f650f9fe728e272', '454003841aabeb74396d73541378bfa59c75b5db']",0.8333333333333334,1.0,0.9090909090909092,False,0.1428571428571428,12288,False,5
"[""test"", ""ci"", ""docs"", ""refactor"", ""feat""]","[""test"", ""fix"", ""build"", ""refactor"", ""docs""]",1.132641077041626,"['317f4eefecddfb1392ca71d551840f446feee302', '06e2be4e2019b6fa714e1fcb34485860ef1ede79', '32b92cfa0b74a6c25990e32ac6aab12b8496794c', '535708ae50aecb452560a23356fd396f99ef13a2', 'aca23027da1295c78fdf42ba9687d8ccc88784d7']",0.6,0.6,0.6,False,0.5714285714285714,12288,False,5
"[""ci"", ""test"", ""feat"", ""docs"", ""build""]","[""ci"", ""feat"", ""build"", ""fix"", ""test""]",1.3318819999694824,"['173553c0372e66e03bdab19e0e6c2dd44daa14a0', '6ed56ce9ae743ba9a87e6c9643cc06b1de7b748d', '32b92cfa0b74a6c25990e32ac6aab12b8496794c', '933ab6bb86372913c992567cf9660009900911a7', 'e9617f0854030e70365eb264bcb3b58078e79e9e']",0.8,0.8,0.8000000000000002,False,0.2857142857142857,12288,False,5
"[""ci"", ""test"", ""build""]","[""ci"", ""test"", ""fix"", ""feat"", ""build""]",0.7760319709777832,"['dbb537a26e388a8d7d17faf131abc30c2f7a84e6', 'e2e8ad25854bd1e7cdbc7f50b50bbd99e04ad47d', '933ab6bb86372913c992567cf9660009900911a7', 'b282e90e2cbb74559aab79eee8443a4d7c85502a', 'c55591ba157298a9c5816693c102a89dfd058830']",1.0,0.6,0.7499999999999999,False,0.2857142857142857,12288,False,5
"[""test"", ""ci"", ""refactor""]","[""test"", ""build"", ""feat"", ""fix"", ""ci""]",1.4605891704559326,"['317f4eefecddfb1392ca71d551840f446feee302', 'e4a11fd5c34942ba12737f1c8c084489428ee274', 'ded26d768ff432ad3bde3c0aa1e95ce50726100a', 'd129eaf9125a967ac86c6c7276bbae6b4d50af36', '173553c0372e66e03bdab19e0e6c2dd44daa14a0']",0.6666666666666666,0.4,0.5,False,0.5714285714285714,12288,False,5
"[""test"", ""build"", ""docs"", ""feat""]","[""test"", ""build"", ""refactor"", ""docs"", ""feat""]",0.9590108394622804,"['bedc7950b24c37809e36a585b7985d5aa5e3e458', '5b81fde8a72cf2e69a10e9f5c4f0bea0a2b8c3e0', '47ef9104e4a89e80d7cc6c1950bc080841da4a7b', 'aca23027da1295c78fdf42ba9687d8ccc88784d7', 'f823cf28652987d43c8324b4f5b203240032383a']",1.0,0.8,0.888888888888889,False,0.1428571428571428,12288,False,5
"[""build"", ""ci"", ""refactor"", ""test"", ""docs""]","[""build"", ""ci"", ""feat"", ""docs"", ""fix""]",1.0640387535095217,"['5b81fde8a72cf2e69a10e9f5c4f0bea0a2b8c3e0', 'c5fa7b80438fbd74f4c341f0d3c9bd9e0f4910da', '68278b00450f2679761a2999500f6d87a579376b', 'a52a585d74894b3b4eeb8c784fa089ff95cddad0', '06e2be4e2019b6fa714e1fcb34485860ef1ede79']",0.6,0.6,0.6,False,0.5714285714285714,12288,False,5
"[""test"", ""build"", ""refactor"", ""feat""]","[""test"", ""build"", ""refactor"", ""fix"", ""ci""]",1.3207945823669434,"['e0198f74b81da3663144cfe1d971939319f82a0f', '5b81fde8a72cf2e69a10e9f5c4f0bea0a2b8c3e0', '3cca5c314ad6feeffbfe1f14cf49ebd0fd9a95a2', '87d5d4e55ab7149b593d29410f1fe426ba2447d4', '74e9de5ec97dc013a52aa063dff0f40ac74c407b']",0.75,0.6,0.6666666666666665,False,0.4285714285714285,12288,False,5
"[""feat"", ""test"", ""ci"", ""build"", ""refactor"", ""docs""]","[""feat"", ""build"", ""fix"", ""ci"", ""test""]",1.4593348503112793,"['6ed56ce9ae743ba9a87e6c9643cc06b1de7b748d', 'c323d59c607cabc91f17a78528d998f376f30b10', '87d5d4e55ab7149b593d29410f1fe426ba2447d4', 'c5fa7b80438fbd74f4c341f0d3c9bd9e0f4910da', 'e9617f0854030e70365eb264bcb3b58078e79e9e']",0.6666666666666666,0.8,0.7272727272727272,False,0.4285714285714285,12288,False,5
"[""build"", ""ci"", ""feat"", ""refactor"", ""test""]","[""build"", ""test"", ""refactor"", ""feat"", ""ci""]",1.0860073566436768,"['5b81fde8a72cf2e69a10e9f5c4f0bea0a2b8c3e0', 'e9617f0854030e70365eb264bcb3b58078e79e9e', '2954a0955ce9af6acb345ed1e8328e145ad30475', '68278b00450f2679761a2999500f6d87a579376b', 'e96487ad7ce90b141219d9032fa2bed68d5dae6a']",1.0,1.0,1.0,True,0.0,12288,False,5
"[""ci"", ""feat"", ""docs"", ""refactor"", ""build""]","[""ci"", ""refactor"", ""docs"", ""feat"", ""fix""]",1.088721513748169,"['4cbbd2552ba0de273e1dfe7d453c5b3efed751a3', '535708ae50aecb452560a23356fd396f99ef13a2', 'e12d9e77a6fd531a22325337838a841b1c67f00d', 'fd8e563cc19ca4684885d4692acee6bebcca4ada', '9be725fa3906323d4bc9788f54eccf74109d632b']",0.8,0.8,0.8000000000000002,False,0.2857142857142857,12288,False,5
"[""ci"", ""refactor"", ""test"", ""docs"", ""build""]","[""ci"", ""fix"", ""feat"", ""docs"", ""refactor""]",1.353776454925537,"['c5fa7b80438fbd74f4c341f0d3c9bd9e0f4910da', 'bed78248c941d57ad4cc20a455147e186e97c7a1', 'b282e90e2cbb74559aab79eee8443a4d7c85502a', 'bf83c9155e9bee6925aa7102fab53fb803d52533', '771857b1df9470ebc15357e8879118a72c649d5b']",0.6,0.6,0.6,False,0.5714285714285714,12288,False,5
"[""feat"", ""refactor""]","[""fix""]",0.5048837661743164,['87d5d4e55ab7149b593d29410f1fe426ba2447d4'],0.0,0.0,0.0,False,0.4285714285714285,12288,False,1
"[""test""]","[""test""]",0.4203174114227295,['317f4eefecddfb1392ca71d551840f446feee302'],1.0,1.0,1.0,True,0.0,12288,False,1
"[""ci""]","[""ci""]",0.4608075618743896,['c5fa7b80438fbd74f4c341f0d3c9bd9e0f4910da'],1.0,1.0,1.0,True,0.0,12288,False,1
"[""ci""]","[""ci""]",0.4512033462524414,['e7a67d88173566be3cd3aed7e9eeb7e29aabbc57'],1.0,1.0,1.0,True,0.0,12288,False,1
"[""feat"", ""refactor""]","[""fix""]",0.5102460384368896,['d129eaf9125a967ac86c6c7276bbae6b4d50af36'],0.0,0.0,0.0,False,0.4285714285714285,12288,False,1
"[""build"", ""ci""]","[""build""]",0.5027077198028564,['1269431c8a3e7549f10fcbbb4b88ff625c8898b3'],0.5,1.0,0.6666666666666666,False,0.1428571428571428,12288,False,1
"[""feat"", ""refactor""]","[""refactor""]",0.5291693210601807,['535708ae50aecb452560a23356fd396f99ef13a2'],0.5,1.0,0.6666666666666666,False,0.1428571428571428,12288,False,1
"[""feat"", ""refactor"", ""ci"", ""build"", ""test"", ""docs""]","[""feat""]",0.9266793727874756,['68278b00450f2679761a2999500f6d87a579376b'],0.1666666666666666,1.0,0.2857142857142857,False,0.7142857142857143,12288,False,1
"[""ci""]","[""ci""]",0.370121955871582,['6c9cb638cb4d1ecc42632fcf389c24898c5b3244'],1.0,1.0,1.0,True,0.0,12288,False,1
"[""test""]","[""test""]",0.3734729290008545,['c7b25726df94a2530c9b1c0d2b6a0acaa103822f'],1.0,1.0,1.0,True,0.0,12288,False,1
"[""feat"", ""refactor""]","[""feat""]",0.5671639442443848,['1bcf88670b50155b50071e707f98f30cea0b7a24'],0.5,1.0,0.6666666666666666,False,0.1428571428571428,12288,False,1
"[""build"", ""test""]","[""build""]",0.620758056640625,['454003841aabeb74396d73541378bfa59c75b5db'],0.5,1.0,0.6666666666666666,False,0.1428571428571428,12288,False,1
"[""ci""]","[""ci""]",0.3298161029815674,['dbb537a26e388a8d7d17faf131abc30c2f7a84e6'],1.0,1.0,1.0,True,0.0,12288,False,1
"[""docs""]","[""docs""]",0.3717496395111084,['bf83c9155e9bee6925aa7102fab53fb803d52533'],1.0,1.0,1.0,True,0.0,12288,False,1
"[""feat""]","[""feat""]",0.3730816841125488,['dc5238b2bda98a7c4f2fe9584fc3b0191a408109'],1.0,1.0,1.0,True,0.0,12288,False,1
"[""ci""]","[""ci""]",0.3643102645874023,['74e9de5ec97dc013a52aa063dff0f40ac74c407b'],1.0,1.0,1.0,True,0.0,12288,False,1
"[""test""]","[""test""]",0.3736088275909424,['b7ce2894fd1794064bd6db4ed730bb6cb7728739'],1.0,1.0,1.0,True,0.0,12288,False,1
"[""refactor"", ""build""]","[""build""]",0.4718024730682373,['32b92cfa0b74a6c25990e32ac6aab12b8496794c'],0.5,1.0,0.6666666666666666,False,0.1428571428571428,12288,False,1
"[""refactor"", ""build""]","[""fix""]",0.560164213180542,['bed78248c941d57ad4cc20a455147e186e97c7a1'],0.0,0.0,0.0,False,0.4285714285714285,12288,False,1
"[""test""]","[""test""]",0.3931989669799804,['f411e58cd510f8a2b980b2f1932003a0c0e9f8f3'],1.0,1.0,1.0,True,0.0,12288,False,1
"[""feat"", ""refactor""]","[""feat""]",0.5215411186218262,['f9a094918b62534614c47aa8a13f33aec751a1e0'],0.5,1.0,0.6666666666666666,False,0.1428571428571428,12288,False,1
"[""docs""]","[""docs""]",0.3681447505950928,['aca23027da1295c78fdf42ba9687d8ccc88784d7'],1.0,1.0,1.0,True,0.0,12288,False,1
"[""ci""]","[""build""]",0.4040036201477051,['37b1cbfd3d2c462ef4f2a131e4172c38dc8d9ddf'],0.0,0.0,0.0,False,0.2857142857142857,12288,False,1
"[""feat"", ""refactor""]","[""feat""]",0.830132246017456,['e137f9fdbdb6bf3f85c3f7ac9323785e445844c8'],0.5,1.0,0.6666666666666666,False,0.1428571428571428,12288,False,1
"[""test""]","[""test""]",0.3961944580078125,['e0198f74b81da3663144cfe1d971939319f82a0f'],1.0,1.0,1.0,True,0.0,12288,False,1
"[""ci""]","[""ci""]",0.4502408504486084,['45837af24a33308a70a3454f0f650f9fe728e272'],1.0,1.0,1.0,True,0.0,12288,False,1
"[""docs""]","[""docs""]",0.3840177059173584,['0cfc5633d37ea06f645649138323f1820e18bdee'],1.0,1.0,1.0,True,0.0,12288,False,1
"[""build"", ""test""]","[""test""]",0.734602689743042,['8ee0611fbf0cd89abe7ae588f22e6ecb843598ea'],0.5,1.0,0.6666666666666666,False,0.1428571428571428,12288,False,1
"[""docs"", ""feat""]","[""docs""]",0.4381155967712402,['c2ee5cd5e709afd15c5565ee009a0d204403a119'],0.5,1.0,0.6666666666666666,False,0.1428571428571428,12288,False,1
"[""refactor""]","[""fix""]",0.404144287109375,['d1d55e787b7d07f763852602b9939a5394607fd9'],0.0,0.0,0.0,False,0.2857142857142857,12288,False,1
"[""build""]","[""build""]",0.3939874172210693,['c55591ba157298a9c5816693c102a89dfd058830'],1.0,1.0,1.0,True,0.0,12288,False,1
"[""fix""]","[""fix""]",0.3090803623199463,['9be725fa3906323d4bc9788f54eccf74109d632b'],1.0,1.0,1.0,True,0.0,12288,False,1
"[""build""]","[""build""]",0.3839731216430664,['f00a4d3e307b89842250358ee432e6800bb24362'],1.0,1.0,1.0,True,0.0,12288,False,1
"[""feat"", ""docs""]","[""docs""]",0.4715447425842285,['036a0ff49a7dade0e04c9c07071a1ff49133ee24'],0.5,1.0,0.6666666666666666,False,0.1428571428571428,12288,False,1
"[""feat""]","[""docs""]",0.3989319801330566,['6d405dfc1675dcad64a2dfac0c0cb0fb28381d21'],0.0,0.0,0.0,False,0.2857142857142857,12288,False,1
"[""refactor""]","[""refactor""]",1.274935960769653,['3cca5c314ad6feeffbfe1f14cf49ebd0fd9a95a2'],1.0,1.0,1.0,True,0.0,12288,False,1
"[""test""]","[""docs""]",0.3678550720214844,['af880ac5b4fecbc6c4f3d1eee0d95f326e8bd9d1'],0.0,0.0,0.0,False,0.2857142857142857,12288,False,1
"[""fix""]","[""fix""]",0.312845230102539,['c8e0ae8612df3d6f2831acc004aaac332f6105e4'],1.0,1.0,1.0,True,0.0,12288,False,1
"[""refactor"", ""docs""]","[""refactor""]",0.6682260036468506,['771857b1df9470ebc15357e8879118a72c649d5b'],0.5,1.0,0.6666666666666666,False,0.1428571428571428,12288,False,1
"[""refactor""]","[""refactor""]",0.3381266593933105,['47ef9104e4a89e80d7cc6c1950bc080841da4a7b'],1.0,1.0,1.0,True,0.0,12288,False,1
"[""test""]","[""refactor""]",0.6377172470092773,['1db13ec43727aca872a0f3836e4023ed85db665e'],0.0,0.0,0.0,False,0.2857142857142857,12288,False,1
"[""refactor""]","[""fix""]",0.3437674045562744,['933ab6bb86372913c992567cf9660009900911a7'],0.0,0.0,0.0,False,0.2857142857142857,12288,False,1
"[""test""]","[""test""]",0.3411533832550049,['e2e8ad25854bd1e7cdbc7f50b50bbd99e04ad47d'],1.0,1.0,1.0,True,0.0,12288,False,1
"[""build""]","[""build""]",0.3915119171142578,['c44cf88a6ec54e5ddd99d8348bcc57b301ec7945'],1.0,1.0,1.0,True,0.0,12288,False,1
"[""ci""]","[""ci""]",0.3147211074829101,['e96487ad7ce90b141219d9032fa2bed68d5dae6a'],1.0,1.0,1.0,True,0.0,12288,False,1
"[""build""]","[""build""]",0.3680372238159179,['5b81fde8a72cf2e69a10e9f5c4f0bea0a2b8c3e0'],1.0,1.0,1.0,True,0.0,12288,False,1
"[""docs""]","[""docs""]",1.4723567962646484,['cb1f48b56ae0de93acb72e48726c7d610a1d538e'],1.0,1.0,1.0,True,0.0,12288,False,1
"[""refactor""]","[""fix""]",0.4796638488769531,['2561f4ade46fc9d59f289f328cc77733a6443697'],0.0,0.0,0.0,False,0.2857142857142857,12288,False,1
"[""refactor""]","[""fix""]",0.4063408374786377,['06e2be4e2019b6fa714e1fcb34485860ef1ede79'],0.0,0.0,0.0,False,0.2857142857142857,12288,False,1
"[""refactor""]","[""refactor""]",0.342456579208374,['36556bf8e0bce4ab6d26eafacbdad04d9614a5d7'],1.0,1.0,1.0,True,0.0,12288,False,1
"[""build""]","[""build""]",0.3699054718017578,['c323d59c607cabc91f17a78528d998f376f30b10'],1.0,1.0,1.0,True,0.0,12288,False,1
"[""build"", ""refactor""]","[""build""]",0.5351135730743408,['e4a11fd5c34942ba12737f1c8c084489428ee274'],0.5,1.0,0.6666666666666666,False,0.1428571428571428,12288,False,1
"[""feat"", ""refactor""]","[""refactor""]",0.5372893810272217,['63eab619e6166eb6cab948028a7b89bf059dd878'],0.5,1.0,0.6666666666666666,False,0.1428571428571428,12288,False,1
"[""docs""]","[""docs""]",0.3458602428436279,['a52a585d74894b3b4eeb8c784fa089ff95cddad0'],1.0,1.0,1.0,True,0.0,12288,False,1
"[""feat"", ""refactor""]","[""feat""]",0.5704808235168457,['b282e90e2cbb74559aab79eee8443a4d7c85502a'],0.5,1.0,0.6666666666666666,False,0.1428571428571428,12288,False,1
"[""feat"", ""test"", ""ci"", ""build"", ""docs""]","[""feat""]",0.7908024787902832,['f823cf28652987d43c8324b4f5b203240032383a'],0.2,1.0,0.3333333333333333,False,0.5714285714285714,12288,False,1
"[""refactor""]","[""fix""]",0.3705921173095703,['9ef5c0d14193a9abb09b39856f58477d1f4b0d77'],0.0,0.0,0.0,False,0.2857142857142857,12288,False,1
"[""feat"", ""refactor""]","[""feat""]",0.6095349788665771,['fd8e563cc19ca4684885d4692acee6bebcca4ada'],0.5,1.0,0.6666666666666666,False,0.1428571428571428,12288,False,1
"[""ci""]","[""ci""]",0.384749174118042,['4cbbd2552ba0de273e1dfe7d453c5b3efed751a3'],1.0,1.0,1.0,True,0.0,12288,False,1
"[""ci"", ""test""]","[""ci""]",0.5846991539001465,['173553c0372e66e03bdab19e0e6c2dd44daa14a0'],0.5,1.0,0.6666666666666666,False,0.1428571428571428,12288,False,1
"[""ci"", ""build""]","[""ci""]",0.7141861915588379,['32845e1bbd1efb5dbc16f671049509a409ba25ce'],0.5,1.0,0.6666666666666666,False,0.1428571428571428,12288,False,1
"[""test""]","[""test""]",0.3697342872619629,['229b53a632ea97d47c4be11f096bdd828fb415d8'],1.0,1.0,1.0,True,0.0,12288,False,1
"[""feat"", ""refactor""]","[""refactor""]",0.4674224853515625,['2954a0955ce9af6acb345ed1e8328e145ad30475'],0.5,1.0,0.6666666666666666,False,0.1428571428571428,12288,False,1
"[""refactor"", ""docs""]","[""refactor""]",0.5001859664916992,['a62314d9bb632be6af026686615d14b912250512'],0.5,1.0,0.6666666666666666,False,0.1428571428571428,12288,False,1
"[""refactor""]","[""refactor""]",0.6984272003173828,['062daa45cbd5dba6e96e95d8cdcaee89ae30a83c'],1.0,1.0,1.0,True,0.0,12288,False,1
"[""test""]","[""test""]",0.3886566162109375,['bedc7950b24c37809e36a585b7985d5aa5e3e458'],1.0,1.0,1.0,True,0.0,12288,False,1
"[""feat"", ""refactor""]","[""feat""]",0.927180290222168,['ded26d768ff432ad3bde3c0aa1e95ce50726100a'],0.5,1.0,0.6666666666666666,False,0.1428571428571428,12288,False,1
"[""ci"", ""test""]","[""test""]",0.563429594039917,['e9617f0854030e70365eb264bcb3b58078e79e9e'],0.5,1.0,0.6666666666666666,False,0.1428571428571428,12288,False,1
"[""feat"", ""test"", ""ci"", ""build""]","[""feat""]",0.8760678768157959,['6ed56ce9ae743ba9a87e6c9643cc06b1de7b748d'],0.25,1.0,0.4,False,0.4285714285714285,12288,False,1
"[""docs""]","[""docs""]",0.3755664825439453,['e12d9e77a6fd531a22325337838a841b1c67f00d'],1.0,1.0,1.0,True,0.0,12288,False,1
"[""refactor"", ""ci"", ""test"", ""docs"", ""build""]","[""feat"", ""refactor""]",0.9504055976867676,"['fd8e563cc19ca4684885d4692acee6bebcca4ada', '36556bf8e0bce4ab6d26eafacbdad04d9614a5d7']",0.2,0.5,0.2857142857142857,False,0.7142857142857143,12288,False,2
"[""ci"", ""build""]","[""ci"", ""build""]",0.5679733753204346,"['45837af24a33308a70a3454f0f650f9fe728e272', '5b81fde8a72cf2e69a10e9f5c4f0bea0a2b8c3e0']",1.0,1.0,1.0,True,0.0,12288,False,2
"[""feat"", ""refactor"", ""test""]","[""refactor"", ""docs""]",0.6616575717926025,"['535708ae50aecb452560a23356fd396f99ef13a2', 'af880ac5b4fecbc6c4f3d1eee0d95f326e8bd9d1']",0.3333333333333333,0.5,0.4,False,0.4285714285714285,12288,False,2
"[""feat"", ""fix"", ""refactor"", ""docs"", ""test"", ""ci"", ""build""]","[""feat"", ""refactor""]",1.163712501525879,"['68278b00450f2679761a2999500f6d87a579376b', '63eab619e6166eb6cab948028a7b89bf059dd878']",0.2857142857142857,1.0,0.4444444444444445,False,0.7142857142857143,12288,False,2
"[""ci"", ""test""]","[""ci"", ""test""]",0.5020334720611572,"['dbb537a26e388a8d7d17faf131abc30c2f7a84e6', 'f411e58cd510f8a2b980b2f1932003a0c0e9f8f3']",1.0,1.0,1.0,True,0.0,12288,False,2
"[""test"", ""ci""]","[""test"", ""ci""]",0.585543155670166,"['e2e8ad25854bd1e7cdbc7f50b50bbd99e04ad47d', 'c5fa7b80438fbd74f4c341f0d3c9bd9e0f4910da']",1.0,1.0,1.0,True,0.0,12288,False,2
"[""ci"", ""build""]","[""ci"", ""build""]",0.6334922313690186,"['45837af24a33308a70a3454f0f650f9fe728e272', '1269431c8a3e7549f10fcbbb4b88ff625c8898b3']",1.0,1.0,1.0,True,0.0,12288,False,2
"[""feat"", ""refactor"", ""test""]","[""feat"", ""test""]",0.7650353908538818,"['1bcf88670b50155b50071e707f98f30cea0b7a24', 'f411e58cd510f8a2b980b2f1932003a0c0e9f8f3']",0.6666666666666666,1.0,0.8,False,0.1428571428571428,12288,False,2
"[""fix"", ""docs""]","[""fix"", ""docs""]",0.4388432502746582,"['9be725fa3906323d4bc9788f54eccf74109d632b', '0cfc5633d37ea06f645649138323f1820e18bdee']",1.0,1.0,1.0,True,0.0,12288,False,2
"[""refactor"", ""ci""]","[""fix"", ""ci""]",0.4464914798736572,"['9be725fa3906323d4bc9788f54eccf74109d632b', 'e96487ad7ce90b141219d9032fa2bed68d5dae6a']",0.5,0.5,0.5,False,0.2857142857142857,12288,False,2
"[""test"", ""ci"", ""refactor""]","[""build"", ""test""]",0.791306734085083,"['1269431c8a3e7549f10fcbbb4b88ff625c8898b3', '317f4eefecddfb1392ca71d551840f446feee302']",0.3333333333333333,0.5,0.4,False,0.4285714285714285,12288,False,2
"[""ci"", ""docs""]","[""ci"", ""docs""]",0.4985885620117187,"['dbb537a26e388a8d7d17faf131abc30c2f7a84e6', '0cfc5633d37ea06f645649138323f1820e18bdee']",1.0,1.0,1.0,True,0.0,12288,False,2
"[""refactor"", ""test"", ""ci"", ""build""]","[""refactor"", ""build""]",1.7358956336975098,"['3cca5c314ad6feeffbfe1f14cf49ebd0fd9a95a2', '454003841aabeb74396d73541378bfa59c75b5db']",0.5,1.0,0.6666666666666666,False,0.2857142857142857,12288,False,2
"[""refactor"", ""ci"", ""build"", ""test"", ""docs""]","[""fix"", ""refactor""]",1.236201524734497,"['2561f4ade46fc9d59f289f328cc77733a6443697', '062daa45cbd5dba6e96e95d8cdcaee89ae30a83c']",0.2,0.5,0.2857142857142857,False,0.7142857142857143,12288,False,2
"[""build"", ""ci""]","[""build"", ""ci""]",0.5045545101165771,"['c44cf88a6ec54e5ddd99d8348bcc57b301ec7945', 'dbb537a26e388a8d7d17faf131abc30c2f7a84e6']",1.0,1.0,1.0,True,0.0,12288,False,2
"[""feat"", ""refactor"", ""test"", ""ci"", ""build"", ""docs""]","[""build"", ""refactor""]",1.0226929187774658,"['32b92cfa0b74a6c25990e32ac6aab12b8496794c', '63eab619e6166eb6cab948028a7b89bf059dd878']",0.3333333333333333,1.0,0.5,False,0.5714285714285714,12288,False,2
"[""feat"", ""ci""]","[""feat"", ""docs""]",0.4972665309906006,"['dc5238b2bda98a7c4f2fe9584fc3b0191a408109', 'e12d9e77a6fd531a22325337838a841b1c67f00d']",0.5,0.5,0.5,False,0.2857142857142857,12288,False,2
"[""ci"", ""docs""]","[""ci"", ""docs""]",0.7403135299682617,"['32845e1bbd1efb5dbc16f671049509a409ba25ce', 'bf83c9155e9bee6925aa7102fab53fb803d52533']",1.0,1.0,1.0,True,0.0,12288,False,2
"[""feat"", ""refactor"", ""ci"", ""build"", ""test"", ""docs""]","[""fix"", ""feat""]",1.161918878555298,"['d129eaf9125a967ac86c6c7276bbae6b4d50af36', '6ed56ce9ae743ba9a87e6c9643cc06b1de7b748d']",0.1666666666666666,0.5,0.25,False,0.8571428571428571,12288,False,2
"[""feat"", ""ci""]","[""feat"", ""ci""]",0.6526792049407959,"['1bcf88670b50155b50071e707f98f30cea0b7a24', '74e9de5ec97dc013a52aa063dff0f40ac74c407b']",1.0,1.0,1.0,True,0.0,12288,False,2
"[""feat"", ""ci""]","[""docs"", ""ci""]",0.4998559951782226,"['036a0ff49a7dade0e04c9c07071a1ff49133ee24', '4cbbd2552ba0de273e1dfe7d453c5b3efed751a3']",0.5,0.5,0.5,False,0.2857142857142857,12288,False,2
"[""docs"", ""test"", ""ci"", ""build""]","[""test"", ""docs""]",1.8304378986358645,"['e9617f0854030e70365eb264bcb3b58078e79e9e', 'cb1f48b56ae0de93acb72e48726c7d610a1d538e']",0.5,1.0,0.6666666666666666,False,0.2857142857142857,12288,False,2
"[""docs"", ""feat""]","[""docs"", ""feat""]",0.5857539176940918,"['aca23027da1295c78fdf42ba9687d8ccc88784d7', 'f823cf28652987d43c8324b4f5b203240032383a']",1.0,1.0,1.0,True,0.0,12288,False,2
"[""refactor"", ""test"", ""ci"", ""build"", ""docs"", ""feat"", ""fix""]","[""refactor"", ""fix""]",1.0295255184173584,"['47ef9104e4a89e80d7cc6c1950bc080841da4a7b', '06e2be4e2019b6fa714e1fcb34485860ef1ede79']",0.2857142857142857,1.0,0.4444444444444445,False,0.7142857142857143,12288,False,2
"[""build"", ""ci""]","[""build"", ""ci""]",0.484525203704834,"['5b81fde8a72cf2e69a10e9f5c4f0bea0a2b8c3e0', 'dbb537a26e388a8d7d17faf131abc30c2f7a84e6']",1.0,1.0,1.0,True,0.0,12288,False,2
"[""build"", ""refactor""]","[""build"", ""refactor""]",0.5058226585388184,"['5b81fde8a72cf2e69a10e9f5c4f0bea0a2b8c3e0', '36556bf8e0bce4ab6d26eafacbdad04d9614a5d7']",1.0,1.0,1.0,True,0.0,12288,False,2
"[""feat"", ""test""]","[""fix"", ""test""]",0.585770845413208,"['9ef5c0d14193a9abb09b39856f58477d1f4b0d77', 'b7ce2894fd1794064bd6db4ed730bb6cb7728739']",0.5,0.5,0.5,False,0.2857142857142857,12288,False,2
"[""build"", ""docs"", ""test"", ""ci"", ""feat"", ""fix"", ""refactor""]","[""build"", ""docs""]",1.0701515674591064,"['c323d59c607cabc91f17a78528d998f376f30b10', 'c2ee5cd5e709afd15c5565ee009a0d204403a119']",0.2857142857142857,1.0,0.4444444444444445,False,0.7142857142857143,12288,False,2
"[""refactor"", ""ci""]","[""fix"", ""ci""]",0.457535982131958,"['9be725fa3906323d4bc9788f54eccf74109d632b', 'dbb537a26e388a8d7d17faf131abc30c2f7a84e6']",0.5,0.5,0.5,False,0.2857142857142857,12288,False,2
"[""refactor"", ""ci""]","[""fix"", ""ci""]",0.5893268585205078,"['9be725fa3906323d4bc9788f54eccf74109d632b', 'e7a67d88173566be3cd3aed7e9eeb7e29aabbc57']",0.5,0.5,0.5,False,0.2857142857142857,12288,False,2
"[""docs"", ""refactor""]","[""docs"", ""refactor""]",0.8838403224945068,"['c2ee5cd5e709afd15c5565ee009a0d204403a119', '062daa45cbd5dba6e96e95d8cdcaee89ae30a83c']",1.0,1.0,1.0,True,0.0,12288,False,2
"[""feat"", ""refactor"", ""docs""]","[""fix"", ""feat""]",0.9570746421813964,"['933ab6bb86372913c992567cf9660009900911a7', 'e137f9fdbdb6bf3f85c3f7ac9323785e445844c8']",0.3333333333333333,0.5,0.4,False,0.4285714285714285,12288,False,2
"[""refactor"", ""build""]","[""fix"", ""build""]",0.5346243381500244,"['9be725fa3906323d4bc9788f54eccf74109d632b', 'c44cf88a6ec54e5ddd99d8348bcc57b301ec7945']",0.5,0.5,0.5,False,0.2857142857142857,12288,False,2
"[""ci"", ""test"", ""build""]","[""ci"", ""docs""]",0.7228760719299316,"['173553c0372e66e03bdab19e0e6c2dd44daa14a0', 'e12d9e77a6fd531a22325337838a841b1c67f00d']",0.3333333333333333,0.5,0.4,False,0.4285714285714285,12288,False,2
"[""ci"", ""feat""]","[""ci"", ""feat""]",0.5485279560089111,"['6c9cb638cb4d1ecc42632fcf389c24898c5b3244', 'f823cf28652987d43c8324b4f5b203240032383a']",1.0,1.0,1.0,True,0.0,12288,False,2
"[""ci"", ""docs"", ""test""]","[""ci"", ""docs""]",0.6843652725219727,"['74e9de5ec97dc013a52aa063dff0f40ac74c407b', 'c2ee5cd5e709afd15c5565ee009a0d204403a119']",0.6666666666666666,1.0,0.8,False,0.1428571428571428,12288,False,2
"[""test""]","[""test"", ""build""]",0.5125188827514648,"['317f4eefecddfb1392ca71d551840f446feee302', '5b81fde8a72cf2e69a10e9f5c4f0bea0a2b8c3e0']",1.0,0.5,0.6666666666666666,False,0.1428571428571428,12288,False,2
"[""feat"", ""docs"", ""test"", ""ci"", ""build""]","[""docs"", ""feat""]",0.8899426460266113,"['a52a585d74894b3b4eeb8c784fa089ff95cddad0', 'f823cf28652987d43c8324b4f5b203240032383a']",0.4,1.0,0.5714285714285715,False,0.4285714285714285,12288,False,2
"[""refactor"", ""build""]","[""refactor"", ""build""]",0.5149366855621338,"['47ef9104e4a89e80d7cc6c1950bc080841da4a7b', '5b81fde8a72cf2e69a10e9f5c4f0bea0a2b8c3e0']",1.0,1.0,1.0,True,0.0,12288,False,2
"[""feat"", ""refactor"", ""docs"", ""test"", ""ci"", ""build""]","[""feat"", ""refactor""]",1.455005407333374,"['e137f9fdbdb6bf3f85c3f7ac9323785e445844c8', '771857b1df9470ebc15357e8879118a72c649d5b']",0.3333333333333333,1.0,0.5,False,0.5714285714285714,12288,False,2
"[""feat"", ""test"", ""refactor"", ""docs"", ""ci"", ""build""]","[""feat"", ""fix""]",1.1554648876190186,"['6ed56ce9ae743ba9a87e6c9643cc06b1de7b748d', 'd1d55e787b7d07f763852602b9939a5394607fd9']",0.1666666666666666,0.5,0.25,False,0.8571428571428571,12288,False,2
"[""build"", ""docs""]","[""build"", ""docs""]",0.4991827011108398,"['c323d59c607cabc91f17a78528d998f376f30b10', '0cfc5633d37ea06f645649138323f1820e18bdee']",1.0,1.0,1.0,True,0.0,12288,False,2
"[""feat"", ""test"", ""build"", ""refactor"", ""docs""]","[""test"", ""refactor""]",1.134671926498413,"['8ee0611fbf0cd89abe7ae588f22e6ecb843598ea', '2954a0955ce9af6acb345ed1e8328e145ad30475']",0.4,1.0,0.5714285714285715,False,0.4285714285714285,12288,False,2
"[""refactor"", ""test""]","[""refactor"", ""fix""]",0.5307152271270752,"['36556bf8e0bce4ab6d26eafacbdad04d9614a5d7', 'c8e0ae8612df3d6f2831acc004aaac332f6105e4']",0.5,0.5,0.5,False,0.2857142857142857,12288,False,2
"[""ci"", ""build"", ""refactor""]","[""build"", ""ci""]",0.7968013286590576,"['e4a11fd5c34942ba12737f1c8c084489428ee274', '173553c0372e66e03bdab19e0e6c2dd44daa14a0']",0.6666666666666666,1.0,0.8,False,0.1428571428571428,12288,False,2
"[""refactor"", ""feat""]","[""fix"", ""feat""]",0.5618433952331543,"['c8e0ae8612df3d6f2831acc004aaac332f6105e4', 'f9a094918b62534614c47aa8a13f33aec751a1e0']",0.5,0.5,0.5,False,0.2857142857142857,12288,False,2
"[""refactor"", ""docs""]","[""refactor"", ""docs""]",0.7197341918945312,"['771857b1df9470ebc15357e8879118a72c649d5b', '0cfc5633d37ea06f645649138323f1820e18bdee']",1.0,1.0,1.0,True,0.0,12288,False,2
"[""feat"", ""test"", ""docs"", ""refactor"", ""build"", ""ci""]","[""feat"", ""fix""]",1.158718824386597,"['6ed56ce9ae743ba9a87e6c9643cc06b1de7b748d', '87d5d4e55ab7149b593d29410f1fe426ba2447d4']",0.1666666666666666,0.5,0.25,False,0.8571428571428571,12288,False,2
"[""test""]","[""refactor"", ""test""]",0.7049155235290527,"['1db13ec43727aca872a0f3836e4023ed85db665e', '229b53a632ea97d47c4be11f096bdd828fb415d8']",1.0,0.5,0.6666666666666666,False,0.1428571428571428,12288,False,2
"[""test"", ""feat""]","[""test"", ""refactor""]",0.7164993286132812,"['317f4eefecddfb1392ca71d551840f446feee302', '63eab619e6166eb6cab948028a7b89bf059dd878']",0.5,0.5,0.5,False,0.2857142857142857,12288,False,2
"[""refactor"", ""build""]","[""docs"", ""build""]",0.5634706020355225,"['e12d9e77a6fd531a22325337838a841b1c67f00d', 'c44cf88a6ec54e5ddd99d8348bcc57b301ec7945']",0.5,0.5,0.5,False,0.2857142857142857,12288,False,2
"[""test"", ""ci""]","[""refactor"", ""build""]",0.8279447555541992,"['1db13ec43727aca872a0f3836e4023ed85db665e', '32b92cfa0b74a6c25990e32ac6aab12b8496794c']",0.0,0.0,0.0,False,0.5714285714285714,12288,False,2
"[""docs"", ""refactor"", ""build""]","[""docs"", ""fix""]",0.721473217010498,"['c2ee5cd5e709afd15c5565ee009a0d204403a119', 'bed78248c941d57ad4cc20a455147e186e97c7a1']",0.3333333333333333,0.5,0.4,False,0.4285714285714285,12288,False,2
"[""docs"", ""ci"", ""build""]","[""docs"", ""ci""]",0.724393367767334,"['bf83c9155e9bee6925aa7102fab53fb803d52533', '173553c0372e66e03bdab19e0e6c2dd44daa14a0']",0.6666666666666666,1.0,0.8,False,0.1428571428571428,12288,False,2
"[""refactor"", ""ci""]","[""refactor"", ""ci""]",0.5230216979980469,"['36556bf8e0bce4ab6d26eafacbdad04d9614a5d7', '74e9de5ec97dc013a52aa063dff0f40ac74c407b']",1.0,1.0,1.0,True,0.0,12288,False,2
"[""feat"", ""test"", ""ci"", ""refactor""]","[""test"", ""fix""]",0.8229866027832031,"['e9617f0854030e70365eb264bcb3b58078e79e9e', '87d5d4e55ab7149b593d29410f1fe426ba2447d4']",0.25,0.5,0.3333333333333333,False,0.5714285714285714,12288,False,2
"[""feat"", ""refactor"", ""docs"", ""test"", ""ci"", ""build""]","[""feat"", ""refactor""]",1.3343851566314695,"['e137f9fdbdb6bf3f85c3f7ac9323785e445844c8', '47ef9104e4a89e80d7cc6c1950bc080841da4a7b']",0.3333333333333333,1.0,0.5,False,0.5714285714285714,12288,False,2
"[""refactor"", ""ci""]","[""fix"", ""ci""]",0.6027102470397949,"['2561f4ade46fc9d59f289f328cc77733a6443697', '74e9de5ec97dc013a52aa063dff0f40ac74c407b']",0.5,0.5,0.5,False,0.2857142857142857,12288,False,2
"[""build"", ""ci""]","[""build"", ""ci""]",0.4937160015106201,"['5b81fde8a72cf2e69a10e9f5c4f0bea0a2b8c3e0', 'e96487ad7ce90b141219d9032fa2bed68d5dae6a']",1.0,1.0,1.0,True,0.0,12288,False,2
"[""build"", ""test"", ""feat""]","[""build"", ""test""]",0.8470771312713623,"['32b92cfa0b74a6c25990e32ac6aab12b8496794c', '8ee0611fbf0cd89abe7ae588f22e6ecb843598ea']",0.6666666666666666,1.0,0.8,False,0.1428571428571428,12288,False,2
"[""test"", ""ci""]","[""refactor"", ""ci""]",0.8248097896575928,"['1db13ec43727aca872a0f3836e4023ed85db665e', '74e9de5ec97dc013a52aa063dff0f40ac74c407b']",0.5,0.5,0.5,False,0.2857142857142857,12288,False,2
"[""refactor"", ""build""]","[""fix"", ""build""]",0.6416764259338379,"['2561f4ade46fc9d59f289f328cc77733a6443697', 'c55591ba157298a9c5816693c102a89dfd058830']",0.5,0.5,0.5,False,0.2857142857142857,12288,False,2
"[""build"", ""test""]","[""build"", ""refactor""]",0.7621886730194092,"['5b81fde8a72cf2e69a10e9f5c4f0bea0a2b8c3e0', '1db13ec43727aca872a0f3836e4023ed85db665e']",0.5,0.5,0.5,False,0.2857142857142857,12288,False,2
"[""build"", ""test"", ""ci"", ""feat""]","[""test"", ""ci""]",0.9556419849395752,"['8ee0611fbf0cd89abe7ae588f22e6ecb843598ea', 'e96487ad7ce90b141219d9032fa2bed68d5dae6a']",0.5,1.0,0.6666666666666666,False,0.2857142857142857,12288,False,2
"[""test"", ""refactor"", ""ci"", ""build"", ""docs""]","[""test"", ""refactor""]",1.2739753723144531,"['bedc7950b24c37809e36a585b7985d5aa5e3e458', '062daa45cbd5dba6e96e95d8cdcaee89ae30a83c']",0.4,1.0,0.5714285714285715,False,0.4285714285714285,12288,False,2
"[""ci"", ""feat"", ""refactor""]","[""ci"", ""refactor""]",0.7792437076568604,"['74e9de5ec97dc013a52aa063dff0f40ac74c407b', '63eab619e6166eb6cab948028a7b89bf059dd878']",0.6666666666666666,1.0,0.8,False,0.1428571428571428,12288,False,2
"[""test""]","[""test"", ""docs""]",0.5108611583709717,"['317f4eefecddfb1392ca71d551840f446feee302', 'af880ac5b4fecbc6c4f3d1eee0d95f326e8bd9d1']",1.0,0.5,0.6666666666666666,False,0.1428571428571428,12288,False,2
"[""feat"", ""fix""]","[""feat"", ""fix""]",0.5372281074523926,"['dc5238b2bda98a7c4f2fe9584fc3b0191a408109', '9ef5c0d14193a9abb09b39856f58477d1f4b0d77']",1.0,1.0,1.0,True,0.0,12288,False,2
"[""build"", ""ci"", ""docs"", ""feat"", ""fix"", ""refactor"", ""test""]","[""build"", ""docs""]",1.0898914337158203,"['e4a11fd5c34942ba12737f1c8c084489428ee274', 'e12d9e77a6fd531a22325337838a841b1c67f00d']",0.2857142857142857,1.0,0.4444444444444445,False,0.7142857142857143,12288,False,2
"[""feat"", ""test"", ""docs"", ""refactor"", ""build"", ""ci""]","[""feat"", ""refactor""]",1.2555429935455322,"['6ed56ce9ae743ba9a87e6c9643cc06b1de7b748d', '63eab619e6166eb6cab948028a7b89bf059dd878']",0.3333333333333333,1.0,0.5,False,0.5714285714285714,12288,False,2
"[""ci"", ""feat"", ""docs""]","[""ci"", ""fix"", ""docs""]",1.3002369403839111,"['dbb537a26e388a8d7d17faf131abc30c2f7a84e6', 'd129eaf9125a967ac86c6c7276bbae6b4d50af36', 'cb1f48b56ae0de93acb72e48726c7d610a1d538e']",0.6666666666666666,0.6666666666666666,0.6666666666666666,False,0.2857142857142857,12288,False,3
"[""refactor"", ""test"", ""ci"", ""build""]","[""fix"", ""refactor"", ""feat""]",1.6365244388580322,"['933ab6bb86372913c992567cf9660009900911a7', '3cca5c314ad6feeffbfe1f14cf49ebd0fd9a95a2', '6ed56ce9ae743ba9a87e6c9643cc06b1de7b748d']",0.25,0.3333333333333333,0.2857142857142857,False,0.7142857142857143,12288,False,3
"[""build"", ""feat"", ""refactor""]","[""build"", ""feat"", ""ci""]",1.2319042682647705,"['5b81fde8a72cf2e69a10e9f5c4f0bea0a2b8c3e0', 'e137f9fdbdb6bf3f85c3f7ac9323785e445844c8', '32845e1bbd1efb5dbc16f671049509a409ba25ce']",0.6666666666666666,0.6666666666666666,0.6666666666666666,False,0.2857142857142857,12288,False,3
"[""ci"", ""feat"", ""refactor"", ""build""]","[""ci"", ""docs"", ""feat""]",0.9607725143432616,"['45837af24a33308a70a3454f0f650f9fe728e272', '6d405dfc1675dcad64a2dfac0c0cb0fb28381d21', 'f823cf28652987d43c8324b4f5b203240032383a']",0.5,0.6666666666666666,0.5714285714285715,False,0.4285714285714285,12288,False,3
"[""ci"", ""docs"", ""build""]","[""ci"", ""docs"", ""build""]",0.6355612277984619,"['6c9cb638cb4d1ecc42632fcf389c24898c5b3244', 'bf83c9155e9bee6925aa7102fab53fb803d52533', 'c323d59c607cabc91f17a78528d998f376f30b10']",1.0,1.0,1.0,True,0.0,12288,False,3
"[""test"", ""ci"", ""feat""]","[""test"", ""docs"", ""fix""]",0.688363790512085,"['229b53a632ea97d47c4be11f096bdd828fb415d8', 'e12d9e77a6fd531a22325337838a841b1c67f00d', 'd129eaf9125a967ac86c6c7276bbae6b4d50af36']",0.3333333333333333,0.3333333333333333,0.3333333333333333,False,0.5714285714285714,12288,False,3
"[""feat"", ""docs"", ""refactor""]","[""feat"", ""docs"", ""refactor""]",0.7657735347747803,"['68278b00450f2679761a2999500f6d87a579376b', 'c2ee5cd5e709afd15c5565ee009a0d204403a119', '535708ae50aecb452560a23356fd396f99ef13a2']",1.0,1.0,1.0,True,0.0,12288,False,3
"[""fix"", ""ci"", ""test""]","[""docs"", ""ci"", ""test""]",0.6679854393005371,"['0cfc5633d37ea06f645649138323f1820e18bdee', '6c9cb638cb4d1ecc42632fcf389c24898c5b3244', 'f411e58cd510f8a2b980b2f1932003a0c0e9f8f3']",0.6666666666666666,0.6666666666666666,0.6666666666666666,False,0.2857142857142857,12288,False,3
"[""refactor"", ""build""]","[""build"", ""fix"", ""refactor""]",0.6073520183563232,"['1269431c8a3e7549f10fcbbb4b88ff625c8898b3', '933ab6bb86372913c992567cf9660009900911a7', '36556bf8e0bce4ab6d26eafacbdad04d9614a5d7']",1.0,0.6666666666666666,0.8,False,0.1428571428571428,12288,False,3
"[""test"", ""refactor"", ""docs""]","[""test"", ""fix"", ""docs""]",0.7086880207061768,"['c7b25726df94a2530c9b1c0d2b6a0acaa103822f', '933ab6bb86372913c992567cf9660009900911a7', 'c2ee5cd5e709afd15c5565ee009a0d204403a119']",0.6666666666666666,0.6666666666666666,0.6666666666666666,False,0.2857142857142857,12288,False,3
"[""refactor"", ""build"", ""ci"", ""test"", ""docs""]","[""build"", ""refactor"", ""fix""]",1.049323558807373,"['32b92cfa0b74a6c25990e32ac6aab12b8496794c', '771857b1df9470ebc15357e8879118a72c649d5b', '06e2be4e2019b6fa714e1fcb34485860ef1ede79']",0.4,0.6666666666666666,0.5,False,0.5714285714285714,12288,False,3
"[""test"", ""ci""]","[""test"", ""docs"", ""build""]",0.5768246650695801,"['f411e58cd510f8a2b980b2f1932003a0c0e9f8f3', '036a0ff49a7dade0e04c9c07071a1ff49133ee24', 'c44cf88a6ec54e5ddd99d8348bcc57b301ec7945']",0.5,0.3333333333333333,0.4,False,0.4285714285714285,12288,False,3
"[""feat"", ""test"", ""docs"", ""build"", ""refactor""]","[""feat"", ""test"", ""refactor""]",1.1290106773376465,"['6ed56ce9ae743ba9a87e6c9643cc06b1de7b748d', 'c7b25726df94a2530c9b1c0d2b6a0acaa103822f', '535708ae50aecb452560a23356fd396f99ef13a2']",0.6,1.0,0.7499999999999999,False,0.2857142857142857,12288,False,3
"[""feat"", ""refactor"", ""docs"", ""test"", ""ci"", ""build""]","[""docs"", ""feat"", ""fix""]",1.4640717506408691,"['6d405dfc1675dcad64a2dfac0c0cb0fb28381d21', 'ded26d768ff432ad3bde3c0aa1e95ce50726100a', 'd129eaf9125a967ac86c6c7276bbae6b4d50af36']",0.3333333333333333,0.6666666666666666,0.4444444444444444,False,0.7142857142857143,12288,False,3
"[""ci"", ""docs"", ""refactor""]","[""ci"", ""docs"", ""fix""]",0.8477182388305664,"['e7a67d88173566be3cd3aed7e9eeb7e29aabbc57', 'c2ee5cd5e709afd15c5565ee009a0d204403a119', 'bed78248c941d57ad4cc20a455147e186e97c7a1']",0.6666666666666666,0.6666666666666666,0.6666666666666666,False,0.2857142857142857,12288,False,3
"[""ci"", ""docs"", ""feat""]","[""ci"", ""docs"", ""fix""]",0.7371463775634766,"['74e9de5ec97dc013a52aa063dff0f40ac74c407b', 'aca23027da1295c78fdf42ba9687d8ccc88784d7', 'd129eaf9125a967ac86c6c7276bbae6b4d50af36']",0.6666666666666666,0.6666666666666666,0.6666666666666666,False,0.2857142857142857,12288,False,3
"[""test"", ""refactor"", ""build""]","[""test"", ""fix"", ""build""]",0.7671070098876953,"['c7b25726df94a2530c9b1c0d2b6a0acaa103822f', 'bed78248c941d57ad4cc20a455147e186e97c7a1', 'c55591ba157298a9c5816693c102a89dfd058830']",0.6666666666666666,0.6666666666666666,0.6666666666666666,False,0.2857142857142857,12288,False,3
"[""ci"", ""docs"", ""refactor""]","[""docs"", ""ci"", ""fix""]",0.805875301361084,"['a52a585d74894b3b4eeb8c784fa089ff95cddad0', 'e7a67d88173566be3cd3aed7e9eeb7e29aabbc57', 'bed78248c941d57ad4cc20a455147e186e97c7a1']",0.6666666666666666,0.6666666666666666,0.6666666666666666,False,0.2857142857142857,12288,False,3
"[""build"", ""ci"", ""test""]","[""build"", ""ci"", ""test""]",0.651444673538208,"['f00a4d3e307b89842250358ee432e6800bb24362', '6c9cb638cb4d1ecc42632fcf389c24898c5b3244', 'c7b25726df94a2530c9b1c0d2b6a0acaa103822f']",1.0,1.0,1.0,True,0.0,12288,False,3
"[""feat"", ""refactor"", ""fix"", ""ci"", ""build"", ""test"", ""docs""]","[""refactor"", ""feat"", ""fix""]",1.1282954216003418,"['2954a0955ce9af6acb345ed1e8328e145ad30475', 'dc5238b2bda98a7c4f2fe9584fc3b0191a408109', '9ef5c0d14193a9abb09b39856f58477d1f4b0d77']",0.4285714285714285,1.0,0.6,False,0.5714285714285714,12288,False,3
"[""ci"", ""test"", ""refactor""]","[""ci"", ""test"", ""fix""]",0.7090835571289062,"['4cbbd2552ba0de273e1dfe7d453c5b3efed751a3', 'f411e58cd510f8a2b980b2f1932003a0c0e9f8f3', '06e2be4e2019b6fa714e1fcb34485860ef1ede79']",0.6666666666666666,0.6666666666666666,0.6666666666666666,False,0.2857142857142857,12288,False,3
"[""feat"", ""test"", ""ci"", ""build""]","[""feat"", ""refactor"", ""build""]",1.2030014991760254,"['b282e90e2cbb74559aab79eee8443a4d7c85502a', '1db13ec43727aca872a0f3836e4023ed85db665e', '37b1cbfd3d2c462ef4f2a131e4172c38dc8d9ddf']",0.5,0.6666666666666666,0.5714285714285715,False,0.4285714285714285,12288,False,3
"[""feat"", ""refactor"", ""ci"", ""build""]","[""fix"", ""feat"", ""ci""]",0.9869987964630128,"['d129eaf9125a967ac86c6c7276bbae6b4d50af36', 'fd8e563cc19ca4684885d4692acee6bebcca4ada', '173553c0372e66e03bdab19e0e6c2dd44daa14a0']",0.5,0.6666666666666666,0.5714285714285715,False,0.4285714285714285,12288,False,3
"[""feat"", ""test"", ""docs"", ""refactor"", ""ci"", ""build""]","[""docs"", ""refactor"", ""test""]",1.0979843139648438,"['036a0ff49a7dade0e04c9c07071a1ff49133ee24', '63eab619e6166eb6cab948028a7b89bf059dd878', '229b53a632ea97d47c4be11f096bdd828fb415d8']",0.5,1.0,0.6666666666666666,False,0.4285714285714285,12288,False,3
"[""test"", ""ci"", ""feat""]","[""test"", ""ci"", ""feat""]",0.9408962726593018,"['c7b25726df94a2530c9b1c0d2b6a0acaa103822f', '32845e1bbd1efb5dbc16f671049509a409ba25ce', 'b282e90e2cbb74559aab79eee8443a4d7c85502a']",1.0,1.0,1.0,True,0.0,12288,False,3
"[""feat"", ""build"", ""refactor""]","[""feat"", ""build"", ""refactor""]",0.683814287185669,"['f9a094918b62534614c47aa8a13f33aec751a1e0', '5b81fde8a72cf2e69a10e9f5c4f0bea0a2b8c3e0', '36556bf8e0bce4ab6d26eafacbdad04d9614a5d7']",1.0,1.0,1.0,True,0.0,12288,False,3
"[""feat"", ""refactor"", ""test"", ""ci"", ""build""]","[""feat"", ""build"", ""docs""]",1.2612497806549072,"['e137f9fdbdb6bf3f85c3f7ac9323785e445844c8', '37b1cbfd3d2c462ef4f2a131e4172c38dc8d9ddf', 'e12d9e77a6fd531a22325337838a841b1c67f00d']",0.4,0.6666666666666666,0.5,False,0.5714285714285714,12288,False,3
"[""build"", ""ci"", ""refactor""]","[""build"", ""refactor"", ""ci""]",0.6865541934967041,"['f00a4d3e307b89842250358ee432e6800bb24362', '36556bf8e0bce4ab6d26eafacbdad04d9614a5d7', '4cbbd2552ba0de273e1dfe7d453c5b3efed751a3']",1.0,1.0,1.0,True,0.0,12288,False,3
"[""docs"", ""ci"", ""build""]","[""docs"", ""ci"", ""build""]",1.4870829582214355,"['cb1f48b56ae0de93acb72e48726c7d610a1d538e', 'e96487ad7ce90b141219d9032fa2bed68d5dae6a', '454003841aabeb74396d73541378bfa59c75b5db']",1.0,1.0,1.0,True,0.0,12288,False,3
"[""feat"", ""test"", ""build"", ""ci""]","[""fix"", ""test"", ""build""]",0.7853775024414062,"['d129eaf9125a967ac86c6c7276bbae6b4d50af36', 'e2e8ad25854bd1e7cdbc7f50b50bbd99e04ad47d', '1269431c8a3e7549f10fcbbb4b88ff625c8898b3']",0.5,0.6666666666666666,0.5714285714285715,False,0.4285714285714285,12288,False,3
"[""feat"", ""docs"", ""refactor"", ""ci"", ""build"", ""test""]","[""refactor"", ""docs"", ""feat""]",0.9833717346191406,"['2954a0955ce9af6acb345ed1e8328e145ad30475', 'a52a585d74894b3b4eeb8c784fa089ff95cddad0', 'b282e90e2cbb74559aab79eee8443a4d7c85502a']",0.5,1.0,0.6666666666666666,False,0.4285714285714285,12288,False,3
"[""test"", ""fix""]","[""docs"", ""refactor"", ""test""]",0.9607317447662354,"['0cfc5633d37ea06f645649138323f1820e18bdee', '1db13ec43727aca872a0f3836e4023ed85db665e', 'bedc7950b24c37809e36a585b7985d5aa5e3e458']",0.5,0.3333333333333333,0.4,False,0.4285714285714285,12288,False,3
"[""fix"", ""docs"", ""test""]","[""fix"", ""docs"", ""test""]",0.5923612117767334,"['933ab6bb86372913c992567cf9660009900911a7', '0cfc5633d37ea06f645649138323f1820e18bdee', 'c7b25726df94a2530c9b1c0d2b6a0acaa103822f']",1.0,1.0,1.0,True,0.0,12288,False,3
"[""refactor"", ""ci"", ""test""]","[""refactor"", ""ci"", ""test""]",0.6941041946411133,"['36556bf8e0bce4ab6d26eafacbdad04d9614a5d7', '6c9cb638cb4d1ecc42632fcf389c24898c5b3244', '229b53a632ea97d47c4be11f096bdd828fb415d8']",1.0,1.0,1.0,True,0.0,12288,False,3
"[""ci"", ""test"", ""docs""]","[""ci"", ""test"", ""docs""]",0.8020870685577393,"['c5fa7b80438fbd74f4c341f0d3c9bd9e0f4910da', '229b53a632ea97d47c4be11f096bdd828fb415d8', 'aca23027da1295c78fdf42ba9687d8ccc88784d7']",1.0,1.0,1.0,True,0.0,12288,False,3
"[""feat"", ""refactor"", ""docs"", ""test"", ""ci"", ""build""]","[""feat"", ""docs"", ""fix""]",1.0967190265655518,"['f823cf28652987d43c8324b4f5b203240032383a', '0cfc5633d37ea06f645649138323f1820e18bdee', '9ef5c0d14193a9abb09b39856f58477d1f4b0d77']",0.3333333333333333,0.6666666666666666,0.4444444444444444,False,0.7142857142857143,12288,False,3
"[""test"", ""ci"", ""refactor""]","[""test"", ""fix"", ""build""]",0.8094830513000488,"['317f4eefecddfb1392ca71d551840f446feee302', '06e2be4e2019b6fa714e1fcb34485860ef1ede79', 'c55591ba157298a9c5816693c102a89dfd058830']",0.3333333333333333,0.3333333333333333,0.3333333333333333,False,0.5714285714285714,12288,False,3
"[""feat"", ""refactor"", ""docs"", ""build""]","[""feat"", ""docs"", ""refactor""]",1.1077930927276611,"['e137f9fdbdb6bf3f85c3f7ac9323785e445844c8', 'bf83c9155e9bee6925aa7102fab53fb803d52533', '36556bf8e0bce4ab6d26eafacbdad04d9614a5d7']",0.75,1.0,0.8571428571428571,False,0.1428571428571428,12288,False,3
"[""feat"", ""ci"", ""build""]","[""fix"", ""ci"", ""build""]",0.6686384677886963,"['d129eaf9125a967ac86c6c7276bbae6b4d50af36', '6c9cb638cb4d1ecc42632fcf389c24898c5b3244', 'c44cf88a6ec54e5ddd99d8348bcc57b301ec7945']",0.6666666666666666,0.6666666666666666,0.6666666666666666,False,0.2857142857142857,12288,False,3
"[""feat"", ""refactor"", ""docs""]","[""fix"", ""refactor"", ""docs""]",0.7469334602355957,"['2561f4ade46fc9d59f289f328cc77733a6443697', '2954a0955ce9af6acb345ed1e8328e145ad30475', 'a52a585d74894b3b4eeb8c784fa089ff95cddad0']",0.6666666666666666,0.6666666666666666,0.6666666666666666,False,0.2857142857142857,12288,False,3
"[""build"", ""refactor""]","[""build"", ""feat"", ""fix""]",0.5824449062347412,"['c55591ba157298a9c5816693c102a89dfd058830', 'dc5238b2bda98a7c4f2fe9584fc3b0191a408109', '9be725fa3906323d4bc9788f54eccf74109d632b']",0.5,0.3333333333333333,0.4,False,0.4285714285714285,12288,False,3
"[""test"", ""feat""]","[""test"", ""refactor"", ""feat""]",0.9985218048095704,"['229b53a632ea97d47c4be11f096bdd828fb415d8', '36556bf8e0bce4ab6d26eafacbdad04d9614a5d7', 'ded26d768ff432ad3bde3c0aa1e95ce50726100a']",1.0,0.6666666666666666,0.8,False,0.1428571428571428,12288,False,3
"[""test"", ""ci"", ""build""]","[""test"", ""build"", ""ci""]",0.834155797958374,"['e0198f74b81da3663144cfe1d971939319f82a0f', 'c55591ba157298a9c5816693c102a89dfd058830', 'e7a67d88173566be3cd3aed7e9eeb7e29aabbc57']",1.0,1.0,1.0,True,0.0,12288,False,3
"[""test"", ""refactor"", ""docs""]","[""test"", ""fix"", ""docs""]",0.791712760925293,"['bedc7950b24c37809e36a585b7985d5aa5e3e458', '933ab6bb86372913c992567cf9660009900911a7', '6d405dfc1675dcad64a2dfac0c0cb0fb28381d21']",0.6666666666666666,0.6666666666666666,0.6666666666666666,False,0.2857142857142857,12288,False,3
"[""test"", ""refactor"", ""ci"", ""build""]","[""fix"", ""build"", ""test""]",0.866081714630127,"['d129eaf9125a967ac86c6c7276bbae6b4d50af36', '32b92cfa0b74a6c25990e32ac6aab12b8496794c', '317f4eefecddfb1392ca71d551840f446feee302']",0.5,0.6666666666666666,0.5714285714285715,False,0.4285714285714285,12288,False,3
"[""feat"", ""ci"", ""test"", ""docs"", ""build""]","[""feat"", ""fix"", ""ci""]",1.1394119262695312,"['f823cf28652987d43c8324b4f5b203240032383a', '9be725fa3906323d4bc9788f54eccf74109d632b', '32845e1bbd1efb5dbc16f671049509a409ba25ce']",0.4,0.6666666666666666,0.5,False,0.5714285714285714,12288,False,3
"[""refactor"", ""ci""]","[""fix"", ""docs"", ""build""]",0.6627914905548096,"['9ef5c0d14193a9abb09b39856f58477d1f4b0d77', 'a52a585d74894b3b4eeb8c784fa089ff95cddad0', '37b1cbfd3d2c462ef4f2a131e4172c38dc8d9ddf']",0.0,0.0,0.0,False,0.7142857142857143,12288,False,3
"[""feat"", ""ci"", ""docs""]","[""fix"", ""ci"", ""docs""]",0.6843059062957764,"['87d5d4e55ab7149b593d29410f1fe426ba2447d4', '4cbbd2552ba0de273e1dfe7d453c5b3efed751a3', '6d405dfc1675dcad64a2dfac0c0cb0fb28381d21']",0.6666666666666666,0.6666666666666666,0.6666666666666666,False,0.2857142857142857,12288,False,3
"[""feat"", ""docs"", ""test"", ""ci"", ""build""]","[""feat"", ""docs"", ""fix""]",1.7054238319396973,"['fd8e563cc19ca4684885d4692acee6bebcca4ada', 'cb1f48b56ae0de93acb72e48726c7d610a1d538e', 'bed78248c941d57ad4cc20a455147e186e97c7a1']",0.4,0.6666666666666666,0.5,False,0.5714285714285714,12288,False,3
"[""feat"", ""refactor"", ""ci"", ""build"", ""test"", ""docs""]","[""feat"", ""fix"", ""refactor""]",1.5117857456207275,"['1bcf88670b50155b50071e707f98f30cea0b7a24', '9ef5c0d14193a9abb09b39856f58477d1f4b0d77', '062daa45cbd5dba6e96e95d8cdcaee89ae30a83c']",0.3333333333333333,0.6666666666666666,0.4444444444444444,False,0.7142857142857143,12288,False,3
"[""refactor"", ""docs"", ""test"", ""build"", ""feat""]","[""fix"", ""docs"", ""test""]",1.0335664749145508,"['bed78248c941d57ad4cc20a455147e186e97c7a1', 'a52a585d74894b3b4eeb8c784fa089ff95cddad0', 'e9617f0854030e70365eb264bcb3b58078e79e9e']",0.4,0.6666666666666666,0.5,False,0.5714285714285714,12288,False,3
"[""docs"", ""ci"", ""refactor""]","[""docs"", ""ci"", ""feat""]",1.130030870437622,"['c2ee5cd5e709afd15c5565ee009a0d204403a119', 'dbb537a26e388a8d7d17faf131abc30c2f7a84e6', 'ded26d768ff432ad3bde3c0aa1e95ce50726100a']",0.6666666666666666,0.6666666666666666,0.6666666666666666,False,0.2857142857142857,12288,False,3
"[""build"", ""refactor""]","[""build"", ""ci"", ""refactor""]",1.0305500030517578,"['454003841aabeb74396d73541378bfa59c75b5db', 'dbb537a26e388a8d7d17faf131abc30c2f7a84e6', '062daa45cbd5dba6e96e95d8cdcaee89ae30a83c']",1.0,0.6666666666666666,0.8,False,0.1428571428571428,12288,False,3
"[""feat"", ""test"", ""refactor"", ""ci"", ""build"", ""docs"", ""fix""]","[""feat"", ""fix"", ""test""]",1.1410470008850098,"['fd8e563cc19ca4684885d4692acee6bebcca4ada', 'd1d55e787b7d07f763852602b9939a5394607fd9', 'b7ce2894fd1794064bd6db4ed730bb6cb7728739']",0.4285714285714285,1.0,0.6,False,0.5714285714285714,12288,False,3
"[""docs"", ""test"", ""ci"", ""build""]","[""docs"", ""test"", ""build""]",0.8362627029418945,"['bf83c9155e9bee6925aa7102fab53fb803d52533', 'b7ce2894fd1794064bd6db4ed730bb6cb7728739', '37b1cbfd3d2c462ef4f2a131e4172c38dc8d9ddf']",0.75,1.0,0.8571428571428571,False,0.1428571428571428,12288,False,3
"[""feat"", ""test"", ""ci"", ""refactor""]","[""fix"", ""ci"", ""test""]",0.9149038791656494,"['d129eaf9125a967ac86c6c7276bbae6b4d50af36', 'e7a67d88173566be3cd3aed7e9eeb7e29aabbc57', '317f4eefecddfb1392ca71d551840f446feee302']",0.5,0.6666666666666666,0.5714285714285715,False,0.4285714285714285,12288,False,3
"[""docs"", ""ci"", ""refactor""]","[""docs"", ""fix"", ""ci""]",0.6996936798095703,"['c2ee5cd5e709afd15c5565ee009a0d204403a119', 'd1d55e787b7d07f763852602b9939a5394607fd9', '6c9cb638cb4d1ecc42632fcf389c24898c5b3244']",0.6666666666666666,0.6666666666666666,0.6666666666666666,False,0.2857142857142857,12288,False,3
"[""ci"", ""refactor""]","[""ci"", ""fix"", ""docs""]",0.5626325607299805,"['dbb537a26e388a8d7d17faf131abc30c2f7a84e6', 'c8e0ae8612df3d6f2831acc004aaac332f6105e4', 'e12d9e77a6fd531a22325337838a841b1c67f00d']",0.5,0.3333333333333333,0.4,False,0.4285714285714285,12288,False,3
"[""build"", ""docs"", ""feat"", ""refactor""]","[""build"", ""docs"", ""refactor""]",0.788931131362915,"['c55591ba157298a9c5816693c102a89dfd058830', 'c2ee5cd5e709afd15c5565ee009a0d204403a119', 'a62314d9bb632be6af026686615d14b912250512']",0.75,1.0,0.8571428571428571,False,0.1428571428571428,12288,False,3
"[""refactor"", ""build"", ""ci"", ""test"", ""docs""]","[""fix"", ""build"", ""refactor""]",1.219456434249878,"['d1d55e787b7d07f763852602b9939a5394607fd9', '32b92cfa0b74a6c25990e32ac6aab12b8496794c', '062daa45cbd5dba6e96e95d8cdcaee89ae30a83c']",0.4,0.6666666666666666,0.5,False,0.5714285714285714,12288,False,3
"[""test"", ""ci"", ""refactor""]","[""test"", ""docs"", ""build""]",0.7175395488739014,"['f411e58cd510f8a2b980b2f1932003a0c0e9f8f3', 'af880ac5b4fecbc6c4f3d1eee0d95f326e8bd9d1', '1269431c8a3e7549f10fcbbb4b88ff625c8898b3']",0.3333333333333333,0.3333333333333333,0.3333333333333333,False,0.5714285714285714,12288,False,3
"[""feat"", ""test""]","[""feat"", ""fix"", ""test""]",0.6077260971069336,"['f9a094918b62534614c47aa8a13f33aec751a1e0', '87d5d4e55ab7149b593d29410f1fe426ba2447d4', '317f4eefecddfb1392ca71d551840f446feee302']",1.0,0.6666666666666666,0.8,False,0.1428571428571428,12288,False,3
"[""test"", ""feat"", ""build""]","[""test"", ""fix"", ""feat""]",0.7399396896362305,"['229b53a632ea97d47c4be11f096bdd828fb415d8', 'c8e0ae8612df3d6f2831acc004aaac332f6105e4', 'f823cf28652987d43c8324b4f5b203240032383a']",0.6666666666666666,0.6666666666666666,0.6666666666666666,False,0.2857142857142857,12288,False,3
"[""feat"", ""refactor"", ""test""]","[""feat"", ""fix"", ""docs""]",0.6625258922576904,"['dc5238b2bda98a7c4f2fe9584fc3b0191a408109', '06e2be4e2019b6fa714e1fcb34485860ef1ede79', 'af880ac5b4fecbc6c4f3d1eee0d95f326e8bd9d1']",0.3333333333333333,0.3333333333333333,0.3333333333333333,False,0.5714285714285714,12288,False,3
"[""ci"", ""test"", ""refactor""]","[""ci"", ""docs"", ""test""]",0.7912194728851318,"['173553c0372e66e03bdab19e0e6c2dd44daa14a0', 'e12d9e77a6fd531a22325337838a841b1c67f00d', 'c7b25726df94a2530c9b1c0d2b6a0acaa103822f']",0.6666666666666666,0.6666666666666666,0.6666666666666666,False,0.2857142857142857,12288,False,3
"[""ci"", ""refactor""]","[""ci"", ""fix"", ""docs""]",0.6398670673370361,"['dbb537a26e388a8d7d17faf131abc30c2f7a84e6', '2561f4ade46fc9d59f289f328cc77733a6443697', 'e12d9e77a6fd531a22325337838a841b1c67f00d']",0.5,0.3333333333333333,0.4,False,0.4285714285714285,12288,False,3
"[""feat"", ""refactor"", ""test""]","[""feat"", ""fix"", ""test""]",0.7705833911895752,"['f823cf28652987d43c8324b4f5b203240032383a', '9ef5c0d14193a9abb09b39856f58477d1f4b0d77', '229b53a632ea97d47c4be11f096bdd828fb415d8']",0.6666666666666666,0.6666666666666666,0.6666666666666666,False,0.2857142857142857,12288,False,3
"[""feat"", ""ci"", ""test"", ""refactor"", ""docs""]","[""docs"", ""ci"", ""feat""]",1.087094783782959,"['6d405dfc1675dcad64a2dfac0c0cb0fb28381d21', '173553c0372e66e03bdab19e0e6c2dd44daa14a0', 'b282e90e2cbb74559aab79eee8443a4d7c85502a']",0.6,1.0,0.7499999999999999,False,0.2857142857142857,12288,False,3
"[""ci"", ""refactor""]","[""ci"", ""docs"", ""build""]",0.6803812980651855,"['c5fa7b80438fbd74f4c341f0d3c9bd9e0f4910da', '036a0ff49a7dade0e04c9c07071a1ff49133ee24', 'c44cf88a6ec54e5ddd99d8348bcc57b301ec7945']",0.5,0.3333333333333333,0.4,False,0.4285714285714285,12288,False,3
"[""ci"", ""build"", ""refactor""]","[""ci"", ""feat"", ""build""]",1.0408525466918943,"['32845e1bbd1efb5dbc16f671049509a409ba25ce', 'b282e90e2cbb74559aab79eee8443a4d7c85502a', '37b1cbfd3d2c462ef4f2a131e4172c38dc8d9ddf']",0.6666666666666666,0.6666666666666666,0.6666666666666666,False,0.2857142857142857,12288,False,3
"[""test"", ""feat""]","[""test"", ""build"", ""fix"", ""feat""]",0.603879451751709,"['e0198f74b81da3663144cfe1d971939319f82a0f', 'f00a4d3e307b89842250358ee432e6800bb24362', 'd129eaf9125a967ac86c6c7276bbae6b4d50af36', 'dc5238b2bda98a7c4f2fe9584fc3b0191a408109']",1.0,0.5,0.6666666666666666,False,0.2857142857142857,12288,False,4
"[""ci"", ""test"", ""refactor""]","[""ci"", ""build"", ""test"", ""docs""]",0.8345849514007568,"['c5fa7b80438fbd74f4c341f0d3c9bd9e0f4910da', '1269431c8a3e7549f10fcbbb4b88ff625c8898b3', 'e2e8ad25854bd1e7cdbc7f50b50bbd99e04ad47d', '036a0ff49a7dade0e04c9c07071a1ff49133ee24']",0.6666666666666666,0.5,0.5714285714285715,False,0.4285714285714285,12288,False,4
"[""feat"", ""refactor"", ""test"", ""docs""]","[""refactor"", ""feat"", ""docs"", ""test""]",1.3138325214385986,"['3cca5c314ad6feeffbfe1f14cf49ebd0fd9a95a2', 'dc5238b2bda98a7c4f2fe9584fc3b0191a408109', 'aca23027da1295c78fdf42ba9687d8ccc88784d7', '229b53a632ea97d47c4be11f096bdd828fb415d8']",1.0,1.0,1.0,True,0.0,12288,False,4
"[""refactor"", ""build"", ""test""]","[""fix"", ""test"", ""build"", ""refactor""]",0.8401763439178467,"['d1d55e787b7d07f763852602b9939a5394607fd9', 'bedc7950b24c37809e36a585b7985d5aa5e3e458', 'c55591ba157298a9c5816693c102a89dfd058830', '535708ae50aecb452560a23356fd396f99ef13a2']",1.0,0.75,0.8571428571428571,False,0.1428571428571428,12288,False,4
"[""feat"", ""refactor"", ""docs"", ""ci"", ""build"", ""test""]","[""docs"", ""build"", ""ci"", ""feat""]",1.485818862915039,"['a52a585d74894b3b4eeb8c784fa089ff95cddad0', '1269431c8a3e7549f10fcbbb4b88ff625c8898b3', '45837af24a33308a70a3454f0f650f9fe728e272', 'e137f9fdbdb6bf3f85c3f7ac9323785e445844c8']",0.6666666666666666,1.0,0.8,False,0.2857142857142857,12288,False,4
"[""ci"", ""test"", ""docs"", ""refactor""]","[""test"", ""fix"", ""refactor"", ""ci""]",1.0103490352630615,"['e9617f0854030e70365eb264bcb3b58078e79e9e', 'bed78248c941d57ad4cc20a455147e186e97c7a1', '535708ae50aecb452560a23356fd396f99ef13a2', 'c5fa7b80438fbd74f4c341f0d3c9bd9e0f4910da']",0.75,0.75,0.75,False,0.2857142857142857,12288,False,4
"[""ci"", ""refactor"", ""feat""]","[""ci"", ""fix"", ""feat"", ""refactor""]",0.9490401744842528,"['e7a67d88173566be3cd3aed7e9eeb7e29aabbc57', 'bed78248c941d57ad4cc20a455147e186e97c7a1', 'f823cf28652987d43c8324b4f5b203240032383a', '2954a0955ce9af6acb345ed1e8328e145ad30475']",1.0,0.75,0.8571428571428571,False,0.1428571428571428,12288,False,4
"[""docs"", ""test"", ""build"", ""refactor""]","[""docs"", ""ci"", ""test"", ""refactor""]",1.53155779838562,"['aca23027da1295c78fdf42ba9687d8ccc88784d7', '74e9de5ec97dc013a52aa063dff0f40ac74c407b', '317f4eefecddfb1392ca71d551840f446feee302', '3cca5c314ad6feeffbfe1f14cf49ebd0fd9a95a2']",0.75,0.75,0.75,False,0.2857142857142857,12288,False,4
"[""feat"", ""refactor"", ""docs"", ""build""]","[""fix"", ""feat"", ""build"", ""docs""]",1.12994647026062,"['9be725fa3906323d4bc9788f54eccf74109d632b', 'e137f9fdbdb6bf3f85c3f7ac9323785e445844c8', 'c323d59c607cabc91f17a78528d998f376f30b10', '0cfc5633d37ea06f645649138323f1820e18bdee']",0.75,0.75,0.75,False,0.2857142857142857,12288,False,4
"[""fix"", ""feat"", ""refactor"", ""docs"", ""test"", ""ci"", ""build""]","[""docs"", ""feat"", ""test"", ""fix""]",1.2605493068695068,"['0cfc5633d37ea06f645649138323f1820e18bdee', '1bcf88670b50155b50071e707f98f30cea0b7a24', '229b53a632ea97d47c4be11f096bdd828fb415d8', '87d5d4e55ab7149b593d29410f1fe426ba2447d4']",0.5714285714285714,1.0,0.7272727272727273,False,0.4285714285714285,12288,False,4
"[""build"", ""refactor"", ""ci""]","[""build"", ""refactor"", ""test"", ""ci""]",1.106257438659668,"['c55591ba157298a9c5816693c102a89dfd058830', '062daa45cbd5dba6e96e95d8cdcaee89ae30a83c', 'c7b25726df94a2530c9b1c0d2b6a0acaa103822f', 'dbb537a26e388a8d7d17faf131abc30c2f7a84e6']",1.0,0.75,0.8571428571428571,False,0.1428571428571428,12288,False,4
"[""feat"", ""test"", ""refactor"", ""ci"", ""build""]","[""feat"", ""fix"", ""test"", ""refactor""]",0.9136531352996826,"['dc5238b2bda98a7c4f2fe9584fc3b0191a408109', 'c8e0ae8612df3d6f2831acc004aaac332f6105e4', 'f411e58cd510f8a2b980b2f1932003a0c0e9f8f3', '47ef9104e4a89e80d7cc6c1950bc080841da4a7b']",0.6,0.75,0.6666666666666665,False,0.4285714285714285,12288,False,4
"[""feat"", ""ci"", ""test"", ""docs""]","[""refactor"", ""docs"", ""test"", ""ci""]",0.9503717422485352,"['63eab619e6166eb6cab948028a7b89bf059dd878', 'aca23027da1295c78fdf42ba9687d8ccc88784d7', 'f411e58cd510f8a2b980b2f1932003a0c0e9f8f3', 'e7a67d88173566be3cd3aed7e9eeb7e29aabbc57']",0.75,0.75,0.75,False,0.2857142857142857,12288,False,4
"[""docs"", ""refactor"", ""test""]","[""docs"", ""refactor"", ""test"", ""fix""]",1.1741654872894287,"['aca23027da1295c78fdf42ba9687d8ccc88784d7', '062daa45cbd5dba6e96e95d8cdcaee89ae30a83c', 'b7ce2894fd1794064bd6db4ed730bb6cb7728739', '06e2be4e2019b6fa714e1fcb34485860ef1ede79']",1.0,0.75,0.8571428571428571,False,0.1428571428571428,12288,False,4
"[""test"", ""ci"", ""docs""]","[""test"", ""docs"", ""build"", ""ci""]",1.082427978515625,"['317f4eefecddfb1392ca71d551840f446feee302', 'aca23027da1295c78fdf42ba9687d8ccc88784d7', 'f00a4d3e307b89842250358ee432e6800bb24362', '32845e1bbd1efb5dbc16f671049509a409ba25ce']",1.0,0.75,0.8571428571428571,False,0.1428571428571428,12288,False,4
[],"[""fix"", ""refactor"", ""docs"", ""test""]",0.9270780086517334,"['933ab6bb86372913c992567cf9660009900911a7', '3cca5c314ad6feeffbfe1f14cf49ebd0fd9a95a2', 'a52a585d74894b3b4eeb8c784fa089ff95cddad0', '229b53a632ea97d47c4be11f096bdd828fb415d8']",0.0,0.0,0.0,False,0.5714285714285714,12288,False,4
"[""feat"", ""refactor"", ""ci"", ""docs"", ""build""]","[""refactor"", ""ci"", ""docs"", ""build""]",1.041303634643555,"['63eab619e6166eb6cab948028a7b89bf059dd878', '6c9cb638cb4d1ecc42632fcf389c24898c5b3244', 'a52a585d74894b3b4eeb8c784fa089ff95cddad0', 'c55591ba157298a9c5816693c102a89dfd058830']",0.8,1.0,0.888888888888889,False,0.1428571428571428,12288,False,4
"[""ci"", ""test"", ""build"", ""docs"", ""feat"", ""refactor""]","[""ci"", ""build"", ""test"", ""fix""]",1.4314944744110107,"['173553c0372e66e03bdab19e0e6c2dd44daa14a0', 'c55591ba157298a9c5816693c102a89dfd058830', '8ee0611fbf0cd89abe7ae588f22e6ecb843598ea', '87d5d4e55ab7149b593d29410f1fe426ba2447d4']",0.5,0.75,0.6,False,0.5714285714285714,12288,False,4
"[""ci"", ""build""]","[""ci"", ""build"", ""feat"", ""fix""]",0.9093959331512452,"['32845e1bbd1efb5dbc16f671049509a409ba25ce', '32b92cfa0b74a6c25990e32ac6aab12b8496794c', 'fd8e563cc19ca4684885d4692acee6bebcca4ada', '933ab6bb86372913c992567cf9660009900911a7']",1.0,0.5,0.6666666666666666,False,0.2857142857142857,12288,False,4
"[""test"", ""ci"", ""build"", ""feat""]","[""test"", ""build"", ""fix"", ""feat""]",1.2390038967132568,"['317f4eefecddfb1392ca71d551840f446feee302', '454003841aabeb74396d73541378bfa59c75b5db', '933ab6bb86372913c992567cf9660009900911a7', '6ed56ce9ae743ba9a87e6c9643cc06b1de7b748d']",0.75,0.75,0.75,False,0.2857142857142857,12288,False,4
"[""feat"", ""test"", ""refactor"", ""docs"", ""ci"", ""build""]","[""fix"", ""docs"", ""test"", ""refactor""]",1.1415128707885742,"['d1d55e787b7d07f763852602b9939a5394607fd9', '6d405dfc1675dcad64a2dfac0c0cb0fb28381d21', 'e0198f74b81da3663144cfe1d971939319f82a0f', '36556bf8e0bce4ab6d26eafacbdad04d9614a5d7']",0.5,0.75,0.6,False,0.5714285714285714,12288,False,4
"[""ci"", ""docs"", ""feat"", ""refactor"", ""test""]","[""ci"", ""docs"", ""build"", ""feat""]",1.0677714347839355,"['e7a67d88173566be3cd3aed7e9eeb7e29aabbc57', '6d405dfc1675dcad64a2dfac0c0cb0fb28381d21', 'c44cf88a6ec54e5ddd99d8348bcc57b301ec7945', 'f9a094918b62534614c47aa8a13f33aec751a1e0']",0.6,0.75,0.6666666666666665,False,0.4285714285714285,12288,False,4
"[""feat"", ""test"", ""refactor"", ""docs""]","[""fix"", ""test"", ""feat"", ""docs""]",1.118539810180664,"['2561f4ade46fc9d59f289f328cc77733a6443697', 'e0198f74b81da3663144cfe1d971939319f82a0f', '1bcf88670b50155b50071e707f98f30cea0b7a24', '6d405dfc1675dcad64a2dfac0c0cb0fb28381d21']",0.75,0.75,0.75,False,0.2857142857142857,12288,False,4
"[""ci"", ""refactor"", ""test""]","[""ci"", ""fix"", ""test"", ""docs""]",0.7566866874694824,"['4cbbd2552ba0de273e1dfe7d453c5b3efed751a3', '933ab6bb86372913c992567cf9660009900911a7', 'b7ce2894fd1794064bd6db4ed730bb6cb7728739', 'af880ac5b4fecbc6c4f3d1eee0d95f326e8bd9d1']",0.6666666666666666,0.5,0.5714285714285715,False,0.4285714285714285,12288,False,4
"[""feat"", ""refactor"", ""ci"", ""build"", ""test"", ""docs""]","[""feat"", ""ci"", ""refactor"", ""fix""]",1.2251520156860352,"['f823cf28652987d43c8324b4f5b203240032383a', '45837af24a33308a70a3454f0f650f9fe728e272', '36556bf8e0bce4ab6d26eafacbdad04d9614a5d7', 'bed78248c941d57ad4cc20a455147e186e97c7a1']",0.5,0.75,0.6,False,0.5714285714285714,12288,False,4
"[""feat"", ""refactor"", ""docs"", ""test"", ""ci"", ""build""]","[""refactor"", ""feat"", ""docs"", ""build""]",1.4576828479766846,"['63eab619e6166eb6cab948028a7b89bf059dd878', 'e137f9fdbdb6bf3f85c3f7ac9323785e445844c8', 'a52a585d74894b3b4eeb8c784fa089ff95cddad0', 'f00a4d3e307b89842250358ee432e6800bb24362']",0.6666666666666666,1.0,0.8,False,0.2857142857142857,12288,False,4
"[""build"", ""ci"", ""refactor"", ""test"", ""docs""]","[""build"", ""test"", ""ci"", ""refactor""]",1.4104533195495603,"['1269431c8a3e7549f10fcbbb4b88ff625c8898b3', '8ee0611fbf0cd89abe7ae588f22e6ecb843598ea', '45837af24a33308a70a3454f0f650f9fe728e272', '63eab619e6166eb6cab948028a7b89bf059dd878']",0.8,1.0,0.888888888888889,False,0.1428571428571428,12288,False,4
"[""build"", ""refactor"", ""test"", ""docs"", ""feat"", ""ci""]","[""build"", ""docs"", ""feat"", ""fix""]",1.2447636127471924,"['37b1cbfd3d2c462ef4f2a131e4172c38dc8d9ddf', '6d405dfc1675dcad64a2dfac0c0cb0fb28381d21', 'b282e90e2cbb74559aab79eee8443a4d7c85502a', '2561f4ade46fc9d59f289f328cc77733a6443697']",0.5,0.75,0.6,False,0.5714285714285714,12288,False,4
"[""build"", ""test"", ""ci"", ""feat"", ""refactor""]","[""build"", ""test"", ""ci"", ""feat""]",1.379028081893921,"['c55591ba157298a9c5816693c102a89dfd058830', '317f4eefecddfb1392ca71d551840f446feee302', 'c5fa7b80438fbd74f4c341f0d3c9bd9e0f4910da', '6ed56ce9ae743ba9a87e6c9643cc06b1de7b748d']",0.8,1.0,0.888888888888889,False,0.1428571428571428,12288,False,4
"[""feat"", ""refactor"", ""docs"", ""build"", ""test"", ""ci""]","[""fix"", ""build"", ""docs"", ""refactor""]",1.5362427234649658,"['933ab6bb86372913c992567cf9660009900911a7', '5b81fde8a72cf2e69a10e9f5c4f0bea0a2b8c3e0', 'c2ee5cd5e709afd15c5565ee009a0d204403a119', '3cca5c314ad6feeffbfe1f14cf49ebd0fd9a95a2']",0.5,0.75,0.6,False,0.5714285714285714,12288,False,4
"[""ci"", ""refactor""]","[""fix"", ""feat"", ""docs"", ""ci""]",0.6517221927642822,"['933ab6bb86372913c992567cf9660009900911a7', 'dc5238b2bda98a7c4f2fe9584fc3b0191a408109', '036a0ff49a7dade0e04c9c07071a1ff49133ee24', 'e7a67d88173566be3cd3aed7e9eeb7e29aabbc57']",0.5,0.25,0.3333333333333333,False,0.5714285714285714,12288,False,4
"[""feat"", ""refactor"", ""test""]","[""docs"", ""fix"", ""feat"", ""refactor""]",0.700249433517456,"['af880ac5b4fecbc6c4f3d1eee0d95f326e8bd9d1', 'c8e0ae8612df3d6f2831acc004aaac332f6105e4', 'f9a094918b62534614c47aa8a13f33aec751a1e0', '47ef9104e4a89e80d7cc6c1950bc080841da4a7b']",0.6666666666666666,0.5,0.5714285714285715,False,0.4285714285714285,12288,False,4
"[""feat"", ""refactor"", ""ci"", ""build"", ""docs""]","[""fix"", ""build"", ""feat"", ""ci""]",1.3660073280334473,"['d129eaf9125a967ac86c6c7276bbae6b4d50af36', '1269431c8a3e7549f10fcbbb4b88ff625c8898b3', 'e137f9fdbdb6bf3f85c3f7ac9323785e445844c8', '173553c0372e66e03bdab19e0e6c2dd44daa14a0']",0.6,0.75,0.6666666666666665,False,0.4285714285714285,12288,False,4
"[""feat"", ""refactor"", ""test"", ""ci"", ""build""]","[""feat"", ""refactor"", ""test"", ""build""]",0.9396815299987792,"['dc5238b2bda98a7c4f2fe9584fc3b0191a408109', '771857b1df9470ebc15357e8879118a72c649d5b', 'b7ce2894fd1794064bd6db4ed730bb6cb7728739', 'c323d59c607cabc91f17a78528d998f376f30b10']",0.8,1.0,0.888888888888889,False,0.1428571428571428,12288,False,4
"[""build"", ""test"", ""ci"", ""feat""]","[""build"", ""test"", ""ci"", ""fix""]",0.8686847686767578,"['5b81fde8a72cf2e69a10e9f5c4f0bea0a2b8c3e0', 'b7ce2894fd1794064bd6db4ed730bb6cb7728739', '74e9de5ec97dc013a52aa063dff0f40ac74c407b', 'd129eaf9125a967ac86c6c7276bbae6b4d50af36']",0.75,0.75,0.75,False,0.2857142857142857,12288,False,4
"[""test"", ""ci"", ""build"", ""refactor""]","[""docs"", ""feat"", ""build"", ""ci""]",1.3997268676757812,"['af880ac5b4fecbc6c4f3d1eee0d95f326e8bd9d1', 'ded26d768ff432ad3bde3c0aa1e95ce50726100a', '454003841aabeb74396d73541378bfa59c75b5db', '4cbbd2552ba0de273e1dfe7d453c5b3efed751a3']",0.5,0.5,0.5,False,0.5714285714285714,12288,False,4
"[""feat"", ""ci"", ""build""]","[""docs"", ""refactor"", ""ci"", ""build""]",0.818087100982666,"['036a0ff49a7dade0e04c9c07071a1ff49133ee24', '535708ae50aecb452560a23356fd396f99ef13a2', 'e7a67d88173566be3cd3aed7e9eeb7e29aabbc57', 'c55591ba157298a9c5816693c102a89dfd058830']",0.6666666666666666,0.5,0.5714285714285715,False,0.4285714285714285,12288,False,4
"[""feat"", ""ci"", ""refactor"", ""docs""]","[""refactor"", ""ci"", ""fix"", ""docs""]",0.8717513084411621,"['2954a0955ce9af6acb345ed1e8328e145ad30475', '6c9cb638cb4d1ecc42632fcf389c24898c5b3244', 'd1d55e787b7d07f763852602b9939a5394607fd9', '6d405dfc1675dcad64a2dfac0c0cb0fb28381d21']",0.75,0.75,0.75,False,0.2857142857142857,12288,False,4
"[""test"", ""ci"", ""docs"", ""refactor""]","[""test"", ""ci"", ""docs"", ""feat""]",1.2901062965393066,"['229b53a632ea97d47c4be11f096bdd828fb415d8', '4cbbd2552ba0de273e1dfe7d453c5b3efed751a3', 'bf83c9155e9bee6925aa7102fab53fb803d52533', 'ded26d768ff432ad3bde3c0aa1e95ce50726100a']",0.75,0.75,0.75,False,0.2857142857142857,12288,False,4
"[""feat"", ""fix"", ""refactor"", ""test"", ""docs"", ""ci"", ""build""]","[""refactor"", ""fix"", ""test"", ""feat""]",1.2840936183929443,"['47ef9104e4a89e80d7cc6c1950bc080841da4a7b', '9ef5c0d14193a9abb09b39856f58477d1f4b0d77', 'b7ce2894fd1794064bd6db4ed730bb6cb7728739', '1bcf88670b50155b50071e707f98f30cea0b7a24']",0.5714285714285714,1.0,0.7272727272727273,False,0.4285714285714285,12288,False,4
"[""ci"", ""feat"", ""refactor"", ""test""]","[""docs"", ""feat"", ""ci"", ""refactor""]",1.0685641765594482,"['e12d9e77a6fd531a22325337838a841b1c67f00d', 'fd8e563cc19ca4684885d4692acee6bebcca4ada', '173553c0372e66e03bdab19e0e6c2dd44daa14a0', '535708ae50aecb452560a23356fd396f99ef13a2']",0.75,0.75,0.75,False,0.2857142857142857,12288,False,4
"[""test""]","[""refactor"", ""feat"", ""docs"", ""ci""]",0.8746566772460938,"['1db13ec43727aca872a0f3836e4023ed85db665e', 'b282e90e2cbb74559aab79eee8443a4d7c85502a', 'e12d9e77a6fd531a22325337838a841b1c67f00d', '74e9de5ec97dc013a52aa063dff0f40ac74c407b']",0.0,0.0,0.0,False,0.7142857142857143,12288,False,4
"[""docs"", ""ci"", ""test"", ""refactor""]","[""docs"", ""ci"", ""refactor"", ""test""]",0.9399352073669434,"['aca23027da1295c78fdf42ba9687d8ccc88784d7', '74e9de5ec97dc013a52aa063dff0f40ac74c407b', '2954a0955ce9af6acb345ed1e8328e145ad30475', 'f411e58cd510f8a2b980b2f1932003a0c0e9f8f3']",1.0,1.0,1.0,True,0.0,12288,False,4
"[""test"", ""ci"", ""docs""]","[""test"", ""docs"", ""ci"", ""fix""]",0.7170720100402832,"['b7ce2894fd1794064bd6db4ed730bb6cb7728739', 'af880ac5b4fecbc6c4f3d1eee0d95f326e8bd9d1', '6c9cb638cb4d1ecc42632fcf389c24898c5b3244', 'd129eaf9125a967ac86c6c7276bbae6b4d50af36']",1.0,0.75,0.8571428571428571,False,0.1428571428571428,12288,False,4
"[""ci"", ""test"", ""docs"", ""refactor""]","[""ci"", ""refactor"", ""test"", ""docs""]",1.1962034702301023,"['e7a67d88173566be3cd3aed7e9eeb7e29aabbc57', '36556bf8e0bce4ab6d26eafacbdad04d9614a5d7', '8ee0611fbf0cd89abe7ae588f22e6ecb843598ea', 'c2ee5cd5e709afd15c5565ee009a0d204403a119']",1.0,1.0,1.0,True,0.0,12288,False,4
"[""docs"", ""refactor"", ""test"", ""build""]","[""docs"", ""feat"", ""test"", ""build""]",1.0593903064727783,"['0cfc5633d37ea06f645649138323f1820e18bdee', 'fd8e563cc19ca4684885d4692acee6bebcca4ada', 'e9617f0854030e70365eb264bcb3b58078e79e9e', '1269431c8a3e7549f10fcbbb4b88ff625c8898b3']",0.75,0.75,0.75,False,0.2857142857142857,12288,False,4
"[""feat"", ""test"", ""refactor"", ""ci"", ""build"", ""docs"", ""fix""]","[""refactor"", ""feat"", ""test"", ""fix""]",1.232309103012085,"['47ef9104e4a89e80d7cc6c1950bc080841da4a7b', 'b282e90e2cbb74559aab79eee8443a4d7c85502a', 'e0198f74b81da3663144cfe1d971939319f82a0f', 'bed78248c941d57ad4cc20a455147e186e97c7a1']",0.5714285714285714,1.0,0.7272727272727273,False,0.4285714285714285,12288,False,4
"[""build"", ""ci"", ""docs"", ""feat"", ""refactor"", ""test""]","[""build"", ""ci"", ""fix"", ""refactor""]",1.3995168209075928,"['454003841aabeb74396d73541378bfa59c75b5db', '173553c0372e66e03bdab19e0e6c2dd44daa14a0', 'd129eaf9125a967ac86c6c7276bbae6b4d50af36', '63eab619e6166eb6cab948028a7b89bf059dd878']",0.5,0.75,0.6,False,0.5714285714285714,12288,False,4
"[""feat"", ""test"", ""ci"", ""build"", ""refactor"", ""docs""]","[""test"", ""refactor"", ""docs"", ""feat""]",1.39019513130188,"['e9617f0854030e70365eb264bcb3b58078e79e9e', '2954a0955ce9af6acb345ed1e8328e145ad30475', 'c2ee5cd5e709afd15c5565ee009a0d204403a119', '6ed56ce9ae743ba9a87e6c9643cc06b1de7b748d']",0.6666666666666666,1.0,0.8,False,0.2857142857142857,12288,False,4
"[""build"", ""test"", ""ci"", ""refactor""]","[""build"", ""refactor"", ""fix"", ""ci""]",0.9590790271759032,"['454003841aabeb74396d73541378bfa59c75b5db', 'a62314d9bb632be6af026686615d14b912250512', '06e2be4e2019b6fa714e1fcb34485860ef1ede79', '4cbbd2552ba0de273e1dfe7d453c5b3efed751a3']",0.75,0.75,0.75,False,0.2857142857142857,12288,False,4
"[""feat"", ""refactor"", ""test"", ""ci"", ""docs""]","[""feat"", ""test"", ""refactor"", ""ci""]",1.1071810722351074,"['b282e90e2cbb74559aab79eee8443a4d7c85502a', 'e2e8ad25854bd1e7cdbc7f50b50bbd99e04ad47d', '63eab619e6166eb6cab948028a7b89bf059dd878', '6c9cb638cb4d1ecc42632fcf389c24898c5b3244']",0.8,1.0,0.888888888888889,False,0.1428571428571428,12288,False,4
"[""fix"", ""docs"", ""test"", ""refactor"", ""build""]","[""docs"", ""fix"", ""test"", ""refactor""]",1.2722103595733645,"['0cfc5633d37ea06f645649138323f1820e18bdee', 'd1d55e787b7d07f763852602b9939a5394607fd9', 'e2e8ad25854bd1e7cdbc7f50b50bbd99e04ad47d', '062daa45cbd5dba6e96e95d8cdcaee89ae30a83c']",0.8,1.0,0.888888888888889,False,0.1428571428571428,12288,False,4
"[""refactor"", ""fix"", ""ci"", ""build""]","[""refactor"", ""fix"", ""docs"", ""ci""]",0.8991193771362305,"['47ef9104e4a89e80d7cc6c1950bc080841da4a7b', 'd129eaf9125a967ac86c6c7276bbae6b4d50af36', '0cfc5633d37ea06f645649138323f1820e18bdee', '45837af24a33308a70a3454f0f650f9fe728e272']",0.75,0.75,0.75,False,0.2857142857142857,12288,False,4
"[""refactor"", ""ci"", ""build"", ""test"", ""docs""]","[""fix"", ""build"", ""ci"", ""test""]",1.3510982990264893,"['bed78248c941d57ad4cc20a455147e186e97c7a1', '1269431c8a3e7549f10fcbbb4b88ff625c8898b3', '45837af24a33308a70a3454f0f650f9fe728e272', '8ee0611fbf0cd89abe7ae588f22e6ecb843598ea']",0.6,0.75,0.6666666666666665,False,0.4285714285714285,12288,False,4
"[""build"", ""test"", ""docs""]","[""build"", ""fix"", ""ci"", ""docs""]",0.9969830513000488,"['454003841aabeb74396d73541378bfa59c75b5db', 'bed78248c941d57ad4cc20a455147e186e97c7a1', '45837af24a33308a70a3454f0f650f9fe728e272', 'c2ee5cd5e709afd15c5565ee009a0d204403a119']",0.6666666666666666,0.5,0.5714285714285715,False,0.4285714285714285,12288,False,4
"[""ci"", ""refactor"", ""test"", ""feat""]","[""ci"", ""refactor"", ""fix"", ""docs""]",1.335202932357788,"['dbb537a26e388a8d7d17faf131abc30c2f7a84e6', '3cca5c314ad6feeffbfe1f14cf49ebd0fd9a95a2', 'd1d55e787b7d07f763852602b9939a5394607fd9', '6d405dfc1675dcad64a2dfac0c0cb0fb28381d21']",0.5,0.5,0.5,False,0.5714285714285714,12288,False,4
"[""feat"", ""refactor"", ""docs"", ""ci"", ""test"", ""build""]","[""fix"", ""ci"", ""docs"", ""refactor""]",1.256072759628296,"['2561f4ade46fc9d59f289f328cc77733a6443697', '6c9cb638cb4d1ecc42632fcf389c24898c5b3244', 'bf83c9155e9bee6925aa7102fab53fb803d52533', '771857b1df9470ebc15357e8879118a72c649d5b']",0.5,0.75,0.6,False,0.5714285714285714,12288,False,4
"[""feat"", ""refactor"", ""test"", ""docs"", ""ci"", ""build""]","[""fix"", ""feat"", ""build"", ""docs""]",1.1564419269561768,"['06e2be4e2019b6fa714e1fcb34485860ef1ede79', 'fd8e563cc19ca4684885d4692acee6bebcca4ada', '32b92cfa0b74a6c25990e32ac6aab12b8496794c', '6d405dfc1675dcad64a2dfac0c0cb0fb28381d21']",0.5,0.75,0.6,False,0.5714285714285714,12288,False,4
"[""build"", ""test"", ""refactor""]","[""build"", ""ci"", ""test"", ""feat""]",0.8485937118530273,"['c55591ba157298a9c5816693c102a89dfd058830', '45837af24a33308a70a3454f0f650f9fe728e272', 'b7ce2894fd1794064bd6db4ed730bb6cb7728739', 'dc5238b2bda98a7c4f2fe9584fc3b0191a408109']",0.6666666666666666,0.5,0.5714285714285715,False,0.4285714285714285,12288,False,4
"[""ci"", ""feat"", ""test"", ""refactor"", ""docs""]","[""ci"", ""docs"", ""feat"", ""test""]",1.1394474506378174,"['173553c0372e66e03bdab19e0e6c2dd44daa14a0', 'e12d9e77a6fd531a22325337838a841b1c67f00d', 'f823cf28652987d43c8324b4f5b203240032383a', '229b53a632ea97d47c4be11f096bdd828fb415d8']",0.8,1.0,0.888888888888889,False,0.1428571428571428,12288,False,4
"[""refactor"", ""docs"", ""ci"", ""test""]","[""refactor"", ""docs"", ""ci"", ""test""]",0.869654655456543,"['36556bf8e0bce4ab6d26eafacbdad04d9614a5d7', 'aca23027da1295c78fdf42ba9687d8ccc88784d7', 'dbb537a26e388a8d7d17faf131abc30c2f7a84e6', '229b53a632ea97d47c4be11f096bdd828fb415d8']",1.0,1.0,1.0,True,0.0,12288,False,4
"[""fix"", ""test"", ""docs""]","[""docs"", ""refactor"", ""test"", ""fix""]",1.0719943046569824,"['0cfc5633d37ea06f645649138323f1820e18bdee', '1db13ec43727aca872a0f3836e4023ed85db665e', '229b53a632ea97d47c4be11f096bdd828fb415d8', '9be725fa3906323d4bc9788f54eccf74109d632b']",1.0,0.75,0.8571428571428571,False,0.1428571428571428,12288,False,4
"[""ci"", ""refactor"", ""test"", ""docs""]","[""ci"", ""docs"", ""refactor"", ""test""]",1.3473153114318848,"['c5fa7b80438fbd74f4c341f0d3c9bd9e0f4910da', 'bf83c9155e9bee6925aa7102fab53fb803d52533', '062daa45cbd5dba6e96e95d8cdcaee89ae30a83c', 'bedc7950b24c37809e36a585b7985d5aa5e3e458']",1.0,1.0,1.0,True,0.0,12288,False,4
"[""feat"", ""refactor"", ""ci"", ""build"", ""docs"", ""test""]","[""fix"", ""docs"", ""ci"", ""feat""]",1.1560218334197998,"['9be725fa3906323d4bc9788f54eccf74109d632b', '036a0ff49a7dade0e04c9c07071a1ff49133ee24', '45837af24a33308a70a3454f0f650f9fe728e272', 'f823cf28652987d43c8324b4f5b203240032383a']",0.5,0.75,0.6,False,0.5714285714285714,12288,False,4
"[""docs"", ""test"", ""build""]","[""docs"", ""test"", ""build"", ""feat""]",1.2028768062591553,"['bf83c9155e9bee6925aa7102fab53fb803d52533', 'e0198f74b81da3663144cfe1d971939319f82a0f', 'f00a4d3e307b89842250358ee432e6800bb24362', 'ded26d768ff432ad3bde3c0aa1e95ce50726100a']",1.0,0.75,0.8571428571428571,False,0.1428571428571428,12288,False,4
"[""docs"", ""test"", ""refactor""]","[""docs"", ""refactor"", ""test"", ""fix""]",1.1826796531677246,"['aca23027da1295c78fdf42ba9687d8ccc88784d7', '1db13ec43727aca872a0f3836e4023ed85db665e', 'f411e58cd510f8a2b980b2f1932003a0c0e9f8f3', '2561f4ade46fc9d59f289f328cc77733a6443697']",1.0,0.75,0.8571428571428571,False,0.1428571428571428,12288,False,4
"[""test"", ""ci"", ""docs"", ""feat""]","[""test"", ""feat"", ""docs"", ""ci""]",0.9817163944244384,"['e0198f74b81da3663144cfe1d971939319f82a0f', 'f823cf28652987d43c8324b4f5b203240032383a', 'aca23027da1295c78fdf42ba9687d8ccc88784d7', 'e96487ad7ce90b141219d9032fa2bed68d5dae6a']",1.0,1.0,1.0,True,0.0,12288,False,4
"[""feat"", ""refactor"", ""ci"", ""test"", ""docs""]","[""refactor"", ""build"", ""feat"", ""docs""]",1.11507248878479,"['63eab619e6166eb6cab948028a7b89bf059dd878', '32b92cfa0b74a6c25990e32ac6aab12b8496794c', 'fd8e563cc19ca4684885d4692acee6bebcca4ada', 'a52a585d74894b3b4eeb8c784fa089ff95cddad0']",0.6,0.75,0.6666666666666665,False,0.4285714285714285,12288,False,4
"[""build"", ""ci"", ""refactor"", ""test""]","[""build"", ""fix"", ""test"", ""feat""]",0.9560866355895996,"['37b1cbfd3d2c462ef4f2a131e4172c38dc8d9ddf', 'c8e0ae8612df3d6f2831acc004aaac332f6105e4', 'c7b25726df94a2530c9b1c0d2b6a0acaa103822f', '1bcf88670b50155b50071e707f98f30cea0b7a24']",0.5,0.5,0.5,False,0.5714285714285714,12288,False,4
"[""refactor"", ""docs"", ""build"", ""test"", ""ci""]","[""refactor"", ""ci"", ""docs"", ""build""]",1.2605795860290527,"['771857b1df9470ebc15357e8879118a72c649d5b', '6c9cb638cb4d1ecc42632fcf389c24898c5b3244', '6d405dfc1675dcad64a2dfac0c0cb0fb28381d21', '454003841aabeb74396d73541378bfa59c75b5db']",0.8,1.0,0.888888888888889,False,0.1428571428571428,12288,False,4
"[""refactor"", ""docs"", ""test"", ""ci""]","[""fix"", ""docs"", ""refactor"", ""ci"", ""test""]",0.9499056339263916,"['9be725fa3906323d4bc9788f54eccf74109d632b', 'bf83c9155e9bee6925aa7102fab53fb803d52533', '535708ae50aecb452560a23356fd396f99ef13a2', '4cbbd2552ba0de273e1dfe7d453c5b3efed751a3', 'bedc7950b24c37809e36a585b7985d5aa5e3e458']",1.0,0.8,0.888888888888889,False,0.1428571428571428,12288,False,5
"[""test"", ""ci"", ""refactor"", ""docs"", ""build""]","[""test"", ""docs"", ""refactor"", ""build"", ""feat""]",1.5276689529418943,"['229b53a632ea97d47c4be11f096bdd828fb415d8', 'bf83c9155e9bee6925aa7102fab53fb803d52533', '062daa45cbd5dba6e96e95d8cdcaee89ae30a83c', 'e4a11fd5c34942ba12737f1c8c084489428ee274', 'fd8e563cc19ca4684885d4692acee6bebcca4ada']",0.8,0.8,0.8000000000000002,False,0.2857142857142857,12288,False,5
"[""test"", ""ci"", ""refactor""]","[""test"", ""ci"", ""fix"", ""build"", ""refactor""]",1.1360318660736084,"['317f4eefecddfb1392ca71d551840f446feee302', 'e7a67d88173566be3cd3aed7e9eeb7e29aabbc57', 'd1d55e787b7d07f763852602b9939a5394607fd9', 'f00a4d3e307b89842250358ee432e6800bb24362', '771857b1df9470ebc15357e8879118a72c649d5b']",1.0,0.6,0.7499999999999999,False,0.2857142857142857,12288,False,5
"[""ci"", ""test"", ""refactor""]","[""ci"", ""refactor"", ""build"", ""test"", ""fix""]",0.9137251377105712,"['e7a67d88173566be3cd3aed7e9eeb7e29aabbc57', '47ef9104e4a89e80d7cc6c1950bc080841da4a7b', '5b81fde8a72cf2e69a10e9f5c4f0bea0a2b8c3e0', 'bedc7950b24c37809e36a585b7985d5aa5e3e458', '9ef5c0d14193a9abb09b39856f58477d1f4b0d77']",1.0,0.6,0.7499999999999999,False,0.2857142857142857,12288,False,5
"[""build"", ""ci"", ""docs"", ""feat"", ""refactor"", ""test""]","[""build"", ""fix"", ""feat"", ""refactor"", ""docs""]",1.336458444595337,"['e4a11fd5c34942ba12737f1c8c084489428ee274', '9ef5c0d14193a9abb09b39856f58477d1f4b0d77', 'dc5238b2bda98a7c4f2fe9584fc3b0191a408109', '771857b1df9470ebc15357e8879118a72c649d5b', 'c2ee5cd5e709afd15c5565ee009a0d204403a119']",0.6666666666666666,0.8,0.7272727272727272,False,0.4285714285714285,12288,False,5
"[""docs"", ""test"", ""build"", ""refactor""]","[""docs"", ""test"", ""build"", ""fix"", ""feat""]",0.9764955043792723,"['bf83c9155e9bee6925aa7102fab53fb803d52533', '229b53a632ea97d47c4be11f096bdd828fb415d8', 'c55591ba157298a9c5816693c102a89dfd058830', '06e2be4e2019b6fa714e1fcb34485860ef1ede79', 'f823cf28652987d43c8324b4f5b203240032383a']",0.75,0.6,0.6666666666666665,False,0.4285714285714285,12288,False,5
"[""ci"", ""build"", ""test"", ""docs"", ""feat"", ""refactor""]","[""ci"", ""build"", ""fix"", ""test"", ""feat""]",1.3117408752441406,"['e7a67d88173566be3cd3aed7e9eeb7e29aabbc57', 'c55591ba157298a9c5816693c102a89dfd058830', 'd129eaf9125a967ac86c6c7276bbae6b4d50af36', '229b53a632ea97d47c4be11f096bdd828fb415d8', '1bcf88670b50155b50071e707f98f30cea0b7a24']",0.6666666666666666,0.8,0.7272727272727272,False,0.4285714285714285,12288,False,5
"[""feat"", ""test"", ""ci"", ""build"", ""refactor""]","[""fix"", ""test"", ""build"", ""ci"", ""refactor""]",1.1185119152069092,"['2561f4ade46fc9d59f289f328cc77733a6443697', 'b7ce2894fd1794064bd6db4ed730bb6cb7728739', '1269431c8a3e7549f10fcbbb4b88ff625c8898b3', 'e96487ad7ce90b141219d9032fa2bed68d5dae6a', '36556bf8e0bce4ab6d26eafacbdad04d9614a5d7']",0.8,0.8,0.8000000000000002,False,0.2857142857142857,12288,False,5
"[""docs"", ""ci"", ""test"", ""build"", ""refactor""]","[""docs"", ""ci"", ""refactor"", ""test"", ""fix""]",1.0687644481658936,"['bf83c9155e9bee6925aa7102fab53fb803d52533', 'e7a67d88173566be3cd3aed7e9eeb7e29aabbc57', '535708ae50aecb452560a23356fd396f99ef13a2', 'c7b25726df94a2530c9b1c0d2b6a0acaa103822f', '06e2be4e2019b6fa714e1fcb34485860ef1ede79']",0.8,0.8,0.8000000000000002,False,0.2857142857142857,12288,False,5
"[""refactor"", ""docs"", ""build"", ""ci"", ""test""]","[""refactor"", ""docs"", ""build"", ""feat"", ""fix""]",1.0566892623901367,"['36556bf8e0bce4ab6d26eafacbdad04d9614a5d7', 'c2ee5cd5e709afd15c5565ee009a0d204403a119', 'c55591ba157298a9c5816693c102a89dfd058830', '68278b00450f2679761a2999500f6d87a579376b', '9ef5c0d14193a9abb09b39856f58477d1f4b0d77']",0.6,0.6,0.6,False,0.5714285714285714,12288,False,5
"[""feat"", ""build"", ""ci"", ""test""]","[""feat"", ""build"", ""fix"", ""ci"", ""test""]",1.4696986675262451,"['ded26d768ff432ad3bde3c0aa1e95ce50726100a', 'c323d59c607cabc91f17a78528d998f376f30b10', '2561f4ade46fc9d59f289f328cc77733a6443697', '45837af24a33308a70a3454f0f650f9fe728e272', 'e0198f74b81da3663144cfe1d971939319f82a0f']",1.0,0.8,0.888888888888889,False,0.1428571428571428,12288,False,5
"[""ci"", ""refactor"", ""test"", ""feat""]","[""ci"", ""refactor"", ""test"", ""feat"", ""fix""]",1.0934748649597168,"['e96487ad7ce90b141219d9032fa2bed68d5dae6a', 'a62314d9bb632be6af026686615d14b912250512', 'c7b25726df94a2530c9b1c0d2b6a0acaa103822f', '6ed56ce9ae743ba9a87e6c9643cc06b1de7b748d', '9ef5c0d14193a9abb09b39856f58477d1f4b0d77']",1.0,0.8,0.888888888888889,False,0.1428571428571428,12288,False,5
"[""build"", ""ci"", ""refactor""]","[""build"", ""refactor"", ""ci"", ""docs"", ""fix""]",0.9528956413269044,"['c55591ba157298a9c5816693c102a89dfd058830', '63eab619e6166eb6cab948028a7b89bf059dd878', 'c5fa7b80438fbd74f4c341f0d3c9bd9e0f4910da', '036a0ff49a7dade0e04c9c07071a1ff49133ee24', '9be725fa3906323d4bc9788f54eccf74109d632b']",1.0,0.6,0.7499999999999999,False,0.2857142857142857,12288,False,5
"[""docs"", ""ci"", ""test"", ""build""]","[""docs"", ""ci"", ""refactor"", ""build"", ""feat""]",1.0802781581878662,"['bf83c9155e9bee6925aa7102fab53fb803d52533', '173553c0372e66e03bdab19e0e6c2dd44daa14a0', '535708ae50aecb452560a23356fd396f99ef13a2', '1269431c8a3e7549f10fcbbb4b88ff625c8898b3', 'f823cf28652987d43c8324b4f5b203240032383a']",0.75,0.6,0.6666666666666665,False,0.4285714285714285,12288,False,5
"[""test"", ""refactor"", ""ci"", ""build"", ""feat"", ""fix"", ""docs""]","[""test"", ""feat"", ""refactor"", ""fix"", ""docs""]",1.7323153018951416,"['bedc7950b24c37809e36a585b7985d5aa5e3e458', 'fd8e563cc19ca4684885d4692acee6bebcca4ada', '062daa45cbd5dba6e96e95d8cdcaee89ae30a83c', 'c8e0ae8612df3d6f2831acc004aaac332f6105e4', '036a0ff49a7dade0e04c9c07071a1ff49133ee24']",0.7142857142857143,1.0,0.8333333333333333,False,0.2857142857142857,12288,False,5
"[""docs"", ""ci"", ""test"", ""build""]","[""docs"", ""build"", ""ci"", ""fix"", ""test""]",1.1251189708709717,"['c2ee5cd5e709afd15c5565ee009a0d204403a119', '1269431c8a3e7549f10fcbbb4b88ff625c8898b3', 'e7a67d88173566be3cd3aed7e9eeb7e29aabbc57', 'bed78248c941d57ad4cc20a455147e186e97c7a1', 'e9617f0854030e70365eb264bcb3b58078e79e9e']",1.0,0.8,0.888888888888889,False,0.1428571428571428,12288,False,5
"[""refactor"", ""ci"", ""build""]","[""refactor"", ""ci"", ""docs"", ""test"", ""build""]",1.1763191223144531,"['3cca5c314ad6feeffbfe1f14cf49ebd0fd9a95a2', 'dbb537a26e388a8d7d17faf131abc30c2f7a84e6', 'e12d9e77a6fd531a22325337838a841b1c67f00d', 'c7b25726df94a2530c9b1c0d2b6a0acaa103822f', '37b1cbfd3d2c462ef4f2a131e4172c38dc8d9ddf']",1.0,0.6,0.7499999999999999,False,0.2857142857142857,12288,False,5
"[""test"", ""feat"", ""ci"", ""build""]","[""test"", ""feat"", ""ci"", ""refactor"", ""fix""]",1.345484733581543,"['229b53a632ea97d47c4be11f096bdd828fb415d8', 'b282e90e2cbb74559aab79eee8443a4d7c85502a', 'dbb537a26e388a8d7d17faf131abc30c2f7a84e6', '3cca5c314ad6feeffbfe1f14cf49ebd0fd9a95a2', '933ab6bb86372913c992567cf9660009900911a7']",0.75,0.6,0.6666666666666665,False,0.4285714285714285,12288,False,5
"[""ci"", ""build"", ""test"", ""refactor""]","[""build"", ""fix"", ""ci"", ""refactor"", ""docs""]",1.3410189151763916,"['37b1cbfd3d2c462ef4f2a131e4172c38dc8d9ddf', '06e2be4e2019b6fa714e1fcb34485860ef1ede79', 'c5fa7b80438fbd74f4c341f0d3c9bd9e0f4910da', '1db13ec43727aca872a0f3836e4023ed85db665e', 'a52a585d74894b3b4eeb8c784fa089ff95cddad0']",0.75,0.6,0.6666666666666665,False,0.4285714285714285,12288,False,5
"[""build"", ""ci"", ""feat"", ""refactor""]","[""build"", ""docs"", ""ci"", ""test"", ""feat""]",1.0728979110717771,"['c44cf88a6ec54e5ddd99d8348bcc57b301ec7945', '6d405dfc1675dcad64a2dfac0c0cb0fb28381d21', 'e7a67d88173566be3cd3aed7e9eeb7e29aabbc57', 'f411e58cd510f8a2b980b2f1932003a0c0e9f8f3', 'f823cf28652987d43c8324b4f5b203240032383a']",0.75,0.6,0.6666666666666665,False,0.4285714285714285,12288,False,5
"[""feat"", ""refactor"", ""ci"", ""build"", ""test""]","[""feat"", ""fix"", ""refactor"", ""build"", ""test""]",1.0525023937225342,"['f823cf28652987d43c8324b4f5b203240032383a', 'c8e0ae8612df3d6f2831acc004aaac332f6105e4', '47ef9104e4a89e80d7cc6c1950bc080841da4a7b', 'e4a11fd5c34942ba12737f1c8c084489428ee274', 'c7b25726df94a2530c9b1c0d2b6a0acaa103822f']",0.8,0.8,0.8000000000000002,False,0.2857142857142857,12288,False,5
"[""test"", ""ci"", ""docs""]","[""refactor"", ""build"", ""ci"", ""docs"", ""test""]",1.076594591140747,"['1db13ec43727aca872a0f3836e4023ed85db665e', '32b92cfa0b74a6c25990e32ac6aab12b8496794c', 'e96487ad7ce90b141219d9032fa2bed68d5dae6a', '6d405dfc1675dcad64a2dfac0c0cb0fb28381d21', 'e2e8ad25854bd1e7cdbc7f50b50bbd99e04ad47d']",1.0,0.6,0.7499999999999999,False,0.2857142857142857,12288,False,5
"[""ci"", ""test"", ""refactor"", ""build""]","[""build"", ""test"", ""refactor"", ""ci"", ""fix""]",1.3533282279968262,"['37b1cbfd3d2c462ef4f2a131e4172c38dc8d9ddf', 'f411e58cd510f8a2b980b2f1932003a0c0e9f8f3', '1db13ec43727aca872a0f3836e4023ed85db665e', 'c5fa7b80438fbd74f4c341f0d3c9bd9e0f4910da', 'd129eaf9125a967ac86c6c7276bbae6b4d50af36']",1.0,0.8,0.888888888888889,False,0.1428571428571428,12288,False,5
"[""build"", ""ci"", ""docs"", ""refactor"", ""test""]","[""build"", ""docs"", ""ci"", ""test"", ""fix""]",1.0358641147613523,"['c55591ba157298a9c5816693c102a89dfd058830', 'a52a585d74894b3b4eeb8c784fa089ff95cddad0', '6c9cb638cb4d1ecc42632fcf389c24898c5b3244', 'c7b25726df94a2530c9b1c0d2b6a0acaa103822f', 'bed78248c941d57ad4cc20a455147e186e97c7a1']",0.8,0.8,0.8000000000000002,False,0.2857142857142857,12288,False,5
"[""feat"", ""ci"", ""build"", ""test""]","[""fix"", ""ci"", ""feat"", ""build"", ""refactor""]",1.4695861339569092,"['9ef5c0d14193a9abb09b39856f58477d1f4b0d77', 'dbb537a26e388a8d7d17faf131abc30c2f7a84e6', '6ed56ce9ae743ba9a87e6c9643cc06b1de7b748d', 'e4a11fd5c34942ba12737f1c8c084489428ee274', '1db13ec43727aca872a0f3836e4023ed85db665e']",0.75,0.6,0.6666666666666665,False,0.4285714285714285,12288,False,5
"[""refactor"", ""build"", ""test""]","[""fix"", ""build"", ""refactor"", ""feat"", ""test""]",1.321332931518555,"['bed78248c941d57ad4cc20a455147e186e97c7a1', 'e4a11fd5c34942ba12737f1c8c084489428ee274', '062daa45cbd5dba6e96e95d8cdcaee89ae30a83c', 'f823cf28652987d43c8324b4f5b203240032383a', 'c7b25726df94a2530c9b1c0d2b6a0acaa103822f']",1.0,0.6,0.7499999999999999,False,0.2857142857142857,12288,False,5
"[""feat"", ""test"", ""refactor"", ""ci"", ""build""]","[""fix"", ""test"", ""feat"", ""docs"", ""build""]",1.4312055110931396,"['87d5d4e55ab7149b593d29410f1fe426ba2447d4', 'bedc7950b24c37809e36a585b7985d5aa5e3e458', 'ded26d768ff432ad3bde3c0aa1e95ce50726100a', 'a52a585d74894b3b4eeb8c784fa089ff95cddad0', 'c323d59c607cabc91f17a78528d998f376f30b10']",0.6,0.6,0.6,False,0.5714285714285714,12288,False,5
"[""build"", ""test"", ""feat"", ""refactor"", ""ci""]","[""test"", ""docs"", ""feat"", ""build"", ""fix""]",1.4093070030212402,"['8ee0611fbf0cd89abe7ae588f22e6ecb843598ea', 'c2ee5cd5e709afd15c5565ee009a0d204403a119', 'fd8e563cc19ca4684885d4692acee6bebcca4ada', '1269431c8a3e7549f10fcbbb4b88ff625c8898b3', '06e2be4e2019b6fa714e1fcb34485860ef1ede79']",0.6,0.6,0.6,False,0.5714285714285714,12288,False,5
"[""feat"", ""docs"", ""build"", ""test"", ""refactor""]","[""docs"", ""feat"", ""build"", ""refactor"", ""test""]",1.149369716644287,"['a52a585d74894b3b4eeb8c784fa089ff95cddad0', 'f9a094918b62534614c47aa8a13f33aec751a1e0', '1269431c8a3e7549f10fcbbb4b88ff625c8898b3', '535708ae50aecb452560a23356fd396f99ef13a2', 'e0198f74b81da3663144cfe1d971939319f82a0f']",1.0,1.0,1.0,True,0.0,12288,False,5
"[""feat"", ""refactor"", ""test"", ""ci"", ""build""]","[""fix"", ""feat"", ""test"", ""refactor"", ""build""]",1.1558165550231934,"['d129eaf9125a967ac86c6c7276bbae6b4d50af36', '68278b00450f2679761a2999500f6d87a579376b', 'e2e8ad25854bd1e7cdbc7f50b50bbd99e04ad47d', '771857b1df9470ebc15357e8879118a72c649d5b', 'f00a4d3e307b89842250358ee432e6800bb24362']",0.8,0.8,0.8000000000000002,False,0.2857142857142857,12288,False,5
"[""build"", ""ci"", ""refactor"", ""test""]","[""fix"", ""build"", ""refactor"", ""test"", ""docs""]",1.2367079257965088,"['933ab6bb86372913c992567cf9660009900911a7', '37b1cbfd3d2c462ef4f2a131e4172c38dc8d9ddf', '1db13ec43727aca872a0f3836e4023ed85db665e', 'c7b25726df94a2530c9b1c0d2b6a0acaa103822f', 'e12d9e77a6fd531a22325337838a841b1c67f00d']",0.75,0.6,0.6666666666666665,False,0.4285714285714285,12288,False,5
"[""feat"", ""docs"", ""build"", ""test"", ""ci"", ""refactor""]","[""fix"", ""ci"", ""docs"", ""build"", ""feat""]",1.4559459686279297,"['06e2be4e2019b6fa714e1fcb34485860ef1ede79', '4cbbd2552ba0de273e1dfe7d453c5b3efed751a3', 'cb1f48b56ae0de93acb72e48726c7d610a1d538e', 'c323d59c607cabc91f17a78528d998f376f30b10', 'f9a094918b62534614c47aa8a13f33aec751a1e0']",0.6666666666666666,0.8,0.7272727272727272,False,0.4285714285714285,12288,False,5
"[""feat"", ""refactor"", ""ci"", ""build"", ""test"", ""docs""]","[""feat"", ""build"", ""refactor"", ""docs"", ""fix""]",1.1816034317016602,"['fd8e563cc19ca4684885d4692acee6bebcca4ada', 'f00a4d3e307b89842250358ee432e6800bb24362', '535708ae50aecb452560a23356fd396f99ef13a2', 'e12d9e77a6fd531a22325337838a841b1c67f00d', '9be725fa3906323d4bc9788f54eccf74109d632b']",0.6666666666666666,0.8,0.7272727272727272,False,0.4285714285714285,12288,False,5
"[""test"", ""ci"", ""refactor"", ""docs"", ""build""]","[""test"", ""docs"", ""refactor"", ""ci"", ""feat""]",1.6231350898742676,"['229b53a632ea97d47c4be11f096bdd828fb415d8', 'bf83c9155e9bee6925aa7102fab53fb803d52533', '062daa45cbd5dba6e96e95d8cdcaee89ae30a83c', '32845e1bbd1efb5dbc16f671049509a409ba25ce', 'dc5238b2bda98a7c4f2fe9584fc3b0191a408109']",0.8,0.8,0.8000000000000002,False,0.2857142857142857,12288,False,5
"[""build"", ""test"", ""refactor""]","[""build"", ""docs"", ""fix"", ""test"", ""refactor""]",1.319563388824463,"['454003841aabeb74396d73541378bfa59c75b5db', 'e12d9e77a6fd531a22325337838a841b1c67f00d', 'bed78248c941d57ad4cc20a455147e186e97c7a1', 'f411e58cd510f8a2b980b2f1932003a0c0e9f8f3', '062daa45cbd5dba6e96e95d8cdcaee89ae30a83c']",1.0,0.6,0.7499999999999999,False,0.2857142857142857,12288,False,5
"[""build"", ""ci"", ""test"", ""refactor""]","[""build"", ""ci"", ""docs"", ""test"", ""refactor""]",1.312314748764038,"['5b81fde8a72cf2e69a10e9f5c4f0bea0a2b8c3e0', '74e9de5ec97dc013a52aa063dff0f40ac74c407b', 'a52a585d74894b3b4eeb8c784fa089ff95cddad0', 'e0198f74b81da3663144cfe1d971939319f82a0f', '062daa45cbd5dba6e96e95d8cdcaee89ae30a83c']",1.0,0.8,0.888888888888889,False,0.1428571428571428,12288,False,5
"[""feat"", ""ci"", ""docs"", ""refactor"", ""build""]","[""build"", ""ci"", ""docs"", ""refactor"", ""fix""]",1.0362248420715332,"['32b92cfa0b74a6c25990e32ac6aab12b8496794c', '6c9cb638cb4d1ecc42632fcf389c24898c5b3244', 'aca23027da1295c78fdf42ba9687d8ccc88784d7', '47ef9104e4a89e80d7cc6c1950bc080841da4a7b', '2561f4ade46fc9d59f289f328cc77733a6443697']",0.8,0.8,0.8000000000000002,False,0.2857142857142857,12288,False,5
"[""test"", ""docs"", ""build"", ""refactor""]","[""test"", ""docs"", ""fix"", ""feat"", ""build""]",1.1022393703460691,"['e0198f74b81da3663144cfe1d971939319f82a0f', 'c2ee5cd5e709afd15c5565ee009a0d204403a119', '9ef5c0d14193a9abb09b39856f58477d1f4b0d77', 'f823cf28652987d43c8324b4f5b203240032383a', 'c44cf88a6ec54e5ddd99d8348bcc57b301ec7945']",0.75,0.6,0.6666666666666665,False,0.4285714285714285,12288,False,5
"[""feat"", ""refactor"", ""ci"", ""build"", ""test"", ""docs"", ""fix""]","[""refactor"", ""ci"", ""test"", ""build"", ""feat""]",2.198364734649658,"['3cca5c314ad6feeffbfe1f14cf49ebd0fd9a95a2', '32845e1bbd1efb5dbc16f671049509a409ba25ce', 'e9617f0854030e70365eb264bcb3b58078e79e9e', '454003841aabeb74396d73541378bfa59c75b5db', 'fd8e563cc19ca4684885d4692acee6bebcca4ada']",0.7142857142857143,1.0,0.8333333333333333,False,0.2857142857142857,12288,False,5
"[""refactor"", ""test"", ""ci"", ""build"", ""feat"", ""docs""]","[""refactor"", ""feat"", ""build"", ""fix"", ""test""]",1.7679977416992188,"['062daa45cbd5dba6e96e95d8cdcaee89ae30a83c', 'f823cf28652987d43c8324b4f5b203240032383a', 'c44cf88a6ec54e5ddd99d8348bcc57b301ec7945', '933ab6bb86372913c992567cf9660009900911a7', '8ee0611fbf0cd89abe7ae588f22e6ecb843598ea']",0.6666666666666666,0.8,0.7272727272727272,False,0.4285714285714285,12288,False,5
"[""test"", ""feat"", ""ci"", ""refactor"", ""docs""]","[""refactor"", ""test"", ""docs"", ""feat"", ""ci""]",1.4418365955352783,"['36556bf8e0bce4ab6d26eafacbdad04d9614a5d7', '317f4eefecddfb1392ca71d551840f446feee302', '036a0ff49a7dade0e04c9c07071a1ff49133ee24', 'e137f9fdbdb6bf3f85c3f7ac9323785e445844c8', 'e7a67d88173566be3cd3aed7e9eeb7e29aabbc57']",1.0,1.0,1.0,True,0.0,12288,False,5
"[""test"", ""ci"", ""feat"", ""refactor"", ""docs"", ""build""]","[""test"", ""ci"", ""refactor"", ""feat"", ""fix""]",1.813528299331665,"['e0198f74b81da3663144cfe1d971939319f82a0f', '173553c0372e66e03bdab19e0e6c2dd44daa14a0', '062daa45cbd5dba6e96e95d8cdcaee89ae30a83c', 'f823cf28652987d43c8324b4f5b203240032383a', 'bed78248c941d57ad4cc20a455147e186e97c7a1']",0.6666666666666666,0.8,0.7272727272727272,False,0.4285714285714285,12288,False,5
"[""ci"", ""refactor"", ""test""]","[""ci"", ""refactor"", ""docs"", ""fix"", ""feat""]",1.1711549758911133,"['32845e1bbd1efb5dbc16f671049509a409ba25ce', '63eab619e6166eb6cab948028a7b89bf059dd878', 'af880ac5b4fecbc6c4f3d1eee0d95f326e8bd9d1', '9be725fa3906323d4bc9788f54eccf74109d632b', 'fd8e563cc19ca4684885d4692acee6bebcca4ada']",0.6666666666666666,0.4,0.5,False,0.5714285714285714,12288,False,5
"[""docs"", ""test"", ""build""]","[""docs"", ""refactor"", ""fix"", ""test"", ""build""]",1.468616247177124,"['bf83c9155e9bee6925aa7102fab53fb803d52533', '3cca5c314ad6feeffbfe1f14cf49ebd0fd9a95a2', '2561f4ade46fc9d59f289f328cc77733a6443697', '317f4eefecddfb1392ca71d551840f446feee302', '454003841aabeb74396d73541378bfa59c75b5db']",1.0,0.6,0.7499999999999999,False,0.2857142857142857,12288,False,5
"[""test"", ""ci"", ""feat"", ""refactor""]","[""test"", ""ci"", ""fix"", ""docs"", ""refactor""]",1.6139569282531738,"['317f4eefecddfb1392ca71d551840f446feee302', '32845e1bbd1efb5dbc16f671049509a409ba25ce', 'c8e0ae8612df3d6f2831acc004aaac332f6105e4', '6d405dfc1675dcad64a2dfac0c0cb0fb28381d21', '062daa45cbd5dba6e96e95d8cdcaee89ae30a83c']",0.75,0.6,0.6666666666666665,False,0.4285714285714285,12288,False,5
"[""build"", ""ci"", ""feat"", ""fix"", ""refactor"", ""test""]","[""build"", ""ci"", ""test"", ""docs"", ""feat""]",1.1559844017028809,"['c55591ba157298a9c5816693c102a89dfd058830', 'dbb537a26e388a8d7d17faf131abc30c2f7a84e6', 'e0198f74b81da3663144cfe1d971939319f82a0f', '0cfc5633d37ea06f645649138323f1820e18bdee', 'dc5238b2bda98a7c4f2fe9584fc3b0191a408109']",0.6666666666666666,0.8,0.7272727272727272,False,0.4285714285714285,12288,False,5
"[""feat"", ""refactor"", ""ci"", ""test""]","[""refactor"", ""feat"", ""test"", ""fix"", ""ci""]",0.9762530326843262,"['535708ae50aecb452560a23356fd396f99ef13a2', 'dc5238b2bda98a7c4f2fe9584fc3b0191a408109', 'e2e8ad25854bd1e7cdbc7f50b50bbd99e04ad47d', '2561f4ade46fc9d59f289f328cc77733a6443697', 'c5fa7b80438fbd74f4c341f0d3c9bd9e0f4910da']",1.0,0.8,0.888888888888889,False,0.1428571428571428,12288,False,5
"[""ci"", ""test"", ""refactor""]","[""ci"", ""docs"", ""refactor"", ""build"", ""test""]",0.8642697334289551,"['c5fa7b80438fbd74f4c341f0d3c9bd9e0f4910da', 'af880ac5b4fecbc6c4f3d1eee0d95f326e8bd9d1', '47ef9104e4a89e80d7cc6c1950bc080841da4a7b', '37b1cbfd3d2c462ef4f2a131e4172c38dc8d9ddf', 'c7b25726df94a2530c9b1c0d2b6a0acaa103822f']",1.0,0.6,0.7499999999999999,False,0.2857142857142857,12288,False,5
"[""build"", ""refactor"", ""test"", ""docs""]","[""build"", ""docs"", ""refactor"", ""test"", ""feat""]",1.6666419506072998,"['454003841aabeb74396d73541378bfa59c75b5db', 'aca23027da1295c78fdf42ba9687d8ccc88784d7', '771857b1df9470ebc15357e8879118a72c649d5b', 'bedc7950b24c37809e36a585b7985d5aa5e3e458', 'e137f9fdbdb6bf3f85c3f7ac9323785e445844c8']",1.0,0.8,0.888888888888889,False,0.1428571428571428,12288,False,5
"[""ci"", ""test"", ""refactor""]","[""ci"", ""feat"", ""fix"", ""docs"", ""test""]",1.2959489822387695,"['74e9de5ec97dc013a52aa063dff0f40ac74c407b', 'ded26d768ff432ad3bde3c0aa1e95ce50726100a', '9be725fa3906323d4bc9788f54eccf74109d632b', 'a52a585d74894b3b4eeb8c784fa089ff95cddad0', 'e9617f0854030e70365eb264bcb3b58078e79e9e']",0.6666666666666666,0.4,0.5,False,0.5714285714285714,12288,False,5
"[""feat"", ""build"", ""test"", ""refactor"", ""docs"", ""ci""]","[""feat"", ""build"", ""test"", ""docs"", ""fix""]",1.2293736934661863,"['f9a094918b62534614c47aa8a13f33aec751a1e0', 'e4a11fd5c34942ba12737f1c8c084489428ee274', '229b53a632ea97d47c4be11f096bdd828fb415d8', '036a0ff49a7dade0e04c9c07071a1ff49133ee24', '2561f4ade46fc9d59f289f328cc77733a6443697']",0.6666666666666666,0.8,0.7272727272727272,False,0.4285714285714285,12288,False,5
"[""build"", ""ci"", ""docs"", ""test""]","[""build"", ""docs"", ""test"", ""fix"", ""ci""]",1.0334744453430176,"['e4a11fd5c34942ba12737f1c8c084489428ee274', 'aca23027da1295c78fdf42ba9687d8ccc88784d7', 'e9617f0854030e70365eb264bcb3b58078e79e9e', '9ef5c0d14193a9abb09b39856f58477d1f4b0d77', '4cbbd2552ba0de273e1dfe7d453c5b3efed751a3']",1.0,0.8,0.888888888888889,False,0.1428571428571428,12288,False,5
"[""feat"", ""refactor"", ""ci"", ""test""]","[""feat"", ""fix"", ""ci"", ""docs"", ""test""]",1.065641164779663,"['f9a094918b62534614c47aa8a13f33aec751a1e0', '2561f4ade46fc9d59f289f328cc77733a6443697', '45837af24a33308a70a3454f0f650f9fe728e272', '036a0ff49a7dade0e04c9c07071a1ff49133ee24', 'b7ce2894fd1794064bd6db4ed730bb6cb7728739']",0.75,0.6,0.6666666666666665,False,0.4285714285714285,12288,False,5
"[""feat"", ""refactor"", ""test"", ""ci"", ""build"", ""docs"", ""fix""]","[""feat"", ""refactor"", ""build"", ""fix"", ""docs""]",2.033013105392456,"['ded26d768ff432ad3bde3c0aa1e95ce50726100a', '062daa45cbd5dba6e96e95d8cdcaee89ae30a83c', '37b1cbfd3d2c462ef4f2a131e4172c38dc8d9ddf', '933ab6bb86372913c992567cf9660009900911a7', '036a0ff49a7dade0e04c9c07071a1ff49133ee24']",0.7142857142857143,1.0,0.8333333333333333,False,0.2857142857142857,12288,False,5
"[""test"", ""build"", ""feat"", ""docs""]","[""test"", ""build"", ""feat"", ""fix"", ""docs""]",0.9488718509674072,"['f411e58cd510f8a2b980b2f1932003a0c0e9f8f3', 'c44cf88a6ec54e5ddd99d8348bcc57b301ec7945', '1bcf88670b50155b50071e707f98f30cea0b7a24', '9be725fa3906323d4bc9788f54eccf74109d632b', 'a52a585d74894b3b4eeb8c784fa089ff95cddad0']",1.0,0.8,0.888888888888889,False,0.1428571428571428,12288,False,5
"[""feat"", ""refactor"", ""test"", ""ci"", ""build"", ""docs""]","[""fix"", ""feat"", ""test"", ""ci"", ""docs""]",1.2517004013061523,"['933ab6bb86372913c992567cf9660009900911a7', '6ed56ce9ae743ba9a87e6c9643cc06b1de7b748d', 'e2e8ad25854bd1e7cdbc7f50b50bbd99e04ad47d', 'e96487ad7ce90b141219d9032fa2bed68d5dae6a', '036a0ff49a7dade0e04c9c07071a1ff49133ee24']",0.6666666666666666,0.8,0.7272727272727272,False,0.4285714285714285,12288,False,5
"[""test"", ""ci"", ""build"", ""feat""]","[""test"", ""refactor"", ""ci"", ""build"", ""fix""]",1.4089624881744385,"['e0198f74b81da3663144cfe1d971939319f82a0f', '3cca5c314ad6feeffbfe1f14cf49ebd0fd9a95a2', '45837af24a33308a70a3454f0f650f9fe728e272', '5b81fde8a72cf2e69a10e9f5c4f0bea0a2b8c3e0', '9ef5c0d14193a9abb09b39856f58477d1f4b0d77']",0.75,0.6,0.6666666666666665,False,0.4285714285714285,12288,False,5
"[""build"", ""ci"", ""test"", ""refactor""]","[""build"", ""feat"", ""refactor"", ""ci"", ""test""]",1.3045177459716797,"['c55591ba157298a9c5816693c102a89dfd058830', '1bcf88670b50155b50071e707f98f30cea0b7a24', '1db13ec43727aca872a0f3836e4023ed85db665e', 'dbb537a26e388a8d7d17faf131abc30c2f7a84e6', 'e2e8ad25854bd1e7cdbc7f50b50bbd99e04ad47d']",1.0,0.8,0.888888888888889,False,0.1428571428571428,12288,False,5
"[""feat"", ""refactor"", ""test"", ""ci"", ""build"", ""docs""]","[""feat"", ""refactor"", ""test"", ""ci"", ""build""]",1.6364548206329346,"['e137f9fdbdb6bf3f85c3f7ac9323785e445844c8', 'a62314d9bb632be6af026686615d14b912250512', 'b7ce2894fd1794064bd6db4ed730bb6cb7728739', '45837af24a33308a70a3454f0f650f9fe728e272', '454003841aabeb74396d73541378bfa59c75b5db']",0.8333333333333334,1.0,0.9090909090909092,False,0.1428571428571428,12288,False,5
"[""test"", ""ci"", ""docs"", ""refactor"", ""feat""]","[""test"", ""fix"", ""build"", ""refactor"", ""docs""]",1.1297917366027832,"['317f4eefecddfb1392ca71d551840f446feee302', '06e2be4e2019b6fa714e1fcb34485860ef1ede79', '32b92cfa0b74a6c25990e32ac6aab12b8496794c', '535708ae50aecb452560a23356fd396f99ef13a2', 'aca23027da1295c78fdf42ba9687d8ccc88784d7']",0.6,0.6,0.6,False,0.5714285714285714,12288,False,5
"[""ci"", ""test"", ""feat"", ""docs"", ""build""]","[""ci"", ""feat"", ""build"", ""fix"", ""test""]",1.324012041091919,"['173553c0372e66e03bdab19e0e6c2dd44daa14a0', '6ed56ce9ae743ba9a87e6c9643cc06b1de7b748d', '32b92cfa0b74a6c25990e32ac6aab12b8496794c', '933ab6bb86372913c992567cf9660009900911a7', 'e9617f0854030e70365eb264bcb3b58078e79e9e']",0.8,0.8,0.8000000000000002,False,0.2857142857142857,12288,False,5
"[""ci"", ""test"", ""build""]","[""ci"", ""test"", ""fix"", ""feat"", ""build""]",0.7711880207061768,"['dbb537a26e388a8d7d17faf131abc30c2f7a84e6', 'e2e8ad25854bd1e7cdbc7f50b50bbd99e04ad47d', '933ab6bb86372913c992567cf9660009900911a7', 'b282e90e2cbb74559aab79eee8443a4d7c85502a', 'c55591ba157298a9c5816693c102a89dfd058830']",1.0,0.6,0.7499999999999999,False,0.2857142857142857,12288,False,5
"[""test"", ""ci"", ""refactor""]","[""test"", ""build"", ""feat"", ""fix"", ""ci""]",1.4563202857971191,"['317f4eefecddfb1392ca71d551840f446feee302', 'e4a11fd5c34942ba12737f1c8c084489428ee274', 'ded26d768ff432ad3bde3c0aa1e95ce50726100a', 'd129eaf9125a967ac86c6c7276bbae6b4d50af36', '173553c0372e66e03bdab19e0e6c2dd44daa14a0']",0.6666666666666666,0.4,0.5,False,0.5714285714285714,12288,False,5
"[""test"", ""build"", ""docs"", ""feat""]","[""test"", ""build"", ""refactor"", ""docs"", ""feat""]",0.9557123184204102,"['bedc7950b24c37809e36a585b7985d5aa5e3e458', '5b81fde8a72cf2e69a10e9f5c4f0bea0a2b8c3e0', '47ef9104e4a89e80d7cc6c1950bc080841da4a7b', 'aca23027da1295c78fdf42ba9687d8ccc88784d7', 'f823cf28652987d43c8324b4f5b203240032383a']",1.0,0.8,0.888888888888889,False,0.1428571428571428,12288,False,5
"[""build"", ""ci"", ""refactor"", ""test"", ""docs""]","[""build"", ""ci"", ""feat"", ""docs"", ""fix""]",1.0609087944030762,"['5b81fde8a72cf2e69a10e9f5c4f0bea0a2b8c3e0', 'c5fa7b80438fbd74f4c341f0d3c9bd9e0f4910da', '68278b00450f2679761a2999500f6d87a579376b', 'a52a585d74894b3b4eeb8c784fa089ff95cddad0', '06e2be4e2019b6fa714e1fcb34485860ef1ede79']",0.6,0.6,0.6,False,0.5714285714285714,12288,False,5
"[""test"", ""build"", ""refactor"", ""feat""]","[""test"", ""build"", ""refactor"", ""fix"", ""ci""]",1.3174734115600586,"['e0198f74b81da3663144cfe1d971939319f82a0f', '5b81fde8a72cf2e69a10e9f5c4f0bea0a2b8c3e0', '3cca5c314ad6feeffbfe1f14cf49ebd0fd9a95a2', '87d5d4e55ab7149b593d29410f1fe426ba2447d4', '74e9de5ec97dc013a52aa063dff0f40ac74c407b']",0.75,0.6,0.6666666666666665,False,0.4285714285714285,12288,False,5
"[""feat"", ""test"", ""ci"", ""build"", ""refactor"", ""docs""]","[""feat"", ""build"", ""fix"", ""ci"", ""test""]",1.4522740840911863,"['6ed56ce9ae743ba9a87e6c9643cc06b1de7b748d', 'c323d59c607cabc91f17a78528d998f376f30b10', '87d5d4e55ab7149b593d29410f1fe426ba2447d4', 'c5fa7b80438fbd74f4c341f0d3c9bd9e0f4910da', 'e9617f0854030e70365eb264bcb3b58078e79e9e']",0.6666666666666666,0.8,0.7272727272727272,False,0.4285714285714285,12288,False,5
"[""build"", ""ci"", ""feat"", ""refactor"", ""test""]","[""build"", ""test"", ""refactor"", ""feat"", ""ci""]",1.0817415714263916,"['5b81fde8a72cf2e69a10e9f5c4f0bea0a2b8c3e0', 'e9617f0854030e70365eb264bcb3b58078e79e9e', '2954a0955ce9af6acb345ed1e8328e145ad30475', '68278b00450f2679761a2999500f6d87a579376b', 'e96487ad7ce90b141219d9032fa2bed68d5dae6a']",1.0,1.0,1.0,True,0.0,12288,False,5
"[""ci"", ""feat"", ""docs"", ""refactor"", ""build""]","[""ci"", ""refactor"", ""docs"", ""feat"", ""fix""]",1.0820257663726809,"['4cbbd2552ba0de273e1dfe7d453c5b3efed751a3', '535708ae50aecb452560a23356fd396f99ef13a2', 'e12d9e77a6fd531a22325337838a841b1c67f00d', 'fd8e563cc19ca4684885d4692acee6bebcca4ada', '9be725fa3906323d4bc9788f54eccf74109d632b']",0.8,0.8,0.8000000000000002,False,0.2857142857142857,12288,False,5
"[""ci"", ""refactor"", ""test"", ""docs"", ""build""]","[""ci"", ""fix"", ""feat"", ""docs"", ""refactor""]",1.348844051361084,"['c5fa7b80438fbd74f4c341f0d3c9bd9e0f4910da', 'bed78248c941d57ad4cc20a455147e186e97c7a1', 'b282e90e2cbb74559aab79eee8443a4d7c85502a', 'bf83c9155e9bee6925aa7102fab53fb803d52533', '771857b1df9470ebc15357e8879118a72c649d5b']",0.6,0.6,0.6,False,0.5714285714285714,12288,False,5
