predicted_types,actual_types,inference_time,shas,precision,recall,f1,exact_match,hamming_loss,context_len,with_message,concern_count
"[""feat"", ""refactor""]","[""fix""]",0.5125973224639893,['87d5d4e55ab7149b593d29410f1fe426ba2447d4'],0.0,0.0,0.0,False,0.4285714285714285,2048,False,1
"[""test""]","[""test""]",0.4212141036987304,['317f4eefecddfb1392ca71d551840f446feee302'],1.0,1.0,1.0,True,0.0,2048,False,1
"[""ci""]","[""ci""]",0.4627230167388916,['c5fa7b80438fbd74f4c341f0d3c9bd9e0f4910da'],1.0,1.0,1.0,True,0.0,2048,False,1
"[""ci""]","[""ci""]",0.4556005001068115,['e7a67d88173566be3cd3aed7e9eeb7e29aabbc57'],1.0,1.0,1.0,True,0.0,2048,False,1
"[""feat"", ""refactor""]","[""fix""]",0.5194509029388428,['d129eaf9125a967ac86c6c7276bbae6b4d50af36'],0.0,0.0,0.0,False,0.4285714285714285,2048,False,1
"[""build"", ""ci""]","[""build""]",0.5086743831634521,['1269431c8a3e7549f10fcbbb4b88ff625c8898b3'],0.5,1.0,0.6666666666666666,False,0.1428571428571428,2048,False,1
"[""feat"", ""refactor""]","[""refactor""]",0.5346910953521729,['535708ae50aecb452560a23356fd396f99ef13a2'],0.5,1.0,0.6666666666666666,False,0.1428571428571428,2048,False,1
"[""feat"", ""refactor"", ""ci"", ""build"", ""test"", ""docs""]","[""feat""]",0.9380836486816406,['68278b00450f2679761a2999500f6d87a579376b'],0.1666666666666666,1.0,0.2857142857142857,False,0.7142857142857143,2048,False,1
"[""ci""]","[""ci""]",0.375899076461792,['6c9cb638cb4d1ecc42632fcf389c24898c5b3244'],1.0,1.0,1.0,True,0.0,2048,False,1
"[""test""]","[""test""]",0.3785901069641113,['c7b25726df94a2530c9b1c0d2b6a0acaa103822f'],1.0,1.0,1.0,True,0.0,2048,False,1
"[""feat"", ""refactor""]","[""feat""]",0.5689797401428223,['1bcf88670b50155b50071e707f98f30cea0b7a24'],0.5,1.0,0.6666666666666666,False,0.1428571428571428,2048,False,1
"[""build"", ""test""]","[""build""]",0.6224939823150635,['454003841aabeb74396d73541378bfa59c75b5db'],0.5,1.0,0.6666666666666666,False,0.1428571428571428,2048,False,1
"[""ci""]","[""ci""]",0.3343417644500732,['dbb537a26e388a8d7d17faf131abc30c2f7a84e6'],1.0,1.0,1.0,True,0.0,2048,False,1
"[""docs""]","[""docs""]",0.376131534576416,['bf83c9155e9bee6925aa7102fab53fb803d52533'],1.0,1.0,1.0,True,0.0,2048,False,1
"[""feat""]","[""feat""]",0.3739442825317383,['dc5238b2bda98a7c4f2fe9584fc3b0191a408109'],1.0,1.0,1.0,True,0.0,2048,False,1
"[""ci""]","[""ci""]",0.3673751354217529,['74e9de5ec97dc013a52aa063dff0f40ac74c407b'],1.0,1.0,1.0,True,0.0,2048,False,1
"[""test""]","[""test""]",0.3740429878234863,['b7ce2894fd1794064bd6db4ed730bb6cb7728739'],1.0,1.0,1.0,True,0.0,2048,False,1
"[""refactor"", ""build""]","[""build""]",0.4754509925842285,['32b92cfa0b74a6c25990e32ac6aab12b8496794c'],0.5,1.0,0.6666666666666666,False,0.1428571428571428,2048,False,1
"[""refactor"", ""build""]","[""fix""]",0.5640790462493896,['bed78248c941d57ad4cc20a455147e186e97c7a1'],0.0,0.0,0.0,False,0.4285714285714285,2048,False,1
"[""test""]","[""test""]",0.3971152305603027,['f411e58cd510f8a2b980b2f1932003a0c0e9f8f3'],1.0,1.0,1.0,True,0.0,2048,False,1
"[""feat"", ""refactor""]","[""feat""]",0.5282597541809082,['f9a094918b62534614c47aa8a13f33aec751a1e0'],0.5,1.0,0.6666666666666666,False,0.1428571428571428,2048,False,1
"[""docs""]","[""docs""]",0.3721859455108642,['aca23027da1295c78fdf42ba9687d8ccc88784d7'],1.0,1.0,1.0,True,0.0,2048,False,1
"[""ci""]","[""build""]",0.4064469337463379,['37b1cbfd3d2c462ef4f2a131e4172c38dc8d9ddf'],0.0,0.0,0.0,False,0.2857142857142857,2048,False,1
"[""feat"", ""refactor""]","[""feat""]",0.7806370258331299,['e137f9fdbdb6bf3f85c3f7ac9323785e445844c8'],0.5,1.0,0.6666666666666666,False,0.1428571428571428,2048,False,1
"[""test""]","[""test""]",0.3963007926940918,['e0198f74b81da3663144cfe1d971939319f82a0f'],1.0,1.0,1.0,True,0.0,2048,False,1
"[""ci""]","[""ci""]",0.4513125419616699,['45837af24a33308a70a3454f0f650f9fe728e272'],1.0,1.0,1.0,True,0.0,2048,False,1
"[""docs""]","[""docs""]",0.3897089958190918,['0cfc5633d37ea06f645649138323f1820e18bdee'],1.0,1.0,1.0,True,0.0,2048,False,1
"[""build"", ""test""]","[""test""]",0.7315037250518799,['8ee0611fbf0cd89abe7ae588f22e6ecb843598ea'],0.5,1.0,0.6666666666666666,False,0.1428571428571428,2048,False,1
"[""docs"", ""feat""]","[""docs""]",0.4424335956573486,['c2ee5cd5e709afd15c5565ee009a0d204403a119'],0.5,1.0,0.6666666666666666,False,0.1428571428571428,2048,False,1
"[""refactor""]","[""fix""]",0.4090390205383301,['d1d55e787b7d07f763852602b9939a5394607fd9'],0.0,0.0,0.0,False,0.2857142857142857,2048,False,1
"[""build""]","[""build""]",0.3957612514495849,['c55591ba157298a9c5816693c102a89dfd058830'],1.0,1.0,1.0,True,0.0,2048,False,1
"[""fix""]","[""fix""]",0.3128819465637207,['9be725fa3906323d4bc9788f54eccf74109d632b'],1.0,1.0,1.0,True,0.0,2048,False,1
"[""build""]","[""build""]",0.3886034488677978,['f00a4d3e307b89842250358ee432e6800bb24362'],1.0,1.0,1.0,True,0.0,2048,False,1
"[""feat"", ""docs""]","[""docs""]",0.4795918464660644,['036a0ff49a7dade0e04c9c07071a1ff49133ee24'],0.5,1.0,0.6666666666666666,False,0.1428571428571428,2048,False,1
"[""feat""]","[""docs""]",0.4021885395050049,['6d405dfc1675dcad64a2dfac0c0cb0fb28381d21'],0.0,0.0,0.0,False,0.2857142857142857,2048,False,1
"[""refactor""]","[""refactor""]",0.7032802104949951,['3cca5c314ad6feeffbfe1f14cf49ebd0fd9a95a2'],1.0,1.0,1.0,True,0.0,2048,False,1
"[""test""]","[""docs""]",0.3726265430450439,['af880ac5b4fecbc6c4f3d1eee0d95f326e8bd9d1'],0.0,0.0,0.0,False,0.2857142857142857,2048,False,1
"[""fix""]","[""fix""]",0.3170590400695801,['c8e0ae8612df3d6f2831acc004aaac332f6105e4'],1.0,1.0,1.0,True,0.0,2048,False,1
"[""refactor"", ""docs""]","[""refactor""]",0.6689894199371338,['771857b1df9470ebc15357e8879118a72c649d5b'],0.5,1.0,0.6666666666666666,False,0.1428571428571428,2048,False,1
"[""refactor""]","[""refactor""]",0.3437967300415039,['47ef9104e4a89e80d7cc6c1950bc080841da4a7b'],1.0,1.0,1.0,True,0.0,2048,False,1
"[""test""]","[""refactor""]",0.6165587902069092,['1db13ec43727aca872a0f3836e4023ed85db665e'],0.0,0.0,0.0,False,0.2857142857142857,2048,False,1
"[""refactor""]","[""fix""]",0.3480362892150879,['933ab6bb86372913c992567cf9660009900911a7'],0.0,0.0,0.0,False,0.2857142857142857,2048,False,1
"[""test""]","[""test""]",0.3465337753295898,['e2e8ad25854bd1e7cdbc7f50b50bbd99e04ad47d'],1.0,1.0,1.0,True,0.0,2048,False,1
"[""build""]","[""build""]",0.3989083766937256,['c44cf88a6ec54e5ddd99d8348bcc57b301ec7945'],1.0,1.0,1.0,True,0.0,2048,False,1
"[""ci""]","[""ci""]",0.3180189132690429,['e96487ad7ce90b141219d9032fa2bed68d5dae6a'],1.0,1.0,1.0,True,0.0,2048,False,1
"[""build""]","[""build""]",0.3735487461090088,['5b81fde8a72cf2e69a10e9f5c4f0bea0a2b8c3e0'],1.0,1.0,1.0,True,0.0,2048,False,1
"[""docs""]","[""docs""]",0.6795690059661865,['cb1f48b56ae0de93acb72e48726c7d610a1d538e'],1.0,1.0,1.0,True,0.0,2048,False,1
"[""refactor""]","[""fix""]",0.4788258075714111,['2561f4ade46fc9d59f289f328cc77733a6443697'],0.0,0.0,0.0,False,0.2857142857142857,2048,False,1
"[""refactor""]","[""fix""]",0.410015344619751,['06e2be4e2019b6fa714e1fcb34485860ef1ede79'],0.0,0.0,0.0,False,0.2857142857142857,2048,False,1
"[""refactor""]","[""refactor""]",0.3468847274780273,['36556bf8e0bce4ab6d26eafacbdad04d9614a5d7'],1.0,1.0,1.0,True,0.0,2048,False,1
"[""build""]","[""build""]",0.3743805885314941,['c323d59c607cabc91f17a78528d998f376f30b10'],1.0,1.0,1.0,True,0.0,2048,False,1
"[""build"", ""refactor""]","[""build""]",0.5389463901519775,['e4a11fd5c34942ba12737f1c8c084489428ee274'],0.5,1.0,0.6666666666666666,False,0.1428571428571428,2048,False,1
"[""feat"", ""refactor""]","[""refactor""]",0.5367984771728516,['63eab619e6166eb6cab948028a7b89bf059dd878'],0.5,1.0,0.6666666666666666,False,0.1428571428571428,2048,False,1
"[""docs""]","[""docs""]",0.3482630252838135,['a52a585d74894b3b4eeb8c784fa089ff95cddad0'],1.0,1.0,1.0,True,0.0,2048,False,1
"[""feat"", ""refactor""]","[""feat""]",0.5721390247344971,['b282e90e2cbb74559aab79eee8443a4d7c85502a'],0.5,1.0,0.6666666666666666,False,0.1428571428571428,2048,False,1
"[""feat"", ""test"", ""ci"", ""build"", ""docs""]","[""feat""]",0.7981662750244141,['f823cf28652987d43c8324b4f5b203240032383a'],0.2,1.0,0.3333333333333333,False,0.5714285714285714,2048,False,1
"[""refactor""]","[""fix""]",0.3740966320037842,['9ef5c0d14193a9abb09b39856f58477d1f4b0d77'],0.0,0.0,0.0,False,0.2857142857142857,2048,False,1
"[""feat"", ""refactor""]","[""feat""]",0.6127564907073975,['fd8e563cc19ca4684885d4692acee6bebcca4ada'],0.5,1.0,0.6666666666666666,False,0.1428571428571428,2048,False,1
"[""ci""]","[""ci""]",0.3899052143096924,['4cbbd2552ba0de273e1dfe7d453c5b3efed751a3'],1.0,1.0,1.0,True,0.0,2048,False,1
"[""ci"", ""test""]","[""ci""]",0.5859105587005615,['173553c0372e66e03bdab19e0e6c2dd44daa14a0'],0.5,1.0,0.6666666666666666,False,0.1428571428571428,2048,False,1
"[""ci"", ""build""]","[""ci""]",0.7160193920135498,['32845e1bbd1efb5dbc16f671049509a409ba25ce'],0.5,1.0,0.6666666666666666,False,0.1428571428571428,2048,False,1
"[""test""]","[""test""]",0.3711860179901123,['229b53a632ea97d47c4be11f096bdd828fb415d8'],1.0,1.0,1.0,True,0.0,2048,False,1
"[""feat"", ""refactor""]","[""refactor""]",0.4714610576629638,['2954a0955ce9af6acb345ed1e8328e145ad30475'],0.5,1.0,0.6666666666666666,False,0.1428571428571428,2048,False,1
"[""refactor"", ""docs""]","[""refactor""]",0.5050549507141113,['a62314d9bb632be6af026686615d14b912250512'],0.5,1.0,0.6666666666666666,False,0.1428571428571428,2048,False,1
"[""refactor""]","[""refactor""]",0.6514897346496582,['062daa45cbd5dba6e96e95d8cdcaee89ae30a83c'],1.0,1.0,1.0,True,0.0,2048,False,1
"[""test""]","[""test""]",0.3895521163940429,['bedc7950b24c37809e36a585b7985d5aa5e3e458'],1.0,1.0,1.0,True,0.0,2048,False,1
"[""feat"", ""refactor""]","[""feat""]",0.7919821739196777,['ded26d768ff432ad3bde3c0aa1e95ce50726100a'],0.5,1.0,0.6666666666666666,False,0.1428571428571428,2048,False,1
"[""ci"", ""test""]","[""test""]",0.5708844661712646,['e9617f0854030e70365eb264bcb3b58078e79e9e'],0.5,1.0,0.6666666666666666,False,0.1428571428571428,2048,False,1
"[""feat"", ""test"", ""ci"", ""build""]","[""feat""]",0.8800065517425537,['6ed56ce9ae743ba9a87e6c9643cc06b1de7b748d'],0.25,1.0,0.4,False,0.4285714285714285,2048,False,1
"[""docs""]","[""docs""]",0.3778872489929199,['e12d9e77a6fd531a22325337838a841b1c67f00d'],1.0,1.0,1.0,True,0.0,2048,False,1
"[""refactor"", ""ci"", ""test"", ""docs"", ""build""]","[""feat"", ""refactor""]",0.9531607627868652,"['fd8e563cc19ca4684885d4692acee6bebcca4ada', '36556bf8e0bce4ab6d26eafacbdad04d9614a5d7']",0.2,0.5,0.2857142857142857,False,0.7142857142857143,2048,False,2
"[""ci"", ""build""]","[""ci"", ""build""]",0.5688586235046387,"['45837af24a33308a70a3454f0f650f9fe728e272', '5b81fde8a72cf2e69a10e9f5c4f0bea0a2b8c3e0']",1.0,1.0,1.0,True,0.0,2048,False,2
"[""feat"", ""refactor"", ""test""]","[""refactor"", ""docs""]",0.6670033931732178,"['535708ae50aecb452560a23356fd396f99ef13a2', 'af880ac5b4fecbc6c4f3d1eee0d95f326e8bd9d1']",0.3333333333333333,0.5,0.4,False,0.4285714285714285,2048,False,2
"[""feat"", ""fix"", ""refactor"", ""docs"", ""test"", ""ci"", ""build""]","[""feat"", ""refactor""]",1.1707251071929932,"['68278b00450f2679761a2999500f6d87a579376b', '63eab619e6166eb6cab948028a7b89bf059dd878']",0.2857142857142857,1.0,0.4444444444444445,False,0.7142857142857143,2048,False,2
"[""ci"", ""test""]","[""ci"", ""test""]",0.5071046352386475,"['dbb537a26e388a8d7d17faf131abc30c2f7a84e6', 'f411e58cd510f8a2b980b2f1932003a0c0e9f8f3']",1.0,1.0,1.0,True,0.0,2048,False,2
"[""test"", ""ci""]","[""test"", ""ci""]",0.593571662902832,"['e2e8ad25854bd1e7cdbc7f50b50bbd99e04ad47d', 'c5fa7b80438fbd74f4c341f0d3c9bd9e0f4910da']",1.0,1.0,1.0,True,0.0,2048,False,2
"[""ci"", ""build""]","[""ci"", ""build""]",0.632279634475708,"['45837af24a33308a70a3454f0f650f9fe728e272', '1269431c8a3e7549f10fcbbb4b88ff625c8898b3']",1.0,1.0,1.0,True,0.0,2048,False,2
"[""feat"", ""refactor"", ""test""]","[""feat"", ""test""]",0.7682125568389893,"['1bcf88670b50155b50071e707f98f30cea0b7a24', 'f411e58cd510f8a2b980b2f1932003a0c0e9f8f3']",0.6666666666666666,1.0,0.8,False,0.1428571428571428,2048,False,2
"[""fix"", ""docs""]","[""fix"", ""docs""]",0.4435653686523437,"['9be725fa3906323d4bc9788f54eccf74109d632b', '0cfc5633d37ea06f645649138323f1820e18bdee']",1.0,1.0,1.0,True,0.0,2048,False,2
"[""refactor"", ""ci""]","[""fix"", ""ci""]",0.4510164260864258,"['9be725fa3906323d4bc9788f54eccf74109d632b', 'e96487ad7ce90b141219d9032fa2bed68d5dae6a']",0.5,0.5,0.5,False,0.2857142857142857,2048,False,2
"[""test"", ""ci"", ""refactor""]","[""build"", ""test""]",0.7936840057373047,"['1269431c8a3e7549f10fcbbb4b88ff625c8898b3', '317f4eefecddfb1392ca71d551840f446feee302']",0.3333333333333333,0.5,0.4,False,0.4285714285714285,2048,False,2
"[""ci"", ""docs""]","[""ci"", ""docs""]",0.4999699592590332,"['dbb537a26e388a8d7d17faf131abc30c2f7a84e6', '0cfc5633d37ea06f645649138323f1820e18bdee']",1.0,1.0,1.0,True,0.0,2048,False,2
"[""refactor"", ""build""]","[""refactor"", ""build""]",0.8260633945465088,"['3cca5c314ad6feeffbfe1f14cf49ebd0fd9a95a2', '454003841aabeb74396d73541378bfa59c75b5db']",1.0,1.0,1.0,True,0.0,2048,False,2
"[""refactor"", ""ci"", ""build"", ""test"", ""docs"", ""feat"", ""fix""]","[""fix"", ""refactor""]",1.2269785404205322,"['2561f4ade46fc9d59f289f328cc77733a6443697', '062daa45cbd5dba6e96e95d8cdcaee89ae30a83c']",0.2857142857142857,1.0,0.4444444444444445,False,0.7142857142857143,2048,False,2
"[""build"", ""ci""]","[""build"", ""ci""]",0.504509687423706,"['c44cf88a6ec54e5ddd99d8348bcc57b301ec7945', 'dbb537a26e388a8d7d17faf131abc30c2f7a84e6']",1.0,1.0,1.0,True,0.0,2048,False,2
"[""feat"", ""refactor"", ""test"", ""ci"", ""build"", ""docs""]","[""build"", ""refactor""]",1.030329942703247,"['32b92cfa0b74a6c25990e32ac6aab12b8496794c', '63eab619e6166eb6cab948028a7b89bf059dd878']",0.3333333333333333,1.0,0.5,False,0.5714285714285714,2048,False,2
"[""feat"", ""ci""]","[""feat"", ""docs""]",0.5017154216766357,"['dc5238b2bda98a7c4f2fe9584fc3b0191a408109', 'e12d9e77a6fd531a22325337838a841b1c67f00d']",0.5,0.5,0.5,False,0.2857142857142857,2048,False,2
"[""ci"", ""docs""]","[""ci"", ""docs""]",0.6398391723632812,"['32845e1bbd1efb5dbc16f671049509a409ba25ce', 'bf83c9155e9bee6925aa7102fab53fb803d52533']",1.0,1.0,1.0,True,0.0,2048,False,2
"[""feat"", ""test"", ""ci"", ""build""]","[""fix"", ""feat""]",0.8666207790374756,"['d129eaf9125a967ac86c6c7276bbae6b4d50af36', '6ed56ce9ae743ba9a87e6c9643cc06b1de7b748d']",0.25,0.5,0.3333333333333333,False,0.5714285714285714,2048,False,2
"[""feat"", ""ci""]","[""feat"", ""ci""]",0.6523354053497314,"['1bcf88670b50155b50071e707f98f30cea0b7a24', '74e9de5ec97dc013a52aa063dff0f40ac74c407b']",1.0,1.0,1.0,True,0.0,2048,False,2
"[""feat"", ""ci""]","[""docs"", ""ci""]",0.5376241207122803,"['036a0ff49a7dade0e04c9c07071a1ff49133ee24', '4cbbd2552ba0de273e1dfe7d453c5b3efed751a3']",0.5,0.5,0.5,False,0.2857142857142857,2048,False,2
"[""feat"", ""docs"", ""test"", ""ci"", ""build""]","[""test"", ""docs""]",1.113722324371338,"['e9617f0854030e70365eb264bcb3b58078e79e9e', 'cb1f48b56ae0de93acb72e48726c7d610a1d538e']",0.4,1.0,0.5714285714285715,False,0.4285714285714285,2048,False,2
"[""docs"", ""feat""]","[""docs"", ""feat""]",0.6240615844726562,"['aca23027da1295c78fdf42ba9687d8ccc88784d7', 'f823cf28652987d43c8324b4f5b203240032383a']",1.0,1.0,1.0,True,0.0,2048,False,2
"[""refactor"", ""test"", ""ci"", ""build"", ""docs"", ""feat"", ""fix""]","[""refactor"", ""fix""]",1.113907814025879,"['47ef9104e4a89e80d7cc6c1950bc080841da4a7b', '06e2be4e2019b6fa714e1fcb34485860ef1ede79']",0.2857142857142857,1.0,0.4444444444444445,False,0.7142857142857143,2048,False,2
"[""build"", ""ci""]","[""build"", ""ci""]",0.5228900909423828,"['5b81fde8a72cf2e69a10e9f5c4f0bea0a2b8c3e0', 'dbb537a26e388a8d7d17faf131abc30c2f7a84e6']",1.0,1.0,1.0,True,0.0,2048,False,2
"[""build"", ""refactor""]","[""build"", ""refactor""]",0.5405747890472412,"['5b81fde8a72cf2e69a10e9f5c4f0bea0a2b8c3e0', '36556bf8e0bce4ab6d26eafacbdad04d9614a5d7']",1.0,1.0,1.0,True,0.0,2048,False,2
"[""feat"", ""test""]","[""fix"", ""test""]",0.6267414093017578,"['9ef5c0d14193a9abb09b39856f58477d1f4b0d77', 'b7ce2894fd1794064bd6db4ed730bb6cb7728739']",0.5,0.5,0.5,False,0.2857142857142857,2048,False,2
"[""build"", ""docs"", ""test"", ""ci"", ""feat"", ""fix"", ""refactor""]","[""build"", ""docs""]",1.1031217575073242,"['c323d59c607cabc91f17a78528d998f376f30b10', 'c2ee5cd5e709afd15c5565ee009a0d204403a119']",0.2857142857142857,1.0,0.4444444444444445,False,0.7142857142857143,2048,False,2
"[""refactor"", ""ci""]","[""fix"", ""ci""]",0.465766429901123,"['9be725fa3906323d4bc9788f54eccf74109d632b', 'dbb537a26e388a8d7d17faf131abc30c2f7a84e6']",0.5,0.5,0.5,False,0.2857142857142857,2048,False,2
"[""refactor"", ""ci""]","[""fix"", ""ci""]",0.5958549976348877,"['9be725fa3906323d4bc9788f54eccf74109d632b', 'e7a67d88173566be3cd3aed7e9eeb7e29aabbc57']",0.5,0.5,0.5,False,0.2857142857142857,2048,False,2
"[""docs"", ""refactor""]","[""docs"", ""refactor""]",0.6388711929321289,"['c2ee5cd5e709afd15c5565ee009a0d204403a119', '062daa45cbd5dba6e96e95d8cdcaee89ae30a83c']",1.0,1.0,1.0,True,0.0,2048,False,2
"[""feat"", ""refactor""]","[""fix"", ""feat""]",0.6698029041290283,"['933ab6bb86372913c992567cf9660009900911a7', 'e137f9fdbdb6bf3f85c3f7ac9323785e445844c8']",0.5,0.5,0.5,False,0.2857142857142857,2048,False,2
"[""refactor"", ""build""]","[""fix"", ""build""]",0.5394141674041748,"['9be725fa3906323d4bc9788f54eccf74109d632b', 'c44cf88a6ec54e5ddd99d8348bcc57b301ec7945']",0.5,0.5,0.5,False,0.2857142857142857,2048,False,2
"[""ci"", ""test"", ""build""]","[""ci"", ""docs""]",0.7291524410247803,"['173553c0372e66e03bdab19e0e6c2dd44daa14a0', 'e12d9e77a6fd531a22325337838a841b1c67f00d']",0.3333333333333333,0.5,0.4,False,0.4285714285714285,2048,False,2
"[""ci"", ""feat""]","[""ci"", ""feat""]",0.5533313751220703,"['6c9cb638cb4d1ecc42632fcf389c24898c5b3244', 'f823cf28652987d43c8324b4f5b203240032383a']",1.0,1.0,1.0,True,0.0,2048,False,2
"[""ci"", ""docs"", ""test""]","[""ci"", ""docs""]",0.6921846866607666,"['74e9de5ec97dc013a52aa063dff0f40ac74c407b', 'c2ee5cd5e709afd15c5565ee009a0d204403a119']",0.6666666666666666,1.0,0.8,False,0.1428571428571428,2048,False,2
"[""test""]","[""test"", ""build""]",0.5128471851348877,"['317f4eefecddfb1392ca71d551840f446feee302', '5b81fde8a72cf2e69a10e9f5c4f0bea0a2b8c3e0']",1.0,0.5,0.6666666666666666,False,0.1428571428571428,2048,False,2
"[""feat"", ""docs"", ""test"", ""ci"", ""build""]","[""docs"", ""feat""]",0.8926689624786377,"['a52a585d74894b3b4eeb8c784fa089ff95cddad0', 'f823cf28652987d43c8324b4f5b203240032383a']",0.4,1.0,0.5714285714285715,False,0.4285714285714285,2048,False,2
"[""refactor"", ""build""]","[""refactor"", ""build""]",0.5208721160888672,"['47ef9104e4a89e80d7cc6c1950bc080841da4a7b', '5b81fde8a72cf2e69a10e9f5c4f0bea0a2b8c3e0']",1.0,1.0,1.0,True,0.0,2048,False,2
"[""feat"", ""refactor"", ""docs"", ""test"", ""ci"", ""build""]","[""feat"", ""refactor""]",1.2060134410858154,"['e137f9fdbdb6bf3f85c3f7ac9323785e445844c8', '771857b1df9470ebc15357e8879118a72c649d5b']",0.3333333333333333,1.0,0.5,False,0.5714285714285714,2048,False,2
"[""feat"", ""test"", ""refactor"", ""docs"", ""ci"", ""build""]","[""feat"", ""fix""]",1.0814778804779053,"['6ed56ce9ae743ba9a87e6c9643cc06b1de7b748d', 'd1d55e787b7d07f763852602b9939a5394607fd9']",0.1666666666666666,0.5,0.25,False,0.8571428571428571,2048,False,2
"[""build"", ""docs""]","[""build"", ""docs""]",0.5042409896850586,"['c323d59c607cabc91f17a78528d998f376f30b10', '0cfc5633d37ea06f645649138323f1820e18bdee']",1.0,1.0,1.0,True,0.0,2048,False,2
"[""feat"", ""build"", ""test"", ""refactor"", ""docs""]","[""test"", ""refactor""]",1.0107386112213137,"['8ee0611fbf0cd89abe7ae588f22e6ecb843598ea', '2954a0955ce9af6acb345ed1e8328e145ad30475']",0.4,1.0,0.5714285714285715,False,0.4285714285714285,2048,False,2
"[""refactor"", ""test""]","[""refactor"", ""fix""]",0.5315244197845459,"['36556bf8e0bce4ab6d26eafacbdad04d9614a5d7', 'c8e0ae8612df3d6f2831acc004aaac332f6105e4']",0.5,0.5,0.5,False,0.2857142857142857,2048,False,2
"[""ci"", ""build"", ""refactor""]","[""build"", ""ci""]",0.7989630699157715,"['e4a11fd5c34942ba12737f1c8c084489428ee274', '173553c0372e66e03bdab19e0e6c2dd44daa14a0']",0.6666666666666666,1.0,0.8,False,0.1428571428571428,2048,False,2
"[""refactor"", ""feat""]","[""fix"", ""feat""]",0.5643706321716309,"['c8e0ae8612df3d6f2831acc004aaac332f6105e4', 'f9a094918b62534614c47aa8a13f33aec751a1e0']",0.5,0.5,0.5,False,0.2857142857142857,2048,False,2
"[""fix"", ""refactor"", ""docs"", ""ci"", ""build""]","[""refactor"", ""docs""]",1.005324125289917,"['771857b1df9470ebc15357e8879118a72c649d5b', '0cfc5633d37ea06f645649138323f1820e18bdee']",0.4,1.0,0.5714285714285715,False,0.4285714285714285,2048,False,2
"[""feat"", ""test"", ""ci"", ""build"", ""docs"", ""refactor""]","[""feat"", ""fix""]",1.0963406562805176,"['6ed56ce9ae743ba9a87e6c9643cc06b1de7b748d', '87d5d4e55ab7149b593d29410f1fe426ba2447d4']",0.1666666666666666,0.5,0.25,False,0.8571428571428571,2048,False,2
"[""test"", ""refactor""]","[""refactor"", ""test""]",0.6983067989349365,"['1db13ec43727aca872a0f3836e4023ed85db665e', '229b53a632ea97d47c4be11f096bdd828fb415d8']",1.0,1.0,1.0,True,0.0,2048,False,2
"[""test"", ""feat""]","[""test"", ""refactor""]",0.7142214775085449,"['317f4eefecddfb1392ca71d551840f446feee302', '63eab619e6166eb6cab948028a7b89bf059dd878']",0.5,0.5,0.5,False,0.2857142857142857,2048,False,2
"[""refactor"", ""build""]","[""docs"", ""build""]",0.5663111209869385,"['e12d9e77a6fd531a22325337838a841b1c67f00d', 'c44cf88a6ec54e5ddd99d8348bcc57b301ec7945']",0.5,0.5,0.5,False,0.2857142857142857,2048,False,2
"[""test"", ""ci""]","[""refactor"", ""build""]",0.5747830867767334,"['1db13ec43727aca872a0f3836e4023ed85db665e', '32b92cfa0b74a6c25990e32ac6aab12b8496794c']",0.0,0.0,0.0,False,0.5714285714285714,2048,False,2
"[""docs"", ""refactor"", ""build""]","[""docs"", ""fix""]",0.718536376953125,"['c2ee5cd5e709afd15c5565ee009a0d204403a119', 'bed78248c941d57ad4cc20a455147e186e97c7a1']",0.3333333333333333,0.5,0.4,False,0.4285714285714285,2048,False,2
"[""docs"", ""ci"", ""build""]","[""docs"", ""ci""]",0.7229514122009277,"['bf83c9155e9bee6925aa7102fab53fb803d52533', '173553c0372e66e03bdab19e0e6c2dd44daa14a0']",0.6666666666666666,1.0,0.8,False,0.1428571428571428,2048,False,2
"[""refactor"", ""ci""]","[""refactor"", ""ci""]",0.5243434906005859,"['36556bf8e0bce4ab6d26eafacbdad04d9614a5d7', '74e9de5ec97dc013a52aa063dff0f40ac74c407b']",1.0,1.0,1.0,True,0.0,2048,False,2
"[""feat"", ""test"", ""ci"", ""refactor""]","[""test"", ""fix""]",0.8269479274749756,"['e9617f0854030e70365eb264bcb3b58078e79e9e', '87d5d4e55ab7149b593d29410f1fe426ba2447d4']",0.25,0.5,0.3333333333333333,False,0.5714285714285714,2048,False,2
"[""feat"", ""refactor""]","[""feat"", ""refactor""]",0.6628744602203369,"['e137f9fdbdb6bf3f85c3f7ac9323785e445844c8', '47ef9104e4a89e80d7cc6c1950bc080841da4a7b']",1.0,1.0,1.0,True,0.0,2048,False,2
"[""refactor"", ""ci""]","[""fix"", ""ci""]",0.605217456817627,"['2561f4ade46fc9d59f289f328cc77733a6443697', '74e9de5ec97dc013a52aa063dff0f40ac74c407b']",0.5,0.5,0.5,False,0.2857142857142857,2048,False,2
"[""build"", ""ci""]","[""build"", ""ci""]",0.4970402717590332,"['5b81fde8a72cf2e69a10e9f5c4f0bea0a2b8c3e0', 'e96487ad7ce90b141219d9032fa2bed68d5dae6a']",1.0,1.0,1.0,True,0.0,2048,False,2
[],"[""build"", ""test""]",708.152669429779,"['32b92cfa0b74a6c25990e32ac6aab12b8496794c', '8ee0611fbf0cd89abe7ae588f22e6ecb843598ea']",0.0,0.0,0.0,False,0.2857142857142857,2048,False,2
"[""test"", ""ci""]","[""refactor"", ""ci""]",0.6998069286346436,"['1db13ec43727aca872a0f3836e4023ed85db665e', '74e9de5ec97dc013a52aa063dff0f40ac74c407b']",0.5,0.5,0.5,False,0.2857142857142857,2048,False,2
"[""refactor"", ""build""]","[""fix"", ""build""]",0.6442186832427979,"['2561f4ade46fc9d59f289f328cc77733a6443697', 'c55591ba157298a9c5816693c102a89dfd058830']",0.5,0.5,0.5,False,0.2857142857142857,2048,False,2
"[""build"", ""test""]","[""build"", ""refactor""]",0.5751261711120605,"['5b81fde8a72cf2e69a10e9f5c4f0bea0a2b8c3e0', '1db13ec43727aca872a0f3836e4023ed85db665e']",0.5,0.5,0.5,False,0.2857142857142857,2048,False,2
"[""build"", ""test"", ""ci"", ""refactor""]","[""test"", ""ci""]",0.8883483409881592,"['8ee0611fbf0cd89abe7ae588f22e6ecb843598ea', 'e96487ad7ce90b141219d9032fa2bed68d5dae6a']",0.5,1.0,0.6666666666666666,False,0.2857142857142857,2048,False,2
"[""refactor"", ""test""]","[""test"", ""refactor""]",0.7183043956756592,"['bedc7950b24c37809e36a585b7985d5aa5e3e458', '062daa45cbd5dba6e96e95d8cdcaee89ae30a83c']",1.0,1.0,1.0,True,0.0,2048,False,2
"[""ci"", ""feat"", ""refactor""]","[""ci"", ""refactor""]",0.7876744270324707,"['74e9de5ec97dc013a52aa063dff0f40ac74c407b', '63eab619e6166eb6cab948028a7b89bf059dd878']",0.6666666666666666,1.0,0.8,False,0.1428571428571428,2048,False,2
"[""test""]","[""test"", ""docs""]",0.513275146484375,"['317f4eefecddfb1392ca71d551840f446feee302', 'af880ac5b4fecbc6c4f3d1eee0d95f326e8bd9d1']",1.0,0.5,0.6666666666666666,False,0.1428571428571428,2048,False,2
"[""feat"", ""fix""]","[""feat"", ""fix""]",0.5447757244110107,"['dc5238b2bda98a7c4f2fe9584fc3b0191a408109', '9ef5c0d14193a9abb09b39856f58477d1f4b0d77']",1.0,1.0,1.0,True,0.0,2048,False,2
"[""build"", ""ci"", ""docs"", ""feat"", ""fix"", ""refactor"", ""test""]","[""build"", ""docs""]",1.1017613410949707,"['e4a11fd5c34942ba12737f1c8c084489428ee274', 'e12d9e77a6fd531a22325337838a841b1c67f00d']",0.2857142857142857,1.0,0.4444444444444445,False,0.7142857142857143,2048,False,2
"[""feat"", ""test"", ""docs"", ""refactor"", ""ci"", ""build""]","[""feat"", ""refactor""]",1.1810693740844729,"['6ed56ce9ae743ba9a87e6c9643cc06b1de7b748d', '63eab619e6166eb6cab948028a7b89bf059dd878']",0.3333333333333333,1.0,0.5,False,0.5714285714285714,2048,False,2
"[""ci"", ""feat"", ""docs""]","[""ci"", ""fix"", ""docs""]",0.7256529331207275,"['dbb537a26e388a8d7d17faf131abc30c2f7a84e6', 'd129eaf9125a967ac86c6c7276bbae6b4d50af36', 'cb1f48b56ae0de93acb72e48726c7d610a1d538e']",0.6666666666666666,0.6666666666666666,0.6666666666666666,False,0.2857142857142857,2048,False,3
"[""refactor"", ""test"", ""ci"", ""build""]","[""fix"", ""refactor"", ""feat""]",0.9400644302368164,"['933ab6bb86372913c992567cf9660009900911a7', '3cca5c314ad6feeffbfe1f14cf49ebd0fd9a95a2', '6ed56ce9ae743ba9a87e6c9643cc06b1de7b748d']",0.25,0.3333333333333333,0.2857142857142857,False,0.7142857142857143,2048,False,3
"[""build"", ""refactor"", ""test"", ""ci""]","[""build"", ""feat"", ""ci""]",0.841705322265625,"['5b81fde8a72cf2e69a10e9f5c4f0bea0a2b8c3e0', 'e137f9fdbdb6bf3f85c3f7ac9323785e445844c8', '32845e1bbd1efb5dbc16f671049509a409ba25ce']",0.5,0.6666666666666666,0.5714285714285715,False,0.4285714285714285,2048,False,3
"[""ci"", ""feat"", ""refactor"", ""build""]","[""ci"", ""docs"", ""feat""]",0.9579362869262696,"['45837af24a33308a70a3454f0f650f9fe728e272', '6d405dfc1675dcad64a2dfac0c0cb0fb28381d21', 'f823cf28652987d43c8324b4f5b203240032383a']",0.5,0.6666666666666666,0.5714285714285715,False,0.4285714285714285,2048,False,3
"[""ci"", ""docs"", ""build""]","[""ci"", ""docs"", ""build""]",0.6367166042327881,"['6c9cb638cb4d1ecc42632fcf389c24898c5b3244', 'bf83c9155e9bee6925aa7102fab53fb803d52533', 'c323d59c607cabc91f17a78528d998f376f30b10']",1.0,1.0,1.0,True,0.0,2048,False,3
"[""test"", ""ci"", ""feat""]","[""test"", ""docs"", ""fix""]",0.6912310123443604,"['229b53a632ea97d47c4be11f096bdd828fb415d8', 'e12d9e77a6fd531a22325337838a841b1c67f00d', 'd129eaf9125a967ac86c6c7276bbae6b4d50af36']",0.3333333333333333,0.3333333333333333,0.3333333333333333,False,0.5714285714285714,2048,False,3
"[""feat"", ""docs"", ""refactor""]","[""feat"", ""docs"", ""refactor""]",0.7719008922576904,"['68278b00450f2679761a2999500f6d87a579376b', 'c2ee5cd5e709afd15c5565ee009a0d204403a119', '535708ae50aecb452560a23356fd396f99ef13a2']",1.0,1.0,1.0,True,0.0,2048,False,3
"[""fix"", ""ci"", ""test""]","[""docs"", ""ci"", ""test""]",0.6733589172363281,"['0cfc5633d37ea06f645649138323f1820e18bdee', '6c9cb638cb4d1ecc42632fcf389c24898c5b3244', 'f411e58cd510f8a2b980b2f1932003a0c0e9f8f3']",0.6666666666666666,0.6666666666666666,0.6666666666666666,False,0.2857142857142857,2048,False,3
"[""refactor"", ""build""]","[""build"", ""fix"", ""refactor""]",0.6122829914093018,"['1269431c8a3e7549f10fcbbb4b88ff625c8898b3', '933ab6bb86372913c992567cf9660009900911a7', '36556bf8e0bce4ab6d26eafacbdad04d9614a5d7']",1.0,0.6666666666666666,0.8,False,0.1428571428571428,2048,False,3
"[""test"", ""refactor"", ""docs""]","[""test"", ""fix"", ""docs""]",0.7192189693450928,"['c7b25726df94a2530c9b1c0d2b6a0acaa103822f', '933ab6bb86372913c992567cf9660009900911a7', 'c2ee5cd5e709afd15c5565ee009a0d204403a119']",0.6666666666666666,0.6666666666666666,0.6666666666666666,False,0.2857142857142857,2048,False,3
"[""refactor"", ""build"", ""docs"", ""test"", ""ci""]","[""build"", ""refactor"", ""fix""]",1.0414340496063232,"['32b92cfa0b74a6c25990e32ac6aab12b8496794c', '771857b1df9470ebc15357e8879118a72c649d5b', '06e2be4e2019b6fa714e1fcb34485860ef1ede79']",0.4,0.6666666666666666,0.5,False,0.5714285714285714,2048,False,3
"[""test"", ""ci""]","[""test"", ""docs"", ""build""]",0.5834565162658691,"['f411e58cd510f8a2b980b2f1932003a0c0e9f8f3', '036a0ff49a7dade0e04c9c07071a1ff49133ee24', 'c44cf88a6ec54e5ddd99d8348bcc57b301ec7945']",0.5,0.3333333333333333,0.4,False,0.4285714285714285,2048,False,3
"[""feat"", ""test"", ""docs"", ""build"", ""refactor""]","[""feat"", ""test"", ""refactor""]",1.007204532623291,"['6ed56ce9ae743ba9a87e6c9643cc06b1de7b748d', 'c7b25726df94a2530c9b1c0d2b6a0acaa103822f', '535708ae50aecb452560a23356fd396f99ef13a2']",0.6,1.0,0.7499999999999999,False,0.2857142857142857,2048,False,3
"[""feat"", ""refactor"", ""docs""]","[""docs"", ""feat"", ""fix""]",0.8010680675506592,"['6d405dfc1675dcad64a2dfac0c0cb0fb28381d21', 'ded26d768ff432ad3bde3c0aa1e95ce50726100a', 'd129eaf9125a967ac86c6c7276bbae6b4d50af36']",0.6666666666666666,0.6666666666666666,0.6666666666666666,False,0.2857142857142857,2048,False,3
"[""ci"", ""docs"", ""refactor""]","[""ci"", ""docs"", ""fix""]",0.8537149429321289,"['e7a67d88173566be3cd3aed7e9eeb7e29aabbc57', 'c2ee5cd5e709afd15c5565ee009a0d204403a119', 'bed78248c941d57ad4cc20a455147e186e97c7a1']",0.6666666666666666,0.6666666666666666,0.6666666666666666,False,0.2857142857142857,2048,False,3
"[""ci"", ""docs"", ""feat""]","[""ci"", ""docs"", ""fix""]",0.7431778907775879,"['74e9de5ec97dc013a52aa063dff0f40ac74c407b', 'aca23027da1295c78fdf42ba9687d8ccc88784d7', 'd129eaf9125a967ac86c6c7276bbae6b4d50af36']",0.6666666666666666,0.6666666666666666,0.6666666666666666,False,0.2857142857142857,2048,False,3
"[""test"", ""refactor"", ""build""]","[""test"", ""fix"", ""build""]",0.7701826095581055,"['c7b25726df94a2530c9b1c0d2b6a0acaa103822f', 'bed78248c941d57ad4cc20a455147e186e97c7a1', 'c55591ba157298a9c5816693c102a89dfd058830']",0.6666666666666666,0.6666666666666666,0.6666666666666666,False,0.2857142857142857,2048,False,3
"[""ci"", ""docs"", ""refactor""]","[""docs"", ""ci"", ""fix""]",0.8095765113830566,"['a52a585d74894b3b4eeb8c784fa089ff95cddad0', 'e7a67d88173566be3cd3aed7e9eeb7e29aabbc57', 'bed78248c941d57ad4cc20a455147e186e97c7a1']",0.6666666666666666,0.6666666666666666,0.6666666666666666,False,0.2857142857142857,2048,False,3
"[""build"", ""ci"", ""test""]","[""build"", ""ci"", ""test""]",0.658710241317749,"['f00a4d3e307b89842250358ee432e6800bb24362', '6c9cb638cb4d1ecc42632fcf389c24898c5b3244', 'c7b25726df94a2530c9b1c0d2b6a0acaa103822f']",1.0,1.0,1.0,True,0.0,2048,False,3
"[""feat"", ""refactor"", ""fix"", ""ci"", ""build"", ""test"", ""docs""]","[""refactor"", ""feat"", ""fix""]",1.1395249366760254,"['2954a0955ce9af6acb345ed1e8328e145ad30475', 'dc5238b2bda98a7c4f2fe9584fc3b0191a408109', '9ef5c0d14193a9abb09b39856f58477d1f4b0d77']",0.4285714285714285,1.0,0.6,False,0.5714285714285714,2048,False,3
"[""ci"", ""test"", ""refactor""]","[""ci"", ""test"", ""fix""]",0.721055269241333,"['4cbbd2552ba0de273e1dfe7d453c5b3efed751a3', 'f411e58cd510f8a2b980b2f1932003a0c0e9f8f3', '06e2be4e2019b6fa714e1fcb34485860ef1ede79']",0.6666666666666666,0.6666666666666666,0.6666666666666666,False,0.2857142857142857,2048,False,3
"[""feat"", ""refactor"", ""test"", ""ci"", ""build""]","[""feat"", ""refactor"", ""build""]",1.0734052658081057,"['b282e90e2cbb74559aab79eee8443a4d7c85502a', '1db13ec43727aca872a0f3836e4023ed85db665e', '37b1cbfd3d2c462ef4f2a131e4172c38dc8d9ddf']",0.6,1.0,0.7499999999999999,False,0.2857142857142857,2048,False,3
"[""feat"", ""refactor"", ""ci"", ""build""]","[""fix"", ""feat"", ""ci""]",0.9554109573364258,"['d129eaf9125a967ac86c6c7276bbae6b4d50af36', 'fd8e563cc19ca4684885d4692acee6bebcca4ada', '173553c0372e66e03bdab19e0e6c2dd44daa14a0']",0.5,0.6666666666666666,0.5714285714285715,False,0.4285714285714285,2048,False,3
"[""feat"", ""test""]","[""docs"", ""refactor"", ""test""]",0.6144657135009766,"['036a0ff49a7dade0e04c9c07071a1ff49133ee24', '63eab619e6166eb6cab948028a7b89bf059dd878', '229b53a632ea97d47c4be11f096bdd828fb415d8']",0.5,0.3333333333333333,0.4,False,0.4285714285714285,2048,False,3
"[""test"", ""ci"", ""feat""]","[""test"", ""ci"", ""feat""]",0.7994756698608398,"['c7b25726df94a2530c9b1c0d2b6a0acaa103822f', '32845e1bbd1efb5dbc16f671049509a409ba25ce', 'b282e90e2cbb74559aab79eee8443a4d7c85502a']",1.0,1.0,1.0,True,0.0,2048,False,3
"[""feat"", ""build"", ""refactor""]","[""feat"", ""build"", ""refactor""]",0.6862554550170898,"['f9a094918b62534614c47aa8a13f33aec751a1e0', '5b81fde8a72cf2e69a10e9f5c4f0bea0a2b8c3e0', '36556bf8e0bce4ab6d26eafacbdad04d9614a5d7']",1.0,1.0,1.0,True,0.0,2048,False,3
"[""feat"", ""refactor"", ""ci"", ""build""]","[""feat"", ""build"", ""docs""]",0.8757307529449463,"['e137f9fdbdb6bf3f85c3f7ac9323785e445844c8', '37b1cbfd3d2c462ef4f2a131e4172c38dc8d9ddf', 'e12d9e77a6fd531a22325337838a841b1c67f00d']",0.5,0.6666666666666666,0.5714285714285715,False,0.4285714285714285,2048,False,3
"[""build"", ""ci"", ""refactor""]","[""build"", ""refactor"", ""ci""]",0.6876826286315918,"['f00a4d3e307b89842250358ee432e6800bb24362', '36556bf8e0bce4ab6d26eafacbdad04d9614a5d7', '4cbbd2552ba0de273e1dfe7d453c5b3efed751a3']",1.0,1.0,1.0,True,0.0,2048,False,3
"[""feat"", ""docs"", ""ci"", ""build""]","[""docs"", ""ci"", ""build""]",0.8616597652435303,"['cb1f48b56ae0de93acb72e48726c7d610a1d538e', 'e96487ad7ce90b141219d9032fa2bed68d5dae6a', '454003841aabeb74396d73541378bfa59c75b5db']",0.75,1.0,0.8571428571428571,False,0.1428571428571428,2048,False,3
"[""feat"", ""test"", ""build"", ""ci""]","[""fix"", ""test"", ""build""]",0.790663480758667,"['d129eaf9125a967ac86c6c7276bbae6b4d50af36', 'e2e8ad25854bd1e7cdbc7f50b50bbd99e04ad47d', '1269431c8a3e7549f10fcbbb4b88ff625c8898b3']",0.5,0.6666666666666666,0.5714285714285715,False,0.4285714285714285,2048,False,3
"[""feat"", ""docs"", ""refactor"", ""ci"", ""build"", ""test""]","[""refactor"", ""docs"", ""feat""]",0.9884130954742432,"['2954a0955ce9af6acb345ed1e8328e145ad30475', 'a52a585d74894b3b4eeb8c784fa089ff95cddad0', 'b282e90e2cbb74559aab79eee8443a4d7c85502a']",0.5,1.0,0.6666666666666666,False,0.4285714285714285,2048,False,3
"[""docs"", ""test""]","[""docs"", ""refactor"", ""test""]",0.6753377914428711,"['0cfc5633d37ea06f645649138323f1820e18bdee', '1db13ec43727aca872a0f3836e4023ed85db665e', 'bedc7950b24c37809e36a585b7985d5aa5e3e458']",1.0,0.6666666666666666,0.8,False,0.1428571428571428,2048,False,3
"[""fix"", ""docs"", ""test""]","[""fix"", ""docs"", ""test""]",0.5940003395080566,"['933ab6bb86372913c992567cf9660009900911a7', '0cfc5633d37ea06f645649138323f1820e18bdee', 'c7b25726df94a2530c9b1c0d2b6a0acaa103822f']",1.0,1.0,1.0,True,0.0,2048,False,3
"[""refactor"", ""ci"", ""test""]","[""refactor"", ""ci"", ""test""]",0.7022182941436768,"['36556bf8e0bce4ab6d26eafacbdad04d9614a5d7', '6c9cb638cb4d1ecc42632fcf389c24898c5b3244', '229b53a632ea97d47c4be11f096bdd828fb415d8']",1.0,1.0,1.0,True,0.0,2048,False,3
"[""ci"", ""test"", ""docs""]","[""ci"", ""test"", ""docs""]",0.7774534225463867,"['c5fa7b80438fbd74f4c341f0d3c9bd9e0f4910da', '229b53a632ea97d47c4be11f096bdd828fb415d8', 'aca23027da1295c78fdf42ba9687d8ccc88784d7']",1.0,1.0,1.0,True,0.0,2048,False,3
"[""feat"", ""refactor"", ""docs"", ""test"", ""ci"", ""build""]","[""feat"", ""docs"", ""fix""]",1.112698316574097,"['f823cf28652987d43c8324b4f5b203240032383a', '0cfc5633d37ea06f645649138323f1820e18bdee', '9ef5c0d14193a9abb09b39856f58477d1f4b0d77']",0.3333333333333333,0.6666666666666666,0.4444444444444444,False,0.7142857142857143,2048,False,3
"[""test"", ""build""]","[""test"", ""fix"", ""build""]",0.6511754989624023,"['317f4eefecddfb1392ca71d551840f446feee302', '06e2be4e2019b6fa714e1fcb34485860ef1ede79', 'c55591ba157298a9c5816693c102a89dfd058830']",1.0,0.6666666666666666,0.8,False,0.1428571428571428,2048,False,3
"[""feat"", ""refactor"", ""docs"", ""ci"", ""build"", ""test""]","[""feat"", ""docs"", ""refactor""]",1.0691146850585938,"['e137f9fdbdb6bf3f85c3f7ac9323785e445844c8', 'bf83c9155e9bee6925aa7102fab53fb803d52533', '36556bf8e0bce4ab6d26eafacbdad04d9614a5d7']",0.5,1.0,0.6666666666666666,False,0.4285714285714285,2048,False,3
"[""feat"", ""ci"", ""build""]","[""fix"", ""ci"", ""build""]",0.6746361255645752,"['d129eaf9125a967ac86c6c7276bbae6b4d50af36', '6c9cb638cb4d1ecc42632fcf389c24898c5b3244', 'c44cf88a6ec54e5ddd99d8348bcc57b301ec7945']",0.6666666666666666,0.6666666666666666,0.6666666666666666,False,0.2857142857142857,2048,False,3
"[""feat"", ""refactor"", ""docs""]","[""fix"", ""refactor"", ""docs""]",0.7548089027404785,"['2561f4ade46fc9d59f289f328cc77733a6443697', '2954a0955ce9af6acb345ed1e8328e145ad30475', 'a52a585d74894b3b4eeb8c784fa089ff95cddad0']",0.6666666666666666,0.6666666666666666,0.6666666666666666,False,0.2857142857142857,2048,False,3
"[""build"", ""refactor""]","[""build"", ""feat"", ""fix""]",0.5879001617431641,"['c55591ba157298a9c5816693c102a89dfd058830', 'dc5238b2bda98a7c4f2fe9584fc3b0191a408109', '9be725fa3906323d4bc9788f54eccf74109d632b']",0.5,0.3333333333333333,0.4,False,0.4285714285714285,2048,False,3
"[""test"", ""refactor""]","[""test"", ""refactor"", ""feat""]",0.6496114730834961,"['229b53a632ea97d47c4be11f096bdd828fb415d8', '36556bf8e0bce4ab6d26eafacbdad04d9614a5d7', 'ded26d768ff432ad3bde3c0aa1e95ce50726100a']",1.0,0.6666666666666666,0.8,False,0.1428571428571428,2048,False,3
"[""test"", ""ci"", ""build""]","[""test"", ""build"", ""ci""]",0.7577753067016602,"['e0198f74b81da3663144cfe1d971939319f82a0f', 'c55591ba157298a9c5816693c102a89dfd058830', 'e7a67d88173566be3cd3aed7e9eeb7e29aabbc57']",1.0,1.0,1.0,True,0.0,2048,False,3
"[""test"", ""refactor"", ""docs""]","[""test"", ""fix"", ""docs""]",0.7787392139434814,"['bedc7950b24c37809e36a585b7985d5aa5e3e458', '933ab6bb86372913c992567cf9660009900911a7', '6d405dfc1675dcad64a2dfac0c0cb0fb28381d21']",0.6666666666666666,0.6666666666666666,0.6666666666666666,False,0.2857142857142857,2048,False,3
"[""feat"", ""test"", ""refactor"", ""ci"", ""build"", ""docs""]","[""fix"", ""build"", ""test""]",1.0629725456237793,"['d129eaf9125a967ac86c6c7276bbae6b4d50af36', '32b92cfa0b74a6c25990e32ac6aab12b8496794c', '317f4eefecddfb1392ca71d551840f446feee302']",0.3333333333333333,0.6666666666666666,0.4444444444444444,False,0.7142857142857143,2048,False,3
"[""feat"", ""refactor"", ""ci"", ""build"", ""test""]","[""feat"", ""fix"", ""ci""]",1.015885829925537,"['f823cf28652987d43c8324b4f5b203240032383a', '9be725fa3906323d4bc9788f54eccf74109d632b', '32845e1bbd1efb5dbc16f671049509a409ba25ce']",0.4,0.6666666666666666,0.5,False,0.5714285714285714,2048,False,3
"[""refactor"", ""ci""]","[""fix"", ""docs"", ""build""]",0.6694183349609375,"['9ef5c0d14193a9abb09b39856f58477d1f4b0d77', 'a52a585d74894b3b4eeb8c784fa089ff95cddad0', '37b1cbfd3d2c462ef4f2a131e4172c38dc8d9ddf']",0.0,0.0,0.0,False,0.7142857142857143,2048,False,3
"[""feat"", ""ci"", ""docs""]","[""fix"", ""ci"", ""docs""]",0.6889595985412598,"['87d5d4e55ab7149b593d29410f1fe426ba2447d4', '4cbbd2552ba0de273e1dfe7d453c5b3efed751a3', '6d405dfc1675dcad64a2dfac0c0cb0fb28381d21']",0.6666666666666666,0.6666666666666666,0.6666666666666666,False,0.2857142857142857,2048,False,3
"[""feat"", ""docs"", ""refactor"", ""build""]","[""feat"", ""docs"", ""fix""]",0.991849422454834,"['fd8e563cc19ca4684885d4692acee6bebcca4ada', 'cb1f48b56ae0de93acb72e48726c7d610a1d538e', 'bed78248c941d57ad4cc20a455147e186e97c7a1']",0.5,0.6666666666666666,0.5714285714285715,False,0.4285714285714285,2048,False,3
"[""feat"", ""refactor"", ""ci"", ""build"", ""test"", ""docs""]","[""feat"", ""fix"", ""refactor""]",1.1615171432495115,"['1bcf88670b50155b50071e707f98f30cea0b7a24', '9ef5c0d14193a9abb09b39856f58477d1f4b0d77', '062daa45cbd5dba6e96e95d8cdcaee89ae30a83c']",0.3333333333333333,0.6666666666666666,0.4444444444444444,False,0.7142857142857143,2048,False,3
"[""refactor"", ""docs"", ""test"", ""build"", ""feat""]","[""fix"", ""docs"", ""test""]",1.012437105178833,"['bed78248c941d57ad4cc20a455147e186e97c7a1', 'a52a585d74894b3b4eeb8c784fa089ff95cddad0', 'e9617f0854030e70365eb264bcb3b58078e79e9e']",0.4,0.6666666666666666,0.5,False,0.5714285714285714,2048,False,3
"[""docs"", ""ci"", ""refactor""]","[""docs"", ""ci"", ""feat""]",0.774716854095459,"['c2ee5cd5e709afd15c5565ee009a0d204403a119', 'dbb537a26e388a8d7d17faf131abc30c2f7a84e6', 'ded26d768ff432ad3bde3c0aa1e95ce50726100a']",0.6666666666666666,0.6666666666666666,0.6666666666666666,False,0.2857142857142857,2048,False,3
"[""build"", ""ci"", ""refactor""]","[""build"", ""ci"", ""refactor""]",0.8039538860321045,"['454003841aabeb74396d73541378bfa59c75b5db', 'dbb537a26e388a8d7d17faf131abc30c2f7a84e6', '062daa45cbd5dba6e96e95d8cdcaee89ae30a83c']",1.0,1.0,1.0,True,0.0,2048,False,3
"[""feat"", ""test"", ""refactor"", ""ci"", ""build"", ""docs""]","[""feat"", ""fix"", ""test""]",1.1179962158203125,"['fd8e563cc19ca4684885d4692acee6bebcca4ada', 'd1d55e787b7d07f763852602b9939a5394607fd9', 'b7ce2894fd1794064bd6db4ed730bb6cb7728739']",0.3333333333333333,0.6666666666666666,0.4444444444444444,False,0.7142857142857143,2048,False,3
"[""docs"", ""test"", ""ci"", ""build""]","[""docs"", ""test"", ""build""]",0.8442018032073975,"['bf83c9155e9bee6925aa7102fab53fb803d52533', 'b7ce2894fd1794064bd6db4ed730bb6cb7728739', '37b1cbfd3d2c462ef4f2a131e4172c38dc8d9ddf']",0.75,1.0,0.8571428571428571,False,0.1428571428571428,2048,False,3
"[""feat"", ""test"", ""ci"", ""build""]","[""fix"", ""ci"", ""test""]",0.9207587242126464,"['d129eaf9125a967ac86c6c7276bbae6b4d50af36', 'e7a67d88173566be3cd3aed7e9eeb7e29aabbc57', '317f4eefecddfb1392ca71d551840f446feee302']",0.5,0.6666666666666666,0.5714285714285715,False,0.4285714285714285,2048,False,3
"[""docs"", ""ci"", ""refactor""]","[""docs"", ""fix"", ""ci""]",0.7030832767486572,"['c2ee5cd5e709afd15c5565ee009a0d204403a119', 'd1d55e787b7d07f763852602b9939a5394607fd9', '6c9cb638cb4d1ecc42632fcf389c24898c5b3244']",0.6666666666666666,0.6666666666666666,0.6666666666666666,False,0.2857142857142857,2048,False,3
"[""ci"", ""refactor""]","[""ci"", ""fix"", ""docs""]",0.569037914276123,"['dbb537a26e388a8d7d17faf131abc30c2f7a84e6', 'c8e0ae8612df3d6f2831acc004aaac332f6105e4', 'e12d9e77a6fd531a22325337838a841b1c67f00d']",0.5,0.3333333333333333,0.4,False,0.4285714285714285,2048,False,3
"[""build"", ""docs"", ""feat"", ""refactor""]","[""build"", ""docs"", ""refactor""]",0.7916457653045654,"['c55591ba157298a9c5816693c102a89dfd058830', 'c2ee5cd5e709afd15c5565ee009a0d204403a119', 'a62314d9bb632be6af026686615d14b912250512']",0.75,1.0,0.8571428571428571,False,0.1428571428571428,2048,False,3
"[""refactor"", ""build"", ""ci"", ""test"", ""docs""]","[""fix"", ""build"", ""refactor""]",0.9320895671844482,"['d1d55e787b7d07f763852602b9939a5394607fd9', '32b92cfa0b74a6c25990e32ac6aab12b8496794c', '062daa45cbd5dba6e96e95d8cdcaee89ae30a83c']",0.4,0.6666666666666666,0.5,False,0.5714285714285714,2048,False,3
"[""test"", ""ci"", ""refactor""]","[""test"", ""docs"", ""build""]",0.7236595153808594,"['f411e58cd510f8a2b980b2f1932003a0c0e9f8f3', 'af880ac5b4fecbc6c4f3d1eee0d95f326e8bd9d1', '1269431c8a3e7549f10fcbbb4b88ff625c8898b3']",0.3333333333333333,0.3333333333333333,0.3333333333333333,False,0.5714285714285714,2048,False,3
"[""feat"", ""test""]","[""feat"", ""fix"", ""test""]",0.6161313056945801,"['f9a094918b62534614c47aa8a13f33aec751a1e0', '87d5d4e55ab7149b593d29410f1fe426ba2447d4', '317f4eefecddfb1392ca71d551840f446feee302']",1.0,0.6666666666666666,0.8,False,0.1428571428571428,2048,False,3
"[""test"", ""feat"", ""build""]","[""test"", ""fix"", ""feat""]",0.7422261238098145,"['229b53a632ea97d47c4be11f096bdd828fb415d8', 'c8e0ae8612df3d6f2831acc004aaac332f6105e4', 'f823cf28652987d43c8324b4f5b203240032383a']",0.6666666666666666,0.6666666666666666,0.6666666666666666,False,0.2857142857142857,2048,False,3
"[""feat"", ""refactor"", ""test""]","[""feat"", ""fix"", ""docs""]",0.6649529933929443,"['dc5238b2bda98a7c4f2fe9584fc3b0191a408109', '06e2be4e2019b6fa714e1fcb34485860ef1ede79', 'af880ac5b4fecbc6c4f3d1eee0d95f326e8bd9d1']",0.3333333333333333,0.3333333333333333,0.3333333333333333,False,0.5714285714285714,2048,False,3
"[""ci"", ""test"", ""refactor""]","[""ci"", ""docs"", ""test""]",0.767080545425415,"['173553c0372e66e03bdab19e0e6c2dd44daa14a0', 'e12d9e77a6fd531a22325337838a841b1c67f00d', 'c7b25726df94a2530c9b1c0d2b6a0acaa103822f']",0.6666666666666666,0.6666666666666666,0.6666666666666666,False,0.2857142857142857,2048,False,3
"[""ci"", ""refactor""]","[""ci"", ""fix"", ""docs""]",0.6405987739562988,"['dbb537a26e388a8d7d17faf131abc30c2f7a84e6', '2561f4ade46fc9d59f289f328cc77733a6443697', 'e12d9e77a6fd531a22325337838a841b1c67f00d']",0.5,0.3333333333333333,0.4,False,0.4285714285714285,2048,False,3
"[""feat"", ""refactor"", ""test""]","[""feat"", ""fix"", ""test""]",0.7735645771026611,"['f823cf28652987d43c8324b4f5b203240032383a', '9ef5c0d14193a9abb09b39856f58477d1f4b0d77', '229b53a632ea97d47c4be11f096bdd828fb415d8']",0.6666666666666666,0.6666666666666666,0.6666666666666666,False,0.2857142857142857,2048,False,3
"[""feat"", ""ci"", ""test"", ""docs"", ""build"", ""refactor""]","[""docs"", ""ci"", ""feat""]",1.1847748756408691,"['6d405dfc1675dcad64a2dfac0c0cb0fb28381d21', '173553c0372e66e03bdab19e0e6c2dd44daa14a0', 'b282e90e2cbb74559aab79eee8443a4d7c85502a']",0.5,1.0,0.6666666666666666,False,0.4285714285714285,2048,False,3
"[""ci"", ""refactor""]","[""ci"", ""docs"", ""build""]",0.6694526672363281,"['c5fa7b80438fbd74f4c341f0d3c9bd9e0f4910da', '036a0ff49a7dade0e04c9c07071a1ff49133ee24', 'c44cf88a6ec54e5ddd99d8348bcc57b301ec7945']",0.5,0.3333333333333333,0.4,False,0.4285714285714285,2048,False,3
"[""ci"", ""feat"", ""build""]","[""ci"", ""feat"", ""build""]",0.8446919918060303,"['32845e1bbd1efb5dbc16f671049509a409ba25ce', 'b282e90e2cbb74559aab79eee8443a4d7c85502a', '37b1cbfd3d2c462ef4f2a131e4172c38dc8d9ddf']",1.0,1.0,1.0,True,0.0,2048,False,3
"[""test"", ""feat"", ""build""]","[""test"", ""build"", ""fix"", ""feat""]",0.7443106174468994,"['e0198f74b81da3663144cfe1d971939319f82a0f', 'f00a4d3e307b89842250358ee432e6800bb24362', 'd129eaf9125a967ac86c6c7276bbae6b4d50af36', 'dc5238b2bda98a7c4f2fe9584fc3b0191a408109']",1.0,0.75,0.8571428571428571,False,0.1428571428571428,2048,False,4
"[""ci"", ""test"", ""refactor""]","[""ci"", ""build"", ""test"", ""docs""]",0.795792818069458,"['c5fa7b80438fbd74f4c341f0d3c9bd9e0f4910da', '1269431c8a3e7549f10fcbbb4b88ff625c8898b3', 'e2e8ad25854bd1e7cdbc7f50b50bbd99e04ad47d', '036a0ff49a7dade0e04c9c07071a1ff49133ee24']",0.6666666666666666,0.5,0.5714285714285715,False,0.4285714285714285,2048,False,4
"[""refactor"", ""docs"", ""test""]","[""refactor"", ""feat"", ""docs"", ""test""]",0.7615163326263428,"['3cca5c314ad6feeffbfe1f14cf49ebd0fd9a95a2', 'dc5238b2bda98a7c4f2fe9584fc3b0191a408109', 'aca23027da1295c78fdf42ba9687d8ccc88784d7', '229b53a632ea97d47c4be11f096bdd828fb415d8']",1.0,0.75,0.8571428571428571,False,0.1428571428571428,2048,False,4
"[""feat"", ""refactor"", ""build"", ""test""]","[""fix"", ""test"", ""build"", ""refactor""]",0.9369101524353028,"['d1d55e787b7d07f763852602b9939a5394607fd9', 'bedc7950b24c37809e36a585b7985d5aa5e3e458', 'c55591ba157298a9c5816693c102a89dfd058830', '535708ae50aecb452560a23356fd396f99ef13a2']",0.75,0.75,0.75,False,0.2857142857142857,2048,False,4
"[""ci"", ""docs"", ""refactor"", ""build""]","[""docs"", ""build"", ""ci"", ""feat""]",0.8924946784973145,"['a52a585d74894b3b4eeb8c784fa089ff95cddad0', '1269431c8a3e7549f10fcbbb4b88ff625c8898b3', '45837af24a33308a70a3454f0f650f9fe728e272', 'e137f9fdbdb6bf3f85c3f7ac9323785e445844c8']",0.75,0.75,0.75,False,0.2857142857142857,2048,False,4
"[""ci"", ""test"", ""docs"", ""refactor"", ""feat""]","[""test"", ""fix"", ""refactor"", ""ci""]",1.084723711013794,"['e9617f0854030e70365eb264bcb3b58078e79e9e', 'bed78248c941d57ad4cc20a455147e186e97c7a1', '535708ae50aecb452560a23356fd396f99ef13a2', 'c5fa7b80438fbd74f4c341f0d3c9bd9e0f4910da']",0.6,0.75,0.6666666666666665,False,0.4285714285714285,2048,False,4
"[""ci"", ""feat"", ""refactor"", ""build""]","[""ci"", ""fix"", ""feat"", ""refactor""]",0.9815230369567872,"['e7a67d88173566be3cd3aed7e9eeb7e29aabbc57', 'bed78248c941d57ad4cc20a455147e186e97c7a1', 'f823cf28652987d43c8324b4f5b203240032383a', '2954a0955ce9af6acb345ed1e8328e145ad30475']",0.75,0.75,0.75,False,0.2857142857142857,2048,False,4
"[""docs"", ""ci"", ""test"", ""build""]","[""docs"", ""ci"", ""test"", ""refactor""]",0.9547650814056396,"['aca23027da1295c78fdf42ba9687d8ccc88784d7', '74e9de5ec97dc013a52aa063dff0f40ac74c407b', '317f4eefecddfb1392ca71d551840f446feee302', '3cca5c314ad6feeffbfe1f14cf49ebd0fd9a95a2']",0.75,0.75,0.75,False,0.2857142857142857,2048,False,4
"[""refactor"", ""ci"", ""docs""]","[""fix"", ""feat"", ""build"", ""docs""]",0.75728440284729,"['9be725fa3906323d4bc9788f54eccf74109d632b', 'e137f9fdbdb6bf3f85c3f7ac9323785e445844c8', 'c323d59c607cabc91f17a78528d998f376f30b10', '0cfc5633d37ea06f645649138323f1820e18bdee']",0.3333333333333333,0.25,0.2857142857142857,False,0.7142857142857143,2048,False,4
"[""docs"", ""feat"", ""fix"", ""refactor"", ""test""]","[""docs"", ""feat"", ""test"", ""fix""]",1.0003139972686768,"['0cfc5633d37ea06f645649138323f1820e18bdee', '1bcf88670b50155b50071e707f98f30cea0b7a24', '229b53a632ea97d47c4be11f096bdd828fb415d8', '87d5d4e55ab7149b593d29410f1fe426ba2447d4']",0.8,1.0,0.888888888888889,False,0.1428571428571428,2048,False,4
"[""build"", ""ci"", ""refactor"", ""test""]","[""build"", ""refactor"", ""test"", ""ci""]",0.8734204769134521,"['c55591ba157298a9c5816693c102a89dfd058830', '062daa45cbd5dba6e96e95d8cdcaee89ae30a83c', 'c7b25726df94a2530c9b1c0d2b6a0acaa103822f', 'dbb537a26e388a8d7d17faf131abc30c2f7a84e6']",1.0,1.0,1.0,True,0.0,2048,False,4
"[""feat"", ""test"", ""refactor"", ""ci"", ""build""]","[""feat"", ""fix"", ""test"", ""refactor""]",0.9178416728973388,"['dc5238b2bda98a7c4f2fe9584fc3b0191a408109', 'c8e0ae8612df3d6f2831acc004aaac332f6105e4', 'f411e58cd510f8a2b980b2f1932003a0c0e9f8f3', '47ef9104e4a89e80d7cc6c1950bc080841da4a7b']",0.6,0.75,0.6666666666666665,False,0.4285714285714285,2048,False,4
"[""feat"", ""refactor"", ""docs"", ""ci"", ""test""]","[""refactor"", ""docs"", ""test"", ""ci""]",1.0440068244934082,"['63eab619e6166eb6cab948028a7b89bf059dd878', 'aca23027da1295c78fdf42ba9687d8ccc88784d7', 'f411e58cd510f8a2b980b2f1932003a0c0e9f8f3', 'e7a67d88173566be3cd3aed7e9eeb7e29aabbc57']",0.8,1.0,0.888888888888889,False,0.1428571428571428,2048,False,4
"[""docs"", ""refactor"", ""test"", ""build"", ""ci"", ""feat"", ""fix""]","[""docs"", ""refactor"", ""test"", ""fix""]",1.2597544193267822,"['aca23027da1295c78fdf42ba9687d8ccc88784d7', '062daa45cbd5dba6e96e95d8cdcaee89ae30a83c', 'b7ce2894fd1794064bd6db4ed730bb6cb7728739', '06e2be4e2019b6fa714e1fcb34485860ef1ede79']",0.5714285714285714,1.0,0.7272727272727273,False,0.4285714285714285,2048,False,4
"[""test"", ""ci"", ""docs""]","[""test"", ""docs"", ""build"", ""ci""]",0.815983772277832,"['317f4eefecddfb1392ca71d551840f446feee302', 'aca23027da1295c78fdf42ba9687d8ccc88784d7', 'f00a4d3e307b89842250358ee432e6800bb24362', '32845e1bbd1efb5dbc16f671049509a409ba25ce']",1.0,0.75,0.8571428571428571,False,0.1428571428571428,2048,False,4
"[""refactor"", ""test"", ""ci"", ""build"", ""docs""]","[""fix"", ""refactor"", ""docs"", ""test""]",0.9390723705291748,"['933ab6bb86372913c992567cf9660009900911a7', '3cca5c314ad6feeffbfe1f14cf49ebd0fd9a95a2', 'a52a585d74894b3b4eeb8c784fa089ff95cddad0', '229b53a632ea97d47c4be11f096bdd828fb415d8']",0.6,0.75,0.6666666666666665,False,0.4285714285714285,2048,False,4
"[""feat"", ""refactor"", ""ci"", ""docs"", ""build""]","[""refactor"", ""ci"", ""docs"", ""build""]",1.0021839141845703,"['63eab619e6166eb6cab948028a7b89bf059dd878', '6c9cb638cb4d1ecc42632fcf389c24898c5b3244', 'a52a585d74894b3b4eeb8c784fa089ff95cddad0', 'c55591ba157298a9c5816693c102a89dfd058830']",0.8,1.0,0.888888888888889,False,0.1428571428571428,2048,False,4
"[""ci"", ""build"", ""test"", ""refactor"", ""fix""]","[""ci"", ""build"", ""test"", ""fix""]",1.0669093132019043,"['173553c0372e66e03bdab19e0e6c2dd44daa14a0', 'c55591ba157298a9c5816693c102a89dfd058830', '8ee0611fbf0cd89abe7ae588f22e6ecb843598ea', '87d5d4e55ab7149b593d29410f1fe426ba2447d4']",0.8,1.0,0.888888888888889,False,0.1428571428571428,2048,False,4
"[""ci"", ""build"", ""refactor""]","[""ci"", ""build"", ""feat"", ""fix""]",0.8018794059753418,"['32845e1bbd1efb5dbc16f671049509a409ba25ce', '32b92cfa0b74a6c25990e32ac6aab12b8496794c', 'fd8e563cc19ca4684885d4692acee6bebcca4ada', '933ab6bb86372913c992567cf9660009900911a7']",0.6666666666666666,0.5,0.5714285714285715,False,0.4285714285714285,2048,False,4
"[""test"", ""build""]","[""test"", ""build"", ""fix"", ""feat""]",0.7405691146850586,"['317f4eefecddfb1392ca71d551840f446feee302', '454003841aabeb74396d73541378bfa59c75b5db', '933ab6bb86372913c992567cf9660009900911a7', '6ed56ce9ae743ba9a87e6c9643cc06b1de7b748d']",1.0,0.5,0.6666666666666666,False,0.2857142857142857,2048,False,4
"[""feat"", ""docs"", ""test"", ""refactor"", ""ci"", ""build""]","[""fix"", ""docs"", ""test"", ""refactor""]",1.10809326171875,"['d1d55e787b7d07f763852602b9939a5394607fd9', '6d405dfc1675dcad64a2dfac0c0cb0fb28381d21', 'e0198f74b81da3663144cfe1d971939319f82a0f', '36556bf8e0bce4ab6d26eafacbdad04d9614a5d7']",0.5,0.75,0.6,False,0.5714285714285714,2048,False,4
"[""ci"", ""docs"", ""feat"", ""refactor"", ""test""]","[""ci"", ""docs"", ""build"", ""feat""]",1.051452875137329,"['e7a67d88173566be3cd3aed7e9eeb7e29aabbc57', '6d405dfc1675dcad64a2dfac0c0cb0fb28381d21', 'c44cf88a6ec54e5ddd99d8348bcc57b301ec7945', 'f9a094918b62534614c47aa8a13f33aec751a1e0']",0.6,0.75,0.6666666666666665,False,0.4285714285714285,2048,False,4
"[""feat"", ""refactor"", ""test"", ""docs"", ""build"", ""ci""]","[""fix"", ""test"", ""feat"", ""docs""]",1.2157976627349854,"['2561f4ade46fc9d59f289f328cc77733a6443697', 'e0198f74b81da3663144cfe1d971939319f82a0f', '1bcf88670b50155b50071e707f98f30cea0b7a24', '6d405dfc1675dcad64a2dfac0c0cb0fb28381d21']",0.5,0.75,0.6,False,0.5714285714285714,2048,False,4
"[""ci"", ""refactor"", ""test""]","[""ci"", ""fix"", ""test"", ""docs""]",0.7596428394317627,"['4cbbd2552ba0de273e1dfe7d453c5b3efed751a3', '933ab6bb86372913c992567cf9660009900911a7', 'b7ce2894fd1794064bd6db4ed730bb6cb7728739', 'af880ac5b4fecbc6c4f3d1eee0d95f326e8bd9d1']",0.6666666666666666,0.5,0.5714285714285715,False,0.4285714285714285,2048,False,4
"[""feat"", ""refactor"", ""ci"", ""build"", ""test"", ""docs""]","[""feat"", ""ci"", ""refactor"", ""fix""]",1.177910089492798,"['f823cf28652987d43c8324b4f5b203240032383a', '45837af24a33308a70a3454f0f650f9fe728e272', '36556bf8e0bce4ab6d26eafacbdad04d9614a5d7', 'bed78248c941d57ad4cc20a455147e186e97c7a1']",0.5,0.75,0.6,False,0.5714285714285714,2048,False,4
"[""feat"", ""refactor"", ""docs"", ""test"", ""ci"", ""build""]","[""refactor"", ""feat"", ""docs"", ""build""]",1.1320946216583252,"['63eab619e6166eb6cab948028a7b89bf059dd878', 'e137f9fdbdb6bf3f85c3f7ac9323785e445844c8', 'a52a585d74894b3b4eeb8c784fa089ff95cddad0', 'f00a4d3e307b89842250358ee432e6800bb24362']",0.6666666666666666,1.0,0.8,False,0.2857142857142857,2048,False,4
"[""build"", ""ci"", ""docs"", ""feat"", ""fix"", ""refactor"", ""test""]","[""build"", ""test"", ""ci"", ""refactor""]",1.3262572288513184,"['1269431c8a3e7549f10fcbbb4b88ff625c8898b3', '8ee0611fbf0cd89abe7ae588f22e6ecb843598ea', '45837af24a33308a70a3454f0f650f9fe728e272', '63eab619e6166eb6cab948028a7b89bf059dd878']",0.5714285714285714,1.0,0.7272727272727273,False,0.4285714285714285,2048,False,4
"[""build"", ""docs"", ""feat"", ""refactor"", ""test""]","[""build"", ""docs"", ""feat"", ""fix""]",1.0890018939971924,"['37b1cbfd3d2c462ef4f2a131e4172c38dc8d9ddf', '6d405dfc1675dcad64a2dfac0c0cb0fb28381d21', 'b282e90e2cbb74559aab79eee8443a4d7c85502a', '2561f4ade46fc9d59f289f328cc77733a6443697']",0.6,0.75,0.6666666666666665,False,0.4285714285714285,2048,False,4
"[""build"", ""ci"", ""test"", ""feat"", ""refactor""]","[""build"", ""test"", ""ci"", ""feat""]",1.0819337368011477,"['c55591ba157298a9c5816693c102a89dfd058830', '317f4eefecddfb1392ca71d551840f446feee302', 'c5fa7b80438fbd74f4c341f0d3c9bd9e0f4910da', '6ed56ce9ae743ba9a87e6c9643cc06b1de7b748d']",0.8,1.0,0.888888888888889,False,0.1428571428571428,2048,False,4
"[""feat"", ""refactor"", ""docs"", ""build""]","[""fix"", ""build"", ""docs"", ""refactor""]",0.8570361137390137,"['933ab6bb86372913c992567cf9660009900911a7', '5b81fde8a72cf2e69a10e9f5c4f0bea0a2b8c3e0', 'c2ee5cd5e709afd15c5565ee009a0d204403a119', '3cca5c314ad6feeffbfe1f14cf49ebd0fd9a95a2']",0.75,0.75,0.75,False,0.2857142857142857,2048,False,4
"[""ci"", ""refactor""]","[""fix"", ""feat"", ""docs"", ""ci""]",0.5771749019622803,"['933ab6bb86372913c992567cf9660009900911a7', 'dc5238b2bda98a7c4f2fe9584fc3b0191a408109', '036a0ff49a7dade0e04c9c07071a1ff49133ee24', 'e7a67d88173566be3cd3aed7e9eeb7e29aabbc57']",0.5,0.25,0.3333333333333333,False,0.5714285714285714,2048,False,4
"[""feat"", ""refactor"", ""test""]","[""docs"", ""fix"", ""feat"", ""refactor""]",0.7058923244476318,"['af880ac5b4fecbc6c4f3d1eee0d95f326e8bd9d1', 'c8e0ae8612df3d6f2831acc004aaac332f6105e4', 'f9a094918b62534614c47aa8a13f33aec751a1e0', '47ef9104e4a89e80d7cc6c1950bc080841da4a7b']",0.6666666666666666,0.5,0.5714285714285715,False,0.4285714285714285,2048,False,4
"[""feat"", ""ci"", ""refactor"", ""build""]","[""fix"", ""build"", ""feat"", ""ci""]",0.9047868251800536,"['d129eaf9125a967ac86c6c7276bbae6b4d50af36', '1269431c8a3e7549f10fcbbb4b88ff625c8898b3', 'e137f9fdbdb6bf3f85c3f7ac9323785e445844c8', '173553c0372e66e03bdab19e0e6c2dd44daa14a0']",0.75,0.75,0.75,False,0.2857142857142857,2048,False,4
"[""feat"", ""fix"", ""refactor"", ""docs"", ""test"", ""ci"", ""build""]","[""feat"", ""refactor"", ""test"", ""build""]",1.2031280994415283,"['dc5238b2bda98a7c4f2fe9584fc3b0191a408109', '771857b1df9470ebc15357e8879118a72c649d5b', 'b7ce2894fd1794064bd6db4ed730bb6cb7728739', 'c323d59c607cabc91f17a78528d998f376f30b10']",0.5714285714285714,1.0,0.7272727272727273,False,0.4285714285714285,2048,False,4
"[""build"", ""test"", ""ci"", ""feat""]","[""build"", ""test"", ""ci"", ""fix""]",0.8658380508422852,"['5b81fde8a72cf2e69a10e9f5c4f0bea0a2b8c3e0', 'b7ce2894fd1794064bd6db4ed730bb6cb7728739', '74e9de5ec97dc013a52aa063dff0f40ac74c407b', 'd129eaf9125a967ac86c6c7276bbae6b4d50af36']",0.75,0.75,0.75,False,0.2857142857142857,2048,False,4
"[""test"", ""ci"", ""refactor""]","[""docs"", ""feat"", ""build"", ""ci""]",0.8055388927459717,"['af880ac5b4fecbc6c4f3d1eee0d95f326e8bd9d1', 'ded26d768ff432ad3bde3c0aa1e95ce50726100a', '454003841aabeb74396d73541378bfa59c75b5db', '4cbbd2552ba0de273e1dfe7d453c5b3efed751a3']",0.3333333333333333,0.25,0.2857142857142857,False,0.7142857142857143,2048,False,4
"[""feat"", ""ci"", ""build""]","[""docs"", ""refactor"", ""ci"", ""build""]",0.7787899971008301,"['036a0ff49a7dade0e04c9c07071a1ff49133ee24', '535708ae50aecb452560a23356fd396f99ef13a2', 'e7a67d88173566be3cd3aed7e9eeb7e29aabbc57', 'c55591ba157298a9c5816693c102a89dfd058830']",0.6666666666666666,0.5,0.5714285714285715,False,0.4285714285714285,2048,False,4
"[""feat"", ""ci"", ""refactor"", ""docs""]","[""refactor"", ""ci"", ""fix"", ""docs""]",0.8716490268707275,"['2954a0955ce9af6acb345ed1e8328e145ad30475', '6c9cb638cb4d1ecc42632fcf389c24898c5b3244', 'd1d55e787b7d07f763852602b9939a5394607fd9', '6d405dfc1675dcad64a2dfac0c0cb0fb28381d21']",0.75,0.75,0.75,False,0.2857142857142857,2048,False,4
"[""test"", ""ci"", ""docs"", ""refactor""]","[""test"", ""ci"", ""docs"", ""feat""]",0.8401689529418945,"['229b53a632ea97d47c4be11f096bdd828fb415d8', '4cbbd2552ba0de273e1dfe7d453c5b3efed751a3', 'bf83c9155e9bee6925aa7102fab53fb803d52533', 'ded26d768ff432ad3bde3c0aa1e95ce50726100a']",0.75,0.75,0.75,False,0.2857142857142857,2048,False,4
"[""feat"", ""refactor"", ""test"", ""ci"", ""build""]","[""refactor"", ""fix"", ""test"", ""feat""]",1.0476224422454834,"['47ef9104e4a89e80d7cc6c1950bc080841da4a7b', '9ef5c0d14193a9abb09b39856f58477d1f4b0d77', 'b7ce2894fd1794064bd6db4ed730bb6cb7728739', '1bcf88670b50155b50071e707f98f30cea0b7a24']",0.6,0.75,0.6666666666666665,False,0.4285714285714285,2048,False,4
"[""feat"", ""refactor"", ""ci"", ""test"", ""docs"", ""build""]","[""docs"", ""feat"", ""ci"", ""refactor""]",1.157944917678833,"['e12d9e77a6fd531a22325337838a841b1c67f00d', 'fd8e563cc19ca4684885d4692acee6bebcca4ada', '173553c0372e66e03bdab19e0e6c2dd44daa14a0', '535708ae50aecb452560a23356fd396f99ef13a2']",0.6666666666666666,1.0,0.8,False,0.2857142857142857,2048,False,4
"[""test"", ""ci"", ""refactor""]","[""refactor"", ""feat"", ""docs"", ""ci""]",0.8700847625732422,"['1db13ec43727aca872a0f3836e4023ed85db665e', 'b282e90e2cbb74559aab79eee8443a4d7c85502a', 'e12d9e77a6fd531a22325337838a841b1c67f00d', '74e9de5ec97dc013a52aa063dff0f40ac74c407b']",0.6666666666666666,0.5,0.5714285714285715,False,0.4285714285714285,2048,False,4
"[""docs"", ""ci"", ""test"", ""refactor""]","[""docs"", ""ci"", ""refactor"", ""test""]",0.9384713172912598,"['aca23027da1295c78fdf42ba9687d8ccc88784d7', '74e9de5ec97dc013a52aa063dff0f40ac74c407b', '2954a0955ce9af6acb345ed1e8328e145ad30475', 'f411e58cd510f8a2b980b2f1932003a0c0e9f8f3']",1.0,1.0,1.0,True,0.0,2048,False,4
"[""test"", ""ci"", ""docs""]","[""test"", ""docs"", ""ci"", ""fix""]",0.7231638431549072,"['b7ce2894fd1794064bd6db4ed730bb6cb7728739', 'af880ac5b4fecbc6c4f3d1eee0d95f326e8bd9d1', '6c9cb638cb4d1ecc42632fcf389c24898c5b3244', 'd129eaf9125a967ac86c6c7276bbae6b4d50af36']",1.0,0.75,0.8571428571428571,False,0.1428571428571428,2048,False,4
"[""ci"", ""test"", ""docs"", ""refactor""]","[""ci"", ""refactor"", ""test"", ""docs""]",0.9472193717956544,"['e7a67d88173566be3cd3aed7e9eeb7e29aabbc57', '36556bf8e0bce4ab6d26eafacbdad04d9614a5d7', '8ee0611fbf0cd89abe7ae588f22e6ecb843598ea', 'c2ee5cd5e709afd15c5565ee009a0d204403a119']",1.0,1.0,1.0,True,0.0,2048,False,4
"[""docs"", ""test"", ""build"", ""ci""]","[""docs"", ""feat"", ""test"", ""build""]",0.9771935939788818,"['0cfc5633d37ea06f645649138323f1820e18bdee', 'fd8e563cc19ca4684885d4692acee6bebcca4ada', 'e9617f0854030e70365eb264bcb3b58078e79e9e', '1269431c8a3e7549f10fcbbb4b88ff625c8898b3']",0.75,0.75,0.75,False,0.2857142857142857,2048,False,4
"[""refactor"", ""test"", ""ci"", ""build"", ""docs""]","[""refactor"", ""feat"", ""test"", ""fix""]",1.053516149520874,"['47ef9104e4a89e80d7cc6c1950bc080841da4a7b', 'b282e90e2cbb74559aab79eee8443a4d7c85502a', 'e0198f74b81da3663144cfe1d971939319f82a0f', 'bed78248c941d57ad4cc20a455147e186e97c7a1']",0.4,0.5,0.4444444444444445,False,0.7142857142857143,2048,False,4
"[""ci"", ""build"", ""test"", ""refactor"", ""fix""]","[""build"", ""ci"", ""fix"", ""refactor""]",1.0528287887573242,"['454003841aabeb74396d73541378bfa59c75b5db', '173553c0372e66e03bdab19e0e6c2dd44daa14a0', 'd129eaf9125a967ac86c6c7276bbae6b4d50af36', '63eab619e6166eb6cab948028a7b89bf059dd878']",0.8,1.0,0.888888888888889,False,0.1428571428571428,2048,False,4
"[""ci"", ""test"", ""docs"", ""refactor"", ""build""]","[""test"", ""refactor"", ""docs"", ""feat""]",1.0737318992614746,"['e9617f0854030e70365eb264bcb3b58078e79e9e', '2954a0955ce9af6acb345ed1e8328e145ad30475', 'c2ee5cd5e709afd15c5565ee009a0d204403a119', '6ed56ce9ae743ba9a87e6c9643cc06b1de7b748d']",0.6,0.75,0.6666666666666665,False,0.4285714285714285,2048,False,4
"[""build"", ""refactor"", ""test""]","[""build"", ""refactor"", ""fix"", ""ci""]",0.7723073959350586,"['454003841aabeb74396d73541378bfa59c75b5db', 'a62314d9bb632be6af026686615d14b912250512', '06e2be4e2019b6fa714e1fcb34485860ef1ede79', '4cbbd2552ba0de273e1dfe7d453c5b3efed751a3']",0.6666666666666666,0.5,0.5714285714285715,False,0.4285714285714285,2048,False,4
"[""feat"", ""refactor"", ""test"", ""ci"", ""docs"", ""build""]","[""feat"", ""test"", ""refactor"", ""ci""]",1.1052062511444092,"['b282e90e2cbb74559aab79eee8443a4d7c85502a', 'e2e8ad25854bd1e7cdbc7f50b50bbd99e04ad47d', '63eab619e6166eb6cab948028a7b89bf059dd878', '6c9cb638cb4d1ecc42632fcf389c24898c5b3244']",0.6666666666666666,1.0,0.8,False,0.2857142857142857,2048,False,4
"[""docs"", ""refactor"", ""test"", ""build""]","[""docs"", ""fix"", ""test"", ""refactor""]",0.8088319301605225,"['0cfc5633d37ea06f645649138323f1820e18bdee', 'd1d55e787b7d07f763852602b9939a5394607fd9', 'e2e8ad25854bd1e7cdbc7f50b50bbd99e04ad47d', '062daa45cbd5dba6e96e95d8cdcaee89ae30a83c']",0.75,0.75,0.75,False,0.2857142857142857,2048,False,4
"[""refactor"", ""fix"", ""docs"", ""ci"", ""build""]","[""refactor"", ""fix"", ""docs"", ""ci""]",0.9731895923614502,"['47ef9104e4a89e80d7cc6c1950bc080841da4a7b', 'd129eaf9125a967ac86c6c7276bbae6b4d50af36', '0cfc5633d37ea06f645649138323f1820e18bdee', '45837af24a33308a70a3454f0f650f9fe728e272']",0.8,1.0,0.888888888888889,False,0.1428571428571428,2048,False,4
"[""refactor"", ""ci"", ""build"", ""test""]","[""fix"", ""build"", ""ci"", ""test""]",0.997948408126831,"['bed78248c941d57ad4cc20a455147e186e97c7a1', '1269431c8a3e7549f10fcbbb4b88ff625c8898b3', '45837af24a33308a70a3454f0f650f9fe728e272', '8ee0611fbf0cd89abe7ae588f22e6ecb843598ea']",0.75,0.75,0.75,False,0.2857142857142857,2048,False,4
"[""build"", ""ci"", ""docs"", ""refactor""]","[""build"", ""fix"", ""ci"", ""docs""]",0.9594776630401612,"['454003841aabeb74396d73541378bfa59c75b5db', 'bed78248c941d57ad4cc20a455147e186e97c7a1', '45837af24a33308a70a3454f0f650f9fe728e272', 'c2ee5cd5e709afd15c5565ee009a0d204403a119']",0.75,0.75,0.75,False,0.2857142857142857,2048,False,4
"[""ci"", ""refactor""]","[""ci"", ""refactor"", ""fix"", ""docs""]",0.6872158050537109,"['dbb537a26e388a8d7d17faf131abc30c2f7a84e6', '3cca5c314ad6feeffbfe1f14cf49ebd0fd9a95a2', 'd1d55e787b7d07f763852602b9939a5394607fd9', '6d405dfc1675dcad64a2dfac0c0cb0fb28381d21']",1.0,0.5,0.6666666666666666,False,0.2857142857142857,2048,False,4
"[""feat"", ""refactor"", ""ci"", ""docs"", ""build""]","[""fix"", ""ci"", ""docs"", ""refactor""]",1.0134987831115725,"['2561f4ade46fc9d59f289f328cc77733a6443697', '6c9cb638cb4d1ecc42632fcf389c24898c5b3244', 'bf83c9155e9bee6925aa7102fab53fb803d52533', '771857b1df9470ebc15357e8879118a72c649d5b']",0.6,0.75,0.6666666666666665,False,0.4285714285714285,2048,False,4
"[""feat"", ""refactor"", ""docs"", ""test"", ""ci"", ""build""]","[""fix"", ""feat"", ""build"", ""docs""]",1.1091010570526123,"['06e2be4e2019b6fa714e1fcb34485860ef1ede79', 'fd8e563cc19ca4684885d4692acee6bebcca4ada', '32b92cfa0b74a6c25990e32ac6aab12b8496794c', '6d405dfc1675dcad64a2dfac0c0cb0fb28381d21']",0.5,0.75,0.6,False,0.5714285714285714,2048,False,4
"[""build"", ""test"", ""refactor""]","[""build"", ""ci"", ""test"", ""feat""]",0.8414309024810791,"['c55591ba157298a9c5816693c102a89dfd058830', '45837af24a33308a70a3454f0f650f9fe728e272', 'b7ce2894fd1794064bd6db4ed730bb6cb7728739', 'dc5238b2bda98a7c4f2fe9584fc3b0191a408109']",0.6666666666666666,0.5,0.5714285714285715,False,0.4285714285714285,2048,False,4
"[""ci"", ""feat"", ""test"", ""refactor"", ""docs""]","[""ci"", ""docs"", ""feat"", ""test""]",1.0546715259552002,"['173553c0372e66e03bdab19e0e6c2dd44daa14a0', 'e12d9e77a6fd531a22325337838a841b1c67f00d', 'f823cf28652987d43c8324b4f5b203240032383a', '229b53a632ea97d47c4be11f096bdd828fb415d8']",0.8,1.0,0.888888888888889,False,0.1428571428571428,2048,False,4
"[""refactor"", ""docs"", ""ci"", ""test""]","[""refactor"", ""docs"", ""ci"", ""test""]",0.8738493919372559,"['36556bf8e0bce4ab6d26eafacbdad04d9614a5d7', 'aca23027da1295c78fdf42ba9687d8ccc88784d7', 'dbb537a26e388a8d7d17faf131abc30c2f7a84e6', '229b53a632ea97d47c4be11f096bdd828fb415d8']",1.0,1.0,1.0,True,0.0,2048,False,4
"[""docs"", ""test"", ""fix""]","[""docs"", ""refactor"", ""test"", ""fix""]",0.8031015396118164,"['0cfc5633d37ea06f645649138323f1820e18bdee', '1db13ec43727aca872a0f3836e4023ed85db665e', '229b53a632ea97d47c4be11f096bdd828fb415d8', '9be725fa3906323d4bc9788f54eccf74109d632b']",1.0,0.75,0.8571428571428571,False,0.1428571428571428,2048,False,4
"[""ci"", ""docs"", ""refactor""]","[""ci"", ""docs"", ""refactor"", ""test""]",0.8037416934967041,"['c5fa7b80438fbd74f4c341f0d3c9bd9e0f4910da', 'bf83c9155e9bee6925aa7102fab53fb803d52533', '062daa45cbd5dba6e96e95d8cdcaee89ae30a83c', 'bedc7950b24c37809e36a585b7985d5aa5e3e458']",1.0,0.75,0.8571428571428571,False,0.1428571428571428,2048,False,4
"[""refactor"", ""ci"", ""build""]","[""fix"", ""docs"", ""ci"", ""feat""]",0.7363817691802979,"['9be725fa3906323d4bc9788f54eccf74109d632b', '036a0ff49a7dade0e04c9c07071a1ff49133ee24', '45837af24a33308a70a3454f0f650f9fe728e272', 'f823cf28652987d43c8324b4f5b203240032383a']",0.3333333333333333,0.25,0.2857142857142857,False,0.7142857142857143,2048,False,4
"[""docs"", ""test"", ""build""]","[""docs"", ""test"", ""build"", ""feat""]",0.7742936611175537,"['bf83c9155e9bee6925aa7102fab53fb803d52533', 'e0198f74b81da3663144cfe1d971939319f82a0f', 'f00a4d3e307b89842250358ee432e6800bb24362', 'ded26d768ff432ad3bde3c0aa1e95ce50726100a']",1.0,0.75,0.8571428571428571,False,0.1428571428571428,2048,False,4
"[""docs"", ""test"", ""refactor"", ""build""]","[""docs"", ""refactor"", ""test"", ""fix""]",0.9672360420227052,"['aca23027da1295c78fdf42ba9687d8ccc88784d7', '1db13ec43727aca872a0f3836e4023ed85db665e', 'f411e58cd510f8a2b980b2f1932003a0c0e9f8f3', '2561f4ade46fc9d59f289f328cc77733a6443697']",0.75,0.75,0.75,False,0.2857142857142857,2048,False,4
"[""test"", ""ci"", ""feat"", ""docs""]","[""test"", ""feat"", ""docs"", ""ci""]",0.9187347888946532,"['e0198f74b81da3663144cfe1d971939319f82a0f', 'f823cf28652987d43c8324b4f5b203240032383a', 'aca23027da1295c78fdf42ba9687d8ccc88784d7', 'e96487ad7ce90b141219d9032fa2bed68d5dae6a']",1.0,1.0,1.0,True,0.0,2048,False,4
"[""feat"", ""refactor"", ""ci"", ""build"", ""docs"", ""test""]","[""refactor"", ""build"", ""feat"", ""docs""]",1.1103663444519043,"['63eab619e6166eb6cab948028a7b89bf059dd878', '32b92cfa0b74a6c25990e32ac6aab12b8496794c', 'fd8e563cc19ca4684885d4692acee6bebcca4ada', 'a52a585d74894b3b4eeb8c784fa089ff95cddad0']",0.6666666666666666,1.0,0.8,False,0.2857142857142857,2048,False,4
"[""build"", ""refactor"", ""test""]","[""build"", ""fix"", ""test"", ""feat""]",0.7988567352294922,"['37b1cbfd3d2c462ef4f2a131e4172c38dc8d9ddf', 'c8e0ae8612df3d6f2831acc004aaac332f6105e4', 'c7b25726df94a2530c9b1c0d2b6a0acaa103822f', '1bcf88670b50155b50071e707f98f30cea0b7a24']",0.6666666666666666,0.5,0.5714285714285715,False,0.4285714285714285,2048,False,4
"[""feat"", ""build"", ""ci"", ""docs"", ""refactor"", ""test""]","[""refactor"", ""ci"", ""docs"", ""build""]",1.154982328414917,"['771857b1df9470ebc15357e8879118a72c649d5b', '6c9cb638cb4d1ecc42632fcf389c24898c5b3244', '6d405dfc1675dcad64a2dfac0c0cb0fb28381d21', '454003841aabeb74396d73541378bfa59c75b5db']",0.6666666666666666,1.0,0.8,False,0.2857142857142857,2048,False,4
"[""feat"", ""fix"", ""refactor"", ""docs"", ""test"", ""ci"", ""build""]","[""fix"", ""docs"", ""refactor"", ""ci"", ""test""]",1.2059338092803955,"['9be725fa3906323d4bc9788f54eccf74109d632b', 'bf83c9155e9bee6925aa7102fab53fb803d52533', '535708ae50aecb452560a23356fd396f99ef13a2', '4cbbd2552ba0de273e1dfe7d453c5b3efed751a3', 'bedc7950b24c37809e36a585b7985d5aa5e3e458']",0.7142857142857143,1.0,0.8333333333333333,False,0.2857142857142857,2048,False,5
"[""test"", ""docs"", ""build"", ""refactor""]","[""test"", ""docs"", ""refactor"", ""build"", ""feat""]",0.9794704914093018,"['229b53a632ea97d47c4be11f096bdd828fb415d8', 'bf83c9155e9bee6925aa7102fab53fb803d52533', '062daa45cbd5dba6e96e95d8cdcaee89ae30a83c', 'e4a11fd5c34942ba12737f1c8c084489428ee274', 'fd8e563cc19ca4684885d4692acee6bebcca4ada']",1.0,0.8,0.888888888888889,False,0.1428571428571428,2048,False,5
"[""test"", ""ci"", ""refactor"", ""build"", ""docs""]","[""test"", ""ci"", ""fix"", ""build"", ""refactor""]",1.0264203548431396,"['317f4eefecddfb1392ca71d551840f446feee302', 'e7a67d88173566be3cd3aed7e9eeb7e29aabbc57', 'd1d55e787b7d07f763852602b9939a5394607fd9', 'f00a4d3e307b89842250358ee432e6800bb24362', '771857b1df9470ebc15357e8879118a72c649d5b']",0.8,0.8,0.8000000000000002,False,0.2857142857142857,2048,False,5
"[""ci"", ""test"", ""refactor""]","[""ci"", ""refactor"", ""build"", ""test"", ""fix""]",0.8560256958007812,"['e7a67d88173566be3cd3aed7e9eeb7e29aabbc57', '47ef9104e4a89e80d7cc6c1950bc080841da4a7b', '5b81fde8a72cf2e69a10e9f5c4f0bea0a2b8c3e0', 'bedc7950b24c37809e36a585b7985d5aa5e3e458', '9ef5c0d14193a9abb09b39856f58477d1f4b0d77']",1.0,0.6,0.7499999999999999,False,0.2857142857142857,2048,False,5
"[""ci"", ""build"", ""refactor"", ""test"", ""docs""]","[""build"", ""fix"", ""feat"", ""refactor"", ""docs""]",1.1415908336639404,"['e4a11fd5c34942ba12737f1c8c084489428ee274', '9ef5c0d14193a9abb09b39856f58477d1f4b0d77', 'dc5238b2bda98a7c4f2fe9584fc3b0191a408109', '771857b1df9470ebc15357e8879118a72c649d5b', 'c2ee5cd5e709afd15c5565ee009a0d204403a119']",0.6,0.6,0.6,False,0.5714285714285714,2048,False,5
"[""docs"", ""test"", ""build"", ""refactor""]","[""docs"", ""test"", ""build"", ""fix"", ""feat""]",0.9218299388885498,"['bf83c9155e9bee6925aa7102fab53fb803d52533', '229b53a632ea97d47c4be11f096bdd828fb415d8', 'c55591ba157298a9c5816693c102a89dfd058830', '06e2be4e2019b6fa714e1fcb34485860ef1ede79', 'f823cf28652987d43c8324b4f5b203240032383a']",0.75,0.6,0.6666666666666665,False,0.4285714285714285,2048,False,5
"[""ci"", ""build"", ""test"", ""docs"", ""feat"", ""refactor""]","[""ci"", ""build"", ""fix"", ""test"", ""feat""]",1.2110228538513184,"['e7a67d88173566be3cd3aed7e9eeb7e29aabbc57', 'c55591ba157298a9c5816693c102a89dfd058830', 'd129eaf9125a967ac86c6c7276bbae6b4d50af36', '229b53a632ea97d47c4be11f096bdd828fb415d8', '1bcf88670b50155b50071e707f98f30cea0b7a24']",0.6666666666666666,0.8,0.7272727272727272,False,0.4285714285714285,2048,False,5
"[""feat"", ""test"", ""ci"", ""build"", ""refactor""]","[""fix"", ""test"", ""build"", ""ci"", ""refactor""]",1.1042261123657229,"['2561f4ade46fc9d59f289f328cc77733a6443697', 'b7ce2894fd1794064bd6db4ed730bb6cb7728739', '1269431c8a3e7549f10fcbbb4b88ff625c8898b3', 'e96487ad7ce90b141219d9032fa2bed68d5dae6a', '36556bf8e0bce4ab6d26eafacbdad04d9614a5d7']",0.8,0.8,0.8000000000000002,False,0.2857142857142857,2048,False,5
"[""docs"", ""ci"", ""test"", ""build"", ""refactor""]","[""docs"", ""ci"", ""refactor"", ""test"", ""fix""]",1.0616390705108645,"['bf83c9155e9bee6925aa7102fab53fb803d52533', 'e7a67d88173566be3cd3aed7e9eeb7e29aabbc57', '535708ae50aecb452560a23356fd396f99ef13a2', 'c7b25726df94a2530c9b1c0d2b6a0acaa103822f', '06e2be4e2019b6fa714e1fcb34485860ef1ede79']",0.8,0.8,0.8000000000000002,False,0.2857142857142857,2048,False,5
"[""feat"", ""fix"", ""refactor"", ""docs"", ""test"", ""ci"", ""build""]","[""refactor"", ""docs"", ""build"", ""feat"", ""fix""]",1.3262765407562256,"['36556bf8e0bce4ab6d26eafacbdad04d9614a5d7', 'c2ee5cd5e709afd15c5565ee009a0d204403a119', 'c55591ba157298a9c5816693c102a89dfd058830', '68278b00450f2679761a2999500f6d87a579376b', '9ef5c0d14193a9abb09b39856f58477d1f4b0d77']",0.7142857142857143,1.0,0.8333333333333333,False,0.2857142857142857,2048,False,5
"[""feat"", ""build"", ""ci"", ""test""]","[""feat"", ""build"", ""fix"", ""ci"", ""test""]",0.9890124797821044,"['ded26d768ff432ad3bde3c0aa1e95ce50726100a', 'c323d59c607cabc91f17a78528d998f376f30b10', '2561f4ade46fc9d59f289f328cc77733a6443697', '45837af24a33308a70a3454f0f650f9fe728e272', 'e0198f74b81da3663144cfe1d971939319f82a0f']",1.0,0.8,0.888888888888889,False,0.1428571428571428,2048,False,5
"[""ci"", ""refactor"", ""test"", ""docs"", ""build""]","[""ci"", ""refactor"", ""test"", ""feat"", ""fix""]",1.0547726154327393,"['e96487ad7ce90b141219d9032fa2bed68d5dae6a', 'a62314d9bb632be6af026686615d14b912250512', 'c7b25726df94a2530c9b1c0d2b6a0acaa103822f', '6ed56ce9ae743ba9a87e6c9643cc06b1de7b748d', '9ef5c0d14193a9abb09b39856f58477d1f4b0d77']",0.6,0.6,0.6,False,0.5714285714285714,2048,False,5
"[""build"", ""refactor"", ""ci"", ""test"", ""docs"", ""feat"", ""fix""]","[""build"", ""refactor"", ""ci"", ""docs"", ""fix""]",1.295874834060669,"['c55591ba157298a9c5816693c102a89dfd058830', '63eab619e6166eb6cab948028a7b89bf059dd878', 'c5fa7b80438fbd74f4c341f0d3c9bd9e0f4910da', '036a0ff49a7dade0e04c9c07071a1ff49133ee24', '9be725fa3906323d4bc9788f54eccf74109d632b']",0.7142857142857143,1.0,0.8333333333333333,False,0.2857142857142857,2048,False,5
"[""docs"", ""ci"", ""test"", ""build""]","[""docs"", ""ci"", ""refactor"", ""build"", ""feat""]",0.9609129428863524,"['bf83c9155e9bee6925aa7102fab53fb803d52533', '173553c0372e66e03bdab19e0e6c2dd44daa14a0', '535708ae50aecb452560a23356fd396f99ef13a2', '1269431c8a3e7549f10fcbbb4b88ff625c8898b3', 'f823cf28652987d43c8324b4f5b203240032383a']",0.75,0.6,0.6666666666666665,False,0.4285714285714285,2048,False,5
"[""test"", ""refactor"", ""ci"", ""build"", ""docs"", ""feat"", ""fix""]","[""test"", ""feat"", ""refactor"", ""fix"", ""docs""]",1.3219459056854248,"['bedc7950b24c37809e36a585b7985d5aa5e3e458', 'fd8e563cc19ca4684885d4692acee6bebcca4ada', '062daa45cbd5dba6e96e95d8cdcaee89ae30a83c', 'c8e0ae8612df3d6f2831acc004aaac332f6105e4', '036a0ff49a7dade0e04c9c07071a1ff49133ee24']",0.7142857142857143,1.0,0.8333333333333333,False,0.2857142857142857,2048,False,5
"[""docs"", ""build"", ""ci"", ""test""]","[""docs"", ""build"", ""ci"", ""fix"", ""test""]",1.0277981758117676,"['c2ee5cd5e709afd15c5565ee009a0d204403a119', '1269431c8a3e7549f10fcbbb4b88ff625c8898b3', 'e7a67d88173566be3cd3aed7e9eeb7e29aabbc57', 'bed78248c941d57ad4cc20a455147e186e97c7a1', 'e9617f0854030e70365eb264bcb3b58078e79e9e']",1.0,0.8,0.888888888888889,False,0.1428571428571428,2048,False,5
"[""refactor"", ""ci"", ""build""]","[""refactor"", ""ci"", ""docs"", ""test"", ""build""]",0.8381600379943848,"['3cca5c314ad6feeffbfe1f14cf49ebd0fd9a95a2', 'dbb537a26e388a8d7d17faf131abc30c2f7a84e6', 'e12d9e77a6fd531a22325337838a841b1c67f00d', 'c7b25726df94a2530c9b1c0d2b6a0acaa103822f', '37b1cbfd3d2c462ef4f2a131e4172c38dc8d9ddf']",1.0,0.6,0.7499999999999999,False,0.2857142857142857,2048,False,5
"[""test"", ""ci"", ""refactor""]","[""test"", ""feat"", ""ci"", ""refactor"", ""fix""]",0.8705539703369141,"['229b53a632ea97d47c4be11f096bdd828fb415d8', 'b282e90e2cbb74559aab79eee8443a4d7c85502a', 'dbb537a26e388a8d7d17faf131abc30c2f7a84e6', '3cca5c314ad6feeffbfe1f14cf49ebd0fd9a95a2', '933ab6bb86372913c992567cf9660009900911a7']",1.0,0.6,0.7499999999999999,False,0.2857142857142857,2048,False,5
"[""ci"", ""build"", ""refactor"", ""test"", ""docs""]","[""build"", ""fix"", ""ci"", ""refactor"", ""docs""]",1.1073811054229736,"['37b1cbfd3d2c462ef4f2a131e4172c38dc8d9ddf', '06e2be4e2019b6fa714e1fcb34485860ef1ede79', 'c5fa7b80438fbd74f4c341f0d3c9bd9e0f4910da', '1db13ec43727aca872a0f3836e4023ed85db665e', 'a52a585d74894b3b4eeb8c784fa089ff95cddad0']",0.8,0.8,0.8000000000000002,False,0.2857142857142857,2048,False,5
"[""build"", ""ci"", ""refactor"", ""test""]","[""build"", ""docs"", ""ci"", ""test"", ""feat""]",0.9915454387664796,"['c44cf88a6ec54e5ddd99d8348bcc57b301ec7945', '6d405dfc1675dcad64a2dfac0c0cb0fb28381d21', 'e7a67d88173566be3cd3aed7e9eeb7e29aabbc57', 'f411e58cd510f8a2b980b2f1932003a0c0e9f8f3', 'f823cf28652987d43c8324b4f5b203240032383a']",0.75,0.6,0.6666666666666665,False,0.4285714285714285,2048,False,5
"[""feat"", ""refactor"", ""test"", ""ci"", ""build""]","[""feat"", ""fix"", ""refactor"", ""build"", ""test""]",1.0618281364440918,"['f823cf28652987d43c8324b4f5b203240032383a', 'c8e0ae8612df3d6f2831acc004aaac332f6105e4', '47ef9104e4a89e80d7cc6c1950bc080841da4a7b', 'e4a11fd5c34942ba12737f1c8c084489428ee274', 'c7b25726df94a2530c9b1c0d2b6a0acaa103822f']",0.8,0.8,0.8000000000000002,False,0.2857142857142857,2048,False,5
"[""test"", ""ci"", ""refactor"", ""docs""]","[""refactor"", ""build"", ""ci"", ""docs"", ""test""]",0.927966833114624,"['1db13ec43727aca872a0f3836e4023ed85db665e', '32b92cfa0b74a6c25990e32ac6aab12b8496794c', 'e96487ad7ce90b141219d9032fa2bed68d5dae6a', '6d405dfc1675dcad64a2dfac0c0cb0fb28381d21', 'e2e8ad25854bd1e7cdbc7f50b50bbd99e04ad47d']",1.0,0.8,0.888888888888889,False,0.1428571428571428,2048,False,5
"[""build"", ""ci"", ""refactor"", ""test""]","[""build"", ""test"", ""refactor"", ""ci"", ""fix""]",0.9879992008209229,"['37b1cbfd3d2c462ef4f2a131e4172c38dc8d9ddf', 'f411e58cd510f8a2b980b2f1932003a0c0e9f8f3', '1db13ec43727aca872a0f3836e4023ed85db665e', 'c5fa7b80438fbd74f4c341f0d3c9bd9e0f4910da', 'd129eaf9125a967ac86c6c7276bbae6b4d50af36']",1.0,0.8,0.888888888888889,False,0.1428571428571428,2048,False,5
"[""build"", ""ci"", ""docs"", ""refactor"", ""test""]","[""build"", ""docs"", ""ci"", ""test"", ""fix""]",0.9762246608734132,"['c55591ba157298a9c5816693c102a89dfd058830', 'a52a585d74894b3b4eeb8c784fa089ff95cddad0', '6c9cb638cb4d1ecc42632fcf389c24898c5b3244', 'c7b25726df94a2530c9b1c0d2b6a0acaa103822f', 'bed78248c941d57ad4cc20a455147e186e97c7a1']",0.8,0.8,0.8000000000000002,False,0.2857142857142857,2048,False,5
"[""feat"", ""ci"", ""build"", ""test""]","[""fix"", ""ci"", ""feat"", ""build"", ""refactor""]",0.937429904937744,"['9ef5c0d14193a9abb09b39856f58477d1f4b0d77', 'dbb537a26e388a8d7d17faf131abc30c2f7a84e6', '6ed56ce9ae743ba9a87e6c9643cc06b1de7b748d', 'e4a11fd5c34942ba12737f1c8c084489428ee274', '1db13ec43727aca872a0f3836e4023ed85db665e']",0.75,0.6,0.6666666666666665,False,0.4285714285714285,2048,False,5
"[""refactor"", ""ci"", ""test"", ""build""]","[""fix"", ""build"", ""refactor"", ""feat"", ""test""]",0.9332666397094728,"['bed78248c941d57ad4cc20a455147e186e97c7a1', 'e4a11fd5c34942ba12737f1c8c084489428ee274', '062daa45cbd5dba6e96e95d8cdcaee89ae30a83c', 'f823cf28652987d43c8324b4f5b203240032383a', 'c7b25726df94a2530c9b1c0d2b6a0acaa103822f']",0.75,0.6,0.6666666666666665,False,0.4285714285714285,2048,False,5
"[""feat"", ""test"", ""refactor"", ""ci"", ""build""]","[""fix"", ""test"", ""feat"", ""docs"", ""build""]",1.0166313648223877,"['87d5d4e55ab7149b593d29410f1fe426ba2447d4', 'bedc7950b24c37809e36a585b7985d5aa5e3e458', 'ded26d768ff432ad3bde3c0aa1e95ce50726100a', 'a52a585d74894b3b4eeb8c784fa089ff95cddad0', 'c323d59c607cabc91f17a78528d998f376f30b10']",0.6,0.6,0.6,False,0.5714285714285714,2048,False,5
"[""build"", ""ci"", ""feat"", ""refactor"", ""test""]","[""test"", ""docs"", ""feat"", ""build"", ""fix""]",1.10461688041687,"['8ee0611fbf0cd89abe7ae588f22e6ecb843598ea', 'c2ee5cd5e709afd15c5565ee009a0d204403a119', 'fd8e563cc19ca4684885d4692acee6bebcca4ada', '1269431c8a3e7549f10fcbbb4b88ff625c8898b3', '06e2be4e2019b6fa714e1fcb34485860ef1ede79']",0.6,0.6,0.6,False,0.5714285714285714,2048,False,5
"[""feat"", ""docs"", ""build"", ""test"", ""refactor""]","[""docs"", ""feat"", ""build"", ""refactor"", ""test""]",1.0894346237182615,"['a52a585d74894b3b4eeb8c784fa089ff95cddad0', 'f9a094918b62534614c47aa8a13f33aec751a1e0', '1269431c8a3e7549f10fcbbb4b88ff625c8898b3', '535708ae50aecb452560a23356fd396f99ef13a2', 'e0198f74b81da3663144cfe1d971939319f82a0f']",1.0,1.0,1.0,True,0.0,2048,False,5
"[""feat"", ""refactor"", ""test"", ""ci"", ""build""]","[""fix"", ""feat"", ""test"", ""refactor"", ""build""]",1.0132875442504885,"['d129eaf9125a967ac86c6c7276bbae6b4d50af36', '68278b00450f2679761a2999500f6d87a579376b', 'e2e8ad25854bd1e7cdbc7f50b50bbd99e04ad47d', '771857b1df9470ebc15357e8879118a72c649d5b', 'f00a4d3e307b89842250358ee432e6800bb24362']",0.8,0.8,0.8000000000000002,False,0.2857142857142857,2048,False,5
"[""ci"", ""build"", ""test"", ""refactor"", ""feat"", ""docs""]","[""fix"", ""build"", ""refactor"", ""test"", ""docs""]",1.1090679168701172,"['933ab6bb86372913c992567cf9660009900911a7', '37b1cbfd3d2c462ef4f2a131e4172c38dc8d9ddf', '1db13ec43727aca872a0f3836e4023ed85db665e', 'c7b25726df94a2530c9b1c0d2b6a0acaa103822f', 'e12d9e77a6fd531a22325337838a841b1c67f00d']",0.6666666666666666,0.8,0.7272727272727272,False,0.4285714285714285,2048,False,5
"[""refactor"", ""ci"", ""docs"", ""build""]","[""fix"", ""ci"", ""docs"", ""build"", ""feat""]",0.9083857536315918,"['06e2be4e2019b6fa714e1fcb34485860ef1ede79', '4cbbd2552ba0de273e1dfe7d453c5b3efed751a3', 'cb1f48b56ae0de93acb72e48726c7d610a1d538e', 'c323d59c607cabc91f17a78528d998f376f30b10', 'f9a094918b62534614c47aa8a13f33aec751a1e0']",0.75,0.6,0.6666666666666665,False,0.4285714285714285,2048,False,5
"[""feat"", ""build"", ""refactor"", ""ci"", ""test"", ""docs""]","[""feat"", ""build"", ""refactor"", ""docs"", ""fix""]",1.1193866729736328,"['fd8e563cc19ca4684885d4692acee6bebcca4ada', 'f00a4d3e307b89842250358ee432e6800bb24362', '535708ae50aecb452560a23356fd396f99ef13a2', 'e12d9e77a6fd531a22325337838a841b1c67f00d', '9be725fa3906323d4bc9788f54eccf74109d632b']",0.6666666666666666,0.8,0.7272727272727272,False,0.4285714285714285,2048,False,5
"[""test"", ""ci"", ""refactor"", ""docs""]","[""test"", ""docs"", ""refactor"", ""ci"", ""feat""]",0.8845765590667725,"['229b53a632ea97d47c4be11f096bdd828fb415d8', 'bf83c9155e9bee6925aa7102fab53fb803d52533', '062daa45cbd5dba6e96e95d8cdcaee89ae30a83c', '32845e1bbd1efb5dbc16f671049509a409ba25ce', 'dc5238b2bda98a7c4f2fe9584fc3b0191a408109']",1.0,0.8,0.888888888888889,False,0.1428571428571428,2048,False,5
"[""build"", ""test"", ""refactor""]","[""build"", ""docs"", ""fix"", ""test"", ""refactor""]",0.881103515625,"['454003841aabeb74396d73541378bfa59c75b5db', 'e12d9e77a6fd531a22325337838a841b1c67f00d', 'bed78248c941d57ad4cc20a455147e186e97c7a1', 'f411e58cd510f8a2b980b2f1932003a0c0e9f8f3', '062daa45cbd5dba6e96e95d8cdcaee89ae30a83c']",1.0,0.6,0.7499999999999999,False,0.2857142857142857,2048,False,5
"[""build"", ""ci"", ""refactor"", ""test""]","[""build"", ""ci"", ""docs"", ""test"", ""refactor""]",0.918815851211548,"['5b81fde8a72cf2e69a10e9f5c4f0bea0a2b8c3e0', '74e9de5ec97dc013a52aa063dff0f40ac74c407b', 'a52a585d74894b3b4eeb8c784fa089ff95cddad0', 'e0198f74b81da3663144cfe1d971939319f82a0f', '062daa45cbd5dba6e96e95d8cdcaee89ae30a83c']",1.0,0.8,0.888888888888889,False,0.1428571428571428,2048,False,5
"[""feat"", ""docs"", ""ci"", ""refactor"", ""build""]","[""build"", ""ci"", ""docs"", ""refactor"", ""fix""]",0.9652128219604492,"['32b92cfa0b74a6c25990e32ac6aab12b8496794c', '6c9cb638cb4d1ecc42632fcf389c24898c5b3244', 'aca23027da1295c78fdf42ba9687d8ccc88784d7', '47ef9104e4a89e80d7cc6c1950bc080841da4a7b', '2561f4ade46fc9d59f289f328cc77733a6443697']",0.8,0.8,0.8000000000000002,False,0.2857142857142857,2048,False,5
"[""test"", ""docs"", ""build"", ""ci"", ""refactor"", ""feat"", ""fix""]","[""test"", ""docs"", ""fix"", ""feat"", ""build""]",1.297576904296875,"['e0198f74b81da3663144cfe1d971939319f82a0f', 'c2ee5cd5e709afd15c5565ee009a0d204403a119', '9ef5c0d14193a9abb09b39856f58477d1f4b0d77', 'f823cf28652987d43c8324b4f5b203240032383a', 'c44cf88a6ec54e5ddd99d8348bcc57b301ec7945']",0.7142857142857143,1.0,0.8333333333333333,False,0.2857142857142857,2048,False,5
"[""refactor"", ""ci"", ""test"", ""build"", ""docs""]","[""refactor"", ""ci"", ""test"", ""build"", ""feat""]",1.1367466449737549,"['3cca5c314ad6feeffbfe1f14cf49ebd0fd9a95a2', '32845e1bbd1efb5dbc16f671049509a409ba25ce', 'e9617f0854030e70365eb264bcb3b58078e79e9e', '454003841aabeb74396d73541378bfa59c75b5db', 'fd8e563cc19ca4684885d4692acee6bebcca4ada']",0.8,0.8,0.8000000000000002,False,0.2857142857142857,2048,False,5
"[""feat"", ""refactor"", ""ci"", ""build"", ""test"", ""docs""]","[""refactor"", ""feat"", ""build"", ""fix"", ""test""]",1.1805250644683838,"['062daa45cbd5dba6e96e95d8cdcaee89ae30a83c', 'f823cf28652987d43c8324b4f5b203240032383a', 'c44cf88a6ec54e5ddd99d8348bcc57b301ec7945', '933ab6bb86372913c992567cf9660009900911a7', '8ee0611fbf0cd89abe7ae588f22e6ecb843598ea']",0.6666666666666666,0.8,0.7272727272727272,False,0.4285714285714285,2048,False,5
"[""ci"", ""feat"", ""refactor"", ""test""]","[""refactor"", ""test"", ""docs"", ""feat"", ""ci""]",0.9069390296936036,"['36556bf8e0bce4ab6d26eafacbdad04d9614a5d7', '317f4eefecddfb1392ca71d551840f446feee302', '036a0ff49a7dade0e04c9c07071a1ff49133ee24', 'e137f9fdbdb6bf3f85c3f7ac9323785e445844c8', 'e7a67d88173566be3cd3aed7e9eeb7e29aabbc57']",1.0,0.8,0.888888888888889,False,0.1428571428571428,2048,False,5
"[""test"", ""ci"", ""refactor"", ""docs"", ""build""]","[""test"", ""ci"", ""refactor"", ""feat"", ""fix""]",1.093402862548828,"['e0198f74b81da3663144cfe1d971939319f82a0f', '173553c0372e66e03bdab19e0e6c2dd44daa14a0', '062daa45cbd5dba6e96e95d8cdcaee89ae30a83c', 'f823cf28652987d43c8324b4f5b203240032383a', 'bed78248c941d57ad4cc20a455147e186e97c7a1']",0.6,0.6,0.6,False,0.5714285714285714,2048,False,5
"[""ci"", ""feat"", ""refactor"", ""test"", ""build""]","[""ci"", ""refactor"", ""docs"", ""fix"", ""feat""]",1.0323755741119385,"['32845e1bbd1efb5dbc16f671049509a409ba25ce', '63eab619e6166eb6cab948028a7b89bf059dd878', 'af880ac5b4fecbc6c4f3d1eee0d95f326e8bd9d1', '9be725fa3906323d4bc9788f54eccf74109d632b', 'fd8e563cc19ca4684885d4692acee6bebcca4ada']",0.6,0.6,0.6,False,0.5714285714285714,2048,False,5
"[""docs"", ""test"", ""build""]","[""docs"", ""refactor"", ""fix"", ""test"", ""build""]",0.822533369064331,"['bf83c9155e9bee6925aa7102fab53fb803d52533', '3cca5c314ad6feeffbfe1f14cf49ebd0fd9a95a2', '2561f4ade46fc9d59f289f328cc77733a6443697', '317f4eefecddfb1392ca71d551840f446feee302', '454003841aabeb74396d73541378bfa59c75b5db']",1.0,0.6,0.7499999999999999,False,0.2857142857142857,2048,False,5
"[""test"", ""ci"", ""refactor"", ""docs"", ""build""]","[""test"", ""ci"", ""fix"", ""docs"", ""refactor""]",1.077889919281006,"['317f4eefecddfb1392ca71d551840f446feee302', '32845e1bbd1efb5dbc16f671049509a409ba25ce', 'c8e0ae8612df3d6f2831acc004aaac332f6105e4', '6d405dfc1675dcad64a2dfac0c0cb0fb28381d21', '062daa45cbd5dba6e96e95d8cdcaee89ae30a83c']",0.8,0.8,0.8000000000000002,False,0.2857142857142857,2048,False,5
"[""build"", ""ci"", ""docs"", ""test"", ""refactor"", ""fix""]","[""build"", ""ci"", ""test"", ""docs"", ""feat""]",1.1086359024047852,"['c55591ba157298a9c5816693c102a89dfd058830', 'dbb537a26e388a8d7d17faf131abc30c2f7a84e6', 'e0198f74b81da3663144cfe1d971939319f82a0f', '0cfc5633d37ea06f645649138323f1820e18bdee', 'dc5238b2bda98a7c4f2fe9584fc3b0191a408109']",0.6666666666666666,0.8,0.7272727272727272,False,0.4285714285714285,2048,False,5
"[""feat"", ""refactor"", ""test"", ""ci""]","[""refactor"", ""feat"", ""test"", ""fix"", ""ci""]",0.8813447952270508,"['535708ae50aecb452560a23356fd396f99ef13a2', 'dc5238b2bda98a7c4f2fe9584fc3b0191a408109', 'e2e8ad25854bd1e7cdbc7f50b50bbd99e04ad47d', '2561f4ade46fc9d59f289f328cc77733a6443697', 'c5fa7b80438fbd74f4c341f0d3c9bd9e0f4910da']",1.0,0.8,0.888888888888889,False,0.1428571428571428,2048,False,5
"[""ci"", ""refactor"", ""test""]","[""ci"", ""docs"", ""refactor"", ""build"", ""test""]",0.8036234378814697,"['c5fa7b80438fbd74f4c341f0d3c9bd9e0f4910da', 'af880ac5b4fecbc6c4f3d1eee0d95f326e8bd9d1', '47ef9104e4a89e80d7cc6c1950bc080841da4a7b', '37b1cbfd3d2c462ef4f2a131e4172c38dc8d9ddf', 'c7b25726df94a2530c9b1c0d2b6a0acaa103822f']",1.0,0.6,0.7499999999999999,False,0.2857142857142857,2048,False,5
"[""build"", ""docs"", ""refactor""]","[""build"", ""docs"", ""refactor"", ""test"", ""feat""]",0.923874855041504,"['454003841aabeb74396d73541378bfa59c75b5db', 'aca23027da1295c78fdf42ba9687d8ccc88784d7', '771857b1df9470ebc15357e8879118a72c649d5b', 'bedc7950b24c37809e36a585b7985d5aa5e3e458', 'e137f9fdbdb6bf3f85c3f7ac9323785e445844c8']",1.0,0.6,0.7499999999999999,False,0.2857142857142857,2048,False,5
"[""ci"", ""docs"", ""test"", ""refactor""]","[""ci"", ""feat"", ""fix"", ""docs"", ""test""]",0.9574534893035888,"['74e9de5ec97dc013a52aa063dff0f40ac74c407b', 'ded26d768ff432ad3bde3c0aa1e95ce50726100a', '9be725fa3906323d4bc9788f54eccf74109d632b', 'a52a585d74894b3b4eeb8c784fa089ff95cddad0', 'e9617f0854030e70365eb264bcb3b58078e79e9e']",0.75,0.6,0.6666666666666665,False,0.4285714285714285,2048,False,5
"[""feat"", ""test"", ""refactor"", ""ci"", ""build""]","[""feat"", ""build"", ""test"", ""docs"", ""fix""]",1.0346837043762207,"['f9a094918b62534614c47aa8a13f33aec751a1e0', 'e4a11fd5c34942ba12737f1c8c084489428ee274', '229b53a632ea97d47c4be11f096bdd828fb415d8', '036a0ff49a7dade0e04c9c07071a1ff49133ee24', '2561f4ade46fc9d59f289f328cc77733a6443697']",0.6,0.6,0.6,False,0.5714285714285714,2048,False,5
"[""build"", ""ci"", ""docs"", ""test""]","[""build"", ""docs"", ""test"", ""fix"", ""ci""]",0.958327054977417,"['e4a11fd5c34942ba12737f1c8c084489428ee274', 'aca23027da1295c78fdf42ba9687d8ccc88784d7', 'e9617f0854030e70365eb264bcb3b58078e79e9e', '9ef5c0d14193a9abb09b39856f58477d1f4b0d77', '4cbbd2552ba0de273e1dfe7d453c5b3efed751a3']",1.0,0.8,0.888888888888889,False,0.1428571428571428,2048,False,5
"[""feat"", ""refactor"", ""ci"", ""build"", ""test""]","[""feat"", ""fix"", ""ci"", ""docs"", ""test""]",1.0777997970581057,"['f9a094918b62534614c47aa8a13f33aec751a1e0', '2561f4ade46fc9d59f289f328cc77733a6443697', '45837af24a33308a70a3454f0f650f9fe728e272', '036a0ff49a7dade0e04c9c07071a1ff49133ee24', 'b7ce2894fd1794064bd6db4ed730bb6cb7728739']",0.6,0.6,0.6,False,0.5714285714285714,2048,False,5
"[""feat"", ""refactor"", ""ci"", ""build"", ""test"", ""docs""]","[""feat"", ""refactor"", ""build"", ""fix"", ""docs""]",1.1642611026763916,"['ded26d768ff432ad3bde3c0aa1e95ce50726100a', '062daa45cbd5dba6e96e95d8cdcaee89ae30a83c', '37b1cbfd3d2c462ef4f2a131e4172c38dc8d9ddf', '933ab6bb86372913c992567cf9660009900911a7', '036a0ff49a7dade0e04c9c07071a1ff49133ee24']",0.6666666666666666,0.8,0.7272727272727272,False,0.4285714285714285,2048,False,5
"[""test"", ""build"", ""refactor"", ""ci"", ""feat"", ""fix""]","[""test"", ""build"", ""feat"", ""fix"", ""docs""]",1.120896577835083,"['f411e58cd510f8a2b980b2f1932003a0c0e9f8f3', 'c44cf88a6ec54e5ddd99d8348bcc57b301ec7945', '1bcf88670b50155b50071e707f98f30cea0b7a24', '9be725fa3906323d4bc9788f54eccf74109d632b', 'a52a585d74894b3b4eeb8c784fa089ff95cddad0']",0.6666666666666666,0.8,0.7272727272727272,False,0.4285714285714285,2048,False,5
"[""refactor"", ""test"", ""ci"", ""build"", ""feat""]","[""fix"", ""feat"", ""test"", ""ci"", ""docs""]",0.9832923412322998,"['933ab6bb86372913c992567cf9660009900911a7', '6ed56ce9ae743ba9a87e6c9643cc06b1de7b748d', 'e2e8ad25854bd1e7cdbc7f50b50bbd99e04ad47d', 'e96487ad7ce90b141219d9032fa2bed68d5dae6a', '036a0ff49a7dade0e04c9c07071a1ff49133ee24']",0.6,0.6,0.6,False,0.5714285714285714,2048,False,5
"[""test"", ""ci"", ""build""]","[""test"", ""refactor"", ""ci"", ""build"", ""fix""]",0.8375654220581055,"['e0198f74b81da3663144cfe1d971939319f82a0f', '3cca5c314ad6feeffbfe1f14cf49ebd0fd9a95a2', '45837af24a33308a70a3454f0f650f9fe728e272', '5b81fde8a72cf2e69a10e9f5c4f0bea0a2b8c3e0', '9ef5c0d14193a9abb09b39856f58477d1f4b0d77']",1.0,0.6,0.7499999999999999,False,0.2857142857142857,2048,False,5
"[""build"", ""ci"", ""feat"", ""refactor"", ""test""]","[""build"", ""feat"", ""refactor"", ""ci"", ""test""]",1.038996934890747,"['c55591ba157298a9c5816693c102a89dfd058830', '1bcf88670b50155b50071e707f98f30cea0b7a24', '1db13ec43727aca872a0f3836e4023ed85db665e', 'dbb537a26e388a8d7d17faf131abc30c2f7a84e6', 'e2e8ad25854bd1e7cdbc7f50b50bbd99e04ad47d']",1.0,1.0,1.0,True,0.0,2048,False,5
"[""feat"", ""refactor"", ""docs"", ""test"", ""ci"", ""build""]","[""feat"", ""refactor"", ""test"", ""ci"", ""build""]",1.1810965538024902,"['e137f9fdbdb6bf3f85c3f7ac9323785e445844c8', 'a62314d9bb632be6af026686615d14b912250512', 'b7ce2894fd1794064bd6db4ed730bb6cb7728739', '45837af24a33308a70a3454f0f650f9fe728e272', '454003841aabeb74396d73541378bfa59c75b5db']",0.8333333333333334,1.0,0.9090909090909092,False,0.1428571428571428,2048,False,5
"[""test"", ""refactor"", ""build"", ""docs""]","[""test"", ""fix"", ""build"", ""refactor"", ""docs""]",0.939504623413086,"['317f4eefecddfb1392ca71d551840f446feee302', '06e2be4e2019b6fa714e1fcb34485860ef1ede79', '32b92cfa0b74a6c25990e32ac6aab12b8496794c', '535708ae50aecb452560a23356fd396f99ef13a2', 'aca23027da1295c78fdf42ba9687d8ccc88784d7']",1.0,0.8,0.888888888888889,False,0.1428571428571428,2048,False,5
"[""ci"", ""build"", ""test"", ""docs"", ""refactor"", ""feat""]","[""ci"", ""feat"", ""build"", ""fix"", ""test""]",1.1614243984222412,"['173553c0372e66e03bdab19e0e6c2dd44daa14a0', '6ed56ce9ae743ba9a87e6c9643cc06b1de7b748d', '32b92cfa0b74a6c25990e32ac6aab12b8496794c', '933ab6bb86372913c992567cf9660009900911a7', 'e9617f0854030e70365eb264bcb3b58078e79e9e']",0.6666666666666666,0.8,0.7272727272727272,False,0.4285714285714285,2048,False,5
"[""ci"", ""test"", ""build""]","[""ci"", ""test"", ""fix"", ""feat"", ""build""]",0.750046968460083,"['dbb537a26e388a8d7d17faf131abc30c2f7a84e6', 'e2e8ad25854bd1e7cdbc7f50b50bbd99e04ad47d', '933ab6bb86372913c992567cf9660009900911a7', 'b282e90e2cbb74559aab79eee8443a4d7c85502a', 'c55591ba157298a9c5816693c102a89dfd058830']",1.0,0.6,0.7499999999999999,False,0.2857142857142857,2048,False,5
"[""test"", ""ci"", ""refactor"", ""build""]","[""test"", ""build"", ""feat"", ""fix"", ""ci""]",0.9833440780639648,"['317f4eefecddfb1392ca71d551840f446feee302', 'e4a11fd5c34942ba12737f1c8c084489428ee274', 'ded26d768ff432ad3bde3c0aa1e95ce50726100a', 'd129eaf9125a967ac86c6c7276bbae6b4d50af36', '173553c0372e66e03bdab19e0e6c2dd44daa14a0']",0.75,0.6,0.6666666666666665,False,0.4285714285714285,2048,False,5
"[""test"", ""ci"", ""refactor"", ""docs""]","[""test"", ""build"", ""refactor"", ""docs"", ""feat""]",0.8993773460388184,"['bedc7950b24c37809e36a585b7985d5aa5e3e458', '5b81fde8a72cf2e69a10e9f5c4f0bea0a2b8c3e0', '47ef9104e4a89e80d7cc6c1950bc080841da4a7b', 'aca23027da1295c78fdf42ba9687d8ccc88784d7', 'f823cf28652987d43c8324b4f5b203240032383a']",0.75,0.6,0.6666666666666665,False,0.4285714285714285,2048,False,5
"[""build"", ""ci"", ""refactor"", ""docs""]","[""build"", ""ci"", ""feat"", ""docs"", ""fix""]",0.8905618190765381,"['5b81fde8a72cf2e69a10e9f5c4f0bea0a2b8c3e0', 'c5fa7b80438fbd74f4c341f0d3c9bd9e0f4910da', '68278b00450f2679761a2999500f6d87a579376b', 'a52a585d74894b3b4eeb8c784fa089ff95cddad0', '06e2be4e2019b6fa714e1fcb34485860ef1ede79']",0.75,0.6,0.6666666666666665,False,0.4285714285714285,2048,False,5
"[""test"", ""ci"", ""refactor""]","[""test"", ""build"", ""refactor"", ""fix"", ""ci""]",0.8427579402923584,"['e0198f74b81da3663144cfe1d971939319f82a0f', '5b81fde8a72cf2e69a10e9f5c4f0bea0a2b8c3e0', '3cca5c314ad6feeffbfe1f14cf49ebd0fd9a95a2', '87d5d4e55ab7149b593d29410f1fe426ba2447d4', '74e9de5ec97dc013a52aa063dff0f40ac74c407b']",1.0,0.6,0.7499999999999999,False,0.2857142857142857,2048,False,5
"[""feat"", ""test"", ""ci"", ""build"", ""refactor"", ""docs""]","[""feat"", ""build"", ""fix"", ""ci"", ""test""]",1.1634373664855957,"['6ed56ce9ae743ba9a87e6c9643cc06b1de7b748d', 'c323d59c607cabc91f17a78528d998f376f30b10', '87d5d4e55ab7149b593d29410f1fe426ba2447d4', 'c5fa7b80438fbd74f4c341f0d3c9bd9e0f4910da', 'e9617f0854030e70365eb264bcb3b58078e79e9e']",0.6666666666666666,0.8,0.7272727272727272,False,0.4285714285714285,2048,False,5
"[""build"", ""ci"", ""refactor"", ""test""]","[""build"", ""test"", ""refactor"", ""feat"", ""ci""]",0.9123899936676024,"['5b81fde8a72cf2e69a10e9f5c4f0bea0a2b8c3e0', 'e9617f0854030e70365eb264bcb3b58078e79e9e', '2954a0955ce9af6acb345ed1e8328e145ad30475', '68278b00450f2679761a2999500f6d87a579376b', 'e96487ad7ce90b141219d9032fa2bed68d5dae6a']",1.0,0.8,0.888888888888889,False,0.1428571428571428,2048,False,5
"[""ci"", ""feat"", ""refactor""]","[""ci"", ""refactor"", ""docs"", ""feat"", ""fix""]",0.8074564933776855,"['4cbbd2552ba0de273e1dfe7d453c5b3efed751a3', '535708ae50aecb452560a23356fd396f99ef13a2', 'e12d9e77a6fd531a22325337838a841b1c67f00d', 'fd8e563cc19ca4684885d4692acee6bebcca4ada', '9be725fa3906323d4bc9788f54eccf74109d632b']",1.0,0.6,0.7499999999999999,False,0.2857142857142857,2048,False,5
"[""ci"", ""refactor"", ""docs""]","[""ci"", ""fix"", ""feat"", ""docs"", ""refactor""]",0.8501057624816895,"['c5fa7b80438fbd74f4c341f0d3c9bd9e0f4910da', 'bed78248c941d57ad4cc20a455147e186e97c7a1', 'b282e90e2cbb74559aab79eee8443a4d7c85502a', 'bf83c9155e9bee6925aa7102fab53fb803d52533', '771857b1df9470ebc15357e8879118a72c649d5b']",1.0,0.6,0.7499999999999999,False,0.2857142857142857,2048,False,5
"[""feat"", ""refactor""]","[""fix""]",0.5018618106842041,['87d5d4e55ab7149b593d29410f1fe426ba2447d4'],0.0,0.0,0.0,False,0.4285714285714285,2048,False,1
"[""test""]","[""test""]",0.4122004508972168,['317f4eefecddfb1392ca71d551840f446feee302'],1.0,1.0,1.0,True,0.0,2048,False,1
"[""ci""]","[""ci""]",0.4558758735656738,['c5fa7b80438fbd74f4c341f0d3c9bd9e0f4910da'],1.0,1.0,1.0,True,0.0,2048,False,1
"[""ci""]","[""ci""]",0.4467005729675293,['e7a67d88173566be3cd3aed7e9eeb7e29aabbc57'],1.0,1.0,1.0,True,0.0,2048,False,1
"[""feat"", ""refactor""]","[""fix""]",0.5088694095611572,['d129eaf9125a967ac86c6c7276bbae6b4d50af36'],0.0,0.0,0.0,False,0.4285714285714285,2048,False,1
"[""build"", ""ci""]","[""build""]",0.4963397979736328,['1269431c8a3e7549f10fcbbb4b88ff625c8898b3'],0.5,1.0,0.6666666666666666,False,0.1428571428571428,2048,False,1
"[""feat"", ""refactor""]","[""refactor""]",0.5194411277770996,['535708ae50aecb452560a23356fd396f99ef13a2'],0.5,1.0,0.6666666666666666,False,0.1428571428571428,2048,False,1
"[""feat"", ""refactor"", ""ci"", ""build"", ""test"", ""docs""]","[""feat""]",0.9169564247131348,['68278b00450f2679761a2999500f6d87a579376b'],0.1666666666666666,1.0,0.2857142857142857,False,0.7142857142857143,2048,False,1
"[""ci""]","[""ci""]",0.3661682605743408,['6c9cb638cb4d1ecc42632fcf389c24898c5b3244'],1.0,1.0,1.0,True,0.0,2048,False,1
"[""test""]","[""test""]",0.3703789710998535,['c7b25726df94a2530c9b1c0d2b6a0acaa103822f'],1.0,1.0,1.0,True,0.0,2048,False,1
"[""feat"", ""refactor""]","[""feat""]",0.5606842041015625,['1bcf88670b50155b50071e707f98f30cea0b7a24'],0.5,1.0,0.6666666666666666,False,0.1428571428571428,2048,False,1
"[""build"", ""test""]","[""build""]",0.6123809814453125,['454003841aabeb74396d73541378bfa59c75b5db'],0.5,1.0,0.6666666666666666,False,0.1428571428571428,2048,False,1
"[""ci""]","[""ci""]",0.3263916969299316,['dbb537a26e388a8d7d17faf131abc30c2f7a84e6'],1.0,1.0,1.0,True,0.0,2048,False,1
"[""docs""]","[""docs""]",0.3677473068237304,['bf83c9155e9bee6925aa7102fab53fb803d52533'],1.0,1.0,1.0,True,0.0,2048,False,1
"[""feat""]","[""feat""]",0.3669719696044922,['dc5238b2bda98a7c4f2fe9584fc3b0191a408109'],1.0,1.0,1.0,True,0.0,2048,False,1
"[""ci""]","[""ci""]",0.3585677146911621,['74e9de5ec97dc013a52aa063dff0f40ac74c407b'],1.0,1.0,1.0,True,0.0,2048,False,1
"[""test""]","[""test""]",0.3679192066192627,['b7ce2894fd1794064bd6db4ed730bb6cb7728739'],1.0,1.0,1.0,True,0.0,2048,False,1
"[""refactor"", ""build""]","[""build""]",0.4660212993621826,['32b92cfa0b74a6c25990e32ac6aab12b8496794c'],0.5,1.0,0.6666666666666666,False,0.1428571428571428,2048,False,1
"[""refactor"", ""build""]","[""fix""]",0.5530152320861816,['bed78248c941d57ad4cc20a455147e186e97c7a1'],0.0,0.0,0.0,False,0.4285714285714285,2048,False,1
"[""test""]","[""test""]",0.3898382186889648,['f411e58cd510f8a2b980b2f1932003a0c0e9f8f3'],1.0,1.0,1.0,True,0.0,2048,False,1
"[""feat"", ""refactor""]","[""feat""]",0.516686201095581,['f9a094918b62534614c47aa8a13f33aec751a1e0'],0.5,1.0,0.6666666666666666,False,0.1428571428571428,2048,False,1
"[""docs""]","[""docs""]",0.3629779815673828,['aca23027da1295c78fdf42ba9687d8ccc88784d7'],1.0,1.0,1.0,True,0.0,2048,False,1
"[""ci""]","[""build""]",0.399315595626831,['37b1cbfd3d2c462ef4f2a131e4172c38dc8d9ddf'],0.0,0.0,0.0,False,0.2857142857142857,2048,False,1
"[""feat"", ""refactor""]","[""feat""]",0.7747466564178467,['e137f9fdbdb6bf3f85c3f7ac9323785e445844c8'],0.5,1.0,0.6666666666666666,False,0.1428571428571428,2048,False,1
"[""test""]","[""test""]",0.3894555568695068,['e0198f74b81da3663144cfe1d971939319f82a0f'],1.0,1.0,1.0,True,0.0,2048,False,1
"[""ci""]","[""ci""]",0.4400231838226318,['45837af24a33308a70a3454f0f650f9fe728e272'],1.0,1.0,1.0,True,0.0,2048,False,1
"[""docs""]","[""docs""]",0.3831470012664795,['0cfc5633d37ea06f645649138323f1820e18bdee'],1.0,1.0,1.0,True,0.0,2048,False,1
"[""build"", ""test""]","[""test""]",0.723952054977417,['8ee0611fbf0cd89abe7ae588f22e6ecb843598ea'],0.5,1.0,0.6666666666666666,False,0.1428571428571428,2048,False,1
"[""docs"", ""feat""]","[""docs""]",0.4343631267547607,['c2ee5cd5e709afd15c5565ee009a0d204403a119'],0.5,1.0,0.6666666666666666,False,0.1428571428571428,2048,False,1
"[""refactor""]","[""fix""]",0.3997702598571777,['d1d55e787b7d07f763852602b9939a5394607fd9'],0.0,0.0,0.0,False,0.2857142857142857,2048,False,1
"[""build""]","[""build""]",0.389087438583374,['c55591ba157298a9c5816693c102a89dfd058830'],1.0,1.0,1.0,True,0.0,2048,False,1
"[""fix""]","[""fix""]",0.3062379360198974,['9be725fa3906323d4bc9788f54eccf74109d632b'],1.0,1.0,1.0,True,0.0,2048,False,1
"[""build""]","[""build""]",0.380889892578125,['f00a4d3e307b89842250358ee432e6800bb24362'],1.0,1.0,1.0,True,0.0,2048,False,1
"[""feat"", ""docs""]","[""docs""]",0.4660196304321289,['036a0ff49a7dade0e04c9c07071a1ff49133ee24'],0.5,1.0,0.6666666666666666,False,0.1428571428571428,2048,False,1
"[""feat""]","[""docs""]",0.3939104080200195,['6d405dfc1675dcad64a2dfac0c0cb0fb28381d21'],0.0,0.0,0.0,False,0.2857142857142857,2048,False,1
"[""refactor""]","[""refactor""]",0.7005894184112549,['3cca5c314ad6feeffbfe1f14cf49ebd0fd9a95a2'],1.0,1.0,1.0,True,0.0,2048,False,1
"[""test""]","[""docs""]",0.3642055988311767,['af880ac5b4fecbc6c4f3d1eee0d95f326e8bd9d1'],0.0,0.0,0.0,False,0.2857142857142857,2048,False,1
"[""fix""]","[""fix""]",0.3089678287506103,['c8e0ae8612df3d6f2831acc004aaac332f6105e4'],1.0,1.0,1.0,True,0.0,2048,False,1
"[""refactor"", ""docs""]","[""refactor""]",0.6615891456604004,['771857b1df9470ebc15357e8879118a72c649d5b'],0.5,1.0,0.6666666666666666,False,0.1428571428571428,2048,False,1
"[""refactor""]","[""refactor""]",0.3362660408020019,['47ef9104e4a89e80d7cc6c1950bc080841da4a7b'],1.0,1.0,1.0,True,0.0,2048,False,1
"[""test""]","[""refactor""]",0.6156227588653564,['1db13ec43727aca872a0f3836e4023ed85db665e'],0.0,0.0,0.0,False,0.2857142857142857,2048,False,1
"[""refactor""]","[""fix""]",0.3408880233764648,['933ab6bb86372913c992567cf9660009900911a7'],0.0,0.0,0.0,False,0.2857142857142857,2048,False,1
"[""test""]","[""test""]",0.3386056423187256,['e2e8ad25854bd1e7cdbc7f50b50bbd99e04ad47d'],1.0,1.0,1.0,True,0.0,2048,False,1
"[""build""]","[""build""]",0.3893795013427734,['c44cf88a6ec54e5ddd99d8348bcc57b301ec7945'],1.0,1.0,1.0,True,0.0,2048,False,1
"[""ci""]","[""ci""]",0.3111379146575928,['e96487ad7ce90b141219d9032fa2bed68d5dae6a'],1.0,1.0,1.0,True,0.0,2048,False,1
"[""build""]","[""build""]",0.3638856410980224,['5b81fde8a72cf2e69a10e9f5c4f0bea0a2b8c3e0'],1.0,1.0,1.0,True,0.0,2048,False,1
"[""docs""]","[""docs""]",0.6708559989929199,['cb1f48b56ae0de93acb72e48726c7d610a1d538e'],1.0,1.0,1.0,True,0.0,2048,False,1
"[""refactor""]","[""fix""]",0.4726228713989258,['2561f4ade46fc9d59f289f328cc77733a6443697'],0.0,0.0,0.0,False,0.2857142857142857,2048,False,1
"[""refactor""]","[""fix""]",0.4025330543518066,['06e2be4e2019b6fa714e1fcb34485860ef1ede79'],0.0,0.0,0.0,False,0.2857142857142857,2048,False,1
"[""refactor""]","[""refactor""]",0.3380446434020996,['36556bf8e0bce4ab6d26eafacbdad04d9614a5d7'],1.0,1.0,1.0,True,0.0,2048,False,1
"[""build""]","[""build""]",0.3669006824493408,['c323d59c607cabc91f17a78528d998f376f30b10'],1.0,1.0,1.0,True,0.0,2048,False,1
"[""build"", ""refactor""]","[""build""]",0.530005931854248,['e4a11fd5c34942ba12737f1c8c084489428ee274'],0.5,1.0,0.6666666666666666,False,0.1428571428571428,2048,False,1
"[""feat"", ""refactor""]","[""refactor""]",0.5292482376098633,['63eab619e6166eb6cab948028a7b89bf059dd878'],0.5,1.0,0.6666666666666666,False,0.1428571428571428,2048,False,1
"[""docs""]","[""docs""]",0.3407447338104248,['a52a585d74894b3b4eeb8c784fa089ff95cddad0'],1.0,1.0,1.0,True,0.0,2048,False,1
"[""feat"", ""refactor""]","[""feat""]",0.561408281326294,['b282e90e2cbb74559aab79eee8443a4d7c85502a'],0.5,1.0,0.6666666666666666,False,0.1428571428571428,2048,False,1
"[""feat"", ""test"", ""ci"", ""build"", ""docs""]","[""feat""]",0.7858121395111084,['f823cf28652987d43c8324b4f5b203240032383a'],0.2,1.0,0.3333333333333333,False,0.5714285714285714,2048,False,1
"[""refactor""]","[""fix""]",0.3646478652954101,['9ef5c0d14193a9abb09b39856f58477d1f4b0d77'],0.0,0.0,0.0,False,0.2857142857142857,2048,False,1
"[""feat"", ""refactor""]","[""feat""]",0.5999472141265869,['fd8e563cc19ca4684885d4692acee6bebcca4ada'],0.5,1.0,0.6666666666666666,False,0.1428571428571428,2048,False,1
"[""ci""]","[""ci""]",0.3808426856994629,['4cbbd2552ba0de273e1dfe7d453c5b3efed751a3'],1.0,1.0,1.0,True,0.0,2048,False,1
"[""ci"", ""test""]","[""ci""]",0.5745484828948975,['173553c0372e66e03bdab19e0e6c2dd44daa14a0'],0.5,1.0,0.6666666666666666,False,0.1428571428571428,2048,False,1
"[""ci"", ""build""]","[""ci""]",0.7060248851776123,['32845e1bbd1efb5dbc16f671049509a409ba25ce'],0.5,1.0,0.6666666666666666,False,0.1428571428571428,2048,False,1
"[""test""]","[""test""]",0.3634202480316162,['229b53a632ea97d47c4be11f096bdd828fb415d8'],1.0,1.0,1.0,True,0.0,2048,False,1
"[""feat"", ""refactor""]","[""refactor""]",0.4623827934265136,['2954a0955ce9af6acb345ed1e8328e145ad30475'],0.5,1.0,0.6666666666666666,False,0.1428571428571428,2048,False,1
"[""refactor"", ""docs""]","[""refactor""]",0.4937195777893066,['a62314d9bb632be6af026686615d14b912250512'],0.5,1.0,0.6666666666666666,False,0.1428571428571428,2048,False,1
"[""refactor""]","[""refactor""]",0.646308183670044,['062daa45cbd5dba6e96e95d8cdcaee89ae30a83c'],1.0,1.0,1.0,True,0.0,2048,False,1
"[""test""]","[""test""]",0.3875622749328613,['bedc7950b24c37809e36a585b7985d5aa5e3e458'],1.0,1.0,1.0,True,0.0,2048,False,1
"[""feat"", ""refactor""]","[""feat""]",0.7794969081878662,['ded26d768ff432ad3bde3c0aa1e95ce50726100a'],0.5,1.0,0.6666666666666666,False,0.1428571428571428,2048,False,1
"[""ci"", ""test""]","[""test""]",0.5575940608978271,['e9617f0854030e70365eb264bcb3b58078e79e9e'],0.5,1.0,0.6666666666666666,False,0.1428571428571428,2048,False,1
"[""feat"", ""test"", ""ci"", ""build""]","[""feat""]",0.8648872375488281,['6ed56ce9ae743ba9a87e6c9643cc06b1de7b748d'],0.25,1.0,0.4,False,0.4285714285714285,2048,False,1
"[""docs""]","[""docs""]",0.3702678680419922,['e12d9e77a6fd531a22325337838a841b1c67f00d'],1.0,1.0,1.0,True,0.0,2048,False,1
"[""refactor"", ""ci"", ""test"", ""docs"", ""build""]","[""feat"", ""refactor""]",0.937049150466919,"['fd8e563cc19ca4684885d4692acee6bebcca4ada', '36556bf8e0bce4ab6d26eafacbdad04d9614a5d7']",0.2,0.5,0.2857142857142857,False,0.7142857142857143,2048,False,2
"[""ci"", ""build""]","[""ci"", ""build""]",0.5610077381134033,"['45837af24a33308a70a3454f0f650f9fe728e272', '5b81fde8a72cf2e69a10e9f5c4f0bea0a2b8c3e0']",1.0,1.0,1.0,True,0.0,2048,False,2
"[""feat"", ""refactor"", ""test""]","[""refactor"", ""docs""]",0.6520497798919678,"['535708ae50aecb452560a23356fd396f99ef13a2', 'af880ac5b4fecbc6c4f3d1eee0d95f326e8bd9d1']",0.3333333333333333,0.5,0.4,False,0.4285714285714285,2048,False,2
"[""feat"", ""fix"", ""refactor"", ""docs"", ""test"", ""ci"", ""build""]","[""feat"", ""refactor""]",1.1506507396697998,"['68278b00450f2679761a2999500f6d87a579376b', '63eab619e6166eb6cab948028a7b89bf059dd878']",0.2857142857142857,1.0,0.4444444444444445,False,0.7142857142857143,2048,False,2
"[""ci"", ""test""]","[""ci"", ""test""]",0.4957096576690674,"['dbb537a26e388a8d7d17faf131abc30c2f7a84e6', 'f411e58cd510f8a2b980b2f1932003a0c0e9f8f3']",1.0,1.0,1.0,True,0.0,2048,False,2
"[""test"", ""ci""]","[""test"", ""ci""]",0.5802764892578125,"['e2e8ad25854bd1e7cdbc7f50b50bbd99e04ad47d', 'c5fa7b80438fbd74f4c341f0d3c9bd9e0f4910da']",1.0,1.0,1.0,True,0.0,2048,False,2
"[""ci"", ""build""]","[""ci"", ""build""]",0.6235918998718262,"['45837af24a33308a70a3454f0f650f9fe728e272', '1269431c8a3e7549f10fcbbb4b88ff625c8898b3']",1.0,1.0,1.0,True,0.0,2048,False,2
"[""feat"", ""refactor"", ""test""]","[""feat"", ""test""]",0.7545969486236572,"['1bcf88670b50155b50071e707f98f30cea0b7a24', 'f411e58cd510f8a2b980b2f1932003a0c0e9f8f3']",0.6666666666666666,1.0,0.8,False,0.1428571428571428,2048,False,2
"[""fix"", ""docs""]","[""fix"", ""docs""]",0.4332056045532226,"['9be725fa3906323d4bc9788f54eccf74109d632b', '0cfc5633d37ea06f645649138323f1820e18bdee']",1.0,1.0,1.0,True,0.0,2048,False,2
"[""refactor"", ""ci""]","[""fix"", ""ci""]",0.4434382915496826,"['9be725fa3906323d4bc9788f54eccf74109d632b', 'e96487ad7ce90b141219d9032fa2bed68d5dae6a']",0.5,0.5,0.5,False,0.2857142857142857,2048,False,2
"[""test"", ""ci"", ""refactor""]","[""build"", ""test""]",0.7843077182769775,"['1269431c8a3e7549f10fcbbb4b88ff625c8898b3', '317f4eefecddfb1392ca71d551840f446feee302']",0.3333333333333333,0.5,0.4,False,0.4285714285714285,2048,False,2
"[""ci"", ""docs""]","[""ci"", ""docs""]",0.4913043975830078,"['dbb537a26e388a8d7d17faf131abc30c2f7a84e6', '0cfc5633d37ea06f645649138323f1820e18bdee']",1.0,1.0,1.0,True,0.0,2048,False,2
"[""refactor"", ""build""]","[""refactor"", ""build""]",0.8212480545043945,"['3cca5c314ad6feeffbfe1f14cf49ebd0fd9a95a2', '454003841aabeb74396d73541378bfa59c75b5db']",1.0,1.0,1.0,True,0.0,2048,False,2
"[""refactor"", ""ci"", ""build"", ""test"", ""docs"", ""feat"", ""fix""]","[""fix"", ""refactor""]",1.2158725261688232,"['2561f4ade46fc9d59f289f328cc77733a6443697', '062daa45cbd5dba6e96e95d8cdcaee89ae30a83c']",0.2857142857142857,1.0,0.4444444444444445,False,0.7142857142857143,2048,False,2
"[""build"", ""ci""]","[""build"", ""ci""]",0.4939846992492676,"['c44cf88a6ec54e5ddd99d8348bcc57b301ec7945', 'dbb537a26e388a8d7d17faf131abc30c2f7a84e6']",1.0,1.0,1.0,True,0.0,2048,False,2
"[""feat"", ""refactor"", ""test"", ""ci"", ""build"", ""docs""]","[""build"", ""refactor""]",1.0117971897125244,"['32b92cfa0b74a6c25990e32ac6aab12b8496794c', '63eab619e6166eb6cab948028a7b89bf059dd878']",0.3333333333333333,1.0,0.5,False,0.5714285714285714,2048,False,2
"[""feat"", ""ci""]","[""feat"", ""docs""]",0.491816759109497,"['dc5238b2bda98a7c4f2fe9584fc3b0191a408109', 'e12d9e77a6fd531a22325337838a841b1c67f00d']",0.5,0.5,0.5,False,0.2857142857142857,2048,False,2
"[""ci"", ""docs""]","[""ci"", ""docs""]",0.6284539699554443,"['32845e1bbd1efb5dbc16f671049509a409ba25ce', 'bf83c9155e9bee6925aa7102fab53fb803d52533']",1.0,1.0,1.0,True,0.0,2048,False,2
"[""feat"", ""test"", ""ci"", ""build""]","[""fix"", ""feat""]",0.8516647815704346,"['d129eaf9125a967ac86c6c7276bbae6b4d50af36', '6ed56ce9ae743ba9a87e6c9643cc06b1de7b748d']",0.25,0.5,0.3333333333333333,False,0.5714285714285714,2048,False,2
"[""feat"", ""ci""]","[""feat"", ""ci""]",0.6429357528686523,"['1bcf88670b50155b50071e707f98f30cea0b7a24', '74e9de5ec97dc013a52aa063dff0f40ac74c407b']",1.0,1.0,1.0,True,0.0,2048,False,2
"[""feat"", ""ci""]","[""docs"", ""ci""]",0.4942378997802734,"['036a0ff49a7dade0e04c9c07071a1ff49133ee24', '4cbbd2552ba0de273e1dfe7d453c5b3efed751a3']",0.5,0.5,0.5,False,0.2857142857142857,2048,False,2
"[""feat"", ""docs"", ""test"", ""ci"", ""build""]","[""test"", ""docs""]",1.031688213348389,"['e9617f0854030e70365eb264bcb3b58078e79e9e', 'cb1f48b56ae0de93acb72e48726c7d610a1d538e']",0.4,1.0,0.5714285714285715,False,0.4285714285714285,2048,False,2
"[""docs"", ""feat""]","[""docs"", ""feat""]",0.5761744976043701,"['aca23027da1295c78fdf42ba9687d8ccc88784d7', 'f823cf28652987d43c8324b4f5b203240032383a']",1.0,1.0,1.0,True,0.0,2048,False,2
"[""refactor"", ""test"", ""ci"", ""build"", ""docs"", ""feat"", ""fix""]","[""refactor"", ""fix""]",1.017049789428711,"['47ef9104e4a89e80d7cc6c1950bc080841da4a7b', '06e2be4e2019b6fa714e1fcb34485860ef1ede79']",0.2857142857142857,1.0,0.4444444444444445,False,0.7142857142857143,2048,False,2
"[""build"", ""ci""]","[""build"", ""ci""]",0.4797694683074951,"['5b81fde8a72cf2e69a10e9f5c4f0bea0a2b8c3e0', 'dbb537a26e388a8d7d17faf131abc30c2f7a84e6']",1.0,1.0,1.0,True,0.0,2048,False,2
"[""build"", ""refactor""]","[""build"", ""refactor""]",0.4964821338653564,"['5b81fde8a72cf2e69a10e9f5c4f0bea0a2b8c3e0', '36556bf8e0bce4ab6d26eafacbdad04d9614a5d7']",1.0,1.0,1.0,True,0.0,2048,False,2
"[""feat"", ""test""]","[""fix"", ""test""]",0.5758488178253174,"['9ef5c0d14193a9abb09b39856f58477d1f4b0d77', 'b7ce2894fd1794064bd6db4ed730bb6cb7728739']",0.5,0.5,0.5,False,0.2857142857142857,2048,False,2
"[""build"", ""docs"", ""test"", ""ci"", ""feat"", ""fix"", ""refactor""]","[""build"", ""docs""]",1.05950927734375,"['c323d59c607cabc91f17a78528d998f376f30b10', 'c2ee5cd5e709afd15c5565ee009a0d204403a119']",0.2857142857142857,1.0,0.4444444444444445,False,0.7142857142857143,2048,False,2
"[""refactor"", ""ci""]","[""fix"", ""ci""]",0.4503769874572754,"['9be725fa3906323d4bc9788f54eccf74109d632b', 'dbb537a26e388a8d7d17faf131abc30c2f7a84e6']",0.5,0.5,0.5,False,0.2857142857142857,2048,False,2
"[""refactor"", ""ci""]","[""fix"", ""ci""]",0.5816869735717773,"['9be725fa3906323d4bc9788f54eccf74109d632b', 'e7a67d88173566be3cd3aed7e9eeb7e29aabbc57']",0.5,0.5,0.5,False,0.2857142857142857,2048,False,2
"[""docs"", ""refactor""]","[""docs"", ""refactor""]",0.6292157173156738,"['c2ee5cd5e709afd15c5565ee009a0d204403a119', '062daa45cbd5dba6e96e95d8cdcaee89ae30a83c']",1.0,1.0,1.0,True,0.0,2048,False,2
"[""feat"", ""refactor""]","[""fix"", ""feat""]",0.6622951030731201,"['933ab6bb86372913c992567cf9660009900911a7', 'e137f9fdbdb6bf3f85c3f7ac9323785e445844c8']",0.5,0.5,0.5,False,0.2857142857142857,2048,False,2
"[""refactor"", ""build""]","[""fix"", ""build""]",0.524738073348999,"['9be725fa3906323d4bc9788f54eccf74109d632b', 'c44cf88a6ec54e5ddd99d8348bcc57b301ec7945']",0.5,0.5,0.5,False,0.2857142857142857,2048,False,2
"[""ci"", ""test"", ""build""]","[""ci"", ""docs""]",0.7176761627197266,"['173553c0372e66e03bdab19e0e6c2dd44daa14a0', 'e12d9e77a6fd531a22325337838a841b1c67f00d']",0.3333333333333333,0.5,0.4,False,0.4285714285714285,2048,False,2
"[""ci"", ""feat""]","[""ci"", ""feat""]",0.541919469833374,"['6c9cb638cb4d1ecc42632fcf389c24898c5b3244', 'f823cf28652987d43c8324b4f5b203240032383a']",1.0,1.0,1.0,True,0.0,2048,False,2
"[""ci"", ""docs"", ""test""]","[""ci"", ""docs""]",0.675743818283081,"['74e9de5ec97dc013a52aa063dff0f40ac74c407b', 'c2ee5cd5e709afd15c5565ee009a0d204403a119']",0.6666666666666666,1.0,0.8,False,0.1428571428571428,2048,False,2
"[""test""]","[""test"", ""build""]",0.504812479019165,"['317f4eefecddfb1392ca71d551840f446feee302', '5b81fde8a72cf2e69a10e9f5c4f0bea0a2b8c3e0']",1.0,0.5,0.6666666666666666,False,0.1428571428571428,2048,False,2
"[""feat"", ""docs"", ""test"", ""ci"", ""build""]","[""docs"", ""feat""]",0.8789207935333252,"['a52a585d74894b3b4eeb8c784fa089ff95cddad0', 'f823cf28652987d43c8324b4f5b203240032383a']",0.4,1.0,0.5714285714285715,False,0.4285714285714285,2048,False,2
"[""refactor"", ""build""]","[""refactor"", ""build""]",0.507901668548584,"['47ef9104e4a89e80d7cc6c1950bc080841da4a7b', '5b81fde8a72cf2e69a10e9f5c4f0bea0a2b8c3e0']",1.0,1.0,1.0,True,0.0,2048,False,2
"[""feat"", ""refactor"", ""docs"", ""test"", ""ci"", ""build""]","[""feat"", ""refactor""]",1.185868501663208,"['e137f9fdbdb6bf3f85c3f7ac9323785e445844c8', '771857b1df9470ebc15357e8879118a72c649d5b']",0.3333333333333333,1.0,0.5,False,0.5714285714285714,2048,False,2
"[""feat"", ""test"", ""refactor"", ""docs"", ""ci"", ""build""]","[""feat"", ""fix""]",1.0682010650634766,"['6ed56ce9ae743ba9a87e6c9643cc06b1de7b748d', 'd1d55e787b7d07f763852602b9939a5394607fd9']",0.1666666666666666,0.5,0.25,False,0.8571428571428571,2048,False,2
"[""build"", ""docs""]","[""build"", ""docs""]",0.4926075935363769,"['c323d59c607cabc91f17a78528d998f376f30b10', '0cfc5633d37ea06f645649138323f1820e18bdee']",1.0,1.0,1.0,True,0.0,2048,False,2
"[""feat"", ""build"", ""test"", ""refactor"", ""docs""]","[""test"", ""refactor""]",0.9912073612213136,"['8ee0611fbf0cd89abe7ae588f22e6ecb843598ea', '2954a0955ce9af6acb345ed1e8328e145ad30475']",0.4,1.0,0.5714285714285715,False,0.4285714285714285,2048,False,2
"[""refactor"", ""test""]","[""refactor"", ""fix""]",0.5203580856323242,"['36556bf8e0bce4ab6d26eafacbdad04d9614a5d7', 'c8e0ae8612df3d6f2831acc004aaac332f6105e4']",0.5,0.5,0.5,False,0.2857142857142857,2048,False,2
"[""ci"", ""build"", ""refactor""]","[""build"", ""ci""]",0.7891628742218018,"['e4a11fd5c34942ba12737f1c8c084489428ee274', '173553c0372e66e03bdab19e0e6c2dd44daa14a0']",0.6666666666666666,1.0,0.8,False,0.1428571428571428,2048,False,2
"[""refactor"", ""feat""]","[""fix"", ""feat""]",0.554222822189331,"['c8e0ae8612df3d6f2831acc004aaac332f6105e4', 'f9a094918b62534614c47aa8a13f33aec751a1e0']",0.5,0.5,0.5,False,0.2857142857142857,2048,False,2
"[""fix"", ""refactor"", ""docs"", ""ci"", ""build""]","[""refactor"", ""docs""]",0.9872848987579346,"['771857b1df9470ebc15357e8879118a72c649d5b', '0cfc5633d37ea06f645649138323f1820e18bdee']",0.4,1.0,0.5714285714285715,False,0.4285714285714285,2048,False,2
"[""feat"", ""test"", ""ci"", ""build"", ""docs"", ""refactor""]","[""feat"", ""fix""]",1.0771808624267578,"['6ed56ce9ae743ba9a87e6c9643cc06b1de7b748d', '87d5d4e55ab7149b593d29410f1fe426ba2447d4']",0.1666666666666666,0.5,0.25,False,0.8571428571428571,2048,False,2
"[""test"", ""refactor""]","[""refactor"", ""test""]",0.692246675491333,"['1db13ec43727aca872a0f3836e4023ed85db665e', '229b53a632ea97d47c4be11f096bdd828fb415d8']",1.0,1.0,1.0,True,0.0,2048,False,2
"[""test"", ""feat""]","[""test"", ""refactor""]",0.7122502326965332,"['317f4eefecddfb1392ca71d551840f446feee302', '63eab619e6166eb6cab948028a7b89bf059dd878']",0.5,0.5,0.5,False,0.2857142857142857,2048,False,2
"[""refactor"", ""build""]","[""docs"", ""build""]",0.5545437335968018,"['e12d9e77a6fd531a22325337838a841b1c67f00d', 'c44cf88a6ec54e5ddd99d8348bcc57b301ec7945']",0.5,0.5,0.5,False,0.2857142857142857,2048,False,2
"[""test"", ""ci""]","[""refactor"", ""build""]",0.5670948028564453,"['1db13ec43727aca872a0f3836e4023ed85db665e', '32b92cfa0b74a6c25990e32ac6aab12b8496794c']",0.0,0.0,0.0,False,0.5714285714285714,2048,False,2
"[""docs"", ""refactor"", ""build""]","[""docs"", ""fix""]",0.7112510204315186,"['c2ee5cd5e709afd15c5565ee009a0d204403a119', 'bed78248c941d57ad4cc20a455147e186e97c7a1']",0.3333333333333333,0.5,0.4,False,0.4285714285714285,2048,False,2
"[""docs"", ""ci"", ""build""]","[""docs"", ""ci""]",0.7128171920776367,"['bf83c9155e9bee6925aa7102fab53fb803d52533', '173553c0372e66e03bdab19e0e6c2dd44daa14a0']",0.6666666666666666,1.0,0.8,False,0.1428571428571428,2048,False,2
"[""refactor"", ""ci""]","[""refactor"", ""ci""]",0.5170071125030518,"['36556bf8e0bce4ab6d26eafacbdad04d9614a5d7', '74e9de5ec97dc013a52aa063dff0f40ac74c407b']",1.0,1.0,1.0,True,0.0,2048,False,2
"[""feat"", ""test"", ""ci"", ""refactor""]","[""test"", ""fix""]",0.8143632411956787,"['e9617f0854030e70365eb264bcb3b58078e79e9e', '87d5d4e55ab7149b593d29410f1fe426ba2447d4']",0.25,0.5,0.3333333333333333,False,0.5714285714285714,2048,False,2
"[""feat"", ""refactor""]","[""feat"", ""refactor""]",0.6571743488311768,"['e137f9fdbdb6bf3f85c3f7ac9323785e445844c8', '47ef9104e4a89e80d7cc6c1950bc080841da4a7b']",1.0,1.0,1.0,True,0.0,2048,False,2
"[""refactor"", ""ci""]","[""fix"", ""ci""]",0.5940933227539062,"['2561f4ade46fc9d59f289f328cc77733a6443697', '74e9de5ec97dc013a52aa063dff0f40ac74c407b']",0.5,0.5,0.5,False,0.2857142857142857,2048,False,2
"[""build"", ""ci""]","[""build"", ""ci""]",0.4864416122436523,"['5b81fde8a72cf2e69a10e9f5c4f0bea0a2b8c3e0', 'e96487ad7ce90b141219d9032fa2bed68d5dae6a']",1.0,1.0,1.0,True,0.0,2048,False,2
[],"[""build"", ""test""]",695.5217087268829,"['32b92cfa0b74a6c25990e32ac6aab12b8496794c', '8ee0611fbf0cd89abe7ae588f22e6ecb843598ea']",0.0,0.0,0.0,False,0.2857142857142857,2048,False,2
"[""test"", ""ci""]","[""refactor"", ""ci""]",0.6855440139770508,"['1db13ec43727aca872a0f3836e4023ed85db665e', '74e9de5ec97dc013a52aa063dff0f40ac74c407b']",0.5,0.5,0.5,False,0.2857142857142857,2048,False,2
"[""refactor"", ""build""]","[""fix"", ""build""]",0.6326584815979004,"['2561f4ade46fc9d59f289f328cc77733a6443697', 'c55591ba157298a9c5816693c102a89dfd058830']",0.5,0.5,0.5,False,0.2857142857142857,2048,False,2
"[""build"", ""test""]","[""build"", ""refactor""]",0.5653872489929199,"['5b81fde8a72cf2e69a10e9f5c4f0bea0a2b8c3e0', '1db13ec43727aca872a0f3836e4023ed85db665e']",0.5,0.5,0.5,False,0.2857142857142857,2048,False,2
"[""build"", ""test"", ""ci"", ""refactor""]","[""test"", ""ci""]",0.8677241802215576,"['8ee0611fbf0cd89abe7ae588f22e6ecb843598ea', 'e96487ad7ce90b141219d9032fa2bed68d5dae6a']",0.5,1.0,0.6666666666666666,False,0.2857142857142857,2048,False,2
"[""refactor"", ""test""]","[""test"", ""refactor""]",0.7131953239440918,"['bedc7950b24c37809e36a585b7985d5aa5e3e458', '062daa45cbd5dba6e96e95d8cdcaee89ae30a83c']",1.0,1.0,1.0,True,0.0,2048,False,2
"[""ci"", ""feat"", ""refactor""]","[""ci"", ""refactor""]",0.7768716812133789,"['74e9de5ec97dc013a52aa063dff0f40ac74c407b', '63eab619e6166eb6cab948028a7b89bf059dd878']",0.6666666666666666,1.0,0.8,False,0.1428571428571428,2048,False,2
"[""test""]","[""test"", ""docs""]",0.5028324127197266,"['317f4eefecddfb1392ca71d551840f446feee302', 'af880ac5b4fecbc6c4f3d1eee0d95f326e8bd9d1']",1.0,0.5,0.6666666666666666,False,0.1428571428571428,2048,False,2
"[""feat"", ""fix""]","[""feat"", ""fix""]",0.5302433967590332,"['dc5238b2bda98a7c4f2fe9584fc3b0191a408109', '9ef5c0d14193a9abb09b39856f58477d1f4b0d77']",1.0,1.0,1.0,True,0.0,2048,False,2
"[""build"", ""ci"", ""docs"", ""feat"", ""fix"", ""refactor"", ""test""]","[""build"", ""docs""]",1.075700044631958,"['e4a11fd5c34942ba12737f1c8c084489428ee274', 'e12d9e77a6fd531a22325337838a841b1c67f00d']",0.2857142857142857,1.0,0.4444444444444445,False,0.7142857142857143,2048,False,2
"[""feat"", ""test"", ""docs"", ""refactor"", ""ci"", ""build""]","[""feat"", ""refactor""]",1.1716704368591309,"['6ed56ce9ae743ba9a87e6c9643cc06b1de7b748d', '63eab619e6166eb6cab948028a7b89bf059dd878']",0.3333333333333333,1.0,0.5,False,0.5714285714285714,2048,False,2
"[""ci"", ""feat"", ""docs""]","[""ci"", ""fix"", ""docs""]",0.7133214473724365,"['dbb537a26e388a8d7d17faf131abc30c2f7a84e6', 'd129eaf9125a967ac86c6c7276bbae6b4d50af36', 'cb1f48b56ae0de93acb72e48726c7d610a1d538e']",0.6666666666666666,0.6666666666666666,0.6666666666666666,False,0.2857142857142857,2048,False,3
"[""refactor"", ""test"", ""ci"", ""build""]","[""fix"", ""refactor"", ""feat""]",0.9334814548492432,"['933ab6bb86372913c992567cf9660009900911a7', '3cca5c314ad6feeffbfe1f14cf49ebd0fd9a95a2', '6ed56ce9ae743ba9a87e6c9643cc06b1de7b748d']",0.25,0.3333333333333333,0.2857142857142857,False,0.7142857142857143,2048,False,3
"[""build"", ""refactor"", ""test"", ""ci""]","[""build"", ""feat"", ""ci""]",0.8336629867553711,"['5b81fde8a72cf2e69a10e9f5c4f0bea0a2b8c3e0', 'e137f9fdbdb6bf3f85c3f7ac9323785e445844c8', '32845e1bbd1efb5dbc16f671049509a409ba25ce']",0.5,0.6666666666666666,0.5714285714285715,False,0.4285714285714285,2048,False,3
"[""ci"", ""feat"", ""refactor"", ""build""]","[""ci"", ""docs"", ""feat""]",0.948634386062622,"['45837af24a33308a70a3454f0f650f9fe728e272', '6d405dfc1675dcad64a2dfac0c0cb0fb28381d21', 'f823cf28652987d43c8324b4f5b203240032383a']",0.5,0.6666666666666666,0.5714285714285715,False,0.4285714285714285,2048,False,3
"[""ci"", ""docs"", ""build""]","[""ci"", ""docs"", ""build""]",0.621436595916748,"['6c9cb638cb4d1ecc42632fcf389c24898c5b3244', 'bf83c9155e9bee6925aa7102fab53fb803d52533', 'c323d59c607cabc91f17a78528d998f376f30b10']",1.0,1.0,1.0,True,0.0,2048,False,3
"[""test"", ""ci"", ""feat""]","[""test"", ""docs"", ""fix""]",0.6750781536102295,"['229b53a632ea97d47c4be11f096bdd828fb415d8', 'e12d9e77a6fd531a22325337838a841b1c67f00d', 'd129eaf9125a967ac86c6c7276bbae6b4d50af36']",0.3333333333333333,0.3333333333333333,0.3333333333333333,False,0.5714285714285714,2048,False,3
"[""feat"", ""docs"", ""refactor""]","[""feat"", ""docs"", ""refactor""]",0.7504286766052246,"['68278b00450f2679761a2999500f6d87a579376b', 'c2ee5cd5e709afd15c5565ee009a0d204403a119', '535708ae50aecb452560a23356fd396f99ef13a2']",1.0,1.0,1.0,True,0.0,2048,False,3
"[""fix"", ""ci"", ""test""]","[""docs"", ""ci"", ""test""]",0.6587784290313721,"['0cfc5633d37ea06f645649138323f1820e18bdee', '6c9cb638cb4d1ecc42632fcf389c24898c5b3244', 'f411e58cd510f8a2b980b2f1932003a0c0e9f8f3']",0.6666666666666666,0.6666666666666666,0.6666666666666666,False,0.2857142857142857,2048,False,3
"[""refactor"", ""build""]","[""build"", ""fix"", ""refactor""]",0.5968489646911621,"['1269431c8a3e7549f10fcbbb4b88ff625c8898b3', '933ab6bb86372913c992567cf9660009900911a7', '36556bf8e0bce4ab6d26eafacbdad04d9614a5d7']",1.0,0.6666666666666666,0.8,False,0.1428571428571428,2048,False,3
"[""test"", ""refactor"", ""docs""]","[""test"", ""fix"", ""docs""]",0.7017443180084229,"['c7b25726df94a2530c9b1c0d2b6a0acaa103822f', '933ab6bb86372913c992567cf9660009900911a7', 'c2ee5cd5e709afd15c5565ee009a0d204403a119']",0.6666666666666666,0.6666666666666666,0.6666666666666666,False,0.2857142857142857,2048,False,3
"[""refactor"", ""build"", ""docs"", ""test"", ""ci""]","[""build"", ""refactor"", ""fix""]",1.0201294422149658,"['32b92cfa0b74a6c25990e32ac6aab12b8496794c', '771857b1df9470ebc15357e8879118a72c649d5b', '06e2be4e2019b6fa714e1fcb34485860ef1ede79']",0.4,0.6666666666666666,0.5,False,0.5714285714285714,2048,False,3
"[""test"", ""ci""]","[""test"", ""docs"", ""build""]",0.5714950561523438,"['f411e58cd510f8a2b980b2f1932003a0c0e9f8f3', '036a0ff49a7dade0e04c9c07071a1ff49133ee24', 'c44cf88a6ec54e5ddd99d8348bcc57b301ec7945']",0.5,0.3333333333333333,0.4,False,0.4285714285714285,2048,False,3
"[""feat"", ""test"", ""docs"", ""build"", ""refactor""]","[""feat"", ""test"", ""refactor""]",0.9846591949462892,"['6ed56ce9ae743ba9a87e6c9643cc06b1de7b748d', 'c7b25726df94a2530c9b1c0d2b6a0acaa103822f', '535708ae50aecb452560a23356fd396f99ef13a2']",0.6,1.0,0.7499999999999999,False,0.2857142857142857,2048,False,3
"[""feat"", ""refactor"", ""docs""]","[""docs"", ""feat"", ""fix""]",0.7855584621429443,"['6d405dfc1675dcad64a2dfac0c0cb0fb28381d21', 'ded26d768ff432ad3bde3c0aa1e95ce50726100a', 'd129eaf9125a967ac86c6c7276bbae6b4d50af36']",0.6666666666666666,0.6666666666666666,0.6666666666666666,False,0.2857142857142857,2048,False,3
"[""ci"", ""docs"", ""refactor""]","[""ci"", ""docs"", ""fix""]",0.836580753326416,"['e7a67d88173566be3cd3aed7e9eeb7e29aabbc57', 'c2ee5cd5e709afd15c5565ee009a0d204403a119', 'bed78248c941d57ad4cc20a455147e186e97c7a1']",0.6666666666666666,0.6666666666666666,0.6666666666666666,False,0.2857142857142857,2048,False,3
"[""ci"", ""docs"", ""feat""]","[""ci"", ""docs"", ""fix""]",0.7284648418426514,"['74e9de5ec97dc013a52aa063dff0f40ac74c407b', 'aca23027da1295c78fdf42ba9687d8ccc88784d7', 'd129eaf9125a967ac86c6c7276bbae6b4d50af36']",0.6666666666666666,0.6666666666666666,0.6666666666666666,False,0.2857142857142857,2048,False,3
"[""test"", ""refactor"", ""build""]","[""test"", ""fix"", ""build""]",0.7551183700561523,"['c7b25726df94a2530c9b1c0d2b6a0acaa103822f', 'bed78248c941d57ad4cc20a455147e186e97c7a1', 'c55591ba157298a9c5816693c102a89dfd058830']",0.6666666666666666,0.6666666666666666,0.6666666666666666,False,0.2857142857142857,2048,False,3
"[""ci"", ""docs"", ""refactor""]","[""docs"", ""ci"", ""fix""]",0.7923848628997803,"['a52a585d74894b3b4eeb8c784fa089ff95cddad0', 'e7a67d88173566be3cd3aed7e9eeb7e29aabbc57', 'bed78248c941d57ad4cc20a455147e186e97c7a1']",0.6666666666666666,0.6666666666666666,0.6666666666666666,False,0.2857142857142857,2048,False,3
"[""build"", ""ci"", ""test""]","[""build"", ""ci"", ""test""]",0.6414573192596436,"['f00a4d3e307b89842250358ee432e6800bb24362', '6c9cb638cb4d1ecc42632fcf389c24898c5b3244', 'c7b25726df94a2530c9b1c0d2b6a0acaa103822f']",1.0,1.0,1.0,True,0.0,2048,False,3
"[""feat"", ""refactor"", ""fix"", ""ci"", ""build"", ""test"", ""docs""]","[""refactor"", ""feat"", ""fix""]",1.1141953468322754,"['2954a0955ce9af6acb345ed1e8328e145ad30475', 'dc5238b2bda98a7c4f2fe9584fc3b0191a408109', '9ef5c0d14193a9abb09b39856f58477d1f4b0d77']",0.4285714285714285,1.0,0.6,False,0.5714285714285714,2048,False,3
"[""ci"", ""test"", ""refactor""]","[""ci"", ""test"", ""fix""]",0.702547550201416,"['4cbbd2552ba0de273e1dfe7d453c5b3efed751a3', 'f411e58cd510f8a2b980b2f1932003a0c0e9f8f3', '06e2be4e2019b6fa714e1fcb34485860ef1ede79']",0.6666666666666666,0.6666666666666666,0.6666666666666666,False,0.2857142857142857,2048,False,3
"[""feat"", ""refactor"", ""test"", ""ci"", ""build""]","[""feat"", ""refactor"", ""build""]",1.0640809535980225,"['b282e90e2cbb74559aab79eee8443a4d7c85502a', '1db13ec43727aca872a0f3836e4023ed85db665e', '37b1cbfd3d2c462ef4f2a131e4172c38dc8d9ddf']",0.6,1.0,0.7499999999999999,False,0.2857142857142857,2048,False,3
"[""feat"", ""refactor"", ""ci"", ""build""]","[""fix"", ""feat"", ""ci""]",0.9440596103668212,"['d129eaf9125a967ac86c6c7276bbae6b4d50af36', 'fd8e563cc19ca4684885d4692acee6bebcca4ada', '173553c0372e66e03bdab19e0e6c2dd44daa14a0']",0.5,0.6666666666666666,0.5714285714285715,False,0.4285714285714285,2048,False,3
"[""feat"", ""test""]","[""docs"", ""refactor"", ""test""]",0.6089737415313721,"['036a0ff49a7dade0e04c9c07071a1ff49133ee24', '63eab619e6166eb6cab948028a7b89bf059dd878', '229b53a632ea97d47c4be11f096bdd828fb415d8']",0.5,0.3333333333333333,0.4,False,0.4285714285714285,2048,False,3
"[""test"", ""ci"", ""feat""]","[""test"", ""ci"", ""feat""]",0.7892687320709229,"['c7b25726df94a2530c9b1c0d2b6a0acaa103822f', '32845e1bbd1efb5dbc16f671049509a409ba25ce', 'b282e90e2cbb74559aab79eee8443a4d7c85502a']",1.0,1.0,1.0,True,0.0,2048,False,3
"[""feat"", ""build"", ""refactor""]","[""feat"", ""build"", ""refactor""]",0.6737384796142578,"['f9a094918b62534614c47aa8a13f33aec751a1e0', '5b81fde8a72cf2e69a10e9f5c4f0bea0a2b8c3e0', '36556bf8e0bce4ab6d26eafacbdad04d9614a5d7']",1.0,1.0,1.0,True,0.0,2048,False,3
"[""feat"", ""refactor"", ""ci"", ""build""]","[""feat"", ""build"", ""docs""]",0.8615171909332275,"['e137f9fdbdb6bf3f85c3f7ac9323785e445844c8', '37b1cbfd3d2c462ef4f2a131e4172c38dc8d9ddf', 'e12d9e77a6fd531a22325337838a841b1c67f00d']",0.5,0.6666666666666666,0.5714285714285715,False,0.4285714285714285,2048,False,3
"[""build"", ""ci"", ""refactor""]","[""build"", ""refactor"", ""ci""]",0.6793344020843506,"['f00a4d3e307b89842250358ee432e6800bb24362', '36556bf8e0bce4ab6d26eafacbdad04d9614a5d7', '4cbbd2552ba0de273e1dfe7d453c5b3efed751a3']",1.0,1.0,1.0,True,0.0,2048,False,3
"[""feat"", ""docs"", ""ci"", ""build""]","[""docs"", ""ci"", ""build""]",0.8522155284881592,"['cb1f48b56ae0de93acb72e48726c7d610a1d538e', 'e96487ad7ce90b141219d9032fa2bed68d5dae6a', '454003841aabeb74396d73541378bfa59c75b5db']",0.75,1.0,0.8571428571428571,False,0.1428571428571428,2048,False,3
"[""feat"", ""test"", ""build"", ""ci""]","[""fix"", ""test"", ""build""]",0.7794451713562012,"['d129eaf9125a967ac86c6c7276bbae6b4d50af36', 'e2e8ad25854bd1e7cdbc7f50b50bbd99e04ad47d', '1269431c8a3e7549f10fcbbb4b88ff625c8898b3']",0.5,0.6666666666666666,0.5714285714285715,False,0.4285714285714285,2048,False,3
"[""feat"", ""docs"", ""refactor"", ""ci"", ""build"", ""test""]","[""refactor"", ""docs"", ""feat""]",0.9764196872711182,"['2954a0955ce9af6acb345ed1e8328e145ad30475', 'a52a585d74894b3b4eeb8c784fa089ff95cddad0', 'b282e90e2cbb74559aab79eee8443a4d7c85502a']",0.5,1.0,0.6666666666666666,False,0.4285714285714285,2048,False,3
"[""docs"", ""test""]","[""docs"", ""refactor"", ""test""]",0.6635839939117432,"['0cfc5633d37ea06f645649138323f1820e18bdee', '1db13ec43727aca872a0f3836e4023ed85db665e', 'bedc7950b24c37809e36a585b7985d5aa5e3e458']",1.0,0.6666666666666666,0.8,False,0.1428571428571428,2048,False,3
"[""fix"", ""docs"", ""test""]","[""fix"", ""docs"", ""test""]",0.5860641002655029,"['933ab6bb86372913c992567cf9660009900911a7', '0cfc5633d37ea06f645649138323f1820e18bdee', 'c7b25726df94a2530c9b1c0d2b6a0acaa103822f']",1.0,1.0,1.0,True,0.0,2048,False,3
"[""refactor"", ""ci"", ""test""]","[""refactor"", ""ci"", ""test""]",0.6864781379699707,"['36556bf8e0bce4ab6d26eafacbdad04d9614a5d7', '6c9cb638cb4d1ecc42632fcf389c24898c5b3244', '229b53a632ea97d47c4be11f096bdd828fb415d8']",1.0,1.0,1.0,True,0.0,2048,False,3
"[""ci"", ""test"", ""docs""]","[""ci"", ""test"", ""docs""]",0.7676458358764648,"['c5fa7b80438fbd74f4c341f0d3c9bd9e0f4910da', '229b53a632ea97d47c4be11f096bdd828fb415d8', 'aca23027da1295c78fdf42ba9687d8ccc88784d7']",1.0,1.0,1.0,True,0.0,2048,False,3
"[""feat"", ""refactor"", ""docs"", ""test"", ""ci"", ""build""]","[""feat"", ""docs"", ""fix""]",1.084578037261963,"['f823cf28652987d43c8324b4f5b203240032383a', '0cfc5633d37ea06f645649138323f1820e18bdee', '9ef5c0d14193a9abb09b39856f58477d1f4b0d77']",0.3333333333333333,0.6666666666666666,0.4444444444444444,False,0.7142857142857143,2048,False,3
"[""test"", ""build""]","[""test"", ""fix"", ""build""]",0.6421148777008057,"['317f4eefecddfb1392ca71d551840f446feee302', '06e2be4e2019b6fa714e1fcb34485860ef1ede79', 'c55591ba157298a9c5816693c102a89dfd058830']",1.0,0.6666666666666666,0.8,False,0.1428571428571428,2048,False,3
"[""feat"", ""refactor"", ""docs"", ""ci"", ""build"", ""test""]","[""feat"", ""docs"", ""refactor""]",1.0489811897277832,"['e137f9fdbdb6bf3f85c3f7ac9323785e445844c8', 'bf83c9155e9bee6925aa7102fab53fb803d52533', '36556bf8e0bce4ab6d26eafacbdad04d9614a5d7']",0.5,1.0,0.6666666666666666,False,0.4285714285714285,2048,False,3
"[""feat"", ""ci"", ""build""]","[""fix"", ""ci"", ""build""]",0.6592931747436523,"['d129eaf9125a967ac86c6c7276bbae6b4d50af36', '6c9cb638cb4d1ecc42632fcf389c24898c5b3244', 'c44cf88a6ec54e5ddd99d8348bcc57b301ec7945']",0.6666666666666666,0.6666666666666666,0.6666666666666666,False,0.2857142857142857,2048,False,3
"[""feat"", ""refactor"", ""docs""]","[""fix"", ""refactor"", ""docs""]",0.7404396533966064,"['2561f4ade46fc9d59f289f328cc77733a6443697', '2954a0955ce9af6acb345ed1e8328e145ad30475', 'a52a585d74894b3b4eeb8c784fa089ff95cddad0']",0.6666666666666666,0.6666666666666666,0.6666666666666666,False,0.2857142857142857,2048,False,3
"[""build"", ""refactor""]","[""build"", ""feat"", ""fix""]",0.5740926265716553,"['c55591ba157298a9c5816693c102a89dfd058830', 'dc5238b2bda98a7c4f2fe9584fc3b0191a408109', '9be725fa3906323d4bc9788f54eccf74109d632b']",0.5,0.3333333333333333,0.4,False,0.4285714285714285,2048,False,3
"[""test"", ""refactor""]","[""test"", ""refactor"", ""feat""]",0.6434445381164551,"['229b53a632ea97d47c4be11f096bdd828fb415d8', '36556bf8e0bce4ab6d26eafacbdad04d9614a5d7', 'ded26d768ff432ad3bde3c0aa1e95ce50726100a']",1.0,0.6666666666666666,0.8,False,0.1428571428571428,2048,False,3
"[""test"", ""ci"", ""build""]","[""test"", ""build"", ""ci""]",0.7545919418334961,"['e0198f74b81da3663144cfe1d971939319f82a0f', 'c55591ba157298a9c5816693c102a89dfd058830', 'e7a67d88173566be3cd3aed7e9eeb7e29aabbc57']",1.0,1.0,1.0,True,0.0,2048,False,3
"[""test"", ""refactor"", ""docs""]","[""test"", ""fix"", ""docs""]",0.7767555713653564,"['bedc7950b24c37809e36a585b7985d5aa5e3e458', '933ab6bb86372913c992567cf9660009900911a7', '6d405dfc1675dcad64a2dfac0c0cb0fb28381d21']",0.6666666666666666,0.6666666666666666,0.6666666666666666,False,0.2857142857142857,2048,False,3
"[""feat"", ""test"", ""refactor"", ""ci"", ""build"", ""docs""]","[""fix"", ""build"", ""test""]",1.0493083000183103,"['d129eaf9125a967ac86c6c7276bbae6b4d50af36', '32b92cfa0b74a6c25990e32ac6aab12b8496794c', '317f4eefecddfb1392ca71d551840f446feee302']",0.3333333333333333,0.6666666666666666,0.4444444444444444,False,0.7142857142857143,2048,False,3
"[""feat"", ""refactor"", ""ci"", ""build"", ""test""]","[""feat"", ""fix"", ""ci""]",0.9959137439727784,"['f823cf28652987d43c8324b4f5b203240032383a', '9be725fa3906323d4bc9788f54eccf74109d632b', '32845e1bbd1efb5dbc16f671049509a409ba25ce']",0.4,0.6666666666666666,0.5,False,0.5714285714285714,2048,False,3
"[""refactor"", ""ci""]","[""fix"", ""docs"", ""build""]",0.656402587890625,"['9ef5c0d14193a9abb09b39856f58477d1f4b0d77', 'a52a585d74894b3b4eeb8c784fa089ff95cddad0', '37b1cbfd3d2c462ef4f2a131e4172c38dc8d9ddf']",0.0,0.0,0.0,False,0.7142857142857143,2048,False,3
"[""feat"", ""ci"", ""docs""]","[""fix"", ""ci"", ""docs""]",0.6775116920471191,"['87d5d4e55ab7149b593d29410f1fe426ba2447d4', '4cbbd2552ba0de273e1dfe7d453c5b3efed751a3', '6d405dfc1675dcad64a2dfac0c0cb0fb28381d21']",0.6666666666666666,0.6666666666666666,0.6666666666666666,False,0.2857142857142857,2048,False,3
"[""feat"", ""docs"", ""refactor"", ""build""]","[""feat"", ""docs"", ""fix""]",0.9795615673065186,"['fd8e563cc19ca4684885d4692acee6bebcca4ada', 'cb1f48b56ae0de93acb72e48726c7d610a1d538e', 'bed78248c941d57ad4cc20a455147e186e97c7a1']",0.5,0.6666666666666666,0.5714285714285715,False,0.4285714285714285,2048,False,3
"[""feat"", ""refactor"", ""ci"", ""build"", ""test"", ""docs""]","[""feat"", ""fix"", ""refactor""]",1.1445775032043457,"['1bcf88670b50155b50071e707f98f30cea0b7a24', '9ef5c0d14193a9abb09b39856f58477d1f4b0d77', '062daa45cbd5dba6e96e95d8cdcaee89ae30a83c']",0.3333333333333333,0.6666666666666666,0.4444444444444444,False,0.7142857142857143,2048,False,3
"[""refactor"", ""docs"", ""test"", ""build"", ""feat""]","[""fix"", ""docs"", ""test""]",0.9940998554229736,"['bed78248c941d57ad4cc20a455147e186e97c7a1', 'a52a585d74894b3b4eeb8c784fa089ff95cddad0', 'e9617f0854030e70365eb264bcb3b58078e79e9e']",0.4,0.6666666666666666,0.5,False,0.5714285714285714,2048,False,3
"[""docs"", ""ci"", ""refactor""]","[""docs"", ""ci"", ""feat""]",0.7598142623901367,"['c2ee5cd5e709afd15c5565ee009a0d204403a119', 'dbb537a26e388a8d7d17faf131abc30c2f7a84e6', 'ded26d768ff432ad3bde3c0aa1e95ce50726100a']",0.6666666666666666,0.6666666666666666,0.6666666666666666,False,0.2857142857142857,2048,False,3
"[""build"", ""ci"", ""refactor""]","[""build"", ""ci"", ""refactor""]",0.7891733646392822,"['454003841aabeb74396d73541378bfa59c75b5db', 'dbb537a26e388a8d7d17faf131abc30c2f7a84e6', '062daa45cbd5dba6e96e95d8cdcaee89ae30a83c']",1.0,1.0,1.0,True,0.0,2048,False,3
"[""feat"", ""test"", ""refactor"", ""ci"", ""build"", ""docs""]","[""feat"", ""fix"", ""test""]",1.093048095703125,"['fd8e563cc19ca4684885d4692acee6bebcca4ada', 'd1d55e787b7d07f763852602b9939a5394607fd9', 'b7ce2894fd1794064bd6db4ed730bb6cb7728739']",0.3333333333333333,0.6666666666666666,0.4444444444444444,False,0.7142857142857143,2048,False,3
"[""docs"", ""test"", ""ci"", ""build""]","[""docs"", ""test"", ""build""]",0.8297877311706543,"['bf83c9155e9bee6925aa7102fab53fb803d52533', 'b7ce2894fd1794064bd6db4ed730bb6cb7728739', '37b1cbfd3d2c462ef4f2a131e4172c38dc8d9ddf']",0.75,1.0,0.8571428571428571,False,0.1428571428571428,2048,False,3
"[""feat"", ""test"", ""ci"", ""build""]","[""fix"", ""ci"", ""test""]",0.910123348236084,"['d129eaf9125a967ac86c6c7276bbae6b4d50af36', 'e7a67d88173566be3cd3aed7e9eeb7e29aabbc57', '317f4eefecddfb1392ca71d551840f446feee302']",0.5,0.6666666666666666,0.5714285714285715,False,0.4285714285714285,2048,False,3
"[""docs"", ""ci"", ""refactor""]","[""docs"", ""fix"", ""ci""]",0.6860415935516357,"['c2ee5cd5e709afd15c5565ee009a0d204403a119', 'd1d55e787b7d07f763852602b9939a5394607fd9', '6c9cb638cb4d1ecc42632fcf389c24898c5b3244']",0.6666666666666666,0.6666666666666666,0.6666666666666666,False,0.2857142857142857,2048,False,3
"[""ci"", ""refactor""]","[""ci"", ""fix"", ""docs""]",0.5550799369812012,"['dbb537a26e388a8d7d17faf131abc30c2f7a84e6', 'c8e0ae8612df3d6f2831acc004aaac332f6105e4', 'e12d9e77a6fd531a22325337838a841b1c67f00d']",0.5,0.3333333333333333,0.4,False,0.4285714285714285,2048,False,3
"[""build"", ""docs"", ""feat"", ""refactor""]","[""build"", ""docs"", ""refactor""]",0.78061842918396,"['c55591ba157298a9c5816693c102a89dfd058830', 'c2ee5cd5e709afd15c5565ee009a0d204403a119', 'a62314d9bb632be6af026686615d14b912250512']",0.75,1.0,0.8571428571428571,False,0.1428571428571428,2048,False,3
"[""refactor"", ""build"", ""ci"", ""test"", ""docs""]","[""fix"", ""build"", ""refactor""]",0.9162402153015136,"['d1d55e787b7d07f763852602b9939a5394607fd9', '32b92cfa0b74a6c25990e32ac6aab12b8496794c', '062daa45cbd5dba6e96e95d8cdcaee89ae30a83c']",0.4,0.6666666666666666,0.5,False,0.5714285714285714,2048,False,3
"[""test"", ""ci"", ""refactor""]","[""test"", ""docs"", ""build""]",0.7057461738586426,"['f411e58cd510f8a2b980b2f1932003a0c0e9f8f3', 'af880ac5b4fecbc6c4f3d1eee0d95f326e8bd9d1', '1269431c8a3e7549f10fcbbb4b88ff625c8898b3']",0.3333333333333333,0.3333333333333333,0.3333333333333333,False,0.5714285714285714,2048,False,3
"[""feat"", ""test""]","[""feat"", ""fix"", ""test""]",0.6150698661804199,"['f9a094918b62534614c47aa8a13f33aec751a1e0', '87d5d4e55ab7149b593d29410f1fe426ba2447d4', '317f4eefecddfb1392ca71d551840f446feee302']",1.0,0.6666666666666666,0.8,False,0.1428571428571428,2048,False,3
"[""test"", ""feat"", ""build""]","[""test"", ""fix"", ""feat""]",0.7325229644775391,"['229b53a632ea97d47c4be11f096bdd828fb415d8', 'c8e0ae8612df3d6f2831acc004aaac332f6105e4', 'f823cf28652987d43c8324b4f5b203240032383a']",0.6666666666666666,0.6666666666666666,0.6666666666666666,False,0.2857142857142857,2048,False,3
"[""feat"", ""refactor"", ""test""]","[""feat"", ""fix"", ""docs""]",0.6546142101287842,"['dc5238b2bda98a7c4f2fe9584fc3b0191a408109', '06e2be4e2019b6fa714e1fcb34485860ef1ede79', 'af880ac5b4fecbc6c4f3d1eee0d95f326e8bd9d1']",0.3333333333333333,0.3333333333333333,0.3333333333333333,False,0.5714285714285714,2048,False,3
"[""ci"", ""test"", ""refactor""]","[""ci"", ""docs"", ""test""]",0.7604925632476807,"['173553c0372e66e03bdab19e0e6c2dd44daa14a0', 'e12d9e77a6fd531a22325337838a841b1c67f00d', 'c7b25726df94a2530c9b1c0d2b6a0acaa103822f']",0.6666666666666666,0.6666666666666666,0.6666666666666666,False,0.2857142857142857,2048,False,3
"[""ci"", ""refactor""]","[""ci"", ""fix"", ""docs""]",0.6299741268157959,"['dbb537a26e388a8d7d17faf131abc30c2f7a84e6', '2561f4ade46fc9d59f289f328cc77733a6443697', 'e12d9e77a6fd531a22325337838a841b1c67f00d']",0.5,0.3333333333333333,0.4,False,0.4285714285714285,2048,False,3
"[""feat"", ""refactor"", ""test""]","[""feat"", ""fix"", ""test""]",0.7646074295043945,"['f823cf28652987d43c8324b4f5b203240032383a', '9ef5c0d14193a9abb09b39856f58477d1f4b0d77', '229b53a632ea97d47c4be11f096bdd828fb415d8']",0.6666666666666666,0.6666666666666666,0.6666666666666666,False,0.2857142857142857,2048,False,3
"[""feat"", ""ci"", ""test"", ""docs"", ""build"", ""refactor""]","[""docs"", ""ci"", ""feat""]",1.1581439971923828,"['6d405dfc1675dcad64a2dfac0c0cb0fb28381d21', '173553c0372e66e03bdab19e0e6c2dd44daa14a0', 'b282e90e2cbb74559aab79eee8443a4d7c85502a']",0.5,1.0,0.6666666666666666,False,0.4285714285714285,2048,False,3
"[""ci"", ""refactor""]","[""ci"", ""docs"", ""build""]",0.6577942371368408,"['c5fa7b80438fbd74f4c341f0d3c9bd9e0f4910da', '036a0ff49a7dade0e04c9c07071a1ff49133ee24', 'c44cf88a6ec54e5ddd99d8348bcc57b301ec7945']",0.5,0.3333333333333333,0.4,False,0.4285714285714285,2048,False,3
"[""ci"", ""feat"", ""build""]","[""ci"", ""feat"", ""build""]",0.8302547931671143,"['32845e1bbd1efb5dbc16f671049509a409ba25ce', 'b282e90e2cbb74559aab79eee8443a4d7c85502a', '37b1cbfd3d2c462ef4f2a131e4172c38dc8d9ddf']",1.0,1.0,1.0,True,0.0,2048,False,3
"[""test"", ""feat"", ""build""]","[""test"", ""build"", ""fix"", ""feat""]",0.7343449592590332,"['e0198f74b81da3663144cfe1d971939319f82a0f', 'f00a4d3e307b89842250358ee432e6800bb24362', 'd129eaf9125a967ac86c6c7276bbae6b4d50af36', 'dc5238b2bda98a7c4f2fe9584fc3b0191a408109']",1.0,0.75,0.8571428571428571,False,0.1428571428571428,2048,False,4
"[""ci"", ""test"", ""refactor""]","[""ci"", ""build"", ""test"", ""docs""]",0.783597469329834,"['c5fa7b80438fbd74f4c341f0d3c9bd9e0f4910da', '1269431c8a3e7549f10fcbbb4b88ff625c8898b3', 'e2e8ad25854bd1e7cdbc7f50b50bbd99e04ad47d', '036a0ff49a7dade0e04c9c07071a1ff49133ee24']",0.6666666666666666,0.5,0.5714285714285715,False,0.4285714285714285,2048,False,4
"[""refactor"", ""docs"", ""test""]","[""refactor"", ""feat"", ""docs"", ""test""]",0.7518770694732666,"['3cca5c314ad6feeffbfe1f14cf49ebd0fd9a95a2', 'dc5238b2bda98a7c4f2fe9584fc3b0191a408109', 'aca23027da1295c78fdf42ba9687d8ccc88784d7', '229b53a632ea97d47c4be11f096bdd828fb415d8']",1.0,0.75,0.8571428571428571,False,0.1428571428571428,2048,False,4
"[""feat"", ""refactor"", ""build"", ""test""]","[""fix"", ""test"", ""build"", ""refactor""]",0.9202117919921876,"['d1d55e787b7d07f763852602b9939a5394607fd9', 'bedc7950b24c37809e36a585b7985d5aa5e3e458', 'c55591ba157298a9c5816693c102a89dfd058830', '535708ae50aecb452560a23356fd396f99ef13a2']",0.75,0.75,0.75,False,0.2857142857142857,2048,False,4
"[""ci"", ""docs"", ""refactor"", ""build""]","[""docs"", ""build"", ""ci"", ""feat""]",0.8884186744689941,"['a52a585d74894b3b4eeb8c784fa089ff95cddad0', '1269431c8a3e7549f10fcbbb4b88ff625c8898b3', '45837af24a33308a70a3454f0f650f9fe728e272', 'e137f9fdbdb6bf3f85c3f7ac9323785e445844c8']",0.75,0.75,0.75,False,0.2857142857142857,2048,False,4
"[""ci"", ""test"", ""docs"", ""refactor"", ""feat""]","[""test"", ""fix"", ""refactor"", ""ci""]",1.078660488128662,"['e9617f0854030e70365eb264bcb3b58078e79e9e', 'bed78248c941d57ad4cc20a455147e186e97c7a1', '535708ae50aecb452560a23356fd396f99ef13a2', 'c5fa7b80438fbd74f4c341f0d3c9bd9e0f4910da']",0.6,0.75,0.6666666666666665,False,0.4285714285714285,2048,False,4
"[""ci"", ""feat"", ""refactor"", ""build""]","[""ci"", ""fix"", ""feat"", ""refactor""]",0.9782698154449464,"['e7a67d88173566be3cd3aed7e9eeb7e29aabbc57', 'bed78248c941d57ad4cc20a455147e186e97c7a1', 'f823cf28652987d43c8324b4f5b203240032383a', '2954a0955ce9af6acb345ed1e8328e145ad30475']",0.75,0.75,0.75,False,0.2857142857142857,2048,False,4
"[""docs"", ""ci"", ""test"", ""build""]","[""docs"", ""ci"", ""test"", ""refactor""]",0.949824333190918,"['aca23027da1295c78fdf42ba9687d8ccc88784d7', '74e9de5ec97dc013a52aa063dff0f40ac74c407b', '317f4eefecddfb1392ca71d551840f446feee302', '3cca5c314ad6feeffbfe1f14cf49ebd0fd9a95a2']",0.75,0.75,0.75,False,0.2857142857142857,2048,False,4
"[""refactor"", ""ci"", ""docs""]","[""fix"", ""feat"", ""build"", ""docs""]",0.7460870742797852,"['9be725fa3906323d4bc9788f54eccf74109d632b', 'e137f9fdbdb6bf3f85c3f7ac9323785e445844c8', 'c323d59c607cabc91f17a78528d998f376f30b10', '0cfc5633d37ea06f645649138323f1820e18bdee']",0.3333333333333333,0.25,0.2857142857142857,False,0.7142857142857143,2048,False,4
"[""docs"", ""feat"", ""fix"", ""refactor"", ""test""]","[""docs"", ""feat"", ""test"", ""fix""]",0.9953048229217528,"['0cfc5633d37ea06f645649138323f1820e18bdee', '1bcf88670b50155b50071e707f98f30cea0b7a24', '229b53a632ea97d47c4be11f096bdd828fb415d8', '87d5d4e55ab7149b593d29410f1fe426ba2447d4']",0.8,1.0,0.888888888888889,False,0.1428571428571428,2048,False,4
"[""build"", ""ci"", ""refactor"", ""test""]","[""build"", ""refactor"", ""test"", ""ci""]",0.8631026744842529,"['c55591ba157298a9c5816693c102a89dfd058830', '062daa45cbd5dba6e96e95d8cdcaee89ae30a83c', 'c7b25726df94a2530c9b1c0d2b6a0acaa103822f', 'dbb537a26e388a8d7d17faf131abc30c2f7a84e6']",1.0,1.0,1.0,True,0.0,2048,False,4
"[""feat"", ""test"", ""refactor"", ""ci"", ""build""]","[""feat"", ""fix"", ""test"", ""refactor""]",0.9029228687286376,"['dc5238b2bda98a7c4f2fe9584fc3b0191a408109', 'c8e0ae8612df3d6f2831acc004aaac332f6105e4', 'f411e58cd510f8a2b980b2f1932003a0c0e9f8f3', '47ef9104e4a89e80d7cc6c1950bc080841da4a7b']",0.6,0.75,0.6666666666666665,False,0.4285714285714285,2048,False,4
"[""feat"", ""refactor"", ""docs"", ""ci"", ""test""]","[""refactor"", ""docs"", ""test"", ""ci""]",1.0311946868896484,"['63eab619e6166eb6cab948028a7b89bf059dd878', 'aca23027da1295c78fdf42ba9687d8ccc88784d7', 'f411e58cd510f8a2b980b2f1932003a0c0e9f8f3', 'e7a67d88173566be3cd3aed7e9eeb7e29aabbc57']",0.8,1.0,0.888888888888889,False,0.1428571428571428,2048,False,4
"[""docs"", ""refactor"", ""test"", ""build"", ""ci"", ""feat"", ""fix""]","[""docs"", ""refactor"", ""test"", ""fix""]",1.2471890449523926,"['aca23027da1295c78fdf42ba9687d8ccc88784d7', '062daa45cbd5dba6e96e95d8cdcaee89ae30a83c', 'b7ce2894fd1794064bd6db4ed730bb6cb7728739', '06e2be4e2019b6fa714e1fcb34485860ef1ede79']",0.5714285714285714,1.0,0.7272727272727273,False,0.4285714285714285,2048,False,4
"[""test"", ""ci"", ""docs""]","[""test"", ""docs"", ""build"", ""ci""]",0.8163886070251465,"['317f4eefecddfb1392ca71d551840f446feee302', 'aca23027da1295c78fdf42ba9687d8ccc88784d7', 'f00a4d3e307b89842250358ee432e6800bb24362', '32845e1bbd1efb5dbc16f671049509a409ba25ce']",1.0,0.75,0.8571428571428571,False,0.1428571428571428,2048,False,4
"[""refactor"", ""test"", ""ci"", ""build"", ""docs""]","[""fix"", ""refactor"", ""docs"", ""test""]",0.9237940311431884,"['933ab6bb86372913c992567cf9660009900911a7', '3cca5c314ad6feeffbfe1f14cf49ebd0fd9a95a2', 'a52a585d74894b3b4eeb8c784fa089ff95cddad0', '229b53a632ea97d47c4be11f096bdd828fb415d8']",0.6,0.75,0.6666666666666665,False,0.4285714285714285,2048,False,4
"[""feat"", ""refactor"", ""ci"", ""docs"", ""build""]","[""refactor"", ""ci"", ""docs"", ""build""]",0.9827685356140136,"['63eab619e6166eb6cab948028a7b89bf059dd878', '6c9cb638cb4d1ecc42632fcf389c24898c5b3244', 'a52a585d74894b3b4eeb8c784fa089ff95cddad0', 'c55591ba157298a9c5816693c102a89dfd058830']",0.8,1.0,0.888888888888889,False,0.1428571428571428,2048,False,4
"[""ci"", ""build"", ""test"", ""refactor"", ""fix""]","[""ci"", ""build"", ""test"", ""fix""]",1.0445103645324707,"['173553c0372e66e03bdab19e0e6c2dd44daa14a0', 'c55591ba157298a9c5816693c102a89dfd058830', '8ee0611fbf0cd89abe7ae588f22e6ecb843598ea', '87d5d4e55ab7149b593d29410f1fe426ba2447d4']",0.8,1.0,0.888888888888889,False,0.1428571428571428,2048,False,4
"[""ci"", ""build"", ""refactor""]","[""ci"", ""build"", ""feat"", ""fix""]",0.7893507480621338,"['32845e1bbd1efb5dbc16f671049509a409ba25ce', '32b92cfa0b74a6c25990e32ac6aab12b8496794c', 'fd8e563cc19ca4684885d4692acee6bebcca4ada', '933ab6bb86372913c992567cf9660009900911a7']",0.6666666666666666,0.5,0.5714285714285715,False,0.4285714285714285,2048,False,4
"[""test"", ""build""]","[""test"", ""build"", ""fix"", ""feat""]",0.7320921421051025,"['317f4eefecddfb1392ca71d551840f446feee302', '454003841aabeb74396d73541378bfa59c75b5db', '933ab6bb86372913c992567cf9660009900911a7', '6ed56ce9ae743ba9a87e6c9643cc06b1de7b748d']",1.0,0.5,0.6666666666666666,False,0.2857142857142857,2048,False,4
"[""feat"", ""docs"", ""test"", ""refactor"", ""ci"", ""build""]","[""fix"", ""docs"", ""test"", ""refactor""]",1.0885107517242432,"['d1d55e787b7d07f763852602b9939a5394607fd9', '6d405dfc1675dcad64a2dfac0c0cb0fb28381d21', 'e0198f74b81da3663144cfe1d971939319f82a0f', '36556bf8e0bce4ab6d26eafacbdad04d9614a5d7']",0.5,0.75,0.6,False,0.5714285714285714,2048,False,4
"[""ci"", ""docs"", ""feat"", ""refactor"", ""test""]","[""ci"", ""docs"", ""build"", ""feat""]",1.0360770225524902,"['e7a67d88173566be3cd3aed7e9eeb7e29aabbc57', '6d405dfc1675dcad64a2dfac0c0cb0fb28381d21', 'c44cf88a6ec54e5ddd99d8348bcc57b301ec7945', 'f9a094918b62534614c47aa8a13f33aec751a1e0']",0.6,0.75,0.6666666666666665,False,0.4285714285714285,2048,False,4
"[""feat"", ""refactor"", ""test"", ""docs"", ""build"", ""ci""]","[""fix"", ""test"", ""feat"", ""docs""]",1.206409931182861,"['2561f4ade46fc9d59f289f328cc77733a6443697', 'e0198f74b81da3663144cfe1d971939319f82a0f', '1bcf88670b50155b50071e707f98f30cea0b7a24', '6d405dfc1675dcad64a2dfac0c0cb0fb28381d21']",0.5,0.75,0.6,False,0.5714285714285714,2048,False,4
"[""ci"", ""refactor"", ""test""]","[""ci"", ""fix"", ""test"", ""docs""]",0.745323896408081,"['4cbbd2552ba0de273e1dfe7d453c5b3efed751a3', '933ab6bb86372913c992567cf9660009900911a7', 'b7ce2894fd1794064bd6db4ed730bb6cb7728739', 'af880ac5b4fecbc6c4f3d1eee0d95f326e8bd9d1']",0.6666666666666666,0.5,0.5714285714285715,False,0.4285714285714285,2048,False,4
"[""feat"", ""refactor"", ""ci"", ""build"", ""test"", ""docs""]","[""feat"", ""ci"", ""refactor"", ""fix""]",1.1700217723846436,"['f823cf28652987d43c8324b4f5b203240032383a', '45837af24a33308a70a3454f0f650f9fe728e272', '36556bf8e0bce4ab6d26eafacbdad04d9614a5d7', 'bed78248c941d57ad4cc20a455147e186e97c7a1']",0.5,0.75,0.6,False,0.5714285714285714,2048,False,4
"[""feat"", ""refactor"", ""docs"", ""test"", ""ci"", ""build""]","[""refactor"", ""feat"", ""docs"", ""build""]",1.1259987354278564,"['63eab619e6166eb6cab948028a7b89bf059dd878', 'e137f9fdbdb6bf3f85c3f7ac9323785e445844c8', 'a52a585d74894b3b4eeb8c784fa089ff95cddad0', 'f00a4d3e307b89842250358ee432e6800bb24362']",0.6666666666666666,1.0,0.8,False,0.2857142857142857,2048,False,4
"[""build"", ""ci"", ""docs"", ""feat"", ""fix"", ""refactor"", ""test""]","[""build"", ""test"", ""ci"", ""refactor""]",1.324587345123291,"['1269431c8a3e7549f10fcbbb4b88ff625c8898b3', '8ee0611fbf0cd89abe7ae588f22e6ecb843598ea', '45837af24a33308a70a3454f0f650f9fe728e272', '63eab619e6166eb6cab948028a7b89bf059dd878']",0.5714285714285714,1.0,0.7272727272727273,False,0.4285714285714285,2048,False,4
"[""build"", ""docs"", ""feat"", ""refactor"", ""test""]","[""build"", ""docs"", ""feat"", ""fix""]",1.0832703113555908,"['37b1cbfd3d2c462ef4f2a131e4172c38dc8d9ddf', '6d405dfc1675dcad64a2dfac0c0cb0fb28381d21', 'b282e90e2cbb74559aab79eee8443a4d7c85502a', '2561f4ade46fc9d59f289f328cc77733a6443697']",0.6,0.75,0.6666666666666665,False,0.4285714285714285,2048,False,4
"[""build"", ""ci"", ""test"", ""feat"", ""refactor""]","[""build"", ""test"", ""ci"", ""feat""]",1.083043098449707,"['c55591ba157298a9c5816693c102a89dfd058830', '317f4eefecddfb1392ca71d551840f446feee302', 'c5fa7b80438fbd74f4c341f0d3c9bd9e0f4910da', '6ed56ce9ae743ba9a87e6c9643cc06b1de7b748d']",0.8,1.0,0.888888888888889,False,0.1428571428571428,2048,False,4
"[""feat"", ""refactor"", ""docs"", ""build""]","[""fix"", ""build"", ""docs"", ""refactor""]",0.8457775115966797,"['933ab6bb86372913c992567cf9660009900911a7', '5b81fde8a72cf2e69a10e9f5c4f0bea0a2b8c3e0', 'c2ee5cd5e709afd15c5565ee009a0d204403a119', '3cca5c314ad6feeffbfe1f14cf49ebd0fd9a95a2']",0.75,0.75,0.75,False,0.2857142857142857,2048,False,4
"[""ci"", ""refactor""]","[""fix"", ""feat"", ""docs"", ""ci""]",0.5754857063293457,"['933ab6bb86372913c992567cf9660009900911a7', 'dc5238b2bda98a7c4f2fe9584fc3b0191a408109', '036a0ff49a7dade0e04c9c07071a1ff49133ee24', 'e7a67d88173566be3cd3aed7e9eeb7e29aabbc57']",0.5,0.25,0.3333333333333333,False,0.5714285714285714,2048,False,4
"[""feat"", ""refactor"", ""test""]","[""docs"", ""fix"", ""feat"", ""refactor""]",0.6878354549407959,"['af880ac5b4fecbc6c4f3d1eee0d95f326e8bd9d1', 'c8e0ae8612df3d6f2831acc004aaac332f6105e4', 'f9a094918b62534614c47aa8a13f33aec751a1e0', '47ef9104e4a89e80d7cc6c1950bc080841da4a7b']",0.6666666666666666,0.5,0.5714285714285715,False,0.4285714285714285,2048,False,4
"[""feat"", ""ci"", ""refactor"", ""build""]","[""fix"", ""build"", ""feat"", ""ci""]",0.8983395099639893,"['d129eaf9125a967ac86c6c7276bbae6b4d50af36', '1269431c8a3e7549f10fcbbb4b88ff625c8898b3', 'e137f9fdbdb6bf3f85c3f7ac9323785e445844c8', '173553c0372e66e03bdab19e0e6c2dd44daa14a0']",0.75,0.75,0.75,False,0.2857142857142857,2048,False,4
"[""feat"", ""fix"", ""refactor"", ""docs"", ""test"", ""ci"", ""build""]","[""feat"", ""refactor"", ""test"", ""build""]",1.1941897869110107,"['dc5238b2bda98a7c4f2fe9584fc3b0191a408109', '771857b1df9470ebc15357e8879118a72c649d5b', 'b7ce2894fd1794064bd6db4ed730bb6cb7728739', 'c323d59c607cabc91f17a78528d998f376f30b10']",0.5714285714285714,1.0,0.7272727272727273,False,0.4285714285714285,2048,False,4
"[""build"", ""test"", ""ci"", ""feat""]","[""build"", ""test"", ""ci"", ""fix""]",0.8635084629058838,"['5b81fde8a72cf2e69a10e9f5c4f0bea0a2b8c3e0', 'b7ce2894fd1794064bd6db4ed730bb6cb7728739', '74e9de5ec97dc013a52aa063dff0f40ac74c407b', 'd129eaf9125a967ac86c6c7276bbae6b4d50af36']",0.75,0.75,0.75,False,0.2857142857142857,2048,False,4
"[""test"", ""ci"", ""refactor""]","[""docs"", ""feat"", ""build"", ""ci""]",0.796140193939209,"['af880ac5b4fecbc6c4f3d1eee0d95f326e8bd9d1', 'ded26d768ff432ad3bde3c0aa1e95ce50726100a', '454003841aabeb74396d73541378bfa59c75b5db', '4cbbd2552ba0de273e1dfe7d453c5b3efed751a3']",0.3333333333333333,0.25,0.2857142857142857,False,0.7142857142857143,2048,False,4
"[""feat"", ""ci"", ""build""]","[""docs"", ""refactor"", ""ci"", ""build""]",0.7642345428466797,"['036a0ff49a7dade0e04c9c07071a1ff49133ee24', '535708ae50aecb452560a23356fd396f99ef13a2', 'e7a67d88173566be3cd3aed7e9eeb7e29aabbc57', 'c55591ba157298a9c5816693c102a89dfd058830']",0.6666666666666666,0.5,0.5714285714285715,False,0.4285714285714285,2048,False,4
"[""feat"", ""ci"", ""refactor"", ""docs""]","[""refactor"", ""ci"", ""fix"", ""docs""]",0.8624768257141113,"['2954a0955ce9af6acb345ed1e8328e145ad30475', '6c9cb638cb4d1ecc42632fcf389c24898c5b3244', 'd1d55e787b7d07f763852602b9939a5394607fd9', '6d405dfc1675dcad64a2dfac0c0cb0fb28381d21']",0.75,0.75,0.75,False,0.2857142857142857,2048,False,4
"[""test"", ""ci"", ""docs"", ""refactor""]","[""test"", ""ci"", ""docs"", ""feat""]",0.8284652233123779,"['229b53a632ea97d47c4be11f096bdd828fb415d8', '4cbbd2552ba0de273e1dfe7d453c5b3efed751a3', 'bf83c9155e9bee6925aa7102fab53fb803d52533', 'ded26d768ff432ad3bde3c0aa1e95ce50726100a']",0.75,0.75,0.75,False,0.2857142857142857,2048,False,4
"[""feat"", ""refactor"", ""test"", ""ci"", ""build""]","[""refactor"", ""fix"", ""test"", ""feat""]",1.0316543579101562,"['47ef9104e4a89e80d7cc6c1950bc080841da4a7b', '9ef5c0d14193a9abb09b39856f58477d1f4b0d77', 'b7ce2894fd1794064bd6db4ed730bb6cb7728739', '1bcf88670b50155b50071e707f98f30cea0b7a24']",0.6,0.75,0.6666666666666665,False,0.4285714285714285,2048,False,4
"[""feat"", ""refactor"", ""ci"", ""test"", ""docs"", ""build""]","[""docs"", ""feat"", ""ci"", ""refactor""]",1.1516544818878174,"['e12d9e77a6fd531a22325337838a841b1c67f00d', 'fd8e563cc19ca4684885d4692acee6bebcca4ada', '173553c0372e66e03bdab19e0e6c2dd44daa14a0', '535708ae50aecb452560a23356fd396f99ef13a2']",0.6666666666666666,1.0,0.8,False,0.2857142857142857,2048,False,4
"[""test"", ""ci"", ""refactor""]","[""refactor"", ""feat"", ""docs"", ""ci""]",0.8584706783294678,"['1db13ec43727aca872a0f3836e4023ed85db665e', 'b282e90e2cbb74559aab79eee8443a4d7c85502a', 'e12d9e77a6fd531a22325337838a841b1c67f00d', '74e9de5ec97dc013a52aa063dff0f40ac74c407b']",0.6666666666666666,0.5,0.5714285714285715,False,0.4285714285714285,2048,False,4
"[""docs"", ""ci"", ""test"", ""refactor""]","[""docs"", ""ci"", ""refactor"", ""test""]",0.9336531162261964,"['aca23027da1295c78fdf42ba9687d8ccc88784d7', '74e9de5ec97dc013a52aa063dff0f40ac74c407b', '2954a0955ce9af6acb345ed1e8328e145ad30475', 'f411e58cd510f8a2b980b2f1932003a0c0e9f8f3']",1.0,1.0,1.0,True,0.0,2048,False,4
"[""test"", ""ci"", ""docs""]","[""test"", ""docs"", ""ci"", ""fix""]",0.709531307220459,"['b7ce2894fd1794064bd6db4ed730bb6cb7728739', 'af880ac5b4fecbc6c4f3d1eee0d95f326e8bd9d1', '6c9cb638cb4d1ecc42632fcf389c24898c5b3244', 'd129eaf9125a967ac86c6c7276bbae6b4d50af36']",1.0,0.75,0.8571428571428571,False,0.1428571428571428,2048,False,4
"[""ci"", ""test"", ""docs"", ""refactor""]","[""ci"", ""refactor"", ""test"", ""docs""]",0.9437060356140136,"['e7a67d88173566be3cd3aed7e9eeb7e29aabbc57', '36556bf8e0bce4ab6d26eafacbdad04d9614a5d7', '8ee0611fbf0cd89abe7ae588f22e6ecb843598ea', 'c2ee5cd5e709afd15c5565ee009a0d204403a119']",1.0,1.0,1.0,True,0.0,2048,False,4
"[""docs"", ""test"", ""build"", ""ci""]","[""docs"", ""feat"", ""test"", ""build""]",0.9738669395446776,"['0cfc5633d37ea06f645649138323f1820e18bdee', 'fd8e563cc19ca4684885d4692acee6bebcca4ada', 'e9617f0854030e70365eb264bcb3b58078e79e9e', '1269431c8a3e7549f10fcbbb4b88ff625c8898b3']",0.75,0.75,0.75,False,0.2857142857142857,2048,False,4
"[""refactor"", ""test"", ""ci"", ""build"", ""docs""]","[""refactor"", ""feat"", ""test"", ""fix""]",1.047060489654541,"['47ef9104e4a89e80d7cc6c1950bc080841da4a7b', 'b282e90e2cbb74559aab79eee8443a4d7c85502a', 'e0198f74b81da3663144cfe1d971939319f82a0f', 'bed78248c941d57ad4cc20a455147e186e97c7a1']",0.4,0.5,0.4444444444444445,False,0.7142857142857143,2048,False,4
"[""ci"", ""build"", ""test"", ""refactor"", ""fix""]","[""build"", ""ci"", ""fix"", ""refactor""]",1.051356077194214,"['454003841aabeb74396d73541378bfa59c75b5db', '173553c0372e66e03bdab19e0e6c2dd44daa14a0', 'd129eaf9125a967ac86c6c7276bbae6b4d50af36', '63eab619e6166eb6cab948028a7b89bf059dd878']",0.8,1.0,0.888888888888889,False,0.1428571428571428,2048,False,4
"[""ci"", ""test"", ""docs"", ""refactor"", ""build""]","[""test"", ""refactor"", ""docs"", ""feat""]",1.0698394775390625,"['e9617f0854030e70365eb264bcb3b58078e79e9e', '2954a0955ce9af6acb345ed1e8328e145ad30475', 'c2ee5cd5e709afd15c5565ee009a0d204403a119', '6ed56ce9ae743ba9a87e6c9643cc06b1de7b748d']",0.6,0.75,0.6666666666666665,False,0.4285714285714285,2048,False,4
"[""build"", ""refactor"", ""test""]","[""build"", ""refactor"", ""fix"", ""ci""]",0.7606844902038574,"['454003841aabeb74396d73541378bfa59c75b5db', 'a62314d9bb632be6af026686615d14b912250512', '06e2be4e2019b6fa714e1fcb34485860ef1ede79', '4cbbd2552ba0de273e1dfe7d453c5b3efed751a3']",0.6666666666666666,0.5,0.5714285714285715,False,0.4285714285714285,2048,False,4
"[""feat"", ""refactor"", ""test"", ""ci"", ""docs"", ""build""]","[""feat"", ""test"", ""refactor"", ""ci""]",1.098250150680542,"['b282e90e2cbb74559aab79eee8443a4d7c85502a', 'e2e8ad25854bd1e7cdbc7f50b50bbd99e04ad47d', '63eab619e6166eb6cab948028a7b89bf059dd878', '6c9cb638cb4d1ecc42632fcf389c24898c5b3244']",0.6666666666666666,1.0,0.8,False,0.2857142857142857,2048,False,4
"[""docs"", ""refactor"", ""test"", ""build""]","[""docs"", ""fix"", ""test"", ""refactor""]",0.8011806011199951,"['0cfc5633d37ea06f645649138323f1820e18bdee', 'd1d55e787b7d07f763852602b9939a5394607fd9', 'e2e8ad25854bd1e7cdbc7f50b50bbd99e04ad47d', '062daa45cbd5dba6e96e95d8cdcaee89ae30a83c']",0.75,0.75,0.75,False,0.2857142857142857,2048,False,4
"[""refactor"", ""fix"", ""docs"", ""ci"", ""build""]","[""refactor"", ""fix"", ""docs"", ""ci""]",0.9683072566986084,"['47ef9104e4a89e80d7cc6c1950bc080841da4a7b', 'd129eaf9125a967ac86c6c7276bbae6b4d50af36', '0cfc5633d37ea06f645649138323f1820e18bdee', '45837af24a33308a70a3454f0f650f9fe728e272']",0.8,1.0,0.888888888888889,False,0.1428571428571428,2048,False,4
"[""refactor"", ""ci"", ""build"", ""test""]","[""fix"", ""build"", ""ci"", ""test""]",0.9842650890350342,"['bed78248c941d57ad4cc20a455147e186e97c7a1', '1269431c8a3e7549f10fcbbb4b88ff625c8898b3', '45837af24a33308a70a3454f0f650f9fe728e272', '8ee0611fbf0cd89abe7ae588f22e6ecb843598ea']",0.75,0.75,0.75,False,0.2857142857142857,2048,False,4
"[""build"", ""ci"", ""docs"", ""refactor""]","[""build"", ""fix"", ""ci"", ""docs""]",0.9498159885406494,"['454003841aabeb74396d73541378bfa59c75b5db', 'bed78248c941d57ad4cc20a455147e186e97c7a1', '45837af24a33308a70a3454f0f650f9fe728e272', 'c2ee5cd5e709afd15c5565ee009a0d204403a119']",0.75,0.75,0.75,False,0.2857142857142857,2048,False,4
"[""ci"", ""refactor""]","[""ci"", ""refactor"", ""fix"", ""docs""]",0.6715037822723389,"['dbb537a26e388a8d7d17faf131abc30c2f7a84e6', '3cca5c314ad6feeffbfe1f14cf49ebd0fd9a95a2', 'd1d55e787b7d07f763852602b9939a5394607fd9', '6d405dfc1675dcad64a2dfac0c0cb0fb28381d21']",1.0,0.5,0.6666666666666666,False,0.2857142857142857,2048,False,4
"[""feat"", ""refactor"", ""ci"", ""docs"", ""build""]","[""fix"", ""ci"", ""docs"", ""refactor""]",0.9964683055877686,"['2561f4ade46fc9d59f289f328cc77733a6443697', '6c9cb638cb4d1ecc42632fcf389c24898c5b3244', 'bf83c9155e9bee6925aa7102fab53fb803d52533', '771857b1df9470ebc15357e8879118a72c649d5b']",0.6,0.75,0.6666666666666665,False,0.4285714285714285,2048,False,4
"[""feat"", ""refactor"", ""docs"", ""test"", ""ci"", ""build""]","[""fix"", ""feat"", ""build"", ""docs""]",1.0914757251739502,"['06e2be4e2019b6fa714e1fcb34485860ef1ede79', 'fd8e563cc19ca4684885d4692acee6bebcca4ada', '32b92cfa0b74a6c25990e32ac6aab12b8496794c', '6d405dfc1675dcad64a2dfac0c0cb0fb28381d21']",0.5,0.75,0.6,False,0.5714285714285714,2048,False,4
"[""build"", ""test"", ""refactor""]","[""build"", ""ci"", ""test"", ""feat""]",0.8261511325836182,"['c55591ba157298a9c5816693c102a89dfd058830', '45837af24a33308a70a3454f0f650f9fe728e272', 'b7ce2894fd1794064bd6db4ed730bb6cb7728739', 'dc5238b2bda98a7c4f2fe9584fc3b0191a408109']",0.6666666666666666,0.5,0.5714285714285715,False,0.4285714285714285,2048,False,4
"[""ci"", ""feat"", ""test"", ""refactor"", ""docs""]","[""ci"", ""docs"", ""feat"", ""test""]",1.045146942138672,"['173553c0372e66e03bdab19e0e6c2dd44daa14a0', 'e12d9e77a6fd531a22325337838a841b1c67f00d', 'f823cf28652987d43c8324b4f5b203240032383a', '229b53a632ea97d47c4be11f096bdd828fb415d8']",0.8,1.0,0.888888888888889,False,0.1428571428571428,2048,False,4
"[""refactor"", ""docs"", ""ci"", ""test""]","[""refactor"", ""docs"", ""ci"", ""test""]",0.8582451343536377,"['36556bf8e0bce4ab6d26eafacbdad04d9614a5d7', 'aca23027da1295c78fdf42ba9687d8ccc88784d7', 'dbb537a26e388a8d7d17faf131abc30c2f7a84e6', '229b53a632ea97d47c4be11f096bdd828fb415d8']",1.0,1.0,1.0,True,0.0,2048,False,4
"[""docs"", ""test"", ""fix""]","[""docs"", ""refactor"", ""test"", ""fix""]",0.791846513748169,"['0cfc5633d37ea06f645649138323f1820e18bdee', '1db13ec43727aca872a0f3836e4023ed85db665e', '229b53a632ea97d47c4be11f096bdd828fb415d8', '9be725fa3906323d4bc9788f54eccf74109d632b']",1.0,0.75,0.8571428571428571,False,0.1428571428571428,2048,False,4
"[""ci"", ""docs"", ""refactor""]","[""ci"", ""docs"", ""refactor"", ""test""]",0.7984318733215332,"['c5fa7b80438fbd74f4c341f0d3c9bd9e0f4910da', 'bf83c9155e9bee6925aa7102fab53fb803d52533', '062daa45cbd5dba6e96e95d8cdcaee89ae30a83c', 'bedc7950b24c37809e36a585b7985d5aa5e3e458']",1.0,0.75,0.8571428571428571,False,0.1428571428571428,2048,False,4
"[""refactor"", ""ci"", ""build""]","[""fix"", ""docs"", ""ci"", ""feat""]",0.725853681564331,"['9be725fa3906323d4bc9788f54eccf74109d632b', '036a0ff49a7dade0e04c9c07071a1ff49133ee24', '45837af24a33308a70a3454f0f650f9fe728e272', 'f823cf28652987d43c8324b4f5b203240032383a']",0.3333333333333333,0.25,0.2857142857142857,False,0.7142857142857143,2048,False,4
"[""docs"", ""test"", ""build""]","[""docs"", ""test"", ""build"", ""feat""]",0.7699344158172607,"['bf83c9155e9bee6925aa7102fab53fb803d52533', 'e0198f74b81da3663144cfe1d971939319f82a0f', 'f00a4d3e307b89842250358ee432e6800bb24362', 'ded26d768ff432ad3bde3c0aa1e95ce50726100a']",1.0,0.75,0.8571428571428571,False,0.1428571428571428,2048,False,4
"[""docs"", ""test"", ""refactor"", ""build""]","[""docs"", ""refactor"", ""test"", ""fix""]",0.9598836898803712,"['aca23027da1295c78fdf42ba9687d8ccc88784d7', '1db13ec43727aca872a0f3836e4023ed85db665e', 'f411e58cd510f8a2b980b2f1932003a0c0e9f8f3', '2561f4ade46fc9d59f289f328cc77733a6443697']",0.75,0.75,0.75,False,0.2857142857142857,2048,False,4
"[""test"", ""ci"", ""feat"", ""docs""]","[""test"", ""feat"", ""docs"", ""ci""]",0.914137840270996,"['e0198f74b81da3663144cfe1d971939319f82a0f', 'f823cf28652987d43c8324b4f5b203240032383a', 'aca23027da1295c78fdf42ba9687d8ccc88784d7', 'e96487ad7ce90b141219d9032fa2bed68d5dae6a']",1.0,1.0,1.0,True,0.0,2048,False,4
"[""feat"", ""refactor"", ""ci"", ""build"", ""docs"", ""test""]","[""refactor"", ""build"", ""feat"", ""docs""]",1.1029443740844729,"['63eab619e6166eb6cab948028a7b89bf059dd878', '32b92cfa0b74a6c25990e32ac6aab12b8496794c', 'fd8e563cc19ca4684885d4692acee6bebcca4ada', 'a52a585d74894b3b4eeb8c784fa089ff95cddad0']",0.6666666666666666,1.0,0.8,False,0.2857142857142857,2048,False,4
"[""build"", ""refactor"", ""test""]","[""build"", ""fix"", ""test"", ""feat""]",0.7929050922393799,"['37b1cbfd3d2c462ef4f2a131e4172c38dc8d9ddf', 'c8e0ae8612df3d6f2831acc004aaac332f6105e4', 'c7b25726df94a2530c9b1c0d2b6a0acaa103822f', '1bcf88670b50155b50071e707f98f30cea0b7a24']",0.6666666666666666,0.5,0.5714285714285715,False,0.4285714285714285,2048,False,4
"[""feat"", ""build"", ""ci"", ""docs"", ""refactor"", ""test""]","[""refactor"", ""ci"", ""docs"", ""build""]",1.1517107486724854,"['771857b1df9470ebc15357e8879118a72c649d5b', '6c9cb638cb4d1ecc42632fcf389c24898c5b3244', '6d405dfc1675dcad64a2dfac0c0cb0fb28381d21', '454003841aabeb74396d73541378bfa59c75b5db']",0.6666666666666666,1.0,0.8,False,0.2857142857142857,2048,False,4
"[""feat"", ""fix"", ""refactor"", ""docs"", ""test"", ""ci"", ""build""]","[""fix"", ""docs"", ""refactor"", ""ci"", ""test""]",1.200089693069458,"['9be725fa3906323d4bc9788f54eccf74109d632b', 'bf83c9155e9bee6925aa7102fab53fb803d52533', '535708ae50aecb452560a23356fd396f99ef13a2', '4cbbd2552ba0de273e1dfe7d453c5b3efed751a3', 'bedc7950b24c37809e36a585b7985d5aa5e3e458']",0.7142857142857143,1.0,0.8333333333333333,False,0.2857142857142857,2048,False,5
"[""test"", ""docs"", ""build"", ""refactor""]","[""test"", ""docs"", ""refactor"", ""build"", ""feat""]",0.9665303230285645,"['229b53a632ea97d47c4be11f096bdd828fb415d8', 'bf83c9155e9bee6925aa7102fab53fb803d52533', '062daa45cbd5dba6e96e95d8cdcaee89ae30a83c', 'e4a11fd5c34942ba12737f1c8c084489428ee274', 'fd8e563cc19ca4684885d4692acee6bebcca4ada']",1.0,0.8,0.888888888888889,False,0.1428571428571428,2048,False,5
"[""test"", ""ci"", ""refactor"", ""build"", ""docs""]","[""test"", ""ci"", ""fix"", ""build"", ""refactor""]",1.0239484310150146,"['317f4eefecddfb1392ca71d551840f446feee302', 'e7a67d88173566be3cd3aed7e9eeb7e29aabbc57', 'd1d55e787b7d07f763852602b9939a5394607fd9', 'f00a4d3e307b89842250358ee432e6800bb24362', '771857b1df9470ebc15357e8879118a72c649d5b']",0.8,0.8,0.8000000000000002,False,0.2857142857142857,2048,False,5
"[""ci"", ""test"", ""refactor""]","[""ci"", ""refactor"", ""build"", ""test"", ""fix""]",0.8185272216796875,"['e7a67d88173566be3cd3aed7e9eeb7e29aabbc57', '47ef9104e4a89e80d7cc6c1950bc080841da4a7b', '5b81fde8a72cf2e69a10e9f5c4f0bea0a2b8c3e0', 'bedc7950b24c37809e36a585b7985d5aa5e3e458', '9ef5c0d14193a9abb09b39856f58477d1f4b0d77']",1.0,0.6,0.7499999999999999,False,0.2857142857142857,2048,False,5
"[""ci"", ""build"", ""refactor"", ""test"", ""docs""]","[""build"", ""fix"", ""feat"", ""refactor"", ""docs""]",1.0713779926300049,"['e4a11fd5c34942ba12737f1c8c084489428ee274', '9ef5c0d14193a9abb09b39856f58477d1f4b0d77', 'dc5238b2bda98a7c4f2fe9584fc3b0191a408109', '771857b1df9470ebc15357e8879118a72c649d5b', 'c2ee5cd5e709afd15c5565ee009a0d204403a119']",0.6,0.6,0.6,False,0.5714285714285714,2048,False,5
"[""docs"", ""test"", ""build"", ""refactor""]","[""docs"", ""test"", ""build"", ""fix"", ""feat""]",0.870812177658081,"['bf83c9155e9bee6925aa7102fab53fb803d52533', '229b53a632ea97d47c4be11f096bdd828fb415d8', 'c55591ba157298a9c5816693c102a89dfd058830', '06e2be4e2019b6fa714e1fcb34485860ef1ede79', 'f823cf28652987d43c8324b4f5b203240032383a']",0.75,0.6,0.6666666666666665,False,0.4285714285714285,2048,False,5
"[""ci"", ""build"", ""test"", ""docs"", ""feat"", ""refactor""]","[""ci"", ""build"", ""fix"", ""test"", ""feat""]",1.150401592254639,"['e7a67d88173566be3cd3aed7e9eeb7e29aabbc57', 'c55591ba157298a9c5816693c102a89dfd058830', 'd129eaf9125a967ac86c6c7276bbae6b4d50af36', '229b53a632ea97d47c4be11f096bdd828fb415d8', '1bcf88670b50155b50071e707f98f30cea0b7a24']",0.6666666666666666,0.8,0.7272727272727272,False,0.4285714285714285,2048,False,5
"[""feat"", ""test"", ""ci"", ""build"", ""refactor""]","[""fix"", ""test"", ""build"", ""ci"", ""refactor""]",1.045964002609253,"['2561f4ade46fc9d59f289f328cc77733a6443697', 'b7ce2894fd1794064bd6db4ed730bb6cb7728739', '1269431c8a3e7549f10fcbbb4b88ff625c8898b3', 'e96487ad7ce90b141219d9032fa2bed68d5dae6a', '36556bf8e0bce4ab6d26eafacbdad04d9614a5d7']",0.8,0.8,0.8000000000000002,False,0.2857142857142857,2048,False,5
"[""docs"", ""ci"", ""test"", ""build"", ""refactor""]","[""docs"", ""ci"", ""refactor"", ""test"", ""fix""]",0.99743390083313,"['bf83c9155e9bee6925aa7102fab53fb803d52533', 'e7a67d88173566be3cd3aed7e9eeb7e29aabbc57', '535708ae50aecb452560a23356fd396f99ef13a2', 'c7b25726df94a2530c9b1c0d2b6a0acaa103822f', '06e2be4e2019b6fa714e1fcb34485860ef1ede79']",0.8,0.8,0.8000000000000002,False,0.2857142857142857,2048,False,5
"[""feat"", ""fix"", ""refactor"", ""docs"", ""test"", ""ci"", ""build""]","[""refactor"", ""docs"", ""build"", ""feat"", ""fix""]",1.2519218921661377,"['36556bf8e0bce4ab6d26eafacbdad04d9614a5d7', 'c2ee5cd5e709afd15c5565ee009a0d204403a119', 'c55591ba157298a9c5816693c102a89dfd058830', '68278b00450f2679761a2999500f6d87a579376b', '9ef5c0d14193a9abb09b39856f58477d1f4b0d77']",0.7142857142857143,1.0,0.8333333333333333,False,0.2857142857142857,2048,False,5
"[""feat"", ""build"", ""ci"", ""test""]","[""feat"", ""build"", ""fix"", ""ci"", ""test""]",0.941885471343994,"['ded26d768ff432ad3bde3c0aa1e95ce50726100a', 'c323d59c607cabc91f17a78528d998f376f30b10', '2561f4ade46fc9d59f289f328cc77733a6443697', '45837af24a33308a70a3454f0f650f9fe728e272', 'e0198f74b81da3663144cfe1d971939319f82a0f']",1.0,0.8,0.888888888888889,False,0.1428571428571428,2048,False,5
"[""ci"", ""refactor"", ""test"", ""docs"", ""build""]","[""ci"", ""refactor"", ""test"", ""feat"", ""fix""]",0.9941492080688475,"['e96487ad7ce90b141219d9032fa2bed68d5dae6a', 'a62314d9bb632be6af026686615d14b912250512', 'c7b25726df94a2530c9b1c0d2b6a0acaa103822f', '6ed56ce9ae743ba9a87e6c9643cc06b1de7b748d', '9ef5c0d14193a9abb09b39856f58477d1f4b0d77']",0.6,0.6,0.6,False,0.5714285714285714,2048,False,5
"[""build"", ""refactor"", ""ci"", ""test"", ""docs"", ""feat"", ""fix""]","[""build"", ""refactor"", ""ci"", ""docs"", ""fix""]",1.2370398044586182,"['c55591ba157298a9c5816693c102a89dfd058830', '63eab619e6166eb6cab948028a7b89bf059dd878', 'c5fa7b80438fbd74f4c341f0d3c9bd9e0f4910da', '036a0ff49a7dade0e04c9c07071a1ff49133ee24', '9be725fa3906323d4bc9788f54eccf74109d632b']",0.7142857142857143,1.0,0.8333333333333333,False,0.2857142857142857,2048,False,5
"[""docs"", ""ci"", ""test"", ""build""]","[""docs"", ""ci"", ""refactor"", ""build"", ""feat""]",0.906550407409668,"['bf83c9155e9bee6925aa7102fab53fb803d52533', '173553c0372e66e03bdab19e0e6c2dd44daa14a0', '535708ae50aecb452560a23356fd396f99ef13a2', '1269431c8a3e7549f10fcbbb4b88ff625c8898b3', 'f823cf28652987d43c8324b4f5b203240032383a']",0.75,0.6,0.6666666666666665,False,0.4285714285714285,2048,False,5
"[""test"", ""refactor"", ""ci"", ""build"", ""docs"", ""feat"", ""fix""]","[""test"", ""feat"", ""refactor"", ""fix"", ""docs""]",1.249140977859497,"['bedc7950b24c37809e36a585b7985d5aa5e3e458', 'fd8e563cc19ca4684885d4692acee6bebcca4ada', '062daa45cbd5dba6e96e95d8cdcaee89ae30a83c', 'c8e0ae8612df3d6f2831acc004aaac332f6105e4', '036a0ff49a7dade0e04c9c07071a1ff49133ee24']",0.7142857142857143,1.0,0.8333333333333333,False,0.2857142857142857,2048,False,5
"[""docs"", ""build"", ""ci"", ""test""]","[""docs"", ""build"", ""ci"", ""fix"", ""test""]",0.9842658042907716,"['c2ee5cd5e709afd15c5565ee009a0d204403a119', '1269431c8a3e7549f10fcbbb4b88ff625c8898b3', 'e7a67d88173566be3cd3aed7e9eeb7e29aabbc57', 'bed78248c941d57ad4cc20a455147e186e97c7a1', 'e9617f0854030e70365eb264bcb3b58078e79e9e']",1.0,0.8,0.888888888888889,False,0.1428571428571428,2048,False,5
"[""refactor"", ""ci"", ""build""]","[""refactor"", ""ci"", ""docs"", ""test"", ""build""]",0.7930676937103271,"['3cca5c314ad6feeffbfe1f14cf49ebd0fd9a95a2', 'dbb537a26e388a8d7d17faf131abc30c2f7a84e6', 'e12d9e77a6fd531a22325337838a841b1c67f00d', 'c7b25726df94a2530c9b1c0d2b6a0acaa103822f', '37b1cbfd3d2c462ef4f2a131e4172c38dc8d9ddf']",1.0,0.6,0.7499999999999999,False,0.2857142857142857,2048,False,5
"[""test"", ""ci"", ""refactor""]","[""test"", ""feat"", ""ci"", ""refactor"", ""fix""]",0.8303852081298828,"['229b53a632ea97d47c4be11f096bdd828fb415d8', 'b282e90e2cbb74559aab79eee8443a4d7c85502a', 'dbb537a26e388a8d7d17faf131abc30c2f7a84e6', '3cca5c314ad6feeffbfe1f14cf49ebd0fd9a95a2', '933ab6bb86372913c992567cf9660009900911a7']",1.0,0.6,0.7499999999999999,False,0.2857142857142857,2048,False,5
"[""ci"", ""build"", ""refactor"", ""test"", ""docs""]","[""build"", ""fix"", ""ci"", ""refactor"", ""docs""]",1.0535237789154053,"['37b1cbfd3d2c462ef4f2a131e4172c38dc8d9ddf', '06e2be4e2019b6fa714e1fcb34485860ef1ede79', 'c5fa7b80438fbd74f4c341f0d3c9bd9e0f4910da', '1db13ec43727aca872a0f3836e4023ed85db665e', 'a52a585d74894b3b4eeb8c784fa089ff95cddad0']",0.8,0.8,0.8000000000000002,False,0.2857142857142857,2048,False,5
"[""build"", ""ci"", ""refactor"", ""test""]","[""build"", ""docs"", ""ci"", ""test"", ""feat""]",0.954108715057373,"['c44cf88a6ec54e5ddd99d8348bcc57b301ec7945', '6d405dfc1675dcad64a2dfac0c0cb0fb28381d21', 'e7a67d88173566be3cd3aed7e9eeb7e29aabbc57', 'f411e58cd510f8a2b980b2f1932003a0c0e9f8f3', 'f823cf28652987d43c8324b4f5b203240032383a']",0.75,0.6,0.6666666666666665,False,0.4285714285714285,2048,False,5
"[""feat"", ""refactor"", ""test"", ""ci"", ""build""]","[""feat"", ""fix"", ""refactor"", ""build"", ""test""]",0.992995023727417,"['f823cf28652987d43c8324b4f5b203240032383a', 'c8e0ae8612df3d6f2831acc004aaac332f6105e4', '47ef9104e4a89e80d7cc6c1950bc080841da4a7b', 'e4a11fd5c34942ba12737f1c8c084489428ee274', 'c7b25726df94a2530c9b1c0d2b6a0acaa103822f']",0.8,0.8,0.8000000000000002,False,0.2857142857142857,2048,False,5
"[""test"", ""ci"", ""refactor"", ""docs""]","[""refactor"", ""build"", ""ci"", ""docs"", ""test""]",0.895909309387207,"['1db13ec43727aca872a0f3836e4023ed85db665e', '32b92cfa0b74a6c25990e32ac6aab12b8496794c', 'e96487ad7ce90b141219d9032fa2bed68d5dae6a', '6d405dfc1675dcad64a2dfac0c0cb0fb28381d21', 'e2e8ad25854bd1e7cdbc7f50b50bbd99e04ad47d']",1.0,0.8,0.888888888888889,False,0.1428571428571428,2048,False,5
"[""build"", ""ci"", ""refactor"", ""test""]","[""build"", ""test"", ""refactor"", ""ci"", ""fix""]",0.9644057750701904,"['37b1cbfd3d2c462ef4f2a131e4172c38dc8d9ddf', 'f411e58cd510f8a2b980b2f1932003a0c0e9f8f3', '1db13ec43727aca872a0f3836e4023ed85db665e', 'c5fa7b80438fbd74f4c341f0d3c9bd9e0f4910da', 'd129eaf9125a967ac86c6c7276bbae6b4d50af36']",1.0,0.8,0.888888888888889,False,0.1428571428571428,2048,False,5
"[""build"", ""ci"", ""docs"", ""refactor"", ""test""]","[""build"", ""docs"", ""ci"", ""test"", ""fix""]",0.9670329093933104,"['c55591ba157298a9c5816693c102a89dfd058830', 'a52a585d74894b3b4eeb8c784fa089ff95cddad0', '6c9cb638cb4d1ecc42632fcf389c24898c5b3244', 'c7b25726df94a2530c9b1c0d2b6a0acaa103822f', 'bed78248c941d57ad4cc20a455147e186e97c7a1']",0.8,0.8,0.8000000000000002,False,0.2857142857142857,2048,False,5
"[""feat"", ""ci"", ""build"", ""test""]","[""fix"", ""ci"", ""feat"", ""build"", ""refactor""]",0.9331810474395752,"['9ef5c0d14193a9abb09b39856f58477d1f4b0d77', 'dbb537a26e388a8d7d17faf131abc30c2f7a84e6', '6ed56ce9ae743ba9a87e6c9643cc06b1de7b748d', 'e4a11fd5c34942ba12737f1c8c084489428ee274', '1db13ec43727aca872a0f3836e4023ed85db665e']",0.75,0.6,0.6666666666666665,False,0.4285714285714285,2048,False,5
"[""refactor"", ""ci"", ""test"", ""build""]","[""fix"", ""build"", ""refactor"", ""feat"", ""test""]",0.9147732257843018,"['bed78248c941d57ad4cc20a455147e186e97c7a1', 'e4a11fd5c34942ba12737f1c8c084489428ee274', '062daa45cbd5dba6e96e95d8cdcaee89ae30a83c', 'f823cf28652987d43c8324b4f5b203240032383a', 'c7b25726df94a2530c9b1c0d2b6a0acaa103822f']",0.75,0.6,0.6666666666666665,False,0.4285714285714285,2048,False,5
"[""feat"", ""test"", ""refactor"", ""ci"", ""build""]","[""fix"", ""test"", ""feat"", ""docs"", ""build""]",0.9973738193511964,"['87d5d4e55ab7149b593d29410f1fe426ba2447d4', 'bedc7950b24c37809e36a585b7985d5aa5e3e458', 'ded26d768ff432ad3bde3c0aa1e95ce50726100a', 'a52a585d74894b3b4eeb8c784fa089ff95cddad0', 'c323d59c607cabc91f17a78528d998f376f30b10']",0.6,0.6,0.6,False,0.5714285714285714,2048,False,5
"[""build"", ""ci"", ""feat"", ""refactor"", ""test""]","[""test"", ""docs"", ""feat"", ""build"", ""fix""]",1.0776238441467283,"['8ee0611fbf0cd89abe7ae588f22e6ecb843598ea', 'c2ee5cd5e709afd15c5565ee009a0d204403a119', 'fd8e563cc19ca4684885d4692acee6bebcca4ada', '1269431c8a3e7549f10fcbbb4b88ff625c8898b3', '06e2be4e2019b6fa714e1fcb34485860ef1ede79']",0.6,0.6,0.6,False,0.5714285714285714,2048,False,5
"[""feat"", ""docs"", ""build"", ""test"", ""refactor""]","[""docs"", ""feat"", ""build"", ""refactor"", ""test""]",1.0700485706329346,"['a52a585d74894b3b4eeb8c784fa089ff95cddad0', 'f9a094918b62534614c47aa8a13f33aec751a1e0', '1269431c8a3e7549f10fcbbb4b88ff625c8898b3', '535708ae50aecb452560a23356fd396f99ef13a2', 'e0198f74b81da3663144cfe1d971939319f82a0f']",1.0,1.0,1.0,True,0.0,2048,False,5
"[""feat"", ""refactor"", ""test"", ""ci"", ""build""]","[""fix"", ""feat"", ""test"", ""refactor"", ""build""]",0.9971227645874025,"['d129eaf9125a967ac86c6c7276bbae6b4d50af36', '68278b00450f2679761a2999500f6d87a579376b', 'e2e8ad25854bd1e7cdbc7f50b50bbd99e04ad47d', '771857b1df9470ebc15357e8879118a72c649d5b', 'f00a4d3e307b89842250358ee432e6800bb24362']",0.8,0.8,0.8000000000000002,False,0.2857142857142857,2048,False,5
"[""ci"", ""build"", ""test"", ""refactor"", ""feat"", ""docs""]","[""fix"", ""build"", ""refactor"", ""test"", ""docs""]",1.089895725250244,"['933ab6bb86372913c992567cf9660009900911a7', '37b1cbfd3d2c462ef4f2a131e4172c38dc8d9ddf', '1db13ec43727aca872a0f3836e4023ed85db665e', 'c7b25726df94a2530c9b1c0d2b6a0acaa103822f', 'e12d9e77a6fd531a22325337838a841b1c67f00d']",0.6666666666666666,0.8,0.7272727272727272,False,0.4285714285714285,2048,False,5
"[""refactor"", ""ci"", ""docs"", ""build""]","[""fix"", ""ci"", ""docs"", ""build"", ""feat""]",0.8889636993408203,"['06e2be4e2019b6fa714e1fcb34485860ef1ede79', '4cbbd2552ba0de273e1dfe7d453c5b3efed751a3', 'cb1f48b56ae0de93acb72e48726c7d610a1d538e', 'c323d59c607cabc91f17a78528d998f376f30b10', 'f9a094918b62534614c47aa8a13f33aec751a1e0']",0.75,0.6,0.6666666666666665,False,0.4285714285714285,2048,False,5
"[""feat"", ""build"", ""refactor"", ""ci"", ""test"", ""docs""]","[""feat"", ""build"", ""refactor"", ""docs"", ""fix""]",1.0979039669036863,"['fd8e563cc19ca4684885d4692acee6bebcca4ada', 'f00a4d3e307b89842250358ee432e6800bb24362', '535708ae50aecb452560a23356fd396f99ef13a2', 'e12d9e77a6fd531a22325337838a841b1c67f00d', '9be725fa3906323d4bc9788f54eccf74109d632b']",0.6666666666666666,0.8,0.7272727272727272,False,0.4285714285714285,2048,False,5
"[""test"", ""ci"", ""refactor"", ""docs""]","[""test"", ""docs"", ""refactor"", ""ci"", ""feat""]",0.8705768585205078,"['229b53a632ea97d47c4be11f096bdd828fb415d8', 'bf83c9155e9bee6925aa7102fab53fb803d52533', '062daa45cbd5dba6e96e95d8cdcaee89ae30a83c', '32845e1bbd1efb5dbc16f671049509a409ba25ce', 'dc5238b2bda98a7c4f2fe9584fc3b0191a408109']",1.0,0.8,0.888888888888889,False,0.1428571428571428,2048,False,5
"[""build"", ""test"", ""refactor""]","[""build"", ""docs"", ""fix"", ""test"", ""refactor""]",0.8692994117736816,"['454003841aabeb74396d73541378bfa59c75b5db', 'e12d9e77a6fd531a22325337838a841b1c67f00d', 'bed78248c941d57ad4cc20a455147e186e97c7a1', 'f411e58cd510f8a2b980b2f1932003a0c0e9f8f3', '062daa45cbd5dba6e96e95d8cdcaee89ae30a83c']",1.0,0.6,0.7499999999999999,False,0.2857142857142857,2048,False,5
"[""build"", ""ci"", ""refactor"", ""test""]","[""build"", ""ci"", ""docs"", ""test"", ""refactor""]",0.9053194522857666,"['5b81fde8a72cf2e69a10e9f5c4f0bea0a2b8c3e0', '74e9de5ec97dc013a52aa063dff0f40ac74c407b', 'a52a585d74894b3b4eeb8c784fa089ff95cddad0', 'e0198f74b81da3663144cfe1d971939319f82a0f', '062daa45cbd5dba6e96e95d8cdcaee89ae30a83c']",1.0,0.8,0.888888888888889,False,0.1428571428571428,2048,False,5
"[""feat"", ""docs"", ""ci"", ""refactor"", ""build""]","[""build"", ""ci"", ""docs"", ""refactor"", ""fix""]",0.946770191192627,"['32b92cfa0b74a6c25990e32ac6aab12b8496794c', '6c9cb638cb4d1ecc42632fcf389c24898c5b3244', 'aca23027da1295c78fdf42ba9687d8ccc88784d7', '47ef9104e4a89e80d7cc6c1950bc080841da4a7b', '2561f4ade46fc9d59f289f328cc77733a6443697']",0.8,0.8,0.8000000000000002,False,0.2857142857142857,2048,False,5
"[""test"", ""docs"", ""build"", ""ci"", ""refactor"", ""feat"", ""fix""]","[""test"", ""docs"", ""fix"", ""feat"", ""build""]",1.284243106842041,"['e0198f74b81da3663144cfe1d971939319f82a0f', 'c2ee5cd5e709afd15c5565ee009a0d204403a119', '9ef5c0d14193a9abb09b39856f58477d1f4b0d77', 'f823cf28652987d43c8324b4f5b203240032383a', 'c44cf88a6ec54e5ddd99d8348bcc57b301ec7945']",0.7142857142857143,1.0,0.8333333333333333,False,0.2857142857142857,2048,False,5
"[""refactor"", ""ci"", ""test"", ""build"", ""docs""]","[""refactor"", ""ci"", ""test"", ""build"", ""feat""]",1.1341798305511477,"['3cca5c314ad6feeffbfe1f14cf49ebd0fd9a95a2', '32845e1bbd1efb5dbc16f671049509a409ba25ce', 'e9617f0854030e70365eb264bcb3b58078e79e9e', '454003841aabeb74396d73541378bfa59c75b5db', 'fd8e563cc19ca4684885d4692acee6bebcca4ada']",0.8,0.8,0.8000000000000002,False,0.2857142857142857,2048,False,5
"[""feat"", ""refactor"", ""ci"", ""build"", ""test"", ""docs""]","[""refactor"", ""feat"", ""build"", ""fix"", ""test""]",1.171659231185913,"['062daa45cbd5dba6e96e95d8cdcaee89ae30a83c', 'f823cf28652987d43c8324b4f5b203240032383a', 'c44cf88a6ec54e5ddd99d8348bcc57b301ec7945', '933ab6bb86372913c992567cf9660009900911a7', '8ee0611fbf0cd89abe7ae588f22e6ecb843598ea']",0.6666666666666666,0.8,0.7272727272727272,False,0.4285714285714285,2048,False,5
"[""ci"", ""feat"", ""refactor"", ""test""]","[""refactor"", ""test"", ""docs"", ""feat"", ""ci""]",0.901982307434082,"['36556bf8e0bce4ab6d26eafacbdad04d9614a5d7', '317f4eefecddfb1392ca71d551840f446feee302', '036a0ff49a7dade0e04c9c07071a1ff49133ee24', 'e137f9fdbdb6bf3f85c3f7ac9323785e445844c8', 'e7a67d88173566be3cd3aed7e9eeb7e29aabbc57']",1.0,0.8,0.888888888888889,False,0.1428571428571428,2048,False,5
"[""test"", ""ci"", ""refactor"", ""docs"", ""build""]","[""test"", ""ci"", ""refactor"", ""feat"", ""fix""]",1.0933523178100586,"['e0198f74b81da3663144cfe1d971939319f82a0f', '173553c0372e66e03bdab19e0e6c2dd44daa14a0', '062daa45cbd5dba6e96e95d8cdcaee89ae30a83c', 'f823cf28652987d43c8324b4f5b203240032383a', 'bed78248c941d57ad4cc20a455147e186e97c7a1']",0.6,0.6,0.6,False,0.5714285714285714,2048,False,5
"[""ci"", ""feat"", ""refactor"", ""test"", ""build""]","[""ci"", ""refactor"", ""docs"", ""fix"", ""feat""]",1.022322654724121,"['32845e1bbd1efb5dbc16f671049509a409ba25ce', '63eab619e6166eb6cab948028a7b89bf059dd878', 'af880ac5b4fecbc6c4f3d1eee0d95f326e8bd9d1', '9be725fa3906323d4bc9788f54eccf74109d632b', 'fd8e563cc19ca4684885d4692acee6bebcca4ada']",0.6,0.6,0.6,False,0.5714285714285714,2048,False,5
"[""docs"", ""test"", ""build""]","[""docs"", ""refactor"", ""fix"", ""test"", ""build""]",0.81679368019104,"['bf83c9155e9bee6925aa7102fab53fb803d52533', '3cca5c314ad6feeffbfe1f14cf49ebd0fd9a95a2', '2561f4ade46fc9d59f289f328cc77733a6443697', '317f4eefecddfb1392ca71d551840f446feee302', '454003841aabeb74396d73541378bfa59c75b5db']",1.0,0.6,0.7499999999999999,False,0.2857142857142857,2048,False,5
"[""test"", ""ci"", ""refactor"", ""docs"", ""build""]","[""test"", ""ci"", ""fix"", ""docs"", ""refactor""]",1.0734593868255615,"['317f4eefecddfb1392ca71d551840f446feee302', '32845e1bbd1efb5dbc16f671049509a409ba25ce', 'c8e0ae8612df3d6f2831acc004aaac332f6105e4', '6d405dfc1675dcad64a2dfac0c0cb0fb28381d21', '062daa45cbd5dba6e96e95d8cdcaee89ae30a83c']",0.8,0.8,0.8000000000000002,False,0.2857142857142857,2048,False,5
"[""build"", ""ci"", ""docs"", ""test"", ""refactor"", ""fix""]","[""build"", ""ci"", ""test"", ""docs"", ""feat""]",1.0918850898742676,"['c55591ba157298a9c5816693c102a89dfd058830', 'dbb537a26e388a8d7d17faf131abc30c2f7a84e6', 'e0198f74b81da3663144cfe1d971939319f82a0f', '0cfc5633d37ea06f645649138323f1820e18bdee', 'dc5238b2bda98a7c4f2fe9584fc3b0191a408109']",0.6666666666666666,0.8,0.7272727272727272,False,0.4285714285714285,2048,False,5
"[""feat"", ""refactor"", ""test"", ""ci""]","[""refactor"", ""feat"", ""test"", ""fix"", ""ci""]",0.8698587417602539,"['535708ae50aecb452560a23356fd396f99ef13a2', 'dc5238b2bda98a7c4f2fe9584fc3b0191a408109', 'e2e8ad25854bd1e7cdbc7f50b50bbd99e04ad47d', '2561f4ade46fc9d59f289f328cc77733a6443697', 'c5fa7b80438fbd74f4c341f0d3c9bd9e0f4910da']",1.0,0.8,0.888888888888889,False,0.1428571428571428,2048,False,5
"[""ci"", ""refactor"", ""test""]","[""ci"", ""docs"", ""refactor"", ""build"", ""test""]",0.7857275009155273,"['c5fa7b80438fbd74f4c341f0d3c9bd9e0f4910da', 'af880ac5b4fecbc6c4f3d1eee0d95f326e8bd9d1', '47ef9104e4a89e80d7cc6c1950bc080841da4a7b', '37b1cbfd3d2c462ef4f2a131e4172c38dc8d9ddf', 'c7b25726df94a2530c9b1c0d2b6a0acaa103822f']",1.0,0.6,0.7499999999999999,False,0.2857142857142857,2048,False,5
"[""build"", ""docs"", ""refactor""]","[""build"", ""docs"", ""refactor"", ""test"", ""feat""]",0.9134435653686525,"['454003841aabeb74396d73541378bfa59c75b5db', 'aca23027da1295c78fdf42ba9687d8ccc88784d7', '771857b1df9470ebc15357e8879118a72c649d5b', 'bedc7950b24c37809e36a585b7985d5aa5e3e458', 'e137f9fdbdb6bf3f85c3f7ac9323785e445844c8']",1.0,0.6,0.7499999999999999,False,0.2857142857142857,2048,False,5
"[""ci"", ""docs"", ""test"", ""refactor""]","[""ci"", ""feat"", ""fix"", ""docs"", ""test""]",0.94234037399292,"['74e9de5ec97dc013a52aa063dff0f40ac74c407b', 'ded26d768ff432ad3bde3c0aa1e95ce50726100a', '9be725fa3906323d4bc9788f54eccf74109d632b', 'a52a585d74894b3b4eeb8c784fa089ff95cddad0', 'e9617f0854030e70365eb264bcb3b58078e79e9e']",0.75,0.6,0.6666666666666665,False,0.4285714285714285,2048,False,5
"[""feat"", ""test"", ""refactor"", ""ci"", ""build""]","[""feat"", ""build"", ""test"", ""docs"", ""fix""]",1.0201499462127686,"['f9a094918b62534614c47aa8a13f33aec751a1e0', 'e4a11fd5c34942ba12737f1c8c084489428ee274', '229b53a632ea97d47c4be11f096bdd828fb415d8', '036a0ff49a7dade0e04c9c07071a1ff49133ee24', '2561f4ade46fc9d59f289f328cc77733a6443697']",0.6,0.6,0.6,False,0.5714285714285714,2048,False,5
"[""build"", ""ci"", ""docs"", ""test""]","[""build"", ""docs"", ""test"", ""fix"", ""ci""]",0.9459106922149658,"['e4a11fd5c34942ba12737f1c8c084489428ee274', 'aca23027da1295c78fdf42ba9687d8ccc88784d7', 'e9617f0854030e70365eb264bcb3b58078e79e9e', '9ef5c0d14193a9abb09b39856f58477d1f4b0d77', '4cbbd2552ba0de273e1dfe7d453c5b3efed751a3']",1.0,0.8,0.888888888888889,False,0.1428571428571428,2048,False,5
"[""feat"", ""refactor"", ""ci"", ""build"", ""test""]","[""feat"", ""fix"", ""ci"", ""docs"", ""test""]",1.065739393234253,"['f9a094918b62534614c47aa8a13f33aec751a1e0', '2561f4ade46fc9d59f289f328cc77733a6443697', '45837af24a33308a70a3454f0f650f9fe728e272', '036a0ff49a7dade0e04c9c07071a1ff49133ee24', 'b7ce2894fd1794064bd6db4ed730bb6cb7728739']",0.6,0.6,0.6,False,0.5714285714285714,2048,False,5
"[""feat"", ""refactor"", ""ci"", ""build"", ""test"", ""docs""]","[""feat"", ""refactor"", ""build"", ""fix"", ""docs""]",1.1462814807891846,"['ded26d768ff432ad3bde3c0aa1e95ce50726100a', '062daa45cbd5dba6e96e95d8cdcaee89ae30a83c', '37b1cbfd3d2c462ef4f2a131e4172c38dc8d9ddf', '933ab6bb86372913c992567cf9660009900911a7', '036a0ff49a7dade0e04c9c07071a1ff49133ee24']",0.6666666666666666,0.8,0.7272727272727272,False,0.4285714285714285,2048,False,5
"[""test"", ""build"", ""refactor"", ""ci"", ""feat"", ""fix""]","[""test"", ""build"", ""feat"", ""fix"", ""docs""]",1.101485252380371,"['f411e58cd510f8a2b980b2f1932003a0c0e9f8f3', 'c44cf88a6ec54e5ddd99d8348bcc57b301ec7945', '1bcf88670b50155b50071e707f98f30cea0b7a24', '9be725fa3906323d4bc9788f54eccf74109d632b', 'a52a585d74894b3b4eeb8c784fa089ff95cddad0']",0.6666666666666666,0.8,0.7272727272727272,False,0.4285714285714285,2048,False,5
"[""refactor"", ""test"", ""ci"", ""build"", ""feat""]","[""fix"", ""feat"", ""test"", ""ci"", ""docs""]",0.9652526378631592,"['933ab6bb86372913c992567cf9660009900911a7', '6ed56ce9ae743ba9a87e6c9643cc06b1de7b748d', 'e2e8ad25854bd1e7cdbc7f50b50bbd99e04ad47d', 'e96487ad7ce90b141219d9032fa2bed68d5dae6a', '036a0ff49a7dade0e04c9c07071a1ff49133ee24']",0.6,0.6,0.6,False,0.5714285714285714,2048,False,5
"[""test"", ""ci"", ""build""]","[""test"", ""refactor"", ""ci"", ""build"", ""fix""]",0.8340878486633301,"['e0198f74b81da3663144cfe1d971939319f82a0f', '3cca5c314ad6feeffbfe1f14cf49ebd0fd9a95a2', '45837af24a33308a70a3454f0f650f9fe728e272', '5b81fde8a72cf2e69a10e9f5c4f0bea0a2b8c3e0', '9ef5c0d14193a9abb09b39856f58477d1f4b0d77']",1.0,0.6,0.7499999999999999,False,0.2857142857142857,2048,False,5
"[""build"", ""ci"", ""feat"", ""refactor"", ""test""]","[""build"", ""feat"", ""refactor"", ""ci"", ""test""]",1.0203661918640137,"['c55591ba157298a9c5816693c102a89dfd058830', '1bcf88670b50155b50071e707f98f30cea0b7a24', '1db13ec43727aca872a0f3836e4023ed85db665e', 'dbb537a26e388a8d7d17faf131abc30c2f7a84e6', 'e2e8ad25854bd1e7cdbc7f50b50bbd99e04ad47d']",1.0,1.0,1.0,True,0.0,2048,False,5
"[""feat"", ""refactor"", ""docs"", ""test"", ""ci"", ""build""]","[""feat"", ""refactor"", ""test"", ""ci"", ""build""]",1.1711270809173584,"['e137f9fdbdb6bf3f85c3f7ac9323785e445844c8', 'a62314d9bb632be6af026686615d14b912250512', 'b7ce2894fd1794064bd6db4ed730bb6cb7728739', '45837af24a33308a70a3454f0f650f9fe728e272', '454003841aabeb74396d73541378bfa59c75b5db']",0.8333333333333334,1.0,0.9090909090909092,False,0.1428571428571428,2048,False,5
"[""test"", ""refactor"", ""build"", ""docs""]","[""test"", ""fix"", ""build"", ""refactor"", ""docs""]",0.9354186058044434,"['317f4eefecddfb1392ca71d551840f446feee302', '06e2be4e2019b6fa714e1fcb34485860ef1ede79', '32b92cfa0b74a6c25990e32ac6aab12b8496794c', '535708ae50aecb452560a23356fd396f99ef13a2', 'aca23027da1295c78fdf42ba9687d8ccc88784d7']",1.0,0.8,0.888888888888889,False,0.1428571428571428,2048,False,5
"[""ci"", ""build"", ""test"", ""docs"", ""refactor"", ""feat""]","[""ci"", ""feat"", ""build"", ""fix"", ""test""]",1.1435816287994385,"['173553c0372e66e03bdab19e0e6c2dd44daa14a0', '6ed56ce9ae743ba9a87e6c9643cc06b1de7b748d', '32b92cfa0b74a6c25990e32ac6aab12b8496794c', '933ab6bb86372913c992567cf9660009900911a7', 'e9617f0854030e70365eb264bcb3b58078e79e9e']",0.6666666666666666,0.8,0.7272727272727272,False,0.4285714285714285,2048,False,5
"[""ci"", ""test"", ""build""]","[""ci"", ""test"", ""fix"", ""feat"", ""build""]",0.7430679798126221,"['dbb537a26e388a8d7d17faf131abc30c2f7a84e6', 'e2e8ad25854bd1e7cdbc7f50b50bbd99e04ad47d', '933ab6bb86372913c992567cf9660009900911a7', 'b282e90e2cbb74559aab79eee8443a4d7c85502a', 'c55591ba157298a9c5816693c102a89dfd058830']",1.0,0.6,0.7499999999999999,False,0.2857142857142857,2048,False,5
"[""test"", ""ci"", ""refactor"", ""build""]","[""test"", ""build"", ""feat"", ""fix"", ""ci""]",0.9770550727844238,"['317f4eefecddfb1392ca71d551840f446feee302', 'e4a11fd5c34942ba12737f1c8c084489428ee274', 'ded26d768ff432ad3bde3c0aa1e95ce50726100a', 'd129eaf9125a967ac86c6c7276bbae6b4d50af36', '173553c0372e66e03bdab19e0e6c2dd44daa14a0']",0.75,0.6,0.6666666666666665,False,0.4285714285714285,2048,False,5
"[""test"", ""ci"", ""refactor"", ""docs""]","[""test"", ""build"", ""refactor"", ""docs"", ""feat""]",0.8919093608856201,"['bedc7950b24c37809e36a585b7985d5aa5e3e458', '5b81fde8a72cf2e69a10e9f5c4f0bea0a2b8c3e0', '47ef9104e4a89e80d7cc6c1950bc080841da4a7b', 'aca23027da1295c78fdf42ba9687d8ccc88784d7', 'f823cf28652987d43c8324b4f5b203240032383a']",0.75,0.6,0.6666666666666665,False,0.4285714285714285,2048,False,5
"[""build"", ""ci"", ""refactor"", ""docs""]","[""build"", ""ci"", ""feat"", ""docs"", ""fix""]",0.8877205848693848,"['5b81fde8a72cf2e69a10e9f5c4f0bea0a2b8c3e0', 'c5fa7b80438fbd74f4c341f0d3c9bd9e0f4910da', '68278b00450f2679761a2999500f6d87a579376b', 'a52a585d74894b3b4eeb8c784fa089ff95cddad0', '06e2be4e2019b6fa714e1fcb34485860ef1ede79']",0.75,0.6,0.6666666666666665,False,0.4285714285714285,2048,False,5
"[""test"", ""ci"", ""refactor""]","[""test"", ""build"", ""refactor"", ""fix"", ""ci""]",0.8309347629547119,"['e0198f74b81da3663144cfe1d971939319f82a0f', '5b81fde8a72cf2e69a10e9f5c4f0bea0a2b8c3e0', '3cca5c314ad6feeffbfe1f14cf49ebd0fd9a95a2', '87d5d4e55ab7149b593d29410f1fe426ba2447d4', '74e9de5ec97dc013a52aa063dff0f40ac74c407b']",1.0,0.6,0.7499999999999999,False,0.2857142857142857,2048,False,5
"[""feat"", ""test"", ""ci"", ""build"", ""refactor"", ""docs""]","[""feat"", ""build"", ""fix"", ""ci"", ""test""]",1.1505532264709473,"['6ed56ce9ae743ba9a87e6c9643cc06b1de7b748d', 'c323d59c607cabc91f17a78528d998f376f30b10', '87d5d4e55ab7149b593d29410f1fe426ba2447d4', 'c5fa7b80438fbd74f4c341f0d3c9bd9e0f4910da', 'e9617f0854030e70365eb264bcb3b58078e79e9e']",0.6666666666666666,0.8,0.7272727272727272,False,0.4285714285714285,2048,False,5
"[""build"", ""ci"", ""refactor"", ""test""]","[""build"", ""test"", ""refactor"", ""feat"", ""ci""]",0.8978698253631592,"['5b81fde8a72cf2e69a10e9f5c4f0bea0a2b8c3e0', 'e9617f0854030e70365eb264bcb3b58078e79e9e', '2954a0955ce9af6acb345ed1e8328e145ad30475', '68278b00450f2679761a2999500f6d87a579376b', 'e96487ad7ce90b141219d9032fa2bed68d5dae6a']",1.0,0.8,0.888888888888889,False,0.1428571428571428,2048,False,5
"[""ci"", ""feat"", ""refactor""]","[""ci"", ""refactor"", ""docs"", ""feat"", ""fix""]",0.795673131942749,"['4cbbd2552ba0de273e1dfe7d453c5b3efed751a3', '535708ae50aecb452560a23356fd396f99ef13a2', 'e12d9e77a6fd531a22325337838a841b1c67f00d', 'fd8e563cc19ca4684885d4692acee6bebcca4ada', '9be725fa3906323d4bc9788f54eccf74109d632b']",1.0,0.6,0.7499999999999999,False,0.2857142857142857,2048,False,5
"[""ci"", ""refactor"", ""docs""]","[""ci"", ""fix"", ""feat"", ""docs"", ""refactor""]",0.8425109386444092,"['c5fa7b80438fbd74f4c341f0d3c9bd9e0f4910da', 'bed78248c941d57ad4cc20a455147e186e97c7a1', 'b282e90e2cbb74559aab79eee8443a4d7c85502a', 'bf83c9155e9bee6925aa7102fab53fb803d52533', '771857b1df9470ebc15357e8879118a72c649d5b']",1.0,0.6,0.7499999999999999,False,0.2857142857142857,2048,False,5
"[""feat"", ""refactor""]","[""fix""]",0.5096657276153564,['87d5d4e55ab7149b593d29410f1fe426ba2447d4'],0.0,0.0,0.0,False,0.4285714285714285,2048,False,1
"[""test""]","[""test""]",0.4207596778869629,['317f4eefecddfb1392ca71d551840f446feee302'],1.0,1.0,1.0,True,0.0,2048,False,1
"[""ci""]","[""ci""]",0.4660840034484863,['c5fa7b80438fbd74f4c341f0d3c9bd9e0f4910da'],1.0,1.0,1.0,True,0.0,2048,False,1
"[""ci""]","[""ci""]",0.4525239467620849,['e7a67d88173566be3cd3aed7e9eeb7e29aabbc57'],1.0,1.0,1.0,True,0.0,2048,False,1
"[""feat"", ""refactor""]","[""fix""]",0.5169451236724854,['d129eaf9125a967ac86c6c7276bbae6b4d50af36'],0.0,0.0,0.0,False,0.4285714285714285,2048,False,1
"[""build"", ""ci""]","[""build""]",0.5042579174041748,['1269431c8a3e7549f10fcbbb4b88ff625c8898b3'],0.5,1.0,0.6666666666666666,False,0.1428571428571428,2048,False,1
"[""feat"", ""refactor""]","[""refactor""]",0.5300755500793457,['535708ae50aecb452560a23356fd396f99ef13a2'],0.5,1.0,0.6666666666666666,False,0.1428571428571428,2048,False,1
"[""feat"", ""refactor"", ""ci"", ""build"", ""test"", ""docs""]","[""feat""]",0.9369032382965088,['68278b00450f2679761a2999500f6d87a579376b'],0.1666666666666666,1.0,0.2857142857142857,False,0.7142857142857143,2048,False,1
"[""ci""]","[""ci""]",0.3748230934143066,['6c9cb638cb4d1ecc42632fcf389c24898c5b3244'],1.0,1.0,1.0,True,0.0,2048,False,1
"[""test""]","[""test""]",0.3777670860290527,['c7b25726df94a2530c9b1c0d2b6a0acaa103822f'],1.0,1.0,1.0,True,0.0,2048,False,1
"[""feat"", ""refactor""]","[""feat""]",0.5665154457092285,['1bcf88670b50155b50071e707f98f30cea0b7a24'],0.5,1.0,0.6666666666666666,False,0.1428571428571428,2048,False,1
"[""build"", ""test""]","[""build""]",0.6178569793701172,['454003841aabeb74396d73541378bfa59c75b5db'],0.5,1.0,0.6666666666666666,False,0.1428571428571428,2048,False,1
"[""ci""]","[""ci""]",0.3326570987701416,['dbb537a26e388a8d7d17faf131abc30c2f7a84e6'],1.0,1.0,1.0,True,0.0,2048,False,1
"[""docs""]","[""docs""]",0.3757185935974121,['bf83c9155e9bee6925aa7102fab53fb803d52533'],1.0,1.0,1.0,True,0.0,2048,False,1
"[""feat""]","[""feat""]",0.3725249767303467,['dc5238b2bda98a7c4f2fe9584fc3b0191a408109'],1.0,1.0,1.0,True,0.0,2048,False,1
"[""ci""]","[""ci""]",0.3651313781738281,['74e9de5ec97dc013a52aa063dff0f40ac74c407b'],1.0,1.0,1.0,True,0.0,2048,False,1
"[""test""]","[""test""]",0.3723289966583252,['b7ce2894fd1794064bd6db4ed730bb6cb7728739'],1.0,1.0,1.0,True,0.0,2048,False,1
"[""refactor"", ""build""]","[""build""]",0.4754877090454101,['32b92cfa0b74a6c25990e32ac6aab12b8496794c'],0.5,1.0,0.6666666666666666,False,0.1428571428571428,2048,False,1
"[""refactor"", ""build""]","[""fix""]",0.5640537738800049,['bed78248c941d57ad4cc20a455147e186e97c7a1'],0.0,0.0,0.0,False,0.4285714285714285,2048,False,1
"[""test""]","[""test""]",0.3947064876556396,['f411e58cd510f8a2b980b2f1932003a0c0e9f8f3'],1.0,1.0,1.0,True,0.0,2048,False,1
"[""feat"", ""refactor""]","[""feat""]",0.5252485275268555,['f9a094918b62534614c47aa8a13f33aec751a1e0'],0.5,1.0,0.6666666666666666,False,0.1428571428571428,2048,False,1
"[""docs""]","[""docs""]",0.368192195892334,['aca23027da1295c78fdf42ba9687d8ccc88784d7'],1.0,1.0,1.0,True,0.0,2048,False,1
"[""ci""]","[""build""]",0.4044563770294189,['37b1cbfd3d2c462ef4f2a131e4172c38dc8d9ddf'],0.0,0.0,0.0,False,0.2857142857142857,2048,False,1
"[""feat"", ""refactor""]","[""feat""]",0.7884204387664795,['e137f9fdbdb6bf3f85c3f7ac9323785e445844c8'],0.5,1.0,0.6666666666666666,False,0.1428571428571428,2048,False,1
"[""test""]","[""test""]",0.3957827091217041,['e0198f74b81da3663144cfe1d971939319f82a0f'],1.0,1.0,1.0,True,0.0,2048,False,1
"[""ci""]","[""ci""]",0.4527161121368408,['45837af24a33308a70a3454f0f650f9fe728e272'],1.0,1.0,1.0,True,0.0,2048,False,1
"[""docs""]","[""docs""]",0.3869845867156982,['0cfc5633d37ea06f645649138323f1820e18bdee'],1.0,1.0,1.0,True,0.0,2048,False,1
"[""build"", ""test""]","[""test""]",0.7291865348815918,['8ee0611fbf0cd89abe7ae588f22e6ecb843598ea'],0.5,1.0,0.6666666666666666,False,0.1428571428571428,2048,False,1
"[""docs"", ""feat""]","[""docs""]",0.4397683143615722,['c2ee5cd5e709afd15c5565ee009a0d204403a119'],0.5,1.0,0.6666666666666666,False,0.1428571428571428,2048,False,1
"[""refactor""]","[""fix""]",0.4065124988555908,['d1d55e787b7d07f763852602b9939a5394607fd9'],0.0,0.0,0.0,False,0.2857142857142857,2048,False,1
"[""build""]","[""build""]",0.395186185836792,['c55591ba157298a9c5816693c102a89dfd058830'],1.0,1.0,1.0,True,0.0,2048,False,1
"[""fix""]","[""fix""]",0.3119313716888428,['9be725fa3906323d4bc9788f54eccf74109d632b'],1.0,1.0,1.0,True,0.0,2048,False,1
"[""build""]","[""build""]",0.3860437870025635,['f00a4d3e307b89842250358ee432e6800bb24362'],1.0,1.0,1.0,True,0.0,2048,False,1
"[""feat"", ""docs""]","[""docs""]",0.47646164894104,['036a0ff49a7dade0e04c9c07071a1ff49133ee24'],0.5,1.0,0.6666666666666666,False,0.1428571428571428,2048,False,1
"[""feat""]","[""docs""]",0.3991544246673584,['6d405dfc1675dcad64a2dfac0c0cb0fb28381d21'],0.0,0.0,0.0,False,0.2857142857142857,2048,False,1
"[""refactor""]","[""refactor""]",0.7097463607788086,['3cca5c314ad6feeffbfe1f14cf49ebd0fd9a95a2'],1.0,1.0,1.0,True,0.0,2048,False,1
"[""test""]","[""docs""]",0.3701627254486084,['af880ac5b4fecbc6c4f3d1eee0d95f326e8bd9d1'],0.0,0.0,0.0,False,0.2857142857142857,2048,False,1
"[""fix""]","[""fix""]",0.3151860237121582,['c8e0ae8612df3d6f2831acc004aaac332f6105e4'],1.0,1.0,1.0,True,0.0,2048,False,1
"[""refactor"", ""docs""]","[""refactor""]",0.6684634685516357,['771857b1df9470ebc15357e8879118a72c649d5b'],0.5,1.0,0.6666666666666666,False,0.1428571428571428,2048,False,1
"[""refactor""]","[""refactor""]",0.3410077095031738,['47ef9104e4a89e80d7cc6c1950bc080841da4a7b'],1.0,1.0,1.0,True,0.0,2048,False,1
"[""test""]","[""refactor""]",0.6244144439697266,['1db13ec43727aca872a0f3836e4023ed85db665e'],0.0,0.0,0.0,False,0.2857142857142857,2048,False,1
"[""refactor""]","[""fix""]",0.3444623947143554,['933ab6bb86372913c992567cf9660009900911a7'],0.0,0.0,0.0,False,0.2857142857142857,2048,False,1
"[""test""]","[""test""]",0.3436188697814941,['e2e8ad25854bd1e7cdbc7f50b50bbd99e04ad47d'],1.0,1.0,1.0,True,0.0,2048,False,1
"[""build""]","[""build""]",0.3974442481994629,['c44cf88a6ec54e5ddd99d8348bcc57b301ec7945'],1.0,1.0,1.0,True,0.0,2048,False,1
"[""ci""]","[""ci""]",0.3172934055328369,['e96487ad7ce90b141219d9032fa2bed68d5dae6a'],1.0,1.0,1.0,True,0.0,2048,False,1
"[""build""]","[""build""]",0.3724880218505859,['5b81fde8a72cf2e69a10e9f5c4f0bea0a2b8c3e0'],1.0,1.0,1.0,True,0.0,2048,False,1
"[""docs""]","[""docs""]",0.6763856410980225,['cb1f48b56ae0de93acb72e48726c7d610a1d538e'],1.0,1.0,1.0,True,0.0,2048,False,1
"[""refactor""]","[""fix""]",0.4819645881652832,['2561f4ade46fc9d59f289f328cc77733a6443697'],0.0,0.0,0.0,False,0.2857142857142857,2048,False,1
"[""refactor""]","[""fix""]",0.4082658290863037,['06e2be4e2019b6fa714e1fcb34485860ef1ede79'],0.0,0.0,0.0,False,0.2857142857142857,2048,False,1
"[""refactor""]","[""refactor""]",0.3443355560302734,['36556bf8e0bce4ab6d26eafacbdad04d9614a5d7'],1.0,1.0,1.0,True,0.0,2048,False,1
"[""build""]","[""build""]",0.3733913898468017,['c323d59c607cabc91f17a78528d998f376f30b10'],1.0,1.0,1.0,True,0.0,2048,False,1
"[""build"", ""refactor""]","[""build""]",0.5363767147064209,['e4a11fd5c34942ba12737f1c8c084489428ee274'],0.5,1.0,0.6666666666666666,False,0.1428571428571428,2048,False,1
"[""feat"", ""refactor""]","[""refactor""]",0.5349869728088379,['63eab619e6166eb6cab948028a7b89bf059dd878'],0.5,1.0,0.6666666666666666,False,0.1428571428571428,2048,False,1
"[""docs""]","[""docs""]",0.346867561340332,['a52a585d74894b3b4eeb8c784fa089ff95cddad0'],1.0,1.0,1.0,True,0.0,2048,False,1
"[""feat"", ""refactor""]","[""feat""]",0.5717558860778809,['b282e90e2cbb74559aab79eee8443a4d7c85502a'],0.5,1.0,0.6666666666666666,False,0.1428571428571428,2048,False,1
"[""feat"", ""test"", ""ci"", ""build"", ""docs""]","[""feat""]",0.7952432632446289,['f823cf28652987d43c8324b4f5b203240032383a'],0.2,1.0,0.3333333333333333,False,0.5714285714285714,2048,False,1
"[""refactor""]","[""fix""]",0.3722491264343261,['9ef5c0d14193a9abb09b39856f58477d1f4b0d77'],0.0,0.0,0.0,False,0.2857142857142857,2048,False,1
"[""feat"", ""refactor""]","[""feat""]",0.6091344356536865,['fd8e563cc19ca4684885d4692acee6bebcca4ada'],0.5,1.0,0.6666666666666666,False,0.1428571428571428,2048,False,1
"[""ci""]","[""ci""]",0.3862714767456054,['4cbbd2552ba0de273e1dfe7d453c5b3efed751a3'],1.0,1.0,1.0,True,0.0,2048,False,1
"[""ci"", ""test""]","[""ci""]",0.582223653793335,['173553c0372e66e03bdab19e0e6c2dd44daa14a0'],0.5,1.0,0.6666666666666666,False,0.1428571428571428,2048,False,1
"[""ci"", ""build""]","[""ci""]",0.7151188850402832,['32845e1bbd1efb5dbc16f671049509a409ba25ce'],0.5,1.0,0.6666666666666666,False,0.1428571428571428,2048,False,1
"[""test""]","[""test""]",0.3681378364562988,['229b53a632ea97d47c4be11f096bdd828fb415d8'],1.0,1.0,1.0,True,0.0,2048,False,1
"[""feat"", ""refactor""]","[""refactor""]",0.4694468975067138,['2954a0955ce9af6acb345ed1e8328e145ad30475'],0.5,1.0,0.6666666666666666,False,0.1428571428571428,2048,False,1
"[""refactor"", ""docs""]","[""refactor""]",0.5024590492248535,['a62314d9bb632be6af026686615d14b912250512'],0.5,1.0,0.6666666666666666,False,0.1428571428571428,2048,False,1
"[""refactor""]","[""refactor""]",0.6511554718017578,['062daa45cbd5dba6e96e95d8cdcaee89ae30a83c'],1.0,1.0,1.0,True,0.0,2048,False,1
"[""test""]","[""test""]",0.3907034397125244,['bedc7950b24c37809e36a585b7985d5aa5e3e458'],1.0,1.0,1.0,True,0.0,2048,False,1
"[""feat"", ""refactor""]","[""feat""]",0.7877593040466309,['ded26d768ff432ad3bde3c0aa1e95ce50726100a'],0.5,1.0,0.6666666666666666,False,0.1428571428571428,2048,False,1
"[""ci"", ""test""]","[""test""]",0.5664575099945068,['e9617f0854030e70365eb264bcb3b58078e79e9e'],0.5,1.0,0.6666666666666666,False,0.1428571428571428,2048,False,1
"[""feat"", ""test"", ""ci"", ""build""]","[""feat""]",0.8760859966278076,['6ed56ce9ae743ba9a87e6c9643cc06b1de7b748d'],0.25,1.0,0.4,False,0.4285714285714285,2048,False,1
"[""docs""]","[""docs""]",0.377140998840332,['e12d9e77a6fd531a22325337838a841b1c67f00d'],1.0,1.0,1.0,True,0.0,2048,False,1
"[""refactor"", ""ci"", ""test"", ""docs"", ""build""]","[""feat"", ""refactor""]",0.953216552734375,"['fd8e563cc19ca4684885d4692acee6bebcca4ada', '36556bf8e0bce4ab6d26eafacbdad04d9614a5d7']",0.2,0.5,0.2857142857142857,False,0.7142857142857143,2048,False,2
"[""ci"", ""build""]","[""ci"", ""build""]",0.5686278343200684,"['45837af24a33308a70a3454f0f650f9fe728e272', '5b81fde8a72cf2e69a10e9f5c4f0bea0a2b8c3e0']",1.0,1.0,1.0,True,0.0,2048,False,2
"[""feat"", ""refactor"", ""test""]","[""refactor"", ""docs""]",0.6638777256011963,"['535708ae50aecb452560a23356fd396f99ef13a2', 'af880ac5b4fecbc6c4f3d1eee0d95f326e8bd9d1']",0.3333333333333333,0.5,0.4,False,0.4285714285714285,2048,False,2
"[""feat"", ""fix"", ""refactor"", ""docs"", ""test"", ""ci"", ""build""]","[""feat"", ""refactor""]",1.166738986968994,"['68278b00450f2679761a2999500f6d87a579376b', '63eab619e6166eb6cab948028a7b89bf059dd878']",0.2857142857142857,1.0,0.4444444444444445,False,0.7142857142857143,2048,False,2
"[""ci"", ""test""]","[""ci"", ""test""]",0.5041091442108154,"['dbb537a26e388a8d7d17faf131abc30c2f7a84e6', 'f411e58cd510f8a2b980b2f1932003a0c0e9f8f3']",1.0,1.0,1.0,True,0.0,2048,False,2
"[""test"", ""ci""]","[""test"", ""ci""]",0.5885531902313232,"['e2e8ad25854bd1e7cdbc7f50b50bbd99e04ad47d', 'c5fa7b80438fbd74f4c341f0d3c9bd9e0f4910da']",1.0,1.0,1.0,True,0.0,2048,False,2
"[""ci"", ""build""]","[""ci"", ""build""]",0.6333627700805664,"['45837af24a33308a70a3454f0f650f9fe728e272', '1269431c8a3e7549f10fcbbb4b88ff625c8898b3']",1.0,1.0,1.0,True,0.0,2048,False,2
"[""feat"", ""refactor"", ""test""]","[""feat"", ""test""]",0.7707185745239258,"['1bcf88670b50155b50071e707f98f30cea0b7a24', 'f411e58cd510f8a2b980b2f1932003a0c0e9f8f3']",0.6666666666666666,1.0,0.8,False,0.1428571428571428,2048,False,2
"[""fix"", ""docs""]","[""fix"", ""docs""]",0.4407463073730469,"['9be725fa3906323d4bc9788f54eccf74109d632b', '0cfc5633d37ea06f645649138323f1820e18bdee']",1.0,1.0,1.0,True,0.0,2048,False,2
"[""refactor"", ""ci""]","[""fix"", ""ci""]",0.4509146213531494,"['9be725fa3906323d4bc9788f54eccf74109d632b', 'e96487ad7ce90b141219d9032fa2bed68d5dae6a']",0.5,0.5,0.5,False,0.2857142857142857,2048,False,2
"[""test"", ""ci"", ""refactor""]","[""build"", ""test""]",0.7934367656707764,"['1269431c8a3e7549f10fcbbb4b88ff625c8898b3', '317f4eefecddfb1392ca71d551840f446feee302']",0.3333333333333333,0.5,0.4,False,0.4285714285714285,2048,False,2
"[""ci"", ""docs""]","[""ci"", ""docs""]",0.4992368221282959,"['dbb537a26e388a8d7d17faf131abc30c2f7a84e6', '0cfc5633d37ea06f645649138323f1820e18bdee']",1.0,1.0,1.0,True,0.0,2048,False,2
"[""refactor"", ""build""]","[""refactor"", ""build""]",0.8317058086395264,"['3cca5c314ad6feeffbfe1f14cf49ebd0fd9a95a2', '454003841aabeb74396d73541378bfa59c75b5db']",1.0,1.0,1.0,True,0.0,2048,False,2
"[""refactor"", ""ci"", ""build"", ""test"", ""docs"", ""feat"", ""fix""]","[""fix"", ""refactor""]",1.2444870471954346,"['2561f4ade46fc9d59f289f328cc77733a6443697', '062daa45cbd5dba6e96e95d8cdcaee89ae30a83c']",0.2857142857142857,1.0,0.4444444444444445,False,0.7142857142857143,2048,False,2
"[""build"", ""ci""]","[""build"", ""ci""]",0.5034041404724121,"['c44cf88a6ec54e5ddd99d8348bcc57b301ec7945', 'dbb537a26e388a8d7d17faf131abc30c2f7a84e6']",1.0,1.0,1.0,True,0.0,2048,False,2
"[""feat"", ""refactor"", ""test"", ""ci"", ""build"", ""docs""]","[""build"", ""refactor""]",1.0267739295959473,"['32b92cfa0b74a6c25990e32ac6aab12b8496794c', '63eab619e6166eb6cab948028a7b89bf059dd878']",0.3333333333333333,1.0,0.5,False,0.5714285714285714,2048,False,2
"[""feat"", ""ci""]","[""feat"", ""docs""]",0.50099778175354,"['dc5238b2bda98a7c4f2fe9584fc3b0191a408109', 'e12d9e77a6fd531a22325337838a841b1c67f00d']",0.5,0.5,0.5,False,0.2857142857142857,2048,False,2
"[""ci"", ""docs""]","[""ci"", ""docs""]",0.6382339000701904,"['32845e1bbd1efb5dbc16f671049509a409ba25ce', 'bf83c9155e9bee6925aa7102fab53fb803d52533']",1.0,1.0,1.0,True,0.0,2048,False,2
"[""feat"", ""test"", ""ci"", ""build""]","[""fix"", ""feat""]",0.8622946739196777,"['d129eaf9125a967ac86c6c7276bbae6b4d50af36', '6ed56ce9ae743ba9a87e6c9643cc06b1de7b748d']",0.25,0.5,0.3333333333333333,False,0.5714285714285714,2048,False,2
"[""feat"", ""ci""]","[""feat"", ""ci""]",0.6522550582885742,"['1bcf88670b50155b50071e707f98f30cea0b7a24', '74e9de5ec97dc013a52aa063dff0f40ac74c407b']",1.0,1.0,1.0,True,0.0,2048,False,2
"[""feat"", ""ci""]","[""docs"", ""ci""]",0.5051600933074951,"['036a0ff49a7dade0e04c9c07071a1ff49133ee24', '4cbbd2552ba0de273e1dfe7d453c5b3efed751a3']",0.5,0.5,0.5,False,0.2857142857142857,2048,False,2
"[""feat"", ""docs"", ""test"", ""ci"", ""build""]","[""test"", ""docs""]",1.046678066253662,"['e9617f0854030e70365eb264bcb3b58078e79e9e', 'cb1f48b56ae0de93acb72e48726c7d610a1d538e']",0.4,1.0,0.5714285714285715,False,0.4285714285714285,2048,False,2
"[""docs"", ""feat""]","[""docs"", ""feat""]",0.581878662109375,"['aca23027da1295c78fdf42ba9687d8ccc88784d7', 'f823cf28652987d43c8324b4f5b203240032383a']",1.0,1.0,1.0,True,0.0,2048,False,2
"[""refactor"", ""test"", ""ci"", ""build"", ""docs"", ""feat"", ""fix""]","[""refactor"", ""fix""]",1.0352749824523926,"['47ef9104e4a89e80d7cc6c1950bc080841da4a7b', '06e2be4e2019b6fa714e1fcb34485860ef1ede79']",0.2857142857142857,1.0,0.4444444444444445,False,0.7142857142857143,2048,False,2
"[""build"", ""ci""]","[""build"", ""ci""]",0.4882209300994873,"['5b81fde8a72cf2e69a10e9f5c4f0bea0a2b8c3e0', 'dbb537a26e388a8d7d17faf131abc30c2f7a84e6']",1.0,1.0,1.0,True,0.0,2048,False,2
"[""build"", ""refactor""]","[""build"", ""refactor""]",0.507530689239502,"['5b81fde8a72cf2e69a10e9f5c4f0bea0a2b8c3e0', '36556bf8e0bce4ab6d26eafacbdad04d9614a5d7']",1.0,1.0,1.0,True,0.0,2048,False,2
"[""feat"", ""test""]","[""fix"", ""test""]",0.5833754539489746,"['9ef5c0d14193a9abb09b39856f58477d1f4b0d77', 'b7ce2894fd1794064bd6db4ed730bb6cb7728739']",0.5,0.5,0.5,False,0.2857142857142857,2048,False,2
"[""build"", ""docs"", ""test"", ""ci"", ""feat"", ""fix"", ""refactor""]","[""build"", ""docs""]",1.0764927864074707,"['c323d59c607cabc91f17a78528d998f376f30b10', 'c2ee5cd5e709afd15c5565ee009a0d204403a119']",0.2857142857142857,1.0,0.4444444444444445,False,0.7142857142857143,2048,False,2
"[""refactor"", ""ci""]","[""fix"", ""ci""]",0.4597623348236084,"['9be725fa3906323d4bc9788f54eccf74109d632b', 'dbb537a26e388a8d7d17faf131abc30c2f7a84e6']",0.5,0.5,0.5,False,0.2857142857142857,2048,False,2
"[""refactor"", ""ci""]","[""fix"", ""ci""]",0.5912480354309082,"['9be725fa3906323d4bc9788f54eccf74109d632b', 'e7a67d88173566be3cd3aed7e9eeb7e29aabbc57']",0.5,0.5,0.5,False,0.2857142857142857,2048,False,2
"[""docs"", ""refactor""]","[""docs"", ""refactor""]",0.6377294063568115,"['c2ee5cd5e709afd15c5565ee009a0d204403a119', '062daa45cbd5dba6e96e95d8cdcaee89ae30a83c']",1.0,1.0,1.0,True,0.0,2048,False,2
"[""feat"", ""refactor""]","[""fix"", ""feat""]",0.6722033023834229,"['933ab6bb86372913c992567cf9660009900911a7', 'e137f9fdbdb6bf3f85c3f7ac9323785e445844c8']",0.5,0.5,0.5,False,0.2857142857142857,2048,False,2
"[""refactor"", ""build""]","[""fix"", ""build""]",0.5350549221038818,"['9be725fa3906323d4bc9788f54eccf74109d632b', 'c44cf88a6ec54e5ddd99d8348bcc57b301ec7945']",0.5,0.5,0.5,False,0.2857142857142857,2048,False,2
"[""ci"", ""test"", ""build""]","[""ci"", ""docs""]",0.7260127067565918,"['173553c0372e66e03bdab19e0e6c2dd44daa14a0', 'e12d9e77a6fd531a22325337838a841b1c67f00d']",0.3333333333333333,0.5,0.4,False,0.4285714285714285,2048,False,2
"[""ci"", ""feat""]","[""ci"", ""feat""]",0.5479855537414551,"['6c9cb638cb4d1ecc42632fcf389c24898c5b3244', 'f823cf28652987d43c8324b4f5b203240032383a']",1.0,1.0,1.0,True,0.0,2048,False,2
"[""ci"", ""docs"", ""test""]","[""ci"", ""docs""]",0.6836433410644531,"['74e9de5ec97dc013a52aa063dff0f40ac74c407b', 'c2ee5cd5e709afd15c5565ee009a0d204403a119']",0.6666666666666666,1.0,0.8,False,0.1428571428571428,2048,False,2
"[""test""]","[""test"", ""build""]",0.5089383125305176,"['317f4eefecddfb1392ca71d551840f446feee302', '5b81fde8a72cf2e69a10e9f5c4f0bea0a2b8c3e0']",1.0,0.5,0.6666666666666666,False,0.1428571428571428,2048,False,2
"[""feat"", ""docs"", ""test"", ""ci"", ""build""]","[""docs"", ""feat""]",0.8893802165985107,"['a52a585d74894b3b4eeb8c784fa089ff95cddad0', 'f823cf28652987d43c8324b4f5b203240032383a']",0.4,1.0,0.5714285714285715,False,0.4285714285714285,2048,False,2
"[""refactor"", ""build""]","[""refactor"", ""build""]",0.5176701545715332,"['47ef9104e4a89e80d7cc6c1950bc080841da4a7b', '5b81fde8a72cf2e69a10e9f5c4f0bea0a2b8c3e0']",1.0,1.0,1.0,True,0.0,2048,False,2
"[""feat"", ""refactor"", ""docs"", ""test"", ""ci"", ""build""]","[""feat"", ""refactor""]",1.1999261379241943,"['e137f9fdbdb6bf3f85c3f7ac9323785e445844c8', '771857b1df9470ebc15357e8879118a72c649d5b']",0.3333333333333333,1.0,0.5,False,0.5714285714285714,2048,False,2
"[""feat"", ""test"", ""refactor"", ""docs"", ""ci"", ""build""]","[""feat"", ""fix""]",1.0826947689056396,"['6ed56ce9ae743ba9a87e6c9643cc06b1de7b748d', 'd1d55e787b7d07f763852602b9939a5394607fd9']",0.1666666666666666,0.5,0.25,False,0.8571428571428571,2048,False,2
"[""build"", ""docs""]","[""build"", ""docs""]",0.5014982223510742,"['c323d59c607cabc91f17a78528d998f376f30b10', '0cfc5633d37ea06f645649138323f1820e18bdee']",1.0,1.0,1.0,True,0.0,2048,False,2
"[""feat"", ""build"", ""test"", ""refactor"", ""docs""]","[""test"", ""refactor""]",1.0045263767242432,"['8ee0611fbf0cd89abe7ae588f22e6ecb843598ea', '2954a0955ce9af6acb345ed1e8328e145ad30475']",0.4,1.0,0.5714285714285715,False,0.4285714285714285,2048,False,2
"[""refactor"", ""test""]","[""refactor"", ""fix""]",0.530132532119751,"['36556bf8e0bce4ab6d26eafacbdad04d9614a5d7', 'c8e0ae8612df3d6f2831acc004aaac332f6105e4']",0.5,0.5,0.5,False,0.2857142857142857,2048,False,2
"[""ci"", ""build"", ""refactor""]","[""build"", ""ci""]",0.7972843647003174,"['e4a11fd5c34942ba12737f1c8c084489428ee274', '173553c0372e66e03bdab19e0e6c2dd44daa14a0']",0.6666666666666666,1.0,0.8,False,0.1428571428571428,2048,False,2
"[""refactor"", ""feat""]","[""fix"", ""feat""]",0.562664270401001,"['c8e0ae8612df3d6f2831acc004aaac332f6105e4', 'f9a094918b62534614c47aa8a13f33aec751a1e0']",0.5,0.5,0.5,False,0.2857142857142857,2048,False,2
"[""fix"", ""refactor"", ""docs"", ""ci"", ""build""]","[""refactor"", ""docs""]",1.0001444816589355,"['771857b1df9470ebc15357e8879118a72c649d5b', '0cfc5633d37ea06f645649138323f1820e18bdee']",0.4,1.0,0.5714285714285715,False,0.4285714285714285,2048,False,2
"[""feat"", ""test"", ""ci"", ""build"", ""docs"", ""refactor""]","[""feat"", ""fix""]",1.08984375,"['6ed56ce9ae743ba9a87e6c9643cc06b1de7b748d', '87d5d4e55ab7149b593d29410f1fe426ba2447d4']",0.1666666666666666,0.5,0.25,False,0.8571428571428571,2048,False,2
"[""test"", ""refactor""]","[""refactor"", ""test""]",0.6947543621063232,"['1db13ec43727aca872a0f3836e4023ed85db665e', '229b53a632ea97d47c4be11f096bdd828fb415d8']",1.0,1.0,1.0,True,0.0,2048,False,2
"[""test"", ""feat""]","[""test"", ""refactor""]",0.7157406806945801,"['317f4eefecddfb1392ca71d551840f446feee302', '63eab619e6166eb6cab948028a7b89bf059dd878']",0.5,0.5,0.5,False,0.2857142857142857,2048,False,2
"[""refactor"", ""build""]","[""docs"", ""build""]",0.5619840621948242,"['e12d9e77a6fd531a22325337838a841b1c67f00d', 'c44cf88a6ec54e5ddd99d8348bcc57b301ec7945']",0.5,0.5,0.5,False,0.2857142857142857,2048,False,2
"[""test"", ""ci""]","[""refactor"", ""build""]",0.5739974975585938,"['1db13ec43727aca872a0f3836e4023ed85db665e', '32b92cfa0b74a6c25990e32ac6aab12b8496794c']",0.0,0.0,0.0,False,0.5714285714285714,2048,False,2
"[""docs"", ""refactor"", ""build""]","[""docs"", ""fix""]",0.7201552391052246,"['c2ee5cd5e709afd15c5565ee009a0d204403a119', 'bed78248c941d57ad4cc20a455147e186e97c7a1']",0.3333333333333333,0.5,0.4,False,0.4285714285714285,2048,False,2
"[""docs"", ""ci"", ""build""]","[""docs"", ""ci""]",0.7246367931365967,"['bf83c9155e9bee6925aa7102fab53fb803d52533', '173553c0372e66e03bdab19e0e6c2dd44daa14a0']",0.6666666666666666,1.0,0.8,False,0.1428571428571428,2048,False,2
"[""refactor"", ""ci""]","[""refactor"", ""ci""]",0.5229110717773438,"['36556bf8e0bce4ab6d26eafacbdad04d9614a5d7', '74e9de5ec97dc013a52aa063dff0f40ac74c407b']",1.0,1.0,1.0,True,0.0,2048,False,2
"[""feat"", ""test"", ""ci"", ""refactor""]","[""test"", ""fix""]",0.8241245746612549,"['e9617f0854030e70365eb264bcb3b58078e79e9e', '87d5d4e55ab7149b593d29410f1fe426ba2447d4']",0.25,0.5,0.3333333333333333,False,0.5714285714285714,2048,False,2
"[""feat"", ""refactor""]","[""feat"", ""refactor""]",0.6653134822845459,"['e137f9fdbdb6bf3f85c3f7ac9323785e445844c8', '47ef9104e4a89e80d7cc6c1950bc080841da4a7b']",1.0,1.0,1.0,True,0.0,2048,False,2
"[""refactor"", ""ci""]","[""fix"", ""ci""]",0.6036179065704346,"['2561f4ade46fc9d59f289f328cc77733a6443697', '74e9de5ec97dc013a52aa063dff0f40ac74c407b']",0.5,0.5,0.5,False,0.2857142857142857,2048,False,2
"[""build"", ""ci""]","[""build"", ""ci""]",0.4985225200653076,"['5b81fde8a72cf2e69a10e9f5c4f0bea0a2b8c3e0', 'e96487ad7ce90b141219d9032fa2bed68d5dae6a']",1.0,1.0,1.0,True,0.0,2048,False,2
[],"[""build"", ""test""]",705.6960196495056,"['32b92cfa0b74a6c25990e32ac6aab12b8496794c', '8ee0611fbf0cd89abe7ae588f22e6ecb843598ea']",0.0,0.0,0.0,False,0.2857142857142857,2048,False,2
"[""test"", ""ci""]","[""refactor"", ""ci""]",0.6938042640686035,"['1db13ec43727aca872a0f3836e4023ed85db665e', '74e9de5ec97dc013a52aa063dff0f40ac74c407b']",0.5,0.5,0.5,False,0.2857142857142857,2048,False,2
"[""refactor"", ""build""]","[""fix"", ""build""]",0.6404128074645996,"['2561f4ade46fc9d59f289f328cc77733a6443697', 'c55591ba157298a9c5816693c102a89dfd058830']",0.5,0.5,0.5,False,0.2857142857142857,2048,False,2
"[""build"", ""test""]","[""build"", ""refactor""]",0.5698797702789307,"['5b81fde8a72cf2e69a10e9f5c4f0bea0a2b8c3e0', '1db13ec43727aca872a0f3836e4023ed85db665e']",0.5,0.5,0.5,False,0.2857142857142857,2048,False,2
"[""build"", ""test"", ""ci"", ""refactor""]","[""test"", ""ci""]",0.8821201324462891,"['8ee0611fbf0cd89abe7ae588f22e6ecb843598ea', 'e96487ad7ce90b141219d9032fa2bed68d5dae6a']",0.5,1.0,0.6666666666666666,False,0.2857142857142857,2048,False,2
"[""refactor"", ""test""]","[""test"", ""refactor""]",0.7130508422851562,"['bedc7950b24c37809e36a585b7985d5aa5e3e458', '062daa45cbd5dba6e96e95d8cdcaee89ae30a83c']",1.0,1.0,1.0,True,0.0,2048,False,2
"[""ci"", ""feat"", ""refactor""]","[""ci"", ""refactor""]",0.7817635536193848,"['74e9de5ec97dc013a52aa063dff0f40ac74c407b', '63eab619e6166eb6cab948028a7b89bf059dd878']",0.6666666666666666,1.0,0.8,False,0.1428571428571428,2048,False,2
"[""test""]","[""test"", ""docs""]",0.5070765018463135,"['317f4eefecddfb1392ca71d551840f446feee302', 'af880ac5b4fecbc6c4f3d1eee0d95f326e8bd9d1']",1.0,0.5,0.6666666666666666,False,0.1428571428571428,2048,False,2
"[""feat"", ""fix""]","[""feat"", ""fix""]",0.5401971340179443,"['dc5238b2bda98a7c4f2fe9584fc3b0191a408109', '9ef5c0d14193a9abb09b39856f58477d1f4b0d77']",1.0,1.0,1.0,True,0.0,2048,False,2
"[""build"", ""ci"", ""docs"", ""feat"", ""fix"", ""refactor"", ""test""]","[""build"", ""docs""]",1.093235731124878,"['e4a11fd5c34942ba12737f1c8c084489428ee274', 'e12d9e77a6fd531a22325337838a841b1c67f00d']",0.2857142857142857,1.0,0.4444444444444445,False,0.7142857142857143,2048,False,2
"[""feat"", ""test"", ""docs"", ""refactor"", ""ci"", ""build""]","[""feat"", ""refactor""]",1.1860945224761963,"['6ed56ce9ae743ba9a87e6c9643cc06b1de7b748d', '63eab619e6166eb6cab948028a7b89bf059dd878']",0.3333333333333333,1.0,0.5,False,0.5714285714285714,2048,False,2
"[""ci"", ""feat"", ""docs""]","[""ci"", ""fix"", ""docs""]",0.726442813873291,"['dbb537a26e388a8d7d17faf131abc30c2f7a84e6', 'd129eaf9125a967ac86c6c7276bbae6b4d50af36', 'cb1f48b56ae0de93acb72e48726c7d610a1d538e']",0.6666666666666666,0.6666666666666666,0.6666666666666666,False,0.2857142857142857,2048,False,3
"[""refactor"", ""test"", ""ci"", ""build""]","[""fix"", ""refactor"", ""feat""]",0.939953088760376,"['933ab6bb86372913c992567cf9660009900911a7', '3cca5c314ad6feeffbfe1f14cf49ebd0fd9a95a2', '6ed56ce9ae743ba9a87e6c9643cc06b1de7b748d']",0.25,0.3333333333333333,0.2857142857142857,False,0.7142857142857143,2048,False,3
"[""build"", ""refactor"", ""test"", ""ci""]","[""build"", ""feat"", ""ci""]",0.8424067497253418,"['5b81fde8a72cf2e69a10e9f5c4f0bea0a2b8c3e0', 'e137f9fdbdb6bf3f85c3f7ac9323785e445844c8', '32845e1bbd1efb5dbc16f671049509a409ba25ce']",0.5,0.6666666666666666,0.5714285714285715,False,0.4285714285714285,2048,False,3
"[""ci"", ""feat"", ""refactor"", ""build""]","[""ci"", ""docs"", ""feat""]",0.963629961013794,"['45837af24a33308a70a3454f0f650f9fe728e272', '6d405dfc1675dcad64a2dfac0c0cb0fb28381d21', 'f823cf28652987d43c8324b4f5b203240032383a']",0.5,0.6666666666666666,0.5714285714285715,False,0.4285714285714285,2048,False,3
"[""ci"", ""docs"", ""build""]","[""ci"", ""docs"", ""build""]",0.6306114196777344,"['6c9cb638cb4d1ecc42632fcf389c24898c5b3244', 'bf83c9155e9bee6925aa7102fab53fb803d52533', 'c323d59c607cabc91f17a78528d998f376f30b10']",1.0,1.0,1.0,True,0.0,2048,False,3
"[""test"", ""ci"", ""feat""]","[""test"", ""docs"", ""fix""]",0.6835072040557861,"['229b53a632ea97d47c4be11f096bdd828fb415d8', 'e12d9e77a6fd531a22325337838a841b1c67f00d', 'd129eaf9125a967ac86c6c7276bbae6b4d50af36']",0.3333333333333333,0.3333333333333333,0.3333333333333333,False,0.5714285714285714,2048,False,3
"[""feat"", ""docs"", ""refactor""]","[""feat"", ""docs"", ""refactor""]",0.7664666175842285,"['68278b00450f2679761a2999500f6d87a579376b', 'c2ee5cd5e709afd15c5565ee009a0d204403a119', '535708ae50aecb452560a23356fd396f99ef13a2']",1.0,1.0,1.0,True,0.0,2048,False,3
"[""fix"", ""ci"", ""test""]","[""docs"", ""ci"", ""test""]",0.6688418388366699,"['0cfc5633d37ea06f645649138323f1820e18bdee', '6c9cb638cb4d1ecc42632fcf389c24898c5b3244', 'f411e58cd510f8a2b980b2f1932003a0c0e9f8f3']",0.6666666666666666,0.6666666666666666,0.6666666666666666,False,0.2857142857142857,2048,False,3
"[""refactor"", ""build""]","[""build"", ""fix"", ""refactor""]",0.6111342906951904,"['1269431c8a3e7549f10fcbbb4b88ff625c8898b3', '933ab6bb86372913c992567cf9660009900911a7', '36556bf8e0bce4ab6d26eafacbdad04d9614a5d7']",1.0,0.6666666666666666,0.8,False,0.1428571428571428,2048,False,3
"[""test"", ""refactor"", ""docs""]","[""test"", ""fix"", ""docs""]",0.7012648582458496,"['c7b25726df94a2530c9b1c0d2b6a0acaa103822f', '933ab6bb86372913c992567cf9660009900911a7', 'c2ee5cd5e709afd15c5565ee009a0d204403a119']",0.6666666666666666,0.6666666666666666,0.6666666666666666,False,0.2857142857142857,2048,False,3
"[""refactor"", ""build"", ""docs"", ""test"", ""ci""]","[""build"", ""refactor"", ""fix""]",1.0221288204193115,"['32b92cfa0b74a6c25990e32ac6aab12b8496794c', '771857b1df9470ebc15357e8879118a72c649d5b', '06e2be4e2019b6fa714e1fcb34485860ef1ede79']",0.4,0.6666666666666666,0.5,False,0.5714285714285714,2048,False,3
"[""test"", ""ci""]","[""test"", ""docs"", ""build""]",0.5744194984436035,"['f411e58cd510f8a2b980b2f1932003a0c0e9f8f3', '036a0ff49a7dade0e04c9c07071a1ff49133ee24', 'c44cf88a6ec54e5ddd99d8348bcc57b301ec7945']",0.5,0.3333333333333333,0.4,False,0.4285714285714285,2048,False,3
"[""feat"", ""test"", ""docs"", ""build"", ""refactor""]","[""feat"", ""test"", ""refactor""]",0.9864511489868164,"['6ed56ce9ae743ba9a87e6c9643cc06b1de7b748d', 'c7b25726df94a2530c9b1c0d2b6a0acaa103822f', '535708ae50aecb452560a23356fd396f99ef13a2']",0.6,1.0,0.7499999999999999,False,0.2857142857142857,2048,False,3
"[""feat"", ""refactor"", ""docs""]","[""docs"", ""feat"", ""fix""]",0.7860760688781738,"['6d405dfc1675dcad64a2dfac0c0cb0fb28381d21', 'ded26d768ff432ad3bde3c0aa1e95ce50726100a', 'd129eaf9125a967ac86c6c7276bbae6b4d50af36']",0.6666666666666666,0.6666666666666666,0.6666666666666666,False,0.2857142857142857,2048,False,3
"[""ci"", ""docs"", ""refactor""]","[""ci"", ""docs"", ""fix""]",0.836719274520874,"['e7a67d88173566be3cd3aed7e9eeb7e29aabbc57', 'c2ee5cd5e709afd15c5565ee009a0d204403a119', 'bed78248c941d57ad4cc20a455147e186e97c7a1']",0.6666666666666666,0.6666666666666666,0.6666666666666666,False,0.2857142857142857,2048,False,3
"[""ci"", ""docs"", ""feat""]","[""ci"", ""docs"", ""fix""]",0.7281146049499512,"['74e9de5ec97dc013a52aa063dff0f40ac74c407b', 'aca23027da1295c78fdf42ba9687d8ccc88784d7', 'd129eaf9125a967ac86c6c7276bbae6b4d50af36']",0.6666666666666666,0.6666666666666666,0.6666666666666666,False,0.2857142857142857,2048,False,3
"[""test"", ""refactor"", ""build""]","[""test"", ""fix"", ""build""]",0.7573084831237793,"['c7b25726df94a2530c9b1c0d2b6a0acaa103822f', 'bed78248c941d57ad4cc20a455147e186e97c7a1', 'c55591ba157298a9c5816693c102a89dfd058830']",0.6666666666666666,0.6666666666666666,0.6666666666666666,False,0.2857142857142857,2048,False,3
"[""ci"", ""docs"", ""refactor""]","[""docs"", ""ci"", ""fix""]",0.7948389053344727,"['a52a585d74894b3b4eeb8c784fa089ff95cddad0', 'e7a67d88173566be3cd3aed7e9eeb7e29aabbc57', 'bed78248c941d57ad4cc20a455147e186e97c7a1']",0.6666666666666666,0.6666666666666666,0.6666666666666666,False,0.2857142857142857,2048,False,3
"[""build"", ""ci"", ""test""]","[""build"", ""ci"", ""test""]",0.6466488838195801,"['f00a4d3e307b89842250358ee432e6800bb24362', '6c9cb638cb4d1ecc42632fcf389c24898c5b3244', 'c7b25726df94a2530c9b1c0d2b6a0acaa103822f']",1.0,1.0,1.0,True,0.0,2048,False,3
"[""feat"", ""refactor"", ""fix"", ""ci"", ""build"", ""test"", ""docs""]","[""refactor"", ""feat"", ""fix""]",1.1176204681396484,"['2954a0955ce9af6acb345ed1e8328e145ad30475', 'dc5238b2bda98a7c4f2fe9584fc3b0191a408109', '9ef5c0d14193a9abb09b39856f58477d1f4b0d77']",0.4285714285714285,1.0,0.6,False,0.5714285714285714,2048,False,3
"[""ci"", ""test"", ""refactor""]","[""ci"", ""test"", ""fix""]",0.7006740570068359,"['4cbbd2552ba0de273e1dfe7d453c5b3efed751a3', 'f411e58cd510f8a2b980b2f1932003a0c0e9f8f3', '06e2be4e2019b6fa714e1fcb34485860ef1ede79']",0.6666666666666666,0.6666666666666666,0.6666666666666666,False,0.2857142857142857,2048,False,3
"[""feat"", ""refactor"", ""test"", ""ci"", ""build""]","[""feat"", ""refactor"", ""build""]",1.0651817321777344,"['b282e90e2cbb74559aab79eee8443a4d7c85502a', '1db13ec43727aca872a0f3836e4023ed85db665e', '37b1cbfd3d2c462ef4f2a131e4172c38dc8d9ddf']",0.6,1.0,0.7499999999999999,False,0.2857142857142857,2048,False,3
"[""feat"", ""refactor"", ""ci"", ""build""]","[""fix"", ""feat"", ""ci""]",0.9431483745574952,"['d129eaf9125a967ac86c6c7276bbae6b4d50af36', 'fd8e563cc19ca4684885d4692acee6bebcca4ada', '173553c0372e66e03bdab19e0e6c2dd44daa14a0']",0.5,0.6666666666666666,0.5714285714285715,False,0.4285714285714285,2048,False,3
"[""feat"", ""test""]","[""docs"", ""refactor"", ""test""]",0.6065428256988525,"['036a0ff49a7dade0e04c9c07071a1ff49133ee24', '63eab619e6166eb6cab948028a7b89bf059dd878', '229b53a632ea97d47c4be11f096bdd828fb415d8']",0.5,0.3333333333333333,0.4,False,0.4285714285714285,2048,False,3
"[""test"", ""ci"", ""feat""]","[""test"", ""ci"", ""feat""]",0.7965860366821289,"['c7b25726df94a2530c9b1c0d2b6a0acaa103822f', '32845e1bbd1efb5dbc16f671049509a409ba25ce', 'b282e90e2cbb74559aab79eee8443a4d7c85502a']",1.0,1.0,1.0,True,0.0,2048,False,3
"[""feat"", ""build"", ""refactor""]","[""feat"", ""build"", ""refactor""]",0.6841588020324707,"['f9a094918b62534614c47aa8a13f33aec751a1e0', '5b81fde8a72cf2e69a10e9f5c4f0bea0a2b8c3e0', '36556bf8e0bce4ab6d26eafacbdad04d9614a5d7']",1.0,1.0,1.0,True,0.0,2048,False,3
"[""feat"", ""refactor"", ""ci"", ""build""]","[""feat"", ""build"", ""docs""]",0.8728199005126953,"['e137f9fdbdb6bf3f85c3f7ac9323785e445844c8', '37b1cbfd3d2c462ef4f2a131e4172c38dc8d9ddf', 'e12d9e77a6fd531a22325337838a841b1c67f00d']",0.5,0.6666666666666666,0.5714285714285715,False,0.4285714285714285,2048,False,3
"[""build"", ""ci"", ""refactor""]","[""build"", ""refactor"", ""ci""]",0.687943696975708,"['f00a4d3e307b89842250358ee432e6800bb24362', '36556bf8e0bce4ab6d26eafacbdad04d9614a5d7', '4cbbd2552ba0de273e1dfe7d453c5b3efed751a3']",1.0,1.0,1.0,True,0.0,2048,False,3
"[""feat"", ""docs"", ""ci"", ""build""]","[""docs"", ""ci"", ""build""]",0.8606870174407959,"['cb1f48b56ae0de93acb72e48726c7d610a1d538e', 'e96487ad7ce90b141219d9032fa2bed68d5dae6a', '454003841aabeb74396d73541378bfa59c75b5db']",0.75,1.0,0.8571428571428571,False,0.1428571428571428,2048,False,3
"[""feat"", ""test"", ""build"", ""ci""]","[""fix"", ""test"", ""build""]",0.7902970314025879,"['d129eaf9125a967ac86c6c7276bbae6b4d50af36', 'e2e8ad25854bd1e7cdbc7f50b50bbd99e04ad47d', '1269431c8a3e7549f10fcbbb4b88ff625c8898b3']",0.5,0.6666666666666666,0.5714285714285715,False,0.4285714285714285,2048,False,3
"[""feat"", ""docs"", ""refactor"", ""ci"", ""build"", ""test""]","[""refactor"", ""docs"", ""feat""]",0.9834527969360352,"['2954a0955ce9af6acb345ed1e8328e145ad30475', 'a52a585d74894b3b4eeb8c784fa089ff95cddad0', 'b282e90e2cbb74559aab79eee8443a4d7c85502a']",0.5,1.0,0.6666666666666666,False,0.4285714285714285,2048,False,3
"[""docs"", ""test""]","[""docs"", ""refactor"", ""test""]",0.6666285991668701,"['0cfc5633d37ea06f645649138323f1820e18bdee', '1db13ec43727aca872a0f3836e4023ed85db665e', 'bedc7950b24c37809e36a585b7985d5aa5e3e458']",1.0,0.6666666666666666,0.8,False,0.1428571428571428,2048,False,3
"[""fix"", ""docs"", ""test""]","[""fix"", ""docs"", ""test""]",0.59165358543396,"['933ab6bb86372913c992567cf9660009900911a7', '0cfc5633d37ea06f645649138323f1820e18bdee', 'c7b25726df94a2530c9b1c0d2b6a0acaa103822f']",1.0,1.0,1.0,True,0.0,2048,False,3
"[""refactor"", ""ci"", ""test""]","[""refactor"", ""ci"", ""test""]",0.6963686943054199,"['36556bf8e0bce4ab6d26eafacbdad04d9614a5d7', '6c9cb638cb4d1ecc42632fcf389c24898c5b3244', '229b53a632ea97d47c4be11f096bdd828fb415d8']",1.0,1.0,1.0,True,0.0,2048,False,3
"[""ci"", ""test"", ""docs""]","[""ci"", ""test"", ""docs""]",0.768103837966919,"['c5fa7b80438fbd74f4c341f0d3c9bd9e0f4910da', '229b53a632ea97d47c4be11f096bdd828fb415d8', 'aca23027da1295c78fdf42ba9687d8ccc88784d7']",1.0,1.0,1.0,True,0.0,2048,False,3
"[""feat"", ""refactor"", ""docs"", ""test"", ""ci"", ""build""]","[""feat"", ""docs"", ""fix""]",1.0936279296875,"['f823cf28652987d43c8324b4f5b203240032383a', '0cfc5633d37ea06f645649138323f1820e18bdee', '9ef5c0d14193a9abb09b39856f58477d1f4b0d77']",0.3333333333333333,0.6666666666666666,0.4444444444444444,False,0.7142857142857143,2048,False,3
"[""test"", ""build""]","[""test"", ""fix"", ""build""]",0.6465291976928711,"['317f4eefecddfb1392ca71d551840f446feee302', '06e2be4e2019b6fa714e1fcb34485860ef1ede79', 'c55591ba157298a9c5816693c102a89dfd058830']",1.0,0.6666666666666666,0.8,False,0.1428571428571428,2048,False,3
"[""feat"", ""refactor"", ""docs"", ""ci"", ""build"", ""test""]","[""feat"", ""docs"", ""refactor""]",1.0617201328277588,"['e137f9fdbdb6bf3f85c3f7ac9323785e445844c8', 'bf83c9155e9bee6925aa7102fab53fb803d52533', '36556bf8e0bce4ab6d26eafacbdad04d9614a5d7']",0.5,1.0,0.6666666666666666,False,0.4285714285714285,2048,False,3
"[""feat"", ""ci"", ""build""]","[""fix"", ""ci"", ""build""]",0.6730501651763916,"['d129eaf9125a967ac86c6c7276bbae6b4d50af36', '6c9cb638cb4d1ecc42632fcf389c24898c5b3244', 'c44cf88a6ec54e5ddd99d8348bcc57b301ec7945']",0.6666666666666666,0.6666666666666666,0.6666666666666666,False,0.2857142857142857,2048,False,3
"[""feat"", ""refactor"", ""docs""]","[""fix"", ""refactor"", ""docs""]",0.7525615692138672,"['2561f4ade46fc9d59f289f328cc77733a6443697', '2954a0955ce9af6acb345ed1e8328e145ad30475', 'a52a585d74894b3b4eeb8c784fa089ff95cddad0']",0.6666666666666666,0.6666666666666666,0.6666666666666666,False,0.2857142857142857,2048,False,3
"[""build"", ""refactor""]","[""build"", ""feat"", ""fix""]",0.5813658237457275,"['c55591ba157298a9c5816693c102a89dfd058830', 'dc5238b2bda98a7c4f2fe9584fc3b0191a408109', '9be725fa3906323d4bc9788f54eccf74109d632b']",0.5,0.3333333333333333,0.4,False,0.4285714285714285,2048,False,3
"[""test"", ""refactor""]","[""test"", ""refactor"", ""feat""]",0.650554895401001,"['229b53a632ea97d47c4be11f096bdd828fb415d8', '36556bf8e0bce4ab6d26eafacbdad04d9614a5d7', 'ded26d768ff432ad3bde3c0aa1e95ce50726100a']",1.0,0.6666666666666666,0.8,False,0.1428571428571428,2048,False,3
"[""test"", ""ci"", ""build""]","[""test"", ""build"", ""ci""]",0.7603564262390137,"['e0198f74b81da3663144cfe1d971939319f82a0f', 'c55591ba157298a9c5816693c102a89dfd058830', 'e7a67d88173566be3cd3aed7e9eeb7e29aabbc57']",1.0,1.0,1.0,True,0.0,2048,False,3
"[""test"", ""refactor"", ""docs""]","[""test"", ""fix"", ""docs""]",0.7842435836791992,"['bedc7950b24c37809e36a585b7985d5aa5e3e458', '933ab6bb86372913c992567cf9660009900911a7', '6d405dfc1675dcad64a2dfac0c0cb0fb28381d21']",0.6666666666666666,0.6666666666666666,0.6666666666666666,False,0.2857142857142857,2048,False,3
"[""feat"", ""test"", ""refactor"", ""ci"", ""build"", ""docs""]","[""fix"", ""build"", ""test""]",1.0680842399597168,"['d129eaf9125a967ac86c6c7276bbae6b4d50af36', '32b92cfa0b74a6c25990e32ac6aab12b8496794c', '317f4eefecddfb1392ca71d551840f446feee302']",0.3333333333333333,0.6666666666666666,0.4444444444444444,False,0.7142857142857143,2048,False,3
"[""feat"", ""refactor"", ""ci"", ""build"", ""test""]","[""feat"", ""fix"", ""ci""]",1.012209177017212,"['f823cf28652987d43c8324b4f5b203240032383a', '9be725fa3906323d4bc9788f54eccf74109d632b', '32845e1bbd1efb5dbc16f671049509a409ba25ce']",0.4,0.6666666666666666,0.5,False,0.5714285714285714,2048,False,3
"[""refactor"", ""ci""]","[""fix"", ""docs"", ""build""]",0.6647942066192627,"['9ef5c0d14193a9abb09b39856f58477d1f4b0d77', 'a52a585d74894b3b4eeb8c784fa089ff95cddad0', '37b1cbfd3d2c462ef4f2a131e4172c38dc8d9ddf']",0.0,0.0,0.0,False,0.7142857142857143,2048,False,3
"[""feat"", ""ci"", ""docs""]","[""fix"", ""ci"", ""docs""]",0.6842451095581055,"['87d5d4e55ab7149b593d29410f1fe426ba2447d4', '4cbbd2552ba0de273e1dfe7d453c5b3efed751a3', '6d405dfc1675dcad64a2dfac0c0cb0fb28381d21']",0.6666666666666666,0.6666666666666666,0.6666666666666666,False,0.2857142857142857,2048,False,3
"[""feat"", ""docs"", ""refactor"", ""build""]","[""feat"", ""docs"", ""fix""]",0.9856569766998292,"['fd8e563cc19ca4684885d4692acee6bebcca4ada', 'cb1f48b56ae0de93acb72e48726c7d610a1d538e', 'bed78248c941d57ad4cc20a455147e186e97c7a1']",0.5,0.6666666666666666,0.5714285714285715,False,0.4285714285714285,2048,False,3
"[""feat"", ""refactor"", ""ci"", ""build"", ""test"", ""docs""]","[""feat"", ""fix"", ""refactor""]",1.1595921516418457,"['1bcf88670b50155b50071e707f98f30cea0b7a24', '9ef5c0d14193a9abb09b39856f58477d1f4b0d77', '062daa45cbd5dba6e96e95d8cdcaee89ae30a83c']",0.3333333333333333,0.6666666666666666,0.4444444444444444,False,0.7142857142857143,2048,False,3
"[""refactor"", ""docs"", ""test"", ""build"", ""feat""]","[""fix"", ""docs"", ""test""]",1.0073683261871338,"['bed78248c941d57ad4cc20a455147e186e97c7a1', 'a52a585d74894b3b4eeb8c784fa089ff95cddad0', 'e9617f0854030e70365eb264bcb3b58078e79e9e']",0.4,0.6666666666666666,0.5,False,0.5714285714285714,2048,False,3
"[""docs"", ""ci"", ""refactor""]","[""docs"", ""ci"", ""feat""]",0.7668545246124268,"['c2ee5cd5e709afd15c5565ee009a0d204403a119', 'dbb537a26e388a8d7d17faf131abc30c2f7a84e6', 'ded26d768ff432ad3bde3c0aa1e95ce50726100a']",0.6666666666666666,0.6666666666666666,0.6666666666666666,False,0.2857142857142857,2048,False,3
"[""build"", ""ci"", ""refactor""]","[""build"", ""ci"", ""refactor""]",0.7963747978210449,"['454003841aabeb74396d73541378bfa59c75b5db', 'dbb537a26e388a8d7d17faf131abc30c2f7a84e6', '062daa45cbd5dba6e96e95d8cdcaee89ae30a83c']",1.0,1.0,1.0,True,0.0,2048,False,3
"[""feat"", ""test"", ""refactor"", ""ci"", ""build"", ""docs""]","[""feat"", ""fix"", ""test""]",1.1044955253601074,"['fd8e563cc19ca4684885d4692acee6bebcca4ada', 'd1d55e787b7d07f763852602b9939a5394607fd9', 'b7ce2894fd1794064bd6db4ed730bb6cb7728739']",0.3333333333333333,0.6666666666666666,0.4444444444444444,False,0.7142857142857143,2048,False,3
"[""docs"", ""test"", ""ci"", ""build""]","[""docs"", ""test"", ""build""]",0.8399379253387451,"['bf83c9155e9bee6925aa7102fab53fb803d52533', 'b7ce2894fd1794064bd6db4ed730bb6cb7728739', '37b1cbfd3d2c462ef4f2a131e4172c38dc8d9ddf']",0.75,1.0,0.8571428571428571,False,0.1428571428571428,2048,False,3
"[""feat"", ""test"", ""ci"", ""build""]","[""fix"", ""ci"", ""test""]",0.9249732494354248,"['d129eaf9125a967ac86c6c7276bbae6b4d50af36', 'e7a67d88173566be3cd3aed7e9eeb7e29aabbc57', '317f4eefecddfb1392ca71d551840f446feee302']",0.5,0.6666666666666666,0.5714285714285715,False,0.4285714285714285,2048,False,3
"[""docs"", ""ci"", ""refactor""]","[""docs"", ""fix"", ""ci""]",0.6982359886169434,"['c2ee5cd5e709afd15c5565ee009a0d204403a119', 'd1d55e787b7d07f763852602b9939a5394607fd9', '6c9cb638cb4d1ecc42632fcf389c24898c5b3244']",0.6666666666666666,0.6666666666666666,0.6666666666666666,False,0.2857142857142857,2048,False,3
"[""ci"", ""refactor""]","[""ci"", ""fix"", ""docs""]",0.560230016708374,"['dbb537a26e388a8d7d17faf131abc30c2f7a84e6', 'c8e0ae8612df3d6f2831acc004aaac332f6105e4', 'e12d9e77a6fd531a22325337838a841b1c67f00d']",0.5,0.3333333333333333,0.4,False,0.4285714285714285,2048,False,3
"[""build"", ""docs"", ""feat"", ""refactor""]","[""build"", ""docs"", ""refactor""]",0.7894914150238037,"['c55591ba157298a9c5816693c102a89dfd058830', 'c2ee5cd5e709afd15c5565ee009a0d204403a119', 'a62314d9bb632be6af026686615d14b912250512']",0.75,1.0,0.8571428571428571,False,0.1428571428571428,2048,False,3
"[""refactor"", ""build"", ""ci"", ""test"", ""docs""]","[""fix"", ""build"", ""refactor""]",0.9219825267791748,"['d1d55e787b7d07f763852602b9939a5394607fd9', '32b92cfa0b74a6c25990e32ac6aab12b8496794c', '062daa45cbd5dba6e96e95d8cdcaee89ae30a83c']",0.4,0.6666666666666666,0.5,False,0.5714285714285714,2048,False,3
"[""test"", ""ci"", ""refactor""]","[""test"", ""docs"", ""build""]",0.7169272899627686,"['f411e58cd510f8a2b980b2f1932003a0c0e9f8f3', 'af880ac5b4fecbc6c4f3d1eee0d95f326e8bd9d1', '1269431c8a3e7549f10fcbbb4b88ff625c8898b3']",0.3333333333333333,0.3333333333333333,0.3333333333333333,False,0.5714285714285714,2048,False,3
"[""feat"", ""test""]","[""feat"", ""fix"", ""test""]",0.6189093589782715,"['f9a094918b62534614c47aa8a13f33aec751a1e0', '87d5d4e55ab7149b593d29410f1fe426ba2447d4', '317f4eefecddfb1392ca71d551840f446feee302']",1.0,0.6666666666666666,0.8,False,0.1428571428571428,2048,False,3
"[""test"", ""feat"", ""build""]","[""test"", ""fix"", ""feat""]",0.7422726154327393,"['229b53a632ea97d47c4be11f096bdd828fb415d8', 'c8e0ae8612df3d6f2831acc004aaac332f6105e4', 'f823cf28652987d43c8324b4f5b203240032383a']",0.6666666666666666,0.6666666666666666,0.6666666666666666,False,0.2857142857142857,2048,False,3
"[""feat"", ""refactor"", ""test""]","[""feat"", ""fix"", ""docs""]",0.663567066192627,"['dc5238b2bda98a7c4f2fe9584fc3b0191a408109', '06e2be4e2019b6fa714e1fcb34485860ef1ede79', 'af880ac5b4fecbc6c4f3d1eee0d95f326e8bd9d1']",0.3333333333333333,0.3333333333333333,0.3333333333333333,False,0.5714285714285714,2048,False,3
"[""ci"", ""test"", ""refactor""]","[""ci"", ""docs"", ""test""]",0.7614829540252686,"['173553c0372e66e03bdab19e0e6c2dd44daa14a0', 'e12d9e77a6fd531a22325337838a841b1c67f00d', 'c7b25726df94a2530c9b1c0d2b6a0acaa103822f']",0.6666666666666666,0.6666666666666666,0.6666666666666666,False,0.2857142857142857,2048,False,3
"[""ci"", ""refactor""]","[""ci"", ""fix"", ""docs""]",0.6439745426177979,"['dbb537a26e388a8d7d17faf131abc30c2f7a84e6', '2561f4ade46fc9d59f289f328cc77733a6443697', 'e12d9e77a6fd531a22325337838a841b1c67f00d']",0.5,0.3333333333333333,0.4,False,0.4285714285714285,2048,False,3
"[""feat"", ""refactor"", ""test""]","[""feat"", ""fix"", ""test""]",0.7670001983642578,"['f823cf28652987d43c8324b4f5b203240032383a', '9ef5c0d14193a9abb09b39856f58477d1f4b0d77', '229b53a632ea97d47c4be11f096bdd828fb415d8']",0.6666666666666666,0.6666666666666666,0.6666666666666666,False,0.2857142857142857,2048,False,3
"[""feat"", ""ci"", ""test"", ""docs"", ""build"", ""refactor""]","[""docs"", ""ci"", ""feat""]",1.174285888671875,"['6d405dfc1675dcad64a2dfac0c0cb0fb28381d21', '173553c0372e66e03bdab19e0e6c2dd44daa14a0', 'b282e90e2cbb74559aab79eee8443a4d7c85502a']",0.5,1.0,0.6666666666666666,False,0.4285714285714285,2048,False,3
"[""ci"", ""refactor""]","[""ci"", ""docs"", ""build""]",0.6658034324645996,"['c5fa7b80438fbd74f4c341f0d3c9bd9e0f4910da', '036a0ff49a7dade0e04c9c07071a1ff49133ee24', 'c44cf88a6ec54e5ddd99d8348bcc57b301ec7945']",0.5,0.3333333333333333,0.4,False,0.4285714285714285,2048,False,3
"[""ci"", ""feat"", ""build""]","[""ci"", ""feat"", ""build""]",0.842266321182251,"['32845e1bbd1efb5dbc16f671049509a409ba25ce', 'b282e90e2cbb74559aab79eee8443a4d7c85502a', '37b1cbfd3d2c462ef4f2a131e4172c38dc8d9ddf']",1.0,1.0,1.0,True,0.0,2048,False,3
"[""test"", ""feat"", ""build""]","[""test"", ""build"", ""fix"", ""feat""]",0.7422764301300049,"['e0198f74b81da3663144cfe1d971939319f82a0f', 'f00a4d3e307b89842250358ee432e6800bb24362', 'd129eaf9125a967ac86c6c7276bbae6b4d50af36', 'dc5238b2bda98a7c4f2fe9584fc3b0191a408109']",1.0,0.75,0.8571428571428571,False,0.1428571428571428,2048,False,4
"[""ci"", ""test"", ""refactor""]","[""ci"", ""build"", ""test"", ""docs""]",0.7909450531005859,"['c5fa7b80438fbd74f4c341f0d3c9bd9e0f4910da', '1269431c8a3e7549f10fcbbb4b88ff625c8898b3', 'e2e8ad25854bd1e7cdbc7f50b50bbd99e04ad47d', '036a0ff49a7dade0e04c9c07071a1ff49133ee24']",0.6666666666666666,0.5,0.5714285714285715,False,0.4285714285714285,2048,False,4
"[""refactor"", ""docs"", ""test""]","[""refactor"", ""feat"", ""docs"", ""test""]",0.7672214508056641,"['3cca5c314ad6feeffbfe1f14cf49ebd0fd9a95a2', 'dc5238b2bda98a7c4f2fe9584fc3b0191a408109', 'aca23027da1295c78fdf42ba9687d8ccc88784d7', '229b53a632ea97d47c4be11f096bdd828fb415d8']",1.0,0.75,0.8571428571428571,False,0.1428571428571428,2048,False,4
"[""feat"", ""refactor"", ""build"", ""test""]","[""fix"", ""test"", ""build"", ""refactor""]",0.9294648170471193,"['d1d55e787b7d07f763852602b9939a5394607fd9', 'bedc7950b24c37809e36a585b7985d5aa5e3e458', 'c55591ba157298a9c5816693c102a89dfd058830', '535708ae50aecb452560a23356fd396f99ef13a2']",0.75,0.75,0.75,False,0.2857142857142857,2048,False,4
"[""ci"", ""docs"", ""refactor"", ""build""]","[""docs"", ""build"", ""ci"", ""feat""]",0.9003534317016602,"['a52a585d74894b3b4eeb8c784fa089ff95cddad0', '1269431c8a3e7549f10fcbbb4b88ff625c8898b3', '45837af24a33308a70a3454f0f650f9fe728e272', 'e137f9fdbdb6bf3f85c3f7ac9323785e445844c8']",0.75,0.75,0.75,False,0.2857142857142857,2048,False,4
"[""ci"", ""test"", ""docs"", ""refactor"", ""feat""]","[""test"", ""fix"", ""refactor"", ""ci""]",1.0918588638305664,"['e9617f0854030e70365eb264bcb3b58078e79e9e', 'bed78248c941d57ad4cc20a455147e186e97c7a1', '535708ae50aecb452560a23356fd396f99ef13a2', 'c5fa7b80438fbd74f4c341f0d3c9bd9e0f4910da']",0.6,0.75,0.6666666666666665,False,0.4285714285714285,2048,False,4
"[""ci"", ""feat"", ""refactor"", ""build""]","[""ci"", ""fix"", ""feat"", ""refactor""]",0.989361047744751,"['e7a67d88173566be3cd3aed7e9eeb7e29aabbc57', 'bed78248c941d57ad4cc20a455147e186e97c7a1', 'f823cf28652987d43c8324b4f5b203240032383a', '2954a0955ce9af6acb345ed1e8328e145ad30475']",0.75,0.75,0.75,False,0.2857142857142857,2048,False,4
"[""docs"", ""ci"", ""test"", ""build""]","[""docs"", ""ci"", ""test"", ""refactor""]",0.9583282470703124,"['aca23027da1295c78fdf42ba9687d8ccc88784d7', '74e9de5ec97dc013a52aa063dff0f40ac74c407b', '317f4eefecddfb1392ca71d551840f446feee302', '3cca5c314ad6feeffbfe1f14cf49ebd0fd9a95a2']",0.75,0.75,0.75,False,0.2857142857142857,2048,False,4
"[""refactor"", ""ci"", ""docs""]","[""fix"", ""feat"", ""build"", ""docs""]",0.760338544845581,"['9be725fa3906323d4bc9788f54eccf74109d632b', 'e137f9fdbdb6bf3f85c3f7ac9323785e445844c8', 'c323d59c607cabc91f17a78528d998f376f30b10', '0cfc5633d37ea06f645649138323f1820e18bdee']",0.3333333333333333,0.25,0.2857142857142857,False,0.7142857142857143,2048,False,4
"[""docs"", ""feat"", ""fix"", ""refactor"", ""test""]","[""docs"", ""feat"", ""test"", ""fix""]",1.010542392730713,"['0cfc5633d37ea06f645649138323f1820e18bdee', '1bcf88670b50155b50071e707f98f30cea0b7a24', '229b53a632ea97d47c4be11f096bdd828fb415d8', '87d5d4e55ab7149b593d29410f1fe426ba2447d4']",0.8,1.0,0.888888888888889,False,0.1428571428571428,2048,False,4
"[""build"", ""ci"", ""refactor"", ""test""]","[""build"", ""refactor"", ""test"", ""ci""]",0.8702530860900879,"['c55591ba157298a9c5816693c102a89dfd058830', '062daa45cbd5dba6e96e95d8cdcaee89ae30a83c', 'c7b25726df94a2530c9b1c0d2b6a0acaa103822f', 'dbb537a26e388a8d7d17faf131abc30c2f7a84e6']",1.0,1.0,1.0,True,0.0,2048,False,4
"[""feat"", ""test"", ""refactor"", ""ci"", ""build""]","[""feat"", ""fix"", ""test"", ""refactor""]",0.9133522510528564,"['dc5238b2bda98a7c4f2fe9584fc3b0191a408109', 'c8e0ae8612df3d6f2831acc004aaac332f6105e4', 'f411e58cd510f8a2b980b2f1932003a0c0e9f8f3', '47ef9104e4a89e80d7cc6c1950bc080841da4a7b']",0.6,0.75,0.6666666666666665,False,0.4285714285714285,2048,False,4
"[""feat"", ""refactor"", ""docs"", ""ci"", ""test""]","[""refactor"", ""docs"", ""test"", ""ci""]",1.0485212802886963,"['63eab619e6166eb6cab948028a7b89bf059dd878', 'aca23027da1295c78fdf42ba9687d8ccc88784d7', 'f411e58cd510f8a2b980b2f1932003a0c0e9f8f3', 'e7a67d88173566be3cd3aed7e9eeb7e29aabbc57']",0.8,1.0,0.888888888888889,False,0.1428571428571428,2048,False,4
"[""docs"", ""refactor"", ""test"", ""build"", ""ci"", ""feat"", ""fix""]","[""docs"", ""refactor"", ""test"", ""fix""]",1.2633237838745115,"['aca23027da1295c78fdf42ba9687d8ccc88784d7', '062daa45cbd5dba6e96e95d8cdcaee89ae30a83c', 'b7ce2894fd1794064bd6db4ed730bb6cb7728739', '06e2be4e2019b6fa714e1fcb34485860ef1ede79']",0.5714285714285714,1.0,0.7272727272727273,False,0.4285714285714285,2048,False,4
"[""test"", ""ci"", ""docs""]","[""test"", ""docs"", ""build"", ""ci""]",0.8327925205230713,"['317f4eefecddfb1392ca71d551840f446feee302', 'aca23027da1295c78fdf42ba9687d8ccc88784d7', 'f00a4d3e307b89842250358ee432e6800bb24362', '32845e1bbd1efb5dbc16f671049509a409ba25ce']",1.0,0.75,0.8571428571428571,False,0.1428571428571428,2048,False,4
"[""refactor"", ""test"", ""ci"", ""build"", ""docs""]","[""fix"", ""refactor"", ""docs"", ""test""]",0.9370691776275636,"['933ab6bb86372913c992567cf9660009900911a7', '3cca5c314ad6feeffbfe1f14cf49ebd0fd9a95a2', 'a52a585d74894b3b4eeb8c784fa089ff95cddad0', '229b53a632ea97d47c4be11f096bdd828fb415d8']",0.6,0.75,0.6666666666666665,False,0.4285714285714285,2048,False,4
"[""feat"", ""refactor"", ""ci"", ""docs"", ""build""]","[""refactor"", ""ci"", ""docs"", ""build""]",0.984407901763916,"['63eab619e6166eb6cab948028a7b89bf059dd878', '6c9cb638cb4d1ecc42632fcf389c24898c5b3244', 'a52a585d74894b3b4eeb8c784fa089ff95cddad0', 'c55591ba157298a9c5816693c102a89dfd058830']",0.8,1.0,0.888888888888889,False,0.1428571428571428,2048,False,4
"[""ci"", ""build"", ""test"", ""refactor"", ""fix""]","[""ci"", ""build"", ""test"", ""fix""]",1.0532536506652832,"['173553c0372e66e03bdab19e0e6c2dd44daa14a0', 'c55591ba157298a9c5816693c102a89dfd058830', '8ee0611fbf0cd89abe7ae588f22e6ecb843598ea', '87d5d4e55ab7149b593d29410f1fe426ba2447d4']",0.8,1.0,0.888888888888889,False,0.1428571428571428,2048,False,4
"[""ci"", ""build"", ""refactor""]","[""ci"", ""build"", ""feat"", ""fix""]",0.7962086200714111,"['32845e1bbd1efb5dbc16f671049509a409ba25ce', '32b92cfa0b74a6c25990e32ac6aab12b8496794c', 'fd8e563cc19ca4684885d4692acee6bebcca4ada', '933ab6bb86372913c992567cf9660009900911a7']",0.6666666666666666,0.5,0.5714285714285715,False,0.4285714285714285,2048,False,4
"[""test"", ""build""]","[""test"", ""build"", ""fix"", ""feat""]",0.737511157989502,"['317f4eefecddfb1392ca71d551840f446feee302', '454003841aabeb74396d73541378bfa59c75b5db', '933ab6bb86372913c992567cf9660009900911a7', '6ed56ce9ae743ba9a87e6c9643cc06b1de7b748d']",1.0,0.5,0.6666666666666666,False,0.2857142857142857,2048,False,4
"[""feat"", ""docs"", ""test"", ""refactor"", ""ci"", ""build""]","[""fix"", ""docs"", ""test"", ""refactor""]",1.0999088287353516,"['d1d55e787b7d07f763852602b9939a5394607fd9', '6d405dfc1675dcad64a2dfac0c0cb0fb28381d21', 'e0198f74b81da3663144cfe1d971939319f82a0f', '36556bf8e0bce4ab6d26eafacbdad04d9614a5d7']",0.5,0.75,0.6,False,0.5714285714285714,2048,False,4
"[""ci"", ""docs"", ""feat"", ""refactor"", ""test""]","[""ci"", ""docs"", ""build"", ""feat""]",1.040274143218994,"['e7a67d88173566be3cd3aed7e9eeb7e29aabbc57', '6d405dfc1675dcad64a2dfac0c0cb0fb28381d21', 'c44cf88a6ec54e5ddd99d8348bcc57b301ec7945', 'f9a094918b62534614c47aa8a13f33aec751a1e0']",0.6,0.75,0.6666666666666665,False,0.4285714285714285,2048,False,4
"[""feat"", ""refactor"", ""test"", ""docs"", ""build"", ""ci""]","[""fix"", ""test"", ""feat"", ""docs""]",1.2210845947265625,"['2561f4ade46fc9d59f289f328cc77733a6443697', 'e0198f74b81da3663144cfe1d971939319f82a0f', '1bcf88670b50155b50071e707f98f30cea0b7a24', '6d405dfc1675dcad64a2dfac0c0cb0fb28381d21']",0.5,0.75,0.6,False,0.5714285714285714,2048,False,4
"[""ci"", ""refactor"", ""test""]","[""ci"", ""fix"", ""test"", ""docs""]",0.7531416416168213,"['4cbbd2552ba0de273e1dfe7d453c5b3efed751a3', '933ab6bb86372913c992567cf9660009900911a7', 'b7ce2894fd1794064bd6db4ed730bb6cb7728739', 'af880ac5b4fecbc6c4f3d1eee0d95f326e8bd9d1']",0.6666666666666666,0.5,0.5714285714285715,False,0.4285714285714285,2048,False,4
"[""feat"", ""refactor"", ""ci"", ""build"", ""test"", ""docs""]","[""feat"", ""ci"", ""refactor"", ""fix""]",1.1786861419677734,"['f823cf28652987d43c8324b4f5b203240032383a', '45837af24a33308a70a3454f0f650f9fe728e272', '36556bf8e0bce4ab6d26eafacbdad04d9614a5d7', 'bed78248c941d57ad4cc20a455147e186e97c7a1']",0.5,0.75,0.6,False,0.5714285714285714,2048,False,4
"[""feat"", ""refactor"", ""docs"", ""test"", ""ci"", ""build""]","[""refactor"", ""feat"", ""docs"", ""build""]",1.1401658058166504,"['63eab619e6166eb6cab948028a7b89bf059dd878', 'e137f9fdbdb6bf3f85c3f7ac9323785e445844c8', 'a52a585d74894b3b4eeb8c784fa089ff95cddad0', 'f00a4d3e307b89842250358ee432e6800bb24362']",0.6666666666666666,1.0,0.8,False,0.2857142857142857,2048,False,4
"[""build"", ""ci"", ""docs"", ""feat"", ""fix"", ""refactor"", ""test""]","[""build"", ""test"", ""ci"", ""refactor""]",1.3369221687316897,"['1269431c8a3e7549f10fcbbb4b88ff625c8898b3', '8ee0611fbf0cd89abe7ae588f22e6ecb843598ea', '45837af24a33308a70a3454f0f650f9fe728e272', '63eab619e6166eb6cab948028a7b89bf059dd878']",0.5714285714285714,1.0,0.7272727272727273,False,0.4285714285714285,2048,False,4
"[""build"", ""docs"", ""feat"", ""refactor"", ""test""]","[""build"", ""docs"", ""feat"", ""fix""]",1.0991241931915283,"['37b1cbfd3d2c462ef4f2a131e4172c38dc8d9ddf', '6d405dfc1675dcad64a2dfac0c0cb0fb28381d21', 'b282e90e2cbb74559aab79eee8443a4d7c85502a', '2561f4ade46fc9d59f289f328cc77733a6443697']",0.6,0.75,0.6666666666666665,False,0.4285714285714285,2048,False,4
"[""build"", ""ci"", ""test"", ""feat"", ""refactor""]","[""build"", ""test"", ""ci"", ""feat""]",1.0948808193206787,"['c55591ba157298a9c5816693c102a89dfd058830', '317f4eefecddfb1392ca71d551840f446feee302', 'c5fa7b80438fbd74f4c341f0d3c9bd9e0f4910da', '6ed56ce9ae743ba9a87e6c9643cc06b1de7b748d']",0.8,1.0,0.888888888888889,False,0.1428571428571428,2048,False,4
"[""feat"", ""refactor"", ""docs"", ""build""]","[""fix"", ""build"", ""docs"", ""refactor""]",0.8575708866119385,"['933ab6bb86372913c992567cf9660009900911a7', '5b81fde8a72cf2e69a10e9f5c4f0bea0a2b8c3e0', 'c2ee5cd5e709afd15c5565ee009a0d204403a119', '3cca5c314ad6feeffbfe1f14cf49ebd0fd9a95a2']",0.75,0.75,0.75,False,0.2857142857142857,2048,False,4
"[""ci"", ""refactor""]","[""fix"", ""feat"", ""docs"", ""ci""]",0.5863053798675537,"['933ab6bb86372913c992567cf9660009900911a7', 'dc5238b2bda98a7c4f2fe9584fc3b0191a408109', '036a0ff49a7dade0e04c9c07071a1ff49133ee24', 'e7a67d88173566be3cd3aed7e9eeb7e29aabbc57']",0.5,0.25,0.3333333333333333,False,0.5714285714285714,2048,False,4
"[""feat"", ""refactor"", ""test""]","[""docs"", ""fix"", ""feat"", ""refactor""]",0.6954219341278076,"['af880ac5b4fecbc6c4f3d1eee0d95f326e8bd9d1', 'c8e0ae8612df3d6f2831acc004aaac332f6105e4', 'f9a094918b62534614c47aa8a13f33aec751a1e0', '47ef9104e4a89e80d7cc6c1950bc080841da4a7b']",0.6666666666666666,0.5,0.5714285714285715,False,0.4285714285714285,2048,False,4
"[""feat"", ""ci"", ""refactor"", ""build""]","[""fix"", ""build"", ""feat"", ""ci""]",0.9163918495178224,"['d129eaf9125a967ac86c6c7276bbae6b4d50af36', '1269431c8a3e7549f10fcbbb4b88ff625c8898b3', 'e137f9fdbdb6bf3f85c3f7ac9323785e445844c8', '173553c0372e66e03bdab19e0e6c2dd44daa14a0']",0.75,0.75,0.75,False,0.2857142857142857,2048,False,4
"[""feat"", ""fix"", ""refactor"", ""docs"", ""test"", ""ci"", ""build""]","[""feat"", ""refactor"", ""test"", ""build""]",1.2103052139282229,"['dc5238b2bda98a7c4f2fe9584fc3b0191a408109', '771857b1df9470ebc15357e8879118a72c649d5b', 'b7ce2894fd1794064bd6db4ed730bb6cb7728739', 'c323d59c607cabc91f17a78528d998f376f30b10']",0.5714285714285714,1.0,0.7272727272727273,False,0.4285714285714285,2048,False,4
"[""build"", ""test"", ""ci"", ""feat""]","[""build"", ""test"", ""ci"", ""fix""]",0.8751358985900879,"['5b81fde8a72cf2e69a10e9f5c4f0bea0a2b8c3e0', 'b7ce2894fd1794064bd6db4ed730bb6cb7728739', '74e9de5ec97dc013a52aa063dff0f40ac74c407b', 'd129eaf9125a967ac86c6c7276bbae6b4d50af36']",0.75,0.75,0.75,False,0.2857142857142857,2048,False,4
"[""test"", ""ci"", ""refactor""]","[""docs"", ""feat"", ""build"", ""ci""]",0.8014450073242188,"['af880ac5b4fecbc6c4f3d1eee0d95f326e8bd9d1', 'ded26d768ff432ad3bde3c0aa1e95ce50726100a', '454003841aabeb74396d73541378bfa59c75b5db', '4cbbd2552ba0de273e1dfe7d453c5b3efed751a3']",0.3333333333333333,0.25,0.2857142857142857,False,0.7142857142857143,2048,False,4
"[""feat"", ""ci"", ""build""]","[""docs"", ""refactor"", ""ci"", ""build""]",0.7723972797393799,"['036a0ff49a7dade0e04c9c07071a1ff49133ee24', '535708ae50aecb452560a23356fd396f99ef13a2', 'e7a67d88173566be3cd3aed7e9eeb7e29aabbc57', 'c55591ba157298a9c5816693c102a89dfd058830']",0.6666666666666666,0.5,0.5714285714285715,False,0.4285714285714285,2048,False,4
"[""feat"", ""ci"", ""refactor"", ""docs""]","[""refactor"", ""ci"", ""fix"", ""docs""]",0.8711576461791992,"['2954a0955ce9af6acb345ed1e8328e145ad30475', '6c9cb638cb4d1ecc42632fcf389c24898c5b3244', 'd1d55e787b7d07f763852602b9939a5394607fd9', '6d405dfc1675dcad64a2dfac0c0cb0fb28381d21']",0.75,0.75,0.75,False,0.2857142857142857,2048,False,4
"[""test"", ""ci"", ""docs"", ""refactor""]","[""test"", ""ci"", ""docs"", ""feat""]",0.8379068374633789,"['229b53a632ea97d47c4be11f096bdd828fb415d8', '4cbbd2552ba0de273e1dfe7d453c5b3efed751a3', 'bf83c9155e9bee6925aa7102fab53fb803d52533', 'ded26d768ff432ad3bde3c0aa1e95ce50726100a']",0.75,0.75,0.75,False,0.2857142857142857,2048,False,4
"[""feat"", ""refactor"", ""test"", ""ci"", ""build""]","[""refactor"", ""fix"", ""test"", ""feat""]",1.0470929145812988,"['47ef9104e4a89e80d7cc6c1950bc080841da4a7b', '9ef5c0d14193a9abb09b39856f58477d1f4b0d77', 'b7ce2894fd1794064bd6db4ed730bb6cb7728739', '1bcf88670b50155b50071e707f98f30cea0b7a24']",0.6,0.75,0.6666666666666665,False,0.4285714285714285,2048,False,4
"[""feat"", ""refactor"", ""ci"", ""test"", ""docs"", ""build""]","[""docs"", ""feat"", ""ci"", ""refactor""]",1.1662542819976809,"['e12d9e77a6fd531a22325337838a841b1c67f00d', 'fd8e563cc19ca4684885d4692acee6bebcca4ada', '173553c0372e66e03bdab19e0e6c2dd44daa14a0', '535708ae50aecb452560a23356fd396f99ef13a2']",0.6666666666666666,1.0,0.8,False,0.2857142857142857,2048,False,4
"[""test"", ""ci"", ""refactor""]","[""refactor"", ""feat"", ""docs"", ""ci""]",0.8691127300262451,"['1db13ec43727aca872a0f3836e4023ed85db665e', 'b282e90e2cbb74559aab79eee8443a4d7c85502a', 'e12d9e77a6fd531a22325337838a841b1c67f00d', '74e9de5ec97dc013a52aa063dff0f40ac74c407b']",0.6666666666666666,0.5,0.5714285714285715,False,0.4285714285714285,2048,False,4
"[""docs"", ""ci"", ""test"", ""refactor""]","[""docs"", ""ci"", ""refactor"", ""test""]",0.9401679039001464,"['aca23027da1295c78fdf42ba9687d8ccc88784d7', '74e9de5ec97dc013a52aa063dff0f40ac74c407b', '2954a0955ce9af6acb345ed1e8328e145ad30475', 'f411e58cd510f8a2b980b2f1932003a0c0e9f8f3']",1.0,1.0,1.0,True,0.0,2048,False,4
"[""test"", ""ci"", ""docs""]","[""test"", ""docs"", ""ci"", ""fix""]",0.722113847732544,"['b7ce2894fd1794064bd6db4ed730bb6cb7728739', 'af880ac5b4fecbc6c4f3d1eee0d95f326e8bd9d1', '6c9cb638cb4d1ecc42632fcf389c24898c5b3244', 'd129eaf9125a967ac86c6c7276bbae6b4d50af36']",1.0,0.75,0.8571428571428571,False,0.1428571428571428,2048,False,4
"[""ci"", ""test"", ""docs"", ""refactor""]","[""ci"", ""refactor"", ""test"", ""docs""]",0.9571356773376464,"['e7a67d88173566be3cd3aed7e9eeb7e29aabbc57', '36556bf8e0bce4ab6d26eafacbdad04d9614a5d7', '8ee0611fbf0cd89abe7ae588f22e6ecb843598ea', 'c2ee5cd5e709afd15c5565ee009a0d204403a119']",1.0,1.0,1.0,True,0.0,2048,False,4
"[""docs"", ""test"", ""build"", ""ci""]","[""docs"", ""feat"", ""test"", ""build""]",0.9832072257995604,"['0cfc5633d37ea06f645649138323f1820e18bdee', 'fd8e563cc19ca4684885d4692acee6bebcca4ada', 'e9617f0854030e70365eb264bcb3b58078e79e9e', '1269431c8a3e7549f10fcbbb4b88ff625c8898b3']",0.75,0.75,0.75,False,0.2857142857142857,2048,False,4
"[""refactor"", ""test"", ""ci"", ""build"", ""docs""]","[""refactor"", ""feat"", ""test"", ""fix""]",1.0596320629119873,"['47ef9104e4a89e80d7cc6c1950bc080841da4a7b', 'b282e90e2cbb74559aab79eee8443a4d7c85502a', 'e0198f74b81da3663144cfe1d971939319f82a0f', 'bed78248c941d57ad4cc20a455147e186e97c7a1']",0.4,0.5,0.4444444444444445,False,0.7142857142857143,2048,False,4
"[""ci"", ""build"", ""test"", ""refactor"", ""fix""]","[""build"", ""ci"", ""fix"", ""refactor""]",1.0596134662628174,"['454003841aabeb74396d73541378bfa59c75b5db', '173553c0372e66e03bdab19e0e6c2dd44daa14a0', 'd129eaf9125a967ac86c6c7276bbae6b4d50af36', '63eab619e6166eb6cab948028a7b89bf059dd878']",0.8,1.0,0.888888888888889,False,0.1428571428571428,2048,False,4
"[""ci"", ""test"", ""docs"", ""refactor"", ""build""]","[""test"", ""refactor"", ""docs"", ""feat""]",1.083444595336914,"['e9617f0854030e70365eb264bcb3b58078e79e9e', '2954a0955ce9af6acb345ed1e8328e145ad30475', 'c2ee5cd5e709afd15c5565ee009a0d204403a119', '6ed56ce9ae743ba9a87e6c9643cc06b1de7b748d']",0.6,0.75,0.6666666666666665,False,0.4285714285714285,2048,False,4
"[""build"", ""refactor"", ""test""]","[""build"", ""refactor"", ""fix"", ""ci""]",0.7751901149749756,"['454003841aabeb74396d73541378bfa59c75b5db', 'a62314d9bb632be6af026686615d14b912250512', '06e2be4e2019b6fa714e1fcb34485860ef1ede79', '4cbbd2552ba0de273e1dfe7d453c5b3efed751a3']",0.6666666666666666,0.5,0.5714285714285715,False,0.4285714285714285,2048,False,4
"[""feat"", ""refactor"", ""test"", ""ci"", ""docs"", ""build""]","[""feat"", ""test"", ""refactor"", ""ci""]",1.1127829551696775,"['b282e90e2cbb74559aab79eee8443a4d7c85502a', 'e2e8ad25854bd1e7cdbc7f50b50bbd99e04ad47d', '63eab619e6166eb6cab948028a7b89bf059dd878', '6c9cb638cb4d1ecc42632fcf389c24898c5b3244']",0.6666666666666666,1.0,0.8,False,0.2857142857142857,2048,False,4
"[""docs"", ""refactor"", ""test"", ""build""]","[""docs"", ""fix"", ""test"", ""refactor""]",0.8110957145690918,"['0cfc5633d37ea06f645649138323f1820e18bdee', 'd1d55e787b7d07f763852602b9939a5394607fd9', 'e2e8ad25854bd1e7cdbc7f50b50bbd99e04ad47d', '062daa45cbd5dba6e96e95d8cdcaee89ae30a83c']",0.75,0.75,0.75,False,0.2857142857142857,2048,False,4
"[""refactor"", ""fix"", ""docs"", ""ci"", ""build""]","[""refactor"", ""fix"", ""docs"", ""ci""]",0.9780800342559814,"['47ef9104e4a89e80d7cc6c1950bc080841da4a7b', 'd129eaf9125a967ac86c6c7276bbae6b4d50af36', '0cfc5633d37ea06f645649138323f1820e18bdee', '45837af24a33308a70a3454f0f650f9fe728e272']",0.8,1.0,0.888888888888889,False,0.1428571428571428,2048,False,4
"[""refactor"", ""ci"", ""build"", ""test""]","[""fix"", ""build"", ""ci"", ""test""]",1.0081377029418943,"['bed78248c941d57ad4cc20a455147e186e97c7a1', '1269431c8a3e7549f10fcbbb4b88ff625c8898b3', '45837af24a33308a70a3454f0f650f9fe728e272', '8ee0611fbf0cd89abe7ae588f22e6ecb843598ea']",0.75,0.75,0.75,False,0.2857142857142857,2048,False,4
"[""build"", ""ci"", ""docs"", ""refactor""]","[""build"", ""fix"", ""ci"", ""docs""]",0.965851068496704,"['454003841aabeb74396d73541378bfa59c75b5db', 'bed78248c941d57ad4cc20a455147e186e97c7a1', '45837af24a33308a70a3454f0f650f9fe728e272', 'c2ee5cd5e709afd15c5565ee009a0d204403a119']",0.75,0.75,0.75,False,0.2857142857142857,2048,False,4
"[""ci"", ""refactor""]","[""ci"", ""refactor"", ""fix"", ""docs""]",0.6804709434509277,"['dbb537a26e388a8d7d17faf131abc30c2f7a84e6', '3cca5c314ad6feeffbfe1f14cf49ebd0fd9a95a2', 'd1d55e787b7d07f763852602b9939a5394607fd9', '6d405dfc1675dcad64a2dfac0c0cb0fb28381d21']",1.0,0.5,0.6666666666666666,False,0.2857142857142857,2048,False,4
"[""feat"", ""refactor"", ""ci"", ""docs"", ""build""]","[""fix"", ""ci"", ""docs"", ""refactor""]",1.003434658050537,"['2561f4ade46fc9d59f289f328cc77733a6443697', '6c9cb638cb4d1ecc42632fcf389c24898c5b3244', 'bf83c9155e9bee6925aa7102fab53fb803d52533', '771857b1df9470ebc15357e8879118a72c649d5b']",0.6,0.75,0.6666666666666665,False,0.4285714285714285,2048,False,4
"[""feat"", ""refactor"", ""docs"", ""test"", ""ci"", ""build""]","[""fix"", ""feat"", ""build"", ""docs""]",1.100657939910889,"['06e2be4e2019b6fa714e1fcb34485860ef1ede79', 'fd8e563cc19ca4684885d4692acee6bebcca4ada', '32b92cfa0b74a6c25990e32ac6aab12b8496794c', '6d405dfc1675dcad64a2dfac0c0cb0fb28381d21']",0.5,0.75,0.6,False,0.5714285714285714,2048,False,4
"[""build"", ""test"", ""refactor""]","[""build"", ""ci"", ""test"", ""feat""]",0.8329348564147949,"['c55591ba157298a9c5816693c102a89dfd058830', '45837af24a33308a70a3454f0f650f9fe728e272', 'b7ce2894fd1794064bd6db4ed730bb6cb7728739', 'dc5238b2bda98a7c4f2fe9584fc3b0191a408109']",0.6666666666666666,0.5,0.5714285714285715,False,0.4285714285714285,2048,False,4
"[""ci"", ""feat"", ""test"", ""refactor"", ""docs""]","[""ci"", ""docs"", ""feat"", ""test""]",1.0609116554260254,"['173553c0372e66e03bdab19e0e6c2dd44daa14a0', 'e12d9e77a6fd531a22325337838a841b1c67f00d', 'f823cf28652987d43c8324b4f5b203240032383a', '229b53a632ea97d47c4be11f096bdd828fb415d8']",0.8,1.0,0.888888888888889,False,0.1428571428571428,2048,False,4
"[""refactor"", ""docs"", ""ci"", ""test""]","[""refactor"", ""docs"", ""ci"", ""test""]",0.8670673370361328,"['36556bf8e0bce4ab6d26eafacbdad04d9614a5d7', 'aca23027da1295c78fdf42ba9687d8ccc88784d7', 'dbb537a26e388a8d7d17faf131abc30c2f7a84e6', '229b53a632ea97d47c4be11f096bdd828fb415d8']",1.0,1.0,1.0,True,0.0,2048,False,4
"[""docs"", ""test"", ""fix""]","[""docs"", ""refactor"", ""test"", ""fix""]",0.8038740158081055,"['0cfc5633d37ea06f645649138323f1820e18bdee', '1db13ec43727aca872a0f3836e4023ed85db665e', '229b53a632ea97d47c4be11f096bdd828fb415d8', '9be725fa3906323d4bc9788f54eccf74109d632b']",1.0,0.75,0.8571428571428571,False,0.1428571428571428,2048,False,4
"[""ci"", ""docs"", ""refactor""]","[""ci"", ""docs"", ""refactor"", ""test""]",0.8110113143920898,"['c5fa7b80438fbd74f4c341f0d3c9bd9e0f4910da', 'bf83c9155e9bee6925aa7102fab53fb803d52533', '062daa45cbd5dba6e96e95d8cdcaee89ae30a83c', 'bedc7950b24c37809e36a585b7985d5aa5e3e458']",1.0,0.75,0.8571428571428571,False,0.1428571428571428,2048,False,4
"[""refactor"", ""ci"", ""build""]","[""fix"", ""docs"", ""ci"", ""feat""]",0.7368178367614746,"['9be725fa3906323d4bc9788f54eccf74109d632b', '036a0ff49a7dade0e04c9c07071a1ff49133ee24', '45837af24a33308a70a3454f0f650f9fe728e272', 'f823cf28652987d43c8324b4f5b203240032383a']",0.3333333333333333,0.25,0.2857142857142857,False,0.7142857142857143,2048,False,4
"[""docs"", ""test"", ""build""]","[""docs"", ""test"", ""build"", ""feat""]",0.7751383781433105,"['bf83c9155e9bee6925aa7102fab53fb803d52533', 'e0198f74b81da3663144cfe1d971939319f82a0f', 'f00a4d3e307b89842250358ee432e6800bb24362', 'ded26d768ff432ad3bde3c0aa1e95ce50726100a']",1.0,0.75,0.8571428571428571,False,0.1428571428571428,2048,False,4
"[""docs"", ""test"", ""refactor"", ""build""]","[""docs"", ""refactor"", ""test"", ""fix""]",0.9720754623413086,"['aca23027da1295c78fdf42ba9687d8ccc88784d7', '1db13ec43727aca872a0f3836e4023ed85db665e', 'f411e58cd510f8a2b980b2f1932003a0c0e9f8f3', '2561f4ade46fc9d59f289f328cc77733a6443697']",0.75,0.75,0.75,False,0.2857142857142857,2048,False,4
"[""test"", ""ci"", ""feat"", ""docs""]","[""test"", ""feat"", ""docs"", ""ci""]",0.9216258525848388,"['e0198f74b81da3663144cfe1d971939319f82a0f', 'f823cf28652987d43c8324b4f5b203240032383a', 'aca23027da1295c78fdf42ba9687d8ccc88784d7', 'e96487ad7ce90b141219d9032fa2bed68d5dae6a']",1.0,1.0,1.0,True,0.0,2048,False,4
"[""feat"", ""refactor"", ""ci"", ""build"", ""docs"", ""test""]","[""refactor"", ""build"", ""feat"", ""docs""]",1.1180517673492432,"['63eab619e6166eb6cab948028a7b89bf059dd878', '32b92cfa0b74a6c25990e32ac6aab12b8496794c', 'fd8e563cc19ca4684885d4692acee6bebcca4ada', 'a52a585d74894b3b4eeb8c784fa089ff95cddad0']",0.6666666666666666,1.0,0.8,False,0.2857142857142857,2048,False,4
"[""build"", ""refactor"", ""test""]","[""build"", ""fix"", ""test"", ""feat""]",0.8044373989105225,"['37b1cbfd3d2c462ef4f2a131e4172c38dc8d9ddf', 'c8e0ae8612df3d6f2831acc004aaac332f6105e4', 'c7b25726df94a2530c9b1c0d2b6a0acaa103822f', '1bcf88670b50155b50071e707f98f30cea0b7a24']",0.6666666666666666,0.5,0.5714285714285715,False,0.4285714285714285,2048,False,4
"[""feat"", ""build"", ""ci"", ""docs"", ""refactor"", ""test""]","[""refactor"", ""ci"", ""docs"", ""build""]",1.1680800914764404,"['771857b1df9470ebc15357e8879118a72c649d5b', '6c9cb638cb4d1ecc42632fcf389c24898c5b3244', '6d405dfc1675dcad64a2dfac0c0cb0fb28381d21', '454003841aabeb74396d73541378bfa59c75b5db']",0.6666666666666666,1.0,0.8,False,0.2857142857142857,2048,False,4
"[""feat"", ""fix"", ""refactor"", ""docs"", ""test"", ""ci"", ""build""]","[""fix"", ""docs"", ""refactor"", ""ci"", ""test""]",1.211536169052124,"['9be725fa3906323d4bc9788f54eccf74109d632b', 'bf83c9155e9bee6925aa7102fab53fb803d52533', '535708ae50aecb452560a23356fd396f99ef13a2', '4cbbd2552ba0de273e1dfe7d453c5b3efed751a3', 'bedc7950b24c37809e36a585b7985d5aa5e3e458']",0.7142857142857143,1.0,0.8333333333333333,False,0.2857142857142857,2048,False,5
"[""test"", ""docs"", ""build"", ""refactor""]","[""test"", ""docs"", ""refactor"", ""build"", ""feat""]",0.9877259731292723,"['229b53a632ea97d47c4be11f096bdd828fb415d8', 'bf83c9155e9bee6925aa7102fab53fb803d52533', '062daa45cbd5dba6e96e95d8cdcaee89ae30a83c', 'e4a11fd5c34942ba12737f1c8c084489428ee274', 'fd8e563cc19ca4684885d4692acee6bebcca4ada']",1.0,0.8,0.888888888888889,False,0.1428571428571428,2048,False,5
"[""test"", ""ci"", ""refactor"", ""build"", ""docs""]","[""test"", ""ci"", ""fix"", ""build"", ""refactor""]",1.042670726776123,"['317f4eefecddfb1392ca71d551840f446feee302', 'e7a67d88173566be3cd3aed7e9eeb7e29aabbc57', 'd1d55e787b7d07f763852602b9939a5394607fd9', 'f00a4d3e307b89842250358ee432e6800bb24362', '771857b1df9470ebc15357e8879118a72c649d5b']",0.8,0.8,0.8000000000000002,False,0.2857142857142857,2048,False,5
"[""ci"", ""test"", ""refactor""]","[""ci"", ""refactor"", ""build"", ""test"", ""fix""]",0.8368585109710693,"['e7a67d88173566be3cd3aed7e9eeb7e29aabbc57', '47ef9104e4a89e80d7cc6c1950bc080841da4a7b', '5b81fde8a72cf2e69a10e9f5c4f0bea0a2b8c3e0', 'bedc7950b24c37809e36a585b7985d5aa5e3e458', '9ef5c0d14193a9abb09b39856f58477d1f4b0d77']",1.0,0.6,0.7499999999999999,False,0.2857142857142857,2048,False,5
"[""ci"", ""build"", ""refactor"", ""test"", ""docs""]","[""build"", ""fix"", ""feat"", ""refactor"", ""docs""]",1.097830295562744,"['e4a11fd5c34942ba12737f1c8c084489428ee274', '9ef5c0d14193a9abb09b39856f58477d1f4b0d77', 'dc5238b2bda98a7c4f2fe9584fc3b0191a408109', '771857b1df9470ebc15357e8879118a72c649d5b', 'c2ee5cd5e709afd15c5565ee009a0d204403a119']",0.6,0.6,0.6,False,0.5714285714285714,2048,False,5
"[""docs"", ""test"", ""build"", ""refactor""]","[""docs"", ""test"", ""build"", ""fix"", ""feat""]",0.8817136287689209,"['bf83c9155e9bee6925aa7102fab53fb803d52533', '229b53a632ea97d47c4be11f096bdd828fb415d8', 'c55591ba157298a9c5816693c102a89dfd058830', '06e2be4e2019b6fa714e1fcb34485860ef1ede79', 'f823cf28652987d43c8324b4f5b203240032383a']",0.75,0.6,0.6666666666666665,False,0.4285714285714285,2048,False,5
"[""ci"", ""build"", ""test"", ""docs"", ""feat"", ""refactor""]","[""ci"", ""build"", ""fix"", ""test"", ""feat""]",1.15724515914917,"['e7a67d88173566be3cd3aed7e9eeb7e29aabbc57', 'c55591ba157298a9c5816693c102a89dfd058830', 'd129eaf9125a967ac86c6c7276bbae6b4d50af36', '229b53a632ea97d47c4be11f096bdd828fb415d8', '1bcf88670b50155b50071e707f98f30cea0b7a24']",0.6666666666666666,0.8,0.7272727272727272,False,0.4285714285714285,2048,False,5
"[""feat"", ""test"", ""ci"", ""build"", ""refactor""]","[""fix"", ""test"", ""build"", ""ci"", ""refactor""]",1.0577046871185305,"['2561f4ade46fc9d59f289f328cc77733a6443697', 'b7ce2894fd1794064bd6db4ed730bb6cb7728739', '1269431c8a3e7549f10fcbbb4b88ff625c8898b3', 'e96487ad7ce90b141219d9032fa2bed68d5dae6a', '36556bf8e0bce4ab6d26eafacbdad04d9614a5d7']",0.8,0.8,0.8000000000000002,False,0.2857142857142857,2048,False,5
"[""docs"", ""ci"", ""test"", ""build"", ""refactor""]","[""docs"", ""ci"", ""refactor"", ""test"", ""fix""]",1.0089056491851809,"['bf83c9155e9bee6925aa7102fab53fb803d52533', 'e7a67d88173566be3cd3aed7e9eeb7e29aabbc57', '535708ae50aecb452560a23356fd396f99ef13a2', 'c7b25726df94a2530c9b1c0d2b6a0acaa103822f', '06e2be4e2019b6fa714e1fcb34485860ef1ede79']",0.8,0.8,0.8000000000000002,False,0.2857142857142857,2048,False,5
"[""feat"", ""fix"", ""refactor"", ""docs"", ""test"", ""ci"", ""build""]","[""refactor"", ""docs"", ""build"", ""feat"", ""fix""]",1.2640535831451416,"['36556bf8e0bce4ab6d26eafacbdad04d9614a5d7', 'c2ee5cd5e709afd15c5565ee009a0d204403a119', 'c55591ba157298a9c5816693c102a89dfd058830', '68278b00450f2679761a2999500f6d87a579376b', '9ef5c0d14193a9abb09b39856f58477d1f4b0d77']",0.7142857142857143,1.0,0.8333333333333333,False,0.2857142857142857,2048,False,5
"[""feat"", ""build"", ""ci"", ""test""]","[""feat"", ""build"", ""fix"", ""ci"", ""test""]",0.9517197608947754,"['ded26d768ff432ad3bde3c0aa1e95ce50726100a', 'c323d59c607cabc91f17a78528d998f376f30b10', '2561f4ade46fc9d59f289f328cc77733a6443697', '45837af24a33308a70a3454f0f650f9fe728e272', 'e0198f74b81da3663144cfe1d971939319f82a0f']",1.0,0.8,0.888888888888889,False,0.1428571428571428,2048,False,5
"[""ci"", ""refactor"", ""test"", ""docs"", ""build""]","[""ci"", ""refactor"", ""test"", ""feat"", ""fix""]",1.0078160762786863,"['e96487ad7ce90b141219d9032fa2bed68d5dae6a', 'a62314d9bb632be6af026686615d14b912250512', 'c7b25726df94a2530c9b1c0d2b6a0acaa103822f', '6ed56ce9ae743ba9a87e6c9643cc06b1de7b748d', '9ef5c0d14193a9abb09b39856f58477d1f4b0d77']",0.6,0.6,0.6,False,0.5714285714285714,2048,False,5
"[""build"", ""refactor"", ""ci"", ""test"", ""docs"", ""feat"", ""fix""]","[""build"", ""refactor"", ""ci"", ""docs"", ""fix""]",1.245192527770996,"['c55591ba157298a9c5816693c102a89dfd058830', '63eab619e6166eb6cab948028a7b89bf059dd878', 'c5fa7b80438fbd74f4c341f0d3c9bd9e0f4910da', '036a0ff49a7dade0e04c9c07071a1ff49133ee24', '9be725fa3906323d4bc9788f54eccf74109d632b']",0.7142857142857143,1.0,0.8333333333333333,False,0.2857142857142857,2048,False,5
"[""docs"", ""ci"", ""test"", ""build""]","[""docs"", ""ci"", ""refactor"", ""build"", ""feat""]",0.9188740253448486,"['bf83c9155e9bee6925aa7102fab53fb803d52533', '173553c0372e66e03bdab19e0e6c2dd44daa14a0', '535708ae50aecb452560a23356fd396f99ef13a2', '1269431c8a3e7549f10fcbbb4b88ff625c8898b3', 'f823cf28652987d43c8324b4f5b203240032383a']",0.75,0.6,0.6666666666666665,False,0.4285714285714285,2048,False,5
"[""test"", ""refactor"", ""ci"", ""build"", ""docs"", ""feat"", ""fix""]","[""test"", ""feat"", ""refactor"", ""fix"", ""docs""]",1.2675955295562744,"['bedc7950b24c37809e36a585b7985d5aa5e3e458', 'fd8e563cc19ca4684885d4692acee6bebcca4ada', '062daa45cbd5dba6e96e95d8cdcaee89ae30a83c', 'c8e0ae8612df3d6f2831acc004aaac332f6105e4', '036a0ff49a7dade0e04c9c07071a1ff49133ee24']",0.7142857142857143,1.0,0.8333333333333333,False,0.2857142857142857,2048,False,5
"[""docs"", ""build"", ""ci"", ""test""]","[""docs"", ""build"", ""ci"", ""fix"", ""test""]",0.9967210292816162,"['c2ee5cd5e709afd15c5565ee009a0d204403a119', '1269431c8a3e7549f10fcbbb4b88ff625c8898b3', 'e7a67d88173566be3cd3aed7e9eeb7e29aabbc57', 'bed78248c941d57ad4cc20a455147e186e97c7a1', 'e9617f0854030e70365eb264bcb3b58078e79e9e']",1.0,0.8,0.888888888888889,False,0.1428571428571428,2048,False,5
"[""refactor"", ""ci"", ""build""]","[""refactor"", ""ci"", ""docs"", ""test"", ""build""]",0.801785945892334,"['3cca5c314ad6feeffbfe1f14cf49ebd0fd9a95a2', 'dbb537a26e388a8d7d17faf131abc30c2f7a84e6', 'e12d9e77a6fd531a22325337838a841b1c67f00d', 'c7b25726df94a2530c9b1c0d2b6a0acaa103822f', '37b1cbfd3d2c462ef4f2a131e4172c38dc8d9ddf']",1.0,0.6,0.7499999999999999,False,0.2857142857142857,2048,False,5
"[""test"", ""ci"", ""refactor""]","[""test"", ""feat"", ""ci"", ""refactor"", ""fix""]",0.840259313583374,"['229b53a632ea97d47c4be11f096bdd828fb415d8', 'b282e90e2cbb74559aab79eee8443a4d7c85502a', 'dbb537a26e388a8d7d17faf131abc30c2f7a84e6', '3cca5c314ad6feeffbfe1f14cf49ebd0fd9a95a2', '933ab6bb86372913c992567cf9660009900911a7']",1.0,0.6,0.7499999999999999,False,0.2857142857142857,2048,False,5
"[""ci"", ""build"", ""refactor"", ""test"", ""docs""]","[""build"", ""fix"", ""ci"", ""refactor"", ""docs""]",1.0600755214691162,"['37b1cbfd3d2c462ef4f2a131e4172c38dc8d9ddf', '06e2be4e2019b6fa714e1fcb34485860ef1ede79', 'c5fa7b80438fbd74f4c341f0d3c9bd9e0f4910da', '1db13ec43727aca872a0f3836e4023ed85db665e', 'a52a585d74894b3b4eeb8c784fa089ff95cddad0']",0.8,0.8,0.8000000000000002,False,0.2857142857142857,2048,False,5
"[""build"", ""ci"", ""refactor"", ""test""]","[""build"", ""docs"", ""ci"", ""test"", ""feat""]",0.9592900276184082,"['c44cf88a6ec54e5ddd99d8348bcc57b301ec7945', '6d405dfc1675dcad64a2dfac0c0cb0fb28381d21', 'e7a67d88173566be3cd3aed7e9eeb7e29aabbc57', 'f411e58cd510f8a2b980b2f1932003a0c0e9f8f3', 'f823cf28652987d43c8324b4f5b203240032383a']",0.75,0.6,0.6666666666666665,False,0.4285714285714285,2048,False,5
"[""feat"", ""refactor"", ""test"", ""ci"", ""build""]","[""feat"", ""fix"", ""refactor"", ""build"", ""test""]",1.002676010131836,"['f823cf28652987d43c8324b4f5b203240032383a', 'c8e0ae8612df3d6f2831acc004aaac332f6105e4', '47ef9104e4a89e80d7cc6c1950bc080841da4a7b', 'e4a11fd5c34942ba12737f1c8c084489428ee274', 'c7b25726df94a2530c9b1c0d2b6a0acaa103822f']",0.8,0.8,0.8000000000000002,False,0.2857142857142857,2048,False,5
"[""test"", ""ci"", ""refactor"", ""docs""]","[""refactor"", ""build"", ""ci"", ""docs"", ""test""]",0.9063425064086914,"['1db13ec43727aca872a0f3836e4023ed85db665e', '32b92cfa0b74a6c25990e32ac6aab12b8496794c', 'e96487ad7ce90b141219d9032fa2bed68d5dae6a', '6d405dfc1675dcad64a2dfac0c0cb0fb28381d21', 'e2e8ad25854bd1e7cdbc7f50b50bbd99e04ad47d']",1.0,0.8,0.888888888888889,False,0.1428571428571428,2048,False,5
"[""build"", ""ci"", ""refactor"", ""test""]","[""build"", ""test"", ""refactor"", ""ci"", ""fix""]",0.9816493988037108,"['37b1cbfd3d2c462ef4f2a131e4172c38dc8d9ddf', 'f411e58cd510f8a2b980b2f1932003a0c0e9f8f3', '1db13ec43727aca872a0f3836e4023ed85db665e', 'c5fa7b80438fbd74f4c341f0d3c9bd9e0f4910da', 'd129eaf9125a967ac86c6c7276bbae6b4d50af36']",1.0,0.8,0.888888888888889,False,0.1428571428571428,2048,False,5
"[""build"", ""ci"", ""docs"", ""refactor"", ""test""]","[""build"", ""docs"", ""ci"", ""test"", ""fix""]",0.981346607208252,"['c55591ba157298a9c5816693c102a89dfd058830', 'a52a585d74894b3b4eeb8c784fa089ff95cddad0', '6c9cb638cb4d1ecc42632fcf389c24898c5b3244', 'c7b25726df94a2530c9b1c0d2b6a0acaa103822f', 'bed78248c941d57ad4cc20a455147e186e97c7a1']",0.8,0.8,0.8000000000000002,False,0.2857142857142857,2048,False,5
"[""feat"", ""ci"", ""build"", ""test""]","[""fix"", ""ci"", ""feat"", ""build"", ""refactor""]",0.9412126541137696,"['9ef5c0d14193a9abb09b39856f58477d1f4b0d77', 'dbb537a26e388a8d7d17faf131abc30c2f7a84e6', '6ed56ce9ae743ba9a87e6c9643cc06b1de7b748d', 'e4a11fd5c34942ba12737f1c8c084489428ee274', '1db13ec43727aca872a0f3836e4023ed85db665e']",0.75,0.6,0.6666666666666665,False,0.4285714285714285,2048,False,5
"[""refactor"", ""ci"", ""test"", ""build""]","[""fix"", ""build"", ""refactor"", ""feat"", ""test""]",0.9280679225921632,"['bed78248c941d57ad4cc20a455147e186e97c7a1', 'e4a11fd5c34942ba12737f1c8c084489428ee274', '062daa45cbd5dba6e96e95d8cdcaee89ae30a83c', 'f823cf28652987d43c8324b4f5b203240032383a', 'c7b25726df94a2530c9b1c0d2b6a0acaa103822f']",0.75,0.6,0.6666666666666665,False,0.4285714285714285,2048,False,5
"[""feat"", ""test"", ""refactor"", ""ci"", ""build""]","[""fix"", ""test"", ""feat"", ""docs"", ""build""]",1.0114879608154297,"['87d5d4e55ab7149b593d29410f1fe426ba2447d4', 'bedc7950b24c37809e36a585b7985d5aa5e3e458', 'ded26d768ff432ad3bde3c0aa1e95ce50726100a', 'a52a585d74894b3b4eeb8c784fa089ff95cddad0', 'c323d59c607cabc91f17a78528d998f376f30b10']",0.6,0.6,0.6,False,0.5714285714285714,2048,False,5
"[""build"", ""ci"", ""feat"", ""refactor"", ""test""]","[""test"", ""docs"", ""feat"", ""build"", ""fix""]",1.088470697402954,"['8ee0611fbf0cd89abe7ae588f22e6ecb843598ea', 'c2ee5cd5e709afd15c5565ee009a0d204403a119', 'fd8e563cc19ca4684885d4692acee6bebcca4ada', '1269431c8a3e7549f10fcbbb4b88ff625c8898b3', '06e2be4e2019b6fa714e1fcb34485860ef1ede79']",0.6,0.6,0.6,False,0.5714285714285714,2048,False,5
"[""feat"", ""docs"", ""build"", ""test"", ""refactor""]","[""docs"", ""feat"", ""build"", ""refactor"", ""test""]",1.0849292278289795,"['a52a585d74894b3b4eeb8c784fa089ff95cddad0', 'f9a094918b62534614c47aa8a13f33aec751a1e0', '1269431c8a3e7549f10fcbbb4b88ff625c8898b3', '535708ae50aecb452560a23356fd396f99ef13a2', 'e0198f74b81da3663144cfe1d971939319f82a0f']",1.0,1.0,1.0,True,0.0,2048,False,5
"[""feat"", ""refactor"", ""test"", ""ci"", ""build""]","[""fix"", ""feat"", ""test"", ""refactor"", ""build""]",1.007603406906128,"['d129eaf9125a967ac86c6c7276bbae6b4d50af36', '68278b00450f2679761a2999500f6d87a579376b', 'e2e8ad25854bd1e7cdbc7f50b50bbd99e04ad47d', '771857b1df9470ebc15357e8879118a72c649d5b', 'f00a4d3e307b89842250358ee432e6800bb24362']",0.8,0.8,0.8000000000000002,False,0.2857142857142857,2048,False,5
"[""ci"", ""build"", ""test"", ""refactor"", ""feat"", ""docs""]","[""fix"", ""build"", ""refactor"", ""test"", ""docs""]",1.1034369468688965,"['933ab6bb86372913c992567cf9660009900911a7', '37b1cbfd3d2c462ef4f2a131e4172c38dc8d9ddf', '1db13ec43727aca872a0f3836e4023ed85db665e', 'c7b25726df94a2530c9b1c0d2b6a0acaa103822f', 'e12d9e77a6fd531a22325337838a841b1c67f00d']",0.6666666666666666,0.8,0.7272727272727272,False,0.4285714285714285,2048,False,5
"[""refactor"", ""ci"", ""docs"", ""build""]","[""fix"", ""ci"", ""docs"", ""build"", ""feat""]",0.9049298763275146,"['06e2be4e2019b6fa714e1fcb34485860ef1ede79', '4cbbd2552ba0de273e1dfe7d453c5b3efed751a3', 'cb1f48b56ae0de93acb72e48726c7d610a1d538e', 'c323d59c607cabc91f17a78528d998f376f30b10', 'f9a094918b62534614c47aa8a13f33aec751a1e0']",0.75,0.6,0.6666666666666665,False,0.4285714285714285,2048,False,5
"[""feat"", ""build"", ""refactor"", ""ci"", ""test"", ""docs""]","[""feat"", ""build"", ""refactor"", ""docs"", ""fix""]",1.112898826599121,"['fd8e563cc19ca4684885d4692acee6bebcca4ada', 'f00a4d3e307b89842250358ee432e6800bb24362', '535708ae50aecb452560a23356fd396f99ef13a2', 'e12d9e77a6fd531a22325337838a841b1c67f00d', '9be725fa3906323d4bc9788f54eccf74109d632b']",0.6666666666666666,0.8,0.7272727272727272,False,0.4285714285714285,2048,False,5
"[""test"", ""ci"", ""refactor"", ""docs""]","[""test"", ""docs"", ""refactor"", ""ci"", ""feat""]",0.8800573348999023,"['229b53a632ea97d47c4be11f096bdd828fb415d8', 'bf83c9155e9bee6925aa7102fab53fb803d52533', '062daa45cbd5dba6e96e95d8cdcaee89ae30a83c', '32845e1bbd1efb5dbc16f671049509a409ba25ce', 'dc5238b2bda98a7c4f2fe9584fc3b0191a408109']",1.0,0.8,0.888888888888889,False,0.1428571428571428,2048,False,5
"[""build"", ""test"", ""refactor""]","[""build"", ""docs"", ""fix"", ""test"", ""refactor""]",0.8763504028320312,"['454003841aabeb74396d73541378bfa59c75b5db', 'e12d9e77a6fd531a22325337838a841b1c67f00d', 'bed78248c941d57ad4cc20a455147e186e97c7a1', 'f411e58cd510f8a2b980b2f1932003a0c0e9f8f3', '062daa45cbd5dba6e96e95d8cdcaee89ae30a83c']",1.0,0.6,0.7499999999999999,False,0.2857142857142857,2048,False,5
"[""build"", ""ci"", ""refactor"", ""test""]","[""build"", ""ci"", ""docs"", ""test"", ""refactor""]",0.9125609397888184,"['5b81fde8a72cf2e69a10e9f5c4f0bea0a2b8c3e0', '74e9de5ec97dc013a52aa063dff0f40ac74c407b', 'a52a585d74894b3b4eeb8c784fa089ff95cddad0', 'e0198f74b81da3663144cfe1d971939319f82a0f', '062daa45cbd5dba6e96e95d8cdcaee89ae30a83c']",1.0,0.8,0.888888888888889,False,0.1428571428571428,2048,False,5
"[""feat"", ""docs"", ""ci"", ""refactor"", ""build""]","[""build"", ""ci"", ""docs"", ""refactor"", ""fix""]",0.9543180465698242,"['32b92cfa0b74a6c25990e32ac6aab12b8496794c', '6c9cb638cb4d1ecc42632fcf389c24898c5b3244', 'aca23027da1295c78fdf42ba9687d8ccc88784d7', '47ef9104e4a89e80d7cc6c1950bc080841da4a7b', '2561f4ade46fc9d59f289f328cc77733a6443697']",0.8,0.8,0.8000000000000002,False,0.2857142857142857,2048,False,5
"[""test"", ""docs"", ""build"", ""ci"", ""refactor"", ""feat"", ""fix""]","[""test"", ""docs"", ""fix"", ""feat"", ""build""]",1.3027198314666748,"['e0198f74b81da3663144cfe1d971939319f82a0f', 'c2ee5cd5e709afd15c5565ee009a0d204403a119', '9ef5c0d14193a9abb09b39856f58477d1f4b0d77', 'f823cf28652987d43c8324b4f5b203240032383a', 'c44cf88a6ec54e5ddd99d8348bcc57b301ec7945']",0.7142857142857143,1.0,0.8333333333333333,False,0.2857142857142857,2048,False,5
"[""refactor"", ""ci"", ""test"", ""build"", ""docs""]","[""refactor"", ""ci"", ""test"", ""build"", ""feat""]",1.142498254776001,"['3cca5c314ad6feeffbfe1f14cf49ebd0fd9a95a2', '32845e1bbd1efb5dbc16f671049509a409ba25ce', 'e9617f0854030e70365eb264bcb3b58078e79e9e', '454003841aabeb74396d73541378bfa59c75b5db', 'fd8e563cc19ca4684885d4692acee6bebcca4ada']",0.8,0.8,0.8000000000000002,False,0.2857142857142857,2048,False,5
"[""feat"", ""refactor"", ""ci"", ""build"", ""test"", ""docs""]","[""refactor"", ""feat"", ""build"", ""fix"", ""test""]",1.1863126754760742,"['062daa45cbd5dba6e96e95d8cdcaee89ae30a83c', 'f823cf28652987d43c8324b4f5b203240032383a', 'c44cf88a6ec54e5ddd99d8348bcc57b301ec7945', '933ab6bb86372913c992567cf9660009900911a7', '8ee0611fbf0cd89abe7ae588f22e6ecb843598ea']",0.6666666666666666,0.8,0.7272727272727272,False,0.4285714285714285,2048,False,5
"[""ci"", ""feat"", ""refactor"", ""test""]","[""refactor"", ""test"", ""docs"", ""feat"", ""ci""]",0.915684700012207,"['36556bf8e0bce4ab6d26eafacbdad04d9614a5d7', '317f4eefecddfb1392ca71d551840f446feee302', '036a0ff49a7dade0e04c9c07071a1ff49133ee24', 'e137f9fdbdb6bf3f85c3f7ac9323785e445844c8', 'e7a67d88173566be3cd3aed7e9eeb7e29aabbc57']",1.0,0.8,0.888888888888889,False,0.1428571428571428,2048,False,5
"[""test"", ""ci"", ""refactor"", ""docs"", ""build""]","[""test"", ""ci"", ""refactor"", ""feat"", ""fix""]",1.0954251289367676,"['e0198f74b81da3663144cfe1d971939319f82a0f', '173553c0372e66e03bdab19e0e6c2dd44daa14a0', '062daa45cbd5dba6e96e95d8cdcaee89ae30a83c', 'f823cf28652987d43c8324b4f5b203240032383a', 'bed78248c941d57ad4cc20a455147e186e97c7a1']",0.6,0.6,0.6,False,0.5714285714285714,2048,False,5
"[""ci"", ""feat"", ""refactor"", ""test"", ""build""]","[""ci"", ""refactor"", ""docs"", ""fix"", ""feat""]",1.0417490005493164,"['32845e1bbd1efb5dbc16f671049509a409ba25ce', '63eab619e6166eb6cab948028a7b89bf059dd878', 'af880ac5b4fecbc6c4f3d1eee0d95f326e8bd9d1', '9be725fa3906323d4bc9788f54eccf74109d632b', 'fd8e563cc19ca4684885d4692acee6bebcca4ada']",0.6,0.6,0.6,False,0.5714285714285714,2048,False,5
"[""docs"", ""test"", ""build""]","[""docs"", ""refactor"", ""fix"", ""test"", ""build""]",0.8231234550476074,"['bf83c9155e9bee6925aa7102fab53fb803d52533', '3cca5c314ad6feeffbfe1f14cf49ebd0fd9a95a2', '2561f4ade46fc9d59f289f328cc77733a6443697', '317f4eefecddfb1392ca71d551840f446feee302', '454003841aabeb74396d73541378bfa59c75b5db']",1.0,0.6,0.7499999999999999,False,0.2857142857142857,2048,False,5
"[""test"", ""ci"", ""refactor"", ""docs"", ""build""]","[""test"", ""ci"", ""fix"", ""docs"", ""refactor""]",1.0895206928253174,"['317f4eefecddfb1392ca71d551840f446feee302', '32845e1bbd1efb5dbc16f671049509a409ba25ce', 'c8e0ae8612df3d6f2831acc004aaac332f6105e4', '6d405dfc1675dcad64a2dfac0c0cb0fb28381d21', '062daa45cbd5dba6e96e95d8cdcaee89ae30a83c']",0.8,0.8,0.8000000000000002,False,0.2857142857142857,2048,False,5
"[""build"", ""ci"", ""docs"", ""test"", ""refactor"", ""fix""]","[""build"", ""ci"", ""test"", ""docs"", ""feat""]",1.1052815914154053,"['c55591ba157298a9c5816693c102a89dfd058830', 'dbb537a26e388a8d7d17faf131abc30c2f7a84e6', 'e0198f74b81da3663144cfe1d971939319f82a0f', '0cfc5633d37ea06f645649138323f1820e18bdee', 'dc5238b2bda98a7c4f2fe9584fc3b0191a408109']",0.6666666666666666,0.8,0.7272727272727272,False,0.4285714285714285,2048,False,5
"[""feat"", ""refactor"", ""test"", ""ci""]","[""refactor"", ""feat"", ""test"", ""fix"", ""ci""]",0.8797624111175537,"['535708ae50aecb452560a23356fd396f99ef13a2', 'dc5238b2bda98a7c4f2fe9584fc3b0191a408109', 'e2e8ad25854bd1e7cdbc7f50b50bbd99e04ad47d', '2561f4ade46fc9d59f289f328cc77733a6443697', 'c5fa7b80438fbd74f4c341f0d3c9bd9e0f4910da']",1.0,0.8,0.888888888888889,False,0.1428571428571428,2048,False,5
"[""ci"", ""refactor"", ""test""]","[""ci"", ""docs"", ""refactor"", ""build"", ""test""]",0.7941961288452148,"['c5fa7b80438fbd74f4c341f0d3c9bd9e0f4910da', 'af880ac5b4fecbc6c4f3d1eee0d95f326e8bd9d1', '47ef9104e4a89e80d7cc6c1950bc080841da4a7b', '37b1cbfd3d2c462ef4f2a131e4172c38dc8d9ddf', 'c7b25726df94a2530c9b1c0d2b6a0acaa103822f']",1.0,0.6,0.7499999999999999,False,0.2857142857142857,2048,False,5
"[""build"", ""docs"", ""refactor""]","[""build"", ""docs"", ""refactor"", ""test"", ""feat""]",0.9276974201202391,"['454003841aabeb74396d73541378bfa59c75b5db', 'aca23027da1295c78fdf42ba9687d8ccc88784d7', '771857b1df9470ebc15357e8879118a72c649d5b', 'bedc7950b24c37809e36a585b7985d5aa5e3e458', 'e137f9fdbdb6bf3f85c3f7ac9323785e445844c8']",1.0,0.6,0.7499999999999999,False,0.2857142857142857,2048,False,5
"[""ci"", ""docs"", ""test"", ""refactor""]","[""ci"", ""feat"", ""fix"", ""docs"", ""test""]",0.9535374641418456,"['74e9de5ec97dc013a52aa063dff0f40ac74c407b', 'ded26d768ff432ad3bde3c0aa1e95ce50726100a', '9be725fa3906323d4bc9788f54eccf74109d632b', 'a52a585d74894b3b4eeb8c784fa089ff95cddad0', 'e9617f0854030e70365eb264bcb3b58078e79e9e']",0.75,0.6,0.6666666666666665,False,0.4285714285714285,2048,False,5
"[""feat"", ""test"", ""refactor"", ""ci"", ""build""]","[""feat"", ""build"", ""test"", ""docs"", ""fix""]",1.031076192855835,"['f9a094918b62534614c47aa8a13f33aec751a1e0', 'e4a11fd5c34942ba12737f1c8c084489428ee274', '229b53a632ea97d47c4be11f096bdd828fb415d8', '036a0ff49a7dade0e04c9c07071a1ff49133ee24', '2561f4ade46fc9d59f289f328cc77733a6443697']",0.6,0.6,0.6,False,0.5714285714285714,2048,False,5
"[""build"", ""ci"", ""docs"", ""test""]","[""build"", ""docs"", ""test"", ""fix"", ""ci""]",0.9607160091400146,"['e4a11fd5c34942ba12737f1c8c084489428ee274', 'aca23027da1295c78fdf42ba9687d8ccc88784d7', 'e9617f0854030e70365eb264bcb3b58078e79e9e', '9ef5c0d14193a9abb09b39856f58477d1f4b0d77', '4cbbd2552ba0de273e1dfe7d453c5b3efed751a3']",1.0,0.8,0.888888888888889,False,0.1428571428571428,2048,False,5
"[""feat"", ""refactor"", ""ci"", ""build"", ""test""]","[""feat"", ""fix"", ""ci"", ""docs"", ""test""]",1.0739853382110596,"['f9a094918b62534614c47aa8a13f33aec751a1e0', '2561f4ade46fc9d59f289f328cc77733a6443697', '45837af24a33308a70a3454f0f650f9fe728e272', '036a0ff49a7dade0e04c9c07071a1ff49133ee24', 'b7ce2894fd1794064bd6db4ed730bb6cb7728739']",0.6,0.6,0.6,False,0.5714285714285714,2048,False,5
"[""feat"", ""refactor"", ""ci"", ""build"", ""test"", ""docs""]","[""feat"", ""refactor"", ""build"", ""fix"", ""docs""]",1.1626501083374023,"['ded26d768ff432ad3bde3c0aa1e95ce50726100a', '062daa45cbd5dba6e96e95d8cdcaee89ae30a83c', '37b1cbfd3d2c462ef4f2a131e4172c38dc8d9ddf', '933ab6bb86372913c992567cf9660009900911a7', '036a0ff49a7dade0e04c9c07071a1ff49133ee24']",0.6666666666666666,0.8,0.7272727272727272,False,0.4285714285714285,2048,False,5
"[""test"", ""build"", ""refactor"", ""ci"", ""feat"", ""fix""]","[""test"", ""build"", ""feat"", ""fix"", ""docs""]",1.1106610298156738,"['f411e58cd510f8a2b980b2f1932003a0c0e9f8f3', 'c44cf88a6ec54e5ddd99d8348bcc57b301ec7945', '1bcf88670b50155b50071e707f98f30cea0b7a24', '9be725fa3906323d4bc9788f54eccf74109d632b', 'a52a585d74894b3b4eeb8c784fa089ff95cddad0']",0.6666666666666666,0.8,0.7272727272727272,False,0.4285714285714285,2048,False,5
"[""refactor"", ""test"", ""ci"", ""build"", ""feat""]","[""fix"", ""feat"", ""test"", ""ci"", ""docs""]",0.9726495742797852,"['933ab6bb86372913c992567cf9660009900911a7', '6ed56ce9ae743ba9a87e6c9643cc06b1de7b748d', 'e2e8ad25854bd1e7cdbc7f50b50bbd99e04ad47d', 'e96487ad7ce90b141219d9032fa2bed68d5dae6a', '036a0ff49a7dade0e04c9c07071a1ff49133ee24']",0.6,0.6,0.6,False,0.5714285714285714,2048,False,5
"[""test"", ""ci"", ""build""]","[""test"", ""refactor"", ""ci"", ""build"", ""fix""]",0.8481266498565674,"['e0198f74b81da3663144cfe1d971939319f82a0f', '3cca5c314ad6feeffbfe1f14cf49ebd0fd9a95a2', '45837af24a33308a70a3454f0f650f9fe728e272', '5b81fde8a72cf2e69a10e9f5c4f0bea0a2b8c3e0', '9ef5c0d14193a9abb09b39856f58477d1f4b0d77']",1.0,0.6,0.7499999999999999,False,0.2857142857142857,2048,False,5
"[""build"", ""ci"", ""feat"", ""refactor"", ""test""]","[""build"", ""feat"", ""refactor"", ""ci"", ""test""]",1.0333187580108645,"['c55591ba157298a9c5816693c102a89dfd058830', '1bcf88670b50155b50071e707f98f30cea0b7a24', '1db13ec43727aca872a0f3836e4023ed85db665e', 'dbb537a26e388a8d7d17faf131abc30c2f7a84e6', 'e2e8ad25854bd1e7cdbc7f50b50bbd99e04ad47d']",1.0,1.0,1.0,True,0.0,2048,False,5
"[""feat"", ""refactor"", ""docs"", ""test"", ""ci"", ""build""]","[""feat"", ""refactor"", ""test"", ""ci"", ""build""]",1.1913700103759766,"['e137f9fdbdb6bf3f85c3f7ac9323785e445844c8', 'a62314d9bb632be6af026686615d14b912250512', 'b7ce2894fd1794064bd6db4ed730bb6cb7728739', '45837af24a33308a70a3454f0f650f9fe728e272', '454003841aabeb74396d73541378bfa59c75b5db']",0.8333333333333334,1.0,0.9090909090909092,False,0.1428571428571428,2048,False,5
"[""test"", ""refactor"", ""build"", ""docs""]","[""test"", ""fix"", ""build"", ""refactor"", ""docs""]",0.9440126419067384,"['317f4eefecddfb1392ca71d551840f446feee302', '06e2be4e2019b6fa714e1fcb34485860ef1ede79', '32b92cfa0b74a6c25990e32ac6aab12b8496794c', '535708ae50aecb452560a23356fd396f99ef13a2', 'aca23027da1295c78fdf42ba9687d8ccc88784d7']",1.0,0.8,0.888888888888889,False,0.1428571428571428,2048,False,5
"[""ci"", ""build"", ""test"", ""docs"", ""refactor"", ""feat""]","[""ci"", ""feat"", ""build"", ""fix"", ""test""]",1.1641290187835691,"['173553c0372e66e03bdab19e0e6c2dd44daa14a0', '6ed56ce9ae743ba9a87e6c9643cc06b1de7b748d', '32b92cfa0b74a6c25990e32ac6aab12b8496794c', '933ab6bb86372913c992567cf9660009900911a7', 'e9617f0854030e70365eb264bcb3b58078e79e9e']",0.6666666666666666,0.8,0.7272727272727272,False,0.4285714285714285,2048,False,5
"[""ci"", ""test"", ""build""]","[""ci"", ""test"", ""fix"", ""feat"", ""build""]",0.7530853748321533,"['dbb537a26e388a8d7d17faf131abc30c2f7a84e6', 'e2e8ad25854bd1e7cdbc7f50b50bbd99e04ad47d', '933ab6bb86372913c992567cf9660009900911a7', 'b282e90e2cbb74559aab79eee8443a4d7c85502a', 'c55591ba157298a9c5816693c102a89dfd058830']",1.0,0.6,0.7499999999999999,False,0.2857142857142857,2048,False,5
"[""test"", ""ci"", ""refactor"", ""build""]","[""test"", ""build"", ""feat"", ""fix"", ""ci""]",0.9898967742919922,"['317f4eefecddfb1392ca71d551840f446feee302', 'e4a11fd5c34942ba12737f1c8c084489428ee274', 'ded26d768ff432ad3bde3c0aa1e95ce50726100a', 'd129eaf9125a967ac86c6c7276bbae6b4d50af36', '173553c0372e66e03bdab19e0e6c2dd44daa14a0']",0.75,0.6,0.6666666666666665,False,0.4285714285714285,2048,False,5
"[""test"", ""ci"", ""refactor"", ""docs""]","[""test"", ""build"", ""refactor"", ""docs"", ""feat""]",0.8985738754272461,"['bedc7950b24c37809e36a585b7985d5aa5e3e458', '5b81fde8a72cf2e69a10e9f5c4f0bea0a2b8c3e0', '47ef9104e4a89e80d7cc6c1950bc080841da4a7b', 'aca23027da1295c78fdf42ba9687d8ccc88784d7', 'f823cf28652987d43c8324b4f5b203240032383a']",0.75,0.6,0.6666666666666665,False,0.4285714285714285,2048,False,5
"[""build"", ""ci"", ""refactor"", ""docs""]","[""build"", ""ci"", ""feat"", ""docs"", ""fix""]",0.8934659957885742,"['5b81fde8a72cf2e69a10e9f5c4f0bea0a2b8c3e0', 'c5fa7b80438fbd74f4c341f0d3c9bd9e0f4910da', '68278b00450f2679761a2999500f6d87a579376b', 'a52a585d74894b3b4eeb8c784fa089ff95cddad0', '06e2be4e2019b6fa714e1fcb34485860ef1ede79']",0.75,0.6,0.6666666666666665,False,0.4285714285714285,2048,False,5
"[""test"", ""ci"", ""refactor""]","[""test"", ""build"", ""refactor"", ""fix"", ""ci""]",0.8386869430541992,"['e0198f74b81da3663144cfe1d971939319f82a0f', '5b81fde8a72cf2e69a10e9f5c4f0bea0a2b8c3e0', '3cca5c314ad6feeffbfe1f14cf49ebd0fd9a95a2', '87d5d4e55ab7149b593d29410f1fe426ba2447d4', '74e9de5ec97dc013a52aa063dff0f40ac74c407b']",1.0,0.6,0.7499999999999999,False,0.2857142857142857,2048,False,5
"[""feat"", ""test"", ""ci"", ""build"", ""refactor"", ""docs""]","[""feat"", ""build"", ""fix"", ""ci"", ""test""]",1.159276008605957,"['6ed56ce9ae743ba9a87e6c9643cc06b1de7b748d', 'c323d59c607cabc91f17a78528d998f376f30b10', '87d5d4e55ab7149b593d29410f1fe426ba2447d4', 'c5fa7b80438fbd74f4c341f0d3c9bd9e0f4910da', 'e9617f0854030e70365eb264bcb3b58078e79e9e']",0.6666666666666666,0.8,0.7272727272727272,False,0.4285714285714285,2048,False,5
"[""build"", ""ci"", ""refactor"", ""test""]","[""build"", ""test"", ""refactor"", ""feat"", ""ci""]",0.9083569049835204,"['5b81fde8a72cf2e69a10e9f5c4f0bea0a2b8c3e0', 'e9617f0854030e70365eb264bcb3b58078e79e9e', '2954a0955ce9af6acb345ed1e8328e145ad30475', '68278b00450f2679761a2999500f6d87a579376b', 'e96487ad7ce90b141219d9032fa2bed68d5dae6a']",1.0,0.8,0.888888888888889,False,0.1428571428571428,2048,False,5
"[""ci"", ""feat"", ""refactor""]","[""ci"", ""refactor"", ""docs"", ""feat"", ""fix""]",0.8005514144897461,"['4cbbd2552ba0de273e1dfe7d453c5b3efed751a3', '535708ae50aecb452560a23356fd396f99ef13a2', 'e12d9e77a6fd531a22325337838a841b1c67f00d', 'fd8e563cc19ca4684885d4692acee6bebcca4ada', '9be725fa3906323d4bc9788f54eccf74109d632b']",1.0,0.6,0.7499999999999999,False,0.2857142857142857,2048,False,5
"[""ci"", ""refactor"", ""docs""]","[""ci"", ""fix"", ""feat"", ""docs"", ""refactor""]",0.8446569442749023,"['c5fa7b80438fbd74f4c341f0d3c9bd9e0f4910da', 'bed78248c941d57ad4cc20a455147e186e97c7a1', 'b282e90e2cbb74559aab79eee8443a4d7c85502a', 'bf83c9155e9bee6925aa7102fab53fb803d52533', '771857b1df9470ebc15357e8879118a72c649d5b']",1.0,0.6,0.7499999999999999,False,0.2857142857142857,2048,False,5
