predicted_types,actual_types,inference_time,shas,precision,recall,f1,exact_match,hamming_loss,context_len,with_message,concern_count
"[""fix"", ""test""]","[""test""]",10.246638451237231,"[""7c48976f943e1e9b5850967b6f2963a205476ded""]",0.5,1.0,0.6666666666666666,False,0.14285714285714285,12288,False,1
"[""feat"", ""test""]","[""refactor""]",1.2897148849442601,"[""5748ff57ebafe94c4979eafa790d9a84812ca440""]",0.0,0.0,0.0,False,0.42857142857142855,12288,False,1
"[""docs""]","[""docs""]",0.7433590730652213,"[""be8dd55c2179a1743ddbda56b5e88a1a89c92bcc""]",1.0,1.0,1.0,True,0.0,12288,False,1
"[""feat""]","[""feat""]",0.7409566380083561,"[""15b8e4bc9349ce017f65e10b95cae48b0aa11828""]",1.0,1.0,1.0,True,0.0,12288,False,1
"[""build""]","[""build""]",0.74444445874542,"[""37b1cbfd3d2c462ef4f2a131e4172c38dc8d9ddf""]",1.0,1.0,1.0,True,0.0,12288,False,1
"[""ci""]","[""ci""]",0.7287220880389214,"[""8d2e23bde626eaed6e5b13384cc7ac38bab5ea66""]",1.0,1.0,1.0,True,0.0,12288,False,1
"[""fix"", ""test""]","[""fix""]",1.222832527011633,"[""44ac09d356fa02bdbb840638846f7a7500700d23""]",0.5,1.0,0.6666666666666666,False,0.14285714285714285,12288,False,1
"[""ci"", ""build""]","[""ci""]",0.8741313619539142,"[""be44bbdeb52c6025e81c99528ed7b0d932c5be18""]",0.5,1.0,0.6666666666666666,False,0.14285714285714285,12288,False,1
"[""build""]","[""build""]",0.7235063910484314,"[""b7e38fb62aa6e8a30d72dec063b1adccd089d0aa""]",1.0,1.0,1.0,True,0.0,12288,False,1
"[""fix"", ""build""]","[""refactor""]",2.3548933677375317,"[""3e0e30ecebaf23f0c36fa4811426f8f4e0057cfe""]",0.0,0.0,0.0,False,0.42857142857142855,12288,False,1
"[""feat"", ""test""]","[""feat""]",2.0545751457102597,"[""293f301a4bb248799c467d1fef413ed3909f47a4""]",0.5,1.0,0.6666666666666666,False,0.14285714285714285,12288,False,1
"[""test""]","[""test""]",0.7932941718026996,"[""6c7398993bc567ec84e4573b6ededbf50b1ef606""]",1.0,1.0,1.0,True,0.0,12288,False,1
"[""docs""]","[""docs""]",0.5186390271410346,"[""036a0ff49a7dade0e04c9c07071a1ff49133ee24""]",1.0,1.0,1.0,True,0.0,12288,False,1
"[""refactor""]","[""fix""]",0.7516944641247392,"[""73b8948ea1d49e05ae8c63b17926eda4cb04e9bb""]",0.0,0.0,0.0,False,0.2857142857142857,12288,False,1
"[""refactor"", ""build""]","[""fix""]",0.7305265623144805,"[""ccd1946a375e2ac10c3c591b04a435c4bc5170c2""]",0.0,0.0,0.0,False,0.42857142857142855,12288,False,1
"[""feat""]","[""feat""]",2.1940315100364387,"[""542f0cad5337de15428f0b6567ce4efd20a19a48""]",1.0,1.0,1.0,True,0.0,12288,False,1
"[""build""]","[""build""]",0.8458508918993175,"[""4ab28fc2e63e975a0c77e18ae644f34fa5f8771a""]",1.0,1.0,1.0,True,0.0,12288,False,1
"[""ci"", ""build"", ""refactor""]","[""ci""]",0.8675772701390088,"[""b7b9c23698e7238eda26a1135018625181badd82""]",0.3333333333333333,1.0,0.5,False,0.2857142857142857,12288,False,1
"[""refactor""]","[""refactor""]",0.7730005430057645,"[""190aef43fd30e693af822c176f9b686591568719""]",1.0,1.0,1.0,True,0.0,12288,False,1
"[""test""]","[""test""]",0.6991937011480331,"[""960af3a1c31fe2b5ab32e580089f67c9da816fcc""]",1.0,1.0,1.0,True,0.0,12288,False,1
"[""docs""]","[""docs""]",0.6972339260391891,"[""527e0abd0f88cb3ae2dc1a6ec7a62c241250444d""]",1.0,1.0,1.0,True,0.0,12288,False,1
"[""docs""]","[""docs""]",0.8022333257831633,"[""ee7cc5d5a940fba774e715b1f029c6361110b108""]",1.0,1.0,1.0,True,0.0,12288,False,1
"[""feat"", ""docs"", ""test""]","[""feat""]",2.7352501819841564,"[""8a954673531d6935f5517535b9068639ed5cff0d""]",0.3333333333333333,1.0,0.5,False,0.2857142857142857,12288,False,1
"[""refactor""]","[""refactor""]",0.9287370196543634,"[""0e4ede620dd9a2cdc13ab9cc6da05577b39fddb8""]",1.0,1.0,1.0,True,0.0,12288,False,1
"[""build""]","[""build""]",0.8264288501814008,"[""ecc481f9f501aa34b41e06e7bbdde6e79f8ca1bb""]",1.0,1.0,1.0,True,0.0,12288,False,1
"[""build""]","[""ci""]",0.6782942567951977,"[""bda1822851d9be04f0d39f2213d1e2066eb115c8""]",0.0,0.0,0.0,False,0.2857142857142857,12288,False,1
"[""test""]","[""test""]",0.6500913901254535,"[""7df6b872b9c820a35572b926d2496460a4c8b24a""]",1.0,1.0,1.0,True,0.0,12288,False,1
"[""fix""]","[""fix""]",0.7024707579985261,"[""c4d9e5023fa0f88ba283b37da27677ceda1cbfbb""]",1.0,1.0,1.0,True,0.0,12288,False,1
"[""fix"", ""test""]","[""fix""]",1.6493371757678688,"[""0d43299ccee2b2e018fae24896c45d8d8be66bc6""]",0.5,1.0,0.6666666666666666,False,0.14285714285714285,12288,False,1
"[""test""]","[""test""]",3.6711371331475675,"[""90a48c74f6faa0829d3809f739a42c0133e63ae0""]",1.0,1.0,1.0,True,0.0,12288,False,1
"[""refactor""]","[""refactor""]",0.7826010310091078,"[""e8a8edadc5c25d6410462b89a48e0602e0cbbc7f""]",1.0,1.0,1.0,True,0.0,12288,False,1
"[""docs""]","[""docs""]",0.6158678228966892,"[""9849430b11b92ae58d94cfe4d0b06313c7eab550""]",1.0,1.0,1.0,True,0.0,12288,False,1
"[""build""]","[""build""]",0.80925881722942,"[""45bbdaba1490a3216decb2c1a88b8f7041a3d505""]",1.0,1.0,1.0,True,0.0,12288,False,1
"[""feat""]","[""feat""]",0.7430676850490272,"[""1ae8bf1195b197daa80ba6e45360f8b894364cd4""]",1.0,1.0,1.0,True,0.0,12288,False,1
"[""ci""]","[""ci""]",0.764003184158355,"[""976c34b6fdc32a7f3337f98e67a7c9e4ee9e793e""]",1.0,1.0,1.0,True,0.0,12288,False,1
"[""refactor"", ""test""]","[""refactor""]",0.993504922837019,"[""1c8ff5cf2feb3ce0b7d0fbfc43be8d20f5b73287""]",0.5,1.0,0.6666666666666666,False,0.14285714285714285,12288,False,1
"[""ci""]","[""docs""]",0.6247470718808472,"[""e50a61d63755a4a955c2a6535a865773e2ac01d5""]",0.0,0.0,0.0,False,0.2857142857142857,12288,False,1
"[""refactor""]","[""test""]",0.6072070449590683,"[""076b9f5efc109b481074a81957e24ce9f4a69f08""]",0.0,0.0,0.0,False,0.2857142857142857,12288,False,1
"[""build""]","[""build""]",1.274510309100151,"[""b2415c4d3de7b5d6da47668a3de630c07b30b300""]",1.0,1.0,1.0,True,0.0,12288,False,1
"[""refactor""]","[""fix""]",0.9445085236802697,"[""a81bbb83d64867f08c4d1be10919ef6806a1bf51""]",0.0,0.0,0.0,False,0.2857142857142857,12288,False,1
"[""feat"", ""test""]","[""feat""]",1.2765951179899275,"[""3730075261bc81df68f9d10f12a2d6bbffd8493c""]",0.5,1.0,0.6666666666666666,False,0.14285714285714285,12288,False,1
"[""ci"", ""build""]","[""ci""]",0.9536292692646384,"[""db55dae208e4807898e6c747cefdf9bfcb4fd08c""]",0.5,1.0,0.6666666666666666,False,0.14285714285714285,12288,False,1
"[""docs""]","[""docs""]",1.1373779829591513,"[""dfab97842fe78fb8f217a5185fb6ec92682a53ca""]",1.0,1.0,1.0,True,0.0,12288,False,1
"[""feat""]","[""feat""]",1.0712175853550434,"[""73211952964a79d97b434dd567e6d7d34be7feb5""]",1.0,1.0,1.0,True,0.0,12288,False,1
"[""test""]","[""refactor""]",0.740959201939404,"[""fba4326c72fc22d81aba6976a9fef1e4b6154fd9""]",0.0,0.0,0.0,False,0.2857142857142857,12288,False,1
"[""ci""]","[""ci""]",0.6819785838015378,"[""6f5b1103c0893d13b42f1f7c6504c9c339840be3""]",1.0,1.0,1.0,True,0.0,12288,False,1
"[""refactor""]","[""fix""]",0.7549511082470417,"[""2b1ad9d10fc5685ec75f362a73229569f03344ca""]",0.0,0.0,0.0,False,0.2857142857142857,12288,False,1
"[""build"", ""test""]","[""test""]",1.1230472214519978,"[""cd2bfb9b2298e8cd91013808547b35a9c40f46f1""]",0.5,1.0,0.6666666666666666,False,0.14285714285714285,12288,False,1
"[""build""]","[""build""]",0.895859875716269,"[""607ecc92b5f8c084304e406eec725b7dcfa0a562""]",1.0,1.0,1.0,True,0.0,12288,False,1
"[""refactor""]","[""refactor""]",0.8138981321826577,"[""b98a8fed0b67b99ef4f8373aea904f847315e468""]",1.0,1.0,1.0,True,0.0,12288,False,1
"[""docs""]","[""docs""]",0.7455081511288881,"[""144388439d64e049cbed4e37659e819856d6987f""]",1.0,1.0,1.0,True,0.0,12288,False,1
"[""ci""]","[""build""]",0.6269050370901823,"[""88129ee45b1d49bc4ff887f3b488464cc7097e29""]",0.0,0.0,0.0,False,0.2857142857142857,12288,False,1
"[""feat""]","[""feat""]",0.840966303832829,"[""5e09c9128f13c45d54df685b0a17dc8e3f7ff02c""]",1.0,1.0,1.0,True,0.0,12288,False,1
"[""test""]","[""test""]",0.7110226438380778,"[""e77f6751182595fe08940d67e11a90416c8dd6fd""]",1.0,1.0,1.0,True,0.0,12288,False,1
"[""ci"", ""build""]","[""ci""]",0.9784222319722176,"[""bb00890fa896936d0be09cc5e5f411fb5e64aa5f""]",0.5,1.0,0.6666666666666666,False,0.14285714285714285,12288,False,1
"[""fix""]","[""fix""]",0.7110433760099113,"[""c1d3b58fd20995b1b9ca4e6771e3fa375242b02d""]",1.0,1.0,1.0,True,0.0,12288,False,1
"[""fix""]","[""fix""]",0.686239271890372,"[""be2cbd9480fcbd60c3011ca57f1d761185cf52bd""]",1.0,1.0,1.0,True,0.0,12288,False,1
"[""refactor""]","[""refactor""]",0.7566709388047457,"[""8f1034b79f894b4b1112a4bc1903f37f22f7f5ed""]",1.0,1.0,1.0,True,0.0,12288,False,1
"[""docs""]","[""docs""]",0.823022585362196,"[""16124286236edf03a6199720ba1629a35e3fe1aa""]",1.0,1.0,1.0,True,0.0,12288,False,1
"[""test""]","[""test""]",0.6272748736664653,"[""cdbc37711fa9c64b2cfa767766ca55c95c1736f7""]",1.0,1.0,1.0,True,0.0,12288,False,1
"[""ci""]","[""ci""]",0.7241303431801498,"[""5ebfebf86e60aae2610eb0ed84d177d53cd75f9d""]",1.0,1.0,1.0,True,0.0,12288,False,1
"[""feat""]","[""feat""]",1.4149898448958993,"[""ded26d768ff432ad3bde3c0aa1e95ce50726100a""]",1.0,1.0,1.0,True,0.0,12288,False,1
"[""refactor""]","[""build""]",0.8035064022988081,"[""f46c6c6c26a14312aa05a77ff2a14aebd74e13ac""]",0.0,0.0,0.0,False,0.2857142857142857,12288,False,1
"[""feat""]","[""feat""]",0.9983898252248764,"[""bea32587586ca08f390c901a95e9b9c25263f4df""]",1.0,1.0,1.0,True,0.0,12288,False,1
"[""docs""]","[""docs""]",0.8445902159437537,"[""26994fb090d4ed0daf9b8ba960b4690fac08e340""]",1.0,1.0,1.0,True,0.0,12288,False,1
"[""feat"", ""fix"", ""refactor"", ""docs"", ""test"", ""ci"", ""build""]","[""fix""]",2.150136189069599,"[""80242b34468398e835e5b3fc5ac345dbae4bcc7e""]",0.14285714285714285,1.0,0.25,False,0.8571428571428571,12288,False,1
"[""build""]","[""refactor""]",0.7663572700694203,"[""f9447355b93d67961c4a6b04bde3e83a394458ab""]",0.0,0.0,0.0,False,0.2857142857142857,12288,False,1
"[""ci""]","[""ci""]",0.7836879319511354,"[""8fe29cdc76480adc79701e4c492ff1e87566f569""]",1.0,1.0,1.0,True,0.0,12288,False,1
"[""docs"", ""build""]","[""build""]",0.9010209748521447,"[""4542d9973a848a2bd4f9baf12992efe7d7a69f2c""]",0.5,1.0,0.6666666666666666,False,0.14285714285714285,12288,False,1
"[""test""]","[""test""]",0.6219908189959824,"[""e053bb5190b033d4edb35a0718d3c414ae366431""]",1.0,1.0,1.0,True,0.0,12288,False,1
"[""docs"", ""fix"", ""test""]","[""docs"", ""refactor""]",1.5619590259157121,"[""144388439d64e049cbed4e37659e819856d6987f"", ""5748ff57ebafe94c4979eafa790d9a84812ca440""]",0.3333333333333333,0.5,0.4,False,0.42857142857142855,12288,False,2
"[""docs"", ""build"", ""test""]","[""build"", ""test""]",1.1386517598293722,"[""4542d9973a848a2bd4f9baf12992efe7d7a69f2c"", ""1f663cbe4b4a9e7a0ae89c05f824335f2a0857fd""]",0.6666666666666666,1.0,0.8,False,0.14285714285714285,12288,False,2
"[""feat"", ""fix"", ""test"", ""docs""]","[""feat"", ""fix""]",2.4573264801874757,"[""6f0cf049caa1a7982669ee685e86621452686551"", ""238ba1990ea68eb64bdfc6b31efebad2acb01ad6""]",0.5,1.0,0.6666666666666666,False,0.2857142857142857,12288,False,2
"[""ci"", ""docs""]","[""ci"", ""docs""]",2.565445168875158,"[""6f5b1103c0893d13b42f1f7c6504c9c339840be3"", ""01e1e33f377934099a4a725fab5cd6c5ff50eaa2""]",1.0,1.0,1.0,True,0.0,12288,False,2
"[""feat"", ""ci""]","[""ci"", ""feat""]",1.1714429389685392,"[""6f5b1103c0893d13b42f1f7c6504c9c339840be3"", ""73211952964a79d97b434dd567e6d7d34be7feb5""]",1.0,1.0,1.0,True,0.0,12288,False,2
"[""build"", ""test""]","[""build"", ""refactor""]",2.6569303469732404,"[""1ad3f41f28d2faa5229ee88b54d673275cc31036"", ""72e3eed599b3a3dd154575af344ac3e5c62dd07b""]",0.5,0.5,0.5,False,0.2857142857142857,12288,False,2
"[""feat"", ""fix"", ""refactor"", ""docs"", ""test"", ""ci"", ""build""]","[""fix"", ""test""]",2.5634622680954635,"[""0d43299ccee2b2e018fae24896c45d8d8be66bc6"", ""24a815b90437dbd962b5ff449f0b5146df835545""]",0.2857142857142857,1.0,0.4444444444444445,False,0.7142857142857143,12288,False,2
"[""feat"", ""refactor"", ""test""]","[""feat"", ""refactor""]",1.6990464180707932,"[""3730075261bc81df68f9d10f12a2d6bbffd8493c"", ""0e4ede620dd9a2cdc13ab9cc6da05577b39fddb8""]",0.6666666666666666,1.0,0.8,False,0.14285714285714285,12288,False,2
"[""build"", ""docs""]","[""build"", ""docs""]",2.402329448144883,"[""b7e38fb62aa6e8a30d72dec063b1adccd089d0aa"", ""eb51316cdfdc7258d287ba13b67ef2f42bd2b8f6""]",1.0,1.0,1.0,True,0.0,12288,False,2
"[""ci"", ""fix""]","[""ci"", ""fix""]",0.8577692327089608,"[""6f5b1103c0893d13b42f1f7c6504c9c339840be3"", ""be2cbd9480fcbd60c3011ca57f1d761185cf52bd""]",1.0,1.0,1.0,True,0.0,12288,False,2
"[""refactor"", ""test""]","[""fix"", ""test""]",1.1169890337623656,"[""b131f5d67076b97b3186c820760df839bf796ad5"", ""2a7c6f5c0b1c966d6a5d103de1978a61c141648a""]",0.5,0.5,0.5,False,0.2857142857142857,12288,False,2
"[""build"", ""docs""]","[""build"", ""docs""]",1.0978860100731254,"[""45bbdaba1490a3216decb2c1a88b8f7041a3d505"", ""16124286236edf03a6199720ba1629a35e3fe1aa""]",1.0,1.0,1.0,True,0.0,12288,False,2
"[""feat""]","[""feat"", ""refactor""]",1.0770448460243642,"[""d61bf50f77b404e660a6e5aa9e9bc4ce415e8c18"", ""ee4bf61fb8836e249fb4ef3507dc938e70696b3f""]",1.0,0.5,0.6666666666666666,False,0.14285714285714285,12288,False,2
"[""test"", ""build""]","[""ci"", ""test""]",2.661658539902419,"[""bda1822851d9be04f0d39f2213d1e2066eb115c8"", ""90a48c74f6faa0829d3809f739a42c0133e63ae0""]",0.5,0.5,0.5,False,0.2857142857142857,12288,False,2
"[""ci"", ""build"", ""refactor""]","[""ci"", ""refactor""]",1.338963685091585,"[""be44bbdeb52c6025e81c99528ed7b0d932c5be18"", ""0e4ede620dd9a2cdc13ab9cc6da05577b39fddb8""]",0.6666666666666666,1.0,0.8,False,0.14285714285714285,12288,False,2
"[""feat"", ""fix"", ""refactor"", ""docs"", ""test"", ""ci"", ""build""]","[""docs"", ""feat""]",3.937702439725399,"[""0105a4ee47706d9b3aa8f22d0a75585a498731ec"", ""3709e392924aba3542514ce35bd681adca39e8ac""]",0.2857142857142857,1.0,0.4444444444444445,False,0.7142857142857143,12288,False,2
"[""build"", ""test""]","[""build"", ""test""]",1.1646675518713892,"[""fd2b7a18dca63b51f4ba5de6b2e4ad2b825e735d"", ""24a815b90437dbd962b5ff449f0b5146df835545""]",1.0,1.0,1.0,True,0.0,12288,False,2
"[""ci"", ""fix"", ""test""]","[""ci"", ""fix""]",1.2312071020714939,"[""bda1822851d9be04f0d39f2213d1e2066eb115c8"", ""238ba1990ea68eb64bdfc6b31efebad2acb01ad6""]",0.6666666666666666,1.0,0.8,False,0.14285714285714285,12288,False,2
"[""feat"", ""fix"", ""refactor"", ""docs"", ""test"", ""ci"", ""build""]","[""feat"", ""test""]",2.019304742105305,"[""6b473cbdc5997af47c56a2a74f5b64da6d4c2ad7"", ""cdbc37711fa9c64b2cfa767766ca55c95c1736f7""]",0.2857142857142857,1.0,0.4444444444444445,False,0.7142857142857143,12288,False,2
"[""docs""]","[""docs"", ""refactor""]",2.564175689127296,"[""af5ec2005504bbd836a54bfb2df0b7f6cf15f314"", ""4597f158c45a1f996ad217236d88edab69c29b22""]",1.0,0.5,0.6666666666666666,False,0.14285714285714285,12288,False,2
"[""build"", ""fix""]","[""build"", ""fix""]",1.0111368051730096,"[""ecc481f9f501aa34b41e06e7bbdde6e79f8ca1bb"", ""45b386aa3f06bce06f5e03fbde0aa52c4051c8bc""]",1.0,1.0,1.0,True,0.0,12288,False,2
"[""refactor""]","[""refactor"", ""test""]",1.4520127279683948,"[""3a86f49b725c0f66b5f04f80547042636135b49c"", ""3c812f916e06a53b899e9e3dd79760b475fa4b87""]",1.0,0.5,0.6666666666666666,False,0.14285714285714285,12288,False,2
"[""feat"", ""build""]","[""ci"", ""feat""]",2.7074753381311893,"[""bda1822851d9be04f0d39f2213d1e2066eb115c8"", ""ba60e126299ad057772b5516d9ab390e770f1301""]",0.5,0.5,0.5,False,0.2857142857142857,12288,False,2
"[""build"", ""docs""]","[""build"", ""docs""]",1.263083507772535,"[""0f38960851ac0fd159727d5dffb36f50268eec18"", ""a4290c7be832aaac894f9b4e69837f0eb13d9287""]",1.0,1.0,1.0,True,0.0,12288,False,2
"[""ci""]","[""ci"", ""fix""]",0.9995377850718796,"[""0984951701c34c08392b87082824dcebc379b4e7"", ""2b1ad9d10fc5685ec75f362a73229569f03344ca""]",1.0,0.5,0.6666666666666666,False,0.14285714285714285,12288,False,2
"[""feat"", ""fix"", ""refactor"", ""docs"", ""test"", ""ci"", ""build""]","[""build"", ""docs""]",1.7291410532779992,"[""b0866f62417f56bdd5a46e8f14278af79efc4d76"", ""fc9af4d0b93d69be4e201ffb18da04324e8a4a87""]",0.2857142857142857,1.0,0.4444444444444445,False,0.7142857142857143,12288,False,2
"[""feat"", ""test"", ""refactor""]","[""feat"", ""test""]",1.5477090650238097,"[""3730075261bc81df68f9d10f12a2d6bbffd8493c"", ""076b9f5efc109b481074a81957e24ce9f4a69f08""]",0.6666666666666666,1.0,0.8,False,0.14285714285714285,12288,False,2
"[""refactor"", ""fix"", ""test""]","[""fix"", ""refactor""]",3.900886695832014,"[""0d43299ccee2b2e018fae24896c45d8d8be66bc6"", ""536872b735334929f25bf70d052e739166355160""]",0.6666666666666666,1.0,0.8,False,0.14285714285714285,12288,False,2
"[""feat"", ""refactor"", ""test"", ""docs""]","[""feat"", ""refactor""]",2.5803647730499506,"[""a51716d5ac3f7aabe1428a5a6d79c6b863463ff6"", ""3a86f49b725c0f66b5f04f80547042636135b49c""]",0.5,1.0,0.6666666666666666,False,0.2857142857142857,12288,False,2
"[""refactor""]","[""build"", ""fix""]",0.9570291759446263,"[""f46c6c6c26a14312aa05a77ff2a14aebd74e13ac"", ""3f71e37ef9bfdbc0aea89863ae3d75c0c7e4a53d""]",0.0,0.0,0.0,False,0.42857142857142855,12288,False,2
"[""ci"", ""build"", ""refactor""]","[""ci"", ""test""]",1.1896182340569794,"[""be44bbdeb52c6025e81c99528ed7b0d932c5be18"", ""076b9f5efc109b481074a81957e24ce9f4a69f08""]",0.3333333333333333,0.5,0.4,False,0.42857142857142855,12288,False,2
"[""docs"", ""test""]","[""docs"", ""test""]",2.4121576049365103,"[""eb51316cdfdc7258d287ba13b67ef2f42bd2b8f6"", ""625cbbca0d92b8756eac6fcacc795d90527d8975""]",1.0,1.0,1.0,True,0.0,12288,False,2
"[""feat"", ""fix"", ""refactor"", ""docs"", ""test"", ""ci"", ""build""]","[""fix"", ""refactor""]",3.7965338928624988,"[""f2ac6e30644848f0c5c36057d1f55551fb70952f"", ""4be836f5655fb5356fde5ddd7437125f8574705d""]",0.2857142857142857,1.0,0.4444444444444445,False,0.7142857142857143,12288,False,2
"[""docs"", ""feat""]","[""docs"", ""feat""]",3.064496112987399,"[""cb1f48b56ae0de93acb72e48726c7d610a1d538e"", ""bea32587586ca08f390c901a95e9b9c25263f4df""]",1.0,1.0,1.0,True,0.0,12288,False,2
"[""build"", ""test"", ""ci""]","[""build"", ""ci""]",1.2395494496449828,"[""454003841aabeb74396d73541378bfa59c75b5db"", ""bda1822851d9be04f0d39f2213d1e2066eb115c8""]",0.6666666666666666,1.0,0.8,False,0.14285714285714285,12288,False,2
"[""docs"", ""refactor""]","[""docs"", ""test""]",1.0066815819591284,"[""16124286236edf03a6199720ba1629a35e3fe1aa"", ""076b9f5efc109b481074a81957e24ce9f4a69f08""]",0.5,0.5,0.5,False,0.2857142857142857,12288,False,2
"[""build"", ""test"", ""refactor""]","[""build"", ""refactor""]",1.6999709038063884,"[""ecc481f9f501aa34b41e06e7bbdde6e79f8ca1bb"", ""5748ff57ebafe94c4979eafa790d9a84812ca440""]",0.6666666666666666,1.0,0.8,False,0.14285714285714285,12288,False,2
"[""feat""]","[""feat"", ""fix""]",1.133015080820769,"[""73211952964a79d97b434dd567e6d7d34be7feb5"", ""be2cbd9480fcbd60c3011ca57f1d761185cf52bd""]",1.0,0.5,0.6666666666666666,False,0.14285714285714285,12288,False,2
"[""ci"", ""test""]","[""ci"", ""test""]",1.0715087843127549,"[""db2dbc13d7da2ae85cd3206d330be8ed0ebe1b2c"", ""6c7398993bc567ec84e4573b6ededbf50b1ef606""]",1.0,1.0,1.0,True,0.0,12288,False,2
"[""build"", ""refactor""]","[""build"", ""fix""]",1.0969333411194384,"[""4ab28fc2e63e975a0c77e18ae644f34fa5f8771a"", ""b131f5d67076b97b3186c820760df839bf796ad5""]",0.5,0.5,0.5,False,0.2857142857142857,12288,False,2
"[""feat""]","[""feat"", ""refactor""]",2.6469338010065258,"[""73211952964a79d97b434dd567e6d7d34be7feb5"", ""78971fd68d7dc5c8e6811b4520cdc54e4188f733""]",1.0,0.5,0.6666666666666666,False,0.14285714285714285,12288,False,2
"[""ci"", ""docs""]","[""ci"", ""docs""]",0.7987201856449246,"[""6f5b1103c0893d13b42f1f7c6504c9c339840be3"", ""9849430b11b92ae58d94cfe4d0b06313c7eab550""]",1.0,1.0,1.0,True,0.0,12288,False,2
"[""docs"", ""feat""]","[""docs"", ""feat""]",1.1024892190471292,"[""26994fb090d4ed0daf9b8ba960b4690fac08e340"", ""15b8e4bc9349ce017f65e10b95cae48b0aa11828""]",1.0,1.0,1.0,True,0.0,12288,False,2
"[""build""]","[""build"", ""fix""]",0.7542066150344908,"[""2d4d735d94386f5045e3b3abc022c2edcdfaef8f"", ""eb9f7b24364e86d7bcf50bb23b62c743cf5526f6""]",1.0,0.5,0.6666666666666666,False,0.14285714285714285,12288,False,2
"[""ci"", ""test"", ""build""]","[""ci"", ""test""]",1.2347129019908607,"[""14f535655d39847a85d0193559c9c0010357ba77"", ""6c7398993bc567ec84e4573b6ededbf50b1ef606""]",0.6666666666666666,1.0,0.8,False,0.14285714285714285,12288,False,2
"[""refactor""]","[""fix"", ""refactor""]",0.819319951813668,"[""b131f5d67076b97b3186c820760df839bf796ad5"", ""2900e67189ec09a35fa61f3f17d386f4eb23f9bd""]",1.0,0.5,0.6666666666666666,False,0.14285714285714285,12288,False,2
"[""ci"", ""test"", ""refactor""]","[""ci"", ""test""]",0.9943347992375493,"[""b7b9c23698e7238eda26a1135018625181badd82"", ""1f663cbe4b4a9e7a0ae89c05f824335f2a0857fd""]",0.6666666666666666,1.0,0.8,False,0.14285714285714285,12288,False,2
"[""docs"", ""refactor"", ""test""]","[""docs"", ""refactor""]",2.111983829177916,"[""e9358fb4955396bfc3340418c77cbce4fa6123ee"", ""cc9df62b0b41e84da275cf6ddcb06126628713b7""]",0.6666666666666666,1.0,0.8,False,0.14285714285714285,12288,False,2
"[""feat"", ""ci""]","[""build"", ""feat""]",1.8023525718599558,"[""88129ee45b1d49bc4ff887f3b488464cc7097e29"", ""b7191a24b71cce2b7260d60de26ac8161546110e""]",0.5,0.5,0.5,False,0.2857142857142857,12288,False,2
"[""feat"", ""build""]","[""build"", ""feat""]",1.327305787242949,"[""b7e38fb62aa6e8a30d72dec063b1adccd089d0aa"", ""73211952964a79d97b434dd567e6d7d34be7feb5""]",1.0,1.0,1.0,True,0.0,12288,False,2
"[""feat"", ""fix"", ""refactor"", ""docs"", ""test"", ""ci"", ""build""]","[""refactor"", ""test""]",2.086279903072864,"[""7e84797900f1b6f61e16d8a4766b8209673a7acb"", ""8ee0611fbf0cd89abe7ae588f22e6ecb843598ea""]",0.2857142857142857,1.0,0.4444444444444445,False,0.7142857142857143,12288,False,2
"[""ci"", ""refactor""]","[""ci"", ""fix""]",1.0091966530308127,"[""b7b9c23698e7238eda26a1135018625181badd82"", ""c4d9e5023fa0f88ba283b37da27677ceda1cbfbb""]",0.5,0.5,0.5,False,0.2857142857142857,12288,False,2
"[""feat"", ""docs"", ""test""]","[""docs"", ""test""]",1.4353980468586087,"[""af82c2c910c9b5d3dd68de30c59a9e169a8934a5"", ""6c7398993bc567ec84e4573b6ededbf50b1ef606""]",0.6666666666666666,1.0,0.8,False,0.14285714285714285,12288,False,2
"[""ci"", ""refactor""]","[""ci"", ""refactor""]",0.8249937160871923,"[""b7b9c23698e7238eda26a1135018625181badd82"", ""879edb6ed90f88b9ae6a3c2e8878ae1be48e0c88""]",1.0,1.0,1.0,True,0.0,12288,False,2
"[""build"", ""docs""]","[""build"", ""docs""]",0.8025169079191983,"[""0f38960851ac0fd159727d5dffb36f50268eec18"", ""e0177c25e13812306aab0b0991562d58b6d14767""]",1.0,1.0,1.0,True,0.0,12288,False,2
"[""ci"", ""build"", ""feat"", ""fix""]","[""feat"", ""fix""]",1.7718190923333168,"[""ebaa20ea3f02e25f78c52cae208017a898cb6c13"", ""f9f309d1f4ef1917a89e867e6ba4c3f8d5b24d48""]",0.5,1.0,0.6666666666666666,False,0.2857142857142857,12288,False,2
"[""docs"", ""refactor"", ""build""]","[""docs"", ""fix""]",1.1668702708557248,"[""b8a664c1b10f4e30a3e221a14211a3cdaf90b7f4"", ""ccd1946a375e2ac10c3c591b04a435c4bc5170c2""]",0.3333333333333333,0.5,0.4,False,0.42857142857142855,12288,False,2
"[""feat"", ""test"", ""build""]","[""feat"", ""test""]",3.701498543843627,"[""1f15f71e415ba49b21684c7a3a51c8e3faaa7cf3"", ""f87659953e9af59bc7cb314a22dd076d988ef607""]",0.6666666666666666,1.0,0.8,False,0.14285714285714285,12288,False,2
"[""build"", ""ci""]","[""build"", ""ci""]",0.9073601081036031,"[""b7e38fb62aa6e8a30d72dec063b1adccd089d0aa"", ""6f5b1103c0893d13b42f1f7c6504c9c339840be3""]",1.0,1.0,1.0,True,0.0,12288,False,2
"[""refactor"", ""test"", ""docs""]","[""docs"", ""refactor""]",3.275663988199085,"[""0105a4ee47706d9b3aa8f22d0a75585a498731ec"", ""6ed4690834161e1d250dfb0b46cd05bf07c1bb39""]",0.6666666666666666,1.0,0.8,False,0.14285714285714285,12288,False,2
"[""ci"", ""build"", ""fix""]","[""ci"", ""fix""]",1.1504554999992251,"[""db55dae208e4807898e6c747cefdf9bfcb4fd08c"", ""c4d9e5023fa0f88ba283b37da27677ceda1cbfbb""]",0.6666666666666666,1.0,0.8,False,0.14285714285714285,12288,False,2
"[""build"", ""test""]","[""build"", ""test""]",2.9887857707217336,"[""ecc481f9f501aa34b41e06e7bbdde6e79f8ca1bb"", ""3c04162664b130c9486cba54afc16b6e57c779d1""]",1.0,1.0,1.0,True,0.0,12288,False,2
"[""feat"", ""fix"", ""refactor"", ""docs"", ""test"", ""ci"", ""build""]","[""feat"", ""refactor""]",2.2050451119430363,"[""8b9176b44bb01a1eef497a403b0304bc389c9aee"", ""5748ff57ebafe94c4979eafa790d9a84812ca440""]",0.2857142857142857,1.0,0.4444444444444445,False,0.7142857142857143,12288,False,2
"[""feat"", ""refactor"", ""build""]","[""build"", ""feat""]",3.0820713751018047,"[""f46c6c6c26a14312aa05a77ff2a14aebd74e13ac"", ""d82c76e667c01567382e3ebeb13125c5d0064324""]",0.6666666666666666,1.0,0.8,False,0.14285714285714285,12288,False,2
"[""refactor""]","[""refactor"", ""test""]",2.464644264895469,"[""211de26da358601056dd922d63f832433d7a693b"", ""1f663cbe4b4a9e7a0ae89c05f824335f2a0857fd""]",1.0,0.5,0.6666666666666666,False,0.14285714285714285,12288,False,2
"[""ci"", ""docs""]","[""ci"", ""docs""]",0.9649446117691696,"[""8d2e23bde626eaed6e5b13384cc7ac38bab5ea66"", ""036a0ff49a7dade0e04c9c07071a1ff49133ee24""]",1.0,1.0,1.0,True,0.0,12288,False,2
"[""docs"", ""refactor""]","[""docs"", ""fix""]",2.4274250380694866,"[""01e536c6eb273f533ac7bb1a51c4954128de2c63"", ""6849b9066f5d95b9e54c67046cfa136cf0d88b27""]",0.5,0.5,0.5,False,0.2857142857142857,12288,False,2
"[""fix"", ""test""]","[""fix"", ""test""]",1.6381633877754211,"[""3e85aa17418f6fd2e6e32f9e55fdf7a9d8fcea9d"", ""f87659953e9af59bc7cb314a22dd076d988ef607""]",1.0,1.0,1.0,True,0.0,12288,False,2
"[""docs"", ""build"", ""ci"", ""refactor""]","[""build"", ""ci""]",1.3274026699364185,"[""4542d9973a848a2bd4f9baf12992efe7d7a69f2c"", ""b7b9c23698e7238eda26a1135018625181badd82""]",0.5,1.0,0.6666666666666666,False,0.2857142857142857,12288,False,2
"[""feat"", ""refactor"", ""test""]","[""feat"", ""refactor""]",2.0268528908491135,"[""9025fe7e99ae76c1426be68dc80f09e235631a80"", ""3f173b8b7ce54371db277879673b3202edeb2d93""]",0.6666666666666666,1.0,0.8,False,0.14285714285714285,12288,False,2
"[""feat"", ""build""]","[""build"", ""feat"", ""refactor""]",2.339016468729824,"[""37b1cbfd3d2c462ef4f2a131e4172c38dc8d9ddf"", ""542f0cad5337de15428f0b6567ce4efd20a19a48"", ""7adece9931eaef6aaf603b5567829bbdcb28f2d1""]",1.0,0.6666666666666666,0.8,False,0.14285714285714285,12288,False,3
"[""ci"", ""docs"", ""test""]","[""ci"", ""docs"", ""test""]",2.1828570747748017,"[""6f5b1103c0893d13b42f1f7c6504c9c339840be3"", ""eb51316cdfdc7258d287ba13b67ef2f42bd2b8f6"", ""625cbbca0d92b8756eac6fcacc795d90527d8975""]",1.0,1.0,1.0,True,0.0,12288,False,3
"[""feat"", ""test"", ""build""]","[""feat"", ""fix"", ""test""]",1.6172430966980755,"[""3730075261bc81df68f9d10f12a2d6bbffd8493c"", ""ccd1946a375e2ac10c3c591b04a435c4bc5170c2"", ""076b9f5efc109b481074a81957e24ce9f4a69f08""]",0.6666666666666666,0.6666666666666666,0.6666666666666666,False,0.2857142857142857,12288,False,3
"[""ci"", ""build"", ""refactor"", ""docs""]","[""build"", ""ci"", ""fix""]",1.5820756531320512,"[""4542d9973a848a2bd4f9baf12992efe7d7a69f2c"", ""b7b9c23698e7238eda26a1135018625181badd82"", ""73b8948ea1d49e05ae8c63b17926eda4cb04e9bb""]",0.5,0.6666666666666666,0.5714285714285715,False,0.42857142857142855,12288,False,3
"[""ci"", ""build"", ""refactor"", ""docs""]","[""ci"", ""docs"", ""refactor""]",1.66791880922392,"[""14f535655d39847a85d0193559c9c0010357ba77"", ""7f611e4208d0cc36c635eb0641a4b3258999ae8d"", ""d55088c612b1108ef566ec47e40fb8d1050f7451""]",0.75,1.0,0.8571428571428571,False,0.14285714285714285,12288,False,3
"[""feat"", ""fix"", ""refactor"", ""docs"", ""test"", ""ci"", ""build""]","[""docs"", ""fix"", ""refactor""]",2.7817749911919236,"[""e9358fb4955396bfc3340418c77cbce4fa6123ee"", ""d5d3753c221e5164874ee99f1c6959f03fce0725"", ""7292fc7d387d83379aedf93558451bfa254acb6f""]",0.42857142857142855,1.0,0.6,False,0.5714285714285714,12288,False,3
"[""build"", ""feat"", ""test""]","[""build"", ""feat"", ""test""]",2.579554619733244,"[""afafb9a32b164df33754a36547ee134b8fbe374a"", ""293f301a4bb248799c467d1fef413ed3909f47a4"", ""24a815b90437dbd962b5ff449f0b5146df835545""]",1.0,1.0,1.0,True,0.0,12288,False,3
"[""ci"", ""build"", ""refactor""]","[""ci"", ""fix"", ""refactor""]",1.4475075150839984,"[""be44bbdeb52c6025e81c99528ed7b0d932c5be18"", ""ccd1946a375e2ac10c3c591b04a435c4bc5170c2"", ""0e4ede620dd9a2cdc13ab9cc6da05577b39fddb8""]",0.6666666666666666,0.6666666666666666,0.6666666666666666,False,0.2857142857142857,12288,False,3
"[""feat"", ""docs"", ""build""]","[""build"", ""docs"", ""feat""]",2.650624598842114,"[""b7e38fb62aa6e8a30d72dec063b1adccd089d0aa"", ""eb51316cdfdc7258d287ba13b67ef2f42bd2b8f6"", ""73211952964a79d97b434dd567e6d7d34be7feb5""]",1.0,1.0,1.0,True,0.0,12288,False,3
"[""docs"", ""build"", ""fix"", ""test""]","[""build"", ""fix"", ""test""]",1.537835193797946,"[""4542d9973a848a2bd4f9baf12992efe7d7a69f2c"", ""73b8948ea1d49e05ae8c63b17926eda4cb04e9bb"", ""1f663cbe4b4a9e7a0ae89c05f824335f2a0857fd""]",0.75,1.0,0.8571428571428571,False,0.14285714285714285,12288,False,3
"[""ci"", ""refactor"", ""test""]","[""ci"", ""refactor"", ""test""]",1.479560345876962,"[""bda1822851d9be04f0d39f2213d1e2066eb115c8"", ""b98a8fed0b67b99ef4f8373aea904f847315e468"", ""b7e2330fa3a8d7b8a9bff01b707c44e64b845c7b""]",1.0,1.0,1.0,True,0.0,12288,False,3
"[""feat"", ""fix"", ""refactor"", ""docs"", ""test"", ""ci"", ""build""]","[""docs"", ""feat"", ""test""]",3.92247246671468,"[""fd849bd08363df60dbc8b9b6d55bac4f5ace88f4"", ""b7191a24b71cce2b7260d60de26ac8161546110e"", ""11ffd5174bd61a2939ae58d2b2d43284302ae490""]",0.42857142857142855,1.0,0.6,False,0.5714285714285714,12288,False,3
"[""ci"", ""docs"", ""refactor""]","[""ci"", ""docs"", ""refactor""]",1.5133941299282014,"[""be44bbdeb52c6025e81c99528ed7b0d932c5be18"", ""16124286236edf03a6199720ba1629a35e3fe1aa"", ""0e4ede620dd9a2cdc13ab9cc6da05577b39fddb8""]",1.0,1.0,1.0,True,0.0,12288,False,3
"[""build"", ""feat"", ""refactor""]","[""build"", ""feat"", ""fix""]",1.8224199279211462,"[""ecc481f9f501aa34b41e06e7bbdde6e79f8ca1bb"", ""8b9176b44bb01a1eef497a403b0304bc389c9aee"", ""cc6408b88246f20c62884a5892a6276baf7c3920""]",0.6666666666666666,0.6666666666666666,0.6666666666666666,False,0.2857142857142857,12288,False,3
"[""docs"", ""refactor"", ""test""]","[""docs"", ""fix"", ""test""]",1.3267644811421633,"[""12257ce53f94dc902df4ba087de90f52d2840ad4"", ""2b1ad9d10fc5685ec75f362a73229569f03344ca"", ""6c7398993bc567ec84e4573b6ededbf50b1ef606""]",0.6666666666666666,0.6666666666666666,0.6666666666666666,False,0.2857142857142857,12288,False,3
"[""build"", ""ci"", ""docs"", ""refactor"", ""test""]","[""build"", ""ci"", ""refactor""]",1.8639945201575756,"[""b7e38fb62aa6e8a30d72dec063b1adccd089d0aa"", ""6f5b1103c0893d13b42f1f7c6504c9c339840be3"", ""3550066c886bf253df376f303a60ed475ac42aaa""]",0.6,1.0,0.7499999999999999,False,0.2857142857142857,12288,False,3
"[""feat"", ""refactor"", ""build""]","[""build"", ""feat"", ""refactor""]",2.5802602148614824,"[""b7e38fb62aa6e8a30d72dec063b1adccd089d0aa"", ""73211952964a79d97b434dd567e6d7d34be7feb5"", ""8da0303bc02db5fe047cfc0631a9da41d9dc60f7""]",1.0,1.0,1.0,True,0.0,12288,False,3
"[""feat"", ""test"", ""build"", ""docs"", ""refactor""]","[""ci"", ""feat"", ""test""]",2.969240373931825,"[""bda1822851d9be04f0d39f2213d1e2066eb115c8"", ""988dda23984894cea097d64646196e8d6196d6b6"", ""90a48c74f6faa0829d3809f739a42c0133e63ae0""]",0.4,0.6666666666666666,0.5,False,0.5714285714285714,12288,False,3
"[""build"", ""docs"", ""fix""]","[""build"", ""docs"", ""fix""]",1.238772883079946,"[""ecc481f9f501aa34b41e06e7bbdde6e79f8ca1bb"", ""144388439d64e049cbed4e37659e819856d6987f"", ""45b386aa3f06bce06f5e03fbde0aa52c4051c8bc""]",1.0,1.0,1.0,True,0.0,12288,False,3
"[""docs"", ""fix"", ""test""]","[""docs"", ""fix"", ""test""]",2.1803180780261755,"[""af5ec2005504bbd836a54bfb2df0b7f6cf15f314"", ""f9f309d1f4ef1917a89e867e6ba4c3f8d5b24d48"", ""3c812f916e06a53b899e9e3dd79760b475fa4b87""]",1.0,1.0,1.0,True,0.0,12288,False,3
"[""ci"", ""test"", ""feat"", ""refactor""]","[""ci"", ""feat"", ""refactor""]",2.011168333236128,"[""be44bbdeb52c6025e81c99528ed7b0d932c5be18"", ""3730075261bc81df68f9d10f12a2d6bbffd8493c"", ""0e4ede620dd9a2cdc13ab9cc6da05577b39fddb8""]",0.75,1.0,0.8571428571428571,False,0.14285714285714285,12288,False,3
"[""build"", ""docs"", ""refactor""]","[""build"", ""docs"", ""fix""]",1.861667457036674,"[""ecc481f9f501aa34b41e06e7bbdde6e79f8ca1bb"", ""ee7cc5d5a940fba774e715b1f029c6361110b108"", ""cc6408b88246f20c62884a5892a6276baf7c3920""]",0.6666666666666666,0.6666666666666666,0.6666666666666666,False,0.2857142857142857,12288,False,3
"[""feat"", ""fix"", ""refactor"", ""docs"", ""test"", ""ci"", ""build""]","[""feat"", ""refactor"", ""test""]",1.9482139251194894,"[""a84d6715a4df12cc0ee9aa6f2596ce3b04353958"", ""e8a8edadc5c25d6410462b89a48e0602e0cbbc7f"", ""e77f6751182595fe08940d67e11a90416c8dd6fd""]",0.42857142857142855,1.0,0.6,False,0.5714285714285714,12288,False,3
"[""feat"", ""docs"", ""ci""]","[""ci"", ""docs"", ""feat""]",2.481168662197888,"[""200aca9f3d1253e4e28e79464da19b701aba777e"", ""2fdecc045fdb509832a758e45412c115fa03e8e8"", ""8a954673531d6935f5517535b9068639ed5cff0d""]",1.0,1.0,1.0,True,0.0,12288,False,3
"[""ci"", ""test"", ""refactor""]","[""ci"", ""fix"", ""test""]",1.2562213828787208,"[""e7ecc8763152ed6f89dbf4a6f313c276549eb0b7"", ""2b1ad9d10fc5685ec75f362a73229569f03344ca"", ""6c7398993bc567ec84e4573b6ededbf50b1ef606""]",0.6666666666666666,0.6666666666666666,0.6666666666666666,False,0.2857142857142857,12288,False,3
"[""build"", ""ci"", ""refactor""]","[""build"", ""ci"", ""refactor""]",1.4889121260493994,"[""45bbdaba1490a3216decb2c1a88b8f7041a3d505"", ""be44bbdeb52c6025e81c99528ed7b0d932c5be18"", ""0e4ede620dd9a2cdc13ab9cc6da05577b39fddb8""]",1.0,1.0,1.0,True,0.0,12288,False,3
"[""build"", ""test""]","[""build"", ""fix"", ""refactor""]",1.0130937891080976,"[""37b1cbfd3d2c462ef4f2a131e4172c38dc8d9ddf"", ""9db124c65f291a1524ed2e7db1c04a7020eaed80"", ""e2b7c0ea44b9c958f66d0cbd59fec597008f4793""]",0.5,0.3333333333333333,0.4,False,0.42857142857142855,12288,False,3
"[""docs"", ""ci"", ""build"", ""test""]","[""docs"", ""feat"", ""test""]",1.824056318961084,"[""6ffb9ffff014c8184f6c84a02854e348f2679636"", ""ebaa20ea3f02e25f78c52cae208017a898cb6c13"", ""3c812f916e06a53b899e9e3dd79760b475fa4b87""]",0.5,0.6666666666666666,0.5714285714285715,False,0.42857142857142855,12288,False,3
"[""ci"", ""docs"", ""refactor""]","[""ci"", ""docs"", ""fix""]",1.1898848158307374,"[""cb5634329ca9f3eaa72bb3dede79913ca8283b1b"", ""2b01808ec86fe9d8b4a93141a1b7f95e11fd6010"", ""2b1ad9d10fc5685ec75f362a73229569f03344ca""]",0.6666666666666666,0.6666666666666666,0.6666666666666666,False,0.2857142857142857,12288,False,3
"[""ci"", ""test"", ""build"", ""fix"", ""refactor""]","[""build"", ""refactor"", ""test""]",2.018223254941404,"[""e0a977b2d316e7612b5d72cb02cd7d78e75dbc55"", ""72e3eed599b3a3dd154575af344ac3e5c62dd07b"", ""e77f6751182595fe08940d67e11a90416c8dd6fd""]",0.6,1.0,0.7499999999999999,False,0.2857142857142857,12288,False,3
"[""feat"", ""test"", ""build""]","[""build"", ""feat"", ""fix""]",1.6602220069617033,"[""45bbdaba1490a3216decb2c1a88b8f7041a3d505"", ""3730075261bc81df68f9d10f12a2d6bbffd8493c"", ""ccd1946a375e2ac10c3c591b04a435c4bc5170c2""]",0.6666666666666666,0.6666666666666666,0.6666666666666666,False,0.2857142857142857,12288,False,3
"[""ci"", ""build"", ""refactor"", ""test""]","[""ci"", ""refactor"", ""test""]",1.543864690233022,"[""be44bbdeb52c6025e81c99528ed7b0d932c5be18"", ""0e4ede620dd9a2cdc13ab9cc6da05577b39fddb8"", ""076b9f5efc109b481074a81957e24ce9f4a69f08""]",0.75,1.0,0.8571428571428571,False,0.14285714285714285,12288,False,3
"[""feat""]","[""docs"", ""feat"", ""refactor""]",1.2641530078835785,"[""9849430b11b92ae58d94cfe4d0b06313c7eab550"", ""73211952964a79d97b434dd567e6d7d34be7feb5"", ""adc34a26803e2b02df0ddc0739d73cd0b6216e00""]",1.0,0.3333333333333333,0.5,False,0.2857142857142857,12288,False,3
"[""feat"", ""refactor"", ""test""]","[""docs"", ""feat"", ""fix""]",2.5550453029572964,"[""036a0ff49a7dade0e04c9c07071a1ff49133ee24"", ""4a4c7afca7e1beadd4b213214074fdb420eb0923"", ""a81bbb83d64867f08c4d1be10919ef6806a1bf51""]",0.3333333333333333,0.3333333333333333,0.3333333333333333,False,0.5714285714285714,12288,False,3
"[""build"", ""ci"", ""refactor""]","[""build"", ""ci"", ""test""]",1.3247449011541903,"[""45bbdaba1490a3216decb2c1a88b8f7041a3d505"", ""be44bbdeb52c6025e81c99528ed7b0d932c5be18"", ""076b9f5efc109b481074a81957e24ce9f4a69f08""]",0.6666666666666666,0.6666666666666666,0.6666666666666666,False,0.2857142857142857,12288,False,3
"[""ci"", ""test"", ""docs"", ""refactor""]","[""ci"", ""docs"", ""fix""]",2.219004466664046,"[""d03e345c52d1e66fe51395c701bef1c6dc3a54c0"", ""3f0ae7cf819776124d7aae792800fb9730a593a9"", ""2b1ad9d10fc5685ec75f362a73229569f03344ca""]",0.5,0.6666666666666666,0.5714285714285715,False,0.42857142857142855,12288,False,3
"[""feat"", ""build""]","[""build"", ""feat"", ""test""]",2.0139995529316366,"[""37b1cbfd3d2c462ef4f2a131e4172c38dc8d9ddf"", ""542f0cad5337de15428f0b6567ce4efd20a19a48"", ""422940e3d7ef6850acda0be349865d737476dd10""]",1.0,0.6666666666666666,0.8,False,0.14285714285714285,12288,False,3
"[""feat"", ""fix"", ""refactor"", ""docs"", ""test"", ""ci"", ""build""]","[""docs"", ""feat"", ""refactor""]",3.86408111685887,"[""0105a4ee47706d9b3aa8f22d0a75585a498731ec"", ""3709e392924aba3542514ce35bd681adca39e8ac"", ""cd7e8c3d3549ea05115b3f02586eeba894d86906""]",0.42857142857142855,1.0,0.6,False,0.5714285714285714,12288,False,3
"[""test"", ""build""]","[""fix"", ""refactor"", ""test""]",1.4320805575698614,"[""974e033a3ca7484290a04201ee33856a25da0942"", ""1918d339b8e3738df83d73e1decb31b5209ee8db"", ""69a394e7ff6243457685a28911b79e47f981278c""]",0.5,0.3333333333333333,0.4,False,0.42857142857142855,12288,False,3
"[""feat"", ""fix"", ""refactor"", ""docs"", ""test"", ""ci"", ""build""]","[""build"", ""ci"", ""fix""]",2.438981293234974,"[""bfe32bf10e9b6d699f694fbd095af0b3f2e6275f"", ""bda1822851d9be04f0d39f2213d1e2066eb115c8"", ""80242b34468398e835e5b3fc5ac345dbae4bcc7e""]",0.42857142857142855,1.0,0.6,False,0.5714285714285714,12288,False,3
"[""docs"", ""feat"", ""refactor""]","[""docs"", ""feat"", ""refactor""]",2.3891454632394016,"[""01e536c6eb273f533ac7bb1a51c4954128de2c63"", ""15b8e4bc9349ce017f65e10b95cae48b0aa11828"", ""e8a8edadc5c25d6410462b89a48e0602e0cbbc7f""]",1.0,1.0,1.0,True,0.0,12288,False,3
"[""build"", ""ci"", ""test""]","[""build"", ""ci"", ""test""]",1.034101061988622,"[""b7e38fb62aa6e8a30d72dec063b1adccd089d0aa"", ""6f5b1103c0893d13b42f1f7c6504c9c339840be3"", ""625cbbca0d92b8756eac6fcacc795d90527d8975""]",1.0,1.0,1.0,True,0.0,12288,False,3
"[""feat"", ""fix"", ""refactor"", ""docs"", ""test"", ""ci"", ""build""]","[""build"", ""feat"", ""fix""]",2.2845387789420784,"[""bfe32bf10e9b6d699f694fbd095af0b3f2e6275f"", ""ecf865f2fef03093adedf065d1732b2386a0df40"", ""238ba1990ea68eb64bdfc6b31efebad2acb01ad6""]",0.42857142857142855,1.0,0.6,False,0.5714285714285714,12288,False,3
"[""docs"", ""test"", ""refactor""]","[""docs"", ""refactor"", ""test""]",2.221145481802523,"[""01e1e33f377934099a4a725fab5cd6c5ff50eaa2"", ""adc34a26803e2b02df0ddc0739d73cd0b6216e00"", ""625cbbca0d92b8756eac6fcacc795d90527d8975""]",1.0,1.0,1.0,True,0.0,12288,False,3
"[""ci"", ""docs"", ""build"", ""refactor""]","[""ci"", ""docs"", ""test""]",1.3958280920051038,"[""be44bbdeb52c6025e81c99528ed7b0d932c5be18"", ""b8a664c1b10f4e30a3e221a14211a3cdaf90b7f4"", ""076b9f5efc109b481074a81957e24ce9f4a69f08""]",0.5,0.6666666666666666,0.5714285714285715,False,0.42857142857142855,12288,False,3
"[""feat"", ""ci"", ""test"", ""build"", ""docs""]","[""build"", ""ci"", ""feat""]",1.9701941907405853,"[""45bbdaba1490a3216decb2c1a88b8f7041a3d505"", ""be44bbdeb52c6025e81c99528ed7b0d932c5be18"", ""3730075261bc81df68f9d10f12a2d6bbffd8493c""]",0.6,1.0,0.7499999999999999,False,0.2857142857142857,12288,False,3
"[""fix"", ""test"", ""build"", ""refactor""]","[""fix"", ""refactor"", ""test""]",1.8731663799844682,"[""238ba1990ea68eb64bdfc6b31efebad2acb01ad6"", ""d4d8bdd3a0a5cec993735abc2e8cc2feff8eae27"", ""cd2bfb9b2298e8cd91013808547b35a9c40f46f1""]",0.75,1.0,0.8571428571428571,False,0.14285714285714285,12288,False,3
"[""docs"", ""refactor"", ""build""]","[""docs"", ""fix"", ""refactor""]",1.481051311828196,"[""16124286236edf03a6199720ba1629a35e3fe1aa"", ""ccd1946a375e2ac10c3c591b04a435c4bc5170c2"", ""0e4ede620dd9a2cdc13ab9cc6da05577b39fddb8""]",0.6666666666666666,0.6666666666666666,0.6666666666666666,False,0.2857142857142857,12288,False,3
"[""feat"", ""build"", ""ci""]","[""build"", ""ci"", ""feat""]",1.4940333110280335,"[""b7e38fb62aa6e8a30d72dec063b1adccd089d0aa"", ""6f5b1103c0893d13b42f1f7c6504c9c339840be3"", ""73211952964a79d97b434dd567e6d7d34be7feb5""]",1.0,1.0,1.0,True,0.0,12288,False,3
"[""feat"", ""docs"", ""test""]","[""docs"", ""feat"", ""test""]",2.5468973950482905,"[""8dfd2af29bf784b242992ee9ec0fbc85753b063c"", ""8a954673531d6935f5517535b9068639ed5cff0d"", ""6c7398993bc567ec84e4573b6ededbf50b1ef606""]",1.0,1.0,1.0,True,0.0,12288,False,3
"[""build"", ""ci"", ""refactor""]","[""build"", ""ci"", ""fix""]",1.3402285776101053,"[""45bbdaba1490a3216decb2c1a88b8f7041a3d505"", ""be44bbdeb52c6025e81c99528ed7b0d932c5be18"", ""ccd1946a375e2ac10c3c591b04a435c4bc5170c2""]",0.6666666666666666,0.6666666666666666,0.6666666666666666,False,0.2857142857142857,12288,False,3
"[""build"", ""feat""]","[""build"", ""feat"", ""refactor""]",1.051931741181761,"[""0f38960851ac0fd159727d5dffb36f50268eec18"", ""1ae8bf1195b197daa80ba6e45360f8b894364cd4"", ""336b25f3ae9da5d972304662fcdb88f4719c721d""]",1.0,0.6666666666666666,0.8,False,0.14285714285714285,12288,False,3
"[""ci"", ""docs"", ""refactor""]","[""ci"", ""docs"", ""refactor""]",3.4425062090158463,"[""6f5b1103c0893d13b42f1f7c6504c9c339840be3"", ""eb51316cdfdc7258d287ba13b67ef2f42bd2b8f6"", ""d357640fab55e5964fe83efc3c771e53aa3222fd""]",1.0,1.0,1.0,True,0.0,12288,False,3
"[""ci"", ""fix"", ""test""]","[""feat"", ""fix"", ""test""]",1.6535973097197711,"[""ebaa20ea3f02e25f78c52cae208017a898cb6c13"", ""dc50bd35462a49058c91a939fc8830ae7a9eb692"", ""3c812f916e06a53b899e9e3dd79760b475fa4b87""]",0.6666666666666666,0.6666666666666666,0.6666666666666666,False,0.2857142857142857,12288,False,3
"[""build"", ""docs"", ""fix""]","[""build"", ""docs"", ""refactor""]",1.8403834528289735,"[""0f38960851ac0fd159727d5dffb36f50268eec18"", ""dfab97842fe78fb8f217a5185fb6ec92682a53ca"", ""f85974761be11e0ecc85575bc4b6d5a02e438fd2""]",0.6666666666666666,0.6666666666666666,0.6666666666666666,False,0.2857142857142857,12288,False,3
"[""ci"", ""feat"", ""test""]","[""ci"", ""fix"", ""test""]",1.3457028972916305,"[""8d2e23bde626eaed6e5b13384cc7ac38bab5ea66"", ""f9d9f859240c6f7e78b0303ea40e46622d42bc3c"", ""cdbc37711fa9c64b2cfa767766ca55c95c1736f7""]",0.6666666666666666,0.6666666666666666,0.6666666666666666,False,0.2857142857142857,12288,False,3
"[""build"", ""fix"", ""test""]","[""build"", ""fix"", ""test""]",1.1262838449329138,"[""b7e38fb62aa6e8a30d72dec063b1adccd089d0aa"", ""be2cbd9480fcbd60c3011ca57f1d761185cf52bd"", ""625cbbca0d92b8756eac6fcacc795d90527d8975""]",1.0,1.0,1.0,True,0.0,12288,False,3
"[""feat"", ""docs"", ""test"", ""build""]","[""ci"", ""feat"", ""refactor""]",2.214985334780067,"[""bda1822851d9be04f0d39f2213d1e2066eb115c8"", ""9114362b39f5194209cd0b330af7076333f3db77"", ""fba4326c72fc22d81aba6976a9fef1e4b6154fd9""]",0.25,0.3333333333333333,0.28571428571428575,False,0.7142857142857143,12288,False,3
"[""ci"", ""docs"", ""feat"", ""refactor""]","[""ci"", ""docs"", ""feat""]",2.495218168012798,"[""8d2e23bde626eaed6e5b13384cc7ac38bab5ea66"", ""527e0abd0f88cb3ae2dc1a6ec7a62c241250444d"", ""bbb6ee10de824f2e3259576ac01768640c884279""]",0.75,1.0,0.8571428571428571,False,0.14285714285714285,12288,False,3
"[""feat"", ""fix"", ""refactor"", ""docs"", ""test"", ""ci"", ""build""]","[""docs"", ""refactor"", ""test""]",2.710807525087148,"[""e9358fb4955396bfc3340418c77cbce4fa6123ee"", ""eb8a8d3fc493ff8a20b19c9efac8f112ae9f5762"", ""4464cf5e89d5e570c20267d09fb1fa2b7ef66b93""]",0.42857142857142855,1.0,0.6,False,0.5714285714285714,12288,False,3
"[""build"", ""ci"", ""fix""]","[""build"", ""ci"", ""fix""]",1.0055107777006924,"[""b7e38fb62aa6e8a30d72dec063b1adccd089d0aa"", ""6f5b1103c0893d13b42f1f7c6504c9c339840be3"", ""be2cbd9480fcbd60c3011ca57f1d761185cf52bd""]",1.0,1.0,1.0,True,0.0,12288,False,3
"[""feat"", ""fix"", ""refactor"", ""docs"", ""test"", ""ci"", ""build""]","[""docs"", ""feat"", ""refactor""]",3.1697682137601078,"[""e9358fb4955396bfc3340418c77cbce4fa6123ee"", ""3709e392924aba3542514ce35bd681adca39e8ac"", ""cd7e8c3d3549ea05115b3f02586eeba894d86906""]",0.42857142857142855,1.0,0.6,False,0.5714285714285714,12288,False,3
"[""build"", ""test""]","[""build"", ""fix"", ""test""]",1.2951919580809772,"[""4ab28fc2e63e975a0c77e18ae644f34fa5f8771a"", ""b131f5d67076b97b3186c820760df839bf796ad5"", ""2a7c6f5c0b1c966d6a5d103de1978a61c141648a""]",1.0,0.6666666666666666,0.8,False,0.14285714285714285,12288,False,3
"[""feat"", ""test"", ""docs"", ""refactor""]","[""docs"", ""feat"", ""refactor""]",1.9595951437950134,"[""b8a664c1b10f4e30a3e221a14211a3cdaf90b7f4"", ""3730075261bc81df68f9d10f12a2d6bbffd8493c"", ""0e4ede620dd9a2cdc13ab9cc6da05577b39fddb8""]",0.75,1.0,0.8571428571428571,False,0.14285714285714285,12288,False,3
"[""ci"", ""fix"", ""test""]","[""build"", ""fix"", ""test""]",2.330854688771069,"[""37b1cbfd3d2c462ef4f2a131e4172c38dc8d9ddf"", ""c1d3b58fd20995b1b9ca4e6771e3fa375242b02d"", ""82c47c7165a28f311cd40e132a6c24f6a7c82d4b""]",0.6666666666666666,0.6666666666666666,0.6666666666666666,False,0.2857142857142857,12288,False,3
"[""feat"", ""refactor"", ""build"", ""docs""]","[""ci"", ""feat"", ""refactor""]",2.166021406650543,"[""bda1822851d9be04f0d39f2213d1e2066eb115c8"", ""9114362b39f5194209cd0b330af7076333f3db77"", ""d4d8bdd3a0a5cec993735abc2e8cc2feff8eae27""]",0.5,0.6666666666666666,0.5714285714285715,False,0.42857142857142855,12288,False,3
"[""docs"", ""refactor""]","[""build"", ""docs"", ""fix""]",1.4500335957854986,"[""2d4d735d94386f5045e3b3abc022c2edcdfaef8f"", ""cc553ae68766395e9f253379ddd7cf664d7befa1"", ""eb9f7b24364e86d7bcf50bb23b62c743cf5526f6""]",0.5,0.3333333333333333,0.4,False,0.42857142857142855,12288,False,3
"[""ci"", ""test"", ""docs""]","[""ci"", ""docs"", ""test""]",1.5651988629251719,"[""87d576e936e234d0429ad753267a2760c5dfd314"", ""2fdecc045fdb509832a758e45412c115fa03e8e8"", ""6c7398993bc567ec84e4573b6ededbf50b1ef606""]",1.0,1.0,1.0,True,0.0,12288,False,3
"[""build"", ""test""]","[""build"", ""ci"", ""test""]",1.4650972518138587,"[""454003841aabeb74396d73541378bfa59c75b5db"", ""bda1822851d9be04f0d39f2213d1e2066eb115c8"", ""cd2bfb9b2298e8cd91013808547b35a9c40f46f1""]",1.0,0.6666666666666666,0.8,False,0.14285714285714285,12288,False,3
"[""feat"", ""fix"", ""refactor"", ""docs"", ""test"", ""ci"", ""build""]","[""feat"", ""fix"", ""refactor""]",3.0362338246777654,"[""482442ecc1aaf981895a36c367abbd377fd93891"", ""80242b34468398e835e5b3fc5ac345dbae4bcc7e"", ""fba4326c72fc22d81aba6976a9fef1e4b6154fd9""]",0.42857142857142855,1.0,0.6,False,0.5714285714285714,12288,False,3
"[""feat"", ""fix"", ""refactor"", ""docs"", ""test"", ""ci"", ""build""]","[""build"", ""fix"", ""refactor"", ""test""]",2.0880390079692006,"[""45bbdaba1490a3216decb2c1a88b8f7041a3d505"", ""ccd1946a375e2ac10c3c591b04a435c4bc5170c2"", ""0e4ede620dd9a2cdc13ab9cc6da05577b39fddb8"", ""076b9f5efc109b481074a81957e24ce9f4a69f08""]",0.5714285714285714,1.0,0.7272727272727273,False,0.42857142857142855,12288,False,4
"[""feat"", ""docs"", ""ci"", ""refactor""]","[""ci"", ""docs"", ""feat"", ""refactor""]",2.6692958092316985,"[""6f5b1103c0893d13b42f1f7c6504c9c339840be3"", ""01e1e33f377934099a4a725fab5cd6c5ff50eaa2"", ""73211952964a79d97b434dd567e6d7d34be7feb5"", ""7d6f760a91b55967972bbd1b972307624e876805""]",1.0,1.0,1.0,True,0.0,12288,False,4
"[""build"", ""ci"", ""docs"", ""refactor"", ""test""]","[""build"", ""ci"", ""docs"", ""test""]",1.777469877153635,"[""45bbdaba1490a3216decb2c1a88b8f7041a3d505"", ""be44bbdeb52c6025e81c99528ed7b0d932c5be18"", ""16124286236edf03a6199720ba1629a35e3fe1aa"", ""076b9f5efc109b481074a81957e24ce9f4a69f08""]",0.8,1.0,0.888888888888889,False,0.14285714285714285,12288,False,4
"[""feat"", ""fix"", ""refactor"", ""docs"", ""test"", ""ci"", ""build""]","[""feat"", ""fix"", ""refactor"", ""test""]",2.897847428917885,"[""a84d6715a4df12cc0ee9aa6f2596ce3b04353958"", ""6849b9066f5d95b9e54c67046cfa136cf0d88b27"", ""3e0e30ecebaf23f0c36fa4811426f8f4e0057cfe"", ""e77f6751182595fe08940d67e11a90416c8dd6fd""]",0.5714285714285714,1.0,0.7272727272727273,False,0.42857142857142855,12288,False,4
"[""feat"", ""fix"", ""refactor"", ""docs"", ""test"", ""ci"", ""build""]","[""build"", ""ci"", ""feat"", ""fix""]",3.289724845904857,"[""b8dfd5a2f39b4768cf070aeb9d09364577c626f9"", ""bda1822851d9be04f0d39f2213d1e2066eb115c8"", ""6f0cf049caa1a7982669ee685e86621452686551"", ""80242b34468398e835e5b3fc5ac345dbae4bcc7e""]",0.5714285714285714,1.0,0.7272727272727273,False,0.42857142857142855,12288,False,4
"[""feat"", ""fix"", ""refactor"", ""docs"", ""test"", ""ci"", ""build""]","[""ci"", ""docs"", ""feat"", ""test""]",2.329558715224266,"[""be44bbdeb52c6025e81c99528ed7b0d932c5be18"", ""b8a664c1b10f4e30a3e221a14211a3cdaf90b7f4"", ""3730075261bc81df68f9d10f12a2d6bbffd8493c"", ""076b9f5efc109b481074a81957e24ce9f4a69f08""]",0.5714285714285714,1.0,0.7272727272727273,False,0.42857142857142855,12288,False,4
"[""build"", ""docs"", ""refactor""]","[""build"", ""docs"", ""fix"", ""refactor""]",2.6277630999684334,"[""1ad3f41f28d2faa5229ee88b54d673275cc31036"", ""cc553ae68766395e9f253379ddd7cf664d7befa1"", ""6849b9066f5d95b9e54c67046cfa136cf0d88b27"", ""e8a8edadc5c25d6410462b89a48e0602e0cbbc7f""]",1.0,0.75,0.8571428571428571,False,0.14285714285714285,12288,False,4
"[""build"", ""ci"", ""docs"", ""refactor""]","[""build"", ""ci"", ""docs"", ""refactor""]",2.6675111278891563,"[""b7e38fb62aa6e8a30d72dec063b1adccd089d0aa"", ""6f5b1103c0893d13b42f1f7c6504c9c339840be3"", ""01e1e33f377934099a4a725fab5cd6c5ff50eaa2"", ""86f3e3397594f8312226c5a193608a054087805c""]",1.0,1.0,1.0,True,0.0,12288,False,4
"[""feat"", ""fix"", ""refactor"", ""docs"", ""test"", ""ci"", ""build""]","[""ci"", ""feat"", ""fix"", ""test""]",2.930829246994108,"[""bda1822851d9be04f0d39f2213d1e2066eb115c8"", ""482442ecc1aaf981895a36c367abbd377fd93891"", ""238ba1990ea68eb64bdfc6b31efebad2acb01ad6"", ""b7e2330fa3a8d7b8a9bff01b707c44e64b845c7b""]",0.5714285714285714,1.0,0.7272727272727273,False,0.42857142857142855,12288,False,4
"[""feat"", ""fix"", ""refactor"", ""docs"", ""test"", ""ci"", ""build""]","[""build"", ""docs"", ""feat"", ""refactor""]",3.0391383836977184,"[""b0866f62417f56bdd5a46e8f14278af79efc4d76"", ""fc9af4d0b93d69be4e201ffb18da04324e8a4a87"", ""a84d6715a4df12cc0ee9aa6f2596ce3b04353958"", ""3e0e30ecebaf23f0c36fa4811426f8f4e0057cfe""]",0.5714285714285714,1.0,0.7272727272727273,False,0.42857142857142855,12288,False,4
"[""feat"", ""fix"", ""refactor"", ""docs"", ""test"", ""ci"", ""build""]","[""build"", ""feat"", ""fix"", ""test""]",2.8636625106446445,"[""ecc481f9f501aa34b41e06e7bbdde6e79f8ca1bb"", ""8b9176b44bb01a1eef497a403b0304bc389c9aee"", ""cc6408b88246f20c62884a5892a6276baf7c3920"", ""87427fe39d165bee2acedde8dbaa237cca3fb61e""]",0.5714285714285714,1.0,0.7272727272727273,False,0.42857142857142855,12288,False,4
"[""ci"", ""refactor"", ""test""]","[""ci"", ""fix"", ""refactor"", ""test""]",1.6907157129608095,"[""492a7ff9c3ecdc558759f09d836830e988a189d2"", ""2b1ad9d10fc5685ec75f362a73229569f03344ca"", ""d55088c612b1108ef566ec47e40fb8d1050f7451"", ""6c7398993bc567ec84e4573b6ededbf50b1ef606""]",1.0,0.75,0.8571428571428571,False,0.14285714285714285,12288,False,4
"[""ci"", ""docs"", ""refactor"", ""test""]","[""ci"", ""docs"", ""refactor"", ""test""]",1.3834687690250576,"[""200aca9f3d1253e4e28e79464da19b701aba777e"", ""7f611e4208d0cc36c635eb0641a4b3258999ae8d"", ""8f1034b79f894b4b1112a4bc1903f37f22f7f5ed"", ""6c7398993bc567ec84e4573b6ededbf50b1ef606""]",1.0,1.0,1.0,True,0.0,12288,False,4
"[""feat"", ""docs"", ""test"", ""build""]","[""build"", ""docs"", ""feat"", ""fix""]",1.7228291598148644,"[""45bbdaba1490a3216decb2c1a88b8f7041a3d505"", ""b8a664c1b10f4e30a3e221a14211a3cdaf90b7f4"", ""3730075261bc81df68f9d10f12a2d6bbffd8493c"", ""ccd1946a375e2ac10c3c591b04a435c4bc5170c2""]",0.75,0.75,0.75,False,0.2857142857142857,12288,False,4
"[""build"", ""docs"", ""fix"", ""test""]","[""build"", ""docs"", ""fix"", ""test""]",2.344864798244089,"[""ecc481f9f501aa34b41e06e7bbdde6e79f8ca1bb"", ""144388439d64e049cbed4e37659e819856d6987f"", ""45b386aa3f06bce06f5e03fbde0aa52c4051c8bc"", ""3c04162664b130c9486cba54afc16b6e57c779d1""]",1.0,1.0,1.0,True,0.0,12288,False,4
"[""feat"", ""refactor"", ""ci"", ""test""]","[""ci"", ""feat"", ""refactor"", ""test""]",2.348338765092194,"[""6f5b1103c0893d13b42f1f7c6504c9c339840be3"", ""73211952964a79d97b434dd567e6d7d34be7feb5"", ""86f3e3397594f8312226c5a193608a054087805c"", ""625cbbca0d92b8756eac6fcacc795d90527d8975""]",1.0,1.0,1.0,True,0.0,12288,False,4
"[""feat"", ""build"", ""refactor"", ""test""]","[""build"", ""docs"", ""feat"", ""refactor""]",1.69879963202402,"[""b7e38fb62aa6e8a30d72dec063b1adccd089d0aa"", ""9849430b11b92ae58d94cfe4d0b06313c7eab550"", ""73211952964a79d97b434dd567e6d7d34be7feb5"", ""adc34a26803e2b02df0ddc0739d73cd0b6216e00""]",0.75,0.75,0.75,False,0.2857142857142857,12288,False,4
"[""feat"", ""fix"", ""refactor"", ""docs"", ""test"", ""ci"", ""build""]","[""build"", ""ci"", ""fix"", ""refactor""]",2.1924966271035373,"[""bfe32bf10e9b6d699f694fbd095af0b3f2e6275f"", ""bda1822851d9be04f0d39f2213d1e2066eb115c8"", ""238ba1990ea68eb64bdfc6b31efebad2acb01ad6"", ""d4d8bdd3a0a5cec993735abc2e8cc2feff8eae27""]",0.5714285714285714,1.0,0.7272727272727273,False,0.42857142857142855,12288,False,4
"[""ci"", ""docs"", ""refactor"", ""build""]","[""ci"", ""docs"", ""fix"", ""test""]",1.4832539237104356,"[""be44bbdeb52c6025e81c99528ed7b0d932c5be18"", ""b8a664c1b10f4e30a3e221a14211a3cdaf90b7f4"", ""ccd1946a375e2ac10c3c591b04a435c4bc5170c2"", ""076b9f5efc109b481074a81957e24ce9f4a69f08""]",0.5,0.5,0.5,False,0.5714285714285714,12288,False,4
"[""feat"", ""build"", ""refactor"", ""docs""]","[""build"", ""docs"", ""feat"", ""refactor""]",2.0588214159943163,"[""b7e38fb62aa6e8a30d72dec063b1adccd089d0aa"", ""9849430b11b92ae58d94cfe4d0b06313c7eab550"", ""73211952964a79d97b434dd567e6d7d34be7feb5"", ""eafee3c5c124ce0c71fd854270cea39cc273b27c""]",1.0,1.0,1.0,True,0.0,12288,False,4
"[""feat"", ""docs"", ""test"", ""ci"", ""refactor""]","[""ci"", ""feat"", ""fix"", ""test""]",2.250248285010457,"[""492a7ff9c3ecdc558759f09d836830e988a189d2"", ""8a954673531d6935f5517535b9068639ed5cff0d"", ""2b1ad9d10fc5685ec75f362a73229569f03344ca"", ""6c7398993bc567ec84e4573b6ededbf50b1ef606""]",0.6,0.75,0.6666666666666665,False,0.42857142857142855,12288,False,4
"[""ci"", ""feat"", ""docs"", ""test""]","[""ci"", ""feat"", ""refactor"", ""test""]",2.024414728861302,"[""2e65145acb5a3d20d16203142c466da0e32729ba"", ""8a954673531d6935f5517535b9068639ed5cff0d"", ""8f1034b79f894b4b1112a4bc1903f37f22f7f5ed"", ""6c7398993bc567ec84e4573b6ededbf50b1ef606""]",0.75,0.75,0.75,False,0.2857142857142857,12288,False,4
"[""build"", ""docs"", ""fix""]","[""build"", ""docs"", ""fix"", ""refactor""]",1.9432091168127954,"[""b7e38fb62aa6e8a30d72dec063b1adccd089d0aa"", ""eb51316cdfdc7258d287ba13b67ef2f42bd2b8f6"", ""be2cbd9480fcbd60c3011ca57f1d761185cf52bd"", ""7f797e68d8f721dff9553ba0ba5616efc456ebb5""]",1.0,0.75,0.8571428571428571,False,0.14285714285714285,12288,False,4
"[""feat"", ""fix"", ""test"", ""build"", ""docs"", ""ci"", ""refactor""]","[""build"", ""ci"", ""feat"", ""test""]",2.872213779948652,"[""b8dfd5a2f39b4768cf070aeb9d09364577c626f9"", ""bda1822851d9be04f0d39f2213d1e2066eb115c8"", ""988dda23984894cea097d64646196e8d6196d6b6"", ""7c48976f943e1e9b5850967b6f2963a205476ded""]",0.5714285714285714,1.0,0.7272727272727273,False,0.42857142857142855,12288,False,4
"[""docs"", ""ci"", ""build"", ""refactor"", ""fix""]","[""docs"", ""feat"", ""fix"", ""refactor""]",2.949082822073251,"[""3a4e21c36d76b4bea8dbb365d3c3bd005a7f3f8f"", ""ebaa20ea3f02e25f78c52cae208017a898cb6c13"", ""d129eaf9125a967ac86c6c7276bbae6b4d50af36"", ""8a9a022baa15befc325f87892c6bdae25b35bc33""]",0.6,0.75,0.6666666666666665,False,0.42857142857142855,12288,False,4
"[""build"", ""ci"", ""docs"", ""refactor""]","[""build"", ""ci"", ""docs"", ""test""]",1.5403539058752358,"[""45bbdaba1490a3216decb2c1a88b8f7041a3d505"", ""be44bbdeb52c6025e81c99528ed7b0d932c5be18"", ""b8a664c1b10f4e30a3e221a14211a3cdaf90b7f4"", ""076b9f5efc109b481074a81957e24ce9f4a69f08""]",0.75,0.75,0.75,False,0.2857142857142857,12288,False,4
"[""docs"", ""build"", ""ci"", ""refactor""]","[""build"", ""ci"", ""fix"", ""refactor""]",1.7866893308237195,"[""4542d9973a848a2bd4f9baf12992efe7d7a69f2c"", ""db55dae208e4807898e6c747cefdf9bfcb4fd08c"", ""73b8948ea1d49e05ae8c63b17926eda4cb04e9bb"", ""70a00973a07520959210219fcaba2a782d76f491""]",0.75,0.75,0.75,False,0.2857142857142857,12288,False,4
"[""docs"", ""feat"", ""test""]","[""docs"", ""feat"", ""fix"", ""test""]",2.14797964412719,"[""3f0ae7cf819776124d7aae792800fb9730a593a9"", ""8a954673531d6935f5517535b9068639ed5cff0d"", ""2b1ad9d10fc5685ec75f362a73229569f03344ca"", ""6c7398993bc567ec84e4573b6ededbf50b1ef606""]",1.0,0.75,0.8571428571428571,False,0.14285714285714285,12288,False,4
"[""feat"", ""test"", ""build"", ""refactor"", ""ci""]","[""build"", ""feat"", ""fix"", ""test""]",2.093751010019332,"[""45bbdaba1490a3216decb2c1a88b8f7041a3d505"", ""3730075261bc81df68f9d10f12a2d6bbffd8493c"", ""ccd1946a375e2ac10c3c591b04a435c4bc5170c2"", ""076b9f5efc109b481074a81957e24ce9f4a69f08""]",0.6,0.75,0.6666666666666665,False,0.42857142857142855,12288,False,4
"[""feat"", ""ci"", ""docs"", ""build""]","[""ci"", ""docs"", ""feat"", ""refactor""]",2.6485616327263415,"[""bb00890fa896936d0be09cc5e5f411fb5e64aa5f"", ""af82c2c910c9b5d3dd68de30c59a9e169a8934a5"", ""8a954673531d6935f5517535b9068639ed5cff0d"", ""8f1034b79f894b4b1112a4bc1903f37f22f7f5ed""]",0.75,0.75,0.75,False,0.2857142857142857,12288,False,4
"[""feat"", ""fix"", ""refactor"", ""docs"", ""test"", ""ci"", ""build""]","[""build"", ""ci"", ""refactor"", ""test""]",2.130277552641928,"[""45bbdaba1490a3216decb2c1a88b8f7041a3d505"", ""be44bbdeb52c6025e81c99528ed7b0d932c5be18"", ""0e4ede620dd9a2cdc13ab9cc6da05577b39fddb8"", ""076b9f5efc109b481074a81957e24ce9f4a69f08""]",0.5714285714285714,1.0,0.7272727272727273,False,0.42857142857142855,12288,False,4
"[""ci"", ""docs"", ""fix"", ""test""]","[""ci"", ""docs"", ""fix"", ""test""]",2.053277752827853,"[""6f5b1103c0893d13b42f1f7c6504c9c339840be3"", ""01e1e33f377934099a4a725fab5cd6c5ff50eaa2"", ""be2cbd9480fcbd60c3011ca57f1d761185cf52bd"", ""625cbbca0d92b8756eac6fcacc795d90527d8975""]",1.0,1.0,1.0,True,0.0,12288,False,4
"[""feat"", ""fix"", ""refactor"", ""docs"", ""test"", ""ci"", ""build""]","[""build"", ""feat"", ""fix"", ""refactor""]",2.1659019510261714,"[""4ab28fc2e63e975a0c77e18ae644f34fa5f8771a"", ""d61bf50f77b404e660a6e5aa9e9bc4ce415e8c18"", ""b131f5d67076b97b3186c820760df839bf796ad5"", ""905693129255e7208ca2ec63c6e07cce711047fd""]",0.5714285714285714,1.0,0.7272727272727273,False,0.42857142857142855,12288,False,4
"[""feat"", ""fix"", ""refactor"", ""docs"", ""test"", ""ci"", ""build""]","[""ci"", ""docs"", ""feat"", ""fix""]",2.334932593163103,"[""be44bbdeb52c6025e81c99528ed7b0d932c5be18"", ""b8a664c1b10f4e30a3e221a14211a3cdaf90b7f4"", ""3730075261bc81df68f9d10f12a2d6bbffd8493c"", ""ccd1946a375e2ac10c3c591b04a435c4bc5170c2""]",0.5714285714285714,1.0,0.7272727272727273,False,0.42857142857142855,12288,False,4
"[""build"", ""docs"", ""feat"", ""test""]","[""build"", ""docs"", ""refactor"", ""test""]",2.9874913417734206,"[""ecc481f9f501aa34b41e06e7bbdde6e79f8ca1bb"", ""ee7cc5d5a940fba774e715b1f029c6361110b108"", ""5748ff57ebafe94c4979eafa790d9a84812ca440"", ""3c04162664b130c9486cba54afc16b6e57c779d1""]",0.75,0.75,0.75,False,0.2857142857142857,12288,False,4
"[""ci"", ""docs"", ""fix"", ""refactor"", ""test""]","[""build"", ""docs"", ""fix"", ""refactor""]",3.0026857340708375,"[""e0a977b2d316e7612b5d72cb02cd7d78e75dbc55"", ""01e536c6eb273f533ac7bb1a51c4954128de2c63"", ""6849b9066f5d95b9e54c67046cfa136cf0d88b27"", ""72e3eed599b3a3dd154575af344ac3e5c62dd07b""]",0.6,0.75,0.6666666666666665,False,0.42857142857142855,12288,False,4
"[""feat"", ""fix"", ""refactor"", ""docs"", ""test"", ""ci"", ""build""]","[""ci"", ""feat"", ""refactor"", ""test""]",2.8066043038852513,"[""bda1822851d9be04f0d39f2213d1e2066eb115c8"", ""988dda23984894cea097d64646196e8d6196d6b6"", ""d4d8bdd3a0a5cec993735abc2e8cc2feff8eae27"", ""7c48976f943e1e9b5850967b6f2963a205476ded""]",0.5714285714285714,1.0,0.7272727272727273,False,0.42857142857142855,12288,False,4
"[""feat"", ""fix"", ""refactor"", ""docs"", ""test"", ""ci"", ""build""]","[""build"", ""docs"", ""feat"", ""test""]",1.9921829160302877,"[""b0866f62417f56bdd5a46e8f14278af79efc4d76"", ""969aa32659f6918cb0eeeba6b02d6485659dbdd2"", ""a84d6715a4df12cc0ee9aa6f2596ce3b04353958"", ""e77f6751182595fe08940d67e11a90416c8dd6fd""]",0.5714285714285714,1.0,0.7272727272727273,False,0.42857142857142855,12288,False,4
"[""feat"", ""build"", ""ci""]","[""build"", ""ci"", ""feat"", ""fix""]",1.5337420930154622,"[""b7e38fb62aa6e8a30d72dec063b1adccd089d0aa"", ""6f5b1103c0893d13b42f1f7c6504c9c339840be3"", ""73211952964a79d97b434dd567e6d7d34be7feb5"", ""be2cbd9480fcbd60c3011ca57f1d761185cf52bd""]",1.0,0.75,0.8571428571428571,False,0.14285714285714285,12288,False,4
"[""docs"", ""refactor"", ""test""]","[""docs"", ""fix"", ""refactor"", ""test""]",1.60084586776793,"[""2fdecc045fdb509832a758e45412c115fa03e8e8"", ""2b1ad9d10fc5685ec75f362a73229569f03344ca"", ""d55088c612b1108ef566ec47e40fb8d1050f7451"", ""6c7398993bc567ec84e4573b6ededbf50b1ef606""]",1.0,0.75,0.8571428571428571,False,0.14285714285714285,12288,False,4
"[""ci"", ""fix"", ""test""]","[""ci"", ""fix"", ""refactor"", ""test""]",1.1461236169561744,"[""6f5b1103c0893d13b42f1f7c6504c9c339840be3"", ""be2cbd9480fcbd60c3011ca57f1d761185cf52bd"", ""7f797e68d8f721dff9553ba0ba5616efc456ebb5"", ""625cbbca0d92b8756eac6fcacc795d90527d8975""]",1.0,0.75,0.8571428571428571,False,0.14285714285714285,12288,False,4
"[""feat"", ""fix"", ""refactor"", ""docs"", ""test"", ""ci"", ""build""]","[""build"", ""ci"", ""docs"", ""feat""]",2.50233423570171,"[""45bbdaba1490a3216decb2c1a88b8f7041a3d505"", ""be44bbdeb52c6025e81c99528ed7b0d932c5be18"", ""16124286236edf03a6199720ba1629a35e3fe1aa"", ""3730075261bc81df68f9d10f12a2d6bbffd8493c""]",0.5714285714285714,1.0,0.7272727272727273,False,0.42857142857142855,12288,False,4
"[""feat"", ""fix"", ""refactor"", ""docs"", ""test"", ""ci"", ""build""]","[""feat"", ""fix"", ""refactor"", ""test""]",2.19687543110922,"[""5e09c9128f13c45d54df685b0a17dc8e3f7ff02c"", ""b131f5d67076b97b3186c820760df839bf796ad5"", ""731626ece358b9db69dceeeca91c94920b178bdd"", ""2a7c6f5c0b1c966d6a5d103de1978a61c141648a""]",0.5714285714285714,1.0,0.7272727272727273,False,0.42857142857142855,12288,False,4
"[""feat"", ""docs"", ""ci"", ""build""]","[""build"", ""ci"", ""docs"", ""feat""]",2.4914374500513077,"[""b7e38fb62aa6e8a30d72dec063b1adccd089d0aa"", ""6f5b1103c0893d13b42f1f7c6504c9c339840be3"", ""01e1e33f377934099a4a725fab5cd6c5ff50eaa2"", ""73211952964a79d97b434dd567e6d7d34be7feb5""]",1.0,1.0,1.0,True,0.0,12288,False,4
"[""ci"", ""docs"", ""test"", ""refactor""]","[""ci"", ""docs"", ""fix"", ""test""]",1.7600326077081263,"[""8fe29cdc76480adc79701e4c492ff1e87566f569"", ""8dfd2af29bf784b242992ee9ec0fbc85753b063c"", ""2b1ad9d10fc5685ec75f362a73229569f03344ca"", ""6c7398993bc567ec84e4573b6ededbf50b1ef606""]",0.75,0.75,0.75,False,0.2857142857142857,12288,False,4
"[""feat"", ""build"", ""ci"", ""docs"", ""test"", ""refactor""]","[""build"", ""ci"", ""feat"", ""refactor""]",2.7300786753185093,"[""b8dfd5a2f39b4768cf070aeb9d09364577c626f9"", ""bda1822851d9be04f0d39f2213d1e2066eb115c8"", ""6f0cf049caa1a7982669ee685e86621452686551"", ""b98a8fed0b67b99ef4f8373aea904f847315e468""]",0.6666666666666666,1.0,0.8,False,0.2857142857142857,12288,False,4
"[""build"", ""fix"", ""test""]","[""build"", ""docs"", ""fix"", ""test""]",1.0870101489126682,"[""b7e38fb62aa6e8a30d72dec063b1adccd089d0aa"", ""9849430b11b92ae58d94cfe4d0b06313c7eab550"", ""be2cbd9480fcbd60c3011ca57f1d761185cf52bd"", ""625cbbca0d92b8756eac6fcacc795d90527d8975""]",1.0,0.75,0.8571428571428571,False,0.14285714285714285,12288,False,4
"[""feat"", ""fix"", ""refactor"", ""docs"", ""test"", ""ci"", ""build""]","[""build"", ""docs"", ""refactor"", ""test""]",2.927960316184908,"[""ecc481f9f501aa34b41e06e7bbdde6e79f8ca1bb"", ""ee7cc5d5a940fba774e715b1f029c6361110b108"", ""5748ff57ebafe94c4979eafa790d9a84812ca440"", ""87427fe39d165bee2acedde8dbaa237cca3fb61e""]",0.5714285714285714,1.0,0.7272727272727273,False,0.42857142857142855,12288,False,4
"[""feat"", ""test"", ""ci"", ""refactor"", ""build""]","[""ci"", ""feat"", ""fix"", ""refactor""]",2.240560133010149,"[""be44bbdeb52c6025e81c99528ed7b0d932c5be18"", ""3730075261bc81df68f9d10f12a2d6bbffd8493c"", ""ccd1946a375e2ac10c3c591b04a435c4bc5170c2"", ""0e4ede620dd9a2cdc13ab9cc6da05577b39fddb8""]",0.6,0.75,0.6666666666666665,False,0.42857142857142855,12288,False,4
"[""ci"", ""build"", ""refactor"", ""test""]","[""ci"", ""fix"", ""refactor"", ""test""]",1.9528384627774358,"[""14f535655d39847a85d0193559c9c0010357ba77"", ""2b1ad9d10fc5685ec75f362a73229569f03344ca"", ""d55088c612b1108ef566ec47e40fb8d1050f7451"", ""6c7398993bc567ec84e4573b6ededbf50b1ef606""]",0.75,0.75,0.75,False,0.2857142857142857,12288,False,4
"[""feat"", ""fix"", ""refactor"", ""docs"", ""test"", ""ci"", ""build""]","[""build"", ""docs"", ""feat"", ""test""]",2.932064632885158,"[""f46c6c6c26a14312aa05a77ff2a14aebd74e13ac"", ""fd849bd08363df60dbc8b9b6d55bac4f5ace88f4"", ""7704121d0c0bfce49f01c2b41cbc64a642cbb399"", ""11ffd5174bd61a2939ae58d2b2d43284302ae490""]",0.5714285714285714,1.0,0.7272727272727273,False,0.42857142857142855,12288,False,4
"[""feat"", ""fix"", ""build"", ""test""]","[""build"", ""ci"", ""feat"", ""fix""]",2.4612429249100387,"[""454003841aabeb74396d73541378bfa59c75b5db"", ""bda1822851d9be04f0d39f2213d1e2066eb115c8"", ""ba60e126299ad057772b5516d9ab390e770f1301"", ""238ba1990ea68eb64bdfc6b31efebad2acb01ad6""]",0.75,0.75,0.75,False,0.2857142857142857,12288,False,4
"[""feat"", ""docs"", ""test"", ""build"", ""refactor""]","[""build"", ""docs"", ""feat"", ""refactor""]",2.356491456273943,"[""45bbdaba1490a3216decb2c1a88b8f7041a3d505"", ""16124286236edf03a6199720ba1629a35e3fe1aa"", ""3730075261bc81df68f9d10f12a2d6bbffd8493c"", ""0e4ede620dd9a2cdc13ab9cc6da05577b39fddb8""]",0.8,1.0,0.888888888888889,False,0.14285714285714285,12288,False,4
"[""docs"", ""fix"", ""refactor"", ""test""]","[""docs"", ""fix"", ""refactor"", ""test""]",1.6100255493074656,"[""f58567e01509e53afff5dc6f3b59aaae18398eda"", ""f0c5ace9b5c5b7ea55da8607524d6cb68c615455"", ""8a9a022baa15befc325f87892c6bdae25b35bc33"", ""3c812f916e06a53b899e9e3dd79760b475fa4b87""]",1.0,1.0,1.0,True,0.0,12288,False,4
"[""feat"", ""fix"", ""build""]","[""build"", ""ci"", ""feat"", ""fix""]",2.264110623393208,"[""b8dfd5a2f39b4768cf070aeb9d09364577c626f9"", ""bda1822851d9be04f0d39f2213d1e2066eb115c8"", ""ba60e126299ad057772b5516d9ab390e770f1301"", ""238ba1990ea68eb64bdfc6b31efebad2acb01ad6""]",1.0,0.75,0.8571428571428571,False,0.14285714285714285,12288,False,4
"[""ci"", ""docs"", ""refactor"", ""build""]","[""ci"", ""docs"", ""refactor"", ""test""]",1.7487455010414124,"[""be44bbdeb52c6025e81c99528ed7b0d932c5be18"", ""16124286236edf03a6199720ba1629a35e3fe1aa"", ""0e4ede620dd9a2cdc13ab9cc6da05577b39fddb8"", ""076b9f5efc109b481074a81957e24ce9f4a69f08""]",0.75,0.75,0.75,False,0.2857142857142857,12288,False,4
"[""feat"", ""test"", ""build"", ""refactor""]","[""build"", ""feat"", ""fix"", ""refactor""]",2.1218997817486525,"[""45bbdaba1490a3216decb2c1a88b8f7041a3d505"", ""3730075261bc81df68f9d10f12a2d6bbffd8493c"", ""ccd1946a375e2ac10c3c591b04a435c4bc5170c2"", ""0e4ede620dd9a2cdc13ab9cc6da05577b39fddb8""]",0.75,0.75,0.75,False,0.2857142857142857,12288,False,4
"[""ci"", ""docs"", ""refactor"", ""build""]","[""ci"", ""docs"", ""fix"", ""test""]",1.5792655507102609,"[""be44bbdeb52c6025e81c99528ed7b0d932c5be18"", ""16124286236edf03a6199720ba1629a35e3fe1aa"", ""ccd1946a375e2ac10c3c591b04a435c4bc5170c2"", ""076b9f5efc109b481074a81957e24ce9f4a69f08""]",0.5,0.5,0.5,False,0.5714285714285714,12288,False,4
"[""ci"", ""feat"", ""docs"", ""test""]","[""ci"", ""feat"", ""refactor"", ""test""]",2.0244140517897904,"[""4c44543a3d9eea37e90a2316717feb01c0e0d83a"", ""8a954673531d6935f5517535b9068639ed5cff0d"", ""8f1034b79f894b4b1112a4bc1903f37f22f7f5ed"", ""6c7398993bc567ec84e4573b6ededbf50b1ef606""]",0.75,0.75,0.75,False,0.2857142857142857,12288,False,4
"[""build"", ""test"", ""refactor"", ""docs""]","[""build"", ""docs"", ""refactor"", ""test""]",1.656940106768161,"[""0f38960851ac0fd159727d5dffb36f50268eec18"", ""3ee672483790ec71c700907a6e93af4698492026"", ""f5e80f75ead760ad0810e2b8579a062ac20f5f37"", ""8ee0611fbf0cd89abe7ae588f22e6ecb843598ea""]",1.0,1.0,1.0,True,0.0,12288,False,4
"[""ci"", ""feat""]","[""ci"", ""docs"", ""feat"", ""fix""]",1.3583481241948903,"[""6f5b1103c0893d13b42f1f7c6504c9c339840be3"", ""9849430b11b92ae58d94cfe4d0b06313c7eab550"", ""73211952964a79d97b434dd567e6d7d34be7feb5"", ""be2cbd9480fcbd60c3011ca57f1d761185cf52bd""]",1.0,0.5,0.6666666666666666,False,0.2857142857142857,12288,False,4
"[""feat"", ""test"", ""ci"", ""build"", ""refactor""]","[""build"", ""ci"", ""feat"", ""test""]",1.9531185762025416,"[""45bbdaba1490a3216decb2c1a88b8f7041a3d505"", ""be44bbdeb52c6025e81c99528ed7b0d932c5be18"", ""3730075261bc81df68f9d10f12a2d6bbffd8493c"", ""076b9f5efc109b481074a81957e24ce9f4a69f08""]",0.8,1.0,0.888888888888889,False,0.14285714285714285,12288,False,4
"[""build"", ""docs"", ""refactor""]","[""build"", ""docs"", ""fix"", ""refactor""]",1.5423194458708167,"[""45bbdaba1490a3216decb2c1a88b8f7041a3d505"", ""b8a664c1b10f4e30a3e221a14211a3cdaf90b7f4"", ""ccd1946a375e2ac10c3c591b04a435c4bc5170c2"", ""0e4ede620dd9a2cdc13ab9cc6da05577b39fddb8""]",1.0,0.75,0.8571428571428571,False,0.14285714285714285,12288,False,4
"[""feat"", ""fix"", ""refactor"", ""docs"", ""test"", ""ci"", ""build""]","[""build"", ""feat"", ""fix"", ""refactor""]",2.773561551235616,"[""37b1cbfd3d2c462ef4f2a131e4172c38dc8d9ddf"", ""542f0cad5337de15428f0b6567ce4efd20a19a48"", ""ab1e60a97c6d5c688dacbd23bca40cb8f20c4ac3"", ""7adece9931eaef6aaf603b5567829bbdcb28f2d1""]",0.5714285714285714,1.0,0.7272727272727273,False,0.42857142857142855,12288,False,4
"[""ci"", ""docs"", ""test"", ""refactor""]","[""ci"", ""docs"", ""fix"", ""test""]",1.5375877749174833,"[""e7ecc8763152ed6f89dbf4a6f313c276549eb0b7"", ""29ace62b722bbebf20f0ed2d3fef0910e0973a5a"", ""2b1ad9d10fc5685ec75f362a73229569f03344ca"", ""6c7398993bc567ec84e4573b6ededbf50b1ef606""]",0.75,0.75,0.75,False,0.2857142857142857,12288,False,4
"[""feat"", ""fix"", ""refactor"", ""docs"", ""test"", ""ci"", ""build""]","[""ci"", ""feat"", ""refactor"", ""test""]",2.9569380981847644,"[""6f5b1103c0893d13b42f1f7c6504c9c339840be3"", ""73211952964a79d97b434dd567e6d7d34be7feb5"", ""24760bc2613ed61c4552532907626e209c37b5e8"", ""625cbbca0d92b8756eac6fcacc795d90527d8975""]",0.5714285714285714,1.0,0.7272727272727273,False,0.42857142857142855,12288,False,4
"[""feat"", ""build"", ""test""]","[""build"", ""docs"", ""feat"", ""test""]",1.6071633729152381,"[""b7e38fb62aa6e8a30d72dec063b1adccd089d0aa"", ""9849430b11b92ae58d94cfe4d0b06313c7eab550"", ""73211952964a79d97b434dd567e6d7d34be7feb5"", ""625cbbca0d92b8756eac6fcacc795d90527d8975""]",1.0,0.75,0.8571428571428571,False,0.14285714285714285,12288,False,4
"[""build"", ""ci"", ""refactor""]","[""build"", ""ci"", ""fix"", ""refactor""]",1.588244330137968,"[""45bbdaba1490a3216decb2c1a88b8f7041a3d505"", ""be44bbdeb52c6025e81c99528ed7b0d932c5be18"", ""ccd1946a375e2ac10c3c591b04a435c4bc5170c2"", ""0e4ede620dd9a2cdc13ab9cc6da05577b39fddb8""]",1.0,0.75,0.8571428571428571,False,0.14285714285714285,12288,False,4
"[""feat"", ""fix"", ""refactor"", ""docs"", ""test"", ""ci"", ""build""]","[""build"", ""docs"", ""fix"", ""refactor""]",3.0446589780040085,"[""ecc481f9f501aa34b41e06e7bbdde6e79f8ca1bb"", ""ee7cc5d5a940fba774e715b1f029c6361110b108"", ""cc6408b88246f20c62884a5892a6276baf7c3920"", ""5748ff57ebafe94c4979eafa790d9a84812ca440""]",0.5714285714285714,1.0,0.7272727272727273,False,0.42857142857142855,12288,False,4
"[""ci"", ""docs"", ""feat"", ""test""]","[""ci"", ""docs"", ""feat"", ""test""]",1.6796768619678915,"[""6f5b1103c0893d13b42f1f7c6504c9c339840be3"", ""9849430b11b92ae58d94cfe4d0b06313c7eab550"", ""73211952964a79d97b434dd567e6d7d34be7feb5"", ""625cbbca0d92b8756eac6fcacc795d90527d8975""]",1.0,1.0,1.0,True,0.0,12288,False,4
"[""feat"", ""refactor"", ""ci"", ""build""]","[""build"", ""ci"", ""feat"", ""fix"", ""refactor""]",2.094480822328478,"[""b7e38fb62aa6e8a30d72dec063b1adccd089d0aa"", ""6f5b1103c0893d13b42f1f7c6504c9c339840be3"", ""73211952964a79d97b434dd567e6d7d34be7feb5"", ""be2cbd9480fcbd60c3011ca57f1d761185cf52bd"", ""3cb4a48ebd15c20692f4f3a2a924284dc7fd5e10""]",1.0,0.8,0.888888888888889,False,0.14285714285714285,12288,False,5
"[""feat"", ""docs"", ""test"", ""build""]","[""build"", ""docs"", ""feat"", ""fix"", ""test""]",2.3236199179664254,"[""b7e38fb62aa6e8a30d72dec063b1adccd089d0aa"", ""01e1e33f377934099a4a725fab5cd6c5ff50eaa2"", ""73211952964a79d97b434dd567e6d7d34be7feb5"", ""be2cbd9480fcbd60c3011ca57f1d761185cf52bd"", ""625cbbca0d92b8756eac6fcacc795d90527d8975""]",1.0,0.8,0.888888888888889,False,0.14285714285714285,12288,False,5
"[""ci"", ""docs"", ""feat"", ""test""]","[""ci"", ""docs"", ""feat"", ""refactor"", ""test""]",2.123274839948863,"[""6f5b1103c0893d13b42f1f7c6504c9c339840be3"", ""9849430b11b92ae58d94cfe4d0b06313c7eab550"", ""73211952964a79d97b434dd567e6d7d34be7feb5"", ""6f638a53c18a66979b89220c9945ef97e49571b3"", ""625cbbca0d92b8756eac6fcacc795d90527d8975""]",1.0,0.8,0.888888888888889,False,0.14285714285714285,12288,False,5
"[""feat"", ""fix"", ""refactor"", ""docs"", ""test"", ""ci"", ""build""]","[""build"", ""docs"", ""fix"", ""refactor"", ""test""]",2.472433299291879,"[""2d4d735d94386f5045e3b3abc022c2edcdfaef8f"", ""969aa32659f6918cb0eeeba6b02d6485659dbdd2"", ""eb9f7b24364e86d7bcf50bb23b62c743cf5526f6"", ""3e0e30ecebaf23f0c36fa4811426f8f4e0057cfe"", ""e77f6751182595fe08940d67e11a90416c8dd6fd""]",0.7142857142857143,1.0,0.8333333333333333,False,0.2857142857142857,12288,False,5
"[""feat"", ""fix"", ""refactor"", ""docs"", ""test"", ""ci"", ""build""]","[""build"", ""ci"", ""docs"", ""refactor"", ""test""]",2.2917668716982007,"[""45bbdaba1490a3216decb2c1a88b8f7041a3d505"", ""be44bbdeb52c6025e81c99528ed7b0d932c5be18"", ""16124286236edf03a6199720ba1629a35e3fe1aa"", ""0e4ede620dd9a2cdc13ab9cc6da05577b39fddb8"", ""076b9f5efc109b481074a81957e24ce9f4a69f08""]",0.7142857142857143,1.0,0.8333333333333333,False,0.2857142857142857,12288,False,5
"[""feat"", ""docs"", ""ci"", ""test"", ""refactor""]","[""ci"", ""feat"", ""fix"", ""refactor"", ""test""]",2.7183590051718056,"[""bb00890fa896936d0be09cc5e5f411fb5e64aa5f"", ""8a954673531d6935f5517535b9068639ed5cff0d"", ""2b1ad9d10fc5685ec75f362a73229569f03344ca"", ""d55088c612b1108ef566ec47e40fb8d1050f7451"", ""6c7398993bc567ec84e4573b6ededbf50b1ef606""]",0.8,0.8,0.8000000000000002,False,0.2857142857142857,12288,False,5
"[""feat"", ""docs"", ""test"", ""ci"", ""build""]","[""build"", ""ci"", ""docs"", ""feat"", ""fix""]",2.0795773090794683,"[""45bbdaba1490a3216decb2c1a88b8f7041a3d505"", ""be44bbdeb52c6025e81c99528ed7b0d932c5be18"", ""16124286236edf03a6199720ba1629a35e3fe1aa"", ""3730075261bc81df68f9d10f12a2d6bbffd8493c"", ""ccd1946a375e2ac10c3c591b04a435c4bc5170c2""]",0.8,0.8,0.8000000000000002,False,0.2857142857142857,12288,False,5
"[""feat"", ""fix"", ""refactor"", ""docs"", ""test"", ""ci"", ""build""]","[""build"", ""ci"", ""feat"", ""refactor"", ""test""]",2.708255084697157,"[""45bbdaba1490a3216decb2c1a88b8f7041a3d505"", ""be44bbdeb52c6025e81c99528ed7b0d932c5be18"", ""3730075261bc81df68f9d10f12a2d6bbffd8493c"", ""0e4ede620dd9a2cdc13ab9cc6da05577b39fddb8"", ""076b9f5efc109b481074a81957e24ce9f4a69f08""]",0.7142857142857143,1.0,0.8333333333333333,False,0.2857142857142857,12288,False,5
"[""ci"", ""docs"", ""feat"", ""refactor""]","[""ci"", ""docs"", ""feat"", ""fix"", ""refactor""]",3.0455027180723846,"[""6f5b1103c0893d13b42f1f7c6504c9c339840be3"", ""eb51316cdfdc7258d287ba13b67ef2f42bd2b8f6"", ""73211952964a79d97b434dd567e6d7d34be7feb5"", ""be2cbd9480fcbd60c3011ca57f1d761185cf52bd"", ""fd53cd188555f5c3dc8bc341c5d7eb04b761a70f""]",1.0,0.8,0.888888888888889,False,0.14285714285714285,12288,False,5
"[""feat"", ""docs"", ""test"", ""build""]","[""build"", ""docs"", ""feat"", ""fix"", ""test""]",2.476885113865137,"[""b7e38fb62aa6e8a30d72dec063b1adccd089d0aa"", ""eb51316cdfdc7258d287ba13b67ef2f42bd2b8f6"", ""73211952964a79d97b434dd567e6d7d34be7feb5"", ""be2cbd9480fcbd60c3011ca57f1d761185cf52bd"", ""625cbbca0d92b8756eac6fcacc795d90527d8975""]",1.0,0.8,0.888888888888889,False,0.14285714285714285,12288,False,5
"[""build"", ""docs"", ""refactor"", ""test""]","[""build"", ""docs"", ""fix"", ""refactor"", ""test""]",1.7979217511601746,"[""45bbdaba1490a3216decb2c1a88b8f7041a3d505"", ""b8a664c1b10f4e30a3e221a14211a3cdaf90b7f4"", ""ccd1946a375e2ac10c3c591b04a435c4bc5170c2"", ""0e4ede620dd9a2cdc13ab9cc6da05577b39fddb8"", ""076b9f5efc109b481074a81957e24ce9f4a69f08""]",1.0,0.8,0.888888888888889,False,0.14285714285714285,12288,False,5
"[""feat"", ""fix"", ""refactor"", ""docs"", ""test"", ""ci"", ""build""]","[""build"", ""ci"", ""docs"", ""feat"", ""refactor""]",2.705577522981912,"[""45bbdaba1490a3216decb2c1a88b8f7041a3d505"", ""be44bbdeb52c6025e81c99528ed7b0d932c5be18"", ""b8a664c1b10f4e30a3e221a14211a3cdaf90b7f4"", ""3730075261bc81df68f9d10f12a2d6bbffd8493c"", ""0e4ede620dd9a2cdc13ab9cc6da05577b39fddb8""]",0.7142857142857143,1.0,0.8333333333333333,False,0.2857142857142857,12288,False,5
"[""feat"", ""fix"", ""refactor"", ""docs"", ""test"", ""ci"", ""build""]","[""ci"", ""feat"", ""fix"", ""refactor"", ""test""]",2.510320608969778,"[""6f5b1103c0893d13b42f1f7c6504c9c339840be3"", ""73211952964a79d97b434dd567e6d7d34be7feb5"", ""be2cbd9480fcbd60c3011ca57f1d761185cf52bd"", ""eb8d919e6f3443db279ba0c902f15d76676c02dc"", ""625cbbca0d92b8756eac6fcacc795d90527d8975""]",0.7142857142857143,1.0,0.8333333333333333,False,0.2857142857142857,12288,False,5
"[""build"", ""ci"", ""docs"", ""fix"", ""test""]","[""build"", ""ci"", ""docs"", ""fix"", ""test""]",2.1002636030316353,"[""b7e38fb62aa6e8a30d72dec063b1adccd089d0aa"", ""6f5b1103c0893d13b42f1f7c6504c9c339840be3"", ""01e1e33f377934099a4a725fab5cd6c5ff50eaa2"", ""be2cbd9480fcbd60c3011ca57f1d761185cf52bd"", ""625cbbca0d92b8756eac6fcacc795d90527d8975""]",1.0,1.0,1.0,True,0.0,12288,False,5
"[""build"", ""ci"", ""fix"", ""test""]","[""build"", ""ci"", ""docs"", ""fix"", ""test""]",1.3427787311375141,"[""b7e38fb62aa6e8a30d72dec063b1adccd089d0aa"", ""6f5b1103c0893d13b42f1f7c6504c9c339840be3"", ""9849430b11b92ae58d94cfe4d0b06313c7eab550"", ""be2cbd9480fcbd60c3011ca57f1d761185cf52bd"", ""625cbbca0d92b8756eac6fcacc795d90527d8975""]",1.0,0.8,0.888888888888889,False,0.14285714285714285,12288,False,5
"[""feat"", ""fix"", ""refactor"", ""docs"", ""test"", ""ci"", ""build""]","[""build"", ""docs"", ""feat"", ""fix"", ""refactor""]",2.65814167028293,"[""45bbdaba1490a3216decb2c1a88b8f7041a3d505"", ""b8a664c1b10f4e30a3e221a14211a3cdaf90b7f4"", ""3730075261bc81df68f9d10f12a2d6bbffd8493c"", ""ccd1946a375e2ac10c3c591b04a435c4bc5170c2"", ""0e4ede620dd9a2cdc13ab9cc6da05577b39fddb8""]",0.7142857142857143,1.0,0.8333333333333333,False,0.2857142857142857,12288,False,5
"[""feat"", ""build"", ""ci"", ""test"", ""refactor""]","[""build"", ""ci"", ""feat"", ""refactor"", ""test""]",2.135657339822501,"[""b7e38fb62aa6e8a30d72dec063b1adccd089d0aa"", ""6f5b1103c0893d13b42f1f7c6504c9c339840be3"", ""73211952964a79d97b434dd567e6d7d34be7feb5"", ""816b0d49c45f6669c5aae748396e9551f2e30a96"", ""625cbbca0d92b8756eac6fcacc795d90527d8975""]",1.0,1.0,1.0,True,0.0,12288,False,5
"[""docs"", ""feat"", ""test""]","[""docs"", ""feat"", ""fix"", ""refactor"", ""test""]",1.4393253549933434,"[""fc9af4d0b93d69be4e201ffb18da04324e8a4a87"", ""15b8e4bc9349ce017f65e10b95cae48b0aa11828"", ""eb9f7b24364e86d7bcf50bb23b62c743cf5526f6"", ""72e3eed599b3a3dd154575af344ac3e5c62dd07b"", ""e77f6751182595fe08940d67e11a90416c8dd6fd""]",1.0,0.6,0.7499999999999999,False,0.2857142857142857,12288,False,5
"[""feat"", ""refactor"", ""ci"", ""test"", ""docs""]","[""ci"", ""feat"", ""fix"", ""refactor"", ""test""]",3.137085346970707,"[""87d576e936e234d0429ad753267a2760c5dfd314"", ""8a954673531d6935f5517535b9068639ed5cff0d"", ""2b1ad9d10fc5685ec75f362a73229569f03344ca"", ""d55088c612b1108ef566ec47e40fb8d1050f7451"", ""6c7398993bc567ec84e4573b6ededbf50b1ef606""]",0.8,0.8,0.8000000000000002,False,0.2857142857142857,12288,False,5
"[""feat"", ""fix"", ""refactor"", ""docs"", ""test"", ""ci"", ""build""]","[""build"", ""ci"", ""docs"", ""feat"", ""refactor""]",2.8007563669234514,"[""b7e38fb62aa6e8a30d72dec063b1adccd089d0aa"", ""6f5b1103c0893d13b42f1f7c6504c9c339840be3"", ""9849430b11b92ae58d94cfe4d0b06313c7eab550"", ""73211952964a79d97b434dd567e6d7d34be7feb5"", ""3550066c886bf253df376f303a60ed475ac42aaa""]",0.7142857142857143,1.0,0.8333333333333333,False,0.2857142857142857,12288,False,5
"[""build"", ""ci"", ""docs"", ""refactor""]","[""build"", ""ci"", ""docs"", ""fix"", ""test""]",1.7459188299253583,"[""45bbdaba1490a3216decb2c1a88b8f7041a3d505"", ""be44bbdeb52c6025e81c99528ed7b0d932c5be18"", ""16124286236edf03a6199720ba1629a35e3fe1aa"", ""ccd1946a375e2ac10c3c591b04a435c4bc5170c2"", ""076b9f5efc109b481074a81957e24ce9f4a69f08""]",0.75,0.6,0.6666666666666665,False,0.42857142857142855,12288,False,5
"[""feat"", ""docs"", ""ci"", ""test""]","[""build"", ""ci"", ""docs"", ""feat"", ""test""]",2.3192769247107208,"[""b7e38fb62aa6e8a30d72dec063b1adccd089d0aa"", ""6f5b1103c0893d13b42f1f7c6504c9c339840be3"", ""01e1e33f377934099a4a725fab5cd6c5ff50eaa2"", ""73211952964a79d97b434dd567e6d7d34be7feb5"", ""625cbbca0d92b8756eac6fcacc795d90527d8975""]",1.0,0.8,0.888888888888889,False,0.14285714285714285,12288,False,5
"[""ci"", ""feat"", ""docs"", ""refactor""]","[""ci"", ""docs"", ""feat"", ""fix"", ""refactor""]",2.0944820786826313,"[""976c34b6fdc32a7f3337f98e67a7c9e4ee9e793e"", ""7f611e4208d0cc36c635eb0641a4b3258999ae8d"", ""8a954673531d6935f5517535b9068639ed5cff0d"", ""2b1ad9d10fc5685ec75f362a73229569f03344ca"", ""8f1034b79f894b4b1112a4bc1903f37f22f7f5ed""]",1.0,0.8,0.888888888888889,False,0.14285714285714285,12288,False,5
"[""feat"", ""fix"", ""refactor"", ""docs"", ""test"", ""ci"", ""build""]","[""build"", ""feat"", ""fix"", ""refactor"", ""test""]",3.5728734699077904,"[""bfe32bf10e9b6d699f694fbd095af0b3f2e6275f"", ""482442ecc1aaf981895a36c367abbd377fd93891"", ""80242b34468398e835e5b3fc5ac345dbae4bcc7e"", ""d4d8bdd3a0a5cec993735abc2e8cc2feff8eae27"", ""cd2bfb9b2298e8cd91013808547b35a9c40f46f1""]",0.7142857142857143,1.0,0.8333333333333333,False,0.2857142857142857,12288,False,5
"[""ci"", ""docs"", ""fix"", ""test""]","[""ci"", ""docs"", ""fix"", ""refactor"", ""test""]",2.4784114556387067,"[""6f5b1103c0893d13b42f1f7c6504c9c339840be3"", ""01e1e33f377934099a4a725fab5cd6c5ff50eaa2"", ""be2cbd9480fcbd60c3011ca57f1d761185cf52bd"", ""6f638a53c18a66979b89220c9945ef97e49571b3"", ""625cbbca0d92b8756eac6fcacc795d90527d8975""]",1.0,0.8,0.888888888888889,False,0.14285714285714285,12288,False,5
"[""feat"", ""refactor"", ""build"", ""ci"", ""test""]","[""build"", ""ci"", ""feat"", ""refactor"", ""test""]",2.537241802085191,"[""b7e38fb62aa6e8a30d72dec063b1adccd089d0aa"", ""6f5b1103c0893d13b42f1f7c6504c9c339840be3"", ""73211952964a79d97b434dd567e6d7d34be7feb5"", ""bc4495b32ec752b6c4b29719e831c043ef2a26ce"", ""625cbbca0d92b8756eac6fcacc795d90527d8975""]",1.0,1.0,1.0,True,0.0,12288,False,5
"[""feat"", ""docs"", ""ci"", ""build""]","[""build"", ""ci"", ""docs"", ""feat"", ""fix""]",2.3813736820593476,"[""b7e38fb62aa6e8a30d72dec063b1adccd089d0aa"", ""6f5b1103c0893d13b42f1f7c6504c9c339840be3"", ""eb51316cdfdc7258d287ba13b67ef2f42bd2b8f6"", ""73211952964a79d97b434dd567e6d7d34be7feb5"", ""be2cbd9480fcbd60c3011ca57f1d761185cf52bd""]",1.0,0.8,0.888888888888889,False,0.14285714285714285,12288,False,5
"[""build"", ""docs"", ""fix"", ""test""]","[""build"", ""docs"", ""fix"", ""refactor"", ""test""]",2.4948463179171085,"[""ecc481f9f501aa34b41e06e7bbdde6e79f8ca1bb"", ""ee7cc5d5a940fba774e715b1f029c6361110b108"", ""45b386aa3f06bce06f5e03fbde0aa52c4051c8bc"", ""5748ff57ebafe94c4979eafa790d9a84812ca440"", ""87427fe39d165bee2acedde8dbaa237cca3fb61e""]",1.0,0.8,0.888888888888889,False,0.14285714285714285,12288,False,5
"[""ci"", ""docs"", ""feat"", ""test""]","[""ci"", ""docs"", ""feat"", ""fix"", ""test""]",2.3842592812143266,"[""6f5b1103c0893d13b42f1f7c6504c9c339840be3"", ""eb51316cdfdc7258d287ba13b67ef2f42bd2b8f6"", ""73211952964a79d97b434dd567e6d7d34be7feb5"", ""be2cbd9480fcbd60c3011ca57f1d761185cf52bd"", ""625cbbca0d92b8756eac6fcacc795d90527d8975""]",1.0,0.8,0.888888888888889,False,0.14285714285714285,12288,False,5
"[""feat"", ""fix"", ""refactor"", ""docs"", ""test"", ""ci"", ""build""]","[""build"", ""docs"", ""feat"", ""fix"", ""refactor""]",3.141757789067924,"[""ecc481f9f501aa34b41e06e7bbdde6e79f8ca1bb"", ""ee7cc5d5a940fba774e715b1f029c6361110b108"", ""f9a094918b62534614c47aa8a13f33aec751a1e0"", ""cc6408b88246f20c62884a5892a6276baf7c3920"", ""5748ff57ebafe94c4979eafa790d9a84812ca440""]",0.7142857142857143,1.0,0.8333333333333333,False,0.2857142857142857,12288,False,5
"[""feat"", ""fix"", ""refactor"", ""docs"", ""test"", ""ci"", ""build""]","[""build"", ""ci"", ""feat"", ""refactor"", ""test""]",3.266472449991852,"[""b8dfd5a2f39b4768cf070aeb9d09364577c626f9"", ""bda1822851d9be04f0d39f2213d1e2066eb115c8"", ""ba60e126299ad057772b5516d9ab390e770f1301"", ""d4d8bdd3a0a5cec993735abc2e8cc2feff8eae27"", ""b7e2330fa3a8d7b8a9bff01b707c44e64b845c7b""]",0.7142857142857143,1.0,0.8333333333333333,False,0.2857142857142857,12288,False,5
"[""docs"", ""build"", ""ci"", ""fix"", ""test""]","[""build"", ""ci"", ""fix"", ""refactor"", ""test""]",1.7741991700604558,"[""4542d9973a848a2bd4f9baf12992efe7d7a69f2c"", ""db55dae208e4807898e6c747cefdf9bfcb4fd08c"", ""c4d9e5023fa0f88ba283b37da27677ceda1cbfbb"", ""f86944ff00b970d7e2da48abbff43e58bdf29b99"", ""1f663cbe4b4a9e7a0ae89c05f824335f2a0857fd""]",0.8,0.8,0.8000000000000002,False,0.2857142857142857,12288,False,5
"[""feat"", ""docs"", ""test"", ""build""]","[""build"", ""docs"", ""feat"", ""refactor"", ""test""]",1.910975422244519,"[""0f38960851ac0fd159727d5dffb36f50268eec18"", ""e0177c25e13812306aab0b0991562d58b6d14767"", ""1ae8bf1195b197daa80ba6e45360f8b894364cd4"", ""336b25f3ae9da5d972304662fcdb88f4719c721d"", ""8ee0611fbf0cd89abe7ae588f22e6ecb843598ea""]",1.0,0.8,0.888888888888889,False,0.14285714285714285,12288,False,5
"[""ci"", ""docs"", ""refactor"", ""test""]","[""ci"", ""docs"", ""feat"", ""fix"", ""test""]",2.3351611052639782,"[""8d2e23bde626eaed6e5b13384cc7ac38bab5ea66"", ""527e0abd0f88cb3ae2dc1a6ec7a62c241250444d"", ""4a4c7afca7e1beadd4b213214074fdb420eb0923"", ""a81bbb83d64867f08c4d1be10919ef6806a1bf51"", ""cdbc37711fa9c64b2cfa767766ca55c95c1736f7""]",0.75,0.6,0.6666666666666665,False,0.42857142857142855,12288,False,5
"[""build"", ""ci"", ""fix"", ""refactor""]","[""build"", ""ci"", ""docs"", ""fix"", ""refactor""]",2.0214830175973475,"[""b7e38fb62aa6e8a30d72dec063b1adccd089d0aa"", ""6f5b1103c0893d13b42f1f7c6504c9c339840be3"", ""9849430b11b92ae58d94cfe4d0b06313c7eab550"", ""be2cbd9480fcbd60c3011ca57f1d761185cf52bd"", ""03e413d7175d35827cd7d8908d47dbae15a849a3""]",1.0,0.8,0.888888888888889,False,0.14285714285714285,12288,False,5
"[""build"", ""ci"", ""docs"", ""fix"", ""refactor"", ""test""]","[""build"", ""ci"", ""docs"", ""fix"", ""refactor""]",2.815988792106509,"[""b7e38fb62aa6e8a30d72dec063b1adccd089d0aa"", ""6f5b1103c0893d13b42f1f7c6504c9c339840be3"", ""01e1e33f377934099a4a725fab5cd6c5ff50eaa2"", ""be2cbd9480fcbd60c3011ca57f1d761185cf52bd"", ""3550066c886bf253df376f303a60ed475ac42aaa""]",0.8333333333333334,1.0,0.9090909090909091,False,0.14285714285714285,12288,False,5
"[""feat"", ""build"", ""ci"", ""test""]","[""build"", ""ci"", ""feat"", ""fix"", ""test""]",1.6582419220358133,"[""b7e38fb62aa6e8a30d72dec063b1adccd089d0aa"", ""6f5b1103c0893d13b42f1f7c6504c9c339840be3"", ""73211952964a79d97b434dd567e6d7d34be7feb5"", ""be2cbd9480fcbd60c3011ca57f1d761185cf52bd"", ""625cbbca0d92b8756eac6fcacc795d90527d8975""]",1.0,0.8,0.888888888888889,False,0.14285714285714285,12288,False,5
"[""feat"", ""fix"", ""refactor"", ""docs"", ""test"", ""ci"", ""build""]","[""docs"", ""feat"", ""fix"", ""refactor"", ""test""]",2.8734599398449063,"[""9849430b11b92ae58d94cfe4d0b06313c7eab550"", ""73211952964a79d97b434dd567e6d7d34be7feb5"", ""be2cbd9480fcbd60c3011ca57f1d761185cf52bd"", ""fd61615d1a7be9d13de2114a01e2d0ad63b59274"", ""625cbbca0d92b8756eac6fcacc795d90527d8975""]",0.7142857142857143,1.0,0.8333333333333333,False,0.2857142857142857,12288,False,5
"[""feat"", ""docs"", ""ci"", ""build"", ""refactor""]","[""build"", ""ci"", ""docs"", ""feat"", ""refactor""]",2.9095287481322885,"[""b7e38fb62aa6e8a30d72dec063b1adccd089d0aa"", ""6f5b1103c0893d13b42f1f7c6504c9c339840be3"", ""01e1e33f377934099a4a725fab5cd6c5ff50eaa2"", ""73211952964a79d97b434dd567e6d7d34be7feb5"", ""eafee3c5c124ce0c71fd854270cea39cc273b27c""]",1.0,1.0,1.0,True,0.0,12288,False,5
"[""feat"", ""fix"", ""refactor"", ""docs"", ""test"", ""ci"", ""build""]","[""build"", ""feat"", ""fix"", ""refactor"", ""test""]",2.914919861126691,"[""b7e38fb62aa6e8a30d72dec063b1adccd089d0aa"", ""73211952964a79d97b434dd567e6d7d34be7feb5"", ""be2cbd9480fcbd60c3011ca57f1d761185cf52bd"", ""7005cf8c47416583e3d9fa91c3bd50113155c91a"", ""625cbbca0d92b8756eac6fcacc795d90527d8975""]",0.7142857142857143,1.0,0.8333333333333333,False,0.2857142857142857,12288,False,5
"[""feat"", ""fix"", ""refactor"", ""docs"", ""test"", ""ci"", ""build""]","[""build"", ""ci"", ""docs"", ""feat"", ""test""]",2.578659907914698,"[""45bbdaba1490a3216decb2c1a88b8f7041a3d505"", ""be44bbdeb52c6025e81c99528ed7b0d932c5be18"", ""16124286236edf03a6199720ba1629a35e3fe1aa"", ""3730075261bc81df68f9d10f12a2d6bbffd8493c"", ""076b9f5efc109b481074a81957e24ce9f4a69f08""]",0.7142857142857143,1.0,0.8333333333333333,False,0.2857142857142857,12288,False,5
"[""ci"", ""docs"", ""refactor"", ""build""]","[""ci"", ""docs"", ""fix"", ""refactor"", ""test""]",1.8318367339670658,"[""be44bbdeb52c6025e81c99528ed7b0d932c5be18"", ""16124286236edf03a6199720ba1629a35e3fe1aa"", ""ccd1946a375e2ac10c3c591b04a435c4bc5170c2"", ""0e4ede620dd9a2cdc13ab9cc6da05577b39fddb8"", ""076b9f5efc109b481074a81957e24ce9f4a69f08""]",0.75,0.6,0.6666666666666665,False,0.42857142857142855,12288,False,5
"[""feat"", ""fix"", ""refactor"", ""docs"", ""test"", ""ci"", ""build""]","[""build"", ""docs"", ""feat"", ""refactor"", ""test""]",3.7184890448115766,"[""ecc481f9f501aa34b41e06e7bbdde6e79f8ca1bb"", ""144388439d64e049cbed4e37659e819856d6987f"", ""ded26d768ff432ad3bde3c0aa1e95ce50726100a"", ""5748ff57ebafe94c4979eafa790d9a84812ca440"", ""87427fe39d165bee2acedde8dbaa237cca3fb61e""]",0.7142857142857143,1.0,0.8333333333333333,False,0.2857142857142857,12288,False,5
"[""feat"", ""docs"", ""ci"", ""refactor""]","[""ci"", ""docs"", ""feat"", ""fix"", ""refactor""]",3.1322868671268225,"[""6f5b1103c0893d13b42f1f7c6504c9c339840be3"", ""eb51316cdfdc7258d287ba13b67ef2f42bd2b8f6"", ""73211952964a79d97b434dd567e6d7d34be7feb5"", ""be2cbd9480fcbd60c3011ca57f1d761185cf52bd"", ""d357640fab55e5964fe83efc3c771e53aa3222fd""]",1.0,0.8,0.888888888888889,False,0.14285714285714285,12288,False,5
"[""build"", ""ci"", ""refactor""]","[""build"", ""ci"", ""fix"", ""refactor"", ""test""]",1.6730716591700912,"[""45bbdaba1490a3216decb2c1a88b8f7041a3d505"", ""be44bbdeb52c6025e81c99528ed7b0d932c5be18"", ""ccd1946a375e2ac10c3c591b04a435c4bc5170c2"", ""0e4ede620dd9a2cdc13ab9cc6da05577b39fddb8"", ""076b9f5efc109b481074a81957e24ce9f4a69f08""]",1.0,0.6,0.7499999999999999,False,0.2857142857142857,12288,False,5
"[""feat"", ""fix"", ""refactor"", ""docs"", ""test"", ""ci"", ""build""]","[""build"", ""ci"", ""docs"", ""feat"", ""test""]",2.5031029069796205,"[""45bbdaba1490a3216decb2c1a88b8f7041a3d505"", ""be44bbdeb52c6025e81c99528ed7b0d932c5be18"", ""b8a664c1b10f4e30a3e221a14211a3cdaf90b7f4"", ""3730075261bc81df68f9d10f12a2d6bbffd8493c"", ""076b9f5efc109b481074a81957e24ce9f4a69f08""]",0.7142857142857143,1.0,0.8333333333333333,False,0.2857142857142857,12288,False,5
"[""build"", ""ci"", ""docs"", ""fix"", ""refactor""]","[""build"", ""ci"", ""docs"", ""fix"", ""refactor""]",2.0684753260575235,"[""b7e38fb62aa6e8a30d72dec063b1adccd089d0aa"", ""6f5b1103c0893d13b42f1f7c6504c9c339840be3"", ""eb51316cdfdc7258d287ba13b67ef2f42bd2b8f6"", ""be2cbd9480fcbd60c3011ca57f1d761185cf52bd"", ""190aef43fd30e693af822c176f9b686591568719""]",1.0,1.0,1.0,True,0.0,12288,False,5
"[""feat"", ""fix"", ""refactor"", ""docs"", ""test"", ""ci"", ""build""]","[""build"", ""feat"", ""fix"", ""refactor"", ""test""]",2.088012499269098,"[""b0866f62417f56bdd5a46e8f14278af79efc4d76"", ""a84d6715a4df12cc0ee9aa6f2596ce3b04353958"", ""eebee9ab0bb6d4255ad0402d8422364e96bfef61"", ""e8a8edadc5c25d6410462b89a48e0602e0cbbc7f"", ""e77f6751182595fe08940d67e11a90416c8dd6fd""]",0.7142857142857143,1.0,0.8333333333333333,False,0.2857142857142857,12288,False,5
"[""ci"", ""docs"", ""refactor"", ""feat"", ""build"", ""test""]","[""ci"", ""docs"", ""feat"", ""fix"", ""test""]",2.5403603170998394,"[""8d2e23bde626eaed6e5b13384cc7ac38bab5ea66"", ""036a0ff49a7dade0e04c9c07071a1ff49133ee24"", ""bbb6ee10de824f2e3259576ac01768640c884279"", ""f9d9f859240c6f7e78b0303ea40e46622d42bc3c"", ""cdbc37711fa9c64b2cfa767766ca55c95c1736f7""]",0.6666666666666666,0.8,0.7272727272727272,False,0.42857142857142855,12288,False,5
"[""feat"", ""refactor"", ""build"", ""ci"", ""test""]","[""build"", ""ci"", ""feat"", ""refactor"", ""test""]",2.652010452002287,"[""b7e38fb62aa6e8a30d72dec063b1adccd089d0aa"", ""6f5b1103c0893d13b42f1f7c6504c9c339840be3"", ""73211952964a79d97b434dd567e6d7d34be7feb5"", ""8da0303bc02db5fe047cfc0631a9da41d9dc60f7"", ""625cbbca0d92b8756eac6fcacc795d90527d8975""]",1.0,1.0,1.0,True,0.0,12288,False,5
"[""feat"", ""build"", ""ci"", ""docs"", ""refactor""]","[""build"", ""ci"", ""docs"", ""feat"", ""fix""]",1.8925346732139587,"[""b7e38fb62aa6e8a30d72dec063b1adccd089d0aa"", ""6f5b1103c0893d13b42f1f7c6504c9c339840be3"", ""9849430b11b92ae58d94cfe4d0b06313c7eab550"", ""73211952964a79d97b434dd567e6d7d34be7feb5"", ""be2cbd9480fcbd60c3011ca57f1d761185cf52bd""]",0.8,0.8,0.8000000000000002,False,0.2857142857142857,12288,False,5
"[""ci"", ""docs"", ""refactor"", ""test""]","[""ci"", ""docs"", ""fix"", ""refactor"", ""test""]",1.6429069689475,"[""db2dbc13d7da2ae85cd3206d330be8ed0ebe1b2c"", ""12257ce53f94dc902df4ba087de90f52d2840ad4"", ""2b1ad9d10fc5685ec75f362a73229569f03344ca"", ""8f1034b79f894b4b1112a4bc1903f37f22f7f5ed"", ""6c7398993bc567ec84e4573b6ededbf50b1ef606""]",1.0,0.8,0.888888888888889,False,0.14285714285714285,12288,False,5
"[""feat"", ""docs"", ""test"", ""refactor""]","[""docs"", ""feat"", ""fix"", ""refactor"", ""test""]",2.8085957765579224,"[""eb51316cdfdc7258d287ba13b67ef2f42bd2b8f6"", ""73211952964a79d97b434dd567e6d7d34be7feb5"", ""be2cbd9480fcbd60c3011ca57f1d761185cf52bd"", ""eb8d919e6f3443db279ba0c902f15d76676c02dc"", ""625cbbca0d92b8756eac6fcacc795d90527d8975""]",1.0,0.8,0.888888888888889,False,0.14285714285714285,12288,False,5
"[""feat"", ""fix"", ""refactor"", ""docs"", ""test"", ""ci"", ""build""]","[""build"", ""ci"", ""feat"", ""fix"", ""refactor""]",3.4138050340116024,"[""454003841aabeb74396d73541378bfa59c75b5db"", ""bda1822851d9be04f0d39f2213d1e2066eb115c8"", ""9114362b39f5194209cd0b330af7076333f3db77"", ""80242b34468398e835e5b3fc5ac345dbae4bcc7e"", ""fba4326c72fc22d81aba6976a9fef1e4b6154fd9""]",0.7142857142857143,1.0,0.8333333333333333,False,0.2857142857142857,12288,False,5
"[""build"", ""docs"", ""fix"", ""test""]","[""build"", ""docs"", ""feat"", ""fix"", ""test""]",2.284949495922774,"[""ecc481f9f501aa34b41e06e7bbdde6e79f8ca1bb"", ""144388439d64e049cbed4e37659e819856d6987f"", ""8b9176b44bb01a1eef497a403b0304bc389c9aee"", ""45b386aa3f06bce06f5e03fbde0aa52c4051c8bc"", ""3c04162664b130c9486cba54afc16b6e57c779d1""]",1.0,0.8,0.888888888888889,False,0.14285714285714285,12288,False,5
"[""build"", ""ci"", ""docs"", ""refactor"", ""test""]","[""build"", ""ci"", ""docs"", ""refactor"", ""test""]",2.49994608014822,"[""b7e38fb62aa6e8a30d72dec063b1adccd089d0aa"", ""6f5b1103c0893d13b42f1f7c6504c9c339840be3"", ""01e1e33f377934099a4a725fab5cd6c5ff50eaa2"", ""3cb4a48ebd15c20692f4f3a2a924284dc7fd5e10"", ""625cbbca0d92b8756eac6fcacc795d90527d8975""]",1.0,1.0,1.0,True,0.0,12288,False,5
"[""feat"", ""fix"", ""refactor"", ""docs"", ""test"", ""ci"", ""build""]","[""build"", ""ci"", ""docs"", ""refactor"", ""test""]",2.038253404200077,"[""45bbdaba1490a3216decb2c1a88b8f7041a3d505"", ""be44bbdeb52c6025e81c99528ed7b0d932c5be18"", ""b8a664c1b10f4e30a3e221a14211a3cdaf90b7f4"", ""0e4ede620dd9a2cdc13ab9cc6da05577b39fddb8"", ""076b9f5efc109b481074a81957e24ce9f4a69f08""]",0.7142857142857143,1.0,0.8333333333333333,False,0.2857142857142857,12288,False,5
"[""feat"", ""test"", ""build"", ""refactor""]","[""build"", ""feat"", ""fix"", ""refactor"", ""test""]",2.0630253520794213,"[""45bbdaba1490a3216decb2c1a88b8f7041a3d505"", ""3730075261bc81df68f9d10f12a2d6bbffd8493c"", ""ccd1946a375e2ac10c3c591b04a435c4bc5170c2"", ""0e4ede620dd9a2cdc13ab9cc6da05577b39fddb8"", ""076b9f5efc109b481074a81957e24ce9f4a69f08""]",1.0,0.8,0.888888888888889,False,0.14285714285714285,12288,False,5
"[""feat"", ""docs"", ""ci"", ""refactor""]","[""ci"", ""docs"", ""feat"", ""fix"", ""refactor""]",2.6344424881972373,"[""6f5b1103c0893d13b42f1f7c6504c9c339840be3"", ""01e1e33f377934099a4a725fab5cd6c5ff50eaa2"", ""73211952964a79d97b434dd567e6d7d34be7feb5"", ""be2cbd9480fcbd60c3011ca57f1d761185cf52bd"", ""7d6f760a91b55967972bbd1b972307624e876805""]",1.0,0.8,0.888888888888889,False,0.14285714285714285,12288,False,5
"[""feat"", ""fix"", ""test"", ""build"", ""ci"", ""docs"", ""refactor""]","[""build"", ""ci"", ""feat"", ""fix"", ""test""]",3.172379372175783,"[""bfe32bf10e9b6d699f694fbd095af0b3f2e6275f"", ""bda1822851d9be04f0d39f2213d1e2066eb115c8"", ""988dda23984894cea097d64646196e8d6196d6b6"", ""238ba1990ea68eb64bdfc6b31efebad2acb01ad6"", ""b7e2330fa3a8d7b8a9bff01b707c44e64b845c7b""]",0.7142857142857143,1.0,0.8333333333333333,False,0.2857142857142857,12288,False,5
"[""build"", ""ci"", ""test"", ""refactor""]","[""build"", ""ci"", ""docs"", ""refactor"", ""test""]",1.5413321550004184,"[""b7e38fb62aa6e8a30d72dec063b1adccd089d0aa"", ""6f5b1103c0893d13b42f1f7c6504c9c339840be3"", ""9849430b11b92ae58d94cfe4d0b06313c7eab550"", ""816b0d49c45f6669c5aae748396e9551f2e30a96"", ""625cbbca0d92b8756eac6fcacc795d90527d8975""]",1.0,0.8,0.888888888888889,False,0.14285714285714285,12288,False,5
"[""feat"", ""docs"", ""test"", ""fix""]","[""docs"", ""feat"", ""fix"", ""refactor"", ""test""]",2.411876275204122,"[""01e1e33f377934099a4a725fab5cd6c5ff50eaa2"", ""73211952964a79d97b434dd567e6d7d34be7feb5"", ""be2cbd9480fcbd60c3011ca57f1d761185cf52bd"", ""190aef43fd30e693af822c176f9b686591568719"", ""625cbbca0d92b8756eac6fcacc795d90527d8975""]",1.0,0.8,0.888888888888889,False,0.14285714285714285,12288,False,5
"[""feat"", ""docs"", ""ci"", ""build""]","[""build"", ""ci"", ""docs"", ""feat"", ""fix""]",2.3793818592093885,"[""b7e38fb62aa6e8a30d72dec063b1adccd089d0aa"", ""6f5b1103c0893d13b42f1f7c6504c9c339840be3"", ""01e1e33f377934099a4a725fab5cd6c5ff50eaa2"", ""73211952964a79d97b434dd567e6d7d34be7feb5"", ""be2cbd9480fcbd60c3011ca57f1d761185cf52bd""]",1.0,0.8,0.888888888888889,False,0.14285714285714285,12288,False,5
"[""feat"", ""docs"", ""refactor"", ""test""]","[""docs"", ""feat"", ""fix"", ""refactor"", ""test""]",2.6124040791764855,"[""8dfd2af29bf784b242992ee9ec0fbc85753b063c"", ""8a954673531d6935f5517535b9068639ed5cff0d"", ""2b1ad9d10fc5685ec75f362a73229569f03344ca"", ""d55088c612b1108ef566ec47e40fb8d1050f7451"", ""6c7398993bc567ec84e4573b6ededbf50b1ef606""]",1.0,0.8,0.888888888888889,False,0.14285714285714285,12288,False,5
"[""feat"", ""fix"", ""refactor"", ""docs"", ""test"", ""ci"", ""build""]","[""build"", ""ci"", ""fix"", ""refactor"", ""test""]",3.077981188893318,"[""bfe32bf10e9b6d699f694fbd095af0b3f2e6275f"", ""bda1822851d9be04f0d39f2213d1e2066eb115c8"", ""80242b34468398e835e5b3fc5ac345dbae4bcc7e"", ""fba4326c72fc22d81aba6976a9fef1e4b6154fd9"", ""7c48976f943e1e9b5850967b6f2963a205476ded""]",0.7142857142857143,1.0,0.8333333333333333,False,0.2857142857142857,12288,False,5
"[""feat"", ""fix"", ""refactor"", ""docs"", ""test"", ""ci"", ""build""]","[""build"", ""ci"", ""docs"", ""feat"", ""refactor""]",2.7731666062027216,"[""45bbdaba1490a3216decb2c1a88b8f7041a3d505"", ""be44bbdeb52c6025e81c99528ed7b0d932c5be18"", ""16124286236edf03a6199720ba1629a35e3fe1aa"", ""3730075261bc81df68f9d10f12a2d6bbffd8493c"", ""0e4ede620dd9a2cdc13ab9cc6da05577b39fddb8""]",0.7142857142857143,1.0,0.8333333333333333,False,0.2857142857142857,12288,False,5
"[""feat"", ""fix"", ""refactor"", ""docs"", ""test"", ""ci"", ""build""]","[""build"", ""ci"", ""feat"", ""fix"", ""test""]",3.7920270953327417,"[""bfe32bf10e9b6d699f694fbd095af0b3f2e6275f"", ""bda1822851d9be04f0d39f2213d1e2066eb115c8"", ""482442ecc1aaf981895a36c367abbd377fd93891"", ""80242b34468398e835e5b3fc5ac345dbae4bcc7e"", ""7c48976f943e1e9b5850967b6f2963a205476ded""]",0.7142857142857143,1.0,0.8333333333333333,False,0.2857142857142857,12288,False,5
"[""feat"", ""docs"", ""build"", ""refactor""]","[""build"", ""docs"", ""feat"", ""fix"", ""refactor""]",2.703829003032297,"[""b7e38fb62aa6e8a30d72dec063b1adccd089d0aa"", ""01e1e33f377934099a4a725fab5cd6c5ff50eaa2"", ""73211952964a79d97b434dd567e6d7d34be7feb5"", ""be2cbd9480fcbd60c3011ca57f1d761185cf52bd"", ""eafee3c5c124ce0c71fd854270cea39cc273b27c""]",1.0,0.8,0.888888888888889,False,0.14285714285714285,12288,False,5
"[""build"", ""ci"", ""docs"", ""refactor"", ""test""]","[""build"", ""ci"", ""docs"", ""refactor"", ""test""]",2.394898077007383,"[""b7e38fb62aa6e8a30d72dec063b1adccd089d0aa"", ""6f5b1103c0893d13b42f1f7c6504c9c339840be3"", ""eb51316cdfdc7258d287ba13b67ef2f42bd2b8f6"", ""7d6f760a91b55967972bbd1b972307624e876805"", ""625cbbca0d92b8756eac6fcacc795d90527d8975""]",1.0,1.0,1.0,True,0.0,12288,False,5
"[""ci"", ""docs"", ""fix"", ""feat"", ""test""]","[""ci"", ""docs"", ""feat"", ""fix"", ""test""]",2.247206333093345,"[""8d2e23bde626eaed6e5b13384cc7ac38bab5ea66"", ""036a0ff49a7dade0e04c9c07071a1ff49133ee24"", ""6b473cbdc5997af47c56a2a74f5b64da6d4c2ad7"", ""f9d9f859240c6f7e78b0303ea40e46622d42bc3c"", ""cdbc37711fa9c64b2cfa767766ca55c95c1736f7""]",1.0,1.0,1.0,True,0.0,12288,False,5
