predicted_types,actual_types,inference_time,shas,precision,recall,f1,exact_match,hamming_loss,context_len,with_message,concern_count
"[""fix"", ""test""]","[""test""]",0.7356739044189453,['7c48976f943e1e9b5850967b6f2963a205476ded'],0.5,1.0,0.6666666666666666,False,0.1428571428571428,1024,True,1
"[""feat"", ""docs""]","[""refactor""]",0.7587840557098389,['5748ff57ebafe94c4979eafa790d9a84812ca440'],0.0,0.0,0.0,False,0.4285714285714285,1024,True,1
"[""docs""]","[""docs""]",1.5127487182617188,['be8dd55c2179a1743ddbda56b5e88a1a89c92bcc'],1.0,1.0,1.0,True,0.0,1024,True,1
"[""feat""]","[""feat""]",0.5901880264282227,['15b8e4bc9349ce017f65e10b95cae48b0aa11828'],1.0,1.0,1.0,True,0.0,1024,True,1
"[""build""]","[""build""]",0.6741938591003418,['37b1cbfd3d2c462ef4f2a131e4172c38dc8d9ddf'],1.0,1.0,1.0,True,0.0,1024,True,1
"[""ci""]","[""ci""]",0.6980950832366943,['8d2e23bde626eaed6e5b13384cc7ac38bab5ea66'],1.0,1.0,1.0,True,0.0,1024,True,1
"[""fix"", ""test""]","[""fix""]",1.1928000450134275,['44ac09d356fa02bdbb840638846f7a7500700d23'],0.5,1.0,0.6666666666666666,False,0.1428571428571428,1024,True,1
"[""ci"", ""fix""]","[""ci""]",1.1037850379943848,['be44bbdeb52c6025e81c99528ed7b0d932c5be18'],0.5,1.0,0.6666666666666666,False,0.1428571428571428,1024,True,1
"[""build""]","[""build""]",0.6662352085113525,['b7e38fb62aa6e8a30d72dec063b1adccd089d0aa'],1.0,1.0,1.0,True,0.0,1024,True,1
"[""fix"", ""refactor"", ""build""]","[""refactor""]",0.7241580486297607,['3e0e30ecebaf23f0c36fa4811426f8f4e0057cfe'],0.3333333333333333,1.0,0.5,False,0.2857142857142857,1024,True,1
"[""refactor""]","[""feat""]",0.6736130714416504,['293f301a4bb248799c467d1fef413ed3909f47a4'],0.0,0.0,0.0,False,0.2857142857142857,1024,True,1
"[""test""]","[""test""]",0.6053838729858398,['6c7398993bc567ec84e4573b6ededbf50b1ef606'],1.0,1.0,1.0,True,0.0,1024,True,1
"[""docs""]","[""docs""]",0.6365618705749512,['036a0ff49a7dade0e04c9c07071a1ff49133ee24'],1.0,1.0,1.0,True,0.0,1024,True,1
"[""fix"", ""refactor"", ""docs""]","[""fix""]",0.7125751972198486,['73b8948ea1d49e05ae8c63b17926eda4cb04e9bb'],0.3333333333333333,1.0,0.5,False,0.2857142857142857,1024,True,1
"[""refactor"", ""build""]","[""fix""]",0.619971752166748,['ccd1946a375e2ac10c3c591b04a435c4bc5170c2'],0.0,0.0,0.0,False,0.4285714285714285,1024,True,1
"[""feat""]","[""feat""]",0.9291539192199708,['542f0cad5337de15428f0b6567ce4efd20a19a48'],1.0,1.0,1.0,True,0.0,1024,True,1
"[""build""]","[""build""]",0.8620479106903076,['4ab28fc2e63e975a0c77e18ae644f34fa5f8771a'],1.0,1.0,1.0,True,0.0,1024,True,1
"[""ci"", ""refactor""]","[""ci""]",0.6250829696655273,['b7b9c23698e7238eda26a1135018625181badd82'],0.5,1.0,0.6666666666666666,False,0.1428571428571428,1024,True,1
"[""fix""]","[""refactor""]",0.9143648147583008,['190aef43fd30e693af822c176f9b686591568719'],0.0,0.0,0.0,False,0.2857142857142857,1024,True,1
"[""test""]","[""test""]",0.574822187423706,['960af3a1c31fe2b5ab32e580089f67c9da816fcc'],1.0,1.0,1.0,True,0.0,1024,True,1
"[""docs""]","[""docs""]",0.6903901100158691,['527e0abd0f88cb3ae2dc1a6ec7a62c241250444d'],1.0,1.0,1.0,True,0.0,1024,True,1
"[""docs""]","[""docs""]",0.6067948341369629,['ee7cc5d5a940fba774e715b1f029c6361110b108'],1.0,1.0,1.0,True,0.0,1024,True,1
"[""feat"", ""docs""]","[""feat""]",0.6502010822296143,['8a954673531d6935f5517535b9068639ed5cff0d'],0.5,1.0,0.6666666666666666,False,0.1428571428571428,1024,True,1
"[""refactor""]","[""refactor""]",1.0120611190795898,['0e4ede620dd9a2cdc13ab9cc6da05577b39fddb8'],1.0,1.0,1.0,True,0.0,1024,True,1
"[""build""]","[""build""]",0.6952130794525146,['ecc481f9f501aa34b41e06e7bbdde6e79f8ca1bb'],1.0,1.0,1.0,True,0.0,1024,True,1
"[""build""]","[""ci""]",0.9723317623138428,['bda1822851d9be04f0d39f2213d1e2066eb115c8'],0.0,0.0,0.0,False,0.2857142857142857,1024,True,1
"[""test""]","[""test""]",0.6365761756896973,['7df6b872b9c820a35572b926d2496460a4c8b24a'],1.0,1.0,1.0,True,0.0,1024,True,1
"[""fix""]","[""fix""]",0.6672708988189697,['c4d9e5023fa0f88ba283b37da27677ceda1cbfbb'],1.0,1.0,1.0,True,0.0,1024,True,1
"[""fix""]","[""fix""]",0.6810438632965088,['0d43299ccee2b2e018fae24896c45d8d8be66bc6'],1.0,1.0,1.0,True,0.0,1024,True,1
"[""test""]","[""test""]",0.7312428951263428,['90a48c74f6faa0829d3809f739a42c0133e63ae0'],1.0,1.0,1.0,True,0.0,1024,True,1
"[""refactor""]","[""refactor""]",0.6805219650268555,['e8a8edadc5c25d6410462b89a48e0602e0cbbc7f'],1.0,1.0,1.0,True,0.0,1024,True,1
"[""docs""]","[""docs""]",0.6779062747955322,['9849430b11b92ae58d94cfe4d0b06313c7eab550'],1.0,1.0,1.0,True,0.0,1024,True,1
"[""build""]","[""build""]",0.6106643676757812,['45bbdaba1490a3216decb2c1a88b8f7041a3d505'],1.0,1.0,1.0,True,0.0,1024,True,1
"[""docs"", ""feat""]","[""feat""]",0.790391206741333,['1ae8bf1195b197daa80ba6e45360f8b894364cd4'],0.5,1.0,0.6666666666666666,False,0.1428571428571428,1024,True,1
"[""ci""]","[""ci""]",0.6199588775634766,['976c34b6fdc32a7f3337f98e67a7c9e4ee9e793e'],1.0,1.0,1.0,True,0.0,1024,True,1
"[""refactor"", ""test""]","[""refactor""]",0.6983609199523926,['1c8ff5cf2feb3ce0b7d0fbfc43be8d20f5b73287'],0.5,1.0,0.6666666666666666,False,0.1428571428571428,1024,True,1
"[""ci""]","[""docs""]",0.6505038738250732,['e50a61d63755a4a955c2a6535a865773e2ac01d5'],0.0,0.0,0.0,False,0.2857142857142857,1024,True,1
"[""fix""]","[""test""]",0.6794261932373047,['076b9f5efc109b481074a81957e24ce9f4a69f08'],0.0,0.0,0.0,False,0.2857142857142857,1024,True,1
"[""build""]","[""build""]",0.6647610664367676,['b2415c4d3de7b5d6da47668a3de630c07b30b300'],1.0,1.0,1.0,True,0.0,1024,True,1
"[""refactor""]","[""fix""]",0.6309640407562256,['a81bbb83d64867f08c4d1be10919ef6806a1bf51'],0.0,0.0,0.0,False,0.2857142857142857,1024,True,1
"[""test""]","[""feat""]",0.9894027709960938,['3730075261bc81df68f9d10f12a2d6bbffd8493c'],0.0,0.0,0.0,False,0.2857142857142857,1024,True,1
"[""ci"", ""build""]","[""ci""]",1.638288974761963,['db55dae208e4807898e6c747cefdf9bfcb4fd08c'],0.5,1.0,0.6666666666666666,False,0.1428571428571428,1024,True,1
"[""docs""]","[""docs""]",0.5706939697265625,['dfab97842fe78fb8f217a5185fb6ec92682a53ca'],1.0,1.0,1.0,True,0.0,1024,True,1
"[""feat"", ""docs""]","[""feat""]",0.6596639156341553,['73211952964a79d97b434dd567e6d7d34be7feb5'],0.5,1.0,0.6666666666666666,False,0.1428571428571428,1024,True,1
"[""test"", ""refactor""]","[""refactor""]",0.6326756477355957,['fba4326c72fc22d81aba6976a9fef1e4b6154fd9'],0.5,1.0,0.6666666666666666,False,0.1428571428571428,1024,True,1
"[""ci""]","[""ci""]",0.9276690483093262,['6f5b1103c0893d13b42f1f7c6504c9c339840be3'],1.0,1.0,1.0,True,0.0,1024,True,1
"[""refactor""]","[""fix""]",0.6519489288330078,['2b1ad9d10fc5685ec75f362a73229569f03344ca'],0.0,0.0,0.0,False,0.2857142857142857,1024,True,1
"[""build"", ""test""]","[""test""]",0.5565869808197021,['cd2bfb9b2298e8cd91013808547b35a9c40f46f1'],0.5,1.0,0.6666666666666666,False,0.1428571428571428,1024,True,1
"[""build""]","[""build""]",0.796518087387085,['607ecc92b5f8c084304e406eec725b7dcfa0a562'],1.0,1.0,1.0,True,0.0,1024,True,1
"[""refactor""]","[""refactor""]",0.9126317501068116,['b98a8fed0b67b99ef4f8373aea904f847315e468'],1.0,1.0,1.0,True,0.0,1024,True,1
"[""docs""]","[""docs""]",0.5538039207458496,['144388439d64e049cbed4e37659e819856d6987f'],1.0,1.0,1.0,True,0.0,1024,True,1
"[""ci""]","[""build""]",0.6858539581298828,['88129ee45b1d49bc4ff887f3b488464cc7097e29'],0.0,0.0,0.0,False,0.2857142857142857,1024,True,1
"[""feat""]","[""feat""]",0.5861279964447021,['5e09c9128f13c45d54df685b0a17dc8e3f7ff02c'],1.0,1.0,1.0,True,0.0,1024,True,1
"[""test""]","[""test""]",0.94114089012146,['e77f6751182595fe08940d67e11a90416c8dd6fd'],1.0,1.0,1.0,True,0.0,1024,True,1
"[""ci"", ""feat""]","[""ci""]",0.6323840618133545,['bb00890fa896936d0be09cc5e5f411fb5e64aa5f'],0.5,1.0,0.6666666666666666,False,0.1428571428571428,1024,True,1
"[""fix""]","[""fix""]",1.5852441787719729,['c1d3b58fd20995b1b9ca4e6771e3fa375242b02d'],1.0,1.0,1.0,True,0.0,1024,True,1
"[""fix""]","[""fix""]",1.025594711303711,['be2cbd9480fcbd60c3011ca57f1d761185cf52bd'],1.0,1.0,1.0,True,0.0,1024,True,1
"[""refactor""]","[""refactor""]",0.8627979755401611,['8f1034b79f894b4b1112a4bc1903f37f22f7f5ed'],1.0,1.0,1.0,True,0.0,1024,True,1
"[""docs""]","[""docs""]",1.1597950458526611,['16124286236edf03a6199720ba1629a35e3fe1aa'],1.0,1.0,1.0,True,0.0,1024,True,1
"[""test""]","[""test""]",0.8257701396942139,['cdbc37711fa9c64b2cfa767766ca55c95c1736f7'],1.0,1.0,1.0,True,0.0,1024,True,1
"[""ci"", ""feat""]","[""ci""]",0.7556591033935547,['5ebfebf86e60aae2610eb0ed84d177d53cd75f9d'],0.5,1.0,0.6666666666666666,False,0.1428571428571428,1024,True,1
"[""feat"", ""docs""]","[""feat""]",0.6435351371765137,['ded26d768ff432ad3bde3c0aa1e95ce50726100a'],0.5,1.0,0.6666666666666666,False,0.1428571428571428,1024,True,1
"[""build""]","[""build""]",0.6567230224609375,['f46c6c6c26a14312aa05a77ff2a14aebd74e13ac'],1.0,1.0,1.0,True,0.0,1024,True,1
"[""feat"", ""refactor""]","[""feat""]",0.8267970085144043,['bea32587586ca08f390c901a95e9b9c25263f4df'],0.5,1.0,0.6666666666666666,False,0.1428571428571428,1024,True,1
"[""docs""]","[""docs""]",0.6077089309692383,['26994fb090d4ed0daf9b8ba960b4690fac08e340'],1.0,1.0,1.0,True,0.0,1024,True,1
"[""fix""]","[""fix""]",1.0283520221710205,['80242b34468398e835e5b3fc5ac345dbae4bcc7e'],1.0,1.0,1.0,True,0.0,1024,True,1
"[""refactor""]","[""refactor""]",0.6546697616577148,['f9447355b93d67961c4a6b04bde3e83a394458ab'],1.0,1.0,1.0,True,0.0,1024,True,1
"[""ci""]","[""ci""]",0.7182419300079346,['8fe29cdc76480adc79701e4c492ff1e87566f569'],1.0,1.0,1.0,True,0.0,1024,True,1
"[""docs"", ""build""]","[""build""]",0.8920340538024902,['4542d9973a848a2bd4f9baf12992efe7d7a69f2c'],0.5,1.0,0.6666666666666666,False,0.1428571428571428,1024,True,1
"[""test""]","[""test""]",0.5719807147979736,['e053bb5190b033d4edb35a0718d3c414ae366431'],1.0,1.0,1.0,True,0.0,1024,True,1
"[""docs"", ""feat""]","[""docs"", ""refactor""]",0.6536550521850586,"['144388439d64e049cbed4e37659e819856d6987f', '5748ff57ebafe94c4979eafa790d9a84812ca440']",0.5,0.5,0.5,False,0.2857142857142857,1024,True,2
"[""docs"", ""test""]","[""build"", ""test""]",0.9757797718048096,"['4542d9973a848a2bd4f9baf12992efe7d7a69f2c', '1f663cbe4b4a9e7a0ae89c05f824335f2a0857fd']",0.5,0.5,0.5,False,0.2857142857142857,1024,True,2
"[""feat"", ""fix""]","[""feat"", ""fix""]",0.5574080944061279,"['6f0cf049caa1a7982669ee685e86621452686551', '238ba1990ea68eb64bdfc6b31efebad2acb01ad6']",1.0,1.0,1.0,True,0.0,1024,True,2
"[""ci"", ""docs""]","[""ci"", ""docs""]",0.9909300804138184,"['6f5b1103c0893d13b42f1f7c6504c9c339840be3', '01e1e33f377934099a4a725fab5cd6c5ff50eaa2']",1.0,1.0,1.0,True,0.0,1024,True,2
"[""ci"", ""feat""]","[""ci"", ""feat""]",0.6473941802978516,"['6f5b1103c0893d13b42f1f7c6504c9c339840be3', '73211952964a79d97b434dd567e6d7d34be7feb5']",1.0,1.0,1.0,True,0.0,1024,True,2
"[""build"", ""test""]","[""build"", ""refactor""]",0.543877124786377,"['1ad3f41f28d2faa5229ee88b54d673275cc31036', '72e3eed599b3a3dd154575af344ac3e5c62dd07b']",0.5,0.5,0.5,False,0.2857142857142857,1024,True,2
"[""fix"", ""test""]","[""fix"", ""test""]",0.7701351642608643,"['0d43299ccee2b2e018fae24896c45d8d8be66bc6', '24a815b90437dbd962b5ff449f0b5146df835545']",1.0,1.0,1.0,True,0.0,1024,True,2
"[""test"", ""refactor""]","[""feat"", ""refactor""]",0.6708469390869141,"['3730075261bc81df68f9d10f12a2d6bbffd8493c', '0e4ede620dd9a2cdc13ab9cc6da05577b39fddb8']",0.5,0.5,0.5,False,0.2857142857142857,1024,True,2
"[""build"", ""docs""]","[""build"", ""docs""]",1.1645290851593018,"['b7e38fb62aa6e8a30d72dec063b1adccd089d0aa', 'eb51316cdfdc7258d287ba13b67ef2f42bd2b8f6']",1.0,1.0,1.0,True,0.0,1024,True,2
"[""ci"", ""fix""]","[""ci"", ""fix""]",0.657569169998169,"['6f5b1103c0893d13b42f1f7c6504c9c339840be3', 'be2cbd9480fcbd60c3011ca57f1d761185cf52bd']",1.0,1.0,1.0,True,0.0,1024,True,2
"[""fix"", ""test""]","[""fix"", ""test""]",0.5855801105499268,"['b131f5d67076b97b3186c820760df839bf796ad5', '2a7c6f5c0b1c966d6a5d103de1978a61c141648a']",1.0,1.0,1.0,True,0.0,1024,True,2
"[""build"", ""docs""]","[""build"", ""docs""]",0.7228219509124756,"['45bbdaba1490a3216decb2c1a88b8f7041a3d505', '16124286236edf03a6199720ba1629a35e3fe1aa']",1.0,1.0,1.0,True,0.0,1024,True,2
"[""feat"", ""refactor""]","[""feat"", ""refactor""]",0.5880208015441895,"['d61bf50f77b404e660a6e5aa9e9bc4ce415e8c18', 'ee4bf61fb8836e249fb4ef3507dc938e70696b3f']",1.0,1.0,1.0,True,0.0,1024,True,2
"[""build"", ""test""]","[""ci"", ""test""]",0.6660161018371582,"['bda1822851d9be04f0d39f2213d1e2066eb115c8', '90a48c74f6faa0829d3809f739a42c0133e63ae0']",0.5,0.5,0.5,False,0.2857142857142857,1024,True,2
"[""ci"", ""refactor"", ""fix""]","[""ci"", ""refactor""]",0.7395389080047607,"['be44bbdeb52c6025e81c99528ed7b0d932c5be18', '0e4ede620dd9a2cdc13ab9cc6da05577b39fddb8']",0.6666666666666666,1.0,0.8,False,0.1428571428571428,1024,True,2
"[""docs"", ""test""]","[""docs"", ""feat""]",0.6809890270233154,"['0105a4ee47706d9b3aa8f22d0a75585a498731ec', '3709e392924aba3542514ce35bd681adca39e8ac']",0.5,0.5,0.5,False,0.2857142857142857,1024,True,2
"[""build"", ""test""]","[""build"", ""test""]",0.9824998378753662,"['fd2b7a18dca63b51f4ba5de6b2e4ad2b825e735d', '24a815b90437dbd962b5ff449f0b5146df835545']",1.0,1.0,1.0,True,0.0,1024,True,2
"[""build"", ""fix""]","[""ci"", ""fix""]",1.326371192932129,"['bda1822851d9be04f0d39f2213d1e2066eb115c8', '238ba1990ea68eb64bdfc6b31efebad2acb01ad6']",0.5,0.5,0.5,False,0.2857142857142857,1024,True,2
"[""fix"", ""feat"", ""test""]","[""feat"", ""test""]",0.5986549854278564,"['6b473cbdc5997af47c56a2a74f5b64da6d4c2ad7', 'cdbc37711fa9c64b2cfa767766ca55c95c1736f7']",0.6666666666666666,1.0,0.8,False,0.1428571428571428,1024,True,2
"[""docs"", ""fix""]","[""docs"", ""refactor""]",0.7525150775909424,"['af5ec2005504bbd836a54bfb2df0b7f6cf15f314', '4597f158c45a1f996ad217236d88edab69c29b22']",0.5,0.5,0.5,False,0.2857142857142857,1024,True,2
"[""build"", ""fix""]","[""build"", ""fix""]",0.6639249324798584,"['ecc481f9f501aa34b41e06e7bbdde6e79f8ca1bb', '45b386aa3f06bce06f5e03fbde0aa52c4051c8bc']",1.0,1.0,1.0,True,0.0,1024,True,2
"[""refactor"", ""test""]","[""refactor"", ""test""]",0.6358129978179932,"['3a86f49b725c0f66b5f04f80547042636135b49c', '3c812f916e06a53b899e9e3dd79760b475fa4b87']",1.0,1.0,1.0,True,0.0,1024,True,2
"[""build"", ""feat""]","[""ci"", ""feat""]",0.5867629051208496,"['bda1822851d9be04f0d39f2213d1e2066eb115c8', 'ba60e126299ad057772b5516d9ab390e770f1301']",0.5,0.5,0.5,False,0.2857142857142857,1024,True,2
"[""build"", ""docs""]","[""build"", ""docs""]",0.713446855545044,"['0f38960851ac0fd159727d5dffb36f50268eec18', 'a4290c7be832aaac894f9b4e69837f0eb13d9287']",1.0,1.0,1.0,True,0.0,1024,True,2
"[""build"", ""refactor""]","[""ci"", ""fix""]",0.617332935333252,"['0984951701c34c08392b87082824dcebc379b4e7', '2b1ad9d10fc5685ec75f362a73229569f03344ca']",0.0,0.0,0.0,False,0.5714285714285714,1024,True,2
"[""build"", ""docs""]","[""build"", ""docs""]",0.686182975769043,"['b0866f62417f56bdd5a46e8f14278af79efc4d76', 'fc9af4d0b93d69be4e201ffb18da04324e8a4a87']",1.0,1.0,1.0,True,0.0,1024,True,2
"[""test"", ""fix""]","[""feat"", ""test""]",0.7520661354064941,"['3730075261bc81df68f9d10f12a2d6bbffd8493c', '076b9f5efc109b481074a81957e24ce9f4a69f08']",0.5,0.5,0.5,False,0.2857142857142857,1024,True,2
"[""fix"", ""refactor""]","[""fix"", ""refactor""]",0.7145280838012695,"['0d43299ccee2b2e018fae24896c45d8d8be66bc6', '536872b735334929f25bf70d052e739166355160']",1.0,1.0,1.0,True,0.0,1024,True,2
"[""feat"", ""refactor"", ""test""]","[""feat"", ""refactor""]",0.7500948905944824,"['a51716d5ac3f7aabe1428a5a6d79c6b863463ff6', '3a86f49b725c0f66b5f04f80547042636135b49c']",0.6666666666666666,1.0,0.8,False,0.1428571428571428,1024,True,2
"[""build"", ""refactor""]","[""build"", ""fix""]",0.6162409782409668,"['f46c6c6c26a14312aa05a77ff2a14aebd74e13ac', '3f71e37ef9bfdbc0aea89863ae3d75c0c7e4a53d']",0.5,0.5,0.5,False,0.2857142857142857,1024,True,2
"[""ci"", ""fix""]","[""ci"", ""test""]",0.619847297668457,"['be44bbdeb52c6025e81c99528ed7b0d932c5be18', '076b9f5efc109b481074a81957e24ce9f4a69f08']",0.5,0.5,0.5,False,0.2857142857142857,1024,True,2
"[""docs"", ""test""]","[""docs"", ""test""]",0.6898939609527588,"['eb51316cdfdc7258d287ba13b67ef2f42bd2b8f6', '625cbbca0d92b8756eac6fcacc795d90527d8975']",1.0,1.0,1.0,True,0.0,1024,True,2
"[""fix"", ""test""]","[""fix"", ""refactor""]",0.711857795715332,"['f2ac6e30644848f0c5c36057d1f55551fb70952f', '4be836f5655fb5356fde5ddd7437125f8574705d']",0.5,0.5,0.5,False,0.2857142857142857,1024,True,2
"[""docs"", ""feat""]","[""docs"", ""feat""]",1.0820260047912598,"['cb1f48b56ae0de93acb72e48726c7d610a1d538e', 'bea32587586ca08f390c901a95e9b9c25263f4df']",1.0,1.0,1.0,True,0.0,1024,True,2
"[""build""]","[""build"", ""ci""]",0.9019358158111572,"['454003841aabeb74396d73541378bfa59c75b5db', 'bda1822851d9be04f0d39f2213d1e2066eb115c8']",1.0,0.5,0.6666666666666666,False,0.1428571428571428,1024,True,2
"[""docs"", ""fix""]","[""docs"", ""test""]",0.746985912322998,"['16124286236edf03a6199720ba1629a35e3fe1aa', '076b9f5efc109b481074a81957e24ce9f4a69f08']",0.5,0.5,0.5,False,0.2857142857142857,1024,True,2
"[""build"", ""feat""]","[""build"", ""refactor""]",0.7898049354553223,"['ecc481f9f501aa34b41e06e7bbdde6e79f8ca1bb', '5748ff57ebafe94c4979eafa790d9a84812ca440']",0.5,0.5,0.5,False,0.2857142857142857,1024,True,2
"[""feat"", ""fix""]","[""feat"", ""fix""]",0.7189970016479492,"['73211952964a79d97b434dd567e6d7d34be7feb5', 'be2cbd9480fcbd60c3011ca57f1d761185cf52bd']",1.0,1.0,1.0,True,0.0,1024,True,2
"[""ci"", ""test""]","[""ci"", ""test""]",0.6337521076202393,"['db2dbc13d7da2ae85cd3206d330be8ed0ebe1b2c', '6c7398993bc567ec84e4573b6ededbf50b1ef606']",1.0,1.0,1.0,True,0.0,1024,True,2
"[""build"", ""fix""]","[""build"", ""fix""]",0.7478659152984619,"['4ab28fc2e63e975a0c77e18ae644f34fa5f8771a', 'b131f5d67076b97b3186c820760df839bf796ad5']",1.0,1.0,1.0,True,0.0,1024,True,2
"[""feat"", ""refactor""]","[""feat"", ""refactor""]",0.6578550338745117,"['73211952964a79d97b434dd567e6d7d34be7feb5', '78971fd68d7dc5c8e6811b4520cdc54e4188f733']",1.0,1.0,1.0,True,0.0,1024,True,2
"[""ci"", ""docs""]","[""ci"", ""docs""]",0.650169849395752,"['6f5b1103c0893d13b42f1f7c6504c9c339840be3', '9849430b11b92ae58d94cfe4d0b06313c7eab550']",1.0,1.0,1.0,True,0.0,1024,True,2
"[""docs"", ""feat""]","[""docs"", ""feat""]",0.696263313293457,"['26994fb090d4ed0daf9b8ba960b4690fac08e340', '15b8e4bc9349ce017f65e10b95cae48b0aa11828']",1.0,1.0,1.0,True,0.0,1024,True,2
"[""fix""]","[""build"", ""fix""]",0.6183779239654541,"['2d4d735d94386f5045e3b3abc022c2edcdfaef8f', 'eb9f7b24364e86d7bcf50bb23b62c743cf5526f6']",1.0,0.5,0.6666666666666666,False,0.1428571428571428,1024,True,2
"[""ci"", ""build"", ""test""]","[""ci"", ""test""]",0.6922569274902344,"['14f535655d39847a85d0193559c9c0010357ba77', '6c7398993bc567ec84e4573b6ededbf50b1ef606']",0.6666666666666666,1.0,0.8,False,0.1428571428571428,1024,True,2
"[""fix"", ""refactor""]","[""fix"", ""refactor""]",0.6527690887451172,"['b131f5d67076b97b3186c820760df839bf796ad5', '2900e67189ec09a35fa61f3f17d386f4eb23f9bd']",1.0,1.0,1.0,True,0.0,1024,True,2
"[""test"", ""refactor""]","[""ci"", ""test""]",0.9984900951385498,"['b7b9c23698e7238eda26a1135018625181badd82', '1f663cbe4b4a9e7a0ae89c05f824335f2a0857fd']",0.5,0.5,0.5,False,0.2857142857142857,1024,True,2
"[""docs"", ""refactor""]","[""docs"", ""refactor""]",0.6435000896453857,"['e9358fb4955396bfc3340418c77cbce4fa6123ee', 'cc9df62b0b41e84da275cf6ddcb06126628713b7']",1.0,1.0,1.0,True,0.0,1024,True,2
"[""ci"", ""feat""]","[""build"", ""feat""]",0.6296749114990234,"['88129ee45b1d49bc4ff887f3b488464cc7097e29', 'b7191a24b71cce2b7260d60de26ac8161546110e']",0.5,0.5,0.5,False,0.2857142857142857,1024,True,2
"[""build"", ""feat""]","[""build"", ""feat""]",0.578057050704956,"['b7e38fb62aa6e8a30d72dec063b1adccd089d0aa', '73211952964a79d97b434dd567e6d7d34be7feb5']",1.0,1.0,1.0,True,0.0,1024,True,2
"[""refactor"", ""test"", ""build""]","[""refactor"", ""test""]",1.1170952320098877,"['7e84797900f1b6f61e16d8a4766b8209673a7acb', '8ee0611fbf0cd89abe7ae588f22e6ecb843598ea']",0.6666666666666666,1.0,0.8,False,0.1428571428571428,1024,True,2
"[""ci"", ""refactor"", ""fix""]","[""ci"", ""fix""]",0.7210030555725098,"['b7b9c23698e7238eda26a1135018625181badd82', 'c4d9e5023fa0f88ba283b37da27677ceda1cbfbb']",0.6666666666666666,1.0,0.8,False,0.1428571428571428,1024,True,2
"[""docs"", ""test"", ""feat""]","[""docs"", ""test""]",0.7115979194641113,"['af82c2c910c9b5d3dd68de30c59a9e169a8934a5', '6c7398993bc567ec84e4573b6ededbf50b1ef606']",0.6666666666666666,1.0,0.8,False,0.1428571428571428,1024,True,2
"[""refactor""]","[""ci"", ""refactor""]",0.705420970916748,"['b7b9c23698e7238eda26a1135018625181badd82', '879edb6ed90f88b9ae6a3c2e8878ae1be48e0c88']",1.0,0.5,0.6666666666666666,False,0.1428571428571428,1024,True,2
"[""build"", ""docs""]","[""build"", ""docs""]",0.860037088394165,"['0f38960851ac0fd159727d5dffb36f50268eec18', 'e0177c25e13812306aab0b0991562d58b6d14767']",1.0,1.0,1.0,True,0.0,1024,True,2
"[""ci"", ""fix""]","[""feat"", ""fix""]",0.6726441383361816,"['ebaa20ea3f02e25f78c52cae208017a898cb6c13', 'f9f309d1f4ef1917a89e867e6ba4c3f8d5b24d48']",0.5,0.5,0.5,False,0.2857142857142857,1024,True,2
"[""docs"", ""fix"", ""build""]","[""docs"", ""fix""]",0.7699759006500244,"['b8a664c1b10f4e30a3e221a14211a3cdaf90b7f4', 'ccd1946a375e2ac10c3c591b04a435c4bc5170c2']",0.6666666666666666,1.0,0.8,False,0.1428571428571428,1024,True,2
"[""feat"", ""test""]","[""feat"", ""test""]",0.7765381336212158,"['1f15f71e415ba49b21684c7a3a51c8e3faaa7cf3', 'f87659953e9af59bc7cb314a22dd076d988ef607']",1.0,1.0,1.0,True,0.0,1024,True,2
"[""build"", ""ci""]","[""build"", ""ci""]",0.6113190650939941,"['b7e38fb62aa6e8a30d72dec063b1adccd089d0aa', '6f5b1103c0893d13b42f1f7c6504c9c339840be3']",1.0,1.0,1.0,True,0.0,1024,True,2
"[""refactor""]","[""docs"", ""refactor""]",0.6844310760498047,"['0105a4ee47706d9b3aa8f22d0a75585a498731ec', '6ed4690834161e1d250dfb0b46cd05bf07c1bb39']",1.0,0.5,0.6666666666666666,False,0.1428571428571428,1024,True,2
"[""ci"", ""build"", ""refactor"", ""fix""]","[""ci"", ""fix""]",0.759260892868042,"['db55dae208e4807898e6c747cefdf9bfcb4fd08c', 'c4d9e5023fa0f88ba283b37da27677ceda1cbfbb']",0.5,1.0,0.6666666666666666,False,0.2857142857142857,1024,True,2
"[""build"", ""test""]","[""build"", ""test""]",1.1639599800109863,"['ecc481f9f501aa34b41e06e7bbdde6e79f8ca1bb', '3c04162664b130c9486cba54afc16b6e57c779d1']",1.0,1.0,1.0,True,0.0,1024,True,2
"[""feat"", ""fix""]","[""feat"", ""refactor""]",0.5787620544433594,"['8b9176b44bb01a1eef497a403b0304bc389c9aee', '5748ff57ebafe94c4979eafa790d9a84812ca440']",0.5,0.5,0.5,False,0.2857142857142857,1024,True,2
"[""build"", ""feat""]","[""build"", ""feat""]",0.6594879627227783,"['f46c6c6c26a14312aa05a77ff2a14aebd74e13ac', 'd82c76e667c01567382e3ebeb13125c5d0064324']",1.0,1.0,1.0,True,0.0,1024,True,2
"[""refactor"", ""test""]","[""refactor"", ""test""]",0.9115798473358154,"['211de26da358601056dd922d63f832433d7a693b', '1f663cbe4b4a9e7a0ae89c05f824335f2a0857fd']",1.0,1.0,1.0,True,0.0,1024,True,2
"[""ci"", ""docs""]","[""ci"", ""docs""]",0.6085331439971924,"['8d2e23bde626eaed6e5b13384cc7ac38bab5ea66', '036a0ff49a7dade0e04c9c07071a1ff49133ee24']",1.0,1.0,1.0,True,0.0,1024,True,2
"[""docs"", ""fix""]","[""docs"", ""fix""]",0.5876200199127197,"['01e536c6eb273f533ac7bb1a51c4954128de2c63', '6849b9066f5d95b9e54c67046cfa136cf0d88b27']",1.0,1.0,1.0,True,0.0,1024,True,2
"[""fix"", ""test"", ""docs""]","[""fix"", ""test""]",1.0454180240631104,"['3e85aa17418f6fd2e6e32f9e55fdf7a9d8fcea9d', 'f87659953e9af59bc7cb314a22dd076d988ef607']",0.6666666666666666,1.0,0.8,False,0.1428571428571428,1024,True,2
"[""docs"", ""build"", ""ci"", ""refactor""]","[""build"", ""ci""]",0.6991679668426514,"['4542d9973a848a2bd4f9baf12992efe7d7a69f2c', 'b7b9c23698e7238eda26a1135018625181badd82']",0.5,1.0,0.6666666666666666,False,0.2857142857142857,1024,True,2
"[""feat"", ""refactor""]","[""feat"", ""refactor""]",0.9891130924224854,"['9025fe7e99ae76c1426be68dc80f09e235631a80', '3f173b8b7ce54371db277879673b3202edeb2d93']",1.0,1.0,1.0,True,0.0,1024,True,2
"[""build"", ""feat"", ""refactor""]","[""build"", ""feat"", ""refactor""]",0.7889940738677979,"['37b1cbfd3d2c462ef4f2a131e4172c38dc8d9ddf', '542f0cad5337de15428f0b6567ce4efd20a19a48', '7adece9931eaef6aaf603b5567829bbdcb28f2d1']",1.0,1.0,1.0,True,0.0,1024,True,3
"[""ci"", ""docs"", ""test""]","[""ci"", ""docs"", ""test""]",0.6723110675811768,"['6f5b1103c0893d13b42f1f7c6504c9c339840be3', 'eb51316cdfdc7258d287ba13b67ef2f42bd2b8f6', '625cbbca0d92b8756eac6fcacc795d90527d8975']",1.0,1.0,1.0,True,0.0,1024,True,3
"[""test"", ""build"", ""fix"", ""refactor""]","[""feat"", ""fix"", ""test""]",0.6205151081085205,"['3730075261bc81df68f9d10f12a2d6bbffd8493c', 'ccd1946a375e2ac10c3c591b04a435c4bc5170c2', '076b9f5efc109b481074a81957e24ce9f4a69f08']",0.5,0.6666666666666666,0.5714285714285715,False,0.4285714285714285,1024,True,3
"[""docs"", ""refactor""]","[""build"", ""ci"", ""fix""]",0.6422839164733887,"['4542d9973a848a2bd4f9baf12992efe7d7a69f2c', 'b7b9c23698e7238eda26a1135018625181badd82', '73b8948ea1d49e05ae8c63b17926eda4cb04e9bb']",0.0,0.0,0.0,False,0.7142857142857143,1024,True,3
"[""ci"", ""docs""]","[""ci"", ""docs"", ""refactor""]",0.9587242603302002,"['14f535655d39847a85d0193559c9c0010357ba77', '7f611e4208d0cc36c635eb0641a4b3258999ae8d', 'd55088c612b1108ef566ec47e40fb8d1050f7451']",1.0,0.6666666666666666,0.8,False,0.1428571428571428,1024,True,3
"[""docs"", ""fix""]","[""docs"", ""fix"", ""refactor""]",0.6731009483337402,"['e9358fb4955396bfc3340418c77cbce4fa6123ee', 'd5d3753c221e5164874ee99f1c6959f03fce0725', '7292fc7d387d83379aedf93558451bfa254acb6f']",1.0,0.6666666666666666,0.8,False,0.1428571428571428,1024,True,3
"[""build"", ""fix""]","[""build"", ""feat"", ""test""]",1.915837287902832,"['afafb9a32b164df33754a36547ee134b8fbe374a', '293f301a4bb248799c467d1fef413ed3909f47a4', '24a815b90437dbd962b5ff449f0b5146df835545']",0.5,0.3333333333333333,0.4,False,0.4285714285714285,1024,True,3
"[""ci"", ""refactor""]","[""ci"", ""fix"", ""refactor""]",0.8468379974365234,"['be44bbdeb52c6025e81c99528ed7b0d932c5be18', 'ccd1946a375e2ac10c3c591b04a435c4bc5170c2', '0e4ede620dd9a2cdc13ab9cc6da05577b39fddb8']",1.0,0.6666666666666666,0.8,False,0.1428571428571428,1024,True,3
"[""build"", ""docs"", ""feat""]","[""build"", ""docs"", ""feat""]",0.6288750171661377,"['b7e38fb62aa6e8a30d72dec063b1adccd089d0aa', 'eb51316cdfdc7258d287ba13b67ef2f42bd2b8f6', '73211952964a79d97b434dd567e6d7d34be7feb5']",1.0,1.0,1.0,True,0.0,1024,True,3
"[""docs"", ""fix"", ""test""]","[""build"", ""fix"", ""test""]",0.6801319122314453,"['4542d9973a848a2bd4f9baf12992efe7d7a69f2c', '73b8948ea1d49e05ae8c63b17926eda4cb04e9bb', '1f663cbe4b4a9e7a0ae89c05f824335f2a0857fd']",0.6666666666666666,0.6666666666666666,0.6666666666666666,False,0.2857142857142857,1024,True,3
"[""build"", ""refactor"", ""test""]","[""ci"", ""refactor"", ""test""]",0.7680368423461914,"['bda1822851d9be04f0d39f2213d1e2066eb115c8', 'b98a8fed0b67b99ef4f8373aea904f847315e468', 'b7e2330fa3a8d7b8a9bff01b707c44e64b845c7b']",0.6666666666666666,0.6666666666666666,0.6666666666666666,False,0.2857142857142857,1024,True,3
"[""fix"", ""feat"", ""test"", ""refactor""]","[""docs"", ""feat"", ""test""]",0.6557197570800781,"['fd849bd08363df60dbc8b9b6d55bac4f5ace88f4', 'b7191a24b71cce2b7260d60de26ac8161546110e', '11ffd5174bd61a2939ae58d2b2d43284302ae490']",0.5,0.6666666666666666,0.5714285714285715,False,0.4285714285714285,1024,True,3
"[""ci"", ""docs"", ""refactor""]","[""ci"", ""docs"", ""refactor""]",0.7474372386932373,"['be44bbdeb52c6025e81c99528ed7b0d932c5be18', '16124286236edf03a6199720ba1629a35e3fe1aa', '0e4ede620dd9a2cdc13ab9cc6da05577b39fddb8']",1.0,1.0,1.0,True,0.0,1024,True,3
"[""build"", ""feat"", ""fix""]","[""build"", ""feat"", ""fix""]",0.6743049621582031,"['ecc481f9f501aa34b41e06e7bbdde6e79f8ca1bb', '8b9176b44bb01a1eef497a403b0304bc389c9aee', 'cc6408b88246f20c62884a5892a6276baf7c3920']",1.0,1.0,1.0,True,0.0,1024,True,3
"[""docs"", ""refactor"", ""test""]","[""docs"", ""fix"", ""test""]",1.0213098526000977,"['12257ce53f94dc902df4ba087de90f52d2840ad4', '2b1ad9d10fc5685ec75f362a73229569f03344ca', '6c7398993bc567ec84e4573b6ededbf50b1ef606']",0.6666666666666666,0.6666666666666666,0.6666666666666666,False,0.2857142857142857,1024,True,3
"[""build"", ""ci"", ""docs""]","[""build"", ""ci"", ""refactor""]",0.5685422420501709,"['b7e38fb62aa6e8a30d72dec063b1adccd089d0aa', '6f5b1103c0893d13b42f1f7c6504c9c339840be3', '3550066c886bf253df376f303a60ed475ac42aaa']",0.6666666666666666,0.6666666666666666,0.6666666666666666,False,0.2857142857142857,1024,True,3
"[""build"", ""feat"", ""refactor""]","[""build"", ""feat"", ""refactor""]",1.3145489692687988,"['b7e38fb62aa6e8a30d72dec063b1adccd089d0aa', '73211952964a79d97b434dd567e6d7d34be7feb5', '8da0303bc02db5fe047cfc0631a9da41d9dc60f7']",1.0,1.0,1.0,True,0.0,1024,True,3
"[""build"", ""docs"", ""feat"", ""test""]","[""ci"", ""feat"", ""test""]",0.6533026695251465,"['bda1822851d9be04f0d39f2213d1e2066eb115c8', '988dda23984894cea097d64646196e8d6196d6b6', '90a48c74f6faa0829d3809f739a42c0133e63ae0']",0.5,0.6666666666666666,0.5714285714285715,False,0.4285714285714285,1024,True,3
"[""build"", ""docs"", ""fix""]","[""build"", ""docs"", ""fix""]",0.777385950088501,"['ecc481f9f501aa34b41e06e7bbdde6e79f8ca1bb', '144388439d64e049cbed4e37659e819856d6987f', '45b386aa3f06bce06f5e03fbde0aa52c4051c8bc']",1.0,1.0,1.0,True,0.0,1024,True,3
"[""docs"", ""fix"", ""refactor""]","[""docs"", ""fix"", ""test""]",0.6985931396484375,"['af5ec2005504bbd836a54bfb2df0b7f6cf15f314', 'f9f309d1f4ef1917a89e867e6ba4c3f8d5b24d48', '3c812f916e06a53b899e9e3dd79760b475fa4b87']",0.6666666666666666,0.6666666666666666,0.6666666666666666,False,0.2857142857142857,1024,True,3
"[""ci"", ""test"", ""refactor"", ""feat""]","[""ci"", ""feat"", ""refactor""]",0.6605887413024902,"['be44bbdeb52c6025e81c99528ed7b0d932c5be18', '3730075261bc81df68f9d10f12a2d6bbffd8493c', '0e4ede620dd9a2cdc13ab9cc6da05577b39fddb8']",0.75,1.0,0.8571428571428571,False,0.1428571428571428,1024,True,3
"[""build"", ""docs"", ""fix""]","[""build"", ""docs"", ""fix""]",0.6044108867645264,"['ecc481f9f501aa34b41e06e7bbdde6e79f8ca1bb', 'ee7cc5d5a940fba774e715b1f029c6361110b108', 'cc6408b88246f20c62884a5892a6276baf7c3920']",1.0,1.0,1.0,True,0.0,1024,True,3
"[""docs"", ""test"", ""feat"", ""refactor""]","[""feat"", ""refactor"", ""test""]",0.6416749954223633,"['a84d6715a4df12cc0ee9aa6f2596ce3b04353958', 'e8a8edadc5c25d6410462b89a48e0602e0cbbc7f', 'e77f6751182595fe08940d67e11a90416c8dd6fd']",0.75,1.0,0.8571428571428571,False,0.1428571428571428,1024,True,3
"[""ci"", ""docs"", ""feat""]","[""ci"", ""docs"", ""feat""]",0.6424288749694824,"['200aca9f3d1253e4e28e79464da19b701aba777e', '2fdecc045fdb509832a758e45412c115fa03e8e8', '8a954673531d6935f5517535b9068639ed5cff0d']",1.0,1.0,1.0,True,0.0,1024,True,3
"[""ci"", ""test"", ""refactor""]","[""ci"", ""fix"", ""test""]",0.7592298984527588,"['e7ecc8763152ed6f89dbf4a6f313c276549eb0b7', '2b1ad9d10fc5685ec75f362a73229569f03344ca', '6c7398993bc567ec84e4573b6ededbf50b1ef606']",0.6666666666666666,0.6666666666666666,0.6666666666666666,False,0.2857142857142857,1024,True,3
"[""build"", ""ci"", ""refactor""]","[""build"", ""ci"", ""refactor""]",0.5946218967437744,"['45bbdaba1490a3216decb2c1a88b8f7041a3d505', 'be44bbdeb52c6025e81c99528ed7b0d932c5be18', '0e4ede620dd9a2cdc13ab9cc6da05577b39fddb8']",1.0,1.0,1.0,True,0.0,1024,True,3
"[""build"", ""fix"", ""test""]","[""build"", ""fix"", ""refactor""]",0.6584510803222656,"['37b1cbfd3d2c462ef4f2a131e4172c38dc8d9ddf', '9db124c65f291a1524ed2e7db1c04a7020eaed80', 'e2b7c0ea44b9c958f66d0cbd59fec597008f4793']",0.6666666666666666,0.6666666666666666,0.6666666666666666,False,0.2857142857142857,1024,True,3
"[""docs"", ""ci"", ""refactor""]","[""docs"", ""feat"", ""test""]",1.028465986251831,"['6ffb9ffff014c8184f6c84a02854e348f2679636', 'ebaa20ea3f02e25f78c52cae208017a898cb6c13', '3c812f916e06a53b899e9e3dd79760b475fa4b87']",0.3333333333333333,0.3333333333333333,0.3333333333333333,False,0.5714285714285714,1024,True,3
"[""ci"", ""docs"", ""refactor""]","[""ci"", ""docs"", ""fix""]",0.8552818298339844,"['cb5634329ca9f3eaa72bb3dede79913ca8283b1b', '2b01808ec86fe9d8b4a93141a1b7f95e11fd6010', '2b1ad9d10fc5685ec75f362a73229569f03344ca']",0.6666666666666666,0.6666666666666666,0.6666666666666666,False,0.2857142857142857,1024,True,3
"[""ci"", ""test""]","[""build"", ""refactor"", ""test""]",0.6908211708068848,"['e0a977b2d316e7612b5d72cb02cd7d78e75dbc55', '72e3eed599b3a3dd154575af344ac3e5c62dd07b', 'e77f6751182595fe08940d67e11a90416c8dd6fd']",0.5,0.3333333333333333,0.4,False,0.4285714285714285,1024,True,3
"[""build"", ""test"", ""refactor""]","[""build"", ""feat"", ""fix""]",0.6319890022277832,"['45bbdaba1490a3216decb2c1a88b8f7041a3d505', '3730075261bc81df68f9d10f12a2d6bbffd8493c', 'ccd1946a375e2ac10c3c591b04a435c4bc5170c2']",0.3333333333333333,0.3333333333333333,0.3333333333333333,False,0.5714285714285714,1024,True,3
"[""ci"", ""refactor"", ""fix""]","[""ci"", ""refactor"", ""test""]",0.9877619743347168,"['be44bbdeb52c6025e81c99528ed7b0d932c5be18', '0e4ede620dd9a2cdc13ab9cc6da05577b39fddb8', '076b9f5efc109b481074a81957e24ce9f4a69f08']",0.6666666666666666,0.6666666666666666,0.6666666666666666,False,0.2857142857142857,1024,True,3
"[""docs"", ""feat"", ""fix"", ""refactor"", ""test""]","[""docs"", ""feat"", ""refactor""]",0.6310441493988037,"['9849430b11b92ae58d94cfe4d0b06313c7eab550', '73211952964a79d97b434dd567e6d7d34be7feb5', 'adc34a26803e2b02df0ddc0739d73cd0b6216e00']",0.6,1.0,0.7499999999999999,False,0.2857142857142857,1024,True,3
"[""docs"", ""refactor""]","[""docs"", ""feat"", ""fix""]",0.6037099361419678,"['036a0ff49a7dade0e04c9c07071a1ff49133ee24', '4a4c7afca7e1beadd4b213214074fdb420eb0923', 'a81bbb83d64867f08c4d1be10919ef6806a1bf51']",0.5,0.3333333333333333,0.4,False,0.4285714285714285,1024,True,3
"[""build"", ""ci"", ""fix""]","[""build"", ""ci"", ""test""]",0.7045660018920898,"['45bbdaba1490a3216decb2c1a88b8f7041a3d505', 'be44bbdeb52c6025e81c99528ed7b0d932c5be18', '076b9f5efc109b481074a81957e24ce9f4a69f08']",0.6666666666666666,0.6666666666666666,0.6666666666666666,False,0.2857142857142857,1024,True,3
"[""ci"", ""docs"", ""refactor""]","[""ci"", ""docs"", ""fix""]",0.8002088069915771,"['d03e345c52d1e66fe51395c701bef1c6dc3a54c0', '3f0ae7cf819776124d7aae792800fb9730a593a9', '2b1ad9d10fc5685ec75f362a73229569f03344ca']",0.6666666666666666,0.6666666666666666,0.6666666666666666,False,0.2857142857142857,1024,True,3
"[""build"", ""feat""]","[""build"", ""feat"", ""test""]",0.709306001663208,"['37b1cbfd3d2c462ef4f2a131e4172c38dc8d9ddf', '542f0cad5337de15428f0b6567ce4efd20a19a48', '422940e3d7ef6850acda0be349865d737476dd10']",1.0,0.6666666666666666,0.8,False,0.1428571428571428,1024,True,3
"[""refactor"", ""docs"", ""test""]","[""docs"", ""feat"", ""refactor""]",2.0833470821380615,"['0105a4ee47706d9b3aa8f22d0a75585a498731ec', '3709e392924aba3542514ce35bd681adca39e8ac', 'cd7e8c3d3549ea05115b3f02586eeba894d86906']",0.6666666666666666,0.6666666666666666,0.6666666666666666,False,0.2857142857142857,1024,True,3
"[""refactor"", ""build"", ""test""]","[""fix"", ""refactor"", ""test""]",1.2442429065704346,"['974e033a3ca7484290a04201ee33856a25da0942', '1918d339b8e3738df83d73e1decb31b5209ee8db', '69a394e7ff6243457685a28911b79e47f981278c']",0.6666666666666666,0.6666666666666666,0.6666666666666666,False,0.2857142857142857,1024,True,3
"[""build"", ""fix""]","[""build"", ""ci"", ""fix""]",0.8155910968780518,"['bfe32bf10e9b6d699f694fbd095af0b3f2e6275f', 'bda1822851d9be04f0d39f2213d1e2066eb115c8', '80242b34468398e835e5b3fc5ac345dbae4bcc7e']",1.0,0.6666666666666666,0.8,False,0.1428571428571428,1024,True,3
"[""docs"", ""feat"", ""refactor""]","[""docs"", ""feat"", ""refactor""]",0.7043929100036621,"['01e536c6eb273f533ac7bb1a51c4954128de2c63', '15b8e4bc9349ce017f65e10b95cae48b0aa11828', 'e8a8edadc5c25d6410462b89a48e0602e0cbbc7f']",1.0,1.0,1.0,True,0.0,1024,True,3
"[""build"", ""ci"", ""test""]","[""build"", ""ci"", ""test""]",0.5515739917755127,"['b7e38fb62aa6e8a30d72dec063b1adccd089d0aa', '6f5b1103c0893d13b42f1f7c6504c9c339840be3', '625cbbca0d92b8756eac6fcacc795d90527d8975']",1.0,1.0,1.0,True,0.0,1024,True,3
"[""build"", ""feat"", ""fix""]","[""build"", ""feat"", ""fix""]",0.7847769260406494,"['bfe32bf10e9b6d699f694fbd095af0b3f2e6275f', 'ecf865f2fef03093adedf065d1732b2386a0df40', '238ba1990ea68eb64bdfc6b31efebad2acb01ad6']",1.0,1.0,1.0,True,0.0,1024,True,3
"[""docs"", ""refactor"", ""test""]","[""docs"", ""refactor"", ""test""]",0.6228151321411133,"['01e1e33f377934099a4a725fab5cd6c5ff50eaa2', 'adc34a26803e2b02df0ddc0739d73cd0b6216e00', '625cbbca0d92b8756eac6fcacc795d90527d8975']",1.0,1.0,1.0,True,0.0,1024,True,3
"[""ci"", ""docs"", ""fix""]","[""ci"", ""docs"", ""test""]",0.6071698665618896,"['be44bbdeb52c6025e81c99528ed7b0d932c5be18', 'b8a664c1b10f4e30a3e221a14211a3cdaf90b7f4', '076b9f5efc109b481074a81957e24ce9f4a69f08']",0.6666666666666666,0.6666666666666666,0.6666666666666666,False,0.2857142857142857,1024,True,3
"[""build"", ""ci"", ""test""]","[""build"", ""ci"", ""feat""]",0.8859250545501709,"['45bbdaba1490a3216decb2c1a88b8f7041a3d505', 'be44bbdeb52c6025e81c99528ed7b0d932c5be18', '3730075261bc81df68f9d10f12a2d6bbffd8493c']",0.6666666666666666,0.6666666666666666,0.6666666666666666,False,0.2857142857142857,1024,True,3
"[""fix"", ""refactor"", ""build""]","[""fix"", ""refactor"", ""test""]",0.7472612857818604,"['238ba1990ea68eb64bdfc6b31efebad2acb01ad6', 'd4d8bdd3a0a5cec993735abc2e8cc2feff8eae27', 'cd2bfb9b2298e8cd91013808547b35a9c40f46f1']",0.6666666666666666,0.6666666666666666,0.6666666666666666,False,0.2857142857142857,1024,True,3
"[""docs"", ""refactor"", ""build""]","[""docs"", ""fix"", ""refactor""]",0.7775781154632568,"['16124286236edf03a6199720ba1629a35e3fe1aa', 'ccd1946a375e2ac10c3c591b04a435c4bc5170c2', '0e4ede620dd9a2cdc13ab9cc6da05577b39fddb8']",0.6666666666666666,0.6666666666666666,0.6666666666666666,False,0.2857142857142857,1024,True,3
"[""build"", ""ci"", ""feat""]","[""build"", ""ci"", ""feat""]",0.7095160484313965,"['b7e38fb62aa6e8a30d72dec063b1adccd089d0aa', '6f5b1103c0893d13b42f1f7c6504c9c339840be3', '73211952964a79d97b434dd567e6d7d34be7feb5']",1.0,1.0,1.0,True,0.0,1024,True,3
"[""docs"", ""feat"", ""test""]","[""docs"", ""feat"", ""test""]",0.7039589881896973,"['8dfd2af29bf784b242992ee9ec0fbc85753b063c', '8a954673531d6935f5517535b9068639ed5cff0d', '6c7398993bc567ec84e4573b6ededbf50b1ef606']",1.0,1.0,1.0,True,0.0,1024,True,3
"[""build"", ""ci"", ""fix""]","[""build"", ""ci"", ""fix""]",0.6160659790039062,"['45bbdaba1490a3216decb2c1a88b8f7041a3d505', 'be44bbdeb52c6025e81c99528ed7b0d932c5be18', 'ccd1946a375e2ac10c3c591b04a435c4bc5170c2']",1.0,1.0,1.0,True,0.0,1024,True,3
"[""build"", ""docs"", ""feat"", ""refactor""]","[""build"", ""feat"", ""refactor""]",0.8186640739440918,"['0f38960851ac0fd159727d5dffb36f50268eec18', '1ae8bf1195b197daa80ba6e45360f8b894364cd4', '336b25f3ae9da5d972304662fcdb88f4719c721d']",0.75,1.0,0.8571428571428571,False,0.1428571428571428,1024,True,3
"[""ci"", ""docs"", ""refactor""]","[""ci"", ""docs"", ""refactor""]",0.7589292526245117,"['6f5b1103c0893d13b42f1f7c6504c9c339840be3', 'eb51316cdfdc7258d287ba13b67ef2f42bd2b8f6', 'd357640fab55e5964fe83efc3c771e53aa3222fd']",1.0,1.0,1.0,True,0.0,1024,True,3
"[""ci"", ""fix"", ""refactor""]","[""feat"", ""fix"", ""test""]",0.5916259288787842,"['ebaa20ea3f02e25f78c52cae208017a898cb6c13', 'dc50bd35462a49058c91a939fc8830ae7a9eb692', '3c812f916e06a53b899e9e3dd79760b475fa4b87']",0.3333333333333333,0.3333333333333333,0.3333333333333333,False,0.5714285714285714,1024,True,3
"[""build"", ""docs"", ""fix""]","[""build"", ""docs"", ""refactor""]",0.9332890510559082,"['0f38960851ac0fd159727d5dffb36f50268eec18', 'dfab97842fe78fb8f217a5185fb6ec92682a53ca', 'f85974761be11e0ecc85575bc4b6d5a02e438fd2']",0.6666666666666666,0.6666666666666666,0.6666666666666666,False,0.2857142857142857,1024,True,3
"[""ci"", ""refactor"", ""fix"", ""test""]","[""ci"", ""fix"", ""test""]",1.8920629024505615,"['8d2e23bde626eaed6e5b13384cc7ac38bab5ea66', 'f9d9f859240c6f7e78b0303ea40e46622d42bc3c', 'cdbc37711fa9c64b2cfa767766ca55c95c1736f7']",0.75,1.0,0.8571428571428571,False,0.1428571428571428,1024,True,3
"[""build"", ""fix"", ""test""]","[""build"", ""fix"", ""test""]",1.694601058959961,"['b7e38fb62aa6e8a30d72dec063b1adccd089d0aa', 'be2cbd9480fcbd60c3011ca57f1d761185cf52bd', '625cbbca0d92b8756eac6fcacc795d90527d8975']",1.0,1.0,1.0,True,0.0,1024,True,3
"[""build"", ""docs"", ""test""]","[""ci"", ""feat"", ""refactor""]",0.6441431045532227,"['bda1822851d9be04f0d39f2213d1e2066eb115c8', '9114362b39f5194209cd0b330af7076333f3db77', 'fba4326c72fc22d81aba6976a9fef1e4b6154fd9']",0.0,0.0,0.0,False,0.8571428571428571,1024,True,3
"[""ci"", ""docs"", ""refactor""]","[""ci"", ""docs"", ""feat""]",0.6287469863891602,"['8d2e23bde626eaed6e5b13384cc7ac38bab5ea66', '527e0abd0f88cb3ae2dc1a6ec7a62c241250444d', 'bbb6ee10de824f2e3259576ac01768640c884279']",0.6666666666666666,0.6666666666666666,0.6666666666666666,False,0.2857142857142857,1024,True,3
"[""docs"", ""fix"", ""test""]","[""docs"", ""refactor"", ""test""]",0.6380550861358643,"['e9358fb4955396bfc3340418c77cbce4fa6123ee', 'eb8a8d3fc493ff8a20b19c9efac8f112ae9f5762', '4464cf5e89d5e570c20267d09fb1fa2b7ef66b93']",0.6666666666666666,0.6666666666666666,0.6666666666666666,False,0.2857142857142857,1024,True,3
"[""build"", ""ci"", ""fix""]","[""build"", ""ci"", ""fix""]",0.6153218746185303,"['b7e38fb62aa6e8a30d72dec063b1adccd089d0aa', '6f5b1103c0893d13b42f1f7c6504c9c339840be3', 'be2cbd9480fcbd60c3011ca57f1d761185cf52bd']",1.0,1.0,1.0,True,0.0,1024,True,3
"[""docs"", ""test"", ""refactor""]","[""docs"", ""feat"", ""refactor""]",0.6881327629089355,"['e9358fb4955396bfc3340418c77cbce4fa6123ee', '3709e392924aba3542514ce35bd681adca39e8ac', 'cd7e8c3d3549ea05115b3f02586eeba894d86906']",0.6666666666666666,0.6666666666666666,0.6666666666666666,False,0.2857142857142857,1024,True,3
"[""build"", ""fix"", ""test""]","[""build"", ""fix"", ""test""]",0.6366081237792969,"['4ab28fc2e63e975a0c77e18ae644f34fa5f8771a', 'b131f5d67076b97b3186c820760df839bf796ad5', '2a7c6f5c0b1c966d6a5d103de1978a61c141648a']",1.0,1.0,1.0,True,0.0,1024,True,3
"[""docs"", ""test"", ""refactor""]","[""docs"", ""feat"", ""refactor""]",0.6982800960540771,"['b8a664c1b10f4e30a3e221a14211a3cdaf90b7f4', '3730075261bc81df68f9d10f12a2d6bbffd8493c', '0e4ede620dd9a2cdc13ab9cc6da05577b39fddb8']",0.6666666666666666,0.6666666666666666,0.6666666666666666,False,0.2857142857142857,1024,True,3
"[""build"", ""fix"", ""test""]","[""build"", ""fix"", ""test""]",0.6584460735321045,"['37b1cbfd3d2c462ef4f2a131e4172c38dc8d9ddf', 'c1d3b58fd20995b1b9ca4e6771e3fa375242b02d', '82c47c7165a28f311cd40e132a6c24f6a7c82d4b']",1.0,1.0,1.0,True,0.0,1024,True,3
"[""build"", ""docs"", ""feat"", ""refactor""]","[""ci"", ""feat"", ""refactor""]",0.7490570545196533,"['bda1822851d9be04f0d39f2213d1e2066eb115c8', '9114362b39f5194209cd0b330af7076333f3db77', 'd4d8bdd3a0a5cec993735abc2e8cc2feff8eae27']",0.5,0.6666666666666666,0.5714285714285715,False,0.4285714285714285,1024,True,3
"[""build"", ""docs"", ""refactor""]","[""build"", ""docs"", ""fix""]",0.591364860534668,"['2d4d735d94386f5045e3b3abc022c2edcdfaef8f', 'cc553ae68766395e9f253379ddd7cf664d7befa1', 'eb9f7b24364e86d7bcf50bb23b62c743cf5526f6']",0.6666666666666666,0.6666666666666666,0.6666666666666666,False,0.2857142857142857,1024,True,3
"[""ci"", ""docs"", ""test""]","[""ci"", ""docs"", ""test""]",0.7954039573669434,"['87d576e936e234d0429ad753267a2760c5dfd314', '2fdecc045fdb509832a758e45412c115fa03e8e8', '6c7398993bc567ec84e4573b6ededbf50b1ef606']",1.0,1.0,1.0,True,0.0,1024,True,3
"[""build""]","[""build"", ""ci"", ""test""]",0.597592830657959,"['454003841aabeb74396d73541378bfa59c75b5db', 'bda1822851d9be04f0d39f2213d1e2066eb115c8', 'cd2bfb9b2298e8cd91013808547b35a9c40f46f1']",1.0,0.3333333333333333,0.5,False,0.2857142857142857,1024,True,3
"[""feat"", ""fix"", ""test""]","[""feat"", ""fix"", ""refactor""]",1.149190902709961,"['482442ecc1aaf981895a36c367abbd377fd93891', '80242b34468398e835e5b3fc5ac345dbae4bcc7e', 'fba4326c72fc22d81aba6976a9fef1e4b6154fd9']",0.6666666666666666,0.6666666666666666,0.6666666666666666,False,0.2857142857142857,1024,True,3
"[""build"", ""refactor"", ""fix""]","[""build"", ""fix"", ""refactor"", ""test""]",0.6068239212036133,"['45bbdaba1490a3216decb2c1a88b8f7041a3d505', 'ccd1946a375e2ac10c3c591b04a435c4bc5170c2', '0e4ede620dd9a2cdc13ab9cc6da05577b39fddb8', '076b9f5efc109b481074a81957e24ce9f4a69f08']",1.0,0.75,0.8571428571428571,False,0.1428571428571428,1024,True,4
"[""ci"", ""docs"", ""feat"", ""refactor""]","[""ci"", ""docs"", ""feat"", ""refactor""]",0.9023821353912354,"['6f5b1103c0893d13b42f1f7c6504c9c339840be3', '01e1e33f377934099a4a725fab5cd6c5ff50eaa2', '73211952964a79d97b434dd567e6d7d34be7feb5', '7d6f760a91b55967972bbd1b972307624e876805']",1.0,1.0,1.0,True,0.0,1024,True,4
"[""build"", ""ci"", ""docs"", ""fix""]","[""build"", ""ci"", ""docs"", ""test""]",1.0339088439941406,"['45bbdaba1490a3216decb2c1a88b8f7041a3d505', 'be44bbdeb52c6025e81c99528ed7b0d932c5be18', '16124286236edf03a6199720ba1629a35e3fe1aa', '076b9f5efc109b481074a81957e24ce9f4a69f08']",0.75,0.75,0.75,False,0.2857142857142857,1024,True,4
"[""docs"", ""feat"", ""fix"", ""refactor"", ""test""]","[""feat"", ""fix"", ""refactor"", ""test""]",1.085256814956665,"['a84d6715a4df12cc0ee9aa6f2596ce3b04353958', '6849b9066f5d95b9e54c67046cfa136cf0d88b27', '3e0e30ecebaf23f0c36fa4811426f8f4e0057cfe', 'e77f6751182595fe08940d67e11a90416c8dd6fd']",0.8,1.0,0.888888888888889,False,0.1428571428571428,1024,True,4
"[""build"", ""refactor"", ""feat"", ""fix""]","[""build"", ""ci"", ""feat"", ""fix""]",0.619614839553833,"['b8dfd5a2f39b4768cf070aeb9d09364577c626f9', 'bda1822851d9be04f0d39f2213d1e2066eb115c8', '6f0cf049caa1a7982669ee685e86621452686551', '80242b34468398e835e5b3fc5ac345dbae4bcc7e']",0.75,0.75,0.75,False,0.2857142857142857,1024,True,4
"[""ci"", ""docs"", ""test"", ""feat"", ""fix""]","[""ci"", ""docs"", ""feat"", ""test""]",1.0576491355895996,"['be44bbdeb52c6025e81c99528ed7b0d932c5be18', 'b8a664c1b10f4e30a3e221a14211a3cdaf90b7f4', '3730075261bc81df68f9d10f12a2d6bbffd8493c', '076b9f5efc109b481074a81957e24ce9f4a69f08']",0.8,1.0,0.888888888888889,False,0.1428571428571428,1024,True,4
"[""build"", ""docs"", ""fix"", ""refactor""]","[""build"", ""docs"", ""fix"", ""refactor""]",0.9151949882507324,"['1ad3f41f28d2faa5229ee88b54d673275cc31036', 'cc553ae68766395e9f253379ddd7cf664d7befa1', '6849b9066f5d95b9e54c67046cfa136cf0d88b27', 'e8a8edadc5c25d6410462b89a48e0602e0cbbc7f']",1.0,1.0,1.0,True,0.0,1024,True,4
"[""build"", ""ci"", ""docs"", ""refactor""]","[""build"", ""ci"", ""docs"", ""refactor""]",0.6906759738922119,"['b7e38fb62aa6e8a30d72dec063b1adccd089d0aa', '6f5b1103c0893d13b42f1f7c6504c9c339840be3', '01e1e33f377934099a4a725fab5cd6c5ff50eaa2', '86f3e3397594f8312226c5a193608a054087805c']",1.0,1.0,1.0,True,0.0,1024,True,4
"[""build"", ""feat"", ""fix"", ""test""]","[""ci"", ""feat"", ""fix"", ""test""]",0.7757072448730469,"['bda1822851d9be04f0d39f2213d1e2066eb115c8', '482442ecc1aaf981895a36c367abbd377fd93891', '238ba1990ea68eb64bdfc6b31efebad2acb01ad6', 'b7e2330fa3a8d7b8a9bff01b707c44e64b845c7b']",0.75,0.75,0.75,False,0.2857142857142857,1024,True,4
"[""build"", ""docs"", ""fix"", ""feat""]","[""build"", ""docs"", ""feat"", ""refactor""]",2.272395133972168,"['b0866f62417f56bdd5a46e8f14278af79efc4d76', 'fc9af4d0b93d69be4e201ffb18da04324e8a4a87', 'a84d6715a4df12cc0ee9aa6f2596ce3b04353958', '3e0e30ecebaf23f0c36fa4811426f8f4e0057cfe']",0.75,0.75,0.75,False,0.2857142857142857,1024,True,4
"[""build"", ""feat"", ""fix"", ""test""]","[""build"", ""feat"", ""fix"", ""test""]",0.8260431289672852,"['ecc481f9f501aa34b41e06e7bbdde6e79f8ca1bb', '8b9176b44bb01a1eef497a403b0304bc389c9aee', 'cc6408b88246f20c62884a5892a6276baf7c3920', '87427fe39d165bee2acedde8dbaa237cca3fb61e']",1.0,1.0,1.0,True,0.0,1024,True,4
"[""ci"", ""docs"", ""test""]","[""ci"", ""fix"", ""refactor"", ""test""]",0.8482367992401123,"['492a7ff9c3ecdc558759f09d836830e988a189d2', '2b1ad9d10fc5685ec75f362a73229569f03344ca', 'd55088c612b1108ef566ec47e40fb8d1050f7451', '6c7398993bc567ec84e4573b6ededbf50b1ef606']",0.6666666666666666,0.5,0.5714285714285715,False,0.4285714285714285,1024,True,4
"[""ci"", ""refactor"", ""test""]","[""ci"", ""docs"", ""refactor"", ""test""]",0.6432619094848633,"['200aca9f3d1253e4e28e79464da19b701aba777e', '7f611e4208d0cc36c635eb0641a4b3258999ae8d', '8f1034b79f894b4b1112a4bc1903f37f22f7f5ed', '6c7398993bc567ec84e4573b6ededbf50b1ef606']",1.0,0.75,0.8571428571428571,False,0.1428571428571428,1024,True,4
"[""build"", ""docs"", ""test"", ""fix""]","[""build"", ""docs"", ""feat"", ""fix""]",0.8698258399963379,"['45bbdaba1490a3216decb2c1a88b8f7041a3d505', 'b8a664c1b10f4e30a3e221a14211a3cdaf90b7f4', '3730075261bc81df68f9d10f12a2d6bbffd8493c', 'ccd1946a375e2ac10c3c591b04a435c4bc5170c2']",0.75,0.75,0.75,False,0.2857142857142857,1024,True,4
"[""build"", ""docs"", ""fix"", ""test""]","[""build"", ""docs"", ""fix"", ""test""]",0.6274209022521973,"['ecc481f9f501aa34b41e06e7bbdde6e79f8ca1bb', '144388439d64e049cbed4e37659e819856d6987f', '45b386aa3f06bce06f5e03fbde0aa52c4051c8bc', '3c04162664b130c9486cba54afc16b6e57c779d1']",1.0,1.0,1.0,True,0.0,1024,True,4
"[""ci"", ""feat"", ""refactor"", ""test""]","[""ci"", ""feat"", ""refactor"", ""test""]",1.0586068630218506,"['6f5b1103c0893d13b42f1f7c6504c9c339840be3', '73211952964a79d97b434dd567e6d7d34be7feb5', '86f3e3397594f8312226c5a193608a054087805c', '625cbbca0d92b8756eac6fcacc795d90527d8975']",1.0,1.0,1.0,True,0.0,1024,True,4
"[""build"", ""docs"", ""feat"", ""refactor""]","[""build"", ""docs"", ""feat"", ""refactor""]",1.1880371570587158,"['b7e38fb62aa6e8a30d72dec063b1adccd089d0aa', '9849430b11b92ae58d94cfe4d0b06313c7eab550', '73211952964a79d97b434dd567e6d7d34be7feb5', 'adc34a26803e2b02df0ddc0739d73cd0b6216e00']",1.0,1.0,1.0,True,0.0,1024,True,4
"[""build"", ""fix"", ""refactor""]","[""build"", ""ci"", ""fix"", ""refactor""]",0.9245009422302246,"['bfe32bf10e9b6d699f694fbd095af0b3f2e6275f', 'bda1822851d9be04f0d39f2213d1e2066eb115c8', '238ba1990ea68eb64bdfc6b31efebad2acb01ad6', 'd4d8bdd3a0a5cec993735abc2e8cc2feff8eae27']",1.0,0.75,0.8571428571428571,False,0.1428571428571428,1024,True,4
"[""ci"", ""docs"", ""fix""]","[""ci"", ""docs"", ""fix"", ""test""]",0.9279348850250244,"['be44bbdeb52c6025e81c99528ed7b0d932c5be18', 'b8a664c1b10f4e30a3e221a14211a3cdaf90b7f4', 'ccd1946a375e2ac10c3c591b04a435c4bc5170c2', '076b9f5efc109b481074a81957e24ce9f4a69f08']",1.0,0.75,0.8571428571428571,False,0.1428571428571428,1024,True,4
"[""build"", ""docs"", ""feat""]","[""build"", ""docs"", ""feat"", ""refactor""]",0.7141101360321045,"['b7e38fb62aa6e8a30d72dec063b1adccd089d0aa', '9849430b11b92ae58d94cfe4d0b06313c7eab550', '73211952964a79d97b434dd567e6d7d34be7feb5', 'eafee3c5c124ce0c71fd854270cea39cc273b27c']",1.0,0.75,0.8571428571428571,False,0.1428571428571428,1024,True,4
"[""ci"", ""feat"", ""fix"", ""refactor"", ""test""]","[""ci"", ""feat"", ""fix"", ""test""]",0.9704937934875488,"['492a7ff9c3ecdc558759f09d836830e988a189d2', '8a954673531d6935f5517535b9068639ed5cff0d', '2b1ad9d10fc5685ec75f362a73229569f03344ca', '6c7398993bc567ec84e4573b6ededbf50b1ef606']",0.8,1.0,0.888888888888889,False,0.1428571428571428,1024,True,4
"[""ci"", ""feat"", ""refactor"", ""test""]","[""ci"", ""feat"", ""refactor"", ""test""]",0.7160079479217529,"['2e65145acb5a3d20d16203142c466da0e32729ba', '8a954673531d6935f5517535b9068639ed5cff0d', '8f1034b79f894b4b1112a4bc1903f37f22f7f5ed', '6c7398993bc567ec84e4573b6ededbf50b1ef606']",1.0,1.0,1.0,True,0.0,1024,True,4
"[""build"", ""docs"", ""fix"", ""refactor""]","[""build"", ""docs"", ""fix"", ""refactor""]",0.9730377197265624,"['b7e38fb62aa6e8a30d72dec063b1adccd089d0aa', 'eb51316cdfdc7258d287ba13b67ef2f42bd2b8f6', 'be2cbd9480fcbd60c3011ca57f1d761185cf52bd', '7f797e68d8f721dff9553ba0ba5616efc456ebb5']",1.0,1.0,1.0,True,0.0,1024,True,4
"[""build"", ""docs"", ""feat"", ""fix"", ""test""]","[""build"", ""ci"", ""feat"", ""test""]",0.7678830623626709,"['b8dfd5a2f39b4768cf070aeb9d09364577c626f9', 'bda1822851d9be04f0d39f2213d1e2066eb115c8', '988dda23984894cea097d64646196e8d6196d6b6', '7c48976f943e1e9b5850967b6f2963a205476ded']",0.6,0.75,0.6666666666666665,False,0.4285714285714285,1024,True,4
"[""docs"", ""ci"", ""fix""]","[""docs"", ""feat"", ""fix"", ""refactor""]",0.676203727722168,"['3a4e21c36d76b4bea8dbb365d3c3bd005a7f3f8f', 'ebaa20ea3f02e25f78c52cae208017a898cb6c13', 'd129eaf9125a967ac86c6c7276bbae6b4d50af36', '8a9a022baa15befc325f87892c6bdae25b35bc33']",0.6666666666666666,0.5,0.5714285714285715,False,0.4285714285714285,1024,True,4
"[""build"", ""ci"", ""docs"", ""refactor""]","[""build"", ""ci"", ""docs"", ""test""]",0.763037919998169,"['45bbdaba1490a3216decb2c1a88b8f7041a3d505', 'be44bbdeb52c6025e81c99528ed7b0d932c5be18', 'b8a664c1b10f4e30a3e221a14211a3cdaf90b7f4', '076b9f5efc109b481074a81957e24ce9f4a69f08']",0.75,0.75,0.75,False,0.2857142857142857,1024,True,4
"[""docs"", ""ci"", ""build"", ""fix"", ""refactor""]","[""build"", ""ci"", ""fix"", ""refactor""]",0.6611411571502686,"['4542d9973a848a2bd4f9baf12992efe7d7a69f2c', 'db55dae208e4807898e6c747cefdf9bfcb4fd08c', '73b8948ea1d49e05ae8c63b17926eda4cb04e9bb', '70a00973a07520959210219fcaba2a782d76f491']",0.8,1.0,0.888888888888889,False,0.1428571428571428,1024,True,4
"[""docs"", ""feat"", ""fix"", ""test""]","[""docs"", ""feat"", ""fix"", ""test""]",0.7325971126556396,"['3f0ae7cf819776124d7aae792800fb9730a593a9', '8a954673531d6935f5517535b9068639ed5cff0d', '2b1ad9d10fc5685ec75f362a73229569f03344ca', '6c7398993bc567ec84e4573b6ededbf50b1ef606']",1.0,1.0,1.0,True,0.0,1024,True,4
"[""build"", ""test"", ""refactor"", ""fix""]","[""build"", ""feat"", ""fix"", ""test""]",0.6962409019470215,"['45bbdaba1490a3216decb2c1a88b8f7041a3d505', '3730075261bc81df68f9d10f12a2d6bbffd8493c', 'ccd1946a375e2ac10c3c591b04a435c4bc5170c2', '076b9f5efc109b481074a81957e24ce9f4a69f08']",0.75,0.75,0.75,False,0.2857142857142857,1024,True,4
"[""ci"", ""feat"", ""refactor""]","[""ci"", ""docs"", ""feat"", ""refactor""]",0.5752158164978027,"['bb00890fa896936d0be09cc5e5f411fb5e64aa5f', 'af82c2c910c9b5d3dd68de30c59a9e169a8934a5', '8a954673531d6935f5517535b9068639ed5cff0d', '8f1034b79f894b4b1112a4bc1903f37f22f7f5ed']",1.0,0.75,0.8571428571428571,False,0.1428571428571428,1024,True,4
"[""build"", ""ci"", ""refactor"", ""fix""]","[""build"", ""ci"", ""refactor"", ""test""]",0.7275919914245605,"['45bbdaba1490a3216decb2c1a88b8f7041a3d505', 'be44bbdeb52c6025e81c99528ed7b0d932c5be18', '0e4ede620dd9a2cdc13ab9cc6da05577b39fddb8', '076b9f5efc109b481074a81957e24ce9f4a69f08']",0.75,0.75,0.75,False,0.2857142857142857,1024,True,4
"[""ci"", ""docs"", ""fix"", ""test""]","[""ci"", ""docs"", ""fix"", ""test""]",0.9925391674041748,"['6f5b1103c0893d13b42f1f7c6504c9c339840be3', '01e1e33f377934099a4a725fab5cd6c5ff50eaa2', 'be2cbd9480fcbd60c3011ca57f1d761185cf52bd', '625cbbca0d92b8756eac6fcacc795d90527d8975']",1.0,1.0,1.0,True,0.0,1024,True,4
"[""build"", ""feat"", ""fix""]","[""build"", ""feat"", ""fix"", ""refactor""]",0.6354732513427734,"['4ab28fc2e63e975a0c77e18ae644f34fa5f8771a', 'd61bf50f77b404e660a6e5aa9e9bc4ce415e8c18', 'b131f5d67076b97b3186c820760df839bf796ad5', '905693129255e7208ca2ec63c6e07cce711047fd']",1.0,0.75,0.8571428571428571,False,0.1428571428571428,1024,True,4
"[""ci"", ""docs"", ""test"", ""fix""]","[""ci"", ""docs"", ""feat"", ""fix""]",0.7756600379943848,"['be44bbdeb52c6025e81c99528ed7b0d932c5be18', 'b8a664c1b10f4e30a3e221a14211a3cdaf90b7f4', '3730075261bc81df68f9d10f12a2d6bbffd8493c', 'ccd1946a375e2ac10c3c591b04a435c4bc5170c2']",0.75,0.75,0.75,False,0.2857142857142857,1024,True,4
"[""build"", ""docs"", ""refactor"", ""test""]","[""build"", ""docs"", ""refactor"", ""test""]",0.8498759269714355,"['ecc481f9f501aa34b41e06e7bbdde6e79f8ca1bb', 'ee7cc5d5a940fba774e715b1f029c6361110b108', '5748ff57ebafe94c4979eafa790d9a84812ca440', '3c04162664b130c9486cba54afc16b6e57c779d1']",1.0,1.0,1.0,True,0.0,1024,True,4
"[""ci"", ""test"", ""docs"", ""refactor""]","[""build"", ""docs"", ""fix"", ""refactor""]",0.6928377151489258,"['e0a977b2d316e7612b5d72cb02cd7d78e75dbc55', '01e536c6eb273f533ac7bb1a51c4954128de2c63', '6849b9066f5d95b9e54c67046cfa136cf0d88b27', '72e3eed599b3a3dd154575af344ac3e5c62dd07b']",0.5,0.5,0.5,False,0.5714285714285714,1024,True,4
"[""build"", ""docs"", ""fix"", ""test""]","[""ci"", ""feat"", ""refactor"", ""test""]",0.7393178939819336,"['bda1822851d9be04f0d39f2213d1e2066eb115c8', '988dda23984894cea097d64646196e8d6196d6b6', 'd4d8bdd3a0a5cec993735abc2e8cc2feff8eae27', '7c48976f943e1e9b5850967b6f2963a205476ded']",0.25,0.25,0.25,False,0.8571428571428571,1024,True,4
"[""build"", ""docs"", ""test"", ""fix"", ""feat""]","[""build"", ""docs"", ""feat"", ""test""]",0.6559610366821289,"['b0866f62417f56bdd5a46e8f14278af79efc4d76', '969aa32659f6918cb0eeeba6b02d6485659dbdd2', 'a84d6715a4df12cc0ee9aa6f2596ce3b04353958', 'e77f6751182595fe08940d67e11a90416c8dd6fd']",0.8,1.0,0.888888888888889,False,0.1428571428571428,1024,True,4
"[""build"", ""ci"", ""feat"", ""fix""]","[""build"", ""ci"", ""feat"", ""fix""]",0.6417148113250732,"['b7e38fb62aa6e8a30d72dec063b1adccd089d0aa', '6f5b1103c0893d13b42f1f7c6504c9c339840be3', '73211952964a79d97b434dd567e6d7d34be7feb5', 'be2cbd9480fcbd60c3011ca57f1d761185cf52bd']",1.0,1.0,1.0,True,0.0,1024,True,4
"[""docs"", ""refactor"", ""test""]","[""docs"", ""fix"", ""refactor"", ""test""]",0.6578042507171631,"['2fdecc045fdb509832a758e45412c115fa03e8e8', '2b1ad9d10fc5685ec75f362a73229569f03344ca', 'd55088c612b1108ef566ec47e40fb8d1050f7451', '6c7398993bc567ec84e4573b6ededbf50b1ef606']",1.0,0.75,0.8571428571428571,False,0.1428571428571428,1024,True,4
"[""ci"", ""fix"", ""refactor"", ""test""]","[""ci"", ""fix"", ""refactor"", ""test""]",0.9468286037445068,"['6f5b1103c0893d13b42f1f7c6504c9c339840be3', 'be2cbd9480fcbd60c3011ca57f1d761185cf52bd', '7f797e68d8f721dff9553ba0ba5616efc456ebb5', '625cbbca0d92b8756eac6fcacc795d90527d8975']",1.0,1.0,1.0,True,0.0,1024,True,4
"[""build"", ""ci"", ""docs"", ""test""]","[""build"", ""ci"", ""docs"", ""feat""]",0.6661598682403564,"['45bbdaba1490a3216decb2c1a88b8f7041a3d505', 'be44bbdeb52c6025e81c99528ed7b0d932c5be18', '16124286236edf03a6199720ba1629a35e3fe1aa', '3730075261bc81df68f9d10f12a2d6bbffd8493c']",0.75,0.75,0.75,False,0.2857142857142857,1024,True,4
"[""feat"", ""fix"", ""test""]","[""feat"", ""fix"", ""refactor"", ""test""]",0.7226498126983643,"['5e09c9128f13c45d54df685b0a17dc8e3f7ff02c', 'b131f5d67076b97b3186c820760df839bf796ad5', '731626ece358b9db69dceeeca91c94920b178bdd', '2a7c6f5c0b1c966d6a5d103de1978a61c141648a']",1.0,0.75,0.8571428571428571,False,0.1428571428571428,1024,True,4
"[""build"", ""ci"", ""docs"", ""feat""]","[""build"", ""ci"", ""docs"", ""feat""]",0.6839401721954346,"['b7e38fb62aa6e8a30d72dec063b1adccd089d0aa', '6f5b1103c0893d13b42f1f7c6504c9c339840be3', '01e1e33f377934099a4a725fab5cd6c5ff50eaa2', '73211952964a79d97b434dd567e6d7d34be7feb5']",1.0,1.0,1.0,True,0.0,1024,True,4
"[""ci"", ""docs"", ""test"", ""refactor""]","[""ci"", ""docs"", ""fix"", ""test""]",0.7853329181671143,"['8fe29cdc76480adc79701e4c492ff1e87566f569', '8dfd2af29bf784b242992ee9ec0fbc85753b063c', '2b1ad9d10fc5685ec75f362a73229569f03344ca', '6c7398993bc567ec84e4573b6ededbf50b1ef606']",0.75,0.75,0.75,False,0.2857142857142857,1024,True,4
"[""build"", ""refactor"", ""feat""]","[""build"", ""ci"", ""feat"", ""refactor""]",0.7017719745635986,"['b8dfd5a2f39b4768cf070aeb9d09364577c626f9', 'bda1822851d9be04f0d39f2213d1e2066eb115c8', '6f0cf049caa1a7982669ee685e86621452686551', 'b98a8fed0b67b99ef4f8373aea904f847315e468']",1.0,0.75,0.8571428571428571,False,0.1428571428571428,1024,True,4
"[""build"", ""docs"", ""fix"", ""test""]","[""build"", ""docs"", ""fix"", ""test""]",0.7982559204101562,"['b7e38fb62aa6e8a30d72dec063b1adccd089d0aa', '9849430b11b92ae58d94cfe4d0b06313c7eab550', 'be2cbd9480fcbd60c3011ca57f1d761185cf52bd', '625cbbca0d92b8756eac6fcacc795d90527d8975']",1.0,1.0,1.0,True,0.0,1024,True,4
"[""build"", ""docs"", ""fix"", ""test""]","[""build"", ""docs"", ""refactor"", ""test""]",0.6247539520263672,"['ecc481f9f501aa34b41e06e7bbdde6e79f8ca1bb', 'ee7cc5d5a940fba774e715b1f029c6361110b108', '5748ff57ebafe94c4979eafa790d9a84812ca440', '87427fe39d165bee2acedde8dbaa237cca3fb61e']",0.75,0.75,0.75,False,0.2857142857142857,1024,True,4
"[""ci"", ""test"", ""refactor""]","[""ci"", ""feat"", ""fix"", ""refactor""]",1.073659896850586,"['be44bbdeb52c6025e81c99528ed7b0d932c5be18', '3730075261bc81df68f9d10f12a2d6bbffd8493c', 'ccd1946a375e2ac10c3c591b04a435c4bc5170c2', '0e4ede620dd9a2cdc13ab9cc6da05577b39fddb8']",0.6666666666666666,0.5,0.5714285714285715,False,0.4285714285714285,1024,True,4
"[""ci"", ""refactor"", ""docs"", ""test""]","[""ci"", ""fix"", ""refactor"", ""test""]",0.6559250354766846,"['14f535655d39847a85d0193559c9c0010357ba77', '2b1ad9d10fc5685ec75f362a73229569f03344ca', 'd55088c612b1108ef566ec47e40fb8d1050f7451', '6c7398993bc567ec84e4573b6ededbf50b1ef606']",0.75,0.75,0.75,False,0.2857142857142857,1024,True,4
"[""build"", ""fix"", ""feat"", ""test"", ""refactor""]","[""build"", ""docs"", ""feat"", ""test""]",0.8080570697784424,"['f46c6c6c26a14312aa05a77ff2a14aebd74e13ac', 'fd849bd08363df60dbc8b9b6d55bac4f5ace88f4', '7704121d0c0bfce49f01c2b41cbc64a642cbb399', '11ffd5174bd61a2939ae58d2b2d43284302ae490']",0.6,0.75,0.6666666666666665,False,0.4285714285714285,1024,True,4
"[""build"", ""refactor"", ""feat""]","[""build"", ""ci"", ""feat"", ""fix""]",0.6479861736297607,"['454003841aabeb74396d73541378bfa59c75b5db', 'bda1822851d9be04f0d39f2213d1e2066eb115c8', 'ba60e126299ad057772b5516d9ab390e770f1301', '238ba1990ea68eb64bdfc6b31efebad2acb01ad6']",0.6666666666666666,0.5,0.5714285714285715,False,0.4285714285714285,1024,True,4
"[""build"", ""docs"", ""test"", ""refactor""]","[""build"", ""docs"", ""feat"", ""refactor""]",0.674835205078125,"['45bbdaba1490a3216decb2c1a88b8f7041a3d505', '16124286236edf03a6199720ba1629a35e3fe1aa', '3730075261bc81df68f9d10f12a2d6bbffd8493c', '0e4ede620dd9a2cdc13ab9cc6da05577b39fddb8']",0.75,0.75,0.75,False,0.2857142857142857,1024,True,4
"[""docs"", ""fix"", ""refactor"", ""test""]","[""docs"", ""fix"", ""refactor"", ""test""]",0.7345860004425049,"['f58567e01509e53afff5dc6f3b59aaae18398eda', 'f0c5ace9b5c5b7ea55da8607524d6cb68c615455', '8a9a022baa15befc325f87892c6bdae25b35bc33', '3c812f916e06a53b899e9e3dd79760b475fa4b87']",1.0,1.0,1.0,True,0.0,1024,True,4
"[""build"", ""refactor"", ""feat"", ""fix""]","[""build"", ""ci"", ""feat"", ""fix""]",0.6330869197845459,"['b8dfd5a2f39b4768cf070aeb9d09364577c626f9', 'bda1822851d9be04f0d39f2213d1e2066eb115c8', 'ba60e126299ad057772b5516d9ab390e770f1301', '238ba1990ea68eb64bdfc6b31efebad2acb01ad6']",0.75,0.75,0.75,False,0.2857142857142857,1024,True,4
"[""ci"", ""docs"", ""refactor"", ""fix""]","[""ci"", ""docs"", ""refactor"", ""test""]",0.6352620124816895,"['be44bbdeb52c6025e81c99528ed7b0d932c5be18', '16124286236edf03a6199720ba1629a35e3fe1aa', '0e4ede620dd9a2cdc13ab9cc6da05577b39fddb8', '076b9f5efc109b481074a81957e24ce9f4a69f08']",0.75,0.75,0.75,False,0.2857142857142857,1024,True,4
"[""build"", ""test"", ""refactor""]","[""build"", ""feat"", ""fix"", ""refactor""]",0.6290349960327148,"['45bbdaba1490a3216decb2c1a88b8f7041a3d505', '3730075261bc81df68f9d10f12a2d6bbffd8493c', 'ccd1946a375e2ac10c3c591b04a435c4bc5170c2', '0e4ede620dd9a2cdc13ab9cc6da05577b39fddb8']",0.6666666666666666,0.5,0.5714285714285715,False,0.4285714285714285,1024,True,4
"[""ci"", ""docs"", ""refactor"", ""fix""]","[""ci"", ""docs"", ""fix"", ""test""]",0.6081051826477051,"['be44bbdeb52c6025e81c99528ed7b0d932c5be18', '16124286236edf03a6199720ba1629a35e3fe1aa', 'ccd1946a375e2ac10c3c591b04a435c4bc5170c2', '076b9f5efc109b481074a81957e24ce9f4a69f08']",0.75,0.75,0.75,False,0.2857142857142857,1024,True,4
"[""ci"", ""feat"", ""refactor"", ""test""]","[""ci"", ""feat"", ""refactor"", ""test""]",1.1239168643951416,"['4c44543a3d9eea37e90a2316717feb01c0e0d83a', '8a954673531d6935f5517535b9068639ed5cff0d', '8f1034b79f894b4b1112a4bc1903f37f22f7f5ed', '6c7398993bc567ec84e4573b6ededbf50b1ef606']",1.0,1.0,1.0,True,0.0,1024,True,4
"[""build"", ""docs"", ""refactor"", ""test""]","[""build"", ""docs"", ""refactor"", ""test""]",0.7530710697174072,"['0f38960851ac0fd159727d5dffb36f50268eec18', '3ee672483790ec71c700907a6e93af4698492026', 'f5e80f75ead760ad0810e2b8579a062ac20f5f37', '8ee0611fbf0cd89abe7ae588f22e6ecb843598ea']",1.0,1.0,1.0,True,0.0,1024,True,4
"[""ci"", ""docs"", ""feat"", ""fix""]","[""ci"", ""docs"", ""feat"", ""fix""]",0.7902789115905762,"['6f5b1103c0893d13b42f1f7c6504c9c339840be3', '9849430b11b92ae58d94cfe4d0b06313c7eab550', '73211952964a79d97b434dd567e6d7d34be7feb5', 'be2cbd9480fcbd60c3011ca57f1d761185cf52bd']",1.0,1.0,1.0,True,0.0,1024,True,4
"[""build"", ""ci"", ""test"", ""feat"", ""fix""]","[""build"", ""ci"", ""feat"", ""test""]",0.6839098930358887,"['45bbdaba1490a3216decb2c1a88b8f7041a3d505', 'be44bbdeb52c6025e81c99528ed7b0d932c5be18', '3730075261bc81df68f9d10f12a2d6bbffd8493c', '076b9f5efc109b481074a81957e24ce9f4a69f08']",0.8,1.0,0.888888888888889,False,0.1428571428571428,1024,True,4
"[""build"", ""docs"", ""refactor""]","[""build"", ""docs"", ""fix"", ""refactor""]",0.6298298835754395,"['45bbdaba1490a3216decb2c1a88b8f7041a3d505', 'b8a664c1b10f4e30a3e221a14211a3cdaf90b7f4', 'ccd1946a375e2ac10c3c591b04a435c4bc5170c2', '0e4ede620dd9a2cdc13ab9cc6da05577b39fddb8']",1.0,0.75,0.8571428571428571,False,0.1428571428571428,1024,True,4
"[""build"", ""feat"", ""fix"", ""refactor""]","[""build"", ""feat"", ""fix"", ""refactor""]",0.8278567790985107,"['37b1cbfd3d2c462ef4f2a131e4172c38dc8d9ddf', '542f0cad5337de15428f0b6567ce4efd20a19a48', 'ab1e60a97c6d5c688dacbd23bca40cb8f20c4ac3', '7adece9931eaef6aaf603b5567829bbdcb28f2d1']",1.0,1.0,1.0,True,0.0,1024,True,4
"[""ci"", ""docs"", ""refactor"", ""test""]","[""ci"", ""docs"", ""fix"", ""test""]",0.6643116474151611,"['e7ecc8763152ed6f89dbf4a6f313c276549eb0b7', '29ace62b722bbebf20f0ed2d3fef0910e0973a5a', '2b1ad9d10fc5685ec75f362a73229569f03344ca', '6c7398993bc567ec84e4573b6ededbf50b1ef606']",0.75,0.75,0.75,False,0.2857142857142857,1024,True,4
"[""build"", ""feat"", ""docs"", ""test""]","[""ci"", ""feat"", ""refactor"", ""test""]",0.6473371982574463,"['6f5b1103c0893d13b42f1f7c6504c9c339840be3', '73211952964a79d97b434dd567e6d7d34be7feb5', '24760bc2613ed61c4552532907626e209c37b5e8', '625cbbca0d92b8756eac6fcacc795d90527d8975']",0.5,0.5,0.5,False,0.5714285714285714,1024,True,4
"[""build"", ""docs"", ""feat"", ""test""]","[""build"", ""docs"", ""feat"", ""test""]",1.1701428890228271,"['b7e38fb62aa6e8a30d72dec063b1adccd089d0aa', '9849430b11b92ae58d94cfe4d0b06313c7eab550', '73211952964a79d97b434dd567e6d7d34be7feb5', '625cbbca0d92b8756eac6fcacc795d90527d8975']",1.0,1.0,1.0,True,0.0,1024,True,4
"[""build"", ""ci"", ""refactor""]","[""build"", ""ci"", ""fix"", ""refactor""]",0.7532730102539062,"['45bbdaba1490a3216decb2c1a88b8f7041a3d505', 'be44bbdeb52c6025e81c99528ed7b0d932c5be18', 'ccd1946a375e2ac10c3c591b04a435c4bc5170c2', '0e4ede620dd9a2cdc13ab9cc6da05577b39fddb8']",1.0,0.75,0.8571428571428571,False,0.1428571428571428,1024,True,4
"[""build"", ""docs"", ""fix"", ""feat""]","[""build"", ""docs"", ""fix"", ""refactor""]",0.787729024887085,"['ecc481f9f501aa34b41e06e7bbdde6e79f8ca1bb', 'ee7cc5d5a940fba774e715b1f029c6361110b108', 'cc6408b88246f20c62884a5892a6276baf7c3920', '5748ff57ebafe94c4979eafa790d9a84812ca440']",0.75,0.75,0.75,False,0.2857142857142857,1024,True,4
"[""ci"", ""refactor"", ""feat"", ""test""]","[""ci"", ""docs"", ""feat"", ""test""]",0.6666290760040283,"['6f5b1103c0893d13b42f1f7c6504c9c339840be3', '9849430b11b92ae58d94cfe4d0b06313c7eab550', '73211952964a79d97b434dd567e6d7d34be7feb5', '625cbbca0d92b8756eac6fcacc795d90527d8975']",0.75,0.75,0.75,False,0.2857142857142857,1024,True,4
"[""build"", ""ci"", ""feat"", ""fix"", ""refactor""]","[""build"", ""ci"", ""feat"", ""fix"", ""refactor""]",0.7299020290374756,"['b7e38fb62aa6e8a30d72dec063b1adccd089d0aa', '6f5b1103c0893d13b42f1f7c6504c9c339840be3', '73211952964a79d97b434dd567e6d7d34be7feb5', 'be2cbd9480fcbd60c3011ca57f1d761185cf52bd', '3cb4a48ebd15c20692f4f3a2a924284dc7fd5e10']",1.0,1.0,1.0,True,0.0,1024,True,5
"[""build"", ""docs"", ""feat"", ""fix"", ""test""]","[""build"", ""docs"", ""feat"", ""fix"", ""test""]",0.6632030010223389,"['b7e38fb62aa6e8a30d72dec063b1adccd089d0aa', '01e1e33f377934099a4a725fab5cd6c5ff50eaa2', '73211952964a79d97b434dd567e6d7d34be7feb5', 'be2cbd9480fcbd60c3011ca57f1d761185cf52bd', '625cbbca0d92b8756eac6fcacc795d90527d8975']",1.0,1.0,1.0,True,0.0,1024,True,5
"[""ci"", ""docs"", ""feat"", ""fix"", ""test""]","[""ci"", ""docs"", ""feat"", ""refactor"", ""test""]",0.6806976795196533,"['6f5b1103c0893d13b42f1f7c6504c9c339840be3', '9849430b11b92ae58d94cfe4d0b06313c7eab550', '73211952964a79d97b434dd567e6d7d34be7feb5', '6f638a53c18a66979b89220c9945ef97e49571b3', '625cbbca0d92b8756eac6fcacc795d90527d8975']",0.8,0.8,0.8000000000000002,False,0.2857142857142857,1024,True,5
"[""build"", ""docs"", ""refactor"", ""fix"", ""test""]","[""build"", ""docs"", ""fix"", ""refactor"", ""test""]",0.6708550453186035,"['2d4d735d94386f5045e3b3abc022c2edcdfaef8f', '969aa32659f6918cb0eeeba6b02d6485659dbdd2', 'eb9f7b24364e86d7bcf50bb23b62c743cf5526f6', '3e0e30ecebaf23f0c36fa4811426f8f4e0057cfe', 'e77f6751182595fe08940d67e11a90416c8dd6fd']",1.0,1.0,1.0,True,0.0,1024,True,5
"[""build"", ""ci"", ""docs"", ""refactor"", ""fix""]","[""build"", ""ci"", ""docs"", ""refactor"", ""test""]",1.4904038906097412,"['45bbdaba1490a3216decb2c1a88b8f7041a3d505', 'be44bbdeb52c6025e81c99528ed7b0d932c5be18', '16124286236edf03a6199720ba1629a35e3fe1aa', '0e4ede620dd9a2cdc13ab9cc6da05577b39fddb8', '076b9f5efc109b481074a81957e24ce9f4a69f08']",0.8,0.8,0.8000000000000002,False,0.2857142857142857,1024,True,5
"[""ci"", ""refactor"", ""docs"", ""test""]","[""ci"", ""feat"", ""fix"", ""refactor"", ""test""]",0.6390478610992432,"['bb00890fa896936d0be09cc5e5f411fb5e64aa5f', '8a954673531d6935f5517535b9068639ed5cff0d', '2b1ad9d10fc5685ec75f362a73229569f03344ca', 'd55088c612b1108ef566ec47e40fb8d1050f7451', '6c7398993bc567ec84e4573b6ededbf50b1ef606']",0.75,0.6,0.6666666666666665,False,0.4285714285714285,1024,True,5
"[""build"", ""ci"", ""docs"", ""test"", ""refactor""]","[""build"", ""ci"", ""docs"", ""feat"", ""fix""]",0.6468980312347412,"['45bbdaba1490a3216decb2c1a88b8f7041a3d505', 'be44bbdeb52c6025e81c99528ed7b0d932c5be18', '16124286236edf03a6199720ba1629a35e3fe1aa', '3730075261bc81df68f9d10f12a2d6bbffd8493c', 'ccd1946a375e2ac10c3c591b04a435c4bc5170c2']",0.6,0.6,0.6,False,0.5714285714285714,1024,True,5
"[""build"", ""ci"", ""test"", ""refactor""]","[""build"", ""ci"", ""feat"", ""refactor"", ""test""]",0.701157808303833,"['45bbdaba1490a3216decb2c1a88b8f7041a3d505', 'be44bbdeb52c6025e81c99528ed7b0d932c5be18', '3730075261bc81df68f9d10f12a2d6bbffd8493c', '0e4ede620dd9a2cdc13ab9cc6da05577b39fddb8', '076b9f5efc109b481074a81957e24ce9f4a69f08']",1.0,0.8,0.888888888888889,False,0.1428571428571428,1024,True,5
"[""ci"", ""docs"", ""feat"", ""fix"", ""refactor""]","[""ci"", ""docs"", ""feat"", ""fix"", ""refactor""]",0.6968042850494385,"['6f5b1103c0893d13b42f1f7c6504c9c339840be3', 'eb51316cdfdc7258d287ba13b67ef2f42bd2b8f6', '73211952964a79d97b434dd567e6d7d34be7feb5', 'be2cbd9480fcbd60c3011ca57f1d761185cf52bd', 'fd53cd188555f5c3dc8bc341c5d7eb04b761a70f']",1.0,1.0,1.0,True,0.0,1024,True,5
"[""build"", ""docs"", ""feat"", ""fix"", ""test""]","[""build"", ""docs"", ""feat"", ""fix"", ""test""]",0.673198938369751,"['b7e38fb62aa6e8a30d72dec063b1adccd089d0aa', 'eb51316cdfdc7258d287ba13b67ef2f42bd2b8f6', '73211952964a79d97b434dd567e6d7d34be7feb5', 'be2cbd9480fcbd60c3011ca57f1d761185cf52bd', '625cbbca0d92b8756eac6fcacc795d90527d8975']",1.0,1.0,1.0,True,0.0,1024,True,5
"[""build"", ""docs"", ""fix"", ""refactor""]","[""build"", ""docs"", ""fix"", ""refactor"", ""test""]",1.6323719024658203,"['45bbdaba1490a3216decb2c1a88b8f7041a3d505', 'b8a664c1b10f4e30a3e221a14211a3cdaf90b7f4', 'ccd1946a375e2ac10c3c591b04a435c4bc5170c2', '0e4ede620dd9a2cdc13ab9cc6da05577b39fddb8', '076b9f5efc109b481074a81957e24ce9f4a69f08']",1.0,0.8,0.888888888888889,False,0.1428571428571428,1024,True,5
"[""build"", ""ci"", ""docs"", ""test"", ""refactor""]","[""build"", ""ci"", ""docs"", ""feat"", ""refactor""]",0.6777698993682861,"['45bbdaba1490a3216decb2c1a88b8f7041a3d505', 'be44bbdeb52c6025e81c99528ed7b0d932c5be18', 'b8a664c1b10f4e30a3e221a14211a3cdaf90b7f4', '3730075261bc81df68f9d10f12a2d6bbffd8493c', '0e4ede620dd9a2cdc13ab9cc6da05577b39fddb8']",0.8,0.8,0.8000000000000002,False,0.2857142857142857,1024,True,5
"[""ci"", ""feat"", ""fix"", ""refactor"", ""test""]","[""ci"", ""feat"", ""fix"", ""refactor"", ""test""]",0.8930239677429199,"['6f5b1103c0893d13b42f1f7c6504c9c339840be3', '73211952964a79d97b434dd567e6d7d34be7feb5', 'be2cbd9480fcbd60c3011ca57f1d761185cf52bd', 'eb8d919e6f3443db279ba0c902f15d76676c02dc', '625cbbca0d92b8756eac6fcacc795d90527d8975']",1.0,1.0,1.0,True,0.0,1024,True,5
"[""build"", ""ci"", ""docs"", ""fix"", ""test""]","[""build"", ""ci"", ""docs"", ""fix"", ""test""]",0.7512331008911133,"['b7e38fb62aa6e8a30d72dec063b1adccd089d0aa', '6f5b1103c0893d13b42f1f7c6504c9c339840be3', '01e1e33f377934099a4a725fab5cd6c5ff50eaa2', 'be2cbd9480fcbd60c3011ca57f1d761185cf52bd', '625cbbca0d92b8756eac6fcacc795d90527d8975']",1.0,1.0,1.0,True,0.0,1024,True,5
"[""build"", ""ci"", ""docs"", ""fix"", ""test""]","[""build"", ""ci"", ""docs"", ""fix"", ""test""]",0.6703779697418213,"['b7e38fb62aa6e8a30d72dec063b1adccd089d0aa', '6f5b1103c0893d13b42f1f7c6504c9c339840be3', '9849430b11b92ae58d94cfe4d0b06313c7eab550', 'be2cbd9480fcbd60c3011ca57f1d761185cf52bd', '625cbbca0d92b8756eac6fcacc795d90527d8975']",1.0,1.0,1.0,True,0.0,1024,True,5
"[""build"", ""docs"", ""test"", ""refactor""]","[""build"", ""docs"", ""feat"", ""fix"", ""refactor""]",0.7464778423309326,"['45bbdaba1490a3216decb2c1a88b8f7041a3d505', 'b8a664c1b10f4e30a3e221a14211a3cdaf90b7f4', '3730075261bc81df68f9d10f12a2d6bbffd8493c', 'ccd1946a375e2ac10c3c591b04a435c4bc5170c2', '0e4ede620dd9a2cdc13ab9cc6da05577b39fddb8']",0.75,0.6,0.6666666666666665,False,0.4285714285714285,1024,True,5
"[""build"", ""ci"", ""feat"", ""refactor"", ""test""]","[""build"", ""ci"", ""feat"", ""refactor"", ""test""]",0.7867000102996826,"['b7e38fb62aa6e8a30d72dec063b1adccd089d0aa', '6f5b1103c0893d13b42f1f7c6504c9c339840be3', '73211952964a79d97b434dd567e6d7d34be7feb5', '816b0d49c45f6669c5aae748396e9551f2e30a96', '625cbbca0d92b8756eac6fcacc795d90527d8975']",1.0,1.0,1.0,True,0.0,1024,True,5
"[""docs"", ""feat"", ""fix"", ""test""]","[""docs"", ""feat"", ""fix"", ""refactor"", ""test""]",0.5967738628387451,"['fc9af4d0b93d69be4e201ffb18da04324e8a4a87', '15b8e4bc9349ce017f65e10b95cae48b0aa11828', 'eb9f7b24364e86d7bcf50bb23b62c743cf5526f6', '72e3eed599b3a3dd154575af344ac3e5c62dd07b', 'e77f6751182595fe08940d67e11a90416c8dd6fd']",1.0,0.8,0.888888888888889,False,0.1428571428571428,1024,True,5
"[""ci"", ""refactor"", ""docs"", ""test""]","[""ci"", ""feat"", ""fix"", ""refactor"", ""test""]",0.6612331867218018,"['87d576e936e234d0429ad753267a2760c5dfd314', '8a954673531d6935f5517535b9068639ed5cff0d', '2b1ad9d10fc5685ec75f362a73229569f03344ca', 'd55088c612b1108ef566ec47e40fb8d1050f7451', '6c7398993bc567ec84e4573b6ededbf50b1ef606']",0.75,0.6,0.6666666666666665,False,0.4285714285714285,1024,True,5
"[""build"", ""ci"", ""docs"", ""feat"", ""refactor""]","[""build"", ""ci"", ""docs"", ""feat"", ""refactor""]",0.6580491065979004,"['b7e38fb62aa6e8a30d72dec063b1adccd089d0aa', '6f5b1103c0893d13b42f1f7c6504c9c339840be3', '9849430b11b92ae58d94cfe4d0b06313c7eab550', '73211952964a79d97b434dd567e6d7d34be7feb5', '3550066c886bf253df376f303a60ed475ac42aaa']",1.0,1.0,1.0,True,0.0,1024,True,5
"[""build"", ""ci"", ""docs"", ""refactor"", ""fix""]","[""build"", ""ci"", ""docs"", ""fix"", ""test""]",0.6961121559143066,"['45bbdaba1490a3216decb2c1a88b8f7041a3d505', 'be44bbdeb52c6025e81c99528ed7b0d932c5be18', '16124286236edf03a6199720ba1629a35e3fe1aa', 'ccd1946a375e2ac10c3c591b04a435c4bc5170c2', '076b9f5efc109b481074a81957e24ce9f4a69f08']",0.8,0.8,0.8000000000000002,False,0.2857142857142857,1024,True,5
"[""build"", ""ci"", ""docs"", ""feat"", ""test""]","[""build"", ""ci"", ""docs"", ""feat"", ""test""]",1.1094629764556885,"['b7e38fb62aa6e8a30d72dec063b1adccd089d0aa', '6f5b1103c0893d13b42f1f7c6504c9c339840be3', '01e1e33f377934099a4a725fab5cd6c5ff50eaa2', '73211952964a79d97b434dd567e6d7d34be7feb5', '625cbbca0d92b8756eac6fcacc795d90527d8975']",1.0,1.0,1.0,True,0.0,1024,True,5
"[""ci"", ""docs"", ""refactor""]","[""ci"", ""docs"", ""feat"", ""fix"", ""refactor""]",0.7465801239013672,"['976c34b6fdc32a7f3337f98e67a7c9e4ee9e793e', '7f611e4208d0cc36c635eb0641a4b3258999ae8d', '8a954673531d6935f5517535b9068639ed5cff0d', '2b1ad9d10fc5685ec75f362a73229569f03344ca', '8f1034b79f894b4b1112a4bc1903f37f22f7f5ed']",1.0,0.6,0.7499999999999999,False,0.2857142857142857,1024,True,5
"[""build"", ""feat"", ""fix"", ""test""]","[""build"", ""feat"", ""fix"", ""refactor"", ""test""]",0.8229868412017822,"['bfe32bf10e9b6d699f694fbd095af0b3f2e6275f', '482442ecc1aaf981895a36c367abbd377fd93891', '80242b34468398e835e5b3fc5ac345dbae4bcc7e', 'd4d8bdd3a0a5cec993735abc2e8cc2feff8eae27', 'cd2bfb9b2298e8cd91013808547b35a9c40f46f1']",1.0,0.8,0.888888888888889,False,0.1428571428571428,1024,True,5
"[""build"", ""docs"", ""fix"", ""refactor"", ""test""]","[""ci"", ""docs"", ""fix"", ""refactor"", ""test""]",0.8341419696807861,"['6f5b1103c0893d13b42f1f7c6504c9c339840be3', '01e1e33f377934099a4a725fab5cd6c5ff50eaa2', 'be2cbd9480fcbd60c3011ca57f1d761185cf52bd', '6f638a53c18a66979b89220c9945ef97e49571b3', '625cbbca0d92b8756eac6fcacc795d90527d8975']",0.8,0.8,0.8000000000000002,False,0.2857142857142857,1024,True,5
"[""build"", ""ci"", ""refactor"", ""feat"", ""test""]","[""build"", ""ci"", ""feat"", ""refactor"", ""test""]",1.2101211547851562,"['b7e38fb62aa6e8a30d72dec063b1adccd089d0aa', '6f5b1103c0893d13b42f1f7c6504c9c339840be3', '73211952964a79d97b434dd567e6d7d34be7feb5', 'bc4495b32ec752b6c4b29719e831c043ef2a26ce', '625cbbca0d92b8756eac6fcacc795d90527d8975']",1.0,1.0,1.0,True,0.0,1024,True,5
"[""build"", ""ci"", ""docs"", ""feat"", ""fix""]","[""build"", ""ci"", ""docs"", ""feat"", ""fix""]",0.7135720252990723,"['b7e38fb62aa6e8a30d72dec063b1adccd089d0aa', '6f5b1103c0893d13b42f1f7c6504c9c339840be3', 'eb51316cdfdc7258d287ba13b67ef2f42bd2b8f6', '73211952964a79d97b434dd567e6d7d34be7feb5', 'be2cbd9480fcbd60c3011ca57f1d761185cf52bd']",1.0,1.0,1.0,True,0.0,1024,True,5
"[""build"", ""docs"", ""fix"", ""refactor"", ""test""]","[""build"", ""docs"", ""fix"", ""refactor"", ""test""]",0.7986152172088623,"['ecc481f9f501aa34b41e06e7bbdde6e79f8ca1bb', 'ee7cc5d5a940fba774e715b1f029c6361110b108', '45b386aa3f06bce06f5e03fbde0aa52c4051c8bc', '5748ff57ebafe94c4979eafa790d9a84812ca440', '87427fe39d165bee2acedde8dbaa237cca3fb61e']",1.0,1.0,1.0,True,0.0,1024,True,5
"[""build"", ""docs"", ""feat"", ""fix"", ""test""]","[""ci"", ""docs"", ""feat"", ""fix"", ""test""]",0.7784690856933594,"['6f5b1103c0893d13b42f1f7c6504c9c339840be3', 'eb51316cdfdc7258d287ba13b67ef2f42bd2b8f6', '73211952964a79d97b434dd567e6d7d34be7feb5', 'be2cbd9480fcbd60c3011ca57f1d761185cf52bd', '625cbbca0d92b8756eac6fcacc795d90527d8975']",0.8,0.8,0.8000000000000002,False,0.2857142857142857,1024,True,5
"[""build"", ""docs"", ""feat"", ""fix""]","[""build"", ""docs"", ""feat"", ""fix"", ""refactor""]",0.7615671157836914,"['ecc481f9f501aa34b41e06e7bbdde6e79f8ca1bb', 'ee7cc5d5a940fba774e715b1f029c6361110b108', 'f9a094918b62534614c47aa8a13f33aec751a1e0', 'cc6408b88246f20c62884a5892a6276baf7c3920', '5748ff57ebafe94c4979eafa790d9a84812ca440']",1.0,0.8,0.888888888888889,False,0.1428571428571428,1024,True,5
"[""build"", ""feat"", ""test""]","[""build"", ""ci"", ""feat"", ""refactor"", ""test""]",0.8420190811157227,"['b8dfd5a2f39b4768cf070aeb9d09364577c626f9', 'bda1822851d9be04f0d39f2213d1e2066eb115c8', 'ba60e126299ad057772b5516d9ab390e770f1301', 'd4d8bdd3a0a5cec993735abc2e8cc2feff8eae27', 'b7e2330fa3a8d7b8a9bff01b707c44e64b845c7b']",1.0,0.6,0.7499999999999999,False,0.2857142857142857,1024,True,5
"[""docs"", ""ci"", ""build"", ""refactor"", ""test""]","[""build"", ""ci"", ""fix"", ""refactor"", ""test""]",1.22859525680542,"['4542d9973a848a2bd4f9baf12992efe7d7a69f2c', 'db55dae208e4807898e6c747cefdf9bfcb4fd08c', 'c4d9e5023fa0f88ba283b37da27677ceda1cbfbb', 'f86944ff00b970d7e2da48abbff43e58bdf29b99', '1f663cbe4b4a9e7a0ae89c05f824335f2a0857fd']",0.8,0.8,0.8000000000000002,False,0.2857142857142857,1024,True,5
"[""build"", ""docs"", ""feat"", ""refactor"", ""test""]","[""build"", ""docs"", ""feat"", ""refactor"", ""test""]",1.1099388599395752,"['0f38960851ac0fd159727d5dffb36f50268eec18', 'e0177c25e13812306aab0b0991562d58b6d14767', '1ae8bf1195b197daa80ba6e45360f8b894364cd4', '336b25f3ae9da5d972304662fcdb88f4719c721d', '8ee0611fbf0cd89abe7ae588f22e6ecb843598ea']",1.0,1.0,1.0,True,0.0,1024,True,5
"[""ci"", ""docs"", ""refactor"", ""fix"", ""test""]","[""ci"", ""docs"", ""feat"", ""fix"", ""test""]",1.620055913925171,"['8d2e23bde626eaed6e5b13384cc7ac38bab5ea66', '527e0abd0f88cb3ae2dc1a6ec7a62c241250444d', '4a4c7afca7e1beadd4b213214074fdb420eb0923', 'a81bbb83d64867f08c4d1be10919ef6806a1bf51', 'cdbc37711fa9c64b2cfa767766ca55c95c1736f7']",0.8,0.8,0.8000000000000002,False,0.2857142857142857,1024,True,5
"[""build"", ""ci"", ""docs"", ""fix"", ""refactor""]","[""build"", ""ci"", ""docs"", ""fix"", ""refactor""]",1.320490837097168,"['b7e38fb62aa6e8a30d72dec063b1adccd089d0aa', '6f5b1103c0893d13b42f1f7c6504c9c339840be3', '9849430b11b92ae58d94cfe4d0b06313c7eab550', 'be2cbd9480fcbd60c3011ca57f1d761185cf52bd', '03e413d7175d35827cd7d8908d47dbae15a849a3']",1.0,1.0,1.0,True,0.0,1024,True,5
"[""build"", ""ci"", ""docs"", ""fix"", ""refactor""]","[""build"", ""ci"", ""docs"", ""fix"", ""refactor""]",0.674619197845459,"['b7e38fb62aa6e8a30d72dec063b1adccd089d0aa', '6f5b1103c0893d13b42f1f7c6504c9c339840be3', '01e1e33f377934099a4a725fab5cd6c5ff50eaa2', 'be2cbd9480fcbd60c3011ca57f1d761185cf52bd', '3550066c886bf253df376f303a60ed475ac42aaa']",1.0,1.0,1.0,True,0.0,1024,True,5
"[""build"", ""ci"", ""feat"", ""fix"", ""test""]","[""build"", ""ci"", ""feat"", ""fix"", ""test""]",1.0364301204681396,"['b7e38fb62aa6e8a30d72dec063b1adccd089d0aa', '6f5b1103c0893d13b42f1f7c6504c9c339840be3', '73211952964a79d97b434dd567e6d7d34be7feb5', 'be2cbd9480fcbd60c3011ca57f1d761185cf52bd', '625cbbca0d92b8756eac6fcacc795d90527d8975']",1.0,1.0,1.0,True,0.0,1024,True,5
"[""docs"", ""feat"", ""fix"", ""refactor"", ""test""]","[""docs"", ""feat"", ""fix"", ""refactor"", ""test""]",0.8504397869110107,"['9849430b11b92ae58d94cfe4d0b06313c7eab550', '73211952964a79d97b434dd567e6d7d34be7feb5', 'be2cbd9480fcbd60c3011ca57f1d761185cf52bd', 'fd61615d1a7be9d13de2114a01e2d0ad63b59274', '625cbbca0d92b8756eac6fcacc795d90527d8975']",1.0,1.0,1.0,True,0.0,1024,True,5
"[""build"", ""ci"", ""docs"", ""feat""]","[""build"", ""ci"", ""docs"", ""feat"", ""refactor""]",0.6676559448242188,"['b7e38fb62aa6e8a30d72dec063b1adccd089d0aa', '6f5b1103c0893d13b42f1f7c6504c9c339840be3', '01e1e33f377934099a4a725fab5cd6c5ff50eaa2', '73211952964a79d97b434dd567e6d7d34be7feb5', 'eafee3c5c124ce0c71fd854270cea39cc273b27c']",1.0,0.8,0.888888888888889,False,0.1428571428571428,1024,True,5
"[""build"", ""feat"", ""fix"", ""docs"", ""test""]","[""build"", ""feat"", ""fix"", ""refactor"", ""test""]",0.7546460628509521,"['b7e38fb62aa6e8a30d72dec063b1adccd089d0aa', '73211952964a79d97b434dd567e6d7d34be7feb5', 'be2cbd9480fcbd60c3011ca57f1d761185cf52bd', '7005cf8c47416583e3d9fa91c3bd50113155c91a', '625cbbca0d92b8756eac6fcacc795d90527d8975']",0.8,0.8,0.8000000000000002,False,0.2857142857142857,1024,True,5
"[""build"", ""ci"", ""docs"", ""test"", ""fix""]","[""build"", ""ci"", ""docs"", ""feat"", ""test""]",0.9056680202484132,"['45bbdaba1490a3216decb2c1a88b8f7041a3d505', 'be44bbdeb52c6025e81c99528ed7b0d932c5be18', '16124286236edf03a6199720ba1629a35e3fe1aa', '3730075261bc81df68f9d10f12a2d6bbffd8493c', '076b9f5efc109b481074a81957e24ce9f4a69f08']",0.8,0.8,0.8000000000000002,False,0.2857142857142857,1024,True,5
"[""ci"", ""docs"", ""refactor"", ""fix""]","[""ci"", ""docs"", ""fix"", ""refactor"", ""test""]",0.6016230583190918,"['be44bbdeb52c6025e81c99528ed7b0d932c5be18', '16124286236edf03a6199720ba1629a35e3fe1aa', 'ccd1946a375e2ac10c3c591b04a435c4bc5170c2', '0e4ede620dd9a2cdc13ab9cc6da05577b39fddb8', '076b9f5efc109b481074a81957e24ce9f4a69f08']",1.0,0.8,0.888888888888889,False,0.1428571428571428,1024,True,5
"[""build"", ""docs"", ""feat"", ""fix"", ""test""]","[""build"", ""docs"", ""feat"", ""refactor"", ""test""]",0.6736531257629395,"['ecc481f9f501aa34b41e06e7bbdde6e79f8ca1bb', '144388439d64e049cbed4e37659e819856d6987f', 'ded26d768ff432ad3bde3c0aa1e95ce50726100a', '5748ff57ebafe94c4979eafa790d9a84812ca440', '87427fe39d165bee2acedde8dbaa237cca3fb61e']",0.8,0.8,0.8000000000000002,False,0.2857142857142857,1024,True,5
"[""build"", ""docs"", ""feat"", ""fix"", ""refactor""]","[""ci"", ""docs"", ""feat"", ""fix"", ""refactor""]",0.7663202285766602,"['6f5b1103c0893d13b42f1f7c6504c9c339840be3', 'eb51316cdfdc7258d287ba13b67ef2f42bd2b8f6', '73211952964a79d97b434dd567e6d7d34be7feb5', 'be2cbd9480fcbd60c3011ca57f1d761185cf52bd', 'd357640fab55e5964fe83efc3c771e53aa3222fd']",0.8,0.8,0.8000000000000002,False,0.2857142857142857,1024,True,5
"[""build"", ""ci"", ""fix"", ""refactor""]","[""build"", ""ci"", ""fix"", ""refactor"", ""test""]",1.0949959754943848,"['45bbdaba1490a3216decb2c1a88b8f7041a3d505', 'be44bbdeb52c6025e81c99528ed7b0d932c5be18', 'ccd1946a375e2ac10c3c591b04a435c4bc5170c2', '0e4ede620dd9a2cdc13ab9cc6da05577b39fddb8', '076b9f5efc109b481074a81957e24ce9f4a69f08']",1.0,0.8,0.888888888888889,False,0.1428571428571428,1024,True,5
"[""build"", ""ci"", ""docs"", ""test"", ""fix""]","[""build"", ""ci"", ""docs"", ""feat"", ""test""]",1.0687439441680908,"['45bbdaba1490a3216decb2c1a88b8f7041a3d505', 'be44bbdeb52c6025e81c99528ed7b0d932c5be18', 'b8a664c1b10f4e30a3e221a14211a3cdaf90b7f4', '3730075261bc81df68f9d10f12a2d6bbffd8493c', '076b9f5efc109b481074a81957e24ce9f4a69f08']",0.8,0.8,0.8000000000000002,False,0.2857142857142857,1024,True,5
"[""build"", ""ci"", ""docs"", ""fix""]","[""build"", ""ci"", ""docs"", ""fix"", ""refactor""]",1.4393970966339111,"['b7e38fb62aa6e8a30d72dec063b1adccd089d0aa', '6f5b1103c0893d13b42f1f7c6504c9c339840be3', 'eb51316cdfdc7258d287ba13b67ef2f42bd2b8f6', 'be2cbd9480fcbd60c3011ca57f1d761185cf52bd', '190aef43fd30e693af822c176f9b686591568719']",1.0,0.8,0.888888888888889,False,0.1428571428571428,1024,True,5
"[""build"", ""docs"", ""test"", ""refactor""]","[""build"", ""feat"", ""fix"", ""refactor"", ""test""]",1.2676069736480713,"['b0866f62417f56bdd5a46e8f14278af79efc4d76', 'a84d6715a4df12cc0ee9aa6f2596ce3b04353958', 'eebee9ab0bb6d4255ad0402d8422364e96bfef61', 'e8a8edadc5c25d6410462b89a48e0602e0cbbc7f', 'e77f6751182595fe08940d67e11a90416c8dd6fd']",0.75,0.6,0.6666666666666665,False,0.4285714285714285,1024,True,5
"[""ci"", ""docs"", ""refactor"", ""fix"", ""test""]","[""ci"", ""docs"", ""feat"", ""fix"", ""test""]",0.6977770328521729,"['8d2e23bde626eaed6e5b13384cc7ac38bab5ea66', '036a0ff49a7dade0e04c9c07071a1ff49133ee24', 'bbb6ee10de824f2e3259576ac01768640c884279', 'f9d9f859240c6f7e78b0303ea40e46622d42bc3c', 'cdbc37711fa9c64b2cfa767766ca55c95c1736f7']",0.8,0.8,0.8000000000000002,False,0.2857142857142857,1024,True,5
"[""build"", ""ci"", ""feat"", ""refactor"", ""test""]","[""build"", ""ci"", ""feat"", ""refactor"", ""test""]",0.6881270408630371,"['b7e38fb62aa6e8a30d72dec063b1adccd089d0aa', '6f5b1103c0893d13b42f1f7c6504c9c339840be3', '73211952964a79d97b434dd567e6d7d34be7feb5', '8da0303bc02db5fe047cfc0631a9da41d9dc60f7', '625cbbca0d92b8756eac6fcacc795d90527d8975']",1.0,1.0,1.0,True,0.0,1024,True,5
"[""build"", ""ci"", ""refactor"", ""fix"", ""feat""]","[""build"", ""ci"", ""docs"", ""feat"", ""fix""]",0.7009420394897461,"['b7e38fb62aa6e8a30d72dec063b1adccd089d0aa', '6f5b1103c0893d13b42f1f7c6504c9c339840be3', '9849430b11b92ae58d94cfe4d0b06313c7eab550', '73211952964a79d97b434dd567e6d7d34be7feb5', 'be2cbd9480fcbd60c3011ca57f1d761185cf52bd']",0.8,0.8,0.8000000000000002,False,0.2857142857142857,1024,True,5
"[""ci"", ""docs"", ""refactor"", ""fix"", ""test""]","[""ci"", ""docs"", ""fix"", ""refactor"", ""test""]",0.7408638000488281,"['db2dbc13d7da2ae85cd3206d330be8ed0ebe1b2c', '12257ce53f94dc902df4ba087de90f52d2840ad4', '2b1ad9d10fc5685ec75f362a73229569f03344ca', '8f1034b79f894b4b1112a4bc1903f37f22f7f5ed', '6c7398993bc567ec84e4573b6ededbf50b1ef606']",1.0,1.0,1.0,True,0.0,1024,True,5
"[""docs"", ""feat"", ""fix"", ""refactor"", ""test""]","[""docs"", ""feat"", ""fix"", ""refactor"", ""test""]",0.8357539176940918,"['eb51316cdfdc7258d287ba13b67ef2f42bd2b8f6', '73211952964a79d97b434dd567e6d7d34be7feb5', 'be2cbd9480fcbd60c3011ca57f1d761185cf52bd', 'eb8d919e6f3443db279ba0c902f15d76676c02dc', '625cbbca0d92b8756eac6fcacc795d90527d8975']",1.0,1.0,1.0,True,0.0,1024,True,5
"[""build"", ""docs"", ""feat"", ""fix"", ""refactor""]","[""build"", ""ci"", ""feat"", ""fix"", ""refactor""]",0.6787910461425781,"['454003841aabeb74396d73541378bfa59c75b5db', 'bda1822851d9be04f0d39f2213d1e2066eb115c8', '9114362b39f5194209cd0b330af7076333f3db77', '80242b34468398e835e5b3fc5ac345dbae4bcc7e', 'fba4326c72fc22d81aba6976a9fef1e4b6154fd9']",0.8,0.8,0.8000000000000002,False,0.2857142857142857,1024,True,5
"[""build"", ""docs"", ""feat"", ""fix"", ""test""]","[""build"", ""docs"", ""feat"", ""fix"", ""test""]",0.7380778789520264,"['ecc481f9f501aa34b41e06e7bbdde6e79f8ca1bb', '144388439d64e049cbed4e37659e819856d6987f', '8b9176b44bb01a1eef497a403b0304bc389c9aee', '45b386aa3f06bce06f5e03fbde0aa52c4051c8bc', '3c04162664b130c9486cba54afc16b6e57c779d1']",1.0,1.0,1.0,True,0.0,1024,True,5
"[""build"", ""ci"", ""docs"", ""refactor"", ""test""]","[""build"", ""ci"", ""docs"", ""refactor"", ""test""]",0.9334061145782472,"['b7e38fb62aa6e8a30d72dec063b1adccd089d0aa', '6f5b1103c0893d13b42f1f7c6504c9c339840be3', '01e1e33f377934099a4a725fab5cd6c5ff50eaa2', '3cb4a48ebd15c20692f4f3a2a924284dc7fd5e10', '625cbbca0d92b8756eac6fcacc795d90527d8975']",1.0,1.0,1.0,True,0.0,1024,True,5
"[""build"", ""ci"", ""docs"", ""refactor"", ""fix""]","[""build"", ""ci"", ""docs"", ""refactor"", ""test""]",0.8815407752990723,"['45bbdaba1490a3216decb2c1a88b8f7041a3d505', 'be44bbdeb52c6025e81c99528ed7b0d932c5be18', 'b8a664c1b10f4e30a3e221a14211a3cdaf90b7f4', '0e4ede620dd9a2cdc13ab9cc6da05577b39fddb8', '076b9f5efc109b481074a81957e24ce9f4a69f08']",0.8,0.8,0.8000000000000002,False,0.2857142857142857,1024,True,5
"[""build"", ""test"", ""refactor"", ""fix""]","[""build"", ""feat"", ""fix"", ""refactor"", ""test""]",0.7335860729217529,"['45bbdaba1490a3216decb2c1a88b8f7041a3d505', '3730075261bc81df68f9d10f12a2d6bbffd8493c', 'ccd1946a375e2ac10c3c591b04a435c4bc5170c2', '0e4ede620dd9a2cdc13ab9cc6da05577b39fddb8', '076b9f5efc109b481074a81957e24ce9f4a69f08']",1.0,0.8,0.888888888888889,False,0.1428571428571428,1024,True,5
"[""ci"", ""docs"", ""feat"", ""fix"", ""refactor""]","[""ci"", ""docs"", ""feat"", ""fix"", ""refactor""]",1.0072031021118164,"['6f5b1103c0893d13b42f1f7c6504c9c339840be3', '01e1e33f377934099a4a725fab5cd6c5ff50eaa2', '73211952964a79d97b434dd567e6d7d34be7feb5', 'be2cbd9480fcbd60c3011ca57f1d761185cf52bd', '7d6f760a91b55967972bbd1b972307624e876805']",1.0,1.0,1.0,True,0.0,1024,True,5
"[""build"", ""docs"", ""fix"", ""test""]","[""build"", ""ci"", ""feat"", ""fix"", ""test""]",0.6586670875549316,"['bfe32bf10e9b6d699f694fbd095af0b3f2e6275f', 'bda1822851d9be04f0d39f2213d1e2066eb115c8', '988dda23984894cea097d64646196e8d6196d6b6', '238ba1990ea68eb64bdfc6b31efebad2acb01ad6', 'b7e2330fa3a8d7b8a9bff01b707c44e64b845c7b']",0.75,0.6,0.6666666666666665,False,0.4285714285714285,1024,True,5
"[""build"", ""ci"", ""docs"", ""refactor"", ""test""]","[""build"", ""ci"", ""docs"", ""refactor"", ""test""]",0.638185977935791,"['b7e38fb62aa6e8a30d72dec063b1adccd089d0aa', '6f5b1103c0893d13b42f1f7c6504c9c339840be3', '9849430b11b92ae58d94cfe4d0b06313c7eab550', '816b0d49c45f6669c5aae748396e9551f2e30a96', '625cbbca0d92b8756eac6fcacc795d90527d8975']",1.0,1.0,1.0,True,0.0,1024,True,5
"[""docs"", ""feat"", ""fix"", ""test""]","[""docs"", ""feat"", ""fix"", ""refactor"", ""test""]",0.7312979698181152,"['01e1e33f377934099a4a725fab5cd6c5ff50eaa2', '73211952964a79d97b434dd567e6d7d34be7feb5', 'be2cbd9480fcbd60c3011ca57f1d761185cf52bd', '190aef43fd30e693af822c176f9b686591568719', '625cbbca0d92b8756eac6fcacc795d90527d8975']",1.0,0.8,0.888888888888889,False,0.1428571428571428,1024,True,5
"[""build"", ""ci"", ""docs"", ""feat"", ""fix""]","[""build"", ""ci"", ""docs"", ""feat"", ""fix""]",0.6916019916534424,"['b7e38fb62aa6e8a30d72dec063b1adccd089d0aa', '6f5b1103c0893d13b42f1f7c6504c9c339840be3', '01e1e33f377934099a4a725fab5cd6c5ff50eaa2', '73211952964a79d97b434dd567e6d7d34be7feb5', 'be2cbd9480fcbd60c3011ca57f1d761185cf52bd']",1.0,1.0,1.0,True,0.0,1024,True,5
"[""docs"", ""refactor"", ""feat"", ""test""]","[""docs"", ""feat"", ""fix"", ""refactor"", ""test""]",1.1949310302734375,"['8dfd2af29bf784b242992ee9ec0fbc85753b063c', '8a954673531d6935f5517535b9068639ed5cff0d', '2b1ad9d10fc5685ec75f362a73229569f03344ca', 'd55088c612b1108ef566ec47e40fb8d1050f7451', '6c7398993bc567ec84e4573b6ededbf50b1ef606']",1.0,0.8,0.888888888888889,False,0.1428571428571428,1024,True,5
"[""build"", ""refactor"", ""fix"", ""test""]","[""build"", ""ci"", ""fix"", ""refactor"", ""test""]",0.6494770050048828,"['bfe32bf10e9b6d699f694fbd095af0b3f2e6275f', 'bda1822851d9be04f0d39f2213d1e2066eb115c8', '80242b34468398e835e5b3fc5ac345dbae4bcc7e', 'fba4326c72fc22d81aba6976a9fef1e4b6154fd9', '7c48976f943e1e9b5850967b6f2963a205476ded']",1.0,0.8,0.888888888888889,False,0.1428571428571428,1024,True,5
"[""build"", ""ci"", ""docs"", ""test"", ""refactor""]","[""build"", ""ci"", ""docs"", ""feat"", ""refactor""]",0.7182908058166504,"['45bbdaba1490a3216decb2c1a88b8f7041a3d505', 'be44bbdeb52c6025e81c99528ed7b0d932c5be18', '16124286236edf03a6199720ba1629a35e3fe1aa', '3730075261bc81df68f9d10f12a2d6bbffd8493c', '0e4ede620dd9a2cdc13ab9cc6da05577b39fddb8']",0.8,0.8,0.8000000000000002,False,0.2857142857142857,1024,True,5
"[""build"", ""refactor"", ""fix"", ""test""]","[""build"", ""ci"", ""feat"", ""fix"", ""test""]",0.6679837703704834,"['bfe32bf10e9b6d699f694fbd095af0b3f2e6275f', 'bda1822851d9be04f0d39f2213d1e2066eb115c8', '482442ecc1aaf981895a36c367abbd377fd93891', '80242b34468398e835e5b3fc5ac345dbae4bcc7e', '7c48976f943e1e9b5850967b6f2963a205476ded']",0.75,0.6,0.6666666666666665,False,0.4285714285714285,1024,True,5
"[""build"", ""docs"", ""feat"", ""fix"", ""refactor""]","[""build"", ""docs"", ""feat"", ""fix"", ""refactor""]",0.6189939975738525,"['b7e38fb62aa6e8a30d72dec063b1adccd089d0aa', '01e1e33f377934099a4a725fab5cd6c5ff50eaa2', '73211952964a79d97b434dd567e6d7d34be7feb5', 'be2cbd9480fcbd60c3011ca57f1d761185cf52bd', 'eafee3c5c124ce0c71fd854270cea39cc273b27c']",1.0,1.0,1.0,True,0.0,1024,True,5
"[""build"", ""ci"", ""docs"", ""refactor"", ""test""]","[""build"", ""ci"", ""docs"", ""refactor"", ""test""]",0.7601318359375,"['b7e38fb62aa6e8a30d72dec063b1adccd089d0aa', '6f5b1103c0893d13b42f1f7c6504c9c339840be3', 'eb51316cdfdc7258d287ba13b67ef2f42bd2b8f6', '7d6f760a91b55967972bbd1b972307624e876805', '625cbbca0d92b8756eac6fcacc795d90527d8975']",1.0,1.0,1.0,True,0.0,1024,True,5
"[""ci"", ""docs"", ""fix"", ""refactor"", ""test""]","[""ci"", ""docs"", ""feat"", ""fix"", ""test""]",0.7672030925750732,"['8d2e23bde626eaed6e5b13384cc7ac38bab5ea66', '036a0ff49a7dade0e04c9c07071a1ff49133ee24', '6b473cbdc5997af47c56a2a74f5b64da6d4c2ad7', 'f9d9f859240c6f7e78b0303ea40e46622d42bc3c', 'cdbc37711fa9c64b2cfa767766ca55c95c1736f7']",0.8,0.8,0.8000000000000002,False,0.2857142857142857,1024,True,5
"[""fix"", ""test""]","[""test""]",0.5568969249725342,['7c48976f943e1e9b5850967b6f2963a205476ded'],0.5,1.0,0.6666666666666666,False,0.1428571428571428,1024,True,1
"[""feat"", ""docs""]","[""refactor""]",1.254316806793213,['5748ff57ebafe94c4979eafa790d9a84812ca440'],0.0,0.0,0.0,False,0.4285714285714285,1024,True,1
"[""docs""]","[""docs""]",0.6189711093902588,['be8dd55c2179a1743ddbda56b5e88a1a89c92bcc'],1.0,1.0,1.0,True,0.0,1024,True,1
"[""feat""]","[""feat""]",0.913344144821167,['15b8e4bc9349ce017f65e10b95cae48b0aa11828'],1.0,1.0,1.0,True,0.0,1024,True,1
"[""build""]","[""build""]",0.6181480884552002,['37b1cbfd3d2c462ef4f2a131e4172c38dc8d9ddf'],1.0,1.0,1.0,True,0.0,1024,True,1
"[""ci""]","[""ci""]",0.7551310062408447,['8d2e23bde626eaed6e5b13384cc7ac38bab5ea66'],1.0,1.0,1.0,True,0.0,1024,True,1
"[""fix"", ""test""]","[""fix""]",0.677588939666748,['44ac09d356fa02bdbb840638846f7a7500700d23'],0.5,1.0,0.6666666666666666,False,0.1428571428571428,1024,True,1
"[""ci"", ""fix""]","[""ci""]",0.7497761249542236,['be44bbdeb52c6025e81c99528ed7b0d932c5be18'],0.5,1.0,0.6666666666666666,False,0.1428571428571428,1024,True,1
"[""build""]","[""build""]",0.5664618015289307,['b7e38fb62aa6e8a30d72dec063b1adccd089d0aa'],1.0,1.0,1.0,True,0.0,1024,True,1
"[""fix"", ""refactor"", ""build""]","[""refactor""]",0.8254599571228027,['3e0e30ecebaf23f0c36fa4811426f8f4e0057cfe'],0.3333333333333333,1.0,0.5,False,0.2857142857142857,1024,True,1
"[""refactor""]","[""feat""]",0.696587085723877,['293f301a4bb248799c467d1fef413ed3909f47a4'],0.0,0.0,0.0,False,0.2857142857142857,1024,True,1
"[""test""]","[""test""]",0.5604679584503174,['6c7398993bc567ec84e4573b6ededbf50b1ef606'],1.0,1.0,1.0,True,0.0,1024,True,1
"[""docs""]","[""docs""]",0.6268610954284668,['036a0ff49a7dade0e04c9c07071a1ff49133ee24'],1.0,1.0,1.0,True,0.0,1024,True,1
"[""refactor"", ""docs""]","[""fix""]",0.6681118011474609,['73b8948ea1d49e05ae8c63b17926eda4cb04e9bb'],0.0,0.0,0.0,False,0.4285714285714285,1024,True,1
"[""refactor"", ""build""]","[""fix""]",0.9795308113098145,['ccd1946a375e2ac10c3c591b04a435c4bc5170c2'],0.0,0.0,0.0,False,0.4285714285714285,1024,True,1
"[""feat""]","[""feat""]",0.8498859405517578,['542f0cad5337de15428f0b6567ce4efd20a19a48'],1.0,1.0,1.0,True,0.0,1024,True,1
"[""build""]","[""build""]",0.7151451110839844,['4ab28fc2e63e975a0c77e18ae644f34fa5f8771a'],1.0,1.0,1.0,True,0.0,1024,True,1
"[""ci"", ""refactor""]","[""ci""]",0.6038129329681396,['b7b9c23698e7238eda26a1135018625181badd82'],0.5,1.0,0.6666666666666666,False,0.1428571428571428,1024,True,1
"[""fix""]","[""refactor""]",0.5685813426971436,['190aef43fd30e693af822c176f9b686591568719'],0.0,0.0,0.0,False,0.2857142857142857,1024,True,1
"[""test""]","[""test""]",0.733983039855957,['960af3a1c31fe2b5ab32e580089f67c9da816fcc'],1.0,1.0,1.0,True,0.0,1024,True,1
"[""docs""]","[""docs""]",0.580176830291748,['527e0abd0f88cb3ae2dc1a6ec7a62c241250444d'],1.0,1.0,1.0,True,0.0,1024,True,1
"[""docs""]","[""docs""]",0.7489218711853027,['ee7cc5d5a940fba774e715b1f029c6361110b108'],1.0,1.0,1.0,True,0.0,1024,True,1
"[""feat"", ""docs""]","[""feat""]",0.6326930522918701,['8a954673531d6935f5517535b9068639ed5cff0d'],0.5,1.0,0.6666666666666666,False,0.1428571428571428,1024,True,1
"[""refactor""]","[""refactor""]",0.6165142059326172,['0e4ede620dd9a2cdc13ab9cc6da05577b39fddb8'],1.0,1.0,1.0,True,0.0,1024,True,1
"[""build""]","[""build""]",0.6384270191192627,['ecc481f9f501aa34b41e06e7bbdde6e79f8ca1bb'],1.0,1.0,1.0,True,0.0,1024,True,1
"[""build""]","[""ci""]",0.644150972366333,['bda1822851d9be04f0d39f2213d1e2066eb115c8'],0.0,0.0,0.0,False,0.2857142857142857,1024,True,1
"[""test""]","[""test""]",0.5837790966033936,['7df6b872b9c820a35572b926d2496460a4c8b24a'],1.0,1.0,1.0,True,0.0,1024,True,1
"[""fix""]","[""fix""]",0.8895630836486816,['c4d9e5023fa0f88ba283b37da27677ceda1cbfbb'],1.0,1.0,1.0,True,0.0,1024,True,1
"[""fix""]","[""fix""]",0.6790168285369873,['0d43299ccee2b2e018fae24896c45d8d8be66bc6'],1.0,1.0,1.0,True,0.0,1024,True,1
"[""test""]","[""test""]",0.6031160354614258,['90a48c74f6faa0829d3809f739a42c0133e63ae0'],1.0,1.0,1.0,True,0.0,1024,True,1
"[""refactor""]","[""refactor""]",0.6167669296264648,['e8a8edadc5c25d6410462b89a48e0602e0cbbc7f'],1.0,1.0,1.0,True,0.0,1024,True,1
"[""docs""]","[""docs""]",0.6848330497741699,['9849430b11b92ae58d94cfe4d0b06313c7eab550'],1.0,1.0,1.0,True,0.0,1024,True,1
"[""build""]","[""build""]",0.577124834060669,['45bbdaba1490a3216decb2c1a88b8f7041a3d505'],1.0,1.0,1.0,True,0.0,1024,True,1
"[""docs"", ""feat""]","[""feat""]",0.6351749897003174,['1ae8bf1195b197daa80ba6e45360f8b894364cd4'],0.5,1.0,0.6666666666666666,False,0.1428571428571428,1024,True,1
"[""ci""]","[""ci""]",0.5845010280609131,['976c34b6fdc32a7f3337f98e67a7c9e4ee9e793e'],1.0,1.0,1.0,True,0.0,1024,True,1
"[""refactor"", ""test""]","[""refactor""]",0.655440092086792,['1c8ff5cf2feb3ce0b7d0fbfc43be8d20f5b73287'],0.5,1.0,0.6666666666666666,False,0.1428571428571428,1024,True,1
"[""ci""]","[""docs""]",0.5825948715209961,['e50a61d63755a4a955c2a6535a865773e2ac01d5'],0.0,0.0,0.0,False,0.2857142857142857,1024,True,1
"[""fix""]","[""test""]",0.6234171390533447,['076b9f5efc109b481074a81957e24ce9f4a69f08'],0.0,0.0,0.0,False,0.2857142857142857,1024,True,1
"[""build""]","[""build""]",0.7168641090393066,['b2415c4d3de7b5d6da47668a3de630c07b30b300'],1.0,1.0,1.0,True,0.0,1024,True,1
"[""refactor""]","[""fix""]",0.9500160217285156,['a81bbb83d64867f08c4d1be10919ef6806a1bf51'],0.0,0.0,0.0,False,0.2857142857142857,1024,True,1
"[""test""]","[""feat""]",0.5817141532897949,['3730075261bc81df68f9d10f12a2d6bbffd8493c'],0.0,0.0,0.0,False,0.2857142857142857,1024,True,1
"[""ci"", ""build""]","[""ci""]",1.012664794921875,['db55dae208e4807898e6c747cefdf9bfcb4fd08c'],0.5,1.0,0.6666666666666666,False,0.1428571428571428,1024,True,1
"[""docs""]","[""docs""]",0.6746737957000732,['dfab97842fe78fb8f217a5185fb6ec92682a53ca'],1.0,1.0,1.0,True,0.0,1024,True,1
"[""feat"", ""docs""]","[""feat""]",1.1732580661773682,['73211952964a79d97b434dd567e6d7d34be7feb5'],0.5,1.0,0.6666666666666666,False,0.1428571428571428,1024,True,1
"[""test"", ""refactor""]","[""refactor""]",1.632195234298706,['fba4326c72fc22d81aba6976a9fef1e4b6154fd9'],0.5,1.0,0.6666666666666666,False,0.1428571428571428,1024,True,1
"[""ci""]","[""ci""]",0.6022818088531494,['6f5b1103c0893d13b42f1f7c6504c9c339840be3'],1.0,1.0,1.0,True,0.0,1024,True,1
"[""refactor""]","[""fix""]",0.9227449893951416,['2b1ad9d10fc5685ec75f362a73229569f03344ca'],0.0,0.0,0.0,False,0.2857142857142857,1024,True,1
"[""build"", ""test""]","[""test""]",0.6202960014343262,['cd2bfb9b2298e8cd91013808547b35a9c40f46f1'],0.5,1.0,0.6666666666666666,False,0.1428571428571428,1024,True,1
"[""build""]","[""build""]",0.8207511901855469,['607ecc92b5f8c084304e406eec725b7dcfa0a562'],1.0,1.0,1.0,True,0.0,1024,True,1
"[""refactor""]","[""refactor""]",1.0144729614257812,['b98a8fed0b67b99ef4f8373aea904f847315e468'],1.0,1.0,1.0,True,0.0,1024,True,1
"[""docs""]","[""docs""]",1.6723251342773438,['144388439d64e049cbed4e37659e819856d6987f'],1.0,1.0,1.0,True,0.0,1024,True,1
"[""ci""]","[""build""]",0.6050491333007812,['88129ee45b1d49bc4ff887f3b488464cc7097e29'],0.0,0.0,0.0,False,0.2857142857142857,1024,True,1
"[""feat""]","[""feat""]",0.9715979099273682,['5e09c9128f13c45d54df685b0a17dc8e3f7ff02c'],1.0,1.0,1.0,True,0.0,1024,True,1
"[""test""]","[""test""]",1.0109477043151855,['e77f6751182595fe08940d67e11a90416c8dd6fd'],1.0,1.0,1.0,True,0.0,1024,True,1
"[""ci"", ""feat""]","[""ci""]",0.8475241661071777,['bb00890fa896936d0be09cc5e5f411fb5e64aa5f'],0.5,1.0,0.6666666666666666,False,0.1428571428571428,1024,True,1
"[""fix""]","[""fix""]",0.7635087966918945,['c1d3b58fd20995b1b9ca4e6771e3fa375242b02d'],1.0,1.0,1.0,True,0.0,1024,True,1
"[""fix""]","[""fix""]",0.72176194190979,['be2cbd9480fcbd60c3011ca57f1d761185cf52bd'],1.0,1.0,1.0,True,0.0,1024,True,1
"[""refactor""]","[""refactor""]",0.6546239852905273,['8f1034b79f894b4b1112a4bc1903f37f22f7f5ed'],1.0,1.0,1.0,True,0.0,1024,True,1
"[""docs""]","[""docs""]",0.5880858898162842,['16124286236edf03a6199720ba1629a35e3fe1aa'],1.0,1.0,1.0,True,0.0,1024,True,1
"[""test""]","[""test""]",0.8881881237030029,['cdbc37711fa9c64b2cfa767766ca55c95c1736f7'],1.0,1.0,1.0,True,0.0,1024,True,1
"[""ci"", ""feat""]","[""ci""]",2.619023084640503,['5ebfebf86e60aae2610eb0ed84d177d53cd75f9d'],0.5,1.0,0.6666666666666666,False,0.1428571428571428,1024,True,1
"[""feat"", ""docs"", ""refactor""]","[""feat""]",0.8197228908538818,['ded26d768ff432ad3bde3c0aa1e95ce50726100a'],0.3333333333333333,1.0,0.5,False,0.2857142857142857,1024,True,1
"[""build""]","[""build""]",1.2137598991394043,['f46c6c6c26a14312aa05a77ff2a14aebd74e13ac'],1.0,1.0,1.0,True,0.0,1024,True,1
"[""feat"", ""refactor""]","[""feat""]",0.6057360172271729,['bea32587586ca08f390c901a95e9b9c25263f4df'],0.5,1.0,0.6666666666666666,False,0.1428571428571428,1024,True,1
"[""docs""]","[""docs""]",0.6249861717224121,['26994fb090d4ed0daf9b8ba960b4690fac08e340'],1.0,1.0,1.0,True,0.0,1024,True,1
"[""fix""]","[""fix""]",0.7187399864196777,['80242b34468398e835e5b3fc5ac345dbae4bcc7e'],1.0,1.0,1.0,True,0.0,1024,True,1
"[""refactor""]","[""refactor""]",0.7221193313598633,['f9447355b93d67961c4a6b04bde3e83a394458ab'],1.0,1.0,1.0,True,0.0,1024,True,1
"[""ci""]","[""ci""]",0.5607349872589111,['8fe29cdc76480adc79701e4c492ff1e87566f569'],1.0,1.0,1.0,True,0.0,1024,True,1
"[""docs"", ""build""]","[""build""]",0.5930080413818359,['4542d9973a848a2bd4f9baf12992efe7d7a69f2c'],0.5,1.0,0.6666666666666666,False,0.1428571428571428,1024,True,1
"[""test""]","[""test""]",0.5818262100219727,['e053bb5190b033d4edb35a0718d3c414ae366431'],1.0,1.0,1.0,True,0.0,1024,True,1
"[""docs"", ""feat""]","[""docs"", ""refactor""]",0.8429069519042969,"['144388439d64e049cbed4e37659e819856d6987f', '5748ff57ebafe94c4979eafa790d9a84812ca440']",0.5,0.5,0.5,False,0.2857142857142857,1024,True,2
"[""docs"", ""build"", ""test""]","[""build"", ""test""]",0.746039867401123,"['4542d9973a848a2bd4f9baf12992efe7d7a69f2c', '1f663cbe4b4a9e7a0ae89c05f824335f2a0857fd']",0.6666666666666666,1.0,0.8,False,0.1428571428571428,1024,True,2
"[""feat"", ""fix""]","[""feat"", ""fix""]",0.7942500114440918,"['6f0cf049caa1a7982669ee685e86621452686551', '238ba1990ea68eb64bdfc6b31efebad2acb01ad6']",1.0,1.0,1.0,True,0.0,1024,True,2
"[""ci"", ""docs""]","[""ci"", ""docs""]",0.6071228981018066,"['6f5b1103c0893d13b42f1f7c6504c9c339840be3', '01e1e33f377934099a4a725fab5cd6c5ff50eaa2']",1.0,1.0,1.0,True,0.0,1024,True,2
"[""ci"", ""feat""]","[""ci"", ""feat""]",0.6922187805175781,"['6f5b1103c0893d13b42f1f7c6504c9c339840be3', '73211952964a79d97b434dd567e6d7d34be7feb5']",1.0,1.0,1.0,True,0.0,1024,True,2
"[""build"", ""test""]","[""build"", ""refactor""]",0.6248347759246826,"['1ad3f41f28d2faa5229ee88b54d673275cc31036', '72e3eed599b3a3dd154575af344ac3e5c62dd07b']",0.5,0.5,0.5,False,0.2857142857142857,1024,True,2
"[""fix"", ""test""]","[""fix"", ""test""]",0.8070290088653564,"['0d43299ccee2b2e018fae24896c45d8d8be66bc6', '24a815b90437dbd962b5ff449f0b5146df835545']",1.0,1.0,1.0,True,0.0,1024,True,2
"[""test"", ""refactor""]","[""feat"", ""refactor""]",0.8231379985809326,"['3730075261bc81df68f9d10f12a2d6bbffd8493c', '0e4ede620dd9a2cdc13ab9cc6da05577b39fddb8']",0.5,0.5,0.5,False,0.2857142857142857,1024,True,2
"[""build"", ""docs""]","[""build"", ""docs""]",0.5930187702178955,"['b7e38fb62aa6e8a30d72dec063b1adccd089d0aa', 'eb51316cdfdc7258d287ba13b67ef2f42bd2b8f6']",1.0,1.0,1.0,True,0.0,1024,True,2
"[""ci"", ""fix""]","[""ci"", ""fix""]",0.6238288879394531,"['6f5b1103c0893d13b42f1f7c6504c9c339840be3', 'be2cbd9480fcbd60c3011ca57f1d761185cf52bd']",1.0,1.0,1.0,True,0.0,1024,True,2
"[""fix"", ""test""]","[""fix"", ""test""]",0.6813960075378418,"['b131f5d67076b97b3186c820760df839bf796ad5', '2a7c6f5c0b1c966d6a5d103de1978a61c141648a']",1.0,1.0,1.0,True,0.0,1024,True,2
"[""build"", ""docs""]","[""build"", ""docs""]",0.6481790542602539,"['45bbdaba1490a3216decb2c1a88b8f7041a3d505', '16124286236edf03a6199720ba1629a35e3fe1aa']",1.0,1.0,1.0,True,0.0,1024,True,2
"[""feat"", ""refactor""]","[""feat"", ""refactor""]",0.6427030563354492,"['d61bf50f77b404e660a6e5aa9e9bc4ce415e8c18', 'ee4bf61fb8836e249fb4ef3507dc938e70696b3f']",1.0,1.0,1.0,True,0.0,1024,True,2
"[""build"", ""test""]","[""ci"", ""test""]",0.6264588832855225,"['bda1822851d9be04f0d39f2213d1e2066eb115c8', '90a48c74f6faa0829d3809f739a42c0133e63ae0']",0.5,0.5,0.5,False,0.2857142857142857,1024,True,2
"[""ci"", ""fix"", ""refactor""]","[""ci"", ""refactor""]",1.8766698837280271,"['be44bbdeb52c6025e81c99528ed7b0d932c5be18', '0e4ede620dd9a2cdc13ab9cc6da05577b39fddb8']",0.6666666666666666,1.0,0.8,False,0.1428571428571428,1024,True,2
"[""refactor"", ""docs"", ""test""]","[""docs"", ""feat""]",0.6376612186431885,"['0105a4ee47706d9b3aa8f22d0a75585a498731ec', '3709e392924aba3542514ce35bd681adca39e8ac']",0.3333333333333333,0.5,0.4,False,0.4285714285714285,1024,True,2
"[""build"", ""test""]","[""build"", ""test""]",0.7040987014770508,"['fd2b7a18dca63b51f4ba5de6b2e4ad2b825e735d', '24a815b90437dbd962b5ff449f0b5146df835545']",1.0,1.0,1.0,True,0.0,1024,True,2
"[""build"", ""fix""]","[""ci"", ""fix""]",0.5892679691314697,"['bda1822851d9be04f0d39f2213d1e2066eb115c8', '238ba1990ea68eb64bdfc6b31efebad2acb01ad6']",0.5,0.5,0.5,False,0.2857142857142857,1024,True,2
"[""fix"", ""feat"", ""test""]","[""feat"", ""test""]",0.7099528312683105,"['6b473cbdc5997af47c56a2a74f5b64da6d4c2ad7', 'cdbc37711fa9c64b2cfa767766ca55c95c1736f7']",0.6666666666666666,1.0,0.8,False,0.1428571428571428,1024,True,2
"[""docs"", ""fix""]","[""docs"", ""refactor""]",0.9245450496673584,"['af5ec2005504bbd836a54bfb2df0b7f6cf15f314', '4597f158c45a1f996ad217236d88edab69c29b22']",0.5,0.5,0.5,False,0.2857142857142857,1024,True,2
"[""build"", ""fix""]","[""build"", ""fix""]",0.7889378070831299,"['ecc481f9f501aa34b41e06e7bbdde6e79f8ca1bb', '45b386aa3f06bce06f5e03fbde0aa52c4051c8bc']",1.0,1.0,1.0,True,0.0,1024,True,2
"[""refactor"", ""test""]","[""refactor"", ""test""]",0.6258628368377686,"['3a86f49b725c0f66b5f04f80547042636135b49c', '3c812f916e06a53b899e9e3dd79760b475fa4b87']",1.0,1.0,1.0,True,0.0,1024,True,2
"[""build"", ""feat""]","[""ci"", ""feat""]",0.5831789970397949,"['bda1822851d9be04f0d39f2213d1e2066eb115c8', 'ba60e126299ad057772b5516d9ab390e770f1301']",0.5,0.5,0.5,False,0.2857142857142857,1024,True,2
"[""build"", ""docs""]","[""build"", ""docs""]",0.6735579967498779,"['0f38960851ac0fd159727d5dffb36f50268eec18', 'a4290c7be832aaac894f9b4e69837f0eb13d9287']",1.0,1.0,1.0,True,0.0,1024,True,2
"[""build"", ""refactor""]","[""ci"", ""fix""]",0.6608378887176514,"['0984951701c34c08392b87082824dcebc379b4e7', '2b1ad9d10fc5685ec75f362a73229569f03344ca']",0.0,0.0,0.0,False,0.5714285714285714,1024,True,2
"[""build"", ""docs""]","[""build"", ""docs""]",0.7271938323974609,"['b0866f62417f56bdd5a46e8f14278af79efc4d76', 'fc9af4d0b93d69be4e201ffb18da04324e8a4a87']",1.0,1.0,1.0,True,0.0,1024,True,2
"[""test"", ""fix""]","[""feat"", ""test""]",0.9176793098449708,"['3730075261bc81df68f9d10f12a2d6bbffd8493c', '076b9f5efc109b481074a81957e24ce9f4a69f08']",0.5,0.5,0.5,False,0.2857142857142857,1024,True,2
"[""fix"", ""refactor""]","[""fix"", ""refactor""]",0.8512649536132812,"['0d43299ccee2b2e018fae24896c45d8d8be66bc6', '536872b735334929f25bf70d052e739166355160']",1.0,1.0,1.0,True,0.0,1024,True,2
"[""feat"", ""refactor"", ""test""]","[""feat"", ""refactor""]",0.6968750953674316,"['a51716d5ac3f7aabe1428a5a6d79c6b863463ff6', '3a86f49b725c0f66b5f04f80547042636135b49c']",0.6666666666666666,1.0,0.8,False,0.1428571428571428,1024,True,2
"[""build"", ""refactor""]","[""build"", ""fix""]",0.7131271362304688,"['f46c6c6c26a14312aa05a77ff2a14aebd74e13ac', '3f71e37ef9bfdbc0aea89863ae3d75c0c7e4a53d']",0.5,0.5,0.5,False,0.2857142857142857,1024,True,2
"[""ci"", ""fix""]","[""ci"", ""test""]",0.6720960140228271,"['be44bbdeb52c6025e81c99528ed7b0d932c5be18', '076b9f5efc109b481074a81957e24ce9f4a69f08']",0.5,0.5,0.5,False,0.2857142857142857,1024,True,2
"[""docs"", ""test""]","[""docs"", ""test""]",0.5604598522186279,"['eb51316cdfdc7258d287ba13b67ef2f42bd2b8f6', '625cbbca0d92b8756eac6fcacc795d90527d8975']",1.0,1.0,1.0,True,0.0,1024,True,2
"[""fix"", ""test""]","[""fix"", ""refactor""]",0.6297938823699951,"['f2ac6e30644848f0c5c36057d1f55551fb70952f', '4be836f5655fb5356fde5ddd7437125f8574705d']",0.5,0.5,0.5,False,0.2857142857142857,1024,True,2
"[""docs"", ""feat""]","[""docs"", ""feat""]",0.9995560646057128,"['cb1f48b56ae0de93acb72e48726c7d610a1d538e', 'bea32587586ca08f390c901a95e9b9c25263f4df']",1.0,1.0,1.0,True,0.0,1024,True,2
"[""build""]","[""build"", ""ci""]",0.6909358501434326,"['454003841aabeb74396d73541378bfa59c75b5db', 'bda1822851d9be04f0d39f2213d1e2066eb115c8']",1.0,0.5,0.6666666666666666,False,0.1428571428571428,1024,True,2
"[""docs"", ""fix""]","[""docs"", ""test""]",0.7289767265319824,"['16124286236edf03a6199720ba1629a35e3fe1aa', '076b9f5efc109b481074a81957e24ce9f4a69f08']",0.5,0.5,0.5,False,0.2857142857142857,1024,True,2
"[""build"", ""feat""]","[""build"", ""refactor""]",1.082435131072998,"['ecc481f9f501aa34b41e06e7bbdde6e79f8ca1bb', '5748ff57ebafe94c4979eafa790d9a84812ca440']",0.5,0.5,0.5,False,0.2857142857142857,1024,True,2
"[""feat"", ""fix""]","[""feat"", ""fix""]",0.6367340087890625,"['73211952964a79d97b434dd567e6d7d34be7feb5', 'be2cbd9480fcbd60c3011ca57f1d761185cf52bd']",1.0,1.0,1.0,True,0.0,1024,True,2
"[""ci"", ""test""]","[""ci"", ""test""]",0.8489909172058105,"['db2dbc13d7da2ae85cd3206d330be8ed0ebe1b2c', '6c7398993bc567ec84e4573b6ededbf50b1ef606']",1.0,1.0,1.0,True,0.0,1024,True,2
"[""build"", ""fix""]","[""build"", ""fix""]",0.7101681232452393,"['4ab28fc2e63e975a0c77e18ae644f34fa5f8771a', 'b131f5d67076b97b3186c820760df839bf796ad5']",1.0,1.0,1.0,True,0.0,1024,True,2
"[""feat"", ""refactor""]","[""feat"", ""refactor""]",0.817720890045166,"['73211952964a79d97b434dd567e6d7d34be7feb5', '78971fd68d7dc5c8e6811b4520cdc54e4188f733']",1.0,1.0,1.0,True,0.0,1024,True,2
"[""ci"", ""docs""]","[""ci"", ""docs""]",0.8090958595275879,"['6f5b1103c0893d13b42f1f7c6504c9c339840be3', '9849430b11b92ae58d94cfe4d0b06313c7eab550']",1.0,1.0,1.0,True,0.0,1024,True,2
"[""docs"", ""feat""]","[""docs"", ""feat""]",0.6881980895996094,"['26994fb090d4ed0daf9b8ba960b4690fac08e340', '15b8e4bc9349ce017f65e10b95cae48b0aa11828']",1.0,1.0,1.0,True,0.0,1024,True,2
"[""fix""]","[""build"", ""fix""]",0.6138849258422852,"['2d4d735d94386f5045e3b3abc022c2edcdfaef8f', 'eb9f7b24364e86d7bcf50bb23b62c743cf5526f6']",1.0,0.5,0.6666666666666666,False,0.1428571428571428,1024,True,2
"[""ci"", ""build"", ""test""]","[""ci"", ""test""]",0.805124044418335,"['14f535655d39847a85d0193559c9c0010357ba77', '6c7398993bc567ec84e4573b6ededbf50b1ef606']",0.6666666666666666,1.0,0.8,False,0.1428571428571428,1024,True,2
"[""fix"", ""refactor""]","[""fix"", ""refactor""]",0.6173689365386963,"['b131f5d67076b97b3186c820760df839bf796ad5', '2900e67189ec09a35fa61f3f17d386f4eb23f9bd']",1.0,1.0,1.0,True,0.0,1024,True,2
"[""test"", ""refactor""]","[""ci"", ""test""]",0.6418702602386475,"['b7b9c23698e7238eda26a1135018625181badd82', '1f663cbe4b4a9e7a0ae89c05f824335f2a0857fd']",0.5,0.5,0.5,False,0.2857142857142857,1024,True,2
"[""docs"", ""refactor""]","[""docs"", ""refactor""]",0.9551501274108888,"['e9358fb4955396bfc3340418c77cbce4fa6123ee', 'cc9df62b0b41e84da275cf6ddcb06126628713b7']",1.0,1.0,1.0,True,0.0,1024,True,2
"[""ci"", ""feat""]","[""build"", ""feat""]",0.922816038131714,"['88129ee45b1d49bc4ff887f3b488464cc7097e29', 'b7191a24b71cce2b7260d60de26ac8161546110e']",0.5,0.5,0.5,False,0.2857142857142857,1024,True,2
"[""build"", ""feat""]","[""build"", ""feat""]",0.6574530601501465,"['b7e38fb62aa6e8a30d72dec063b1adccd089d0aa', '73211952964a79d97b434dd567e6d7d34be7feb5']",1.0,1.0,1.0,True,0.0,1024,True,2
"[""refactor"", ""test"", ""build""]","[""refactor"", ""test""]",0.8169662952423096,"['7e84797900f1b6f61e16d8a4766b8209673a7acb', '8ee0611fbf0cd89abe7ae588f22e6ecb843598ea']",0.6666666666666666,1.0,0.8,False,0.1428571428571428,1024,True,2
"[""ci"", ""refactor"", ""fix""]","[""ci"", ""fix""]",0.593224287033081,"['b7b9c23698e7238eda26a1135018625181badd82', 'c4d9e5023fa0f88ba283b37da27677ceda1cbfbb']",0.6666666666666666,1.0,0.8,False,0.1428571428571428,1024,True,2
"[""docs"", ""test"", ""feat""]","[""docs"", ""test""]",0.7483048439025879,"['af82c2c910c9b5d3dd68de30c59a9e169a8934a5', '6c7398993bc567ec84e4573b6ededbf50b1ef606']",0.6666666666666666,1.0,0.8,False,0.1428571428571428,1024,True,2
"[""refactor""]","[""ci"", ""refactor""]",0.6152381896972656,"['b7b9c23698e7238eda26a1135018625181badd82', '879edb6ed90f88b9ae6a3c2e8878ae1be48e0c88']",1.0,0.5,0.6666666666666666,False,0.1428571428571428,1024,True,2
"[""build"", ""docs""]","[""build"", ""docs""]",0.5740211009979248,"['0f38960851ac0fd159727d5dffb36f50268eec18', 'e0177c25e13812306aab0b0991562d58b6d14767']",1.0,1.0,1.0,True,0.0,1024,True,2
"[""ci"", ""fix""]","[""feat"", ""fix""]",0.5977370738983154,"['ebaa20ea3f02e25f78c52cae208017a898cb6c13', 'f9f309d1f4ef1917a89e867e6ba4c3f8d5b24d48']",0.5,0.5,0.5,False,0.2857142857142857,1024,True,2
"[""docs"", ""fix"", ""build""]","[""docs"", ""fix""]",0.9893090724945068,"['b8a664c1b10f4e30a3e221a14211a3cdaf90b7f4', 'ccd1946a375e2ac10c3c591b04a435c4bc5170c2']",0.6666666666666666,1.0,0.8,False,0.1428571428571428,1024,True,2
"[""feat"", ""test""]","[""feat"", ""test""]",0.7564992904663086,"['1f15f71e415ba49b21684c7a3a51c8e3faaa7cf3', 'f87659953e9af59bc7cb314a22dd076d988ef607']",1.0,1.0,1.0,True,0.0,1024,True,2
"[""build"", ""ci""]","[""build"", ""ci""]",1.0004761219024658,"['b7e38fb62aa6e8a30d72dec063b1adccd089d0aa', '6f5b1103c0893d13b42f1f7c6504c9c339840be3']",1.0,1.0,1.0,True,0.0,1024,True,2
"[""refactor""]","[""docs"", ""refactor""]",0.5966408252716064,"['0105a4ee47706d9b3aa8f22d0a75585a498731ec', '6ed4690834161e1d250dfb0b46cd05bf07c1bb39']",1.0,0.5,0.6666666666666666,False,0.1428571428571428,1024,True,2
"[""ci"", ""build"", ""refactor"", ""fix""]","[""ci"", ""fix""]",0.6576070785522461,"['db55dae208e4807898e6c747cefdf9bfcb4fd08c', 'c4d9e5023fa0f88ba283b37da27677ceda1cbfbb']",0.5,1.0,0.6666666666666666,False,0.2857142857142857,1024,True,2
"[""build"", ""test""]","[""build"", ""test""]",0.6688590049743652,"['ecc481f9f501aa34b41e06e7bbdde6e79f8ca1bb', '3c04162664b130c9486cba54afc16b6e57c779d1']",1.0,1.0,1.0,True,0.0,1024,True,2
"[""feat"", ""fix""]","[""feat"", ""refactor""]",0.5687479972839355,"['8b9176b44bb01a1eef497a403b0304bc389c9aee', '5748ff57ebafe94c4979eafa790d9a84812ca440']",0.5,0.5,0.5,False,0.2857142857142857,1024,True,2
"[""build"", ""feat""]","[""build"", ""feat""]",0.6792640686035156,"['f46c6c6c26a14312aa05a77ff2a14aebd74e13ac', 'd82c76e667c01567382e3ebeb13125c5d0064324']",1.0,1.0,1.0,True,0.0,1024,True,2
"[""refactor"", ""test""]","[""refactor"", ""test""]",0.6632931232452393,"['211de26da358601056dd922d63f832433d7a693b', '1f663cbe4b4a9e7a0ae89c05f824335f2a0857fd']",1.0,1.0,1.0,True,0.0,1024,True,2
"[""ci"", ""docs""]","[""ci"", ""docs""]",0.7813818454742432,"['8d2e23bde626eaed6e5b13384cc7ac38bab5ea66', '036a0ff49a7dade0e04c9c07071a1ff49133ee24']",1.0,1.0,1.0,True,0.0,1024,True,2
"[""docs"", ""fix""]","[""docs"", ""fix""]",0.7835159301757812,"['01e536c6eb273f533ac7bb1a51c4954128de2c63', '6849b9066f5d95b9e54c67046cfa136cf0d88b27']",1.0,1.0,1.0,True,0.0,1024,True,2
"[""fix"", ""test"", ""docs""]","[""fix"", ""test""]",0.5388901233673096,"['3e85aa17418f6fd2e6e32f9e55fdf7a9d8fcea9d', 'f87659953e9af59bc7cb314a22dd076d988ef607']",0.6666666666666666,1.0,0.8,False,0.1428571428571428,1024,True,2
"[""docs"", ""build"", ""ci"", ""refactor""]","[""build"", ""ci""]",1.0315399169921875,"['4542d9973a848a2bd4f9baf12992efe7d7a69f2c', 'b7b9c23698e7238eda26a1135018625181badd82']",0.5,1.0,0.6666666666666666,False,0.2857142857142857,1024,True,2
"[""feat"", ""refactor""]","[""feat"", ""refactor""]",0.6902129650115967,"['9025fe7e99ae76c1426be68dc80f09e235631a80', '3f173b8b7ce54371db277879673b3202edeb2d93']",1.0,1.0,1.0,True,0.0,1024,True,2
"[""build"", ""feat"", ""refactor""]","[""build"", ""feat"", ""refactor""]",0.6766259670257568,"['37b1cbfd3d2c462ef4f2a131e4172c38dc8d9ddf', '542f0cad5337de15428f0b6567ce4efd20a19a48', '7adece9931eaef6aaf603b5567829bbdcb28f2d1']",1.0,1.0,1.0,True,0.0,1024,True,3
"[""ci"", ""docs"", ""test""]","[""ci"", ""docs"", ""test""]",0.7619888782501221,"['6f5b1103c0893d13b42f1f7c6504c9c339840be3', 'eb51316cdfdc7258d287ba13b67ef2f42bd2b8f6', '625cbbca0d92b8756eac6fcacc795d90527d8975']",1.0,1.0,1.0,True,0.0,1024,True,3
"[""test"", ""build"", ""fix"", ""refactor""]","[""feat"", ""fix"", ""test""]",0.942023992538452,"['3730075261bc81df68f9d10f12a2d6bbffd8493c', 'ccd1946a375e2ac10c3c591b04a435c4bc5170c2', '076b9f5efc109b481074a81957e24ce9f4a69f08']",0.5,0.6666666666666666,0.5714285714285715,False,0.4285714285714285,1024,True,3
"[""docs"", ""refactor""]","[""build"", ""ci"", ""fix""]",0.7232329845428467,"['4542d9973a848a2bd4f9baf12992efe7d7a69f2c', 'b7b9c23698e7238eda26a1135018625181badd82', '73b8948ea1d49e05ae8c63b17926eda4cb04e9bb']",0.0,0.0,0.0,False,0.7142857142857143,1024,True,3
"[""ci"", ""docs"", ""refactor""]","[""ci"", ""docs"", ""refactor""]",0.8159480094909668,"['14f535655d39847a85d0193559c9c0010357ba77', '7f611e4208d0cc36c635eb0641a4b3258999ae8d', 'd55088c612b1108ef566ec47e40fb8d1050f7451']",1.0,1.0,1.0,True,0.0,1024,True,3
"[""docs"", ""fix""]","[""docs"", ""fix"", ""refactor""]",0.6496400833129883,"['e9358fb4955396bfc3340418c77cbce4fa6123ee', 'd5d3753c221e5164874ee99f1c6959f03fce0725', '7292fc7d387d83379aedf93558451bfa254acb6f']",1.0,0.6666666666666666,0.8,False,0.1428571428571428,1024,True,3
"[""build"", ""fix""]","[""build"", ""feat"", ""test""]",0.7778081893920898,"['afafb9a32b164df33754a36547ee134b8fbe374a', '293f301a4bb248799c467d1fef413ed3909f47a4', '24a815b90437dbd962b5ff449f0b5146df835545']",0.5,0.3333333333333333,0.4,False,0.4285714285714285,1024,True,3
"[""ci"", ""fix"", ""refactor""]","[""ci"", ""fix"", ""refactor""]",0.7627160549163818,"['be44bbdeb52c6025e81c99528ed7b0d932c5be18', 'ccd1946a375e2ac10c3c591b04a435c4bc5170c2', '0e4ede620dd9a2cdc13ab9cc6da05577b39fddb8']",1.0,1.0,1.0,True,0.0,1024,True,3
"[""build"", ""docs"", ""feat""]","[""build"", ""docs"", ""feat""]",1.5680570602416992,"['b7e38fb62aa6e8a30d72dec063b1adccd089d0aa', 'eb51316cdfdc7258d287ba13b67ef2f42bd2b8f6', '73211952964a79d97b434dd567e6d7d34be7feb5']",1.0,1.0,1.0,True,0.0,1024,True,3
"[""docs"", ""fix"", ""test""]","[""build"", ""fix"", ""test""]",0.5861539840698242,"['4542d9973a848a2bd4f9baf12992efe7d7a69f2c', '73b8948ea1d49e05ae8c63b17926eda4cb04e9bb', '1f663cbe4b4a9e7a0ae89c05f824335f2a0857fd']",0.6666666666666666,0.6666666666666666,0.6666666666666666,False,0.2857142857142857,1024,True,3
"[""build"", ""refactor"", ""test""]","[""ci"", ""refactor"", ""test""]",0.7121479511260986,"['bda1822851d9be04f0d39f2213d1e2066eb115c8', 'b98a8fed0b67b99ef4f8373aea904f847315e468', 'b7e2330fa3a8d7b8a9bff01b707c44e64b845c7b']",0.6666666666666666,0.6666666666666666,0.6666666666666666,False,0.2857142857142857,1024,True,3
"[""fix"", ""feat"", ""test""]","[""docs"", ""feat"", ""test""]",1.8884809017181396,"['fd849bd08363df60dbc8b9b6d55bac4f5ace88f4', 'b7191a24b71cce2b7260d60de26ac8161546110e', '11ffd5174bd61a2939ae58d2b2d43284302ae490']",0.6666666666666666,0.6666666666666666,0.6666666666666666,False,0.2857142857142857,1024,True,3
"[""ci"", ""docs"", ""refactor""]","[""ci"", ""docs"", ""refactor""]",0.7104401588439941,"['be44bbdeb52c6025e81c99528ed7b0d932c5be18', '16124286236edf03a6199720ba1629a35e3fe1aa', '0e4ede620dd9a2cdc13ab9cc6da05577b39fddb8']",1.0,1.0,1.0,True,0.0,1024,True,3
"[""build"", ""feat"", ""fix""]","[""build"", ""feat"", ""fix""]",0.8766779899597168,"['ecc481f9f501aa34b41e06e7bbdde6e79f8ca1bb', '8b9176b44bb01a1eef497a403b0304bc389c9aee', 'cc6408b88246f20c62884a5892a6276baf7c3920']",1.0,1.0,1.0,True,0.0,1024,True,3
"[""docs"", ""refactor"", ""test""]","[""docs"", ""fix"", ""test""]",0.6655242443084717,"['12257ce53f94dc902df4ba087de90f52d2840ad4', '2b1ad9d10fc5685ec75f362a73229569f03344ca', '6c7398993bc567ec84e4573b6ededbf50b1ef606']",0.6666666666666666,0.6666666666666666,0.6666666666666666,False,0.2857142857142857,1024,True,3
"[""build"", ""ci"", ""docs""]","[""build"", ""ci"", ""refactor""]",0.6011712551116943,"['b7e38fb62aa6e8a30d72dec063b1adccd089d0aa', '6f5b1103c0893d13b42f1f7c6504c9c339840be3', '3550066c886bf253df376f303a60ed475ac42aaa']",0.6666666666666666,0.6666666666666666,0.6666666666666666,False,0.2857142857142857,1024,True,3
"[""build"", ""feat"", ""refactor""]","[""build"", ""feat"", ""refactor""]",0.7079401016235352,"['b7e38fb62aa6e8a30d72dec063b1adccd089d0aa', '73211952964a79d97b434dd567e6d7d34be7feb5', '8da0303bc02db5fe047cfc0631a9da41d9dc60f7']",1.0,1.0,1.0,True,0.0,1024,True,3
"[""build"", ""docs"", ""feat"", ""test""]","[""ci"", ""feat"", ""test""]",1.0682449340820312,"['bda1822851d9be04f0d39f2213d1e2066eb115c8', '988dda23984894cea097d64646196e8d6196d6b6', '90a48c74f6faa0829d3809f739a42c0133e63ae0']",0.5,0.6666666666666666,0.5714285714285715,False,0.4285714285714285,1024,True,3
"[""build"", ""docs"", ""fix""]","[""build"", ""docs"", ""fix""]",0.6698000431060791,"['ecc481f9f501aa34b41e06e7bbdde6e79f8ca1bb', '144388439d64e049cbed4e37659e819856d6987f', '45b386aa3f06bce06f5e03fbde0aa52c4051c8bc']",1.0,1.0,1.0,True,0.0,1024,True,3
"[""docs"", ""fix"", ""refactor""]","[""docs"", ""fix"", ""test""]",0.7244551181793213,"['af5ec2005504bbd836a54bfb2df0b7f6cf15f314', 'f9f309d1f4ef1917a89e867e6ba4c3f8d5b24d48', '3c812f916e06a53b899e9e3dd79760b475fa4b87']",0.6666666666666666,0.6666666666666666,0.6666666666666666,False,0.2857142857142857,1024,True,3
"[""ci"", ""test"", ""refactor"", ""feat""]","[""ci"", ""feat"", ""refactor""]",0.7544989585876465,"['be44bbdeb52c6025e81c99528ed7b0d932c5be18', '3730075261bc81df68f9d10f12a2d6bbffd8493c', '0e4ede620dd9a2cdc13ab9cc6da05577b39fddb8']",0.75,1.0,0.8571428571428571,False,0.1428571428571428,1024,True,3
"[""build"", ""docs"", ""fix""]","[""build"", ""docs"", ""fix""]",0.646543025970459,"['ecc481f9f501aa34b41e06e7bbdde6e79f8ca1bb', 'ee7cc5d5a940fba774e715b1f029c6361110b108', 'cc6408b88246f20c62884a5892a6276baf7c3920']",1.0,1.0,1.0,True,0.0,1024,True,3
"[""docs"", ""test"", ""feat"", ""refactor""]","[""feat"", ""refactor"", ""test""]",0.782224178314209,"['a84d6715a4df12cc0ee9aa6f2596ce3b04353958', 'e8a8edadc5c25d6410462b89a48e0602e0cbbc7f', 'e77f6751182595fe08940d67e11a90416c8dd6fd']",0.75,1.0,0.8571428571428571,False,0.1428571428571428,1024,True,3
"[""ci"", ""docs"", ""feat""]","[""ci"", ""docs"", ""feat""]",0.8285002708435059,"['200aca9f3d1253e4e28e79464da19b701aba777e', '2fdecc045fdb509832a758e45412c115fa03e8e8', '8a954673531d6935f5517535b9068639ed5cff0d']",1.0,1.0,1.0,True,0.0,1024,True,3
"[""ci"", ""test"", ""refactor""]","[""ci"", ""fix"", ""test""]",0.9711942672729492,"['e7ecc8763152ed6f89dbf4a6f313c276549eb0b7', '2b1ad9d10fc5685ec75f362a73229569f03344ca', '6c7398993bc567ec84e4573b6ededbf50b1ef606']",0.6666666666666666,0.6666666666666666,0.6666666666666666,False,0.2857142857142857,1024,True,3
"[""build"", ""ci"", ""refactor""]","[""build"", ""ci"", ""refactor""]",0.656052827835083,"['45bbdaba1490a3216decb2c1a88b8f7041a3d505', 'be44bbdeb52c6025e81c99528ed7b0d932c5be18', '0e4ede620dd9a2cdc13ab9cc6da05577b39fddb8']",1.0,1.0,1.0,True,0.0,1024,True,3
"[""build"", ""fix"", ""test""]","[""build"", ""fix"", ""refactor""]",1.4210669994354248,"['37b1cbfd3d2c462ef4f2a131e4172c38dc8d9ddf', '9db124c65f291a1524ed2e7db1c04a7020eaed80', 'e2b7c0ea44b9c958f66d0cbd59fec597008f4793']",0.6666666666666666,0.6666666666666666,0.6666666666666666,False,0.2857142857142857,1024,True,3
"[""docs"", ""ci"", ""refactor""]","[""docs"", ""feat"", ""test""]",0.6105599403381348,"['6ffb9ffff014c8184f6c84a02854e348f2679636', 'ebaa20ea3f02e25f78c52cae208017a898cb6c13', '3c812f916e06a53b899e9e3dd79760b475fa4b87']",0.3333333333333333,0.3333333333333333,0.3333333333333333,False,0.5714285714285714,1024,True,3
"[""ci"", ""docs"", ""refactor""]","[""ci"", ""docs"", ""fix""]",0.6637630462646484,"['cb5634329ca9f3eaa72bb3dede79913ca8283b1b', '2b01808ec86fe9d8b4a93141a1b7f95e11fd6010', '2b1ad9d10fc5685ec75f362a73229569f03344ca']",0.6666666666666666,0.6666666666666666,0.6666666666666666,False,0.2857142857142857,1024,True,3
"[""ci"", ""test""]","[""build"", ""refactor"", ""test""]",0.6354780197143555,"['e0a977b2d316e7612b5d72cb02cd7d78e75dbc55', '72e3eed599b3a3dd154575af344ac3e5c62dd07b', 'e77f6751182595fe08940d67e11a90416c8dd6fd']",0.5,0.3333333333333333,0.4,False,0.4285714285714285,1024,True,3
"[""build"", ""test"", ""refactor""]","[""build"", ""feat"", ""fix""]",0.7260570526123047,"['45bbdaba1490a3216decb2c1a88b8f7041a3d505', '3730075261bc81df68f9d10f12a2d6bbffd8493c', 'ccd1946a375e2ac10c3c591b04a435c4bc5170c2']",0.3333333333333333,0.3333333333333333,0.3333333333333333,False,0.5714285714285714,1024,True,3
"[""ci"", ""refactor"", ""fix""]","[""ci"", ""refactor"", ""test""]",0.6416082382202148,"['be44bbdeb52c6025e81c99528ed7b0d932c5be18', '0e4ede620dd9a2cdc13ab9cc6da05577b39fddb8', '076b9f5efc109b481074a81957e24ce9f4a69f08']",0.6666666666666666,0.6666666666666666,0.6666666666666666,False,0.2857142857142857,1024,True,3
"[""docs"", ""feat"", ""fix"", ""refactor"", ""test""]","[""docs"", ""feat"", ""refactor""]",0.6870219707489014,"['9849430b11b92ae58d94cfe4d0b06313c7eab550', '73211952964a79d97b434dd567e6d7d34be7feb5', 'adc34a26803e2b02df0ddc0739d73cd0b6216e00']",0.6,1.0,0.7499999999999999,False,0.2857142857142857,1024,True,3
"[""docs"", ""refactor""]","[""docs"", ""feat"", ""fix""]",0.6991121768951416,"['036a0ff49a7dade0e04c9c07071a1ff49133ee24', '4a4c7afca7e1beadd4b213214074fdb420eb0923', 'a81bbb83d64867f08c4d1be10919ef6806a1bf51']",0.5,0.3333333333333333,0.4,False,0.4285714285714285,1024,True,3
"[""build"", ""ci"", ""fix""]","[""build"", ""ci"", ""test""]",0.6067252159118652,"['45bbdaba1490a3216decb2c1a88b8f7041a3d505', 'be44bbdeb52c6025e81c99528ed7b0d932c5be18', '076b9f5efc109b481074a81957e24ce9f4a69f08']",0.6666666666666666,0.6666666666666666,0.6666666666666666,False,0.2857142857142857,1024,True,3
"[""ci"", ""docs"", ""refactor""]","[""ci"", ""docs"", ""fix""]",0.6892726421356201,"['d03e345c52d1e66fe51395c701bef1c6dc3a54c0', '3f0ae7cf819776124d7aae792800fb9730a593a9', '2b1ad9d10fc5685ec75f362a73229569f03344ca']",0.6666666666666666,0.6666666666666666,0.6666666666666666,False,0.2857142857142857,1024,True,3
"[""build"", ""feat""]","[""build"", ""feat"", ""test""]",0.6541829109191895,"['37b1cbfd3d2c462ef4f2a131e4172c38dc8d9ddf', '542f0cad5337de15428f0b6567ce4efd20a19a48', '422940e3d7ef6850acda0be349865d737476dd10']",1.0,0.6666666666666666,0.8,False,0.1428571428571428,1024,True,3
"[""refactor"", ""docs"", ""test""]","[""docs"", ""feat"", ""refactor""]",0.8581099510192871,"['0105a4ee47706d9b3aa8f22d0a75585a498731ec', '3709e392924aba3542514ce35bd681adca39e8ac', 'cd7e8c3d3549ea05115b3f02586eeba894d86906']",0.6666666666666666,0.6666666666666666,0.6666666666666666,False,0.2857142857142857,1024,True,3
"[""refactor"", ""build"", ""test""]","[""fix"", ""refactor"", ""test""]",0.8911380767822266,"['974e033a3ca7484290a04201ee33856a25da0942', '1918d339b8e3738df83d73e1decb31b5209ee8db', '69a394e7ff6243457685a28911b79e47f981278c']",0.6666666666666666,0.6666666666666666,0.6666666666666666,False,0.2857142857142857,1024,True,3
"[""build"", ""fix""]","[""build"", ""ci"", ""fix""]",0.6966850757598877,"['bfe32bf10e9b6d699f694fbd095af0b3f2e6275f', 'bda1822851d9be04f0d39f2213d1e2066eb115c8', '80242b34468398e835e5b3fc5ac345dbae4bcc7e']",1.0,0.6666666666666666,0.8,False,0.1428571428571428,1024,True,3
"[""docs"", ""feat"", ""refactor""]","[""docs"", ""feat"", ""refactor""]",0.6224608421325684,"['01e536c6eb273f533ac7bb1a51c4954128de2c63', '15b8e4bc9349ce017f65e10b95cae48b0aa11828', 'e8a8edadc5c25d6410462b89a48e0602e0cbbc7f']",1.0,1.0,1.0,True,0.0,1024,True,3
"[""build"", ""ci"", ""test""]","[""build"", ""ci"", ""test""]",0.6106491088867188,"['b7e38fb62aa6e8a30d72dec063b1adccd089d0aa', '6f5b1103c0893d13b42f1f7c6504c9c339840be3', '625cbbca0d92b8756eac6fcacc795d90527d8975']",1.0,1.0,1.0,True,0.0,1024,True,3
"[""build"", ""feat"", ""fix""]","[""build"", ""feat"", ""fix""]",0.6827390193939209,"['bfe32bf10e9b6d699f694fbd095af0b3f2e6275f', 'ecf865f2fef03093adedf065d1732b2386a0df40', '238ba1990ea68eb64bdfc6b31efebad2acb01ad6']",1.0,1.0,1.0,True,0.0,1024,True,3
"[""docs"", ""refactor"", ""test""]","[""docs"", ""refactor"", ""test""]",0.6139101982116699,"['01e1e33f377934099a4a725fab5cd6c5ff50eaa2', 'adc34a26803e2b02df0ddc0739d73cd0b6216e00', '625cbbca0d92b8756eac6fcacc795d90527d8975']",1.0,1.0,1.0,True,0.0,1024,True,3
"[""ci"", ""docs"", ""fix""]","[""ci"", ""docs"", ""test""]",0.7165369987487793,"['be44bbdeb52c6025e81c99528ed7b0d932c5be18', 'b8a664c1b10f4e30a3e221a14211a3cdaf90b7f4', '076b9f5efc109b481074a81957e24ce9f4a69f08']",0.6666666666666666,0.6666666666666666,0.6666666666666666,False,0.2857142857142857,1024,True,3
"[""build"", ""ci"", ""test""]","[""build"", ""ci"", ""feat""]",0.6032569408416748,"['45bbdaba1490a3216decb2c1a88b8f7041a3d505', 'be44bbdeb52c6025e81c99528ed7b0d932c5be18', '3730075261bc81df68f9d10f12a2d6bbffd8493c']",0.6666666666666666,0.6666666666666666,0.6666666666666666,False,0.2857142857142857,1024,True,3
"[""fix"", ""refactor"", ""build""]","[""fix"", ""refactor"", ""test""]",0.6146030426025391,"['238ba1990ea68eb64bdfc6b31efebad2acb01ad6', 'd4d8bdd3a0a5cec993735abc2e8cc2feff8eae27', 'cd2bfb9b2298e8cd91013808547b35a9c40f46f1']",0.6666666666666666,0.6666666666666666,0.6666666666666666,False,0.2857142857142857,1024,True,3
"[""docs"", ""build"", ""refactor""]","[""docs"", ""fix"", ""refactor""]",0.5660140514373779,"['16124286236edf03a6199720ba1629a35e3fe1aa', 'ccd1946a375e2ac10c3c591b04a435c4bc5170c2', '0e4ede620dd9a2cdc13ab9cc6da05577b39fddb8']",0.6666666666666666,0.6666666666666666,0.6666666666666666,False,0.2857142857142857,1024,True,3
"[""build"", ""ci"", ""feat""]","[""build"", ""ci"", ""feat""]",0.5840120315551758,"['b7e38fb62aa6e8a30d72dec063b1adccd089d0aa', '6f5b1103c0893d13b42f1f7c6504c9c339840be3', '73211952964a79d97b434dd567e6d7d34be7feb5']",1.0,1.0,1.0,True,0.0,1024,True,3
"[""docs"", ""feat"", ""test""]","[""docs"", ""feat"", ""test""]",0.6587550640106201,"['8dfd2af29bf784b242992ee9ec0fbc85753b063c', '8a954673531d6935f5517535b9068639ed5cff0d', '6c7398993bc567ec84e4573b6ededbf50b1ef606']",1.0,1.0,1.0,True,0.0,1024,True,3
"[""build"", ""ci"", ""fix""]","[""build"", ""ci"", ""fix""]",0.6302499771118164,"['45bbdaba1490a3216decb2c1a88b8f7041a3d505', 'be44bbdeb52c6025e81c99528ed7b0d932c5be18', 'ccd1946a375e2ac10c3c591b04a435c4bc5170c2']",1.0,1.0,1.0,True,0.0,1024,True,3
"[""build"", ""docs"", ""feat"", ""refactor""]","[""build"", ""feat"", ""refactor""]",0.7722818851470947,"['0f38960851ac0fd159727d5dffb36f50268eec18', '1ae8bf1195b197daa80ba6e45360f8b894364cd4', '336b25f3ae9da5d972304662fcdb88f4719c721d']",0.75,1.0,0.8571428571428571,False,0.1428571428571428,1024,True,3
"[""ci"", ""docs"", ""refactor""]","[""ci"", ""docs"", ""refactor""]",0.6408910751342773,"['6f5b1103c0893d13b42f1f7c6504c9c339840be3', 'eb51316cdfdc7258d287ba13b67ef2f42bd2b8f6', 'd357640fab55e5964fe83efc3c771e53aa3222fd']",1.0,1.0,1.0,True,0.0,1024,True,3
"[""ci"", ""fix"", ""refactor""]","[""feat"", ""fix"", ""test""]",0.7188239097595215,"['ebaa20ea3f02e25f78c52cae208017a898cb6c13', 'dc50bd35462a49058c91a939fc8830ae7a9eb692', '3c812f916e06a53b899e9e3dd79760b475fa4b87']",0.3333333333333333,0.3333333333333333,0.3333333333333333,False,0.5714285714285714,1024,True,3
"[""build"", ""docs"", ""fix""]","[""build"", ""docs"", ""refactor""]",0.6447641849517822,"['0f38960851ac0fd159727d5dffb36f50268eec18', 'dfab97842fe78fb8f217a5185fb6ec92682a53ca', 'f85974761be11e0ecc85575bc4b6d5a02e438fd2']",0.6666666666666666,0.6666666666666666,0.6666666666666666,False,0.2857142857142857,1024,True,3
"[""ci"", ""fix"", ""refactor"", ""test""]","[""ci"", ""fix"", ""test""]",1.0477068424224854,"['8d2e23bde626eaed6e5b13384cc7ac38bab5ea66', 'f9d9f859240c6f7e78b0303ea40e46622d42bc3c', 'cdbc37711fa9c64b2cfa767766ca55c95c1736f7']",0.75,1.0,0.8571428571428571,False,0.1428571428571428,1024,True,3
"[""build"", ""fix"", ""test""]","[""build"", ""fix"", ""test""]",0.6917362213134766,"['b7e38fb62aa6e8a30d72dec063b1adccd089d0aa', 'be2cbd9480fcbd60c3011ca57f1d761185cf52bd', '625cbbca0d92b8756eac6fcacc795d90527d8975']",1.0,1.0,1.0,True,0.0,1024,True,3
"[""build"", ""docs"", ""feat"", ""test""]","[""ci"", ""feat"", ""refactor""]",0.6498777866363525,"['bda1822851d9be04f0d39f2213d1e2066eb115c8', '9114362b39f5194209cd0b330af7076333f3db77', 'fba4326c72fc22d81aba6976a9fef1e4b6154fd9']",0.25,0.3333333333333333,0.2857142857142857,False,0.7142857142857143,1024,True,3
"[""ci"", ""docs"", ""refactor""]","[""ci"", ""docs"", ""feat""]",0.9292881488800048,"['8d2e23bde626eaed6e5b13384cc7ac38bab5ea66', '527e0abd0f88cb3ae2dc1a6ec7a62c241250444d', 'bbb6ee10de824f2e3259576ac01768640c884279']",0.6666666666666666,0.6666666666666666,0.6666666666666666,False,0.2857142857142857,1024,True,3
"[""docs"", ""fix"", ""test""]","[""docs"", ""refactor"", ""test""]",0.6476562023162842,"['e9358fb4955396bfc3340418c77cbce4fa6123ee', 'eb8a8d3fc493ff8a20b19c9efac8f112ae9f5762', '4464cf5e89d5e570c20267d09fb1fa2b7ef66b93']",0.6666666666666666,0.6666666666666666,0.6666666666666666,False,0.2857142857142857,1024,True,3
"[""build"", ""ci"", ""fix""]","[""build"", ""ci"", ""fix""]",0.5810222625732422,"['b7e38fb62aa6e8a30d72dec063b1adccd089d0aa', '6f5b1103c0893d13b42f1f7c6504c9c339840be3', 'be2cbd9480fcbd60c3011ca57f1d761185cf52bd']",1.0,1.0,1.0,True,0.0,1024,True,3
"[""docs"", ""test"", ""refactor""]","[""docs"", ""feat"", ""refactor""]",0.6507270336151123,"['e9358fb4955396bfc3340418c77cbce4fa6123ee', '3709e392924aba3542514ce35bd681adca39e8ac', 'cd7e8c3d3549ea05115b3f02586eeba894d86906']",0.6666666666666666,0.6666666666666666,0.6666666666666666,False,0.2857142857142857,1024,True,3
"[""build"", ""fix"", ""test""]","[""build"", ""fix"", ""test""]",0.6680538654327393,"['4ab28fc2e63e975a0c77e18ae644f34fa5f8771a', 'b131f5d67076b97b3186c820760df839bf796ad5', '2a7c6f5c0b1c966d6a5d103de1978a61c141648a']",1.0,1.0,1.0,True,0.0,1024,True,3
"[""docs"", ""test"", ""refactor""]","[""docs"", ""feat"", ""refactor""]",0.6649999618530273,"['b8a664c1b10f4e30a3e221a14211a3cdaf90b7f4', '3730075261bc81df68f9d10f12a2d6bbffd8493c', '0e4ede620dd9a2cdc13ab9cc6da05577b39fddb8']",0.6666666666666666,0.6666666666666666,0.6666666666666666,False,0.2857142857142857,1024,True,3
"[""build"", ""fix"", ""test""]","[""build"", ""fix"", ""test""]",1.0101559162139893,"['37b1cbfd3d2c462ef4f2a131e4172c38dc8d9ddf', 'c1d3b58fd20995b1b9ca4e6771e3fa375242b02d', '82c47c7165a28f311cd40e132a6c24f6a7c82d4b']",1.0,1.0,1.0,True,0.0,1024,True,3
"[""build"", ""docs"", ""feat"", ""refactor""]","[""ci"", ""feat"", ""refactor""]",0.642017126083374,"['bda1822851d9be04f0d39f2213d1e2066eb115c8', '9114362b39f5194209cd0b330af7076333f3db77', 'd4d8bdd3a0a5cec993735abc2e8cc2feff8eae27']",0.5,0.6666666666666666,0.5714285714285715,False,0.4285714285714285,1024,True,3
"[""build"", ""docs"", ""refactor""]","[""build"", ""docs"", ""fix""]",0.9344298839569092,"['2d4d735d94386f5045e3b3abc022c2edcdfaef8f', 'cc553ae68766395e9f253379ddd7cf664d7befa1', 'eb9f7b24364e86d7bcf50bb23b62c743cf5526f6']",0.6666666666666666,0.6666666666666666,0.6666666666666666,False,0.2857142857142857,1024,True,3
"[""ci"", ""docs"", ""test""]","[""ci"", ""docs"", ""test""]",0.6444721221923828,"['87d576e936e234d0429ad753267a2760c5dfd314', '2fdecc045fdb509832a758e45412c115fa03e8e8', '6c7398993bc567ec84e4573b6ededbf50b1ef606']",1.0,1.0,1.0,True,0.0,1024,True,3
"[""build""]","[""build"", ""ci"", ""test""]",0.6741268634796143,"['454003841aabeb74396d73541378bfa59c75b5db', 'bda1822851d9be04f0d39f2213d1e2066eb115c8', 'cd2bfb9b2298e8cd91013808547b35a9c40f46f1']",1.0,0.3333333333333333,0.5,False,0.2857142857142857,1024,True,3
"[""feat"", ""fix"", ""test""]","[""feat"", ""fix"", ""refactor""]",0.6916532516479492,"['482442ecc1aaf981895a36c367abbd377fd93891', '80242b34468398e835e5b3fc5ac345dbae4bcc7e', 'fba4326c72fc22d81aba6976a9fef1e4b6154fd9']",0.6666666666666666,0.6666666666666666,0.6666666666666666,False,0.2857142857142857,1024,True,3
"[""build"", ""refactor"", ""fix""]","[""build"", ""fix"", ""refactor"", ""test""]",0.931473970413208,"['45bbdaba1490a3216decb2c1a88b8f7041a3d505', 'ccd1946a375e2ac10c3c591b04a435c4bc5170c2', '0e4ede620dd9a2cdc13ab9cc6da05577b39fddb8', '076b9f5efc109b481074a81957e24ce9f4a69f08']",1.0,0.75,0.8571428571428571,False,0.1428571428571428,1024,True,4
"[""ci"", ""docs"", ""feat"", ""refactor""]","[""ci"", ""docs"", ""feat"", ""refactor""]",0.7520289421081543,"['6f5b1103c0893d13b42f1f7c6504c9c339840be3', '01e1e33f377934099a4a725fab5cd6c5ff50eaa2', '73211952964a79d97b434dd567e6d7d34be7feb5', '7d6f760a91b55967972bbd1b972307624e876805']",1.0,1.0,1.0,True,0.0,1024,True,4
"[""build"", ""ci"", ""docs"", ""fix""]","[""build"", ""ci"", ""docs"", ""test""]",0.6947860717773438,"['45bbdaba1490a3216decb2c1a88b8f7041a3d505', 'be44bbdeb52c6025e81c99528ed7b0d932c5be18', '16124286236edf03a6199720ba1629a35e3fe1aa', '076b9f5efc109b481074a81957e24ce9f4a69f08']",0.75,0.75,0.75,False,0.2857142857142857,1024,True,4
"[""docs"", ""feat"", ""fix"", ""refactor"", ""test""]","[""feat"", ""fix"", ""refactor"", ""test""]",0.914923906326294,"['a84d6715a4df12cc0ee9aa6f2596ce3b04353958', '6849b9066f5d95b9e54c67046cfa136cf0d88b27', '3e0e30ecebaf23f0c36fa4811426f8f4e0057cfe', 'e77f6751182595fe08940d67e11a90416c8dd6fd']",0.8,1.0,0.888888888888889,False,0.1428571428571428,1024,True,4
"[""build"", ""refactor"", ""fix""]","[""build"", ""ci"", ""feat"", ""fix""]",0.674048900604248,"['b8dfd5a2f39b4768cf070aeb9d09364577c626f9', 'bda1822851d9be04f0d39f2213d1e2066eb115c8', '6f0cf049caa1a7982669ee685e86621452686551', '80242b34468398e835e5b3fc5ac345dbae4bcc7e']",0.6666666666666666,0.5,0.5714285714285715,False,0.4285714285714285,1024,True,4
"[""ci"", ""docs"", ""test"", ""feat"", ""fix""]","[""ci"", ""docs"", ""feat"", ""test""]",0.6880147457122803,"['be44bbdeb52c6025e81c99528ed7b0d932c5be18', 'b8a664c1b10f4e30a3e221a14211a3cdaf90b7f4', '3730075261bc81df68f9d10f12a2d6bbffd8493c', '076b9f5efc109b481074a81957e24ce9f4a69f08']",0.8,1.0,0.888888888888889,False,0.1428571428571428,1024,True,4
"[""build"", ""docs"", ""fix"", ""refactor""]","[""build"", ""docs"", ""fix"", ""refactor""]",0.8884091377258301,"['1ad3f41f28d2faa5229ee88b54d673275cc31036', 'cc553ae68766395e9f253379ddd7cf664d7befa1', '6849b9066f5d95b9e54c67046cfa136cf0d88b27', 'e8a8edadc5c25d6410462b89a48e0602e0cbbc7f']",1.0,1.0,1.0,True,0.0,1024,True,4
"[""build"", ""ci"", ""docs"", ""refactor""]","[""build"", ""ci"", ""docs"", ""refactor""]",0.607079267501831,"['b7e38fb62aa6e8a30d72dec063b1adccd089d0aa', '6f5b1103c0893d13b42f1f7c6504c9c339840be3', '01e1e33f377934099a4a725fab5cd6c5ff50eaa2', '86f3e3397594f8312226c5a193608a054087805c']",1.0,1.0,1.0,True,0.0,1024,True,4
"[""build"", ""feat"", ""fix"", ""test""]","[""ci"", ""feat"", ""fix"", ""test""]",0.6394970417022705,"['bda1822851d9be04f0d39f2213d1e2066eb115c8', '482442ecc1aaf981895a36c367abbd377fd93891', '238ba1990ea68eb64bdfc6b31efebad2acb01ad6', 'b7e2330fa3a8d7b8a9bff01b707c44e64b845c7b']",0.75,0.75,0.75,False,0.2857142857142857,1024,True,4
"[""build"", ""docs"", ""fix"", ""feat""]","[""build"", ""docs"", ""feat"", ""refactor""]",0.7448740005493164,"['b0866f62417f56bdd5a46e8f14278af79efc4d76', 'fc9af4d0b93d69be4e201ffb18da04324e8a4a87', 'a84d6715a4df12cc0ee9aa6f2596ce3b04353958', '3e0e30ecebaf23f0c36fa4811426f8f4e0057cfe']",0.75,0.75,0.75,False,0.2857142857142857,1024,True,4
"[""build"", ""feat"", ""fix"", ""test""]","[""build"", ""feat"", ""fix"", ""test""]",1.1918251514434814,"['ecc481f9f501aa34b41e06e7bbdde6e79f8ca1bb', '8b9176b44bb01a1eef497a403b0304bc389c9aee', 'cc6408b88246f20c62884a5892a6276baf7c3920', '87427fe39d165bee2acedde8dbaa237cca3fb61e']",1.0,1.0,1.0,True,0.0,1024,True,4
"[""ci"", ""docs"", ""test""]","[""ci"", ""fix"", ""refactor"", ""test""]",0.6660158634185791,"['492a7ff9c3ecdc558759f09d836830e988a189d2', '2b1ad9d10fc5685ec75f362a73229569f03344ca', 'd55088c612b1108ef566ec47e40fb8d1050f7451', '6c7398993bc567ec84e4573b6ededbf50b1ef606']",0.6666666666666666,0.5,0.5714285714285715,False,0.4285714285714285,1024,True,4
"[""ci"", ""refactor"", ""test""]","[""ci"", ""docs"", ""refactor"", ""test""]",0.6230611801147461,"['200aca9f3d1253e4e28e79464da19b701aba777e', '7f611e4208d0cc36c635eb0641a4b3258999ae8d', '8f1034b79f894b4b1112a4bc1903f37f22f7f5ed', '6c7398993bc567ec84e4573b6ededbf50b1ef606']",1.0,0.75,0.8571428571428571,False,0.1428571428571428,1024,True,4
"[""build"", ""docs"", ""test"", ""fix""]","[""build"", ""docs"", ""feat"", ""fix""]",0.7301771640777588,"['45bbdaba1490a3216decb2c1a88b8f7041a3d505', 'b8a664c1b10f4e30a3e221a14211a3cdaf90b7f4', '3730075261bc81df68f9d10f12a2d6bbffd8493c', 'ccd1946a375e2ac10c3c591b04a435c4bc5170c2']",0.75,0.75,0.75,False,0.2857142857142857,1024,True,4
"[""build"", ""docs"", ""fix"", ""test""]","[""build"", ""docs"", ""fix"", ""test""]",0.8092091083526611,"['ecc481f9f501aa34b41e06e7bbdde6e79f8ca1bb', '144388439d64e049cbed4e37659e819856d6987f', '45b386aa3f06bce06f5e03fbde0aa52c4051c8bc', '3c04162664b130c9486cba54afc16b6e57c779d1']",1.0,1.0,1.0,True,0.0,1024,True,4
"[""ci"", ""feat"", ""refactor"", ""test""]","[""ci"", ""feat"", ""refactor"", ""test""]",0.7718009948730469,"['6f5b1103c0893d13b42f1f7c6504c9c339840be3', '73211952964a79d97b434dd567e6d7d34be7feb5', '86f3e3397594f8312226c5a193608a054087805c', '625cbbca0d92b8756eac6fcacc795d90527d8975']",1.0,1.0,1.0,True,0.0,1024,True,4
"[""build"", ""docs"", ""feat"", ""refactor""]","[""build"", ""docs"", ""feat"", ""refactor""]",0.8845939636230469,"['b7e38fb62aa6e8a30d72dec063b1adccd089d0aa', '9849430b11b92ae58d94cfe4d0b06313c7eab550', '73211952964a79d97b434dd567e6d7d34be7feb5', 'adc34a26803e2b02df0ddc0739d73cd0b6216e00']",1.0,1.0,1.0,True,0.0,1024,True,4
"[""build"", ""fix"", ""refactor""]","[""build"", ""ci"", ""fix"", ""refactor""]",0.6112439632415771,"['bfe32bf10e9b6d699f694fbd095af0b3f2e6275f', 'bda1822851d9be04f0d39f2213d1e2066eb115c8', '238ba1990ea68eb64bdfc6b31efebad2acb01ad6', 'd4d8bdd3a0a5cec993735abc2e8cc2feff8eae27']",1.0,0.75,0.8571428571428571,False,0.1428571428571428,1024,True,4
"[""ci"", ""docs"", ""fix""]","[""ci"", ""docs"", ""fix"", ""test""]",0.6088502407073975,"['be44bbdeb52c6025e81c99528ed7b0d932c5be18', 'b8a664c1b10f4e30a3e221a14211a3cdaf90b7f4', 'ccd1946a375e2ac10c3c591b04a435c4bc5170c2', '076b9f5efc109b481074a81957e24ce9f4a69f08']",1.0,0.75,0.8571428571428571,False,0.1428571428571428,1024,True,4
"[""build"", ""docs"", ""feat""]","[""build"", ""docs"", ""feat"", ""refactor""]",0.6103701591491699,"['b7e38fb62aa6e8a30d72dec063b1adccd089d0aa', '9849430b11b92ae58d94cfe4d0b06313c7eab550', '73211952964a79d97b434dd567e6d7d34be7feb5', 'eafee3c5c124ce0c71fd854270cea39cc273b27c']",1.0,0.75,0.8571428571428571,False,0.1428571428571428,1024,True,4
"[""ci"", ""feat"", ""fix"", ""refactor"", ""test""]","[""ci"", ""feat"", ""fix"", ""test""]",0.7624869346618652,"['492a7ff9c3ecdc558759f09d836830e988a189d2', '8a954673531d6935f5517535b9068639ed5cff0d', '2b1ad9d10fc5685ec75f362a73229569f03344ca', '6c7398993bc567ec84e4573b6ededbf50b1ef606']",0.8,1.0,0.888888888888889,False,0.1428571428571428,1024,True,4
"[""ci"", ""feat"", ""refactor"", ""test""]","[""ci"", ""feat"", ""refactor"", ""test""]",0.9694881439208984,"['2e65145acb5a3d20d16203142c466da0e32729ba', '8a954673531d6935f5517535b9068639ed5cff0d', '8f1034b79f894b4b1112a4bc1903f37f22f7f5ed', '6c7398993bc567ec84e4573b6ededbf50b1ef606']",1.0,1.0,1.0,True,0.0,1024,True,4
"[""build"", ""docs"", ""fix"", ""refactor""]","[""build"", ""docs"", ""fix"", ""refactor""]",0.8571488857269287,"['b7e38fb62aa6e8a30d72dec063b1adccd089d0aa', 'eb51316cdfdc7258d287ba13b67ef2f42bd2b8f6', 'be2cbd9480fcbd60c3011ca57f1d761185cf52bd', '7f797e68d8f721dff9553ba0ba5616efc456ebb5']",1.0,1.0,1.0,True,0.0,1024,True,4
"[""build"", ""docs"", ""feat"", ""fix"", ""test""]","[""build"", ""ci"", ""feat"", ""test""]",0.839231014251709,"['b8dfd5a2f39b4768cf070aeb9d09364577c626f9', 'bda1822851d9be04f0d39f2213d1e2066eb115c8', '988dda23984894cea097d64646196e8d6196d6b6', '7c48976f943e1e9b5850967b6f2963a205476ded']",0.6,0.75,0.6666666666666665,False,0.4285714285714285,1024,True,4
"[""docs"", ""ci"", ""fix"", ""refactor""]","[""docs"", ""feat"", ""fix"", ""refactor""]",0.6275100708007812,"['3a4e21c36d76b4bea8dbb365d3c3bd005a7f3f8f', 'ebaa20ea3f02e25f78c52cae208017a898cb6c13', 'd129eaf9125a967ac86c6c7276bbae6b4d50af36', '8a9a022baa15befc325f87892c6bdae25b35bc33']",0.75,0.75,0.75,False,0.2857142857142857,1024,True,4
"[""build"", ""ci"", ""docs"", ""refactor""]","[""build"", ""ci"", ""docs"", ""test""]",0.7442822456359863,"['45bbdaba1490a3216decb2c1a88b8f7041a3d505', 'be44bbdeb52c6025e81c99528ed7b0d932c5be18', 'b8a664c1b10f4e30a3e221a14211a3cdaf90b7f4', '076b9f5efc109b481074a81957e24ce9f4a69f08']",0.75,0.75,0.75,False,0.2857142857142857,1024,True,4
"[""docs"", ""ci"", ""build"", ""fix"", ""refactor""]","[""build"", ""ci"", ""fix"", ""refactor""]",2.108207941055298,"['4542d9973a848a2bd4f9baf12992efe7d7a69f2c', 'db55dae208e4807898e6c747cefdf9bfcb4fd08c', '73b8948ea1d49e05ae8c63b17926eda4cb04e9bb', '70a00973a07520959210219fcaba2a782d76f491']",0.8,1.0,0.888888888888889,False,0.1428571428571428,1024,True,4
"[""docs"", ""feat"", ""fix"", ""test""]","[""docs"", ""feat"", ""fix"", ""test""]",1.1249170303344729,"['3f0ae7cf819776124d7aae792800fb9730a593a9', '8a954673531d6935f5517535b9068639ed5cff0d', '2b1ad9d10fc5685ec75f362a73229569f03344ca', '6c7398993bc567ec84e4573b6ededbf50b1ef606']",1.0,1.0,1.0,True,0.0,1024,True,4
"[""build"", ""test"", ""refactor"", ""fix""]","[""build"", ""feat"", ""fix"", ""test""]",0.7733280658721924,"['45bbdaba1490a3216decb2c1a88b8f7041a3d505', '3730075261bc81df68f9d10f12a2d6bbffd8493c', 'ccd1946a375e2ac10c3c591b04a435c4bc5170c2', '076b9f5efc109b481074a81957e24ce9f4a69f08']",0.75,0.75,0.75,False,0.2857142857142857,1024,True,4
"[""ci"", ""feat"", ""refactor""]","[""ci"", ""docs"", ""feat"", ""refactor""]",0.780454158782959,"['bb00890fa896936d0be09cc5e5f411fb5e64aa5f', 'af82c2c910c9b5d3dd68de30c59a9e169a8934a5', '8a954673531d6935f5517535b9068639ed5cff0d', '8f1034b79f894b4b1112a4bc1903f37f22f7f5ed']",1.0,0.75,0.8571428571428571,False,0.1428571428571428,1024,True,4
"[""build"", ""ci"", ""refactor"", ""fix""]","[""build"", ""ci"", ""refactor"", ""test""]",0.6085209846496582,"['45bbdaba1490a3216decb2c1a88b8f7041a3d505', 'be44bbdeb52c6025e81c99528ed7b0d932c5be18', '0e4ede620dd9a2cdc13ab9cc6da05577b39fddb8', '076b9f5efc109b481074a81957e24ce9f4a69f08']",0.75,0.75,0.75,False,0.2857142857142857,1024,True,4
"[""ci"", ""docs"", ""fix"", ""test""]","[""ci"", ""docs"", ""fix"", ""test""]",0.9560089111328124,"['6f5b1103c0893d13b42f1f7c6504c9c339840be3', '01e1e33f377934099a4a725fab5cd6c5ff50eaa2', 'be2cbd9480fcbd60c3011ca57f1d761185cf52bd', '625cbbca0d92b8756eac6fcacc795d90527d8975']",1.0,1.0,1.0,True,0.0,1024,True,4
"[""build"", ""feat"", ""fix""]","[""build"", ""feat"", ""fix"", ""refactor""]",0.9479691982269288,"['4ab28fc2e63e975a0c77e18ae644f34fa5f8771a', 'd61bf50f77b404e660a6e5aa9e9bc4ce415e8c18', 'b131f5d67076b97b3186c820760df839bf796ad5', '905693129255e7208ca2ec63c6e07cce711047fd']",1.0,0.75,0.8571428571428571,False,0.1428571428571428,1024,True,4
"[""ci"", ""docs"", ""test"", ""fix""]","[""ci"", ""docs"", ""feat"", ""fix""]",1.4356038570404053,"['be44bbdeb52c6025e81c99528ed7b0d932c5be18', 'b8a664c1b10f4e30a3e221a14211a3cdaf90b7f4', '3730075261bc81df68f9d10f12a2d6bbffd8493c', 'ccd1946a375e2ac10c3c591b04a435c4bc5170c2']",0.75,0.75,0.75,False,0.2857142857142857,1024,True,4
"[""build"", ""docs"", ""refactor"", ""test""]","[""build"", ""docs"", ""refactor"", ""test""]",0.6783511638641357,"['ecc481f9f501aa34b41e06e7bbdde6e79f8ca1bb', 'ee7cc5d5a940fba774e715b1f029c6361110b108', '5748ff57ebafe94c4979eafa790d9a84812ca440', '3c04162664b130c9486cba54afc16b6e57c779d1']",1.0,1.0,1.0,True,0.0,1024,True,4
"[""ci"", ""test"", ""docs"", ""refactor""]","[""build"", ""docs"", ""fix"", ""refactor""]",0.9030711650848388,"['e0a977b2d316e7612b5d72cb02cd7d78e75dbc55', '01e536c6eb273f533ac7bb1a51c4954128de2c63', '6849b9066f5d95b9e54c67046cfa136cf0d88b27', '72e3eed599b3a3dd154575af344ac3e5c62dd07b']",0.5,0.5,0.5,False,0.5714285714285714,1024,True,4
"[""build"", ""docs"", ""fix"", ""test""]","[""ci"", ""feat"", ""refactor"", ""test""]",0.6321210861206055,"['bda1822851d9be04f0d39f2213d1e2066eb115c8', '988dda23984894cea097d64646196e8d6196d6b6', 'd4d8bdd3a0a5cec993735abc2e8cc2feff8eae27', '7c48976f943e1e9b5850967b6f2963a205476ded']",0.25,0.25,0.25,False,0.8571428571428571,1024,True,4
"[""build"", ""docs"", ""test"", ""fix"", ""feat""]","[""build"", ""docs"", ""feat"", ""test""]",0.7934720516204834,"['b0866f62417f56bdd5a46e8f14278af79efc4d76', '969aa32659f6918cb0eeeba6b02d6485659dbdd2', 'a84d6715a4df12cc0ee9aa6f2596ce3b04353958', 'e77f6751182595fe08940d67e11a90416c8dd6fd']",0.8,1.0,0.888888888888889,False,0.1428571428571428,1024,True,4
"[""build"", ""ci"", ""feat"", ""fix""]","[""build"", ""ci"", ""feat"", ""fix""]",0.7235808372497559,"['b7e38fb62aa6e8a30d72dec063b1adccd089d0aa', '6f5b1103c0893d13b42f1f7c6504c9c339840be3', '73211952964a79d97b434dd567e6d7d34be7feb5', 'be2cbd9480fcbd60c3011ca57f1d761185cf52bd']",1.0,1.0,1.0,True,0.0,1024,True,4
"[""docs"", ""refactor"", ""test""]","[""docs"", ""fix"", ""refactor"", ""test""]",1.2146849632263184,"['2fdecc045fdb509832a758e45412c115fa03e8e8', '2b1ad9d10fc5685ec75f362a73229569f03344ca', 'd55088c612b1108ef566ec47e40fb8d1050f7451', '6c7398993bc567ec84e4573b6ededbf50b1ef606']",1.0,0.75,0.8571428571428571,False,0.1428571428571428,1024,True,4
"[""ci"", ""fix"", ""refactor"", ""test""]","[""ci"", ""fix"", ""refactor"", ""test""]",0.7945640087127686,"['6f5b1103c0893d13b42f1f7c6504c9c339840be3', 'be2cbd9480fcbd60c3011ca57f1d761185cf52bd', '7f797e68d8f721dff9553ba0ba5616efc456ebb5', '625cbbca0d92b8756eac6fcacc795d90527d8975']",1.0,1.0,1.0,True,0.0,1024,True,4
"[""build"", ""ci"", ""docs"", ""test""]","[""build"", ""ci"", ""docs"", ""feat""]",0.7650160789489746,"['45bbdaba1490a3216decb2c1a88b8f7041a3d505', 'be44bbdeb52c6025e81c99528ed7b0d932c5be18', '16124286236edf03a6199720ba1629a35e3fe1aa', '3730075261bc81df68f9d10f12a2d6bbffd8493c']",0.75,0.75,0.75,False,0.2857142857142857,1024,True,4
"[""feat"", ""fix"", ""test""]","[""feat"", ""fix"", ""refactor"", ""test""]",0.6453540325164795,"['5e09c9128f13c45d54df685b0a17dc8e3f7ff02c', 'b131f5d67076b97b3186c820760df839bf796ad5', '731626ece358b9db69dceeeca91c94920b178bdd', '2a7c6f5c0b1c966d6a5d103de1978a61c141648a']",1.0,0.75,0.8571428571428571,False,0.1428571428571428,1024,True,4
"[""build"", ""ci"", ""docs"", ""feat""]","[""build"", ""ci"", ""docs"", ""feat""]",0.6877679824829102,"['b7e38fb62aa6e8a30d72dec063b1adccd089d0aa', '6f5b1103c0893d13b42f1f7c6504c9c339840be3', '01e1e33f377934099a4a725fab5cd6c5ff50eaa2', '73211952964a79d97b434dd567e6d7d34be7feb5']",1.0,1.0,1.0,True,0.0,1024,True,4
"[""ci"", ""docs"", ""test"", ""refactor""]","[""ci"", ""docs"", ""fix"", ""test""]",0.7339260578155518,"['8fe29cdc76480adc79701e4c492ff1e87566f569', '8dfd2af29bf784b242992ee9ec0fbc85753b063c', '2b1ad9d10fc5685ec75f362a73229569f03344ca', '6c7398993bc567ec84e4573b6ededbf50b1ef606']",0.75,0.75,0.75,False,0.2857142857142857,1024,True,4
"[""build"", ""refactor"", ""feat""]","[""build"", ""ci"", ""feat"", ""refactor""]",0.6161830425262451,"['b8dfd5a2f39b4768cf070aeb9d09364577c626f9', 'bda1822851d9be04f0d39f2213d1e2066eb115c8', '6f0cf049caa1a7982669ee685e86621452686551', 'b98a8fed0b67b99ef4f8373aea904f847315e468']",1.0,0.75,0.8571428571428571,False,0.1428571428571428,1024,True,4
"[""build"", ""docs"", ""fix"", ""test""]","[""build"", ""docs"", ""fix"", ""test""]",0.608443021774292,"['b7e38fb62aa6e8a30d72dec063b1adccd089d0aa', '9849430b11b92ae58d94cfe4d0b06313c7eab550', 'be2cbd9480fcbd60c3011ca57f1d761185cf52bd', '625cbbca0d92b8756eac6fcacc795d90527d8975']",1.0,1.0,1.0,True,0.0,1024,True,4
"[""build"", ""docs"", ""fix"", ""test""]","[""build"", ""docs"", ""refactor"", ""test""]",0.861583948135376,"['ecc481f9f501aa34b41e06e7bbdde6e79f8ca1bb', 'ee7cc5d5a940fba774e715b1f029c6361110b108', '5748ff57ebafe94c4979eafa790d9a84812ca440', '87427fe39d165bee2acedde8dbaa237cca3fb61e']",0.75,0.75,0.75,False,0.2857142857142857,1024,True,4
"[""ci"", ""test"", ""refactor""]","[""ci"", ""feat"", ""fix"", ""refactor""]",0.64414381980896,"['be44bbdeb52c6025e81c99528ed7b0d932c5be18', '3730075261bc81df68f9d10f12a2d6bbffd8493c', 'ccd1946a375e2ac10c3c591b04a435c4bc5170c2', '0e4ede620dd9a2cdc13ab9cc6da05577b39fddb8']",0.6666666666666666,0.5,0.5714285714285715,False,0.4285714285714285,1024,True,4
"[""ci"", ""refactor"", ""docs"", ""test""]","[""ci"", ""fix"", ""refactor"", ""test""]",0.6857748031616211,"['14f535655d39847a85d0193559c9c0010357ba77', '2b1ad9d10fc5685ec75f362a73229569f03344ca', 'd55088c612b1108ef566ec47e40fb8d1050f7451', '6c7398993bc567ec84e4573b6ededbf50b1ef606']",0.75,0.75,0.75,False,0.2857142857142857,1024,True,4
"[""build"", ""fix"", ""feat"", ""test"", ""refactor""]","[""build"", ""docs"", ""feat"", ""test""]",0.7721579074859619,"['f46c6c6c26a14312aa05a77ff2a14aebd74e13ac', 'fd849bd08363df60dbc8b9b6d55bac4f5ace88f4', '7704121d0c0bfce49f01c2b41cbc64a642cbb399', '11ffd5174bd61a2939ae58d2b2d43284302ae490']",0.6,0.75,0.6666666666666665,False,0.4285714285714285,1024,True,4
"[""build"", ""feat"", ""refactor""]","[""build"", ""ci"", ""feat"", ""fix""]",0.7561209201812744,"['454003841aabeb74396d73541378bfa59c75b5db', 'bda1822851d9be04f0d39f2213d1e2066eb115c8', 'ba60e126299ad057772b5516d9ab390e770f1301', '238ba1990ea68eb64bdfc6b31efebad2acb01ad6']",0.6666666666666666,0.5,0.5714285714285715,False,0.4285714285714285,1024,True,4
"[""build"", ""docs"", ""test"", ""refactor""]","[""build"", ""docs"", ""feat"", ""refactor""]",0.989121913909912,"['45bbdaba1490a3216decb2c1a88b8f7041a3d505', '16124286236edf03a6199720ba1629a35e3fe1aa', '3730075261bc81df68f9d10f12a2d6bbffd8493c', '0e4ede620dd9a2cdc13ab9cc6da05577b39fddb8']",0.75,0.75,0.75,False,0.2857142857142857,1024,True,4
"[""docs"", ""fix"", ""refactor"", ""test""]","[""docs"", ""fix"", ""refactor"", ""test""]",0.6884903907775879,"['f58567e01509e53afff5dc6f3b59aaae18398eda', 'f0c5ace9b5c5b7ea55da8607524d6cb68c615455', '8a9a022baa15befc325f87892c6bdae25b35bc33', '3c812f916e06a53b899e9e3dd79760b475fa4b87']",1.0,1.0,1.0,True,0.0,1024,True,4
"[""build"", ""feat"", ""fix""]","[""build"", ""ci"", ""feat"", ""fix""]",0.6082613468170166,"['b8dfd5a2f39b4768cf070aeb9d09364577c626f9', 'bda1822851d9be04f0d39f2213d1e2066eb115c8', 'ba60e126299ad057772b5516d9ab390e770f1301', '238ba1990ea68eb64bdfc6b31efebad2acb01ad6']",1.0,0.75,0.8571428571428571,False,0.1428571428571428,1024,True,4
"[""ci"", ""docs"", ""refactor"", ""fix""]","[""ci"", ""docs"", ""refactor"", ""test""]",0.6531000137329102,"['be44bbdeb52c6025e81c99528ed7b0d932c5be18', '16124286236edf03a6199720ba1629a35e3fe1aa', '0e4ede620dd9a2cdc13ab9cc6da05577b39fddb8', '076b9f5efc109b481074a81957e24ce9f4a69f08']",0.75,0.75,0.75,False,0.2857142857142857,1024,True,4
"[""build"", ""test"", ""refactor""]","[""build"", ""feat"", ""fix"", ""refactor""]",0.8583288192749023,"['45bbdaba1490a3216decb2c1a88b8f7041a3d505', '3730075261bc81df68f9d10f12a2d6bbffd8493c', 'ccd1946a375e2ac10c3c591b04a435c4bc5170c2', '0e4ede620dd9a2cdc13ab9cc6da05577b39fddb8']",0.6666666666666666,0.5,0.5714285714285715,False,0.4285714285714285,1024,True,4
"[""ci"", ""docs"", ""fix""]","[""ci"", ""docs"", ""fix"", ""test""]",0.6453919410705566,"['be44bbdeb52c6025e81c99528ed7b0d932c5be18', '16124286236edf03a6199720ba1629a35e3fe1aa', 'ccd1946a375e2ac10c3c591b04a435c4bc5170c2', '076b9f5efc109b481074a81957e24ce9f4a69f08']",1.0,0.75,0.8571428571428571,False,0.1428571428571428,1024,True,4
"[""ci"", ""feat"", ""refactor"", ""test""]","[""ci"", ""feat"", ""refactor"", ""test""]",0.8011641502380371,"['4c44543a3d9eea37e90a2316717feb01c0e0d83a', '8a954673531d6935f5517535b9068639ed5cff0d', '8f1034b79f894b4b1112a4bc1903f37f22f7f5ed', '6c7398993bc567ec84e4573b6ededbf50b1ef606']",1.0,1.0,1.0,True,0.0,1024,True,4
"[""build"", ""docs"", ""refactor"", ""test""]","[""build"", ""docs"", ""refactor"", ""test""]",0.6454598903656006,"['0f38960851ac0fd159727d5dffb36f50268eec18', '3ee672483790ec71c700907a6e93af4698492026', 'f5e80f75ead760ad0810e2b8579a062ac20f5f37', '8ee0611fbf0cd89abe7ae588f22e6ecb843598ea']",1.0,1.0,1.0,True,0.0,1024,True,4
"[""ci"", ""docs"", ""feat"", ""fix""]","[""ci"", ""docs"", ""feat"", ""fix""]",0.6442418098449707,"['6f5b1103c0893d13b42f1f7c6504c9c339840be3', '9849430b11b92ae58d94cfe4d0b06313c7eab550', '73211952964a79d97b434dd567e6d7d34be7feb5', 'be2cbd9480fcbd60c3011ca57f1d761185cf52bd']",1.0,1.0,1.0,True,0.0,1024,True,4
"[""build"", ""ci"", ""test"", ""feat"", ""fix""]","[""build"", ""ci"", ""feat"", ""test""]",0.8290038108825684,"['45bbdaba1490a3216decb2c1a88b8f7041a3d505', 'be44bbdeb52c6025e81c99528ed7b0d932c5be18', '3730075261bc81df68f9d10f12a2d6bbffd8493c', '076b9f5efc109b481074a81957e24ce9f4a69f08']",0.8,1.0,0.888888888888889,False,0.1428571428571428,1024,True,4
"[""build"", ""docs"", ""refactor""]","[""build"", ""docs"", ""fix"", ""refactor""]",0.658505916595459,"['45bbdaba1490a3216decb2c1a88b8f7041a3d505', 'b8a664c1b10f4e30a3e221a14211a3cdaf90b7f4', 'ccd1946a375e2ac10c3c591b04a435c4bc5170c2', '0e4ede620dd9a2cdc13ab9cc6da05577b39fddb8']",1.0,0.75,0.8571428571428571,False,0.1428571428571428,1024,True,4
"[""build"", ""feat"", ""fix"", ""refactor""]","[""build"", ""feat"", ""fix"", ""refactor""]",0.6144671440124512,"['37b1cbfd3d2c462ef4f2a131e4172c38dc8d9ddf', '542f0cad5337de15428f0b6567ce4efd20a19a48', 'ab1e60a97c6d5c688dacbd23bca40cb8f20c4ac3', '7adece9931eaef6aaf603b5567829bbdcb28f2d1']",1.0,1.0,1.0,True,0.0,1024,True,4
"[""ci"", ""docs"", ""refactor"", ""test""]","[""ci"", ""docs"", ""fix"", ""test""]",1.6282269954681396,"['e7ecc8763152ed6f89dbf4a6f313c276549eb0b7', '29ace62b722bbebf20f0ed2d3fef0910e0973a5a', '2b1ad9d10fc5685ec75f362a73229569f03344ca', '6c7398993bc567ec84e4573b6ededbf50b1ef606']",0.75,0.75,0.75,False,0.2857142857142857,1024,True,4
"[""build"", ""feat"", ""docs"", ""test""]","[""ci"", ""feat"", ""refactor"", ""test""]",0.7977139949798584,"['6f5b1103c0893d13b42f1f7c6504c9c339840be3', '73211952964a79d97b434dd567e6d7d34be7feb5', '24760bc2613ed61c4552532907626e209c37b5e8', '625cbbca0d92b8756eac6fcacc795d90527d8975']",0.5,0.5,0.5,False,0.5714285714285714,1024,True,4
"[""build"", ""docs"", ""feat"", ""test""]","[""build"", ""docs"", ""feat"", ""test""]",0.593538761138916,"['b7e38fb62aa6e8a30d72dec063b1adccd089d0aa', '9849430b11b92ae58d94cfe4d0b06313c7eab550', '73211952964a79d97b434dd567e6d7d34be7feb5', '625cbbca0d92b8756eac6fcacc795d90527d8975']",1.0,1.0,1.0,True,0.0,1024,True,4
"[""build"", ""ci"", ""refactor""]","[""build"", ""ci"", ""fix"", ""refactor""]",1.007674217224121,"['45bbdaba1490a3216decb2c1a88b8f7041a3d505', 'be44bbdeb52c6025e81c99528ed7b0d932c5be18', 'ccd1946a375e2ac10c3c591b04a435c4bc5170c2', '0e4ede620dd9a2cdc13ab9cc6da05577b39fddb8']",1.0,0.75,0.8571428571428571,False,0.1428571428571428,1024,True,4
"[""build"", ""docs"", ""fix"", ""feat""]","[""build"", ""docs"", ""fix"", ""refactor""]",0.7234702110290527,"['ecc481f9f501aa34b41e06e7bbdde6e79f8ca1bb', 'ee7cc5d5a940fba774e715b1f029c6361110b108', 'cc6408b88246f20c62884a5892a6276baf7c3920', '5748ff57ebafe94c4979eafa790d9a84812ca440']",0.75,0.75,0.75,False,0.2857142857142857,1024,True,4
"[""ci"", ""refactor"", ""feat"", ""test""]","[""ci"", ""docs"", ""feat"", ""test""]",0.8407680988311768,"['6f5b1103c0893d13b42f1f7c6504c9c339840be3', '9849430b11b92ae58d94cfe4d0b06313c7eab550', '73211952964a79d97b434dd567e6d7d34be7feb5', '625cbbca0d92b8756eac6fcacc795d90527d8975']",0.75,0.75,0.75,False,0.2857142857142857,1024,True,4
"[""build"", ""ci"", ""feat"", ""fix"", ""refactor""]","[""build"", ""ci"", ""feat"", ""fix"", ""refactor""]",0.6500189304351807,"['b7e38fb62aa6e8a30d72dec063b1adccd089d0aa', '6f5b1103c0893d13b42f1f7c6504c9c339840be3', '73211952964a79d97b434dd567e6d7d34be7feb5', 'be2cbd9480fcbd60c3011ca57f1d761185cf52bd', '3cb4a48ebd15c20692f4f3a2a924284dc7fd5e10']",1.0,1.0,1.0,True,0.0,1024,True,5
"[""build"", ""docs"", ""feat"", ""fix"", ""test""]","[""build"", ""docs"", ""feat"", ""fix"", ""test""]",0.7038242816925049,"['b7e38fb62aa6e8a30d72dec063b1adccd089d0aa', '01e1e33f377934099a4a725fab5cd6c5ff50eaa2', '73211952964a79d97b434dd567e6d7d34be7feb5', 'be2cbd9480fcbd60c3011ca57f1d761185cf52bd', '625cbbca0d92b8756eac6fcacc795d90527d8975']",1.0,1.0,1.0,True,0.0,1024,True,5
"[""ci"", ""docs"", ""feat"", ""fix"", ""test""]","[""ci"", ""docs"", ""feat"", ""refactor"", ""test""]",0.6664919853210449,"['6f5b1103c0893d13b42f1f7c6504c9c339840be3', '9849430b11b92ae58d94cfe4d0b06313c7eab550', '73211952964a79d97b434dd567e6d7d34be7feb5', '6f638a53c18a66979b89220c9945ef97e49571b3', '625cbbca0d92b8756eac6fcacc795d90527d8975']",0.8,0.8,0.8000000000000002,False,0.2857142857142857,1024,True,5
"[""build"", ""docs"", ""refactor"", ""fix"", ""test""]","[""build"", ""docs"", ""fix"", ""refactor"", ""test""]",0.7464728355407715,"['2d4d735d94386f5045e3b3abc022c2edcdfaef8f', '969aa32659f6918cb0eeeba6b02d6485659dbdd2', 'eb9f7b24364e86d7bcf50bb23b62c743cf5526f6', '3e0e30ecebaf23f0c36fa4811426f8f4e0057cfe', 'e77f6751182595fe08940d67e11a90416c8dd6fd']",1.0,1.0,1.0,True,0.0,1024,True,5
"[""build"", ""ci"", ""docs"", ""refactor"", ""fix""]","[""build"", ""ci"", ""docs"", ""refactor"", ""test""]",0.8048090934753418,"['45bbdaba1490a3216decb2c1a88b8f7041a3d505', 'be44bbdeb52c6025e81c99528ed7b0d932c5be18', '16124286236edf03a6199720ba1629a35e3fe1aa', '0e4ede620dd9a2cdc13ab9cc6da05577b39fddb8', '076b9f5efc109b481074a81957e24ce9f4a69f08']",0.8,0.8,0.8000000000000002,False,0.2857142857142857,1024,True,5
"[""ci"", ""refactor"", ""docs"", ""test""]","[""ci"", ""feat"", ""fix"", ""refactor"", ""test""]",0.6529059410095215,"['bb00890fa896936d0be09cc5e5f411fb5e64aa5f', '8a954673531d6935f5517535b9068639ed5cff0d', '2b1ad9d10fc5685ec75f362a73229569f03344ca', 'd55088c612b1108ef566ec47e40fb8d1050f7451', '6c7398993bc567ec84e4573b6ededbf50b1ef606']",0.75,0.6,0.6666666666666665,False,0.4285714285714285,1024,True,5
"[""build"", ""ci"", ""docs"", ""test"", ""refactor""]","[""build"", ""ci"", ""docs"", ""feat"", ""fix""]",0.728661060333252,"['45bbdaba1490a3216decb2c1a88b8f7041a3d505', 'be44bbdeb52c6025e81c99528ed7b0d932c5be18', '16124286236edf03a6199720ba1629a35e3fe1aa', '3730075261bc81df68f9d10f12a2d6bbffd8493c', 'ccd1946a375e2ac10c3c591b04a435c4bc5170c2']",0.6,0.6,0.6,False,0.5714285714285714,1024,True,5
"[""build"", ""ci"", ""test"", ""refactor""]","[""build"", ""ci"", ""feat"", ""refactor"", ""test""]",0.7168259620666504,"['45bbdaba1490a3216decb2c1a88b8f7041a3d505', 'be44bbdeb52c6025e81c99528ed7b0d932c5be18', '3730075261bc81df68f9d10f12a2d6bbffd8493c', '0e4ede620dd9a2cdc13ab9cc6da05577b39fddb8', '076b9f5efc109b481074a81957e24ce9f4a69f08']",1.0,0.8,0.888888888888889,False,0.1428571428571428,1024,True,5
"[""ci"", ""docs"", ""feat"", ""fix"", ""refactor""]","[""ci"", ""docs"", ""feat"", ""fix"", ""refactor""]",0.6355929374694824,"['6f5b1103c0893d13b42f1f7c6504c9c339840be3', 'eb51316cdfdc7258d287ba13b67ef2f42bd2b8f6', '73211952964a79d97b434dd567e6d7d34be7feb5', 'be2cbd9480fcbd60c3011ca57f1d761185cf52bd', 'fd53cd188555f5c3dc8bc341c5d7eb04b761a70f']",1.0,1.0,1.0,True,0.0,1024,True,5
"[""build"", ""docs"", ""feat"", ""fix"", ""test""]","[""build"", ""docs"", ""feat"", ""fix"", ""test""]",1.2577931880950928,"['b7e38fb62aa6e8a30d72dec063b1adccd089d0aa', 'eb51316cdfdc7258d287ba13b67ef2f42bd2b8f6', '73211952964a79d97b434dd567e6d7d34be7feb5', 'be2cbd9480fcbd60c3011ca57f1d761185cf52bd', '625cbbca0d92b8756eac6fcacc795d90527d8975']",1.0,1.0,1.0,True,0.0,1024,True,5
"[""build"", ""docs"", ""fix"", ""refactor""]","[""build"", ""docs"", ""fix"", ""refactor"", ""test""]",0.7563719749450684,"['45bbdaba1490a3216decb2c1a88b8f7041a3d505', 'b8a664c1b10f4e30a3e221a14211a3cdaf90b7f4', 'ccd1946a375e2ac10c3c591b04a435c4bc5170c2', '0e4ede620dd9a2cdc13ab9cc6da05577b39fddb8', '076b9f5efc109b481074a81957e24ce9f4a69f08']",1.0,0.8,0.888888888888889,False,0.1428571428571428,1024,True,5
"[""build"", ""ci"", ""docs"", ""test"", ""refactor""]","[""build"", ""ci"", ""docs"", ""feat"", ""refactor""]",0.9422452449798584,"['45bbdaba1490a3216decb2c1a88b8f7041a3d505', 'be44bbdeb52c6025e81c99528ed7b0d932c5be18', 'b8a664c1b10f4e30a3e221a14211a3cdaf90b7f4', '3730075261bc81df68f9d10f12a2d6bbffd8493c', '0e4ede620dd9a2cdc13ab9cc6da05577b39fddb8']",0.8,0.8,0.8000000000000002,False,0.2857142857142857,1024,True,5
"[""ci"", ""feat"", ""fix"", ""refactor"", ""test""]","[""ci"", ""feat"", ""fix"", ""refactor"", ""test""]",0.7327983379364014,"['6f5b1103c0893d13b42f1f7c6504c9c339840be3', '73211952964a79d97b434dd567e6d7d34be7feb5', 'be2cbd9480fcbd60c3011ca57f1d761185cf52bd', 'eb8d919e6f3443db279ba0c902f15d76676c02dc', '625cbbca0d92b8756eac6fcacc795d90527d8975']",1.0,1.0,1.0,True,0.0,1024,True,5
"[""build"", ""ci"", ""docs"", ""fix"", ""test""]","[""build"", ""ci"", ""docs"", ""fix"", ""test""]",0.7269387245178223,"['b7e38fb62aa6e8a30d72dec063b1adccd089d0aa', '6f5b1103c0893d13b42f1f7c6504c9c339840be3', '01e1e33f377934099a4a725fab5cd6c5ff50eaa2', 'be2cbd9480fcbd60c3011ca57f1d761185cf52bd', '625cbbca0d92b8756eac6fcacc795d90527d8975']",1.0,1.0,1.0,True,0.0,1024,True,5
"[""build"", ""ci"", ""docs"", ""fix"", ""test""]","[""build"", ""ci"", ""docs"", ""fix"", ""test""]",0.6420109272003174,"['b7e38fb62aa6e8a30d72dec063b1adccd089d0aa', '6f5b1103c0893d13b42f1f7c6504c9c339840be3', '9849430b11b92ae58d94cfe4d0b06313c7eab550', 'be2cbd9480fcbd60c3011ca57f1d761185cf52bd', '625cbbca0d92b8756eac6fcacc795d90527d8975']",1.0,1.0,1.0,True,0.0,1024,True,5
"[""build"", ""docs"", ""test"", ""refactor""]","[""build"", ""docs"", ""feat"", ""fix"", ""refactor""]",0.7066199779510498,"['45bbdaba1490a3216decb2c1a88b8f7041a3d505', 'b8a664c1b10f4e30a3e221a14211a3cdaf90b7f4', '3730075261bc81df68f9d10f12a2d6bbffd8493c', 'ccd1946a375e2ac10c3c591b04a435c4bc5170c2', '0e4ede620dd9a2cdc13ab9cc6da05577b39fddb8']",0.75,0.6,0.6666666666666665,False,0.4285714285714285,1024,True,5
"[""build"", ""ci"", ""feat"", ""refactor"", ""test""]","[""build"", ""ci"", ""feat"", ""refactor"", ""test""]",0.6327321529388428,"['b7e38fb62aa6e8a30d72dec063b1adccd089d0aa', '6f5b1103c0893d13b42f1f7c6504c9c339840be3', '73211952964a79d97b434dd567e6d7d34be7feb5', '816b0d49c45f6669c5aae748396e9551f2e30a96', '625cbbca0d92b8756eac6fcacc795d90527d8975']",1.0,1.0,1.0,True,0.0,1024,True,5
"[""docs"", ""feat"", ""fix"", ""test""]","[""docs"", ""feat"", ""fix"", ""refactor"", ""test""]",0.6630830764770508,"['fc9af4d0b93d69be4e201ffb18da04324e8a4a87', '15b8e4bc9349ce017f65e10b95cae48b0aa11828', 'eb9f7b24364e86d7bcf50bb23b62c743cf5526f6', '72e3eed599b3a3dd154575af344ac3e5c62dd07b', 'e77f6751182595fe08940d67e11a90416c8dd6fd']",1.0,0.8,0.888888888888889,False,0.1428571428571428,1024,True,5
"[""ci"", ""refactor"", ""docs"", ""test""]","[""ci"", ""feat"", ""fix"", ""refactor"", ""test""]",0.7739739418029785,"['87d576e936e234d0429ad753267a2760c5dfd314', '8a954673531d6935f5517535b9068639ed5cff0d', '2b1ad9d10fc5685ec75f362a73229569f03344ca', 'd55088c612b1108ef566ec47e40fb8d1050f7451', '6c7398993bc567ec84e4573b6ededbf50b1ef606']",0.75,0.6,0.6666666666666665,False,0.4285714285714285,1024,True,5
"[""build"", ""ci"", ""docs"", ""feat"", ""refactor""]","[""build"", ""ci"", ""docs"", ""feat"", ""refactor""]",0.8211188316345215,"['b7e38fb62aa6e8a30d72dec063b1adccd089d0aa', '6f5b1103c0893d13b42f1f7c6504c9c339840be3', '9849430b11b92ae58d94cfe4d0b06313c7eab550', '73211952964a79d97b434dd567e6d7d34be7feb5', '3550066c886bf253df376f303a60ed475ac42aaa']",1.0,1.0,1.0,True,0.0,1024,True,5
"[""build"", ""ci"", ""docs"", ""refactor"", ""fix""]","[""build"", ""ci"", ""docs"", ""fix"", ""test""]",0.9025111198425292,"['45bbdaba1490a3216decb2c1a88b8f7041a3d505', 'be44bbdeb52c6025e81c99528ed7b0d932c5be18', '16124286236edf03a6199720ba1629a35e3fe1aa', 'ccd1946a375e2ac10c3c591b04a435c4bc5170c2', '076b9f5efc109b481074a81957e24ce9f4a69f08']",0.8,0.8,0.8000000000000002,False,0.2857142857142857,1024,True,5
"[""build"", ""ci"", ""docs"", ""feat"", ""test""]","[""build"", ""ci"", ""docs"", ""feat"", ""test""]",0.6103360652923584,"['b7e38fb62aa6e8a30d72dec063b1adccd089d0aa', '6f5b1103c0893d13b42f1f7c6504c9c339840be3', '01e1e33f377934099a4a725fab5cd6c5ff50eaa2', '73211952964a79d97b434dd567e6d7d34be7feb5', '625cbbca0d92b8756eac6fcacc795d90527d8975']",1.0,1.0,1.0,True,0.0,1024,True,5
"[""ci"", ""docs"", ""refactor""]","[""ci"", ""docs"", ""feat"", ""fix"", ""refactor""]",0.8729841709136963,"['976c34b6fdc32a7f3337f98e67a7c9e4ee9e793e', '7f611e4208d0cc36c635eb0641a4b3258999ae8d', '8a954673531d6935f5517535b9068639ed5cff0d', '2b1ad9d10fc5685ec75f362a73229569f03344ca', '8f1034b79f894b4b1112a4bc1903f37f22f7f5ed']",1.0,0.6,0.7499999999999999,False,0.2857142857142857,1024,True,5
"[""build"", ""feat"", ""fix"", ""test""]","[""build"", ""feat"", ""fix"", ""refactor"", ""test""]",0.6534571647644043,"['bfe32bf10e9b6d699f694fbd095af0b3f2e6275f', '482442ecc1aaf981895a36c367abbd377fd93891', '80242b34468398e835e5b3fc5ac345dbae4bcc7e', 'd4d8bdd3a0a5cec993735abc2e8cc2feff8eae27', 'cd2bfb9b2298e8cd91013808547b35a9c40f46f1']",1.0,0.8,0.888888888888889,False,0.1428571428571428,1024,True,5
"[""build"", ""docs"", ""fix"", ""refactor"", ""test""]","[""ci"", ""docs"", ""fix"", ""refactor"", ""test""]",0.9874937534332277,"['6f5b1103c0893d13b42f1f7c6504c9c339840be3', '01e1e33f377934099a4a725fab5cd6c5ff50eaa2', 'be2cbd9480fcbd60c3011ca57f1d761185cf52bd', '6f638a53c18a66979b89220c9945ef97e49571b3', '625cbbca0d92b8756eac6fcacc795d90527d8975']",0.8,0.8,0.8000000000000002,False,0.2857142857142857,1024,True,5
"[""build"", ""ci"", ""refactor"", ""feat"", ""test""]","[""build"", ""ci"", ""feat"", ""refactor"", ""test""]",0.8583171367645264,"['b7e38fb62aa6e8a30d72dec063b1adccd089d0aa', '6f5b1103c0893d13b42f1f7c6504c9c339840be3', '73211952964a79d97b434dd567e6d7d34be7feb5', 'bc4495b32ec752b6c4b29719e831c043ef2a26ce', '625cbbca0d92b8756eac6fcacc795d90527d8975']",1.0,1.0,1.0,True,0.0,1024,True,5
"[""build"", ""ci"", ""docs"", ""feat"", ""fix""]","[""build"", ""ci"", ""docs"", ""feat"", ""fix""]",0.6789350509643555,"['b7e38fb62aa6e8a30d72dec063b1adccd089d0aa', '6f5b1103c0893d13b42f1f7c6504c9c339840be3', 'eb51316cdfdc7258d287ba13b67ef2f42bd2b8f6', '73211952964a79d97b434dd567e6d7d34be7feb5', 'be2cbd9480fcbd60c3011ca57f1d761185cf52bd']",1.0,1.0,1.0,True,0.0,1024,True,5
"[""build"", ""docs"", ""fix"", ""refactor"", ""test""]","[""build"", ""docs"", ""fix"", ""refactor"", ""test""]",1.0389788150787354,"['ecc481f9f501aa34b41e06e7bbdde6e79f8ca1bb', 'ee7cc5d5a940fba774e715b1f029c6361110b108', '45b386aa3f06bce06f5e03fbde0aa52c4051c8bc', '5748ff57ebafe94c4979eafa790d9a84812ca440', '87427fe39d165bee2acedde8dbaa237cca3fb61e']",1.0,1.0,1.0,True,0.0,1024,True,5
"[""build"", ""docs"", ""feat"", ""fix"", ""test""]","[""ci"", ""docs"", ""feat"", ""fix"", ""test""]",0.7524819374084473,"['6f5b1103c0893d13b42f1f7c6504c9c339840be3', 'eb51316cdfdc7258d287ba13b67ef2f42bd2b8f6', '73211952964a79d97b434dd567e6d7d34be7feb5', 'be2cbd9480fcbd60c3011ca57f1d761185cf52bd', '625cbbca0d92b8756eac6fcacc795d90527d8975']",0.8,0.8,0.8000000000000002,False,0.2857142857142857,1024,True,5
"[""build"", ""docs"", ""feat"", ""fix""]","[""build"", ""docs"", ""feat"", ""fix"", ""refactor""]",0.6548941135406494,"['ecc481f9f501aa34b41e06e7bbdde6e79f8ca1bb', 'ee7cc5d5a940fba774e715b1f029c6361110b108', 'f9a094918b62534614c47aa8a13f33aec751a1e0', 'cc6408b88246f20c62884a5892a6276baf7c3920', '5748ff57ebafe94c4979eafa790d9a84812ca440']",1.0,0.8,0.888888888888889,False,0.1428571428571428,1024,True,5
"[""build"", ""feat"", ""test"", ""refactor""]","[""build"", ""ci"", ""feat"", ""refactor"", ""test""]",0.9734177589416504,"['b8dfd5a2f39b4768cf070aeb9d09364577c626f9', 'bda1822851d9be04f0d39f2213d1e2066eb115c8', 'ba60e126299ad057772b5516d9ab390e770f1301', 'd4d8bdd3a0a5cec993735abc2e8cc2feff8eae27', 'b7e2330fa3a8d7b8a9bff01b707c44e64b845c7b']",1.0,0.8,0.888888888888889,False,0.1428571428571428,1024,True,5
"[""docs"", ""ci"", ""build"", ""refactor"", ""test""]","[""build"", ""ci"", ""fix"", ""refactor"", ""test""]",0.8725948333740234,"['4542d9973a848a2bd4f9baf12992efe7d7a69f2c', 'db55dae208e4807898e6c747cefdf9bfcb4fd08c', 'c4d9e5023fa0f88ba283b37da27677ceda1cbfbb', 'f86944ff00b970d7e2da48abbff43e58bdf29b99', '1f663cbe4b4a9e7a0ae89c05f824335f2a0857fd']",0.8,0.8,0.8000000000000002,False,0.2857142857142857,1024,True,5
"[""build"", ""docs"", ""feat"", ""refactor"", ""test""]","[""build"", ""docs"", ""feat"", ""refactor"", ""test""]",0.679473876953125,"['0f38960851ac0fd159727d5dffb36f50268eec18', 'e0177c25e13812306aab0b0991562d58b6d14767', '1ae8bf1195b197daa80ba6e45360f8b894364cd4', '336b25f3ae9da5d972304662fcdb88f4719c721d', '8ee0611fbf0cd89abe7ae588f22e6ecb843598ea']",1.0,1.0,1.0,True,0.0,1024,True,5
"[""ci"", ""docs"", ""refactor"", ""fix"", ""test""]","[""ci"", ""docs"", ""feat"", ""fix"", ""test""]",0.6675601005554199,"['8d2e23bde626eaed6e5b13384cc7ac38bab5ea66', '527e0abd0f88cb3ae2dc1a6ec7a62c241250444d', '4a4c7afca7e1beadd4b213214074fdb420eb0923', 'a81bbb83d64867f08c4d1be10919ef6806a1bf51', 'cdbc37711fa9c64b2cfa767766ca55c95c1736f7']",0.8,0.8,0.8000000000000002,False,0.2857142857142857,1024,True,5
"[""build"", ""ci"", ""docs"", ""fix"", ""refactor""]","[""build"", ""ci"", ""docs"", ""fix"", ""refactor""]",0.8377361297607422,"['b7e38fb62aa6e8a30d72dec063b1adccd089d0aa', '6f5b1103c0893d13b42f1f7c6504c9c339840be3', '9849430b11b92ae58d94cfe4d0b06313c7eab550', 'be2cbd9480fcbd60c3011ca57f1d761185cf52bd', '03e413d7175d35827cd7d8908d47dbae15a849a3']",1.0,1.0,1.0,True,0.0,1024,True,5
"[""build"", ""ci"", ""docs"", ""fix"", ""refactor""]","[""build"", ""ci"", ""docs"", ""fix"", ""refactor""]",0.6471741199493408,"['b7e38fb62aa6e8a30d72dec063b1adccd089d0aa', '6f5b1103c0893d13b42f1f7c6504c9c339840be3', '01e1e33f377934099a4a725fab5cd6c5ff50eaa2', 'be2cbd9480fcbd60c3011ca57f1d761185cf52bd', '3550066c886bf253df376f303a60ed475ac42aaa']",1.0,1.0,1.0,True,0.0,1024,True,5
"[""build"", ""ci"", ""feat"", ""fix"", ""test""]","[""build"", ""ci"", ""feat"", ""fix"", ""test""]",0.6346511840820312,"['b7e38fb62aa6e8a30d72dec063b1adccd089d0aa', '6f5b1103c0893d13b42f1f7c6504c9c339840be3', '73211952964a79d97b434dd567e6d7d34be7feb5', 'be2cbd9480fcbd60c3011ca57f1d761185cf52bd', '625cbbca0d92b8756eac6fcacc795d90527d8975']",1.0,1.0,1.0,True,0.0,1024,True,5
"[""docs"", ""feat"", ""fix"", ""refactor"", ""test""]","[""docs"", ""feat"", ""fix"", ""refactor"", ""test""]",0.6689109802246094,"['9849430b11b92ae58d94cfe4d0b06313c7eab550', '73211952964a79d97b434dd567e6d7d34be7feb5', 'be2cbd9480fcbd60c3011ca57f1d761185cf52bd', 'fd61615d1a7be9d13de2114a01e2d0ad63b59274', '625cbbca0d92b8756eac6fcacc795d90527d8975']",1.0,1.0,1.0,True,0.0,1024,True,5
"[""build"", ""ci"", ""docs"", ""feat""]","[""build"", ""ci"", ""docs"", ""feat"", ""refactor""]",0.6008901596069336,"['b7e38fb62aa6e8a30d72dec063b1adccd089d0aa', '6f5b1103c0893d13b42f1f7c6504c9c339840be3', '01e1e33f377934099a4a725fab5cd6c5ff50eaa2', '73211952964a79d97b434dd567e6d7d34be7feb5', 'eafee3c5c124ce0c71fd854270cea39cc273b27c']",1.0,0.8,0.888888888888889,False,0.1428571428571428,1024,True,5
"[""build"", ""feat"", ""fix"", ""docs"", ""test""]","[""build"", ""feat"", ""fix"", ""refactor"", ""test""]",0.710986852645874,"['b7e38fb62aa6e8a30d72dec063b1adccd089d0aa', '73211952964a79d97b434dd567e6d7d34be7feb5', 'be2cbd9480fcbd60c3011ca57f1d761185cf52bd', '7005cf8c47416583e3d9fa91c3bd50113155c91a', '625cbbca0d92b8756eac6fcacc795d90527d8975']",0.8,0.8,0.8000000000000002,False,0.2857142857142857,1024,True,5
"[""build"", ""ci"", ""docs"", ""test"", ""fix""]","[""build"", ""ci"", ""docs"", ""feat"", ""test""]",0.6493439674377441,"['45bbdaba1490a3216decb2c1a88b8f7041a3d505', 'be44bbdeb52c6025e81c99528ed7b0d932c5be18', '16124286236edf03a6199720ba1629a35e3fe1aa', '3730075261bc81df68f9d10f12a2d6bbffd8493c', '076b9f5efc109b481074a81957e24ce9f4a69f08']",0.8,0.8,0.8000000000000002,False,0.2857142857142857,1024,True,5
"[""ci"", ""docs"", ""refactor"", ""fix""]","[""ci"", ""docs"", ""fix"", ""refactor"", ""test""]",0.789168119430542,"['be44bbdeb52c6025e81c99528ed7b0d932c5be18', '16124286236edf03a6199720ba1629a35e3fe1aa', 'ccd1946a375e2ac10c3c591b04a435c4bc5170c2', '0e4ede620dd9a2cdc13ab9cc6da05577b39fddb8', '076b9f5efc109b481074a81957e24ce9f4a69f08']",1.0,0.8,0.888888888888889,False,0.1428571428571428,1024,True,5
"[""build"", ""docs"", ""feat"", ""fix"", ""test""]","[""build"", ""docs"", ""feat"", ""refactor"", ""test""]",0.8092072010040283,"['ecc481f9f501aa34b41e06e7bbdde6e79f8ca1bb', '144388439d64e049cbed4e37659e819856d6987f', 'ded26d768ff432ad3bde3c0aa1e95ce50726100a', '5748ff57ebafe94c4979eafa790d9a84812ca440', '87427fe39d165bee2acedde8dbaa237cca3fb61e']",0.8,0.8,0.8000000000000002,False,0.2857142857142857,1024,True,5
"[""build"", ""docs"", ""feat"", ""fix"", ""refactor""]","[""ci"", ""docs"", ""feat"", ""fix"", ""refactor""]",0.6525661945343018,"['6f5b1103c0893d13b42f1f7c6504c9c339840be3', 'eb51316cdfdc7258d287ba13b67ef2f42bd2b8f6', '73211952964a79d97b434dd567e6d7d34be7feb5', 'be2cbd9480fcbd60c3011ca57f1d761185cf52bd', 'd357640fab55e5964fe83efc3c771e53aa3222fd']",0.8,0.8,0.8000000000000002,False,0.2857142857142857,1024,True,5
"[""build"", ""ci"", ""fix"", ""refactor""]","[""build"", ""ci"", ""fix"", ""refactor"", ""test""]",0.6307871341705322,"['45bbdaba1490a3216decb2c1a88b8f7041a3d505', 'be44bbdeb52c6025e81c99528ed7b0d932c5be18', 'ccd1946a375e2ac10c3c591b04a435c4bc5170c2', '0e4ede620dd9a2cdc13ab9cc6da05577b39fddb8', '076b9f5efc109b481074a81957e24ce9f4a69f08']",1.0,0.8,0.888888888888889,False,0.1428571428571428,1024,True,5
"[""build"", ""ci"", ""docs"", ""test"", ""fix""]","[""build"", ""ci"", ""docs"", ""feat"", ""test""]",0.6935989856719971,"['45bbdaba1490a3216decb2c1a88b8f7041a3d505', 'be44bbdeb52c6025e81c99528ed7b0d932c5be18', 'b8a664c1b10f4e30a3e221a14211a3cdaf90b7f4', '3730075261bc81df68f9d10f12a2d6bbffd8493c', '076b9f5efc109b481074a81957e24ce9f4a69f08']",0.8,0.8,0.8000000000000002,False,0.2857142857142857,1024,True,5
"[""build"", ""ci"", ""docs"", ""fix""]","[""build"", ""ci"", ""docs"", ""fix"", ""refactor""]",0.8887581825256348,"['b7e38fb62aa6e8a30d72dec063b1adccd089d0aa', '6f5b1103c0893d13b42f1f7c6504c9c339840be3', 'eb51316cdfdc7258d287ba13b67ef2f42bd2b8f6', 'be2cbd9480fcbd60c3011ca57f1d761185cf52bd', '190aef43fd30e693af822c176f9b686591568719']",1.0,0.8,0.888888888888889,False,0.1428571428571428,1024,True,5
"[""build"", ""docs"", ""test"", ""refactor""]","[""build"", ""feat"", ""fix"", ""refactor"", ""test""]",0.6543481349945068,"['b0866f62417f56bdd5a46e8f14278af79efc4d76', 'a84d6715a4df12cc0ee9aa6f2596ce3b04353958', 'eebee9ab0bb6d4255ad0402d8422364e96bfef61', 'e8a8edadc5c25d6410462b89a48e0602e0cbbc7f', 'e77f6751182595fe08940d67e11a90416c8dd6fd']",0.75,0.6,0.6666666666666665,False,0.4285714285714285,1024,True,5
"[""ci"", ""docs"", ""refactor"", ""fix"", ""test""]","[""ci"", ""docs"", ""feat"", ""fix"", ""test""]",0.7240109443664551,"['8d2e23bde626eaed6e5b13384cc7ac38bab5ea66', '036a0ff49a7dade0e04c9c07071a1ff49133ee24', 'bbb6ee10de824f2e3259576ac01768640c884279', 'f9d9f859240c6f7e78b0303ea40e46622d42bc3c', 'cdbc37711fa9c64b2cfa767766ca55c95c1736f7']",0.8,0.8,0.8000000000000002,False,0.2857142857142857,1024,True,5
"[""build"", ""ci"", ""feat"", ""refactor"", ""test""]","[""build"", ""ci"", ""feat"", ""refactor"", ""test""]",0.7669599056243896,"['b7e38fb62aa6e8a30d72dec063b1adccd089d0aa', '6f5b1103c0893d13b42f1f7c6504c9c339840be3', '73211952964a79d97b434dd567e6d7d34be7feb5', '8da0303bc02db5fe047cfc0631a9da41d9dc60f7', '625cbbca0d92b8756eac6fcacc795d90527d8975']",1.0,1.0,1.0,True,0.0,1024,True,5
"[""build"", ""ci"", ""refactor"", ""feat"", ""fix""]","[""build"", ""ci"", ""docs"", ""feat"", ""fix""]",0.6258928775787354,"['b7e38fb62aa6e8a30d72dec063b1adccd089d0aa', '6f5b1103c0893d13b42f1f7c6504c9c339840be3', '9849430b11b92ae58d94cfe4d0b06313c7eab550', '73211952964a79d97b434dd567e6d7d34be7feb5', 'be2cbd9480fcbd60c3011ca57f1d761185cf52bd']",0.8,0.8,0.8000000000000002,False,0.2857142857142857,1024,True,5
"[""ci"", ""docs"", ""refactor"", ""fix"", ""test""]","[""ci"", ""docs"", ""fix"", ""refactor"", ""test""]",0.6354150772094727,"['db2dbc13d7da2ae85cd3206d330be8ed0ebe1b2c', '12257ce53f94dc902df4ba087de90f52d2840ad4', '2b1ad9d10fc5685ec75f362a73229569f03344ca', '8f1034b79f894b4b1112a4bc1903f37f22f7f5ed', '6c7398993bc567ec84e4573b6ededbf50b1ef606']",1.0,1.0,1.0,True,0.0,1024,True,5
"[""docs"", ""feat"", ""fix"", ""refactor"", ""test""]","[""docs"", ""feat"", ""fix"", ""refactor"", ""test""]",0.6661198139190674,"['eb51316cdfdc7258d287ba13b67ef2f42bd2b8f6', '73211952964a79d97b434dd567e6d7d34be7feb5', 'be2cbd9480fcbd60c3011ca57f1d761185cf52bd', 'eb8d919e6f3443db279ba0c902f15d76676c02dc', '625cbbca0d92b8756eac6fcacc795d90527d8975']",1.0,1.0,1.0,True,0.0,1024,True,5
"[""build"", ""docs"", ""feat"", ""fix"", ""refactor""]","[""build"", ""ci"", ""feat"", ""fix"", ""refactor""]",0.6208148002624512,"['454003841aabeb74396d73541378bfa59c75b5db', 'bda1822851d9be04f0d39f2213d1e2066eb115c8', '9114362b39f5194209cd0b330af7076333f3db77', '80242b34468398e835e5b3fc5ac345dbae4bcc7e', 'fba4326c72fc22d81aba6976a9fef1e4b6154fd9']",0.8,0.8,0.8000000000000002,False,0.2857142857142857,1024,True,5
"[""build"", ""docs"", ""feat"", ""fix"", ""test""]","[""build"", ""docs"", ""feat"", ""fix"", ""test""]",0.674126148223877,"['ecc481f9f501aa34b41e06e7bbdde6e79f8ca1bb', '144388439d64e049cbed4e37659e819856d6987f', '8b9176b44bb01a1eef497a403b0304bc389c9aee', '45b386aa3f06bce06f5e03fbde0aa52c4051c8bc', '3c04162664b130c9486cba54afc16b6e57c779d1']",1.0,1.0,1.0,True,0.0,1024,True,5
"[""build"", ""ci"", ""docs"", ""refactor"", ""test""]","[""build"", ""ci"", ""docs"", ""refactor"", ""test""]",0.8335139751434326,"['b7e38fb62aa6e8a30d72dec063b1adccd089d0aa', '6f5b1103c0893d13b42f1f7c6504c9c339840be3', '01e1e33f377934099a4a725fab5cd6c5ff50eaa2', '3cb4a48ebd15c20692f4f3a2a924284dc7fd5e10', '625cbbca0d92b8756eac6fcacc795d90527d8975']",1.0,1.0,1.0,True,0.0,1024,True,5
"[""build"", ""ci"", ""docs"", ""refactor"", ""fix""]","[""build"", ""ci"", ""docs"", ""refactor"", ""test""]",0.6984939575195312,"['45bbdaba1490a3216decb2c1a88b8f7041a3d505', 'be44bbdeb52c6025e81c99528ed7b0d932c5be18', 'b8a664c1b10f4e30a3e221a14211a3cdaf90b7f4', '0e4ede620dd9a2cdc13ab9cc6da05577b39fddb8', '076b9f5efc109b481074a81957e24ce9f4a69f08']",0.8,0.8,0.8000000000000002,False,0.2857142857142857,1024,True,5
"[""build"", ""test"", ""refactor"", ""fix""]","[""build"", ""feat"", ""fix"", ""refactor"", ""test""]",0.6724269390106201,"['45bbdaba1490a3216decb2c1a88b8f7041a3d505', '3730075261bc81df68f9d10f12a2d6bbffd8493c', 'ccd1946a375e2ac10c3c591b04a435c4bc5170c2', '0e4ede620dd9a2cdc13ab9cc6da05577b39fddb8', '076b9f5efc109b481074a81957e24ce9f4a69f08']",1.0,0.8,0.888888888888889,False,0.1428571428571428,1024,True,5
"[""ci"", ""docs"", ""feat"", ""fix"", ""refactor""]","[""ci"", ""docs"", ""feat"", ""fix"", ""refactor""]",0.7806987762451172,"['6f5b1103c0893d13b42f1f7c6504c9c339840be3', '01e1e33f377934099a4a725fab5cd6c5ff50eaa2', '73211952964a79d97b434dd567e6d7d34be7feb5', 'be2cbd9480fcbd60c3011ca57f1d761185cf52bd', '7d6f760a91b55967972bbd1b972307624e876805']",1.0,1.0,1.0,True,0.0,1024,True,5
"[""build"", ""docs"", ""fix"", ""test""]","[""build"", ""ci"", ""feat"", ""fix"", ""test""]",0.696613073348999,"['bfe32bf10e9b6d699f694fbd095af0b3f2e6275f', 'bda1822851d9be04f0d39f2213d1e2066eb115c8', '988dda23984894cea097d64646196e8d6196d6b6', '238ba1990ea68eb64bdfc6b31efebad2acb01ad6', 'b7e2330fa3a8d7b8a9bff01b707c44e64b845c7b']",0.75,0.6,0.6666666666666665,False,0.4285714285714285,1024,True,5
"[""build"", ""ci"", ""docs"", ""refactor"", ""test""]","[""build"", ""ci"", ""docs"", ""refactor"", ""test""]",1.704759120941162,"['b7e38fb62aa6e8a30d72dec063b1adccd089d0aa', '6f5b1103c0893d13b42f1f7c6504c9c339840be3', '9849430b11b92ae58d94cfe4d0b06313c7eab550', '816b0d49c45f6669c5aae748396e9551f2e30a96', '625cbbca0d92b8756eac6fcacc795d90527d8975']",1.0,1.0,1.0,True,0.0,1024,True,5
"[""docs"", ""feat"", ""fix"", ""test""]","[""docs"", ""feat"", ""fix"", ""refactor"", ""test""]",0.9204349517822266,"['01e1e33f377934099a4a725fab5cd6c5ff50eaa2', '73211952964a79d97b434dd567e6d7d34be7feb5', 'be2cbd9480fcbd60c3011ca57f1d761185cf52bd', '190aef43fd30e693af822c176f9b686591568719', '625cbbca0d92b8756eac6fcacc795d90527d8975']",1.0,0.8,0.888888888888889,False,0.1428571428571428,1024,True,5
"[""build"", ""ci"", ""docs"", ""feat"", ""fix""]","[""build"", ""ci"", ""docs"", ""feat"", ""fix""]",0.6253559589385986,"['b7e38fb62aa6e8a30d72dec063b1adccd089d0aa', '6f5b1103c0893d13b42f1f7c6504c9c339840be3', '01e1e33f377934099a4a725fab5cd6c5ff50eaa2', '73211952964a79d97b434dd567e6d7d34be7feb5', 'be2cbd9480fcbd60c3011ca57f1d761185cf52bd']",1.0,1.0,1.0,True,0.0,1024,True,5
"[""docs"", ""refactor"", ""test""]","[""docs"", ""feat"", ""fix"", ""refactor"", ""test""]",0.7115731239318848,"['8dfd2af29bf784b242992ee9ec0fbc85753b063c', '8a954673531d6935f5517535b9068639ed5cff0d', '2b1ad9d10fc5685ec75f362a73229569f03344ca', 'd55088c612b1108ef566ec47e40fb8d1050f7451', '6c7398993bc567ec84e4573b6ededbf50b1ef606']",1.0,0.6,0.7499999999999999,False,0.2857142857142857,1024,True,5
"[""build"", ""refactor"", ""fix"", ""test""]","[""build"", ""ci"", ""fix"", ""refactor"", ""test""]",0.6004312038421631,"['bfe32bf10e9b6d699f694fbd095af0b3f2e6275f', 'bda1822851d9be04f0d39f2213d1e2066eb115c8', '80242b34468398e835e5b3fc5ac345dbae4bcc7e', 'fba4326c72fc22d81aba6976a9fef1e4b6154fd9', '7c48976f943e1e9b5850967b6f2963a205476ded']",1.0,0.8,0.888888888888889,False,0.1428571428571428,1024,True,5
"[""build"", ""ci"", ""docs"", ""test"", ""refactor""]","[""build"", ""ci"", ""docs"", ""feat"", ""refactor""]",1.1249380111694336,"['45bbdaba1490a3216decb2c1a88b8f7041a3d505', 'be44bbdeb52c6025e81c99528ed7b0d932c5be18', '16124286236edf03a6199720ba1629a35e3fe1aa', '3730075261bc81df68f9d10f12a2d6bbffd8493c', '0e4ede620dd9a2cdc13ab9cc6da05577b39fddb8']",0.8,0.8,0.8000000000000002,False,0.2857142857142857,1024,True,5
"[""build"", ""refactor"", ""fix"", ""test""]","[""build"", ""ci"", ""feat"", ""fix"", ""test""]",0.611234188079834,"['bfe32bf10e9b6d699f694fbd095af0b3f2e6275f', 'bda1822851d9be04f0d39f2213d1e2066eb115c8', '482442ecc1aaf981895a36c367abbd377fd93891', '80242b34468398e835e5b3fc5ac345dbae4bcc7e', '7c48976f943e1e9b5850967b6f2963a205476ded']",0.75,0.6,0.6666666666666665,False,0.4285714285714285,1024,True,5
"[""build"", ""docs"", ""feat"", ""fix"", ""refactor""]","[""build"", ""docs"", ""feat"", ""fix"", ""refactor""]",0.5858941078186035,"['b7e38fb62aa6e8a30d72dec063b1adccd089d0aa', '01e1e33f377934099a4a725fab5cd6c5ff50eaa2', '73211952964a79d97b434dd567e6d7d34be7feb5', 'be2cbd9480fcbd60c3011ca57f1d761185cf52bd', 'eafee3c5c124ce0c71fd854270cea39cc273b27c']",1.0,1.0,1.0,True,0.0,1024,True,5
"[""build"", ""ci"", ""docs"", ""refactor"", ""test""]","[""build"", ""ci"", ""docs"", ""refactor"", ""test""]",0.6511518955230713,"['b7e38fb62aa6e8a30d72dec063b1adccd089d0aa', '6f5b1103c0893d13b42f1f7c6504c9c339840be3', 'eb51316cdfdc7258d287ba13b67ef2f42bd2b8f6', '7d6f760a91b55967972bbd1b972307624e876805', '625cbbca0d92b8756eac6fcacc795d90527d8975']",1.0,1.0,1.0,True,0.0,1024,True,5
"[""ci"", ""docs"", ""fix"", ""refactor"", ""test""]","[""ci"", ""docs"", ""feat"", ""fix"", ""test""]",0.6643290519714355,"['8d2e23bde626eaed6e5b13384cc7ac38bab5ea66', '036a0ff49a7dade0e04c9c07071a1ff49133ee24', '6b473cbdc5997af47c56a2a74f5b64da6d4c2ad7', 'f9d9f859240c6f7e78b0303ea40e46622d42bc3c', 'cdbc37711fa9c64b2cfa767766ca55c95c1736f7']",0.8,0.8,0.8000000000000002,False,0.2857142857142857,1024,True,5
"[""fix"", ""test""]","[""test""]",0.565972089767456,['7c48976f943e1e9b5850967b6f2963a205476ded'],0.5,1.0,0.6666666666666666,False,0.1428571428571428,1024,True,1
"[""feat"", ""docs""]","[""refactor""]",0.6645529270172119,['5748ff57ebafe94c4979eafa790d9a84812ca440'],0.0,0.0,0.0,False,0.4285714285714285,1024,True,1
"[""docs""]","[""docs""]",0.5890467166900635,['be8dd55c2179a1743ddbda56b5e88a1a89c92bcc'],1.0,1.0,1.0,True,0.0,1024,True,1
"[""feat""]","[""feat""]",0.6697020530700684,['15b8e4bc9349ce017f65e10b95cae48b0aa11828'],1.0,1.0,1.0,True,0.0,1024,True,1
"[""build""]","[""build""]",0.6450991630554199,['37b1cbfd3d2c462ef4f2a131e4172c38dc8d9ddf'],1.0,1.0,1.0,True,0.0,1024,True,1
"[""ci""]","[""ci""]",0.6177940368652344,['8d2e23bde626eaed6e5b13384cc7ac38bab5ea66'],1.0,1.0,1.0,True,0.0,1024,True,1
"[""fix"", ""test""]","[""fix""]",0.572695255279541,['44ac09d356fa02bdbb840638846f7a7500700d23'],0.5,1.0,0.6666666666666666,False,0.1428571428571428,1024,True,1
"[""ci"", ""build""]","[""ci""]",0.5955851078033447,['be44bbdeb52c6025e81c99528ed7b0d932c5be18'],0.5,1.0,0.6666666666666666,False,0.1428571428571428,1024,True,1
"[""build""]","[""build""]",0.7181389331817627,['b7e38fb62aa6e8a30d72dec063b1adccd089d0aa'],1.0,1.0,1.0,True,0.0,1024,True,1
"[""fix"", ""refactor"", ""build""]","[""refactor""]",0.8706269264221191,['3e0e30ecebaf23f0c36fa4811426f8f4e0057cfe'],0.3333333333333333,1.0,0.5,False,0.2857142857142857,1024,True,1
"[""refactor""]","[""feat""]",0.5924060344696045,['293f301a4bb248799c467d1fef413ed3909f47a4'],0.0,0.0,0.0,False,0.2857142857142857,1024,True,1
"[""test""]","[""test""]",0.6833269596099854,['6c7398993bc567ec84e4573b6ededbf50b1ef606'],1.0,1.0,1.0,True,0.0,1024,True,1
"[""docs""]","[""docs""]",0.549907922744751,['036a0ff49a7dade0e04c9c07071a1ff49133ee24'],1.0,1.0,1.0,True,0.0,1024,True,1
"[""fix"", ""refactor"", ""docs""]","[""fix""]",0.6109139919281006,['73b8948ea1d49e05ae8c63b17926eda4cb04e9bb'],0.3333333333333333,1.0,0.5,False,0.2857142857142857,1024,True,1
"[""refactor"", ""build""]","[""fix""]",0.6215338706970215,['ccd1946a375e2ac10c3c591b04a435c4bc5170c2'],0.0,0.0,0.0,False,0.4285714285714285,1024,True,1
"[""feat""]","[""feat""]",0.8615517616271973,['542f0cad5337de15428f0b6567ce4efd20a19a48'],1.0,1.0,1.0,True,0.0,1024,True,1
"[""build""]","[""build""]",0.573153018951416,['4ab28fc2e63e975a0c77e18ae644f34fa5f8771a'],1.0,1.0,1.0,True,0.0,1024,True,1
"[""ci"", ""refactor""]","[""ci""]",0.58514404296875,['b7b9c23698e7238eda26a1135018625181badd82'],0.5,1.0,0.6666666666666666,False,0.1428571428571428,1024,True,1
"[""fix""]","[""refactor""]",0.6470530033111572,['190aef43fd30e693af822c176f9b686591568719'],0.0,0.0,0.0,False,0.2857142857142857,1024,True,1
"[""test""]","[""test""]",0.6108908653259277,['960af3a1c31fe2b5ab32e580089f67c9da816fcc'],1.0,1.0,1.0,True,0.0,1024,True,1
"[""docs""]","[""docs""]",0.7619459629058838,['527e0abd0f88cb3ae2dc1a6ec7a62c241250444d'],1.0,1.0,1.0,True,0.0,1024,True,1
"[""docs""]","[""docs""]",0.5677628517150879,['ee7cc5d5a940fba774e715b1f029c6361110b108'],1.0,1.0,1.0,True,0.0,1024,True,1
"[""feat"", ""docs""]","[""feat""]",0.5615229606628418,['8a954673531d6935f5517535b9068639ed5cff0d'],0.5,1.0,0.6666666666666666,False,0.1428571428571428,1024,True,1
"[""refactor""]","[""refactor""]",0.5999677181243896,['0e4ede620dd9a2cdc13ab9cc6da05577b39fddb8'],1.0,1.0,1.0,True,0.0,1024,True,1
"[""build""]","[""build""]",0.5793278217315674,['ecc481f9f501aa34b41e06e7bbdde6e79f8ca1bb'],1.0,1.0,1.0,True,0.0,1024,True,1
"[""build""]","[""ci""]",0.5947792530059814,['bda1822851d9be04f0d39f2213d1e2066eb115c8'],0.0,0.0,0.0,False,0.2857142857142857,1024,True,1
"[""test""]","[""test""]",0.639578104019165,['7df6b872b9c820a35572b926d2496460a4c8b24a'],1.0,1.0,1.0,True,0.0,1024,True,1
"[""fix""]","[""fix""]",0.5764501094818115,['c4d9e5023fa0f88ba283b37da27677ceda1cbfbb'],1.0,1.0,1.0,True,0.0,1024,True,1
"[""fix""]","[""fix""]",0.6820821762084961,['0d43299ccee2b2e018fae24896c45d8d8be66bc6'],1.0,1.0,1.0,True,0.0,1024,True,1
"[""test""]","[""test""]",0.5709371566772461,['90a48c74f6faa0829d3809f739a42c0133e63ae0'],1.0,1.0,1.0,True,0.0,1024,True,1
"[""refactor""]","[""refactor""]",0.6835777759552002,['e8a8edadc5c25d6410462b89a48e0602e0cbbc7f'],1.0,1.0,1.0,True,0.0,1024,True,1
"[""docs""]","[""docs""]",0.6412689685821533,['9849430b11b92ae58d94cfe4d0b06313c7eab550'],1.0,1.0,1.0,True,0.0,1024,True,1
"[""build""]","[""build""]",0.5706338882446289,['45bbdaba1490a3216decb2c1a88b8f7041a3d505'],1.0,1.0,1.0,True,0.0,1024,True,1
"[""docs"", ""feat""]","[""feat""]",0.5701858997344971,['1ae8bf1195b197daa80ba6e45360f8b894364cd4'],0.5,1.0,0.6666666666666666,False,0.1428571428571428,1024,True,1
"[""ci""]","[""ci""]",0.6295170783996582,['976c34b6fdc32a7f3337f98e67a7c9e4ee9e793e'],1.0,1.0,1.0,True,0.0,1024,True,1
"[""refactor"", ""test""]","[""refactor""]",0.6315078735351562,['1c8ff5cf2feb3ce0b7d0fbfc43be8d20f5b73287'],0.5,1.0,0.6666666666666666,False,0.1428571428571428,1024,True,1
"[""ci""]","[""docs""]",0.600675106048584,['e50a61d63755a4a955c2a6535a865773e2ac01d5'],0.0,0.0,0.0,False,0.2857142857142857,1024,True,1
"[""fix""]","[""test""]",0.5854427814483643,['076b9f5efc109b481074a81957e24ce9f4a69f08'],0.0,0.0,0.0,False,0.2857142857142857,1024,True,1
"[""build""]","[""build""]",0.557915210723877,['b2415c4d3de7b5d6da47668a3de630c07b30b300'],1.0,1.0,1.0,True,0.0,1024,True,1
"[""refactor""]","[""fix""]",0.6860818862915039,['a81bbb83d64867f08c4d1be10919ef6806a1bf51'],0.0,0.0,0.0,False,0.2857142857142857,1024,True,1
"[""test""]","[""feat""]",0.5852327346801758,['3730075261bc81df68f9d10f12a2d6bbffd8493c'],0.0,0.0,0.0,False,0.2857142857142857,1024,True,1
"[""ci"", ""build""]","[""ci""]",0.6609480381011963,['db55dae208e4807898e6c747cefdf9bfcb4fd08c'],0.5,1.0,0.6666666666666666,False,0.1428571428571428,1024,True,1
"[""docs""]","[""docs""]",0.5789237022399902,['dfab97842fe78fb8f217a5185fb6ec92682a53ca'],1.0,1.0,1.0,True,0.0,1024,True,1
"[""feat"", ""docs""]","[""feat""]",0.5824308395385742,['73211952964a79d97b434dd567e6d7d34be7feb5'],0.5,1.0,0.6666666666666666,False,0.1428571428571428,1024,True,1
"[""test"", ""refactor""]","[""refactor""]",0.5813310146331787,['fba4326c72fc22d81aba6976a9fef1e4b6154fd9'],0.5,1.0,0.6666666666666666,False,0.1428571428571428,1024,True,1
"[""ci""]","[""ci""]",0.6356940269470215,['6f5b1103c0893d13b42f1f7c6504c9c339840be3'],1.0,1.0,1.0,True,0.0,1024,True,1
"[""refactor""]","[""fix""]",0.8547158241271973,['2b1ad9d10fc5685ec75f362a73229569f03344ca'],0.0,0.0,0.0,False,0.2857142857142857,1024,True,1
"[""build"", ""test""]","[""test""]",0.5811920166015625,['cd2bfb9b2298e8cd91013808547b35a9c40f46f1'],0.5,1.0,0.6666666666666666,False,0.1428571428571428,1024,True,1
"[""build""]","[""build""]",0.7574419975280762,['607ecc92b5f8c084304e406eec725b7dcfa0a562'],1.0,1.0,1.0,True,0.0,1024,True,1
"[""refactor""]","[""refactor""]",0.6161890029907227,['b98a8fed0b67b99ef4f8373aea904f847315e468'],1.0,1.0,1.0,True,0.0,1024,True,1
"[""docs""]","[""docs""]",0.6117599010467529,['144388439d64e049cbed4e37659e819856d6987f'],1.0,1.0,1.0,True,0.0,1024,True,1
"[""ci""]","[""build""]",0.6077039241790771,['88129ee45b1d49bc4ff887f3b488464cc7097e29'],0.0,0.0,0.0,False,0.2857142857142857,1024,True,1
"[""feat""]","[""feat""]",0.6084942817687988,['5e09c9128f13c45d54df685b0a17dc8e3f7ff02c'],1.0,1.0,1.0,True,0.0,1024,True,1
"[""test""]","[""test""]",0.5964148044586182,['e77f6751182595fe08940d67e11a90416c8dd6fd'],1.0,1.0,1.0,True,0.0,1024,True,1
"[""ci"", ""feat""]","[""ci""]",0.5766479969024658,['bb00890fa896936d0be09cc5e5f411fb5e64aa5f'],0.5,1.0,0.6666666666666666,False,0.1428571428571428,1024,True,1
"[""fix""]","[""fix""]",0.7068419456481934,['c1d3b58fd20995b1b9ca4e6771e3fa375242b02d'],1.0,1.0,1.0,True,0.0,1024,True,1
"[""fix""]","[""fix""]",0.713141918182373,['be2cbd9480fcbd60c3011ca57f1d761185cf52bd'],1.0,1.0,1.0,True,0.0,1024,True,1
"[""refactor""]","[""refactor""]",0.5537221431732178,['8f1034b79f894b4b1112a4bc1903f37f22f7f5ed'],1.0,1.0,1.0,True,0.0,1024,True,1
"[""docs""]","[""docs""]",0.6525309085845947,['16124286236edf03a6199720ba1629a35e3fe1aa'],1.0,1.0,1.0,True,0.0,1024,True,1
"[""test""]","[""test""]",0.7119817733764648,['cdbc37711fa9c64b2cfa767766ca55c95c1736f7'],1.0,1.0,1.0,True,0.0,1024,True,1
"[""ci"", ""feat""]","[""ci""]",0.7142062187194824,['5ebfebf86e60aae2610eb0ed84d177d53cd75f9d'],0.5,1.0,0.6666666666666666,False,0.1428571428571428,1024,True,1
"[""feat"", ""docs""]","[""feat""]",0.5581631660461426,['ded26d768ff432ad3bde3c0aa1e95ce50726100a'],0.5,1.0,0.6666666666666666,False,0.1428571428571428,1024,True,1
"[""build""]","[""build""]",0.5869519710540771,['f46c6c6c26a14312aa05a77ff2a14aebd74e13ac'],1.0,1.0,1.0,True,0.0,1024,True,1
"[""feat"", ""refactor""]","[""feat""]",0.5688300132751465,['bea32587586ca08f390c901a95e9b9c25263f4df'],0.5,1.0,0.6666666666666666,False,0.1428571428571428,1024,True,1
"[""docs""]","[""docs""]",0.6257326602935791,['26994fb090d4ed0daf9b8ba960b4690fac08e340'],1.0,1.0,1.0,True,0.0,1024,True,1
"[""fix""]","[""fix""]",0.7004408836364746,['80242b34468398e835e5b3fc5ac345dbae4bcc7e'],1.0,1.0,1.0,True,0.0,1024,True,1
"[""refactor""]","[""refactor""]",0.6843259334564209,['f9447355b93d67961c4a6b04bde3e83a394458ab'],1.0,1.0,1.0,True,0.0,1024,True,1
"[""ci""]","[""ci""]",0.6153349876403809,['8fe29cdc76480adc79701e4c492ff1e87566f569'],1.0,1.0,1.0,True,0.0,1024,True,1
"[""docs"", ""build""]","[""build""]",0.5732479095458984,['4542d9973a848a2bd4f9baf12992efe7d7a69f2c'],0.5,1.0,0.6666666666666666,False,0.1428571428571428,1024,True,1
"[""test""]","[""test""]",0.6480281352996826,['e053bb5190b033d4edb35a0718d3c414ae366431'],1.0,1.0,1.0,True,0.0,1024,True,1
"[""docs"", ""feat""]","[""docs"", ""refactor""]",0.6020009517669678,"['144388439d64e049cbed4e37659e819856d6987f', '5748ff57ebafe94c4979eafa790d9a84812ca440']",0.5,0.5,0.5,False,0.2857142857142857,1024,True,2
"[""docs"", ""build"", ""test""]","[""build"", ""test""]",0.695300817489624,"['4542d9973a848a2bd4f9baf12992efe7d7a69f2c', '1f663cbe4b4a9e7a0ae89c05f824335f2a0857fd']",0.6666666666666666,1.0,0.8,False,0.1428571428571428,1024,True,2
"[""feat"", ""fix""]","[""feat"", ""fix""]",0.912489891052246,"['6f0cf049caa1a7982669ee685e86621452686551', '238ba1990ea68eb64bdfc6b31efebad2acb01ad6']",1.0,1.0,1.0,True,0.0,1024,True,2
"[""ci"", ""docs""]","[""ci"", ""docs""]",0.617189884185791,"['6f5b1103c0893d13b42f1f7c6504c9c339840be3', '01e1e33f377934099a4a725fab5cd6c5ff50eaa2']",1.0,1.0,1.0,True,0.0,1024,True,2
"[""ci"", ""feat""]","[""ci"", ""feat""]",0.8503730297088623,"['6f5b1103c0893d13b42f1f7c6504c9c339840be3', '73211952964a79d97b434dd567e6d7d34be7feb5']",1.0,1.0,1.0,True,0.0,1024,True,2
"[""build"", ""test""]","[""build"", ""refactor""]",0.7619986534118652,"['1ad3f41f28d2faa5229ee88b54d673275cc31036', '72e3eed599b3a3dd154575af344ac3e5c62dd07b']",0.5,0.5,0.5,False,0.2857142857142857,1024,True,2
"[""fix"", ""test""]","[""fix"", ""test""]",0.5950427055358887,"['0d43299ccee2b2e018fae24896c45d8d8be66bc6', '24a815b90437dbd962b5ff449f0b5146df835545']",1.0,1.0,1.0,True,0.0,1024,True,2
"[""test"", ""refactor""]","[""feat"", ""refactor""]",0.5758938789367676,"['3730075261bc81df68f9d10f12a2d6bbffd8493c', '0e4ede620dd9a2cdc13ab9cc6da05577b39fddb8']",0.5,0.5,0.5,False,0.2857142857142857,1024,True,2
"[""build"", ""docs""]","[""build"", ""docs""]",0.5646982192993164,"['b7e38fb62aa6e8a30d72dec063b1adccd089d0aa', 'eb51316cdfdc7258d287ba13b67ef2f42bd2b8f6']",1.0,1.0,1.0,True,0.0,1024,True,2
"[""ci"", ""fix""]","[""ci"", ""fix""]",0.7777459621429443,"['6f5b1103c0893d13b42f1f7c6504c9c339840be3', 'be2cbd9480fcbd60c3011ca57f1d761185cf52bd']",1.0,1.0,1.0,True,0.0,1024,True,2
"[""fix"", ""test""]","[""fix"", ""test""]",0.6299290657043457,"['b131f5d67076b97b3186c820760df839bf796ad5', '2a7c6f5c0b1c966d6a5d103de1978a61c141648a']",1.0,1.0,1.0,True,0.0,1024,True,2
"[""build"", ""docs""]","[""build"", ""docs""]",0.5949058532714844,"['45bbdaba1490a3216decb2c1a88b8f7041a3d505', '16124286236edf03a6199720ba1629a35e3fe1aa']",1.0,1.0,1.0,True,0.0,1024,True,2
"[""feat"", ""refactor""]","[""feat"", ""refactor""]",0.6137290000915527,"['d61bf50f77b404e660a6e5aa9e9bc4ce415e8c18', 'ee4bf61fb8836e249fb4ef3507dc938e70696b3f']",1.0,1.0,1.0,True,0.0,1024,True,2
"[""build"", ""test""]","[""ci"", ""test""]",0.5941488742828369,"['bda1822851d9be04f0d39f2213d1e2066eb115c8', '90a48c74f6faa0829d3809f739a42c0133e63ae0']",0.5,0.5,0.5,False,0.2857142857142857,1024,True,2
"[""ci"", ""build"", ""refactor""]","[""ci"", ""refactor""]",0.5640671253204346,"['be44bbdeb52c6025e81c99528ed7b0d932c5be18', '0e4ede620dd9a2cdc13ab9cc6da05577b39fddb8']",0.6666666666666666,1.0,0.8,False,0.1428571428571428,1024,True,2
"[""refactor"", ""docs"", ""test""]","[""docs"", ""feat""]",0.6569170951843262,"['0105a4ee47706d9b3aa8f22d0a75585a498731ec', '3709e392924aba3542514ce35bd681adca39e8ac']",0.3333333333333333,0.5,0.4,False,0.4285714285714285,1024,True,2
"[""build"", ""test""]","[""build"", ""test""]",0.5970280170440674,"['fd2b7a18dca63b51f4ba5de6b2e4ad2b825e735d', '24a815b90437dbd962b5ff449f0b5146df835545']",1.0,1.0,1.0,True,0.0,1024,True,2
"[""build"", ""fix""]","[""ci"", ""fix""]",0.5529789924621582,"['bda1822851d9be04f0d39f2213d1e2066eb115c8', '238ba1990ea68eb64bdfc6b31efebad2acb01ad6']",0.5,0.5,0.5,False,0.2857142857142857,1024,True,2
"[""fix"", ""feat"", ""test""]","[""feat"", ""test""]",0.7168099880218506,"['6b473cbdc5997af47c56a2a74f5b64da6d4c2ad7', 'cdbc37711fa9c64b2cfa767766ca55c95c1736f7']",0.6666666666666666,1.0,0.8,False,0.1428571428571428,1024,True,2
"[""docs"", ""fix""]","[""docs"", ""refactor""]",0.8495888710021973,"['af5ec2005504bbd836a54bfb2df0b7f6cf15f314', '4597f158c45a1f996ad217236d88edab69c29b22']",0.5,0.5,0.5,False,0.2857142857142857,1024,True,2
"[""build"", ""fix""]","[""build"", ""fix""]",0.5878918170928955,"['ecc481f9f501aa34b41e06e7bbdde6e79f8ca1bb', '45b386aa3f06bce06f5e03fbde0aa52c4051c8bc']",1.0,1.0,1.0,True,0.0,1024,True,2
"[""refactor"", ""test""]","[""refactor"", ""test""]",0.558912992477417,"['3a86f49b725c0f66b5f04f80547042636135b49c', '3c812f916e06a53b899e9e3dd79760b475fa4b87']",1.0,1.0,1.0,True,0.0,1024,True,2
"[""build"", ""feat""]","[""ci"", ""feat""]",0.6805591583251953,"['bda1822851d9be04f0d39f2213d1e2066eb115c8', 'ba60e126299ad057772b5516d9ab390e770f1301']",0.5,0.5,0.5,False,0.2857142857142857,1024,True,2
"[""build"", ""docs""]","[""build"", ""docs""]",0.7060868740081787,"['0f38960851ac0fd159727d5dffb36f50268eec18', 'a4290c7be832aaac894f9b4e69837f0eb13d9287']",1.0,1.0,1.0,True,0.0,1024,True,2
"[""build"", ""refactor""]","[""ci"", ""fix""]",0.6259539127349854,"['0984951701c34c08392b87082824dcebc379b4e7', '2b1ad9d10fc5685ec75f362a73229569f03344ca']",0.0,0.0,0.0,False,0.5714285714285714,1024,True,2
"[""build"", ""docs""]","[""build"", ""docs""]",0.6240932941436768,"['b0866f62417f56bdd5a46e8f14278af79efc4d76', 'fc9af4d0b93d69be4e201ffb18da04324e8a4a87']",1.0,1.0,1.0,True,0.0,1024,True,2
"[""test"", ""fix""]","[""feat"", ""test""]",0.5824968814849854,"['3730075261bc81df68f9d10f12a2d6bbffd8493c', '076b9f5efc109b481074a81957e24ce9f4a69f08']",0.5,0.5,0.5,False,0.2857142857142857,1024,True,2
"[""fix"", ""refactor""]","[""fix"", ""refactor""]",0.5977861881256104,"['0d43299ccee2b2e018fae24896c45d8d8be66bc6', '536872b735334929f25bf70d052e739166355160']",1.0,1.0,1.0,True,0.0,1024,True,2
"[""feat"", ""refactor"", ""test""]","[""feat"", ""refactor""]",0.6896090507507324,"['a51716d5ac3f7aabe1428a5a6d79c6b863463ff6', '3a86f49b725c0f66b5f04f80547042636135b49c']",0.6666666666666666,1.0,0.8,False,0.1428571428571428,1024,True,2
"[""build"", ""refactor""]","[""build"", ""fix""]",0.5553910732269287,"['f46c6c6c26a14312aa05a77ff2a14aebd74e13ac', '3f71e37ef9bfdbc0aea89863ae3d75c0c7e4a53d']",0.5,0.5,0.5,False,0.2857142857142857,1024,True,2
"[""ci"", ""fix""]","[""ci"", ""test""]",0.639185905456543,"['be44bbdeb52c6025e81c99528ed7b0d932c5be18', '076b9f5efc109b481074a81957e24ce9f4a69f08']",0.5,0.5,0.5,False,0.2857142857142857,1024,True,2
"[""docs"", ""test""]","[""docs"", ""test""]",0.768671989440918,"['eb51316cdfdc7258d287ba13b67ef2f42bd2b8f6', '625cbbca0d92b8756eac6fcacc795d90527d8975']",1.0,1.0,1.0,True,0.0,1024,True,2
"[""fix"", ""test""]","[""fix"", ""refactor""]",0.692296028137207,"['f2ac6e30644848f0c5c36057d1f55551fb70952f', '4be836f5655fb5356fde5ddd7437125f8574705d']",0.5,0.5,0.5,False,0.2857142857142857,1024,True,2
"[""docs"", ""feat""]","[""docs"", ""feat""]",0.5772709846496582,"['cb1f48b56ae0de93acb72e48726c7d610a1d538e', 'bea32587586ca08f390c901a95e9b9c25263f4df']",1.0,1.0,1.0,True,0.0,1024,True,2
"[""build""]","[""build"", ""ci""]",0.6370410919189453,"['454003841aabeb74396d73541378bfa59c75b5db', 'bda1822851d9be04f0d39f2213d1e2066eb115c8']",1.0,0.5,0.6666666666666666,False,0.1428571428571428,1024,True,2
"[""docs"", ""fix""]","[""docs"", ""test""]",0.5712103843688965,"['16124286236edf03a6199720ba1629a35e3fe1aa', '076b9f5efc109b481074a81957e24ce9f4a69f08']",0.5,0.5,0.5,False,0.2857142857142857,1024,True,2
"[""build"", ""feat""]","[""build"", ""refactor""]",0.6553530693054199,"['ecc481f9f501aa34b41e06e7bbdde6e79f8ca1bb', '5748ff57ebafe94c4979eafa790d9a84812ca440']",0.5,0.5,0.5,False,0.2857142857142857,1024,True,2
"[""feat"", ""fix""]","[""feat"", ""fix""]",0.6944751739501953,"['73211952964a79d97b434dd567e6d7d34be7feb5', 'be2cbd9480fcbd60c3011ca57f1d761185cf52bd']",1.0,1.0,1.0,True,0.0,1024,True,2
"[""ci"", ""test""]","[""ci"", ""test""]",0.650202751159668,"['db2dbc13d7da2ae85cd3206d330be8ed0ebe1b2c', '6c7398993bc567ec84e4573b6ededbf50b1ef606']",1.0,1.0,1.0,True,0.0,1024,True,2
"[""build"", ""fix""]","[""build"", ""fix""]",0.6589579582214355,"['4ab28fc2e63e975a0c77e18ae644f34fa5f8771a', 'b131f5d67076b97b3186c820760df839bf796ad5']",1.0,1.0,1.0,True,0.0,1024,True,2
"[""feat"", ""refactor""]","[""feat"", ""refactor""]",0.6384449005126953,"['73211952964a79d97b434dd567e6d7d34be7feb5', '78971fd68d7dc5c8e6811b4520cdc54e4188f733']",1.0,1.0,1.0,True,0.0,1024,True,2
"[""ci"", ""docs""]","[""ci"", ""docs""]",0.606287956237793,"['6f5b1103c0893d13b42f1f7c6504c9c339840be3', '9849430b11b92ae58d94cfe4d0b06313c7eab550']",1.0,1.0,1.0,True,0.0,1024,True,2
"[""docs"", ""feat""]","[""docs"", ""feat""]",0.555649995803833,"['26994fb090d4ed0daf9b8ba960b4690fac08e340', '15b8e4bc9349ce017f65e10b95cae48b0aa11828']",1.0,1.0,1.0,True,0.0,1024,True,2
"[""fix""]","[""build"", ""fix""]",0.6916038990020752,"['2d4d735d94386f5045e3b3abc022c2edcdfaef8f', 'eb9f7b24364e86d7bcf50bb23b62c743cf5526f6']",1.0,0.5,0.6666666666666666,False,0.1428571428571428,1024,True,2
"[""ci"", ""build"", ""test""]","[""ci"", ""test""]",0.5527658462524414,"['14f535655d39847a85d0193559c9c0010357ba77', '6c7398993bc567ec84e4573b6ededbf50b1ef606']",0.6666666666666666,1.0,0.8,False,0.1428571428571428,1024,True,2
"[""fix"", ""refactor""]","[""fix"", ""refactor""]",0.6767332553863525,"['b131f5d67076b97b3186c820760df839bf796ad5', '2900e67189ec09a35fa61f3f17d386f4eb23f9bd']",1.0,1.0,1.0,True,0.0,1024,True,2
"[""test"", ""refactor""]","[""ci"", ""test""]",0.6549398899078369,"['b7b9c23698e7238eda26a1135018625181badd82', '1f663cbe4b4a9e7a0ae89c05f824335f2a0857fd']",0.5,0.5,0.5,False,0.2857142857142857,1024,True,2
"[""docs"", ""refactor""]","[""docs"", ""refactor""]",0.7772700786590576,"['e9358fb4955396bfc3340418c77cbce4fa6123ee', 'cc9df62b0b41e84da275cf6ddcb06126628713b7']",1.0,1.0,1.0,True,0.0,1024,True,2
"[""ci"", ""feat""]","[""build"", ""feat""]",0.6676840782165527,"['88129ee45b1d49bc4ff887f3b488464cc7097e29', 'b7191a24b71cce2b7260d60de26ac8161546110e']",0.5,0.5,0.5,False,0.2857142857142857,1024,True,2
"[""build"", ""feat""]","[""build"", ""feat""]",0.6122298240661621,"['b7e38fb62aa6e8a30d72dec063b1adccd089d0aa', '73211952964a79d97b434dd567e6d7d34be7feb5']",1.0,1.0,1.0,True,0.0,1024,True,2
"[""refactor"", ""test"", ""build""]","[""refactor"", ""test""]",0.6097471714019775,"['7e84797900f1b6f61e16d8a4766b8209673a7acb', '8ee0611fbf0cd89abe7ae588f22e6ecb843598ea']",0.6666666666666666,1.0,0.8,False,0.1428571428571428,1024,True,2
"[""ci"", ""refactor"", ""fix""]","[""ci"", ""fix""]",0.6610958576202393,"['b7b9c23698e7238eda26a1135018625181badd82', 'c4d9e5023fa0f88ba283b37da27677ceda1cbfbb']",0.6666666666666666,1.0,0.8,False,0.1428571428571428,1024,True,2
"[""docs"", ""test"", ""feat""]","[""docs"", ""test""]",0.7128541469573975,"['af82c2c910c9b5d3dd68de30c59a9e169a8934a5', '6c7398993bc567ec84e4573b6ededbf50b1ef606']",0.6666666666666666,1.0,0.8,False,0.1428571428571428,1024,True,2
"[""refactor""]","[""ci"", ""refactor""]",0.6127958297729492,"['b7b9c23698e7238eda26a1135018625181badd82', '879edb6ed90f88b9ae6a3c2e8878ae1be48e0c88']",1.0,0.5,0.6666666666666666,False,0.1428571428571428,1024,True,2
"[""build"", ""docs""]","[""build"", ""docs""]",0.6912860870361328,"['0f38960851ac0fd159727d5dffb36f50268eec18', 'e0177c25e13812306aab0b0991562d58b6d14767']",1.0,1.0,1.0,True,0.0,1024,True,2
"[""ci"", ""fix""]","[""feat"", ""fix""]",0.6424319744110107,"['ebaa20ea3f02e25f78c52cae208017a898cb6c13', 'f9f309d1f4ef1917a89e867e6ba4c3f8d5b24d48']",0.5,0.5,0.5,False,0.2857142857142857,1024,True,2
"[""docs"", ""fix"", ""build""]","[""docs"", ""fix""]",0.6547191143035889,"['b8a664c1b10f4e30a3e221a14211a3cdaf90b7f4', 'ccd1946a375e2ac10c3c591b04a435c4bc5170c2']",0.6666666666666666,1.0,0.8,False,0.1428571428571428,1024,True,2
"[""feat"", ""test""]","[""feat"", ""test""]",0.6290249824523926,"['1f15f71e415ba49b21684c7a3a51c8e3faaa7cf3', 'f87659953e9af59bc7cb314a22dd076d988ef607']",1.0,1.0,1.0,True,0.0,1024,True,2
"[""build"", ""ci""]","[""build"", ""ci""]",0.6083371639251709,"['b7e38fb62aa6e8a30d72dec063b1adccd089d0aa', '6f5b1103c0893d13b42f1f7c6504c9c339840be3']",1.0,1.0,1.0,True,0.0,1024,True,2
"[""refactor""]","[""docs"", ""refactor""]",0.5846102237701416,"['0105a4ee47706d9b3aa8f22d0a75585a498731ec', '6ed4690834161e1d250dfb0b46cd05bf07c1bb39']",1.0,0.5,0.6666666666666666,False,0.1428571428571428,1024,True,2
"[""ci"", ""build"", ""refactor"", ""fix""]","[""ci"", ""fix""]",0.6878960132598877,"['db55dae208e4807898e6c747cefdf9bfcb4fd08c', 'c4d9e5023fa0f88ba283b37da27677ceda1cbfbb']",0.5,1.0,0.6666666666666666,False,0.2857142857142857,1024,True,2
"[""build"", ""test""]","[""build"", ""test""]",0.6629338264465332,"['ecc481f9f501aa34b41e06e7bbdde6e79f8ca1bb', '3c04162664b130c9486cba54afc16b6e57c779d1']",1.0,1.0,1.0,True,0.0,1024,True,2
"[""feat"", ""fix""]","[""feat"", ""refactor""]",0.5138821601867676,"['8b9176b44bb01a1eef497a403b0304bc389c9aee', '5748ff57ebafe94c4979eafa790d9a84812ca440']",0.5,0.5,0.5,False,0.2857142857142857,1024,True,2
"[""build"", ""feat""]","[""build"", ""feat""]",0.6303091049194336,"['f46c6c6c26a14312aa05a77ff2a14aebd74e13ac', 'd82c76e667c01567382e3ebeb13125c5d0064324']",1.0,1.0,1.0,True,0.0,1024,True,2
"[""refactor"", ""test""]","[""refactor"", ""test""]",0.6638469696044922,"['211de26da358601056dd922d63f832433d7a693b', '1f663cbe4b4a9e7a0ae89c05f824335f2a0857fd']",1.0,1.0,1.0,True,0.0,1024,True,2
"[""ci"", ""docs""]","[""ci"", ""docs""]",0.7192771434783936,"['8d2e23bde626eaed6e5b13384cc7ac38bab5ea66', '036a0ff49a7dade0e04c9c07071a1ff49133ee24']",1.0,1.0,1.0,True,0.0,1024,True,2
"[""docs"", ""fix""]","[""docs"", ""fix""]",0.9944660663604736,"['01e536c6eb273f533ac7bb1a51c4954128de2c63', '6849b9066f5d95b9e54c67046cfa136cf0d88b27']",1.0,1.0,1.0,True,0.0,1024,True,2
"[""fix"", ""test""]","[""fix"", ""test""]",0.5669760704040527,"['3e85aa17418f6fd2e6e32f9e55fdf7a9d8fcea9d', 'f87659953e9af59bc7cb314a22dd076d988ef607']",1.0,1.0,1.0,True,0.0,1024,True,2
"[""docs"", ""build"", ""ci"", ""refactor""]","[""build"", ""ci""]",0.6158831119537354,"['4542d9973a848a2bd4f9baf12992efe7d7a69f2c', 'b7b9c23698e7238eda26a1135018625181badd82']",0.5,1.0,0.6666666666666666,False,0.2857142857142857,1024,True,2
"[""feat"", ""refactor""]","[""feat"", ""refactor""]",0.6373958587646484,"['9025fe7e99ae76c1426be68dc80f09e235631a80', '3f173b8b7ce54371db277879673b3202edeb2d93']",1.0,1.0,1.0,True,0.0,1024,True,2
"[""build"", ""feat"", ""refactor""]","[""build"", ""feat"", ""refactor""]",0.639707088470459,"['37b1cbfd3d2c462ef4f2a131e4172c38dc8d9ddf', '542f0cad5337de15428f0b6567ce4efd20a19a48', '7adece9931eaef6aaf603b5567829bbdcb28f2d1']",1.0,1.0,1.0,True,0.0,1024,True,3
"[""ci"", ""docs"", ""test""]","[""ci"", ""docs"", ""test""]",0.6773078441619873,"['6f5b1103c0893d13b42f1f7c6504c9c339840be3', 'eb51316cdfdc7258d287ba13b67ef2f42bd2b8f6', '625cbbca0d92b8756eac6fcacc795d90527d8975']",1.0,1.0,1.0,True,0.0,1024,True,3
"[""test"", ""build"", ""fix"", ""refactor""]","[""feat"", ""fix"", ""test""]",0.7721538543701172,"['3730075261bc81df68f9d10f12a2d6bbffd8493c', 'ccd1946a375e2ac10c3c591b04a435c4bc5170c2', '076b9f5efc109b481074a81957e24ce9f4a69f08']",0.5,0.6666666666666666,0.5714285714285715,False,0.4285714285714285,1024,True,3
"[""docs"", ""refactor""]","[""build"", ""ci"", ""fix""]",0.6781899929046631,"['4542d9973a848a2bd4f9baf12992efe7d7a69f2c', 'b7b9c23698e7238eda26a1135018625181badd82', '73b8948ea1d49e05ae8c63b17926eda4cb04e9bb']",0.0,0.0,0.0,False,0.7142857142857143,1024,True,3
"[""ci"", ""docs"", ""refactor""]","[""ci"", ""docs"", ""refactor""]",0.7420186996459961,"['14f535655d39847a85d0193559c9c0010357ba77', '7f611e4208d0cc36c635eb0641a4b3258999ae8d', 'd55088c612b1108ef566ec47e40fb8d1050f7451']",1.0,1.0,1.0,True,0.0,1024,True,3
"[""docs"", ""fix""]","[""docs"", ""fix"", ""refactor""]",0.9480059146881104,"['e9358fb4955396bfc3340418c77cbce4fa6123ee', 'd5d3753c221e5164874ee99f1c6959f03fce0725', '7292fc7d387d83379aedf93558451bfa254acb6f']",1.0,0.6666666666666666,0.8,False,0.1428571428571428,1024,True,3
"[""build"", ""fix""]","[""build"", ""feat"", ""test""]",0.6570181846618652,"['afafb9a32b164df33754a36547ee134b8fbe374a', '293f301a4bb248799c467d1fef413ed3909f47a4', '24a815b90437dbd962b5ff449f0b5146df835545']",0.5,0.3333333333333333,0.4,False,0.4285714285714285,1024,True,3
"[""ci"", ""refactor""]","[""ci"", ""fix"", ""refactor""]",0.6410918235778809,"['be44bbdeb52c6025e81c99528ed7b0d932c5be18', 'ccd1946a375e2ac10c3c591b04a435c4bc5170c2', '0e4ede620dd9a2cdc13ab9cc6da05577b39fddb8']",1.0,0.6666666666666666,0.8,False,0.1428571428571428,1024,True,3
"[""build"", ""docs"", ""feat""]","[""build"", ""docs"", ""feat""]",0.6015708446502686,"['b7e38fb62aa6e8a30d72dec063b1adccd089d0aa', 'eb51316cdfdc7258d287ba13b67ef2f42bd2b8f6', '73211952964a79d97b434dd567e6d7d34be7feb5']",1.0,1.0,1.0,True,0.0,1024,True,3
"[""docs"", ""fix"", ""test""]","[""build"", ""fix"", ""test""]",0.5964040756225586,"['4542d9973a848a2bd4f9baf12992efe7d7a69f2c', '73b8948ea1d49e05ae8c63b17926eda4cb04e9bb', '1f663cbe4b4a9e7a0ae89c05f824335f2a0857fd']",0.6666666666666666,0.6666666666666666,0.6666666666666666,False,0.2857142857142857,1024,True,3
"[""build"", ""refactor"", ""test""]","[""ci"", ""refactor"", ""test""]",0.6526141166687012,"['bda1822851d9be04f0d39f2213d1e2066eb115c8', 'b98a8fed0b67b99ef4f8373aea904f847315e468', 'b7e2330fa3a8d7b8a9bff01b707c44e64b845c7b']",0.6666666666666666,0.6666666666666666,0.6666666666666666,False,0.2857142857142857,1024,True,3
"[""fix"", ""feat"", ""test""]","[""docs"", ""feat"", ""test""]",0.7052240371704102,"['fd849bd08363df60dbc8b9b6d55bac4f5ace88f4', 'b7191a24b71cce2b7260d60de26ac8161546110e', '11ffd5174bd61a2939ae58d2b2d43284302ae490']",0.6666666666666666,0.6666666666666666,0.6666666666666666,False,0.2857142857142857,1024,True,3
"[""ci"", ""docs"", ""refactor""]","[""ci"", ""docs"", ""refactor""]",0.6651530265808105,"['be44bbdeb52c6025e81c99528ed7b0d932c5be18', '16124286236edf03a6199720ba1629a35e3fe1aa', '0e4ede620dd9a2cdc13ab9cc6da05577b39fddb8']",1.0,1.0,1.0,True,0.0,1024,True,3
"[""build"", ""feat"", ""fix""]","[""build"", ""feat"", ""fix""]",0.5693800449371338,"['ecc481f9f501aa34b41e06e7bbdde6e79f8ca1bb', '8b9176b44bb01a1eef497a403b0304bc389c9aee', 'cc6408b88246f20c62884a5892a6276baf7c3920']",1.0,1.0,1.0,True,0.0,1024,True,3
"[""docs"", ""refactor"", ""test""]","[""docs"", ""fix"", ""test""]",0.6560118198394775,"['12257ce53f94dc902df4ba087de90f52d2840ad4', '2b1ad9d10fc5685ec75f362a73229569f03344ca', '6c7398993bc567ec84e4573b6ededbf50b1ef606']",0.6666666666666666,0.6666666666666666,0.6666666666666666,False,0.2857142857142857,1024,True,3
"[""build"", ""ci"", ""docs""]","[""build"", ""ci"", ""refactor""]",0.6778428554534912,"['b7e38fb62aa6e8a30d72dec063b1adccd089d0aa', '6f5b1103c0893d13b42f1f7c6504c9c339840be3', '3550066c886bf253df376f303a60ed475ac42aaa']",0.6666666666666666,0.6666666666666666,0.6666666666666666,False,0.2857142857142857,1024,True,3
"[""build"", ""feat"", ""refactor""]","[""build"", ""feat"", ""refactor""]",0.6791069507598877,"['b7e38fb62aa6e8a30d72dec063b1adccd089d0aa', '73211952964a79d97b434dd567e6d7d34be7feb5', '8da0303bc02db5fe047cfc0631a9da41d9dc60f7']",1.0,1.0,1.0,True,0.0,1024,True,3
"[""build"", ""docs"", ""feat"", ""test""]","[""ci"", ""feat"", ""test""]",0.6592471599578857,"['bda1822851d9be04f0d39f2213d1e2066eb115c8', '988dda23984894cea097d64646196e8d6196d6b6', '90a48c74f6faa0829d3809f739a42c0133e63ae0']",0.5,0.6666666666666666,0.5714285714285715,False,0.4285714285714285,1024,True,3
"[""build"", ""docs"", ""fix""]","[""build"", ""docs"", ""fix""]",0.5874152183532715,"['ecc481f9f501aa34b41e06e7bbdde6e79f8ca1bb', '144388439d64e049cbed4e37659e819856d6987f', '45b386aa3f06bce06f5e03fbde0aa52c4051c8bc']",1.0,1.0,1.0,True,0.0,1024,True,3
"[""docs"", ""fix"", ""refactor""]","[""docs"", ""fix"", ""test""]",0.6356608867645264,"['af5ec2005504bbd836a54bfb2df0b7f6cf15f314', 'f9f309d1f4ef1917a89e867e6ba4c3f8d5b24d48', '3c812f916e06a53b899e9e3dd79760b475fa4b87']",0.6666666666666666,0.6666666666666666,0.6666666666666666,False,0.2857142857142857,1024,True,3
"[""ci"", ""test"", ""refactor"", ""feat""]","[""ci"", ""feat"", ""refactor""]",0.79563307762146,"['be44bbdeb52c6025e81c99528ed7b0d932c5be18', '3730075261bc81df68f9d10f12a2d6bbffd8493c', '0e4ede620dd9a2cdc13ab9cc6da05577b39fddb8']",0.75,1.0,0.8571428571428571,False,0.1428571428571428,1024,True,3
"[""build"", ""docs"", ""fix""]","[""build"", ""docs"", ""fix""]",0.6886429786682129,"['ecc481f9f501aa34b41e06e7bbdde6e79f8ca1bb', 'ee7cc5d5a940fba774e715b1f029c6361110b108', 'cc6408b88246f20c62884a5892a6276baf7c3920']",1.0,1.0,1.0,True,0.0,1024,True,3
"[""docs"", ""test"", ""feat"", ""refactor""]","[""feat"", ""refactor"", ""test""]",0.66615891456604,"['a84d6715a4df12cc0ee9aa6f2596ce3b04353958', 'e8a8edadc5c25d6410462b89a48e0602e0cbbc7f', 'e77f6751182595fe08940d67e11a90416c8dd6fd']",0.75,1.0,0.8571428571428571,False,0.1428571428571428,1024,True,3
"[""ci"", ""docs"", ""feat""]","[""ci"", ""docs"", ""feat""]",0.6127028465270996,"['200aca9f3d1253e4e28e79464da19b701aba777e', '2fdecc045fdb509832a758e45412c115fa03e8e8', '8a954673531d6935f5517535b9068639ed5cff0d']",1.0,1.0,1.0,True,0.0,1024,True,3
"[""ci"", ""test"", ""refactor""]","[""ci"", ""fix"", ""test""]",0.6555960178375244,"['e7ecc8763152ed6f89dbf4a6f313c276549eb0b7', '2b1ad9d10fc5685ec75f362a73229569f03344ca', '6c7398993bc567ec84e4573b6ededbf50b1ef606']",0.6666666666666666,0.6666666666666666,0.6666666666666666,False,0.2857142857142857,1024,True,3
"[""build"", ""ci"", ""refactor""]","[""build"", ""ci"", ""refactor""]",0.7276599407196045,"['45bbdaba1490a3216decb2c1a88b8f7041a3d505', 'be44bbdeb52c6025e81c99528ed7b0d932c5be18', '0e4ede620dd9a2cdc13ab9cc6da05577b39fddb8']",1.0,1.0,1.0,True,0.0,1024,True,3
"[""build"", ""fix""]","[""build"", ""fix"", ""refactor""]",0.6029810905456543,"['37b1cbfd3d2c462ef4f2a131e4172c38dc8d9ddf', '9db124c65f291a1524ed2e7db1c04a7020eaed80', 'e2b7c0ea44b9c958f66d0cbd59fec597008f4793']",1.0,0.6666666666666666,0.8,False,0.1428571428571428,1024,True,3
"[""docs"", ""ci"", ""refactor""]","[""docs"", ""feat"", ""test""]",0.6626560688018799,"['6ffb9ffff014c8184f6c84a02854e348f2679636', 'ebaa20ea3f02e25f78c52cae208017a898cb6c13', '3c812f916e06a53b899e9e3dd79760b475fa4b87']",0.3333333333333333,0.3333333333333333,0.3333333333333333,False,0.5714285714285714,1024,True,3
"[""ci"", ""docs"", ""refactor""]","[""ci"", ""docs"", ""fix""]",0.5731897354125977,"['cb5634329ca9f3eaa72bb3dede79913ca8283b1b', '2b01808ec86fe9d8b4a93141a1b7f95e11fd6010', '2b1ad9d10fc5685ec75f362a73229569f03344ca']",0.6666666666666666,0.6666666666666666,0.6666666666666666,False,0.2857142857142857,1024,True,3
"[""ci"", ""test"", ""fix""]","[""build"", ""refactor"", ""test""]",3.41078519821167,"['e0a977b2d316e7612b5d72cb02cd7d78e75dbc55', '72e3eed599b3a3dd154575af344ac3e5c62dd07b', 'e77f6751182595fe08940d67e11a90416c8dd6fd']",0.3333333333333333,0.3333333333333333,0.3333333333333333,False,0.5714285714285714,1024,True,3
"[""build"", ""test"", ""refactor""]","[""build"", ""feat"", ""fix""]",0.7459280490875244,"['45bbdaba1490a3216decb2c1a88b8f7041a3d505', '3730075261bc81df68f9d10f12a2d6bbffd8493c', 'ccd1946a375e2ac10c3c591b04a435c4bc5170c2']",0.3333333333333333,0.3333333333333333,0.3333333333333333,False,0.5714285714285714,1024,True,3
"[""ci"", ""refactor"", ""fix""]","[""ci"", ""refactor"", ""test""]",0.7944369316101074,"['be44bbdeb52c6025e81c99528ed7b0d932c5be18', '0e4ede620dd9a2cdc13ab9cc6da05577b39fddb8', '076b9f5efc109b481074a81957e24ce9f4a69f08']",0.6666666666666666,0.6666666666666666,0.6666666666666666,False,0.2857142857142857,1024,True,3
"[""docs"", ""feat"", ""refactor"", ""test""]","[""docs"", ""feat"", ""refactor""]",0.9243309497833252,"['9849430b11b92ae58d94cfe4d0b06313c7eab550', '73211952964a79d97b434dd567e6d7d34be7feb5', 'adc34a26803e2b02df0ddc0739d73cd0b6216e00']",0.75,1.0,0.8571428571428571,False,0.1428571428571428,1024,True,3
"[""docs"", ""refactor""]","[""docs"", ""feat"", ""fix""]",0.6171159744262695,"['036a0ff49a7dade0e04c9c07071a1ff49133ee24', '4a4c7afca7e1beadd4b213214074fdb420eb0923', 'a81bbb83d64867f08c4d1be10919ef6806a1bf51']",0.5,0.3333333333333333,0.4,False,0.4285714285714285,1024,True,3
"[""build"", ""ci"", ""fix""]","[""build"", ""ci"", ""test""]",0.6567628383636475,"['45bbdaba1490a3216decb2c1a88b8f7041a3d505', 'be44bbdeb52c6025e81c99528ed7b0d932c5be18', '076b9f5efc109b481074a81957e24ce9f4a69f08']",0.6666666666666666,0.6666666666666666,0.6666666666666666,False,0.2857142857142857,1024,True,3
"[""ci"", ""docs"", ""refactor""]","[""ci"", ""docs"", ""fix""]",0.7627420425415039,"['d03e345c52d1e66fe51395c701bef1c6dc3a54c0', '3f0ae7cf819776124d7aae792800fb9730a593a9', '2b1ad9d10fc5685ec75f362a73229569f03344ca']",0.6666666666666666,0.6666666666666666,0.6666666666666666,False,0.2857142857142857,1024,True,3
"[""build"", ""feat""]","[""build"", ""feat"", ""test""]",0.6714301109313965,"['37b1cbfd3d2c462ef4f2a131e4172c38dc8d9ddf', '542f0cad5337de15428f0b6567ce4efd20a19a48', '422940e3d7ef6850acda0be349865d737476dd10']",1.0,0.6666666666666666,0.8,False,0.1428571428571428,1024,True,3
"[""refactor"", ""docs"", ""test""]","[""docs"", ""feat"", ""refactor""]",0.6014831066131592,"['0105a4ee47706d9b3aa8f22d0a75585a498731ec', '3709e392924aba3542514ce35bd681adca39e8ac', 'cd7e8c3d3549ea05115b3f02586eeba894d86906']",0.6666666666666666,0.6666666666666666,0.6666666666666666,False,0.2857142857142857,1024,True,3
"[""refactor"", ""docs"", ""test""]","[""fix"", ""refactor"", ""test""]",0.5960350036621094,"['974e033a3ca7484290a04201ee33856a25da0942', '1918d339b8e3738df83d73e1decb31b5209ee8db', '69a394e7ff6243457685a28911b79e47f981278c']",0.6666666666666666,0.6666666666666666,0.6666666666666666,False,0.2857142857142857,1024,True,3
"[""build"", ""fix""]","[""build"", ""ci"", ""fix""]",0.6624648571014404,"['bfe32bf10e9b6d699f694fbd095af0b3f2e6275f', 'bda1822851d9be04f0d39f2213d1e2066eb115c8', '80242b34468398e835e5b3fc5ac345dbae4bcc7e']",1.0,0.6666666666666666,0.8,False,0.1428571428571428,1024,True,3
"[""docs"", ""feat"", ""refactor""]","[""docs"", ""feat"", ""refactor""]",0.6207730770111084,"['01e536c6eb273f533ac7bb1a51c4954128de2c63', '15b8e4bc9349ce017f65e10b95cae48b0aa11828', 'e8a8edadc5c25d6410462b89a48e0602e0cbbc7f']",1.0,1.0,1.0,True,0.0,1024,True,3
"[""build"", ""ci"", ""test""]","[""build"", ""ci"", ""test""]",0.6732368469238281,"['b7e38fb62aa6e8a30d72dec063b1adccd089d0aa', '6f5b1103c0893d13b42f1f7c6504c9c339840be3', '625cbbca0d92b8756eac6fcacc795d90527d8975']",1.0,1.0,1.0,True,0.0,1024,True,3
"[""build"", ""feat"", ""fix""]","[""build"", ""feat"", ""fix""]",0.6063129901885986,"['bfe32bf10e9b6d699f694fbd095af0b3f2e6275f', 'ecf865f2fef03093adedf065d1732b2386a0df40', '238ba1990ea68eb64bdfc6b31efebad2acb01ad6']",1.0,1.0,1.0,True,0.0,1024,True,3
"[""docs"", ""refactor"", ""test""]","[""docs"", ""refactor"", ""test""]",0.5820701122283936,"['01e1e33f377934099a4a725fab5cd6c5ff50eaa2', 'adc34a26803e2b02df0ddc0739d73cd0b6216e00', '625cbbca0d92b8756eac6fcacc795d90527d8975']",1.0,1.0,1.0,True,0.0,1024,True,3
"[""ci"", ""docs"", ""fix""]","[""ci"", ""docs"", ""test""]",0.7421422004699707,"['be44bbdeb52c6025e81c99528ed7b0d932c5be18', 'b8a664c1b10f4e30a3e221a14211a3cdaf90b7f4', '076b9f5efc109b481074a81957e24ce9f4a69f08']",0.6666666666666666,0.6666666666666666,0.6666666666666666,False,0.2857142857142857,1024,True,3
"[""build"", ""ci"", ""test""]","[""build"", ""ci"", ""feat""]",0.706284761428833,"['45bbdaba1490a3216decb2c1a88b8f7041a3d505', 'be44bbdeb52c6025e81c99528ed7b0d932c5be18', '3730075261bc81df68f9d10f12a2d6bbffd8493c']",0.6666666666666666,0.6666666666666666,0.6666666666666666,False,0.2857142857142857,1024,True,3
"[""fix"", ""refactor"", ""build""]","[""fix"", ""refactor"", ""test""]",0.625410795211792,"['238ba1990ea68eb64bdfc6b31efebad2acb01ad6', 'd4d8bdd3a0a5cec993735abc2e8cc2feff8eae27', 'cd2bfb9b2298e8cd91013808547b35a9c40f46f1']",0.6666666666666666,0.6666666666666666,0.6666666666666666,False,0.2857142857142857,1024,True,3
"[""docs"", ""build"", ""refactor""]","[""docs"", ""fix"", ""refactor""]",0.6366927623748779,"['16124286236edf03a6199720ba1629a35e3fe1aa', 'ccd1946a375e2ac10c3c591b04a435c4bc5170c2', '0e4ede620dd9a2cdc13ab9cc6da05577b39fddb8']",0.6666666666666666,0.6666666666666666,0.6666666666666666,False,0.2857142857142857,1024,True,3
"[""build"", ""ci"", ""feat""]","[""build"", ""ci"", ""feat""]",0.7845282554626465,"['b7e38fb62aa6e8a30d72dec063b1adccd089d0aa', '6f5b1103c0893d13b42f1f7c6504c9c339840be3', '73211952964a79d97b434dd567e6d7d34be7feb5']",1.0,1.0,1.0,True,0.0,1024,True,3
"[""docs"", ""feat"", ""test""]","[""docs"", ""feat"", ""test""]",0.5815978050231934,"['8dfd2af29bf784b242992ee9ec0fbc85753b063c', '8a954673531d6935f5517535b9068639ed5cff0d', '6c7398993bc567ec84e4573b6ededbf50b1ef606']",1.0,1.0,1.0,True,0.0,1024,True,3
"[""build"", ""ci"", ""fix""]","[""build"", ""ci"", ""fix""]",0.6055920124053955,"['45bbdaba1490a3216decb2c1a88b8f7041a3d505', 'be44bbdeb52c6025e81c99528ed7b0d932c5be18', 'ccd1946a375e2ac10c3c591b04a435c4bc5170c2']",1.0,1.0,1.0,True,0.0,1024,True,3
"[""build"", ""docs"", ""feat"", ""refactor""]","[""build"", ""feat"", ""refactor""]",0.6401348114013672,"['0f38960851ac0fd159727d5dffb36f50268eec18', '1ae8bf1195b197daa80ba6e45360f8b894364cd4', '336b25f3ae9da5d972304662fcdb88f4719c721d']",0.75,1.0,0.8571428571428571,False,0.1428571428571428,1024,True,3
"[""ci"", ""docs"", ""refactor""]","[""ci"", ""docs"", ""refactor""]",0.7365520000457764,"['6f5b1103c0893d13b42f1f7c6504c9c339840be3', 'eb51316cdfdc7258d287ba13b67ef2f42bd2b8f6', 'd357640fab55e5964fe83efc3c771e53aa3222fd']",1.0,1.0,1.0,True,0.0,1024,True,3
"[""ci"", ""fix"", ""refactor""]","[""feat"", ""fix"", ""test""]",0.5934758186340332,"['ebaa20ea3f02e25f78c52cae208017a898cb6c13', 'dc50bd35462a49058c91a939fc8830ae7a9eb692', '3c812f916e06a53b899e9e3dd79760b475fa4b87']",0.3333333333333333,0.3333333333333333,0.3333333333333333,False,0.5714285714285714,1024,True,3
"[""build"", ""docs"", ""fix""]","[""build"", ""docs"", ""refactor""]",0.7899439334869385,"['0f38960851ac0fd159727d5dffb36f50268eec18', 'dfab97842fe78fb8f217a5185fb6ec92682a53ca', 'f85974761be11e0ecc85575bc4b6d5a02e438fd2']",0.6666666666666666,0.6666666666666666,0.6666666666666666,False,0.2857142857142857,1024,True,3
"[""ci"", ""fix"", ""refactor"", ""test""]","[""ci"", ""fix"", ""test""]",0.5964317321777344,"['8d2e23bde626eaed6e5b13384cc7ac38bab5ea66', 'f9d9f859240c6f7e78b0303ea40e46622d42bc3c', 'cdbc37711fa9c64b2cfa767766ca55c95c1736f7']",0.75,1.0,0.8571428571428571,False,0.1428571428571428,1024,True,3
"[""build"", ""fix"", ""test""]","[""build"", ""fix"", ""test""]",0.574951171875,"['b7e38fb62aa6e8a30d72dec063b1adccd089d0aa', 'be2cbd9480fcbd60c3011ca57f1d761185cf52bd', '625cbbca0d92b8756eac6fcacc795d90527d8975']",1.0,1.0,1.0,True,0.0,1024,True,3
"[""build"", ""docs"", ""feat"", ""test""]","[""ci"", ""feat"", ""refactor""]",0.6040289402008057,"['bda1822851d9be04f0d39f2213d1e2066eb115c8', '9114362b39f5194209cd0b330af7076333f3db77', 'fba4326c72fc22d81aba6976a9fef1e4b6154fd9']",0.25,0.3333333333333333,0.2857142857142857,False,0.7142857142857143,1024,True,3
"[""ci"", ""docs"", ""refactor""]","[""ci"", ""docs"", ""feat""]",0.608795166015625,"['8d2e23bde626eaed6e5b13384cc7ac38bab5ea66', '527e0abd0f88cb3ae2dc1a6ec7a62c241250444d', 'bbb6ee10de824f2e3259576ac01768640c884279']",0.6666666666666666,0.6666666666666666,0.6666666666666666,False,0.2857142857142857,1024,True,3
"[""docs"", ""fix"", ""test""]","[""docs"", ""refactor"", ""test""]",0.6304051876068115,"['e9358fb4955396bfc3340418c77cbce4fa6123ee', 'eb8a8d3fc493ff8a20b19c9efac8f112ae9f5762', '4464cf5e89d5e570c20267d09fb1fa2b7ef66b93']",0.6666666666666666,0.6666666666666666,0.6666666666666666,False,0.2857142857142857,1024,True,3
"[""build"", ""ci"", ""fix""]","[""build"", ""ci"", ""fix""]",0.6051177978515625,"['b7e38fb62aa6e8a30d72dec063b1adccd089d0aa', '6f5b1103c0893d13b42f1f7c6504c9c339840be3', 'be2cbd9480fcbd60c3011ca57f1d761185cf52bd']",1.0,1.0,1.0,True,0.0,1024,True,3
"[""docs"", ""test"", ""refactor""]","[""docs"", ""feat"", ""refactor""]",0.9242339134216307,"['e9358fb4955396bfc3340418c77cbce4fa6123ee', '3709e392924aba3542514ce35bd681adca39e8ac', 'cd7e8c3d3549ea05115b3f02586eeba894d86906']",0.6666666666666666,0.6666666666666666,0.6666666666666666,False,0.2857142857142857,1024,True,3
"[""build"", ""fix"", ""test""]","[""build"", ""fix"", ""test""]",0.7793781757354736,"['4ab28fc2e63e975a0c77e18ae644f34fa5f8771a', 'b131f5d67076b97b3186c820760df839bf796ad5', '2a7c6f5c0b1c966d6a5d103de1978a61c141648a']",1.0,1.0,1.0,True,0.0,1024,True,3
"[""docs"", ""test"", ""refactor""]","[""docs"", ""feat"", ""refactor""]",0.7013368606567383,"['b8a664c1b10f4e30a3e221a14211a3cdaf90b7f4', '3730075261bc81df68f9d10f12a2d6bbffd8493c', '0e4ede620dd9a2cdc13ab9cc6da05577b39fddb8']",0.6666666666666666,0.6666666666666666,0.6666666666666666,False,0.2857142857142857,1024,True,3
"[""build"", ""fix"", ""test""]","[""build"", ""fix"", ""test""]",0.6638319492340088,"['37b1cbfd3d2c462ef4f2a131e4172c38dc8d9ddf', 'c1d3b58fd20995b1b9ca4e6771e3fa375242b02d', '82c47c7165a28f311cd40e132a6c24f6a7c82d4b']",1.0,1.0,1.0,True,0.0,1024,True,3
"[""build"", ""docs"", ""feat"", ""refactor""]","[""ci"", ""feat"", ""refactor""]",0.7641091346740723,"['bda1822851d9be04f0d39f2213d1e2066eb115c8', '9114362b39f5194209cd0b330af7076333f3db77', 'd4d8bdd3a0a5cec993735abc2e8cc2feff8eae27']",0.5,0.6666666666666666,0.5714285714285715,False,0.4285714285714285,1024,True,3
"[""build"", ""docs"", ""refactor""]","[""build"", ""docs"", ""fix""]",0.7580058574676514,"['2d4d735d94386f5045e3b3abc022c2edcdfaef8f', 'cc553ae68766395e9f253379ddd7cf664d7befa1', 'eb9f7b24364e86d7bcf50bb23b62c743cf5526f6']",0.6666666666666666,0.6666666666666666,0.6666666666666666,False,0.2857142857142857,1024,True,3
"[""ci"", ""docs"", ""test""]","[""ci"", ""docs"", ""test""]",0.6168749332427979,"['87d576e936e234d0429ad753267a2760c5dfd314', '2fdecc045fdb509832a758e45412c115fa03e8e8', '6c7398993bc567ec84e4573b6ededbf50b1ef606']",1.0,1.0,1.0,True,0.0,1024,True,3
"[""build""]","[""build"", ""ci"", ""test""]",0.6167497634887695,"['454003841aabeb74396d73541378bfa59c75b5db', 'bda1822851d9be04f0d39f2213d1e2066eb115c8', 'cd2bfb9b2298e8cd91013808547b35a9c40f46f1']",1.0,0.3333333333333333,0.5,False,0.2857142857142857,1024,True,3
"[""feat"", ""fix"", ""test""]","[""feat"", ""fix"", ""refactor""]",0.6077251434326172,"['482442ecc1aaf981895a36c367abbd377fd93891', '80242b34468398e835e5b3fc5ac345dbae4bcc7e', 'fba4326c72fc22d81aba6976a9fef1e4b6154fd9']",0.6666666666666666,0.6666666666666666,0.6666666666666666,False,0.2857142857142857,1024,True,3
"[""build"", ""refactor"", ""fix""]","[""build"", ""fix"", ""refactor"", ""test""]",0.7465610504150391,"['45bbdaba1490a3216decb2c1a88b8f7041a3d505', 'ccd1946a375e2ac10c3c591b04a435c4bc5170c2', '0e4ede620dd9a2cdc13ab9cc6da05577b39fddb8', '076b9f5efc109b481074a81957e24ce9f4a69f08']",1.0,0.75,0.8571428571428571,False,0.1428571428571428,1024,True,4
"[""ci"", ""docs"", ""feat"", ""refactor""]","[""ci"", ""docs"", ""feat"", ""refactor""]",0.7705941200256348,"['6f5b1103c0893d13b42f1f7c6504c9c339840be3', '01e1e33f377934099a4a725fab5cd6c5ff50eaa2', '73211952964a79d97b434dd567e6d7d34be7feb5', '7d6f760a91b55967972bbd1b972307624e876805']",1.0,1.0,1.0,True,0.0,1024,True,4
"[""build"", ""ci"", ""docs"", ""fix""]","[""build"", ""ci"", ""docs"", ""test""]",0.612462043762207,"['45bbdaba1490a3216decb2c1a88b8f7041a3d505', 'be44bbdeb52c6025e81c99528ed7b0d932c5be18', '16124286236edf03a6199720ba1629a35e3fe1aa', '076b9f5efc109b481074a81957e24ce9f4a69f08']",0.75,0.75,0.75,False,0.2857142857142857,1024,True,4
"[""docs"", ""feat"", ""fix"", ""refactor"", ""test""]","[""feat"", ""fix"", ""refactor"", ""test""]",0.6355869770050049,"['a84d6715a4df12cc0ee9aa6f2596ce3b04353958', '6849b9066f5d95b9e54c67046cfa136cf0d88b27', '3e0e30ecebaf23f0c36fa4811426f8f4e0057cfe', 'e77f6751182595fe08940d67e11a90416c8dd6fd']",0.8,1.0,0.888888888888889,False,0.1428571428571428,1024,True,4
"[""build"", ""refactor"", ""feat"", ""fix""]","[""build"", ""ci"", ""feat"", ""fix""]",0.6966500282287598,"['b8dfd5a2f39b4768cf070aeb9d09364577c626f9', 'bda1822851d9be04f0d39f2213d1e2066eb115c8', '6f0cf049caa1a7982669ee685e86621452686551', '80242b34468398e835e5b3fc5ac345dbae4bcc7e']",0.75,0.75,0.75,False,0.2857142857142857,1024,True,4
"[""ci"", ""docs"", ""test"", ""feat"", ""fix""]","[""ci"", ""docs"", ""feat"", ""test""]",0.7525911331176758,"['be44bbdeb52c6025e81c99528ed7b0d932c5be18', 'b8a664c1b10f4e30a3e221a14211a3cdaf90b7f4', '3730075261bc81df68f9d10f12a2d6bbffd8493c', '076b9f5efc109b481074a81957e24ce9f4a69f08']",0.8,1.0,0.888888888888889,False,0.1428571428571428,1024,True,4
"[""build"", ""docs"", ""fix"", ""refactor""]","[""build"", ""docs"", ""fix"", ""refactor""]",0.6289310455322266,"['1ad3f41f28d2faa5229ee88b54d673275cc31036', 'cc553ae68766395e9f253379ddd7cf664d7befa1', '6849b9066f5d95b9e54c67046cfa136cf0d88b27', 'e8a8edadc5c25d6410462b89a48e0602e0cbbc7f']",1.0,1.0,1.0,True,0.0,1024,True,4
"[""build"", ""ci"", ""docs"", ""refactor""]","[""build"", ""ci"", ""docs"", ""refactor""]",0.6551480293273926,"['b7e38fb62aa6e8a30d72dec063b1adccd089d0aa', '6f5b1103c0893d13b42f1f7c6504c9c339840be3', '01e1e33f377934099a4a725fab5cd6c5ff50eaa2', '86f3e3397594f8312226c5a193608a054087805c']",1.0,1.0,1.0,True,0.0,1024,True,4
"[""build"", ""feat"", ""fix"", ""test""]","[""ci"", ""feat"", ""fix"", ""test""]",0.5746860504150391,"['bda1822851d9be04f0d39f2213d1e2066eb115c8', '482442ecc1aaf981895a36c367abbd377fd93891', '238ba1990ea68eb64bdfc6b31efebad2acb01ad6', 'b7e2330fa3a8d7b8a9bff01b707c44e64b845c7b']",0.75,0.75,0.75,False,0.2857142857142857,1024,True,4
"[""build"", ""docs"", ""fix"", ""feat""]","[""build"", ""docs"", ""feat"", ""refactor""]",0.6165540218353271,"['b0866f62417f56bdd5a46e8f14278af79efc4d76', 'fc9af4d0b93d69be4e201ffb18da04324e8a4a87', 'a84d6715a4df12cc0ee9aa6f2596ce3b04353958', '3e0e30ecebaf23f0c36fa4811426f8f4e0057cfe']",0.75,0.75,0.75,False,0.2857142857142857,1024,True,4
"[""build"", ""feat"", ""fix"", ""test""]","[""build"", ""feat"", ""fix"", ""test""]",0.6152088642120361,"['ecc481f9f501aa34b41e06e7bbdde6e79f8ca1bb', '8b9176b44bb01a1eef497a403b0304bc389c9aee', 'cc6408b88246f20c62884a5892a6276baf7c3920', '87427fe39d165bee2acedde8dbaa237cca3fb61e']",1.0,1.0,1.0,True,0.0,1024,True,4
"[""ci"", ""docs"", ""test"", ""refactor""]","[""ci"", ""fix"", ""refactor"", ""test""]",0.7614591121673584,"['492a7ff9c3ecdc558759f09d836830e988a189d2', '2b1ad9d10fc5685ec75f362a73229569f03344ca', 'd55088c612b1108ef566ec47e40fb8d1050f7451', '6c7398993bc567ec84e4573b6ededbf50b1ef606']",0.75,0.75,0.75,False,0.2857142857142857,1024,True,4
"[""ci"", ""refactor"", ""test""]","[""ci"", ""docs"", ""refactor"", ""test""]",0.9147322177886964,"['200aca9f3d1253e4e28e79464da19b701aba777e', '7f611e4208d0cc36c635eb0641a4b3258999ae8d', '8f1034b79f894b4b1112a4bc1903f37f22f7f5ed', '6c7398993bc567ec84e4573b6ededbf50b1ef606']",1.0,0.75,0.8571428571428571,False,0.1428571428571428,1024,True,4
"[""build"", ""docs"", ""test"", ""fix""]","[""build"", ""docs"", ""feat"", ""fix""]",0.7024190425872803,"['45bbdaba1490a3216decb2c1a88b8f7041a3d505', 'b8a664c1b10f4e30a3e221a14211a3cdaf90b7f4', '3730075261bc81df68f9d10f12a2d6bbffd8493c', 'ccd1946a375e2ac10c3c591b04a435c4bc5170c2']",0.75,0.75,0.75,False,0.2857142857142857,1024,True,4
"[""build"", ""docs"", ""fix"", ""test""]","[""build"", ""docs"", ""fix"", ""test""]",0.5616211891174316,"['ecc481f9f501aa34b41e06e7bbdde6e79f8ca1bb', '144388439d64e049cbed4e37659e819856d6987f', '45b386aa3f06bce06f5e03fbde0aa52c4051c8bc', '3c04162664b130c9486cba54afc16b6e57c779d1']",1.0,1.0,1.0,True,0.0,1024,True,4
"[""ci"", ""feat"", ""refactor"", ""test""]","[""ci"", ""feat"", ""refactor"", ""test""]",0.8190429210662842,"['6f5b1103c0893d13b42f1f7c6504c9c339840be3', '73211952964a79d97b434dd567e6d7d34be7feb5', '86f3e3397594f8312226c5a193608a054087805c', '625cbbca0d92b8756eac6fcacc795d90527d8975']",1.0,1.0,1.0,True,0.0,1024,True,4
"[""build"", ""docs"", ""feat"", ""refactor""]","[""build"", ""docs"", ""feat"", ""refactor""]",0.5968248844146729,"['b7e38fb62aa6e8a30d72dec063b1adccd089d0aa', '9849430b11b92ae58d94cfe4d0b06313c7eab550', '73211952964a79d97b434dd567e6d7d34be7feb5', 'adc34a26803e2b02df0ddc0739d73cd0b6216e00']",1.0,1.0,1.0,True,0.0,1024,True,4
"[""build"", ""fix"", ""refactor""]","[""build"", ""ci"", ""fix"", ""refactor""]",0.6349103450775146,"['bfe32bf10e9b6d699f694fbd095af0b3f2e6275f', 'bda1822851d9be04f0d39f2213d1e2066eb115c8', '238ba1990ea68eb64bdfc6b31efebad2acb01ad6', 'd4d8bdd3a0a5cec993735abc2e8cc2feff8eae27']",1.0,0.75,0.8571428571428571,False,0.1428571428571428,1024,True,4
"[""ci"", ""docs"", ""fix""]","[""ci"", ""docs"", ""fix"", ""test""]",1.88151216506958,"['be44bbdeb52c6025e81c99528ed7b0d932c5be18', 'b8a664c1b10f4e30a3e221a14211a3cdaf90b7f4', 'ccd1946a375e2ac10c3c591b04a435c4bc5170c2', '076b9f5efc109b481074a81957e24ce9f4a69f08']",1.0,0.75,0.8571428571428571,False,0.1428571428571428,1024,True,4
"[""build"", ""docs"", ""feat""]","[""build"", ""docs"", ""feat"", ""refactor""]",0.6377339363098145,"['b7e38fb62aa6e8a30d72dec063b1adccd089d0aa', '9849430b11b92ae58d94cfe4d0b06313c7eab550', '73211952964a79d97b434dd567e6d7d34be7feb5', 'eafee3c5c124ce0c71fd854270cea39cc273b27c']",1.0,0.75,0.8571428571428571,False,0.1428571428571428,1024,True,4
"[""ci"", ""feat"", ""fix"", ""refactor"", ""test""]","[""ci"", ""feat"", ""fix"", ""test""]",0.7111701965332031,"['492a7ff9c3ecdc558759f09d836830e988a189d2', '8a954673531d6935f5517535b9068639ed5cff0d', '2b1ad9d10fc5685ec75f362a73229569f03344ca', '6c7398993bc567ec84e4573b6ededbf50b1ef606']",0.8,1.0,0.888888888888889,False,0.1428571428571428,1024,True,4
"[""ci"", ""refactor"", ""test"", ""feat""]","[""ci"", ""feat"", ""refactor"", ""test""]",0.9605250358581544,"['2e65145acb5a3d20d16203142c466da0e32729ba', '8a954673531d6935f5517535b9068639ed5cff0d', '8f1034b79f894b4b1112a4bc1903f37f22f7f5ed', '6c7398993bc567ec84e4573b6ededbf50b1ef606']",1.0,1.0,1.0,True,0.0,1024,True,4
"[""build"", ""docs"", ""fix"", ""refactor""]","[""build"", ""docs"", ""fix"", ""refactor""]",0.6730649471282959,"['b7e38fb62aa6e8a30d72dec063b1adccd089d0aa', 'eb51316cdfdc7258d287ba13b67ef2f42bd2b8f6', 'be2cbd9480fcbd60c3011ca57f1d761185cf52bd', '7f797e68d8f721dff9553ba0ba5616efc456ebb5']",1.0,1.0,1.0,True,0.0,1024,True,4
"[""build"", ""docs"", ""feat"", ""fix"", ""test""]","[""build"", ""ci"", ""feat"", ""test""]",0.6475560665130615,"['b8dfd5a2f39b4768cf070aeb9d09364577c626f9', 'bda1822851d9be04f0d39f2213d1e2066eb115c8', '988dda23984894cea097d64646196e8d6196d6b6', '7c48976f943e1e9b5850967b6f2963a205476ded']",0.6,0.75,0.6666666666666665,False,0.4285714285714285,1024,True,4
"[""docs"", ""ci"", ""fix""]","[""docs"", ""feat"", ""fix"", ""refactor""]",0.6456520557403564,"['3a4e21c36d76b4bea8dbb365d3c3bd005a7f3f8f', 'ebaa20ea3f02e25f78c52cae208017a898cb6c13', 'd129eaf9125a967ac86c6c7276bbae6b4d50af36', '8a9a022baa15befc325f87892c6bdae25b35bc33']",0.6666666666666666,0.5,0.5714285714285715,False,0.4285714285714285,1024,True,4
"[""build"", ""ci"", ""docs"", ""refactor""]","[""build"", ""ci"", ""docs"", ""test""]",0.7309529781341553,"['45bbdaba1490a3216decb2c1a88b8f7041a3d505', 'be44bbdeb52c6025e81c99528ed7b0d932c5be18', 'b8a664c1b10f4e30a3e221a14211a3cdaf90b7f4', '076b9f5efc109b481074a81957e24ce9f4a69f08']",0.75,0.75,0.75,False,0.2857142857142857,1024,True,4
"[""docs"", ""ci"", ""build"", ""fix"", ""refactor""]","[""build"", ""ci"", ""fix"", ""refactor""]",0.5720508098602295,"['4542d9973a848a2bd4f9baf12992efe7d7a69f2c', 'db55dae208e4807898e6c747cefdf9bfcb4fd08c', '73b8948ea1d49e05ae8c63b17926eda4cb04e9bb', '70a00973a07520959210219fcaba2a782d76f491']",0.8,1.0,0.888888888888889,False,0.1428571428571428,1024,True,4
"[""docs"", ""feat"", ""fix"", ""test""]","[""docs"", ""feat"", ""fix"", ""test""]",0.6532721519470215,"['3f0ae7cf819776124d7aae792800fb9730a593a9', '8a954673531d6935f5517535b9068639ed5cff0d', '2b1ad9d10fc5685ec75f362a73229569f03344ca', '6c7398993bc567ec84e4573b6ededbf50b1ef606']",1.0,1.0,1.0,True,0.0,1024,True,4
"[""build"", ""test"", ""refactor"", ""fix""]","[""build"", ""feat"", ""fix"", ""test""]",0.7276878356933594,"['45bbdaba1490a3216decb2c1a88b8f7041a3d505', '3730075261bc81df68f9d10f12a2d6bbffd8493c', 'ccd1946a375e2ac10c3c591b04a435c4bc5170c2', '076b9f5efc109b481074a81957e24ce9f4a69f08']",0.75,0.75,0.75,False,0.2857142857142857,1024,True,4
"[""ci"", ""feat"", ""refactor""]","[""ci"", ""docs"", ""feat"", ""refactor""]",0.5758368968963623,"['bb00890fa896936d0be09cc5e5f411fb5e64aa5f', 'af82c2c910c9b5d3dd68de30c59a9e169a8934a5', '8a954673531d6935f5517535b9068639ed5cff0d', '8f1034b79f894b4b1112a4bc1903f37f22f7f5ed']",1.0,0.75,0.8571428571428571,False,0.1428571428571428,1024,True,4
"[""build"", ""ci"", ""refactor"", ""fix""]","[""build"", ""ci"", ""refactor"", ""test""]",0.7262918949127197,"['45bbdaba1490a3216decb2c1a88b8f7041a3d505', 'be44bbdeb52c6025e81c99528ed7b0d932c5be18', '0e4ede620dd9a2cdc13ab9cc6da05577b39fddb8', '076b9f5efc109b481074a81957e24ce9f4a69f08']",0.75,0.75,0.75,False,0.2857142857142857,1024,True,4
"[""ci"", ""docs"", ""fix"", ""test""]","[""ci"", ""docs"", ""fix"", ""test""]",0.7373929023742676,"['6f5b1103c0893d13b42f1f7c6504c9c339840be3', '01e1e33f377934099a4a725fab5cd6c5ff50eaa2', 'be2cbd9480fcbd60c3011ca57f1d761185cf52bd', '625cbbca0d92b8756eac6fcacc795d90527d8975']",1.0,1.0,1.0,True,0.0,1024,True,4
"[""build"", ""feat"", ""fix""]","[""build"", ""feat"", ""fix"", ""refactor""]",0.6311001777648926,"['4ab28fc2e63e975a0c77e18ae644f34fa5f8771a', 'd61bf50f77b404e660a6e5aa9e9bc4ce415e8c18', 'b131f5d67076b97b3186c820760df839bf796ad5', '905693129255e7208ca2ec63c6e07cce711047fd']",1.0,0.75,0.8571428571428571,False,0.1428571428571428,1024,True,4
"[""ci"", ""docs"", ""test"", ""fix""]","[""ci"", ""docs"", ""feat"", ""fix""]",0.6492259502410889,"['be44bbdeb52c6025e81c99528ed7b0d932c5be18', 'b8a664c1b10f4e30a3e221a14211a3cdaf90b7f4', '3730075261bc81df68f9d10f12a2d6bbffd8493c', 'ccd1946a375e2ac10c3c591b04a435c4bc5170c2']",0.75,0.75,0.75,False,0.2857142857142857,1024,True,4
"[""build"", ""docs"", ""refactor"", ""test""]","[""build"", ""docs"", ""refactor"", ""test""]",0.9923489093780518,"['ecc481f9f501aa34b41e06e7bbdde6e79f8ca1bb', 'ee7cc5d5a940fba774e715b1f029c6361110b108', '5748ff57ebafe94c4979eafa790d9a84812ca440', '3c04162664b130c9486cba54afc16b6e57c779d1']",1.0,1.0,1.0,True,0.0,1024,True,4
"[""ci"", ""test"", ""docs"", ""refactor""]","[""build"", ""docs"", ""fix"", ""refactor""]",0.7699170112609863,"['e0a977b2d316e7612b5d72cb02cd7d78e75dbc55', '01e536c6eb273f533ac7bb1a51c4954128de2c63', '6849b9066f5d95b9e54c67046cfa136cf0d88b27', '72e3eed599b3a3dd154575af344ac3e5c62dd07b']",0.5,0.5,0.5,False,0.5714285714285714,1024,True,4
"[""build"", ""docs"", ""fix"", ""test""]","[""ci"", ""feat"", ""refactor"", ""test""]",0.726783037185669,"['bda1822851d9be04f0d39f2213d1e2066eb115c8', '988dda23984894cea097d64646196e8d6196d6b6', 'd4d8bdd3a0a5cec993735abc2e8cc2feff8eae27', '7c48976f943e1e9b5850967b6f2963a205476ded']",0.25,0.25,0.25,False,0.8571428571428571,1024,True,4
"[""build"", ""docs"", ""test"", ""fix"", ""feat""]","[""build"", ""docs"", ""feat"", ""test""]",0.6994619369506836,"['b0866f62417f56bdd5a46e8f14278af79efc4d76', '969aa32659f6918cb0eeeba6b02d6485659dbdd2', 'a84d6715a4df12cc0ee9aa6f2596ce3b04353958', 'e77f6751182595fe08940d67e11a90416c8dd6fd']",0.8,1.0,0.888888888888889,False,0.1428571428571428,1024,True,4
"[""build"", ""ci"", ""feat"", ""fix""]","[""build"", ""ci"", ""feat"", ""fix""]",0.5971910953521729,"['b7e38fb62aa6e8a30d72dec063b1adccd089d0aa', '6f5b1103c0893d13b42f1f7c6504c9c339840be3', '73211952964a79d97b434dd567e6d7d34be7feb5', 'be2cbd9480fcbd60c3011ca57f1d761185cf52bd']",1.0,1.0,1.0,True,0.0,1024,True,4
"[""docs"", ""refactor"", ""test""]","[""docs"", ""fix"", ""refactor"", ""test""]",0.7055649757385254,"['2fdecc045fdb509832a758e45412c115fa03e8e8', '2b1ad9d10fc5685ec75f362a73229569f03344ca', 'd55088c612b1108ef566ec47e40fb8d1050f7451', '6c7398993bc567ec84e4573b6ededbf50b1ef606']",1.0,0.75,0.8571428571428571,False,0.1428571428571428,1024,True,4
"[""ci"", ""fix"", ""refactor"", ""test""]","[""ci"", ""fix"", ""refactor"", ""test""]",0.6922750473022461,"['6f5b1103c0893d13b42f1f7c6504c9c339840be3', 'be2cbd9480fcbd60c3011ca57f1d761185cf52bd', '7f797e68d8f721dff9553ba0ba5616efc456ebb5', '625cbbca0d92b8756eac6fcacc795d90527d8975']",1.0,1.0,1.0,True,0.0,1024,True,4
"[""build"", ""ci"", ""docs"", ""test""]","[""build"", ""ci"", ""docs"", ""feat""]",0.606208086013794,"['45bbdaba1490a3216decb2c1a88b8f7041a3d505', 'be44bbdeb52c6025e81c99528ed7b0d932c5be18', '16124286236edf03a6199720ba1629a35e3fe1aa', '3730075261bc81df68f9d10f12a2d6bbffd8493c']",0.75,0.75,0.75,False,0.2857142857142857,1024,True,4
"[""feat"", ""fix"", ""test""]","[""feat"", ""fix"", ""refactor"", ""test""]",0.7417550086975098,"['5e09c9128f13c45d54df685b0a17dc8e3f7ff02c', 'b131f5d67076b97b3186c820760df839bf796ad5', '731626ece358b9db69dceeeca91c94920b178bdd', '2a7c6f5c0b1c966d6a5d103de1978a61c141648a']",1.0,0.75,0.8571428571428571,False,0.1428571428571428,1024,True,4
"[""build"", ""ci"", ""docs"", ""feat""]","[""build"", ""ci"", ""docs"", ""feat""]",0.6539349555969238,"['b7e38fb62aa6e8a30d72dec063b1adccd089d0aa', '6f5b1103c0893d13b42f1f7c6504c9c339840be3', '01e1e33f377934099a4a725fab5cd6c5ff50eaa2', '73211952964a79d97b434dd567e6d7d34be7feb5']",1.0,1.0,1.0,True,0.0,1024,True,4
"[""ci"", ""docs"", ""test"", ""refactor""]","[""ci"", ""docs"", ""fix"", ""test""]",0.6414680480957031,"['8fe29cdc76480adc79701e4c492ff1e87566f569', '8dfd2af29bf784b242992ee9ec0fbc85753b063c', '2b1ad9d10fc5685ec75f362a73229569f03344ca', '6c7398993bc567ec84e4573b6ededbf50b1ef606']",0.75,0.75,0.75,False,0.2857142857142857,1024,True,4
"[""build"", ""refactor"", ""feat""]","[""build"", ""ci"", ""feat"", ""refactor""]",0.5896072387695312,"['b8dfd5a2f39b4768cf070aeb9d09364577c626f9', 'bda1822851d9be04f0d39f2213d1e2066eb115c8', '6f0cf049caa1a7982669ee685e86621452686551', 'b98a8fed0b67b99ef4f8373aea904f847315e468']",1.0,0.75,0.8571428571428571,False,0.1428571428571428,1024,True,4
"[""build"", ""docs"", ""fix"", ""test""]","[""build"", ""docs"", ""fix"", ""test""]",0.5787990093231201,"['b7e38fb62aa6e8a30d72dec063b1adccd089d0aa', '9849430b11b92ae58d94cfe4d0b06313c7eab550', 'be2cbd9480fcbd60c3011ca57f1d761185cf52bd', '625cbbca0d92b8756eac6fcacc795d90527d8975']",1.0,1.0,1.0,True,0.0,1024,True,4
"[""build"", ""docs"", ""fix"", ""test""]","[""build"", ""docs"", ""refactor"", ""test""]",0.6885361671447754,"['ecc481f9f501aa34b41e06e7bbdde6e79f8ca1bb', 'ee7cc5d5a940fba774e715b1f029c6361110b108', '5748ff57ebafe94c4979eafa790d9a84812ca440', '87427fe39d165bee2acedde8dbaa237cca3fb61e']",0.75,0.75,0.75,False,0.2857142857142857,1024,True,4
"[""ci"", ""test"", ""refactor""]","[""ci"", ""feat"", ""fix"", ""refactor""]",0.5671560764312744,"['be44bbdeb52c6025e81c99528ed7b0d932c5be18', '3730075261bc81df68f9d10f12a2d6bbffd8493c', 'ccd1946a375e2ac10c3c591b04a435c4bc5170c2', '0e4ede620dd9a2cdc13ab9cc6da05577b39fddb8']",0.6666666666666666,0.5,0.5714285714285715,False,0.4285714285714285,1024,True,4
"[""ci"", ""refactor"", ""docs"", ""test""]","[""ci"", ""fix"", ""refactor"", ""test""]",0.5800659656524658,"['14f535655d39847a85d0193559c9c0010357ba77', '2b1ad9d10fc5685ec75f362a73229569f03344ca', 'd55088c612b1108ef566ec47e40fb8d1050f7451', '6c7398993bc567ec84e4573b6ededbf50b1ef606']",0.75,0.75,0.75,False,0.2857142857142857,1024,True,4
"[""build"", ""fix"", ""feat"", ""test"", ""refactor""]","[""build"", ""docs"", ""feat"", ""test""]",0.6878793239593506,"['f46c6c6c26a14312aa05a77ff2a14aebd74e13ac', 'fd849bd08363df60dbc8b9b6d55bac4f5ace88f4', '7704121d0c0bfce49f01c2b41cbc64a642cbb399', '11ffd5174bd61a2939ae58d2b2d43284302ae490']",0.6,0.75,0.6666666666666665,False,0.4285714285714285,1024,True,4
"[""build"", ""refactor"", ""feat"", ""fix""]","[""build"", ""ci"", ""feat"", ""fix""]",0.5984809398651123,"['454003841aabeb74396d73541378bfa59c75b5db', 'bda1822851d9be04f0d39f2213d1e2066eb115c8', 'ba60e126299ad057772b5516d9ab390e770f1301', '238ba1990ea68eb64bdfc6b31efebad2acb01ad6']",0.75,0.75,0.75,False,0.2857142857142857,1024,True,4
"[""build"", ""docs"", ""test"", ""refactor""]","[""build"", ""docs"", ""feat"", ""refactor""]",0.6321408748626709,"['45bbdaba1490a3216decb2c1a88b8f7041a3d505', '16124286236edf03a6199720ba1629a35e3fe1aa', '3730075261bc81df68f9d10f12a2d6bbffd8493c', '0e4ede620dd9a2cdc13ab9cc6da05577b39fddb8']",0.75,0.75,0.75,False,0.2857142857142857,1024,True,4
"[""docs"", ""fix"", ""refactor"", ""test""]","[""docs"", ""fix"", ""refactor"", ""test""]",0.7204461097717285,"['f58567e01509e53afff5dc6f3b59aaae18398eda', 'f0c5ace9b5c5b7ea55da8607524d6cb68c615455', '8a9a022baa15befc325f87892c6bdae25b35bc33', '3c812f916e06a53b899e9e3dd79760b475fa4b87']",1.0,1.0,1.0,True,0.0,1024,True,4
"[""build"", ""feat"", ""fix""]","[""build"", ""ci"", ""feat"", ""fix""]",0.5966527462005615,"['b8dfd5a2f39b4768cf070aeb9d09364577c626f9', 'bda1822851d9be04f0d39f2213d1e2066eb115c8', 'ba60e126299ad057772b5516d9ab390e770f1301', '238ba1990ea68eb64bdfc6b31efebad2acb01ad6']",1.0,0.75,0.8571428571428571,False,0.1428571428571428,1024,True,4
"[""ci"", ""docs"", ""refactor"", ""fix""]","[""ci"", ""docs"", ""refactor"", ""test""]",0.6603918075561523,"['be44bbdeb52c6025e81c99528ed7b0d932c5be18', '16124286236edf03a6199720ba1629a35e3fe1aa', '0e4ede620dd9a2cdc13ab9cc6da05577b39fddb8', '076b9f5efc109b481074a81957e24ce9f4a69f08']",0.75,0.75,0.75,False,0.2857142857142857,1024,True,4
"[""build"", ""test"", ""refactor""]","[""build"", ""feat"", ""fix"", ""refactor""]",0.6949348449707031,"['45bbdaba1490a3216decb2c1a88b8f7041a3d505', '3730075261bc81df68f9d10f12a2d6bbffd8493c', 'ccd1946a375e2ac10c3c591b04a435c4bc5170c2', '0e4ede620dd9a2cdc13ab9cc6da05577b39fddb8']",0.6666666666666666,0.5,0.5714285714285715,False,0.4285714285714285,1024,True,4
"[""ci"", ""docs"", ""refactor"", ""fix""]","[""ci"", ""docs"", ""fix"", ""test""]",0.7947499752044678,"['be44bbdeb52c6025e81c99528ed7b0d932c5be18', '16124286236edf03a6199720ba1629a35e3fe1aa', 'ccd1946a375e2ac10c3c591b04a435c4bc5170c2', '076b9f5efc109b481074a81957e24ce9f4a69f08']",0.75,0.75,0.75,False,0.2857142857142857,1024,True,4
"[""ci"", ""feat"", ""refactor"", ""test""]","[""ci"", ""feat"", ""refactor"", ""test""]",0.6063380241394043,"['4c44543a3d9eea37e90a2316717feb01c0e0d83a', '8a954673531d6935f5517535b9068639ed5cff0d', '8f1034b79f894b4b1112a4bc1903f37f22f7f5ed', '6c7398993bc567ec84e4573b6ededbf50b1ef606']",1.0,1.0,1.0,True,0.0,1024,True,4
"[""build"", ""docs"", ""refactor"", ""test""]","[""build"", ""docs"", ""refactor"", ""test""]",0.6528949737548828,"['0f38960851ac0fd159727d5dffb36f50268eec18', '3ee672483790ec71c700907a6e93af4698492026', 'f5e80f75ead760ad0810e2b8579a062ac20f5f37', '8ee0611fbf0cd89abe7ae588f22e6ecb843598ea']",1.0,1.0,1.0,True,0.0,1024,True,4
"[""ci"", ""docs"", ""feat"", ""fix""]","[""ci"", ""docs"", ""feat"", ""fix""]",0.6023879051208496,"['6f5b1103c0893d13b42f1f7c6504c9c339840be3', '9849430b11b92ae58d94cfe4d0b06313c7eab550', '73211952964a79d97b434dd567e6d7d34be7feb5', 'be2cbd9480fcbd60c3011ca57f1d761185cf52bd']",1.0,1.0,1.0,True,0.0,1024,True,4
"[""build"", ""ci"", ""test"", ""feat"", ""fix""]","[""build"", ""ci"", ""feat"", ""test""]",0.6940469741821289,"['45bbdaba1490a3216decb2c1a88b8f7041a3d505', 'be44bbdeb52c6025e81c99528ed7b0d932c5be18', '3730075261bc81df68f9d10f12a2d6bbffd8493c', '076b9f5efc109b481074a81957e24ce9f4a69f08']",0.8,1.0,0.888888888888889,False,0.1428571428571428,1024,True,4
"[""build"", ""docs"", ""refactor""]","[""build"", ""docs"", ""fix"", ""refactor""]",0.601891040802002,"['45bbdaba1490a3216decb2c1a88b8f7041a3d505', 'b8a664c1b10f4e30a3e221a14211a3cdaf90b7f4', 'ccd1946a375e2ac10c3c591b04a435c4bc5170c2', '0e4ede620dd9a2cdc13ab9cc6da05577b39fddb8']",1.0,0.75,0.8571428571428571,False,0.1428571428571428,1024,True,4
"[""build"", ""feat"", ""fix"", ""refactor""]","[""build"", ""feat"", ""fix"", ""refactor""]",0.6398770809173584,"['37b1cbfd3d2c462ef4f2a131e4172c38dc8d9ddf', '542f0cad5337de15428f0b6567ce4efd20a19a48', 'ab1e60a97c6d5c688dacbd23bca40cb8f20c4ac3', '7adece9931eaef6aaf603b5567829bbdcb28f2d1']",1.0,1.0,1.0,True,0.0,1024,True,4
"[""ci"", ""docs"", ""refactor"", ""test""]","[""ci"", ""docs"", ""fix"", ""test""]",0.665153980255127,"['e7ecc8763152ed6f89dbf4a6f313c276549eb0b7', '29ace62b722bbebf20f0ed2d3fef0910e0973a5a', '2b1ad9d10fc5685ec75f362a73229569f03344ca', '6c7398993bc567ec84e4573b6ededbf50b1ef606']",0.75,0.75,0.75,False,0.2857142857142857,1024,True,4
"[""build"", ""feat"", ""docs"", ""test""]","[""ci"", ""feat"", ""refactor"", ""test""]",0.7475860118865967,"['6f5b1103c0893d13b42f1f7c6504c9c339840be3', '73211952964a79d97b434dd567e6d7d34be7feb5', '24760bc2613ed61c4552532907626e209c37b5e8', '625cbbca0d92b8756eac6fcacc795d90527d8975']",0.5,0.5,0.5,False,0.5714285714285714,1024,True,4
"[""build"", ""docs"", ""feat"", ""test""]","[""build"", ""docs"", ""feat"", ""test""]",0.6722381114959717,"['b7e38fb62aa6e8a30d72dec063b1adccd089d0aa', '9849430b11b92ae58d94cfe4d0b06313c7eab550', '73211952964a79d97b434dd567e6d7d34be7feb5', '625cbbca0d92b8756eac6fcacc795d90527d8975']",1.0,1.0,1.0,True,0.0,1024,True,4
"[""build"", ""ci"", ""refactor""]","[""build"", ""ci"", ""fix"", ""refactor""]",0.6312136650085449,"['45bbdaba1490a3216decb2c1a88b8f7041a3d505', 'be44bbdeb52c6025e81c99528ed7b0d932c5be18', 'ccd1946a375e2ac10c3c591b04a435c4bc5170c2', '0e4ede620dd9a2cdc13ab9cc6da05577b39fddb8']",1.0,0.75,0.8571428571428571,False,0.1428571428571428,1024,True,4
"[""build"", ""docs"", ""fix"", ""feat""]","[""build"", ""docs"", ""fix"", ""refactor""]",0.5928289890289307,"['ecc481f9f501aa34b41e06e7bbdde6e79f8ca1bb', 'ee7cc5d5a940fba774e715b1f029c6361110b108', 'cc6408b88246f20c62884a5892a6276baf7c3920', '5748ff57ebafe94c4979eafa790d9a84812ca440']",0.75,0.75,0.75,False,0.2857142857142857,1024,True,4
"[""ci"", ""refactor"", ""feat"", ""test""]","[""ci"", ""docs"", ""feat"", ""test""]",0.6415021419525146,"['6f5b1103c0893d13b42f1f7c6504c9c339840be3', '9849430b11b92ae58d94cfe4d0b06313c7eab550', '73211952964a79d97b434dd567e6d7d34be7feb5', '625cbbca0d92b8756eac6fcacc795d90527d8975']",0.75,0.75,0.75,False,0.2857142857142857,1024,True,4
"[""build"", ""ci"", ""feat"", ""fix"", ""refactor""]","[""build"", ""ci"", ""feat"", ""fix"", ""refactor""]",0.6577908992767334,"['b7e38fb62aa6e8a30d72dec063b1adccd089d0aa', '6f5b1103c0893d13b42f1f7c6504c9c339840be3', '73211952964a79d97b434dd567e6d7d34be7feb5', 'be2cbd9480fcbd60c3011ca57f1d761185cf52bd', '3cb4a48ebd15c20692f4f3a2a924284dc7fd5e10']",1.0,1.0,1.0,True,0.0,1024,True,5
"[""build"", ""docs"", ""feat"", ""fix"", ""test""]","[""build"", ""docs"", ""feat"", ""fix"", ""test""]",1.334428310394287,"['b7e38fb62aa6e8a30d72dec063b1adccd089d0aa', '01e1e33f377934099a4a725fab5cd6c5ff50eaa2', '73211952964a79d97b434dd567e6d7d34be7feb5', 'be2cbd9480fcbd60c3011ca57f1d761185cf52bd', '625cbbca0d92b8756eac6fcacc795d90527d8975']",1.0,1.0,1.0,True,0.0,1024,True,5
"[""ci"", ""docs"", ""feat"", ""fix"", ""test""]","[""ci"", ""docs"", ""feat"", ""refactor"", ""test""]",0.9466230869293212,"['6f5b1103c0893d13b42f1f7c6504c9c339840be3', '9849430b11b92ae58d94cfe4d0b06313c7eab550', '73211952964a79d97b434dd567e6d7d34be7feb5', '6f638a53c18a66979b89220c9945ef97e49571b3', '625cbbca0d92b8756eac6fcacc795d90527d8975']",0.8,0.8,0.8000000000000002,False,0.2857142857142857,1024,True,5
"[""build"", ""docs"", ""refactor"", ""fix"", ""test""]","[""build"", ""docs"", ""fix"", ""refactor"", ""test""]",0.590674877166748,"['2d4d735d94386f5045e3b3abc022c2edcdfaef8f', '969aa32659f6918cb0eeeba6b02d6485659dbdd2', 'eb9f7b24364e86d7bcf50bb23b62c743cf5526f6', '3e0e30ecebaf23f0c36fa4811426f8f4e0057cfe', 'e77f6751182595fe08940d67e11a90416c8dd6fd']",1.0,1.0,1.0,True,0.0,1024,True,5
"[""build"", ""ci"", ""docs"", ""refactor"", ""fix""]","[""build"", ""ci"", ""docs"", ""refactor"", ""test""]",1.0279529094696045,"['45bbdaba1490a3216decb2c1a88b8f7041a3d505', 'be44bbdeb52c6025e81c99528ed7b0d932c5be18', '16124286236edf03a6199720ba1629a35e3fe1aa', '0e4ede620dd9a2cdc13ab9cc6da05577b39fddb8', '076b9f5efc109b481074a81957e24ce9f4a69f08']",0.8,0.8,0.8000000000000002,False,0.2857142857142857,1024,True,5
"[""ci"", ""refactor"", ""docs"", ""test""]","[""ci"", ""feat"", ""fix"", ""refactor"", ""test""]",0.5787441730499268,"['bb00890fa896936d0be09cc5e5f411fb5e64aa5f', '8a954673531d6935f5517535b9068639ed5cff0d', '2b1ad9d10fc5685ec75f362a73229569f03344ca', 'd55088c612b1108ef566ec47e40fb8d1050f7451', '6c7398993bc567ec84e4573b6ededbf50b1ef606']",0.75,0.6,0.6666666666666665,False,0.4285714285714285,1024,True,5
"[""build"", ""ci"", ""docs"", ""test"", ""refactor""]","[""build"", ""ci"", ""docs"", ""feat"", ""fix""]",0.6260406970977783,"['45bbdaba1490a3216decb2c1a88b8f7041a3d505', 'be44bbdeb52c6025e81c99528ed7b0d932c5be18', '16124286236edf03a6199720ba1629a35e3fe1aa', '3730075261bc81df68f9d10f12a2d6bbffd8493c', 'ccd1946a375e2ac10c3c591b04a435c4bc5170c2']",0.6,0.6,0.6,False,0.5714285714285714,1024,True,5
"[""build"", ""ci"", ""test"", ""refactor""]","[""build"", ""ci"", ""feat"", ""refactor"", ""test""]",0.7328178882598877,"['45bbdaba1490a3216decb2c1a88b8f7041a3d505', 'be44bbdeb52c6025e81c99528ed7b0d932c5be18', '3730075261bc81df68f9d10f12a2d6bbffd8493c', '0e4ede620dd9a2cdc13ab9cc6da05577b39fddb8', '076b9f5efc109b481074a81957e24ce9f4a69f08']",1.0,0.8,0.888888888888889,False,0.1428571428571428,1024,True,5
"[""ci"", ""docs"", ""feat"", ""fix"", ""refactor""]","[""ci"", ""docs"", ""feat"", ""fix"", ""refactor""]",0.695728063583374,"['6f5b1103c0893d13b42f1f7c6504c9c339840be3', 'eb51316cdfdc7258d287ba13b67ef2f42bd2b8f6', '73211952964a79d97b434dd567e6d7d34be7feb5', 'be2cbd9480fcbd60c3011ca57f1d761185cf52bd', 'fd53cd188555f5c3dc8bc341c5d7eb04b761a70f']",1.0,1.0,1.0,True,0.0,1024,True,5
"[""build"", ""docs"", ""feat"", ""fix"", ""test""]","[""build"", ""docs"", ""feat"", ""fix"", ""test""]",0.7341241836547852,"['b7e38fb62aa6e8a30d72dec063b1adccd089d0aa', 'eb51316cdfdc7258d287ba13b67ef2f42bd2b8f6', '73211952964a79d97b434dd567e6d7d34be7feb5', 'be2cbd9480fcbd60c3011ca57f1d761185cf52bd', '625cbbca0d92b8756eac6fcacc795d90527d8975']",1.0,1.0,1.0,True,0.0,1024,True,5
"[""build"", ""docs"", ""fix"", ""refactor""]","[""build"", ""docs"", ""fix"", ""refactor"", ""test""]",0.699084997177124,"['45bbdaba1490a3216decb2c1a88b8f7041a3d505', 'b8a664c1b10f4e30a3e221a14211a3cdaf90b7f4', 'ccd1946a375e2ac10c3c591b04a435c4bc5170c2', '0e4ede620dd9a2cdc13ab9cc6da05577b39fddb8', '076b9f5efc109b481074a81957e24ce9f4a69f08']",1.0,0.8,0.888888888888889,False,0.1428571428571428,1024,True,5
"[""build"", ""ci"", ""docs"", ""test"", ""refactor""]","[""build"", ""ci"", ""docs"", ""feat"", ""refactor""]",0.6498250961303711,"['45bbdaba1490a3216decb2c1a88b8f7041a3d505', 'be44bbdeb52c6025e81c99528ed7b0d932c5be18', 'b8a664c1b10f4e30a3e221a14211a3cdaf90b7f4', '3730075261bc81df68f9d10f12a2d6bbffd8493c', '0e4ede620dd9a2cdc13ab9cc6da05577b39fddb8']",0.8,0.8,0.8000000000000002,False,0.2857142857142857,1024,True,5
"[""ci"", ""feat"", ""fix"", ""refactor"", ""test""]","[""ci"", ""feat"", ""fix"", ""refactor"", ""test""]",0.6087241172790527,"['6f5b1103c0893d13b42f1f7c6504c9c339840be3', '73211952964a79d97b434dd567e6d7d34be7feb5', 'be2cbd9480fcbd60c3011ca57f1d761185cf52bd', 'eb8d919e6f3443db279ba0c902f15d76676c02dc', '625cbbca0d92b8756eac6fcacc795d90527d8975']",1.0,1.0,1.0,True,0.0,1024,True,5
"[""build"", ""ci"", ""docs"", ""fix"", ""test""]","[""build"", ""ci"", ""docs"", ""fix"", ""test""]",0.651036262512207,"['b7e38fb62aa6e8a30d72dec063b1adccd089d0aa', '6f5b1103c0893d13b42f1f7c6504c9c339840be3', '01e1e33f377934099a4a725fab5cd6c5ff50eaa2', 'be2cbd9480fcbd60c3011ca57f1d761185cf52bd', '625cbbca0d92b8756eac6fcacc795d90527d8975']",1.0,1.0,1.0,True,0.0,1024,True,5
"[""build"", ""ci"", ""docs"", ""fix"", ""test""]","[""build"", ""ci"", ""docs"", ""fix"", ""test""]",0.6659078598022461,"['b7e38fb62aa6e8a30d72dec063b1adccd089d0aa', '6f5b1103c0893d13b42f1f7c6504c9c339840be3', '9849430b11b92ae58d94cfe4d0b06313c7eab550', 'be2cbd9480fcbd60c3011ca57f1d761185cf52bd', '625cbbca0d92b8756eac6fcacc795d90527d8975']",1.0,1.0,1.0,True,0.0,1024,True,5
"[""build"", ""docs"", ""test"", ""feat"", ""fix"", ""refactor""]","[""build"", ""docs"", ""feat"", ""fix"", ""refactor""]",0.8067879676818848,"['45bbdaba1490a3216decb2c1a88b8f7041a3d505', 'b8a664c1b10f4e30a3e221a14211a3cdaf90b7f4', '3730075261bc81df68f9d10f12a2d6bbffd8493c', 'ccd1946a375e2ac10c3c591b04a435c4bc5170c2', '0e4ede620dd9a2cdc13ab9cc6da05577b39fddb8']",0.8333333333333334,1.0,0.9090909090909092,False,0.1428571428571428,1024,True,5
"[""build"", ""ci"", ""feat"", ""refactor"", ""test""]","[""build"", ""ci"", ""feat"", ""refactor"", ""test""]",0.6054990291595459,"['b7e38fb62aa6e8a30d72dec063b1adccd089d0aa', '6f5b1103c0893d13b42f1f7c6504c9c339840be3', '73211952964a79d97b434dd567e6d7d34be7feb5', '816b0d49c45f6669c5aae748396e9551f2e30a96', '625cbbca0d92b8756eac6fcacc795d90527d8975']",1.0,1.0,1.0,True,0.0,1024,True,5
"[""docs"", ""feat"", ""fix"", ""test""]","[""docs"", ""feat"", ""fix"", ""refactor"", ""test""]",0.6123230457305908,"['fc9af4d0b93d69be4e201ffb18da04324e8a4a87', '15b8e4bc9349ce017f65e10b95cae48b0aa11828', 'eb9f7b24364e86d7bcf50bb23b62c743cf5526f6', '72e3eed599b3a3dd154575af344ac3e5c62dd07b', 'e77f6751182595fe08940d67e11a90416c8dd6fd']",1.0,0.8,0.888888888888889,False,0.1428571428571428,1024,True,5
"[""ci"", ""refactor"", ""docs"", ""test""]","[""ci"", ""feat"", ""fix"", ""refactor"", ""test""]",0.7385060787200928,"['87d576e936e234d0429ad753267a2760c5dfd314', '8a954673531d6935f5517535b9068639ed5cff0d', '2b1ad9d10fc5685ec75f362a73229569f03344ca', 'd55088c612b1108ef566ec47e40fb8d1050f7451', '6c7398993bc567ec84e4573b6ededbf50b1ef606']",0.75,0.6,0.6666666666666665,False,0.4285714285714285,1024,True,5
"[""build"", ""ci"", ""docs"", ""feat"", ""refactor""]","[""build"", ""ci"", ""docs"", ""feat"", ""refactor""]",0.5997781753540039,"['b7e38fb62aa6e8a30d72dec063b1adccd089d0aa', '6f5b1103c0893d13b42f1f7c6504c9c339840be3', '9849430b11b92ae58d94cfe4d0b06313c7eab550', '73211952964a79d97b434dd567e6d7d34be7feb5', '3550066c886bf253df376f303a60ed475ac42aaa']",1.0,1.0,1.0,True,0.0,1024,True,5
"[""build"", ""ci"", ""docs"", ""refactor"", ""fix""]","[""build"", ""ci"", ""docs"", ""fix"", ""test""]",0.6702160835266113,"['45bbdaba1490a3216decb2c1a88b8f7041a3d505', 'be44bbdeb52c6025e81c99528ed7b0d932c5be18', '16124286236edf03a6199720ba1629a35e3fe1aa', 'ccd1946a375e2ac10c3c591b04a435c4bc5170c2', '076b9f5efc109b481074a81957e24ce9f4a69f08']",0.8,0.8,0.8000000000000002,False,0.2857142857142857,1024,True,5
"[""build"", ""ci"", ""docs"", ""feat"", ""test""]","[""build"", ""ci"", ""docs"", ""feat"", ""test""]",0.6019079685211182,"['b7e38fb62aa6e8a30d72dec063b1adccd089d0aa', '6f5b1103c0893d13b42f1f7c6504c9c339840be3', '01e1e33f377934099a4a725fab5cd6c5ff50eaa2', '73211952964a79d97b434dd567e6d7d34be7feb5', '625cbbca0d92b8756eac6fcacc795d90527d8975']",1.0,1.0,1.0,True,0.0,1024,True,5
"[""ci"", ""docs"", ""refactor""]","[""ci"", ""docs"", ""feat"", ""fix"", ""refactor""]",0.6116538047790527,"['976c34b6fdc32a7f3337f98e67a7c9e4ee9e793e', '7f611e4208d0cc36c635eb0641a4b3258999ae8d', '8a954673531d6935f5517535b9068639ed5cff0d', '2b1ad9d10fc5685ec75f362a73229569f03344ca', '8f1034b79f894b4b1112a4bc1903f37f22f7f5ed']",1.0,0.6,0.7499999999999999,False,0.2857142857142857,1024,True,5
"[""build"", ""feat"", ""fix"", ""test""]","[""build"", ""feat"", ""fix"", ""refactor"", ""test""]",0.8111109733581543,"['bfe32bf10e9b6d699f694fbd095af0b3f2e6275f', '482442ecc1aaf981895a36c367abbd377fd93891', '80242b34468398e835e5b3fc5ac345dbae4bcc7e', 'd4d8bdd3a0a5cec993735abc2e8cc2feff8eae27', 'cd2bfb9b2298e8cd91013808547b35a9c40f46f1']",1.0,0.8,0.888888888888889,False,0.1428571428571428,1024,True,5
"[""build"", ""docs"", ""fix"", ""test""]","[""ci"", ""docs"", ""fix"", ""refactor"", ""test""]",0.6201109886169434,"['6f5b1103c0893d13b42f1f7c6504c9c339840be3', '01e1e33f377934099a4a725fab5cd6c5ff50eaa2', 'be2cbd9480fcbd60c3011ca57f1d761185cf52bd', '6f638a53c18a66979b89220c9945ef97e49571b3', '625cbbca0d92b8756eac6fcacc795d90527d8975']",0.75,0.6,0.6666666666666665,False,0.4285714285714285,1024,True,5
"[""build"", ""ci"", ""refactor"", ""feat"", ""test""]","[""build"", ""ci"", ""feat"", ""refactor"", ""test""]",0.8025798797607422,"['b7e38fb62aa6e8a30d72dec063b1adccd089d0aa', '6f5b1103c0893d13b42f1f7c6504c9c339840be3', '73211952964a79d97b434dd567e6d7d34be7feb5', 'bc4495b32ec752b6c4b29719e831c043ef2a26ce', '625cbbca0d92b8756eac6fcacc795d90527d8975']",1.0,1.0,1.0,True,0.0,1024,True,5
"[""build"", ""ci"", ""docs"", ""feat"", ""fix""]","[""build"", ""ci"", ""docs"", ""feat"", ""fix""]",0.819547176361084,"['b7e38fb62aa6e8a30d72dec063b1adccd089d0aa', '6f5b1103c0893d13b42f1f7c6504c9c339840be3', 'eb51316cdfdc7258d287ba13b67ef2f42bd2b8f6', '73211952964a79d97b434dd567e6d7d34be7feb5', 'be2cbd9480fcbd60c3011ca57f1d761185cf52bd']",1.0,1.0,1.0,True,0.0,1024,True,5
"[""build"", ""docs"", ""fix"", ""refactor"", ""test""]","[""build"", ""docs"", ""fix"", ""refactor"", ""test""]",0.8057830333709717,"['ecc481f9f501aa34b41e06e7bbdde6e79f8ca1bb', 'ee7cc5d5a940fba774e715b1f029c6361110b108', '45b386aa3f06bce06f5e03fbde0aa52c4051c8bc', '5748ff57ebafe94c4979eafa790d9a84812ca440', '87427fe39d165bee2acedde8dbaa237cca3fb61e']",1.0,1.0,1.0,True,0.0,1024,True,5
"[""build"", ""docs"", ""feat"", ""fix"", ""test""]","[""ci"", ""docs"", ""feat"", ""fix"", ""test""]",0.7623300552368164,"['6f5b1103c0893d13b42f1f7c6504c9c339840be3', 'eb51316cdfdc7258d287ba13b67ef2f42bd2b8f6', '73211952964a79d97b434dd567e6d7d34be7feb5', 'be2cbd9480fcbd60c3011ca57f1d761185cf52bd', '625cbbca0d92b8756eac6fcacc795d90527d8975']",0.8,0.8,0.8000000000000002,False,0.2857142857142857,1024,True,5
"[""build"", ""docs"", ""feat"", ""fix""]","[""build"", ""docs"", ""feat"", ""fix"", ""refactor""]",0.6513621807098389,"['ecc481f9f501aa34b41e06e7bbdde6e79f8ca1bb', 'ee7cc5d5a940fba774e715b1f029c6361110b108', 'f9a094918b62534614c47aa8a13f33aec751a1e0', 'cc6408b88246f20c62884a5892a6276baf7c3920', '5748ff57ebafe94c4979eafa790d9a84812ca440']",1.0,0.8,0.888888888888889,False,0.1428571428571428,1024,True,5
"[""build"", ""feat"", ""test"", ""refactor""]","[""build"", ""ci"", ""feat"", ""refactor"", ""test""]",0.8258349895477295,"['b8dfd5a2f39b4768cf070aeb9d09364577c626f9', 'bda1822851d9be04f0d39f2213d1e2066eb115c8', 'ba60e126299ad057772b5516d9ab390e770f1301', 'd4d8bdd3a0a5cec993735abc2e8cc2feff8eae27', 'b7e2330fa3a8d7b8a9bff01b707c44e64b845c7b']",1.0,0.8,0.888888888888889,False,0.1428571428571428,1024,True,5
"[""docs"", ""ci"", ""build"", ""fix"", ""refactor"", ""test""]","[""build"", ""ci"", ""fix"", ""refactor"", ""test""]",0.7398970127105713,"['4542d9973a848a2bd4f9baf12992efe7d7a69f2c', 'db55dae208e4807898e6c747cefdf9bfcb4fd08c', 'c4d9e5023fa0f88ba283b37da27677ceda1cbfbb', 'f86944ff00b970d7e2da48abbff43e58bdf29b99', '1f663cbe4b4a9e7a0ae89c05f824335f2a0857fd']",0.8333333333333334,1.0,0.9090909090909092,False,0.1428571428571428,1024,True,5
"[""build"", ""docs"", ""feat"", ""refactor"", ""test""]","[""build"", ""docs"", ""feat"", ""refactor"", ""test""]",0.607813835144043,"['0f38960851ac0fd159727d5dffb36f50268eec18', 'e0177c25e13812306aab0b0991562d58b6d14767', '1ae8bf1195b197daa80ba6e45360f8b894364cd4', '336b25f3ae9da5d972304662fcdb88f4719c721d', '8ee0611fbf0cd89abe7ae588f22e6ecb843598ea']",1.0,1.0,1.0,True,0.0,1024,True,5
"[""ci"", ""docs"", ""refactor"", ""fix"", ""test""]","[""ci"", ""docs"", ""feat"", ""fix"", ""test""]",0.7259318828582764,"['8d2e23bde626eaed6e5b13384cc7ac38bab5ea66', '527e0abd0f88cb3ae2dc1a6ec7a62c241250444d', '4a4c7afca7e1beadd4b213214074fdb420eb0923', 'a81bbb83d64867f08c4d1be10919ef6806a1bf51', 'cdbc37711fa9c64b2cfa767766ca55c95c1736f7']",0.8,0.8,0.8000000000000002,False,0.2857142857142857,1024,True,5
"[""build"", ""ci"", ""docs"", ""fix"", ""refactor""]","[""build"", ""ci"", ""docs"", ""fix"", ""refactor""]",0.7246079444885254,"['b7e38fb62aa6e8a30d72dec063b1adccd089d0aa', '6f5b1103c0893d13b42f1f7c6504c9c339840be3', '9849430b11b92ae58d94cfe4d0b06313c7eab550', 'be2cbd9480fcbd60c3011ca57f1d761185cf52bd', '03e413d7175d35827cd7d8908d47dbae15a849a3']",1.0,1.0,1.0,True,0.0,1024,True,5
"[""build"", ""ci"", ""docs"", ""fix"", ""refactor""]","[""build"", ""ci"", ""docs"", ""fix"", ""refactor""]",0.6390218734741211,"['b7e38fb62aa6e8a30d72dec063b1adccd089d0aa', '6f5b1103c0893d13b42f1f7c6504c9c339840be3', '01e1e33f377934099a4a725fab5cd6c5ff50eaa2', 'be2cbd9480fcbd60c3011ca57f1d761185cf52bd', '3550066c886bf253df376f303a60ed475ac42aaa']",1.0,1.0,1.0,True,0.0,1024,True,5
"[""build"", ""ci"", ""feat"", ""fix"", ""test""]","[""build"", ""ci"", ""feat"", ""fix"", ""test""]",0.6394131183624268,"['b7e38fb62aa6e8a30d72dec063b1adccd089d0aa', '6f5b1103c0893d13b42f1f7c6504c9c339840be3', '73211952964a79d97b434dd567e6d7d34be7feb5', 'be2cbd9480fcbd60c3011ca57f1d761185cf52bd', '625cbbca0d92b8756eac6fcacc795d90527d8975']",1.0,1.0,1.0,True,0.0,1024,True,5
"[""docs"", ""feat"", ""fix"", ""refactor"", ""test""]","[""docs"", ""feat"", ""fix"", ""refactor"", ""test""]",0.6438488960266113,"['9849430b11b92ae58d94cfe4d0b06313c7eab550', '73211952964a79d97b434dd567e6d7d34be7feb5', 'be2cbd9480fcbd60c3011ca57f1d761185cf52bd', 'fd61615d1a7be9d13de2114a01e2d0ad63b59274', '625cbbca0d92b8756eac6fcacc795d90527d8975']",1.0,1.0,1.0,True,0.0,1024,True,5
"[""build"", ""ci"", ""docs"", ""feat""]","[""build"", ""ci"", ""docs"", ""feat"", ""refactor""]",0.588336706161499,"['b7e38fb62aa6e8a30d72dec063b1adccd089d0aa', '6f5b1103c0893d13b42f1f7c6504c9c339840be3', '01e1e33f377934099a4a725fab5cd6c5ff50eaa2', '73211952964a79d97b434dd567e6d7d34be7feb5', 'eafee3c5c124ce0c71fd854270cea39cc273b27c']",1.0,0.8,0.888888888888889,False,0.1428571428571428,1024,True,5
"[""build"", ""feat"", ""fix"", ""docs"", ""test""]","[""build"", ""feat"", ""fix"", ""refactor"", ""test""]",0.6108682155609131,"['b7e38fb62aa6e8a30d72dec063b1adccd089d0aa', '73211952964a79d97b434dd567e6d7d34be7feb5', 'be2cbd9480fcbd60c3011ca57f1d761185cf52bd', '7005cf8c47416583e3d9fa91c3bd50113155c91a', '625cbbca0d92b8756eac6fcacc795d90527d8975']",0.8,0.8,0.8000000000000002,False,0.2857142857142857,1024,True,5
"[""build"", ""ci"", ""docs"", ""test"", ""fix""]","[""build"", ""ci"", ""docs"", ""feat"", ""test""]",0.6665701866149902,"['45bbdaba1490a3216decb2c1a88b8f7041a3d505', 'be44bbdeb52c6025e81c99528ed7b0d932c5be18', '16124286236edf03a6199720ba1629a35e3fe1aa', '3730075261bc81df68f9d10f12a2d6bbffd8493c', '076b9f5efc109b481074a81957e24ce9f4a69f08']",0.8,0.8,0.8000000000000002,False,0.2857142857142857,1024,True,5
"[""ci"", ""docs"", ""refactor"", ""fix""]","[""ci"", ""docs"", ""fix"", ""refactor"", ""test""]",0.865509033203125,"['be44bbdeb52c6025e81c99528ed7b0d932c5be18', '16124286236edf03a6199720ba1629a35e3fe1aa', 'ccd1946a375e2ac10c3c591b04a435c4bc5170c2', '0e4ede620dd9a2cdc13ab9cc6da05577b39fddb8', '076b9f5efc109b481074a81957e24ce9f4a69f08']",1.0,0.8,0.888888888888889,False,0.1428571428571428,1024,True,5
"[""build"", ""docs"", ""feat"", ""fix"", ""test""]","[""build"", ""docs"", ""feat"", ""refactor"", ""test""]",0.7444710731506348,"['ecc481f9f501aa34b41e06e7bbdde6e79f8ca1bb', '144388439d64e049cbed4e37659e819856d6987f', 'ded26d768ff432ad3bde3c0aa1e95ce50726100a', '5748ff57ebafe94c4979eafa790d9a84812ca440', '87427fe39d165bee2acedde8dbaa237cca3fb61e']",0.8,0.8,0.8000000000000002,False,0.2857142857142857,1024,True,5
"[""build"", ""docs"", ""feat"", ""fix"", ""refactor""]","[""ci"", ""docs"", ""feat"", ""fix"", ""refactor""]",0.7623820304870605,"['6f5b1103c0893d13b42f1f7c6504c9c339840be3', 'eb51316cdfdc7258d287ba13b67ef2f42bd2b8f6', '73211952964a79d97b434dd567e6d7d34be7feb5', 'be2cbd9480fcbd60c3011ca57f1d761185cf52bd', 'd357640fab55e5964fe83efc3c771e53aa3222fd']",0.8,0.8,0.8000000000000002,False,0.2857142857142857,1024,True,5
"[""build"", ""ci"", ""fix"", ""refactor""]","[""build"", ""ci"", ""fix"", ""refactor"", ""test""]",0.6291646957397461,"['45bbdaba1490a3216decb2c1a88b8f7041a3d505', 'be44bbdeb52c6025e81c99528ed7b0d932c5be18', 'ccd1946a375e2ac10c3c591b04a435c4bc5170c2', '0e4ede620dd9a2cdc13ab9cc6da05577b39fddb8', '076b9f5efc109b481074a81957e24ce9f4a69f08']",1.0,0.8,0.888888888888889,False,0.1428571428571428,1024,True,5
"[""build"", ""ci"", ""docs"", ""test"", ""refactor""]","[""build"", ""ci"", ""docs"", ""feat"", ""test""]",0.7407848834991455,"['45bbdaba1490a3216decb2c1a88b8f7041a3d505', 'be44bbdeb52c6025e81c99528ed7b0d932c5be18', 'b8a664c1b10f4e30a3e221a14211a3cdaf90b7f4', '3730075261bc81df68f9d10f12a2d6bbffd8493c', '076b9f5efc109b481074a81957e24ce9f4a69f08']",0.8,0.8,0.8000000000000002,False,0.2857142857142857,1024,True,5
"[""build"", ""ci"", ""docs"", ""fix""]","[""build"", ""ci"", ""docs"", ""fix"", ""refactor""]",0.7619619369506836,"['b7e38fb62aa6e8a30d72dec063b1adccd089d0aa', '6f5b1103c0893d13b42f1f7c6504c9c339840be3', 'eb51316cdfdc7258d287ba13b67ef2f42bd2b8f6', 'be2cbd9480fcbd60c3011ca57f1d761185cf52bd', '190aef43fd30e693af822c176f9b686591568719']",1.0,0.8,0.888888888888889,False,0.1428571428571428,1024,True,5
"[""build"", ""docs"", ""test"", ""refactor""]","[""build"", ""feat"", ""fix"", ""refactor"", ""test""]",0.7667272090911865,"['b0866f62417f56bdd5a46e8f14278af79efc4d76', 'a84d6715a4df12cc0ee9aa6f2596ce3b04353958', 'eebee9ab0bb6d4255ad0402d8422364e96bfef61', 'e8a8edadc5c25d6410462b89a48e0602e0cbbc7f', 'e77f6751182595fe08940d67e11a90416c8dd6fd']",0.75,0.6,0.6666666666666665,False,0.4285714285714285,1024,True,5
"[""ci"", ""docs"", ""refactor"", ""test""]","[""ci"", ""docs"", ""feat"", ""fix"", ""test""]",0.6097960472106934,"['8d2e23bde626eaed6e5b13384cc7ac38bab5ea66', '036a0ff49a7dade0e04c9c07071a1ff49133ee24', 'bbb6ee10de824f2e3259576ac01768640c884279', 'f9d9f859240c6f7e78b0303ea40e46622d42bc3c', 'cdbc37711fa9c64b2cfa767766ca55c95c1736f7']",0.75,0.6,0.6666666666666665,False,0.4285714285714285,1024,True,5
"[""build"", ""ci"", ""feat"", ""refactor"", ""test""]","[""build"", ""ci"", ""feat"", ""refactor"", ""test""]",0.6236732006072998,"['b7e38fb62aa6e8a30d72dec063b1adccd089d0aa', '6f5b1103c0893d13b42f1f7c6504c9c339840be3', '73211952964a79d97b434dd567e6d7d34be7feb5', '8da0303bc02db5fe047cfc0631a9da41d9dc60f7', '625cbbca0d92b8756eac6fcacc795d90527d8975']",1.0,1.0,1.0,True,0.0,1024,True,5
"[""build"", ""ci"", ""refactor"", ""feat"", ""fix""]","[""build"", ""ci"", ""docs"", ""feat"", ""fix""]",0.6150190830230713,"['b7e38fb62aa6e8a30d72dec063b1adccd089d0aa', '6f5b1103c0893d13b42f1f7c6504c9c339840be3', '9849430b11b92ae58d94cfe4d0b06313c7eab550', '73211952964a79d97b434dd567e6d7d34be7feb5', 'be2cbd9480fcbd60c3011ca57f1d761185cf52bd']",0.8,0.8,0.8000000000000002,False,0.2857142857142857,1024,True,5
"[""ci"", ""docs"", ""refactor"", ""fix"", ""test""]","[""ci"", ""docs"", ""fix"", ""refactor"", ""test""]",0.6636919975280762,"['db2dbc13d7da2ae85cd3206d330be8ed0ebe1b2c', '12257ce53f94dc902df4ba087de90f52d2840ad4', '2b1ad9d10fc5685ec75f362a73229569f03344ca', '8f1034b79f894b4b1112a4bc1903f37f22f7f5ed', '6c7398993bc567ec84e4573b6ededbf50b1ef606']",1.0,1.0,1.0,True,0.0,1024,True,5
"[""docs"", ""feat"", ""fix"", ""refactor"", ""test""]","[""docs"", ""feat"", ""fix"", ""refactor"", ""test""]",0.7512960433959961,"['eb51316cdfdc7258d287ba13b67ef2f42bd2b8f6', '73211952964a79d97b434dd567e6d7d34be7feb5', 'be2cbd9480fcbd60c3011ca57f1d761185cf52bd', 'eb8d919e6f3443db279ba0c902f15d76676c02dc', '625cbbca0d92b8756eac6fcacc795d90527d8975']",1.0,1.0,1.0,True,0.0,1024,True,5
"[""build"", ""docs"", ""feat"", ""fix"", ""refactor""]","[""build"", ""ci"", ""feat"", ""fix"", ""refactor""]",0.7126247882843018,"['454003841aabeb74396d73541378bfa59c75b5db', 'bda1822851d9be04f0d39f2213d1e2066eb115c8', '9114362b39f5194209cd0b330af7076333f3db77', '80242b34468398e835e5b3fc5ac345dbae4bcc7e', 'fba4326c72fc22d81aba6976a9fef1e4b6154fd9']",0.8,0.8,0.8000000000000002,False,0.2857142857142857,1024,True,5
"[""build"", ""docs"", ""feat"", ""fix"", ""test""]","[""build"", ""docs"", ""feat"", ""fix"", ""test""]",0.7021219730377197,"['ecc481f9f501aa34b41e06e7bbdde6e79f8ca1bb', '144388439d64e049cbed4e37659e819856d6987f', '8b9176b44bb01a1eef497a403b0304bc389c9aee', '45b386aa3f06bce06f5e03fbde0aa52c4051c8bc', '3c04162664b130c9486cba54afc16b6e57c779d1']",1.0,1.0,1.0,True,0.0,1024,True,5
"[""build"", ""ci"", ""docs"", ""refactor"", ""test""]","[""build"", ""ci"", ""docs"", ""refactor"", ""test""]",0.6582450866699219,"['b7e38fb62aa6e8a30d72dec063b1adccd089d0aa', '6f5b1103c0893d13b42f1f7c6504c9c339840be3', '01e1e33f377934099a4a725fab5cd6c5ff50eaa2', '3cb4a48ebd15c20692f4f3a2a924284dc7fd5e10', '625cbbca0d92b8756eac6fcacc795d90527d8975']",1.0,1.0,1.0,True,0.0,1024,True,5
"[""build"", ""ci"", ""docs"", ""refactor"", ""fix""]","[""build"", ""ci"", ""docs"", ""refactor"", ""test""]",0.6510050296783447,"['45bbdaba1490a3216decb2c1a88b8f7041a3d505', 'be44bbdeb52c6025e81c99528ed7b0d932c5be18', 'b8a664c1b10f4e30a3e221a14211a3cdaf90b7f4', '0e4ede620dd9a2cdc13ab9cc6da05577b39fddb8', '076b9f5efc109b481074a81957e24ce9f4a69f08']",0.8,0.8,0.8000000000000002,False,0.2857142857142857,1024,True,5
"[""build"", ""test"", ""refactor"", ""fix""]","[""build"", ""feat"", ""fix"", ""refactor"", ""test""]",1.5515050888061523,"['45bbdaba1490a3216decb2c1a88b8f7041a3d505', '3730075261bc81df68f9d10f12a2d6bbffd8493c', 'ccd1946a375e2ac10c3c591b04a435c4bc5170c2', '0e4ede620dd9a2cdc13ab9cc6da05577b39fddb8', '076b9f5efc109b481074a81957e24ce9f4a69f08']",1.0,0.8,0.888888888888889,False,0.1428571428571428,1024,True,5
"[""ci"", ""docs"", ""feat"", ""fix"", ""refactor""]","[""ci"", ""docs"", ""feat"", ""fix"", ""refactor""]",0.6659018993377686,"['6f5b1103c0893d13b42f1f7c6504c9c339840be3', '01e1e33f377934099a4a725fab5cd6c5ff50eaa2', '73211952964a79d97b434dd567e6d7d34be7feb5', 'be2cbd9480fcbd60c3011ca57f1d761185cf52bd', '7d6f760a91b55967972bbd1b972307624e876805']",1.0,1.0,1.0,True,0.0,1024,True,5
"[""build"", ""docs"", ""fix"", ""test""]","[""build"", ""ci"", ""feat"", ""fix"", ""test""]",0.6346168518066406,"['bfe32bf10e9b6d699f694fbd095af0b3f2e6275f', 'bda1822851d9be04f0d39f2213d1e2066eb115c8', '988dda23984894cea097d64646196e8d6196d6b6', '238ba1990ea68eb64bdfc6b31efebad2acb01ad6', 'b7e2330fa3a8d7b8a9bff01b707c44e64b845c7b']",0.75,0.6,0.6666666666666665,False,0.4285714285714285,1024,True,5
"[""build"", ""ci"", ""docs"", ""refactor"", ""test""]","[""build"", ""ci"", ""docs"", ""refactor"", ""test""]",0.6041479110717773,"['b7e38fb62aa6e8a30d72dec063b1adccd089d0aa', '6f5b1103c0893d13b42f1f7c6504c9c339840be3', '9849430b11b92ae58d94cfe4d0b06313c7eab550', '816b0d49c45f6669c5aae748396e9551f2e30a96', '625cbbca0d92b8756eac6fcacc795d90527d8975']",1.0,1.0,1.0,True,0.0,1024,True,5
"[""docs"", ""feat"", ""fix"", ""test""]","[""docs"", ""feat"", ""fix"", ""refactor"", ""test""]",0.829042911529541,"['01e1e33f377934099a4a725fab5cd6c5ff50eaa2', '73211952964a79d97b434dd567e6d7d34be7feb5', 'be2cbd9480fcbd60c3011ca57f1d761185cf52bd', '190aef43fd30e693af822c176f9b686591568719', '625cbbca0d92b8756eac6fcacc795d90527d8975']",1.0,0.8,0.888888888888889,False,0.1428571428571428,1024,True,5
"[""build"", ""ci"", ""docs"", ""feat"", ""fix""]","[""build"", ""ci"", ""docs"", ""feat"", ""fix""]",0.8801789283752441,"['b7e38fb62aa6e8a30d72dec063b1adccd089d0aa', '6f5b1103c0893d13b42f1f7c6504c9c339840be3', '01e1e33f377934099a4a725fab5cd6c5ff50eaa2', '73211952964a79d97b434dd567e6d7d34be7feb5', 'be2cbd9480fcbd60c3011ca57f1d761185cf52bd']",1.0,1.0,1.0,True,0.0,1024,True,5
"[""docs"", ""refactor"", ""feat"", ""test""]","[""docs"", ""feat"", ""fix"", ""refactor"", ""test""]",0.6593000888824463,"['8dfd2af29bf784b242992ee9ec0fbc85753b063c', '8a954673531d6935f5517535b9068639ed5cff0d', '2b1ad9d10fc5685ec75f362a73229569f03344ca', 'd55088c612b1108ef566ec47e40fb8d1050f7451', '6c7398993bc567ec84e4573b6ededbf50b1ef606']",1.0,0.8,0.888888888888889,False,0.1428571428571428,1024,True,5
"[""build"", ""fix"", ""refactor"", ""test""]","[""build"", ""ci"", ""fix"", ""refactor"", ""test""]",0.7314150333404541,"['bfe32bf10e9b6d699f694fbd095af0b3f2e6275f', 'bda1822851d9be04f0d39f2213d1e2066eb115c8', '80242b34468398e835e5b3fc5ac345dbae4bcc7e', 'fba4326c72fc22d81aba6976a9fef1e4b6154fd9', '7c48976f943e1e9b5850967b6f2963a205476ded']",1.0,0.8,0.888888888888889,False,0.1428571428571428,1024,True,5
"[""build"", ""ci"", ""docs"", ""test"", ""refactor""]","[""build"", ""ci"", ""docs"", ""feat"", ""refactor""]",0.7047910690307617,"['45bbdaba1490a3216decb2c1a88b8f7041a3d505', 'be44bbdeb52c6025e81c99528ed7b0d932c5be18', '16124286236edf03a6199720ba1629a35e3fe1aa', '3730075261bc81df68f9d10f12a2d6bbffd8493c', '0e4ede620dd9a2cdc13ab9cc6da05577b39fddb8']",0.8,0.8,0.8000000000000002,False,0.2857142857142857,1024,True,5
"[""build"", ""refactor"", ""fix"", ""test""]","[""build"", ""ci"", ""feat"", ""fix"", ""test""]",0.7182168960571289,"['bfe32bf10e9b6d699f694fbd095af0b3f2e6275f', 'bda1822851d9be04f0d39f2213d1e2066eb115c8', '482442ecc1aaf981895a36c367abbd377fd93891', '80242b34468398e835e5b3fc5ac345dbae4bcc7e', '7c48976f943e1e9b5850967b6f2963a205476ded']",0.75,0.6,0.6666666666666665,False,0.4285714285714285,1024,True,5
"[""build"", ""docs"", ""feat"", ""fix"", ""refactor""]","[""build"", ""docs"", ""feat"", ""fix"", ""refactor""]",0.7260019779205322,"['b7e38fb62aa6e8a30d72dec063b1adccd089d0aa', '01e1e33f377934099a4a725fab5cd6c5ff50eaa2', '73211952964a79d97b434dd567e6d7d34be7feb5', 'be2cbd9480fcbd60c3011ca57f1d761185cf52bd', 'eafee3c5c124ce0c71fd854270cea39cc273b27c']",1.0,1.0,1.0,True,0.0,1024,True,5
"[""build"", ""ci"", ""docs"", ""refactor"", ""test""]","[""build"", ""ci"", ""docs"", ""refactor"", ""test""]",0.7844290733337402,"['b7e38fb62aa6e8a30d72dec063b1adccd089d0aa', '6f5b1103c0893d13b42f1f7c6504c9c339840be3', 'eb51316cdfdc7258d287ba13b67ef2f42bd2b8f6', '7d6f760a91b55967972bbd1b972307624e876805', '625cbbca0d92b8756eac6fcacc795d90527d8975']",1.0,1.0,1.0,True,0.0,1024,True,5
"[""ci"", ""docs"", ""fix"", ""refactor"", ""test""]","[""ci"", ""docs"", ""feat"", ""fix"", ""test""]",0.7109420299530029,"['8d2e23bde626eaed6e5b13384cc7ac38bab5ea66', '036a0ff49a7dade0e04c9c07071a1ff49133ee24', '6b473cbdc5997af47c56a2a74f5b64da6d4c2ad7', 'f9d9f859240c6f7e78b0303ea40e46622d42bc3c', 'cdbc37711fa9c64b2cfa767766ca55c95c1736f7']",0.8,0.8,0.8000000000000002,False,0.2857142857142857,1024,True,5
