predicted_types,actual_types,inference_time,shas,precision,recall,f1,exact_match,hamming_loss,context_len,with_message,concern_count
"[""feat""]","[""fix""]",1.0891637802124023,['87d5d4e55ab7149b593d29410f1fe426ba2447d4'],0.0,0.0,0.0,False,0.2857142857142857,1024,False,1
"[""test""]","[""test""]",0.816835880279541,['317f4eefecddfb1392ca71d551840f446feee302'],1.0,1.0,1.0,True,0.0,1024,False,1
"[""ci""]","[""ci""]",0.6108138561248779,['c5fa7b80438fbd74f4c341f0d3c9bd9e0f4910da'],1.0,1.0,1.0,True,0.0,1024,False,1
"[""ci""]","[""ci""]",0.6974079608917236,['e7a67d88173566be3cd3aed7e9eeb7e29aabbc57'],1.0,1.0,1.0,True,0.0,1024,False,1
"[""fix"", ""refactor""]","[""fix""]",0.8264329433441162,['d129eaf9125a967ac86c6c7276bbae6b4d50af36'],0.5,1.0,0.6666666666666666,False,0.1428571428571428,1024,False,1
"[""fix""]","[""build""]",0.6774530410766602,['1269431c8a3e7549f10fcbbb4b88ff625c8898b3'],0.0,0.0,0.0,False,0.2857142857142857,1024,False,1
"[""feat"", ""refactor""]","[""refactor""]",0.8642621040344238,['535708ae50aecb452560a23356fd396f99ef13a2'],0.5,1.0,0.6666666666666666,False,0.1428571428571428,1024,False,1
"[""feat"", ""refactor""]","[""feat""]",0.9161989688873292,['68278b00450f2679761a2999500f6d87a579376b'],0.5,1.0,0.6666666666666666,False,0.1428571428571428,1024,False,1
"[""ci""]","[""ci""]",1.2321569919586182,['6c9cb638cb4d1ecc42632fcf389c24898c5b3244'],1.0,1.0,1.0,True,0.0,1024,False,1
"[""test""]","[""test""]",0.9310581684112548,['c7b25726df94a2530c9b1c0d2b6a0acaa103822f'],1.0,1.0,1.0,True,0.0,1024,False,1
"[""feat""]","[""feat""]",0.6569111347198486,['1bcf88670b50155b50071e707f98f30cea0b7a24'],1.0,1.0,1.0,True,0.0,1024,False,1
"[""build"", ""docs""]","[""build""]",0.7715649604797363,['454003841aabeb74396d73541378bfa59c75b5db'],0.5,1.0,0.6666666666666666,False,0.1428571428571428,1024,False,1
"[""ci""]","[""ci""]",0.6569840908050537,['dbb537a26e388a8d7d17faf131abc30c2f7a84e6'],1.0,1.0,1.0,True,0.0,1024,False,1
"[""docs""]","[""docs""]",0.8420701026916504,['bf83c9155e9bee6925aa7102fab53fb803d52533'],1.0,1.0,1.0,True,0.0,1024,False,1
"[""feat""]","[""feat""]",0.8595759868621826,['dc5238b2bda98a7c4f2fe9584fc3b0191a408109'],1.0,1.0,1.0,True,0.0,1024,False,1
"[""ci""]","[""ci""]",0.69305419921875,['74e9de5ec97dc013a52aa063dff0f40ac74c407b'],1.0,1.0,1.0,True,0.0,1024,False,1
"[""test""]","[""test""]",0.7113621234893799,['b7ce2894fd1794064bd6db4ed730bb6cb7728739'],1.0,1.0,1.0,True,0.0,1024,False,1
"[""build""]","[""build""]",0.7570159435272217,['32b92cfa0b74a6c25990e32ac6aab12b8496794c'],1.0,1.0,1.0,True,0.0,1024,False,1
"[""refactor"", ""fix""]","[""fix""]",0.6760373115539551,['bed78248c941d57ad4cc20a455147e186e97c7a1'],0.5,1.0,0.6666666666666666,False,0.1428571428571428,1024,False,1
"[""test""]","[""test""]",0.767946720123291,['f411e58cd510f8a2b980b2f1932003a0c0e9f8f3'],1.0,1.0,1.0,True,0.0,1024,False,1
"[""feat""]","[""feat""]",0.8626821041107178,['f9a094918b62534614c47aa8a13f33aec751a1e0'],1.0,1.0,1.0,True,0.0,1024,False,1
"[""docs""]","[""docs""]",1.2293550968170166,['aca23027da1295c78fdf42ba9687d8ccc88784d7'],1.0,1.0,1.0,True,0.0,1024,False,1
"[""build""]","[""build""]",0.7816281318664551,['37b1cbfd3d2c462ef4f2a131e4172c38dc8d9ddf'],1.0,1.0,1.0,True,0.0,1024,False,1
"[""feat""]","[""feat""]",0.7513628005981445,['e137f9fdbdb6bf3f85c3f7ac9323785e445844c8'],1.0,1.0,1.0,True,0.0,1024,False,1
"[""test""]","[""test""]",0.8165781497955322,['e0198f74b81da3663144cfe1d971939319f82a0f'],1.0,1.0,1.0,True,0.0,1024,False,1
"[""ci""]","[""ci""]",0.9745280742645264,['45837af24a33308a70a3454f0f650f9fe728e272'],1.0,1.0,1.0,True,0.0,1024,False,1
"[""docs""]","[""docs""]",0.8643038272857666,['0cfc5633d37ea06f645649138323f1820e18bdee'],1.0,1.0,1.0,True,0.0,1024,False,1
"[""build"", ""feat"", ""test""]","[""test""]",0.9785749912261964,['8ee0611fbf0cd89abe7ae588f22e6ecb843598ea'],0.3333333333333333,1.0,0.5,False,0.2857142857142857,1024,False,1
"[""docs""]","[""docs""]",0.7265489101409912,['c2ee5cd5e709afd15c5565ee009a0d204403a119'],1.0,1.0,1.0,True,0.0,1024,False,1
"[""docs""]","[""fix""]",0.813607931137085,['d1d55e787b7d07f763852602b9939a5394607fd9'],0.0,0.0,0.0,False,0.2857142857142857,1024,False,1
"[""build""]","[""build""]",0.8904929161071777,['c55591ba157298a9c5816693c102a89dfd058830'],1.0,1.0,1.0,True,0.0,1024,False,1
"[""fix""]","[""fix""]",1.3949120044708252,['9be725fa3906323d4bc9788f54eccf74109d632b'],1.0,1.0,1.0,True,0.0,1024,False,1
"[""build""]","[""build""]",0.9165630340576172,['f00a4d3e307b89842250358ee432e6800bb24362'],1.0,1.0,1.0,True,0.0,1024,False,1
"[""docs""]","[""docs""]",1.4006249904632568,['036a0ff49a7dade0e04c9c07071a1ff49133ee24'],1.0,1.0,1.0,True,0.0,1024,False,1
"[""docs""]","[""docs""]",1.0059170722961426,['6d405dfc1675dcad64a2dfac0c0cb0fb28381d21'],1.0,1.0,1.0,True,0.0,1024,False,1
"[""fix"", ""refactor""]","[""refactor""]",0.7072901725769043,['3cca5c314ad6feeffbfe1f14cf49ebd0fd9a95a2'],0.5,1.0,0.6666666666666666,False,0.1428571428571428,1024,False,1
"[""test""]","[""docs""]",0.7974028587341309,['af880ac5b4fecbc6c4f3d1eee0d95f326e8bd9d1'],0.0,0.0,0.0,False,0.2857142857142857,1024,False,1
"[""fix""]","[""fix""]",0.7907528877258301,['c8e0ae8612df3d6f2831acc004aaac332f6105e4'],1.0,1.0,1.0,True,0.0,1024,False,1
"[""refactor""]","[""refactor""]",1.08063006401062,['771857b1df9470ebc15357e8879118a72c649d5b'],1.0,1.0,1.0,True,0.0,1024,False,1
"[""refactor""]","[""refactor""]",0.75789475440979,['47ef9104e4a89e80d7cc6c1950bc080841da4a7b'],1.0,1.0,1.0,True,0.0,1024,False,1
"[""refactor"", ""test""]","[""refactor""]",0.8168919086456299,['1db13ec43727aca872a0f3836e4023ed85db665e'],0.5,1.0,0.6666666666666666,False,0.1428571428571428,1024,False,1
"[""fix""]","[""fix""]",1.3477270603179932,['933ab6bb86372913c992567cf9660009900911a7'],1.0,1.0,1.0,True,0.0,1024,False,1
"[""test""]","[""test""]",0.9018709659576416,['e2e8ad25854bd1e7cdbc7f50b50bbd99e04ad47d'],1.0,1.0,1.0,True,0.0,1024,False,1
"[""build""]","[""build""]",0.9189939498901368,['c44cf88a6ec54e5ddd99d8348bcc57b301ec7945'],1.0,1.0,1.0,True,0.0,1024,False,1
"[""ci""]","[""ci""]",0.6332159042358398,['e96487ad7ce90b141219d9032fa2bed68d5dae6a'],1.0,1.0,1.0,True,0.0,1024,False,1
"[""build""]","[""build""]",0.6025857925415039,['5b81fde8a72cf2e69a10e9f5c4f0bea0a2b8c3e0'],1.0,1.0,1.0,True,0.0,1024,False,1
"[""docs""]","[""docs""]",0.909602165222168,['cb1f48b56ae0de93acb72e48726c7d610a1d538e'],1.0,1.0,1.0,True,0.0,1024,False,1
"[""refactor""]","[""fix""]",15.90720510482788,['2561f4ade46fc9d59f289f328cc77733a6443697'],0.0,0.0,0.0,False,0.2857142857142857,1024,False,1
"[""fix""]","[""fix""]",0.8478038311004639,['06e2be4e2019b6fa714e1fcb34485860ef1ede79'],1.0,1.0,1.0,True,0.0,1024,False,1
"[""fix""]","[""refactor""]",0.851233959197998,['36556bf8e0bce4ab6d26eafacbdad04d9614a5d7'],0.0,0.0,0.0,False,0.2857142857142857,1024,False,1
"[""build""]","[""build""]",0.8168270587921143,['c323d59c607cabc91f17a78528d998f376f30b10'],1.0,1.0,1.0,True,0.0,1024,False,1
"[""refactor""]","[""build""]",0.9195377826690674,['e4a11fd5c34942ba12737f1c8c084489428ee274'],0.0,0.0,0.0,False,0.2857142857142857,1024,False,1
"[""feat"", ""refactor""]","[""refactor""]",0.7173128128051758,['63eab619e6166eb6cab948028a7b89bf059dd878'],0.5,1.0,0.6666666666666666,False,0.1428571428571428,1024,False,1
"[""docs""]","[""docs""]",0.9186668395996094,['a52a585d74894b3b4eeb8c784fa089ff95cddad0'],1.0,1.0,1.0,True,0.0,1024,False,1
"[""feat"", ""refactor""]","[""feat""]",0.9666731357574464,['b282e90e2cbb74559aab79eee8443a4d7c85502a'],0.5,1.0,0.6666666666666666,False,0.1428571428571428,1024,False,1
"[""feat""]","[""feat""]",1.179976224899292,['f823cf28652987d43c8324b4f5b203240032383a'],1.0,1.0,1.0,True,0.0,1024,False,1
"[""fix""]","[""fix""]",0.6850810050964355,['9ef5c0d14193a9abb09b39856f58477d1f4b0d77'],1.0,1.0,1.0,True,0.0,1024,False,1
"[""feat"", ""refactor""]","[""feat""]",0.7713718414306641,['fd8e563cc19ca4684885d4692acee6bebcca4ada'],0.5,1.0,0.6666666666666666,False,0.1428571428571428,1024,False,1
"[""ci""]","[""ci""]",0.8762471675872803,['4cbbd2552ba0de273e1dfe7d453c5b3efed751a3'],1.0,1.0,1.0,True,0.0,1024,False,1
"[""ci""]","[""ci""]",0.936427116394043,['173553c0372e66e03bdab19e0e6c2dd44daa14a0'],1.0,1.0,1.0,True,0.0,1024,False,1
"[""ci""]","[""ci""]",0.8916358947753906,['32845e1bbd1efb5dbc16f671049509a409ba25ce'],1.0,1.0,1.0,True,0.0,1024,False,1
"[""test""]","[""test""]",0.8405299186706543,['229b53a632ea97d47c4be11f096bdd828fb415d8'],1.0,1.0,1.0,True,0.0,1024,False,1
"[""refactor"", ""docs""]","[""refactor""]",0.8179781436920166,['2954a0955ce9af6acb345ed1e8328e145ad30475'],0.5,1.0,0.6666666666666666,False,0.1428571428571428,1024,False,1
"[""docs""]","[""refactor""]",0.8163971900939941,['a62314d9bb632be6af026686615d14b912250512'],0.0,0.0,0.0,False,0.2857142857142857,1024,False,1
"[""refactor""]","[""refactor""]",2.2508459091186523,['062daa45cbd5dba6e96e95d8cdcaee89ae30a83c'],1.0,1.0,1.0,True,0.0,1024,False,1
"[""test""]","[""test""]",0.7148580551147461,['bedc7950b24c37809e36a585b7985d5aa5e3e458'],1.0,1.0,1.0,True,0.0,1024,False,1
"[""refactor"", ""docs"", ""feat"", ""fix""]","[""feat""]",0.72540283203125,['ded26d768ff432ad3bde3c0aa1e95ce50726100a'],0.25,1.0,0.4,False,0.4285714285714285,1024,False,1
"[""docs"", ""test""]","[""test""]",0.8059427738189697,['e9617f0854030e70365eb264bcb3b58078e79e9e'],0.5,1.0,0.6666666666666666,False,0.1428571428571428,1024,False,1
"[""build"", ""refactor"", ""feat""]","[""feat""]",0.8217668533325195,['6ed56ce9ae743ba9a87e6c9643cc06b1de7b748d'],0.3333333333333333,1.0,0.5,False,0.2857142857142857,1024,False,1
"[""docs""]","[""docs""]",0.9141440391540528,['e12d9e77a6fd531a22325337838a841b1c67f00d'],1.0,1.0,1.0,True,0.0,1024,False,1
"[""feat"", ""fix""]","[""feat"", ""refactor""]",0.8179051876068115,"['fd8e563cc19ca4684885d4692acee6bebcca4ada', '36556bf8e0bce4ab6d26eafacbdad04d9614a5d7']",0.5,0.5,0.5,False,0.2857142857142857,1024,False,2
"[""ci"", ""build""]","[""ci"", ""build""]",0.7145330905914307,"['45837af24a33308a70a3454f0f650f9fe728e272', '5b81fde8a72cf2e69a10e9f5c4f0bea0a2b8c3e0']",1.0,1.0,1.0,True,0.0,1024,False,2
"[""feat"", ""docs""]","[""refactor"", ""docs""]",0.6916868686676025,"['535708ae50aecb452560a23356fd396f99ef13a2', 'af880ac5b4fecbc6c4f3d1eee0d95f326e8bd9d1']",0.5,0.5,0.5,False,0.2857142857142857,1024,False,2
"[""feat"", ""refactor""]","[""feat"", ""refactor""]",0.8410460948944092,"['68278b00450f2679761a2999500f6d87a579376b', '63eab619e6166eb6cab948028a7b89bf059dd878']",1.0,1.0,1.0,True,0.0,1024,False,2
"[""ci"", ""test""]","[""ci"", ""test""]",0.7770192623138428,"['dbb537a26e388a8d7d17faf131abc30c2f7a84e6', 'f411e58cd510f8a2b980b2f1932003a0c0e9f8f3']",1.0,1.0,1.0,True,0.0,1024,False,2
"[""test"", ""ci""]","[""test"", ""ci""]",0.8855390548706055,"['e2e8ad25854bd1e7cdbc7f50b50bbd99e04ad47d', 'c5fa7b80438fbd74f4c341f0d3c9bd9e0f4910da']",1.0,1.0,1.0,True,0.0,1024,False,2
"[""ci"", ""build""]","[""ci"", ""build""]",1.071178913116455,"['45837af24a33308a70a3454f0f650f9fe728e272', '1269431c8a3e7549f10fcbbb4b88ff625c8898b3']",1.0,1.0,1.0,True,0.0,1024,False,2
"[""feat"", ""test""]","[""feat"", ""test""]",0.7201149463653564,"['1bcf88670b50155b50071e707f98f30cea0b7a24', 'f411e58cd510f8a2b980b2f1932003a0c0e9f8f3']",1.0,1.0,1.0,True,0.0,1024,False,2
"[""fix"", ""docs""]","[""fix"", ""docs""]",1.0654640197753906,"['9be725fa3906323d4bc9788f54eccf74109d632b', '0cfc5633d37ea06f645649138323f1820e18bdee']",1.0,1.0,1.0,True,0.0,1024,False,2
"[""fix"", ""ci""]","[""fix"", ""ci""]",0.8942549228668213,"['9be725fa3906323d4bc9788f54eccf74109d632b', 'e96487ad7ce90b141219d9032fa2bed68d5dae6a']",1.0,1.0,1.0,True,0.0,1024,False,2
"[""fix"", ""test""]","[""build"", ""test""]",0.8185138702392578,"['1269431c8a3e7549f10fcbbb4b88ff625c8898b3', '317f4eefecddfb1392ca71d551840f446feee302']",0.5,0.5,0.5,False,0.2857142857142857,1024,False,2
"[""ci"", ""docs""]","[""ci"", ""docs""]",0.7776620388031006,"['dbb537a26e388a8d7d17faf131abc30c2f7a84e6', '0cfc5633d37ea06f645649138323f1820e18bdee']",1.0,1.0,1.0,True,0.0,1024,False,2
"[""fix"", ""refactor"", ""build""]","[""refactor"", ""build""]",0.7962372303009033,"['3cca5c314ad6feeffbfe1f14cf49ebd0fd9a95a2', '454003841aabeb74396d73541378bfa59c75b5db']",0.6666666666666666,1.0,0.8,False,0.1428571428571428,1024,False,2
"[""refactor""]","[""fix"", ""refactor""]",0.8547320365905762,"['2561f4ade46fc9d59f289f328cc77733a6443697', '062daa45cbd5dba6e96e95d8cdcaee89ae30a83c']",1.0,0.5,0.6666666666666666,False,0.1428571428571428,1024,False,2
"[""build"", ""ci""]","[""build"", ""ci""]",0.6402387619018555,"['c44cf88a6ec54e5ddd99d8348bcc57b301ec7945', 'dbb537a26e388a8d7d17faf131abc30c2f7a84e6']",1.0,1.0,1.0,True,0.0,1024,False,2
"[""build"", ""refactor""]","[""build"", ""refactor""]",0.8121941089630127,"['32b92cfa0b74a6c25990e32ac6aab12b8496794c', '63eab619e6166eb6cab948028a7b89bf059dd878']",1.0,1.0,1.0,True,0.0,1024,False,2
"[""feat"", ""docs""]","[""feat"", ""docs""]",0.8858327865600586,"['dc5238b2bda98a7c4f2fe9584fc3b0191a408109', 'e12d9e77a6fd531a22325337838a841b1c67f00d']",1.0,1.0,1.0,True,0.0,1024,False,2
"[""ci"", ""docs""]","[""ci"", ""docs""]",0.9249050617218018,"['32845e1bbd1efb5dbc16f671049509a409ba25ce', 'bf83c9155e9bee6925aa7102fab53fb803d52533']",1.0,1.0,1.0,True,0.0,1024,False,2
"[""fix"", ""build"", ""refactor""]","[""fix"", ""feat""]",0.959803819656372,"['d129eaf9125a967ac86c6c7276bbae6b4d50af36', '6ed56ce9ae743ba9a87e6c9643cc06b1de7b748d']",0.3333333333333333,0.5,0.4,False,0.4285714285714285,1024,False,2
"[""feat"", ""ci""]","[""feat"", ""ci""]",0.6288928985595703,"['1bcf88670b50155b50071e707f98f30cea0b7a24', '74e9de5ec97dc013a52aa063dff0f40ac74c407b']",1.0,1.0,1.0,True,0.0,1024,False,2
"[""docs"", ""ci""]","[""docs"", ""ci""]",1.034764051437378,"['036a0ff49a7dade0e04c9c07071a1ff49133ee24', '4cbbd2552ba0de273e1dfe7d453c5b3efed751a3']",1.0,1.0,1.0,True,0.0,1024,False,2
"[""docs"", ""test""]","[""test"", ""docs""]",0.6514167785644531,"['e9617f0854030e70365eb264bcb3b58078e79e9e', 'cb1f48b56ae0de93acb72e48726c7d610a1d538e']",1.0,1.0,1.0,True,0.0,1024,False,2
"[""docs"", ""feat""]","[""docs"", ""feat""]",0.8369860649108887,"['aca23027da1295c78fdf42ba9687d8ccc88784d7', 'f823cf28652987d43c8324b4f5b203240032383a']",1.0,1.0,1.0,True,0.0,1024,False,2
"[""refactor"", ""fix""]","[""refactor"", ""fix""]",0.7327480316162109,"['47ef9104e4a89e80d7cc6c1950bc080841da4a7b', '06e2be4e2019b6fa714e1fcb34485860ef1ede79']",1.0,1.0,1.0,True,0.0,1024,False,2
"[""build"", ""ci""]","[""build"", ""ci""]",0.9599497318267822,"['5b81fde8a72cf2e69a10e9f5c4f0bea0a2b8c3e0', 'dbb537a26e388a8d7d17faf131abc30c2f7a84e6']",1.0,1.0,1.0,True,0.0,1024,False,2
"[""build"", ""fix""]","[""build"", ""refactor""]",0.6835131645202637,"['5b81fde8a72cf2e69a10e9f5c4f0bea0a2b8c3e0', '36556bf8e0bce4ab6d26eafacbdad04d9614a5d7']",0.5,0.5,0.5,False,0.2857142857142857,1024,False,2
"[""fix"", ""test""]","[""fix"", ""test""]",1.3692097663879397,"['9ef5c0d14193a9abb09b39856f58477d1f4b0d77', 'b7ce2894fd1794064bd6db4ed730bb6cb7728739']",1.0,1.0,1.0,True,0.0,1024,False,2
"[""build"", ""docs""]","[""build"", ""docs""]",0.7431490421295166,"['c323d59c607cabc91f17a78528d998f376f30b10', 'c2ee5cd5e709afd15c5565ee009a0d204403a119']",1.0,1.0,1.0,True,0.0,1024,False,2
"[""fix"", ""ci""]","[""fix"", ""ci""]",0.7632060050964355,"['9be725fa3906323d4bc9788f54eccf74109d632b', 'dbb537a26e388a8d7d17faf131abc30c2f7a84e6']",1.0,1.0,1.0,True,0.0,1024,False,2
"[""fix"", ""ci""]","[""fix"", ""ci""]",0.7535030841827393,"['9be725fa3906323d4bc9788f54eccf74109d632b', 'e7a67d88173566be3cd3aed7e9eeb7e29aabbc57']",1.0,1.0,1.0,True,0.0,1024,False,2
"[""docs"", ""refactor""]","[""docs"", ""refactor""]",0.840130090713501,"['c2ee5cd5e709afd15c5565ee009a0d204403a119', '062daa45cbd5dba6e96e95d8cdcaee89ae30a83c']",1.0,1.0,1.0,True,0.0,1024,False,2
"[""fix"", ""feat""]","[""fix"", ""feat""]",0.8298420906066895,"['933ab6bb86372913c992567cf9660009900911a7', 'e137f9fdbdb6bf3f85c3f7ac9323785e445844c8']",1.0,1.0,1.0,True,0.0,1024,False,2
"[""fix"", ""build""]","[""fix"", ""build""]",0.8833799362182617,"['9be725fa3906323d4bc9788f54eccf74109d632b', 'c44cf88a6ec54e5ddd99d8348bcc57b301ec7945']",1.0,1.0,1.0,True,0.0,1024,False,2
"[""ci"", ""docs""]","[""ci"", ""docs""]",0.8411681652069092,"['173553c0372e66e03bdab19e0e6c2dd44daa14a0', 'e12d9e77a6fd531a22325337838a841b1c67f00d']",1.0,1.0,1.0,True,0.0,1024,False,2
"[""ci"", ""feat""]","[""ci"", ""feat""]",1.0218050479888916,"['6c9cb638cb4d1ecc42632fcf389c24898c5b3244', 'f823cf28652987d43c8324b4f5b203240032383a']",1.0,1.0,1.0,True,0.0,1024,False,2
"[""ci"", ""docs""]","[""ci"", ""docs""]",0.9201509952545166,"['74e9de5ec97dc013a52aa063dff0f40ac74c407b', 'c2ee5cd5e709afd15c5565ee009a0d204403a119']",1.0,1.0,1.0,True,0.0,1024,False,2
"[""test"", ""build""]","[""test"", ""build""]",0.7762141227722168,"['317f4eefecddfb1392ca71d551840f446feee302', '5b81fde8a72cf2e69a10e9f5c4f0bea0a2b8c3e0']",1.0,1.0,1.0,True,0.0,1024,False,2
"[""docs"", ""feat""]","[""docs"", ""feat""]",0.8422510623931885,"['a52a585d74894b3b4eeb8c784fa089ff95cddad0', 'f823cf28652987d43c8324b4f5b203240032383a']",1.0,1.0,1.0,True,0.0,1024,False,2
"[""refactor"", ""build""]","[""refactor"", ""build""]",1.243351936340332,"['47ef9104e4a89e80d7cc6c1950bc080841da4a7b', '5b81fde8a72cf2e69a10e9f5c4f0bea0a2b8c3e0']",1.0,1.0,1.0,True,0.0,1024,False,2
"[""feat"", ""refactor""]","[""feat"", ""refactor""]",0.889538049697876,"['e137f9fdbdb6bf3f85c3f7ac9323785e445844c8', '771857b1df9470ebc15357e8879118a72c649d5b']",1.0,1.0,1.0,True,0.0,1024,False,2
"[""build"", ""refactor""]","[""feat"", ""fix""]",0.8836290836334229,"['6ed56ce9ae743ba9a87e6c9643cc06b1de7b748d', 'd1d55e787b7d07f763852602b9939a5394607fd9']",0.0,0.0,0.0,False,0.5714285714285714,1024,False,2
"[""build"", ""docs""]","[""build"", ""docs""]",0.8833298683166504,"['c323d59c607cabc91f17a78528d998f376f30b10', '0cfc5633d37ea06f645649138323f1820e18bdee']",1.0,1.0,1.0,True,0.0,1024,False,2
"[""build"", ""test"", ""feat"", ""refactor""]","[""test"", ""refactor""]",1.0228767395019531,"['8ee0611fbf0cd89abe7ae588f22e6ecb843598ea', '2954a0955ce9af6acb345ed1e8328e145ad30475']",0.5,1.0,0.6666666666666666,False,0.2857142857142857,1024,False,2
"[""fix""]","[""refactor"", ""fix""]",0.8144550323486328,"['36556bf8e0bce4ab6d26eafacbdad04d9614a5d7', 'c8e0ae8612df3d6f2831acc004aaac332f6105e4']",1.0,0.5,0.6666666666666666,False,0.1428571428571428,1024,False,2
"[""refactor"", ""ci""]","[""build"", ""ci""]",0.8439769744873047,"['e4a11fd5c34942ba12737f1c8c084489428ee274', '173553c0372e66e03bdab19e0e6c2dd44daa14a0']",0.5,0.5,0.5,False,0.2857142857142857,1024,False,2
"[""fix"", ""feat"", ""docs""]","[""fix"", ""feat""]",0.8926267623901367,"['c8e0ae8612df3d6f2831acc004aaac332f6105e4', 'f9a094918b62534614c47aa8a13f33aec751a1e0']",0.6666666666666666,1.0,0.8,False,0.1428571428571428,1024,False,2
"[""refactor"", ""docs""]","[""refactor"", ""docs""]",2.0123891830444336,"['771857b1df9470ebc15357e8879118a72c649d5b', '0cfc5633d37ea06f645649138323f1820e18bdee']",1.0,1.0,1.0,True,0.0,1024,False,2
"[""build"", ""refactor"", ""feat""]","[""feat"", ""fix""]",0.7492320537567139,"['6ed56ce9ae743ba9a87e6c9643cc06b1de7b748d', '87d5d4e55ab7149b593d29410f1fe426ba2447d4']",0.3333333333333333,0.5,0.4,False,0.4285714285714285,1024,False,2
"[""refactor"", ""test""]","[""refactor"", ""test""]",1.0223159790039062,"['1db13ec43727aca872a0f3836e4023ed85db665e', '229b53a632ea97d47c4be11f096bdd828fb415d8']",1.0,1.0,1.0,True,0.0,1024,False,2
"[""test"", ""feat""]","[""test"", ""refactor""]",0.8726482391357422,"['317f4eefecddfb1392ca71d551840f446feee302', '63eab619e6166eb6cab948028a7b89bf059dd878']",0.5,0.5,0.5,False,0.2857142857142857,1024,False,2
"[""docs"", ""build""]","[""docs"", ""build""]",0.9675588607788086,"['e12d9e77a6fd531a22325337838a841b1c67f00d', 'c44cf88a6ec54e5ddd99d8348bcc57b301ec7945']",1.0,1.0,1.0,True,0.0,1024,False,2
"[""refactor"", ""build""]","[""refactor"", ""build""]",0.985515832901001,"['1db13ec43727aca872a0f3836e4023ed85db665e', '32b92cfa0b74a6c25990e32ac6aab12b8496794c']",1.0,1.0,1.0,True,0.0,1024,False,2
"[""docs"", ""refactor"", ""fix""]","[""docs"", ""fix""]",0.645028829574585,"['c2ee5cd5e709afd15c5565ee009a0d204403a119', 'bed78248c941d57ad4cc20a455147e186e97c7a1']",0.6666666666666666,1.0,0.8,False,0.1428571428571428,1024,False,2
"[""docs"", ""ci""]","[""docs"", ""ci""]",0.8389420509338379,"['bf83c9155e9bee6925aa7102fab53fb803d52533', '173553c0372e66e03bdab19e0e6c2dd44daa14a0']",1.0,1.0,1.0,True,0.0,1024,False,2
"[""fix"", ""ci""]","[""refactor"", ""ci""]",0.6942870616912842,"['36556bf8e0bce4ab6d26eafacbdad04d9614a5d7', '74e9de5ec97dc013a52aa063dff0f40ac74c407b']",0.5,0.5,0.5,False,0.2857142857142857,1024,False,2
"[""test"", ""refactor"", ""docs""]","[""test"", ""fix""]",0.9960370063781738,"['e9617f0854030e70365eb264bcb3b58078e79e9e', '87d5d4e55ab7149b593d29410f1fe426ba2447d4']",0.3333333333333333,0.5,0.4,False,0.4285714285714285,1024,False,2
"[""feat"", ""refactor""]","[""feat"", ""refactor""]",0.9491801261901855,"['e137f9fdbdb6bf3f85c3f7ac9323785e445844c8', '47ef9104e4a89e80d7cc6c1950bc080841da4a7b']",1.0,1.0,1.0,True,0.0,1024,False,2
"[""refactor"", ""ci""]","[""fix"", ""ci""]",0.8982219696044922,"['2561f4ade46fc9d59f289f328cc77733a6443697', '74e9de5ec97dc013a52aa063dff0f40ac74c407b']",0.5,0.5,0.5,False,0.2857142857142857,1024,False,2
"[""build"", ""ci""]","[""build"", ""ci""]",0.6947178840637207,"['5b81fde8a72cf2e69a10e9f5c4f0bea0a2b8c3e0', 'e96487ad7ce90b141219d9032fa2bed68d5dae6a']",1.0,1.0,1.0,True,0.0,1024,False,2
"[""build"", ""refactor"", ""test""]","[""build"", ""test""]",0.6759490966796875,"['32b92cfa0b74a6c25990e32ac6aab12b8496794c', '8ee0611fbf0cd89abe7ae588f22e6ecb843598ea']",0.6666666666666666,1.0,0.8,False,0.1428571428571428,1024,False,2
"[""refactor"", ""ci""]","[""refactor"", ""ci""]",0.9946620464324952,"['1db13ec43727aca872a0f3836e4023ed85db665e', '74e9de5ec97dc013a52aa063dff0f40ac74c407b']",1.0,1.0,1.0,True,0.0,1024,False,2
"[""refactor"", ""build""]","[""fix"", ""build""]",0.7141258716583252,"['2561f4ade46fc9d59f289f328cc77733a6443697', 'c55591ba157298a9c5816693c102a89dfd058830']",0.5,0.5,0.5,False,0.2857142857142857,1024,False,2
"[""build"", ""refactor""]","[""build"", ""refactor""]",1.4092390537261963,"['5b81fde8a72cf2e69a10e9f5c4f0bea0a2b8c3e0', '1db13ec43727aca872a0f3836e4023ed85db665e']",1.0,1.0,1.0,True,0.0,1024,False,2
"[""build"", ""test"", ""feat"", ""ci""]","[""test"", ""ci""]",1.08197021484375,"['8ee0611fbf0cd89abe7ae588f22e6ecb843598ea', 'e96487ad7ce90b141219d9032fa2bed68d5dae6a']",0.5,1.0,0.6666666666666666,False,0.2857142857142857,1024,False,2
"[""test"", ""refactor""]","[""test"", ""refactor""]",0.8101720809936523,"['bedc7950b24c37809e36a585b7985d5aa5e3e458', '062daa45cbd5dba6e96e95d8cdcaee89ae30a83c']",1.0,1.0,1.0,True,0.0,1024,False,2
"[""ci"", ""feat""]","[""ci"", ""refactor""]",1.5033369064331057,"['74e9de5ec97dc013a52aa063dff0f40ac74c407b', '63eab619e6166eb6cab948028a7b89bf059dd878']",0.5,0.5,0.5,False,0.2857142857142857,1024,False,2
"[""test"", ""docs""]","[""test"", ""docs""]",0.918142795562744,"['317f4eefecddfb1392ca71d551840f446feee302', 'af880ac5b4fecbc6c4f3d1eee0d95f326e8bd9d1']",1.0,1.0,1.0,True,0.0,1024,False,2
"[""feat"", ""fix""]","[""feat"", ""fix""]",0.8166971206665039,"['dc5238b2bda98a7c4f2fe9584fc3b0191a408109', '9ef5c0d14193a9abb09b39856f58477d1f4b0d77']",1.0,1.0,1.0,True,0.0,1024,False,2
"[""build"", ""docs""]","[""build"", ""docs""]",1.6389200687408447,"['e4a11fd5c34942ba12737f1c8c084489428ee274', 'e12d9e77a6fd531a22325337838a841b1c67f00d']",1.0,1.0,1.0,True,0.0,1024,False,2
"[""build"", ""refactor"", ""feat""]","[""feat"", ""refactor""]",1.361424207687378,"['6ed56ce9ae743ba9a87e6c9643cc06b1de7b748d', '63eab619e6166eb6cab948028a7b89bf059dd878']",0.6666666666666666,1.0,0.8,False,0.1428571428571428,1024,False,2
"[""ci"", ""fix"", ""docs""]","[""ci"", ""fix"", ""docs""]",0.8856279850006104,"['dbb537a26e388a8d7d17faf131abc30c2f7a84e6', 'd129eaf9125a967ac86c6c7276bbae6b4d50af36', 'cb1f48b56ae0de93acb72e48726c7d610a1d538e']",1.0,1.0,1.0,True,0.0,1024,False,3
"[""fix"", ""build""]","[""fix"", ""refactor"", ""feat""]",0.891197919845581,"['933ab6bb86372913c992567cf9660009900911a7', '3cca5c314ad6feeffbfe1f14cf49ebd0fd9a95a2', '6ed56ce9ae743ba9a87e6c9643cc06b1de7b748d']",0.5,0.3333333333333333,0.4,False,0.4285714285714285,1024,False,3
"[""build"", ""feat"", ""ci""]","[""build"", ""feat"", ""ci""]",0.8157238960266113,"['5b81fde8a72cf2e69a10e9f5c4f0bea0a2b8c3e0', 'e137f9fdbdb6bf3f85c3f7ac9323785e445844c8', '32845e1bbd1efb5dbc16f671049509a409ba25ce']",1.0,1.0,1.0,True,0.0,1024,False,3
"[""ci"", ""docs"", ""feat""]","[""ci"", ""docs"", ""feat""]",0.8467090129852295,"['45837af24a33308a70a3454f0f650f9fe728e272', '6d405dfc1675dcad64a2dfac0c0cb0fb28381d21', 'f823cf28652987d43c8324b4f5b203240032383a']",1.0,1.0,1.0,True,0.0,1024,False,3
"[""ci"", ""docs"", ""build""]","[""ci"", ""docs"", ""build""]",0.9343249797821044,"['6c9cb638cb4d1ecc42632fcf389c24898c5b3244', 'bf83c9155e9bee6925aa7102fab53fb803d52533', 'c323d59c607cabc91f17a78528d998f376f30b10']",1.0,1.0,1.0,True,0.0,1024,False,3
"[""test"", ""docs"", ""fix""]","[""test"", ""docs"", ""fix""]",0.8017449378967285,"['229b53a632ea97d47c4be11f096bdd828fb415d8', 'e12d9e77a6fd531a22325337838a841b1c67f00d', 'd129eaf9125a967ac86c6c7276bbae6b4d50af36']",1.0,1.0,1.0,True,0.0,1024,False,3
"[""feat"", ""docs""]","[""feat"", ""docs"", ""refactor""]",0.6485838890075684,"['68278b00450f2679761a2999500f6d87a579376b', 'c2ee5cd5e709afd15c5565ee009a0d204403a119', '535708ae50aecb452560a23356fd396f99ef13a2']",1.0,0.6666666666666666,0.8,False,0.1428571428571428,1024,False,3
"[""docs"", ""ci"", ""test""]","[""docs"", ""ci"", ""test""]",0.953360080718994,"['0cfc5633d37ea06f645649138323f1820e18bdee', '6c9cb638cb4d1ecc42632fcf389c24898c5b3244', 'f411e58cd510f8a2b980b2f1932003a0c0e9f8f3']",1.0,1.0,1.0,True,0.0,1024,False,3
"[""fix""]","[""build"", ""fix"", ""refactor""]",0.7375297546386719,"['1269431c8a3e7549f10fcbbb4b88ff625c8898b3', '933ab6bb86372913c992567cf9660009900911a7', '36556bf8e0bce4ab6d26eafacbdad04d9614a5d7']",1.0,0.3333333333333333,0.5,False,0.2857142857142857,1024,False,3
"[""test"", ""fix"", ""docs""]","[""test"", ""fix"", ""docs""]",0.8585560321807861,"['c7b25726df94a2530c9b1c0d2b6a0acaa103822f', '933ab6bb86372913c992567cf9660009900911a7', 'c2ee5cd5e709afd15c5565ee009a0d204403a119']",1.0,1.0,1.0,True,0.0,1024,False,3
"[""build"", ""refactor"", ""fix""]","[""build"", ""refactor"", ""fix""]",0.6716008186340332,"['32b92cfa0b74a6c25990e32ac6aab12b8496794c', '771857b1df9470ebc15357e8879118a72c649d5b', '06e2be4e2019b6fa714e1fcb34485860ef1ede79']",1.0,1.0,1.0,True,0.0,1024,False,3
"[""test"", ""docs"", ""build""]","[""test"", ""docs"", ""build""]",0.9307560920715332,"['f411e58cd510f8a2b980b2f1932003a0c0e9f8f3', '036a0ff49a7dade0e04c9c07071a1ff49133ee24', 'c44cf88a6ec54e5ddd99d8348bcc57b301ec7945']",1.0,1.0,1.0,True,0.0,1024,False,3
"[""build"", ""test"", ""feat""]","[""feat"", ""test"", ""refactor""]",0.8907530307769775,"['6ed56ce9ae743ba9a87e6c9643cc06b1de7b748d', 'c7b25726df94a2530c9b1c0d2b6a0acaa103822f', '535708ae50aecb452560a23356fd396f99ef13a2']",0.6666666666666666,0.6666666666666666,0.6666666666666666,False,0.2857142857142857,1024,False,3
"[""docs"", ""refactor"", ""fix""]","[""docs"", ""feat"", ""fix""]",0.8155980110168457,"['6d405dfc1675dcad64a2dfac0c0cb0fb28381d21', 'ded26d768ff432ad3bde3c0aa1e95ce50726100a', 'd129eaf9125a967ac86c6c7276bbae6b4d50af36']",0.6666666666666666,0.6666666666666666,0.6666666666666666,False,0.2857142857142857,1024,False,3
"[""ci"", ""docs"", ""refactor""]","[""ci"", ""docs"", ""fix""]",0.9034709930419922,"['e7a67d88173566be3cd3aed7e9eeb7e29aabbc57', 'c2ee5cd5e709afd15c5565ee009a0d204403a119', 'bed78248c941d57ad4cc20a455147e186e97c7a1']",0.6666666666666666,0.6666666666666666,0.6666666666666666,False,0.2857142857142857,1024,False,3
"[""ci"", ""docs"", ""fix"", ""refactor""]","[""ci"", ""docs"", ""fix""]",0.9165890216827391,"['74e9de5ec97dc013a52aa063dff0f40ac74c407b', 'aca23027da1295c78fdf42ba9687d8ccc88784d7', 'd129eaf9125a967ac86c6c7276bbae6b4d50af36']",0.75,1.0,0.8571428571428571,False,0.1428571428571428,1024,False,3
"[""test"", ""refactor"", ""build""]","[""test"", ""fix"", ""build""]",0.8633511066436768,"['c7b25726df94a2530c9b1c0d2b6a0acaa103822f', 'bed78248c941d57ad4cc20a455147e186e97c7a1', 'c55591ba157298a9c5816693c102a89dfd058830']",0.6666666666666666,0.6666666666666666,0.6666666666666666,False,0.2857142857142857,1024,False,3
"[""docs"", ""ci"", ""refactor""]","[""docs"", ""ci"", ""fix""]",0.9456758499145508,"['a52a585d74894b3b4eeb8c784fa089ff95cddad0', 'e7a67d88173566be3cd3aed7e9eeb7e29aabbc57', 'bed78248c941d57ad4cc20a455147e186e97c7a1']",0.6666666666666666,0.6666666666666666,0.6666666666666666,False,0.2857142857142857,1024,False,3
"[""build"", ""ci"", ""test""]","[""build"", ""ci"", ""test""]",0.8242270946502686,"['f00a4d3e307b89842250358ee432e6800bb24362', '6c9cb638cb4d1ecc42632fcf389c24898c5b3244', 'c7b25726df94a2530c9b1c0d2b6a0acaa103822f']",1.0,1.0,1.0,True,0.0,1024,False,3
"[""feat"", ""refactor""]","[""refactor"", ""feat"", ""fix""]",0.8650469779968262,"['2954a0955ce9af6acb345ed1e8328e145ad30475', 'dc5238b2bda98a7c4f2fe9584fc3b0191a408109', '9ef5c0d14193a9abb09b39856f58477d1f4b0d77']",1.0,0.6666666666666666,0.8,False,0.1428571428571428,1024,False,3
"[""ci"", ""test"", ""fix""]","[""ci"", ""test"", ""fix""]",0.8853869438171387,"['4cbbd2552ba0de273e1dfe7d453c5b3efed751a3', 'f411e58cd510f8a2b980b2f1932003a0c0e9f8f3', '06e2be4e2019b6fa714e1fcb34485860ef1ede79']",1.0,1.0,1.0,True,0.0,1024,False,3
"[""refactor"", ""build""]","[""feat"", ""refactor"", ""build""]",0.7994768619537354,"['b282e90e2cbb74559aab79eee8443a4d7c85502a', '1db13ec43727aca872a0f3836e4023ed85db665e', '37b1cbfd3d2c462ef4f2a131e4172c38dc8d9ddf']",1.0,0.6666666666666666,0.8,False,0.1428571428571428,1024,False,3
"[""fix"", ""refactor"", ""ci""]","[""fix"", ""feat"", ""ci""]",0.8888680934906006,"['d129eaf9125a967ac86c6c7276bbae6b4d50af36', 'fd8e563cc19ca4684885d4692acee6bebcca4ada', '173553c0372e66e03bdab19e0e6c2dd44daa14a0']",0.6666666666666666,0.6666666666666666,0.6666666666666666,False,0.2857142857142857,1024,False,3
"[""docs"", ""test"", ""feat""]","[""docs"", ""refactor"", ""test""]",0.8173141479492188,"['036a0ff49a7dade0e04c9c07071a1ff49133ee24', '63eab619e6166eb6cab948028a7b89bf059dd878', '229b53a632ea97d47c4be11f096bdd828fb415d8']",0.6666666666666666,0.6666666666666666,0.6666666666666666,False,0.2857142857142857,1024,False,3
"[""test"", ""ci"", ""feat""]","[""test"", ""ci"", ""feat""]",1.01708984375,"['c7b25726df94a2530c9b1c0d2b6a0acaa103822f', '32845e1bbd1efb5dbc16f671049509a409ba25ce', 'b282e90e2cbb74559aab79eee8443a4d7c85502a']",1.0,1.0,1.0,True,0.0,1024,False,3
"[""feat"", ""build"", ""fix""]","[""feat"", ""build"", ""refactor""]",1.0028862953186035,"['f9a094918b62534614c47aa8a13f33aec751a1e0', '5b81fde8a72cf2e69a10e9f5c4f0bea0a2b8c3e0', '36556bf8e0bce4ab6d26eafacbdad04d9614a5d7']",0.6666666666666666,0.6666666666666666,0.6666666666666666,False,0.2857142857142857,1024,False,3
"[""feat"", ""build"", ""docs""]","[""feat"", ""build"", ""docs""]",1.2663719654083252,"['e137f9fdbdb6bf3f85c3f7ac9323785e445844c8', '37b1cbfd3d2c462ef4f2a131e4172c38dc8d9ddf', 'e12d9e77a6fd531a22325337838a841b1c67f00d']",1.0,1.0,1.0,True,0.0,1024,False,3
"[""build"", ""fix"", ""ci""]","[""build"", ""refactor"", ""ci""]",1.517725944519043,"['f00a4d3e307b89842250358ee432e6800bb24362', '36556bf8e0bce4ab6d26eafacbdad04d9614a5d7', '4cbbd2552ba0de273e1dfe7d453c5b3efed751a3']",0.6666666666666666,0.6666666666666666,0.6666666666666666,False,0.2857142857142857,1024,False,3
"[""docs"", ""ci"", ""build""]","[""docs"", ""ci"", ""build""]",0.9193260669708252,"['cb1f48b56ae0de93acb72e48726c7d610a1d538e', 'e96487ad7ce90b141219d9032fa2bed68d5dae6a', '454003841aabeb74396d73541378bfa59c75b5db']",1.0,1.0,1.0,True,0.0,1024,False,3
"[""fix"", ""test""]","[""fix"", ""test"", ""build""]",0.7644369602203369,"['d129eaf9125a967ac86c6c7276bbae6b4d50af36', 'e2e8ad25854bd1e7cdbc7f50b50bbd99e04ad47d', '1269431c8a3e7549f10fcbbb4b88ff625c8898b3']",1.0,0.6666666666666666,0.8,False,0.1428571428571428,1024,False,3
"[""docs"", ""feat""]","[""refactor"", ""docs"", ""feat""]",0.8695371150970459,"['2954a0955ce9af6acb345ed1e8328e145ad30475', 'a52a585d74894b3b4eeb8c784fa089ff95cddad0', 'b282e90e2cbb74559aab79eee8443a4d7c85502a']",1.0,0.6666666666666666,0.8,False,0.1428571428571428,1024,False,3
"[""docs"", ""test""]","[""docs"", ""refactor"", ""test""]",0.8013560771942139,"['0cfc5633d37ea06f645649138323f1820e18bdee', '1db13ec43727aca872a0f3836e4023ed85db665e', 'bedc7950b24c37809e36a585b7985d5aa5e3e458']",1.0,0.6666666666666666,0.8,False,0.1428571428571428,1024,False,3
"[""fix"", ""docs"", ""test""]","[""fix"", ""docs"", ""test""]",0.8356726169586182,"['933ab6bb86372913c992567cf9660009900911a7', '0cfc5633d37ea06f645649138323f1820e18bdee', 'c7b25726df94a2530c9b1c0d2b6a0acaa103822f']",1.0,1.0,1.0,True,0.0,1024,False,3
"[""fix"", ""ci"", ""test""]","[""refactor"", ""ci"", ""test""]",0.8594710826873779,"['36556bf8e0bce4ab6d26eafacbdad04d9614a5d7', '6c9cb638cb4d1ecc42632fcf389c24898c5b3244', '229b53a632ea97d47c4be11f096bdd828fb415d8']",0.6666666666666666,0.6666666666666666,0.6666666666666666,False,0.2857142857142857,1024,False,3
"[""ci"", ""test"", ""docs""]","[""ci"", ""test"", ""docs""]",0.8751239776611328,"['c5fa7b80438fbd74f4c341f0d3c9bd9e0f4910da', '229b53a632ea97d47c4be11f096bdd828fb415d8', 'aca23027da1295c78fdf42ba9687d8ccc88784d7']",1.0,1.0,1.0,True,0.0,1024,False,3
"[""feat"", ""docs"", ""fix""]","[""feat"", ""docs"", ""fix""]",1.0512337684631348,"['f823cf28652987d43c8324b4f5b203240032383a', '0cfc5633d37ea06f645649138323f1820e18bdee', '9ef5c0d14193a9abb09b39856f58477d1f4b0d77']",1.0,1.0,1.0,True,0.0,1024,False,3
"[""test"", ""fix"", ""build""]","[""test"", ""fix"", ""build""]",0.8882558345794678,"['317f4eefecddfb1392ca71d551840f446feee302', '06e2be4e2019b6fa714e1fcb34485860ef1ede79', 'c55591ba157298a9c5816693c102a89dfd058830']",1.0,1.0,1.0,True,0.0,1024,False,3
"[""feat"", ""docs"", ""fix""]","[""feat"", ""docs"", ""refactor""]",0.7706518173217773,"['e137f9fdbdb6bf3f85c3f7ac9323785e445844c8', 'bf83c9155e9bee6925aa7102fab53fb803d52533', '36556bf8e0bce4ab6d26eafacbdad04d9614a5d7']",0.6666666666666666,0.6666666666666666,0.6666666666666666,False,0.2857142857142857,1024,False,3
"[""fix"", ""ci"", ""build""]","[""fix"", ""ci"", ""build""]",0.8431491851806641,"['d129eaf9125a967ac86c6c7276bbae6b4d50af36', '6c9cb638cb4d1ecc42632fcf389c24898c5b3244', 'c44cf88a6ec54e5ddd99d8348bcc57b301ec7945']",1.0,1.0,1.0,True,0.0,1024,False,3
"[""refactor"", ""docs""]","[""fix"", ""refactor"", ""docs""]",0.8387961387634277,"['2561f4ade46fc9d59f289f328cc77733a6443697', '2954a0955ce9af6acb345ed1e8328e145ad30475', 'a52a585d74894b3b4eeb8c784fa089ff95cddad0']",1.0,0.6666666666666666,0.8,False,0.1428571428571428,1024,False,3
"[""build"", ""feat"", ""fix""]","[""build"", ""feat"", ""fix""]",0.7858853340148926,"['c55591ba157298a9c5816693c102a89dfd058830', 'dc5238b2bda98a7c4f2fe9584fc3b0191a408109', '9be725fa3906323d4bc9788f54eccf74109d632b']",1.0,1.0,1.0,True,0.0,1024,False,3
"[""test"", ""fix"", ""refactor"", ""docs""]","[""test"", ""refactor"", ""feat""]",0.951209306716919,"['229b53a632ea97d47c4be11f096bdd828fb415d8', '36556bf8e0bce4ab6d26eafacbdad04d9614a5d7', 'ded26d768ff432ad3bde3c0aa1e95ce50726100a']",0.5,0.6666666666666666,0.5714285714285715,False,0.4285714285714285,1024,False,3
"[""test"", ""build"", ""ci""]","[""test"", ""build"", ""ci""]",0.7127830982208252,"['e0198f74b81da3663144cfe1d971939319f82a0f', 'c55591ba157298a9c5816693c102a89dfd058830', 'e7a67d88173566be3cd3aed7e9eeb7e29aabbc57']",1.0,1.0,1.0,True,0.0,1024,False,3
"[""test"", ""fix"", ""docs""]","[""test"", ""fix"", ""docs""]",0.8468630313873291,"['bedc7950b24c37809e36a585b7985d5aa5e3e458', '933ab6bb86372913c992567cf9660009900911a7', '6d405dfc1675dcad64a2dfac0c0cb0fb28381d21']",1.0,1.0,1.0,True,0.0,1024,False,3
"[""fix"", ""build"", ""test""]","[""fix"", ""build"", ""test""]",0.7518618106842041,"['d129eaf9125a967ac86c6c7276bbae6b4d50af36', '32b92cfa0b74a6c25990e32ac6aab12b8496794c', '317f4eefecddfb1392ca71d551840f446feee302']",1.0,1.0,1.0,True,0.0,1024,False,3
"[""feat"", ""fix"", ""ci""]","[""feat"", ""fix"", ""ci""]",1.0408618450164795,"['f823cf28652987d43c8324b4f5b203240032383a', '9be725fa3906323d4bc9788f54eccf74109d632b', '32845e1bbd1efb5dbc16f671049509a409ba25ce']",1.0,1.0,1.0,True,0.0,1024,False,3
"[""fix"", ""docs"", ""build""]","[""fix"", ""docs"", ""build""]",0.838367223739624,"['9ef5c0d14193a9abb09b39856f58477d1f4b0d77', 'a52a585d74894b3b4eeb8c784fa089ff95cddad0', '37b1cbfd3d2c462ef4f2a131e4172c38dc8d9ddf']",1.0,1.0,1.0,True,0.0,1024,False,3
"[""feat"", ""ci"", ""docs""]","[""fix"", ""ci"", ""docs""]",0.94663405418396,"['87d5d4e55ab7149b593d29410f1fe426ba2447d4', '4cbbd2552ba0de273e1dfe7d453c5b3efed751a3', '6d405dfc1675dcad64a2dfac0c0cb0fb28381d21']",0.6666666666666666,0.6666666666666666,0.6666666666666666,False,0.2857142857142857,1024,False,3
"[""docs"", ""refactor""]","[""feat"", ""docs"", ""fix""]",0.7856960296630859,"['fd8e563cc19ca4684885d4692acee6bebcca4ada', 'cb1f48b56ae0de93acb72e48726c7d610a1d538e', 'bed78248c941d57ad4cc20a455147e186e97c7a1']",0.5,0.3333333333333333,0.4,False,0.4285714285714285,1024,False,3
"[""feat"", ""refactor"", ""fix""]","[""feat"", ""fix"", ""refactor""]",0.8182199001312256,"['1bcf88670b50155b50071e707f98f30cea0b7a24', '9ef5c0d14193a9abb09b39856f58477d1f4b0d77', '062daa45cbd5dba6e96e95d8cdcaee89ae30a83c']",1.0,1.0,1.0,True,0.0,1024,False,3
"[""refactor"", ""docs"", ""test""]","[""fix"", ""docs"", ""test""]",0.7611401081085205,"['bed78248c941d57ad4cc20a455147e186e97c7a1', 'a52a585d74894b3b4eeb8c784fa089ff95cddad0', 'e9617f0854030e70365eb264bcb3b58078e79e9e']",0.6666666666666666,0.6666666666666666,0.6666666666666666,False,0.2857142857142857,1024,False,3
"[""docs"", ""ci"", ""refactor""]","[""docs"", ""ci"", ""feat""]",0.7143750190734863,"['c2ee5cd5e709afd15c5565ee009a0d204403a119', 'dbb537a26e388a8d7d17faf131abc30c2f7a84e6', 'ded26d768ff432ad3bde3c0aa1e95ce50726100a']",0.6666666666666666,0.6666666666666666,0.6666666666666666,False,0.2857142857142857,1024,False,3
"[""build"", ""ci"", ""refactor""]","[""build"", ""ci"", ""refactor""]",0.8764798641204834,"['454003841aabeb74396d73541378bfa59c75b5db', 'dbb537a26e388a8d7d17faf131abc30c2f7a84e6', '062daa45cbd5dba6e96e95d8cdcaee89ae30a83c']",1.0,1.0,1.0,True,0.0,1024,False,3
"[""refactor"", ""test""]","[""feat"", ""fix"", ""test""]",0.8693971633911133,"['fd8e563cc19ca4684885d4692acee6bebcca4ada', 'd1d55e787b7d07f763852602b9939a5394607fd9', 'b7ce2894fd1794064bd6db4ed730bb6cb7728739']",0.5,0.3333333333333333,0.4,False,0.4285714285714285,1024,False,3
"[""docs"", ""test"", ""build""]","[""docs"", ""test"", ""build""]",0.9649879932403564,"['bf83c9155e9bee6925aa7102fab53fb803d52533', 'b7ce2894fd1794064bd6db4ed730bb6cb7728739', '37b1cbfd3d2c462ef4f2a131e4172c38dc8d9ddf']",1.0,1.0,1.0,True,0.0,1024,False,3
"[""fix"", ""ci"", ""test""]","[""fix"", ""ci"", ""test""]",0.7343559265136719,"['d129eaf9125a967ac86c6c7276bbae6b4d50af36', 'e7a67d88173566be3cd3aed7e9eeb7e29aabbc57', '317f4eefecddfb1392ca71d551840f446feee302']",1.0,1.0,1.0,True,0.0,1024,False,3
"[""docs"", ""ci""]","[""docs"", ""fix"", ""ci""]",1.0052998065948486,"['c2ee5cd5e709afd15c5565ee009a0d204403a119', 'd1d55e787b7d07f763852602b9939a5394607fd9', '6c9cb638cb4d1ecc42632fcf389c24898c5b3244']",1.0,0.6666666666666666,0.8,False,0.1428571428571428,1024,False,3
"[""ci"", ""fix"", ""docs""]","[""ci"", ""fix"", ""docs""]",0.8762912750244141,"['dbb537a26e388a8d7d17faf131abc30c2f7a84e6', 'c8e0ae8612df3d6f2831acc004aaac332f6105e4', 'e12d9e77a6fd531a22325337838a841b1c67f00d']",1.0,1.0,1.0,True,0.0,1024,False,3
"[""build"", ""docs""]","[""build"", ""docs"", ""refactor""]",0.9584741592407228,"['c55591ba157298a9c5816693c102a89dfd058830', 'c2ee5cd5e709afd15c5565ee009a0d204403a119', 'a62314d9bb632be6af026686615d14b912250512']",1.0,0.6666666666666666,0.8,False,0.1428571428571428,1024,False,3
"[""build"", ""refactor""]","[""fix"", ""build"", ""refactor""]",0.9201231002807616,"['d1d55e787b7d07f763852602b9939a5394607fd9', '32b92cfa0b74a6c25990e32ac6aab12b8496794c', '062daa45cbd5dba6e96e95d8cdcaee89ae30a83c']",1.0,0.6666666666666666,0.8,False,0.1428571428571428,1024,False,3
"[""test"", ""build""]","[""test"", ""docs"", ""build""]",0.7601747512817383,"['f411e58cd510f8a2b980b2f1932003a0c0e9f8f3', 'af880ac5b4fecbc6c4f3d1eee0d95f326e8bd9d1', '1269431c8a3e7549f10fcbbb4b88ff625c8898b3']",1.0,0.6666666666666666,0.8,False,0.1428571428571428,1024,False,3
"[""feat"", ""fix"", ""test""]","[""feat"", ""fix"", ""test""]",0.8725440502166748,"['f9a094918b62534614c47aa8a13f33aec751a1e0', '87d5d4e55ab7149b593d29410f1fe426ba2447d4', '317f4eefecddfb1392ca71d551840f446feee302']",1.0,1.0,1.0,True,0.0,1024,False,3
"[""test"", ""fix"", ""feat""]","[""test"", ""fix"", ""feat""]",2.0722720623016357,"['229b53a632ea97d47c4be11f096bdd828fb415d8', 'c8e0ae8612df3d6f2831acc004aaac332f6105e4', 'f823cf28652987d43c8324b4f5b203240032383a']",1.0,1.0,1.0,True,0.0,1024,False,3
"[""feat"", ""fix"", ""docs""]","[""feat"", ""fix"", ""docs""]",0.893449068069458,"['dc5238b2bda98a7c4f2fe9584fc3b0191a408109', '06e2be4e2019b6fa714e1fcb34485860ef1ede79', 'af880ac5b4fecbc6c4f3d1eee0d95f326e8bd9d1']",1.0,1.0,1.0,True,0.0,1024,False,3
"[""ci"", ""docs"", ""test""]","[""ci"", ""docs"", ""test""]",0.905586004257202,"['173553c0372e66e03bdab19e0e6c2dd44daa14a0', 'e12d9e77a6fd531a22325337838a841b1c67f00d', 'c7b25726df94a2530c9b1c0d2b6a0acaa103822f']",1.0,1.0,1.0,True,0.0,1024,False,3
"[""ci"", ""refactor"", ""docs""]","[""ci"", ""fix"", ""docs""]",0.9735639095306396,"['dbb537a26e388a8d7d17faf131abc30c2f7a84e6', '2561f4ade46fc9d59f289f328cc77733a6443697', 'e12d9e77a6fd531a22325337838a841b1c67f00d']",0.6666666666666666,0.6666666666666666,0.6666666666666666,False,0.2857142857142857,1024,False,3
"[""feat"", ""test""]","[""feat"", ""fix"", ""test""]",0.7765471935272217,"['f823cf28652987d43c8324b4f5b203240032383a', '9ef5c0d14193a9abb09b39856f58477d1f4b0d77', '229b53a632ea97d47c4be11f096bdd828fb415d8']",1.0,0.6666666666666666,0.8,False,0.1428571428571428,1024,False,3
"[""docs"", ""ci"", ""feat""]","[""docs"", ""ci"", ""feat""]",0.8252301216125488,"['6d405dfc1675dcad64a2dfac0c0cb0fb28381d21', '173553c0372e66e03bdab19e0e6c2dd44daa14a0', 'b282e90e2cbb74559aab79eee8443a4d7c85502a']",1.0,1.0,1.0,True,0.0,1024,False,3
"[""ci"", ""docs"", ""build""]","[""ci"", ""docs"", ""build""]",0.9750039577484132,"['c5fa7b80438fbd74f4c341f0d3c9bd9e0f4910da', '036a0ff49a7dade0e04c9c07071a1ff49133ee24', 'c44cf88a6ec54e5ddd99d8348bcc57b301ec7945']",1.0,1.0,1.0,True,0.0,1024,False,3
"[""ci"", ""feat"", ""build""]","[""ci"", ""feat"", ""build""]",1.0601108074188232,"['32845e1bbd1efb5dbc16f671049509a409ba25ce', 'b282e90e2cbb74559aab79eee8443a4d7c85502a', '37b1cbfd3d2c462ef4f2a131e4172c38dc8d9ddf']",1.0,1.0,1.0,True,0.0,1024,False,3
"[""test"", ""build"", ""fix"", ""feat""]","[""test"", ""build"", ""fix"", ""feat""]",1.124330997467041,"['e0198f74b81da3663144cfe1d971939319f82a0f', 'f00a4d3e307b89842250358ee432e6800bb24362', 'd129eaf9125a967ac86c6c7276bbae6b4d50af36', 'dc5238b2bda98a7c4f2fe9584fc3b0191a408109']",1.0,1.0,1.0,True,0.0,1024,False,4
"[""ci"", ""fix"", ""test"", ""docs""]","[""ci"", ""build"", ""test"", ""docs""]",1.0205409526824951,"['c5fa7b80438fbd74f4c341f0d3c9bd9e0f4910da', '1269431c8a3e7549f10fcbbb4b88ff625c8898b3', 'e2e8ad25854bd1e7cdbc7f50b50bbd99e04ad47d', '036a0ff49a7dade0e04c9c07071a1ff49133ee24']",0.75,0.75,0.75,False,0.2857142857142857,1024,False,4
"[""fix"", ""feat"", ""docs"", ""test""]","[""refactor"", ""feat"", ""docs"", ""test""]",0.9226410388946532,"['3cca5c314ad6feeffbfe1f14cf49ebd0fd9a95a2', 'dc5238b2bda98a7c4f2fe9584fc3b0191a408109', 'aca23027da1295c78fdf42ba9687d8ccc88784d7', '229b53a632ea97d47c4be11f096bdd828fb415d8']",0.75,0.75,0.75,False,0.2857142857142857,1024,False,4
"[""docs"", ""test"", ""build"", ""feat""]","[""fix"", ""test"", ""build"", ""refactor""]",0.919618844985962,"['d1d55e787b7d07f763852602b9939a5394607fd9', 'bedc7950b24c37809e36a585b7985d5aa5e3e458', 'c55591ba157298a9c5816693c102a89dfd058830', '535708ae50aecb452560a23356fd396f99ef13a2']",0.5,0.5,0.5,False,0.5714285714285714,1024,False,4
"[""docs"", ""build"", ""ci"", ""feat""]","[""docs"", ""build"", ""ci"", ""feat""]",0.9721789360046388,"['a52a585d74894b3b4eeb8c784fa089ff95cddad0', '1269431c8a3e7549f10fcbbb4b88ff625c8898b3', '45837af24a33308a70a3454f0f650f9fe728e272', 'e137f9fdbdb6bf3f85c3f7ac9323785e445844c8']",1.0,1.0,1.0,True,0.0,1024,False,4
"[""docs"", ""test"", ""refactor"", ""feat"", ""ci""]","[""test"", ""fix"", ""refactor"", ""ci""]",0.9623889923095704,"['e9617f0854030e70365eb264bcb3b58078e79e9e', 'bed78248c941d57ad4cc20a455147e186e97c7a1', '535708ae50aecb452560a23356fd396f99ef13a2', 'c5fa7b80438fbd74f4c341f0d3c9bd9e0f4910da']",0.6,0.75,0.6666666666666665,False,0.4285714285714285,1024,False,4
"[""ci"", ""refactor"", ""feat"", ""docs""]","[""ci"", ""fix"", ""feat"", ""refactor""]",0.9407749176025392,"['e7a67d88173566be3cd3aed7e9eeb7e29aabbc57', 'bed78248c941d57ad4cc20a455147e186e97c7a1', 'f823cf28652987d43c8324b4f5b203240032383a', '2954a0955ce9af6acb345ed1e8328e145ad30475']",0.75,0.75,0.75,False,0.2857142857142857,1024,False,4
"[""docs"", ""ci"", ""test"", ""fix""]","[""docs"", ""ci"", ""test"", ""refactor""]",0.9687788486480712,"['aca23027da1295c78fdf42ba9687d8ccc88784d7', '74e9de5ec97dc013a52aa063dff0f40ac74c407b', '317f4eefecddfb1392ca71d551840f446feee302', '3cca5c314ad6feeffbfe1f14cf49ebd0fd9a95a2']",0.75,0.75,0.75,False,0.2857142857142857,1024,False,4
"[""fix"", ""feat"", ""build"", ""docs""]","[""fix"", ""feat"", ""build"", ""docs""]",0.8553202152252197,"['9be725fa3906323d4bc9788f54eccf74109d632b', 'e137f9fdbdb6bf3f85c3f7ac9323785e445844c8', 'c323d59c607cabc91f17a78528d998f376f30b10', '0cfc5633d37ea06f645649138323f1820e18bdee']",1.0,1.0,1.0,True,0.0,1024,False,4
"[""docs"", ""feat"", ""test"", ""fix""]","[""docs"", ""feat"", ""test"", ""fix""]",0.9221630096435548,"['0cfc5633d37ea06f645649138323f1820e18bdee', '1bcf88670b50155b50071e707f98f30cea0b7a24', '229b53a632ea97d47c4be11f096bdd828fb415d8', '87d5d4e55ab7149b593d29410f1fe426ba2447d4']",1.0,1.0,1.0,True,0.0,1024,False,4
"[""build"", ""refactor"", ""test"", ""ci""]","[""build"", ""refactor"", ""test"", ""ci""]",0.91766095161438,"['c55591ba157298a9c5816693c102a89dfd058830', '062daa45cbd5dba6e96e95d8cdcaee89ae30a83c', 'c7b25726df94a2530c9b1c0d2b6a0acaa103822f', 'dbb537a26e388a8d7d17faf131abc30c2f7a84e6']",1.0,1.0,1.0,True,0.0,1024,False,4
"[""feat"", ""fix"", ""test"", ""refactor""]","[""feat"", ""fix"", ""test"", ""refactor""]",0.8815009593963623,"['dc5238b2bda98a7c4f2fe9584fc3b0191a408109', 'c8e0ae8612df3d6f2831acc004aaac332f6105e4', 'f411e58cd510f8a2b980b2f1932003a0c0e9f8f3', '47ef9104e4a89e80d7cc6c1950bc080841da4a7b']",1.0,1.0,1.0,True,0.0,1024,False,4
"[""refactor"", ""docs"", ""test"", ""ci""]","[""refactor"", ""docs"", ""test"", ""ci""]",1.3083069324493408,"['63eab619e6166eb6cab948028a7b89bf059dd878', 'aca23027da1295c78fdf42ba9687d8ccc88784d7', 'f411e58cd510f8a2b980b2f1932003a0c0e9f8f3', 'e7a67d88173566be3cd3aed7e9eeb7e29aabbc57']",1.0,1.0,1.0,True,0.0,1024,False,4
"[""docs"", ""refactor"", ""test"", ""fix""]","[""docs"", ""refactor"", ""test"", ""fix""]",1.0853540897369385,"['aca23027da1295c78fdf42ba9687d8ccc88784d7', '062daa45cbd5dba6e96e95d8cdcaee89ae30a83c', 'b7ce2894fd1794064bd6db4ed730bb6cb7728739', '06e2be4e2019b6fa714e1fcb34485860ef1ede79']",1.0,1.0,1.0,True,0.0,1024,False,4
"[""test"", ""docs"", ""build"", ""ci""]","[""test"", ""docs"", ""build"", ""ci""]",0.8142468929290771,"['317f4eefecddfb1392ca71d551840f446feee302', 'aca23027da1295c78fdf42ba9687d8ccc88784d7', 'f00a4d3e307b89842250358ee432e6800bb24362', '32845e1bbd1efb5dbc16f671049509a409ba25ce']",1.0,1.0,1.0,True,0.0,1024,False,4
"[""fix"", ""refactor"", ""docs"", ""test""]","[""fix"", ""refactor"", ""docs"", ""test""]",0.8192040920257568,"['933ab6bb86372913c992567cf9660009900911a7', '3cca5c314ad6feeffbfe1f14cf49ebd0fd9a95a2', 'a52a585d74894b3b4eeb8c784fa089ff95cddad0', '229b53a632ea97d47c4be11f096bdd828fb415d8']",1.0,1.0,1.0,True,0.0,1024,False,4
"[""refactor"", ""ci"", ""docs"", ""build""]","[""refactor"", ""ci"", ""docs"", ""build""]",1.0169248580932615,"['63eab619e6166eb6cab948028a7b89bf059dd878', '6c9cb638cb4d1ecc42632fcf389c24898c5b3244', 'a52a585d74894b3b4eeb8c784fa089ff95cddad0', 'c55591ba157298a9c5816693c102a89dfd058830']",1.0,1.0,1.0,True,0.0,1024,False,4
"[""ci"", ""build"", ""feat""]","[""ci"", ""build"", ""test"", ""fix""]",0.8186130523681641,"['173553c0372e66e03bdab19e0e6c2dd44daa14a0', 'c55591ba157298a9c5816693c102a89dfd058830', '8ee0611fbf0cd89abe7ae588f22e6ecb843598ea', '87d5d4e55ab7149b593d29410f1fe426ba2447d4']",0.6666666666666666,0.5,0.5714285714285715,False,0.4285714285714285,1024,False,4
"[""ci"", ""build"", ""refactor""]","[""ci"", ""build"", ""feat"", ""fix""]",0.8158540725708008,"['32845e1bbd1efb5dbc16f671049509a409ba25ce', '32b92cfa0b74a6c25990e32ac6aab12b8496794c', 'fd8e563cc19ca4684885d4692acee6bebcca4ada', '933ab6bb86372913c992567cf9660009900911a7']",0.6666666666666666,0.5,0.5714285714285715,False,0.4285714285714285,1024,False,4
"[""test"", ""build"", ""fix""]","[""test"", ""build"", ""fix"", ""feat""]",1.4820120334625244,"['317f4eefecddfb1392ca71d551840f446feee302', '454003841aabeb74396d73541378bfa59c75b5db', '933ab6bb86372913c992567cf9660009900911a7', '6ed56ce9ae743ba9a87e6c9643cc06b1de7b748d']",1.0,0.75,0.8571428571428571,False,0.1428571428571428,1024,False,4
"[""docs"", ""test"", ""fix""]","[""fix"", ""docs"", ""test"", ""refactor""]",0.9918150901794434,"['d1d55e787b7d07f763852602b9939a5394607fd9', '6d405dfc1675dcad64a2dfac0c0cb0fb28381d21', 'e0198f74b81da3663144cfe1d971939319f82a0f', '36556bf8e0bce4ab6d26eafacbdad04d9614a5d7']",1.0,0.75,0.8571428571428571,False,0.1428571428571428,1024,False,4
"[""ci"", ""docs"", ""build"", ""feat""]","[""ci"", ""docs"", ""build"", ""feat""]",0.8982789516448975,"['e7a67d88173566be3cd3aed7e9eeb7e29aabbc57', '6d405dfc1675dcad64a2dfac0c0cb0fb28381d21', 'c44cf88a6ec54e5ddd99d8348bcc57b301ec7945', 'f9a094918b62534614c47aa8a13f33aec751a1e0']",1.0,1.0,1.0,True,0.0,1024,False,4
"[""refactor"", ""test"", ""feat"", ""docs""]","[""fix"", ""test"", ""feat"", ""docs""]",0.81573486328125,"['2561f4ade46fc9d59f289f328cc77733a6443697', 'e0198f74b81da3663144cfe1d971939319f82a0f', '1bcf88670b50155b50071e707f98f30cea0b7a24', '6d405dfc1675dcad64a2dfac0c0cb0fb28381d21']",0.75,0.75,0.75,False,0.2857142857142857,1024,False,4
"[""ci"", ""fix"", ""test"", ""docs""]","[""ci"", ""fix"", ""test"", ""docs""]",0.9603171348571776,"['4cbbd2552ba0de273e1dfe7d453c5b3efed751a3', '933ab6bb86372913c992567cf9660009900911a7', 'b7ce2894fd1794064bd6db4ed730bb6cb7728739', 'af880ac5b4fecbc6c4f3d1eee0d95f326e8bd9d1']",1.0,1.0,1.0,True,0.0,1024,False,4
"[""feat"", ""ci"", ""fix"", ""refactor""]","[""feat"", ""ci"", ""refactor"", ""fix""]",0.8805389404296875,"['f823cf28652987d43c8324b4f5b203240032383a', '45837af24a33308a70a3454f0f650f9fe728e272', '36556bf8e0bce4ab6d26eafacbdad04d9614a5d7', 'bed78248c941d57ad4cc20a455147e186e97c7a1']",1.0,1.0,1.0,True,0.0,1024,False,4
"[""feat"", ""docs"", ""build""]","[""refactor"", ""feat"", ""docs"", ""build""]",1.3677129745483398,"['63eab619e6166eb6cab948028a7b89bf059dd878', 'e137f9fdbdb6bf3f85c3f7ac9323785e445844c8', 'a52a585d74894b3b4eeb8c784fa089ff95cddad0', 'f00a4d3e307b89842250358ee432e6800bb24362']",1.0,0.75,0.8571428571428571,False,0.1428571428571428,1024,False,4
"[""fix"", ""build"", ""feat"", ""ci""]","[""build"", ""test"", ""ci"", ""refactor""]",0.8679251670837402,"['1269431c8a3e7549f10fcbbb4b88ff625c8898b3', '8ee0611fbf0cd89abe7ae588f22e6ecb843598ea', '45837af24a33308a70a3454f0f650f9fe728e272', '63eab619e6166eb6cab948028a7b89bf059dd878']",0.5,0.5,0.5,False,0.5714285714285714,1024,False,4
"[""build"", ""docs"", ""feat""]","[""build"", ""docs"", ""feat"", ""fix""]",0.9005250930786133,"['37b1cbfd3d2c462ef4f2a131e4172c38dc8d9ddf', '6d405dfc1675dcad64a2dfac0c0cb0fb28381d21', 'b282e90e2cbb74559aab79eee8443a4d7c85502a', '2561f4ade46fc9d59f289f328cc77733a6443697']",1.0,0.75,0.8571428571428571,False,0.1428571428571428,1024,False,4
"[""build"", ""test"", ""ci""]","[""build"", ""test"", ""ci"", ""feat""]",1.315814733505249,"['c55591ba157298a9c5816693c102a89dfd058830', '317f4eefecddfb1392ca71d551840f446feee302', 'c5fa7b80438fbd74f4c341f0d3c9bd9e0f4910da', '6ed56ce9ae743ba9a87e6c9643cc06b1de7b748d']",1.0,0.75,0.8571428571428571,False,0.1428571428571428,1024,False,4
"[""fix"", ""build"", ""docs"", ""refactor""]","[""fix"", ""build"", ""docs"", ""refactor""]",0.8552718162536621,"['933ab6bb86372913c992567cf9660009900911a7', '5b81fde8a72cf2e69a10e9f5c4f0bea0a2b8c3e0', 'c2ee5cd5e709afd15c5565ee009a0d204403a119', '3cca5c314ad6feeffbfe1f14cf49ebd0fd9a95a2']",1.0,1.0,1.0,True,0.0,1024,False,4
"[""fix"", ""feat"", ""docs"", ""ci""]","[""fix"", ""feat"", ""docs"", ""ci""]",0.7908799648284912,"['933ab6bb86372913c992567cf9660009900911a7', 'dc5238b2bda98a7c4f2fe9584fc3b0191a408109', '036a0ff49a7dade0e04c9c07071a1ff49133ee24', 'e7a67d88173566be3cd3aed7e9eeb7e29aabbc57']",1.0,1.0,1.0,True,0.0,1024,False,4
"[""docs"", ""feat"", ""refactor""]","[""docs"", ""fix"", ""feat"", ""refactor""]",0.7672009468078613,"['af880ac5b4fecbc6c4f3d1eee0d95f326e8bd9d1', 'c8e0ae8612df3d6f2831acc004aaac332f6105e4', 'f9a094918b62534614c47aa8a13f33aec751a1e0', '47ef9104e4a89e80d7cc6c1950bc080841da4a7b']",1.0,0.75,0.8571428571428571,False,0.1428571428571428,1024,False,4
"[""fix"", ""feat"", ""ci""]","[""fix"", ""build"", ""feat"", ""ci""]",0.7130229473114014,"['d129eaf9125a967ac86c6c7276bbae6b4d50af36', '1269431c8a3e7549f10fcbbb4b88ff625c8898b3', 'e137f9fdbdb6bf3f85c3f7ac9323785e445844c8', '173553c0372e66e03bdab19e0e6c2dd44daa14a0']",1.0,0.75,0.8571428571428571,False,0.1428571428571428,1024,False,4
"[""feat"", ""refactor"", ""test"", ""build""]","[""feat"", ""refactor"", ""test"", ""build""]",1.0090601444244385,"['dc5238b2bda98a7c4f2fe9584fc3b0191a408109', '771857b1df9470ebc15357e8879118a72c649d5b', 'b7ce2894fd1794064bd6db4ed730bb6cb7728739', 'c323d59c607cabc91f17a78528d998f376f30b10']",1.0,1.0,1.0,True,0.0,1024,False,4
"[""build"", ""test"", ""ci"", ""fix""]","[""build"", ""test"", ""ci"", ""fix""]",0.8385999202728271,"['5b81fde8a72cf2e69a10e9f5c4f0bea0a2b8c3e0', 'b7ce2894fd1794064bd6db4ed730bb6cb7728739', '74e9de5ec97dc013a52aa063dff0f40ac74c407b', 'd129eaf9125a967ac86c6c7276bbae6b4d50af36']",1.0,1.0,1.0,True,0.0,1024,False,4
"[""test"", ""build"", ""ci""]","[""docs"", ""feat"", ""build"", ""ci""]",0.9508299827575684,"['af880ac5b4fecbc6c4f3d1eee0d95f326e8bd9d1', 'ded26d768ff432ad3bde3c0aa1e95ce50726100a', '454003841aabeb74396d73541378bfa59c75b5db', '4cbbd2552ba0de273e1dfe7d453c5b3efed751a3']",0.6666666666666666,0.5,0.5714285714285715,False,0.4285714285714285,1024,False,4
"[""docs"", ""feat"", ""ci"", ""build""]","[""docs"", ""refactor"", ""ci"", ""build""]",0.965566873550415,"['036a0ff49a7dade0e04c9c07071a1ff49133ee24', '535708ae50aecb452560a23356fd396f99ef13a2', 'e7a67d88173566be3cd3aed7e9eeb7e29aabbc57', 'c55591ba157298a9c5816693c102a89dfd058830']",0.75,0.75,0.75,False,0.2857142857142857,1024,False,4
"[""docs"", ""ci"", ""refactor""]","[""refactor"", ""ci"", ""fix"", ""docs""]",0.9196882247924804,"['2954a0955ce9af6acb345ed1e8328e145ad30475', '6c9cb638cb4d1ecc42632fcf389c24898c5b3244', 'd1d55e787b7d07f763852602b9939a5394607fd9', '6d405dfc1675dcad64a2dfac0c0cb0fb28381d21']",1.0,0.75,0.8571428571428571,False,0.1428571428571428,1024,False,4
"[""test"", ""ci"", ""docs"", ""refactor""]","[""test"", ""ci"", ""docs"", ""feat""]",0.8826448917388916,"['229b53a632ea97d47c4be11f096bdd828fb415d8', '4cbbd2552ba0de273e1dfe7d453c5b3efed751a3', 'bf83c9155e9bee6925aa7102fab53fb803d52533', 'ded26d768ff432ad3bde3c0aa1e95ce50726100a']",0.75,0.75,0.75,False,0.2857142857142857,1024,False,4
"[""refactor"", ""fix"", ""test"", ""feat""]","[""refactor"", ""fix"", ""test"", ""feat""]",0.927576780319214,"['47ef9104e4a89e80d7cc6c1950bc080841da4a7b', '9ef5c0d14193a9abb09b39856f58477d1f4b0d77', 'b7ce2894fd1794064bd6db4ed730bb6cb7728739', '1bcf88670b50155b50071e707f98f30cea0b7a24']",1.0,1.0,1.0,True,0.0,1024,False,4
"[""docs"", ""ci"", ""feat""]","[""docs"", ""feat"", ""ci"", ""refactor""]",1.5237388610839844,"['e12d9e77a6fd531a22325337838a841b1c67f00d', 'fd8e563cc19ca4684885d4692acee6bebcca4ada', '173553c0372e66e03bdab19e0e6c2dd44daa14a0', '535708ae50aecb452560a23356fd396f99ef13a2']",1.0,0.75,0.8571428571428571,False,0.1428571428571428,1024,False,4
"[""refactor"", ""feat"", ""ci"", ""docs""]","[""refactor"", ""feat"", ""docs"", ""ci""]",0.8338160514831543,"['1db13ec43727aca872a0f3836e4023ed85db665e', 'b282e90e2cbb74559aab79eee8443a4d7c85502a', 'e12d9e77a6fd531a22325337838a841b1c67f00d', '74e9de5ec97dc013a52aa063dff0f40ac74c407b']",1.0,1.0,1.0,True,0.0,1024,False,4
"[""docs"", ""ci"", ""refactor"", ""test""]","[""docs"", ""ci"", ""refactor"", ""test""]",0.7840240001678467,"['aca23027da1295c78fdf42ba9687d8ccc88784d7', '74e9de5ec97dc013a52aa063dff0f40ac74c407b', '2954a0955ce9af6acb345ed1e8328e145ad30475', 'f411e58cd510f8a2b980b2f1932003a0c0e9f8f3']",1.0,1.0,1.0,True,0.0,1024,False,4
"[""test"", ""ci"", ""fix""]","[""test"", ""docs"", ""ci"", ""fix""]",0.8767433166503906,"['b7ce2894fd1794064bd6db4ed730bb6cb7728739', 'af880ac5b4fecbc6c4f3d1eee0d95f326e8bd9d1', '6c9cb638cb4d1ecc42632fcf389c24898c5b3244', 'd129eaf9125a967ac86c6c7276bbae6b4d50af36']",1.0,0.75,0.8571428571428571,False,0.1428571428571428,1024,False,4
"[""ci"", ""fix"", ""build"", ""docs""]","[""ci"", ""refactor"", ""test"", ""docs""]",1.163604974746704,"['e7a67d88173566be3cd3aed7e9eeb7e29aabbc57', '36556bf8e0bce4ab6d26eafacbdad04d9614a5d7', '8ee0611fbf0cd89abe7ae588f22e6ecb843598ea', 'c2ee5cd5e709afd15c5565ee009a0d204403a119']",0.5,0.5,0.5,False,0.5714285714285714,1024,False,4
"[""docs"", ""test"", ""build""]","[""docs"", ""feat"", ""test"", ""build""]",0.8746578693389893,"['0cfc5633d37ea06f645649138323f1820e18bdee', 'fd8e563cc19ca4684885d4692acee6bebcca4ada', 'e9617f0854030e70365eb264bcb3b58078e79e9e', '1269431c8a3e7549f10fcbbb4b88ff625c8898b3']",1.0,0.75,0.8571428571428571,False,0.1428571428571428,1024,False,4
"[""refactor"", ""feat"", ""test""]","[""refactor"", ""feat"", ""test"", ""fix""]",0.931122064590454,"['47ef9104e4a89e80d7cc6c1950bc080841da4a7b', 'b282e90e2cbb74559aab79eee8443a4d7c85502a', 'e0198f74b81da3663144cfe1d971939319f82a0f', 'bed78248c941d57ad4cc20a455147e186e97c7a1']",1.0,0.75,0.8571428571428571,False,0.1428571428571428,1024,False,4
"[""build"", ""ci"", ""fix""]","[""build"", ""ci"", ""fix"", ""refactor""]",0.6816999912261963,"['454003841aabeb74396d73541378bfa59c75b5db', '173553c0372e66e03bdab19e0e6c2dd44daa14a0', 'd129eaf9125a967ac86c6c7276bbae6b4d50af36', '63eab619e6166eb6cab948028a7b89bf059dd878']",1.0,0.75,0.8571428571428571,False,0.1428571428571428,1024,False,4
"[""docs"", ""test"", ""build""]","[""test"", ""refactor"", ""docs"", ""feat""]",1.0597240924835205,"['e9617f0854030e70365eb264bcb3b58078e79e9e', '2954a0955ce9af6acb345ed1e8328e145ad30475', 'c2ee5cd5e709afd15c5565ee009a0d204403a119', '6ed56ce9ae743ba9a87e6c9643cc06b1de7b748d']",0.6666666666666666,0.5,0.5714285714285715,False,0.4285714285714285,1024,False,4
"[""build"", ""docs"", ""fix"", ""ci""]","[""build"", ""refactor"", ""fix"", ""ci""]",0.92124605178833,"['454003841aabeb74396d73541378bfa59c75b5db', 'a62314d9bb632be6af026686615d14b912250512', '06e2be4e2019b6fa714e1fcb34485860ef1ede79', '4cbbd2552ba0de273e1dfe7d453c5b3efed751a3']",0.75,0.75,0.75,False,0.2857142857142857,1024,False,4
"[""feat"", ""docs"", ""test"", ""ci""]","[""feat"", ""test"", ""refactor"", ""ci""]",1.1092569828033447,"['b282e90e2cbb74559aab79eee8443a4d7c85502a', 'e2e8ad25854bd1e7cdbc7f50b50bbd99e04ad47d', '63eab619e6166eb6cab948028a7b89bf059dd878', '6c9cb638cb4d1ecc42632fcf389c24898c5b3244']",0.75,0.75,0.75,False,0.2857142857142857,1024,False,4
"[""docs"", ""test"", ""refactor""]","[""docs"", ""fix"", ""test"", ""refactor""]",1.2339048385620115,"['0cfc5633d37ea06f645649138323f1820e18bdee', 'd1d55e787b7d07f763852602b9939a5394607fd9', 'e2e8ad25854bd1e7cdbc7f50b50bbd99e04ad47d', '062daa45cbd5dba6e96e95d8cdcaee89ae30a83c']",1.0,0.75,0.8571428571428571,False,0.1428571428571428,1024,False,4
"[""refactor"", ""fix"", ""docs"", ""ci""]","[""refactor"", ""fix"", ""docs"", ""ci""]",0.8362219333648682,"['47ef9104e4a89e80d7cc6c1950bc080841da4a7b', 'd129eaf9125a967ac86c6c7276bbae6b4d50af36', '0cfc5633d37ea06f645649138323f1820e18bdee', '45837af24a33308a70a3454f0f650f9fe728e272']",1.0,1.0,1.0,True,0.0,1024,False,4
"[""refactor"", ""build"", ""ci"", ""feat""]","[""fix"", ""build"", ""ci"", ""test""]",1.0159237384796145,"['bed78248c941d57ad4cc20a455147e186e97c7a1', '1269431c8a3e7549f10fcbbb4b88ff625c8898b3', '45837af24a33308a70a3454f0f650f9fe728e272', '8ee0611fbf0cd89abe7ae588f22e6ecb843598ea']",0.5,0.5,0.5,False,0.5714285714285714,1024,False,4
"[""build"", ""refactor"", ""ci"", ""docs""]","[""build"", ""fix"", ""ci"", ""docs""]",0.832711935043335,"['454003841aabeb74396d73541378bfa59c75b5db', 'bed78248c941d57ad4cc20a455147e186e97c7a1', '45837af24a33308a70a3454f0f650f9fe728e272', 'c2ee5cd5e709afd15c5565ee009a0d204403a119']",0.75,0.75,0.75,False,0.2857142857142857,1024,False,4
"[""ci"", ""fix"", ""refactor"", ""docs""]","[""ci"", ""refactor"", ""fix"", ""docs""]",1.132786989212036,"['dbb537a26e388a8d7d17faf131abc30c2f7a84e6', '3cca5c314ad6feeffbfe1f14cf49ebd0fd9a95a2', 'd1d55e787b7d07f763852602b9939a5394607fd9', '6d405dfc1675dcad64a2dfac0c0cb0fb28381d21']",1.0,1.0,1.0,True,0.0,1024,False,4
"[""refactor"", ""ci"", ""docs""]","[""fix"", ""ci"", ""docs"", ""refactor""]",1.158357858657837,"['2561f4ade46fc9d59f289f328cc77733a6443697', '6c9cb638cb4d1ecc42632fcf389c24898c5b3244', 'bf83c9155e9bee6925aa7102fab53fb803d52533', '771857b1df9470ebc15357e8879118a72c649d5b']",1.0,0.75,0.8571428571428571,False,0.1428571428571428,1024,False,4
"[""fix"", ""refactor"", ""build"", ""docs""]","[""fix"", ""feat"", ""build"", ""docs""]",0.8456449508666992,"['06e2be4e2019b6fa714e1fcb34485860ef1ede79', 'fd8e563cc19ca4684885d4692acee6bebcca4ada', '32b92cfa0b74a6c25990e32ac6aab12b8496794c', '6d405dfc1675dcad64a2dfac0c0cb0fb28381d21']",0.75,0.75,0.75,False,0.2857142857142857,1024,False,4
"[""build"", ""ci"", ""test"", ""feat""]","[""build"", ""ci"", ""test"", ""feat""]",0.7191691398620605,"['c55591ba157298a9c5816693c102a89dfd058830', '45837af24a33308a70a3454f0f650f9fe728e272', 'b7ce2894fd1794064bd6db4ed730bb6cb7728739', 'dc5238b2bda98a7c4f2fe9584fc3b0191a408109']",1.0,1.0,1.0,True,0.0,1024,False,4
"[""ci"", ""docs"", ""refactor"", ""test""]","[""ci"", ""docs"", ""feat"", ""test""]",0.8049540519714355,"['173553c0372e66e03bdab19e0e6c2dd44daa14a0', 'e12d9e77a6fd531a22325337838a841b1c67f00d', 'f823cf28652987d43c8324b4f5b203240032383a', '229b53a632ea97d47c4be11f096bdd828fb415d8']",0.75,0.75,0.75,False,0.2857142857142857,1024,False,4
"[""fix"", ""docs"", ""ci"", ""test""]","[""refactor"", ""docs"", ""ci"", ""test""]",2.030855178833008,"['36556bf8e0bce4ab6d26eafacbdad04d9614a5d7', 'aca23027da1295c78fdf42ba9687d8ccc88784d7', 'dbb537a26e388a8d7d17faf131abc30c2f7a84e6', '229b53a632ea97d47c4be11f096bdd828fb415d8']",0.75,0.75,0.75,False,0.2857142857142857,1024,False,4
"[""docs"", ""test"", ""fix""]","[""docs"", ""refactor"", ""test"", ""fix""]",0.8702709674835205,"['0cfc5633d37ea06f645649138323f1820e18bdee', '1db13ec43727aca872a0f3836e4023ed85db665e', '229b53a632ea97d47c4be11f096bdd828fb415d8', '9be725fa3906323d4bc9788f54eccf74109d632b']",1.0,0.75,0.8571428571428571,False,0.1428571428571428,1024,False,4
"[""ci"", ""docs"", ""refactor"", ""test""]","[""ci"", ""docs"", ""refactor"", ""test""]",1.34480881690979,"['c5fa7b80438fbd74f4c341f0d3c9bd9e0f4910da', 'bf83c9155e9bee6925aa7102fab53fb803d52533', '062daa45cbd5dba6e96e95d8cdcaee89ae30a83c', 'bedc7950b24c37809e36a585b7985d5aa5e3e458']",1.0,1.0,1.0,True,0.0,1024,False,4
"[""fix"", ""docs"", ""ci"", ""feat""]","[""fix"", ""docs"", ""ci"", ""feat""]",1.3969941139221191,"['9be725fa3906323d4bc9788f54eccf74109d632b', '036a0ff49a7dade0e04c9c07071a1ff49133ee24', '45837af24a33308a70a3454f0f650f9fe728e272', 'f823cf28652987d43c8324b4f5b203240032383a']",1.0,1.0,1.0,True,0.0,1024,False,4
"[""docs"", ""test"", ""build"", ""refactor""]","[""docs"", ""test"", ""build"", ""feat""]",1.0005059242248535,"['bf83c9155e9bee6925aa7102fab53fb803d52533', 'e0198f74b81da3663144cfe1d971939319f82a0f', 'f00a4d3e307b89842250358ee432e6800bb24362', 'ded26d768ff432ad3bde3c0aa1e95ce50726100a']",0.75,0.75,0.75,False,0.2857142857142857,1024,False,4
"[""docs"", ""test"", ""refactor""]","[""docs"", ""refactor"", ""test"", ""fix""]",3.2598252296447754,"['aca23027da1295c78fdf42ba9687d8ccc88784d7', '1db13ec43727aca872a0f3836e4023ed85db665e', 'f411e58cd510f8a2b980b2f1932003a0c0e9f8f3', '2561f4ade46fc9d59f289f328cc77733a6443697']",1.0,0.75,0.8571428571428571,False,0.1428571428571428,1024,False,4
"[""test"", ""build"", ""docs"", ""ci""]","[""test"", ""feat"", ""docs"", ""ci""]",1.8126299381256104,"['e0198f74b81da3663144cfe1d971939319f82a0f', 'f823cf28652987d43c8324b4f5b203240032383a', 'aca23027da1295c78fdf42ba9687d8ccc88784d7', 'e96487ad7ce90b141219d9032fa2bed68d5dae6a']",0.75,0.75,0.75,False,0.2857142857142857,1024,False,4
"[""feat"", ""build"", ""refactor"", ""docs""]","[""refactor"", ""build"", ""feat"", ""docs""]",0.9662880897521972,"['63eab619e6166eb6cab948028a7b89bf059dd878', '32b92cfa0b74a6c25990e32ac6aab12b8496794c', 'fd8e563cc19ca4684885d4692acee6bebcca4ada', 'a52a585d74894b3b4eeb8c784fa089ff95cddad0']",1.0,1.0,1.0,True,0.0,1024,False,4
"[""build"", ""fix"", ""test"", ""feat"", ""refactor""]","[""build"", ""fix"", ""test"", ""feat""]",0.772784948348999,"['37b1cbfd3d2c462ef4f2a131e4172c38dc8d9ddf', 'c8e0ae8612df3d6f2831acc004aaac332f6105e4', 'c7b25726df94a2530c9b1c0d2b6a0acaa103822f', '1bcf88670b50155b50071e707f98f30cea0b7a24']",0.8,1.0,0.888888888888889,False,0.1428571428571428,1024,False,4
"[""refactor"", ""ci"", ""docs"", ""build""]","[""refactor"", ""ci"", ""docs"", ""build""]",1.370511770248413,"['771857b1df9470ebc15357e8879118a72c649d5b', '6c9cb638cb4d1ecc42632fcf389c24898c5b3244', '6d405dfc1675dcad64a2dfac0c0cb0fb28381d21', '454003841aabeb74396d73541378bfa59c75b5db']",1.0,1.0,1.0,True,0.0,1024,False,4
"[""fix"", ""docs"", ""feat"", ""ci"", ""test""]","[""fix"", ""docs"", ""refactor"", ""ci"", ""test""]",1.2242329120635986,"['9be725fa3906323d4bc9788f54eccf74109d632b', 'bf83c9155e9bee6925aa7102fab53fb803d52533', '535708ae50aecb452560a23356fd396f99ef13a2', '4cbbd2552ba0de273e1dfe7d453c5b3efed751a3', 'bedc7950b24c37809e36a585b7985d5aa5e3e458']",0.8,0.8,0.8000000000000002,False,0.2857142857142857,1024,False,5
"[""test"", ""docs"", ""refactor""]","[""test"", ""docs"", ""refactor"", ""build"", ""feat""]",0.7642712593078613,"['229b53a632ea97d47c4be11f096bdd828fb415d8', 'bf83c9155e9bee6925aa7102fab53fb803d52533', '062daa45cbd5dba6e96e95d8cdcaee89ae30a83c', 'e4a11fd5c34942ba12737f1c8c084489428ee274', 'fd8e563cc19ca4684885d4692acee6bebcca4ada']",1.0,0.6,0.7499999999999999,False,0.2857142857142857,1024,False,5
"[""test"", ""ci"", ""build"", ""refactor""]","[""test"", ""ci"", ""fix"", ""build"", ""refactor""]",1.075124979019165,"['317f4eefecddfb1392ca71d551840f446feee302', 'e7a67d88173566be3cd3aed7e9eeb7e29aabbc57', 'd1d55e787b7d07f763852602b9939a5394607fd9', 'f00a4d3e307b89842250358ee432e6800bb24362', '771857b1df9470ebc15357e8879118a72c649d5b']",1.0,0.8,0.888888888888889,False,0.1428571428571428,1024,False,5
"[""ci"", ""refactor"", ""build"", ""test""]","[""ci"", ""refactor"", ""build"", ""test"", ""fix""]",0.8398778438568115,"['e7a67d88173566be3cd3aed7e9eeb7e29aabbc57', '47ef9104e4a89e80d7cc6c1950bc080841da4a7b', '5b81fde8a72cf2e69a10e9f5c4f0bea0a2b8c3e0', 'bedc7950b24c37809e36a585b7985d5aa5e3e458', '9ef5c0d14193a9abb09b39856f58477d1f4b0d77']",1.0,0.8,0.888888888888889,False,0.1428571428571428,1024,False,5
"[""build"", ""feat"", ""docs"", ""refactor""]","[""build"", ""fix"", ""feat"", ""refactor"", ""docs""]",0.7943601608276367,"['e4a11fd5c34942ba12737f1c8c084489428ee274', '9ef5c0d14193a9abb09b39856f58477d1f4b0d77', 'dc5238b2bda98a7c4f2fe9584fc3b0191a408109', '771857b1df9470ebc15357e8879118a72c649d5b', 'c2ee5cd5e709afd15c5565ee009a0d204403a119']",1.0,0.8,0.888888888888889,False,0.1428571428571428,1024,False,5
"[""docs"", ""test"", ""build"", ""fix"", ""feat""]","[""docs"", ""test"", ""build"", ""fix"", ""feat""]",0.7507362365722656,"['bf83c9155e9bee6925aa7102fab53fb803d52533', '229b53a632ea97d47c4be11f096bdd828fb415d8', 'c55591ba157298a9c5816693c102a89dfd058830', '06e2be4e2019b6fa714e1fcb34485860ef1ede79', 'f823cf28652987d43c8324b4f5b203240032383a']",1.0,1.0,1.0,True,0.0,1024,False,5
"[""ci"", ""build"", ""fix"", ""test"", ""feat""]","[""ci"", ""build"", ""fix"", ""test"", ""feat""]",1.397602081298828,"['e7a67d88173566be3cd3aed7e9eeb7e29aabbc57', 'c55591ba157298a9c5816693c102a89dfd058830', 'd129eaf9125a967ac86c6c7276bbae6b4d50af36', '229b53a632ea97d47c4be11f096bdd828fb415d8', '1bcf88670b50155b50071e707f98f30cea0b7a24']",1.0,1.0,1.0,True,0.0,1024,False,5
"[""refactor"", ""test"", ""ci"", ""fix""]","[""fix"", ""test"", ""build"", ""ci"", ""refactor""]",1.0214550495147705,"['2561f4ade46fc9d59f289f328cc77733a6443697', 'b7ce2894fd1794064bd6db4ed730bb6cb7728739', '1269431c8a3e7549f10fcbbb4b88ff625c8898b3', 'e96487ad7ce90b141219d9032fa2bed68d5dae6a', '36556bf8e0bce4ab6d26eafacbdad04d9614a5d7']",1.0,0.8,0.888888888888889,False,0.1428571428571428,1024,False,5
"[""docs"", ""ci"", ""feat"", ""test"", ""fix""]","[""docs"", ""ci"", ""refactor"", ""test"", ""fix""]",1.0481271743774414,"['bf83c9155e9bee6925aa7102fab53fb803d52533', 'e7a67d88173566be3cd3aed7e9eeb7e29aabbc57', '535708ae50aecb452560a23356fd396f99ef13a2', 'c7b25726df94a2530c9b1c0d2b6a0acaa103822f', '06e2be4e2019b6fa714e1fcb34485860ef1ede79']",0.8,0.8,0.8000000000000002,False,0.2857142857142857,1024,False,5
"[""fix"", ""docs"", ""build"", ""feat""]","[""refactor"", ""docs"", ""build"", ""feat"", ""fix""]",0.8494372367858887,"['36556bf8e0bce4ab6d26eafacbdad04d9614a5d7', 'c2ee5cd5e709afd15c5565ee009a0d204403a119', 'c55591ba157298a9c5816693c102a89dfd058830', '68278b00450f2679761a2999500f6d87a579376b', '9ef5c0d14193a9abb09b39856f58477d1f4b0d77']",1.0,0.8,0.888888888888889,False,0.1428571428571428,1024,False,5
"[""refactor"", ""build"", ""ci"", ""test""]","[""feat"", ""build"", ""fix"", ""ci"", ""test""]",1.1345429420471191,"['ded26d768ff432ad3bde3c0aa1e95ce50726100a', 'c323d59c607cabc91f17a78528d998f376f30b10', '2561f4ade46fc9d59f289f328cc77733a6443697', '45837af24a33308a70a3454f0f650f9fe728e272', 'e0198f74b81da3663144cfe1d971939319f82a0f']",0.75,0.6,0.6666666666666665,False,0.4285714285714285,1024,False,5
"[""ci"", ""docs"", ""test"", ""build"", ""feat""]","[""ci"", ""refactor"", ""test"", ""feat"", ""fix""]",1.0141091346740725,"['e96487ad7ce90b141219d9032fa2bed68d5dae6a', 'a62314d9bb632be6af026686615d14b912250512', 'c7b25726df94a2530c9b1c0d2b6a0acaa103822f', '6ed56ce9ae743ba9a87e6c9643cc06b1de7b748d', '9ef5c0d14193a9abb09b39856f58477d1f4b0d77']",0.6,0.6,0.6,False,0.5714285714285714,1024,False,5
"[""build"", ""ci"", ""docs"", ""fix""]","[""build"", ""refactor"", ""ci"", ""docs"", ""fix""]",0.738368034362793,"['c55591ba157298a9c5816693c102a89dfd058830', '63eab619e6166eb6cab948028a7b89bf059dd878', 'c5fa7b80438fbd74f4c341f0d3c9bd9e0f4910da', '036a0ff49a7dade0e04c9c07071a1ff49133ee24', '9be725fa3906323d4bc9788f54eccf74109d632b']",1.0,0.8,0.888888888888889,False,0.1428571428571428,1024,False,5
"[""docs"", ""ci"", ""feat"", ""fix""]","[""docs"", ""ci"", ""refactor"", ""build"", ""feat""]",0.8348000049591064,"['bf83c9155e9bee6925aa7102fab53fb803d52533', '173553c0372e66e03bdab19e0e6c2dd44daa14a0', '535708ae50aecb452560a23356fd396f99ef13a2', '1269431c8a3e7549f10fcbbb4b88ff625c8898b3', 'f823cf28652987d43c8324b4f5b203240032383a']",0.75,0.6,0.6666666666666665,False,0.4285714285714285,1024,False,5
"[""test"", ""refactor"", ""fix"", ""docs""]","[""test"", ""feat"", ""refactor"", ""fix"", ""docs""]",0.8138186931610107,"['bedc7950b24c37809e36a585b7985d5aa5e3e458', 'fd8e563cc19ca4684885d4692acee6bebcca4ada', '062daa45cbd5dba6e96e95d8cdcaee89ae30a83c', 'c8e0ae8612df3d6f2831acc004aaac332f6105e4', '036a0ff49a7dade0e04c9c07071a1ff49133ee24']",1.0,0.8,0.888888888888889,False,0.1428571428571428,1024,False,5
"[""docs"", ""ci"", ""refactor"", ""test""]","[""docs"", ""build"", ""ci"", ""fix"", ""test""]",0.8774318695068359,"['c2ee5cd5e709afd15c5565ee009a0d204403a119', '1269431c8a3e7549f10fcbbb4b88ff625c8898b3', 'e7a67d88173566be3cd3aed7e9eeb7e29aabbc57', 'bed78248c941d57ad4cc20a455147e186e97c7a1', 'e9617f0854030e70365eb264bcb3b58078e79e9e']",0.75,0.6,0.6666666666666665,False,0.4285714285714285,1024,False,5
"[""fix"", ""ci"", ""docs"", ""test"", ""build""]","[""refactor"", ""ci"", ""docs"", ""test"", ""build""]",0.9558370113372804,"['3cca5c314ad6feeffbfe1f14cf49ebd0fd9a95a2', 'dbb537a26e388a8d7d17faf131abc30c2f7a84e6', 'e12d9e77a6fd531a22325337838a841b1c67f00d', 'c7b25726df94a2530c9b1c0d2b6a0acaa103822f', '37b1cbfd3d2c462ef4f2a131e4172c38dc8d9ddf']",0.8,0.8,0.8000000000000002,False,0.2857142857142857,1024,False,5
"[""test"", ""ci"", ""fix""]","[""test"", ""feat"", ""ci"", ""refactor"", ""fix""]",1.1381969451904297,"['229b53a632ea97d47c4be11f096bdd828fb415d8', 'b282e90e2cbb74559aab79eee8443a4d7c85502a', 'dbb537a26e388a8d7d17faf131abc30c2f7a84e6', '3cca5c314ad6feeffbfe1f14cf49ebd0fd9a95a2', '933ab6bb86372913c992567cf9660009900911a7']",1.0,0.6,0.7499999999999999,False,0.2857142857142857,1024,False,5
"[""build"", ""fix"", ""ci"", ""docs""]","[""build"", ""fix"", ""ci"", ""refactor"", ""docs""]",0.7404608726501465,"['37b1cbfd3d2c462ef4f2a131e4172c38dc8d9ddf', '06e2be4e2019b6fa714e1fcb34485860ef1ede79', 'c5fa7b80438fbd74f4c341f0d3c9bd9e0f4910da', '1db13ec43727aca872a0f3836e4023ed85db665e', 'a52a585d74894b3b4eeb8c784fa089ff95cddad0']",1.0,0.8,0.888888888888889,False,0.1428571428571428,1024,False,5
"[""build"", ""docs"", ""ci"", ""test"", ""feat""]","[""build"", ""docs"", ""ci"", ""test"", ""feat""]",0.9898250102996826,"['c44cf88a6ec54e5ddd99d8348bcc57b301ec7945', '6d405dfc1675dcad64a2dfac0c0cb0fb28381d21', 'e7a67d88173566be3cd3aed7e9eeb7e29aabbc57', 'f411e58cd510f8a2b980b2f1932003a0c0e9f8f3', 'f823cf28652987d43c8324b4f5b203240032383a']",1.0,1.0,1.0,True,0.0,1024,False,5
"[""feat"", ""fix"", ""refactor"", ""build"", ""test""]","[""feat"", ""fix"", ""refactor"", ""build"", ""test""]",0.7800800800323486,"['f823cf28652987d43c8324b4f5b203240032383a', 'c8e0ae8612df3d6f2831acc004aaac332f6105e4', '47ef9104e4a89e80d7cc6c1950bc080841da4a7b', 'e4a11fd5c34942ba12737f1c8c084489428ee274', 'c7b25726df94a2530c9b1c0d2b6a0acaa103822f']",1.0,1.0,1.0,True,0.0,1024,False,5
"[""refactor"", ""build"", ""ci"", ""docs"", ""test""]","[""refactor"", ""build"", ""ci"", ""docs"", ""test""]",0.7185087203979492,"['1db13ec43727aca872a0f3836e4023ed85db665e', '32b92cfa0b74a6c25990e32ac6aab12b8496794c', 'e96487ad7ce90b141219d9032fa2bed68d5dae6a', '6d405dfc1675dcad64a2dfac0c0cb0fb28381d21', 'e2e8ad25854bd1e7cdbc7f50b50bbd99e04ad47d']",1.0,1.0,1.0,True,0.0,1024,False,5
"[""build"", ""test"", ""ci"", ""fix"", ""refactor""]","[""build"", ""test"", ""refactor"", ""ci"", ""fix""]",0.9536130428314208,"['37b1cbfd3d2c462ef4f2a131e4172c38dc8d9ddf', 'f411e58cd510f8a2b980b2f1932003a0c0e9f8f3', '1db13ec43727aca872a0f3836e4023ed85db665e', 'c5fa7b80438fbd74f4c341f0d3c9bd9e0f4910da', 'd129eaf9125a967ac86c6c7276bbae6b4d50af36']",1.0,1.0,1.0,True,0.0,1024,False,5
"[""build"", ""docs"", ""ci"", ""test"", ""refactor""]","[""build"", ""docs"", ""ci"", ""test"", ""fix""]",0.9006152153015137,"['c55591ba157298a9c5816693c102a89dfd058830', 'a52a585d74894b3b4eeb8c784fa089ff95cddad0', '6c9cb638cb4d1ecc42632fcf389c24898c5b3244', 'c7b25726df94a2530c9b1c0d2b6a0acaa103822f', 'bed78248c941d57ad4cc20a455147e186e97c7a1']",0.8,0.8,0.8000000000000002,False,0.2857142857142857,1024,False,5
"[""fix"", ""ci"", ""build"", ""refactor""]","[""fix"", ""ci"", ""feat"", ""build"", ""refactor""]",1.3475449085235596,"['9ef5c0d14193a9abb09b39856f58477d1f4b0d77', 'dbb537a26e388a8d7d17faf131abc30c2f7a84e6', '6ed56ce9ae743ba9a87e6c9643cc06b1de7b748d', 'e4a11fd5c34942ba12737f1c8c084489428ee274', '1db13ec43727aca872a0f3836e4023ed85db665e']",1.0,0.8,0.888888888888889,False,0.1428571428571428,1024,False,5
"[""refactor"", ""build"", ""test""]","[""fix"", ""build"", ""refactor"", ""feat"", ""test""]",0.7783470153808594,"['bed78248c941d57ad4cc20a455147e186e97c7a1', 'e4a11fd5c34942ba12737f1c8c084489428ee274', '062daa45cbd5dba6e96e95d8cdcaee89ae30a83c', 'f823cf28652987d43c8324b4f5b203240032383a', 'c7b25726df94a2530c9b1c0d2b6a0acaa103822f']",1.0,0.6,0.7499999999999999,False,0.2857142857142857,1024,False,5
"[""feat"", ""test"", ""docs"", ""refactor"", ""build""]","[""fix"", ""test"", ""feat"", ""docs"", ""build""]",0.7972838878631592,"['87d5d4e55ab7149b593d29410f1fe426ba2447d4', 'bedc7950b24c37809e36a585b7985d5aa5e3e458', 'ded26d768ff432ad3bde3c0aa1e95ce50726100a', 'a52a585d74894b3b4eeb8c784fa089ff95cddad0', 'c323d59c607cabc91f17a78528d998f376f30b10']",0.8,0.8,0.8000000000000002,False,0.2857142857142857,1024,False,5
"[""build"", ""docs"", ""refactor"", ""fix""]","[""test"", ""docs"", ""feat"", ""build"", ""fix""]",1.080681085586548,"['8ee0611fbf0cd89abe7ae588f22e6ecb843598ea', 'c2ee5cd5e709afd15c5565ee009a0d204403a119', 'fd8e563cc19ca4684885d4692acee6bebcca4ada', '1269431c8a3e7549f10fcbbb4b88ff625c8898b3', '06e2be4e2019b6fa714e1fcb34485860ef1ede79']",0.75,0.6,0.6666666666666665,False,0.4285714285714285,1024,False,5
"[""docs"", ""test"", ""feat""]","[""docs"", ""feat"", ""build"", ""refactor"", ""test""]",0.715162992477417,"['a52a585d74894b3b4eeb8c784fa089ff95cddad0', 'f9a094918b62534614c47aa8a13f33aec751a1e0', '1269431c8a3e7549f10fcbbb4b88ff625c8898b3', '535708ae50aecb452560a23356fd396f99ef13a2', 'e0198f74b81da3663144cfe1d971939319f82a0f']",1.0,0.6,0.7499999999999999,False,0.2857142857142857,1024,False,5
"[""fix"", ""feat"", ""test"", ""refactor"", ""build""]","[""fix"", ""feat"", ""test"", ""refactor"", ""build""]",0.9184529781341552,"['d129eaf9125a967ac86c6c7276bbae6b4d50af36', '68278b00450f2679761a2999500f6d87a579376b', 'e2e8ad25854bd1e7cdbc7f50b50bbd99e04ad47d', '771857b1df9470ebc15357e8879118a72c649d5b', 'f00a4d3e307b89842250358ee432e6800bb24362']",1.0,1.0,1.0,True,0.0,1024,False,5
"[""fix"", ""build"", ""test"", ""docs""]","[""fix"", ""build"", ""refactor"", ""test"", ""docs""]",0.746690034866333,"['933ab6bb86372913c992567cf9660009900911a7', '37b1cbfd3d2c462ef4f2a131e4172c38dc8d9ddf', '1db13ec43727aca872a0f3836e4023ed85db665e', 'c7b25726df94a2530c9b1c0d2b6a0acaa103822f', 'e12d9e77a6fd531a22325337838a841b1c67f00d']",1.0,0.8,0.888888888888889,False,0.1428571428571428,1024,False,5
"[""fix"", ""ci"", ""docs"", ""build"", ""feat""]","[""fix"", ""ci"", ""docs"", ""build"", ""feat""]",1.0092909336090088,"['06e2be4e2019b6fa714e1fcb34485860ef1ede79', '4cbbd2552ba0de273e1dfe7d453c5b3efed751a3', 'cb1f48b56ae0de93acb72e48726c7d610a1d538e', 'c323d59c607cabc91f17a78528d998f376f30b10', 'f9a094918b62534614c47aa8a13f33aec751a1e0']",1.0,1.0,1.0,True,0.0,1024,False,5
"[""fix"", ""build"", ""feat"", ""docs""]","[""feat"", ""build"", ""refactor"", ""docs"", ""fix""]",1.1079590320587158,"['fd8e563cc19ca4684885d4692acee6bebcca4ada', 'f00a4d3e307b89842250358ee432e6800bb24362', '535708ae50aecb452560a23356fd396f99ef13a2', 'e12d9e77a6fd531a22325337838a841b1c67f00d', '9be725fa3906323d4bc9788f54eccf74109d632b']",1.0,0.8,0.888888888888889,False,0.1428571428571428,1024,False,5
"[""test"", ""docs"", ""refactor"", ""ci"", ""feat""]","[""test"", ""docs"", ""refactor"", ""ci"", ""feat""]",0.9074790477752686,"['229b53a632ea97d47c4be11f096bdd828fb415d8', 'bf83c9155e9bee6925aa7102fab53fb803d52533', '062daa45cbd5dba6e96e95d8cdcaee89ae30a83c', '32845e1bbd1efb5dbc16f671049509a409ba25ce', 'dc5238b2bda98a7c4f2fe9584fc3b0191a408109']",1.0,1.0,1.0,True,0.0,1024,False,5
"[""build"", ""docs"", ""test"", ""refactor""]","[""build"", ""docs"", ""fix"", ""test"", ""refactor""]",2.159250020980835,"['454003841aabeb74396d73541378bfa59c75b5db', 'e12d9e77a6fd531a22325337838a841b1c67f00d', 'bed78248c941d57ad4cc20a455147e186e97c7a1', 'f411e58cd510f8a2b980b2f1932003a0c0e9f8f3', '062daa45cbd5dba6e96e95d8cdcaee89ae30a83c']",1.0,0.8,0.888888888888889,False,0.1428571428571428,1024,False,5
"[""build"", ""ci"", ""docs"", ""test"", ""refactor""]","[""build"", ""ci"", ""docs"", ""test"", ""refactor""]",0.9198379516601562,"['5b81fde8a72cf2e69a10e9f5c4f0bea0a2b8c3e0', '74e9de5ec97dc013a52aa063dff0f40ac74c407b', 'a52a585d74894b3b4eeb8c784fa089ff95cddad0', 'e0198f74b81da3663144cfe1d971939319f82a0f', '062daa45cbd5dba6e96e95d8cdcaee89ae30a83c']",1.0,1.0,1.0,True,0.0,1024,False,5
"[""build"", ""ci"", ""docs"", ""refactor""]","[""build"", ""ci"", ""docs"", ""refactor"", ""fix""]",0.9192209243774414,"['32b92cfa0b74a6c25990e32ac6aab12b8496794c', '6c9cb638cb4d1ecc42632fcf389c24898c5b3244', 'aca23027da1295c78fdf42ba9687d8ccc88784d7', '47ef9104e4a89e80d7cc6c1950bc080841da4a7b', '2561f4ade46fc9d59f289f328cc77733a6443697']",1.0,0.8,0.888888888888889,False,0.1428571428571428,1024,False,5
"[""test"", ""docs"", ""feat"", ""build""]","[""test"", ""docs"", ""fix"", ""feat"", ""build""]",0.919342041015625,"['e0198f74b81da3663144cfe1d971939319f82a0f', 'c2ee5cd5e709afd15c5565ee009a0d204403a119', '9ef5c0d14193a9abb09b39856f58477d1f4b0d77', 'f823cf28652987d43c8324b4f5b203240032383a', 'c44cf88a6ec54e5ddd99d8348bcc57b301ec7945']",1.0,0.8,0.888888888888889,False,0.1428571428571428,1024,False,5
"[""fix"", ""ci"", ""build"", ""test"", ""refactor""]","[""refactor"", ""ci"", ""test"", ""build"", ""feat""]",0.8178551197052002,"['3cca5c314ad6feeffbfe1f14cf49ebd0fd9a95a2', '32845e1bbd1efb5dbc16f671049509a409ba25ce', 'e9617f0854030e70365eb264bcb3b58078e79e9e', '454003841aabeb74396d73541378bfa59c75b5db', 'fd8e563cc19ca4684885d4692acee6bebcca4ada']",0.8,0.8,0.8000000000000002,False,0.2857142857142857,1024,False,5
"[""refactor"", ""build"", ""feat""]","[""refactor"", ""feat"", ""build"", ""fix"", ""test""]",0.8187098503112793,"['062daa45cbd5dba6e96e95d8cdcaee89ae30a83c', 'f823cf28652987d43c8324b4f5b203240032383a', 'c44cf88a6ec54e5ddd99d8348bcc57b301ec7945', '933ab6bb86372913c992567cf9660009900911a7', '8ee0611fbf0cd89abe7ae588f22e6ecb843598ea']",1.0,0.6,0.7499999999999999,False,0.2857142857142857,1024,False,5
"[""fix"", ""test"", ""docs"", ""feat"", ""ci""]","[""refactor"", ""test"", ""docs"", ""feat"", ""ci""]",0.9835829734802246,"['36556bf8e0bce4ab6d26eafacbdad04d9614a5d7', '317f4eefecddfb1392ca71d551840f446feee302', '036a0ff49a7dade0e04c9c07071a1ff49133ee24', 'e137f9fdbdb6bf3f85c3f7ac9323785e445844c8', 'e7a67d88173566be3cd3aed7e9eeb7e29aabbc57']",0.8,0.8,0.8000000000000002,False,0.2857142857142857,1024,False,5
"[""test"", ""ci"", ""refactor"", ""feat""]","[""test"", ""ci"", ""refactor"", ""feat"", ""fix""]",0.7960078716278076,"['e0198f74b81da3663144cfe1d971939319f82a0f', '173553c0372e66e03bdab19e0e6c2dd44daa14a0', '062daa45cbd5dba6e96e95d8cdcaee89ae30a83c', 'f823cf28652987d43c8324b4f5b203240032383a', 'bed78248c941d57ad4cc20a455147e186e97c7a1']",1.0,0.8,0.888888888888889,False,0.1428571428571428,1024,False,5
"[""ci"", ""refactor"", ""fix""]","[""ci"", ""refactor"", ""docs"", ""fix"", ""feat""]",1.2880399227142334,"['32845e1bbd1efb5dbc16f671049509a409ba25ce', '63eab619e6166eb6cab948028a7b89bf059dd878', 'af880ac5b4fecbc6c4f3d1eee0d95f326e8bd9d1', '9be725fa3906323d4bc9788f54eccf74109d632b', 'fd8e563cc19ca4684885d4692acee6bebcca4ada']",1.0,0.6,0.7499999999999999,False,0.2857142857142857,1024,False,5
"[""docs"", ""fix"", ""refactor"", ""test"", ""build""]","[""docs"", ""refactor"", ""fix"", ""test"", ""build""]",1.5320727825164795,"['bf83c9155e9bee6925aa7102fab53fb803d52533', '3cca5c314ad6feeffbfe1f14cf49ebd0fd9a95a2', '2561f4ade46fc9d59f289f328cc77733a6443697', '317f4eefecddfb1392ca71d551840f446feee302', '454003841aabeb74396d73541378bfa59c75b5db']",1.0,1.0,1.0,True,0.0,1024,False,5
"[""test"", ""ci"", ""fix"", ""docs"", ""refactor""]","[""test"", ""ci"", ""fix"", ""docs"", ""refactor""]",0.7486000061035156,"['317f4eefecddfb1392ca71d551840f446feee302', '32845e1bbd1efb5dbc16f671049509a409ba25ce', 'c8e0ae8612df3d6f2831acc004aaac332f6105e4', '6d405dfc1675dcad64a2dfac0c0cb0fb28381d21', '062daa45cbd5dba6e96e95d8cdcaee89ae30a83c']",1.0,1.0,1.0,True,0.0,1024,False,5
"[""build"", ""ci"", ""test"", ""docs"", ""feat""]","[""build"", ""ci"", ""test"", ""docs"", ""feat""]",0.987924098968506,"['c55591ba157298a9c5816693c102a89dfd058830', 'dbb537a26e388a8d7d17faf131abc30c2f7a84e6', 'e0198f74b81da3663144cfe1d971939319f82a0f', '0cfc5633d37ea06f645649138323f1820e18bdee', 'dc5238b2bda98a7c4f2fe9584fc3b0191a408109']",1.0,1.0,1.0,True,0.0,1024,False,5
"[""feat"", ""test"", ""refactor"", ""ci""]","[""refactor"", ""feat"", ""test"", ""fix"", ""ci""]",1.2595810890197754,"['535708ae50aecb452560a23356fd396f99ef13a2', 'dc5238b2bda98a7c4f2fe9584fc3b0191a408109', 'e2e8ad25854bd1e7cdbc7f50b50bbd99e04ad47d', '2561f4ade46fc9d59f289f328cc77733a6443697', 'c5fa7b80438fbd74f4c341f0d3c9bd9e0f4910da']",1.0,0.8,0.888888888888889,False,0.1428571428571428,1024,False,5
"[""ci"", ""test"", ""refactor"", ""build""]","[""ci"", ""docs"", ""refactor"", ""build"", ""test""]",0.8222877979278564,"['c5fa7b80438fbd74f4c341f0d3c9bd9e0f4910da', 'af880ac5b4fecbc6c4f3d1eee0d95f326e8bd9d1', '47ef9104e4a89e80d7cc6c1950bc080841da4a7b', '37b1cbfd3d2c462ef4f2a131e4172c38dc8d9ddf', 'c7b25726df94a2530c9b1c0d2b6a0acaa103822f']",1.0,0.8,0.888888888888889,False,0.1428571428571428,1024,False,5
"[""build"", ""docs"", ""test"", ""feat""]","[""build"", ""docs"", ""refactor"", ""test"", ""feat""]",0.7727599143981934,"['454003841aabeb74396d73541378bfa59c75b5db', 'aca23027da1295c78fdf42ba9687d8ccc88784d7', '771857b1df9470ebc15357e8879118a72c649d5b', 'bedc7950b24c37809e36a585b7985d5aa5e3e458', 'e137f9fdbdb6bf3f85c3f7ac9323785e445844c8']",1.0,0.8,0.888888888888889,False,0.1428571428571428,1024,False,5
"[""ci"", ""refactor"", ""fix"", ""docs"", ""build"", ""test""]","[""ci"", ""feat"", ""fix"", ""docs"", ""test""]",1.149632215499878,"['74e9de5ec97dc013a52aa063dff0f40ac74c407b', 'ded26d768ff432ad3bde3c0aa1e95ce50726100a', '9be725fa3906323d4bc9788f54eccf74109d632b', 'a52a585d74894b3b4eeb8c784fa089ff95cddad0', 'e9617f0854030e70365eb264bcb3b58078e79e9e']",0.6666666666666666,0.8,0.7272727272727272,False,0.4285714285714285,1024,False,5
"[""feat"", ""build"", ""test"", ""docs"", ""refactor""]","[""feat"", ""build"", ""test"", ""docs"", ""fix""]",0.9026551246643066,"['f9a094918b62534614c47aa8a13f33aec751a1e0', 'e4a11fd5c34942ba12737f1c8c084489428ee274', '229b53a632ea97d47c4be11f096bdd828fb415d8', '036a0ff49a7dade0e04c9c07071a1ff49133ee24', '2561f4ade46fc9d59f289f328cc77733a6443697']",0.8,0.8,0.8000000000000002,False,0.2857142857142857,1024,False,5
"[""build"", ""docs"", ""test"", ""ci"", ""refactor""]","[""build"", ""docs"", ""test"", ""fix"", ""ci""]",0.9324228763580322,"['e4a11fd5c34942ba12737f1c8c084489428ee274', 'aca23027da1295c78fdf42ba9687d8ccc88784d7', 'e9617f0854030e70365eb264bcb3b58078e79e9e', '9ef5c0d14193a9abb09b39856f58477d1f4b0d77', '4cbbd2552ba0de273e1dfe7d453c5b3efed751a3']",0.8,0.8,0.8000000000000002,False,0.2857142857142857,1024,False,5
"[""feat"", ""build"", ""ci"", ""docs"", ""test""]","[""feat"", ""fix"", ""ci"", ""docs"", ""test""]",1.0289852619171145,"['f9a094918b62534614c47aa8a13f33aec751a1e0', '2561f4ade46fc9d59f289f328cc77733a6443697', '45837af24a33308a70a3454f0f650f9fe728e272', '036a0ff49a7dade0e04c9c07071a1ff49133ee24', 'b7ce2894fd1794064bd6db4ed730bb6cb7728739']",0.8,0.8,0.8000000000000002,False,0.2857142857142857,1024,False,5
"[""refactor"", ""build"", ""docs""]","[""feat"", ""refactor"", ""build"", ""fix"", ""docs""]",0.9932971000671388,"['ded26d768ff432ad3bde3c0aa1e95ce50726100a', '062daa45cbd5dba6e96e95d8cdcaee89ae30a83c', '37b1cbfd3d2c462ef4f2a131e4172c38dc8d9ddf', '933ab6bb86372913c992567cf9660009900911a7', '036a0ff49a7dade0e04c9c07071a1ff49133ee24']",1.0,0.6,0.7499999999999999,False,0.2857142857142857,1024,False,5
"[""test"", ""build"", ""feat"", ""fix"", ""docs""]","[""test"", ""build"", ""feat"", ""fix"", ""docs""]",0.8516998291015625,"['f411e58cd510f8a2b980b2f1932003a0c0e9f8f3', 'c44cf88a6ec54e5ddd99d8348bcc57b301ec7945', '1bcf88670b50155b50071e707f98f30cea0b7a24', '9be725fa3906323d4bc9788f54eccf74109d632b', 'a52a585d74894b3b4eeb8c784fa089ff95cddad0']",1.0,1.0,1.0,True,0.0,1024,False,5
"[""fix"", ""build"", ""test"", ""ci"", ""docs""]","[""fix"", ""feat"", ""test"", ""ci"", ""docs""]",0.7346150875091553,"['933ab6bb86372913c992567cf9660009900911a7', '6ed56ce9ae743ba9a87e6c9643cc06b1de7b748d', 'e2e8ad25854bd1e7cdbc7f50b50bbd99e04ad47d', 'e96487ad7ce90b141219d9032fa2bed68d5dae6a', '036a0ff49a7dade0e04c9c07071a1ff49133ee24']",0.8,0.8,0.8000000000000002,False,0.2857142857142857,1024,False,5
"[""test"", ""fix"", ""ci"", ""build"", ""feat""]","[""test"", ""refactor"", ""ci"", ""build"", ""fix""]",1.619290828704834,"['e0198f74b81da3663144cfe1d971939319f82a0f', '3cca5c314ad6feeffbfe1f14cf49ebd0fd9a95a2', '45837af24a33308a70a3454f0f650f9fe728e272', '5b81fde8a72cf2e69a10e9f5c4f0bea0a2b8c3e0', '9ef5c0d14193a9abb09b39856f58477d1f4b0d77']",0.8,0.8,0.8000000000000002,False,0.2857142857142857,1024,False,5
"[""build"", ""feat"", ""ci"", ""test""]","[""build"", ""feat"", ""refactor"", ""ci"", ""test""]",0.9934489727020264,"['c55591ba157298a9c5816693c102a89dfd058830', '1bcf88670b50155b50071e707f98f30cea0b7a24', '1db13ec43727aca872a0f3836e4023ed85db665e', 'dbb537a26e388a8d7d17faf131abc30c2f7a84e6', 'e2e8ad25854bd1e7cdbc7f50b50bbd99e04ad47d']",1.0,0.8,0.888888888888889,False,0.1428571428571428,1024,False,5
"[""feat"", ""docs"", ""test"", ""ci"", ""build""]","[""feat"", ""refactor"", ""test"", ""ci"", ""build""]",0.8144607543945312,"['e137f9fdbdb6bf3f85c3f7ac9323785e445844c8', 'a62314d9bb632be6af026686615d14b912250512', 'b7ce2894fd1794064bd6db4ed730bb6cb7728739', '45837af24a33308a70a3454f0f650f9fe728e272', '454003841aabeb74396d73541378bfa59c75b5db']",0.8,0.8,0.8000000000000002,False,0.2857142857142857,1024,False,5
"[""test"", ""fix"", ""build"", ""feat"", ""docs""]","[""test"", ""fix"", ""build"", ""refactor"", ""docs""]",1.022202968597412,"['317f4eefecddfb1392ca71d551840f446feee302', '06e2be4e2019b6fa714e1fcb34485860ef1ede79', '32b92cfa0b74a6c25990e32ac6aab12b8496794c', '535708ae50aecb452560a23356fd396f99ef13a2', 'aca23027da1295c78fdf42ba9687d8ccc88784d7']",0.8,0.8,0.8000000000000002,False,0.2857142857142857,1024,False,5
"[""ci"", ""build"", ""fix"", ""test"", ""docs""]","[""ci"", ""feat"", ""build"", ""fix"", ""test""]",1.7386062145233154,"['173553c0372e66e03bdab19e0e6c2dd44daa14a0', '6ed56ce9ae743ba9a87e6c9643cc06b1de7b748d', '32b92cfa0b74a6c25990e32ac6aab12b8496794c', '933ab6bb86372913c992567cf9660009900911a7', 'e9617f0854030e70365eb264bcb3b58078e79e9e']",0.8,0.8,0.8000000000000002,False,0.2857142857142857,1024,False,5
"[""ci"", ""test"", ""fix"", ""feat"", ""build""]","[""ci"", ""test"", ""fix"", ""feat"", ""build""]",0.7842791080474854,"['dbb537a26e388a8d7d17faf131abc30c2f7a84e6', 'e2e8ad25854bd1e7cdbc7f50b50bbd99e04ad47d', '933ab6bb86372913c992567cf9660009900911a7', 'b282e90e2cbb74559aab79eee8443a4d7c85502a', 'c55591ba157298a9c5816693c102a89dfd058830']",1.0,1.0,1.0,True,0.0,1024,False,5
"[""test"", ""build"", ""refactor"", ""fix"", ""ci""]","[""test"", ""build"", ""feat"", ""fix"", ""ci""]",1.3600218296051023,"['317f4eefecddfb1392ca71d551840f446feee302', 'e4a11fd5c34942ba12737f1c8c084489428ee274', 'ded26d768ff432ad3bde3c0aa1e95ce50726100a', 'd129eaf9125a967ac86c6c7276bbae6b4d50af36', '173553c0372e66e03bdab19e0e6c2dd44daa14a0']",0.8,0.8,0.8000000000000002,False,0.2857142857142857,1024,False,5
"[""test"", ""build"", ""refactor"", ""docs""]","[""test"", ""build"", ""refactor"", ""docs"", ""feat""]",1.66243314743042,"['bedc7950b24c37809e36a585b7985d5aa5e3e458', '5b81fde8a72cf2e69a10e9f5c4f0bea0a2b8c3e0', '47ef9104e4a89e80d7cc6c1950bc080841da4a7b', 'aca23027da1295c78fdf42ba9687d8ccc88784d7', 'f823cf28652987d43c8324b4f5b203240032383a']",1.0,0.8,0.888888888888889,False,0.1428571428571428,1024,False,5
"[""build"", ""ci"", ""refactor"", ""docs"", ""fix""]","[""build"", ""ci"", ""feat"", ""docs"", ""fix""]",1.0002930164337158,"['5b81fde8a72cf2e69a10e9f5c4f0bea0a2b8c3e0', 'c5fa7b80438fbd74f4c341f0d3c9bd9e0f4910da', '68278b00450f2679761a2999500f6d87a579376b', 'a52a585d74894b3b4eeb8c784fa089ff95cddad0', '06e2be4e2019b6fa714e1fcb34485860ef1ede79']",0.8,0.8,0.8000000000000002,False,0.2857142857142857,1024,False,5
"[""test"", ""build"", ""fix"", ""ci"", ""feat""]","[""test"", ""build"", ""refactor"", ""fix"", ""ci""]",1.6346640586853027,"['e0198f74b81da3663144cfe1d971939319f82a0f', '5b81fde8a72cf2e69a10e9f5c4f0bea0a2b8c3e0', '3cca5c314ad6feeffbfe1f14cf49ebd0fd9a95a2', '87d5d4e55ab7149b593d29410f1fe426ba2447d4', '74e9de5ec97dc013a52aa063dff0f40ac74c407b']",0.8,0.8,0.8000000000000002,False,0.2857142857142857,1024,False,5
"[""build"", ""ci"", ""test"", ""docs"", ""fix""]","[""feat"", ""build"", ""fix"", ""ci"", ""test""]",0.9079439640045166,"['6ed56ce9ae743ba9a87e6c9643cc06b1de7b748d', 'c323d59c607cabc91f17a78528d998f376f30b10', '87d5d4e55ab7149b593d29410f1fe426ba2447d4', 'c5fa7b80438fbd74f4c341f0d3c9bd9e0f4910da', 'e9617f0854030e70365eb264bcb3b58078e79e9e']",0.8,0.8,0.8000000000000002,False,0.2857142857142857,1024,False,5
"[""build"", ""docs"", ""test"", ""refactor"", ""ci"", ""feat""]","[""build"", ""test"", ""refactor"", ""feat"", ""ci""]",1.2267580032348633,"['5b81fde8a72cf2e69a10e9f5c4f0bea0a2b8c3e0', 'e9617f0854030e70365eb264bcb3b58078e79e9e', '2954a0955ce9af6acb345ed1e8328e145ad30475', '68278b00450f2679761a2999500f6d87a579376b', 'e96487ad7ce90b141219d9032fa2bed68d5dae6a']",0.8333333333333334,1.0,0.9090909090909092,False,0.1428571428571428,1024,False,5
"[""ci"", ""feat"", ""docs"", ""fix""]","[""ci"", ""refactor"", ""docs"", ""feat"", ""fix""]",0.9321038722991944,"['4cbbd2552ba0de273e1dfe7d453c5b3efed751a3', '535708ae50aecb452560a23356fd396f99ef13a2', 'e12d9e77a6fd531a22325337838a841b1c67f00d', 'fd8e563cc19ca4684885d4692acee6bebcca4ada', '9be725fa3906323d4bc9788f54eccf74109d632b']",1.0,0.8,0.888888888888889,False,0.1428571428571428,1024,False,5
"[""ci"", ""docs"", ""refactor"", ""feat""]","[""ci"", ""fix"", ""feat"", ""docs"", ""refactor""]",0.92708420753479,"['c5fa7b80438fbd74f4c341f0d3c9bd9e0f4910da', 'bed78248c941d57ad4cc20a455147e186e97c7a1', 'b282e90e2cbb74559aab79eee8443a4d7c85502a', 'bf83c9155e9bee6925aa7102fab53fb803d52533', '771857b1df9470ebc15357e8879118a72c649d5b']",1.0,0.8,0.888888888888889,False,0.1428571428571428,1024,False,5
"[""fix""]","[""fix""]",0.5100421905517578,['87d5d4e55ab7149b593d29410f1fe426ba2447d4'],1.0,1.0,1.0,True,0.0,1024,False,1
"[""test""]","[""test""]",0.7425339221954346,['317f4eefecddfb1392ca71d551840f446feee302'],1.0,1.0,1.0,True,0.0,1024,False,1
"[""ci""]","[""ci""]",2.405115842819214,['c5fa7b80438fbd74f4c341f0d3c9bd9e0f4910da'],1.0,1.0,1.0,True,0.0,1024,False,1
"[""ci""]","[""ci""]",0.6406631469726562,['e7a67d88173566be3cd3aed7e9eeb7e29aabbc57'],1.0,1.0,1.0,True,0.0,1024,False,1
"[""fix"", ""refactor""]","[""fix""]",0.7081847190856934,['d129eaf9125a967ac86c6c7276bbae6b4d50af36'],0.5,1.0,0.6666666666666666,False,0.1428571428571428,1024,False,1
"[""fix""]","[""build""]",0.715123176574707,['1269431c8a3e7549f10fcbbb4b88ff625c8898b3'],0.0,0.0,0.0,False,0.2857142857142857,1024,False,1
"[""feat"", ""refactor""]","[""refactor""]",0.8177289962768555,['535708ae50aecb452560a23356fd396f99ef13a2'],0.5,1.0,0.6666666666666666,False,0.1428571428571428,1024,False,1
"[""feat"", ""refactor""]","[""feat""]",0.6629428863525391,['68278b00450f2679761a2999500f6d87a579376b'],0.5,1.0,0.6666666666666666,False,0.1428571428571428,1024,False,1
"[""ci""]","[""ci""]",0.7595021724700928,['6c9cb638cb4d1ecc42632fcf389c24898c5b3244'],1.0,1.0,1.0,True,0.0,1024,False,1
"[""test""]","[""test""]",0.8396379947662354,['c7b25726df94a2530c9b1c0d2b6a0acaa103822f'],1.0,1.0,1.0,True,0.0,1024,False,1
"[""feat""]","[""feat""]",0.8034279346466064,['1bcf88670b50155b50071e707f98f30cea0b7a24'],1.0,1.0,1.0,True,0.0,1024,False,1
"[""build"", ""docs""]","[""build""]",0.8200688362121582,['454003841aabeb74396d73541378bfa59c75b5db'],0.5,1.0,0.6666666666666666,False,0.1428571428571428,1024,False,1
"[""ci""]","[""ci""]",0.6150250434875488,['dbb537a26e388a8d7d17faf131abc30c2f7a84e6'],1.0,1.0,1.0,True,0.0,1024,False,1
"[""docs""]","[""docs""]",0.7672851085662842,['bf83c9155e9bee6925aa7102fab53fb803d52533'],1.0,1.0,1.0,True,0.0,1024,False,1
"[""feat""]","[""feat""]",0.9068710803985596,['dc5238b2bda98a7c4f2fe9584fc3b0191a408109'],1.0,1.0,1.0,True,0.0,1024,False,1
"[""ci""]","[""ci""]",0.7786009311676025,['74e9de5ec97dc013a52aa063dff0f40ac74c407b'],1.0,1.0,1.0,True,0.0,1024,False,1
"[""test""]","[""test""]",0.746027946472168,['b7ce2894fd1794064bd6db4ed730bb6cb7728739'],1.0,1.0,1.0,True,0.0,1024,False,1
"[""build""]","[""build""]",0.7811338901519775,['32b92cfa0b74a6c25990e32ac6aab12b8496794c'],1.0,1.0,1.0,True,0.0,1024,False,1
"[""refactor"", ""fix""]","[""fix""]",0.922353982925415,['bed78248c941d57ad4cc20a455147e186e97c7a1'],0.5,1.0,0.6666666666666666,False,0.1428571428571428,1024,False,1
"[""test""]","[""test""]",0.9140968322753906,['f411e58cd510f8a2b980b2f1932003a0c0e9f8f3'],1.0,1.0,1.0,True,0.0,1024,False,1
"[""feat""]","[""feat""]",0.812615156173706,['f9a094918b62534614c47aa8a13f33aec751a1e0'],1.0,1.0,1.0,True,0.0,1024,False,1
"[""docs""]","[""docs""]",0.8297719955444336,['aca23027da1295c78fdf42ba9687d8ccc88784d7'],1.0,1.0,1.0,True,0.0,1024,False,1
"[""build""]","[""build""]",1.530648946762085,['37b1cbfd3d2c462ef4f2a131e4172c38dc8d9ddf'],1.0,1.0,1.0,True,0.0,1024,False,1
"[""feat""]","[""feat""]",0.9061498641967772,['e137f9fdbdb6bf3f85c3f7ac9323785e445844c8'],1.0,1.0,1.0,True,0.0,1024,False,1
"[""test""]","[""test""]",0.6566600799560547,['e0198f74b81da3663144cfe1d971939319f82a0f'],1.0,1.0,1.0,True,0.0,1024,False,1
"[""ci""]","[""ci""]",0.922842025756836,['45837af24a33308a70a3454f0f650f9fe728e272'],1.0,1.0,1.0,True,0.0,1024,False,1
"[""docs""]","[""docs""]",0.9631729125976562,['0cfc5633d37ea06f645649138323f1820e18bdee'],1.0,1.0,1.0,True,0.0,1024,False,1
"[""build"", ""feat"", ""test""]","[""test""]",0.6938979625701904,['8ee0611fbf0cd89abe7ae588f22e6ecb843598ea'],0.3333333333333333,1.0,0.5,False,0.2857142857142857,1024,False,1
"[""docs""]","[""docs""]",0.7615749835968018,['c2ee5cd5e709afd15c5565ee009a0d204403a119'],1.0,1.0,1.0,True,0.0,1024,False,1
"[""docs""]","[""fix""]",0.8561358451843262,['d1d55e787b7d07f763852602b9939a5394607fd9'],0.0,0.0,0.0,False,0.2857142857142857,1024,False,1
"[""build""]","[""build""]",0.6707019805908203,['c55591ba157298a9c5816693c102a89dfd058830'],1.0,1.0,1.0,True,0.0,1024,False,1
"[""fix""]","[""fix""]",0.6639580726623535,['9be725fa3906323d4bc9788f54eccf74109d632b'],1.0,1.0,1.0,True,0.0,1024,False,1
"[""build""]","[""build""]",0.6777300834655762,['f00a4d3e307b89842250358ee432e6800bb24362'],1.0,1.0,1.0,True,0.0,1024,False,1
"[""docs""]","[""docs""]",0.7046389579772949,['036a0ff49a7dade0e04c9c07071a1ff49133ee24'],1.0,1.0,1.0,True,0.0,1024,False,1
"[""docs""]","[""docs""]",0.8145430088043213,['6d405dfc1675dcad64a2dfac0c0cb0fb28381d21'],1.0,1.0,1.0,True,0.0,1024,False,1
"[""fix"", ""refactor""]","[""refactor""]",0.7432410717010498,['3cca5c314ad6feeffbfe1f14cf49ebd0fd9a95a2'],0.5,1.0,0.6666666666666666,False,0.1428571428571428,1024,False,1
"[""docs""]","[""docs""]",0.8899192810058594,['af880ac5b4fecbc6c4f3d1eee0d95f326e8bd9d1'],1.0,1.0,1.0,True,0.0,1024,False,1
"[""fix""]","[""fix""]",0.650277853012085,['c8e0ae8612df3d6f2831acc004aaac332f6105e4'],1.0,1.0,1.0,True,0.0,1024,False,1
"[""refactor""]","[""refactor""]",0.9763989448547364,['771857b1df9470ebc15357e8879118a72c649d5b'],1.0,1.0,1.0,True,0.0,1024,False,1
"[""refactor""]","[""refactor""]",1.0462470054626465,['47ef9104e4a89e80d7cc6c1950bc080841da4a7b'],1.0,1.0,1.0,True,0.0,1024,False,1
"[""refactor"", ""test""]","[""refactor""]",1.0478780269622805,['1db13ec43727aca872a0f3836e4023ed85db665e'],0.5,1.0,0.6666666666666666,False,0.1428571428571428,1024,False,1
"[""fix""]","[""fix""]",0.6341297626495361,['933ab6bb86372913c992567cf9660009900911a7'],1.0,1.0,1.0,True,0.0,1024,False,1
"[""test""]","[""test""]",0.9388999938964844,['e2e8ad25854bd1e7cdbc7f50b50bbd99e04ad47d'],1.0,1.0,1.0,True,0.0,1024,False,1
"[""build""]","[""build""]",0.8553011417388916,['c44cf88a6ec54e5ddd99d8348bcc57b301ec7945'],1.0,1.0,1.0,True,0.0,1024,False,1
"[""ci""]","[""ci""]",0.8614461421966553,['e96487ad7ce90b141219d9032fa2bed68d5dae6a'],1.0,1.0,1.0,True,0.0,1024,False,1
"[""build""]","[""build""]",0.753838062286377,['5b81fde8a72cf2e69a10e9f5c4f0bea0a2b8c3e0'],1.0,1.0,1.0,True,0.0,1024,False,1
"[""docs""]","[""docs""]",0.9959509372711182,['cb1f48b56ae0de93acb72e48726c7d610a1d538e'],1.0,1.0,1.0,True,0.0,1024,False,1
"[""refactor""]","[""fix""]",0.7569208145141602,['2561f4ade46fc9d59f289f328cc77733a6443697'],0.0,0.0,0.0,False,0.2857142857142857,1024,False,1
"[""fix""]","[""fix""]",0.5831780433654785,['06e2be4e2019b6fa714e1fcb34485860ef1ede79'],1.0,1.0,1.0,True,0.0,1024,False,1
"[""fix""]","[""refactor""]",0.8306679725646973,['36556bf8e0bce4ab6d26eafacbdad04d9614a5d7'],0.0,0.0,0.0,False,0.2857142857142857,1024,False,1
"[""build""]","[""build""]",0.6947619915008545,['c323d59c607cabc91f17a78528d998f376f30b10'],1.0,1.0,1.0,True,0.0,1024,False,1
"[""refactor""]","[""build""]",0.7969448566436768,['e4a11fd5c34942ba12737f1c8c084489428ee274'],0.0,0.0,0.0,False,0.2857142857142857,1024,False,1
"[""feat"", ""refactor""]","[""refactor""]",1.137342929840088,['63eab619e6166eb6cab948028a7b89bf059dd878'],0.5,1.0,0.6666666666666666,False,0.1428571428571428,1024,False,1
"[""docs""]","[""docs""]",0.7985317707061768,['a52a585d74894b3b4eeb8c784fa089ff95cddad0'],1.0,1.0,1.0,True,0.0,1024,False,1
"[""feat"", ""refactor""]","[""feat""]",0.6799190044403076,['b282e90e2cbb74559aab79eee8443a4d7c85502a'],0.5,1.0,0.6666666666666666,False,0.1428571428571428,1024,False,1
"[""feat""]","[""feat""]",0.8394303321838379,['f823cf28652987d43c8324b4f5b203240032383a'],1.0,1.0,1.0,True,0.0,1024,False,1
"[""fix""]","[""fix""]",0.7295858860015869,['9ef5c0d14193a9abb09b39856f58477d1f4b0d77'],1.0,1.0,1.0,True,0.0,1024,False,1
"[""feat"", ""refactor""]","[""feat""]",0.6214277744293213,['fd8e563cc19ca4684885d4692acee6bebcca4ada'],0.5,1.0,0.6666666666666666,False,0.1428571428571428,1024,False,1
"[""ci""]","[""ci""]",0.947106122970581,['4cbbd2552ba0de273e1dfe7d453c5b3efed751a3'],1.0,1.0,1.0,True,0.0,1024,False,1
"[""ci""]","[""ci""]",1.136094093322754,['173553c0372e66e03bdab19e0e6c2dd44daa14a0'],1.0,1.0,1.0,True,0.0,1024,False,1
"[""ci""]","[""ci""]",1.0227980613708496,['32845e1bbd1efb5dbc16f671049509a409ba25ce'],1.0,1.0,1.0,True,0.0,1024,False,1
"[""test""]","[""test""]",0.8024740219116211,['229b53a632ea97d47c4be11f096bdd828fb415d8'],1.0,1.0,1.0,True,0.0,1024,False,1
"[""docs"", ""refactor""]","[""refactor""]",0.7423691749572754,['2954a0955ce9af6acb345ed1e8328e145ad30475'],0.5,1.0,0.6666666666666666,False,0.1428571428571428,1024,False,1
"[""docs""]","[""refactor""]",0.6728260517120361,['a62314d9bb632be6af026686615d14b912250512'],0.0,0.0,0.0,False,0.2857142857142857,1024,False,1
"[""refactor""]","[""refactor""]",0.6192219257354736,['062daa45cbd5dba6e96e95d8cdcaee89ae30a83c'],1.0,1.0,1.0,True,0.0,1024,False,1
"[""test""]","[""test""]",0.7568998336791992,['bedc7950b24c37809e36a585b7985d5aa5e3e458'],1.0,1.0,1.0,True,0.0,1024,False,1
"[""refactor"", ""docs"", ""feat"", ""fix""]","[""feat""]",0.8481593132019043,['ded26d768ff432ad3bde3c0aa1e95ce50726100a'],0.25,1.0,0.4,False,0.4285714285714285,1024,False,1
"[""test"", ""docs""]","[""test""]",0.7905590534210205,['e9617f0854030e70365eb264bcb3b58078e79e9e'],0.5,1.0,0.6666666666666666,False,0.1428571428571428,1024,False,1
"[""build"", ""refactor"", ""feat""]","[""feat""]",0.6904189586639404,['6ed56ce9ae743ba9a87e6c9643cc06b1de7b748d'],0.3333333333333333,1.0,0.5,False,0.2857142857142857,1024,False,1
"[""docs""]","[""docs""]",0.8085498809814453,['e12d9e77a6fd531a22325337838a841b1c67f00d'],1.0,1.0,1.0,True,0.0,1024,False,1
"[""feat"", ""fix""]","[""feat"", ""refactor""]",0.7401418685913086,"['fd8e563cc19ca4684885d4692acee6bebcca4ada', '36556bf8e0bce4ab6d26eafacbdad04d9614a5d7']",0.5,0.5,0.5,False,0.2857142857142857,1024,False,2
"[""ci"", ""build""]","[""ci"", ""build""]",0.8308789730072021,"['45837af24a33308a70a3454f0f650f9fe728e272', '5b81fde8a72cf2e69a10e9f5c4f0bea0a2b8c3e0']",1.0,1.0,1.0,True,0.0,1024,False,2
"[""feat"", ""docs""]","[""refactor"", ""docs""]",0.7858350276947021,"['535708ae50aecb452560a23356fd396f99ef13a2', 'af880ac5b4fecbc6c4f3d1eee0d95f326e8bd9d1']",0.5,0.5,0.5,False,0.2857142857142857,1024,False,2
"[""feat"", ""refactor""]","[""feat"", ""refactor""]",0.921281099319458,"['68278b00450f2679761a2999500f6d87a579376b', '63eab619e6166eb6cab948028a7b89bf059dd878']",1.0,1.0,1.0,True,0.0,1024,False,2
"[""ci"", ""test""]","[""ci"", ""test""]",0.8179552555084229,"['dbb537a26e388a8d7d17faf131abc30c2f7a84e6', 'f411e58cd510f8a2b980b2f1932003a0c0e9f8f3']",1.0,1.0,1.0,True,0.0,1024,False,2
"[""test"", ""ci""]","[""test"", ""ci""]",0.8642311096191406,"['e2e8ad25854bd1e7cdbc7f50b50bbd99e04ad47d', 'c5fa7b80438fbd74f4c341f0d3c9bd9e0f4910da']",1.0,1.0,1.0,True,0.0,1024,False,2
"[""ci"", ""build""]","[""ci"", ""build""]",0.8496079444885254,"['45837af24a33308a70a3454f0f650f9fe728e272', '1269431c8a3e7549f10fcbbb4b88ff625c8898b3']",1.0,1.0,1.0,True,0.0,1024,False,2
"[""feat"", ""test""]","[""feat"", ""test""]",0.7593178749084473,"['1bcf88670b50155b50071e707f98f30cea0b7a24', 'f411e58cd510f8a2b980b2f1932003a0c0e9f8f3']",1.0,1.0,1.0,True,0.0,1024,False,2
"[""fix"", ""docs""]","[""fix"", ""docs""]",0.7957429885864258,"['9be725fa3906323d4bc9788f54eccf74109d632b', '0cfc5633d37ea06f645649138323f1820e18bdee']",1.0,1.0,1.0,True,0.0,1024,False,2
"[""fix"", ""ci""]","[""fix"", ""ci""]",0.8967950344085693,"['9be725fa3906323d4bc9788f54eccf74109d632b', 'e96487ad7ce90b141219d9032fa2bed68d5dae6a']",1.0,1.0,1.0,True,0.0,1024,False,2
"[""fix"", ""test""]","[""build"", ""test""]",1.7125768661499023,"['1269431c8a3e7549f10fcbbb4b88ff625c8898b3', '317f4eefecddfb1392ca71d551840f446feee302']",0.5,0.5,0.5,False,0.2857142857142857,1024,False,2
"[""ci"", ""docs""]","[""ci"", ""docs""]",0.6589858531951904,"['dbb537a26e388a8d7d17faf131abc30c2f7a84e6', '0cfc5633d37ea06f645649138323f1820e18bdee']",1.0,1.0,1.0,True,0.0,1024,False,2
"[""fix"", ""build""]","[""refactor"", ""build""]",0.7188458442687988,"['3cca5c314ad6feeffbfe1f14cf49ebd0fd9a95a2', '454003841aabeb74396d73541378bfa59c75b5db']",0.5,0.5,0.5,False,0.2857142857142857,1024,False,2
"[""refactor""]","[""fix"", ""refactor""]",0.8148250579833984,"['2561f4ade46fc9d59f289f328cc77733a6443697', '062daa45cbd5dba6e96e95d8cdcaee89ae30a83c']",1.0,0.5,0.6666666666666666,False,0.1428571428571428,1024,False,2
"[""build"", ""ci""]","[""build"", ""ci""]",0.9191999435424804,"['c44cf88a6ec54e5ddd99d8348bcc57b301ec7945', 'dbb537a26e388a8d7d17faf131abc30c2f7a84e6']",1.0,1.0,1.0,True,0.0,1024,False,2
"[""build"", ""refactor""]","[""build"", ""refactor""]",0.8424508571624756,"['32b92cfa0b74a6c25990e32ac6aab12b8496794c', '63eab619e6166eb6cab948028a7b89bf059dd878']",1.0,1.0,1.0,True,0.0,1024,False,2
"[""feat"", ""docs""]","[""feat"", ""docs""]",1.435823917388916,"['dc5238b2bda98a7c4f2fe9584fc3b0191a408109', 'e12d9e77a6fd531a22325337838a841b1c67f00d']",1.0,1.0,1.0,True,0.0,1024,False,2
"[""ci"", ""docs""]","[""ci"", ""docs""]",0.9622163772583008,"['32845e1bbd1efb5dbc16f671049509a409ba25ce', 'bf83c9155e9bee6925aa7102fab53fb803d52533']",1.0,1.0,1.0,True,0.0,1024,False,2
"[""fix"", ""build"", ""refactor""]","[""fix"", ""feat""]",0.9361631870269777,"['d129eaf9125a967ac86c6c7276bbae6b4d50af36', '6ed56ce9ae743ba9a87e6c9643cc06b1de7b748d']",0.3333333333333333,0.5,0.4,False,0.4285714285714285,1024,False,2
"[""feat"", ""ci""]","[""feat"", ""ci""]",0.7407660484313965,"['1bcf88670b50155b50071e707f98f30cea0b7a24', '74e9de5ec97dc013a52aa063dff0f40ac74c407b']",1.0,1.0,1.0,True,0.0,1024,False,2
"[""docs"", ""ci""]","[""docs"", ""ci""]",0.7008979320526123,"['036a0ff49a7dade0e04c9c07071a1ff49133ee24', '4cbbd2552ba0de273e1dfe7d453c5b3efed751a3']",1.0,1.0,1.0,True,0.0,1024,False,2
"[""docs"", ""test""]","[""test"", ""docs""]",0.6748902797698975,"['e9617f0854030e70365eb264bcb3b58078e79e9e', 'cb1f48b56ae0de93acb72e48726c7d610a1d538e']",1.0,1.0,1.0,True,0.0,1024,False,2
"[""docs"", ""feat""]","[""docs"", ""feat""]",0.6629481315612793,"['aca23027da1295c78fdf42ba9687d8ccc88784d7', 'f823cf28652987d43c8324b4f5b203240032383a']",1.0,1.0,1.0,True,0.0,1024,False,2
"[""refactor"", ""fix""]","[""refactor"", ""fix""]",0.7711920738220215,"['47ef9104e4a89e80d7cc6c1950bc080841da4a7b', '06e2be4e2019b6fa714e1fcb34485860ef1ede79']",1.0,1.0,1.0,True,0.0,1024,False,2
"[""build"", ""ci""]","[""build"", ""ci""]",0.8429782390594482,"['5b81fde8a72cf2e69a10e9f5c4f0bea0a2b8c3e0', 'dbb537a26e388a8d7d17faf131abc30c2f7a84e6']",1.0,1.0,1.0,True,0.0,1024,False,2
"[""build"", ""fix""]","[""build"", ""refactor""]",0.8361983299255371,"['5b81fde8a72cf2e69a10e9f5c4f0bea0a2b8c3e0', '36556bf8e0bce4ab6d26eafacbdad04d9614a5d7']",0.5,0.5,0.5,False,0.2857142857142857,1024,False,2
"[""fix"", ""test""]","[""fix"", ""test""]",2.3122239112854004,"['9ef5c0d14193a9abb09b39856f58477d1f4b0d77', 'b7ce2894fd1794064bd6db4ed730bb6cb7728739']",1.0,1.0,1.0,True,0.0,1024,False,2
"[""build"", ""docs""]","[""build"", ""docs""]",0.8331069946289062,"['c323d59c607cabc91f17a78528d998f376f30b10', 'c2ee5cd5e709afd15c5565ee009a0d204403a119']",1.0,1.0,1.0,True,0.0,1024,False,2
"[""fix"", ""ci""]","[""fix"", ""ci""]",0.672327995300293,"['9be725fa3906323d4bc9788f54eccf74109d632b', 'dbb537a26e388a8d7d17faf131abc30c2f7a84e6']",1.0,1.0,1.0,True,0.0,1024,False,2
"[""fix"", ""ci""]","[""fix"", ""ci""]",0.8966310024261475,"['9be725fa3906323d4bc9788f54eccf74109d632b', 'e7a67d88173566be3cd3aed7e9eeb7e29aabbc57']",1.0,1.0,1.0,True,0.0,1024,False,2
"[""docs"", ""refactor""]","[""docs"", ""refactor""]",0.8125760555267334,"['c2ee5cd5e709afd15c5565ee009a0d204403a119', '062daa45cbd5dba6e96e95d8cdcaee89ae30a83c']",1.0,1.0,1.0,True,0.0,1024,False,2
"[""fix"", ""feat""]","[""fix"", ""feat""]",0.7575809955596924,"['933ab6bb86372913c992567cf9660009900911a7', 'e137f9fdbdb6bf3f85c3f7ac9323785e445844c8']",1.0,1.0,1.0,True,0.0,1024,False,2
"[""fix"", ""build""]","[""fix"", ""build""]",1.0692811012268066,"['9be725fa3906323d4bc9788f54eccf74109d632b', 'c44cf88a6ec54e5ddd99d8348bcc57b301ec7945']",1.0,1.0,1.0,True,0.0,1024,False,2
"[""ci"", ""docs""]","[""ci"", ""docs""]",0.6640820503234863,"['173553c0372e66e03bdab19e0e6c2dd44daa14a0', 'e12d9e77a6fd531a22325337838a841b1c67f00d']",1.0,1.0,1.0,True,0.0,1024,False,2
"[""ci"", ""feat"", ""docs""]","[""ci"", ""feat""]",0.9541850090026855,"['6c9cb638cb4d1ecc42632fcf389c24898c5b3244', 'f823cf28652987d43c8324b4f5b203240032383a']",0.6666666666666666,1.0,0.8,False,0.1428571428571428,1024,False,2
"[""ci"", ""docs""]","[""ci"", ""docs""]",0.9719338417053224,"['74e9de5ec97dc013a52aa063dff0f40ac74c407b', 'c2ee5cd5e709afd15c5565ee009a0d204403a119']",1.0,1.0,1.0,True,0.0,1024,False,2
"[""test"", ""build""]","[""test"", ""build""]",0.7673101425170898,"['317f4eefecddfb1392ca71d551840f446feee302', '5b81fde8a72cf2e69a10e9f5c4f0bea0a2b8c3e0']",1.0,1.0,1.0,True,0.0,1024,False,2
"[""docs"", ""feat""]","[""docs"", ""feat""]",0.8061280250549316,"['a52a585d74894b3b4eeb8c784fa089ff95cddad0', 'f823cf28652987d43c8324b4f5b203240032383a']",1.0,1.0,1.0,True,0.0,1024,False,2
"[""refactor"", ""build""]","[""refactor"", ""build""]",0.8426523208618164,"['47ef9104e4a89e80d7cc6c1950bc080841da4a7b', '5b81fde8a72cf2e69a10e9f5c4f0bea0a2b8c3e0']",1.0,1.0,1.0,True,0.0,1024,False,2
"[""feat"", ""refactor""]","[""feat"", ""refactor""]",1.442556858062744,"['e137f9fdbdb6bf3f85c3f7ac9323785e445844c8', '771857b1df9470ebc15357e8879118a72c649d5b']",1.0,1.0,1.0,True,0.0,1024,False,2
"[""build"", ""refactor"", ""docs""]","[""feat"", ""fix""]",1.0443408489227295,"['6ed56ce9ae743ba9a87e6c9643cc06b1de7b748d', 'd1d55e787b7d07f763852602b9939a5394607fd9']",0.0,0.0,0.0,False,0.7142857142857143,1024,False,2
"[""build"", ""docs""]","[""build"", ""docs""]",0.6666858196258545,"['c323d59c607cabc91f17a78528d998f376f30b10', '0cfc5633d37ea06f645649138323f1820e18bdee']",1.0,1.0,1.0,True,0.0,1024,False,2
"[""build"", ""test"", ""feat"", ""refactor""]","[""test"", ""refactor""]",1.786303997039795,"['8ee0611fbf0cd89abe7ae588f22e6ecb843598ea', '2954a0955ce9af6acb345ed1e8328e145ad30475']",0.5,1.0,0.6666666666666666,False,0.2857142857142857,1024,False,2
"[""fix""]","[""refactor"", ""fix""]",1.9131300449371336,"['36556bf8e0bce4ab6d26eafacbdad04d9614a5d7', 'c8e0ae8612df3d6f2831acc004aaac332f6105e4']",1.0,0.5,0.6666666666666666,False,0.1428571428571428,1024,False,2
"[""build"", ""ci"", ""refactor""]","[""build"", ""ci""]",0.8433399200439453,"['e4a11fd5c34942ba12737f1c8c084489428ee274', '173553c0372e66e03bdab19e0e6c2dd44daa14a0']",0.6666666666666666,1.0,0.8,False,0.1428571428571428,1024,False,2
"[""fix"", ""feat"", ""docs""]","[""fix"", ""feat""]",1.0989389419555664,"['c8e0ae8612df3d6f2831acc004aaac332f6105e4', 'f9a094918b62534614c47aa8a13f33aec751a1e0']",0.6666666666666666,1.0,0.8,False,0.1428571428571428,1024,False,2
"[""refactor"", ""docs""]","[""refactor"", ""docs""]",0.9681971073150636,"['771857b1df9470ebc15357e8879118a72c649d5b', '0cfc5633d37ea06f645649138323f1820e18bdee']",1.0,1.0,1.0,True,0.0,1024,False,2
"[""build"", ""refactor"", ""feat""]","[""feat"", ""fix""]",0.8892130851745605,"['6ed56ce9ae743ba9a87e6c9643cc06b1de7b748d', '87d5d4e55ab7149b593d29410f1fe426ba2447d4']",0.3333333333333333,0.5,0.4,False,0.4285714285714285,1024,False,2
"[""refactor"", ""test""]","[""refactor"", ""test""]",0.7663328647613525,"['1db13ec43727aca872a0f3836e4023ed85db665e', '229b53a632ea97d47c4be11f096bdd828fb415d8']",1.0,1.0,1.0,True,0.0,1024,False,2
"[""test"", ""refactor""]","[""test"", ""refactor""]",0.7860221862792969,"['317f4eefecddfb1392ca71d551840f446feee302', '63eab619e6166eb6cab948028a7b89bf059dd878']",1.0,1.0,1.0,True,0.0,1024,False,2
"[""docs"", ""build""]","[""docs"", ""build""]",0.8794260025024414,"['e12d9e77a6fd531a22325337838a841b1c67f00d', 'c44cf88a6ec54e5ddd99d8348bcc57b301ec7945']",1.0,1.0,1.0,True,0.0,1024,False,2
"[""refactor"", ""build""]","[""refactor"", ""build""]",0.9195079803466796,"['1db13ec43727aca872a0f3836e4023ed85db665e', '32b92cfa0b74a6c25990e32ac6aab12b8496794c']",1.0,1.0,1.0,True,0.0,1024,False,2
"[""docs"", ""refactor"", ""fix""]","[""docs"", ""fix""]",0.5901520252227783,"['c2ee5cd5e709afd15c5565ee009a0d204403a119', 'bed78248c941d57ad4cc20a455147e186e97c7a1']",0.6666666666666666,1.0,0.8,False,0.1428571428571428,1024,False,2
"[""docs"", ""ci""]","[""docs"", ""ci""]",0.774658203125,"['bf83c9155e9bee6925aa7102fab53fb803d52533', '173553c0372e66e03bdab19e0e6c2dd44daa14a0']",1.0,1.0,1.0,True,0.0,1024,False,2
"[""fix"", ""ci""]","[""refactor"", ""ci""]",0.9504399299621582,"['36556bf8e0bce4ab6d26eafacbdad04d9614a5d7', '74e9de5ec97dc013a52aa063dff0f40ac74c407b']",0.5,0.5,0.5,False,0.2857142857142857,1024,False,2
"[""test"", ""refactor"", ""docs""]","[""test"", ""fix""]",0.8506560325622559,"['e9617f0854030e70365eb264bcb3b58078e79e9e', '87d5d4e55ab7149b593d29410f1fe426ba2447d4']",0.3333333333333333,0.5,0.4,False,0.4285714285714285,1024,False,2
"[""feat"", ""refactor""]","[""feat"", ""refactor""]",0.9194660186767578,"['e137f9fdbdb6bf3f85c3f7ac9323785e445844c8', '47ef9104e4a89e80d7cc6c1950bc080841da4a7b']",1.0,1.0,1.0,True,0.0,1024,False,2
"[""refactor"", ""ci""]","[""fix"", ""ci""]",0.7227041721343994,"['2561f4ade46fc9d59f289f328cc77733a6443697', '74e9de5ec97dc013a52aa063dff0f40ac74c407b']",0.5,0.5,0.5,False,0.2857142857142857,1024,False,2
"[""build"", ""ci""]","[""build"", ""ci""]",0.6463301181793213,"['5b81fde8a72cf2e69a10e9f5c4f0bea0a2b8c3e0', 'e96487ad7ce90b141219d9032fa2bed68d5dae6a']",1.0,1.0,1.0,True,0.0,1024,False,2
"[""build"", ""refactor"", ""test""]","[""build"", ""test""]",0.6742441654205322,"['32b92cfa0b74a6c25990e32ac6aab12b8496794c', '8ee0611fbf0cd89abe7ae588f22e6ecb843598ea']",0.6666666666666666,1.0,0.8,False,0.1428571428571428,1024,False,2
"[""refactor"", ""ci""]","[""refactor"", ""ci""]",0.7687218189239502,"['1db13ec43727aca872a0f3836e4023ed85db665e', '74e9de5ec97dc013a52aa063dff0f40ac74c407b']",1.0,1.0,1.0,True,0.0,1024,False,2
"[""refactor"", ""build""]","[""fix"", ""build""]",0.6155810356140137,"['2561f4ade46fc9d59f289f328cc77733a6443697', 'c55591ba157298a9c5816693c102a89dfd058830']",0.5,0.5,0.5,False,0.2857142857142857,1024,False,2
"[""build"", ""refactor""]","[""build"", ""refactor""]",0.6573193073272705,"['5b81fde8a72cf2e69a10e9f5c4f0bea0a2b8c3e0', '1db13ec43727aca872a0f3836e4023ed85db665e']",1.0,1.0,1.0,True,0.0,1024,False,2
"[""build"", ""test"", ""feat"", ""ci""]","[""test"", ""ci""]",1.0221469402313232,"['8ee0611fbf0cd89abe7ae588f22e6ecb843598ea', 'e96487ad7ce90b141219d9032fa2bed68d5dae6a']",0.5,1.0,0.6666666666666666,False,0.2857142857142857,1024,False,2
"[""test"", ""refactor""]","[""test"", ""refactor""]",0.8161032199859619,"['bedc7950b24c37809e36a585b7985d5aa5e3e458', '062daa45cbd5dba6e96e95d8cdcaee89ae30a83c']",1.0,1.0,1.0,True,0.0,1024,False,2
"[""ci"", ""feat""]","[""ci"", ""refactor""]",0.9188461303710938,"['74e9de5ec97dc013a52aa063dff0f40ac74c407b', '63eab619e6166eb6cab948028a7b89bf059dd878']",0.5,0.5,0.5,False,0.2857142857142857,1024,False,2
"[""test"", ""docs""]","[""test"", ""docs""]",0.6961138248443604,"['317f4eefecddfb1392ca71d551840f446feee302', 'af880ac5b4fecbc6c4f3d1eee0d95f326e8bd9d1']",1.0,1.0,1.0,True,0.0,1024,False,2
"[""feat"", ""fix""]","[""feat"", ""fix""]",0.7759828567504883,"['dc5238b2bda98a7c4f2fe9584fc3b0191a408109', '9ef5c0d14193a9abb09b39856f58477d1f4b0d77']",1.0,1.0,1.0,True,0.0,1024,False,2
"[""build"", ""docs""]","[""build"", ""docs""]",1.0879240036010742,"['e4a11fd5c34942ba12737f1c8c084489428ee274', 'e12d9e77a6fd531a22325337838a841b1c67f00d']",1.0,1.0,1.0,True,0.0,1024,False,2
"[""build"", ""refactor"", ""feat""]","[""feat"", ""refactor""]",0.8064899444580078,"['6ed56ce9ae743ba9a87e6c9643cc06b1de7b748d', '63eab619e6166eb6cab948028a7b89bf059dd878']",0.6666666666666666,1.0,0.8,False,0.1428571428571428,1024,False,2
"[""ci"", ""fix"", ""docs""]","[""ci"", ""fix"", ""docs""]",1.0326027870178225,"['dbb537a26e388a8d7d17faf131abc30c2f7a84e6', 'd129eaf9125a967ac86c6c7276bbae6b4d50af36', 'cb1f48b56ae0de93acb72e48726c7d610a1d538e']",1.0,1.0,1.0,True,0.0,1024,False,3
"[""fix"", ""build""]","[""fix"", ""refactor"", ""feat""]",0.8152480125427246,"['933ab6bb86372913c992567cf9660009900911a7', '3cca5c314ad6feeffbfe1f14cf49ebd0fd9a95a2', '6ed56ce9ae743ba9a87e6c9643cc06b1de7b748d']",0.5,0.3333333333333333,0.4,False,0.4285714285714285,1024,False,3
"[""build"", ""feat"", ""ci""]","[""build"", ""feat"", ""ci""]",0.715289831161499,"['5b81fde8a72cf2e69a10e9f5c4f0bea0a2b8c3e0', 'e137f9fdbdb6bf3f85c3f7ac9323785e445844c8', '32845e1bbd1efb5dbc16f671049509a409ba25ce']",1.0,1.0,1.0,True,0.0,1024,False,3
"[""ci"", ""docs"", ""feat""]","[""ci"", ""docs"", ""feat""]",0.9403369426727296,"['45837af24a33308a70a3454f0f650f9fe728e272', '6d405dfc1675dcad64a2dfac0c0cb0fb28381d21', 'f823cf28652987d43c8324b4f5b203240032383a']",1.0,1.0,1.0,True,0.0,1024,False,3
"[""ci"", ""docs"", ""build""]","[""ci"", ""docs"", ""build""]",0.796442985534668,"['6c9cb638cb4d1ecc42632fcf389c24898c5b3244', 'bf83c9155e9bee6925aa7102fab53fb803d52533', 'c323d59c607cabc91f17a78528d998f376f30b10']",1.0,1.0,1.0,True,0.0,1024,False,3
"[""test"", ""docs"", ""fix""]","[""test"", ""docs"", ""fix""]",0.9192559719085692,"['229b53a632ea97d47c4be11f096bdd828fb415d8', 'e12d9e77a6fd531a22325337838a841b1c67f00d', 'd129eaf9125a967ac86c6c7276bbae6b4d50af36']",1.0,1.0,1.0,True,0.0,1024,False,3
"[""feat"", ""docs""]","[""feat"", ""docs"", ""refactor""]",1.0239629745483398,"['68278b00450f2679761a2999500f6d87a579376b', 'c2ee5cd5e709afd15c5565ee009a0d204403a119', '535708ae50aecb452560a23356fd396f99ef13a2']",1.0,0.6666666666666666,0.8,False,0.1428571428571428,1024,False,3
"[""docs"", ""ci"", ""test""]","[""docs"", ""ci"", ""test""]",1.124295711517334,"['0cfc5633d37ea06f645649138323f1820e18bdee', '6c9cb638cb4d1ecc42632fcf389c24898c5b3244', 'f411e58cd510f8a2b980b2f1932003a0c0e9f8f3']",1.0,1.0,1.0,True,0.0,1024,False,3
"[""fix""]","[""build"", ""fix"", ""refactor""]",0.7196049690246582,"['1269431c8a3e7549f10fcbbb4b88ff625c8898b3', '933ab6bb86372913c992567cf9660009900911a7', '36556bf8e0bce4ab6d26eafacbdad04d9614a5d7']",1.0,0.3333333333333333,0.5,False,0.2857142857142857,1024,False,3
"[""test"", ""fix"", ""docs""]","[""test"", ""fix"", ""docs""]",0.9124460220336914,"['c7b25726df94a2530c9b1c0d2b6a0acaa103822f', '933ab6bb86372913c992567cf9660009900911a7', 'c2ee5cd5e709afd15c5565ee009a0d204403a119']",1.0,1.0,1.0,True,0.0,1024,False,3
"[""build"", ""refactor"", ""fix""]","[""build"", ""refactor"", ""fix""]",1.022346019744873,"['32b92cfa0b74a6c25990e32ac6aab12b8496794c', '771857b1df9470ebc15357e8879118a72c649d5b', '06e2be4e2019b6fa714e1fcb34485860ef1ede79']",1.0,1.0,1.0,True,0.0,1024,False,3
"[""test"", ""docs"", ""build""]","[""test"", ""docs"", ""build""]",1.6359810829162598,"['f411e58cd510f8a2b980b2f1932003a0c0e9f8f3', '036a0ff49a7dade0e04c9c07071a1ff49133ee24', 'c44cf88a6ec54e5ddd99d8348bcc57b301ec7945']",1.0,1.0,1.0,True,0.0,1024,False,3
"[""build"", ""test"", ""feat""]","[""feat"", ""test"", ""refactor""]",1.0222022533416748,"['6ed56ce9ae743ba9a87e6c9643cc06b1de7b748d', 'c7b25726df94a2530c9b1c0d2b6a0acaa103822f', '535708ae50aecb452560a23356fd396f99ef13a2']",0.6666666666666666,0.6666666666666666,0.6666666666666666,False,0.2857142857142857,1024,False,3
"[""docs"", ""refactor"", ""fix""]","[""docs"", ""feat"", ""fix""]",0.9210686683654784,"['6d405dfc1675dcad64a2dfac0c0cb0fb28381d21', 'ded26d768ff432ad3bde3c0aa1e95ce50726100a', 'd129eaf9125a967ac86c6c7276bbae6b4d50af36']",0.6666666666666666,0.6666666666666666,0.6666666666666666,False,0.2857142857142857,1024,False,3
"[""ci"", ""docs"", ""refactor""]","[""ci"", ""docs"", ""fix""]",0.8195059299468994,"['e7a67d88173566be3cd3aed7e9eeb7e29aabbc57', 'c2ee5cd5e709afd15c5565ee009a0d204403a119', 'bed78248c941d57ad4cc20a455147e186e97c7a1']",0.6666666666666666,0.6666666666666666,0.6666666666666666,False,0.2857142857142857,1024,False,3
"[""ci"", ""docs"", ""fix"", ""refactor""]","[""ci"", ""docs"", ""fix""]",1.466507911682129,"['74e9de5ec97dc013a52aa063dff0f40ac74c407b', 'aca23027da1295c78fdf42ba9687d8ccc88784d7', 'd129eaf9125a967ac86c6c7276bbae6b4d50af36']",0.75,1.0,0.8571428571428571,False,0.1428571428571428,1024,False,3
"[""test"", ""refactor"", ""build""]","[""test"", ""fix"", ""build""]",0.8810708522796631,"['c7b25726df94a2530c9b1c0d2b6a0acaa103822f', 'bed78248c941d57ad4cc20a455147e186e97c7a1', 'c55591ba157298a9c5816693c102a89dfd058830']",0.6666666666666666,0.6666666666666666,0.6666666666666666,False,0.2857142857142857,1024,False,3
"[""docs"", ""ci"", ""refactor""]","[""docs"", ""ci"", ""fix""]",0.8841421604156494,"['a52a585d74894b3b4eeb8c784fa089ff95cddad0', 'e7a67d88173566be3cd3aed7e9eeb7e29aabbc57', 'bed78248c941d57ad4cc20a455147e186e97c7a1']",0.6666666666666666,0.6666666666666666,0.6666666666666666,False,0.2857142857142857,1024,False,3
"[""build"", ""ci"", ""test""]","[""build"", ""ci"", ""test""]",1.1843361854553225,"['f00a4d3e307b89842250358ee432e6800bb24362', '6c9cb638cb4d1ecc42632fcf389c24898c5b3244', 'c7b25726df94a2530c9b1c0d2b6a0acaa103822f']",1.0,1.0,1.0,True,0.0,1024,False,3
"[""docs"", ""feat""]","[""refactor"", ""feat"", ""fix""]",0.907649040222168,"['2954a0955ce9af6acb345ed1e8328e145ad30475', 'dc5238b2bda98a7c4f2fe9584fc3b0191a408109', '9ef5c0d14193a9abb09b39856f58477d1f4b0d77']",0.5,0.3333333333333333,0.4,False,0.4285714285714285,1024,False,3
"[""ci"", ""test"", ""fix""]","[""ci"", ""test"", ""fix""]",1.0010559558868408,"['4cbbd2552ba0de273e1dfe7d453c5b3efed751a3', 'f411e58cd510f8a2b980b2f1932003a0c0e9f8f3', '06e2be4e2019b6fa714e1fcb34485860ef1ede79']",1.0,1.0,1.0,True,0.0,1024,False,3
"[""refactor"", ""build""]","[""feat"", ""refactor"", ""build""]",0.8143579959869385,"['b282e90e2cbb74559aab79eee8443a4d7c85502a', '1db13ec43727aca872a0f3836e4023ed85db665e', '37b1cbfd3d2c462ef4f2a131e4172c38dc8d9ddf']",1.0,0.6666666666666666,0.8,False,0.1428571428571428,1024,False,3
"[""fix"", ""refactor"", ""ci""]","[""fix"", ""feat"", ""ci""]",0.7421970367431641,"['d129eaf9125a967ac86c6c7276bbae6b4d50af36', 'fd8e563cc19ca4684885d4692acee6bebcca4ada', '173553c0372e66e03bdab19e0e6c2dd44daa14a0']",0.6666666666666666,0.6666666666666666,0.6666666666666666,False,0.2857142857142857,1024,False,3
"[""docs"", ""test"", ""feat""]","[""docs"", ""refactor"", ""test""]",0.8771510124206543,"['036a0ff49a7dade0e04c9c07071a1ff49133ee24', '63eab619e6166eb6cab948028a7b89bf059dd878', '229b53a632ea97d47c4be11f096bdd828fb415d8']",0.6666666666666666,0.6666666666666666,0.6666666666666666,False,0.2857142857142857,1024,False,3
"[""test"", ""ci"", ""feat""]","[""test"", ""ci"", ""feat""]",1.6651277542114258,"['c7b25726df94a2530c9b1c0d2b6a0acaa103822f', '32845e1bbd1efb5dbc16f671049509a409ba25ce', 'b282e90e2cbb74559aab79eee8443a4d7c85502a']",1.0,1.0,1.0,True,0.0,1024,False,3
"[""feat"", ""build"", ""fix""]","[""feat"", ""build"", ""refactor""]",0.7153959274291992,"['f9a094918b62534614c47aa8a13f33aec751a1e0', '5b81fde8a72cf2e69a10e9f5c4f0bea0a2b8c3e0', '36556bf8e0bce4ab6d26eafacbdad04d9614a5d7']",0.6666666666666666,0.6666666666666666,0.6666666666666666,False,0.2857142857142857,1024,False,3
"[""feat"", ""build"", ""docs""]","[""feat"", ""build"", ""docs""]",0.7050042152404785,"['e137f9fdbdb6bf3f85c3f7ac9323785e445844c8', '37b1cbfd3d2c462ef4f2a131e4172c38dc8d9ddf', 'e12d9e77a6fd531a22325337838a841b1c67f00d']",1.0,1.0,1.0,True,0.0,1024,False,3
"[""build"", ""fix"", ""ci""]","[""build"", ""refactor"", ""ci""]",0.7958729267120361,"['f00a4d3e307b89842250358ee432e6800bb24362', '36556bf8e0bce4ab6d26eafacbdad04d9614a5d7', '4cbbd2552ba0de273e1dfe7d453c5b3efed751a3']",0.6666666666666666,0.6666666666666666,0.6666666666666666,False,0.2857142857142857,1024,False,3
"[""docs"", ""ci"", ""build""]","[""docs"", ""ci"", ""build""]",0.8479721546173096,"['cb1f48b56ae0de93acb72e48726c7d610a1d538e', 'e96487ad7ce90b141219d9032fa2bed68d5dae6a', '454003841aabeb74396d73541378bfa59c75b5db']",1.0,1.0,1.0,True,0.0,1024,False,3
"[""fix"", ""test""]","[""fix"", ""test"", ""build""]",0.8347101211547852,"['d129eaf9125a967ac86c6c7276bbae6b4d50af36', 'e2e8ad25854bd1e7cdbc7f50b50bbd99e04ad47d', '1269431c8a3e7549f10fcbbb4b88ff625c8898b3']",1.0,0.6666666666666666,0.8,False,0.1428571428571428,1024,False,3
"[""docs"", ""feat""]","[""refactor"", ""docs"", ""feat""]",0.8591639995574951,"['2954a0955ce9af6acb345ed1e8328e145ad30475', 'a52a585d74894b3b4eeb8c784fa089ff95cddad0', 'b282e90e2cbb74559aab79eee8443a4d7c85502a']",1.0,0.6666666666666666,0.8,False,0.1428571428571428,1024,False,3
"[""docs"", ""test""]","[""docs"", ""refactor"", ""test""]",0.8431439399719238,"['0cfc5633d37ea06f645649138323f1820e18bdee', '1db13ec43727aca872a0f3836e4023ed85db665e', 'bedc7950b24c37809e36a585b7985d5aa5e3e458']",1.0,0.6666666666666666,0.8,False,0.1428571428571428,1024,False,3
"[""fix"", ""docs"", ""test""]","[""fix"", ""docs"", ""test""]",0.8414242267608643,"['933ab6bb86372913c992567cf9660009900911a7', '0cfc5633d37ea06f645649138323f1820e18bdee', 'c7b25726df94a2530c9b1c0d2b6a0acaa103822f']",1.0,1.0,1.0,True,0.0,1024,False,3
"[""fix"", ""ci"", ""test""]","[""refactor"", ""ci"", ""test""]",1.2170851230621338,"['36556bf8e0bce4ab6d26eafacbdad04d9614a5d7', '6c9cb638cb4d1ecc42632fcf389c24898c5b3244', '229b53a632ea97d47c4be11f096bdd828fb415d8']",0.6666666666666666,0.6666666666666666,0.6666666666666666,False,0.2857142857142857,1024,False,3
"[""ci"", ""test"", ""docs""]","[""ci"", ""test"", ""docs""]",0.7711350917816162,"['c5fa7b80438fbd74f4c341f0d3c9bd9e0f4910da', '229b53a632ea97d47c4be11f096bdd828fb415d8', 'aca23027da1295c78fdf42ba9687d8ccc88784d7']",1.0,1.0,1.0,True,0.0,1024,False,3
"[""feat"", ""docs"", ""fix""]","[""feat"", ""docs"", ""fix""]",0.763308048248291,"['f823cf28652987d43c8324b4f5b203240032383a', '0cfc5633d37ea06f645649138323f1820e18bdee', '9ef5c0d14193a9abb09b39856f58477d1f4b0d77']",1.0,1.0,1.0,True,0.0,1024,False,3
"[""test"", ""fix"", ""build""]","[""test"", ""fix"", ""build""]",0.9187209606170654,"['317f4eefecddfb1392ca71d551840f446feee302', '06e2be4e2019b6fa714e1fcb34485860ef1ede79', 'c55591ba157298a9c5816693c102a89dfd058830']",1.0,1.0,1.0,True,0.0,1024,False,3
"[""feat"", ""docs"", ""fix""]","[""feat"", ""docs"", ""refactor""]",0.9444870948791504,"['e137f9fdbdb6bf3f85c3f7ac9323785e445844c8', 'bf83c9155e9bee6925aa7102fab53fb803d52533', '36556bf8e0bce4ab6d26eafacbdad04d9614a5d7']",0.6666666666666666,0.6666666666666666,0.6666666666666666,False,0.2857142857142857,1024,False,3
"[""fix"", ""ci"", ""build""]","[""fix"", ""ci"", ""build""]",0.800645112991333,"['d129eaf9125a967ac86c6c7276bbae6b4d50af36', '6c9cb638cb4d1ecc42632fcf389c24898c5b3244', 'c44cf88a6ec54e5ddd99d8348bcc57b301ec7945']",1.0,1.0,1.0,True,0.0,1024,False,3
"[""refactor"", ""docs""]","[""fix"", ""refactor"", ""docs""]",0.9089469909667968,"['2561f4ade46fc9d59f289f328cc77733a6443697', '2954a0955ce9af6acb345ed1e8328e145ad30475', 'a52a585d74894b3b4eeb8c784fa089ff95cddad0']",1.0,0.6666666666666666,0.8,False,0.1428571428571428,1024,False,3
"[""build"", ""feat"", ""fix""]","[""build"", ""feat"", ""fix""]",0.8178601264953613,"['c55591ba157298a9c5816693c102a89dfd058830', 'dc5238b2bda98a7c4f2fe9584fc3b0191a408109', '9be725fa3906323d4bc9788f54eccf74109d632b']",1.0,1.0,1.0,True,0.0,1024,False,3
"[""test"", ""fix"", ""docs""]","[""test"", ""refactor"", ""feat""]",0.9609160423278807,"['229b53a632ea97d47c4be11f096bdd828fb415d8', '36556bf8e0bce4ab6d26eafacbdad04d9614a5d7', 'ded26d768ff432ad3bde3c0aa1e95ce50726100a']",0.3333333333333333,0.3333333333333333,0.3333333333333333,False,0.5714285714285714,1024,False,3
"[""test"", ""build"", ""ci""]","[""test"", ""build"", ""ci""]",0.8622148036956787,"['e0198f74b81da3663144cfe1d971939319f82a0f', 'c55591ba157298a9c5816693c102a89dfd058830', 'e7a67d88173566be3cd3aed7e9eeb7e29aabbc57']",1.0,1.0,1.0,True,0.0,1024,False,3
"[""test"", ""refactor"", ""docs""]","[""test"", ""fix"", ""docs""]",0.9445278644561768,"['bedc7950b24c37809e36a585b7985d5aa5e3e458', '933ab6bb86372913c992567cf9660009900911a7', '6d405dfc1675dcad64a2dfac0c0cb0fb28381d21']",0.6666666666666666,0.6666666666666666,0.6666666666666666,False,0.2857142857142857,1024,False,3
"[""fix"", ""build"", ""test""]","[""fix"", ""build"", ""test""]",0.8143460750579834,"['d129eaf9125a967ac86c6c7276bbae6b4d50af36', '32b92cfa0b74a6c25990e32ac6aab12b8496794c', '317f4eefecddfb1392ca71d551840f446feee302']",1.0,1.0,1.0,True,0.0,1024,False,3
"[""feat"", ""fix"", ""ci""]","[""feat"", ""fix"", ""ci""]",0.8679280281066895,"['f823cf28652987d43c8324b4f5b203240032383a', '9be725fa3906323d4bc9788f54eccf74109d632b', '32845e1bbd1efb5dbc16f671049509a409ba25ce']",1.0,1.0,1.0,True,0.0,1024,False,3
"[""fix"", ""docs"", ""build""]","[""fix"", ""docs"", ""build""]",0.8137736320495605,"['9ef5c0d14193a9abb09b39856f58477d1f4b0d77', 'a52a585d74894b3b4eeb8c784fa089ff95cddad0', '37b1cbfd3d2c462ef4f2a131e4172c38dc8d9ddf']",1.0,1.0,1.0,True,0.0,1024,False,3
"[""feat"", ""ci"", ""docs""]","[""fix"", ""ci"", ""docs""]",0.8866171836853027,"['87d5d4e55ab7149b593d29410f1fe426ba2447d4', '4cbbd2552ba0de273e1dfe7d453c5b3efed751a3', '6d405dfc1675dcad64a2dfac0c0cb0fb28381d21']",0.6666666666666666,0.6666666666666666,0.6666666666666666,False,0.2857142857142857,1024,False,3
"[""fix"", ""docs"", ""refactor""]","[""feat"", ""docs"", ""fix""]",0.8686416149139404,"['fd8e563cc19ca4684885d4692acee6bebcca4ada', 'cb1f48b56ae0de93acb72e48726c7d610a1d538e', 'bed78248c941d57ad4cc20a455147e186e97c7a1']",0.6666666666666666,0.6666666666666666,0.6666666666666666,False,0.2857142857142857,1024,False,3
"[""feat"", ""refactor""]","[""feat"", ""fix"", ""refactor""]",1.5680692195892334,"['1bcf88670b50155b50071e707f98f30cea0b7a24', '9ef5c0d14193a9abb09b39856f58477d1f4b0d77', '062daa45cbd5dba6e96e95d8cdcaee89ae30a83c']",1.0,0.6666666666666666,0.8,False,0.1428571428571428,1024,False,3
"[""refactor"", ""docs"", ""test""]","[""fix"", ""docs"", ""test""]",0.9253261089324952,"['bed78248c941d57ad4cc20a455147e186e97c7a1', 'a52a585d74894b3b4eeb8c784fa089ff95cddad0', 'e9617f0854030e70365eb264bcb3b58078e79e9e']",0.6666666666666666,0.6666666666666666,0.6666666666666666,False,0.2857142857142857,1024,False,3
"[""docs"", ""ci"", ""refactor""]","[""docs"", ""ci"", ""feat""]",0.8661589622497559,"['c2ee5cd5e709afd15c5565ee009a0d204403a119', 'dbb537a26e388a8d7d17faf131abc30c2f7a84e6', 'ded26d768ff432ad3bde3c0aa1e95ce50726100a']",0.6666666666666666,0.6666666666666666,0.6666666666666666,False,0.2857142857142857,1024,False,3
"[""build"", ""ci"", ""refactor""]","[""build"", ""ci"", ""refactor""]",0.8627068996429443,"['454003841aabeb74396d73541378bfa59c75b5db', 'dbb537a26e388a8d7d17faf131abc30c2f7a84e6', '062daa45cbd5dba6e96e95d8cdcaee89ae30a83c']",1.0,1.0,1.0,True,0.0,1024,False,3
"[""refactor"", ""test""]","[""feat"", ""fix"", ""test""]",0.5385169982910156,"['fd8e563cc19ca4684885d4692acee6bebcca4ada', 'd1d55e787b7d07f763852602b9939a5394607fd9', 'b7ce2894fd1794064bd6db4ed730bb6cb7728739']",0.5,0.3333333333333333,0.4,False,0.4285714285714285,1024,False,3
"[""docs"", ""test"", ""build""]","[""docs"", ""test"", ""build""]",0.808574914932251,"['bf83c9155e9bee6925aa7102fab53fb803d52533', 'b7ce2894fd1794064bd6db4ed730bb6cb7728739', '37b1cbfd3d2c462ef4f2a131e4172c38dc8d9ddf']",1.0,1.0,1.0,True,0.0,1024,False,3
"[""fix"", ""ci"", ""test""]","[""fix"", ""ci"", ""test""]",0.7563889026641846,"['d129eaf9125a967ac86c6c7276bbae6b4d50af36', 'e7a67d88173566be3cd3aed7e9eeb7e29aabbc57', '317f4eefecddfb1392ca71d551840f446feee302']",1.0,1.0,1.0,True,0.0,1024,False,3
"[""docs"", ""ci""]","[""docs"", ""fix"", ""ci""]",0.753748893737793,"['c2ee5cd5e709afd15c5565ee009a0d204403a119', 'd1d55e787b7d07f763852602b9939a5394607fd9', '6c9cb638cb4d1ecc42632fcf389c24898c5b3244']",1.0,0.6666666666666666,0.8,False,0.1428571428571428,1024,False,3
"[""ci"", ""fix"", ""docs""]","[""ci"", ""fix"", ""docs""]",0.921516180038452,"['dbb537a26e388a8d7d17faf131abc30c2f7a84e6', 'c8e0ae8612df3d6f2831acc004aaac332f6105e4', 'e12d9e77a6fd531a22325337838a841b1c67f00d']",1.0,1.0,1.0,True,0.0,1024,False,3
"[""build"", ""docs""]","[""build"", ""docs"", ""refactor""]",0.9037859439849854,"['c55591ba157298a9c5816693c102a89dfd058830', 'c2ee5cd5e709afd15c5565ee009a0d204403a119', 'a62314d9bb632be6af026686615d14b912250512']",1.0,0.6666666666666666,0.8,False,0.1428571428571428,1024,False,3
"[""build"", ""refactor""]","[""fix"", ""build"", ""refactor""]",0.8429691791534424,"['d1d55e787b7d07f763852602b9939a5394607fd9', '32b92cfa0b74a6c25990e32ac6aab12b8496794c', '062daa45cbd5dba6e96e95d8cdcaee89ae30a83c']",1.0,0.6666666666666666,0.8,False,0.1428571428571428,1024,False,3
"[""test"", ""docs"", ""build""]","[""test"", ""docs"", ""build""]",0.7595059871673584,"['f411e58cd510f8a2b980b2f1932003a0c0e9f8f3', 'af880ac5b4fecbc6c4f3d1eee0d95f326e8bd9d1', '1269431c8a3e7549f10fcbbb4b88ff625c8898b3']",1.0,1.0,1.0,True,0.0,1024,False,3
"[""feat"", ""fix"", ""test""]","[""feat"", ""fix"", ""test""]",0.8374347686767578,"['f9a094918b62534614c47aa8a13f33aec751a1e0', '87d5d4e55ab7149b593d29410f1fe426ba2447d4', '317f4eefecddfb1392ca71d551840f446feee302']",1.0,1.0,1.0,True,0.0,1024,False,3
"[""test"", ""fix"", ""feat""]","[""test"", ""fix"", ""feat""]",0.7618799209594727,"['229b53a632ea97d47c4be11f096bdd828fb415d8', 'c8e0ae8612df3d6f2831acc004aaac332f6105e4', 'f823cf28652987d43c8324b4f5b203240032383a']",1.0,1.0,1.0,True,0.0,1024,False,3
"[""feat"", ""fix"", ""docs""]","[""feat"", ""fix"", ""docs""]",0.915848970413208,"['dc5238b2bda98a7c4f2fe9584fc3b0191a408109', '06e2be4e2019b6fa714e1fcb34485860ef1ede79', 'af880ac5b4fecbc6c4f3d1eee0d95f326e8bd9d1']",1.0,1.0,1.0,True,0.0,1024,False,3
"[""ci"", ""docs"", ""test""]","[""ci"", ""docs"", ""test""]",0.7902951240539551,"['173553c0372e66e03bdab19e0e6c2dd44daa14a0', 'e12d9e77a6fd531a22325337838a841b1c67f00d', 'c7b25726df94a2530c9b1c0d2b6a0acaa103822f']",1.0,1.0,1.0,True,0.0,1024,False,3
"[""ci"", ""refactor"", ""docs""]","[""ci"", ""fix"", ""docs""]",1.007785081863403,"['dbb537a26e388a8d7d17faf131abc30c2f7a84e6', '2561f4ade46fc9d59f289f328cc77733a6443697', 'e12d9e77a6fd531a22325337838a841b1c67f00d']",0.6666666666666666,0.6666666666666666,0.6666666666666666,False,0.2857142857142857,1024,False,3
"[""feat"", ""test""]","[""feat"", ""fix"", ""test""]",0.684384822845459,"['f823cf28652987d43c8324b4f5b203240032383a', '9ef5c0d14193a9abb09b39856f58477d1f4b0d77', '229b53a632ea97d47c4be11f096bdd828fb415d8']",1.0,0.6666666666666666,0.8,False,0.1428571428571428,1024,False,3
"[""docs"", ""ci"", ""feat""]","[""docs"", ""ci"", ""feat""]",0.974040985107422,"['6d405dfc1675dcad64a2dfac0c0cb0fb28381d21', '173553c0372e66e03bdab19e0e6c2dd44daa14a0', 'b282e90e2cbb74559aab79eee8443a4d7c85502a']",1.0,1.0,1.0,True,0.0,1024,False,3
"[""ci"", ""docs"", ""build""]","[""ci"", ""docs"", ""build""]",0.920896053314209,"['c5fa7b80438fbd74f4c341f0d3c9bd9e0f4910da', '036a0ff49a7dade0e04c9c07071a1ff49133ee24', 'c44cf88a6ec54e5ddd99d8348bcc57b301ec7945']",1.0,1.0,1.0,True,0.0,1024,False,3
"[""ci"", ""refactor"", ""build""]","[""ci"", ""feat"", ""build""]",0.7311742305755615,"['32845e1bbd1efb5dbc16f671049509a409ba25ce', 'b282e90e2cbb74559aab79eee8443a4d7c85502a', '37b1cbfd3d2c462ef4f2a131e4172c38dc8d9ddf']",0.6666666666666666,0.6666666666666666,0.6666666666666666,False,0.2857142857142857,1024,False,3
"[""test"", ""build"", ""fix"", ""feat""]","[""test"", ""build"", ""fix"", ""feat""]",1.121589183807373,"['e0198f74b81da3663144cfe1d971939319f82a0f', 'f00a4d3e307b89842250358ee432e6800bb24362', 'd129eaf9125a967ac86c6c7276bbae6b4d50af36', 'dc5238b2bda98a7c4f2fe9584fc3b0191a408109']",1.0,1.0,1.0,True,0.0,1024,False,4
"[""ci"", ""fix"", ""test"", ""docs""]","[""ci"", ""build"", ""test"", ""docs""]",1.0053019523620603,"['c5fa7b80438fbd74f4c341f0d3c9bd9e0f4910da', '1269431c8a3e7549f10fcbbb4b88ff625c8898b3', 'e2e8ad25854bd1e7cdbc7f50b50bbd99e04ad47d', '036a0ff49a7dade0e04c9c07071a1ff49133ee24']",0.75,0.75,0.75,False,0.2857142857142857,1024,False,4
"[""fix"", ""feat"", ""docs"", ""test""]","[""refactor"", ""feat"", ""docs"", ""test""]",1.0747411251068115,"['3cca5c314ad6feeffbfe1f14cf49ebd0fd9a95a2', 'dc5238b2bda98a7c4f2fe9584fc3b0191a408109', 'aca23027da1295c78fdf42ba9687d8ccc88784d7', '229b53a632ea97d47c4be11f096bdd828fb415d8']",0.75,0.75,0.75,False,0.2857142857142857,1024,False,4
"[""docs"", ""test"", ""build"", ""feat""]","[""fix"", ""test"", ""build"", ""refactor""]",1.089580774307251,"['d1d55e787b7d07f763852602b9939a5394607fd9', 'bedc7950b24c37809e36a585b7985d5aa5e3e458', 'c55591ba157298a9c5816693c102a89dfd058830', '535708ae50aecb452560a23356fd396f99ef13a2']",0.5,0.5,0.5,False,0.5714285714285714,1024,False,4
"[""docs"", ""build"", ""ci"", ""feat""]","[""docs"", ""build"", ""ci"", ""feat""]",1.1034340858459473,"['a52a585d74894b3b4eeb8c784fa089ff95cddad0', '1269431c8a3e7549f10fcbbb4b88ff625c8898b3', '45837af24a33308a70a3454f0f650f9fe728e272', 'e137f9fdbdb6bf3f85c3f7ac9323785e445844c8']",1.0,1.0,1.0,True,0.0,1024,False,4
"[""docs"", ""test"", ""refactor"", ""feat"", ""ci""]","[""test"", ""fix"", ""refactor"", ""ci""]",0.9942030906677246,"['e9617f0854030e70365eb264bcb3b58078e79e9e', 'bed78248c941d57ad4cc20a455147e186e97c7a1', '535708ae50aecb452560a23356fd396f99ef13a2', 'c5fa7b80438fbd74f4c341f0d3c9bd9e0f4910da']",0.6,0.75,0.6666666666666665,False,0.4285714285714285,1024,False,4
"[""ci"", ""refactor"", ""feat"", ""docs""]","[""ci"", ""fix"", ""feat"", ""refactor""]",0.9345121383666992,"['e7a67d88173566be3cd3aed7e9eeb7e29aabbc57', 'bed78248c941d57ad4cc20a455147e186e97c7a1', 'f823cf28652987d43c8324b4f5b203240032383a', '2954a0955ce9af6acb345ed1e8328e145ad30475']",0.75,0.75,0.75,False,0.2857142857142857,1024,False,4
"[""docs"", ""ci"", ""test"", ""fix""]","[""docs"", ""ci"", ""test"", ""refactor""]",0.844984769821167,"['aca23027da1295c78fdf42ba9687d8ccc88784d7', '74e9de5ec97dc013a52aa063dff0f40ac74c407b', '317f4eefecddfb1392ca71d551840f446feee302', '3cca5c314ad6feeffbfe1f14cf49ebd0fd9a95a2']",0.75,0.75,0.75,False,0.2857142857142857,1024,False,4
"[""fix"", ""feat"", ""build"", ""docs""]","[""fix"", ""feat"", ""build"", ""docs""]",0.8351478576660156,"['9be725fa3906323d4bc9788f54eccf74109d632b', 'e137f9fdbdb6bf3f85c3f7ac9323785e445844c8', 'c323d59c607cabc91f17a78528d998f376f30b10', '0cfc5633d37ea06f645649138323f1820e18bdee']",1.0,1.0,1.0,True,0.0,1024,False,4
"[""docs"", ""test"", ""feat""]","[""docs"", ""feat"", ""test"", ""fix""]",1.1970491409301758,"['0cfc5633d37ea06f645649138323f1820e18bdee', '1bcf88670b50155b50071e707f98f30cea0b7a24', '229b53a632ea97d47c4be11f096bdd828fb415d8', '87d5d4e55ab7149b593d29410f1fe426ba2447d4']",1.0,0.75,0.8571428571428571,False,0.1428571428571428,1024,False,4
"[""build"", ""refactor"", ""test"", ""ci""]","[""build"", ""refactor"", ""test"", ""ci""]",0.8267490863800049,"['c55591ba157298a9c5816693c102a89dfd058830', '062daa45cbd5dba6e96e95d8cdcaee89ae30a83c', 'c7b25726df94a2530c9b1c0d2b6a0acaa103822f', 'dbb537a26e388a8d7d17faf131abc30c2f7a84e6']",1.0,1.0,1.0,True,0.0,1024,False,4
"[""feat"", ""fix"", ""test"", ""refactor""]","[""feat"", ""fix"", ""test"", ""refactor""]",0.8157989978790283,"['dc5238b2bda98a7c4f2fe9584fc3b0191a408109', 'c8e0ae8612df3d6f2831acc004aaac332f6105e4', 'f411e58cd510f8a2b980b2f1932003a0c0e9f8f3', '47ef9104e4a89e80d7cc6c1950bc080841da4a7b']",1.0,1.0,1.0,True,0.0,1024,False,4
"[""docs"", ""test"", ""ci"", ""feat""]","[""refactor"", ""docs"", ""test"", ""ci""]",1.864851951599121,"['63eab619e6166eb6cab948028a7b89bf059dd878', 'aca23027da1295c78fdf42ba9687d8ccc88784d7', 'f411e58cd510f8a2b980b2f1932003a0c0e9f8f3', 'e7a67d88173566be3cd3aed7e9eeb7e29aabbc57']",0.75,0.75,0.75,False,0.2857142857142857,1024,False,4
"[""docs"", ""refactor"", ""test"", ""fix""]","[""docs"", ""refactor"", ""test"", ""fix""]",0.8295121192932129,"['aca23027da1295c78fdf42ba9687d8ccc88784d7', '062daa45cbd5dba6e96e95d8cdcaee89ae30a83c', 'b7ce2894fd1794064bd6db4ed730bb6cb7728739', '06e2be4e2019b6fa714e1fcb34485860ef1ede79']",1.0,1.0,1.0,True,0.0,1024,False,4
"[""test"", ""docs"", ""build"", ""ci""]","[""test"", ""docs"", ""build"", ""ci""]",0.7465090751647949,"['317f4eefecddfb1392ca71d551840f446feee302', 'aca23027da1295c78fdf42ba9687d8ccc88784d7', 'f00a4d3e307b89842250358ee432e6800bb24362', '32845e1bbd1efb5dbc16f671049509a409ba25ce']",1.0,1.0,1.0,True,0.0,1024,False,4
"[""fix"", ""refactor"", ""test"", ""docs""]","[""fix"", ""refactor"", ""docs"", ""test""]",1.187251091003418,"['933ab6bb86372913c992567cf9660009900911a7', '3cca5c314ad6feeffbfe1f14cf49ebd0fd9a95a2', 'a52a585d74894b3b4eeb8c784fa089ff95cddad0', '229b53a632ea97d47c4be11f096bdd828fb415d8']",1.0,1.0,1.0,True,0.0,1024,False,4
"[""refactor"", ""ci"", ""docs"", ""build""]","[""refactor"", ""ci"", ""docs"", ""build""]",1.12748384475708,"['63eab619e6166eb6cab948028a7b89bf059dd878', '6c9cb638cb4d1ecc42632fcf389c24898c5b3244', 'a52a585d74894b3b4eeb8c784fa089ff95cddad0', 'c55591ba157298a9c5816693c102a89dfd058830']",1.0,1.0,1.0,True,0.0,1024,False,4
"[""ci"", ""build"", ""feat""]","[""ci"", ""build"", ""test"", ""fix""]",0.8768560886383057,"['173553c0372e66e03bdab19e0e6c2dd44daa14a0', 'c55591ba157298a9c5816693c102a89dfd058830', '8ee0611fbf0cd89abe7ae588f22e6ecb843598ea', '87d5d4e55ab7149b593d29410f1fe426ba2447d4']",0.6666666666666666,0.5,0.5714285714285715,False,0.4285714285714285,1024,False,4
"[""ci"", ""build"", ""refactor""]","[""ci"", ""build"", ""feat"", ""fix""]",1.4915261268615725,"['32845e1bbd1efb5dbc16f671049509a409ba25ce', '32b92cfa0b74a6c25990e32ac6aab12b8496794c', 'fd8e563cc19ca4684885d4692acee6bebcca4ada', '933ab6bb86372913c992567cf9660009900911a7']",0.6666666666666666,0.5,0.5714285714285715,False,0.4285714285714285,1024,False,4
"[""test"", ""build"", ""fix""]","[""test"", ""build"", ""fix"", ""feat""]",1.0508852005004885,"['317f4eefecddfb1392ca71d551840f446feee302', '454003841aabeb74396d73541378bfa59c75b5db', '933ab6bb86372913c992567cf9660009900911a7', '6ed56ce9ae743ba9a87e6c9643cc06b1de7b748d']",1.0,0.75,0.8571428571428571,False,0.1428571428571428,1024,False,4
"[""docs"", ""test"", ""fix""]","[""fix"", ""docs"", ""test"", ""refactor""]",0.849153995513916,"['d1d55e787b7d07f763852602b9939a5394607fd9', '6d405dfc1675dcad64a2dfac0c0cb0fb28381d21', 'e0198f74b81da3663144cfe1d971939319f82a0f', '36556bf8e0bce4ab6d26eafacbdad04d9614a5d7']",1.0,0.75,0.8571428571428571,False,0.1428571428571428,1024,False,4
"[""ci"", ""docs"", ""build"", ""feat""]","[""ci"", ""docs"", ""build"", ""feat""]",0.8093533515930176,"['e7a67d88173566be3cd3aed7e9eeb7e29aabbc57', '6d405dfc1675dcad64a2dfac0c0cb0fb28381d21', 'c44cf88a6ec54e5ddd99d8348bcc57b301ec7945', 'f9a094918b62534614c47aa8a13f33aec751a1e0']",1.0,1.0,1.0,True,0.0,1024,False,4
"[""refactor"", ""test"", ""feat"", ""docs""]","[""fix"", ""test"", ""feat"", ""docs""]",0.9983880519866944,"['2561f4ade46fc9d59f289f328cc77733a6443697', 'e0198f74b81da3663144cfe1d971939319f82a0f', '1bcf88670b50155b50071e707f98f30cea0b7a24', '6d405dfc1675dcad64a2dfac0c0cb0fb28381d21']",0.75,0.75,0.75,False,0.2857142857142857,1024,False,4
"[""ci"", ""fix"", ""test"", ""docs""]","[""ci"", ""fix"", ""test"", ""docs""]",1.0002720355987549,"['4cbbd2552ba0de273e1dfe7d453c5b3efed751a3', '933ab6bb86372913c992567cf9660009900911a7', 'b7ce2894fd1794064bd6db4ed730bb6cb7728739', 'af880ac5b4fecbc6c4f3d1eee0d95f326e8bd9d1']",1.0,1.0,1.0,True,0.0,1024,False,4
"[""feat"", ""ci"", ""refactor""]","[""feat"", ""ci"", ""refactor"", ""fix""]",0.882889986038208,"['f823cf28652987d43c8324b4f5b203240032383a', '45837af24a33308a70a3454f0f650f9fe728e272', '36556bf8e0bce4ab6d26eafacbdad04d9614a5d7', 'bed78248c941d57ad4cc20a455147e186e97c7a1']",1.0,0.75,0.8571428571428571,False,0.1428571428571428,1024,False,4
"[""feat"", ""docs"", ""build""]","[""refactor"", ""feat"", ""docs"", ""build""]",0.915179967880249,"['63eab619e6166eb6cab948028a7b89bf059dd878', 'e137f9fdbdb6bf3f85c3f7ac9323785e445844c8', 'a52a585d74894b3b4eeb8c784fa089ff95cddad0', 'f00a4d3e307b89842250358ee432e6800bb24362']",1.0,0.75,0.8571428571428571,False,0.1428571428571428,1024,False,4
"[""fix"", ""build"", ""ci"", ""feat""]","[""build"", ""test"", ""ci"", ""refactor""]",0.9689021110534668,"['1269431c8a3e7549f10fcbbb4b88ff625c8898b3', '8ee0611fbf0cd89abe7ae588f22e6ecb843598ea', '45837af24a33308a70a3454f0f650f9fe728e272', '63eab619e6166eb6cab948028a7b89bf059dd878']",0.5,0.5,0.5,False,0.5714285714285714,1024,False,4
"[""build"", ""docs"", ""feat"", ""refactor""]","[""build"", ""docs"", ""feat"", ""fix""]",0.8972501754760742,"['37b1cbfd3d2c462ef4f2a131e4172c38dc8d9ddf', '6d405dfc1675dcad64a2dfac0c0cb0fb28381d21', 'b282e90e2cbb74559aab79eee8443a4d7c85502a', '2561f4ade46fc9d59f289f328cc77733a6443697']",0.75,0.75,0.75,False,0.2857142857142857,1024,False,4
"[""build"", ""test"", ""ci""]","[""build"", ""test"", ""ci"", ""feat""]",0.9164550304412842,"['c55591ba157298a9c5816693c102a89dfd058830', '317f4eefecddfb1392ca71d551840f446feee302', 'c5fa7b80438fbd74f4c341f0d3c9bd9e0f4910da', '6ed56ce9ae743ba9a87e6c9643cc06b1de7b748d']",1.0,0.75,0.8571428571428571,False,0.1428571428571428,1024,False,4
"[""fix"", ""build"", ""docs""]","[""fix"", ""build"", ""docs"", ""refactor""]",1.0361220836639404,"['933ab6bb86372913c992567cf9660009900911a7', '5b81fde8a72cf2e69a10e9f5c4f0bea0a2b8c3e0', 'c2ee5cd5e709afd15c5565ee009a0d204403a119', '3cca5c314ad6feeffbfe1f14cf49ebd0fd9a95a2']",1.0,0.75,0.8571428571428571,False,0.1428571428571428,1024,False,4
"[""fix"", ""feat"", ""docs"", ""ci""]","[""fix"", ""feat"", ""docs"", ""ci""]",1.5188360214233398,"['933ab6bb86372913c992567cf9660009900911a7', 'dc5238b2bda98a7c4f2fe9584fc3b0191a408109', '036a0ff49a7dade0e04c9c07071a1ff49133ee24', 'e7a67d88173566be3cd3aed7e9eeb7e29aabbc57']",1.0,1.0,1.0,True,0.0,1024,False,4
"[""test"", ""fix"", ""docs"", ""feat"", ""refactor""]","[""docs"", ""fix"", ""feat"", ""refactor""]",1.0708470344543457,"['af880ac5b4fecbc6c4f3d1eee0d95f326e8bd9d1', 'c8e0ae8612df3d6f2831acc004aaac332f6105e4', 'f9a094918b62534614c47aa8a13f33aec751a1e0', '47ef9104e4a89e80d7cc6c1950bc080841da4a7b']",0.8,1.0,0.888888888888889,False,0.1428571428571428,1024,False,4
"[""fix"", ""feat"", ""ci""]","[""fix"", ""build"", ""feat"", ""ci""]",0.7871317863464355,"['d129eaf9125a967ac86c6c7276bbae6b4d50af36', '1269431c8a3e7549f10fcbbb4b88ff625c8898b3', 'e137f9fdbdb6bf3f85c3f7ac9323785e445844c8', '173553c0372e66e03bdab19e0e6c2dd44daa14a0']",1.0,0.75,0.8571428571428571,False,0.1428571428571428,1024,False,4
"[""feat"", ""refactor"", ""test"", ""build""]","[""feat"", ""refactor"", ""test"", ""build""]",0.9237208366394044,"['dc5238b2bda98a7c4f2fe9584fc3b0191a408109', '771857b1df9470ebc15357e8879118a72c649d5b', 'b7ce2894fd1794064bd6db4ed730bb6cb7728739', 'c323d59c607cabc91f17a78528d998f376f30b10']",1.0,1.0,1.0,True,0.0,1024,False,4
"[""build"", ""test"", ""ci"", ""fix""]","[""build"", ""test"", ""ci"", ""fix""]",0.8829648494720459,"['5b81fde8a72cf2e69a10e9f5c4f0bea0a2b8c3e0', 'b7ce2894fd1794064bd6db4ed730bb6cb7728739', '74e9de5ec97dc013a52aa063dff0f40ac74c407b', 'd129eaf9125a967ac86c6c7276bbae6b4d50af36']",1.0,1.0,1.0,True,0.0,1024,False,4
"[""test"", ""build"", ""ci""]","[""docs"", ""feat"", ""build"", ""ci""]",1.0468332767486572,"['af880ac5b4fecbc6c4f3d1eee0d95f326e8bd9d1', 'ded26d768ff432ad3bde3c0aa1e95ce50726100a', '454003841aabeb74396d73541378bfa59c75b5db', '4cbbd2552ba0de273e1dfe7d453c5b3efed751a3']",0.6666666666666666,0.5,0.5714285714285715,False,0.4285714285714285,1024,False,4
"[""docs"", ""feat"", ""ci"", ""build""]","[""docs"", ""refactor"", ""ci"", ""build""]",0.8021390438079834,"['036a0ff49a7dade0e04c9c07071a1ff49133ee24', '535708ae50aecb452560a23356fd396f99ef13a2', 'e7a67d88173566be3cd3aed7e9eeb7e29aabbc57', 'c55591ba157298a9c5816693c102a89dfd058830']",0.75,0.75,0.75,False,0.2857142857142857,1024,False,4
"[""docs"", ""ci"", ""refactor""]","[""refactor"", ""ci"", ""fix"", ""docs""]",1.064682960510254,"['2954a0955ce9af6acb345ed1e8328e145ad30475', '6c9cb638cb4d1ecc42632fcf389c24898c5b3244', 'd1d55e787b7d07f763852602b9939a5394607fd9', '6d405dfc1675dcad64a2dfac0c0cb0fb28381d21']",1.0,0.75,0.8571428571428571,False,0.1428571428571428,1024,False,4
"[""test"", ""ci"", ""docs"", ""refactor""]","[""test"", ""ci"", ""docs"", ""feat""]",1.2731502056121826,"['229b53a632ea97d47c4be11f096bdd828fb415d8', '4cbbd2552ba0de273e1dfe7d453c5b3efed751a3', 'bf83c9155e9bee6925aa7102fab53fb803d52533', 'ded26d768ff432ad3bde3c0aa1e95ce50726100a']",0.75,0.75,0.75,False,0.2857142857142857,1024,False,4
"[""refactor"", ""feat"", ""test""]","[""refactor"", ""fix"", ""test"", ""feat""]",1.5721290111541748,"['47ef9104e4a89e80d7cc6c1950bc080841da4a7b', '9ef5c0d14193a9abb09b39856f58477d1f4b0d77', 'b7ce2894fd1794064bd6db4ed730bb6cb7728739', '1bcf88670b50155b50071e707f98f30cea0b7a24']",1.0,0.75,0.8571428571428571,False,0.1428571428571428,1024,False,4
"[""docs"", ""ci"", ""feat""]","[""docs"", ""feat"", ""ci"", ""refactor""]",0.8838269710540771,"['e12d9e77a6fd531a22325337838a841b1c67f00d', 'fd8e563cc19ca4684885d4692acee6bebcca4ada', '173553c0372e66e03bdab19e0e6c2dd44daa14a0', '535708ae50aecb452560a23356fd396f99ef13a2']",1.0,0.75,0.8571428571428571,False,0.1428571428571428,1024,False,4
"[""refactor"", ""feat"", ""ci"", ""docs""]","[""refactor"", ""feat"", ""docs"", ""ci""]",0.7745110988616943,"['1db13ec43727aca872a0f3836e4023ed85db665e', 'b282e90e2cbb74559aab79eee8443a4d7c85502a', 'e12d9e77a6fd531a22325337838a841b1c67f00d', '74e9de5ec97dc013a52aa063dff0f40ac74c407b']",1.0,1.0,1.0,True,0.0,1024,False,4
"[""docs"", ""ci"", ""refactor"", ""test""]","[""docs"", ""ci"", ""refactor"", ""test""]",0.955146074295044,"['aca23027da1295c78fdf42ba9687d8ccc88784d7', '74e9de5ec97dc013a52aa063dff0f40ac74c407b', '2954a0955ce9af6acb345ed1e8328e145ad30475', 'f411e58cd510f8a2b980b2f1932003a0c0e9f8f3']",1.0,1.0,1.0,True,0.0,1024,False,4
"[""test"", ""ci"", ""fix""]","[""test"", ""docs"", ""ci"", ""fix""]",1.122148036956787,"['b7ce2894fd1794064bd6db4ed730bb6cb7728739', 'af880ac5b4fecbc6c4f3d1eee0d95f326e8bd9d1', '6c9cb638cb4d1ecc42632fcf389c24898c5b3244', 'd129eaf9125a967ac86c6c7276bbae6b4d50af36']",1.0,0.75,0.8571428571428571,False,0.1428571428571428,1024,False,4
"[""ci"", ""fix"", ""build"", ""docs""]","[""ci"", ""refactor"", ""test"", ""docs""]",2.0207948684692383,"['e7a67d88173566be3cd3aed7e9eeb7e29aabbc57', '36556bf8e0bce4ab6d26eafacbdad04d9614a5d7', '8ee0611fbf0cd89abe7ae588f22e6ecb843598ea', 'c2ee5cd5e709afd15c5565ee009a0d204403a119']",0.5,0.5,0.5,False,0.5714285714285714,1024,False,4
"[""docs"", ""test"", ""build""]","[""docs"", ""feat"", ""test"", ""build""]",1.047489881515503,"['0cfc5633d37ea06f645649138323f1820e18bdee', 'fd8e563cc19ca4684885d4692acee6bebcca4ada', 'e9617f0854030e70365eb264bcb3b58078e79e9e', '1269431c8a3e7549f10fcbbb4b88ff625c8898b3']",1.0,0.75,0.8571428571428571,False,0.1428571428571428,1024,False,4
"[""refactor"", ""feat"", ""test""]","[""refactor"", ""feat"", ""test"", ""fix""]",0.7320981025695801,"['47ef9104e4a89e80d7cc6c1950bc080841da4a7b', 'b282e90e2cbb74559aab79eee8443a4d7c85502a', 'e0198f74b81da3663144cfe1d971939319f82a0f', 'bed78248c941d57ad4cc20a455147e186e97c7a1']",1.0,0.75,0.8571428571428571,False,0.1428571428571428,1024,False,4
"[""build"", ""ci"", ""fix"", ""feat""]","[""build"", ""ci"", ""fix"", ""refactor""]",1.04400634765625,"['454003841aabeb74396d73541378bfa59c75b5db', '173553c0372e66e03bdab19e0e6c2dd44daa14a0', 'd129eaf9125a967ac86c6c7276bbae6b4d50af36', '63eab619e6166eb6cab948028a7b89bf059dd878']",0.75,0.75,0.75,False,0.2857142857142857,1024,False,4
"[""docs"", ""test"", ""build""]","[""test"", ""refactor"", ""docs"", ""feat""]",1.0215089321136477,"['e9617f0854030e70365eb264bcb3b58078e79e9e', '2954a0955ce9af6acb345ed1e8328e145ad30475', 'c2ee5cd5e709afd15c5565ee009a0d204403a119', '6ed56ce9ae743ba9a87e6c9643cc06b1de7b748d']",0.6666666666666666,0.5,0.5714285714285715,False,0.4285714285714285,1024,False,4
"[""build"", ""docs"", ""refactor"", ""ci""]","[""build"", ""refactor"", ""fix"", ""ci""]",1.49088716506958,"['454003841aabeb74396d73541378bfa59c75b5db', 'a62314d9bb632be6af026686615d14b912250512', '06e2be4e2019b6fa714e1fcb34485860ef1ede79', '4cbbd2552ba0de273e1dfe7d453c5b3efed751a3']",0.75,0.75,0.75,False,0.2857142857142857,1024,False,4
"[""feat"", ""docs"", ""test"", ""ci""]","[""feat"", ""test"", ""refactor"", ""ci""]",0.9847817420959472,"['b282e90e2cbb74559aab79eee8443a4d7c85502a', 'e2e8ad25854bd1e7cdbc7f50b50bbd99e04ad47d', '63eab619e6166eb6cab948028a7b89bf059dd878', '6c9cb638cb4d1ecc42632fcf389c24898c5b3244']",0.75,0.75,0.75,False,0.2857142857142857,1024,False,4
"[""docs"", ""test"", ""refactor""]","[""docs"", ""fix"", ""test"", ""refactor""]",1.0256938934326172,"['0cfc5633d37ea06f645649138323f1820e18bdee', 'd1d55e787b7d07f763852602b9939a5394607fd9', 'e2e8ad25854bd1e7cdbc7f50b50bbd99e04ad47d', '062daa45cbd5dba6e96e95d8cdcaee89ae30a83c']",1.0,0.75,0.8571428571428571,False,0.1428571428571428,1024,False,4
"[""refactor"", ""fix"", ""docs"", ""ci""]","[""refactor"", ""fix"", ""docs"", ""ci""]",0.9550449848175048,"['47ef9104e4a89e80d7cc6c1950bc080841da4a7b', 'd129eaf9125a967ac86c6c7276bbae6b4d50af36', '0cfc5633d37ea06f645649138323f1820e18bdee', '45837af24a33308a70a3454f0f650f9fe728e272']",1.0,1.0,1.0,True,0.0,1024,False,4
"[""refactor"", ""build"", ""ci"", ""feat""]","[""fix"", ""build"", ""ci"", ""test""]",2.8995931148529053,"['bed78248c941d57ad4cc20a455147e186e97c7a1', '1269431c8a3e7549f10fcbbb4b88ff625c8898b3', '45837af24a33308a70a3454f0f650f9fe728e272', '8ee0611fbf0cd89abe7ae588f22e6ecb843598ea']",0.5,0.5,0.5,False,0.5714285714285714,1024,False,4
"[""build"", ""refactor"", ""ci"", ""docs""]","[""build"", ""fix"", ""ci"", ""docs""]",0.9119658470153807,"['454003841aabeb74396d73541378bfa59c75b5db', 'bed78248c941d57ad4cc20a455147e186e97c7a1', '45837af24a33308a70a3454f0f650f9fe728e272', 'c2ee5cd5e709afd15c5565ee009a0d204403a119']",0.75,0.75,0.75,False,0.2857142857142857,1024,False,4
"[""ci"", ""fix"", ""docs""]","[""ci"", ""refactor"", ""fix"", ""docs""]",0.895031213760376,"['dbb537a26e388a8d7d17faf131abc30c2f7a84e6', '3cca5c314ad6feeffbfe1f14cf49ebd0fd9a95a2', 'd1d55e787b7d07f763852602b9939a5394607fd9', '6d405dfc1675dcad64a2dfac0c0cb0fb28381d21']",1.0,0.75,0.8571428571428571,False,0.1428571428571428,1024,False,4
"[""refactor"", ""ci"", ""docs""]","[""fix"", ""ci"", ""docs"", ""refactor""]",0.7999420166015625,"['2561f4ade46fc9d59f289f328cc77733a6443697', '6c9cb638cb4d1ecc42632fcf389c24898c5b3244', 'bf83c9155e9bee6925aa7102fab53fb803d52533', '771857b1df9470ebc15357e8879118a72c649d5b']",1.0,0.75,0.8571428571428571,False,0.1428571428571428,1024,False,4
"[""fix"", ""refactor"", ""build"", ""docs""]","[""fix"", ""feat"", ""build"", ""docs""]",0.815385103225708,"['06e2be4e2019b6fa714e1fcb34485860ef1ede79', 'fd8e563cc19ca4684885d4692acee6bebcca4ada', '32b92cfa0b74a6c25990e32ac6aab12b8496794c', '6d405dfc1675dcad64a2dfac0c0cb0fb28381d21']",0.75,0.75,0.75,False,0.2857142857142857,1024,False,4
"[""build"", ""ci"", ""test"", ""feat""]","[""build"", ""ci"", ""test"", ""feat""]",0.8833122253417969,"['c55591ba157298a9c5816693c102a89dfd058830', '45837af24a33308a70a3454f0f650f9fe728e272', 'b7ce2894fd1794064bd6db4ed730bb6cb7728739', 'dc5238b2bda98a7c4f2fe9584fc3b0191a408109']",1.0,1.0,1.0,True,0.0,1024,False,4
"[""ci"", ""docs"", ""feat"", ""test""]","[""ci"", ""docs"", ""feat"", ""test""]",2.2046971321105957,"['173553c0372e66e03bdab19e0e6c2dd44daa14a0', 'e12d9e77a6fd531a22325337838a841b1c67f00d', 'f823cf28652987d43c8324b4f5b203240032383a', '229b53a632ea97d47c4be11f096bdd828fb415d8']",1.0,1.0,1.0,True,0.0,1024,False,4
"[""fix"", ""docs"", ""ci"", ""test""]","[""refactor"", ""docs"", ""ci"", ""test""]",0.921191930770874,"['36556bf8e0bce4ab6d26eafacbdad04d9614a5d7', 'aca23027da1295c78fdf42ba9687d8ccc88784d7', 'dbb537a26e388a8d7d17faf131abc30c2f7a84e6', '229b53a632ea97d47c4be11f096bdd828fb415d8']",0.75,0.75,0.75,False,0.2857142857142857,1024,False,4
"[""docs"", ""test"", ""fix""]","[""docs"", ""refactor"", ""test"", ""fix""]",0.8405570983886719,"['0cfc5633d37ea06f645649138323f1820e18bdee', '1db13ec43727aca872a0f3836e4023ed85db665e', '229b53a632ea97d47c4be11f096bdd828fb415d8', '9be725fa3906323d4bc9788f54eccf74109d632b']",1.0,0.75,0.8571428571428571,False,0.1428571428571428,1024,False,4
"[""ci"", ""docs"", ""refactor"", ""test""]","[""ci"", ""docs"", ""refactor"", ""test""]",0.7914330959320068,"['c5fa7b80438fbd74f4c341f0d3c9bd9e0f4910da', 'bf83c9155e9bee6925aa7102fab53fb803d52533', '062daa45cbd5dba6e96e95d8cdcaee89ae30a83c', 'bedc7950b24c37809e36a585b7985d5aa5e3e458']",1.0,1.0,1.0,True,0.0,1024,False,4
"[""fix"", ""docs"", ""ci"", ""feat""]","[""fix"", ""docs"", ""ci"", ""feat""]",0.7227091789245605,"['9be725fa3906323d4bc9788f54eccf74109d632b', '036a0ff49a7dade0e04c9c07071a1ff49133ee24', '45837af24a33308a70a3454f0f650f9fe728e272', 'f823cf28652987d43c8324b4f5b203240032383a']",1.0,1.0,1.0,True,0.0,1024,False,4
"[""docs"", ""test"", ""build"", ""refactor""]","[""docs"", ""test"", ""build"", ""feat""]",0.782027006149292,"['bf83c9155e9bee6925aa7102fab53fb803d52533', 'e0198f74b81da3663144cfe1d971939319f82a0f', 'f00a4d3e307b89842250358ee432e6800bb24362', 'ded26d768ff432ad3bde3c0aa1e95ce50726100a']",0.75,0.75,0.75,False,0.2857142857142857,1024,False,4
"[""docs"", ""test"", ""refactor""]","[""docs"", ""refactor"", ""test"", ""fix""]",0.7214899063110352,"['aca23027da1295c78fdf42ba9687d8ccc88784d7', '1db13ec43727aca872a0f3836e4023ed85db665e', 'f411e58cd510f8a2b980b2f1932003a0c0e9f8f3', '2561f4ade46fc9d59f289f328cc77733a6443697']",1.0,0.75,0.8571428571428571,False,0.1428571428571428,1024,False,4
"[""test"", ""build"", ""docs"", ""ci""]","[""test"", ""feat"", ""docs"", ""ci""]",0.7763469219207764,"['e0198f74b81da3663144cfe1d971939319f82a0f', 'f823cf28652987d43c8324b4f5b203240032383a', 'aca23027da1295c78fdf42ba9687d8ccc88784d7', 'e96487ad7ce90b141219d9032fa2bed68d5dae6a']",0.75,0.75,0.75,False,0.2857142857142857,1024,False,4
"[""refactor"", ""build"", ""docs""]","[""refactor"", ""build"", ""feat"", ""docs""]",1.289812088012695,"['63eab619e6166eb6cab948028a7b89bf059dd878', '32b92cfa0b74a6c25990e32ac6aab12b8496794c', 'fd8e563cc19ca4684885d4692acee6bebcca4ada', 'a52a585d74894b3b4eeb8c784fa089ff95cddad0']",1.0,0.75,0.8571428571428571,False,0.1428571428571428,1024,False,4
"[""build"", ""fix"", ""feat"", ""test"", ""refactor""]","[""build"", ""fix"", ""test"", ""feat""]",0.8956968784332275,"['37b1cbfd3d2c462ef4f2a131e4172c38dc8d9ddf', 'c8e0ae8612df3d6f2831acc004aaac332f6105e4', 'c7b25726df94a2530c9b1c0d2b6a0acaa103822f', '1bcf88670b50155b50071e707f98f30cea0b7a24']",0.8,1.0,0.888888888888889,False,0.1428571428571428,1024,False,4
"[""refactor"", ""ci"", ""docs"", ""build""]","[""refactor"", ""ci"", ""docs"", ""build""]",1.0835211277008057,"['771857b1df9470ebc15357e8879118a72c649d5b', '6c9cb638cb4d1ecc42632fcf389c24898c5b3244', '6d405dfc1675dcad64a2dfac0c0cb0fb28381d21', '454003841aabeb74396d73541378bfa59c75b5db']",1.0,1.0,1.0,True,0.0,1024,False,4
"[""fix"", ""docs"", ""feat"", ""ci"", ""test""]","[""fix"", ""docs"", ""refactor"", ""ci"", ""test""]",0.9753539562225342,"['9be725fa3906323d4bc9788f54eccf74109d632b', 'bf83c9155e9bee6925aa7102fab53fb803d52533', '535708ae50aecb452560a23356fd396f99ef13a2', '4cbbd2552ba0de273e1dfe7d453c5b3efed751a3', 'bedc7950b24c37809e36a585b7985d5aa5e3e458']",0.8,0.8,0.8000000000000002,False,0.2857142857142857,1024,False,5
"[""test"", ""docs"", ""refactor""]","[""test"", ""docs"", ""refactor"", ""build"", ""feat""]",0.7768270969390869,"['229b53a632ea97d47c4be11f096bdd828fb415d8', 'bf83c9155e9bee6925aa7102fab53fb803d52533', '062daa45cbd5dba6e96e95d8cdcaee89ae30a83c', 'e4a11fd5c34942ba12737f1c8c084489428ee274', 'fd8e563cc19ca4684885d4692acee6bebcca4ada']",1.0,0.6,0.7499999999999999,False,0.2857142857142857,1024,False,5
"[""test"", ""ci"", ""build"", ""refactor""]","[""test"", ""ci"", ""fix"", ""build"", ""refactor""]",0.7660181522369385,"['317f4eefecddfb1392ca71d551840f446feee302', 'e7a67d88173566be3cd3aed7e9eeb7e29aabbc57', 'd1d55e787b7d07f763852602b9939a5394607fd9', 'f00a4d3e307b89842250358ee432e6800bb24362', '771857b1df9470ebc15357e8879118a72c649d5b']",1.0,0.8,0.888888888888889,False,0.1428571428571428,1024,False,5
"[""ci"", ""refactor"", ""build"", ""test""]","[""ci"", ""refactor"", ""build"", ""test"", ""fix""]",0.7153799533843994,"['e7a67d88173566be3cd3aed7e9eeb7e29aabbc57', '47ef9104e4a89e80d7cc6c1950bc080841da4a7b', '5b81fde8a72cf2e69a10e9f5c4f0bea0a2b8c3e0', 'bedc7950b24c37809e36a585b7985d5aa5e3e458', '9ef5c0d14193a9abb09b39856f58477d1f4b0d77']",1.0,0.8,0.888888888888889,False,0.1428571428571428,1024,False,5
"[""build"", ""feat"", ""docs"", ""refactor""]","[""build"", ""fix"", ""feat"", ""refactor"", ""docs""]",1.5856702327728271,"['e4a11fd5c34942ba12737f1c8c084489428ee274', '9ef5c0d14193a9abb09b39856f58477d1f4b0d77', 'dc5238b2bda98a7c4f2fe9584fc3b0191a408109', '771857b1df9470ebc15357e8879118a72c649d5b', 'c2ee5cd5e709afd15c5565ee009a0d204403a119']",1.0,0.8,0.888888888888889,False,0.1428571428571428,1024,False,5
"[""docs"", ""test"", ""build"", ""fix"", ""feat""]","[""docs"", ""test"", ""build"", ""fix"", ""feat""]",0.7558188438415527,"['bf83c9155e9bee6925aa7102fab53fb803d52533', '229b53a632ea97d47c4be11f096bdd828fb415d8', 'c55591ba157298a9c5816693c102a89dfd058830', '06e2be4e2019b6fa714e1fcb34485860ef1ede79', 'f823cf28652987d43c8324b4f5b203240032383a']",1.0,1.0,1.0,True,0.0,1024,False,5
"[""ci"", ""build"", ""fix"", ""test"", ""feat""]","[""ci"", ""build"", ""fix"", ""test"", ""feat""]",1.464371919631958,"['e7a67d88173566be3cd3aed7e9eeb7e29aabbc57', 'c55591ba157298a9c5816693c102a89dfd058830', 'd129eaf9125a967ac86c6c7276bbae6b4d50af36', '229b53a632ea97d47c4be11f096bdd828fb415d8', '1bcf88670b50155b50071e707f98f30cea0b7a24']",1.0,1.0,1.0,True,0.0,1024,False,5
"[""refactor"", ""test"", ""build"", ""ci"", ""fix""]","[""fix"", ""test"", ""build"", ""ci"", ""refactor""]",0.8372318744659424,"['2561f4ade46fc9d59f289f328cc77733a6443697', 'b7ce2894fd1794064bd6db4ed730bb6cb7728739', '1269431c8a3e7549f10fcbbb4b88ff625c8898b3', 'e96487ad7ce90b141219d9032fa2bed68d5dae6a', '36556bf8e0bce4ab6d26eafacbdad04d9614a5d7']",1.0,1.0,1.0,True,0.0,1024,False,5
"[""docs"", ""ci"", ""feat"", ""test"", ""fix""]","[""docs"", ""ci"", ""refactor"", ""test"", ""fix""]",1.1208271980285645,"['bf83c9155e9bee6925aa7102fab53fb803d52533', 'e7a67d88173566be3cd3aed7e9eeb7e29aabbc57', '535708ae50aecb452560a23356fd396f99ef13a2', 'c7b25726df94a2530c9b1c0d2b6a0acaa103822f', '06e2be4e2019b6fa714e1fcb34485860ef1ede79']",0.8,0.8,0.8000000000000002,False,0.2857142857142857,1024,False,5
"[""fix"", ""docs"", ""build"", ""feat""]","[""refactor"", ""docs"", ""build"", ""feat"", ""fix""]",0.7988731861114502,"['36556bf8e0bce4ab6d26eafacbdad04d9614a5d7', 'c2ee5cd5e709afd15c5565ee009a0d204403a119', 'c55591ba157298a9c5816693c102a89dfd058830', '68278b00450f2679761a2999500f6d87a579376b', '9ef5c0d14193a9abb09b39856f58477d1f4b0d77']",1.0,0.8,0.888888888888889,False,0.1428571428571428,1024,False,5
"[""refactor"", ""build"", ""ci"", ""test""]","[""feat"", ""build"", ""fix"", ""ci"", ""test""]",0.8588058948516846,"['ded26d768ff432ad3bde3c0aa1e95ce50726100a', 'c323d59c607cabc91f17a78528d998f376f30b10', '2561f4ade46fc9d59f289f328cc77733a6443697', '45837af24a33308a70a3454f0f650f9fe728e272', 'e0198f74b81da3663144cfe1d971939319f82a0f']",0.75,0.6,0.6666666666666665,False,0.4285714285714285,1024,False,5
"[""ci"", ""docs"", ""test"", ""build"", ""feat""]","[""ci"", ""refactor"", ""test"", ""feat"", ""fix""]",0.9290568828582764,"['e96487ad7ce90b141219d9032fa2bed68d5dae6a', 'a62314d9bb632be6af026686615d14b912250512', 'c7b25726df94a2530c9b1c0d2b6a0acaa103822f', '6ed56ce9ae743ba9a87e6c9643cc06b1de7b748d', '9ef5c0d14193a9abb09b39856f58477d1f4b0d77']",0.6,0.6,0.6,False,0.5714285714285714,1024,False,5
"[""build"", ""docs"", ""ci"", ""fix""]","[""build"", ""refactor"", ""ci"", ""docs"", ""fix""]",0.8518011569976807,"['c55591ba157298a9c5816693c102a89dfd058830', '63eab619e6166eb6cab948028a7b89bf059dd878', 'c5fa7b80438fbd74f4c341f0d3c9bd9e0f4910da', '036a0ff49a7dade0e04c9c07071a1ff49133ee24', '9be725fa3906323d4bc9788f54eccf74109d632b']",1.0,0.8,0.888888888888889,False,0.1428571428571428,1024,False,5
"[""docs"", ""ci"", ""feat"", ""fix""]","[""docs"", ""ci"", ""refactor"", ""build"", ""feat""]",0.8721051216125488,"['bf83c9155e9bee6925aa7102fab53fb803d52533', '173553c0372e66e03bdab19e0e6c2dd44daa14a0', '535708ae50aecb452560a23356fd396f99ef13a2', '1269431c8a3e7549f10fcbbb4b88ff625c8898b3', 'f823cf28652987d43c8324b4f5b203240032383a']",0.75,0.6,0.6666666666666665,False,0.4285714285714285,1024,False,5
"[""test"", ""refactor"", ""fix"", ""docs""]","[""test"", ""feat"", ""refactor"", ""fix"", ""docs""]",0.9342441558837892,"['bedc7950b24c37809e36a585b7985d5aa5e3e458', 'fd8e563cc19ca4684885d4692acee6bebcca4ada', '062daa45cbd5dba6e96e95d8cdcaee89ae30a83c', 'c8e0ae8612df3d6f2831acc004aaac332f6105e4', '036a0ff49a7dade0e04c9c07071a1ff49133ee24']",1.0,0.8,0.888888888888889,False,0.1428571428571428,1024,False,5
"[""docs"", ""ci"", ""refactor"", ""test""]","[""docs"", ""build"", ""ci"", ""fix"", ""test""]",1.0539319515228271,"['c2ee5cd5e709afd15c5565ee009a0d204403a119', '1269431c8a3e7549f10fcbbb4b88ff625c8898b3', 'e7a67d88173566be3cd3aed7e9eeb7e29aabbc57', 'bed78248c941d57ad4cc20a455147e186e97c7a1', 'e9617f0854030e70365eb264bcb3b58078e79e9e']",0.75,0.6,0.6666666666666665,False,0.4285714285714285,1024,False,5
"[""fix"", ""ci"", ""docs"", ""test"", ""build""]","[""refactor"", ""ci"", ""docs"", ""test"", ""build""]",1.0193710327148438,"['3cca5c314ad6feeffbfe1f14cf49ebd0fd9a95a2', 'dbb537a26e388a8d7d17faf131abc30c2f7a84e6', 'e12d9e77a6fd531a22325337838a841b1c67f00d', 'c7b25726df94a2530c9b1c0d2b6a0acaa103822f', '37b1cbfd3d2c462ef4f2a131e4172c38dc8d9ddf']",0.8,0.8,0.8000000000000002,False,0.2857142857142857,1024,False,5
"[""test"", ""ci"", ""feat"", ""fix""]","[""test"", ""feat"", ""ci"", ""refactor"", ""fix""]",0.7064447402954102,"['229b53a632ea97d47c4be11f096bdd828fb415d8', 'b282e90e2cbb74559aab79eee8443a4d7c85502a', 'dbb537a26e388a8d7d17faf131abc30c2f7a84e6', '3cca5c314ad6feeffbfe1f14cf49ebd0fd9a95a2', '933ab6bb86372913c992567cf9660009900911a7']",1.0,0.8,0.888888888888889,False,0.1428571428571428,1024,False,5
"[""build"", ""fix"", ""ci"", ""docs""]","[""build"", ""fix"", ""ci"", ""refactor"", ""docs""]",0.8557710647583008,"['37b1cbfd3d2c462ef4f2a131e4172c38dc8d9ddf', '06e2be4e2019b6fa714e1fcb34485860ef1ede79', 'c5fa7b80438fbd74f4c341f0d3c9bd9e0f4910da', '1db13ec43727aca872a0f3836e4023ed85db665e', 'a52a585d74894b3b4eeb8c784fa089ff95cddad0']",1.0,0.8,0.888888888888889,False,0.1428571428571428,1024,False,5
"[""build"", ""docs"", ""ci"", ""test"", ""fix"", ""feat""]","[""build"", ""docs"", ""ci"", ""test"", ""feat""]",0.8970701694488525,"['c44cf88a6ec54e5ddd99d8348bcc57b301ec7945', '6d405dfc1675dcad64a2dfac0c0cb0fb28381d21', 'e7a67d88173566be3cd3aed7e9eeb7e29aabbc57', 'f411e58cd510f8a2b980b2f1932003a0c0e9f8f3', 'f823cf28652987d43c8324b4f5b203240032383a']",0.8333333333333334,1.0,0.9090909090909092,False,0.1428571428571428,1024,False,5
"[""feat"", ""fix"", ""refactor"", ""test""]","[""feat"", ""fix"", ""refactor"", ""build"", ""test""]",0.995159149169922,"['f823cf28652987d43c8324b4f5b203240032383a', 'c8e0ae8612df3d6f2831acc004aaac332f6105e4', '47ef9104e4a89e80d7cc6c1950bc080841da4a7b', 'e4a11fd5c34942ba12737f1c8c084489428ee274', 'c7b25726df94a2530c9b1c0d2b6a0acaa103822f']",1.0,0.8,0.888888888888889,False,0.1428571428571428,1024,False,5
"[""ci"", ""test"", ""docs"", ""build""]","[""refactor"", ""build"", ""ci"", ""docs"", ""test""]",1.2500331401824951,"['1db13ec43727aca872a0f3836e4023ed85db665e', '32b92cfa0b74a6c25990e32ac6aab12b8496794c', 'e96487ad7ce90b141219d9032fa2bed68d5dae6a', '6d405dfc1675dcad64a2dfac0c0cb0fb28381d21', 'e2e8ad25854bd1e7cdbc7f50b50bbd99e04ad47d']",1.0,0.8,0.888888888888889,False,0.1428571428571428,1024,False,5
"[""build"", ""test"", ""ci"", ""fix"", ""refactor""]","[""build"", ""test"", ""refactor"", ""ci"", ""fix""]",1.1486639976501465,"['37b1cbfd3d2c462ef4f2a131e4172c38dc8d9ddf', 'f411e58cd510f8a2b980b2f1932003a0c0e9f8f3', '1db13ec43727aca872a0f3836e4023ed85db665e', 'c5fa7b80438fbd74f4c341f0d3c9bd9e0f4910da', 'd129eaf9125a967ac86c6c7276bbae6b4d50af36']",1.0,1.0,1.0,True,0.0,1024,False,5
"[""build"", ""docs"", ""ci"", ""test"", ""refactor""]","[""build"", ""docs"", ""ci"", ""test"", ""fix""]",1.0724811553955078,"['c55591ba157298a9c5816693c102a89dfd058830', 'a52a585d74894b3b4eeb8c784fa089ff95cddad0', '6c9cb638cb4d1ecc42632fcf389c24898c5b3244', 'c7b25726df94a2530c9b1c0d2b6a0acaa103822f', 'bed78248c941d57ad4cc20a455147e186e97c7a1']",0.8,0.8,0.8000000000000002,False,0.2857142857142857,1024,False,5
"[""fix"", ""ci"", ""build"", ""refactor""]","[""fix"", ""ci"", ""feat"", ""build"", ""refactor""]",0.8622581958770752,"['9ef5c0d14193a9abb09b39856f58477d1f4b0d77', 'dbb537a26e388a8d7d17faf131abc30c2f7a84e6', '6ed56ce9ae743ba9a87e6c9643cc06b1de7b748d', 'e4a11fd5c34942ba12737f1c8c084489428ee274', '1db13ec43727aca872a0f3836e4023ed85db665e']",1.0,0.8,0.888888888888889,False,0.1428571428571428,1024,False,5
"[""refactor"", ""build"", ""test""]","[""fix"", ""build"", ""refactor"", ""feat"", ""test""]",0.982668161392212,"['bed78248c941d57ad4cc20a455147e186e97c7a1', 'e4a11fd5c34942ba12737f1c8c084489428ee274', '062daa45cbd5dba6e96e95d8cdcaee89ae30a83c', 'f823cf28652987d43c8324b4f5b203240032383a', 'c7b25726df94a2530c9b1c0d2b6a0acaa103822f']",1.0,0.6,0.7499999999999999,False,0.2857142857142857,1024,False,5
"[""feat"", ""test"", ""docs"", ""build"", ""refactor""]","[""fix"", ""test"", ""feat"", ""docs"", ""build""]",0.9544401168823242,"['87d5d4e55ab7149b593d29410f1fe426ba2447d4', 'bedc7950b24c37809e36a585b7985d5aa5e3e458', 'ded26d768ff432ad3bde3c0aa1e95ce50726100a', 'a52a585d74894b3b4eeb8c784fa089ff95cddad0', 'c323d59c607cabc91f17a78528d998f376f30b10']",0.8,0.8,0.8000000000000002,False,0.2857142857142857,1024,False,5
"[""build"", ""docs"", ""refactor"", ""fix""]","[""test"", ""docs"", ""feat"", ""build"", ""fix""]",1.0126619338989258,"['8ee0611fbf0cd89abe7ae588f22e6ecb843598ea', 'c2ee5cd5e709afd15c5565ee009a0d204403a119', 'fd8e563cc19ca4684885d4692acee6bebcca4ada', '1269431c8a3e7549f10fcbbb4b88ff625c8898b3', '06e2be4e2019b6fa714e1fcb34485860ef1ede79']",0.75,0.6,0.6666666666666665,False,0.4285714285714285,1024,False,5
"[""docs"", ""feat"", ""test""]","[""docs"", ""feat"", ""build"", ""refactor"", ""test""]",0.6670100688934326,"['a52a585d74894b3b4eeb8c784fa089ff95cddad0', 'f9a094918b62534614c47aa8a13f33aec751a1e0', '1269431c8a3e7549f10fcbbb4b88ff625c8898b3', '535708ae50aecb452560a23356fd396f99ef13a2', 'e0198f74b81da3663144cfe1d971939319f82a0f']",1.0,0.6,0.7499999999999999,False,0.2857142857142857,1024,False,5
"[""fix"", ""refactor"", ""test"", ""build""]","[""fix"", ""feat"", ""test"", ""refactor"", ""build""]",0.893305778503418,"['d129eaf9125a967ac86c6c7276bbae6b4d50af36', '68278b00450f2679761a2999500f6d87a579376b', 'e2e8ad25854bd1e7cdbc7f50b50bbd99e04ad47d', '771857b1df9470ebc15357e8879118a72c649d5b', 'f00a4d3e307b89842250358ee432e6800bb24362']",1.0,0.8,0.888888888888889,False,0.1428571428571428,1024,False,5
"[""fix"", ""build"", ""test"", ""docs""]","[""fix"", ""build"", ""refactor"", ""test"", ""docs""]",1.012610912322998,"['933ab6bb86372913c992567cf9660009900911a7', '37b1cbfd3d2c462ef4f2a131e4172c38dc8d9ddf', '1db13ec43727aca872a0f3836e4023ed85db665e', 'c7b25726df94a2530c9b1c0d2b6a0acaa103822f', 'e12d9e77a6fd531a22325337838a841b1c67f00d']",1.0,0.8,0.888888888888889,False,0.1428571428571428,1024,False,5
"[""fix"", ""ci"", ""docs"", ""build"", ""feat""]","[""fix"", ""ci"", ""docs"", ""build"", ""feat""]",0.9007852077484132,"['06e2be4e2019b6fa714e1fcb34485860ef1ede79', '4cbbd2552ba0de273e1dfe7d453c5b3efed751a3', 'cb1f48b56ae0de93acb72e48726c7d610a1d538e', 'c323d59c607cabc91f17a78528d998f376f30b10', 'f9a094918b62534614c47aa8a13f33aec751a1e0']",1.0,1.0,1.0,True,0.0,1024,False,5
"[""fix"", ""build"", ""feat"", ""docs""]","[""feat"", ""build"", ""refactor"", ""docs"", ""fix""]",0.8136310577392578,"['fd8e563cc19ca4684885d4692acee6bebcca4ada', 'f00a4d3e307b89842250358ee432e6800bb24362', '535708ae50aecb452560a23356fd396f99ef13a2', 'e12d9e77a6fd531a22325337838a841b1c67f00d', '9be725fa3906323d4bc9788f54eccf74109d632b']",1.0,0.8,0.888888888888889,False,0.1428571428571428,1024,False,5
"[""test"", ""docs"", ""refactor"", ""ci"", ""feat""]","[""test"", ""docs"", ""refactor"", ""ci"", ""feat""]",0.8169429302215576,"['229b53a632ea97d47c4be11f096bdd828fb415d8', 'bf83c9155e9bee6925aa7102fab53fb803d52533', '062daa45cbd5dba6e96e95d8cdcaee89ae30a83c', '32845e1bbd1efb5dbc16f671049509a409ba25ce', 'dc5238b2bda98a7c4f2fe9584fc3b0191a408109']",1.0,1.0,1.0,True,0.0,1024,False,5
"[""build"", ""docs"", ""refactor"", ""test""]","[""build"", ""docs"", ""fix"", ""test"", ""refactor""]",0.8457419872283936,"['454003841aabeb74396d73541378bfa59c75b5db', 'e12d9e77a6fd531a22325337838a841b1c67f00d', 'bed78248c941d57ad4cc20a455147e186e97c7a1', 'f411e58cd510f8a2b980b2f1932003a0c0e9f8f3', '062daa45cbd5dba6e96e95d8cdcaee89ae30a83c']",1.0,0.8,0.888888888888889,False,0.1428571428571428,1024,False,5
"[""build"", ""ci"", ""docs"", ""test"", ""refactor""]","[""build"", ""ci"", ""docs"", ""test"", ""refactor""]",0.8799409866333008,"['5b81fde8a72cf2e69a10e9f5c4f0bea0a2b8c3e0', '74e9de5ec97dc013a52aa063dff0f40ac74c407b', 'a52a585d74894b3b4eeb8c784fa089ff95cddad0', 'e0198f74b81da3663144cfe1d971939319f82a0f', '062daa45cbd5dba6e96e95d8cdcaee89ae30a83c']",1.0,1.0,1.0,True,0.0,1024,False,5
"[""build"", ""ci"", ""docs"", ""refactor""]","[""build"", ""ci"", ""docs"", ""refactor"", ""fix""]",1.443978786468506,"['32b92cfa0b74a6c25990e32ac6aab12b8496794c', '6c9cb638cb4d1ecc42632fcf389c24898c5b3244', 'aca23027da1295c78fdf42ba9687d8ccc88784d7', '47ef9104e4a89e80d7cc6c1950bc080841da4a7b', '2561f4ade46fc9d59f289f328cc77733a6443697']",1.0,0.8,0.888888888888889,False,0.1428571428571428,1024,False,5
"[""test"", ""docs"", ""feat"", ""build""]","[""test"", ""docs"", ""fix"", ""feat"", ""build""]",0.919299840927124,"['e0198f74b81da3663144cfe1d971939319f82a0f', 'c2ee5cd5e709afd15c5565ee009a0d204403a119', '9ef5c0d14193a9abb09b39856f58477d1f4b0d77', 'f823cf28652987d43c8324b4f5b203240032383a', 'c44cf88a6ec54e5ddd99d8348bcc57b301ec7945']",1.0,0.8,0.888888888888889,False,0.1428571428571428,1024,False,5
"[""fix"", ""ci"", ""build"", ""test"", ""refactor""]","[""refactor"", ""ci"", ""test"", ""build"", ""feat""]",1.0225601196289062,"['3cca5c314ad6feeffbfe1f14cf49ebd0fd9a95a2', '32845e1bbd1efb5dbc16f671049509a409ba25ce', 'e9617f0854030e70365eb264bcb3b58078e79e9e', '454003841aabeb74396d73541378bfa59c75b5db', 'fd8e563cc19ca4684885d4692acee6bebcca4ada']",0.8,0.8,0.8000000000000002,False,0.2857142857142857,1024,False,5
"[""refactor"", ""build"", ""feat""]","[""refactor"", ""feat"", ""build"", ""fix"", ""test""]",0.8156852722167969,"['062daa45cbd5dba6e96e95d8cdcaee89ae30a83c', 'f823cf28652987d43c8324b4f5b203240032383a', 'c44cf88a6ec54e5ddd99d8348bcc57b301ec7945', '933ab6bb86372913c992567cf9660009900911a7', '8ee0611fbf0cd89abe7ae588f22e6ecb843598ea']",1.0,0.6,0.7499999999999999,False,0.2857142857142857,1024,False,5
"[""fix"", ""test"", ""docs"", ""feat"", ""ci""]","[""refactor"", ""test"", ""docs"", ""feat"", ""ci""]",0.9714024066925048,"['36556bf8e0bce4ab6d26eafacbdad04d9614a5d7', '317f4eefecddfb1392ca71d551840f446feee302', '036a0ff49a7dade0e04c9c07071a1ff49133ee24', 'e137f9fdbdb6bf3f85c3f7ac9323785e445844c8', 'e7a67d88173566be3cd3aed7e9eeb7e29aabbc57']",0.8,0.8,0.8000000000000002,False,0.2857142857142857,1024,False,5
"[""test"", ""ci"", ""refactor"", ""feat""]","[""test"", ""ci"", ""refactor"", ""feat"", ""fix""]",0.862673282623291,"['e0198f74b81da3663144cfe1d971939319f82a0f', '173553c0372e66e03bdab19e0e6c2dd44daa14a0', '062daa45cbd5dba6e96e95d8cdcaee89ae30a83c', 'f823cf28652987d43c8324b4f5b203240032383a', 'bed78248c941d57ad4cc20a455147e186e97c7a1']",1.0,0.8,0.888888888888889,False,0.1428571428571428,1024,False,5
"[""ci"", ""refactor"", ""fix""]","[""ci"", ""refactor"", ""docs"", ""fix"", ""feat""]",0.8415138721466064,"['32845e1bbd1efb5dbc16f671049509a409ba25ce', '63eab619e6166eb6cab948028a7b89bf059dd878', 'af880ac5b4fecbc6c4f3d1eee0d95f326e8bd9d1', '9be725fa3906323d4bc9788f54eccf74109d632b', 'fd8e563cc19ca4684885d4692acee6bebcca4ada']",1.0,0.6,0.7499999999999999,False,0.2857142857142857,1024,False,5
"[""docs"", ""fix"", ""refactor"", ""test"", ""build""]","[""docs"", ""refactor"", ""fix"", ""test"", ""build""]",0.7269048690795898,"['bf83c9155e9bee6925aa7102fab53fb803d52533', '3cca5c314ad6feeffbfe1f14cf49ebd0fd9a95a2', '2561f4ade46fc9d59f289f328cc77733a6443697', '317f4eefecddfb1392ca71d551840f446feee302', '454003841aabeb74396d73541378bfa59c75b5db']",1.0,1.0,1.0,True,0.0,1024,False,5
"[""test"", ""ci"", ""fix"", ""docs"", ""refactor""]","[""test"", ""ci"", ""fix"", ""docs"", ""refactor""]",0.9948480129241944,"['317f4eefecddfb1392ca71d551840f446feee302', '32845e1bbd1efb5dbc16f671049509a409ba25ce', 'c8e0ae8612df3d6f2831acc004aaac332f6105e4', '6d405dfc1675dcad64a2dfac0c0cb0fb28381d21', '062daa45cbd5dba6e96e95d8cdcaee89ae30a83c']",1.0,1.0,1.0,True,0.0,1024,False,5
"[""build"", ""ci"", ""test"", ""docs"", ""feat""]","[""build"", ""ci"", ""test"", ""docs"", ""feat""]",1.1362590789794922,"['c55591ba157298a9c5816693c102a89dfd058830', 'dbb537a26e388a8d7d17faf131abc30c2f7a84e6', 'e0198f74b81da3663144cfe1d971939319f82a0f', '0cfc5633d37ea06f645649138323f1820e18bdee', 'dc5238b2bda98a7c4f2fe9584fc3b0191a408109']",1.0,1.0,1.0,True,0.0,1024,False,5
"[""feat"", ""test"", ""ci"", ""refactor""]","[""refactor"", ""feat"", ""test"", ""fix"", ""ci""]",1.5407321453094482,"['535708ae50aecb452560a23356fd396f99ef13a2', 'dc5238b2bda98a7c4f2fe9584fc3b0191a408109', 'e2e8ad25854bd1e7cdbc7f50b50bbd99e04ad47d', '2561f4ade46fc9d59f289f328cc77733a6443697', 'c5fa7b80438fbd74f4c341f0d3c9bd9e0f4910da']",1.0,0.8,0.888888888888889,False,0.1428571428571428,1024,False,5
"[""ci"", ""test"", ""refactor"", ""build""]","[""ci"", ""docs"", ""refactor"", ""build"", ""test""]",0.8601417541503906,"['c5fa7b80438fbd74f4c341f0d3c9bd9e0f4910da', 'af880ac5b4fecbc6c4f3d1eee0d95f326e8bd9d1', '47ef9104e4a89e80d7cc6c1950bc080841da4a7b', '37b1cbfd3d2c462ef4f2a131e4172c38dc8d9ddf', 'c7b25726df94a2530c9b1c0d2b6a0acaa103822f']",1.0,0.8,0.888888888888889,False,0.1428571428571428,1024,False,5
"[""build"", ""docs"", ""test"", ""refactor"", ""feat""]","[""build"", ""docs"", ""refactor"", ""test"", ""feat""]",0.9194381237030028,"['454003841aabeb74396d73541378bfa59c75b5db', 'aca23027da1295c78fdf42ba9687d8ccc88784d7', '771857b1df9470ebc15357e8879118a72c649d5b', 'bedc7950b24c37809e36a585b7985d5aa5e3e458', 'e137f9fdbdb6bf3f85c3f7ac9323785e445844c8']",1.0,1.0,1.0,True,0.0,1024,False,5
"[""ci"", ""refactor"", ""fix"", ""docs"", ""build"", ""test""]","[""ci"", ""feat"", ""fix"", ""docs"", ""test""]",0.9621691703796388,"['74e9de5ec97dc013a52aa063dff0f40ac74c407b', 'ded26d768ff432ad3bde3c0aa1e95ce50726100a', '9be725fa3906323d4bc9788f54eccf74109d632b', 'a52a585d74894b3b4eeb8c784fa089ff95cddad0', 'e9617f0854030e70365eb264bcb3b58078e79e9e']",0.6666666666666666,0.8,0.7272727272727272,False,0.4285714285714285,1024,False,5
"[""feat"", ""docs"", ""build"", ""test""]","[""feat"", ""build"", ""test"", ""docs"", ""fix""]",0.9827718734741212,"['f9a094918b62534614c47aa8a13f33aec751a1e0', 'e4a11fd5c34942ba12737f1c8c084489428ee274', '229b53a632ea97d47c4be11f096bdd828fb415d8', '036a0ff49a7dade0e04c9c07071a1ff49133ee24', '2561f4ade46fc9d59f289f328cc77733a6443697']",1.0,0.8,0.888888888888889,False,0.1428571428571428,1024,False,5
"[""build"", ""docs"", ""test"", ""ci"", ""refactor""]","[""build"", ""docs"", ""test"", ""fix"", ""ci""]",0.806898832321167,"['e4a11fd5c34942ba12737f1c8c084489428ee274', 'aca23027da1295c78fdf42ba9687d8ccc88784d7', 'e9617f0854030e70365eb264bcb3b58078e79e9e', '9ef5c0d14193a9abb09b39856f58477d1f4b0d77', '4cbbd2552ba0de273e1dfe7d453c5b3efed751a3']",0.8,0.8,0.8000000000000002,False,0.2857142857142857,1024,False,5
"[""feat"", ""refactor"", ""ci"", ""docs"", ""test""]","[""feat"", ""fix"", ""ci"", ""docs"", ""test""]",0.8684170246124268,"['f9a094918b62534614c47aa8a13f33aec751a1e0', '2561f4ade46fc9d59f289f328cc77733a6443697', '45837af24a33308a70a3454f0f650f9fe728e272', '036a0ff49a7dade0e04c9c07071a1ff49133ee24', 'b7ce2894fd1794064bd6db4ed730bb6cb7728739']",0.8,0.8,0.8000000000000002,False,0.2857142857142857,1024,False,5
"[""refactor"", ""build"", ""docs""]","[""feat"", ""refactor"", ""build"", ""fix"", ""docs""]",0.9193789958953856,"['ded26d768ff432ad3bde3c0aa1e95ce50726100a', '062daa45cbd5dba6e96e95d8cdcaee89ae30a83c', '37b1cbfd3d2c462ef4f2a131e4172c38dc8d9ddf', '933ab6bb86372913c992567cf9660009900911a7', '036a0ff49a7dade0e04c9c07071a1ff49133ee24']",1.0,0.6,0.7499999999999999,False,0.2857142857142857,1024,False,5
"[""test"", ""build"", ""feat"", ""fix"", ""docs""]","[""test"", ""build"", ""feat"", ""fix"", ""docs""]",0.9214708805084229,"['f411e58cd510f8a2b980b2f1932003a0c0e9f8f3', 'c44cf88a6ec54e5ddd99d8348bcc57b301ec7945', '1bcf88670b50155b50071e707f98f30cea0b7a24', '9be725fa3906323d4bc9788f54eccf74109d632b', 'a52a585d74894b3b4eeb8c784fa089ff95cddad0']",1.0,1.0,1.0,True,0.0,1024,False,5
"[""fix"", ""build"", ""test"", ""ci"", ""docs""]","[""fix"", ""feat"", ""test"", ""ci"", ""docs""]",0.8904738426208496,"['933ab6bb86372913c992567cf9660009900911a7', '6ed56ce9ae743ba9a87e6c9643cc06b1de7b748d', 'e2e8ad25854bd1e7cdbc7f50b50bbd99e04ad47d', 'e96487ad7ce90b141219d9032fa2bed68d5dae6a', '036a0ff49a7dade0e04c9c07071a1ff49133ee24']",0.8,0.8,0.8000000000000002,False,0.2857142857142857,1024,False,5
"[""test"", ""fix"", ""ci"", ""build"", ""refactor""]","[""test"", ""refactor"", ""ci"", ""build"", ""fix""]",1.0499839782714844,"['e0198f74b81da3663144cfe1d971939319f82a0f', '3cca5c314ad6feeffbfe1f14cf49ebd0fd9a95a2', '45837af24a33308a70a3454f0f650f9fe728e272', '5b81fde8a72cf2e69a10e9f5c4f0bea0a2b8c3e0', '9ef5c0d14193a9abb09b39856f58477d1f4b0d77']",1.0,1.0,1.0,True,0.0,1024,False,5
"[""build"", ""feat"", ""ci"", ""test""]","[""build"", ""feat"", ""refactor"", ""ci"", ""test""]",0.918590784072876,"['c55591ba157298a9c5816693c102a89dfd058830', '1bcf88670b50155b50071e707f98f30cea0b7a24', '1db13ec43727aca872a0f3836e4023ed85db665e', 'dbb537a26e388a8d7d17faf131abc30c2f7a84e6', 'e2e8ad25854bd1e7cdbc7f50b50bbd99e04ad47d']",1.0,0.8,0.888888888888889,False,0.1428571428571428,1024,False,5
"[""feat"", ""docs"", ""test"", ""ci"", ""build""]","[""feat"", ""refactor"", ""test"", ""ci"", ""build""]",0.9191632270812988,"['e137f9fdbdb6bf3f85c3f7ac9323785e445844c8', 'a62314d9bb632be6af026686615d14b912250512', 'b7ce2894fd1794064bd6db4ed730bb6cb7728739', '45837af24a33308a70a3454f0f650f9fe728e272', '454003841aabeb74396d73541378bfa59c75b5db']",0.8,0.8,0.8000000000000002,False,0.2857142857142857,1024,False,5
"[""test"", ""fix"", ""build"", ""feat"", ""docs""]","[""test"", ""fix"", ""build"", ""refactor"", ""docs""]",0.9204840660095216,"['317f4eefecddfb1392ca71d551840f446feee302', '06e2be4e2019b6fa714e1fcb34485860ef1ede79', '32b92cfa0b74a6c25990e32ac6aab12b8496794c', '535708ae50aecb452560a23356fd396f99ef13a2', 'aca23027da1295c78fdf42ba9687d8ccc88784d7']",0.8,0.8,0.8000000000000002,False,0.2857142857142857,1024,False,5
"[""ci"", ""build"", ""fix"", ""test"", ""docs""]","[""ci"", ""feat"", ""build"", ""fix"", ""test""]",0.755213737487793,"['173553c0372e66e03bdab19e0e6c2dd44daa14a0', '6ed56ce9ae743ba9a87e6c9643cc06b1de7b748d', '32b92cfa0b74a6c25990e32ac6aab12b8496794c', '933ab6bb86372913c992567cf9660009900911a7', 'e9617f0854030e70365eb264bcb3b58078e79e9e']",0.8,0.8,0.8000000000000002,False,0.2857142857142857,1024,False,5
"[""ci"", ""test"", ""fix"", ""feat"", ""build""]","[""ci"", ""test"", ""fix"", ""feat"", ""build""]",1.8165960311889648,"['dbb537a26e388a8d7d17faf131abc30c2f7a84e6', 'e2e8ad25854bd1e7cdbc7f50b50bbd99e04ad47d', '933ab6bb86372913c992567cf9660009900911a7', 'b282e90e2cbb74559aab79eee8443a4d7c85502a', 'c55591ba157298a9c5816693c102a89dfd058830']",1.0,1.0,1.0,True,0.0,1024,False,5
"[""test"", ""refactor"", ""fix"", ""ci""]","[""test"", ""build"", ""feat"", ""fix"", ""ci""]",0.8086328506469727,"['317f4eefecddfb1392ca71d551840f446feee302', 'e4a11fd5c34942ba12737f1c8c084489428ee274', 'ded26d768ff432ad3bde3c0aa1e95ce50726100a', 'd129eaf9125a967ac86c6c7276bbae6b4d50af36', '173553c0372e66e03bdab19e0e6c2dd44daa14a0']",0.75,0.6,0.6666666666666665,False,0.4285714285714285,1024,False,5
"[""test"", ""build"", ""refactor"", ""docs""]","[""test"", ""build"", ""refactor"", ""docs"", ""feat""]",1.0204439163208008,"['bedc7950b24c37809e36a585b7985d5aa5e3e458', '5b81fde8a72cf2e69a10e9f5c4f0bea0a2b8c3e0', '47ef9104e4a89e80d7cc6c1950bc080841da4a7b', 'aca23027da1295c78fdf42ba9687d8ccc88784d7', 'f823cf28652987d43c8324b4f5b203240032383a']",1.0,0.8,0.888888888888889,False,0.1428571428571428,1024,False,5
"[""build"", ""ci"", ""refactor"", ""docs"", ""feat"", ""fix""]","[""build"", ""ci"", ""feat"", ""docs"", ""fix""]",1.423933982849121,"['5b81fde8a72cf2e69a10e9f5c4f0bea0a2b8c3e0', 'c5fa7b80438fbd74f4c341f0d3c9bd9e0f4910da', '68278b00450f2679761a2999500f6d87a579376b', 'a52a585d74894b3b4eeb8c784fa089ff95cddad0', '06e2be4e2019b6fa714e1fcb34485860ef1ede79']",0.8333333333333334,1.0,0.9090909090909092,False,0.1428571428571428,1024,False,5
"[""test"", ""build"", ""fix"", ""feat"", ""ci""]","[""test"", ""build"", ""refactor"", ""fix"", ""ci""]",1.08964204788208,"['e0198f74b81da3663144cfe1d971939319f82a0f', '5b81fde8a72cf2e69a10e9f5c4f0bea0a2b8c3e0', '3cca5c314ad6feeffbfe1f14cf49ebd0fd9a95a2', '87d5d4e55ab7149b593d29410f1fe426ba2447d4', '74e9de5ec97dc013a52aa063dff0f40ac74c407b']",0.8,0.8,0.8000000000000002,False,0.2857142857142857,1024,False,5
"[""build"", ""ci"", ""test"", ""fix""]","[""feat"", ""build"", ""fix"", ""ci"", ""test""]",0.7681410312652588,"['6ed56ce9ae743ba9a87e6c9643cc06b1de7b748d', 'c323d59c607cabc91f17a78528d998f376f30b10', '87d5d4e55ab7149b593d29410f1fe426ba2447d4', 'c5fa7b80438fbd74f4c341f0d3c9bd9e0f4910da', 'e9617f0854030e70365eb264bcb3b58078e79e9e']",1.0,0.8,0.888888888888889,False,0.1428571428571428,1024,False,5
"[""build"", ""docs"", ""test"", ""refactor"", ""feat"", ""ci""]","[""build"", ""test"", ""refactor"", ""feat"", ""ci""]",0.984272003173828,"['5b81fde8a72cf2e69a10e9f5c4f0bea0a2b8c3e0', 'e9617f0854030e70365eb264bcb3b58078e79e9e', '2954a0955ce9af6acb345ed1e8328e145ad30475', '68278b00450f2679761a2999500f6d87a579376b', 'e96487ad7ce90b141219d9032fa2bed68d5dae6a']",0.8333333333333334,1.0,0.9090909090909092,False,0.1428571428571428,1024,False,5
"[""ci"", ""feat"", ""docs"", ""fix""]","[""ci"", ""refactor"", ""docs"", ""feat"", ""fix""]",0.891765832901001,"['4cbbd2552ba0de273e1dfe7d453c5b3efed751a3', '535708ae50aecb452560a23356fd396f99ef13a2', 'e12d9e77a6fd531a22325337838a841b1c67f00d', 'fd8e563cc19ca4684885d4692acee6bebcca4ada', '9be725fa3906323d4bc9788f54eccf74109d632b']",1.0,0.8,0.888888888888889,False,0.1428571428571428,1024,False,5
"[""ci"", ""docs"", ""refactor"", ""feat""]","[""ci"", ""fix"", ""feat"", ""docs"", ""refactor""]",1.018716812133789,"['c5fa7b80438fbd74f4c341f0d3c9bd9e0f4910da', 'bed78248c941d57ad4cc20a455147e186e97c7a1', 'b282e90e2cbb74559aab79eee8443a4d7c85502a', 'bf83c9155e9bee6925aa7102fab53fb803d52533', '771857b1df9470ebc15357e8879118a72c649d5b']",1.0,0.8,0.888888888888889,False,0.1428571428571428,1024,False,5
"[""feat""]","[""fix""]",0.965122938156128,['87d5d4e55ab7149b593d29410f1fe426ba2447d4'],0.0,0.0,0.0,False,0.2857142857142857,1024,False,1
"[""test""]","[""test""]",0.7095940113067627,['317f4eefecddfb1392ca71d551840f446feee302'],1.0,1.0,1.0,True,0.0,1024,False,1
"[""ci""]","[""ci""]",0.8171510696411133,['c5fa7b80438fbd74f4c341f0d3c9bd9e0f4910da'],1.0,1.0,1.0,True,0.0,1024,False,1
"[""ci""]","[""ci""]",0.8159260749816895,['e7a67d88173566be3cd3aed7e9eeb7e29aabbc57'],1.0,1.0,1.0,True,0.0,1024,False,1
"[""fix"", ""refactor""]","[""fix""]",1.1249349117279053,['d129eaf9125a967ac86c6c7276bbae6b4d50af36'],0.5,1.0,0.6666666666666666,False,0.1428571428571428,1024,False,1
"[""fix""]","[""build""]",0.6744499206542969,['1269431c8a3e7549f10fcbbb4b88ff625c8898b3'],0.0,0.0,0.0,False,0.2857142857142857,1024,False,1
"[""feat"", ""refactor""]","[""refactor""]",0.8642539978027344,['535708ae50aecb452560a23356fd396f99ef13a2'],0.5,1.0,0.6666666666666666,False,0.1428571428571428,1024,False,1
"[""feat"", ""refactor""]","[""feat""]",0.8798997402191162,['68278b00450f2679761a2999500f6d87a579376b'],0.5,1.0,0.6666666666666666,False,0.1428571428571428,1024,False,1
"[""ci""]","[""ci""]",0.6794188022613525,['6c9cb638cb4d1ecc42632fcf389c24898c5b3244'],1.0,1.0,1.0,True,0.0,1024,False,1
"[""test""]","[""test""]",0.6731429100036621,['c7b25726df94a2530c9b1c0d2b6a0acaa103822f'],1.0,1.0,1.0,True,0.0,1024,False,1
"[""feat""]","[""feat""]",0.8254539966583252,['1bcf88670b50155b50071e707f98f30cea0b7a24'],1.0,1.0,1.0,True,0.0,1024,False,1
"[""build"", ""docs""]","[""build""]",0.8188090324401855,['454003841aabeb74396d73541378bfa59c75b5db'],0.5,1.0,0.6666666666666666,False,0.1428571428571428,1024,False,1
"[""ci""]","[""ci""]",0.9675912857055664,['dbb537a26e388a8d7d17faf131abc30c2f7a84e6'],1.0,1.0,1.0,True,0.0,1024,False,1
"[""docs""]","[""docs""]",0.7667970657348633,['bf83c9155e9bee6925aa7102fab53fb803d52533'],1.0,1.0,1.0,True,0.0,1024,False,1
"[""feat""]","[""feat""]",0.8228399753570557,['dc5238b2bda98a7c4f2fe9584fc3b0191a408109'],1.0,1.0,1.0,True,0.0,1024,False,1
"[""ci""]","[""ci""]",0.7876560688018799,['74e9de5ec97dc013a52aa063dff0f40ac74c407b'],1.0,1.0,1.0,True,0.0,1024,False,1
"[""test""]","[""test""]",0.8050909042358398,['b7ce2894fd1794064bd6db4ed730bb6cb7728739'],1.0,1.0,1.0,True,0.0,1024,False,1
"[""build""]","[""build""]",0.6150858402252197,['32b92cfa0b74a6c25990e32ac6aab12b8496794c'],1.0,1.0,1.0,True,0.0,1024,False,1
"[""refactor"", ""fix""]","[""fix""]",0.8418552875518799,['bed78248c941d57ad4cc20a455147e186e97c7a1'],0.5,1.0,0.6666666666666666,False,0.1428571428571428,1024,False,1
"[""test""]","[""test""]",0.7246251106262207,['f411e58cd510f8a2b980b2f1932003a0c0e9f8f3'],1.0,1.0,1.0,True,0.0,1024,False,1
"[""feat"", ""docs""]","[""feat""]",0.8718900680541992,['f9a094918b62534614c47aa8a13f33aec751a1e0'],0.5,1.0,0.6666666666666666,False,0.1428571428571428,1024,False,1
"[""docs""]","[""docs""]",0.8271710872650146,['aca23027da1295c78fdf42ba9687d8ccc88784d7'],1.0,1.0,1.0,True,0.0,1024,False,1
"[""build""]","[""build""]",0.738149881362915,['37b1cbfd3d2c462ef4f2a131e4172c38dc8d9ddf'],1.0,1.0,1.0,True,0.0,1024,False,1
"[""feat""]","[""feat""]",0.8371219635009766,['e137f9fdbdb6bf3f85c3f7ac9323785e445844c8'],1.0,1.0,1.0,True,0.0,1024,False,1
"[""test""]","[""test""]",0.6473579406738281,['e0198f74b81da3663144cfe1d971939319f82a0f'],1.0,1.0,1.0,True,0.0,1024,False,1
"[""ci""]","[""ci""]",1.0008330345153809,['45837af24a33308a70a3454f0f650f9fe728e272'],1.0,1.0,1.0,True,0.0,1024,False,1
"[""docs""]","[""docs""]",1.0470750331878662,['0cfc5633d37ea06f645649138323f1820e18bdee'],1.0,1.0,1.0,True,0.0,1024,False,1
"[""build"", ""feat"", ""test""]","[""test""]",1.0454559326171875,['8ee0611fbf0cd89abe7ae588f22e6ecb843598ea'],0.3333333333333333,1.0,0.5,False,0.2857142857142857,1024,False,1
"[""docs""]","[""docs""]",1.0486409664154053,['c2ee5cd5e709afd15c5565ee009a0d204403a119'],1.0,1.0,1.0,True,0.0,1024,False,1
"[""docs""]","[""fix""]",0.8554191589355469,['d1d55e787b7d07f763852602b9939a5394607fd9'],0.0,0.0,0.0,False,0.2857142857142857,1024,False,1
"[""build""]","[""build""]",1.2381312847137451,['c55591ba157298a9c5816693c102a89dfd058830'],1.0,1.0,1.0,True,0.0,1024,False,1
"[""fix""]","[""fix""]",0.6105153560638428,['9be725fa3906323d4bc9788f54eccf74109d632b'],1.0,1.0,1.0,True,0.0,1024,False,1
"[""build""]","[""build""]",0.7670350074768066,['f00a4d3e307b89842250358ee432e6800bb24362'],1.0,1.0,1.0,True,0.0,1024,False,1
"[""docs""]","[""docs""]",0.7133300304412842,['036a0ff49a7dade0e04c9c07071a1ff49133ee24'],1.0,1.0,1.0,True,0.0,1024,False,1
"[""docs""]","[""docs""]",0.9347519874572754,['6d405dfc1675dcad64a2dfac0c0cb0fb28381d21'],1.0,1.0,1.0,True,0.0,1024,False,1
"[""fix"", ""refactor""]","[""refactor""]",1.348731279373169,['3cca5c314ad6feeffbfe1f14cf49ebd0fd9a95a2'],0.5,1.0,0.6666666666666666,False,0.1428571428571428,1024,False,1
"[""docs""]","[""docs""]",0.8990509510040283,['af880ac5b4fecbc6c4f3d1eee0d95f326e8bd9d1'],1.0,1.0,1.0,True,0.0,1024,False,1
"[""fix""]","[""fix""]",0.8156180381774902,['c8e0ae8612df3d6f2831acc004aaac332f6105e4'],1.0,1.0,1.0,True,0.0,1024,False,1
"[""refactor""]","[""refactor""]",0.785081148147583,['771857b1df9470ebc15357e8879118a72c649d5b'],1.0,1.0,1.0,True,0.0,1024,False,1
"[""refactor""]","[""refactor""]",0.650475025177002,['47ef9104e4a89e80d7cc6c1950bc080841da4a7b'],1.0,1.0,1.0,True,0.0,1024,False,1
"[""refactor"", ""test""]","[""refactor""]",0.8426518440246582,['1db13ec43727aca872a0f3836e4023ed85db665e'],0.5,1.0,0.6666666666666666,False,0.1428571428571428,1024,False,1
"[""fix""]","[""fix""]",0.8912761211395264,['933ab6bb86372913c992567cf9660009900911a7'],1.0,1.0,1.0,True,0.0,1024,False,1
"[""test""]","[""test""]",0.6778512001037598,['e2e8ad25854bd1e7cdbc7f50b50bbd99e04ad47d'],1.0,1.0,1.0,True,0.0,1024,False,1
"[""build""]","[""build""]",0.7536089420318604,['c44cf88a6ec54e5ddd99d8348bcc57b301ec7945'],1.0,1.0,1.0,True,0.0,1024,False,1
"[""ci""]","[""ci""]",0.9441218376159668,['e96487ad7ce90b141219d9032fa2bed68d5dae6a'],1.0,1.0,1.0,True,0.0,1024,False,1
"[""build""]","[""build""]",0.7907888889312744,['5b81fde8a72cf2e69a10e9f5c4f0bea0a2b8c3e0'],1.0,1.0,1.0,True,0.0,1024,False,1
"[""docs""]","[""docs""]",0.8701789379119873,['cb1f48b56ae0de93acb72e48726c7d610a1d538e'],1.0,1.0,1.0,True,0.0,1024,False,1
"[""refactor""]","[""fix""]",0.7058889865875244,['2561f4ade46fc9d59f289f328cc77733a6443697'],0.0,0.0,0.0,False,0.2857142857142857,1024,False,1
"[""fix""]","[""fix""]",0.9783108234405518,['06e2be4e2019b6fa714e1fcb34485860ef1ede79'],1.0,1.0,1.0,True,0.0,1024,False,1
"[""fix""]","[""refactor""]",0.7998068332672119,['36556bf8e0bce4ab6d26eafacbdad04d9614a5d7'],0.0,0.0,0.0,False,0.2857142857142857,1024,False,1
"[""build""]","[""build""]",1.2908082008361816,['c323d59c607cabc91f17a78528d998f376f30b10'],1.0,1.0,1.0,True,0.0,1024,False,1
"[""refactor""]","[""build""]",0.7463791370391846,['e4a11fd5c34942ba12737f1c8c084489428ee274'],0.0,0.0,0.0,False,0.2857142857142857,1024,False,1
"[""feat"", ""refactor""]","[""refactor""]",0.6953070163726807,['63eab619e6166eb6cab948028a7b89bf059dd878'],0.5,1.0,0.6666666666666666,False,0.1428571428571428,1024,False,1
"[""docs""]","[""docs""]",0.6725950241088867,['a52a585d74894b3b4eeb8c784fa089ff95cddad0'],1.0,1.0,1.0,True,0.0,1024,False,1
"[""feat"", ""refactor""]","[""feat""]",0.9276909828186036,['b282e90e2cbb74559aab79eee8443a4d7c85502a'],0.5,1.0,0.6666666666666666,False,0.1428571428571428,1024,False,1
"[""feat""]","[""feat""]",0.8262159824371338,['f823cf28652987d43c8324b4f5b203240032383a'],1.0,1.0,1.0,True,0.0,1024,False,1
"[""fix""]","[""fix""]",0.6145710945129395,['9ef5c0d14193a9abb09b39856f58477d1f4b0d77'],1.0,1.0,1.0,True,0.0,1024,False,1
"[""feat"", ""refactor""]","[""feat""]",1.3662819862365725,['fd8e563cc19ca4684885d4692acee6bebcca4ada'],0.5,1.0,0.6666666666666666,False,0.1428571428571428,1024,False,1
"[""ci""]","[""ci""]",0.6174032688140869,['4cbbd2552ba0de273e1dfe7d453c5b3efed751a3'],1.0,1.0,1.0,True,0.0,1024,False,1
"[""ci""]","[""ci""]",0.7309079170227051,['173553c0372e66e03bdab19e0e6c2dd44daa14a0'],1.0,1.0,1.0,True,0.0,1024,False,1
"[""ci""]","[""ci""]",0.8358070850372314,['32845e1bbd1efb5dbc16f671049509a409ba25ce'],1.0,1.0,1.0,True,0.0,1024,False,1
"[""test""]","[""test""]",0.891106128692627,['229b53a632ea97d47c4be11f096bdd828fb415d8'],1.0,1.0,1.0,True,0.0,1024,False,1
"[""docs"", ""refactor""]","[""refactor""]",0.6209900379180908,['2954a0955ce9af6acb345ed1e8328e145ad30475'],0.5,1.0,0.6666666666666666,False,0.1428571428571428,1024,False,1
"[""docs""]","[""refactor""]",0.7302918434143066,['a62314d9bb632be6af026686615d14b912250512'],0.0,0.0,0.0,False,0.2857142857142857,1024,False,1
"[""refactor""]","[""refactor""]",0.8175270557403564,['062daa45cbd5dba6e96e95d8cdcaee89ae30a83c'],1.0,1.0,1.0,True,0.0,1024,False,1
"[""test""]","[""test""]",0.8165040016174316,['bedc7950b24c37809e36a585b7985d5aa5e3e458'],1.0,1.0,1.0,True,0.0,1024,False,1
"[""refactor"", ""docs"", ""feat""]","[""feat""]",1.5359022617340088,['ded26d768ff432ad3bde3c0aa1e95ce50726100a'],0.3333333333333333,1.0,0.5,False,0.2857142857142857,1024,False,1
"[""test"", ""docs""]","[""test""]",0.9397499561309814,['e9617f0854030e70365eb264bcb3b58078e79e9e'],0.5,1.0,0.6666666666666666,False,0.1428571428571428,1024,False,1
"[""build"", ""refactor"", ""feat""]","[""feat""]",1.3101439476013184,['6ed56ce9ae743ba9a87e6c9643cc06b1de7b748d'],0.3333333333333333,1.0,0.5,False,0.2857142857142857,1024,False,1
"[""docs""]","[""docs""]",0.6102416515350342,['e12d9e77a6fd531a22325337838a841b1c67f00d'],1.0,1.0,1.0,True,0.0,1024,False,1
"[""feat"", ""fix""]","[""feat"", ""refactor""]",0.8122539520263672,"['fd8e563cc19ca4684885d4692acee6bebcca4ada', '36556bf8e0bce4ab6d26eafacbdad04d9614a5d7']",0.5,0.5,0.5,False,0.2857142857142857,1024,False,2
"[""ci"", ""build""]","[""ci"", ""build""]",0.9224681854248048,"['45837af24a33308a70a3454f0f650f9fe728e272', '5b81fde8a72cf2e69a10e9f5c4f0bea0a2b8c3e0']",1.0,1.0,1.0,True,0.0,1024,False,2
"[""feat"", ""docs""]","[""refactor"", ""docs""]",1.092345952987671,"['535708ae50aecb452560a23356fd396f99ef13a2', 'af880ac5b4fecbc6c4f3d1eee0d95f326e8bd9d1']",0.5,0.5,0.5,False,0.2857142857142857,1024,False,2
"[""feat"", ""refactor""]","[""feat"", ""refactor""]",0.9501550197601318,"['68278b00450f2679761a2999500f6d87a579376b', '63eab619e6166eb6cab948028a7b89bf059dd878']",1.0,1.0,1.0,True,0.0,1024,False,2
"[""ci"", ""test""]","[""ci"", ""test""]",0.6233651638031006,"['dbb537a26e388a8d7d17faf131abc30c2f7a84e6', 'f411e58cd510f8a2b980b2f1932003a0c0e9f8f3']",1.0,1.0,1.0,True,0.0,1024,False,2
"[""test"", ""ci""]","[""test"", ""ci""]",0.772428035736084,"['e2e8ad25854bd1e7cdbc7f50b50bbd99e04ad47d', 'c5fa7b80438fbd74f4c341f0d3c9bd9e0f4910da']",1.0,1.0,1.0,True,0.0,1024,False,2
"[""ci"", ""build""]","[""ci"", ""build""]",0.6297619342803955,"['45837af24a33308a70a3454f0f650f9fe728e272', '1269431c8a3e7549f10fcbbb4b88ff625c8898b3']",1.0,1.0,1.0,True,0.0,1024,False,2
"[""feat"", ""test""]","[""feat"", ""test""]",1.2329719066619873,"['1bcf88670b50155b50071e707f98f30cea0b7a24', 'f411e58cd510f8a2b980b2f1932003a0c0e9f8f3']",1.0,1.0,1.0,True,0.0,1024,False,2
"[""fix"", ""docs""]","[""fix"", ""docs""]",0.7391762733459473,"['9be725fa3906323d4bc9788f54eccf74109d632b', '0cfc5633d37ea06f645649138323f1820e18bdee']",1.0,1.0,1.0,True,0.0,1024,False,2
"[""fix"", ""ci""]","[""fix"", ""ci""]",0.7881789207458496,"['9be725fa3906323d4bc9788f54eccf74109d632b', 'e96487ad7ce90b141219d9032fa2bed68d5dae6a']",1.0,1.0,1.0,True,0.0,1024,False,2
"[""fix"", ""test""]","[""build"", ""test""]",0.9335169792175292,"['1269431c8a3e7549f10fcbbb4b88ff625c8898b3', '317f4eefecddfb1392ca71d551840f446feee302']",0.5,0.5,0.5,False,0.2857142857142857,1024,False,2
"[""ci"", ""docs""]","[""ci"", ""docs""]",0.8758728504180908,"['dbb537a26e388a8d7d17faf131abc30c2f7a84e6', '0cfc5633d37ea06f645649138323f1820e18bdee']",1.0,1.0,1.0,True,0.0,1024,False,2
"[""fix"", ""build"", ""refactor""]","[""refactor"", ""build""]",0.7778759002685547,"['3cca5c314ad6feeffbfe1f14cf49ebd0fd9a95a2', '454003841aabeb74396d73541378bfa59c75b5db']",0.6666666666666666,1.0,0.8,False,0.1428571428571428,1024,False,2
"[""refactor""]","[""fix"", ""refactor""]",0.7982480525970459,"['2561f4ade46fc9d59f289f328cc77733a6443697', '062daa45cbd5dba6e96e95d8cdcaee89ae30a83c']",1.0,0.5,0.6666666666666666,False,0.1428571428571428,1024,False,2
"[""build"", ""ci""]","[""build"", ""ci""]",0.9492461681365968,"['c44cf88a6ec54e5ddd99d8348bcc57b301ec7945', 'dbb537a26e388a8d7d17faf131abc30c2f7a84e6']",1.0,1.0,1.0,True,0.0,1024,False,2
"[""build"", ""feat""]","[""build"", ""refactor""]",0.7830030918121338,"['32b92cfa0b74a6c25990e32ac6aab12b8496794c', '63eab619e6166eb6cab948028a7b89bf059dd878']",0.5,0.5,0.5,False,0.2857142857142857,1024,False,2
"[""feat"", ""docs""]","[""feat"", ""docs""]",0.8778018951416016,"['dc5238b2bda98a7c4f2fe9584fc3b0191a408109', 'e12d9e77a6fd531a22325337838a841b1c67f00d']",1.0,1.0,1.0,True,0.0,1024,False,2
"[""ci"", ""docs""]","[""ci"", ""docs""]",1.0688889026641846,"['32845e1bbd1efb5dbc16f671049509a409ba25ce', 'bf83c9155e9bee6925aa7102fab53fb803d52533']",1.0,1.0,1.0,True,0.0,1024,False,2
"[""fix"", ""build"", ""refactor""]","[""fix"", ""feat""]",0.7502171993255615,"['d129eaf9125a967ac86c6c7276bbae6b4d50af36', '6ed56ce9ae743ba9a87e6c9643cc06b1de7b748d']",0.3333333333333333,0.5,0.4,False,0.4285714285714285,1024,False,2
"[""feat"", ""ci""]","[""feat"", ""ci""]",0.802678108215332,"['1bcf88670b50155b50071e707f98f30cea0b7a24', '74e9de5ec97dc013a52aa063dff0f40ac74c407b']",1.0,1.0,1.0,True,0.0,1024,False,2
"[""docs"", ""ci""]","[""docs"", ""ci""]",0.7650821208953857,"['036a0ff49a7dade0e04c9c07071a1ff49133ee24', '4cbbd2552ba0de273e1dfe7d453c5b3efed751a3']",1.0,1.0,1.0,True,0.0,1024,False,2
"[""docs"", ""test""]","[""test"", ""docs""]",0.7949581146240234,"['e9617f0854030e70365eb264bcb3b58078e79e9e', 'cb1f48b56ae0de93acb72e48726c7d610a1d538e']",1.0,1.0,1.0,True,0.0,1024,False,2
"[""docs"", ""feat""]","[""docs"", ""feat""]",0.62837815284729,"['aca23027da1295c78fdf42ba9687d8ccc88784d7', 'f823cf28652987d43c8324b4f5b203240032383a']",1.0,1.0,1.0,True,0.0,1024,False,2
"[""refactor"", ""fix""]","[""refactor"", ""fix""]",0.7986338138580322,"['47ef9104e4a89e80d7cc6c1950bc080841da4a7b', '06e2be4e2019b6fa714e1fcb34485860ef1ede79']",1.0,1.0,1.0,True,0.0,1024,False,2
"[""build"", ""ci""]","[""build"", ""ci""]",0.8753399848937988,"['5b81fde8a72cf2e69a10e9f5c4f0bea0a2b8c3e0', 'dbb537a26e388a8d7d17faf131abc30c2f7a84e6']",1.0,1.0,1.0,True,0.0,1024,False,2
"[""build"", ""fix""]","[""build"", ""refactor""]",0.711097002029419,"['5b81fde8a72cf2e69a10e9f5c4f0bea0a2b8c3e0', '36556bf8e0bce4ab6d26eafacbdad04d9614a5d7']",0.5,0.5,0.5,False,0.2857142857142857,1024,False,2
"[""fix"", ""test""]","[""fix"", ""test""]",0.9323067665100098,"['9ef5c0d14193a9abb09b39856f58477d1f4b0d77', 'b7ce2894fd1794064bd6db4ed730bb6cb7728739']",1.0,1.0,1.0,True,0.0,1024,False,2
"[""build"", ""docs""]","[""build"", ""docs""]",0.9528639316558838,"['c323d59c607cabc91f17a78528d998f376f30b10', 'c2ee5cd5e709afd15c5565ee009a0d204403a119']",1.0,1.0,1.0,True,0.0,1024,False,2
"[""fix"", ""ci""]","[""fix"", ""ci""]",0.8585169315338135,"['9be725fa3906323d4bc9788f54eccf74109d632b', 'dbb537a26e388a8d7d17faf131abc30c2f7a84e6']",1.0,1.0,1.0,True,0.0,1024,False,2
"[""fix"", ""ci""]","[""fix"", ""ci""]",0.7720508575439453,"['9be725fa3906323d4bc9788f54eccf74109d632b', 'e7a67d88173566be3cd3aed7e9eeb7e29aabbc57']",1.0,1.0,1.0,True,0.0,1024,False,2
"[""docs"", ""refactor""]","[""docs"", ""refactor""]",0.9999170303344728,"['c2ee5cd5e709afd15c5565ee009a0d204403a119', '062daa45cbd5dba6e96e95d8cdcaee89ae30a83c']",1.0,1.0,1.0,True,0.0,1024,False,2
"[""fix"", ""feat""]","[""fix"", ""feat""]",0.696336030960083,"['933ab6bb86372913c992567cf9660009900911a7', 'e137f9fdbdb6bf3f85c3f7ac9323785e445844c8']",1.0,1.0,1.0,True,0.0,1024,False,2
"[""fix"", ""build""]","[""fix"", ""build""]",0.7284548282623291,"['9be725fa3906323d4bc9788f54eccf74109d632b', 'c44cf88a6ec54e5ddd99d8348bcc57b301ec7945']",1.0,1.0,1.0,True,0.0,1024,False,2
"[""ci"", ""docs""]","[""ci"", ""docs""]",0.7176170349121094,"['173553c0372e66e03bdab19e0e6c2dd44daa14a0', 'e12d9e77a6fd531a22325337838a841b1c67f00d']",1.0,1.0,1.0,True,0.0,1024,False,2
"[""ci"", ""feat""]","[""ci"", ""feat""]",0.7824001312255859,"['6c9cb638cb4d1ecc42632fcf389c24898c5b3244', 'f823cf28652987d43c8324b4f5b203240032383a']",1.0,1.0,1.0,True,0.0,1024,False,2
"[""ci"", ""docs""]","[""ci"", ""docs""]",0.9837298393249512,"['74e9de5ec97dc013a52aa063dff0f40ac74c407b', 'c2ee5cd5e709afd15c5565ee009a0d204403a119']",1.0,1.0,1.0,True,0.0,1024,False,2
"[""test"", ""build""]","[""test"", ""build""]",0.7706570625305176,"['317f4eefecddfb1392ca71d551840f446feee302', '5b81fde8a72cf2e69a10e9f5c4f0bea0a2b8c3e0']",1.0,1.0,1.0,True,0.0,1024,False,2
"[""docs"", ""feat""]","[""docs"", ""feat""]",0.8082420825958252,"['a52a585d74894b3b4eeb8c784fa089ff95cddad0', 'f823cf28652987d43c8324b4f5b203240032383a']",1.0,1.0,1.0,True,0.0,1024,False,2
"[""refactor"", ""build""]","[""refactor"", ""build""]",0.7684202194213867,"['47ef9104e4a89e80d7cc6c1950bc080841da4a7b', '5b81fde8a72cf2e69a10e9f5c4f0bea0a2b8c3e0']",1.0,1.0,1.0,True,0.0,1024,False,2
"[""feat"", ""refactor""]","[""feat"", ""refactor""]",0.7687361240386963,"['e137f9fdbdb6bf3f85c3f7ac9323785e445844c8', '771857b1df9470ebc15357e8879118a72c649d5b']",1.0,1.0,1.0,True,0.0,1024,False,2
"[""build"", ""refactor"", ""docs""]","[""feat"", ""fix""]",1.070407152175903,"['6ed56ce9ae743ba9a87e6c9643cc06b1de7b748d', 'd1d55e787b7d07f763852602b9939a5394607fd9']",0.0,0.0,0.0,False,0.7142857142857143,1024,False,2
"[""build"", ""docs""]","[""build"", ""docs""]",0.7931890487670898,"['c323d59c607cabc91f17a78528d998f376f30b10', '0cfc5633d37ea06f645649138323f1820e18bdee']",1.0,1.0,1.0,True,0.0,1024,False,2
"[""build"", ""test"", ""feat"", ""refactor""]","[""test"", ""refactor""]",1.1420238018035889,"['8ee0611fbf0cd89abe7ae588f22e6ecb843598ea', '2954a0955ce9af6acb345ed1e8328e145ad30475']",0.5,1.0,0.6666666666666666,False,0.2857142857142857,1024,False,2
"[""fix""]","[""refactor"", ""fix""]",0.7552461624145508,"['36556bf8e0bce4ab6d26eafacbdad04d9614a5d7', 'c8e0ae8612df3d6f2831acc004aaac332f6105e4']",1.0,0.5,0.6666666666666666,False,0.1428571428571428,1024,False,2
"[""build"", ""ci"", ""refactor""]","[""build"", ""ci""]",3.702796936035156,"['e4a11fd5c34942ba12737f1c8c084489428ee274', '173553c0372e66e03bdab19e0e6c2dd44daa14a0']",0.6666666666666666,1.0,0.8,False,0.1428571428571428,1024,False,2
"[""fix"", ""feat""]","[""fix"", ""feat""]",0.6827347278594971,"['c8e0ae8612df3d6f2831acc004aaac332f6105e4', 'f9a094918b62534614c47aa8a13f33aec751a1e0']",1.0,1.0,1.0,True,0.0,1024,False,2
"[""refactor"", ""docs""]","[""refactor"", ""docs""]",0.8647351264953613,"['771857b1df9470ebc15357e8879118a72c649d5b', '0cfc5633d37ea06f645649138323f1820e18bdee']",1.0,1.0,1.0,True,0.0,1024,False,2
"[""build"", ""refactor"", ""feat""]","[""feat"", ""fix""]",1.037125825881958,"['6ed56ce9ae743ba9a87e6c9643cc06b1de7b748d', '87d5d4e55ab7149b593d29410f1fe426ba2447d4']",0.3333333333333333,0.5,0.4,False,0.4285714285714285,1024,False,2
"[""refactor"", ""test""]","[""refactor"", ""test""]",0.8372249603271484,"['1db13ec43727aca872a0f3836e4023ed85db665e', '229b53a632ea97d47c4be11f096bdd828fb415d8']",1.0,1.0,1.0,True,0.0,1024,False,2
"[""test"", ""refactor""]","[""test"", ""refactor""]",0.769615888595581,"['317f4eefecddfb1392ca71d551840f446feee302', '63eab619e6166eb6cab948028a7b89bf059dd878']",1.0,1.0,1.0,True,0.0,1024,False,2
"[""docs"", ""build""]","[""docs"", ""build""]",0.9188199043273926,"['e12d9e77a6fd531a22325337838a841b1c67f00d', 'c44cf88a6ec54e5ddd99d8348bcc57b301ec7945']",1.0,1.0,1.0,True,0.0,1024,False,2
"[""refactor"", ""build""]","[""refactor"", ""build""]",0.921335220336914,"['1db13ec43727aca872a0f3836e4023ed85db665e', '32b92cfa0b74a6c25990e32ac6aab12b8496794c']",1.0,1.0,1.0,True,0.0,1024,False,2
"[""docs"", ""refactor"", ""fix""]","[""docs"", ""fix""]",0.9180431365966796,"['c2ee5cd5e709afd15c5565ee009a0d204403a119', 'bed78248c941d57ad4cc20a455147e186e97c7a1']",0.6666666666666666,1.0,0.8,False,0.1428571428571428,1024,False,2
"[""docs"", ""ci""]","[""docs"", ""ci""]",1.6223411560058594,"['bf83c9155e9bee6925aa7102fab53fb803d52533', '173553c0372e66e03bdab19e0e6c2dd44daa14a0']",1.0,1.0,1.0,True,0.0,1024,False,2
"[""fix"", ""ci""]","[""refactor"", ""ci""]",0.9263172149658204,"['36556bf8e0bce4ab6d26eafacbdad04d9614a5d7', '74e9de5ec97dc013a52aa063dff0f40ac74c407b']",0.5,0.5,0.5,False,0.2857142857142857,1024,False,2
"[""test"", ""fix""]","[""test"", ""fix""]",0.7897772789001465,"['e9617f0854030e70365eb264bcb3b58078e79e9e', '87d5d4e55ab7149b593d29410f1fe426ba2447d4']",1.0,1.0,1.0,True,0.0,1024,False,2
"[""feat"", ""refactor""]","[""feat"", ""refactor""]",0.6910369396209717,"['e137f9fdbdb6bf3f85c3f7ac9323785e445844c8', '47ef9104e4a89e80d7cc6c1950bc080841da4a7b']",1.0,1.0,1.0,True,0.0,1024,False,2
"[""refactor"", ""ci""]","[""fix"", ""ci""]",0.7090771198272705,"['2561f4ade46fc9d59f289f328cc77733a6443697', '74e9de5ec97dc013a52aa063dff0f40ac74c407b']",0.5,0.5,0.5,False,0.2857142857142857,1024,False,2
"[""build"", ""ci""]","[""build"", ""ci""]",0.9867098331451416,"['5b81fde8a72cf2e69a10e9f5c4f0bea0a2b8c3e0', 'e96487ad7ce90b141219d9032fa2bed68d5dae6a']",1.0,1.0,1.0,True,0.0,1024,False,2
"[""build"", ""test"", ""feat""]","[""build"", ""test""]",0.9311950206756592,"['32b92cfa0b74a6c25990e32ac6aab12b8496794c', '8ee0611fbf0cd89abe7ae588f22e6ecb843598ea']",0.6666666666666666,1.0,0.8,False,0.1428571428571428,1024,False,2
"[""refactor"", ""ci""]","[""refactor"", ""ci""]",1.440711259841919,"['1db13ec43727aca872a0f3836e4023ed85db665e', '74e9de5ec97dc013a52aa063dff0f40ac74c407b']",1.0,1.0,1.0,True,0.0,1024,False,2
"[""refactor"", ""build""]","[""fix"", ""build""]",0.6885838508605957,"['2561f4ade46fc9d59f289f328cc77733a6443697', 'c55591ba157298a9c5816693c102a89dfd058830']",0.5,0.5,0.5,False,0.2857142857142857,1024,False,2
"[""build"", ""refactor""]","[""build"", ""refactor""]",0.7926168441772461,"['5b81fde8a72cf2e69a10e9f5c4f0bea0a2b8c3e0', '1db13ec43727aca872a0f3836e4023ed85db665e']",1.0,1.0,1.0,True,0.0,1024,False,2
"[""build"", ""test"", ""feat"", ""ci""]","[""test"", ""ci""]",0.9594109058380128,"['8ee0611fbf0cd89abe7ae588f22e6ecb843598ea', 'e96487ad7ce90b141219d9032fa2bed68d5dae6a']",0.5,1.0,0.6666666666666666,False,0.2857142857142857,1024,False,2
"[""test"", ""refactor""]","[""test"", ""refactor""]",0.8443708419799805,"['bedc7950b24c37809e36a585b7985d5aa5e3e458', '062daa45cbd5dba6e96e95d8cdcaee89ae30a83c']",1.0,1.0,1.0,True,0.0,1024,False,2
"[""ci"", ""feat""]","[""ci"", ""refactor""]",0.7831249237060547,"['74e9de5ec97dc013a52aa063dff0f40ac74c407b', '63eab619e6166eb6cab948028a7b89bf059dd878']",0.5,0.5,0.5,False,0.2857142857142857,1024,False,2
"[""test"", ""docs""]","[""test"", ""docs""]",1.1229798793792725,"['317f4eefecddfb1392ca71d551840f446feee302', 'af880ac5b4fecbc6c4f3d1eee0d95f326e8bd9d1']",1.0,1.0,1.0,True,0.0,1024,False,2
"[""feat"", ""refactor""]","[""feat"", ""fix""]",0.8012731075286865,"['dc5238b2bda98a7c4f2fe9584fc3b0191a408109', '9ef5c0d14193a9abb09b39856f58477d1f4b0d77']",0.5,0.5,0.5,False,0.2857142857142857,1024,False,2
"[""build"", ""docs""]","[""build"", ""docs""]",0.8622121810913086,"['e4a11fd5c34942ba12737f1c8c084489428ee274', 'e12d9e77a6fd531a22325337838a841b1c67f00d']",1.0,1.0,1.0,True,0.0,1024,False,2
"[""build"", ""refactor"", ""feat""]","[""feat"", ""refactor""]",0.8452470302581787,"['6ed56ce9ae743ba9a87e6c9643cc06b1de7b748d', '63eab619e6166eb6cab948028a7b89bf059dd878']",0.6666666666666666,1.0,0.8,False,0.1428571428571428,1024,False,2
"[""ci"", ""fix"", ""docs""]","[""ci"", ""fix"", ""docs""]",0.8774960041046143,"['dbb537a26e388a8d7d17faf131abc30c2f7a84e6', 'd129eaf9125a967ac86c6c7276bbae6b4d50af36', 'cb1f48b56ae0de93acb72e48726c7d610a1d538e']",1.0,1.0,1.0,True,0.0,1024,False,3
"[""fix"", ""build""]","[""fix"", ""refactor"", ""feat""]",0.771960973739624,"['933ab6bb86372913c992567cf9660009900911a7', '3cca5c314ad6feeffbfe1f14cf49ebd0fd9a95a2', '6ed56ce9ae743ba9a87e6c9643cc06b1de7b748d']",0.5,0.3333333333333333,0.4,False,0.4285714285714285,1024,False,3
"[""build"", ""feat"", ""ci""]","[""build"", ""feat"", ""ci""]",0.8199949264526367,"['5b81fde8a72cf2e69a10e9f5c4f0bea0a2b8c3e0', 'e137f9fdbdb6bf3f85c3f7ac9323785e445844c8', '32845e1bbd1efb5dbc16f671049509a409ba25ce']",1.0,1.0,1.0,True,0.0,1024,False,3
"[""ci"", ""docs"", ""feat""]","[""ci"", ""docs"", ""feat""]",1.3212220668792725,"['45837af24a33308a70a3454f0f650f9fe728e272', '6d405dfc1675dcad64a2dfac0c0cb0fb28381d21', 'f823cf28652987d43c8324b4f5b203240032383a']",1.0,1.0,1.0,True,0.0,1024,False,3
"[""ci"", ""docs"", ""build""]","[""ci"", ""docs"", ""build""]",0.8434891700744629,"['6c9cb638cb4d1ecc42632fcf389c24898c5b3244', 'bf83c9155e9bee6925aa7102fab53fb803d52533', 'c323d59c607cabc91f17a78528d998f376f30b10']",1.0,1.0,1.0,True,0.0,1024,False,3
"[""test"", ""docs"", ""fix""]","[""test"", ""docs"", ""fix""]",0.7802853584289551,"['229b53a632ea97d47c4be11f096bdd828fb415d8', 'e12d9e77a6fd531a22325337838a841b1c67f00d', 'd129eaf9125a967ac86c6c7276bbae6b4d50af36']",1.0,1.0,1.0,True,0.0,1024,False,3
"[""feat"", ""docs""]","[""feat"", ""docs"", ""refactor""]",0.7247779369354248,"['68278b00450f2679761a2999500f6d87a579376b', 'c2ee5cd5e709afd15c5565ee009a0d204403a119', '535708ae50aecb452560a23356fd396f99ef13a2']",1.0,0.6666666666666666,0.8,False,0.1428571428571428,1024,False,3
"[""docs"", ""ci"", ""test""]","[""docs"", ""ci"", ""test""]",0.6856498718261719,"['0cfc5633d37ea06f645649138323f1820e18bdee', '6c9cb638cb4d1ecc42632fcf389c24898c5b3244', 'f411e58cd510f8a2b980b2f1932003a0c0e9f8f3']",1.0,1.0,1.0,True,0.0,1024,False,3
"[""fix""]","[""build"", ""fix"", ""refactor""]",0.8673970699310303,"['1269431c8a3e7549f10fcbbb4b88ff625c8898b3', '933ab6bb86372913c992567cf9660009900911a7', '36556bf8e0bce4ab6d26eafacbdad04d9614a5d7']",1.0,0.3333333333333333,0.5,False,0.2857142857142857,1024,False,3
"[""test"", ""fix"", ""docs""]","[""test"", ""fix"", ""docs""]",1.0656499862670898,"['c7b25726df94a2530c9b1c0d2b6a0acaa103822f', '933ab6bb86372913c992567cf9660009900911a7', 'c2ee5cd5e709afd15c5565ee009a0d204403a119']",1.0,1.0,1.0,True,0.0,1024,False,3
"[""build"", ""refactor"", ""fix""]","[""build"", ""refactor"", ""fix""]",0.882072925567627,"['32b92cfa0b74a6c25990e32ac6aab12b8496794c', '771857b1df9470ebc15357e8879118a72c649d5b', '06e2be4e2019b6fa714e1fcb34485860ef1ede79']",1.0,1.0,1.0,True,0.0,1024,False,3
"[""test"", ""docs"", ""build""]","[""test"", ""docs"", ""build""]",1.0209121704101562,"['f411e58cd510f8a2b980b2f1932003a0c0e9f8f3', '036a0ff49a7dade0e04c9c07071a1ff49133ee24', 'c44cf88a6ec54e5ddd99d8348bcc57b301ec7945']",1.0,1.0,1.0,True,0.0,1024,False,3
"[""build"", ""test"", ""feat""]","[""feat"", ""test"", ""refactor""]",1.5160949230194092,"['6ed56ce9ae743ba9a87e6c9643cc06b1de7b748d', 'c7b25726df94a2530c9b1c0d2b6a0acaa103822f', '535708ae50aecb452560a23356fd396f99ef13a2']",0.6666666666666666,0.6666666666666666,0.6666666666666666,False,0.2857142857142857,1024,False,3
"[""docs"", ""refactor"", ""fix""]","[""docs"", ""feat"", ""fix""]",1.6053080558776855,"['6d405dfc1675dcad64a2dfac0c0cb0fb28381d21', 'ded26d768ff432ad3bde3c0aa1e95ce50726100a', 'd129eaf9125a967ac86c6c7276bbae6b4d50af36']",0.6666666666666666,0.6666666666666666,0.6666666666666666,False,0.2857142857142857,1024,False,3
"[""ci"", ""docs"", ""refactor""]","[""ci"", ""docs"", ""fix""]",1.1759848594665527,"['e7a67d88173566be3cd3aed7e9eeb7e29aabbc57', 'c2ee5cd5e709afd15c5565ee009a0d204403a119', 'bed78248c941d57ad4cc20a455147e186e97c7a1']",0.6666666666666666,0.6666666666666666,0.6666666666666666,False,0.2857142857142857,1024,False,3
"[""ci"", ""docs"", ""fix"", ""refactor""]","[""ci"", ""docs"", ""fix""]",1.0339996814727783,"['74e9de5ec97dc013a52aa063dff0f40ac74c407b', 'aca23027da1295c78fdf42ba9687d8ccc88784d7', 'd129eaf9125a967ac86c6c7276bbae6b4d50af36']",0.75,1.0,0.8571428571428571,False,0.1428571428571428,1024,False,3
"[""test"", ""refactor"", ""build""]","[""test"", ""fix"", ""build""]",1.111320972442627,"['c7b25726df94a2530c9b1c0d2b6a0acaa103822f', 'bed78248c941d57ad4cc20a455147e186e97c7a1', 'c55591ba157298a9c5816693c102a89dfd058830']",0.6666666666666666,0.6666666666666666,0.6666666666666666,False,0.2857142857142857,1024,False,3
"[""docs"", ""ci"", ""refactor""]","[""docs"", ""ci"", ""fix""]",0.863090991973877,"['a52a585d74894b3b4eeb8c784fa089ff95cddad0', 'e7a67d88173566be3cd3aed7e9eeb7e29aabbc57', 'bed78248c941d57ad4cc20a455147e186e97c7a1']",0.6666666666666666,0.6666666666666666,0.6666666666666666,False,0.2857142857142857,1024,False,3
"[""build"", ""ci"", ""test""]","[""build"", ""ci"", ""test""]",0.8658621311187744,"['f00a4d3e307b89842250358ee432e6800bb24362', '6c9cb638cb4d1ecc42632fcf389c24898c5b3244', 'c7b25726df94a2530c9b1c0d2b6a0acaa103822f']",1.0,1.0,1.0,True,0.0,1024,False,3
"[""docs"", ""feat""]","[""refactor"", ""feat"", ""fix""]",0.929915189743042,"['2954a0955ce9af6acb345ed1e8328e145ad30475', 'dc5238b2bda98a7c4f2fe9584fc3b0191a408109', '9ef5c0d14193a9abb09b39856f58477d1f4b0d77']",0.5,0.3333333333333333,0.4,False,0.4285714285714285,1024,False,3
"[""ci"", ""test"", ""fix""]","[""ci"", ""test"", ""fix""]",0.8511819839477539,"['4cbbd2552ba0de273e1dfe7d453c5b3efed751a3', 'f411e58cd510f8a2b980b2f1932003a0c0e9f8f3', '06e2be4e2019b6fa714e1fcb34485860ef1ede79']",1.0,1.0,1.0,True,0.0,1024,False,3
"[""refactor"", ""build""]","[""feat"", ""refactor"", ""build""]",0.9101481437683104,"['b282e90e2cbb74559aab79eee8443a4d7c85502a', '1db13ec43727aca872a0f3836e4023ed85db665e', '37b1cbfd3d2c462ef4f2a131e4172c38dc8d9ddf']",1.0,0.6666666666666666,0.8,False,0.1428571428571428,1024,False,3
"[""fix"", ""refactor"", ""ci""]","[""fix"", ""feat"", ""ci""]",0.8746399879455566,"['d129eaf9125a967ac86c6c7276bbae6b4d50af36', 'fd8e563cc19ca4684885d4692acee6bebcca4ada', '173553c0372e66e03bdab19e0e6c2dd44daa14a0']",0.6666666666666666,0.6666666666666666,0.6666666666666666,False,0.2857142857142857,1024,False,3
"[""docs"", ""test"", ""feat""]","[""docs"", ""refactor"", ""test""]",0.870067834854126,"['036a0ff49a7dade0e04c9c07071a1ff49133ee24', '63eab619e6166eb6cab948028a7b89bf059dd878', '229b53a632ea97d47c4be11f096bdd828fb415d8']",0.6666666666666666,0.6666666666666666,0.6666666666666666,False,0.2857142857142857,1024,False,3
"[""test"", ""ci"", ""feat""]","[""test"", ""ci"", ""feat""]",1.465862274169922,"['c7b25726df94a2530c9b1c0d2b6a0acaa103822f', '32845e1bbd1efb5dbc16f671049509a409ba25ce', 'b282e90e2cbb74559aab79eee8443a4d7c85502a']",1.0,1.0,1.0,True,0.0,1024,False,3
"[""feat"", ""build"", ""fix""]","[""feat"", ""build"", ""refactor""]",0.9637808799743652,"['f9a094918b62534614c47aa8a13f33aec751a1e0', '5b81fde8a72cf2e69a10e9f5c4f0bea0a2b8c3e0', '36556bf8e0bce4ab6d26eafacbdad04d9614a5d7']",0.6666666666666666,0.6666666666666666,0.6666666666666666,False,0.2857142857142857,1024,False,3
"[""feat"", ""build"", ""docs""]","[""feat"", ""build"", ""docs""]",0.8336491584777832,"['e137f9fdbdb6bf3f85c3f7ac9323785e445844c8', '37b1cbfd3d2c462ef4f2a131e4172c38dc8d9ddf', 'e12d9e77a6fd531a22325337838a841b1c67f00d']",1.0,1.0,1.0,True,0.0,1024,False,3
"[""build"", ""fix"", ""ci""]","[""build"", ""refactor"", ""ci""]",0.9067459106445312,"['f00a4d3e307b89842250358ee432e6800bb24362', '36556bf8e0bce4ab6d26eafacbdad04d9614a5d7', '4cbbd2552ba0de273e1dfe7d453c5b3efed751a3']",0.6666666666666666,0.6666666666666666,0.6666666666666666,False,0.2857142857142857,1024,False,3
"[""docs"", ""ci"", ""build""]","[""docs"", ""ci"", ""build""]",0.829118013381958,"['cb1f48b56ae0de93acb72e48726c7d610a1d538e', 'e96487ad7ce90b141219d9032fa2bed68d5dae6a', '454003841aabeb74396d73541378bfa59c75b5db']",1.0,1.0,1.0,True,0.0,1024,False,3
"[""fix"", ""test""]","[""fix"", ""test"", ""build""]",0.7299647331237793,"['d129eaf9125a967ac86c6c7276bbae6b4d50af36', 'e2e8ad25854bd1e7cdbc7f50b50bbd99e04ad47d', '1269431c8a3e7549f10fcbbb4b88ff625c8898b3']",1.0,0.6666666666666666,0.8,False,0.1428571428571428,1024,False,3
"[""docs"", ""feat""]","[""refactor"", ""docs"", ""feat""]",0.9803910255432128,"['2954a0955ce9af6acb345ed1e8328e145ad30475', 'a52a585d74894b3b4eeb8c784fa089ff95cddad0', 'b282e90e2cbb74559aab79eee8443a4d7c85502a']",1.0,0.6666666666666666,0.8,False,0.1428571428571428,1024,False,3
"[""docs"", ""test""]","[""docs"", ""refactor"", ""test""]",0.6225659847259521,"['0cfc5633d37ea06f645649138323f1820e18bdee', '1db13ec43727aca872a0f3836e4023ed85db665e', 'bedc7950b24c37809e36a585b7985d5aa5e3e458']",1.0,0.6666666666666666,0.8,False,0.1428571428571428,1024,False,3
"[""fix"", ""docs"", ""test""]","[""fix"", ""docs"", ""test""]",1.0224010944366455,"['933ab6bb86372913c992567cf9660009900911a7', '0cfc5633d37ea06f645649138323f1820e18bdee', 'c7b25726df94a2530c9b1c0d2b6a0acaa103822f']",1.0,1.0,1.0,True,0.0,1024,False,3
"[""fix"", ""ci"", ""test""]","[""refactor"", ""ci"", ""test""]",0.9407150745391846,"['36556bf8e0bce4ab6d26eafacbdad04d9614a5d7', '6c9cb638cb4d1ecc42632fcf389c24898c5b3244', '229b53a632ea97d47c4be11f096bdd828fb415d8']",0.6666666666666666,0.6666666666666666,0.6666666666666666,False,0.2857142857142857,1024,False,3
"[""ci"", ""test"", ""docs""]","[""ci"", ""test"", ""docs""]",0.8226561546325684,"['c5fa7b80438fbd74f4c341f0d3c9bd9e0f4910da', '229b53a632ea97d47c4be11f096bdd828fb415d8', 'aca23027da1295c78fdf42ba9687d8ccc88784d7']",1.0,1.0,1.0,True,0.0,1024,False,3
"[""feat"", ""docs"", ""fix""]","[""feat"", ""docs"", ""fix""]",0.8530218601226807,"['f823cf28652987d43c8324b4f5b203240032383a', '0cfc5633d37ea06f645649138323f1820e18bdee', '9ef5c0d14193a9abb09b39856f58477d1f4b0d77']",1.0,1.0,1.0,True,0.0,1024,False,3
"[""test"", ""fix"", ""build""]","[""test"", ""fix"", ""build""]",0.8478107452392578,"['317f4eefecddfb1392ca71d551840f446feee302', '06e2be4e2019b6fa714e1fcb34485860ef1ede79', 'c55591ba157298a9c5816693c102a89dfd058830']",1.0,1.0,1.0,True,0.0,1024,False,3
"[""feat"", ""docs"", ""fix""]","[""feat"", ""docs"", ""refactor""]",0.7822248935699463,"['e137f9fdbdb6bf3f85c3f7ac9323785e445844c8', 'bf83c9155e9bee6925aa7102fab53fb803d52533', '36556bf8e0bce4ab6d26eafacbdad04d9614a5d7']",0.6666666666666666,0.6666666666666666,0.6666666666666666,False,0.2857142857142857,1024,False,3
"[""fix"", ""ci"", ""build""]","[""fix"", ""ci"", ""build""]",0.7662680149078369,"['d129eaf9125a967ac86c6c7276bbae6b4d50af36', '6c9cb638cb4d1ecc42632fcf389c24898c5b3244', 'c44cf88a6ec54e5ddd99d8348bcc57b301ec7945']",1.0,1.0,1.0,True,0.0,1024,False,3
"[""refactor"", ""docs""]","[""fix"", ""refactor"", ""docs""]",0.7001988887786865,"['2561f4ade46fc9d59f289f328cc77733a6443697', '2954a0955ce9af6acb345ed1e8328e145ad30475', 'a52a585d74894b3b4eeb8c784fa089ff95cddad0']",1.0,0.6666666666666666,0.8,False,0.1428571428571428,1024,False,3
"[""build"", ""feat"", ""fix""]","[""build"", ""feat"", ""fix""]",0.779289960861206,"['c55591ba157298a9c5816693c102a89dfd058830', 'dc5238b2bda98a7c4f2fe9584fc3b0191a408109', '9be725fa3906323d4bc9788f54eccf74109d632b']",1.0,1.0,1.0,True,0.0,1024,False,3
"[""test"", ""fix"", ""refactor"", ""docs""]","[""test"", ""refactor"", ""feat""]",0.8507180213928223,"['229b53a632ea97d47c4be11f096bdd828fb415d8', '36556bf8e0bce4ab6d26eafacbdad04d9614a5d7', 'ded26d768ff432ad3bde3c0aa1e95ce50726100a']",0.5,0.6666666666666666,0.5714285714285715,False,0.4285714285714285,1024,False,3
"[""test"", ""build"", ""ci""]","[""test"", ""build"", ""ci""]",0.7635111808776855,"['e0198f74b81da3663144cfe1d971939319f82a0f', 'c55591ba157298a9c5816693c102a89dfd058830', 'e7a67d88173566be3cd3aed7e9eeb7e29aabbc57']",1.0,1.0,1.0,True,0.0,1024,False,3
"[""test"", ""refactor"", ""docs""]","[""test"", ""fix"", ""docs""]",0.871345043182373,"['bedc7950b24c37809e36a585b7985d5aa5e3e458', '933ab6bb86372913c992567cf9660009900911a7', '6d405dfc1675dcad64a2dfac0c0cb0fb28381d21']",0.6666666666666666,0.6666666666666666,0.6666666666666666,False,0.2857142857142857,1024,False,3
"[""fix"", ""build"", ""test""]","[""fix"", ""build"", ""test""]",0.7706890106201172,"['d129eaf9125a967ac86c6c7276bbae6b4d50af36', '32b92cfa0b74a6c25990e32ac6aab12b8496794c', '317f4eefecddfb1392ca71d551840f446feee302']",1.0,1.0,1.0,True,0.0,1024,False,3
"[""feat"", ""fix"", ""ci""]","[""feat"", ""fix"", ""ci""]",0.8020310401916504,"['f823cf28652987d43c8324b4f5b203240032383a', '9be725fa3906323d4bc9788f54eccf74109d632b', '32845e1bbd1efb5dbc16f671049509a409ba25ce']",1.0,1.0,1.0,True,0.0,1024,False,3
"[""fix"", ""docs"", ""build""]","[""fix"", ""docs"", ""build""]",0.8987557888031006,"['9ef5c0d14193a9abb09b39856f58477d1f4b0d77', 'a52a585d74894b3b4eeb8c784fa089ff95cddad0', '37b1cbfd3d2c462ef4f2a131e4172c38dc8d9ddf']",1.0,1.0,1.0,True,0.0,1024,False,3
"[""feat"", ""ci"", ""docs""]","[""fix"", ""ci"", ""docs""]",0.9463448524475098,"['87d5d4e55ab7149b593d29410f1fe426ba2447d4', '4cbbd2552ba0de273e1dfe7d453c5b3efed751a3', '6d405dfc1675dcad64a2dfac0c0cb0fb28381d21']",0.6666666666666666,0.6666666666666666,0.6666666666666666,False,0.2857142857142857,1024,False,3
"[""docs"", ""refactor""]","[""feat"", ""docs"", ""fix""]",0.8003439903259277,"['fd8e563cc19ca4684885d4692acee6bebcca4ada', 'cb1f48b56ae0de93acb72e48726c7d610a1d538e', 'bed78248c941d57ad4cc20a455147e186e97c7a1']",0.5,0.3333333333333333,0.4,False,0.4285714285714285,1024,False,3
"[""feat"", ""refactor""]","[""feat"", ""fix"", ""refactor""]",0.9514589309692384,"['1bcf88670b50155b50071e707f98f30cea0b7a24', '9ef5c0d14193a9abb09b39856f58477d1f4b0d77', '062daa45cbd5dba6e96e95d8cdcaee89ae30a83c']",1.0,0.6666666666666666,0.8,False,0.1428571428571428,1024,False,3
"[""refactor"", ""docs"", ""test""]","[""fix"", ""docs"", ""test""]",0.7917141914367676,"['bed78248c941d57ad4cc20a455147e186e97c7a1', 'a52a585d74894b3b4eeb8c784fa089ff95cddad0', 'e9617f0854030e70365eb264bcb3b58078e79e9e']",0.6666666666666666,0.6666666666666666,0.6666666666666666,False,0.2857142857142857,1024,False,3
"[""docs"", ""ci"", ""refactor""]","[""docs"", ""ci"", ""feat""]",0.8527381420135498,"['c2ee5cd5e709afd15c5565ee009a0d204403a119', 'dbb537a26e388a8d7d17faf131abc30c2f7a84e6', 'ded26d768ff432ad3bde3c0aa1e95ce50726100a']",0.6666666666666666,0.6666666666666666,0.6666666666666666,False,0.2857142857142857,1024,False,3
"[""build"", ""ci"", ""refactor""]","[""build"", ""ci"", ""refactor""]",0.8553647994995117,"['454003841aabeb74396d73541378bfa59c75b5db', 'dbb537a26e388a8d7d17faf131abc30c2f7a84e6', '062daa45cbd5dba6e96e95d8cdcaee89ae30a83c']",1.0,1.0,1.0,True,0.0,1024,False,3
"[""refactor"", ""test""]","[""feat"", ""fix"", ""test""]",0.5086631774902344,"['fd8e563cc19ca4684885d4692acee6bebcca4ada', 'd1d55e787b7d07f763852602b9939a5394607fd9', 'b7ce2894fd1794064bd6db4ed730bb6cb7728739']",0.5,0.3333333333333333,0.4,False,0.4285714285714285,1024,False,3
"[""docs"", ""test"", ""build""]","[""docs"", ""test"", ""build""]",0.6367731094360352,"['bf83c9155e9bee6925aa7102fab53fb803d52533', 'b7ce2894fd1794064bd6db4ed730bb6cb7728739', '37b1cbfd3d2c462ef4f2a131e4172c38dc8d9ddf']",1.0,1.0,1.0,True,0.0,1024,False,3
"[""fix"", ""ci"", ""test""]","[""fix"", ""ci"", ""test""]",0.8173189163208008,"['d129eaf9125a967ac86c6c7276bbae6b4d50af36', 'e7a67d88173566be3cd3aed7e9eeb7e29aabbc57', '317f4eefecddfb1392ca71d551840f446feee302']",1.0,1.0,1.0,True,0.0,1024,False,3
"[""docs"", ""ci""]","[""docs"", ""fix"", ""ci""]",0.7373850345611572,"['c2ee5cd5e709afd15c5565ee009a0d204403a119', 'd1d55e787b7d07f763852602b9939a5394607fd9', '6c9cb638cb4d1ecc42632fcf389c24898c5b3244']",1.0,0.6666666666666666,0.8,False,0.1428571428571428,1024,False,3
"[""ci"", ""fix"", ""docs""]","[""ci"", ""fix"", ""docs""]",0.699084997177124,"['dbb537a26e388a8d7d17faf131abc30c2f7a84e6', 'c8e0ae8612df3d6f2831acc004aaac332f6105e4', 'e12d9e77a6fd531a22325337838a841b1c67f00d']",1.0,1.0,1.0,True,0.0,1024,False,3
"[""build"", ""docs""]","[""build"", ""docs"", ""refactor""]",0.6785159111022949,"['c55591ba157298a9c5816693c102a89dfd058830', 'c2ee5cd5e709afd15c5565ee009a0d204403a119', 'a62314d9bb632be6af026686615d14b912250512']",1.0,0.6666666666666666,0.8,False,0.1428571428571428,1024,False,3
"[""build"", ""refactor""]","[""fix"", ""build"", ""refactor""]",0.7635741233825684,"['d1d55e787b7d07f763852602b9939a5394607fd9', '32b92cfa0b74a6c25990e32ac6aab12b8496794c', '062daa45cbd5dba6e96e95d8cdcaee89ae30a83c']",1.0,0.6666666666666666,0.8,False,0.1428571428571428,1024,False,3
"[""test"", ""build""]","[""test"", ""docs"", ""build""]",0.9892549514770508,"['f411e58cd510f8a2b980b2f1932003a0c0e9f8f3', 'af880ac5b4fecbc6c4f3d1eee0d95f326e8bd9d1', '1269431c8a3e7549f10fcbbb4b88ff625c8898b3']",1.0,0.6666666666666666,0.8,False,0.1428571428571428,1024,False,3
"[""feat"", ""fix"", ""test""]","[""feat"", ""fix"", ""test""]",0.918086051940918,"['f9a094918b62534614c47aa8a13f33aec751a1e0', '87d5d4e55ab7149b593d29410f1fe426ba2447d4', '317f4eefecddfb1392ca71d551840f446feee302']",1.0,1.0,1.0,True,0.0,1024,False,3
"[""test"", ""fix"", ""feat""]","[""test"", ""fix"", ""feat""]",0.706855297088623,"['229b53a632ea97d47c4be11f096bdd828fb415d8', 'c8e0ae8612df3d6f2831acc004aaac332f6105e4', 'f823cf28652987d43c8324b4f5b203240032383a']",1.0,1.0,1.0,True,0.0,1024,False,3
"[""feat"", ""fix"", ""docs""]","[""feat"", ""fix"", ""docs""]",1.0054609775543213,"['dc5238b2bda98a7c4f2fe9584fc3b0191a408109', '06e2be4e2019b6fa714e1fcb34485860ef1ede79', 'af880ac5b4fecbc6c4f3d1eee0d95f326e8bd9d1']",1.0,1.0,1.0,True,0.0,1024,False,3
"[""ci"", ""docs"", ""test""]","[""ci"", ""docs"", ""test""]",0.6995089054107666,"['173553c0372e66e03bdab19e0e6c2dd44daa14a0', 'e12d9e77a6fd531a22325337838a841b1c67f00d', 'c7b25726df94a2530c9b1c0d2b6a0acaa103822f']",1.0,1.0,1.0,True,0.0,1024,False,3
"[""ci"", ""refactor"", ""docs""]","[""ci"", ""fix"", ""docs""]",0.9018137454986572,"['dbb537a26e388a8d7d17faf131abc30c2f7a84e6', '2561f4ade46fc9d59f289f328cc77733a6443697', 'e12d9e77a6fd531a22325337838a841b1c67f00d']",0.6666666666666666,0.6666666666666666,0.6666666666666666,False,0.2857142857142857,1024,False,3
"[""feat"", ""test""]","[""feat"", ""fix"", ""test""]",0.6950809955596924,"['f823cf28652987d43c8324b4f5b203240032383a', '9ef5c0d14193a9abb09b39856f58477d1f4b0d77', '229b53a632ea97d47c4be11f096bdd828fb415d8']",1.0,0.6666666666666666,0.8,False,0.1428571428571428,1024,False,3
"[""docs"", ""ci"", ""feat""]","[""docs"", ""ci"", ""feat""]",1.0012011528015137,"['6d405dfc1675dcad64a2dfac0c0cb0fb28381d21', '173553c0372e66e03bdab19e0e6c2dd44daa14a0', 'b282e90e2cbb74559aab79eee8443a4d7c85502a']",1.0,1.0,1.0,True,0.0,1024,False,3
"[""ci"", ""docs"", ""build""]","[""ci"", ""docs"", ""build""]",1.0147950649261477,"['c5fa7b80438fbd74f4c341f0d3c9bd9e0f4910da', '036a0ff49a7dade0e04c9c07071a1ff49133ee24', 'c44cf88a6ec54e5ddd99d8348bcc57b301ec7945']",1.0,1.0,1.0,True,0.0,1024,False,3
"[""ci"", ""refactor"", ""build""]","[""ci"", ""feat"", ""build""]",0.864778995513916,"['32845e1bbd1efb5dbc16f671049509a409ba25ce', 'b282e90e2cbb74559aab79eee8443a4d7c85502a', '37b1cbfd3d2c462ef4f2a131e4172c38dc8d9ddf']",0.6666666666666666,0.6666666666666666,0.6666666666666666,False,0.2857142857142857,1024,False,3
"[""test"", ""build"", ""fix"", ""feat""]","[""test"", ""build"", ""fix"", ""feat""]",0.8434340953826904,"['e0198f74b81da3663144cfe1d971939319f82a0f', 'f00a4d3e307b89842250358ee432e6800bb24362', 'd129eaf9125a967ac86c6c7276bbae6b4d50af36', 'dc5238b2bda98a7c4f2fe9584fc3b0191a408109']",1.0,1.0,1.0,True,0.0,1024,False,4
"[""ci"", ""build"", ""test"", ""docs""]","[""ci"", ""build"", ""test"", ""docs""]",1.0652039051055908,"['c5fa7b80438fbd74f4c341f0d3c9bd9e0f4910da', '1269431c8a3e7549f10fcbbb4b88ff625c8898b3', 'e2e8ad25854bd1e7cdbc7f50b50bbd99e04ad47d', '036a0ff49a7dade0e04c9c07071a1ff49133ee24']",1.0,1.0,1.0,True,0.0,1024,False,4
"[""fix"", ""feat"", ""docs"", ""test""]","[""refactor"", ""feat"", ""docs"", ""test""]",0.8566532135009766,"['3cca5c314ad6feeffbfe1f14cf49ebd0fd9a95a2', 'dc5238b2bda98a7c4f2fe9584fc3b0191a408109', 'aca23027da1295c78fdf42ba9687d8ccc88784d7', '229b53a632ea97d47c4be11f096bdd828fb415d8']",0.75,0.75,0.75,False,0.2857142857142857,1024,False,4
"[""docs"", ""test"", ""build"", ""feat""]","[""fix"", ""test"", ""build"", ""refactor""]",1.0894908905029297,"['d1d55e787b7d07f763852602b9939a5394607fd9', 'bedc7950b24c37809e36a585b7985d5aa5e3e458', 'c55591ba157298a9c5816693c102a89dfd058830', '535708ae50aecb452560a23356fd396f99ef13a2']",0.5,0.5,0.5,False,0.5714285714285714,1024,False,4
"[""docs"", ""build"", ""ci"", ""feat""]","[""docs"", ""build"", ""ci"", ""feat""]",2.3211519718170166,"['a52a585d74894b3b4eeb8c784fa089ff95cddad0', '1269431c8a3e7549f10fcbbb4b88ff625c8898b3', '45837af24a33308a70a3454f0f650f9fe728e272', 'e137f9fdbdb6bf3f85c3f7ac9323785e445844c8']",1.0,1.0,1.0,True,0.0,1024,False,4
"[""build"", ""test"", ""refactor"", ""ci"", ""feat""]","[""test"", ""fix"", ""refactor"", ""ci""]",1.218529224395752,"['e9617f0854030e70365eb264bcb3b58078e79e9e', 'bed78248c941d57ad4cc20a455147e186e97c7a1', '535708ae50aecb452560a23356fd396f99ef13a2', 'c5fa7b80438fbd74f4c341f0d3c9bd9e0f4910da']",0.6,0.75,0.6666666666666665,False,0.4285714285714285,1024,False,4
"[""ci"", ""refactor"", ""docs"", ""feat""]","[""ci"", ""fix"", ""feat"", ""refactor""]",0.871880054473877,"['e7a67d88173566be3cd3aed7e9eeb7e29aabbc57', 'bed78248c941d57ad4cc20a455147e186e97c7a1', 'f823cf28652987d43c8324b4f5b203240032383a', '2954a0955ce9af6acb345ed1e8328e145ad30475']",0.75,0.75,0.75,False,0.2857142857142857,1024,False,4
"[""docs"", ""ci"", ""test"", ""fix""]","[""docs"", ""ci"", ""test"", ""refactor""]",1.1037240028381348,"['aca23027da1295c78fdf42ba9687d8ccc88784d7', '74e9de5ec97dc013a52aa063dff0f40ac74c407b', '317f4eefecddfb1392ca71d551840f446feee302', '3cca5c314ad6feeffbfe1f14cf49ebd0fd9a95a2']",0.75,0.75,0.75,False,0.2857142857142857,1024,False,4
"[""fix"", ""feat"", ""build"", ""docs""]","[""fix"", ""feat"", ""build"", ""docs""]",0.721447229385376,"['9be725fa3906323d4bc9788f54eccf74109d632b', 'e137f9fdbdb6bf3f85c3f7ac9323785e445844c8', 'c323d59c607cabc91f17a78528d998f376f30b10', '0cfc5633d37ea06f645649138323f1820e18bdee']",1.0,1.0,1.0,True,0.0,1024,False,4
"[""docs"", ""test"", ""fix""]","[""docs"", ""feat"", ""test"", ""fix""]",0.7979719638824463,"['0cfc5633d37ea06f645649138323f1820e18bdee', '1bcf88670b50155b50071e707f98f30cea0b7a24', '229b53a632ea97d47c4be11f096bdd828fb415d8', '87d5d4e55ab7149b593d29410f1fe426ba2447d4']",1.0,0.75,0.8571428571428571,False,0.1428571428571428,1024,False,4
"[""build"", ""refactor"", ""test"", ""ci""]","[""build"", ""refactor"", ""test"", ""ci""]",0.8768157958984375,"['c55591ba157298a9c5816693c102a89dfd058830', '062daa45cbd5dba6e96e95d8cdcaee89ae30a83c', 'c7b25726df94a2530c9b1c0d2b6a0acaa103822f', 'dbb537a26e388a8d7d17faf131abc30c2f7a84e6']",1.0,1.0,1.0,True,0.0,1024,False,4
"[""feat"", ""fix"", ""test"", ""refactor""]","[""feat"", ""fix"", ""test"", ""refactor""]",1.1871991157531738,"['dc5238b2bda98a7c4f2fe9584fc3b0191a408109', 'c8e0ae8612df3d6f2831acc004aaac332f6105e4', 'f411e58cd510f8a2b980b2f1932003a0c0e9f8f3', '47ef9104e4a89e80d7cc6c1950bc080841da4a7b']",1.0,1.0,1.0,True,0.0,1024,False,4
"[""refactor"", ""docs"", ""test"", ""ci""]","[""refactor"", ""docs"", ""test"", ""ci""]",1.4316961765289309,"['63eab619e6166eb6cab948028a7b89bf059dd878', 'aca23027da1295c78fdf42ba9687d8ccc88784d7', 'f411e58cd510f8a2b980b2f1932003a0c0e9f8f3', 'e7a67d88173566be3cd3aed7e9eeb7e29aabbc57']",1.0,1.0,1.0,True,0.0,1024,False,4
"[""docs"", ""refactor"", ""test"", ""fix""]","[""docs"", ""refactor"", ""test"", ""fix""]",0.9153339862823486,"['aca23027da1295c78fdf42ba9687d8ccc88784d7', '062daa45cbd5dba6e96e95d8cdcaee89ae30a83c', 'b7ce2894fd1794064bd6db4ed730bb6cb7728739', '06e2be4e2019b6fa714e1fcb34485860ef1ede79']",1.0,1.0,1.0,True,0.0,1024,False,4
"[""test"", ""docs"", ""build"", ""ci""]","[""test"", ""docs"", ""build"", ""ci""]",1.0477662086486816,"['317f4eefecddfb1392ca71d551840f446feee302', 'aca23027da1295c78fdf42ba9687d8ccc88784d7', 'f00a4d3e307b89842250358ee432e6800bb24362', '32845e1bbd1efb5dbc16f671049509a409ba25ce']",1.0,1.0,1.0,True,0.0,1024,False,4
"[""fix"", ""docs"", ""test""]","[""fix"", ""refactor"", ""docs"", ""test""]",1.0139110088348389,"['933ab6bb86372913c992567cf9660009900911a7', '3cca5c314ad6feeffbfe1f14cf49ebd0fd9a95a2', 'a52a585d74894b3b4eeb8c784fa089ff95cddad0', '229b53a632ea97d47c4be11f096bdd828fb415d8']",1.0,0.75,0.8571428571428571,False,0.1428571428571428,1024,False,4
"[""refactor"", ""ci"", ""docs"", ""build""]","[""refactor"", ""ci"", ""docs"", ""build""]",1.1258511543273926,"['63eab619e6166eb6cab948028a7b89bf059dd878', '6c9cb638cb4d1ecc42632fcf389c24898c5b3244', 'a52a585d74894b3b4eeb8c784fa089ff95cddad0', 'c55591ba157298a9c5816693c102a89dfd058830']",1.0,1.0,1.0,True,0.0,1024,False,4
"[""ci"", ""build"", ""feat""]","[""ci"", ""build"", ""test"", ""fix""]",0.9368772506713868,"['173553c0372e66e03bdab19e0e6c2dd44daa14a0', 'c55591ba157298a9c5816693c102a89dfd058830', '8ee0611fbf0cd89abe7ae588f22e6ecb843598ea', '87d5d4e55ab7149b593d29410f1fe426ba2447d4']",0.6666666666666666,0.5,0.5714285714285715,False,0.4285714285714285,1024,False,4
"[""ci"", ""build"", ""refactor""]","[""ci"", ""build"", ""feat"", ""fix""]",0.7920329570770264,"['32845e1bbd1efb5dbc16f671049509a409ba25ce', '32b92cfa0b74a6c25990e32ac6aab12b8496794c', 'fd8e563cc19ca4684885d4692acee6bebcca4ada', '933ab6bb86372913c992567cf9660009900911a7']",0.6666666666666666,0.5,0.5714285714285715,False,0.4285714285714285,1024,False,4
"[""test"", ""build"", ""fix""]","[""test"", ""build"", ""fix"", ""feat""]",1.8240199089050293,"['317f4eefecddfb1392ca71d551840f446feee302', '454003841aabeb74396d73541378bfa59c75b5db', '933ab6bb86372913c992567cf9660009900911a7', '6ed56ce9ae743ba9a87e6c9643cc06b1de7b748d']",1.0,0.75,0.8571428571428571,False,0.1428571428571428,1024,False,4
"[""docs"", ""test"", ""fix""]","[""fix"", ""docs"", ""test"", ""refactor""]",1.2133128643035889,"['d1d55e787b7d07f763852602b9939a5394607fd9', '6d405dfc1675dcad64a2dfac0c0cb0fb28381d21', 'e0198f74b81da3663144cfe1d971939319f82a0f', '36556bf8e0bce4ab6d26eafacbdad04d9614a5d7']",1.0,0.75,0.8571428571428571,False,0.1428571428571428,1024,False,4
"[""ci"", ""docs"", ""build"", ""feat""]","[""ci"", ""docs"", ""build"", ""feat""]",0.8853340148925781,"['e7a67d88173566be3cd3aed7e9eeb7e29aabbc57', '6d405dfc1675dcad64a2dfac0c0cb0fb28381d21', 'c44cf88a6ec54e5ddd99d8348bcc57b301ec7945', 'f9a094918b62534614c47aa8a13f33aec751a1e0']",1.0,1.0,1.0,True,0.0,1024,False,4
"[""refactor"", ""test"", ""feat"", ""docs""]","[""fix"", ""test"", ""feat"", ""docs""]",0.7805728912353516,"['2561f4ade46fc9d59f289f328cc77733a6443697', 'e0198f74b81da3663144cfe1d971939319f82a0f', '1bcf88670b50155b50071e707f98f30cea0b7a24', '6d405dfc1675dcad64a2dfac0c0cb0fb28381d21']",0.75,0.75,0.75,False,0.2857142857142857,1024,False,4
"[""ci"", ""fix"", ""test"", ""docs""]","[""ci"", ""fix"", ""test"", ""docs""]",0.7851278781890869,"['4cbbd2552ba0de273e1dfe7d453c5b3efed751a3', '933ab6bb86372913c992567cf9660009900911a7', 'b7ce2894fd1794064bd6db4ed730bb6cb7728739', 'af880ac5b4fecbc6c4f3d1eee0d95f326e8bd9d1']",1.0,1.0,1.0,True,0.0,1024,False,4
"[""feat"", ""ci"", ""refactor""]","[""feat"", ""ci"", ""refactor"", ""fix""]",0.7466919422149658,"['f823cf28652987d43c8324b4f5b203240032383a', '45837af24a33308a70a3454f0f650f9fe728e272', '36556bf8e0bce4ab6d26eafacbdad04d9614a5d7', 'bed78248c941d57ad4cc20a455147e186e97c7a1']",1.0,0.75,0.8571428571428571,False,0.1428571428571428,1024,False,4
"[""docs"", ""feat"", ""build""]","[""refactor"", ""feat"", ""docs"", ""build""]",0.9321558475494384,"['63eab619e6166eb6cab948028a7b89bf059dd878', 'e137f9fdbdb6bf3f85c3f7ac9323785e445844c8', 'a52a585d74894b3b4eeb8c784fa089ff95cddad0', 'f00a4d3e307b89842250358ee432e6800bb24362']",1.0,0.75,0.8571428571428571,False,0.1428571428571428,1024,False,4
"[""fix"", ""build"", ""feat"", ""ci""]","[""build"", ""test"", ""ci"", ""refactor""]",0.9395751953125,"['1269431c8a3e7549f10fcbbb4b88ff625c8898b3', '8ee0611fbf0cd89abe7ae588f22e6ecb843598ea', '45837af24a33308a70a3454f0f650f9fe728e272', '63eab619e6166eb6cab948028a7b89bf059dd878']",0.5,0.5,0.5,False,0.5714285714285714,1024,False,4
"[""build"", ""docs"", ""feat""]","[""build"", ""docs"", ""feat"", ""fix""]",1.050983190536499,"['37b1cbfd3d2c462ef4f2a131e4172c38dc8d9ddf', '6d405dfc1675dcad64a2dfac0c0cb0fb28381d21', 'b282e90e2cbb74559aab79eee8443a4d7c85502a', '2561f4ade46fc9d59f289f328cc77733a6443697']",1.0,0.75,0.8571428571428571,False,0.1428571428571428,1024,False,4
"[""build"", ""test"", ""ci""]","[""build"", ""test"", ""ci"", ""feat""]",1.0383589267730713,"['c55591ba157298a9c5816693c102a89dfd058830', '317f4eefecddfb1392ca71d551840f446feee302', 'c5fa7b80438fbd74f4c341f0d3c9bd9e0f4910da', '6ed56ce9ae743ba9a87e6c9643cc06b1de7b748d']",1.0,0.75,0.8571428571428571,False,0.1428571428571428,1024,False,4
"[""fix"", ""build"", ""docs""]","[""fix"", ""build"", ""docs"", ""refactor""]",0.727712869644165,"['933ab6bb86372913c992567cf9660009900911a7', '5b81fde8a72cf2e69a10e9f5c4f0bea0a2b8c3e0', 'c2ee5cd5e709afd15c5565ee009a0d204403a119', '3cca5c314ad6feeffbfe1f14cf49ebd0fd9a95a2']",1.0,0.75,0.8571428571428571,False,0.1428571428571428,1024,False,4
"[""fix"", ""feat"", ""docs"", ""ci""]","[""fix"", ""feat"", ""docs"", ""ci""]",0.9164202213287354,"['933ab6bb86372913c992567cf9660009900911a7', 'dc5238b2bda98a7c4f2fe9584fc3b0191a408109', '036a0ff49a7dade0e04c9c07071a1ff49133ee24', 'e7a67d88173566be3cd3aed7e9eeb7e29aabbc57']",1.0,1.0,1.0,True,0.0,1024,False,4
"[""test"", ""fix"", ""feat"", ""refactor""]","[""docs"", ""fix"", ""feat"", ""refactor""]",0.8479659557342529,"['af880ac5b4fecbc6c4f3d1eee0d95f326e8bd9d1', 'c8e0ae8612df3d6f2831acc004aaac332f6105e4', 'f9a094918b62534614c47aa8a13f33aec751a1e0', '47ef9104e4a89e80d7cc6c1950bc080841da4a7b']",0.75,0.75,0.75,False,0.2857142857142857,1024,False,4
"[""fix"", ""feat"", ""ci""]","[""fix"", ""build"", ""feat"", ""ci""]",1.0322797298431396,"['d129eaf9125a967ac86c6c7276bbae6b4d50af36', '1269431c8a3e7549f10fcbbb4b88ff625c8898b3', 'e137f9fdbdb6bf3f85c3f7ac9323785e445844c8', '173553c0372e66e03bdab19e0e6c2dd44daa14a0']",1.0,0.75,0.8571428571428571,False,0.1428571428571428,1024,False,4
"[""feat"", ""refactor"", ""test"", ""build""]","[""feat"", ""refactor"", ""test"", ""build""]",1.1863858699798584,"['dc5238b2bda98a7c4f2fe9584fc3b0191a408109', '771857b1df9470ebc15357e8879118a72c649d5b', 'b7ce2894fd1794064bd6db4ed730bb6cb7728739', 'c323d59c607cabc91f17a78528d998f376f30b10']",1.0,1.0,1.0,True,0.0,1024,False,4
"[""build"", ""test"", ""ci"", ""fix"", ""refactor""]","[""build"", ""test"", ""ci"", ""fix""]",1.0488450527191162,"['5b81fde8a72cf2e69a10e9f5c4f0bea0a2b8c3e0', 'b7ce2894fd1794064bd6db4ed730bb6cb7728739', '74e9de5ec97dc013a52aa063dff0f40ac74c407b', 'd129eaf9125a967ac86c6c7276bbae6b4d50af36']",0.8,1.0,0.888888888888889,False,0.1428571428571428,1024,False,4
"[""test"", ""docs"", ""build"", ""ci""]","[""docs"", ""feat"", ""build"", ""ci""]",1.0437088012695312,"['af880ac5b4fecbc6c4f3d1eee0d95f326e8bd9d1', 'ded26d768ff432ad3bde3c0aa1e95ce50726100a', '454003841aabeb74396d73541378bfa59c75b5db', '4cbbd2552ba0de273e1dfe7d453c5b3efed751a3']",0.75,0.75,0.75,False,0.2857142857142857,1024,False,4
"[""docs"", ""feat"", ""ci"", ""build""]","[""docs"", ""refactor"", ""ci"", ""build""]",1.1369907855987549,"['036a0ff49a7dade0e04c9c07071a1ff49133ee24', '535708ae50aecb452560a23356fd396f99ef13a2', 'e7a67d88173566be3cd3aed7e9eeb7e29aabbc57', 'c55591ba157298a9c5816693c102a89dfd058830']",0.75,0.75,0.75,False,0.2857142857142857,1024,False,4
"[""docs"", ""ci"", ""refactor""]","[""refactor"", ""ci"", ""fix"", ""docs""]",0.7528331279754639,"['2954a0955ce9af6acb345ed1e8328e145ad30475', '6c9cb638cb4d1ecc42632fcf389c24898c5b3244', 'd1d55e787b7d07f763852602b9939a5394607fd9', '6d405dfc1675dcad64a2dfac0c0cb0fb28381d21']",1.0,0.75,0.8571428571428571,False,0.1428571428571428,1024,False,4
"[""test"", ""ci"", ""docs"", ""refactor""]","[""test"", ""ci"", ""docs"", ""feat""]",1.0236811637878418,"['229b53a632ea97d47c4be11f096bdd828fb415d8', '4cbbd2552ba0de273e1dfe7d453c5b3efed751a3', 'bf83c9155e9bee6925aa7102fab53fb803d52533', 'ded26d768ff432ad3bde3c0aa1e95ce50726100a']",0.75,0.75,0.75,False,0.2857142857142857,1024,False,4
"[""refactor"", ""feat"", ""test""]","[""refactor"", ""fix"", ""test"", ""feat""]",0.7628459930419922,"['47ef9104e4a89e80d7cc6c1950bc080841da4a7b', '9ef5c0d14193a9abb09b39856f58477d1f4b0d77', 'b7ce2894fd1794064bd6db4ed730bb6cb7728739', '1bcf88670b50155b50071e707f98f30cea0b7a24']",1.0,0.75,0.8571428571428571,False,0.1428571428571428,1024,False,4
"[""docs"", ""ci"", ""feat""]","[""docs"", ""feat"", ""ci"", ""refactor""]",0.9995250701904296,"['e12d9e77a6fd531a22325337838a841b1c67f00d', 'fd8e563cc19ca4684885d4692acee6bebcca4ada', '173553c0372e66e03bdab19e0e6c2dd44daa14a0', '535708ae50aecb452560a23356fd396f99ef13a2']",1.0,0.75,0.8571428571428571,False,0.1428571428571428,1024,False,4
"[""refactor"", ""ci"", ""docs""]","[""refactor"", ""feat"", ""docs"", ""ci""]",0.8024959564208984,"['1db13ec43727aca872a0f3836e4023ed85db665e', 'b282e90e2cbb74559aab79eee8443a4d7c85502a', 'e12d9e77a6fd531a22325337838a841b1c67f00d', '74e9de5ec97dc013a52aa063dff0f40ac74c407b']",1.0,0.75,0.8571428571428571,False,0.1428571428571428,1024,False,4
"[""docs"", ""ci"", ""refactor"", ""test""]","[""docs"", ""ci"", ""refactor"", ""test""]",1.191399097442627,"['aca23027da1295c78fdf42ba9687d8ccc88784d7', '74e9de5ec97dc013a52aa063dff0f40ac74c407b', '2954a0955ce9af6acb345ed1e8328e145ad30475', 'f411e58cd510f8a2b980b2f1932003a0c0e9f8f3']",1.0,1.0,1.0,True,0.0,1024,False,4
"[""test"", ""ci"", ""fix""]","[""test"", ""docs"", ""ci"", ""fix""]",0.888375997543335,"['b7ce2894fd1794064bd6db4ed730bb6cb7728739', 'af880ac5b4fecbc6c4f3d1eee0d95f326e8bd9d1', '6c9cb638cb4d1ecc42632fcf389c24898c5b3244', 'd129eaf9125a967ac86c6c7276bbae6b4d50af36']",1.0,0.75,0.8571428571428571,False,0.1428571428571428,1024,False,4
"[""ci"", ""fix"", ""build"", ""docs"", ""feat""]","[""ci"", ""refactor"", ""test"", ""docs""]",2.3090627193450928,"['e7a67d88173566be3cd3aed7e9eeb7e29aabbc57', '36556bf8e0bce4ab6d26eafacbdad04d9614a5d7', '8ee0611fbf0cd89abe7ae588f22e6ecb843598ea', 'c2ee5cd5e709afd15c5565ee009a0d204403a119']",0.4,0.5,0.4444444444444445,False,0.7142857142857143,1024,False,4
"[""docs"", ""test"", ""build"", ""refactor""]","[""docs"", ""feat"", ""test"", ""build""]",0.6967098712921143,"['0cfc5633d37ea06f645649138323f1820e18bdee', 'fd8e563cc19ca4684885d4692acee6bebcca4ada', 'e9617f0854030e70365eb264bcb3b58078e79e9e', '1269431c8a3e7549f10fcbbb4b88ff625c8898b3']",0.75,0.75,0.75,False,0.2857142857142857,1024,False,4
"[""refactor"", ""test""]","[""refactor"", ""feat"", ""test"", ""fix""]",1.0533850193023682,"['47ef9104e4a89e80d7cc6c1950bc080841da4a7b', 'b282e90e2cbb74559aab79eee8443a4d7c85502a', 'e0198f74b81da3663144cfe1d971939319f82a0f', 'bed78248c941d57ad4cc20a455147e186e97c7a1']",1.0,0.5,0.6666666666666666,False,0.2857142857142857,1024,False,4
"[""build"", ""ci"", ""fix"", ""refactor""]","[""build"", ""ci"", ""fix"", ""refactor""]",0.8139071464538574,"['454003841aabeb74396d73541378bfa59c75b5db', '173553c0372e66e03bdab19e0e6c2dd44daa14a0', 'd129eaf9125a967ac86c6c7276bbae6b4d50af36', '63eab619e6166eb6cab948028a7b89bf059dd878']",1.0,1.0,1.0,True,0.0,1024,False,4
"[""docs"", ""test"", ""build""]","[""test"", ""refactor"", ""docs"", ""feat""]",1.542750120162964,"['e9617f0854030e70365eb264bcb3b58078e79e9e', '2954a0955ce9af6acb345ed1e8328e145ad30475', 'c2ee5cd5e709afd15c5565ee009a0d204403a119', '6ed56ce9ae743ba9a87e6c9643cc06b1de7b748d']",0.6666666666666666,0.5,0.5714285714285715,False,0.4285714285714285,1024,False,4
"[""build"", ""docs"", ""refactor"", ""ci""]","[""build"", ""refactor"", ""fix"", ""ci""]",0.8996012210845947,"['454003841aabeb74396d73541378bfa59c75b5db', 'a62314d9bb632be6af026686615d14b912250512', '06e2be4e2019b6fa714e1fcb34485860ef1ede79', '4cbbd2552ba0de273e1dfe7d453c5b3efed751a3']",0.75,0.75,0.75,False,0.2857142857142857,1024,False,4
"[""feat"", ""docs"", ""test"", ""ci""]","[""feat"", ""test"", ""refactor"", ""ci""]",1.0232892036437988,"['b282e90e2cbb74559aab79eee8443a4d7c85502a', 'e2e8ad25854bd1e7cdbc7f50b50bbd99e04ad47d', '63eab619e6166eb6cab948028a7b89bf059dd878', '6c9cb638cb4d1ecc42632fcf389c24898c5b3244']",0.75,0.75,0.75,False,0.2857142857142857,1024,False,4
"[""docs"", ""test"", ""refactor""]","[""docs"", ""fix"", ""test"", ""refactor""]",0.8096089363098145,"['0cfc5633d37ea06f645649138323f1820e18bdee', 'd1d55e787b7d07f763852602b9939a5394607fd9', 'e2e8ad25854bd1e7cdbc7f50b50bbd99e04ad47d', '062daa45cbd5dba6e96e95d8cdcaee89ae30a83c']",1.0,0.75,0.8571428571428571,False,0.1428571428571428,1024,False,4
"[""refactor"", ""fix"", ""docs"", ""ci""]","[""refactor"", ""fix"", ""docs"", ""ci""]",0.7103221416473389,"['47ef9104e4a89e80d7cc6c1950bc080841da4a7b', 'd129eaf9125a967ac86c6c7276bbae6b4d50af36', '0cfc5633d37ea06f645649138323f1820e18bdee', '45837af24a33308a70a3454f0f650f9fe728e272']",1.0,1.0,1.0,True,0.0,1024,False,4
"[""refactor"", ""build"", ""ci"", ""feat""]","[""fix"", ""build"", ""ci"", ""test""]",0.8929622173309326,"['bed78248c941d57ad4cc20a455147e186e97c7a1', '1269431c8a3e7549f10fcbbb4b88ff625c8898b3', '45837af24a33308a70a3454f0f650f9fe728e272', '8ee0611fbf0cd89abe7ae588f22e6ecb843598ea']",0.5,0.5,0.5,False,0.5714285714285714,1024,False,4
"[""build"", ""refactor"", ""ci"", ""docs""]","[""build"", ""fix"", ""ci"", ""docs""]",0.9851791858673096,"['454003841aabeb74396d73541378bfa59c75b5db', 'bed78248c941d57ad4cc20a455147e186e97c7a1', '45837af24a33308a70a3454f0f650f9fe728e272', 'c2ee5cd5e709afd15c5565ee009a0d204403a119']",0.75,0.75,0.75,False,0.2857142857142857,1024,False,4
"[""ci"", ""fix"", ""refactor"", ""docs""]","[""ci"", ""refactor"", ""fix"", ""docs""]",0.7842779159545898,"['dbb537a26e388a8d7d17faf131abc30c2f7a84e6', '3cca5c314ad6feeffbfe1f14cf49ebd0fd9a95a2', 'd1d55e787b7d07f763852602b9939a5394607fd9', '6d405dfc1675dcad64a2dfac0c0cb0fb28381d21']",1.0,1.0,1.0,True,0.0,1024,False,4
"[""refactor"", ""ci"", ""docs""]","[""fix"", ""ci"", ""docs"", ""refactor""]",1.4197487831115725,"['2561f4ade46fc9d59f289f328cc77733a6443697', '6c9cb638cb4d1ecc42632fcf389c24898c5b3244', 'bf83c9155e9bee6925aa7102fab53fb803d52533', '771857b1df9470ebc15357e8879118a72c649d5b']",1.0,0.75,0.8571428571428571,False,0.1428571428571428,1024,False,4
"[""fix"", ""refactor"", ""build"", ""docs""]","[""fix"", ""feat"", ""build"", ""docs""]",0.9272682666778564,"['06e2be4e2019b6fa714e1fcb34485860ef1ede79', 'fd8e563cc19ca4684885d4692acee6bebcca4ada', '32b92cfa0b74a6c25990e32ac6aab12b8496794c', '6d405dfc1675dcad64a2dfac0c0cb0fb28381d21']",0.75,0.75,0.75,False,0.2857142857142857,1024,False,4
"[""build"", ""ci"", ""test"", ""feat""]","[""build"", ""ci"", ""test"", ""feat""]",0.8282759189605713,"['c55591ba157298a9c5816693c102a89dfd058830', '45837af24a33308a70a3454f0f650f9fe728e272', 'b7ce2894fd1794064bd6db4ed730bb6cb7728739', 'dc5238b2bda98a7c4f2fe9584fc3b0191a408109']",1.0,1.0,1.0,True,0.0,1024,False,4
"[""ci"", ""docs"", ""feat"", ""test""]","[""ci"", ""docs"", ""feat"", ""test""]",1.0215601921081543,"['173553c0372e66e03bdab19e0e6c2dd44daa14a0', 'e12d9e77a6fd531a22325337838a841b1c67f00d', 'f823cf28652987d43c8324b4f5b203240032383a', '229b53a632ea97d47c4be11f096bdd828fb415d8']",1.0,1.0,1.0,True,0.0,1024,False,4
"[""fix"", ""docs"", ""ci"", ""test""]","[""refactor"", ""docs"", ""ci"", ""test""]",0.9495978355407716,"['36556bf8e0bce4ab6d26eafacbdad04d9614a5d7', 'aca23027da1295c78fdf42ba9687d8ccc88784d7', 'dbb537a26e388a8d7d17faf131abc30c2f7a84e6', '229b53a632ea97d47c4be11f096bdd828fb415d8']",0.75,0.75,0.75,False,0.2857142857142857,1024,False,4
"[""docs"", ""test"", ""fix""]","[""docs"", ""refactor"", ""test"", ""fix""]",0.7100651264190674,"['0cfc5633d37ea06f645649138323f1820e18bdee', '1db13ec43727aca872a0f3836e4023ed85db665e', '229b53a632ea97d47c4be11f096bdd828fb415d8', '9be725fa3906323d4bc9788f54eccf74109d632b']",1.0,0.75,0.8571428571428571,False,0.1428571428571428,1024,False,4
"[""ci"", ""docs"", ""refactor"", ""test""]","[""ci"", ""docs"", ""refactor"", ""test""]",0.7261350154876709,"['c5fa7b80438fbd74f4c341f0d3c9bd9e0f4910da', 'bf83c9155e9bee6925aa7102fab53fb803d52533', '062daa45cbd5dba6e96e95d8cdcaee89ae30a83c', 'bedc7950b24c37809e36a585b7985d5aa5e3e458']",1.0,1.0,1.0,True,0.0,1024,False,4
"[""fix"", ""docs"", ""ci"", ""feat""]","[""fix"", ""docs"", ""ci"", ""feat""]",1.3777410984039309,"['9be725fa3906323d4bc9788f54eccf74109d632b', '036a0ff49a7dade0e04c9c07071a1ff49133ee24', '45837af24a33308a70a3454f0f650f9fe728e272', 'f823cf28652987d43c8324b4f5b203240032383a']",1.0,1.0,1.0,True,0.0,1024,False,4
"[""docs"", ""test"", ""build"", ""refactor""]","[""docs"", ""test"", ""build"", ""feat""]",0.7198920249938965,"['bf83c9155e9bee6925aa7102fab53fb803d52533', 'e0198f74b81da3663144cfe1d971939319f82a0f', 'f00a4d3e307b89842250358ee432e6800bb24362', 'ded26d768ff432ad3bde3c0aa1e95ce50726100a']",0.75,0.75,0.75,False,0.2857142857142857,1024,False,4
"[""docs"", ""test"", ""refactor""]","[""docs"", ""refactor"", ""test"", ""fix""]",0.933955192565918,"['aca23027da1295c78fdf42ba9687d8ccc88784d7', '1db13ec43727aca872a0f3836e4023ed85db665e', 'f411e58cd510f8a2b980b2f1932003a0c0e9f8f3', '2561f4ade46fc9d59f289f328cc77733a6443697']",1.0,0.75,0.8571428571428571,False,0.1428571428571428,1024,False,4
"[""test"", ""build"", ""docs"", ""ci""]","[""test"", ""feat"", ""docs"", ""ci""]",0.6452951431274414,"['e0198f74b81da3663144cfe1d971939319f82a0f', 'f823cf28652987d43c8324b4f5b203240032383a', 'aca23027da1295c78fdf42ba9687d8ccc88784d7', 'e96487ad7ce90b141219d9032fa2bed68d5dae6a']",0.75,0.75,0.75,False,0.2857142857142857,1024,False,4
"[""refactor"", ""build"", ""docs""]","[""refactor"", ""build"", ""feat"", ""docs""]",0.9008457660675048,"['63eab619e6166eb6cab948028a7b89bf059dd878', '32b92cfa0b74a6c25990e32ac6aab12b8496794c', 'fd8e563cc19ca4684885d4692acee6bebcca4ada', 'a52a585d74894b3b4eeb8c784fa089ff95cddad0']",1.0,0.75,0.8571428571428571,False,0.1428571428571428,1024,False,4
"[""build"", ""fix"", ""refactor"", ""feat""]","[""build"", ""fix"", ""test"", ""feat""]",0.7212891578674316,"['37b1cbfd3d2c462ef4f2a131e4172c38dc8d9ddf', 'c8e0ae8612df3d6f2831acc004aaac332f6105e4', 'c7b25726df94a2530c9b1c0d2b6a0acaa103822f', '1bcf88670b50155b50071e707f98f30cea0b7a24']",0.75,0.75,0.75,False,0.2857142857142857,1024,False,4
"[""refactor"", ""ci"", ""docs"", ""build""]","[""refactor"", ""ci"", ""docs"", ""build""]",1.07138991355896,"['771857b1df9470ebc15357e8879118a72c649d5b', '6c9cb638cb4d1ecc42632fcf389c24898c5b3244', '6d405dfc1675dcad64a2dfac0c0cb0fb28381d21', '454003841aabeb74396d73541378bfa59c75b5db']",1.0,1.0,1.0,True,0.0,1024,False,4
"[""fix"", ""docs"", ""feat"", ""ci"", ""test""]","[""fix"", ""docs"", ""refactor"", ""ci"", ""test""]",0.9522488117218018,"['9be725fa3906323d4bc9788f54eccf74109d632b', 'bf83c9155e9bee6925aa7102fab53fb803d52533', '535708ae50aecb452560a23356fd396f99ef13a2', '4cbbd2552ba0de273e1dfe7d453c5b3efed751a3', 'bedc7950b24c37809e36a585b7985d5aa5e3e458']",0.8,0.8,0.8000000000000002,False,0.2857142857142857,1024,False,5
"[""test"", ""docs"", ""refactor""]","[""test"", ""docs"", ""refactor"", ""build"", ""feat""]",0.916616916656494,"['229b53a632ea97d47c4be11f096bdd828fb415d8', 'bf83c9155e9bee6925aa7102fab53fb803d52533', '062daa45cbd5dba6e96e95d8cdcaee89ae30a83c', 'e4a11fd5c34942ba12737f1c8c084489428ee274', 'fd8e563cc19ca4684885d4692acee6bebcca4ada']",1.0,0.6,0.7499999999999999,False,0.2857142857142857,1024,False,5
"[""test"", ""ci"", ""build"", ""refactor""]","[""test"", ""ci"", ""fix"", ""build"", ""refactor""]",1.3589670658111572,"['317f4eefecddfb1392ca71d551840f446feee302', 'e7a67d88173566be3cd3aed7e9eeb7e29aabbc57', 'd1d55e787b7d07f763852602b9939a5394607fd9', 'f00a4d3e307b89842250358ee432e6800bb24362', '771857b1df9470ebc15357e8879118a72c649d5b']",1.0,0.8,0.888888888888889,False,0.1428571428571428,1024,False,5
"[""ci"", ""refactor"", ""build"", ""test""]","[""ci"", ""refactor"", ""build"", ""test"", ""fix""]",0.8448898792266846,"['e7a67d88173566be3cd3aed7e9eeb7e29aabbc57', '47ef9104e4a89e80d7cc6c1950bc080841da4a7b', '5b81fde8a72cf2e69a10e9f5c4f0bea0a2b8c3e0', 'bedc7950b24c37809e36a585b7985d5aa5e3e458', '9ef5c0d14193a9abb09b39856f58477d1f4b0d77']",1.0,0.8,0.888888888888889,False,0.1428571428571428,1024,False,5
"[""build"", ""feat"", ""docs"", ""refactor""]","[""build"", ""fix"", ""feat"", ""refactor"", ""docs""]",1.067436933517456,"['e4a11fd5c34942ba12737f1c8c084489428ee274', '9ef5c0d14193a9abb09b39856f58477d1f4b0d77', 'dc5238b2bda98a7c4f2fe9584fc3b0191a408109', '771857b1df9470ebc15357e8879118a72c649d5b', 'c2ee5cd5e709afd15c5565ee009a0d204403a119']",1.0,0.8,0.888888888888889,False,0.1428571428571428,1024,False,5
"[""docs"", ""test"", ""build"", ""fix"", ""feat""]","[""docs"", ""test"", ""build"", ""fix"", ""feat""]",1.125890016555786,"['bf83c9155e9bee6925aa7102fab53fb803d52533', '229b53a632ea97d47c4be11f096bdd828fb415d8', 'c55591ba157298a9c5816693c102a89dfd058830', '06e2be4e2019b6fa714e1fcb34485860ef1ede79', 'f823cf28652987d43c8324b4f5b203240032383a']",1.0,1.0,1.0,True,0.0,1024,False,5
"[""ci"", ""build"", ""fix"", ""test"", ""feat""]","[""ci"", ""build"", ""fix"", ""test"", ""feat""]",1.028069019317627,"['e7a67d88173566be3cd3aed7e9eeb7e29aabbc57', 'c55591ba157298a9c5816693c102a89dfd058830', 'd129eaf9125a967ac86c6c7276bbae6b4d50af36', '229b53a632ea97d47c4be11f096bdd828fb415d8', '1bcf88670b50155b50071e707f98f30cea0b7a24']",1.0,1.0,1.0,True,0.0,1024,False,5
"[""refactor"", ""test"", ""build"", ""ci"", ""fix""]","[""fix"", ""test"", ""build"", ""ci"", ""refactor""]",0.950953245162964,"['2561f4ade46fc9d59f289f328cc77733a6443697', 'b7ce2894fd1794064bd6db4ed730bb6cb7728739', '1269431c8a3e7549f10fcbbb4b88ff625c8898b3', 'e96487ad7ce90b141219d9032fa2bed68d5dae6a', '36556bf8e0bce4ab6d26eafacbdad04d9614a5d7']",1.0,1.0,1.0,True,0.0,1024,False,5
"[""docs"", ""ci"", ""feat"", ""test"", ""fix""]","[""docs"", ""ci"", ""refactor"", ""test"", ""fix""]",1.599471092224121,"['bf83c9155e9bee6925aa7102fab53fb803d52533', 'e7a67d88173566be3cd3aed7e9eeb7e29aabbc57', '535708ae50aecb452560a23356fd396f99ef13a2', 'c7b25726df94a2530c9b1c0d2b6a0acaa103822f', '06e2be4e2019b6fa714e1fcb34485860ef1ede79']",0.8,0.8,0.8000000000000002,False,0.2857142857142857,1024,False,5
"[""fix"", ""docs"", ""build"", ""feat""]","[""refactor"", ""docs"", ""build"", ""feat"", ""fix""]",0.8182759284973145,"['36556bf8e0bce4ab6d26eafacbdad04d9614a5d7', 'c2ee5cd5e709afd15c5565ee009a0d204403a119', 'c55591ba157298a9c5816693c102a89dfd058830', '68278b00450f2679761a2999500f6d87a579376b', '9ef5c0d14193a9abb09b39856f58477d1f4b0d77']",1.0,0.8,0.888888888888889,False,0.1428571428571428,1024,False,5
"[""refactor"", ""build"", ""ci"", ""test""]","[""feat"", ""build"", ""fix"", ""ci"", ""test""]",0.8261001110076904,"['ded26d768ff432ad3bde3c0aa1e95ce50726100a', 'c323d59c607cabc91f17a78528d998f376f30b10', '2561f4ade46fc9d59f289f328cc77733a6443697', '45837af24a33308a70a3454f0f650f9fe728e272', 'e0198f74b81da3663144cfe1d971939319f82a0f']",0.75,0.6,0.6666666666666665,False,0.4285714285714285,1024,False,5
"[""ci"", ""docs"", ""test"", ""build"", ""feat""]","[""ci"", ""refactor"", ""test"", ""feat"", ""fix""]",0.8829469680786133,"['e96487ad7ce90b141219d9032fa2bed68d5dae6a', 'a62314d9bb632be6af026686615d14b912250512', 'c7b25726df94a2530c9b1c0d2b6a0acaa103822f', '6ed56ce9ae743ba9a87e6c9643cc06b1de7b748d', '9ef5c0d14193a9abb09b39856f58477d1f4b0d77']",0.6,0.6,0.6,False,0.5714285714285714,1024,False,5
"[""build"", ""docs"", ""ci"", ""fix""]","[""build"", ""refactor"", ""ci"", ""docs"", ""fix""]",0.9423768520355223,"['c55591ba157298a9c5816693c102a89dfd058830', '63eab619e6166eb6cab948028a7b89bf059dd878', 'c5fa7b80438fbd74f4c341f0d3c9bd9e0f4910da', '036a0ff49a7dade0e04c9c07071a1ff49133ee24', '9be725fa3906323d4bc9788f54eccf74109d632b']",1.0,0.8,0.888888888888889,False,0.1428571428571428,1024,False,5
"[""docs"", ""ci"", ""feat"", ""fix""]","[""docs"", ""ci"", ""refactor"", ""build"", ""feat""]",0.8486709594726562,"['bf83c9155e9bee6925aa7102fab53fb803d52533', '173553c0372e66e03bdab19e0e6c2dd44daa14a0', '535708ae50aecb452560a23356fd396f99ef13a2', '1269431c8a3e7549f10fcbbb4b88ff625c8898b3', 'f823cf28652987d43c8324b4f5b203240032383a']",0.75,0.6,0.6666666666666665,False,0.4285714285714285,1024,False,5
"[""test"", ""refactor"", ""fix"", ""docs""]","[""test"", ""feat"", ""refactor"", ""fix"", ""docs""]",0.6865711212158203,"['bedc7950b24c37809e36a585b7985d5aa5e3e458', 'fd8e563cc19ca4684885d4692acee6bebcca4ada', '062daa45cbd5dba6e96e95d8cdcaee89ae30a83c', 'c8e0ae8612df3d6f2831acc004aaac332f6105e4', '036a0ff49a7dade0e04c9c07071a1ff49133ee24']",1.0,0.8,0.888888888888889,False,0.1428571428571428,1024,False,5
"[""docs"", ""ci"", ""refactor"", ""test""]","[""docs"", ""build"", ""ci"", ""fix"", ""test""]",0.7674849033355713,"['c2ee5cd5e709afd15c5565ee009a0d204403a119', '1269431c8a3e7549f10fcbbb4b88ff625c8898b3', 'e7a67d88173566be3cd3aed7e9eeb7e29aabbc57', 'bed78248c941d57ad4cc20a455147e186e97c7a1', 'e9617f0854030e70365eb264bcb3b58078e79e9e']",0.75,0.6,0.6666666666666665,False,0.4285714285714285,1024,False,5
"[""fix"", ""ci"", ""docs"", ""test"", ""build""]","[""refactor"", ""ci"", ""docs"", ""test"", ""build""]",0.952728033065796,"['3cca5c314ad6feeffbfe1f14cf49ebd0fd9a95a2', 'dbb537a26e388a8d7d17faf131abc30c2f7a84e6', 'e12d9e77a6fd531a22325337838a841b1c67f00d', 'c7b25726df94a2530c9b1c0d2b6a0acaa103822f', '37b1cbfd3d2c462ef4f2a131e4172c38dc8d9ddf']",0.8,0.8,0.8000000000000002,False,0.2857142857142857,1024,False,5
"[""test"", ""ci"", ""fix"", ""refactor""]","[""test"", ""feat"", ""ci"", ""refactor"", ""fix""]",0.8649418354034424,"['229b53a632ea97d47c4be11f096bdd828fb415d8', 'b282e90e2cbb74559aab79eee8443a4d7c85502a', 'dbb537a26e388a8d7d17faf131abc30c2f7a84e6', '3cca5c314ad6feeffbfe1f14cf49ebd0fd9a95a2', '933ab6bb86372913c992567cf9660009900911a7']",1.0,0.8,0.888888888888889,False,0.1428571428571428,1024,False,5
"[""build"", ""fix"", ""ci"", ""docs"", ""refactor""]","[""build"", ""fix"", ""ci"", ""refactor"", ""docs""]",0.8609249591827393,"['37b1cbfd3d2c462ef4f2a131e4172c38dc8d9ddf', '06e2be4e2019b6fa714e1fcb34485860ef1ede79', 'c5fa7b80438fbd74f4c341f0d3c9bd9e0f4910da', '1db13ec43727aca872a0f3836e4023ed85db665e', 'a52a585d74894b3b4eeb8c784fa089ff95cddad0']",1.0,1.0,1.0,True,0.0,1024,False,5
"[""build"", ""docs"", ""ci"", ""test"", ""feat""]","[""build"", ""docs"", ""ci"", ""test"", ""feat""]",0.9581449031829834,"['c44cf88a6ec54e5ddd99d8348bcc57b301ec7945', '6d405dfc1675dcad64a2dfac0c0cb0fb28381d21', 'e7a67d88173566be3cd3aed7e9eeb7e29aabbc57', 'f411e58cd510f8a2b980b2f1932003a0c0e9f8f3', 'f823cf28652987d43c8324b4f5b203240032383a']",1.0,1.0,1.0,True,0.0,1024,False,5
"[""feat"", ""fix"", ""refactor"", ""test""]","[""feat"", ""fix"", ""refactor"", ""build"", ""test""]",0.9835770130157472,"['f823cf28652987d43c8324b4f5b203240032383a', 'c8e0ae8612df3d6f2831acc004aaac332f6105e4', '47ef9104e4a89e80d7cc6c1950bc080841da4a7b', 'e4a11fd5c34942ba12737f1c8c084489428ee274', 'c7b25726df94a2530c9b1c0d2b6a0acaa103822f']",1.0,0.8,0.888888888888889,False,0.1428571428571428,1024,False,5
"[""ci"", ""build"", ""docs"", ""test""]","[""refactor"", ""build"", ""ci"", ""docs"", ""test""]",1.0810151100158691,"['1db13ec43727aca872a0f3836e4023ed85db665e', '32b92cfa0b74a6c25990e32ac6aab12b8496794c', 'e96487ad7ce90b141219d9032fa2bed68d5dae6a', '6d405dfc1675dcad64a2dfac0c0cb0fb28381d21', 'e2e8ad25854bd1e7cdbc7f50b50bbd99e04ad47d']",1.0,0.8,0.888888888888889,False,0.1428571428571428,1024,False,5
"[""build"", ""test"", ""ci"", ""fix"", ""refactor""]","[""build"", ""test"", ""refactor"", ""ci"", ""fix""]",0.7455859184265137,"['37b1cbfd3d2c462ef4f2a131e4172c38dc8d9ddf', 'f411e58cd510f8a2b980b2f1932003a0c0e9f8f3', '1db13ec43727aca872a0f3836e4023ed85db665e', 'c5fa7b80438fbd74f4c341f0d3c9bd9e0f4910da', 'd129eaf9125a967ac86c6c7276bbae6b4d50af36']",1.0,1.0,1.0,True,0.0,1024,False,5
"[""build"", ""docs"", ""ci"", ""test"", ""refactor""]","[""build"", ""docs"", ""ci"", ""test"", ""fix""]",0.965648889541626,"['c55591ba157298a9c5816693c102a89dfd058830', 'a52a585d74894b3b4eeb8c784fa089ff95cddad0', '6c9cb638cb4d1ecc42632fcf389c24898c5b3244', 'c7b25726df94a2530c9b1c0d2b6a0acaa103822f', 'bed78248c941d57ad4cc20a455147e186e97c7a1']",0.8,0.8,0.8000000000000002,False,0.2857142857142857,1024,False,5
"[""fix"", ""ci"", ""build"", ""refactor""]","[""fix"", ""ci"", ""feat"", ""build"", ""refactor""]",0.9220237731933594,"['9ef5c0d14193a9abb09b39856f58477d1f4b0d77', 'dbb537a26e388a8d7d17faf131abc30c2f7a84e6', '6ed56ce9ae743ba9a87e6c9643cc06b1de7b748d', 'e4a11fd5c34942ba12737f1c8c084489428ee274', '1db13ec43727aca872a0f3836e4023ed85db665e']",1.0,0.8,0.888888888888889,False,0.1428571428571428,1024,False,5
"[""refactor"", ""build"", ""test""]","[""fix"", ""build"", ""refactor"", ""feat"", ""test""]",1.0432608127593994,"['bed78248c941d57ad4cc20a455147e186e97c7a1', 'e4a11fd5c34942ba12737f1c8c084489428ee274', '062daa45cbd5dba6e96e95d8cdcaee89ae30a83c', 'f823cf28652987d43c8324b4f5b203240032383a', 'c7b25726df94a2530c9b1c0d2b6a0acaa103822f']",1.0,0.6,0.7499999999999999,False,0.2857142857142857,1024,False,5
"[""feat"", ""test"", ""docs"", ""refactor"", ""build""]","[""fix"", ""test"", ""feat"", ""docs"", ""build""]",1.7190890312194824,"['87d5d4e55ab7149b593d29410f1fe426ba2447d4', 'bedc7950b24c37809e36a585b7985d5aa5e3e458', 'ded26d768ff432ad3bde3c0aa1e95ce50726100a', 'a52a585d74894b3b4eeb8c784fa089ff95cddad0', 'c323d59c607cabc91f17a78528d998f376f30b10']",0.8,0.8,0.8000000000000002,False,0.2857142857142857,1024,False,5
"[""build"", ""docs"", ""refactor"", ""fix""]","[""test"", ""docs"", ""feat"", ""build"", ""fix""]",0.9192979335784912,"['8ee0611fbf0cd89abe7ae588f22e6ecb843598ea', 'c2ee5cd5e709afd15c5565ee009a0d204403a119', 'fd8e563cc19ca4684885d4692acee6bebcca4ada', '1269431c8a3e7549f10fcbbb4b88ff625c8898b3', '06e2be4e2019b6fa714e1fcb34485860ef1ede79']",0.75,0.6,0.6666666666666665,False,0.4285714285714285,1024,False,5
"[""docs"", ""test"", ""feat""]","[""docs"", ""feat"", ""build"", ""refactor"", ""test""]",0.8216960430145264,"['a52a585d74894b3b4eeb8c784fa089ff95cddad0', 'f9a094918b62534614c47aa8a13f33aec751a1e0', '1269431c8a3e7549f10fcbbb4b88ff625c8898b3', '535708ae50aecb452560a23356fd396f99ef13a2', 'e0198f74b81da3663144cfe1d971939319f82a0f']",1.0,0.6,0.7499999999999999,False,0.2857142857142857,1024,False,5
"[""fix"", ""feat"", ""test"", ""refactor"", ""build""]","[""fix"", ""feat"", ""test"", ""refactor"", ""build""]",0.8041839599609375,"['d129eaf9125a967ac86c6c7276bbae6b4d50af36', '68278b00450f2679761a2999500f6d87a579376b', 'e2e8ad25854bd1e7cdbc7f50b50bbd99e04ad47d', '771857b1df9470ebc15357e8879118a72c649d5b', 'f00a4d3e307b89842250358ee432e6800bb24362']",1.0,1.0,1.0,True,0.0,1024,False,5
"[""fix"", ""build"", ""test"", ""docs""]","[""fix"", ""build"", ""refactor"", ""test"", ""docs""]",0.8982739448547363,"['933ab6bb86372913c992567cf9660009900911a7', '37b1cbfd3d2c462ef4f2a131e4172c38dc8d9ddf', '1db13ec43727aca872a0f3836e4023ed85db665e', 'c7b25726df94a2530c9b1c0d2b6a0acaa103822f', 'e12d9e77a6fd531a22325337838a841b1c67f00d']",1.0,0.8,0.888888888888889,False,0.1428571428571428,1024,False,5
"[""fix"", ""ci"", ""docs"", ""build"", ""feat""]","[""fix"", ""ci"", ""docs"", ""build"", ""feat""]",0.9147188663482666,"['06e2be4e2019b6fa714e1fcb34485860ef1ede79', '4cbbd2552ba0de273e1dfe7d453c5b3efed751a3', 'cb1f48b56ae0de93acb72e48726c7d610a1d538e', 'c323d59c607cabc91f17a78528d998f376f30b10', 'f9a094918b62534614c47aa8a13f33aec751a1e0']",1.0,1.0,1.0,True,0.0,1024,False,5
"[""fix"", ""build"", ""feat"", ""docs""]","[""feat"", ""build"", ""refactor"", ""docs"", ""fix""]",0.8949408531188965,"['fd8e563cc19ca4684885d4692acee6bebcca4ada', 'f00a4d3e307b89842250358ee432e6800bb24362', '535708ae50aecb452560a23356fd396f99ef13a2', 'e12d9e77a6fd531a22325337838a841b1c67f00d', '9be725fa3906323d4bc9788f54eccf74109d632b']",1.0,0.8,0.888888888888889,False,0.1428571428571428,1024,False,5
"[""test"", ""docs"", ""refactor"", ""ci"", ""feat""]","[""test"", ""docs"", ""refactor"", ""ci"", ""feat""]",1.84061598777771,"['229b53a632ea97d47c4be11f096bdd828fb415d8', 'bf83c9155e9bee6925aa7102fab53fb803d52533', '062daa45cbd5dba6e96e95d8cdcaee89ae30a83c', '32845e1bbd1efb5dbc16f671049509a409ba25ce', 'dc5238b2bda98a7c4f2fe9584fc3b0191a408109']",1.0,1.0,1.0,True,0.0,1024,False,5
"[""build"", ""docs"", ""refactor"", ""test"", ""fix""]","[""build"", ""docs"", ""fix"", ""test"", ""refactor""]",0.9368350505828856,"['454003841aabeb74396d73541378bfa59c75b5db', 'e12d9e77a6fd531a22325337838a841b1c67f00d', 'bed78248c941d57ad4cc20a455147e186e97c7a1', 'f411e58cd510f8a2b980b2f1932003a0c0e9f8f3', '062daa45cbd5dba6e96e95d8cdcaee89ae30a83c']",1.0,1.0,1.0,True,0.0,1024,False,5
"[""build"", ""ci"", ""docs"", ""test"", ""refactor""]","[""build"", ""ci"", ""docs"", ""test"", ""refactor""]",1.1648261547088623,"['5b81fde8a72cf2e69a10e9f5c4f0bea0a2b8c3e0', '74e9de5ec97dc013a52aa063dff0f40ac74c407b', 'a52a585d74894b3b4eeb8c784fa089ff95cddad0', 'e0198f74b81da3663144cfe1d971939319f82a0f', '062daa45cbd5dba6e96e95d8cdcaee89ae30a83c']",1.0,1.0,1.0,True,0.0,1024,False,5
"[""build"", ""ci"", ""docs"", ""refactor""]","[""build"", ""ci"", ""docs"", ""refactor"", ""fix""]",0.8402400016784668,"['32b92cfa0b74a6c25990e32ac6aab12b8496794c', '6c9cb638cb4d1ecc42632fcf389c24898c5b3244', 'aca23027da1295c78fdf42ba9687d8ccc88784d7', '47ef9104e4a89e80d7cc6c1950bc080841da4a7b', '2561f4ade46fc9d59f289f328cc77733a6443697']",1.0,0.8,0.888888888888889,False,0.1428571428571428,1024,False,5
"[""test"", ""docs"", ""feat"", ""build""]","[""test"", ""docs"", ""fix"", ""feat"", ""build""]",1.0403358936309814,"['e0198f74b81da3663144cfe1d971939319f82a0f', 'c2ee5cd5e709afd15c5565ee009a0d204403a119', '9ef5c0d14193a9abb09b39856f58477d1f4b0d77', 'f823cf28652987d43c8324b4f5b203240032383a', 'c44cf88a6ec54e5ddd99d8348bcc57b301ec7945']",1.0,0.8,0.888888888888889,False,0.1428571428571428,1024,False,5
"[""fix"", ""ci"", ""build"", ""test"", ""refactor""]","[""refactor"", ""ci"", ""test"", ""build"", ""feat""]",1.5255768299102783,"['3cca5c314ad6feeffbfe1f14cf49ebd0fd9a95a2', '32845e1bbd1efb5dbc16f671049509a409ba25ce', 'e9617f0854030e70365eb264bcb3b58078e79e9e', '454003841aabeb74396d73541378bfa59c75b5db', 'fd8e563cc19ca4684885d4692acee6bebcca4ada']",0.8,0.8,0.8000000000000002,False,0.2857142857142857,1024,False,5
"[""refactor"", ""build"", ""feat""]","[""refactor"", ""feat"", ""build"", ""fix"", ""test""]",0.9964661598205566,"['062daa45cbd5dba6e96e95d8cdcaee89ae30a83c', 'f823cf28652987d43c8324b4f5b203240032383a', 'c44cf88a6ec54e5ddd99d8348bcc57b301ec7945', '933ab6bb86372913c992567cf9660009900911a7', '8ee0611fbf0cd89abe7ae588f22e6ecb843598ea']",1.0,0.6,0.7499999999999999,False,0.2857142857142857,1024,False,5
"[""fix"", ""test"", ""docs"", ""feat"", ""ci""]","[""refactor"", ""test"", ""docs"", ""feat"", ""ci""]",0.8529632091522217,"['36556bf8e0bce4ab6d26eafacbdad04d9614a5d7', '317f4eefecddfb1392ca71d551840f446feee302', '036a0ff49a7dade0e04c9c07071a1ff49133ee24', 'e137f9fdbdb6bf3f85c3f7ac9323785e445844c8', 'e7a67d88173566be3cd3aed7e9eeb7e29aabbc57']",0.8,0.8,0.8000000000000002,False,0.2857142857142857,1024,False,5
"[""test"", ""ci"", ""refactor"", ""feat""]","[""test"", ""ci"", ""refactor"", ""feat"", ""fix""]",0.8005537986755371,"['e0198f74b81da3663144cfe1d971939319f82a0f', '173553c0372e66e03bdab19e0e6c2dd44daa14a0', '062daa45cbd5dba6e96e95d8cdcaee89ae30a83c', 'f823cf28652987d43c8324b4f5b203240032383a', 'bed78248c941d57ad4cc20a455147e186e97c7a1']",1.0,0.8,0.888888888888889,False,0.1428571428571428,1024,False,5
"[""ci"", ""refactor"", ""fix""]","[""ci"", ""refactor"", ""docs"", ""fix"", ""feat""]",0.6423790454864502,"['32845e1bbd1efb5dbc16f671049509a409ba25ce', '63eab619e6166eb6cab948028a7b89bf059dd878', 'af880ac5b4fecbc6c4f3d1eee0d95f326e8bd9d1', '9be725fa3906323d4bc9788f54eccf74109d632b', 'fd8e563cc19ca4684885d4692acee6bebcca4ada']",1.0,0.6,0.7499999999999999,False,0.2857142857142857,1024,False,5
"[""docs"", ""fix"", ""refactor"", ""test"", ""build""]","[""docs"", ""refactor"", ""fix"", ""test"", ""build""]",1.389552116394043,"['bf83c9155e9bee6925aa7102fab53fb803d52533', '3cca5c314ad6feeffbfe1f14cf49ebd0fd9a95a2', '2561f4ade46fc9d59f289f328cc77733a6443697', '317f4eefecddfb1392ca71d551840f446feee302', '454003841aabeb74396d73541378bfa59c75b5db']",1.0,1.0,1.0,True,0.0,1024,False,5
"[""test"", ""ci"", ""fix"", ""docs"", ""refactor""]","[""test"", ""ci"", ""fix"", ""docs"", ""refactor""]",0.861605167388916,"['317f4eefecddfb1392ca71d551840f446feee302', '32845e1bbd1efb5dbc16f671049509a409ba25ce', 'c8e0ae8612df3d6f2831acc004aaac332f6105e4', '6d405dfc1675dcad64a2dfac0c0cb0fb28381d21', '062daa45cbd5dba6e96e95d8cdcaee89ae30a83c']",1.0,1.0,1.0,True,0.0,1024,False,5
"[""build"", ""ci"", ""test"", ""docs"", ""feat""]","[""build"", ""ci"", ""test"", ""docs"", ""feat""]",0.9848871231079102,"['c55591ba157298a9c5816693c102a89dfd058830', 'dbb537a26e388a8d7d17faf131abc30c2f7a84e6', 'e0198f74b81da3663144cfe1d971939319f82a0f', '0cfc5633d37ea06f645649138323f1820e18bdee', 'dc5238b2bda98a7c4f2fe9584fc3b0191a408109']",1.0,1.0,1.0,True,0.0,1024,False,5
"[""feat"", ""test"", ""refactor"", ""ci""]","[""refactor"", ""feat"", ""test"", ""fix"", ""ci""]",0.9915568828582764,"['535708ae50aecb452560a23356fd396f99ef13a2', 'dc5238b2bda98a7c4f2fe9584fc3b0191a408109', 'e2e8ad25854bd1e7cdbc7f50b50bbd99e04ad47d', '2561f4ade46fc9d59f289f328cc77733a6443697', 'c5fa7b80438fbd74f4c341f0d3c9bd9e0f4910da']",1.0,0.8,0.888888888888889,False,0.1428571428571428,1024,False,5
"[""ci"", ""test"", ""build"", ""refactor""]","[""ci"", ""docs"", ""refactor"", ""build"", ""test""]",1.0322260856628418,"['c5fa7b80438fbd74f4c341f0d3c9bd9e0f4910da', 'af880ac5b4fecbc6c4f3d1eee0d95f326e8bd9d1', '47ef9104e4a89e80d7cc6c1950bc080841da4a7b', '37b1cbfd3d2c462ef4f2a131e4172c38dc8d9ddf', 'c7b25726df94a2530c9b1c0d2b6a0acaa103822f']",1.0,0.8,0.888888888888889,False,0.1428571428571428,1024,False,5
"[""build"", ""docs"", ""test"", ""feat""]","[""build"", ""docs"", ""refactor"", ""test"", ""feat""]",0.8092021942138672,"['454003841aabeb74396d73541378bfa59c75b5db', 'aca23027da1295c78fdf42ba9687d8ccc88784d7', '771857b1df9470ebc15357e8879118a72c649d5b', 'bedc7950b24c37809e36a585b7985d5aa5e3e458', 'e137f9fdbdb6bf3f85c3f7ac9323785e445844c8']",1.0,0.8,0.888888888888889,False,0.1428571428571428,1024,False,5
"[""ci"", ""refactor"", ""fix"", ""docs"", ""build"", ""test""]","[""ci"", ""feat"", ""fix"", ""docs"", ""test""]",1.1034979820251465,"['74e9de5ec97dc013a52aa063dff0f40ac74c407b', 'ded26d768ff432ad3bde3c0aa1e95ce50726100a', '9be725fa3906323d4bc9788f54eccf74109d632b', 'a52a585d74894b3b4eeb8c784fa089ff95cddad0', 'e9617f0854030e70365eb264bcb3b58078e79e9e']",0.6666666666666666,0.8,0.7272727272727272,False,0.4285714285714285,1024,False,5
"[""docs"", ""refactor"", ""test"", ""build""]","[""feat"", ""build"", ""test"", ""docs"", ""fix""]",1.476330041885376,"['f9a094918b62534614c47aa8a13f33aec751a1e0', 'e4a11fd5c34942ba12737f1c8c084489428ee274', '229b53a632ea97d47c4be11f096bdd828fb415d8', '036a0ff49a7dade0e04c9c07071a1ff49133ee24', '2561f4ade46fc9d59f289f328cc77733a6443697']",0.75,0.6,0.6666666666666665,False,0.4285714285714285,1024,False,5
"[""build"", ""docs"", ""test"", ""ci"", ""refactor""]","[""build"", ""docs"", ""test"", ""fix"", ""ci""]",1.3385851383209229,"['e4a11fd5c34942ba12737f1c8c084489428ee274', 'aca23027da1295c78fdf42ba9687d8ccc88784d7', 'e9617f0854030e70365eb264bcb3b58078e79e9e', '9ef5c0d14193a9abb09b39856f58477d1f4b0d77', '4cbbd2552ba0de273e1dfe7d453c5b3efed751a3']",0.8,0.8,0.8000000000000002,False,0.2857142857142857,1024,False,5
"[""feat"", ""build"", ""ci"", ""docs"", ""test""]","[""feat"", ""fix"", ""ci"", ""docs"", ""test""]",0.8171358108520508,"['f9a094918b62534614c47aa8a13f33aec751a1e0', '2561f4ade46fc9d59f289f328cc77733a6443697', '45837af24a33308a70a3454f0f650f9fe728e272', '036a0ff49a7dade0e04c9c07071a1ff49133ee24', 'b7ce2894fd1794064bd6db4ed730bb6cb7728739']",0.8,0.8,0.8000000000000002,False,0.2857142857142857,1024,False,5
"[""refactor"", ""build"", ""docs""]","[""feat"", ""refactor"", ""build"", ""fix"", ""docs""]",0.9199333190917968,"['ded26d768ff432ad3bde3c0aa1e95ce50726100a', '062daa45cbd5dba6e96e95d8cdcaee89ae30a83c', '37b1cbfd3d2c462ef4f2a131e4172c38dc8d9ddf', '933ab6bb86372913c992567cf9660009900911a7', '036a0ff49a7dade0e04c9c07071a1ff49133ee24']",1.0,0.6,0.7499999999999999,False,0.2857142857142857,1024,False,5
"[""test"", ""build"", ""feat"", ""fix"", ""docs""]","[""test"", ""build"", ""feat"", ""fix"", ""docs""]",0.8945658206939697,"['f411e58cd510f8a2b980b2f1932003a0c0e9f8f3', 'c44cf88a6ec54e5ddd99d8348bcc57b301ec7945', '1bcf88670b50155b50071e707f98f30cea0b7a24', '9be725fa3906323d4bc9788f54eccf74109d632b', 'a52a585d74894b3b4eeb8c784fa089ff95cddad0']",1.0,1.0,1.0,True,0.0,1024,False,5
"[""fix"", ""build"", ""test"", ""ci"", ""docs""]","[""fix"", ""feat"", ""test"", ""ci"", ""docs""]",0.841839075088501,"['933ab6bb86372913c992567cf9660009900911a7', '6ed56ce9ae743ba9a87e6c9643cc06b1de7b748d', 'e2e8ad25854bd1e7cdbc7f50b50bbd99e04ad47d', 'e96487ad7ce90b141219d9032fa2bed68d5dae6a', '036a0ff49a7dade0e04c9c07071a1ff49133ee24']",0.8,0.8,0.8000000000000002,False,0.2857142857142857,1024,False,5
"[""test"", ""fix"", ""ci"", ""build"", ""feat""]","[""test"", ""refactor"", ""ci"", ""build"", ""fix""]",0.810009241104126,"['e0198f74b81da3663144cfe1d971939319f82a0f', '3cca5c314ad6feeffbfe1f14cf49ebd0fd9a95a2', '45837af24a33308a70a3454f0f650f9fe728e272', '5b81fde8a72cf2e69a10e9f5c4f0bea0a2b8c3e0', '9ef5c0d14193a9abb09b39856f58477d1f4b0d77']",0.8,0.8,0.8000000000000002,False,0.2857142857142857,1024,False,5
"[""build"", ""feat"", ""ci"", ""test""]","[""build"", ""feat"", ""refactor"", ""ci"", ""test""]",1.128903865814209,"['c55591ba157298a9c5816693c102a89dfd058830', '1bcf88670b50155b50071e707f98f30cea0b7a24', '1db13ec43727aca872a0f3836e4023ed85db665e', 'dbb537a26e388a8d7d17faf131abc30c2f7a84e6', 'e2e8ad25854bd1e7cdbc7f50b50bbd99e04ad47d']",1.0,0.8,0.888888888888889,False,0.1428571428571428,1024,False,5
"[""feat"", ""docs"", ""test"", ""ci"", ""build""]","[""feat"", ""refactor"", ""test"", ""ci"", ""build""]",0.7020421028137207,"['e137f9fdbdb6bf3f85c3f7ac9323785e445844c8', 'a62314d9bb632be6af026686615d14b912250512', 'b7ce2894fd1794064bd6db4ed730bb6cb7728739', '45837af24a33308a70a3454f0f650f9fe728e272', '454003841aabeb74396d73541378bfa59c75b5db']",0.8,0.8,0.8000000000000002,False,0.2857142857142857,1024,False,5
"[""test"", ""fix"", ""build"", ""feat"", ""docs""]","[""test"", ""fix"", ""build"", ""refactor"", ""docs""]",0.8069040775299072,"['317f4eefecddfb1392ca71d551840f446feee302', '06e2be4e2019b6fa714e1fcb34485860ef1ede79', '32b92cfa0b74a6c25990e32ac6aab12b8496794c', '535708ae50aecb452560a23356fd396f99ef13a2', 'aca23027da1295c78fdf42ba9687d8ccc88784d7']",0.8,0.8,0.8000000000000002,False,0.2857142857142857,1024,False,5
"[""ci"", ""build"", ""fix"", ""test"", ""docs""]","[""ci"", ""feat"", ""build"", ""fix"", ""test""]",1.041668176651001,"['173553c0372e66e03bdab19e0e6c2dd44daa14a0', '6ed56ce9ae743ba9a87e6c9643cc06b1de7b748d', '32b92cfa0b74a6c25990e32ac6aab12b8496794c', '933ab6bb86372913c992567cf9660009900911a7', 'e9617f0854030e70365eb264bcb3b58078e79e9e']",0.8,0.8,0.8000000000000002,False,0.2857142857142857,1024,False,5
"[""ci"", ""test"", ""fix"", ""feat"", ""build""]","[""ci"", ""test"", ""fix"", ""feat"", ""build""]",1.1030621528625488,"['dbb537a26e388a8d7d17faf131abc30c2f7a84e6', 'e2e8ad25854bd1e7cdbc7f50b50bbd99e04ad47d', '933ab6bb86372913c992567cf9660009900911a7', 'b282e90e2cbb74559aab79eee8443a4d7c85502a', 'c55591ba157298a9c5816693c102a89dfd058830']",1.0,1.0,1.0,True,0.0,1024,False,5
"[""test"", ""build"", ""refactor"", ""fix"", ""ci""]","[""test"", ""build"", ""feat"", ""fix"", ""ci""]",1.0236968994140625,"['317f4eefecddfb1392ca71d551840f446feee302', 'e4a11fd5c34942ba12737f1c8c084489428ee274', 'ded26d768ff432ad3bde3c0aa1e95ce50726100a', 'd129eaf9125a967ac86c6c7276bbae6b4d50af36', '173553c0372e66e03bdab19e0e6c2dd44daa14a0']",0.8,0.8,0.8000000000000002,False,0.2857142857142857,1024,False,5
"[""test"", ""build"", ""refactor"", ""docs"", ""feat""]","[""test"", ""build"", ""refactor"", ""docs"", ""feat""]",0.918320894241333,"['bedc7950b24c37809e36a585b7985d5aa5e3e458', '5b81fde8a72cf2e69a10e9f5c4f0bea0a2b8c3e0', '47ef9104e4a89e80d7cc6c1950bc080841da4a7b', 'aca23027da1295c78fdf42ba9687d8ccc88784d7', 'f823cf28652987d43c8324b4f5b203240032383a']",1.0,1.0,1.0,True,0.0,1024,False,5
"[""build"", ""ci"", ""refactor"", ""docs"", ""feat"", ""fix""]","[""build"", ""ci"", ""feat"", ""docs"", ""fix""]",1.0255720615386963,"['5b81fde8a72cf2e69a10e9f5c4f0bea0a2b8c3e0', 'c5fa7b80438fbd74f4c341f0d3c9bd9e0f4910da', '68278b00450f2679761a2999500f6d87a579376b', 'a52a585d74894b3b4eeb8c784fa089ff95cddad0', '06e2be4e2019b6fa714e1fcb34485860ef1ede79']",0.8333333333333334,1.0,0.9090909090909092,False,0.1428571428571428,1024,False,5
"[""test"", ""build"", ""fix"", ""ci"", ""feat""]","[""test"", ""build"", ""refactor"", ""fix"", ""ci""]",2.0860538482666016,"['e0198f74b81da3663144cfe1d971939319f82a0f', '5b81fde8a72cf2e69a10e9f5c4f0bea0a2b8c3e0', '3cca5c314ad6feeffbfe1f14cf49ebd0fd9a95a2', '87d5d4e55ab7149b593d29410f1fe426ba2447d4', '74e9de5ec97dc013a52aa063dff0f40ac74c407b']",0.8,0.8,0.8000000000000002,False,0.2857142857142857,1024,False,5
"[""build"", ""ci"", ""test"", ""fix""]","[""feat"", ""build"", ""fix"", ""ci"", ""test""]",1.3938941955566406,"['6ed56ce9ae743ba9a87e6c9643cc06b1de7b748d', 'c323d59c607cabc91f17a78528d998f376f30b10', '87d5d4e55ab7149b593d29410f1fe426ba2447d4', 'c5fa7b80438fbd74f4c341f0d3c9bd9e0f4910da', 'e9617f0854030e70365eb264bcb3b58078e79e9e']",1.0,0.8,0.888888888888889,False,0.1428571428571428,1024,False,5
"[""build"", ""docs"", ""test"", ""refactor"", ""feat"", ""ci""]","[""build"", ""test"", ""refactor"", ""feat"", ""ci""]",1.010977029800415,"['5b81fde8a72cf2e69a10e9f5c4f0bea0a2b8c3e0', 'e9617f0854030e70365eb264bcb3b58078e79e9e', '2954a0955ce9af6acb345ed1e8328e145ad30475', '68278b00450f2679761a2999500f6d87a579376b', 'e96487ad7ce90b141219d9032fa2bed68d5dae6a']",0.8333333333333334,1.0,0.9090909090909092,False,0.1428571428571428,1024,False,5
"[""ci"", ""feat"", ""docs"", ""fix""]","[""ci"", ""refactor"", ""docs"", ""feat"", ""fix""]",0.8829941749572754,"['4cbbd2552ba0de273e1dfe7d453c5b3efed751a3', '535708ae50aecb452560a23356fd396f99ef13a2', 'e12d9e77a6fd531a22325337838a841b1c67f00d', 'fd8e563cc19ca4684885d4692acee6bebcca4ada', '9be725fa3906323d4bc9788f54eccf74109d632b']",1.0,0.8,0.888888888888889,False,0.1428571428571428,1024,False,5
"[""ci"", ""docs"", ""refactor"", ""feat""]","[""ci"", ""fix"", ""feat"", ""docs"", ""refactor""]",0.864250898361206,"['c5fa7b80438fbd74f4c341f0d3c9bd9e0f4910da', 'bed78248c941d57ad4cc20a455147e186e97c7a1', 'b282e90e2cbb74559aab79eee8443a4d7c85502a', 'bf83c9155e9bee6925aa7102fab53fb803d52533', '771857b1df9470ebc15357e8879118a72c649d5b']",1.0,0.8,0.888888888888889,False,0.1428571428571428,1024,False,5
