predicted_types,actual_types,inference_time,shas,precision,recall,f1,exact_match,hamming_loss,context_len,with_message,concern_count
"[""feat""]","[""fix""]",1.3708720207214355,['87d5d4e55ab7149b593d29410f1fe426ba2447d4'],0.0,0.0,0.0,False,0.2857142857142857,8192,False,1
"[""test""]","[""test""]",0.8623690605163574,['317f4eefecddfb1392ca71d551840f446feee302'],1.0,1.0,1.0,True,0.0,8192,False,1
"[""ci""]","[""ci""]",0.8667209148406982,['c5fa7b80438fbd74f4c341f0d3c9bd9e0f4910da'],1.0,1.0,1.0,True,0.0,8192,False,1
"[""ci""]","[""ci""]",0.8101499080657959,['e7a67d88173566be3cd3aed7e9eeb7e29aabbc57'],1.0,1.0,1.0,True,0.0,8192,False,1
"[""fix"", ""refactor""]","[""fix""]",0.676426887512207,['d129eaf9125a967ac86c6c7276bbae6b4d50af36'],0.5,1.0,0.6666666666666666,False,0.1428571428571428,8192,False,1
"[""build""]","[""build""]",0.713144063949585,['1269431c8a3e7549f10fcbbb4b88ff625c8898b3'],1.0,1.0,1.0,True,0.0,8192,False,1
"[""feat"", ""refactor""]","[""refactor""]",0.7737522125244141,['535708ae50aecb452560a23356fd396f99ef13a2'],0.5,1.0,0.6666666666666666,False,0.1428571428571428,8192,False,1
"[""feat"", ""refactor""]","[""feat""]",0.8028550148010254,['68278b00450f2679761a2999500f6d87a579376b'],0.5,1.0,0.6666666666666666,False,0.1428571428571428,8192,False,1
"[""ci""]","[""ci""]",0.6889691352844238,['6c9cb638cb4d1ecc42632fcf389c24898c5b3244'],1.0,1.0,1.0,True,0.0,8192,False,1
"[""test""]","[""test""]",0.8231658935546875,['c7b25726df94a2530c9b1c0d2b6a0acaa103822f'],1.0,1.0,1.0,True,0.0,8192,False,1
"[""feat""]","[""feat""]",0.845048189163208,['1bcf88670b50155b50071e707f98f30cea0b7a24'],1.0,1.0,1.0,True,0.0,8192,False,1
"[""build"", ""docs""]","[""build""]",0.785761833190918,['454003841aabeb74396d73541378bfa59c75b5db'],0.5,1.0,0.6666666666666666,False,0.1428571428571428,8192,False,1
"[""ci""]","[""ci""]",0.689586877822876,['dbb537a26e388a8d7d17faf131abc30c2f7a84e6'],1.0,1.0,1.0,True,0.0,8192,False,1
"[""docs""]","[""docs""]",0.7673332691192627,['bf83c9155e9bee6925aa7102fab53fb803d52533'],1.0,1.0,1.0,True,0.0,8192,False,1
"[""feat""]","[""feat""]",0.8180527687072754,['dc5238b2bda98a7c4f2fe9584fc3b0191a408109'],1.0,1.0,1.0,True,0.0,8192,False,1
"[""ci""]","[""ci""]",0.7606449127197266,['74e9de5ec97dc013a52aa063dff0f40ac74c407b'],1.0,1.0,1.0,True,0.0,8192,False,1
"[""test""]","[""test""]",0.6933009624481201,['b7ce2894fd1794064bd6db4ed730bb6cb7728739'],1.0,1.0,1.0,True,0.0,8192,False,1
"[""build""]","[""build""]",0.838407039642334,['32b92cfa0b74a6c25990e32ac6aab12b8496794c'],1.0,1.0,1.0,True,0.0,8192,False,1
"[""refactor"", ""fix""]","[""fix""]",0.8256521224975586,['bed78248c941d57ad4cc20a455147e186e97c7a1'],0.5,1.0,0.6666666666666666,False,0.1428571428571428,8192,False,1
"[""test""]","[""test""]",0.8228449821472168,['f411e58cd510f8a2b980b2f1932003a0c0e9f8f3'],1.0,1.0,1.0,True,0.0,8192,False,1
"[""feat"", ""docs""]","[""feat""]",1.392341136932373,['f9a094918b62534614c47aa8a13f33aec751a1e0'],0.5,1.0,0.6666666666666666,False,0.1428571428571428,8192,False,1
"[""docs""]","[""docs""]",0.5788137912750244,['aca23027da1295c78fdf42ba9687d8ccc88784d7'],1.0,1.0,1.0,True,0.0,8192,False,1
"[""build""]","[""build""]",0.9092376232147216,['37b1cbfd3d2c462ef4f2a131e4172c38dc8d9ddf'],1.0,1.0,1.0,True,0.0,8192,False,1
"[""feat"", ""docs""]","[""feat""]",0.8533201217651367,['e137f9fdbdb6bf3f85c3f7ac9323785e445844c8'],0.5,1.0,0.6666666666666666,False,0.1428571428571428,8192,False,1
"[""test""]","[""test""]",1.5219578742980957,['e0198f74b81da3663144cfe1d971939319f82a0f'],1.0,1.0,1.0,True,0.0,8192,False,1
"[""ci""]","[""ci""]",0.7210228443145752,['45837af24a33308a70a3454f0f650f9fe728e272'],1.0,1.0,1.0,True,0.0,8192,False,1
"[""docs""]","[""docs""]",0.809473991394043,['0cfc5633d37ea06f645649138323f1820e18bdee'],1.0,1.0,1.0,True,0.0,8192,False,1
"[""build"", ""test"", ""feat""]","[""test""]",0.9199249744415284,['8ee0611fbf0cd89abe7ae588f22e6ecb843598ea'],0.3333333333333333,1.0,0.5,False,0.2857142857142857,8192,False,1
"[""docs""]","[""docs""]",0.7756829261779785,['c2ee5cd5e709afd15c5565ee009a0d204403a119'],1.0,1.0,1.0,True,0.0,8192,False,1
"[""docs""]","[""fix""]",0.7279818058013916,['d1d55e787b7d07f763852602b9939a5394607fd9'],0.0,0.0,0.0,False,0.2857142857142857,8192,False,1
"[""build""]","[""build""]",0.7837619781494141,['c55591ba157298a9c5816693c102a89dfd058830'],1.0,1.0,1.0,True,0.0,8192,False,1
"[""fix""]","[""fix""]",0.7780849933624268,['9be725fa3906323d4bc9788f54eccf74109d632b'],1.0,1.0,1.0,True,0.0,8192,False,1
"[""build""]","[""build""]",0.8324129581451416,['f00a4d3e307b89842250358ee432e6800bb24362'],1.0,1.0,1.0,True,0.0,8192,False,1
"[""docs""]","[""docs""]",1.021583080291748,['036a0ff49a7dade0e04c9c07071a1ff49133ee24'],1.0,1.0,1.0,True,0.0,8192,False,1
"[""docs""]","[""docs""]",0.7001328468322754,['6d405dfc1675dcad64a2dfac0c0cb0fb28381d21'],1.0,1.0,1.0,True,0.0,8192,False,1
"[""refactor""]","[""refactor""]",1.020380973815918,['3cca5c314ad6feeffbfe1f14cf49ebd0fd9a95a2'],1.0,1.0,1.0,True,0.0,8192,False,1
"[""docs""]","[""docs""]",0.891516923904419,['af880ac5b4fecbc6c4f3d1eee0d95f326e8bd9d1'],1.0,1.0,1.0,True,0.0,8192,False,1
"[""fix""]","[""fix""]",0.8009357452392578,['c8e0ae8612df3d6f2831acc004aaac332f6105e4'],1.0,1.0,1.0,True,0.0,8192,False,1
"[""refactor""]","[""refactor""]",0.6796340942382812,['771857b1df9470ebc15357e8879118a72c649d5b'],1.0,1.0,1.0,True,0.0,8192,False,1
"[""refactor""]","[""refactor""]",0.7608258724212646,['47ef9104e4a89e80d7cc6c1950bc080841da4a7b'],1.0,1.0,1.0,True,0.0,8192,False,1
"[""test"", ""refactor""]","[""refactor""]",0.7771201133728027,['1db13ec43727aca872a0f3836e4023ed85db665e'],0.5,1.0,0.6666666666666666,False,0.1428571428571428,8192,False,1
"[""fix""]","[""fix""]",0.6997408866882324,['933ab6bb86372913c992567cf9660009900911a7'],1.0,1.0,1.0,True,0.0,8192,False,1
"[""test""]","[""test""]",0.7870700359344482,['e2e8ad25854bd1e7cdbc7f50b50bbd99e04ad47d'],1.0,1.0,1.0,True,0.0,8192,False,1
"[""build""]","[""build""]",0.7275300025939941,['c44cf88a6ec54e5ddd99d8348bcc57b301ec7945'],1.0,1.0,1.0,True,0.0,8192,False,1
"[""ci""]","[""ci""]",0.9153521060943604,['e96487ad7ce90b141219d9032fa2bed68d5dae6a'],1.0,1.0,1.0,True,0.0,8192,False,1
"[""build""]","[""build""]",0.86627197265625,['5b81fde8a72cf2e69a10e9f5c4f0bea0a2b8c3e0'],1.0,1.0,1.0,True,0.0,8192,False,1
"[""docs""]","[""docs""]",1.0840048789978027,['cb1f48b56ae0de93acb72e48726c7d610a1d538e'],1.0,1.0,1.0,True,0.0,8192,False,1
"[""refactor""]","[""fix""]",0.7176079750061035,['2561f4ade46fc9d59f289f328cc77733a6443697'],0.0,0.0,0.0,False,0.2857142857142857,8192,False,1
"[""fix""]","[""fix""]",0.7442059516906738,['06e2be4e2019b6fa714e1fcb34485860ef1ede79'],1.0,1.0,1.0,True,0.0,8192,False,1
"[""fix""]","[""refactor""]",0.6366190910339355,['36556bf8e0bce4ab6d26eafacbdad04d9614a5d7'],0.0,0.0,0.0,False,0.2857142857142857,8192,False,1
"[""build""]","[""build""]",0.8242220878601074,['c323d59c607cabc91f17a78528d998f376f30b10'],1.0,1.0,1.0,True,0.0,8192,False,1
"[""refactor""]","[""build""]",0.7705819606781006,['e4a11fd5c34942ba12737f1c8c084489428ee274'],0.0,0.0,0.0,False,0.2857142857142857,8192,False,1
"[""feat"", ""refactor""]","[""refactor""]",0.917370080947876,['63eab619e6166eb6cab948028a7b89bf059dd878'],0.5,1.0,0.6666666666666666,False,0.1428571428571428,8192,False,1
"[""docs""]","[""docs""]",0.7798421382904053,['a52a585d74894b3b4eeb8c784fa089ff95cddad0'],1.0,1.0,1.0,True,0.0,8192,False,1
"[""feat""]","[""feat""]",0.7864549160003662,['b282e90e2cbb74559aab79eee8443a4d7c85502a'],1.0,1.0,1.0,True,0.0,8192,False,1
"[""feat""]","[""feat""]",0.7585370540618896,['f823cf28652987d43c8324b4f5b203240032383a'],1.0,1.0,1.0,True,0.0,8192,False,1
"[""fix""]","[""fix""]",0.6594910621643066,['9ef5c0d14193a9abb09b39856f58477d1f4b0d77'],1.0,1.0,1.0,True,0.0,8192,False,1
"[""feat"", ""refactor""]","[""feat""]",0.9261801242828368,['fd8e563cc19ca4684885d4692acee6bebcca4ada'],0.5,1.0,0.6666666666666666,False,0.1428571428571428,8192,False,1
"[""ci""]","[""ci""]",0.6466929912567139,['4cbbd2552ba0de273e1dfe7d453c5b3efed751a3'],1.0,1.0,1.0,True,0.0,8192,False,1
"[""ci""]","[""ci""]",0.8095660209655762,['173553c0372e66e03bdab19e0e6c2dd44daa14a0'],1.0,1.0,1.0,True,0.0,8192,False,1
"[""ci""]","[""ci""]",1.215160846710205,['32845e1bbd1efb5dbc16f671049509a409ba25ce'],1.0,1.0,1.0,True,0.0,8192,False,1
"[""test""]","[""test""]",0.5247948169708252,['229b53a632ea97d47c4be11f096bdd828fb415d8'],1.0,1.0,1.0,True,0.0,8192,False,1
"[""docs"", ""refactor""]","[""refactor""]",0.7352359294891357,['2954a0955ce9af6acb345ed1e8328e145ad30475'],0.5,1.0,0.6666666666666666,False,0.1428571428571428,8192,False,1
"[""docs""]","[""refactor""]",0.7202792167663574,['a62314d9bb632be6af026686615d14b912250512'],0.0,0.0,0.0,False,0.2857142857142857,8192,False,1
"[""refactor""]","[""refactor""]",0.9739460945129396,['062daa45cbd5dba6e96e95d8cdcaee89ae30a83c'],1.0,1.0,1.0,True,0.0,8192,False,1
"[""test""]","[""test""]",0.9151291847229004,['bedc7950b24c37809e36a585b7985d5aa5e3e458'],1.0,1.0,1.0,True,0.0,8192,False,1
"[""feat"", ""refactor""]","[""feat""]",0.8831639289855957,['ded26d768ff432ad3bde3c0aa1e95ce50726100a'],0.5,1.0,0.6666666666666666,False,0.1428571428571428,8192,False,1
"[""test""]","[""test""]",0.6919870376586914,['e9617f0854030e70365eb264bcb3b58078e79e9e'],1.0,1.0,1.0,True,0.0,8192,False,1
"[""build"", ""refactor"", ""feat""]","[""feat""]",0.9030940532684326,['6ed56ce9ae743ba9a87e6c9643cc06b1de7b748d'],0.3333333333333333,1.0,0.5,False,0.2857142857142857,8192,False,1
"[""docs""]","[""docs""]",0.8605251312255859,['e12d9e77a6fd531a22325337838a841b1c67f00d'],1.0,1.0,1.0,True,0.0,8192,False,1
"[""feat"", ""fix""]","[""feat"", ""refactor""]",0.8932111263275146,"['fd8e563cc19ca4684885d4692acee6bebcca4ada', '36556bf8e0bce4ab6d26eafacbdad04d9614a5d7']",0.5,0.5,0.5,False,0.2857142857142857,8192,False,2
"[""ci"", ""build""]","[""ci"", ""build""]",1.5365290641784668,"['45837af24a33308a70a3454f0f650f9fe728e272', '5b81fde8a72cf2e69a10e9f5c4f0bea0a2b8c3e0']",1.0,1.0,1.0,True,0.0,8192,False,2
"[""feat"", ""docs""]","[""refactor"", ""docs""]",0.7151219844818115,"['535708ae50aecb452560a23356fd396f99ef13a2', 'af880ac5b4fecbc6c4f3d1eee0d95f326e8bd9d1']",0.5,0.5,0.5,False,0.2857142857142857,8192,False,2
"[""feat"", ""fix"", ""refactor""]","[""feat"", ""refactor""]",0.8610501289367676,"['68278b00450f2679761a2999500f6d87a579376b', '63eab619e6166eb6cab948028a7b89bf059dd878']",0.6666666666666666,1.0,0.8,False,0.1428571428571428,8192,False,2
"[""ci"", ""test""]","[""ci"", ""test""]",0.7793557643890381,"['dbb537a26e388a8d7d17faf131abc30c2f7a84e6', 'f411e58cd510f8a2b980b2f1932003a0c0e9f8f3']",1.0,1.0,1.0,True,0.0,8192,False,2
"[""test"", ""ci""]","[""test"", ""ci""]",0.8037350177764893,"['e2e8ad25854bd1e7cdbc7f50b50bbd99e04ad47d', 'c5fa7b80438fbd74f4c341f0d3c9bd9e0f4910da']",1.0,1.0,1.0,True,0.0,8192,False,2
"[""ci"", ""build"", ""refactor""]","[""ci"", ""build""]",0.7151286602020264,"['45837af24a33308a70a3454f0f650f9fe728e272', '1269431c8a3e7549f10fcbbb4b88ff625c8898b3']",0.6666666666666666,1.0,0.8,False,0.1428571428571428,8192,False,2
"[""feat"", ""test""]","[""feat"", ""test""]",0.7122881412506104,"['1bcf88670b50155b50071e707f98f30cea0b7a24', 'f411e58cd510f8a2b980b2f1932003a0c0e9f8f3']",1.0,1.0,1.0,True,0.0,8192,False,2
"[""fix"", ""docs""]","[""fix"", ""docs""]",0.7232439517974854,"['9be725fa3906323d4bc9788f54eccf74109d632b', '0cfc5633d37ea06f645649138323f1820e18bdee']",1.0,1.0,1.0,True,0.0,8192,False,2
"[""fix"", ""ci""]","[""fix"", ""ci""]",0.7741148471832275,"['9be725fa3906323d4bc9788f54eccf74109d632b', 'e96487ad7ce90b141219d9032fa2bed68d5dae6a']",1.0,1.0,1.0,True,0.0,8192,False,2
"[""build"", ""test""]","[""build"", ""test""]",0.7776429653167725,"['1269431c8a3e7549f10fcbbb4b88ff625c8898b3', '317f4eefecddfb1392ca71d551840f446feee302']",1.0,1.0,1.0,True,0.0,8192,False,2
"[""ci"", ""docs""]","[""ci"", ""docs""]",0.7049911022186279,"['dbb537a26e388a8d7d17faf131abc30c2f7a84e6', '0cfc5633d37ea06f645649138323f1820e18bdee']",1.0,1.0,1.0,True,0.0,8192,False,2
"[""fix"", ""refactor"", ""build"", ""test""]","[""refactor"", ""build""]",1.1562809944152832,"['3cca5c314ad6feeffbfe1f14cf49ebd0fd9a95a2', '454003841aabeb74396d73541378bfa59c75b5db']",0.5,1.0,0.6666666666666666,False,0.2857142857142857,8192,False,2
"[""refactor""]","[""fix"", ""refactor""]",1.4197938442230225,"['2561f4ade46fc9d59f289f328cc77733a6443697', '062daa45cbd5dba6e96e95d8cdcaee89ae30a83c']",1.0,0.5,0.6666666666666666,False,0.1428571428571428,8192,False,2
"[""build"", ""ci""]","[""build"", ""ci""]",0.7001509666442871,"['c44cf88a6ec54e5ddd99d8348bcc57b301ec7945', 'dbb537a26e388a8d7d17faf131abc30c2f7a84e6']",1.0,1.0,1.0,True,0.0,8192,False,2
"[""build"", ""feat""]","[""build"", ""refactor""]",0.8810060024261475,"['32b92cfa0b74a6c25990e32ac6aab12b8496794c', '63eab619e6166eb6cab948028a7b89bf059dd878']",0.5,0.5,0.5,False,0.2857142857142857,8192,False,2
"[""feat"", ""docs""]","[""feat"", ""docs""]",0.8726849555969238,"['dc5238b2bda98a7c4f2fe9584fc3b0191a408109', 'e12d9e77a6fd531a22325337838a841b1c67f00d']",1.0,1.0,1.0,True,0.0,8192,False,2
"[""ci"", ""docs""]","[""ci"", ""docs""]",0.8930442333221436,"['32845e1bbd1efb5dbc16f671049509a409ba25ce', 'bf83c9155e9bee6925aa7102fab53fb803d52533']",1.0,1.0,1.0,True,0.0,8192,False,2
"[""fix"", ""build"", ""refactor"", ""feat""]","[""fix"", ""feat""]",0.9058008193969728,"['d129eaf9125a967ac86c6c7276bbae6b4d50af36', '6ed56ce9ae743ba9a87e6c9643cc06b1de7b748d']",0.5,1.0,0.6666666666666666,False,0.2857142857142857,8192,False,2
"[""feat"", ""ci""]","[""feat"", ""ci""]",0.7465479373931885,"['1bcf88670b50155b50071e707f98f30cea0b7a24', '74e9de5ec97dc013a52aa063dff0f40ac74c407b']",1.0,1.0,1.0,True,0.0,8192,False,2
"[""docs"", ""ci""]","[""docs"", ""ci""]",0.7175922393798828,"['036a0ff49a7dade0e04c9c07071a1ff49133ee24', '4cbbd2552ba0de273e1dfe7d453c5b3efed751a3']",1.0,1.0,1.0,True,0.0,8192,False,2
"[""docs"", ""test""]","[""test"", ""docs""]",1.496168851852417,"['e9617f0854030e70365eb264bcb3b58078e79e9e', 'cb1f48b56ae0de93acb72e48726c7d610a1d538e']",1.0,1.0,1.0,True,0.0,8192,False,2
"[""docs"", ""feat""]","[""docs"", ""feat""]",0.9395358562469482,"['aca23027da1295c78fdf42ba9687d8ccc88784d7', 'f823cf28652987d43c8324b4f5b203240032383a']",1.0,1.0,1.0,True,0.0,8192,False,2
"[""refactor"", ""fix""]","[""refactor"", ""fix""]",0.8210601806640625,"['47ef9104e4a89e80d7cc6c1950bc080841da4a7b', '06e2be4e2019b6fa714e1fcb34485860ef1ede79']",1.0,1.0,1.0,True,0.0,8192,False,2
"[""build"", ""ci""]","[""build"", ""ci""]",0.912466049194336,"['5b81fde8a72cf2e69a10e9f5c4f0bea0a2b8c3e0', 'dbb537a26e388a8d7d17faf131abc30c2f7a84e6']",1.0,1.0,1.0,True,0.0,8192,False,2
"[""build"", ""fix""]","[""build"", ""refactor""]",1.167611837387085,"['5b81fde8a72cf2e69a10e9f5c4f0bea0a2b8c3e0', '36556bf8e0bce4ab6d26eafacbdad04d9614a5d7']",0.5,0.5,0.5,False,0.2857142857142857,8192,False,2
"[""fix"", ""test""]","[""fix"", ""test""]",0.6383810043334961,"['9ef5c0d14193a9abb09b39856f58477d1f4b0d77', 'b7ce2894fd1794064bd6db4ed730bb6cb7728739']",1.0,1.0,1.0,True,0.0,8192,False,2
"[""build"", ""docs""]","[""build"", ""docs""]",0.9789018630981444,"['c323d59c607cabc91f17a78528d998f376f30b10', 'c2ee5cd5e709afd15c5565ee009a0d204403a119']",1.0,1.0,1.0,True,0.0,8192,False,2
"[""fix"", ""ci""]","[""fix"", ""ci""]",1.219097137451172,"['9be725fa3906323d4bc9788f54eccf74109d632b', 'dbb537a26e388a8d7d17faf131abc30c2f7a84e6']",1.0,1.0,1.0,True,0.0,8192,False,2
"[""fix"", ""ci""]","[""fix"", ""ci""]",0.6648452281951904,"['9be725fa3906323d4bc9788f54eccf74109d632b', 'e7a67d88173566be3cd3aed7e9eeb7e29aabbc57']",1.0,1.0,1.0,True,0.0,8192,False,2
"[""docs"", ""refactor""]","[""docs"", ""refactor""]",0.9540901184082032,"['c2ee5cd5e709afd15c5565ee009a0d204403a119', '062daa45cbd5dba6e96e95d8cdcaee89ae30a83c']",1.0,1.0,1.0,True,0.0,8192,False,2
"[""fix"", ""feat"", ""docs""]","[""fix"", ""feat""]",1.5744237899780271,"['933ab6bb86372913c992567cf9660009900911a7', 'e137f9fdbdb6bf3f85c3f7ac9323785e445844c8']",0.6666666666666666,1.0,0.8,False,0.1428571428571428,8192,False,2
"[""fix"", ""build""]","[""fix"", ""build""]",0.8285303115844727,"['9be725fa3906323d4bc9788f54eccf74109d632b', 'c44cf88a6ec54e5ddd99d8348bcc57b301ec7945']",1.0,1.0,1.0,True,0.0,8192,False,2
"[""ci"", ""refactor"", ""docs""]","[""ci"", ""docs""]",0.9435222148895264,"['173553c0372e66e03bdab19e0e6c2dd44daa14a0', 'e12d9e77a6fd531a22325337838a841b1c67f00d']",0.6666666666666666,1.0,0.8,False,0.1428571428571428,8192,False,2
"[""ci"", ""feat""]","[""ci"", ""feat""]",0.8668069839477539,"['6c9cb638cb4d1ecc42632fcf389c24898c5b3244', 'f823cf28652987d43c8324b4f5b203240032383a']",1.0,1.0,1.0,True,0.0,8192,False,2
"[""ci"", ""docs""]","[""ci"", ""docs""]",1.496171951293945,"['74e9de5ec97dc013a52aa063dff0f40ac74c407b', 'c2ee5cd5e709afd15c5565ee009a0d204403a119']",1.0,1.0,1.0,True,0.0,8192,False,2
"[""test"", ""build""]","[""test"", ""build""]",1.0426719188690186,"['317f4eefecddfb1392ca71d551840f446feee302', '5b81fde8a72cf2e69a10e9f5c4f0bea0a2b8c3e0']",1.0,1.0,1.0,True,0.0,8192,False,2
"[""docs"", ""feat"", ""test""]","[""docs"", ""feat""]",0.7634460926055908,"['a52a585d74894b3b4eeb8c784fa089ff95cddad0', 'f823cf28652987d43c8324b4f5b203240032383a']",0.6666666666666666,1.0,0.8,False,0.1428571428571428,8192,False,2
"[""refactor"", ""build""]","[""refactor"", ""build""]",0.8059160709381104,"['47ef9104e4a89e80d7cc6c1950bc080841da4a7b', '5b81fde8a72cf2e69a10e9f5c4f0bea0a2b8c3e0']",1.0,1.0,1.0,True,0.0,8192,False,2
"[""feat"", ""refactor""]","[""feat"", ""refactor""]",1.0463368892669678,"['e137f9fdbdb6bf3f85c3f7ac9323785e445844c8', '771857b1df9470ebc15357e8879118a72c649d5b']",1.0,1.0,1.0,True,0.0,8192,False,2
"[""build"", ""refactor""]","[""feat"", ""fix""]",0.8919012546539307,"['6ed56ce9ae743ba9a87e6c9643cc06b1de7b748d', 'd1d55e787b7d07f763852602b9939a5394607fd9']",0.0,0.0,0.0,False,0.5714285714285714,8192,False,2
"[""build"", ""docs""]","[""build"", ""docs""]",0.7259330749511719,"['c323d59c607cabc91f17a78528d998f376f30b10', '0cfc5633d37ea06f645649138323f1820e18bdee']",1.0,1.0,1.0,True,0.0,8192,False,2
"[""build"", ""test"", ""feat"", ""docs""]","[""test"", ""refactor""]",0.7662162780761719,"['8ee0611fbf0cd89abe7ae588f22e6ecb843598ea', '2954a0955ce9af6acb345ed1e8328e145ad30475']",0.25,0.5,0.3333333333333333,False,0.5714285714285714,8192,False,2
"[""fix""]","[""refactor"", ""fix""]",0.7878079414367676,"['36556bf8e0bce4ab6d26eafacbdad04d9614a5d7', 'c8e0ae8612df3d6f2831acc004aaac332f6105e4']",1.0,0.5,0.6666666666666666,False,0.1428571428571428,8192,False,2
"[""build"", ""ci"", ""refactor""]","[""build"", ""ci""]",1.7992618083953855,"['e4a11fd5c34942ba12737f1c8c084489428ee274', '173553c0372e66e03bdab19e0e6c2dd44daa14a0']",0.6666666666666666,1.0,0.8,False,0.1428571428571428,8192,False,2
"[""fix"", ""feat""]","[""fix"", ""feat""]",0.8039259910583496,"['c8e0ae8612df3d6f2831acc004aaac332f6105e4', 'f9a094918b62534614c47aa8a13f33aec751a1e0']",1.0,1.0,1.0,True,0.0,8192,False,2
"[""refactor"", ""docs""]","[""refactor"", ""docs""]",1.0410912036895752,"['771857b1df9470ebc15357e8879118a72c649d5b', '0cfc5633d37ea06f645649138323f1820e18bdee']",1.0,1.0,1.0,True,0.0,8192,False,2
"[""build"", ""feat""]","[""feat"", ""fix""]",0.8122849464416504,"['6ed56ce9ae743ba9a87e6c9643cc06b1de7b748d', '87d5d4e55ab7149b593d29410f1fe426ba2447d4']",0.5,0.5,0.5,False,0.2857142857142857,8192,False,2
"[""test"", ""refactor""]","[""refactor"", ""test""]",1.626159906387329,"['1db13ec43727aca872a0f3836e4023ed85db665e', '229b53a632ea97d47c4be11f096bdd828fb415d8']",1.0,1.0,1.0,True,0.0,8192,False,2
"[""test"", ""refactor"", ""feat""]","[""test"", ""refactor""]",0.7792778015136719,"['317f4eefecddfb1392ca71d551840f446feee302', '63eab619e6166eb6cab948028a7b89bf059dd878']",0.6666666666666666,1.0,0.8,False,0.1428571428571428,8192,False,2
"[""docs"", ""build""]","[""docs"", ""build""]",1.5528781414031982,"['e12d9e77a6fd531a22325337838a841b1c67f00d', 'c44cf88a6ec54e5ddd99d8348bcc57b301ec7945']",1.0,1.0,1.0,True,0.0,8192,False,2
"[""test"", ""build""]","[""refactor"", ""build""]",2.1525561809539795,"['1db13ec43727aca872a0f3836e4023ed85db665e', '32b92cfa0b74a6c25990e32ac6aab12b8496794c']",0.5,0.5,0.5,False,0.2857142857142857,8192,False,2
"[""docs"", ""refactor"", ""fix""]","[""docs"", ""fix""]",1.2815377712249756,"['c2ee5cd5e709afd15c5565ee009a0d204403a119', 'bed78248c941d57ad4cc20a455147e186e97c7a1']",0.6666666666666666,1.0,0.8,False,0.1428571428571428,8192,False,2
"[""docs"", ""ci""]","[""docs"", ""ci""]",0.7191450595855713,"['bf83c9155e9bee6925aa7102fab53fb803d52533', '173553c0372e66e03bdab19e0e6c2dd44daa14a0']",1.0,1.0,1.0,True,0.0,8192,False,2
"[""fix"", ""ci""]","[""refactor"", ""ci""]",0.92248797416687,"['36556bf8e0bce4ab6d26eafacbdad04d9614a5d7', '74e9de5ec97dc013a52aa063dff0f40ac74c407b']",0.5,0.5,0.5,False,0.2857142857142857,8192,False,2
"[""test"", ""refactor""]","[""test"", ""fix""]",0.8827903270721436,"['e9617f0854030e70365eb264bcb3b58078e79e9e', '87d5d4e55ab7149b593d29410f1fe426ba2447d4']",0.5,0.5,0.5,False,0.2857142857142857,8192,False,2
"[""feat"", ""refactor""]","[""feat"", ""refactor""]",0.7987897396087646,"['e137f9fdbdb6bf3f85c3f7ac9323785e445844c8', '47ef9104e4a89e80d7cc6c1950bc080841da4a7b']",1.0,1.0,1.0,True,0.0,8192,False,2
"[""refactor"", ""ci""]","[""fix"", ""ci""]",0.8334791660308838,"['2561f4ade46fc9d59f289f328cc77733a6443697', '74e9de5ec97dc013a52aa063dff0f40ac74c407b']",0.5,0.5,0.5,False,0.2857142857142857,8192,False,2
"[""build"", ""ci""]","[""build"", ""ci""]",0.798551082611084,"['5b81fde8a72cf2e69a10e9f5c4f0bea0a2b8c3e0', 'e96487ad7ce90b141219d9032fa2bed68d5dae6a']",1.0,1.0,1.0,True,0.0,8192,False,2
"[""build"", ""test"", ""refactor""]","[""build"", ""test""]",1.023656129837036,"['32b92cfa0b74a6c25990e32ac6aab12b8496794c', '8ee0611fbf0cd89abe7ae588f22e6ecb843598ea']",0.6666666666666666,1.0,0.8,False,0.1428571428571428,8192,False,2
"[""test"", ""ci""]","[""refactor"", ""ci""]",0.815483808517456,"['1db13ec43727aca872a0f3836e4023ed85db665e', '74e9de5ec97dc013a52aa063dff0f40ac74c407b']",0.5,0.5,0.5,False,0.2857142857142857,8192,False,2
"[""refactor"", ""build""]","[""fix"", ""build""]",0.7178480625152588,"['2561f4ade46fc9d59f289f328cc77733a6443697', 'c55591ba157298a9c5816693c102a89dfd058830']",0.5,0.5,0.5,False,0.2857142857142857,8192,False,2
"[""build"", ""test""]","[""build"", ""refactor""]",1.120771884918213,"['5b81fde8a72cf2e69a10e9f5c4f0bea0a2b8c3e0', '1db13ec43727aca872a0f3836e4023ed85db665e']",0.5,0.5,0.5,False,0.2857142857142857,8192,False,2
"[""build"", ""test"", ""ci"", ""feat""]","[""test"", ""ci""]",1.217440128326416,"['8ee0611fbf0cd89abe7ae588f22e6ecb843598ea', 'e96487ad7ce90b141219d9032fa2bed68d5dae6a']",0.5,1.0,0.6666666666666666,False,0.2857142857142857,8192,False,2
"[""test"", ""refactor""]","[""test"", ""refactor""]",0.8450498580932617,"['bedc7950b24c37809e36a585b7985d5aa5e3e458', '062daa45cbd5dba6e96e95d8cdcaee89ae30a83c']",1.0,1.0,1.0,True,0.0,8192,False,2
"[""ci"", ""feat"", ""refactor""]","[""ci"", ""refactor""]",1.2920129299163818,"['74e9de5ec97dc013a52aa063dff0f40ac74c407b', '63eab619e6166eb6cab948028a7b89bf059dd878']",0.6666666666666666,1.0,0.8,False,0.1428571428571428,8192,False,2
"[""test"", ""docs""]","[""test"", ""docs""]",0.9398281574249268,"['317f4eefecddfb1392ca71d551840f446feee302', 'af880ac5b4fecbc6c4f3d1eee0d95f326e8bd9d1']",1.0,1.0,1.0,True,0.0,8192,False,2
"[""feat"", ""fix""]","[""feat"", ""fix""]",1.0712521076202393,"['dc5238b2bda98a7c4f2fe9584fc3b0191a408109', '9ef5c0d14193a9abb09b39856f58477d1f4b0d77']",1.0,1.0,1.0,True,0.0,8192,False,2
"[""refactor"", ""docs""]","[""build"", ""docs""]",0.8464319705963135,"['e4a11fd5c34942ba12737f1c8c084489428ee274', 'e12d9e77a6fd531a22325337838a841b1c67f00d']",0.5,0.5,0.5,False,0.2857142857142857,8192,False,2
"[""build"", ""feat"", ""fix"", ""refactor""]","[""feat"", ""refactor""]",0.9491820335388184,"['6ed56ce9ae743ba9a87e6c9643cc06b1de7b748d', '63eab619e6166eb6cab948028a7b89bf059dd878']",0.5,1.0,0.6666666666666666,False,0.2857142857142857,8192,False,2
"[""ci"", ""fix"", ""docs""]","[""ci"", ""fix"", ""docs""]",1.0451312065124512,"['dbb537a26e388a8d7d17faf131abc30c2f7a84e6', 'd129eaf9125a967ac86c6c7276bbae6b4d50af36', 'cb1f48b56ae0de93acb72e48726c7d610a1d538e']",1.0,1.0,1.0,True,0.0,8192,False,3
"[""fix"", ""build"", ""refactor"", ""feat""]","[""fix"", ""refactor"", ""feat""]",1.2029051780700684,"['933ab6bb86372913c992567cf9660009900911a7', '3cca5c314ad6feeffbfe1f14cf49ebd0fd9a95a2', '6ed56ce9ae743ba9a87e6c9643cc06b1de7b748d']",0.75,1.0,0.8571428571428571,False,0.1428571428571428,8192,False,3
"[""build"", ""feat"", ""ci""]","[""build"", ""feat"", ""ci""]",1.0251200199127195,"['5b81fde8a72cf2e69a10e9f5c4f0bea0a2b8c3e0', 'e137f9fdbdb6bf3f85c3f7ac9323785e445844c8', '32845e1bbd1efb5dbc16f671049509a409ba25ce']",1.0,1.0,1.0,True,0.0,8192,False,3
"[""ci"", ""docs"", ""feat""]","[""ci"", ""docs"", ""feat""]",0.846519947052002,"['45837af24a33308a70a3454f0f650f9fe728e272', '6d405dfc1675dcad64a2dfac0c0cb0fb28381d21', 'f823cf28652987d43c8324b4f5b203240032383a']",1.0,1.0,1.0,True,0.0,8192,False,3
"[""ci"", ""docs"", ""refactor""]","[""ci"", ""docs"", ""build""]",1.4196500778198242,"['6c9cb638cb4d1ecc42632fcf389c24898c5b3244', 'bf83c9155e9bee6925aa7102fab53fb803d52533', 'c323d59c607cabc91f17a78528d998f376f30b10']",0.6666666666666666,0.6666666666666666,0.6666666666666666,False,0.2857142857142857,8192,False,3
"[""test"", ""docs"", ""fix""]","[""test"", ""docs"", ""fix""]",0.7124989032745361,"['229b53a632ea97d47c4be11f096bdd828fb415d8', 'e12d9e77a6fd531a22325337838a841b1c67f00d', 'd129eaf9125a967ac86c6c7276bbae6b4d50af36']",1.0,1.0,1.0,True,0.0,8192,False,3
"[""feat"", ""docs"", ""refactor""]","[""feat"", ""docs"", ""refactor""]",1.1722559928894043,"['68278b00450f2679761a2999500f6d87a579376b', 'c2ee5cd5e709afd15c5565ee009a0d204403a119', '535708ae50aecb452560a23356fd396f99ef13a2']",1.0,1.0,1.0,True,0.0,8192,False,3
"[""docs"", ""ci"", ""test""]","[""docs"", ""ci"", ""test""]",0.781059741973877,"['0cfc5633d37ea06f645649138323f1820e18bdee', '6c9cb638cb4d1ecc42632fcf389c24898c5b3244', 'f411e58cd510f8a2b980b2f1932003a0c0e9f8f3']",1.0,1.0,1.0,True,0.0,8192,False,3
"[""fix""]","[""build"", ""fix"", ""refactor""]",0.8839099407196045,"['1269431c8a3e7549f10fcbbb4b88ff625c8898b3', '933ab6bb86372913c992567cf9660009900911a7', '36556bf8e0bce4ab6d26eafacbdad04d9614a5d7']",1.0,0.3333333333333333,0.5,False,0.2857142857142857,8192,False,3
"[""test"", ""fix"", ""docs""]","[""test"", ""fix"", ""docs""]",0.9473600387573242,"['c7b25726df94a2530c9b1c0d2b6a0acaa103822f', '933ab6bb86372913c992567cf9660009900911a7', 'c2ee5cd5e709afd15c5565ee009a0d204403a119']",1.0,1.0,1.0,True,0.0,8192,False,3
"[""build"", ""refactor"", ""fix""]","[""build"", ""refactor"", ""fix""]",0.730320930480957,"['32b92cfa0b74a6c25990e32ac6aab12b8496794c', '771857b1df9470ebc15357e8879118a72c649d5b', '06e2be4e2019b6fa714e1fcb34485860ef1ede79']",1.0,1.0,1.0,True,0.0,8192,False,3
"[""test"", ""docs"", ""build""]","[""test"", ""docs"", ""build""]",1.181185007095337,"['f411e58cd510f8a2b980b2f1932003a0c0e9f8f3', '036a0ff49a7dade0e04c9c07071a1ff49133ee24', 'c44cf88a6ec54e5ddd99d8348bcc57b301ec7945']",1.0,1.0,1.0,True,0.0,8192,False,3
"[""build"", ""test"", ""feat"", ""refactor""]","[""feat"", ""test"", ""refactor""]",1.2983520030975342,"['6ed56ce9ae743ba9a87e6c9643cc06b1de7b748d', 'c7b25726df94a2530c9b1c0d2b6a0acaa103822f', '535708ae50aecb452560a23356fd396f99ef13a2']",0.75,1.0,0.8571428571428571,False,0.1428571428571428,8192,False,3
"[""docs"", ""refactor"", ""fix""]","[""docs"", ""feat"", ""fix""]",1.0905332565307615,"['6d405dfc1675dcad64a2dfac0c0cb0fb28381d21', 'ded26d768ff432ad3bde3c0aa1e95ce50726100a', 'd129eaf9125a967ac86c6c7276bbae6b4d50af36']",0.6666666666666666,0.6666666666666666,0.6666666666666666,False,0.2857142857142857,8192,False,3
"[""ci"", ""docs"", ""refactor"", ""fix""]","[""ci"", ""docs"", ""fix""]",1.0500071048736572,"['e7a67d88173566be3cd3aed7e9eeb7e29aabbc57', 'c2ee5cd5e709afd15c5565ee009a0d204403a119', 'bed78248c941d57ad4cc20a455147e186e97c7a1']",0.75,1.0,0.8571428571428571,False,0.1428571428571428,8192,False,3
"[""ci"", ""docs"", ""fix""]","[""ci"", ""docs"", ""fix""]",1.1689121723175049,"['74e9de5ec97dc013a52aa063dff0f40ac74c407b', 'aca23027da1295c78fdf42ba9687d8ccc88784d7', 'd129eaf9125a967ac86c6c7276bbae6b4d50af36']",1.0,1.0,1.0,True,0.0,8192,False,3
"[""test"", ""refactor"", ""fix"", ""build""]","[""test"", ""fix"", ""build""]",1.2227132320404053,"['c7b25726df94a2530c9b1c0d2b6a0acaa103822f', 'bed78248c941d57ad4cc20a455147e186e97c7a1', 'c55591ba157298a9c5816693c102a89dfd058830']",0.75,1.0,0.8571428571428571,False,0.1428571428571428,8192,False,3
"[""docs"", ""ci"", ""refactor"", ""fix""]","[""docs"", ""ci"", ""fix""]",0.9999611377716064,"['a52a585d74894b3b4eeb8c784fa089ff95cddad0', 'e7a67d88173566be3cd3aed7e9eeb7e29aabbc57', 'bed78248c941d57ad4cc20a455147e186e97c7a1']",0.75,1.0,0.8571428571428571,False,0.1428571428571428,8192,False,3
"[""build"", ""ci"", ""test""]","[""build"", ""ci"", ""test""]",0.8356280326843262,"['f00a4d3e307b89842250358ee432e6800bb24362', '6c9cb638cb4d1ecc42632fcf389c24898c5b3244', 'c7b25726df94a2530c9b1c0d2b6a0acaa103822f']",1.0,1.0,1.0,True,0.0,8192,False,3
"[""refactor"", ""feat""]","[""refactor"", ""feat"", ""fix""]",0.8899619579315186,"['2954a0955ce9af6acb345ed1e8328e145ad30475', 'dc5238b2bda98a7c4f2fe9584fc3b0191a408109', '9ef5c0d14193a9abb09b39856f58477d1f4b0d77']",1.0,0.6666666666666666,0.8,False,0.1428571428571428,8192,False,3
"[""ci"", ""test"", ""fix""]","[""ci"", ""test"", ""fix""]",1.0441226959228516,"['4cbbd2552ba0de273e1dfe7d453c5b3efed751a3', 'f411e58cd510f8a2b980b2f1932003a0c0e9f8f3', '06e2be4e2019b6fa714e1fcb34485860ef1ede79']",1.0,1.0,1.0,True,0.0,8192,False,3
"[""feat"", ""refactor"", ""test"", ""build""]","[""feat"", ""refactor"", ""build""]",1.1293737888336182,"['b282e90e2cbb74559aab79eee8443a4d7c85502a', '1db13ec43727aca872a0f3836e4023ed85db665e', '37b1cbfd3d2c462ef4f2a131e4172c38dc8d9ddf']",0.75,1.0,0.8571428571428571,False,0.1428571428571428,8192,False,3
"[""fix"", ""feat"", ""ci""]","[""fix"", ""feat"", ""ci""]",1.0469229221343994,"['d129eaf9125a967ac86c6c7276bbae6b4d50af36', 'fd8e563cc19ca4684885d4692acee6bebcca4ada', '173553c0372e66e03bdab19e0e6c2dd44daa14a0']",1.0,1.0,1.0,True,0.0,8192,False,3
"[""docs"", ""feat"", ""test""]","[""docs"", ""refactor"", ""test""]",1.003547191619873,"['036a0ff49a7dade0e04c9c07071a1ff49133ee24', '63eab619e6166eb6cab948028a7b89bf059dd878', '229b53a632ea97d47c4be11f096bdd828fb415d8']",0.6666666666666666,0.6666666666666666,0.6666666666666666,False,0.2857142857142857,8192,False,3
"[""test"", ""ci"", ""feat""]","[""test"", ""ci"", ""feat""]",1.008193016052246,"['c7b25726df94a2530c9b1c0d2b6a0acaa103822f', '32845e1bbd1efb5dbc16f671049509a409ba25ce', 'b282e90e2cbb74559aab79eee8443a4d7c85502a']",1.0,1.0,1.0,True,0.0,8192,False,3
"[""feat"", ""build"", ""fix""]","[""feat"", ""build"", ""refactor""]",0.8421220779418945,"['f9a094918b62534614c47aa8a13f33aec751a1e0', '5b81fde8a72cf2e69a10e9f5c4f0bea0a2b8c3e0', '36556bf8e0bce4ab6d26eafacbdad04d9614a5d7']",0.6666666666666666,0.6666666666666666,0.6666666666666666,False,0.2857142857142857,8192,False,3
"[""feat"", ""build"", ""docs""]","[""feat"", ""build"", ""docs""]",1.3234450817108154,"['e137f9fdbdb6bf3f85c3f7ac9323785e445844c8', '37b1cbfd3d2c462ef4f2a131e4172c38dc8d9ddf', 'e12d9e77a6fd531a22325337838a841b1c67f00d']",1.0,1.0,1.0,True,0.0,8192,False,3
"[""build"", ""fix"", ""ci""]","[""build"", ""refactor"", ""ci""]",1.0729680061340332,"['f00a4d3e307b89842250358ee432e6800bb24362', '36556bf8e0bce4ab6d26eafacbdad04d9614a5d7', '4cbbd2552ba0de273e1dfe7d453c5b3efed751a3']",0.6666666666666666,0.6666666666666666,0.6666666666666666,False,0.2857142857142857,8192,False,3
"[""docs"", ""ci"", ""build""]","[""docs"", ""ci"", ""build""]",0.8016440868377686,"['cb1f48b56ae0de93acb72e48726c7d610a1d538e', 'e96487ad7ce90b141219d9032fa2bed68d5dae6a', '454003841aabeb74396d73541378bfa59c75b5db']",1.0,1.0,1.0,True,0.0,8192,False,3
"[""fix"", ""test"", ""build""]","[""fix"", ""test"", ""build""]",1.433218002319336,"['d129eaf9125a967ac86c6c7276bbae6b4d50af36', 'e2e8ad25854bd1e7cdbc7f50b50bbd99e04ad47d', '1269431c8a3e7549f10fcbbb4b88ff625c8898b3']",1.0,1.0,1.0,True,0.0,8192,False,3
"[""docs"", ""feat""]","[""refactor"", ""docs"", ""feat""]",0.8310620784759521,"['2954a0955ce9af6acb345ed1e8328e145ad30475', 'a52a585d74894b3b4eeb8c784fa089ff95cddad0', 'b282e90e2cbb74559aab79eee8443a4d7c85502a']",1.0,0.6666666666666666,0.8,False,0.1428571428571428,8192,False,3
"[""docs"", ""test""]","[""docs"", ""refactor"", ""test""]",0.891730785369873,"['0cfc5633d37ea06f645649138323f1820e18bdee', '1db13ec43727aca872a0f3836e4023ed85db665e', 'bedc7950b24c37809e36a585b7985d5aa5e3e458']",1.0,0.6666666666666666,0.8,False,0.1428571428571428,8192,False,3
"[""fix"", ""docs"", ""test""]","[""fix"", ""docs"", ""test""]",0.8653850555419922,"['933ab6bb86372913c992567cf9660009900911a7', '0cfc5633d37ea06f645649138323f1820e18bdee', 'c7b25726df94a2530c9b1c0d2b6a0acaa103822f']",1.0,1.0,1.0,True,0.0,8192,False,3
"[""fix"", ""ci"", ""test""]","[""refactor"", ""ci"", ""test""]",0.844346284866333,"['36556bf8e0bce4ab6d26eafacbdad04d9614a5d7', '6c9cb638cb4d1ecc42632fcf389c24898c5b3244', '229b53a632ea97d47c4be11f096bdd828fb415d8']",0.6666666666666666,0.6666666666666666,0.6666666666666666,False,0.2857142857142857,8192,False,3
"[""ci"", ""test"", ""docs""]","[""ci"", ""test"", ""docs""]",1.7288389205932615,"['c5fa7b80438fbd74f4c341f0d3c9bd9e0f4910da', '229b53a632ea97d47c4be11f096bdd828fb415d8', 'aca23027da1295c78fdf42ba9687d8ccc88784d7']",1.0,1.0,1.0,True,0.0,8192,False,3
"[""feat"", ""docs"", ""fix""]","[""feat"", ""docs"", ""fix""]",1.092512130737305,"['f823cf28652987d43c8324b4f5b203240032383a', '0cfc5633d37ea06f645649138323f1820e18bdee', '9ef5c0d14193a9abb09b39856f58477d1f4b0d77']",1.0,1.0,1.0,True,0.0,8192,False,3
"[""test"", ""fix"", ""build""]","[""test"", ""fix"", ""build""]",0.860637903213501,"['317f4eefecddfb1392ca71d551840f446feee302', '06e2be4e2019b6fa714e1fcb34485860ef1ede79', 'c55591ba157298a9c5816693c102a89dfd058830']",1.0,1.0,1.0,True,0.0,8192,False,3
"[""feat"", ""docs""]","[""feat"", ""docs"", ""refactor""]",1.0151431560516355,"['e137f9fdbdb6bf3f85c3f7ac9323785e445844c8', 'bf83c9155e9bee6925aa7102fab53fb803d52533', '36556bf8e0bce4ab6d26eafacbdad04d9614a5d7']",1.0,0.6666666666666666,0.8,False,0.1428571428571428,8192,False,3
"[""fix"", ""ci"", ""build""]","[""fix"", ""ci"", ""build""]",1.0448451042175293,"['d129eaf9125a967ac86c6c7276bbae6b4d50af36', '6c9cb638cb4d1ecc42632fcf389c24898c5b3244', 'c44cf88a6ec54e5ddd99d8348bcc57b301ec7945']",1.0,1.0,1.0,True,0.0,8192,False,3
"[""refactor"", ""docs""]","[""fix"", ""refactor"", ""docs""]",0.941612720489502,"['2561f4ade46fc9d59f289f328cc77733a6443697', '2954a0955ce9af6acb345ed1e8328e145ad30475', 'a52a585d74894b3b4eeb8c784fa089ff95cddad0']",1.0,0.6666666666666666,0.8,False,0.1428571428571428,8192,False,3
"[""build"", ""feat"", ""fix""]","[""build"", ""feat"", ""fix""]",0.987807035446167,"['c55591ba157298a9c5816693c102a89dfd058830', 'dc5238b2bda98a7c4f2fe9584fc3b0191a408109', '9be725fa3906323d4bc9788f54eccf74109d632b']",1.0,1.0,1.0,True,0.0,8192,False,3
"[""test"", ""fix"", ""feat"", ""refactor""]","[""test"", ""refactor"", ""feat""]",1.260657787322998,"['229b53a632ea97d47c4be11f096bdd828fb415d8', '36556bf8e0bce4ab6d26eafacbdad04d9614a5d7', 'ded26d768ff432ad3bde3c0aa1e95ce50726100a']",0.75,1.0,0.8571428571428571,False,0.1428571428571428,8192,False,3
"[""test"", ""build"", ""ci""]","[""test"", ""build"", ""ci""]",1.187518835067749,"['e0198f74b81da3663144cfe1d971939319f82a0f', 'c55591ba157298a9c5816693c102a89dfd058830', 'e7a67d88173566be3cd3aed7e9eeb7e29aabbc57']",1.0,1.0,1.0,True,0.0,8192,False,3
"[""test"", ""fix"", ""docs""]","[""test"", ""fix"", ""docs""]",0.8523247241973877,"['bedc7950b24c37809e36a585b7985d5aa5e3e458', '933ab6bb86372913c992567cf9660009900911a7', '6d405dfc1675dcad64a2dfac0c0cb0fb28381d21']",1.0,1.0,1.0,True,0.0,8192,False,3
"[""fix"", ""build"", ""test""]","[""fix"", ""build"", ""test""]",0.8969478607177734,"['d129eaf9125a967ac86c6c7276bbae6b4d50af36', '32b92cfa0b74a6c25990e32ac6aab12b8496794c', '317f4eefecddfb1392ca71d551840f446feee302']",1.0,1.0,1.0,True,0.0,8192,False,3
"[""feat"", ""fix"", ""ci""]","[""feat"", ""fix"", ""ci""]",0.9948091506958008,"['f823cf28652987d43c8324b4f5b203240032383a', '9be725fa3906323d4bc9788f54eccf74109d632b', '32845e1bbd1efb5dbc16f671049509a409ba25ce']",1.0,1.0,1.0,True,0.0,8192,False,3
"[""fix"", ""docs"", ""build""]","[""fix"", ""docs"", ""build""]",0.9219729900360109,"['9ef5c0d14193a9abb09b39856f58477d1f4b0d77', 'a52a585d74894b3b4eeb8c784fa089ff95cddad0', '37b1cbfd3d2c462ef4f2a131e4172c38dc8d9ddf']",1.0,1.0,1.0,True,0.0,8192,False,3
"[""feat"", ""ci"", ""docs""]","[""fix"", ""ci"", ""docs""]",1.0692529678344729,"['87d5d4e55ab7149b593d29410f1fe426ba2447d4', '4cbbd2552ba0de273e1dfe7d453c5b3efed751a3', '6d405dfc1675dcad64a2dfac0c0cb0fb28381d21']",0.6666666666666666,0.6666666666666666,0.6666666666666666,False,0.2857142857142857,8192,False,3
"[""feat"", ""docs"", ""refactor"", ""fix""]","[""feat"", ""docs"", ""fix""]",1.0697252750396729,"['fd8e563cc19ca4684885d4692acee6bebcca4ada', 'cb1f48b56ae0de93acb72e48726c7d610a1d538e', 'bed78248c941d57ad4cc20a455147e186e97c7a1']",0.75,1.0,0.8571428571428571,False,0.1428571428571428,8192,False,3
"[""feat"", ""fix"", ""refactor""]","[""feat"", ""fix"", ""refactor""]",0.993168830871582,"['1bcf88670b50155b50071e707f98f30cea0b7a24', '9ef5c0d14193a9abb09b39856f58477d1f4b0d77', '062daa45cbd5dba6e96e95d8cdcaee89ae30a83c']",1.0,1.0,1.0,True,0.0,8192,False,3
"[""refactor"", ""fix"", ""docs"", ""test""]","[""fix"", ""docs"", ""test""]",1.01635479927063,"['bed78248c941d57ad4cc20a455147e186e97c7a1', 'a52a585d74894b3b4eeb8c784fa089ff95cddad0', 'e9617f0854030e70365eb264bcb3b58078e79e9e']",0.75,1.0,0.8571428571428571,False,0.1428571428571428,8192,False,3
"[""docs"", ""ci"", ""refactor""]","[""docs"", ""ci"", ""feat""]",1.1754510402679443,"['c2ee5cd5e709afd15c5565ee009a0d204403a119', 'dbb537a26e388a8d7d17faf131abc30c2f7a84e6', 'ded26d768ff432ad3bde3c0aa1e95ce50726100a']",0.6666666666666666,0.6666666666666666,0.6666666666666666,False,0.2857142857142857,8192,False,3
"[""build"", ""ci"", ""docs"", ""refactor""]","[""build"", ""ci"", ""refactor""]",0.8559949398040771,"['454003841aabeb74396d73541378bfa59c75b5db', 'dbb537a26e388a8d7d17faf131abc30c2f7a84e6', '062daa45cbd5dba6e96e95d8cdcaee89ae30a83c']",0.75,1.0,0.8571428571428571,False,0.1428571428571428,8192,False,3
"[""feat"", ""refactor"", ""test""]","[""feat"", ""fix"", ""test""]",0.9951879978179932,"['fd8e563cc19ca4684885d4692acee6bebcca4ada', 'd1d55e787b7d07f763852602b9939a5394607fd9', 'b7ce2894fd1794064bd6db4ed730bb6cb7728739']",0.6666666666666666,0.6666666666666666,0.6666666666666666,False,0.2857142857142857,8192,False,3
"[""docs"", ""test"", ""build""]","[""docs"", ""test"", ""build""]",0.8082842826843262,"['bf83c9155e9bee6925aa7102fab53fb803d52533', 'b7ce2894fd1794064bd6db4ed730bb6cb7728739', '37b1cbfd3d2c462ef4f2a131e4172c38dc8d9ddf']",1.0,1.0,1.0,True,0.0,8192,False,3
"[""fix"", ""ci"", ""test""]","[""fix"", ""ci"", ""test""]",0.9152438640594482,"['d129eaf9125a967ac86c6c7276bbae6b4d50af36', 'e7a67d88173566be3cd3aed7e9eeb7e29aabbc57', '317f4eefecddfb1392ca71d551840f446feee302']",1.0,1.0,1.0,True,0.0,8192,False,3
"[""docs"", ""ci""]","[""docs"", ""fix"", ""ci""]",0.8466968536376953,"['c2ee5cd5e709afd15c5565ee009a0d204403a119', 'd1d55e787b7d07f763852602b9939a5394607fd9', '6c9cb638cb4d1ecc42632fcf389c24898c5b3244']",1.0,0.6666666666666666,0.8,False,0.1428571428571428,8192,False,3
"[""ci"", ""fix"", ""docs""]","[""ci"", ""fix"", ""docs""]",0.6908659934997559,"['dbb537a26e388a8d7d17faf131abc30c2f7a84e6', 'c8e0ae8612df3d6f2831acc004aaac332f6105e4', 'e12d9e77a6fd531a22325337838a841b1c67f00d']",1.0,1.0,1.0,True,0.0,8192,False,3
"[""build"", ""docs""]","[""build"", ""docs"", ""refactor""]",0.879025936126709,"['c55591ba157298a9c5816693c102a89dfd058830', 'c2ee5cd5e709afd15c5565ee009a0d204403a119', 'a62314d9bb632be6af026686615d14b912250512']",1.0,0.6666666666666666,0.8,False,0.1428571428571428,8192,False,3
"[""refactor"", ""build""]","[""fix"", ""build"", ""refactor""]",0.8968119621276855,"['d1d55e787b7d07f763852602b9939a5394607fd9', '32b92cfa0b74a6c25990e32ac6aab12b8496794c', '062daa45cbd5dba6e96e95d8cdcaee89ae30a83c']",1.0,0.6666666666666666,0.8,False,0.1428571428571428,8192,False,3
"[""test"", ""build""]","[""test"", ""docs"", ""build""]",0.9766111373901368,"['f411e58cd510f8a2b980b2f1932003a0c0e9f8f3', 'af880ac5b4fecbc6c4f3d1eee0d95f326e8bd9d1', '1269431c8a3e7549f10fcbbb4b88ff625c8898b3']",1.0,0.6666666666666666,0.8,False,0.1428571428571428,8192,False,3
"[""feat"", ""fix"", ""test""]","[""feat"", ""fix"", ""test""]",0.8222188949584961,"['f9a094918b62534614c47aa8a13f33aec751a1e0', '87d5d4e55ab7149b593d29410f1fe426ba2447d4', '317f4eefecddfb1392ca71d551840f446feee302']",1.0,1.0,1.0,True,0.0,8192,False,3
"[""test"", ""fix"", ""feat""]","[""test"", ""fix"", ""feat""]",0.8191812038421631,"['229b53a632ea97d47c4be11f096bdd828fb415d8', 'c8e0ae8612df3d6f2831acc004aaac332f6105e4', 'f823cf28652987d43c8324b4f5b203240032383a']",1.0,1.0,1.0,True,0.0,8192,False,3
"[""feat"", ""fix"", ""docs""]","[""feat"", ""fix"", ""docs""]",0.8403890132904053,"['dc5238b2bda98a7c4f2fe9584fc3b0191a408109', '06e2be4e2019b6fa714e1fcb34485860ef1ede79', 'af880ac5b4fecbc6c4f3d1eee0d95f326e8bd9d1']",1.0,1.0,1.0,True,0.0,8192,False,3
"[""ci"", ""refactor"", ""docs"", ""test""]","[""ci"", ""docs"", ""test""]",0.945051908493042,"['173553c0372e66e03bdab19e0e6c2dd44daa14a0', 'e12d9e77a6fd531a22325337838a841b1c67f00d', 'c7b25726df94a2530c9b1c0d2b6a0acaa103822f']",0.75,1.0,0.8571428571428571,False,0.1428571428571428,8192,False,3
"[""ci"", ""refactor"", ""docs""]","[""ci"", ""fix"", ""docs""]",0.8681201934814453,"['dbb537a26e388a8d7d17faf131abc30c2f7a84e6', '2561f4ade46fc9d59f289f328cc77733a6443697', 'e12d9e77a6fd531a22325337838a841b1c67f00d']",0.6666666666666666,0.6666666666666666,0.6666666666666666,False,0.2857142857142857,8192,False,3
"[""feat"", ""fix"", ""test""]","[""feat"", ""fix"", ""test""]",1.1609630584716797,"['f823cf28652987d43c8324b4f5b203240032383a', '9ef5c0d14193a9abb09b39856f58477d1f4b0d77', '229b53a632ea97d47c4be11f096bdd828fb415d8']",1.0,1.0,1.0,True,0.0,8192,False,3
"[""docs"", ""ci"", ""refactor""]","[""docs"", ""ci"", ""feat""]",0.9424030780792236,"['6d405dfc1675dcad64a2dfac0c0cb0fb28381d21', '173553c0372e66e03bdab19e0e6c2dd44daa14a0', 'b282e90e2cbb74559aab79eee8443a4d7c85502a']",0.6666666666666666,0.6666666666666666,0.6666666666666666,False,0.2857142857142857,8192,False,3
"[""ci"", ""docs"", ""build""]","[""ci"", ""docs"", ""build""]",0.9324338436126708,"['c5fa7b80438fbd74f4c341f0d3c9bd9e0f4910da', '036a0ff49a7dade0e04c9c07071a1ff49133ee24', 'c44cf88a6ec54e5ddd99d8348bcc57b301ec7945']",1.0,1.0,1.0,True,0.0,8192,False,3
"[""ci"", ""refactor""]","[""ci"", ""feat"", ""build""]",0.7518482208251953,"['32845e1bbd1efb5dbc16f671049509a409ba25ce', 'b282e90e2cbb74559aab79eee8443a4d7c85502a', '37b1cbfd3d2c462ef4f2a131e4172c38dc8d9ddf']",0.5,0.3333333333333333,0.4,False,0.4285714285714285,8192,False,3
"[""test"", ""build"", ""fix"", ""feat""]","[""test"", ""build"", ""fix"", ""feat""]",0.9230830669403076,"['e0198f74b81da3663144cfe1d971939319f82a0f', 'f00a4d3e307b89842250358ee432e6800bb24362', 'd129eaf9125a967ac86c6c7276bbae6b4d50af36', 'dc5238b2bda98a7c4f2fe9584fc3b0191a408109']",1.0,1.0,1.0,True,0.0,8192,False,4
"[""ci"", ""build"", ""test"", ""refactor"", ""docs""]","[""ci"", ""build"", ""test"", ""docs""]",0.982473850250244,"['c5fa7b80438fbd74f4c341f0d3c9bd9e0f4910da', '1269431c8a3e7549f10fcbbb4b88ff625c8898b3', 'e2e8ad25854bd1e7cdbc7f50b50bbd99e04ad47d', '036a0ff49a7dade0e04c9c07071a1ff49133ee24']",0.8,1.0,0.888888888888889,False,0.1428571428571428,8192,False,4
"[""fix"", ""feat"", ""docs"", ""test""]","[""refactor"", ""feat"", ""docs"", ""test""]",1.7680878639221191,"['3cca5c314ad6feeffbfe1f14cf49ebd0fd9a95a2', 'dc5238b2bda98a7c4f2fe9584fc3b0191a408109', 'aca23027da1295c78fdf42ba9687d8ccc88784d7', '229b53a632ea97d47c4be11f096bdd828fb415d8']",0.75,0.75,0.75,False,0.2857142857142857,8192,False,4
"[""refactor"", ""test"", ""build"", ""feat""]","[""fix"", ""test"", ""build"", ""refactor""]",1.290194034576416,"['d1d55e787b7d07f763852602b9939a5394607fd9', 'bedc7950b24c37809e36a585b7985d5aa5e3e458', 'c55591ba157298a9c5816693c102a89dfd058830', '535708ae50aecb452560a23356fd396f99ef13a2']",0.75,0.75,0.75,False,0.2857142857142857,8192,False,4
"[""docs"", ""build"", ""ci"", ""feat""]","[""docs"", ""build"", ""ci"", ""feat""]",1.3075230121612549,"['a52a585d74894b3b4eeb8c784fa089ff95cddad0', '1269431c8a3e7549f10fcbbb4b88ff625c8898b3', '45837af24a33308a70a3454f0f650f9fe728e272', 'e137f9fdbdb6bf3f85c3f7ac9323785e445844c8']",1.0,1.0,1.0,True,0.0,8192,False,4
"[""test"", ""refactor"", ""feat"", ""ci""]","[""test"", ""fix"", ""refactor"", ""ci""]",1.1227688789367676,"['e9617f0854030e70365eb264bcb3b58078e79e9e', 'bed78248c941d57ad4cc20a455147e186e97c7a1', '535708ae50aecb452560a23356fd396f99ef13a2', 'c5fa7b80438fbd74f4c341f0d3c9bd9e0f4910da']",0.75,0.75,0.75,False,0.2857142857142857,8192,False,4
"[""ci"", ""refactor"", ""feat""]","[""ci"", ""fix"", ""feat"", ""refactor""]",1.3603999614715576,"['e7a67d88173566be3cd3aed7e9eeb7e29aabbc57', 'bed78248c941d57ad4cc20a455147e186e97c7a1', 'f823cf28652987d43c8324b4f5b203240032383a', '2954a0955ce9af6acb345ed1e8328e145ad30475']",1.0,0.75,0.8571428571428571,False,0.1428571428571428,8192,False,4
"[""docs"", ""ci"", ""test"", ""refactor"", ""fix""]","[""docs"", ""ci"", ""test"", ""refactor""]",1.215811252593994,"['aca23027da1295c78fdf42ba9687d8ccc88784d7', '74e9de5ec97dc013a52aa063dff0f40ac74c407b', '317f4eefecddfb1392ca71d551840f446feee302', '3cca5c314ad6feeffbfe1f14cf49ebd0fd9a95a2']",0.8,1.0,0.888888888888889,False,0.1428571428571428,8192,False,4
"[""fix"", ""feat"", ""docs"", ""build""]","[""fix"", ""feat"", ""build"", ""docs""]",1.0916051864624023,"['9be725fa3906323d4bc9788f54eccf74109d632b', 'e137f9fdbdb6bf3f85c3f7ac9323785e445844c8', 'c323d59c607cabc91f17a78528d998f376f30b10', '0cfc5633d37ea06f645649138323f1820e18bdee']",1.0,1.0,1.0,True,0.0,8192,False,4
"[""docs"", ""test"", ""fix""]","[""docs"", ""feat"", ""test"", ""fix""]",1.8079099655151367,"['0cfc5633d37ea06f645649138323f1820e18bdee', '1bcf88670b50155b50071e707f98f30cea0b7a24', '229b53a632ea97d47c4be11f096bdd828fb415d8', '87d5d4e55ab7149b593d29410f1fe426ba2447d4']",1.0,0.75,0.8571428571428571,False,0.1428571428571428,8192,False,4
"[""build"", ""refactor"", ""test"", ""ci""]","[""build"", ""refactor"", ""test"", ""ci""]",1.0144121646881104,"['c55591ba157298a9c5816693c102a89dfd058830', '062daa45cbd5dba6e96e95d8cdcaee89ae30a83c', 'c7b25726df94a2530c9b1c0d2b6a0acaa103822f', 'dbb537a26e388a8d7d17faf131abc30c2f7a84e6']",1.0,1.0,1.0,True,0.0,8192,False,4
"[""feat"", ""fix"", ""test"", ""refactor""]","[""feat"", ""fix"", ""test"", ""refactor""]",1.0582358837127686,"['dc5238b2bda98a7c4f2fe9584fc3b0191a408109', 'c8e0ae8612df3d6f2831acc004aaac332f6105e4', 'f411e58cd510f8a2b980b2f1932003a0c0e9f8f3', '47ef9104e4a89e80d7cc6c1950bc080841da4a7b']",1.0,1.0,1.0,True,0.0,8192,False,4
"[""feat"", ""refactor"", ""docs"", ""test"", ""ci""]","[""refactor"", ""docs"", ""test"", ""ci""]",1.1490049362182615,"['63eab619e6166eb6cab948028a7b89bf059dd878', 'aca23027da1295c78fdf42ba9687d8ccc88784d7', 'f411e58cd510f8a2b980b2f1932003a0c0e9f8f3', 'e7a67d88173566be3cd3aed7e9eeb7e29aabbc57']",0.8,1.0,0.888888888888889,False,0.1428571428571428,8192,False,4
"[""docs"", ""test"", ""refactor"", ""fix""]","[""docs"", ""refactor"", ""test"", ""fix""]",1.5549819469451904,"['aca23027da1295c78fdf42ba9687d8ccc88784d7', '062daa45cbd5dba6e96e95d8cdcaee89ae30a83c', 'b7ce2894fd1794064bd6db4ed730bb6cb7728739', '06e2be4e2019b6fa714e1fcb34485860ef1ede79']",1.0,1.0,1.0,True,0.0,8192,False,4
"[""test"", ""docs"", ""build"", ""ci""]","[""test"", ""docs"", ""build"", ""ci""]",1.2611260414123535,"['317f4eefecddfb1392ca71d551840f446feee302', 'aca23027da1295c78fdf42ba9687d8ccc88784d7', 'f00a4d3e307b89842250358ee432e6800bb24362', '32845e1bbd1efb5dbc16f671049509a409ba25ce']",1.0,1.0,1.0,True,0.0,8192,False,4
"[""fix"", ""refactor"", ""docs"", ""test""]","[""fix"", ""refactor"", ""docs"", ""test""]",1.1082282066345217,"['933ab6bb86372913c992567cf9660009900911a7', '3cca5c314ad6feeffbfe1f14cf49ebd0fd9a95a2', 'a52a585d74894b3b4eeb8c784fa089ff95cddad0', '229b53a632ea97d47c4be11f096bdd828fb415d8']",1.0,1.0,1.0,True,0.0,8192,False,4
"[""refactor"", ""ci"", ""docs"", ""build""]","[""refactor"", ""ci"", ""docs"", ""build""]",0.927504062652588,"['63eab619e6166eb6cab948028a7b89bf059dd878', '6c9cb638cb4d1ecc42632fcf389c24898c5b3244', 'a52a585d74894b3b4eeb8c784fa089ff95cddad0', 'c55591ba157298a9c5816693c102a89dfd058830']",1.0,1.0,1.0,True,0.0,8192,False,4
"[""ci"", ""build"", ""test"", ""feat"", ""refactor""]","[""ci"", ""build"", ""test"", ""fix""]",1.1330790519714355,"['173553c0372e66e03bdab19e0e6c2dd44daa14a0', 'c55591ba157298a9c5816693c102a89dfd058830', '8ee0611fbf0cd89abe7ae588f22e6ecb843598ea', '87d5d4e55ab7149b593d29410f1fe426ba2447d4']",0.6,0.75,0.6666666666666665,False,0.4285714285714285,8192,False,4
"[""ci"", ""build"", ""feat"", ""fix""]","[""ci"", ""build"", ""feat"", ""fix""]",1.047611951828003,"['32845e1bbd1efb5dbc16f671049509a409ba25ce', '32b92cfa0b74a6c25990e32ac6aab12b8496794c', 'fd8e563cc19ca4684885d4692acee6bebcca4ada', '933ab6bb86372913c992567cf9660009900911a7']",1.0,1.0,1.0,True,0.0,8192,False,4
"[""test"", ""build"", ""refactor"", ""feat""]","[""test"", ""build"", ""fix"", ""feat""]",1.082496166229248,"['317f4eefecddfb1392ca71d551840f446feee302', '454003841aabeb74396d73541378bfa59c75b5db', '933ab6bb86372913c992567cf9660009900911a7', '6ed56ce9ae743ba9a87e6c9643cc06b1de7b748d']",0.75,0.75,0.75,False,0.2857142857142857,8192,False,4
"[""docs"", ""test"", ""fix""]","[""fix"", ""docs"", ""test"", ""refactor""]",0.5861849784851074,"['d1d55e787b7d07f763852602b9939a5394607fd9', '6d405dfc1675dcad64a2dfac0c0cb0fb28381d21', 'e0198f74b81da3663144cfe1d971939319f82a0f', '36556bf8e0bce4ab6d26eafacbdad04d9614a5d7']",1.0,0.75,0.8571428571428571,False,0.1428571428571428,8192,False,4
"[""ci"", ""docs"", ""build"", ""feat""]","[""ci"", ""docs"", ""build"", ""feat""]",0.9626598358154296,"['e7a67d88173566be3cd3aed7e9eeb7e29aabbc57', '6d405dfc1675dcad64a2dfac0c0cb0fb28381d21', 'c44cf88a6ec54e5ddd99d8348bcc57b301ec7945', 'f9a094918b62534614c47aa8a13f33aec751a1e0']",1.0,1.0,1.0,True,0.0,8192,False,4
"[""refactor"", ""test"", ""feat"", ""docs""]","[""fix"", ""test"", ""feat"", ""docs""]",1.0428762435913086,"['2561f4ade46fc9d59f289f328cc77733a6443697', 'e0198f74b81da3663144cfe1d971939319f82a0f', '1bcf88670b50155b50071e707f98f30cea0b7a24', '6d405dfc1675dcad64a2dfac0c0cb0fb28381d21']",0.75,0.75,0.75,False,0.2857142857142857,8192,False,4
"[""ci"", ""fix"", ""test"", ""docs""]","[""ci"", ""fix"", ""test"", ""docs""]",1.0076580047607422,"['4cbbd2552ba0de273e1dfe7d453c5b3efed751a3', '933ab6bb86372913c992567cf9660009900911a7', 'b7ce2894fd1794064bd6db4ed730bb6cb7728739', 'af880ac5b4fecbc6c4f3d1eee0d95f326e8bd9d1']",1.0,1.0,1.0,True,0.0,8192,False,4
"[""feat"", ""ci"", ""refactor"", ""fix""]","[""feat"", ""ci"", ""refactor"", ""fix""]",1.231846809387207,"['f823cf28652987d43c8324b4f5b203240032383a', '45837af24a33308a70a3454f0f650f9fe728e272', '36556bf8e0bce4ab6d26eafacbdad04d9614a5d7', 'bed78248c941d57ad4cc20a455147e186e97c7a1']",1.0,1.0,1.0,True,0.0,8192,False,4
"[""feat"", ""refactor"", ""docs"", ""build""]","[""refactor"", ""feat"", ""docs"", ""build""]",1.476708173751831,"['63eab619e6166eb6cab948028a7b89bf059dd878', 'e137f9fdbdb6bf3f85c3f7ac9323785e445844c8', 'a52a585d74894b3b4eeb8c784fa089ff95cddad0', 'f00a4d3e307b89842250358ee432e6800bb24362']",1.0,1.0,1.0,True,0.0,8192,False,4
"[""build"", ""test"", ""feat"", ""fix"", ""ci""]","[""build"", ""test"", ""ci"", ""refactor""]",1.1229517459869385,"['1269431c8a3e7549f10fcbbb4b88ff625c8898b3', '8ee0611fbf0cd89abe7ae588f22e6ecb843598ea', '45837af24a33308a70a3454f0f650f9fe728e272', '63eab619e6166eb6cab948028a7b89bf059dd878']",0.6,0.75,0.6666666666666665,False,0.4285714285714285,8192,False,4
"[""build"", ""docs"", ""refactor""]","[""build"", ""docs"", ""feat"", ""fix""]",0.8134152889251709,"['37b1cbfd3d2c462ef4f2a131e4172c38dc8d9ddf', '6d405dfc1675dcad64a2dfac0c0cb0fb28381d21', 'b282e90e2cbb74559aab79eee8443a4d7c85502a', '2561f4ade46fc9d59f289f328cc77733a6443697']",0.6666666666666666,0.5,0.5714285714285715,False,0.4285714285714285,8192,False,4
"[""build"", ""test"", ""refactor"", ""feat"", ""ci""]","[""build"", ""test"", ""ci"", ""feat""]",1.1190400123596191,"['c55591ba157298a9c5816693c102a89dfd058830', '317f4eefecddfb1392ca71d551840f446feee302', 'c5fa7b80438fbd74f4c341f0d3c9bd9e0f4910da', '6ed56ce9ae743ba9a87e6c9643cc06b1de7b748d']",0.8,1.0,0.888888888888889,False,0.1428571428571428,8192,False,4
"[""fix"", ""build"", ""docs"", ""refactor""]","[""fix"", ""build"", ""docs"", ""refactor""]",1.0453088283538818,"['933ab6bb86372913c992567cf9660009900911a7', '5b81fde8a72cf2e69a10e9f5c4f0bea0a2b8c3e0', 'c2ee5cd5e709afd15c5565ee009a0d204403a119', '3cca5c314ad6feeffbfe1f14cf49ebd0fd9a95a2']",1.0,1.0,1.0,True,0.0,8192,False,4
"[""fix"", ""feat"", ""docs"", ""ci""]","[""fix"", ""feat"", ""docs"", ""ci""]",0.9903559684753418,"['933ab6bb86372913c992567cf9660009900911a7', 'dc5238b2bda98a7c4f2fe9584fc3b0191a408109', '036a0ff49a7dade0e04c9c07071a1ff49133ee24', 'e7a67d88173566be3cd3aed7e9eeb7e29aabbc57']",1.0,1.0,1.0,True,0.0,8192,False,4
"[""test"", ""fix"", ""feat"", ""refactor""]","[""docs"", ""fix"", ""feat"", ""refactor""]",1.1783409118652344,"['af880ac5b4fecbc6c4f3d1eee0d95f326e8bd9d1', 'c8e0ae8612df3d6f2831acc004aaac332f6105e4', 'f9a094918b62534614c47aa8a13f33aec751a1e0', '47ef9104e4a89e80d7cc6c1950bc080841da4a7b']",0.75,0.75,0.75,False,0.2857142857142857,8192,False,4
"[""fix"", ""feat"", ""ci""]","[""fix"", ""build"", ""feat"", ""ci""]",0.9370169639587402,"['d129eaf9125a967ac86c6c7276bbae6b4d50af36', '1269431c8a3e7549f10fcbbb4b88ff625c8898b3', 'e137f9fdbdb6bf3f85c3f7ac9323785e445844c8', '173553c0372e66e03bdab19e0e6c2dd44daa14a0']",1.0,0.75,0.8571428571428571,False,0.1428571428571428,8192,False,4
"[""feat"", ""refactor"", ""docs"", ""test"", ""build""]","[""feat"", ""refactor"", ""test"", ""build""]",1.126575946807861,"['dc5238b2bda98a7c4f2fe9584fc3b0191a408109', '771857b1df9470ebc15357e8879118a72c649d5b', 'b7ce2894fd1794064bd6db4ed730bb6cb7728739', 'c323d59c607cabc91f17a78528d998f376f30b10']",0.8,1.0,0.888888888888889,False,0.1428571428571428,8192,False,4
"[""build"", ""test"", ""ci"", ""fix"", ""refactor""]","[""build"", ""test"", ""ci"", ""fix""]",1.03818678855896,"['5b81fde8a72cf2e69a10e9f5c4f0bea0a2b8c3e0', 'b7ce2894fd1794064bd6db4ed730bb6cb7728739', '74e9de5ec97dc013a52aa063dff0f40ac74c407b', 'd129eaf9125a967ac86c6c7276bbae6b4d50af36']",0.8,1.0,0.888888888888889,False,0.1428571428571428,8192,False,4
"[""docs"", ""build"", ""ci""]","[""docs"", ""feat"", ""build"", ""ci""]",1.2164301872253418,"['af880ac5b4fecbc6c4f3d1eee0d95f326e8bd9d1', 'ded26d768ff432ad3bde3c0aa1e95ce50726100a', '454003841aabeb74396d73541378bfa59c75b5db', '4cbbd2552ba0de273e1dfe7d453c5b3efed751a3']",1.0,0.75,0.8571428571428571,False,0.1428571428571428,8192,False,4
"[""docs"", ""feat"", ""ci"", ""build""]","[""docs"", ""refactor"", ""ci"", ""build""]",1.15417218208313,"['036a0ff49a7dade0e04c9c07071a1ff49133ee24', '535708ae50aecb452560a23356fd396f99ef13a2', 'e7a67d88173566be3cd3aed7e9eeb7e29aabbc57', 'c55591ba157298a9c5816693c102a89dfd058830']",0.75,0.75,0.75,False,0.2857142857142857,8192,False,4
"[""docs"", ""ci"", ""refactor""]","[""refactor"", ""ci"", ""fix"", ""docs""]",0.8322780132293701,"['2954a0955ce9af6acb345ed1e8328e145ad30475', '6c9cb638cb4d1ecc42632fcf389c24898c5b3244', 'd1d55e787b7d07f763852602b9939a5394607fd9', '6d405dfc1675dcad64a2dfac0c0cb0fb28381d21']",1.0,0.75,0.8571428571428571,False,0.1428571428571428,8192,False,4
"[""test"", ""ci"", ""docs"", ""refactor""]","[""test"", ""ci"", ""docs"", ""feat""]",1.1756789684295654,"['229b53a632ea97d47c4be11f096bdd828fb415d8', '4cbbd2552ba0de273e1dfe7d453c5b3efed751a3', 'bf83c9155e9bee6925aa7102fab53fb803d52533', 'ded26d768ff432ad3bde3c0aa1e95ce50726100a']",0.75,0.75,0.75,False,0.2857142857142857,8192,False,4
"[""refactor"", ""fix"", ""test"", ""feat""]","[""refactor"", ""fix"", ""test"", ""feat""]",0.9550340175628662,"['47ef9104e4a89e80d7cc6c1950bc080841da4a7b', '9ef5c0d14193a9abb09b39856f58477d1f4b0d77', 'b7ce2894fd1794064bd6db4ed730bb6cb7728739', '1bcf88670b50155b50071e707f98f30cea0b7a24']",1.0,1.0,1.0,True,0.0,8192,False,4
"[""docs"", ""ci"", ""feat"", ""refactor""]","[""docs"", ""feat"", ""ci"", ""refactor""]",1.4830219745635986,"['e12d9e77a6fd531a22325337838a841b1c67f00d', 'fd8e563cc19ca4684885d4692acee6bebcca4ada', '173553c0372e66e03bdab19e0e6c2dd44daa14a0', '535708ae50aecb452560a23356fd396f99ef13a2']",1.0,1.0,1.0,True,0.0,8192,False,4
"[""test"", ""feat"", ""refactor"", ""ci"", ""docs""]","[""refactor"", ""feat"", ""docs"", ""ci""]",1.3514008522033691,"['1db13ec43727aca872a0f3836e4023ed85db665e', 'b282e90e2cbb74559aab79eee8443a4d7c85502a', 'e12d9e77a6fd531a22325337838a841b1c67f00d', '74e9de5ec97dc013a52aa063dff0f40ac74c407b']",0.8,1.0,0.888888888888889,False,0.1428571428571428,8192,False,4
"[""docs"", ""ci"", ""refactor"", ""test""]","[""docs"", ""ci"", ""refactor"", ""test""]",0.9803009033203124,"['aca23027da1295c78fdf42ba9687d8ccc88784d7', '74e9de5ec97dc013a52aa063dff0f40ac74c407b', '2954a0955ce9af6acb345ed1e8328e145ad30475', 'f411e58cd510f8a2b980b2f1932003a0c0e9f8f3']",1.0,1.0,1.0,True,0.0,8192,False,4
"[""test"", ""ci"", ""fix""]","[""test"", ""docs"", ""ci"", ""fix""]",0.8716979026794434,"['b7ce2894fd1794064bd6db4ed730bb6cb7728739', 'af880ac5b4fecbc6c4f3d1eee0d95f326e8bd9d1', '6c9cb638cb4d1ecc42632fcf389c24898c5b3244', 'd129eaf9125a967ac86c6c7276bbae6b4d50af36']",1.0,0.75,0.8571428571428571,False,0.1428571428571428,8192,False,4
"[""ci"", ""fix"", ""build"", ""feat"", ""test"", ""docs""]","[""ci"", ""refactor"", ""test"", ""docs""]",1.3751509189605713,"['e7a67d88173566be3cd3aed7e9eeb7e29aabbc57', '36556bf8e0bce4ab6d26eafacbdad04d9614a5d7', '8ee0611fbf0cd89abe7ae588f22e6ecb843598ea', 'c2ee5cd5e709afd15c5565ee009a0d204403a119']",0.5,0.75,0.6,False,0.5714285714285714,8192,False,4
"[""docs"", ""feat"", ""test"", ""build""]","[""docs"", ""feat"", ""test"", ""build""]",1.3742079734802246,"['0cfc5633d37ea06f645649138323f1820e18bdee', 'fd8e563cc19ca4684885d4692acee6bebcca4ada', 'e9617f0854030e70365eb264bcb3b58078e79e9e', '1269431c8a3e7549f10fcbbb4b88ff625c8898b3']",1.0,1.0,1.0,True,0.0,8192,False,4
"[""refactor"", ""test"", ""fix""]","[""refactor"", ""feat"", ""test"", ""fix""]",0.9809751510620116,"['47ef9104e4a89e80d7cc6c1950bc080841da4a7b', 'b282e90e2cbb74559aab79eee8443a4d7c85502a', 'e0198f74b81da3663144cfe1d971939319f82a0f', 'bed78248c941d57ad4cc20a455147e186e97c7a1']",1.0,0.75,0.8571428571428571,False,0.1428571428571428,8192,False,4
"[""build"", ""ci"", ""fix"", ""feat""]","[""build"", ""ci"", ""fix"", ""refactor""]",0.9088211059570312,"['454003841aabeb74396d73541378bfa59c75b5db', '173553c0372e66e03bdab19e0e6c2dd44daa14a0', 'd129eaf9125a967ac86c6c7276bbae6b4d50af36', '63eab619e6166eb6cab948028a7b89bf059dd878']",0.75,0.75,0.75,False,0.2857142857142857,8192,False,4
"[""build"", ""test"", ""refactor"", ""docs"", ""feat""]","[""test"", ""refactor"", ""docs"", ""feat""]",1.083479881286621,"['e9617f0854030e70365eb264bcb3b58078e79e9e', '2954a0955ce9af6acb345ed1e8328e145ad30475', 'c2ee5cd5e709afd15c5565ee009a0d204403a119', '6ed56ce9ae743ba9a87e6c9643cc06b1de7b748d']",0.8,1.0,0.888888888888889,False,0.1428571428571428,8192,False,4
"[""build"", ""docs"", ""ci"", ""fix""]","[""build"", ""refactor"", ""fix"", ""ci""]",1.0542070865631104,"['454003841aabeb74396d73541378bfa59c75b5db', 'a62314d9bb632be6af026686615d14b912250512', '06e2be4e2019b6fa714e1fcb34485860ef1ede79', '4cbbd2552ba0de273e1dfe7d453c5b3efed751a3']",0.75,0.75,0.75,False,0.2857142857142857,8192,False,4
"[""feat"", ""test"", ""ci""]","[""feat"", ""test"", ""refactor"", ""ci""]",0.7191102504730225,"['b282e90e2cbb74559aab79eee8443a4d7c85502a', 'e2e8ad25854bd1e7cdbc7f50b50bbd99e04ad47d', '63eab619e6166eb6cab948028a7b89bf059dd878', '6c9cb638cb4d1ecc42632fcf389c24898c5b3244']",1.0,0.75,0.8571428571428571,False,0.1428571428571428,8192,False,4
"[""docs"", ""test"", ""refactor""]","[""docs"", ""fix"", ""test"", ""refactor""]",1.3056073188781738,"['0cfc5633d37ea06f645649138323f1820e18bdee', 'd1d55e787b7d07f763852602b9939a5394607fd9', 'e2e8ad25854bd1e7cdbc7f50b50bbd99e04ad47d', '062daa45cbd5dba6e96e95d8cdcaee89ae30a83c']",1.0,0.75,0.8571428571428571,False,0.1428571428571428,8192,False,4
"[""refactor"", ""fix"", ""docs"", ""ci""]","[""refactor"", ""fix"", ""docs"", ""ci""]",0.648352861404419,"['47ef9104e4a89e80d7cc6c1950bc080841da4a7b', 'd129eaf9125a967ac86c6c7276bbae6b4d50af36', '0cfc5633d37ea06f645649138323f1820e18bdee', '45837af24a33308a70a3454f0f650f9fe728e272']",1.0,1.0,1.0,True,0.0,8192,False,4
"[""refactor"", ""build"", ""test"", ""ci"", ""feat""]","[""fix"", ""build"", ""ci"", ""test""]",1.1854851245880127,"['bed78248c941d57ad4cc20a455147e186e97c7a1', '1269431c8a3e7549f10fcbbb4b88ff625c8898b3', '45837af24a33308a70a3454f0f650f9fe728e272', '8ee0611fbf0cd89abe7ae588f22e6ecb843598ea']",0.6,0.75,0.6666666666666665,False,0.4285714285714285,8192,False,4
"[""build"", ""refactor"", ""docs"", ""fix""]","[""build"", ""fix"", ""ci"", ""docs""]",0.8397848606109619,"['454003841aabeb74396d73541378bfa59c75b5db', 'bed78248c941d57ad4cc20a455147e186e97c7a1', '45837af24a33308a70a3454f0f650f9fe728e272', 'c2ee5cd5e709afd15c5565ee009a0d204403a119']",0.75,0.75,0.75,False,0.2857142857142857,8192,False,4
"[""ci"", ""refactor"", ""docs""]","[""ci"", ""refactor"", ""fix"", ""docs""]",1.2229859828948977,"['dbb537a26e388a8d7d17faf131abc30c2f7a84e6', '3cca5c314ad6feeffbfe1f14cf49ebd0fd9a95a2', 'd1d55e787b7d07f763852602b9939a5394607fd9', '6d405dfc1675dcad64a2dfac0c0cb0fb28381d21']",1.0,0.75,0.8571428571428571,False,0.1428571428571428,8192,False,4
"[""refactor"", ""docs"", ""ci""]","[""fix"", ""ci"", ""docs"", ""refactor""]",0.8746068477630615,"['2561f4ade46fc9d59f289f328cc77733a6443697', '6c9cb638cb4d1ecc42632fcf389c24898c5b3244', 'bf83c9155e9bee6925aa7102fab53fb803d52533', '771857b1df9470ebc15357e8879118a72c649d5b']",1.0,0.75,0.8571428571428571,False,0.1428571428571428,8192,False,4
"[""fix"", ""feat"", ""build"", ""docs""]","[""fix"", ""feat"", ""build"", ""docs""]",1.217090129852295,"['06e2be4e2019b6fa714e1fcb34485860ef1ede79', 'fd8e563cc19ca4684885d4692acee6bebcca4ada', '32b92cfa0b74a6c25990e32ac6aab12b8496794c', '6d405dfc1675dcad64a2dfac0c0cb0fb28381d21']",1.0,1.0,1.0,True,0.0,8192,False,4
"[""build"", ""ci"", ""test"", ""feat""]","[""build"", ""ci"", ""test"", ""feat""]",1.5911040306091309,"['c55591ba157298a9c5816693c102a89dfd058830', '45837af24a33308a70a3454f0f650f9fe728e272', 'b7ce2894fd1794064bd6db4ed730bb6cb7728739', 'dc5238b2bda98a7c4f2fe9584fc3b0191a408109']",1.0,1.0,1.0,True,0.0,8192,False,4
"[""ci"", ""test"", ""refactor"", ""docs"", ""feat""]","[""ci"", ""docs"", ""feat"", ""test""]",0.9874699115753174,"['173553c0372e66e03bdab19e0e6c2dd44daa14a0', 'e12d9e77a6fd531a22325337838a841b1c67f00d', 'f823cf28652987d43c8324b4f5b203240032383a', '229b53a632ea97d47c4be11f096bdd828fb415d8']",0.8,1.0,0.888888888888889,False,0.1428571428571428,8192,False,4
"[""fix"", ""docs"", ""ci"", ""test""]","[""refactor"", ""docs"", ""ci"", ""test""]",1.0556929111480713,"['36556bf8e0bce4ab6d26eafacbdad04d9614a5d7', 'aca23027da1295c78fdf42ba9687d8ccc88784d7', 'dbb537a26e388a8d7d17faf131abc30c2f7a84e6', '229b53a632ea97d47c4be11f096bdd828fb415d8']",0.75,0.75,0.75,False,0.2857142857142857,8192,False,4
"[""docs"", ""test"", ""fix""]","[""docs"", ""refactor"", ""test"", ""fix""]",1.0644967555999756,"['0cfc5633d37ea06f645649138323f1820e18bdee', '1db13ec43727aca872a0f3836e4023ed85db665e', '229b53a632ea97d47c4be11f096bdd828fb415d8', '9be725fa3906323d4bc9788f54eccf74109d632b']",1.0,0.75,0.8571428571428571,False,0.1428571428571428,8192,False,4
"[""ci"", ""docs"", ""refactor"", ""test""]","[""ci"", ""docs"", ""refactor"", ""test""]",0.943187952041626,"['c5fa7b80438fbd74f4c341f0d3c9bd9e0f4910da', 'bf83c9155e9bee6925aa7102fab53fb803d52533', '062daa45cbd5dba6e96e95d8cdcaee89ae30a83c', 'bedc7950b24c37809e36a585b7985d5aa5e3e458']",1.0,1.0,1.0,True,0.0,8192,False,4
"[""fix"", ""docs"", ""ci"", ""feat""]","[""fix"", ""docs"", ""ci"", ""feat""]",1.0508322715759275,"['9be725fa3906323d4bc9788f54eccf74109d632b', '036a0ff49a7dade0e04c9c07071a1ff49133ee24', '45837af24a33308a70a3454f0f650f9fe728e272', 'f823cf28652987d43c8324b4f5b203240032383a']",1.0,1.0,1.0,True,0.0,8192,False,4
"[""docs"", ""test"", ""build"", ""refactor""]","[""docs"", ""test"", ""build"", ""feat""]",0.943312168121338,"['bf83c9155e9bee6925aa7102fab53fb803d52533', 'e0198f74b81da3663144cfe1d971939319f82a0f', 'f00a4d3e307b89842250358ee432e6800bb24362', 'ded26d768ff432ad3bde3c0aa1e95ce50726100a']",0.75,0.75,0.75,False,0.2857142857142857,8192,False,4
"[""docs"", ""test"", ""refactor""]","[""docs"", ""refactor"", ""test"", ""fix""]",1.163964033126831,"['aca23027da1295c78fdf42ba9687d8ccc88784d7', '1db13ec43727aca872a0f3836e4023ed85db665e', 'f411e58cd510f8a2b980b2f1932003a0c0e9f8f3', '2561f4ade46fc9d59f289f328cc77733a6443697']",1.0,0.75,0.8571428571428571,False,0.1428571428571428,8192,False,4
"[""test"", ""build"", ""feat"", ""docs"", ""ci""]","[""test"", ""feat"", ""docs"", ""ci""]",1.0843956470489502,"['e0198f74b81da3663144cfe1d971939319f82a0f', 'f823cf28652987d43c8324b4f5b203240032383a', 'aca23027da1295c78fdf42ba9687d8ccc88784d7', 'e96487ad7ce90b141219d9032fa2bed68d5dae6a']",0.8,1.0,0.888888888888889,False,0.1428571428571428,8192,False,4
"[""feat"", ""fix"", ""build"", ""refactor"", ""docs""]","[""refactor"", ""build"", ""feat"", ""docs""]",1.1138808727264404,"['63eab619e6166eb6cab948028a7b89bf059dd878', '32b92cfa0b74a6c25990e32ac6aab12b8496794c', 'fd8e563cc19ca4684885d4692acee6bebcca4ada', 'a52a585d74894b3b4eeb8c784fa089ff95cddad0']",0.8,1.0,0.888888888888889,False,0.1428571428571428,8192,False,4
"[""build"", ""test"", ""fix"", ""feat""]","[""build"", ""fix"", ""test"", ""feat""]",0.7388989925384521,"['37b1cbfd3d2c462ef4f2a131e4172c38dc8d9ddf', 'c8e0ae8612df3d6f2831acc004aaac332f6105e4', 'c7b25726df94a2530c9b1c0d2b6a0acaa103822f', '1bcf88670b50155b50071e707f98f30cea0b7a24']",1.0,1.0,1.0,True,0.0,8192,False,4
"[""refactor"", ""build"", ""ci"", ""docs""]","[""refactor"", ""ci"", ""docs"", ""build""]",4.440760850906372,"['771857b1df9470ebc15357e8879118a72c649d5b', '6c9cb638cb4d1ecc42632fcf389c24898c5b3244', '6d405dfc1675dcad64a2dfac0c0cb0fb28381d21', '454003841aabeb74396d73541378bfa59c75b5db']",1.0,1.0,1.0,True,0.0,8192,False,4
"[""fix"", ""docs"", ""feat"", ""ci"", ""test""]","[""fix"", ""docs"", ""refactor"", ""ci"", ""test""]",5.735938787460327,"['9be725fa3906323d4bc9788f54eccf74109d632b', 'bf83c9155e9bee6925aa7102fab53fb803d52533', '535708ae50aecb452560a23356fd396f99ef13a2', '4cbbd2552ba0de273e1dfe7d453c5b3efed751a3', 'bedc7950b24c37809e36a585b7985d5aa5e3e458']",0.8,0.8,0.8000000000000002,False,0.2857142857142857,8192,False,5
"[""test"", ""docs"", ""refactor"", ""feat""]","[""test"", ""docs"", ""refactor"", ""build"", ""feat""]",1.0190680027008057,"['229b53a632ea97d47c4be11f096bdd828fb415d8', 'bf83c9155e9bee6925aa7102fab53fb803d52533', '062daa45cbd5dba6e96e95d8cdcaee89ae30a83c', 'e4a11fd5c34942ba12737f1c8c084489428ee274', 'fd8e563cc19ca4684885d4692acee6bebcca4ada']",1.0,0.8,0.888888888888889,False,0.1428571428571428,8192,False,5
"[""test"", ""ci"", ""build"", ""refactor""]","[""test"", ""ci"", ""fix"", ""build"", ""refactor""]",0.8266792297363281,"['317f4eefecddfb1392ca71d551840f446feee302', 'e7a67d88173566be3cd3aed7e9eeb7e29aabbc57', 'd1d55e787b7d07f763852602b9939a5394607fd9', 'f00a4d3e307b89842250358ee432e6800bb24362', '771857b1df9470ebc15357e8879118a72c649d5b']",1.0,0.8,0.888888888888889,False,0.1428571428571428,8192,False,5
"[""ci"", ""refactor"", ""test"", ""fix""]","[""ci"", ""refactor"", ""build"", ""test"", ""fix""]",1.1239371299743652,"['e7a67d88173566be3cd3aed7e9eeb7e29aabbc57', '47ef9104e4a89e80d7cc6c1950bc080841da4a7b', '5b81fde8a72cf2e69a10e9f5c4f0bea0a2b8c3e0', 'bedc7950b24c37809e36a585b7985d5aa5e3e458', '9ef5c0d14193a9abb09b39856f58477d1f4b0d77']",1.0,0.8,0.888888888888889,False,0.1428571428571428,8192,False,5
"[""refactor"", ""feat"", ""docs""]","[""build"", ""fix"", ""feat"", ""refactor"", ""docs""]",3.729768037796021,"['e4a11fd5c34942ba12737f1c8c084489428ee274', '9ef5c0d14193a9abb09b39856f58477d1f4b0d77', 'dc5238b2bda98a7c4f2fe9584fc3b0191a408109', '771857b1df9470ebc15357e8879118a72c649d5b', 'c2ee5cd5e709afd15c5565ee009a0d204403a119']",1.0,0.6,0.7499999999999999,False,0.2857142857142857,8192,False,5
"[""docs"", ""test"", ""build"", ""fix"", ""feat""]","[""docs"", ""test"", ""build"", ""fix"", ""feat""]",3.613137722015381,"['bf83c9155e9bee6925aa7102fab53fb803d52533', '229b53a632ea97d47c4be11f096bdd828fb415d8', 'c55591ba157298a9c5816693c102a89dfd058830', '06e2be4e2019b6fa714e1fcb34485860ef1ede79', 'f823cf28652987d43c8324b4f5b203240032383a']",1.0,1.0,1.0,True,0.0,8192,False,5
"[""ci"", ""build"", ""fix"", ""test""]","[""ci"", ""build"", ""fix"", ""test"", ""feat""]",2.815315961837769,"['e7a67d88173566be3cd3aed7e9eeb7e29aabbc57', 'c55591ba157298a9c5816693c102a89dfd058830', 'd129eaf9125a967ac86c6c7276bbae6b4d50af36', '229b53a632ea97d47c4be11f096bdd828fb415d8', '1bcf88670b50155b50071e707f98f30cea0b7a24']",1.0,0.8,0.888888888888889,False,0.1428571428571428,8192,False,5
"[""refactor"", ""test"", ""build"", ""ci"", ""fix""]","[""fix"", ""test"", ""build"", ""ci"", ""refactor""]",0.8677089214324951,"['2561f4ade46fc9d59f289f328cc77733a6443697', 'b7ce2894fd1794064bd6db4ed730bb6cb7728739', '1269431c8a3e7549f10fcbbb4b88ff625c8898b3', 'e96487ad7ce90b141219d9032fa2bed68d5dae6a', '36556bf8e0bce4ab6d26eafacbdad04d9614a5d7']",1.0,1.0,1.0,True,0.0,8192,False,5
"[""docs"", ""ci"", ""feat"", ""test"", ""fix""]","[""docs"", ""ci"", ""refactor"", ""test"", ""fix""]",1.6385011672973633,"['bf83c9155e9bee6925aa7102fab53fb803d52533', 'e7a67d88173566be3cd3aed7e9eeb7e29aabbc57', '535708ae50aecb452560a23356fd396f99ef13a2', 'c7b25726df94a2530c9b1c0d2b6a0acaa103822f', '06e2be4e2019b6fa714e1fcb34485860ef1ede79']",0.8,0.8,0.8000000000000002,False,0.2857142857142857,8192,False,5
"[""fix"", ""docs"", ""build"", ""feat""]","[""refactor"", ""docs"", ""build"", ""feat"", ""fix""]",1.3890738487243652,"['36556bf8e0bce4ab6d26eafacbdad04d9614a5d7', 'c2ee5cd5e709afd15c5565ee009a0d204403a119', 'c55591ba157298a9c5816693c102a89dfd058830', '68278b00450f2679761a2999500f6d87a579376b', '9ef5c0d14193a9abb09b39856f58477d1f4b0d77']",1.0,0.8,0.888888888888889,False,0.1428571428571428,8192,False,5
"[""refactor"", ""build"", ""ci"", ""test""]","[""feat"", ""build"", ""fix"", ""ci"", ""test""]",1.4781088829040527,"['ded26d768ff432ad3bde3c0aa1e95ce50726100a', 'c323d59c607cabc91f17a78528d998f376f30b10', '2561f4ade46fc9d59f289f328cc77733a6443697', '45837af24a33308a70a3454f0f650f9fe728e272', 'e0198f74b81da3663144cfe1d971939319f82a0f']",0.75,0.6,0.6666666666666665,False,0.4285714285714285,8192,False,5
"[""ci"", ""docs"", ""build"", ""test"", ""refactor"", ""feat""]","[""ci"", ""refactor"", ""test"", ""feat"", ""fix""]",0.8329830169677734,"['e96487ad7ce90b141219d9032fa2bed68d5dae6a', 'a62314d9bb632be6af026686615d14b912250512', 'c7b25726df94a2530c9b1c0d2b6a0acaa103822f', '6ed56ce9ae743ba9a87e6c9643cc06b1de7b748d', '9ef5c0d14193a9abb09b39856f58477d1f4b0d77']",0.6666666666666666,0.8,0.7272727272727272,False,0.4285714285714285,8192,False,5
"[""build"", ""ci"", ""docs"", ""fix"", ""refactor""]","[""build"", ""refactor"", ""ci"", ""docs"", ""fix""]",1.713282823562622,"['c55591ba157298a9c5816693c102a89dfd058830', '63eab619e6166eb6cab948028a7b89bf059dd878', 'c5fa7b80438fbd74f4c341f0d3c9bd9e0f4910da', '036a0ff49a7dade0e04c9c07071a1ff49133ee24', '9be725fa3906323d4bc9788f54eccf74109d632b']",1.0,1.0,1.0,True,0.0,8192,False,5
"[""docs"", ""ci"", ""refactor"", ""feat"", ""fix""]","[""docs"", ""ci"", ""refactor"", ""build"", ""feat""]",1.2089440822601318,"['bf83c9155e9bee6925aa7102fab53fb803d52533', '173553c0372e66e03bdab19e0e6c2dd44daa14a0', '535708ae50aecb452560a23356fd396f99ef13a2', '1269431c8a3e7549f10fcbbb4b88ff625c8898b3', 'f823cf28652987d43c8324b4f5b203240032383a']",0.8,0.8,0.8000000000000002,False,0.2857142857142857,8192,False,5
"[""test"", ""feat"", ""refactor"", ""docs""]","[""test"", ""feat"", ""refactor"", ""fix"", ""docs""]",1.2451019287109375,"['bedc7950b24c37809e36a585b7985d5aa5e3e458', 'fd8e563cc19ca4684885d4692acee6bebcca4ada', '062daa45cbd5dba6e96e95d8cdcaee89ae30a83c', 'c8e0ae8612df3d6f2831acc004aaac332f6105e4', '036a0ff49a7dade0e04c9c07071a1ff49133ee24']",1.0,0.8,0.888888888888889,False,0.1428571428571428,8192,False,5
"[""docs"", ""build"", ""ci"", ""refactor"", ""fix"", ""test""]","[""docs"", ""build"", ""ci"", ""fix"", ""test""]",1.2199249267578125,"['c2ee5cd5e709afd15c5565ee009a0d204403a119', '1269431c8a3e7549f10fcbbb4b88ff625c8898b3', 'e7a67d88173566be3cd3aed7e9eeb7e29aabbc57', 'bed78248c941d57ad4cc20a455147e186e97c7a1', 'e9617f0854030e70365eb264bcb3b58078e79e9e']",0.8333333333333334,1.0,0.9090909090909092,False,0.1428571428571428,8192,False,5
"[""fix"", ""refactor"", ""ci"", ""docs"", ""test"", ""build""]","[""refactor"", ""ci"", ""docs"", ""test"", ""build""]",1.735814094543457,"['3cca5c314ad6feeffbfe1f14cf49ebd0fd9a95a2', 'dbb537a26e388a8d7d17faf131abc30c2f7a84e6', 'e12d9e77a6fd531a22325337838a841b1c67f00d', 'c7b25726df94a2530c9b1c0d2b6a0acaa103822f', '37b1cbfd3d2c462ef4f2a131e4172c38dc8d9ddf']",0.8333333333333334,1.0,0.9090909090909092,False,0.1428571428571428,8192,False,5
"[""test"", ""ci"", ""fix"", ""refactor""]","[""test"", ""feat"", ""ci"", ""refactor"", ""fix""]",0.9204049110412598,"['229b53a632ea97d47c4be11f096bdd828fb415d8', 'b282e90e2cbb74559aab79eee8443a4d7c85502a', 'dbb537a26e388a8d7d17faf131abc30c2f7a84e6', '3cca5c314ad6feeffbfe1f14cf49ebd0fd9a95a2', '933ab6bb86372913c992567cf9660009900911a7']",1.0,0.8,0.888888888888889,False,0.1428571428571428,8192,False,5
"[""build"", ""ci"", ""fix"", ""refactor"", ""test"", ""docs""]","[""build"", ""fix"", ""ci"", ""refactor"", ""docs""]",0.9408290386199952,"['37b1cbfd3d2c462ef4f2a131e4172c38dc8d9ddf', '06e2be4e2019b6fa714e1fcb34485860ef1ede79', 'c5fa7b80438fbd74f4c341f0d3c9bd9e0f4910da', '1db13ec43727aca872a0f3836e4023ed85db665e', 'a52a585d74894b3b4eeb8c784fa089ff95cddad0']",0.8333333333333334,1.0,0.9090909090909092,False,0.1428571428571428,8192,False,5
"[""build"", ""docs"", ""ci"", ""test"", ""feat""]","[""build"", ""docs"", ""ci"", ""test"", ""feat""]",1.0782852172851562,"['c44cf88a6ec54e5ddd99d8348bcc57b301ec7945', '6d405dfc1675dcad64a2dfac0c0cb0fb28381d21', 'e7a67d88173566be3cd3aed7e9eeb7e29aabbc57', 'f411e58cd510f8a2b980b2f1932003a0c0e9f8f3', 'f823cf28652987d43c8324b4f5b203240032383a']",1.0,1.0,1.0,True,0.0,8192,False,5
"[""feat"", ""fix"", ""refactor"", ""build"", ""test""]","[""feat"", ""fix"", ""refactor"", ""build"", ""test""]",1.6622347831726074,"['f823cf28652987d43c8324b4f5b203240032383a', 'c8e0ae8612df3d6f2831acc004aaac332f6105e4', '47ef9104e4a89e80d7cc6c1950bc080841da4a7b', 'e4a11fd5c34942ba12737f1c8c084489428ee274', 'c7b25726df94a2530c9b1c0d2b6a0acaa103822f']",1.0,1.0,1.0,True,0.0,8192,False,5
"[""refactor"", ""build"", ""ci"", ""docs"", ""test""]","[""refactor"", ""build"", ""ci"", ""docs"", ""test""]",1.4871580600738523,"['1db13ec43727aca872a0f3836e4023ed85db665e', '32b92cfa0b74a6c25990e32ac6aab12b8496794c', 'e96487ad7ce90b141219d9032fa2bed68d5dae6a', '6d405dfc1675dcad64a2dfac0c0cb0fb28381d21', 'e2e8ad25854bd1e7cdbc7f50b50bbd99e04ad47d']",1.0,1.0,1.0,True,0.0,8192,False,5
"[""build"", ""test"", ""ci"", ""fix"", ""refactor""]","[""build"", ""test"", ""refactor"", ""ci"", ""fix""]",0.9834518432617188,"['37b1cbfd3d2c462ef4f2a131e4172c38dc8d9ddf', 'f411e58cd510f8a2b980b2f1932003a0c0e9f8f3', '1db13ec43727aca872a0f3836e4023ed85db665e', 'c5fa7b80438fbd74f4c341f0d3c9bd9e0f4910da', 'd129eaf9125a967ac86c6c7276bbae6b4d50af36']",1.0,1.0,1.0,True,0.0,8192,False,5
"[""build"", ""test"", ""docs"", ""ci"", ""refactor"", ""fix""]","[""build"", ""docs"", ""ci"", ""test"", ""fix""]",0.9016273021697998,"['c55591ba157298a9c5816693c102a89dfd058830', 'a52a585d74894b3b4eeb8c784fa089ff95cddad0', '6c9cb638cb4d1ecc42632fcf389c24898c5b3244', 'c7b25726df94a2530c9b1c0d2b6a0acaa103822f', 'bed78248c941d57ad4cc20a455147e186e97c7a1']",0.8333333333333334,1.0,0.9090909090909092,False,0.1428571428571428,8192,False,5
"[""fix"", ""ci"", ""build"", ""refactor"", ""feat"", ""test""]","[""fix"", ""ci"", ""feat"", ""build"", ""refactor""]",1.130864143371582,"['9ef5c0d14193a9abb09b39856f58477d1f4b0d77', 'dbb537a26e388a8d7d17faf131abc30c2f7a84e6', '6ed56ce9ae743ba9a87e6c9643cc06b1de7b748d', 'e4a11fd5c34942ba12737f1c8c084489428ee274', '1db13ec43727aca872a0f3836e4023ed85db665e']",0.8333333333333334,1.0,0.9090909090909092,False,0.1428571428571428,8192,False,5
"[""refactor"", ""fix"", ""build"", ""ci"", ""feat"", ""test""]","[""fix"", ""build"", ""refactor"", ""feat"", ""test""]",1.3688209056854248,"['bed78248c941d57ad4cc20a455147e186e97c7a1', 'e4a11fd5c34942ba12737f1c8c084489428ee274', '062daa45cbd5dba6e96e95d8cdcaee89ae30a83c', 'f823cf28652987d43c8324b4f5b203240032383a', 'c7b25726df94a2530c9b1c0d2b6a0acaa103822f']",0.8333333333333334,1.0,0.9090909090909092,False,0.1428571428571428,8192,False,5
"[""feat"", ""test"", ""docs"", ""build"", ""refactor""]","[""fix"", ""test"", ""feat"", ""docs"", ""build""]",1.3191230297088623,"['87d5d4e55ab7149b593d29410f1fe426ba2447d4', 'bedc7950b24c37809e36a585b7985d5aa5e3e458', 'ded26d768ff432ad3bde3c0aa1e95ce50726100a', 'a52a585d74894b3b4eeb8c784fa089ff95cddad0', 'c323d59c607cabc91f17a78528d998f376f30b10']",0.8,0.8,0.8000000000000002,False,0.2857142857142857,8192,False,5
"[""build"", ""test"", ""feat"", ""fix""]","[""test"", ""docs"", ""feat"", ""build"", ""fix""]",1.045487880706787,"['8ee0611fbf0cd89abe7ae588f22e6ecb843598ea', 'c2ee5cd5e709afd15c5565ee009a0d204403a119', 'fd8e563cc19ca4684885d4692acee6bebcca4ada', '1269431c8a3e7549f10fcbbb4b88ff625c8898b3', '06e2be4e2019b6fa714e1fcb34485860ef1ede79']",1.0,0.8,0.888888888888889,False,0.1428571428571428,8192,False,5
"[""docs"", ""test"", ""build"", ""feat"", ""refactor""]","[""docs"", ""feat"", ""build"", ""refactor"", ""test""]",1.0474798679351809,"['a52a585d74894b3b4eeb8c784fa089ff95cddad0', 'f9a094918b62534614c47aa8a13f33aec751a1e0', '1269431c8a3e7549f10fcbbb4b88ff625c8898b3', '535708ae50aecb452560a23356fd396f99ef13a2', 'e0198f74b81da3663144cfe1d971939319f82a0f']",1.0,1.0,1.0,True,0.0,8192,False,5
"[""fix"", ""feat"", ""test"", ""refactor"", ""build""]","[""fix"", ""feat"", ""test"", ""refactor"", ""build""]",1.0390729904174805,"['d129eaf9125a967ac86c6c7276bbae6b4d50af36', '68278b00450f2679761a2999500f6d87a579376b', 'e2e8ad25854bd1e7cdbc7f50b50bbd99e04ad47d', '771857b1df9470ebc15357e8879118a72c649d5b', 'f00a4d3e307b89842250358ee432e6800bb24362']",1.0,1.0,1.0,True,0.0,8192,False,5
"[""fix"", ""build"", ""test"", ""docs"", ""refactor""]","[""fix"", ""build"", ""refactor"", ""test"", ""docs""]",1.121479034423828,"['933ab6bb86372913c992567cf9660009900911a7', '37b1cbfd3d2c462ef4f2a131e4172c38dc8d9ddf', '1db13ec43727aca872a0f3836e4023ed85db665e', 'c7b25726df94a2530c9b1c0d2b6a0acaa103822f', 'e12d9e77a6fd531a22325337838a841b1c67f00d']",1.0,1.0,1.0,True,0.0,8192,False,5
"[""fix"", ""ci"", ""docs"", ""refactor"", ""feat""]","[""fix"", ""ci"", ""docs"", ""build"", ""feat""]",1.245100021362305,"['06e2be4e2019b6fa714e1fcb34485860ef1ede79', '4cbbd2552ba0de273e1dfe7d453c5b3efed751a3', 'cb1f48b56ae0de93acb72e48726c7d610a1d538e', 'c323d59c607cabc91f17a78528d998f376f30b10', 'f9a094918b62534614c47aa8a13f33aec751a1e0']",0.8,0.8,0.8000000000000002,False,0.2857142857142857,8192,False,5
"[""feat"", ""fix"", ""build"", ""docs""]","[""feat"", ""build"", ""refactor"", ""docs"", ""fix""]",0.90513014793396,"['fd8e563cc19ca4684885d4692acee6bebcca4ada', 'f00a4d3e307b89842250358ee432e6800bb24362', '535708ae50aecb452560a23356fd396f99ef13a2', 'e12d9e77a6fd531a22325337838a841b1c67f00d', '9be725fa3906323d4bc9788f54eccf74109d632b']",1.0,0.8,0.888888888888889,False,0.1428571428571428,8192,False,5
"[""test"", ""docs"", ""refactor"", ""ci"", ""feat""]","[""test"", ""docs"", ""refactor"", ""ci"", ""feat""]",1.226883888244629,"['229b53a632ea97d47c4be11f096bdd828fb415d8', 'bf83c9155e9bee6925aa7102fab53fb803d52533', '062daa45cbd5dba6e96e95d8cdcaee89ae30a83c', '32845e1bbd1efb5dbc16f671049509a409ba25ce', 'dc5238b2bda98a7c4f2fe9584fc3b0191a408109']",1.0,1.0,1.0,True,0.0,8192,False,5
"[""build"", ""docs"", ""refactor"", ""fix"", ""test""]","[""build"", ""docs"", ""fix"", ""test"", ""refactor""]",1.2274019718170166,"['454003841aabeb74396d73541378bfa59c75b5db', 'e12d9e77a6fd531a22325337838a841b1c67f00d', 'bed78248c941d57ad4cc20a455147e186e97c7a1', 'f411e58cd510f8a2b980b2f1932003a0c0e9f8f3', '062daa45cbd5dba6e96e95d8cdcaee89ae30a83c']",1.0,1.0,1.0,True,0.0,8192,False,5
"[""build"", ""ci"", ""docs"", ""test"", ""refactor""]","[""build"", ""ci"", ""docs"", ""test"", ""refactor""]",1.1540632247924805,"['5b81fde8a72cf2e69a10e9f5c4f0bea0a2b8c3e0', '74e9de5ec97dc013a52aa063dff0f40ac74c407b', 'a52a585d74894b3b4eeb8c784fa089ff95cddad0', 'e0198f74b81da3663144cfe1d971939319f82a0f', '062daa45cbd5dba6e96e95d8cdcaee89ae30a83c']",1.0,1.0,1.0,True,0.0,8192,False,5
"[""build"", ""ci"", ""docs"", ""refactor""]","[""build"", ""ci"", ""docs"", ""refactor"", ""fix""]",1.2072548866271973,"['32b92cfa0b74a6c25990e32ac6aab12b8496794c', '6c9cb638cb4d1ecc42632fcf389c24898c5b3244', 'aca23027da1295c78fdf42ba9687d8ccc88784d7', '47ef9104e4a89e80d7cc6c1950bc080841da4a7b', '2561f4ade46fc9d59f289f328cc77733a6443697']",1.0,0.8,0.888888888888889,False,0.1428571428571428,8192,False,5
"[""test"", ""docs"", ""fix"", ""feat"", ""build""]","[""test"", ""docs"", ""fix"", ""feat"", ""build""]",1.0432276725769043,"['e0198f74b81da3663144cfe1d971939319f82a0f', 'c2ee5cd5e709afd15c5565ee009a0d204403a119', '9ef5c0d14193a9abb09b39856f58477d1f4b0d77', 'f823cf28652987d43c8324b4f5b203240032383a', 'c44cf88a6ec54e5ddd99d8348bcc57b301ec7945']",1.0,1.0,1.0,True,0.0,8192,False,5
"[""fix"", ""refactor"", ""ci"", ""test"", ""build""]","[""refactor"", ""ci"", ""test"", ""build"", ""feat""]",1.3403451442718506,"['3cca5c314ad6feeffbfe1f14cf49ebd0fd9a95a2', '32845e1bbd1efb5dbc16f671049509a409ba25ce', 'e9617f0854030e70365eb264bcb3b58078e79e9e', '454003841aabeb74396d73541378bfa59c75b5db', 'fd8e563cc19ca4684885d4692acee6bebcca4ada']",0.8,0.8,0.8000000000000002,False,0.2857142857142857,8192,False,5
"[""refactor"", ""feat"", ""build"", ""test""]","[""refactor"", ""feat"", ""build"", ""fix"", ""test""]",0.9459021091461182,"['062daa45cbd5dba6e96e95d8cdcaee89ae30a83c', 'f823cf28652987d43c8324b4f5b203240032383a', 'c44cf88a6ec54e5ddd99d8348bcc57b301ec7945', '933ab6bb86372913c992567cf9660009900911a7', '8ee0611fbf0cd89abe7ae588f22e6ecb843598ea']",1.0,0.8,0.888888888888889,False,0.1428571428571428,8192,False,5
"[""fix"", ""test"", ""refactor"", ""docs"", ""ci""]","[""refactor"", ""test"", ""docs"", ""feat"", ""ci""]",0.9650218486785888,"['36556bf8e0bce4ab6d26eafacbdad04d9614a5d7', '317f4eefecddfb1392ca71d551840f446feee302', '036a0ff49a7dade0e04c9c07071a1ff49133ee24', 'e137f9fdbdb6bf3f85c3f7ac9323785e445844c8', 'e7a67d88173566be3cd3aed7e9eeb7e29aabbc57']",0.8,0.8,0.8000000000000002,False,0.2857142857142857,8192,False,5
"[""test"", ""ci"", ""build"", ""refactor"", ""feat""]","[""test"", ""ci"", ""refactor"", ""feat"", ""fix""]",1.1839349269866943,"['e0198f74b81da3663144cfe1d971939319f82a0f', '173553c0372e66e03bdab19e0e6c2dd44daa14a0', '062daa45cbd5dba6e96e95d8cdcaee89ae30a83c', 'f823cf28652987d43c8324b4f5b203240032383a', 'bed78248c941d57ad4cc20a455147e186e97c7a1']",0.8,0.8,0.8000000000000002,False,0.2857142857142857,8192,False,5
"[""ci"", ""feat"", ""fix"", ""refactor""]","[""ci"", ""refactor"", ""docs"", ""fix"", ""feat""]",0.9821631908416748,"['32845e1bbd1efb5dbc16f671049509a409ba25ce', '63eab619e6166eb6cab948028a7b89bf059dd878', 'af880ac5b4fecbc6c4f3d1eee0d95f326e8bd9d1', '9be725fa3906323d4bc9788f54eccf74109d632b', 'fd8e563cc19ca4684885d4692acee6bebcca4ada']",1.0,0.8,0.888888888888889,False,0.1428571428571428,8192,False,5
"[""docs"", ""fix"", ""refactor"", ""test"", ""build""]","[""docs"", ""refactor"", ""fix"", ""test"", ""build""]",1.0966100692749023,"['bf83c9155e9bee6925aa7102fab53fb803d52533', '3cca5c314ad6feeffbfe1f14cf49ebd0fd9a95a2', '2561f4ade46fc9d59f289f328cc77733a6443697', '317f4eefecddfb1392ca71d551840f446feee302', '454003841aabeb74396d73541378bfa59c75b5db']",1.0,1.0,1.0,True,0.0,8192,False,5
"[""test"", ""ci"", ""docs"", ""fix"", ""refactor""]","[""test"", ""ci"", ""fix"", ""docs"", ""refactor""]",1.336867094039917,"['317f4eefecddfb1392ca71d551840f446feee302', '32845e1bbd1efb5dbc16f671049509a409ba25ce', 'c8e0ae8612df3d6f2831acc004aaac332f6105e4', '6d405dfc1675dcad64a2dfac0c0cb0fb28381d21', '062daa45cbd5dba6e96e95d8cdcaee89ae30a83c']",1.0,1.0,1.0,True,0.0,8192,False,5
"[""build"", ""ci"", ""test"", ""docs"", ""feat""]","[""build"", ""ci"", ""test"", ""docs"", ""feat""]",1.050511121749878,"['c55591ba157298a9c5816693c102a89dfd058830', 'dbb537a26e388a8d7d17faf131abc30c2f7a84e6', 'e0198f74b81da3663144cfe1d971939319f82a0f', '0cfc5633d37ea06f645649138323f1820e18bdee', 'dc5238b2bda98a7c4f2fe9584fc3b0191a408109']",1.0,1.0,1.0,True,0.0,8192,False,5
"[""feat"", ""fix"", ""test"", ""refactor"", ""ci""]","[""refactor"", ""feat"", ""test"", ""fix"", ""ci""]",1.0849409103393557,"['535708ae50aecb452560a23356fd396f99ef13a2', 'dc5238b2bda98a7c4f2fe9584fc3b0191a408109', 'e2e8ad25854bd1e7cdbc7f50b50bbd99e04ad47d', '2561f4ade46fc9d59f289f328cc77733a6443697', 'c5fa7b80438fbd74f4c341f0d3c9bd9e0f4910da']",1.0,1.0,1.0,True,0.0,8192,False,5
"[""ci"", ""build"", ""test"", ""refactor""]","[""ci"", ""docs"", ""refactor"", ""build"", ""test""]",0.7542109489440918,"['c5fa7b80438fbd74f4c341f0d3c9bd9e0f4910da', 'af880ac5b4fecbc6c4f3d1eee0d95f326e8bd9d1', '47ef9104e4a89e80d7cc6c1950bc080841da4a7b', '37b1cbfd3d2c462ef4f2a131e4172c38dc8d9ddf', 'c7b25726df94a2530c9b1c0d2b6a0acaa103822f']",1.0,0.8,0.888888888888889,False,0.1428571428571428,8192,False,5
"[""build"", ""docs"", ""refactor"", ""test"", ""feat""]","[""build"", ""docs"", ""refactor"", ""test"", ""feat""]",0.9312429428100586,"['454003841aabeb74396d73541378bfa59c75b5db', 'aca23027da1295c78fdf42ba9687d8ccc88784d7', '771857b1df9470ebc15357e8879118a72c649d5b', 'bedc7950b24c37809e36a585b7985d5aa5e3e458', 'e137f9fdbdb6bf3f85c3f7ac9323785e445844c8']",1.0,1.0,1.0,True,0.0,8192,False,5
"[""ci"", ""refactor"", ""fix"", ""docs"", ""test""]","[""ci"", ""feat"", ""fix"", ""docs"", ""test""]",1.1207590103149414,"['74e9de5ec97dc013a52aa063dff0f40ac74c407b', 'ded26d768ff432ad3bde3c0aa1e95ce50726100a', '9be725fa3906323d4bc9788f54eccf74109d632b', 'a52a585d74894b3b4eeb8c784fa089ff95cddad0', 'e9617f0854030e70365eb264bcb3b58078e79e9e']",0.8,0.8,0.8000000000000002,False,0.2857142857142857,8192,False,5
"[""feat"", ""refactor"", ""test"", ""docs"", ""build""]","[""feat"", ""build"", ""test"", ""docs"", ""fix""]",0.9663119316101074,"['f9a094918b62534614c47aa8a13f33aec751a1e0', 'e4a11fd5c34942ba12737f1c8c084489428ee274', '229b53a632ea97d47c4be11f096bdd828fb415d8', '036a0ff49a7dade0e04c9c07071a1ff49133ee24', '2561f4ade46fc9d59f289f328cc77733a6443697']",0.8,0.8,0.8000000000000002,False,0.2857142857142857,8192,False,5
"[""build"", ""ci"", ""docs"", ""test"", ""refactor"", ""fix""]","[""build"", ""docs"", ""test"", ""fix"", ""ci""]",1.7116048336029053,"['e4a11fd5c34942ba12737f1c8c084489428ee274', 'aca23027da1295c78fdf42ba9687d8ccc88784d7', 'e9617f0854030e70365eb264bcb3b58078e79e9e', '9ef5c0d14193a9abb09b39856f58477d1f4b0d77', '4cbbd2552ba0de273e1dfe7d453c5b3efed751a3']",0.8333333333333334,1.0,0.9090909090909092,False,0.1428571428571428,8192,False,5
"[""feat"", ""refactor"", ""build"", ""ci"", ""docs"", ""test""]","[""feat"", ""fix"", ""ci"", ""docs"", ""test""]",0.9045298099517822,"['f9a094918b62534614c47aa8a13f33aec751a1e0', '2561f4ade46fc9d59f289f328cc77733a6443697', '45837af24a33308a70a3454f0f650f9fe728e272', '036a0ff49a7dade0e04c9c07071a1ff49133ee24', 'b7ce2894fd1794064bd6db4ed730bb6cb7728739']",0.6666666666666666,0.8,0.7272727272727272,False,0.4285714285714285,8192,False,5
"[""refactor"", ""build"", ""docs""]","[""feat"", ""refactor"", ""build"", ""fix"", ""docs""]",1.0159809589385986,"['ded26d768ff432ad3bde3c0aa1e95ce50726100a', '062daa45cbd5dba6e96e95d8cdcaee89ae30a83c', '37b1cbfd3d2c462ef4f2a131e4172c38dc8d9ddf', '933ab6bb86372913c992567cf9660009900911a7', '036a0ff49a7dade0e04c9c07071a1ff49133ee24']",1.0,0.6,0.7499999999999999,False,0.2857142857142857,8192,False,5
"[""test"", ""build"", ""feat"", ""fix"", ""docs""]","[""test"", ""build"", ""feat"", ""fix"", ""docs""]",0.9302878379821776,"['f411e58cd510f8a2b980b2f1932003a0c0e9f8f3', 'c44cf88a6ec54e5ddd99d8348bcc57b301ec7945', '1bcf88670b50155b50071e707f98f30cea0b7a24', '9be725fa3906323d4bc9788f54eccf74109d632b', 'a52a585d74894b3b4eeb8c784fa089ff95cddad0']",1.0,1.0,1.0,True,0.0,8192,False,5
"[""fix"", ""build"", ""feat"", ""test"", ""ci"", ""docs""]","[""fix"", ""feat"", ""test"", ""ci"", ""docs""]",1.4082109928131104,"['933ab6bb86372913c992567cf9660009900911a7', '6ed56ce9ae743ba9a87e6c9643cc06b1de7b748d', 'e2e8ad25854bd1e7cdbc7f50b50bbd99e04ad47d', 'e96487ad7ce90b141219d9032fa2bed68d5dae6a', '036a0ff49a7dade0e04c9c07071a1ff49133ee24']",0.8333333333333334,1.0,0.9090909090909092,False,0.1428571428571428,8192,False,5
"[""test"", ""refactor"", ""build"", ""fix""]","[""test"", ""refactor"", ""ci"", ""build"", ""fix""]",1.2081270217895508,"['e0198f74b81da3663144cfe1d971939319f82a0f', '3cca5c314ad6feeffbfe1f14cf49ebd0fd9a95a2', '45837af24a33308a70a3454f0f650f9fe728e272', '5b81fde8a72cf2e69a10e9f5c4f0bea0a2b8c3e0', '9ef5c0d14193a9abb09b39856f58477d1f4b0d77']",1.0,0.8,0.888888888888889,False,0.1428571428571428,8192,False,5
"[""build"", ""feat"", ""ci"", ""test""]","[""build"", ""feat"", ""refactor"", ""ci"", ""test""]",1.5677449703216553,"['c55591ba157298a9c5816693c102a89dfd058830', '1bcf88670b50155b50071e707f98f30cea0b7a24', '1db13ec43727aca872a0f3836e4023ed85db665e', 'dbb537a26e388a8d7d17faf131abc30c2f7a84e6', 'e2e8ad25854bd1e7cdbc7f50b50bbd99e04ad47d']",1.0,0.8,0.888888888888889,False,0.1428571428571428,8192,False,5
"[""feat"", ""docs"", ""test"", ""build"", ""refactor""]","[""feat"", ""refactor"", ""test"", ""ci"", ""build""]",0.9228990077972412,"['e137f9fdbdb6bf3f85c3f7ac9323785e445844c8', 'a62314d9bb632be6af026686615d14b912250512', 'b7ce2894fd1794064bd6db4ed730bb6cb7728739', '45837af24a33308a70a3454f0f650f9fe728e272', '454003841aabeb74396d73541378bfa59c75b5db']",0.8,0.8,0.8000000000000002,False,0.2857142857142857,8192,False,5
"[""test"", ""fix"", ""build"", ""feat"", ""docs""]","[""test"", ""fix"", ""build"", ""refactor"", ""docs""]",1.885051965713501,"['317f4eefecddfb1392ca71d551840f446feee302', '06e2be4e2019b6fa714e1fcb34485860ef1ede79', '32b92cfa0b74a6c25990e32ac6aab12b8496794c', '535708ae50aecb452560a23356fd396f99ef13a2', 'aca23027da1295c78fdf42ba9687d8ccc88784d7']",0.8,0.8,0.8000000000000002,False,0.2857142857142857,8192,False,5
"[""ci"", ""build"", ""refactor"", ""test""]","[""ci"", ""feat"", ""build"", ""fix"", ""test""]",1.4391019344329834,"['173553c0372e66e03bdab19e0e6c2dd44daa14a0', '6ed56ce9ae743ba9a87e6c9643cc06b1de7b748d', '32b92cfa0b74a6c25990e32ac6aab12b8496794c', '933ab6bb86372913c992567cf9660009900911a7', 'e9617f0854030e70365eb264bcb3b58078e79e9e']",0.75,0.6,0.6666666666666665,False,0.4285714285714285,8192,False,5
"[""ci"", ""test"", ""fix"", ""feat"", ""build""]","[""ci"", ""test"", ""fix"", ""feat"", ""build""]",1.0600943565368652,"['dbb537a26e388a8d7d17faf131abc30c2f7a84e6', 'e2e8ad25854bd1e7cdbc7f50b50bbd99e04ad47d', '933ab6bb86372913c992567cf9660009900911a7', 'b282e90e2cbb74559aab79eee8443a4d7c85502a', 'c55591ba157298a9c5816693c102a89dfd058830']",1.0,1.0,1.0,True,0.0,8192,False,5
"[""test"", ""build"", ""ci"", ""refactor"", ""fix""]","[""test"", ""build"", ""feat"", ""fix"", ""ci""]",1.4978358745574951,"['317f4eefecddfb1392ca71d551840f446feee302', 'e4a11fd5c34942ba12737f1c8c084489428ee274', 'ded26d768ff432ad3bde3c0aa1e95ce50726100a', 'd129eaf9125a967ac86c6c7276bbae6b4d50af36', '173553c0372e66e03bdab19e0e6c2dd44daa14a0']",0.8,0.8,0.8000000000000002,False,0.2857142857142857,8192,False,5
"[""test"", ""build"", ""refactor"", ""docs"", ""feat""]","[""test"", ""build"", ""refactor"", ""docs"", ""feat""]",1.284670352935791,"['bedc7950b24c37809e36a585b7985d5aa5e3e458', '5b81fde8a72cf2e69a10e9f5c4f0bea0a2b8c3e0', '47ef9104e4a89e80d7cc6c1950bc080841da4a7b', 'aca23027da1295c78fdf42ba9687d8ccc88784d7', 'f823cf28652987d43c8324b4f5b203240032383a']",1.0,1.0,1.0,True,0.0,8192,False,5
"[""build"", ""ci"", ""docs"", ""feat"", ""fix""]","[""build"", ""ci"", ""feat"", ""docs"", ""fix""]",0.9979078769683838,"['5b81fde8a72cf2e69a10e9f5c4f0bea0a2b8c3e0', 'c5fa7b80438fbd74f4c341f0d3c9bd9e0f4910da', '68278b00450f2679761a2999500f6d87a579376b', 'a52a585d74894b3b4eeb8c784fa089ff95cddad0', '06e2be4e2019b6fa714e1fcb34485860ef1ede79']",1.0,1.0,1.0,True,0.0,8192,False,5
"[""test"", ""build"", ""fix"", ""ci"", ""feat""]","[""test"", ""build"", ""refactor"", ""fix"", ""ci""]",1.1965231895446775,"['e0198f74b81da3663144cfe1d971939319f82a0f', '5b81fde8a72cf2e69a10e9f5c4f0bea0a2b8c3e0', '3cca5c314ad6feeffbfe1f14cf49ebd0fd9a95a2', '87d5d4e55ab7149b593d29410f1fe426ba2447d4', '74e9de5ec97dc013a52aa063dff0f40ac74c407b']",0.8,0.8,0.8000000000000002,False,0.2857142857142857,8192,False,5
"[""build"", ""refactor"", ""ci"", ""test""]","[""feat"", ""build"", ""fix"", ""ci"", ""test""]",1.3506982326507568,"['6ed56ce9ae743ba9a87e6c9643cc06b1de7b748d', 'c323d59c607cabc91f17a78528d998f376f30b10', '87d5d4e55ab7149b593d29410f1fe426ba2447d4', 'c5fa7b80438fbd74f4c341f0d3c9bd9e0f4910da', 'e9617f0854030e70365eb264bcb3b58078e79e9e']",0.75,0.6,0.6666666666666665,False,0.4285714285714285,8192,False,5
"[""build"", ""docs"", ""test"", ""refactor"", ""feat"", ""ci""]","[""build"", ""test"", ""refactor"", ""feat"", ""ci""]",0.99225115776062,"['5b81fde8a72cf2e69a10e9f5c4f0bea0a2b8c3e0', 'e9617f0854030e70365eb264bcb3b58078e79e9e', '2954a0955ce9af6acb345ed1e8328e145ad30475', '68278b00450f2679761a2999500f6d87a579376b', 'e96487ad7ce90b141219d9032fa2bed68d5dae6a']",0.8333333333333334,1.0,0.9090909090909092,False,0.1428571428571428,8192,False,5
"[""ci"", ""feat"", ""refactor"", ""docs"", ""fix""]","[""ci"", ""refactor"", ""docs"", ""feat"", ""fix""]",0.9940719604492188,"['4cbbd2552ba0de273e1dfe7d453c5b3efed751a3', '535708ae50aecb452560a23356fd396f99ef13a2', 'e12d9e77a6fd531a22325337838a841b1c67f00d', 'fd8e563cc19ca4684885d4692acee6bebcca4ada', '9be725fa3906323d4bc9788f54eccf74109d632b']",1.0,1.0,1.0,True,0.0,8192,False,5
"[""ci"", ""docs"", ""refactor"", ""fix""]","[""ci"", ""fix"", ""feat"", ""docs"", ""refactor""]",1.3550968170166016,"['c5fa7b80438fbd74f4c341f0d3c9bd9e0f4910da', 'bed78248c941d57ad4cc20a455147e186e97c7a1', 'b282e90e2cbb74559aab79eee8443a4d7c85502a', 'bf83c9155e9bee6925aa7102fab53fb803d52533', '771857b1df9470ebc15357e8879118a72c649d5b']",1.0,0.8,0.888888888888889,False,0.1428571428571428,8192,False,5
"[""feat""]","[""fix""]",1.136216163635254,['87d5d4e55ab7149b593d29410f1fe426ba2447d4'],0.0,0.0,0.0,False,0.2857142857142857,8192,False,1
"[""test""]","[""test""]",0.9688210487365724,['317f4eefecddfb1392ca71d551840f446feee302'],1.0,1.0,1.0,True,0.0,8192,False,1
"[""ci""]","[""ci""]",0.5610349178314209,['c5fa7b80438fbd74f4c341f0d3c9bd9e0f4910da'],1.0,1.0,1.0,True,0.0,8192,False,1
"[""ci""]","[""ci""]",0.8161747455596924,['e7a67d88173566be3cd3aed7e9eeb7e29aabbc57'],1.0,1.0,1.0,True,0.0,8192,False,1
"[""fix"", ""refactor""]","[""fix""]",0.7951390743255615,['d129eaf9125a967ac86c6c7276bbae6b4d50af36'],0.5,1.0,0.6666666666666666,False,0.1428571428571428,8192,False,1
"[""build""]","[""build""]",0.7777731418609619,['1269431c8a3e7549f10fcbbb4b88ff625c8898b3'],1.0,1.0,1.0,True,0.0,8192,False,1
"[""feat"", ""refactor""]","[""refactor""]",0.7885689735412598,['535708ae50aecb452560a23356fd396f99ef13a2'],0.5,1.0,0.6666666666666666,False,0.1428571428571428,8192,False,1
"[""feat"", ""refactor""]","[""feat""]",0.8147950172424316,['68278b00450f2679761a2999500f6d87a579376b'],0.5,1.0,0.6666666666666666,False,0.1428571428571428,8192,False,1
"[""ci""]","[""ci""]",1.3868091106414795,['6c9cb638cb4d1ecc42632fcf389c24898c5b3244'],1.0,1.0,1.0,True,0.0,8192,False,1
"[""test""]","[""test""]",0.9539361000061036,['c7b25726df94a2530c9b1c0d2b6a0acaa103822f'],1.0,1.0,1.0,True,0.0,8192,False,1
"[""feat""]","[""feat""]",1.4783082008361816,['1bcf88670b50155b50071e707f98f30cea0b7a24'],1.0,1.0,1.0,True,0.0,8192,False,1
"[""build"", ""docs""]","[""build""]",0.7896649837493896,['454003841aabeb74396d73541378bfa59c75b5db'],0.5,1.0,0.6666666666666666,False,0.1428571428571428,8192,False,1
"[""ci""]","[""ci""]",0.7960960865020752,['dbb537a26e388a8d7d17faf131abc30c2f7a84e6'],1.0,1.0,1.0,True,0.0,8192,False,1
"[""docs""]","[""docs""]",0.635321855545044,['bf83c9155e9bee6925aa7102fab53fb803d52533'],1.0,1.0,1.0,True,0.0,8192,False,1
"[""feat""]","[""feat""]",0.7916171550750732,['dc5238b2bda98a7c4f2fe9584fc3b0191a408109'],1.0,1.0,1.0,True,0.0,8192,False,1
"[""ci""]","[""ci""]",0.7213840484619141,['74e9de5ec97dc013a52aa063dff0f40ac74c407b'],1.0,1.0,1.0,True,0.0,8192,False,1
"[""test""]","[""test""]",0.6043729782104492,['b7ce2894fd1794064bd6db4ed730bb6cb7728739'],1.0,1.0,1.0,True,0.0,8192,False,1
"[""build""]","[""build""]",0.737473726272583,['32b92cfa0b74a6c25990e32ac6aab12b8496794c'],1.0,1.0,1.0,True,0.0,8192,False,1
"[""refactor"", ""fix""]","[""fix""]",0.9794960021972656,['bed78248c941d57ad4cc20a455147e186e97c7a1'],0.5,1.0,0.6666666666666666,False,0.1428571428571428,8192,False,1
"[""test""]","[""test""]",0.8143630027770996,['f411e58cd510f8a2b980b2f1932003a0c0e9f8f3'],1.0,1.0,1.0,True,0.0,8192,False,1
"[""feat"", ""docs""]","[""feat""]",0.8093087673187256,['f9a094918b62534614c47aa8a13f33aec751a1e0'],0.5,1.0,0.6666666666666666,False,0.1428571428571428,8192,False,1
"[""docs""]","[""docs""]",0.7264142036437988,['aca23027da1295c78fdf42ba9687d8ccc88784d7'],1.0,1.0,1.0,True,0.0,8192,False,1
"[""build""]","[""build""]",0.6961870193481445,['37b1cbfd3d2c462ef4f2a131e4172c38dc8d9ddf'],1.0,1.0,1.0,True,0.0,8192,False,1
"[""feat"", ""docs""]","[""feat""]",0.8363442420959473,['e137f9fdbdb6bf3f85c3f7ac9323785e445844c8'],0.5,1.0,0.6666666666666666,False,0.1428571428571428,8192,False,1
"[""test""]","[""test""]",0.8425679206848145,['e0198f74b81da3663144cfe1d971939319f82a0f'],1.0,1.0,1.0,True,0.0,8192,False,1
"[""ci""]","[""ci""]",0.917206048965454,['45837af24a33308a70a3454f0f650f9fe728e272'],1.0,1.0,1.0,True,0.0,8192,False,1
"[""docs""]","[""docs""]",0.735255241394043,['0cfc5633d37ea06f645649138323f1820e18bdee'],1.0,1.0,1.0,True,0.0,8192,False,1
"[""build"", ""feat"", ""test""]","[""test""]",1.161388874053955,['8ee0611fbf0cd89abe7ae588f22e6ecb843598ea'],0.3333333333333333,1.0,0.5,False,0.2857142857142857,8192,False,1
"[""docs""]","[""docs""]",0.8206501007080078,['c2ee5cd5e709afd15c5565ee009a0d204403a119'],1.0,1.0,1.0,True,0.0,8192,False,1
"[""docs""]","[""fix""]",0.7484850883483887,['d1d55e787b7d07f763852602b9939a5394607fd9'],0.0,0.0,0.0,False,0.2857142857142857,8192,False,1
"[""build""]","[""build""]",0.7748086452484131,['c55591ba157298a9c5816693c102a89dfd058830'],1.0,1.0,1.0,True,0.0,8192,False,1
"[""fix""]","[""fix""]",0.9287276268005372,['9be725fa3906323d4bc9788f54eccf74109d632b'],1.0,1.0,1.0,True,0.0,8192,False,1
"[""build""]","[""build""]",0.7001891136169434,['f00a4d3e307b89842250358ee432e6800bb24362'],1.0,1.0,1.0,True,0.0,8192,False,1
"[""docs""]","[""docs""]",0.8474349975585938,['036a0ff49a7dade0e04c9c07071a1ff49133ee24'],1.0,1.0,1.0,True,0.0,8192,False,1
"[""docs""]","[""docs""]",0.7439291477203369,['6d405dfc1675dcad64a2dfac0c0cb0fb28381d21'],1.0,1.0,1.0,True,0.0,8192,False,1
"[""refactor""]","[""refactor""]",1.2368009090423584,['3cca5c314ad6feeffbfe1f14cf49ebd0fd9a95a2'],1.0,1.0,1.0,True,0.0,8192,False,1
"[""docs""]","[""docs""]",0.6400268077850342,['af880ac5b4fecbc6c4f3d1eee0d95f326e8bd9d1'],1.0,1.0,1.0,True,0.0,8192,False,1
"[""fix""]","[""fix""]",0.8227849006652832,['c8e0ae8612df3d6f2831acc004aaac332f6105e4'],1.0,1.0,1.0,True,0.0,8192,False,1
"[""refactor""]","[""refactor""]",0.8655388355255127,['771857b1df9470ebc15357e8879118a72c649d5b'],1.0,1.0,1.0,True,0.0,8192,False,1
"[""refactor""]","[""refactor""]",0.8256568908691406,['47ef9104e4a89e80d7cc6c1950bc080841da4a7b'],1.0,1.0,1.0,True,0.0,8192,False,1
"[""test"", ""refactor""]","[""refactor""]",0.799138069152832,['1db13ec43727aca872a0f3836e4023ed85db665e'],0.5,1.0,0.6666666666666666,False,0.1428571428571428,8192,False,1
"[""fix""]","[""fix""]",1.167557954788208,['933ab6bb86372913c992567cf9660009900911a7'],1.0,1.0,1.0,True,0.0,8192,False,1
"[""test""]","[""test""]",0.6318240165710449,['e2e8ad25854bd1e7cdbc7f50b50bbd99e04ad47d'],1.0,1.0,1.0,True,0.0,8192,False,1
"[""build""]","[""build""]",0.8416690826416016,['c44cf88a6ec54e5ddd99d8348bcc57b301ec7945'],1.0,1.0,1.0,True,0.0,8192,False,1
"[""ci""]","[""ci""]",1.0627391338348389,['e96487ad7ce90b141219d9032fa2bed68d5dae6a'],1.0,1.0,1.0,True,0.0,8192,False,1
"[""build""]","[""build""]",0.8029069900512695,['5b81fde8a72cf2e69a10e9f5c4f0bea0a2b8c3e0'],1.0,1.0,1.0,True,0.0,8192,False,1
"[""docs""]","[""docs""]",1.1186869144439695,['cb1f48b56ae0de93acb72e48726c7d610a1d538e'],1.0,1.0,1.0,True,0.0,8192,False,1
"[""refactor""]","[""fix""]",0.9250710010528564,['2561f4ade46fc9d59f289f328cc77733a6443697'],0.0,0.0,0.0,False,0.2857142857142857,8192,False,1
"[""fix""]","[""fix""]",0.8785080909729004,['06e2be4e2019b6fa714e1fcb34485860ef1ede79'],1.0,1.0,1.0,True,0.0,8192,False,1
"[""fix""]","[""refactor""]",0.8960459232330322,['36556bf8e0bce4ab6d26eafacbdad04d9614a5d7'],0.0,0.0,0.0,False,0.2857142857142857,8192,False,1
"[""build""]","[""build""]",1.4774339199066162,['c323d59c607cabc91f17a78528d998f376f30b10'],1.0,1.0,1.0,True,0.0,8192,False,1
"[""refactor""]","[""build""]",0.6325290203094482,['e4a11fd5c34942ba12737f1c8c084489428ee274'],0.0,0.0,0.0,False,0.2857142857142857,8192,False,1
"[""feat"", ""refactor""]","[""refactor""]",0.8697969913482666,['63eab619e6166eb6cab948028a7b89bf059dd878'],0.5,1.0,0.6666666666666666,False,0.1428571428571428,8192,False,1
"[""docs""]","[""docs""]",0.7814249992370605,['a52a585d74894b3b4eeb8c784fa089ff95cddad0'],1.0,1.0,1.0,True,0.0,8192,False,1
"[""feat""]","[""feat""]",0.7922008037567139,['b282e90e2cbb74559aab79eee8443a4d7c85502a'],1.0,1.0,1.0,True,0.0,8192,False,1
"[""feat""]","[""feat""]",0.7992792129516602,['f823cf28652987d43c8324b4f5b203240032383a'],1.0,1.0,1.0,True,0.0,8192,False,1
"[""fix""]","[""fix""]",0.6723301410675049,['9ef5c0d14193a9abb09b39856f58477d1f4b0d77'],1.0,1.0,1.0,True,0.0,8192,False,1
"[""feat"", ""refactor""]","[""feat""]",0.8950071334838867,['fd8e563cc19ca4684885d4692acee6bebcca4ada'],0.5,1.0,0.6666666666666666,False,0.1428571428571428,8192,False,1
"[""ci""]","[""ci""]",0.9149570465087892,['4cbbd2552ba0de273e1dfe7d453c5b3efed751a3'],1.0,1.0,1.0,True,0.0,8192,False,1
"[""ci""]","[""ci""]",0.7995550632476807,['173553c0372e66e03bdab19e0e6c2dd44daa14a0'],1.0,1.0,1.0,True,0.0,8192,False,1
"[""ci""]","[""ci""]",1.4531681537628174,['32845e1bbd1efb5dbc16f671049509a409ba25ce'],1.0,1.0,1.0,True,0.0,8192,False,1
"[""test""]","[""test""]",0.9036092758178712,['229b53a632ea97d47c4be11f096bdd828fb415d8'],1.0,1.0,1.0,True,0.0,8192,False,1
"[""refactor"", ""docs""]","[""refactor""]",1.389176845550537,['2954a0955ce9af6acb345ed1e8328e145ad30475'],0.5,1.0,0.6666666666666666,False,0.1428571428571428,8192,False,1
"[""docs""]","[""refactor""]",0.5628578662872314,['a62314d9bb632be6af026686615d14b912250512'],0.0,0.0,0.0,False,0.2857142857142857,8192,False,1
"[""refactor""]","[""refactor""]",0.7809109687805176,['062daa45cbd5dba6e96e95d8cdcaee89ae30a83c'],1.0,1.0,1.0,True,0.0,8192,False,1
"[""test""]","[""test""]",0.8308959007263184,['bedc7950b24c37809e36a585b7985d5aa5e3e458'],1.0,1.0,1.0,True,0.0,8192,False,1
"[""feat"", ""refactor""]","[""feat""]",1.5644278526306152,['ded26d768ff432ad3bde3c0aa1e95ce50726100a'],0.5,1.0,0.6666666666666666,False,0.1428571428571428,8192,False,1
"[""test""]","[""test""]",0.8845789432525635,['e9617f0854030e70365eb264bcb3b58078e79e9e'],1.0,1.0,1.0,True,0.0,8192,False,1
"[""build"", ""refactor"", ""feat""]","[""feat""]",0.8820562362670898,['6ed56ce9ae743ba9a87e6c9643cc06b1de7b748d'],0.3333333333333333,1.0,0.5,False,0.2857142857142857,8192,False,1
"[""docs""]","[""docs""]",0.7839641571044922,['e12d9e77a6fd531a22325337838a841b1c67f00d'],1.0,1.0,1.0,True,0.0,8192,False,1
"[""feat"", ""fix""]","[""feat"", ""refactor""]",0.8011777400970459,"['fd8e563cc19ca4684885d4692acee6bebcca4ada', '36556bf8e0bce4ab6d26eafacbdad04d9614a5d7']",0.5,0.5,0.5,False,0.2857142857142857,8192,False,2
"[""ci"", ""build""]","[""ci"", ""build""]",0.7886629104614258,"['45837af24a33308a70a3454f0f650f9fe728e272', '5b81fde8a72cf2e69a10e9f5c4f0bea0a2b8c3e0']",1.0,1.0,1.0,True,0.0,8192,False,2
"[""feat"", ""docs""]","[""refactor"", ""docs""]",0.9431118965148926,"['535708ae50aecb452560a23356fd396f99ef13a2', 'af880ac5b4fecbc6c4f3d1eee0d95f326e8bd9d1']",0.5,0.5,0.5,False,0.2857142857142857,8192,False,2
"[""feat"", ""refactor""]","[""feat"", ""refactor""]",0.8624272346496582,"['68278b00450f2679761a2999500f6d87a579376b', '63eab619e6166eb6cab948028a7b89bf059dd878']",1.0,1.0,1.0,True,0.0,8192,False,2
"[""ci"", ""test""]","[""ci"", ""test""]",1.010286808013916,"['dbb537a26e388a8d7d17faf131abc30c2f7a84e6', 'f411e58cd510f8a2b980b2f1932003a0c0e9f8f3']",1.0,1.0,1.0,True,0.0,8192,False,2
"[""test"", ""ci""]","[""test"", ""ci""]",0.8171231746673584,"['e2e8ad25854bd1e7cdbc7f50b50bbd99e04ad47d', 'c5fa7b80438fbd74f4c341f0d3c9bd9e0f4910da']",1.0,1.0,1.0,True,0.0,8192,False,2
"[""ci"", ""build"", ""refactor""]","[""ci"", ""build""]",0.93721604347229,"['45837af24a33308a70a3454f0f650f9fe728e272', '1269431c8a3e7549f10fcbbb4b88ff625c8898b3']",0.6666666666666666,1.0,0.8,False,0.1428571428571428,8192,False,2
"[""feat"", ""test""]","[""feat"", ""test""]",0.7739448547363281,"['1bcf88670b50155b50071e707f98f30cea0b7a24', 'f411e58cd510f8a2b980b2f1932003a0c0e9f8f3']",1.0,1.0,1.0,True,0.0,8192,False,2
"[""fix"", ""docs""]","[""fix"", ""docs""]",0.993399143218994,"['9be725fa3906323d4bc9788f54eccf74109d632b', '0cfc5633d37ea06f645649138323f1820e18bdee']",1.0,1.0,1.0,True,0.0,8192,False,2
"[""fix"", ""ci""]","[""fix"", ""ci""]",0.8472909927368164,"['9be725fa3906323d4bc9788f54eccf74109d632b', 'e96487ad7ce90b141219d9032fa2bed68d5dae6a']",1.0,1.0,1.0,True,0.0,8192,False,2
"[""build"", ""test""]","[""build"", ""test""]",0.8514389991760254,"['1269431c8a3e7549f10fcbbb4b88ff625c8898b3', '317f4eefecddfb1392ca71d551840f446feee302']",1.0,1.0,1.0,True,0.0,8192,False,2
"[""ci"", ""docs""]","[""ci"", ""docs""]",0.716961145401001,"['dbb537a26e388a8d7d17faf131abc30c2f7a84e6', '0cfc5633d37ea06f645649138323f1820e18bdee']",1.0,1.0,1.0,True,0.0,8192,False,2
"[""fix"", ""refactor"", ""build"", ""test""]","[""refactor"", ""build""]",0.7971327304840088,"['3cca5c314ad6feeffbfe1f14cf49ebd0fd9a95a2', '454003841aabeb74396d73541378bfa59c75b5db']",0.5,1.0,0.6666666666666666,False,0.2857142857142857,8192,False,2
"[""refactor""]","[""fix"", ""refactor""]",0.9750568866729736,"['2561f4ade46fc9d59f289f328cc77733a6443697', '062daa45cbd5dba6e96e95d8cdcaee89ae30a83c']",1.0,0.5,0.6666666666666666,False,0.1428571428571428,8192,False,2
"[""build"", ""ci""]","[""build"", ""ci""]",1.1882119178771973,"['c44cf88a6ec54e5ddd99d8348bcc57b301ec7945', 'dbb537a26e388a8d7d17faf131abc30c2f7a84e6']",1.0,1.0,1.0,True,0.0,8192,False,2
"[""build"", ""feat""]","[""build"", ""refactor""]",0.8551342487335205,"['32b92cfa0b74a6c25990e32ac6aab12b8496794c', '63eab619e6166eb6cab948028a7b89bf059dd878']",0.5,0.5,0.5,False,0.2857142857142857,8192,False,2
"[""feat"", ""docs""]","[""feat"", ""docs""]",0.9226682186126708,"['dc5238b2bda98a7c4f2fe9584fc3b0191a408109', 'e12d9e77a6fd531a22325337838a841b1c67f00d']",1.0,1.0,1.0,True,0.0,8192,False,2
"[""ci"", ""docs""]","[""ci"", ""docs""]",0.6863248348236084,"['32845e1bbd1efb5dbc16f671049509a409ba25ce', 'bf83c9155e9bee6925aa7102fab53fb803d52533']",1.0,1.0,1.0,True,0.0,8192,False,2
"[""fix"", ""build"", ""refactor"", ""feat""]","[""fix"", ""feat""]",0.913658857345581,"['d129eaf9125a967ac86c6c7276bbae6b4d50af36', '6ed56ce9ae743ba9a87e6c9643cc06b1de7b748d']",0.5,1.0,0.6666666666666666,False,0.2857142857142857,8192,False,2
"[""feat"", ""ci""]","[""feat"", ""ci""]",0.6775052547454834,"['1bcf88670b50155b50071e707f98f30cea0b7a24', '74e9de5ec97dc013a52aa063dff0f40ac74c407b']",1.0,1.0,1.0,True,0.0,8192,False,2
"[""docs"", ""ci""]","[""docs"", ""ci""]",0.8233599662780762,"['036a0ff49a7dade0e04c9c07071a1ff49133ee24', '4cbbd2552ba0de273e1dfe7d453c5b3efed751a3']",1.0,1.0,1.0,True,0.0,8192,False,2
"[""docs"", ""test""]","[""test"", ""docs""]",0.9623050689697266,"['e9617f0854030e70365eb264bcb3b58078e79e9e', 'cb1f48b56ae0de93acb72e48726c7d610a1d538e']",1.0,1.0,1.0,True,0.0,8192,False,2
"[""docs"", ""feat""]","[""docs"", ""feat""]",0.7819259166717529,"['aca23027da1295c78fdf42ba9687d8ccc88784d7', 'f823cf28652987d43c8324b4f5b203240032383a']",1.0,1.0,1.0,True,0.0,8192,False,2
"[""refactor"", ""fix""]","[""refactor"", ""fix""]",0.8702220916748047,"['47ef9104e4a89e80d7cc6c1950bc080841da4a7b', '06e2be4e2019b6fa714e1fcb34485860ef1ede79']",1.0,1.0,1.0,True,0.0,8192,False,2
"[""build"", ""ci""]","[""build"", ""ci""]",0.7438869476318359,"['5b81fde8a72cf2e69a10e9f5c4f0bea0a2b8c3e0', 'dbb537a26e388a8d7d17faf131abc30c2f7a84e6']",1.0,1.0,1.0,True,0.0,8192,False,2
"[""build"", ""fix""]","[""build"", ""refactor""]",0.8789739608764648,"['5b81fde8a72cf2e69a10e9f5c4f0bea0a2b8c3e0', '36556bf8e0bce4ab6d26eafacbdad04d9614a5d7']",0.5,0.5,0.5,False,0.2857142857142857,8192,False,2
"[""fix"", ""test""]","[""fix"", ""test""]",1.2184760570526123,"['9ef5c0d14193a9abb09b39856f58477d1f4b0d77', 'b7ce2894fd1794064bd6db4ed730bb6cb7728739']",1.0,1.0,1.0,True,0.0,8192,False,2
"[""build"", ""docs""]","[""build"", ""docs""]",0.8202078342437744,"['c323d59c607cabc91f17a78528d998f376f30b10', 'c2ee5cd5e709afd15c5565ee009a0d204403a119']",1.0,1.0,1.0,True,0.0,8192,False,2
"[""fix"", ""ci""]","[""fix"", ""ci""]",1.1454460620880127,"['9be725fa3906323d4bc9788f54eccf74109d632b', 'dbb537a26e388a8d7d17faf131abc30c2f7a84e6']",1.0,1.0,1.0,True,0.0,8192,False,2
"[""fix"", ""ci""]","[""fix"", ""ci""]",0.7457380294799805,"['9be725fa3906323d4bc9788f54eccf74109d632b', 'e7a67d88173566be3cd3aed7e9eeb7e29aabbc57']",1.0,1.0,1.0,True,0.0,8192,False,2
"[""docs"", ""refactor""]","[""docs"", ""refactor""]",1.6912510395050049,"['c2ee5cd5e709afd15c5565ee009a0d204403a119', '062daa45cbd5dba6e96e95d8cdcaee89ae30a83c']",1.0,1.0,1.0,True,0.0,8192,False,2
"[""fix"", ""feat"", ""docs""]","[""fix"", ""feat""]",0.7313919067382812,"['933ab6bb86372913c992567cf9660009900911a7', 'e137f9fdbdb6bf3f85c3f7ac9323785e445844c8']",0.6666666666666666,1.0,0.8,False,0.1428571428571428,8192,False,2
"[""fix"", ""build""]","[""fix"", ""build""]",0.7738649845123291,"['9be725fa3906323d4bc9788f54eccf74109d632b', 'c44cf88a6ec54e5ddd99d8348bcc57b301ec7945']",1.0,1.0,1.0,True,0.0,8192,False,2
"[""ci"", ""docs""]","[""ci"", ""docs""]",1.1943700313568115,"['173553c0372e66e03bdab19e0e6c2dd44daa14a0', 'e12d9e77a6fd531a22325337838a841b1c67f00d']",1.0,1.0,1.0,True,0.0,8192,False,2
"[""ci"", ""feat""]","[""ci"", ""feat""]",1.0457799434661863,"['6c9cb638cb4d1ecc42632fcf389c24898c5b3244', 'f823cf28652987d43c8324b4f5b203240032383a']",1.0,1.0,1.0,True,0.0,8192,False,2
"[""ci"", ""docs""]","[""ci"", ""docs""]",0.7891767024993896,"['74e9de5ec97dc013a52aa063dff0f40ac74c407b', 'c2ee5cd5e709afd15c5565ee009a0d204403a119']",1.0,1.0,1.0,True,0.0,8192,False,2
"[""test"", ""build""]","[""test"", ""build""]",0.7893807888031006,"['317f4eefecddfb1392ca71d551840f446feee302', '5b81fde8a72cf2e69a10e9f5c4f0bea0a2b8c3e0']",1.0,1.0,1.0,True,0.0,8192,False,2
"[""docs"", ""feat"", ""test""]","[""docs"", ""feat""]",0.6936137676239014,"['a52a585d74894b3b4eeb8c784fa089ff95cddad0', 'f823cf28652987d43c8324b4f5b203240032383a']",0.6666666666666666,1.0,0.8,False,0.1428571428571428,8192,False,2
"[""refactor"", ""build""]","[""refactor"", ""build""]",0.739112138748169,"['47ef9104e4a89e80d7cc6c1950bc080841da4a7b', '5b81fde8a72cf2e69a10e9f5c4f0bea0a2b8c3e0']",1.0,1.0,1.0,True,0.0,8192,False,2
"[""feat"", ""refactor""]","[""feat"", ""refactor""]",1.011570930480957,"['e137f9fdbdb6bf3f85c3f7ac9323785e445844c8', '771857b1df9470ebc15357e8879118a72c649d5b']",1.0,1.0,1.0,True,0.0,8192,False,2
"[""build"", ""refactor""]","[""feat"", ""fix""]",0.7350578308105469,"['6ed56ce9ae743ba9a87e6c9643cc06b1de7b748d', 'd1d55e787b7d07f763852602b9939a5394607fd9']",0.0,0.0,0.0,False,0.5714285714285714,8192,False,2
"[""build"", ""docs""]","[""build"", ""docs""]",2.231559991836548,"['c323d59c607cabc91f17a78528d998f376f30b10', '0cfc5633d37ea06f645649138323f1820e18bdee']",1.0,1.0,1.0,True,0.0,8192,False,2
"[""build"", ""test"", ""feat"", ""docs""]","[""test"", ""refactor""]",1.0607578754425049,"['8ee0611fbf0cd89abe7ae588f22e6ecb843598ea', '2954a0955ce9af6acb345ed1e8328e145ad30475']",0.25,0.5,0.3333333333333333,False,0.5714285714285714,8192,False,2
"[""fix""]","[""refactor"", ""fix""]",1.3893678188323977,"['36556bf8e0bce4ab6d26eafacbdad04d9614a5d7', 'c8e0ae8612df3d6f2831acc004aaac332f6105e4']",1.0,0.5,0.6666666666666666,False,0.1428571428571428,8192,False,2
"[""build"", ""ci"", ""refactor""]","[""build"", ""ci""]",1.1548380851745603,"['e4a11fd5c34942ba12737f1c8c084489428ee274', '173553c0372e66e03bdab19e0e6c2dd44daa14a0']",0.6666666666666666,1.0,0.8,False,0.1428571428571428,8192,False,2
"[""fix"", ""feat""]","[""fix"", ""feat""]",0.7756471633911133,"['c8e0ae8612df3d6f2831acc004aaac332f6105e4', 'f9a094918b62534614c47aa8a13f33aec751a1e0']",1.0,1.0,1.0,True,0.0,8192,False,2
"[""refactor"", ""docs""]","[""refactor"", ""docs""]",0.9068310260772704,"['771857b1df9470ebc15357e8879118a72c649d5b', '0cfc5633d37ea06f645649138323f1820e18bdee']",1.0,1.0,1.0,True,0.0,8192,False,2
"[""build"", ""feat""]","[""feat"", ""fix""]",0.8738129138946533,"['6ed56ce9ae743ba9a87e6c9643cc06b1de7b748d', '87d5d4e55ab7149b593d29410f1fe426ba2447d4']",0.5,0.5,0.5,False,0.2857142857142857,8192,False,2
"[""refactor"", ""test""]","[""refactor"", ""test""]",0.8448209762573242,"['1db13ec43727aca872a0f3836e4023ed85db665e', '229b53a632ea97d47c4be11f096bdd828fb415d8']",1.0,1.0,1.0,True,0.0,8192,False,2
"[""test"", ""refactor"", ""feat""]","[""test"", ""refactor""]",1.3053419589996338,"['317f4eefecddfb1392ca71d551840f446feee302', '63eab619e6166eb6cab948028a7b89bf059dd878']",0.6666666666666666,1.0,0.8,False,0.1428571428571428,8192,False,2
"[""docs"", ""build""]","[""docs"", ""build""]",1.0413610935211182,"['e12d9e77a6fd531a22325337838a841b1c67f00d', 'c44cf88a6ec54e5ddd99d8348bcc57b301ec7945']",1.0,1.0,1.0,True,0.0,8192,False,2
"[""test"", ""build""]","[""refactor"", ""build""]",0.7955191135406494,"['1db13ec43727aca872a0f3836e4023ed85db665e', '32b92cfa0b74a6c25990e32ac6aab12b8496794c']",0.5,0.5,0.5,False,0.2857142857142857,8192,False,2
"[""docs"", ""refactor"", ""fix""]","[""docs"", ""fix""]",1.020854949951172,"['c2ee5cd5e709afd15c5565ee009a0d204403a119', 'bed78248c941d57ad4cc20a455147e186e97c7a1']",0.6666666666666666,1.0,0.8,False,0.1428571428571428,8192,False,2
"[""docs"", ""ci""]","[""docs"", ""ci""]",0.9151649475097656,"['bf83c9155e9bee6925aa7102fab53fb803d52533', '173553c0372e66e03bdab19e0e6c2dd44daa14a0']",1.0,1.0,1.0,True,0.0,8192,False,2
"[""fix"", ""ci""]","[""refactor"", ""ci""]",0.7194702625274658,"['36556bf8e0bce4ab6d26eafacbdad04d9614a5d7', '74e9de5ec97dc013a52aa063dff0f40ac74c407b']",0.5,0.5,0.5,False,0.2857142857142857,8192,False,2
"[""test"", ""refactor""]","[""test"", ""fix""]",0.8206710815429688,"['e9617f0854030e70365eb264bcb3b58078e79e9e', '87d5d4e55ab7149b593d29410f1fe426ba2447d4']",0.5,0.5,0.5,False,0.2857142857142857,8192,False,2
"[""feat"", ""refactor""]","[""feat"", ""refactor""]",0.8639018535614014,"['e137f9fdbdb6bf3f85c3f7ac9323785e445844c8', '47ef9104e4a89e80d7cc6c1950bc080841da4a7b']",1.0,1.0,1.0,True,0.0,8192,False,2
"[""refactor"", ""ci""]","[""fix"", ""ci""]",1.0746760368347168,"['2561f4ade46fc9d59f289f328cc77733a6443697', '74e9de5ec97dc013a52aa063dff0f40ac74c407b']",0.5,0.5,0.5,False,0.2857142857142857,8192,False,2
"[""build"", ""ci""]","[""build"", ""ci""]",0.8148016929626465,"['5b81fde8a72cf2e69a10e9f5c4f0bea0a2b8c3e0', 'e96487ad7ce90b141219d9032fa2bed68d5dae6a']",1.0,1.0,1.0,True,0.0,8192,False,2
"[""build"", ""refactor"", ""test""]","[""build"", ""test""]",1.1129930019378662,"['32b92cfa0b74a6c25990e32ac6aab12b8496794c', '8ee0611fbf0cd89abe7ae588f22e6ecb843598ea']",0.6666666666666666,1.0,0.8,False,0.1428571428571428,8192,False,2
"[""test"", ""ci""]","[""refactor"", ""ci""]",1.1768498420715332,"['1db13ec43727aca872a0f3836e4023ed85db665e', '74e9de5ec97dc013a52aa063dff0f40ac74c407b']",0.5,0.5,0.5,False,0.2857142857142857,8192,False,2
"[""refactor"", ""build""]","[""fix"", ""build""]",0.6478910446166992,"['2561f4ade46fc9d59f289f328cc77733a6443697', 'c55591ba157298a9c5816693c102a89dfd058830']",0.5,0.5,0.5,False,0.2857142857142857,8192,False,2
"[""build"", ""test""]","[""build"", ""refactor""]",0.9733738899230956,"['5b81fde8a72cf2e69a10e9f5c4f0bea0a2b8c3e0', '1db13ec43727aca872a0f3836e4023ed85db665e']",0.5,0.5,0.5,False,0.2857142857142857,8192,False,2
"[""build"", ""test"", ""feat"", ""ci""]","[""test"", ""ci""]",0.7458670139312744,"['8ee0611fbf0cd89abe7ae588f22e6ecb843598ea', 'e96487ad7ce90b141219d9032fa2bed68d5dae6a']",0.5,1.0,0.6666666666666666,False,0.2857142857142857,8192,False,2
"[""test"", ""refactor""]","[""test"", ""refactor""]",0.8587582111358643,"['bedc7950b24c37809e36a585b7985d5aa5e3e458', '062daa45cbd5dba6e96e95d8cdcaee89ae30a83c']",1.0,1.0,1.0,True,0.0,8192,False,2
"[""ci"", ""feat"", ""refactor""]","[""ci"", ""refactor""]",0.6684532165527344,"['74e9de5ec97dc013a52aa063dff0f40ac74c407b', '63eab619e6166eb6cab948028a7b89bf059dd878']",0.6666666666666666,1.0,0.8,False,0.1428571428571428,8192,False,2
"[""test"", ""docs""]","[""test"", ""docs""]",0.8156390190124512,"['317f4eefecddfb1392ca71d551840f446feee302', 'af880ac5b4fecbc6c4f3d1eee0d95f326e8bd9d1']",1.0,1.0,1.0,True,0.0,8192,False,2
"[""feat"", ""refactor""]","[""feat"", ""fix""]",0.8515079021453857,"['dc5238b2bda98a7c4f2fe9584fc3b0191a408109', '9ef5c0d14193a9abb09b39856f58477d1f4b0d77']",0.5,0.5,0.5,False,0.2857142857142857,8192,False,2
"[""refactor"", ""docs""]","[""build"", ""docs""]",1.1374738216400146,"['e4a11fd5c34942ba12737f1c8c084489428ee274', 'e12d9e77a6fd531a22325337838a841b1c67f00d']",0.5,0.5,0.5,False,0.2857142857142857,8192,False,2
"[""build"", ""refactor"", ""feat"", ""fix""]","[""feat"", ""refactor""]",2.5501418113708496,"['6ed56ce9ae743ba9a87e6c9643cc06b1de7b748d', '63eab619e6166eb6cab948028a7b89bf059dd878']",0.5,1.0,0.6666666666666666,False,0.2857142857142857,8192,False,2
"[""ci"", ""fix"", ""docs""]","[""ci"", ""fix"", ""docs""]",0.928985834121704,"['dbb537a26e388a8d7d17faf131abc30c2f7a84e6', 'd129eaf9125a967ac86c6c7276bbae6b4d50af36', 'cb1f48b56ae0de93acb72e48726c7d610a1d538e']",1.0,1.0,1.0,True,0.0,8192,False,3
"[""fix"", ""refactor"", ""build"", ""feat""]","[""fix"", ""refactor"", ""feat""]",1.3412740230560305,"['933ab6bb86372913c992567cf9660009900911a7', '3cca5c314ad6feeffbfe1f14cf49ebd0fd9a95a2', '6ed56ce9ae743ba9a87e6c9643cc06b1de7b748d']",0.75,1.0,0.8571428571428571,False,0.1428571428571428,8192,False,3
"[""build"", ""feat"", ""ci""]","[""build"", ""feat"", ""ci""]",0.8871300220489502,"['5b81fde8a72cf2e69a10e9f5c4f0bea0a2b8c3e0', 'e137f9fdbdb6bf3f85c3f7ac9323785e445844c8', '32845e1bbd1efb5dbc16f671049509a409ba25ce']",1.0,1.0,1.0,True,0.0,8192,False,3
"[""ci"", ""docs"", ""feat""]","[""ci"", ""docs"", ""feat""]",0.9093947410583496,"['45837af24a33308a70a3454f0f650f9fe728e272', '6d405dfc1675dcad64a2dfac0c0cb0fb28381d21', 'f823cf28652987d43c8324b4f5b203240032383a']",1.0,1.0,1.0,True,0.0,8192,False,3
"[""ci"", ""docs"", ""build""]","[""ci"", ""docs"", ""build""]",0.6953680515289307,"['6c9cb638cb4d1ecc42632fcf389c24898c5b3244', 'bf83c9155e9bee6925aa7102fab53fb803d52533', 'c323d59c607cabc91f17a78528d998f376f30b10']",1.0,1.0,1.0,True,0.0,8192,False,3
"[""test"", ""docs"", ""fix""]","[""test"", ""docs"", ""fix""]",0.9416699409484864,"['229b53a632ea97d47c4be11f096bdd828fb415d8', 'e12d9e77a6fd531a22325337838a841b1c67f00d', 'd129eaf9125a967ac86c6c7276bbae6b4d50af36']",1.0,1.0,1.0,True,0.0,8192,False,3
"[""feat"", ""docs""]","[""feat"", ""docs"", ""refactor""]",0.8557100296020508,"['68278b00450f2679761a2999500f6d87a579376b', 'c2ee5cd5e709afd15c5565ee009a0d204403a119', '535708ae50aecb452560a23356fd396f99ef13a2']",1.0,0.6666666666666666,0.8,False,0.1428571428571428,8192,False,3
"[""docs"", ""ci"", ""test""]","[""docs"", ""ci"", ""test""]",0.797914981842041,"['0cfc5633d37ea06f645649138323f1820e18bdee', '6c9cb638cb4d1ecc42632fcf389c24898c5b3244', 'f411e58cd510f8a2b980b2f1932003a0c0e9f8f3']",1.0,1.0,1.0,True,0.0,8192,False,3
"[""fix""]","[""build"", ""fix"", ""refactor""]",0.9197049140930176,"['1269431c8a3e7549f10fcbbb4b88ff625c8898b3', '933ab6bb86372913c992567cf9660009900911a7', '36556bf8e0bce4ab6d26eafacbdad04d9614a5d7']",1.0,0.3333333333333333,0.5,False,0.2857142857142857,8192,False,3
"[""test"", ""fix"", ""docs""]","[""test"", ""fix"", ""docs""]",1.322331190109253,"['c7b25726df94a2530c9b1c0d2b6a0acaa103822f', '933ab6bb86372913c992567cf9660009900911a7', 'c2ee5cd5e709afd15c5565ee009a0d204403a119']",1.0,1.0,1.0,True,0.0,8192,False,3
"[""build"", ""refactor"", ""fix""]","[""build"", ""refactor"", ""fix""]",1.5689809322357178,"['32b92cfa0b74a6c25990e32ac6aab12b8496794c', '771857b1df9470ebc15357e8879118a72c649d5b', '06e2be4e2019b6fa714e1fcb34485860ef1ede79']",1.0,1.0,1.0,True,0.0,8192,False,3
"[""test"", ""docs"", ""build""]","[""test"", ""docs"", ""build""]",0.7477469444274902,"['f411e58cd510f8a2b980b2f1932003a0c0e9f8f3', '036a0ff49a7dade0e04c9c07071a1ff49133ee24', 'c44cf88a6ec54e5ddd99d8348bcc57b301ec7945']",1.0,1.0,1.0,True,0.0,8192,False,3
"[""build"", ""refactor"", ""feat"", ""test""]","[""feat"", ""test"", ""refactor""]",1.1979122161865234,"['6ed56ce9ae743ba9a87e6c9643cc06b1de7b748d', 'c7b25726df94a2530c9b1c0d2b6a0acaa103822f', '535708ae50aecb452560a23356fd396f99ef13a2']",0.75,1.0,0.8571428571428571,False,0.1428571428571428,8192,False,3
"[""docs"", ""refactor"", ""fix""]","[""docs"", ""feat"", ""fix""]",1.5245847702026367,"['6d405dfc1675dcad64a2dfac0c0cb0fb28381d21', 'ded26d768ff432ad3bde3c0aa1e95ce50726100a', 'd129eaf9125a967ac86c6c7276bbae6b4d50af36']",0.6666666666666666,0.6666666666666666,0.6666666666666666,False,0.2857142857142857,8192,False,3
"[""ci"", ""docs"", ""refactor"", ""fix""]","[""ci"", ""docs"", ""fix""]",0.872136116027832,"['e7a67d88173566be3cd3aed7e9eeb7e29aabbc57', 'c2ee5cd5e709afd15c5565ee009a0d204403a119', 'bed78248c941d57ad4cc20a455147e186e97c7a1']",0.75,1.0,0.8571428571428571,False,0.1428571428571428,8192,False,3
"[""ci"", ""docs"", ""fix""]","[""ci"", ""docs"", ""fix""]",0.8945522308349609,"['74e9de5ec97dc013a52aa063dff0f40ac74c407b', 'aca23027da1295c78fdf42ba9687d8ccc88784d7', 'd129eaf9125a967ac86c6c7276bbae6b4d50af36']",1.0,1.0,1.0,True,0.0,8192,False,3
"[""test"", ""refactor"", ""fix"", ""build""]","[""test"", ""fix"", ""build""]",1.088062047958374,"['c7b25726df94a2530c9b1c0d2b6a0acaa103822f', 'bed78248c941d57ad4cc20a455147e186e97c7a1', 'c55591ba157298a9c5816693c102a89dfd058830']",0.75,1.0,0.8571428571428571,False,0.1428571428571428,8192,False,3
"[""docs"", ""ci"", ""refactor"", ""fix""]","[""docs"", ""ci"", ""fix""]",1.0323688983917236,"['a52a585d74894b3b4eeb8c784fa089ff95cddad0', 'e7a67d88173566be3cd3aed7e9eeb7e29aabbc57', 'bed78248c941d57ad4cc20a455147e186e97c7a1']",0.75,1.0,0.8571428571428571,False,0.1428571428571428,8192,False,3
"[""build"", ""ci"", ""test""]","[""build"", ""ci"", ""test""]",0.7872850894927979,"['f00a4d3e307b89842250358ee432e6800bb24362', '6c9cb638cb4d1ecc42632fcf389c24898c5b3244', 'c7b25726df94a2530c9b1c0d2b6a0acaa103822f']",1.0,1.0,1.0,True,0.0,8192,False,3
"[""feat"", ""refactor""]","[""refactor"", ""feat"", ""fix""]",0.9716451168060304,"['2954a0955ce9af6acb345ed1e8328e145ad30475', 'dc5238b2bda98a7c4f2fe9584fc3b0191a408109', '9ef5c0d14193a9abb09b39856f58477d1f4b0d77']",1.0,0.6666666666666666,0.8,False,0.1428571428571428,8192,False,3
"[""ci"", ""test"", ""fix""]","[""ci"", ""test"", ""fix""]",0.925812005996704,"['4cbbd2552ba0de273e1dfe7d453c5b3efed751a3', 'f411e58cd510f8a2b980b2f1932003a0c0e9f8f3', '06e2be4e2019b6fa714e1fcb34485860ef1ede79']",1.0,1.0,1.0,True,0.0,8192,False,3
"[""feat"", ""refactor"", ""test"", ""build""]","[""feat"", ""refactor"", ""build""]",1.0701618194580078,"['b282e90e2cbb74559aab79eee8443a4d7c85502a', '1db13ec43727aca872a0f3836e4023ed85db665e', '37b1cbfd3d2c462ef4f2a131e4172c38dc8d9ddf']",0.75,1.0,0.8571428571428571,False,0.1428571428571428,8192,False,3
"[""fix"", ""feat"", ""ci""]","[""fix"", ""feat"", ""ci""]",0.6737432479858398,"['d129eaf9125a967ac86c6c7276bbae6b4d50af36', 'fd8e563cc19ca4684885d4692acee6bebcca4ada', '173553c0372e66e03bdab19e0e6c2dd44daa14a0']",1.0,1.0,1.0,True,0.0,8192,False,3
"[""docs"", ""feat"", ""test""]","[""docs"", ""refactor"", ""test""]",0.849437952041626,"['036a0ff49a7dade0e04c9c07071a1ff49133ee24', '63eab619e6166eb6cab948028a7b89bf059dd878', '229b53a632ea97d47c4be11f096bdd828fb415d8']",0.6666666666666666,0.6666666666666666,0.6666666666666666,False,0.2857142857142857,8192,False,3
"[""test"", ""ci"", ""feat"", ""refactor""]","[""test"", ""ci"", ""feat""]",1.0001139640808103,"['c7b25726df94a2530c9b1c0d2b6a0acaa103822f', '32845e1bbd1efb5dbc16f671049509a409ba25ce', 'b282e90e2cbb74559aab79eee8443a4d7c85502a']",0.75,1.0,0.8571428571428571,False,0.1428571428571428,8192,False,3
"[""feat"", ""build"", ""fix""]","[""feat"", ""build"", ""refactor""]",1.5921919345855713,"['f9a094918b62534614c47aa8a13f33aec751a1e0', '5b81fde8a72cf2e69a10e9f5c4f0bea0a2b8c3e0', '36556bf8e0bce4ab6d26eafacbdad04d9614a5d7']",0.6666666666666666,0.6666666666666666,0.6666666666666666,False,0.2857142857142857,8192,False,3
"[""feat"", ""build"", ""docs""]","[""feat"", ""build"", ""docs""]",0.8777468204498291,"['e137f9fdbdb6bf3f85c3f7ac9323785e445844c8', '37b1cbfd3d2c462ef4f2a131e4172c38dc8d9ddf', 'e12d9e77a6fd531a22325337838a841b1c67f00d']",1.0,1.0,1.0,True,0.0,8192,False,3
"[""build"", ""fix"", ""ci""]","[""build"", ""refactor"", ""ci""]",0.7821738719940186,"['f00a4d3e307b89842250358ee432e6800bb24362', '36556bf8e0bce4ab6d26eafacbdad04d9614a5d7', '4cbbd2552ba0de273e1dfe7d453c5b3efed751a3']",0.6666666666666666,0.6666666666666666,0.6666666666666666,False,0.2857142857142857,8192,False,3
"[""docs"", ""ci"", ""build"", ""test""]","[""docs"", ""ci"", ""build""]",1.034930944442749,"['cb1f48b56ae0de93acb72e48726c7d610a1d538e', 'e96487ad7ce90b141219d9032fa2bed68d5dae6a', '454003841aabeb74396d73541378bfa59c75b5db']",0.75,1.0,0.8571428571428571,False,0.1428571428571428,8192,False,3
"[""fix"", ""test"", ""build""]","[""fix"", ""test"", ""build""]",0.7163150310516357,"['d129eaf9125a967ac86c6c7276bbae6b4d50af36', 'e2e8ad25854bd1e7cdbc7f50b50bbd99e04ad47d', '1269431c8a3e7549f10fcbbb4b88ff625c8898b3']",1.0,1.0,1.0,True,0.0,8192,False,3
"[""docs"", ""feat""]","[""refactor"", ""docs"", ""feat""]",0.7261247634887695,"['2954a0955ce9af6acb345ed1e8328e145ad30475', 'a52a585d74894b3b4eeb8c784fa089ff95cddad0', 'b282e90e2cbb74559aab79eee8443a4d7c85502a']",1.0,0.6666666666666666,0.8,False,0.1428571428571428,8192,False,3
"[""docs"", ""test"", ""refactor""]","[""docs"", ""refactor"", ""test""]",1.236541986465454,"['0cfc5633d37ea06f645649138323f1820e18bdee', '1db13ec43727aca872a0f3836e4023ed85db665e', 'bedc7950b24c37809e36a585b7985d5aa5e3e458']",1.0,1.0,1.0,True,0.0,8192,False,3
"[""fix"", ""docs"", ""test""]","[""fix"", ""docs"", ""test""]",0.6443238258361816,"['933ab6bb86372913c992567cf9660009900911a7', '0cfc5633d37ea06f645649138323f1820e18bdee', 'c7b25726df94a2530c9b1c0d2b6a0acaa103822f']",1.0,1.0,1.0,True,0.0,8192,False,3
"[""fix"", ""ci"", ""test""]","[""refactor"", ""ci"", ""test""]",1.3734662532806396,"['36556bf8e0bce4ab6d26eafacbdad04d9614a5d7', '6c9cb638cb4d1ecc42632fcf389c24898c5b3244', '229b53a632ea97d47c4be11f096bdd828fb415d8']",0.6666666666666666,0.6666666666666666,0.6666666666666666,False,0.2857142857142857,8192,False,3
"[""ci"", ""test"", ""docs""]","[""ci"", ""test"", ""docs""]",1.0047879219055176,"['c5fa7b80438fbd74f4c341f0d3c9bd9e0f4910da', '229b53a632ea97d47c4be11f096bdd828fb415d8', 'aca23027da1295c78fdf42ba9687d8ccc88784d7']",1.0,1.0,1.0,True,0.0,8192,False,3
"[""feat"", ""docs"", ""fix""]","[""feat"", ""docs"", ""fix""]",1.4067811965942385,"['f823cf28652987d43c8324b4f5b203240032383a', '0cfc5633d37ea06f645649138323f1820e18bdee', '9ef5c0d14193a9abb09b39856f58477d1f4b0d77']",1.0,1.0,1.0,True,0.0,8192,False,3
"[""test"", ""fix"", ""build""]","[""test"", ""fix"", ""build""]",1.3985443115234375,"['317f4eefecddfb1392ca71d551840f446feee302', '06e2be4e2019b6fa714e1fcb34485860ef1ede79', 'c55591ba157298a9c5816693c102a89dfd058830']",1.0,1.0,1.0,True,0.0,8192,False,3
"[""feat"", ""docs"", ""fix""]","[""feat"", ""docs"", ""refactor""]",0.9708364009857178,"['e137f9fdbdb6bf3f85c3f7ac9323785e445844c8', 'bf83c9155e9bee6925aa7102fab53fb803d52533', '36556bf8e0bce4ab6d26eafacbdad04d9614a5d7']",0.6666666666666666,0.6666666666666666,0.6666666666666666,False,0.2857142857142857,8192,False,3
"[""fix"", ""ci"", ""build""]","[""fix"", ""ci"", ""build""]",0.8698279857635498,"['d129eaf9125a967ac86c6c7276bbae6b4d50af36', '6c9cb638cb4d1ecc42632fcf389c24898c5b3244', 'c44cf88a6ec54e5ddd99d8348bcc57b301ec7945']",1.0,1.0,1.0,True,0.0,8192,False,3
"[""refactor"", ""docs""]","[""fix"", ""refactor"", ""docs""]",0.934420108795166,"['2561f4ade46fc9d59f289f328cc77733a6443697', '2954a0955ce9af6acb345ed1e8328e145ad30475', 'a52a585d74894b3b4eeb8c784fa089ff95cddad0']",1.0,0.6666666666666666,0.8,False,0.1428571428571428,8192,False,3
"[""build"", ""feat"", ""fix""]","[""build"", ""feat"", ""fix""]",0.9156248569488524,"['c55591ba157298a9c5816693c102a89dfd058830', 'dc5238b2bda98a7c4f2fe9584fc3b0191a408109', '9be725fa3906323d4bc9788f54eccf74109d632b']",1.0,1.0,1.0,True,0.0,8192,False,3
"[""test"", ""fix"", ""feat""]","[""test"", ""refactor"", ""feat""]",0.8805768489837646,"['229b53a632ea97d47c4be11f096bdd828fb415d8', '36556bf8e0bce4ab6d26eafacbdad04d9614a5d7', 'ded26d768ff432ad3bde3c0aa1e95ce50726100a']",0.6666666666666666,0.6666666666666666,0.6666666666666666,False,0.2857142857142857,8192,False,3
"[""test"", ""build"", ""ci""]","[""test"", ""build"", ""ci""]",0.7774701118469238,"['e0198f74b81da3663144cfe1d971939319f82a0f', 'c55591ba157298a9c5816693c102a89dfd058830', 'e7a67d88173566be3cd3aed7e9eeb7e29aabbc57']",1.0,1.0,1.0,True,0.0,8192,False,3
"[""test"", ""fix"", ""docs""]","[""test"", ""fix"", ""docs""]",0.8708019256591797,"['bedc7950b24c37809e36a585b7985d5aa5e3e458', '933ab6bb86372913c992567cf9660009900911a7', '6d405dfc1675dcad64a2dfac0c0cb0fb28381d21']",1.0,1.0,1.0,True,0.0,8192,False,3
"[""fix"", ""build"", ""test""]","[""fix"", ""build"", ""test""]",0.9103569984436036,"['d129eaf9125a967ac86c6c7276bbae6b4d50af36', '32b92cfa0b74a6c25990e32ac6aab12b8496794c', '317f4eefecddfb1392ca71d551840f446feee302']",1.0,1.0,1.0,True,0.0,8192,False,3
"[""feat"", ""fix"", ""ci""]","[""feat"", ""fix"", ""ci""]",0.7772519588470459,"['f823cf28652987d43c8324b4f5b203240032383a', '9be725fa3906323d4bc9788f54eccf74109d632b', '32845e1bbd1efb5dbc16f671049509a409ba25ce']",1.0,1.0,1.0,True,0.0,8192,False,3
"[""fix"", ""docs"", ""build""]","[""fix"", ""docs"", ""build""]",0.9512381553649902,"['9ef5c0d14193a9abb09b39856f58477d1f4b0d77', 'a52a585d74894b3b4eeb8c784fa089ff95cddad0', '37b1cbfd3d2c462ef4f2a131e4172c38dc8d9ddf']",1.0,1.0,1.0,True,0.0,8192,False,3
"[""feat"", ""ci"", ""docs""]","[""fix"", ""ci"", ""docs""]",1.1866490840911863,"['87d5d4e55ab7149b593d29410f1fe426ba2447d4', '4cbbd2552ba0de273e1dfe7d453c5b3efed751a3', '6d405dfc1675dcad64a2dfac0c0cb0fb28381d21']",0.6666666666666666,0.6666666666666666,0.6666666666666666,False,0.2857142857142857,8192,False,3
"[""feat"", ""docs"", ""refactor"", ""fix""]","[""feat"", ""docs"", ""fix""]",1.0918312072753906,"['fd8e563cc19ca4684885d4692acee6bebcca4ada', 'cb1f48b56ae0de93acb72e48726c7d610a1d538e', 'bed78248c941d57ad4cc20a455147e186e97c7a1']",0.75,1.0,0.8571428571428571,False,0.1428571428571428,8192,False,3
"[""feat"", ""fix"", ""refactor""]","[""feat"", ""fix"", ""refactor""]",0.9783759117126464,"['1bcf88670b50155b50071e707f98f30cea0b7a24', '9ef5c0d14193a9abb09b39856f58477d1f4b0d77', '062daa45cbd5dba6e96e95d8cdcaee89ae30a83c']",1.0,1.0,1.0,True,0.0,8192,False,3
"[""refactor"", ""fix"", ""docs"", ""test""]","[""fix"", ""docs"", ""test""]",1.0699059963226318,"['bed78248c941d57ad4cc20a455147e186e97c7a1', 'a52a585d74894b3b4eeb8c784fa089ff95cddad0', 'e9617f0854030e70365eb264bcb3b58078e79e9e']",0.75,1.0,0.8571428571428571,False,0.1428571428571428,8192,False,3
"[""docs"", ""ci"", ""refactor""]","[""docs"", ""ci"", ""feat""]",1.3108739852905271,"['c2ee5cd5e709afd15c5565ee009a0d204403a119', 'dbb537a26e388a8d7d17faf131abc30c2f7a84e6', 'ded26d768ff432ad3bde3c0aa1e95ce50726100a']",0.6666666666666666,0.6666666666666666,0.6666666666666666,False,0.2857142857142857,8192,False,3
"[""build"", ""ci"", ""docs"", ""refactor""]","[""build"", ""ci"", ""refactor""]",1.1657869815826416,"['454003841aabeb74396d73541378bfa59c75b5db', 'dbb537a26e388a8d7d17faf131abc30c2f7a84e6', '062daa45cbd5dba6e96e95d8cdcaee89ae30a83c']",0.75,1.0,0.8571428571428571,False,0.1428571428571428,8192,False,3
"[""feat"", ""refactor"", ""test""]","[""feat"", ""fix"", ""test""]",0.9836089611053468,"['fd8e563cc19ca4684885d4692acee6bebcca4ada', 'd1d55e787b7d07f763852602b9939a5394607fd9', 'b7ce2894fd1794064bd6db4ed730bb6cb7728739']",0.6666666666666666,0.6666666666666666,0.6666666666666666,False,0.2857142857142857,8192,False,3
"[""docs"", ""test"", ""build""]","[""docs"", ""test"", ""build""]",1.313915729522705,"['bf83c9155e9bee6925aa7102fab53fb803d52533', 'b7ce2894fd1794064bd6db4ed730bb6cb7728739', '37b1cbfd3d2c462ef4f2a131e4172c38dc8d9ddf']",1.0,1.0,1.0,True,0.0,8192,False,3
"[""fix"", ""ci"", ""test""]","[""fix"", ""ci"", ""test""]",0.8552250862121582,"['d129eaf9125a967ac86c6c7276bbae6b4d50af36', 'e7a67d88173566be3cd3aed7e9eeb7e29aabbc57', '317f4eefecddfb1392ca71d551840f446feee302']",1.0,1.0,1.0,True,0.0,8192,False,3
"[""docs"", ""ci""]","[""docs"", ""fix"", ""ci""]",0.8043107986450195,"['c2ee5cd5e709afd15c5565ee009a0d204403a119', 'd1d55e787b7d07f763852602b9939a5394607fd9', '6c9cb638cb4d1ecc42632fcf389c24898c5b3244']",1.0,0.6666666666666666,0.8,False,0.1428571428571428,8192,False,3
"[""ci"", ""fix"", ""docs""]","[""ci"", ""fix"", ""docs""]",0.8539750576019287,"['dbb537a26e388a8d7d17faf131abc30c2f7a84e6', 'c8e0ae8612df3d6f2831acc004aaac332f6105e4', 'e12d9e77a6fd531a22325337838a841b1c67f00d']",1.0,1.0,1.0,True,0.0,8192,False,3
"[""build"", ""docs""]","[""build"", ""docs"", ""refactor""]",1.061173915863037,"['c55591ba157298a9c5816693c102a89dfd058830', 'c2ee5cd5e709afd15c5565ee009a0d204403a119', 'a62314d9bb632be6af026686615d14b912250512']",1.0,0.6666666666666666,0.8,False,0.1428571428571428,8192,False,3
"[""refactor"", ""build""]","[""fix"", ""build"", ""refactor""]",0.7913682460784912,"['d1d55e787b7d07f763852602b9939a5394607fd9', '32b92cfa0b74a6c25990e32ac6aab12b8496794c', '062daa45cbd5dba6e96e95d8cdcaee89ae30a83c']",1.0,0.6666666666666666,0.8,False,0.1428571428571428,8192,False,3
"[""test"", ""build""]","[""test"", ""docs"", ""build""]",0.7063570022583008,"['f411e58cd510f8a2b980b2f1932003a0c0e9f8f3', 'af880ac5b4fecbc6c4f3d1eee0d95f326e8bd9d1', '1269431c8a3e7549f10fcbbb4b88ff625c8898b3']",1.0,0.6666666666666666,0.8,False,0.1428571428571428,8192,False,3
"[""feat"", ""fix"", ""test""]","[""feat"", ""fix"", ""test""]",0.8149278163909912,"['f9a094918b62534614c47aa8a13f33aec751a1e0', '87d5d4e55ab7149b593d29410f1fe426ba2447d4', '317f4eefecddfb1392ca71d551840f446feee302']",1.0,1.0,1.0,True,0.0,8192,False,3
"[""test"", ""fix"", ""feat""]","[""test"", ""fix"", ""feat""]",0.9011869430541992,"['229b53a632ea97d47c4be11f096bdd828fb415d8', 'c8e0ae8612df3d6f2831acc004aaac332f6105e4', 'f823cf28652987d43c8324b4f5b203240032383a']",1.0,1.0,1.0,True,0.0,8192,False,3
"[""feat"", ""fix"", ""docs""]","[""feat"", ""fix"", ""docs""]",1.1723802089691162,"['dc5238b2bda98a7c4f2fe9584fc3b0191a408109', '06e2be4e2019b6fa714e1fcb34485860ef1ede79', 'af880ac5b4fecbc6c4f3d1eee0d95f326e8bd9d1']",1.0,1.0,1.0,True,0.0,8192,False,3
"[""ci"", ""refactor"", ""docs"", ""test""]","[""ci"", ""docs"", ""test""]",1.0457170009613037,"['173553c0372e66e03bdab19e0e6c2dd44daa14a0', 'e12d9e77a6fd531a22325337838a841b1c67f00d', 'c7b25726df94a2530c9b1c0d2b6a0acaa103822f']",0.75,1.0,0.8571428571428571,False,0.1428571428571428,8192,False,3
"[""ci"", ""refactor"", ""docs""]","[""ci"", ""fix"", ""docs""]",1.0313940048217771,"['dbb537a26e388a8d7d17faf131abc30c2f7a84e6', '2561f4ade46fc9d59f289f328cc77733a6443697', 'e12d9e77a6fd531a22325337838a841b1c67f00d']",0.6666666666666666,0.6666666666666666,0.6666666666666666,False,0.2857142857142857,8192,False,3
"[""feat"", ""fix"", ""test""]","[""feat"", ""fix"", ""test""]",0.7542808055877686,"['f823cf28652987d43c8324b4f5b203240032383a', '9ef5c0d14193a9abb09b39856f58477d1f4b0d77', '229b53a632ea97d47c4be11f096bdd828fb415d8']",1.0,1.0,1.0,True,0.0,8192,False,3
"[""docs"", ""ci"", ""refactor""]","[""docs"", ""ci"", ""feat""]",0.8459818363189697,"['6d405dfc1675dcad64a2dfac0c0cb0fb28381d21', '173553c0372e66e03bdab19e0e6c2dd44daa14a0', 'b282e90e2cbb74559aab79eee8443a4d7c85502a']",0.6666666666666666,0.6666666666666666,0.6666666666666666,False,0.2857142857142857,8192,False,3
"[""ci"", ""docs"", ""build""]","[""ci"", ""docs"", ""build""]",0.8443000316619873,"['c5fa7b80438fbd74f4c341f0d3c9bd9e0f4910da', '036a0ff49a7dade0e04c9c07071a1ff49133ee24', 'c44cf88a6ec54e5ddd99d8348bcc57b301ec7945']",1.0,1.0,1.0,True,0.0,8192,False,3
"[""ci"", ""feat"", ""build"", ""refactor""]","[""ci"", ""feat"", ""build""]",0.9708590507507324,"['32845e1bbd1efb5dbc16f671049509a409ba25ce', 'b282e90e2cbb74559aab79eee8443a4d7c85502a', '37b1cbfd3d2c462ef4f2a131e4172c38dc8d9ddf']",0.75,1.0,0.8571428571428571,False,0.1428571428571428,8192,False,3
"[""test"", ""build"", ""fix"", ""feat""]","[""test"", ""build"", ""fix"", ""feat""]",1.2854039669036863,"['e0198f74b81da3663144cfe1d971939319f82a0f', 'f00a4d3e307b89842250358ee432e6800bb24362', 'd129eaf9125a967ac86c6c7276bbae6b4d50af36', 'dc5238b2bda98a7c4f2fe9584fc3b0191a408109']",1.0,1.0,1.0,True,0.0,8192,False,4
"[""ci"", ""build"", ""test"", ""docs"", ""fix""]","[""ci"", ""build"", ""test"", ""docs""]",0.9137389659881592,"['c5fa7b80438fbd74f4c341f0d3c9bd9e0f4910da', '1269431c8a3e7549f10fcbbb4b88ff625c8898b3', 'e2e8ad25854bd1e7cdbc7f50b50bbd99e04ad47d', '036a0ff49a7dade0e04c9c07071a1ff49133ee24']",0.8,1.0,0.888888888888889,False,0.1428571428571428,8192,False,4
"[""fix"", ""refactor"", ""feat"", ""docs"", ""test""]","[""refactor"", ""feat"", ""docs"", ""test""]",0.8891329765319824,"['3cca5c314ad6feeffbfe1f14cf49ebd0fd9a95a2', 'dc5238b2bda98a7c4f2fe9584fc3b0191a408109', 'aca23027da1295c78fdf42ba9687d8ccc88784d7', '229b53a632ea97d47c4be11f096bdd828fb415d8']",0.8,1.0,0.888888888888889,False,0.1428571428571428,8192,False,4
"[""docs"", ""test"", ""build"", ""feat"", ""refactor""]","[""fix"", ""test"", ""build"", ""refactor""]",1.216487169265747,"['d1d55e787b7d07f763852602b9939a5394607fd9', 'bedc7950b24c37809e36a585b7985d5aa5e3e458', 'c55591ba157298a9c5816693c102a89dfd058830', '535708ae50aecb452560a23356fd396f99ef13a2']",0.6,0.75,0.6666666666666665,False,0.4285714285714285,8192,False,4
"[""docs"", ""build"", ""ci"", ""feat""]","[""docs"", ""build"", ""ci"", ""feat""]",0.9050912857055664,"['a52a585d74894b3b4eeb8c784fa089ff95cddad0', '1269431c8a3e7549f10fcbbb4b88ff625c8898b3', '45837af24a33308a70a3454f0f650f9fe728e272', 'e137f9fdbdb6bf3f85c3f7ac9323785e445844c8']",1.0,1.0,1.0,True,0.0,8192,False,4
"[""test"", ""refactor"", ""feat"", ""ci""]","[""test"", ""fix"", ""refactor"", ""ci""]",1.1969850063323977,"['e9617f0854030e70365eb264bcb3b58078e79e9e', 'bed78248c941d57ad4cc20a455147e186e97c7a1', '535708ae50aecb452560a23356fd396f99ef13a2', 'c5fa7b80438fbd74f4c341f0d3c9bd9e0f4910da']",0.75,0.75,0.75,False,0.2857142857142857,8192,False,4
"[""ci"", ""refactor"", ""feat"", ""fix"", ""docs""]","[""ci"", ""fix"", ""feat"", ""refactor""]",1.1622719764709473,"['e7a67d88173566be3cd3aed7e9eeb7e29aabbc57', 'bed78248c941d57ad4cc20a455147e186e97c7a1', 'f823cf28652987d43c8324b4f5b203240032383a', '2954a0955ce9af6acb345ed1e8328e145ad30475']",0.8,1.0,0.888888888888889,False,0.1428571428571428,8192,False,4
"[""docs"", ""ci"", ""test"", ""fix"", ""refactor""]","[""docs"", ""ci"", ""test"", ""refactor""]",1.702908992767334,"['aca23027da1295c78fdf42ba9687d8ccc88784d7', '74e9de5ec97dc013a52aa063dff0f40ac74c407b', '317f4eefecddfb1392ca71d551840f446feee302', '3cca5c314ad6feeffbfe1f14cf49ebd0fd9a95a2']",0.8,1.0,0.888888888888889,False,0.1428571428571428,8192,False,4
"[""fix"", ""feat"", ""docs"", ""build""]","[""fix"", ""feat"", ""build"", ""docs""]",1.9618959426879885,"['9be725fa3906323d4bc9788f54eccf74109d632b', 'e137f9fdbdb6bf3f85c3f7ac9323785e445844c8', 'c323d59c607cabc91f17a78528d998f376f30b10', '0cfc5633d37ea06f645649138323f1820e18bdee']",1.0,1.0,1.0,True,0.0,8192,False,4
"[""docs"", ""test"", ""fix""]","[""docs"", ""feat"", ""test"", ""fix""]",1.120283842086792,"['0cfc5633d37ea06f645649138323f1820e18bdee', '1bcf88670b50155b50071e707f98f30cea0b7a24', '229b53a632ea97d47c4be11f096bdd828fb415d8', '87d5d4e55ab7149b593d29410f1fe426ba2447d4']",1.0,0.75,0.8571428571428571,False,0.1428571428571428,8192,False,4
"[""build"", ""refactor"", ""test"", ""ci""]","[""build"", ""refactor"", ""test"", ""ci""]",1.016319990158081,"['c55591ba157298a9c5816693c102a89dfd058830', '062daa45cbd5dba6e96e95d8cdcaee89ae30a83c', 'c7b25726df94a2530c9b1c0d2b6a0acaa103822f', 'dbb537a26e388a8d7d17faf131abc30c2f7a84e6']",1.0,1.0,1.0,True,0.0,8192,False,4
"[""feat"", ""fix"", ""test"", ""refactor""]","[""feat"", ""fix"", ""test"", ""refactor""]",0.8113431930541992,"['dc5238b2bda98a7c4f2fe9584fc3b0191a408109', 'c8e0ae8612df3d6f2831acc004aaac332f6105e4', 'f411e58cd510f8a2b980b2f1932003a0c0e9f8f3', '47ef9104e4a89e80d7cc6c1950bc080841da4a7b']",1.0,1.0,1.0,True,0.0,8192,False,4
"[""feat"", ""docs"", ""test"", ""ci""]","[""refactor"", ""docs"", ""test"", ""ci""]",1.283188819885254,"['63eab619e6166eb6cab948028a7b89bf059dd878', 'aca23027da1295c78fdf42ba9687d8ccc88784d7', 'f411e58cd510f8a2b980b2f1932003a0c0e9f8f3', 'e7a67d88173566be3cd3aed7e9eeb7e29aabbc57']",0.75,0.75,0.75,False,0.2857142857142857,8192,False,4
"[""docs"", ""test"", ""refactor"", ""fix""]","[""docs"", ""refactor"", ""test"", ""fix""]",0.8633759021759033,"['aca23027da1295c78fdf42ba9687d8ccc88784d7', '062daa45cbd5dba6e96e95d8cdcaee89ae30a83c', 'b7ce2894fd1794064bd6db4ed730bb6cb7728739', '06e2be4e2019b6fa714e1fcb34485860ef1ede79']",1.0,1.0,1.0,True,0.0,8192,False,4
"[""test"", ""docs"", ""build"", ""ci""]","[""test"", ""docs"", ""build"", ""ci""]",1.002194881439209,"['317f4eefecddfb1392ca71d551840f446feee302', 'aca23027da1295c78fdf42ba9687d8ccc88784d7', 'f00a4d3e307b89842250358ee432e6800bb24362', '32845e1bbd1efb5dbc16f671049509a409ba25ce']",1.0,1.0,1.0,True,0.0,8192,False,4
"[""fix"", ""refactor"", ""docs"", ""test""]","[""fix"", ""refactor"", ""docs"", ""test""]",1.4818899631500244,"['933ab6bb86372913c992567cf9660009900911a7', '3cca5c314ad6feeffbfe1f14cf49ebd0fd9a95a2', 'a52a585d74894b3b4eeb8c784fa089ff95cddad0', '229b53a632ea97d47c4be11f096bdd828fb415d8']",1.0,1.0,1.0,True,0.0,8192,False,4
"[""refactor"", ""ci"", ""docs"", ""build""]","[""refactor"", ""ci"", ""docs"", ""build""]",0.8613789081573486,"['63eab619e6166eb6cab948028a7b89bf059dd878', '6c9cb638cb4d1ecc42632fcf389c24898c5b3244', 'a52a585d74894b3b4eeb8c784fa089ff95cddad0', 'c55591ba157298a9c5816693c102a89dfd058830']",1.0,1.0,1.0,True,0.0,8192,False,4
"[""ci"", ""build"", ""test"", ""feat"", ""refactor""]","[""ci"", ""build"", ""test"", ""fix""]",1.0499310493469238,"['173553c0372e66e03bdab19e0e6c2dd44daa14a0', 'c55591ba157298a9c5816693c102a89dfd058830', '8ee0611fbf0cd89abe7ae588f22e6ecb843598ea', '87d5d4e55ab7149b593d29410f1fe426ba2447d4']",0.6,0.75,0.6666666666666665,False,0.4285714285714285,8192,False,4
"[""ci"", ""build"", ""feat"", ""fix""]","[""ci"", ""build"", ""feat"", ""fix""]",1.0875272750854492,"['32845e1bbd1efb5dbc16f671049509a409ba25ce', '32b92cfa0b74a6c25990e32ac6aab12b8496794c', 'fd8e563cc19ca4684885d4692acee6bebcca4ada', '933ab6bb86372913c992567cf9660009900911a7']",1.0,1.0,1.0,True,0.0,8192,False,4
"[""test"", ""build"", ""refactor"", ""feat""]","[""test"", ""build"", ""fix"", ""feat""]",1.0409741401672363,"['317f4eefecddfb1392ca71d551840f446feee302', '454003841aabeb74396d73541378bfa59c75b5db', '933ab6bb86372913c992567cf9660009900911a7', '6ed56ce9ae743ba9a87e6c9643cc06b1de7b748d']",0.75,0.75,0.75,False,0.2857142857142857,8192,False,4
"[""docs"", ""test"", ""fix""]","[""fix"", ""docs"", ""test"", ""refactor""]",0.8491871356964111,"['d1d55e787b7d07f763852602b9939a5394607fd9', '6d405dfc1675dcad64a2dfac0c0cb0fb28381d21', 'e0198f74b81da3663144cfe1d971939319f82a0f', '36556bf8e0bce4ab6d26eafacbdad04d9614a5d7']",1.0,0.75,0.8571428571428571,False,0.1428571428571428,8192,False,4
"[""ci"", ""docs"", ""build"", ""feat""]","[""ci"", ""docs"", ""build"", ""feat""]",1.0096518993377686,"['e7a67d88173566be3cd3aed7e9eeb7e29aabbc57', '6d405dfc1675dcad64a2dfac0c0cb0fb28381d21', 'c44cf88a6ec54e5ddd99d8348bcc57b301ec7945', 'f9a094918b62534614c47aa8a13f33aec751a1e0']",1.0,1.0,1.0,True,0.0,8192,False,4
"[""refactor"", ""test"", ""feat"", ""docs""]","[""fix"", ""test"", ""feat"", ""docs""]",1.8329038619995115,"['2561f4ade46fc9d59f289f328cc77733a6443697', 'e0198f74b81da3663144cfe1d971939319f82a0f', '1bcf88670b50155b50071e707f98f30cea0b7a24', '6d405dfc1675dcad64a2dfac0c0cb0fb28381d21']",0.75,0.75,0.75,False,0.2857142857142857,8192,False,4
"[""ci"", ""fix"", ""test"", ""docs""]","[""ci"", ""fix"", ""test"", ""docs""]",1.1238951683044434,"['4cbbd2552ba0de273e1dfe7d453c5b3efed751a3', '933ab6bb86372913c992567cf9660009900911a7', 'b7ce2894fd1794064bd6db4ed730bb6cb7728739', 'af880ac5b4fecbc6c4f3d1eee0d95f326e8bd9d1']",1.0,1.0,1.0,True,0.0,8192,False,4
"[""feat"", ""ci"", ""refactor"", ""fix""]","[""feat"", ""ci"", ""refactor"", ""fix""]",0.9194719791412354,"['f823cf28652987d43c8324b4f5b203240032383a', '45837af24a33308a70a3454f0f650f9fe728e272', '36556bf8e0bce4ab6d26eafacbdad04d9614a5d7', 'bed78248c941d57ad4cc20a455147e186e97c7a1']",1.0,1.0,1.0,True,0.0,8192,False,4
"[""feat"", ""refactor"", ""docs"", ""build""]","[""refactor"", ""feat"", ""docs"", ""build""]",0.96071457862854,"['63eab619e6166eb6cab948028a7b89bf059dd878', 'e137f9fdbdb6bf3f85c3f7ac9323785e445844c8', 'a52a585d74894b3b4eeb8c784fa089ff95cddad0', 'f00a4d3e307b89842250358ee432e6800bb24362']",1.0,1.0,1.0,True,0.0,8192,False,4
"[""build"", ""test"", ""feat"", ""fix"", ""ci""]","[""build"", ""test"", ""ci"", ""refactor""]",1.0565369129180908,"['1269431c8a3e7549f10fcbbb4b88ff625c8898b3', '8ee0611fbf0cd89abe7ae588f22e6ecb843598ea', '45837af24a33308a70a3454f0f650f9fe728e272', '63eab619e6166eb6cab948028a7b89bf059dd878']",0.6,0.75,0.6666666666666665,False,0.4285714285714285,8192,False,4
"[""build"", ""docs"", ""feat"", ""refactor""]","[""build"", ""docs"", ""feat"", ""fix""]",0.9289002418518066,"['37b1cbfd3d2c462ef4f2a131e4172c38dc8d9ddf', '6d405dfc1675dcad64a2dfac0c0cb0fb28381d21', 'b282e90e2cbb74559aab79eee8443a4d7c85502a', '2561f4ade46fc9d59f289f328cc77733a6443697']",0.75,0.75,0.75,False,0.2857142857142857,8192,False,4
"[""build"", ""test"", ""ci"", ""feat"", ""refactor""]","[""build"", ""test"", ""ci"", ""feat""]",1.1595158576965332,"['c55591ba157298a9c5816693c102a89dfd058830', '317f4eefecddfb1392ca71d551840f446feee302', 'c5fa7b80438fbd74f4c341f0d3c9bd9e0f4910da', '6ed56ce9ae743ba9a87e6c9643cc06b1de7b748d']",0.8,1.0,0.888888888888889,False,0.1428571428571428,8192,False,4
"[""fix"", ""build"", ""docs"", ""refactor""]","[""fix"", ""build"", ""docs"", ""refactor""]",1.039734125137329,"['933ab6bb86372913c992567cf9660009900911a7', '5b81fde8a72cf2e69a10e9f5c4f0bea0a2b8c3e0', 'c2ee5cd5e709afd15c5565ee009a0d204403a119', '3cca5c314ad6feeffbfe1f14cf49ebd0fd9a95a2']",1.0,1.0,1.0,True,0.0,8192,False,4
"[""fix"", ""feat"", ""docs"", ""ci""]","[""fix"", ""feat"", ""docs"", ""ci""]",1.573132038116455,"['933ab6bb86372913c992567cf9660009900911a7', 'dc5238b2bda98a7c4f2fe9584fc3b0191a408109', '036a0ff49a7dade0e04c9c07071a1ff49133ee24', 'e7a67d88173566be3cd3aed7e9eeb7e29aabbc57']",1.0,1.0,1.0,True,0.0,8192,False,4
"[""test"", ""fix"", ""feat"", ""refactor""]","[""docs"", ""fix"", ""feat"", ""refactor""]",0.8698680400848389,"['af880ac5b4fecbc6c4f3d1eee0d95f326e8bd9d1', 'c8e0ae8612df3d6f2831acc004aaac332f6105e4', 'f9a094918b62534614c47aa8a13f33aec751a1e0', '47ef9104e4a89e80d7cc6c1950bc080841da4a7b']",0.75,0.75,0.75,False,0.2857142857142857,8192,False,4
"[""fix"", ""feat"", ""ci"", ""build"", ""docs"", ""refactor""]","[""fix"", ""build"", ""feat"", ""ci""]",1.1018648147583008,"['d129eaf9125a967ac86c6c7276bbae6b4d50af36', '1269431c8a3e7549f10fcbbb4b88ff625c8898b3', 'e137f9fdbdb6bf3f85c3f7ac9323785e445844c8', '173553c0372e66e03bdab19e0e6c2dd44daa14a0']",0.6666666666666666,1.0,0.8,False,0.2857142857142857,8192,False,4
"[""feat"", ""refactor"", ""docs"", ""test"", ""build""]","[""feat"", ""refactor"", ""test"", ""build""]",0.863311767578125,"['dc5238b2bda98a7c4f2fe9584fc3b0191a408109', '771857b1df9470ebc15357e8879118a72c649d5b', 'b7ce2894fd1794064bd6db4ed730bb6cb7728739', 'c323d59c607cabc91f17a78528d998f376f30b10']",0.8,1.0,0.888888888888889,False,0.1428571428571428,8192,False,4
"[""build"", ""test"", ""ci"", ""fix"", ""refactor""]","[""build"", ""test"", ""ci"", ""fix""]",1.1454720497131348,"['5b81fde8a72cf2e69a10e9f5c4f0bea0a2b8c3e0', 'b7ce2894fd1794064bd6db4ed730bb6cb7728739', '74e9de5ec97dc013a52aa063dff0f40ac74c407b', 'd129eaf9125a967ac86c6c7276bbae6b4d50af36']",0.8,1.0,0.888888888888889,False,0.1428571428571428,8192,False,4
"[""test"", ""refactor"", ""build"", ""docs"", ""ci""]","[""docs"", ""feat"", ""build"", ""ci""]",1.3666579723358154,"['af880ac5b4fecbc6c4f3d1eee0d95f326e8bd9d1', 'ded26d768ff432ad3bde3c0aa1e95ce50726100a', '454003841aabeb74396d73541378bfa59c75b5db', '4cbbd2552ba0de273e1dfe7d453c5b3efed751a3']",0.6,0.75,0.6666666666666665,False,0.4285714285714285,8192,False,4
"[""docs"", ""feat"", ""ci"", ""build""]","[""docs"", ""refactor"", ""ci"", ""build""]",0.9642601013183594,"['036a0ff49a7dade0e04c9c07071a1ff49133ee24', '535708ae50aecb452560a23356fd396f99ef13a2', 'e7a67d88173566be3cd3aed7e9eeb7e29aabbc57', 'c55591ba157298a9c5816693c102a89dfd058830']",0.75,0.75,0.75,False,0.2857142857142857,8192,False,4
"[""docs"", ""ci"", ""refactor""]","[""refactor"", ""ci"", ""fix"", ""docs""]",1.010685920715332,"['2954a0955ce9af6acb345ed1e8328e145ad30475', '6c9cb638cb4d1ecc42632fcf389c24898c5b3244', 'd1d55e787b7d07f763852602b9939a5394607fd9', '6d405dfc1675dcad64a2dfac0c0cb0fb28381d21']",1.0,0.75,0.8571428571428571,False,0.1428571428571428,8192,False,4
"[""test"", ""ci"", ""docs"", ""refactor""]","[""test"", ""ci"", ""docs"", ""feat""]",1.4661259651184082,"['229b53a632ea97d47c4be11f096bdd828fb415d8', '4cbbd2552ba0de273e1dfe7d453c5b3efed751a3', 'bf83c9155e9bee6925aa7102fab53fb803d52533', 'ded26d768ff432ad3bde3c0aa1e95ce50726100a']",0.75,0.75,0.75,False,0.2857142857142857,8192,False,4
"[""refactor"", ""fix"", ""test"", ""feat""]","[""refactor"", ""fix"", ""test"", ""feat""]",1.0260369777679443,"['47ef9104e4a89e80d7cc6c1950bc080841da4a7b', '9ef5c0d14193a9abb09b39856f58477d1f4b0d77', 'b7ce2894fd1794064bd6db4ed730bb6cb7728739', '1bcf88670b50155b50071e707f98f30cea0b7a24']",1.0,1.0,1.0,True,0.0,8192,False,4
"[""ci"", ""refactor""]","[""docs"", ""feat"", ""ci"", ""refactor""]",1.078307867050171,"['e12d9e77a6fd531a22325337838a841b1c67f00d', 'fd8e563cc19ca4684885d4692acee6bebcca4ada', '173553c0372e66e03bdab19e0e6c2dd44daa14a0', '535708ae50aecb452560a23356fd396f99ef13a2']",1.0,0.5,0.6666666666666666,False,0.2857142857142857,8192,False,4
"[""test"", ""feat"", ""ci""]","[""refactor"", ""feat"", ""docs"", ""ci""]",0.8796980381011963,"['1db13ec43727aca872a0f3836e4023ed85db665e', 'b282e90e2cbb74559aab79eee8443a4d7c85502a', 'e12d9e77a6fd531a22325337838a841b1c67f00d', '74e9de5ec97dc013a52aa063dff0f40ac74c407b']",0.6666666666666666,0.5,0.5714285714285715,False,0.4285714285714285,8192,False,4
"[""docs"", ""ci"", ""refactor"", ""test""]","[""docs"", ""ci"", ""refactor"", ""test""]",0.8591468334197998,"['aca23027da1295c78fdf42ba9687d8ccc88784d7', '74e9de5ec97dc013a52aa063dff0f40ac74c407b', '2954a0955ce9af6acb345ed1e8328e145ad30475', 'f411e58cd510f8a2b980b2f1932003a0c0e9f8f3']",1.0,1.0,1.0,True,0.0,8192,False,4
"[""test"", ""ci"", ""fix""]","[""test"", ""docs"", ""ci"", ""fix""]",0.9819681644439696,"['b7ce2894fd1794064bd6db4ed730bb6cb7728739', 'af880ac5b4fecbc6c4f3d1eee0d95f326e8bd9d1', '6c9cb638cb4d1ecc42632fcf389c24898c5b3244', 'd129eaf9125a967ac86c6c7276bbae6b4d50af36']",1.0,0.75,0.8571428571428571,False,0.1428571428571428,8192,False,4
"[""ci"", ""fix"", ""build"", ""feat"", ""test"", ""docs""]","[""ci"", ""refactor"", ""test"", ""docs""]",1.1259679794311523,"['e7a67d88173566be3cd3aed7e9eeb7e29aabbc57', '36556bf8e0bce4ab6d26eafacbdad04d9614a5d7', '8ee0611fbf0cd89abe7ae588f22e6ecb843598ea', 'c2ee5cd5e709afd15c5565ee009a0d204403a119']",0.5,0.75,0.6,False,0.5714285714285714,8192,False,4
"[""docs"", ""feat"", ""test"", ""build""]","[""docs"", ""feat"", ""test"", ""build""]",1.678579807281494,"['0cfc5633d37ea06f645649138323f1820e18bdee', 'fd8e563cc19ca4684885d4692acee6bebcca4ada', 'e9617f0854030e70365eb264bcb3b58078e79e9e', '1269431c8a3e7549f10fcbbb4b88ff625c8898b3']",1.0,1.0,1.0,True,0.0,8192,False,4
"[""refactor"", ""test"", ""fix""]","[""refactor"", ""feat"", ""test"", ""fix""]",0.882957935333252,"['47ef9104e4a89e80d7cc6c1950bc080841da4a7b', 'b282e90e2cbb74559aab79eee8443a4d7c85502a', 'e0198f74b81da3663144cfe1d971939319f82a0f', 'bed78248c941d57ad4cc20a455147e186e97c7a1']",1.0,0.75,0.8571428571428571,False,0.1428571428571428,8192,False,4
"[""build"", ""ci"", ""fix"", ""feat""]","[""build"", ""ci"", ""fix"", ""refactor""]",1.1485090255737305,"['454003841aabeb74396d73541378bfa59c75b5db', '173553c0372e66e03bdab19e0e6c2dd44daa14a0', 'd129eaf9125a967ac86c6c7276bbae6b4d50af36', '63eab619e6166eb6cab948028a7b89bf059dd878']",0.75,0.75,0.75,False,0.2857142857142857,8192,False,4
"[""build"", ""test"", ""refactor"", ""docs"", ""feat""]","[""test"", ""refactor"", ""docs"", ""feat""]",0.9067668914794922,"['e9617f0854030e70365eb264bcb3b58078e79e9e', '2954a0955ce9af6acb345ed1e8328e145ad30475', 'c2ee5cd5e709afd15c5565ee009a0d204403a119', '6ed56ce9ae743ba9a87e6c9643cc06b1de7b748d']",0.8,1.0,0.888888888888889,False,0.1428571428571428,8192,False,4
"[""build"", ""docs"", ""ci"", ""fix""]","[""build"", ""refactor"", ""fix"", ""ci""]",1.0465381145477295,"['454003841aabeb74396d73541378bfa59c75b5db', 'a62314d9bb632be6af026686615d14b912250512', '06e2be4e2019b6fa714e1fcb34485860ef1ede79', '4cbbd2552ba0de273e1dfe7d453c5b3efed751a3']",0.75,0.75,0.75,False,0.2857142857142857,8192,False,4
"[""feat"", ""test"", ""ci""]","[""feat"", ""test"", ""refactor"", ""ci""]",1.0472691059112549,"['b282e90e2cbb74559aab79eee8443a4d7c85502a', 'e2e8ad25854bd1e7cdbc7f50b50bbd99e04ad47d', '63eab619e6166eb6cab948028a7b89bf059dd878', '6c9cb638cb4d1ecc42632fcf389c24898c5b3244']",1.0,0.75,0.8571428571428571,False,0.1428571428571428,8192,False,4
"[""docs"", ""test"", ""refactor""]","[""docs"", ""fix"", ""test"", ""refactor""]",0.943796157836914,"['0cfc5633d37ea06f645649138323f1820e18bdee', 'd1d55e787b7d07f763852602b9939a5394607fd9', 'e2e8ad25854bd1e7cdbc7f50b50bbd99e04ad47d', '062daa45cbd5dba6e96e95d8cdcaee89ae30a83c']",1.0,0.75,0.8571428571428571,False,0.1428571428571428,8192,False,4
"[""refactor"", ""fix"", ""docs"", ""ci""]","[""refactor"", ""fix"", ""docs"", ""ci""]",0.9467039108276368,"['47ef9104e4a89e80d7cc6c1950bc080841da4a7b', 'd129eaf9125a967ac86c6c7276bbae6b4d50af36', '0cfc5633d37ea06f645649138323f1820e18bdee', '45837af24a33308a70a3454f0f650f9fe728e272']",1.0,1.0,1.0,True,0.0,8192,False,4
"[""refactor"", ""build"", ""test"", ""ci"", ""feat""]","[""fix"", ""build"", ""ci"", ""test""]",1.2533199787139893,"['bed78248c941d57ad4cc20a455147e186e97c7a1', '1269431c8a3e7549f10fcbbb4b88ff625c8898b3', '45837af24a33308a70a3454f0f650f9fe728e272', '8ee0611fbf0cd89abe7ae588f22e6ecb843598ea']",0.6,0.75,0.6666666666666665,False,0.4285714285714285,8192,False,4
"[""build"", ""refactor"", ""docs"", ""fix""]","[""build"", ""fix"", ""ci"", ""docs""]",1.141795635223389,"['454003841aabeb74396d73541378bfa59c75b5db', 'bed78248c941d57ad4cc20a455147e186e97c7a1', '45837af24a33308a70a3454f0f650f9fe728e272', 'c2ee5cd5e709afd15c5565ee009a0d204403a119']",0.75,0.75,0.75,False,0.2857142857142857,8192,False,4
"[""ci"", ""refactor"", ""docs""]","[""ci"", ""refactor"", ""fix"", ""docs""]",1.0415189266204834,"['dbb537a26e388a8d7d17faf131abc30c2f7a84e6', '3cca5c314ad6feeffbfe1f14cf49ebd0fd9a95a2', 'd1d55e787b7d07f763852602b9939a5394607fd9', '6d405dfc1675dcad64a2dfac0c0cb0fb28381d21']",1.0,0.75,0.8571428571428571,False,0.1428571428571428,8192,False,4
"[""docs"", ""ci"", ""refactor""]","[""fix"", ""ci"", ""docs"", ""refactor""]",1.4981689453125,"['2561f4ade46fc9d59f289f328cc77733a6443697', '6c9cb638cb4d1ecc42632fcf389c24898c5b3244', 'bf83c9155e9bee6925aa7102fab53fb803d52533', '771857b1df9470ebc15357e8879118a72c649d5b']",1.0,0.75,0.8571428571428571,False,0.1428571428571428,8192,False,4
"[""fix"", ""feat"", ""build"", ""docs""]","[""fix"", ""feat"", ""build"", ""docs""]",1.024547100067139,"['06e2be4e2019b6fa714e1fcb34485860ef1ede79', 'fd8e563cc19ca4684885d4692acee6bebcca4ada', '32b92cfa0b74a6c25990e32ac6aab12b8496794c', '6d405dfc1675dcad64a2dfac0c0cb0fb28381d21']",1.0,1.0,1.0,True,0.0,8192,False,4
"[""build"", ""ci"", ""test"", ""feat""]","[""build"", ""ci"", ""test"", ""feat""]",0.8824331760406494,"['c55591ba157298a9c5816693c102a89dfd058830', '45837af24a33308a70a3454f0f650f9fe728e272', 'b7ce2894fd1794064bd6db4ed730bb6cb7728739', 'dc5238b2bda98a7c4f2fe9584fc3b0191a408109']",1.0,1.0,1.0,True,0.0,8192,False,4
"[""ci"", ""test"", ""feat"", ""docs""]","[""ci"", ""docs"", ""feat"", ""test""]",1.0922608375549316,"['173553c0372e66e03bdab19e0e6c2dd44daa14a0', 'e12d9e77a6fd531a22325337838a841b1c67f00d', 'f823cf28652987d43c8324b4f5b203240032383a', '229b53a632ea97d47c4be11f096bdd828fb415d8']",1.0,1.0,1.0,True,0.0,8192,False,4
"[""fix"", ""docs"", ""ci"", ""test""]","[""refactor"", ""docs"", ""ci"", ""test""]",0.8152749538421631,"['36556bf8e0bce4ab6d26eafacbdad04d9614a5d7', 'aca23027da1295c78fdf42ba9687d8ccc88784d7', 'dbb537a26e388a8d7d17faf131abc30c2f7a84e6', '229b53a632ea97d47c4be11f096bdd828fb415d8']",0.75,0.75,0.75,False,0.2857142857142857,8192,False,4
"[""docs"", ""test"", ""fix""]","[""docs"", ""refactor"", ""test"", ""fix""]",0.8830690383911133,"['0cfc5633d37ea06f645649138323f1820e18bdee', '1db13ec43727aca872a0f3836e4023ed85db665e', '229b53a632ea97d47c4be11f096bdd828fb415d8', '9be725fa3906323d4bc9788f54eccf74109d632b']",1.0,0.75,0.8571428571428571,False,0.1428571428571428,8192,False,4
"[""ci"", ""docs"", ""refactor"", ""test""]","[""ci"", ""docs"", ""refactor"", ""test""]",0.8246750831604004,"['c5fa7b80438fbd74f4c341f0d3c9bd9e0f4910da', 'bf83c9155e9bee6925aa7102fab53fb803d52533', '062daa45cbd5dba6e96e95d8cdcaee89ae30a83c', 'bedc7950b24c37809e36a585b7985d5aa5e3e458']",1.0,1.0,1.0,True,0.0,8192,False,4
"[""fix"", ""docs"", ""ci"", ""feat"", ""refactor""]","[""fix"", ""docs"", ""ci"", ""feat""]",0.9038903713226318,"['9be725fa3906323d4bc9788f54eccf74109d632b', '036a0ff49a7dade0e04c9c07071a1ff49133ee24', '45837af24a33308a70a3454f0f650f9fe728e272', 'f823cf28652987d43c8324b4f5b203240032383a']",0.8,1.0,0.888888888888889,False,0.1428571428571428,8192,False,4
"[""docs"", ""test"", ""build"", ""refactor""]","[""docs"", ""test"", ""build"", ""feat""]",1.1057920455932615,"['bf83c9155e9bee6925aa7102fab53fb803d52533', 'e0198f74b81da3663144cfe1d971939319f82a0f', 'f00a4d3e307b89842250358ee432e6800bb24362', 'ded26d768ff432ad3bde3c0aa1e95ce50726100a']",0.75,0.75,0.75,False,0.2857142857142857,8192,False,4
"[""docs"", ""test"", ""refactor""]","[""docs"", ""refactor"", ""test"", ""fix""]",1.582082986831665,"['aca23027da1295c78fdf42ba9687d8ccc88784d7', '1db13ec43727aca872a0f3836e4023ed85db665e', 'f411e58cd510f8a2b980b2f1932003a0c0e9f8f3', '2561f4ade46fc9d59f289f328cc77733a6443697']",1.0,0.75,0.8571428571428571,False,0.1428571428571428,8192,False,4
"[""test"", ""build"", ""feat"", ""docs"", ""ci""]","[""test"", ""feat"", ""docs"", ""ci""]",1.0931589603424072,"['e0198f74b81da3663144cfe1d971939319f82a0f', 'f823cf28652987d43c8324b4f5b203240032383a', 'aca23027da1295c78fdf42ba9687d8ccc88784d7', 'e96487ad7ce90b141219d9032fa2bed68d5dae6a']",0.8,1.0,0.888888888888889,False,0.1428571428571428,8192,False,4
"[""feat"", ""build"", ""refactor"", ""docs""]","[""refactor"", ""build"", ""feat"", ""docs""]",3.389065980911255,"['63eab619e6166eb6cab948028a7b89bf059dd878', '32b92cfa0b74a6c25990e32ac6aab12b8496794c', 'fd8e563cc19ca4684885d4692acee6bebcca4ada', 'a52a585d74894b3b4eeb8c784fa089ff95cddad0']",1.0,1.0,1.0,True,0.0,8192,False,4
"[""build"", ""test"", ""fix"", ""feat""]","[""build"", ""fix"", ""test"", ""feat""]",6.914660930633545,"['37b1cbfd3d2c462ef4f2a131e4172c38dc8d9ddf', 'c8e0ae8612df3d6f2831acc004aaac332f6105e4', 'c7b25726df94a2530c9b1c0d2b6a0acaa103822f', '1bcf88670b50155b50071e707f98f30cea0b7a24']",1.0,1.0,1.0,True,0.0,8192,False,4
"[""refactor"", ""build"", ""ci"", ""docs""]","[""refactor"", ""ci"", ""docs"", ""build""]",4.480759143829346,"['771857b1df9470ebc15357e8879118a72c649d5b', '6c9cb638cb4d1ecc42632fcf389c24898c5b3244', '6d405dfc1675dcad64a2dfac0c0cb0fb28381d21', '454003841aabeb74396d73541378bfa59c75b5db']",1.0,1.0,1.0,True,0.0,8192,False,4
"[""fix"", ""docs"", ""feat"", ""ci"", ""test""]","[""fix"", ""docs"", ""refactor"", ""ci"", ""test""]",3.8795669078826904,"['9be725fa3906323d4bc9788f54eccf74109d632b', 'bf83c9155e9bee6925aa7102fab53fb803d52533', '535708ae50aecb452560a23356fd396f99ef13a2', '4cbbd2552ba0de273e1dfe7d453c5b3efed751a3', 'bedc7950b24c37809e36a585b7985d5aa5e3e458']",0.8,0.8,0.8000000000000002,False,0.2857142857142857,8192,False,5
"[""test"", ""docs"", ""refactor"", ""build"", ""feat""]","[""test"", ""docs"", ""refactor"", ""build"", ""feat""]",4.4582788944244385,"['229b53a632ea97d47c4be11f096bdd828fb415d8', 'bf83c9155e9bee6925aa7102fab53fb803d52533', '062daa45cbd5dba6e96e95d8cdcaee89ae30a83c', 'e4a11fd5c34942ba12737f1c8c084489428ee274', 'fd8e563cc19ca4684885d4692acee6bebcca4ada']",1.0,1.0,1.0,True,0.0,8192,False,5
"[""test"", ""ci"", ""build"", ""refactor""]","[""test"", ""ci"", ""fix"", ""build"", ""refactor""]",2.2558979988098145,"['317f4eefecddfb1392ca71d551840f446feee302', 'e7a67d88173566be3cd3aed7e9eeb7e29aabbc57', 'd1d55e787b7d07f763852602b9939a5394607fd9', 'f00a4d3e307b89842250358ee432e6800bb24362', '771857b1df9470ebc15357e8879118a72c649d5b']",1.0,0.8,0.888888888888889,False,0.1428571428571428,8192,False,5
"[""ci"", ""refactor"", ""test"", ""fix""]","[""ci"", ""refactor"", ""build"", ""test"", ""fix""]",1.966454029083252,"['e7a67d88173566be3cd3aed7e9eeb7e29aabbc57', '47ef9104e4a89e80d7cc6c1950bc080841da4a7b', '5b81fde8a72cf2e69a10e9f5c4f0bea0a2b8c3e0', 'bedc7950b24c37809e36a585b7985d5aa5e3e458', '9ef5c0d14193a9abb09b39856f58477d1f4b0d77']",1.0,0.8,0.888888888888889,False,0.1428571428571428,8192,False,5
"[""build"", ""refactor"", ""feat"", ""docs""]","[""build"", ""fix"", ""feat"", ""refactor"", ""docs""]",0.9958178997039796,"['e4a11fd5c34942ba12737f1c8c084489428ee274', '9ef5c0d14193a9abb09b39856f58477d1f4b0d77', 'dc5238b2bda98a7c4f2fe9584fc3b0191a408109', '771857b1df9470ebc15357e8879118a72c649d5b', 'c2ee5cd5e709afd15c5565ee009a0d204403a119']",1.0,0.8,0.888888888888889,False,0.1428571428571428,8192,False,5
"[""docs"", ""test"", ""build"", ""fix"", ""feat""]","[""docs"", ""test"", ""build"", ""fix"", ""feat""]",1.223491907119751,"['bf83c9155e9bee6925aa7102fab53fb803d52533', '229b53a632ea97d47c4be11f096bdd828fb415d8', 'c55591ba157298a9c5816693c102a89dfd058830', '06e2be4e2019b6fa714e1fcb34485860ef1ede79', 'f823cf28652987d43c8324b4f5b203240032383a']",1.0,1.0,1.0,True,0.0,8192,False,5
"[""ci"", ""build"", ""fix"", ""test""]","[""ci"", ""build"", ""fix"", ""test"", ""feat""]",1.1672592163085938,"['e7a67d88173566be3cd3aed7e9eeb7e29aabbc57', 'c55591ba157298a9c5816693c102a89dfd058830', 'd129eaf9125a967ac86c6c7276bbae6b4d50af36', '229b53a632ea97d47c4be11f096bdd828fb415d8', '1bcf88670b50155b50071e707f98f30cea0b7a24']",1.0,0.8,0.888888888888889,False,0.1428571428571428,8192,False,5
"[""refactor"", ""test"", ""build"", ""ci"", ""fix""]","[""fix"", ""test"", ""build"", ""ci"", ""refactor""]",1.6644999980926514,"['2561f4ade46fc9d59f289f328cc77733a6443697', 'b7ce2894fd1794064bd6db4ed730bb6cb7728739', '1269431c8a3e7549f10fcbbb4b88ff625c8898b3', 'e96487ad7ce90b141219d9032fa2bed68d5dae6a', '36556bf8e0bce4ab6d26eafacbdad04d9614a5d7']",1.0,1.0,1.0,True,0.0,8192,False,5
"[""docs"", ""ci"", ""feat"", ""test"", ""fix""]","[""docs"", ""ci"", ""refactor"", ""test"", ""fix""]",0.8432281017303467,"['bf83c9155e9bee6925aa7102fab53fb803d52533', 'e7a67d88173566be3cd3aed7e9eeb7e29aabbc57', '535708ae50aecb452560a23356fd396f99ef13a2', 'c7b25726df94a2530c9b1c0d2b6a0acaa103822f', '06e2be4e2019b6fa714e1fcb34485860ef1ede79']",0.8,0.8,0.8000000000000002,False,0.2857142857142857,8192,False,5
"[""fix"", ""docs"", ""build"", ""feat"", ""refactor""]","[""refactor"", ""docs"", ""build"", ""feat"", ""fix""]",1.0359601974487305,"['36556bf8e0bce4ab6d26eafacbdad04d9614a5d7', 'c2ee5cd5e709afd15c5565ee009a0d204403a119', 'c55591ba157298a9c5816693c102a89dfd058830', '68278b00450f2679761a2999500f6d87a579376b', '9ef5c0d14193a9abb09b39856f58477d1f4b0d77']",1.0,1.0,1.0,True,0.0,8192,False,5
"[""refactor"", ""build"", ""ci"", ""test""]","[""feat"", ""build"", ""fix"", ""ci"", ""test""]",1.1416678428649902,"['ded26d768ff432ad3bde3c0aa1e95ce50726100a', 'c323d59c607cabc91f17a78528d998f376f30b10', '2561f4ade46fc9d59f289f328cc77733a6443697', '45837af24a33308a70a3454f0f650f9fe728e272', 'e0198f74b81da3663144cfe1d971939319f82a0f']",0.75,0.6,0.6666666666666665,False,0.4285714285714285,8192,False,5
"[""ci"", ""docs"", ""test"", ""build"", ""refactor"", ""feat""]","[""ci"", ""refactor"", ""test"", ""feat"", ""fix""]",1.06364107131958,"['e96487ad7ce90b141219d9032fa2bed68d5dae6a', 'a62314d9bb632be6af026686615d14b912250512', 'c7b25726df94a2530c9b1c0d2b6a0acaa103822f', '6ed56ce9ae743ba9a87e6c9643cc06b1de7b748d', '9ef5c0d14193a9abb09b39856f58477d1f4b0d77']",0.6666666666666666,0.8,0.7272727272727272,False,0.4285714285714285,8192,False,5
"[""build"", ""ci"", ""docs"", ""fix""]","[""build"", ""refactor"", ""ci"", ""docs"", ""fix""]",1.068547010421753,"['c55591ba157298a9c5816693c102a89dfd058830', '63eab619e6166eb6cab948028a7b89bf059dd878', 'c5fa7b80438fbd74f4c341f0d3c9bd9e0f4910da', '036a0ff49a7dade0e04c9c07071a1ff49133ee24', '9be725fa3906323d4bc9788f54eccf74109d632b']",1.0,0.8,0.888888888888889,False,0.1428571428571428,8192,False,5
"[""docs"", ""ci"", ""refactor"", ""feat"", ""fix""]","[""docs"", ""ci"", ""refactor"", ""build"", ""feat""]",1.7220220565795898,"['bf83c9155e9bee6925aa7102fab53fb803d52533', '173553c0372e66e03bdab19e0e6c2dd44daa14a0', '535708ae50aecb452560a23356fd396f99ef13a2', '1269431c8a3e7549f10fcbbb4b88ff625c8898b3', 'f823cf28652987d43c8324b4f5b203240032383a']",0.8,0.8,0.8000000000000002,False,0.2857142857142857,8192,False,5
"[""test"", ""feat"", ""refactor"", ""docs""]","[""test"", ""feat"", ""refactor"", ""fix"", ""docs""]",1.0209388732910156,"['bedc7950b24c37809e36a585b7985d5aa5e3e458', 'fd8e563cc19ca4684885d4692acee6bebcca4ada', '062daa45cbd5dba6e96e95d8cdcaee89ae30a83c', 'c8e0ae8612df3d6f2831acc004aaac332f6105e4', '036a0ff49a7dade0e04c9c07071a1ff49133ee24']",1.0,0.8,0.888888888888889,False,0.1428571428571428,8192,False,5
"[""docs"", ""build"", ""ci"", ""refactor"", ""test"", ""fix""]","[""docs"", ""build"", ""ci"", ""fix"", ""test""]",0.8385219573974609,"['c2ee5cd5e709afd15c5565ee009a0d204403a119', '1269431c8a3e7549f10fcbbb4b88ff625c8898b3', 'e7a67d88173566be3cd3aed7e9eeb7e29aabbc57', 'bed78248c941d57ad4cc20a455147e186e97c7a1', 'e9617f0854030e70365eb264bcb3b58078e79e9e']",0.8333333333333334,1.0,0.9090909090909092,False,0.1428571428571428,8192,False,5
"[""fix"", ""refactor"", ""ci"", ""docs"", ""test"", ""build""]","[""refactor"", ""ci"", ""docs"", ""test"", ""build""]",1.2531580924987793,"['3cca5c314ad6feeffbfe1f14cf49ebd0fd9a95a2', 'dbb537a26e388a8d7d17faf131abc30c2f7a84e6', 'e12d9e77a6fd531a22325337838a841b1c67f00d', 'c7b25726df94a2530c9b1c0d2b6a0acaa103822f', '37b1cbfd3d2c462ef4f2a131e4172c38dc8d9ddf']",0.8333333333333334,1.0,0.9090909090909092,False,0.1428571428571428,8192,False,5
"[""test"", ""ci"", ""fix"", ""refactor""]","[""test"", ""feat"", ""ci"", ""refactor"", ""fix""]",0.8709490299224854,"['229b53a632ea97d47c4be11f096bdd828fb415d8', 'b282e90e2cbb74559aab79eee8443a4d7c85502a', 'dbb537a26e388a8d7d17faf131abc30c2f7a84e6', '3cca5c314ad6feeffbfe1f14cf49ebd0fd9a95a2', '933ab6bb86372913c992567cf9660009900911a7']",1.0,0.8,0.888888888888889,False,0.1428571428571428,8192,False,5
"[""build"", ""ci"", ""fix"", ""test"", ""docs""]","[""build"", ""fix"", ""ci"", ""refactor"", ""docs""]",1.5877249240875244,"['37b1cbfd3d2c462ef4f2a131e4172c38dc8d9ddf', '06e2be4e2019b6fa714e1fcb34485860ef1ede79', 'c5fa7b80438fbd74f4c341f0d3c9bd9e0f4910da', '1db13ec43727aca872a0f3836e4023ed85db665e', 'a52a585d74894b3b4eeb8c784fa089ff95cddad0']",0.8,0.8,0.8000000000000002,False,0.2857142857142857,8192,False,5
"[""build"", ""docs"", ""ci"", ""test"", ""fix"", ""feat""]","[""build"", ""docs"", ""ci"", ""test"", ""feat""]",1.4664299488067627,"['c44cf88a6ec54e5ddd99d8348bcc57b301ec7945', '6d405dfc1675dcad64a2dfac0c0cb0fb28381d21', 'e7a67d88173566be3cd3aed7e9eeb7e29aabbc57', 'f411e58cd510f8a2b980b2f1932003a0c0e9f8f3', 'f823cf28652987d43c8324b4f5b203240032383a']",0.8333333333333334,1.0,0.9090909090909092,False,0.1428571428571428,8192,False,5
"[""feat"", ""fix"", ""refactor"", ""build"", ""test""]","[""feat"", ""fix"", ""refactor"", ""build"", ""test""]",0.9507050514221193,"['f823cf28652987d43c8324b4f5b203240032383a', 'c8e0ae8612df3d6f2831acc004aaac332f6105e4', '47ef9104e4a89e80d7cc6c1950bc080841da4a7b', 'e4a11fd5c34942ba12737f1c8c084489428ee274', 'c7b25726df94a2530c9b1c0d2b6a0acaa103822f']",1.0,1.0,1.0,True,0.0,8192,False,5
"[""refactor"", ""build"", ""ci"", ""docs"", ""test""]","[""refactor"", ""build"", ""ci"", ""docs"", ""test""]",0.9017529487609864,"['1db13ec43727aca872a0f3836e4023ed85db665e', '32b92cfa0b74a6c25990e32ac6aab12b8496794c', 'e96487ad7ce90b141219d9032fa2bed68d5dae6a', '6d405dfc1675dcad64a2dfac0c0cb0fb28381d21', 'e2e8ad25854bd1e7cdbc7f50b50bbd99e04ad47d']",1.0,1.0,1.0,True,0.0,8192,False,5
"[""build"", ""test"", ""ci"", ""fix""]","[""build"", ""test"", ""refactor"", ""ci"", ""fix""]",1.28216290473938,"['37b1cbfd3d2c462ef4f2a131e4172c38dc8d9ddf', 'f411e58cd510f8a2b980b2f1932003a0c0e9f8f3', '1db13ec43727aca872a0f3836e4023ed85db665e', 'c5fa7b80438fbd74f4c341f0d3c9bd9e0f4910da', 'd129eaf9125a967ac86c6c7276bbae6b4d50af36']",1.0,0.8,0.888888888888889,False,0.1428571428571428,8192,False,5
"[""build"", ""test"", ""docs"", ""ci"", ""refactor"", ""fix""]","[""build"", ""docs"", ""ci"", ""test"", ""fix""]",1.048384189605713,"['c55591ba157298a9c5816693c102a89dfd058830', 'a52a585d74894b3b4eeb8c784fa089ff95cddad0', '6c9cb638cb4d1ecc42632fcf389c24898c5b3244', 'c7b25726df94a2530c9b1c0d2b6a0acaa103822f', 'bed78248c941d57ad4cc20a455147e186e97c7a1']",0.8333333333333334,1.0,0.9090909090909092,False,0.1428571428571428,8192,False,5
"[""fix"", ""ci"", ""build"", ""refactor"", ""feat"", ""test""]","[""fix"", ""ci"", ""feat"", ""build"", ""refactor""]",0.8965229988098145,"['9ef5c0d14193a9abb09b39856f58477d1f4b0d77', 'dbb537a26e388a8d7d17faf131abc30c2f7a84e6', '6ed56ce9ae743ba9a87e6c9643cc06b1de7b748d', 'e4a11fd5c34942ba12737f1c8c084489428ee274', '1db13ec43727aca872a0f3836e4023ed85db665e']",0.8333333333333334,1.0,0.9090909090909092,False,0.1428571428571428,8192,False,5
"[""refactor"", ""fix"", ""feat"", ""build"", ""test""]","[""fix"", ""build"", ""refactor"", ""feat"", ""test""]",1.2853240966796875,"['bed78248c941d57ad4cc20a455147e186e97c7a1', 'e4a11fd5c34942ba12737f1c8c084489428ee274', '062daa45cbd5dba6e96e95d8cdcaee89ae30a83c', 'f823cf28652987d43c8324b4f5b203240032383a', 'c7b25726df94a2530c9b1c0d2b6a0acaa103822f']",1.0,1.0,1.0,True,0.0,8192,False,5
"[""feat"", ""test"", ""docs"", ""build"", ""refactor""]","[""fix"", ""test"", ""feat"", ""docs"", ""build""]",1.239879131317139,"['87d5d4e55ab7149b593d29410f1fe426ba2447d4', 'bedc7950b24c37809e36a585b7985d5aa5e3e458', 'ded26d768ff432ad3bde3c0aa1e95ce50726100a', 'a52a585d74894b3b4eeb8c784fa089ff95cddad0', 'c323d59c607cabc91f17a78528d998f376f30b10']",0.8,0.8,0.8000000000000002,False,0.2857142857142857,8192,False,5
"[""build"", ""test"", ""feat"", ""fix""]","[""test"", ""docs"", ""feat"", ""build"", ""fix""]",1.0273818969726562,"['8ee0611fbf0cd89abe7ae588f22e6ecb843598ea', 'c2ee5cd5e709afd15c5565ee009a0d204403a119', 'fd8e563cc19ca4684885d4692acee6bebcca4ada', '1269431c8a3e7549f10fcbbb4b88ff625c8898b3', '06e2be4e2019b6fa714e1fcb34485860ef1ede79']",1.0,0.8,0.888888888888889,False,0.1428571428571428,8192,False,5
"[""docs"", ""test"", ""feat"", ""fix""]","[""docs"", ""feat"", ""build"", ""refactor"", ""test""]",0.8909928798675537,"['a52a585d74894b3b4eeb8c784fa089ff95cddad0', 'f9a094918b62534614c47aa8a13f33aec751a1e0', '1269431c8a3e7549f10fcbbb4b88ff625c8898b3', '535708ae50aecb452560a23356fd396f99ef13a2', 'e0198f74b81da3663144cfe1d971939319f82a0f']",0.75,0.6,0.6666666666666665,False,0.4285714285714285,8192,False,5
"[""fix"", ""feat"", ""test"", ""refactor"", ""build""]","[""fix"", ""feat"", ""test"", ""refactor"", ""build""]",1.012983798980713,"['d129eaf9125a967ac86c6c7276bbae6b4d50af36', '68278b00450f2679761a2999500f6d87a579376b', 'e2e8ad25854bd1e7cdbc7f50b50bbd99e04ad47d', '771857b1df9470ebc15357e8879118a72c649d5b', 'f00a4d3e307b89842250358ee432e6800bb24362']",1.0,1.0,1.0,True,0.0,8192,False,5
"[""fix"", ""build"", ""test"", ""docs""]","[""fix"", ""build"", ""refactor"", ""test"", ""docs""]",1.228147268295288,"['933ab6bb86372913c992567cf9660009900911a7', '37b1cbfd3d2c462ef4f2a131e4172c38dc8d9ddf', '1db13ec43727aca872a0f3836e4023ed85db665e', 'c7b25726df94a2530c9b1c0d2b6a0acaa103822f', 'e12d9e77a6fd531a22325337838a841b1c67f00d']",1.0,0.8,0.888888888888889,False,0.1428571428571428,8192,False,5
"[""fix"", ""ci"", ""docs"", ""refactor"", ""feat""]","[""fix"", ""ci"", ""docs"", ""build"", ""feat""]",1.102672100067139,"['06e2be4e2019b6fa714e1fcb34485860ef1ede79', '4cbbd2552ba0de273e1dfe7d453c5b3efed751a3', 'cb1f48b56ae0de93acb72e48726c7d610a1d538e', 'c323d59c607cabc91f17a78528d998f376f30b10', 'f9a094918b62534614c47aa8a13f33aec751a1e0']",0.8,0.8,0.8000000000000002,False,0.2857142857142857,8192,False,5
"[""feat"", ""fix"", ""build"", ""docs""]","[""feat"", ""build"", ""refactor"", ""docs"", ""fix""]",0.9033820629119872,"['fd8e563cc19ca4684885d4692acee6bebcca4ada', 'f00a4d3e307b89842250358ee432e6800bb24362', '535708ae50aecb452560a23356fd396f99ef13a2', 'e12d9e77a6fd531a22325337838a841b1c67f00d', '9be725fa3906323d4bc9788f54eccf74109d632b']",1.0,0.8,0.888888888888889,False,0.1428571428571428,8192,False,5
"[""test"", ""docs"", ""refactor"", ""ci"", ""feat""]","[""test"", ""docs"", ""refactor"", ""ci"", ""feat""]",1.0240252017974854,"['229b53a632ea97d47c4be11f096bdd828fb415d8', 'bf83c9155e9bee6925aa7102fab53fb803d52533', '062daa45cbd5dba6e96e95d8cdcaee89ae30a83c', '32845e1bbd1efb5dbc16f671049509a409ba25ce', 'dc5238b2bda98a7c4f2fe9584fc3b0191a408109']",1.0,1.0,1.0,True,0.0,8192,False,5
"[""build"", ""docs"", ""refactor"", ""fix"", ""test""]","[""build"", ""docs"", ""fix"", ""test"", ""refactor""]",1.6539020538330078,"['454003841aabeb74396d73541378bfa59c75b5db', 'e12d9e77a6fd531a22325337838a841b1c67f00d', 'bed78248c941d57ad4cc20a455147e186e97c7a1', 'f411e58cd510f8a2b980b2f1932003a0c0e9f8f3', '062daa45cbd5dba6e96e95d8cdcaee89ae30a83c']",1.0,1.0,1.0,True,0.0,8192,False,5
"[""build"", ""ci"", ""docs"", ""test"", ""refactor""]","[""build"", ""ci"", ""docs"", ""test"", ""refactor""]",1.0992958545684814,"['5b81fde8a72cf2e69a10e9f5c4f0bea0a2b8c3e0', '74e9de5ec97dc013a52aa063dff0f40ac74c407b', 'a52a585d74894b3b4eeb8c784fa089ff95cddad0', 'e0198f74b81da3663144cfe1d971939319f82a0f', '062daa45cbd5dba6e96e95d8cdcaee89ae30a83c']",1.0,1.0,1.0,True,0.0,8192,False,5
"[""build"", ""ci"", ""docs"", ""refactor""]","[""build"", ""ci"", ""docs"", ""refactor"", ""fix""]",0.9593110084533693,"['32b92cfa0b74a6c25990e32ac6aab12b8496794c', '6c9cb638cb4d1ecc42632fcf389c24898c5b3244', 'aca23027da1295c78fdf42ba9687d8ccc88784d7', '47ef9104e4a89e80d7cc6c1950bc080841da4a7b', '2561f4ade46fc9d59f289f328cc77733a6443697']",1.0,0.8,0.888888888888889,False,0.1428571428571428,8192,False,5
"[""test"", ""docs"", ""fix"", ""feat"", ""build""]","[""test"", ""docs"", ""fix"", ""feat"", ""build""]",1.240293025970459,"['e0198f74b81da3663144cfe1d971939319f82a0f', 'c2ee5cd5e709afd15c5565ee009a0d204403a119', '9ef5c0d14193a9abb09b39856f58477d1f4b0d77', 'f823cf28652987d43c8324b4f5b203240032383a', 'c44cf88a6ec54e5ddd99d8348bcc57b301ec7945']",1.0,1.0,1.0,True,0.0,8192,False,5
"[""fix"", ""refactor"", ""ci"", ""build"", ""test""]","[""refactor"", ""ci"", ""test"", ""build"", ""feat""]",1.5992529392242432,"['3cca5c314ad6feeffbfe1f14cf49ebd0fd9a95a2', '32845e1bbd1efb5dbc16f671049509a409ba25ce', 'e9617f0854030e70365eb264bcb3b58078e79e9e', '454003841aabeb74396d73541378bfa59c75b5db', 'fd8e563cc19ca4684885d4692acee6bebcca4ada']",0.8,0.8,0.8000000000000002,False,0.2857142857142857,8192,False,5
"[""refactor"", ""feat"", ""build"", ""test""]","[""refactor"", ""feat"", ""build"", ""fix"", ""test""]",1.0541417598724363,"['062daa45cbd5dba6e96e95d8cdcaee89ae30a83c', 'f823cf28652987d43c8324b4f5b203240032383a', 'c44cf88a6ec54e5ddd99d8348bcc57b301ec7945', '933ab6bb86372913c992567cf9660009900911a7', '8ee0611fbf0cd89abe7ae588f22e6ecb843598ea']",1.0,0.8,0.888888888888889,False,0.1428571428571428,8192,False,5
"[""fix"", ""test"", ""refactor"", ""docs"", ""ci""]","[""refactor"", ""test"", ""docs"", ""feat"", ""ci""]",1.144075870513916,"['36556bf8e0bce4ab6d26eafacbdad04d9614a5d7', '317f4eefecddfb1392ca71d551840f446feee302', '036a0ff49a7dade0e04c9c07071a1ff49133ee24', 'e137f9fdbdb6bf3f85c3f7ac9323785e445844c8', 'e7a67d88173566be3cd3aed7e9eeb7e29aabbc57']",0.8,0.8,0.8000000000000002,False,0.2857142857142857,8192,False,5
"[""test"", ""ci"", ""build"", ""feat"", ""refactor""]","[""test"", ""ci"", ""refactor"", ""feat"", ""fix""]",1.6162447929382324,"['e0198f74b81da3663144cfe1d971939319f82a0f', '173553c0372e66e03bdab19e0e6c2dd44daa14a0', '062daa45cbd5dba6e96e95d8cdcaee89ae30a83c', 'f823cf28652987d43c8324b4f5b203240032383a', 'bed78248c941d57ad4cc20a455147e186e97c7a1']",0.8,0.8,0.8000000000000002,False,0.2857142857142857,8192,False,5
"[""ci"", ""fix"", ""feat"", ""refactor""]","[""ci"", ""refactor"", ""docs"", ""fix"", ""feat""]",1.5229129791259766,"['32845e1bbd1efb5dbc16f671049509a409ba25ce', '63eab619e6166eb6cab948028a7b89bf059dd878', 'af880ac5b4fecbc6c4f3d1eee0d95f326e8bd9d1', '9be725fa3906323d4bc9788f54eccf74109d632b', 'fd8e563cc19ca4684885d4692acee6bebcca4ada']",1.0,0.8,0.888888888888889,False,0.1428571428571428,8192,False,5
"[""docs"", ""fix"", ""refactor"", ""test"", ""build""]","[""docs"", ""refactor"", ""fix"", ""test"", ""build""]",1.0499217510223389,"['bf83c9155e9bee6925aa7102fab53fb803d52533', '3cca5c314ad6feeffbfe1f14cf49ebd0fd9a95a2', '2561f4ade46fc9d59f289f328cc77733a6443697', '317f4eefecddfb1392ca71d551840f446feee302', '454003841aabeb74396d73541378bfa59c75b5db']",1.0,1.0,1.0,True,0.0,8192,False,5
"[""test"", ""ci"", ""docs"", ""fix"", ""refactor""]","[""test"", ""ci"", ""fix"", ""docs"", ""refactor""]",1.070814847946167,"['317f4eefecddfb1392ca71d551840f446feee302', '32845e1bbd1efb5dbc16f671049509a409ba25ce', 'c8e0ae8612df3d6f2831acc004aaac332f6105e4', '6d405dfc1675dcad64a2dfac0c0cb0fb28381d21', '062daa45cbd5dba6e96e95d8cdcaee89ae30a83c']",1.0,1.0,1.0,True,0.0,8192,False,5
"[""build"", ""ci"", ""test"", ""docs"", ""feat""]","[""build"", ""ci"", ""test"", ""docs"", ""feat""]",1.741612672805786,"['c55591ba157298a9c5816693c102a89dfd058830', 'dbb537a26e388a8d7d17faf131abc30c2f7a84e6', 'e0198f74b81da3663144cfe1d971939319f82a0f', '0cfc5633d37ea06f645649138323f1820e18bdee', 'dc5238b2bda98a7c4f2fe9584fc3b0191a408109']",1.0,1.0,1.0,True,0.0,8192,False,5
"[""feat"", ""fix"", ""refactor"", ""test"", ""ci""]","[""refactor"", ""feat"", ""test"", ""fix"", ""ci""]",0.8890981674194336,"['535708ae50aecb452560a23356fd396f99ef13a2', 'dc5238b2bda98a7c4f2fe9584fc3b0191a408109', 'e2e8ad25854bd1e7cdbc7f50b50bbd99e04ad47d', '2561f4ade46fc9d59f289f328cc77733a6443697', 'c5fa7b80438fbd74f4c341f0d3c9bd9e0f4910da']",1.0,1.0,1.0,True,0.0,8192,False,5
"[""ci"", ""build"", ""test"", ""refactor""]","[""ci"", ""docs"", ""refactor"", ""build"", ""test""]",1.010922908782959,"['c5fa7b80438fbd74f4c341f0d3c9bd9e0f4910da', 'af880ac5b4fecbc6c4f3d1eee0d95f326e8bd9d1', '47ef9104e4a89e80d7cc6c1950bc080841da4a7b', '37b1cbfd3d2c462ef4f2a131e4172c38dc8d9ddf', 'c7b25726df94a2530c9b1c0d2b6a0acaa103822f']",1.0,0.8,0.888888888888889,False,0.1428571428571428,8192,False,5
"[""build"", ""docs"", ""refactor"", ""feat"", ""test""]","[""build"", ""docs"", ""refactor"", ""test"", ""feat""]",1.2455260753631592,"['454003841aabeb74396d73541378bfa59c75b5db', 'aca23027da1295c78fdf42ba9687d8ccc88784d7', '771857b1df9470ebc15357e8879118a72c649d5b', 'bedc7950b24c37809e36a585b7985d5aa5e3e458', 'e137f9fdbdb6bf3f85c3f7ac9323785e445844c8']",1.0,1.0,1.0,True,0.0,8192,False,5
"[""ci"", ""docs"", ""test"", ""fix""]","[""ci"", ""feat"", ""fix"", ""docs"", ""test""]",1.1870768070220947,"['74e9de5ec97dc013a52aa063dff0f40ac74c407b', 'ded26d768ff432ad3bde3c0aa1e95ce50726100a', '9be725fa3906323d4bc9788f54eccf74109d632b', 'a52a585d74894b3b4eeb8c784fa089ff95cddad0', 'e9617f0854030e70365eb264bcb3b58078e79e9e']",1.0,0.8,0.888888888888889,False,0.1428571428571428,8192,False,5
"[""feat"", ""refactor"", ""test"", ""docs"", ""build""]","[""feat"", ""build"", ""test"", ""docs"", ""fix""]",0.9864828586578368,"['f9a094918b62534614c47aa8a13f33aec751a1e0', 'e4a11fd5c34942ba12737f1c8c084489428ee274', '229b53a632ea97d47c4be11f096bdd828fb415d8', '036a0ff49a7dade0e04c9c07071a1ff49133ee24', '2561f4ade46fc9d59f289f328cc77733a6443697']",0.8,0.8,0.8000000000000002,False,0.2857142857142857,8192,False,5
"[""build"", ""ci"", ""docs"", ""test"", ""fix""]","[""build"", ""docs"", ""test"", ""fix"", ""ci""]",0.9562571048736572,"['e4a11fd5c34942ba12737f1c8c084489428ee274', 'aca23027da1295c78fdf42ba9687d8ccc88784d7', 'e9617f0854030e70365eb264bcb3b58078e79e9e', '9ef5c0d14193a9abb09b39856f58477d1f4b0d77', '4cbbd2552ba0de273e1dfe7d453c5b3efed751a3']",1.0,1.0,1.0,True,0.0,8192,False,5
"[""feat"", ""refactor"", ""docs"", ""ci"", ""test""]","[""feat"", ""fix"", ""ci"", ""docs"", ""test""]",1.1488041877746582,"['f9a094918b62534614c47aa8a13f33aec751a1e0', '2561f4ade46fc9d59f289f328cc77733a6443697', '45837af24a33308a70a3454f0f650f9fe728e272', '036a0ff49a7dade0e04c9c07071a1ff49133ee24', 'b7ce2894fd1794064bd6db4ed730bb6cb7728739']",0.8,0.8,0.8000000000000002,False,0.2857142857142857,8192,False,5
"[""refactor"", ""build"", ""docs""]","[""feat"", ""refactor"", ""build"", ""fix"", ""docs""]",0.9746999740600586,"['ded26d768ff432ad3bde3c0aa1e95ce50726100a', '062daa45cbd5dba6e96e95d8cdcaee89ae30a83c', '37b1cbfd3d2c462ef4f2a131e4172c38dc8d9ddf', '933ab6bb86372913c992567cf9660009900911a7', '036a0ff49a7dade0e04c9c07071a1ff49133ee24']",1.0,0.6,0.7499999999999999,False,0.2857142857142857,8192,False,5
"[""test"", ""build"", ""feat"", ""fix"", ""docs""]","[""test"", ""build"", ""feat"", ""fix"", ""docs""]",1.0463600158691406,"['f411e58cd510f8a2b980b2f1932003a0c0e9f8f3', 'c44cf88a6ec54e5ddd99d8348bcc57b301ec7945', '1bcf88670b50155b50071e707f98f30cea0b7a24', '9be725fa3906323d4bc9788f54eccf74109d632b', 'a52a585d74894b3b4eeb8c784fa089ff95cddad0']",1.0,1.0,1.0,True,0.0,8192,False,5
"[""fix"", ""build"", ""test"", ""ci"", ""refactor""]","[""fix"", ""feat"", ""test"", ""ci"", ""docs""]",0.9270281791687012,"['933ab6bb86372913c992567cf9660009900911a7', '6ed56ce9ae743ba9a87e6c9643cc06b1de7b748d', 'e2e8ad25854bd1e7cdbc7f50b50bbd99e04ad47d', 'e96487ad7ce90b141219d9032fa2bed68d5dae6a', '036a0ff49a7dade0e04c9c07071a1ff49133ee24']",0.6,0.6,0.6,False,0.5714285714285714,8192,False,5
"[""test"", ""refactor"", ""build"", ""fix""]","[""test"", ""refactor"", ""ci"", ""build"", ""fix""]",1.1340467929840088,"['e0198f74b81da3663144cfe1d971939319f82a0f', '3cca5c314ad6feeffbfe1f14cf49ebd0fd9a95a2', '45837af24a33308a70a3454f0f650f9fe728e272', '5b81fde8a72cf2e69a10e9f5c4f0bea0a2b8c3e0', '9ef5c0d14193a9abb09b39856f58477d1f4b0d77']",1.0,0.8,0.888888888888889,False,0.1428571428571428,8192,False,5
"[""build"", ""refactor"", ""ci"", ""test""]","[""build"", ""feat"", ""refactor"", ""ci"", ""test""]",1.7301630973815918,"['c55591ba157298a9c5816693c102a89dfd058830', '1bcf88670b50155b50071e707f98f30cea0b7a24', '1db13ec43727aca872a0f3836e4023ed85db665e', 'dbb537a26e388a8d7d17faf131abc30c2f7a84e6', 'e2e8ad25854bd1e7cdbc7f50b50bbd99e04ad47d']",1.0,0.8,0.888888888888889,False,0.1428571428571428,8192,False,5
"[""feat"", ""docs"", ""test"", ""build"", ""refactor""]","[""feat"", ""refactor"", ""test"", ""ci"", ""build""]",1.4018139839172363,"['e137f9fdbdb6bf3f85c3f7ac9323785e445844c8', 'a62314d9bb632be6af026686615d14b912250512', 'b7ce2894fd1794064bd6db4ed730bb6cb7728739', '45837af24a33308a70a3454f0f650f9fe728e272', '454003841aabeb74396d73541378bfa59c75b5db']",0.8,0.8,0.8000000000000002,False,0.2857142857142857,8192,False,5
"[""test"", ""fix"", ""build"", ""feat"", ""docs""]","[""test"", ""fix"", ""build"", ""refactor"", ""docs""]",1.073642015457153,"['317f4eefecddfb1392ca71d551840f446feee302', '06e2be4e2019b6fa714e1fcb34485860ef1ede79', '32b92cfa0b74a6c25990e32ac6aab12b8496794c', '535708ae50aecb452560a23356fd396f99ef13a2', 'aca23027da1295c78fdf42ba9687d8ccc88784d7']",0.8,0.8,0.8000000000000002,False,0.2857142857142857,8192,False,5
"[""ci"", ""build"", ""refactor"", ""fix"", ""test""]","[""ci"", ""feat"", ""build"", ""fix"", ""test""]",1.8790500164031985,"['173553c0372e66e03bdab19e0e6c2dd44daa14a0', '6ed56ce9ae743ba9a87e6c9643cc06b1de7b748d', '32b92cfa0b74a6c25990e32ac6aab12b8496794c', '933ab6bb86372913c992567cf9660009900911a7', 'e9617f0854030e70365eb264bcb3b58078e79e9e']",0.8,0.8,0.8000000000000002,False,0.2857142857142857,8192,False,5
"[""ci"", ""test"", ""fix"", ""feat"", ""build""]","[""ci"", ""test"", ""fix"", ""feat"", ""build""]",1.0483002662658691,"['dbb537a26e388a8d7d17faf131abc30c2f7a84e6', 'e2e8ad25854bd1e7cdbc7f50b50bbd99e04ad47d', '933ab6bb86372913c992567cf9660009900911a7', 'b282e90e2cbb74559aab79eee8443a4d7c85502a', 'c55591ba157298a9c5816693c102a89dfd058830']",1.0,1.0,1.0,True,0.0,8192,False,5
"[""test"", ""build"", ""ci"", ""refactor"", ""fix""]","[""test"", ""build"", ""feat"", ""fix"", ""ci""]",1.8097028732299805,"['317f4eefecddfb1392ca71d551840f446feee302', 'e4a11fd5c34942ba12737f1c8c084489428ee274', 'ded26d768ff432ad3bde3c0aa1e95ce50726100a', 'd129eaf9125a967ac86c6c7276bbae6b4d50af36', '173553c0372e66e03bdab19e0e6c2dd44daa14a0']",0.8,0.8,0.8000000000000002,False,0.2857142857142857,8192,False,5
"[""test"", ""build"", ""refactor"", ""docs"", ""feat""]","[""test"", ""build"", ""refactor"", ""docs"", ""feat""]",0.9335649013519288,"['bedc7950b24c37809e36a585b7985d5aa5e3e458', '5b81fde8a72cf2e69a10e9f5c4f0bea0a2b8c3e0', '47ef9104e4a89e80d7cc6c1950bc080841da4a7b', 'aca23027da1295c78fdf42ba9687d8ccc88784d7', 'f823cf28652987d43c8324b4f5b203240032383a']",1.0,1.0,1.0,True,0.0,8192,False,5
"[""build"", ""ci"", ""feat"", ""docs"", ""fix""]","[""build"", ""ci"", ""feat"", ""docs"", ""fix""]",0.9452168941497804,"['5b81fde8a72cf2e69a10e9f5c4f0bea0a2b8c3e0', 'c5fa7b80438fbd74f4c341f0d3c9bd9e0f4910da', '68278b00450f2679761a2999500f6d87a579376b', 'a52a585d74894b3b4eeb8c784fa089ff95cddad0', '06e2be4e2019b6fa714e1fcb34485860ef1ede79']",1.0,1.0,1.0,True,0.0,8192,False,5
"[""test"", ""build"", ""fix"", ""ci"", ""feat""]","[""test"", ""build"", ""refactor"", ""fix"", ""ci""]",1.209882736206055,"['e0198f74b81da3663144cfe1d971939319f82a0f', '5b81fde8a72cf2e69a10e9f5c4f0bea0a2b8c3e0', '3cca5c314ad6feeffbfe1f14cf49ebd0fd9a95a2', '87d5d4e55ab7149b593d29410f1fe426ba2447d4', '74e9de5ec97dc013a52aa063dff0f40ac74c407b']",0.8,0.8,0.8000000000000002,False,0.2857142857142857,8192,False,5
"[""build"", ""refactor"", ""feat"", ""ci"", ""test""]","[""feat"", ""build"", ""fix"", ""ci"", ""test""]",1.4649059772491455,"['6ed56ce9ae743ba9a87e6c9643cc06b1de7b748d', 'c323d59c607cabc91f17a78528d998f376f30b10', '87d5d4e55ab7149b593d29410f1fe426ba2447d4', 'c5fa7b80438fbd74f4c341f0d3c9bd9e0f4910da', 'e9617f0854030e70365eb264bcb3b58078e79e9e']",0.8,0.8,0.8000000000000002,False,0.2857142857142857,8192,False,5
"[""build"", ""test"", ""refactor"", ""feat"", ""ci""]","[""build"", ""test"", ""refactor"", ""feat"", ""ci""]",0.994392156600952,"['5b81fde8a72cf2e69a10e9f5c4f0bea0a2b8c3e0', 'e9617f0854030e70365eb264bcb3b58078e79e9e', '2954a0955ce9af6acb345ed1e8328e145ad30475', '68278b00450f2679761a2999500f6d87a579376b', 'e96487ad7ce90b141219d9032fa2bed68d5dae6a']",1.0,1.0,1.0,True,0.0,8192,False,5
"[""ci"", ""feat"", ""refactor"", ""docs"", ""fix""]","[""ci"", ""refactor"", ""docs"", ""feat"", ""fix""]",0.9103710651397704,"['4cbbd2552ba0de273e1dfe7d453c5b3efed751a3', '535708ae50aecb452560a23356fd396f99ef13a2', 'e12d9e77a6fd531a22325337838a841b1c67f00d', 'fd8e563cc19ca4684885d4692acee6bebcca4ada', '9be725fa3906323d4bc9788f54eccf74109d632b']",1.0,1.0,1.0,True,0.0,8192,False,5
"[""ci"", ""docs"", ""refactor"", ""fix""]","[""ci"", ""fix"", ""feat"", ""docs"", ""refactor""]",1.3218939304351809,"['c5fa7b80438fbd74f4c341f0d3c9bd9e0f4910da', 'bed78248c941d57ad4cc20a455147e186e97c7a1', 'b282e90e2cbb74559aab79eee8443a4d7c85502a', 'bf83c9155e9bee6925aa7102fab53fb803d52533', '771857b1df9470ebc15357e8879118a72c649d5b']",1.0,0.8,0.888888888888889,False,0.1428571428571428,8192,False,5
"[""feat""]","[""fix""]",0.7026040554046631,['87d5d4e55ab7149b593d29410f1fe426ba2447d4'],0.0,0.0,0.0,False,0.2857142857142857,8192,False,1
"[""test""]","[""test""]",0.7196328639984131,['317f4eefecddfb1392ca71d551840f446feee302'],1.0,1.0,1.0,True,0.0,8192,False,1
"[""ci""]","[""ci""]",1.046818733215332,['c5fa7b80438fbd74f4c341f0d3c9bd9e0f4910da'],1.0,1.0,1.0,True,0.0,8192,False,1
"[""ci""]","[""ci""]",0.7283117771148682,['e7a67d88173566be3cd3aed7e9eeb7e29aabbc57'],1.0,1.0,1.0,True,0.0,8192,False,1
"[""fix"", ""refactor""]","[""fix""]",0.79367995262146,['d129eaf9125a967ac86c6c7276bbae6b4d50af36'],0.5,1.0,0.6666666666666666,False,0.1428571428571428,8192,False,1
"[""build""]","[""build""]",0.9636781215667723,['1269431c8a3e7549f10fcbbb4b88ff625c8898b3'],1.0,1.0,1.0,True,0.0,8192,False,1
"[""feat"", ""refactor""]","[""refactor""]",0.7447497844696045,['535708ae50aecb452560a23356fd396f99ef13a2'],0.5,1.0,0.6666666666666666,False,0.1428571428571428,8192,False,1
"[""feat"", ""refactor""]","[""feat""]",1.555894136428833,['68278b00450f2679761a2999500f6d87a579376b'],0.5,1.0,0.6666666666666666,False,0.1428571428571428,8192,False,1
"[""ci""]","[""ci""]",0.767754077911377,['6c9cb638cb4d1ecc42632fcf389c24898c5b3244'],1.0,1.0,1.0,True,0.0,8192,False,1
"[""test""]","[""test""]",0.8732502460479736,['c7b25726df94a2530c9b1c0d2b6a0acaa103822f'],1.0,1.0,1.0,True,0.0,8192,False,1
"[""feat""]","[""feat""]",0.7874860763549805,['1bcf88670b50155b50071e707f98f30cea0b7a24'],1.0,1.0,1.0,True,0.0,8192,False,1
"[""build"", ""docs""]","[""build""]",0.8408808708190918,['454003841aabeb74396d73541378bfa59c75b5db'],0.5,1.0,0.6666666666666666,False,0.1428571428571428,8192,False,1
"[""ci""]","[""ci""]",0.7504498958587646,['dbb537a26e388a8d7d17faf131abc30c2f7a84e6'],1.0,1.0,1.0,True,0.0,8192,False,1
"[""docs""]","[""docs""]",0.7745869159698486,['bf83c9155e9bee6925aa7102fab53fb803d52533'],1.0,1.0,1.0,True,0.0,8192,False,1
"[""feat""]","[""feat""]",0.8929829597473145,['dc5238b2bda98a7c4f2fe9584fc3b0191a408109'],1.0,1.0,1.0,True,0.0,8192,False,1
"[""ci""]","[""ci""]",0.8503808975219727,['74e9de5ec97dc013a52aa063dff0f40ac74c407b'],1.0,1.0,1.0,True,0.0,8192,False,1
"[""test""]","[""test""]",0.7213237285614014,['b7ce2894fd1794064bd6db4ed730bb6cb7728739'],1.0,1.0,1.0,True,0.0,8192,False,1
"[""build""]","[""build""]",0.8866550922393799,['32b92cfa0b74a6c25990e32ac6aab12b8496794c'],1.0,1.0,1.0,True,0.0,8192,False,1
"[""refactor"", ""fix""]","[""fix""]",0.7463910579681396,['bed78248c941d57ad4cc20a455147e186e97c7a1'],0.5,1.0,0.6666666666666666,False,0.1428571428571428,8192,False,1
"[""test""]","[""test""]",0.8049678802490234,['f411e58cd510f8a2b980b2f1932003a0c0e9f8f3'],1.0,1.0,1.0,True,0.0,8192,False,1
"[""feat"", ""docs""]","[""feat""]",0.819814920425415,['f9a094918b62534614c47aa8a13f33aec751a1e0'],0.5,1.0,0.6666666666666666,False,0.1428571428571428,8192,False,1
"[""docs""]","[""docs""]",0.7010509967803955,['aca23027da1295c78fdf42ba9687d8ccc88784d7'],1.0,1.0,1.0,True,0.0,8192,False,1
"[""build""]","[""build""]",0.6924288272857666,['37b1cbfd3d2c462ef4f2a131e4172c38dc8d9ddf'],1.0,1.0,1.0,True,0.0,8192,False,1
"[""feat"", ""docs""]","[""feat""]",0.8792970180511475,['e137f9fdbdb6bf3f85c3f7ac9323785e445844c8'],0.5,1.0,0.6666666666666666,False,0.1428571428571428,8192,False,1
"[""test""]","[""test""]",1.3434789180755615,['e0198f74b81da3663144cfe1d971939319f82a0f'],1.0,1.0,1.0,True,0.0,8192,False,1
"[""ci""]","[""ci""]",0.8070390224456787,['45837af24a33308a70a3454f0f650f9fe728e272'],1.0,1.0,1.0,True,0.0,8192,False,1
"[""docs""]","[""docs""]",0.7774899005889893,['0cfc5633d37ea06f645649138323f1820e18bdee'],1.0,1.0,1.0,True,0.0,8192,False,1
"[""build"", ""test"", ""feat""]","[""test""]",0.9681620597839355,['8ee0611fbf0cd89abe7ae588f22e6ecb843598ea'],0.3333333333333333,1.0,0.5,False,0.2857142857142857,8192,False,1
"[""docs""]","[""docs""]",0.8606672286987305,['c2ee5cd5e709afd15c5565ee009a0d204403a119'],1.0,1.0,1.0,True,0.0,8192,False,1
"[""docs""]","[""fix""]",0.8149068355560303,['d1d55e787b7d07f763852602b9939a5394607fd9'],0.0,0.0,0.0,False,0.2857142857142857,8192,False,1
"[""build""]","[""build""]",0.7811858654022217,['c55591ba157298a9c5816693c102a89dfd058830'],1.0,1.0,1.0,True,0.0,8192,False,1
"[""fix""]","[""fix""]",0.7513327598571777,['9be725fa3906323d4bc9788f54eccf74109d632b'],1.0,1.0,1.0,True,0.0,8192,False,1
"[""build""]","[""build""]",0.8405930995941162,['f00a4d3e307b89842250358ee432e6800bb24362'],1.0,1.0,1.0,True,0.0,8192,False,1
"[""docs""]","[""docs""]",0.8221738338470459,['036a0ff49a7dade0e04c9c07071a1ff49133ee24'],1.0,1.0,1.0,True,0.0,8192,False,1
"[""docs""]","[""docs""]",0.8488819599151611,['6d405dfc1675dcad64a2dfac0c0cb0fb28381d21'],1.0,1.0,1.0,True,0.0,8192,False,1
"[""refactor""]","[""refactor""]",0.9847779273986816,['3cca5c314ad6feeffbfe1f14cf49ebd0fd9a95a2'],1.0,1.0,1.0,True,0.0,8192,False,1
"[""docs""]","[""docs""]",0.6444079875946045,['af880ac5b4fecbc6c4f3d1eee0d95f326e8bd9d1'],1.0,1.0,1.0,True,0.0,8192,False,1
"[""fix""]","[""fix""]",0.8930270671844482,['c8e0ae8612df3d6f2831acc004aaac332f6105e4'],1.0,1.0,1.0,True,0.0,8192,False,1
"[""refactor""]","[""refactor""]",0.7550849914550781,['771857b1df9470ebc15357e8879118a72c649d5b'],1.0,1.0,1.0,True,0.0,8192,False,1
"[""refactor""]","[""refactor""]",1.019924879074097,['47ef9104e4a89e80d7cc6c1950bc080841da4a7b'],1.0,1.0,1.0,True,0.0,8192,False,1
"[""test"", ""refactor""]","[""refactor""]",0.7723178863525391,['1db13ec43727aca872a0f3836e4023ed85db665e'],0.5,1.0,0.6666666666666666,False,0.1428571428571428,8192,False,1
"[""fix""]","[""fix""]",0.6366391181945801,['933ab6bb86372913c992567cf9660009900911a7'],1.0,1.0,1.0,True,0.0,8192,False,1
"[""test""]","[""test""]",0.6150979995727539,['e2e8ad25854bd1e7cdbc7f50b50bbd99e04ad47d'],1.0,1.0,1.0,True,0.0,8192,False,1
"[""build""]","[""build""]",0.7963171005249023,['c44cf88a6ec54e5ddd99d8348bcc57b301ec7945'],1.0,1.0,1.0,True,0.0,8192,False,1
"[""ci""]","[""ci""]",0.7894489765167236,['e96487ad7ce90b141219d9032fa2bed68d5dae6a'],1.0,1.0,1.0,True,0.0,8192,False,1
"[""build""]","[""build""]",0.5240569114685059,['5b81fde8a72cf2e69a10e9f5c4f0bea0a2b8c3e0'],1.0,1.0,1.0,True,0.0,8192,False,1
"[""docs""]","[""docs""]",0.9008822441101074,['cb1f48b56ae0de93acb72e48726c7d610a1d538e'],1.0,1.0,1.0,True,0.0,8192,False,1
"[""refactor""]","[""fix""]",0.7347562313079834,['2561f4ade46fc9d59f289f328cc77733a6443697'],0.0,0.0,0.0,False,0.2857142857142857,8192,False,1
"[""fix""]","[""fix""]",0.7516448497772217,['06e2be4e2019b6fa714e1fcb34485860ef1ede79'],1.0,1.0,1.0,True,0.0,8192,False,1
"[""fix""]","[""refactor""]",0.858220100402832,['36556bf8e0bce4ab6d26eafacbdad04d9614a5d7'],0.0,0.0,0.0,False,0.2857142857142857,8192,False,1
"[""build""]","[""build""]",0.8878960609436035,['c323d59c607cabc91f17a78528d998f376f30b10'],1.0,1.0,1.0,True,0.0,8192,False,1
"[""refactor""]","[""build""]",0.8345880508422852,['e4a11fd5c34942ba12737f1c8c084489428ee274'],0.0,0.0,0.0,False,0.2857142857142857,8192,False,1
"[""feat"", ""refactor""]","[""refactor""]",1.1125786304473877,['63eab619e6166eb6cab948028a7b89bf059dd878'],0.5,1.0,0.6666666666666666,False,0.1428571428571428,8192,False,1
"[""docs""]","[""docs""]",0.7142462730407715,['a52a585d74894b3b4eeb8c784fa089ff95cddad0'],1.0,1.0,1.0,True,0.0,8192,False,1
"[""feat""]","[""feat""]",0.8509030342102051,['b282e90e2cbb74559aab79eee8443a4d7c85502a'],1.0,1.0,1.0,True,0.0,8192,False,1
"[""feat""]","[""feat""]",1.0194790363311768,['f823cf28652987d43c8324b4f5b203240032383a'],1.0,1.0,1.0,True,0.0,8192,False,1
"[""fix""]","[""fix""]",0.8042500019073486,['9ef5c0d14193a9abb09b39856f58477d1f4b0d77'],1.0,1.0,1.0,True,0.0,8192,False,1
"[""feat"", ""refactor""]","[""feat""]",0.8216679096221924,['fd8e563cc19ca4684885d4692acee6bebcca4ada'],0.5,1.0,0.6666666666666666,False,0.1428571428571428,8192,False,1
"[""ci""]","[""ci""]",0.8306319713592529,['4cbbd2552ba0de273e1dfe7d453c5b3efed751a3'],1.0,1.0,1.0,True,0.0,8192,False,1
"[""ci""]","[""ci""]",0.8682382106781006,['173553c0372e66e03bdab19e0e6c2dd44daa14a0'],1.0,1.0,1.0,True,0.0,8192,False,1
"[""ci""]","[""ci""]",0.8658888339996338,['32845e1bbd1efb5dbc16f671049509a409ba25ce'],1.0,1.0,1.0,True,0.0,8192,False,1
"[""test""]","[""test""]",0.6432590484619141,['229b53a632ea97d47c4be11f096bdd828fb415d8'],1.0,1.0,1.0,True,0.0,8192,False,1
"[""refactor"", ""docs""]","[""refactor""]",0.8733839988708496,['2954a0955ce9af6acb345ed1e8328e145ad30475'],0.5,1.0,0.6666666666666666,False,0.1428571428571428,8192,False,1
"[""docs""]","[""refactor""]",1.178839921951294,['a62314d9bb632be6af026686615d14b912250512'],0.0,0.0,0.0,False,0.2857142857142857,8192,False,1
"[""refactor""]","[""refactor""]",0.7264010906219482,['062daa45cbd5dba6e96e95d8cdcaee89ae30a83c'],1.0,1.0,1.0,True,0.0,8192,False,1
"[""test""]","[""test""]",0.6192398071289062,['bedc7950b24c37809e36a585b7985d5aa5e3e458'],1.0,1.0,1.0,True,0.0,8192,False,1
"[""refactor"", ""docs""]","[""feat""]",0.8949801921844482,['ded26d768ff432ad3bde3c0aa1e95ce50726100a'],0.0,0.0,0.0,False,0.4285714285714285,8192,False,1
"[""test""]","[""test""]",1.3395469188690186,['e9617f0854030e70365eb264bcb3b58078e79e9e'],1.0,1.0,1.0,True,0.0,8192,False,1
"[""build"", ""refactor"", ""feat""]","[""feat""]",1.0815191268920898,['6ed56ce9ae743ba9a87e6c9643cc06b1de7b748d'],0.3333333333333333,1.0,0.5,False,0.2857142857142857,8192,False,1
"[""docs""]","[""docs""]",0.9662089347839355,['e12d9e77a6fd531a22325337838a841b1c67f00d'],1.0,1.0,1.0,True,0.0,8192,False,1
"[""feat"", ""fix"", ""refactor""]","[""feat"", ""refactor""]",0.7573049068450928,"['fd8e563cc19ca4684885d4692acee6bebcca4ada', '36556bf8e0bce4ab6d26eafacbdad04d9614a5d7']",0.6666666666666666,1.0,0.8,False,0.1428571428571428,8192,False,2
"[""ci"", ""build""]","[""ci"", ""build""]",1.43703031539917,"['45837af24a33308a70a3454f0f650f9fe728e272', '5b81fde8a72cf2e69a10e9f5c4f0bea0a2b8c3e0']",1.0,1.0,1.0,True,0.0,8192,False,2
"[""feat"", ""docs""]","[""refactor"", ""docs""]",0.8145642280578613,"['535708ae50aecb452560a23356fd396f99ef13a2', 'af880ac5b4fecbc6c4f3d1eee0d95f326e8bd9d1']",0.5,0.5,0.5,False,0.2857142857142857,8192,False,2
"[""feat"", ""fix"", ""refactor""]","[""feat"", ""refactor""]",0.93227219581604,"['68278b00450f2679761a2999500f6d87a579376b', '63eab619e6166eb6cab948028a7b89bf059dd878']",0.6666666666666666,1.0,0.8,False,0.1428571428571428,8192,False,2
"[""ci"", ""test""]","[""ci"", ""test""]",0.6666100025177002,"['dbb537a26e388a8d7d17faf131abc30c2f7a84e6', 'f411e58cd510f8a2b980b2f1932003a0c0e9f8f3']",1.0,1.0,1.0,True,0.0,8192,False,2
"[""test"", ""ci""]","[""test"", ""ci""]",1.0334908962249756,"['e2e8ad25854bd1e7cdbc7f50b50bbd99e04ad47d', 'c5fa7b80438fbd74f4c341f0d3c9bd9e0f4910da']",1.0,1.0,1.0,True,0.0,8192,False,2
"[""ci"", ""build"", ""refactor""]","[""ci"", ""build""]",0.7499411106109619,"['45837af24a33308a70a3454f0f650f9fe728e272', '1269431c8a3e7549f10fcbbb4b88ff625c8898b3']",0.6666666666666666,1.0,0.8,False,0.1428571428571428,8192,False,2
"[""feat"", ""test""]","[""feat"", ""test""]",0.8260171413421631,"['1bcf88670b50155b50071e707f98f30cea0b7a24', 'f411e58cd510f8a2b980b2f1932003a0c0e9f8f3']",1.0,1.0,1.0,True,0.0,8192,False,2
"[""fix"", ""docs""]","[""fix"", ""docs""]",0.8240020275115967,"['9be725fa3906323d4bc9788f54eccf74109d632b', '0cfc5633d37ea06f645649138323f1820e18bdee']",1.0,1.0,1.0,True,0.0,8192,False,2
"[""fix"", ""ci""]","[""fix"", ""ci""]",0.5284879207611084,"['9be725fa3906323d4bc9788f54eccf74109d632b', 'e96487ad7ce90b141219d9032fa2bed68d5dae6a']",1.0,1.0,1.0,True,0.0,8192,False,2
"[""build"", ""test""]","[""build"", ""test""]",0.960198163986206,"['1269431c8a3e7549f10fcbbb4b88ff625c8898b3', '317f4eefecddfb1392ca71d551840f446feee302']",1.0,1.0,1.0,True,0.0,8192,False,2
"[""ci"", ""docs""]","[""ci"", ""docs""]",0.8263399600982666,"['dbb537a26e388a8d7d17faf131abc30c2f7a84e6', '0cfc5633d37ea06f645649138323f1820e18bdee']",1.0,1.0,1.0,True,0.0,8192,False,2
"[""fix"", ""refactor"", ""build"", ""test""]","[""refactor"", ""build""]",1.1883230209350586,"['3cca5c314ad6feeffbfe1f14cf49ebd0fd9a95a2', '454003841aabeb74396d73541378bfa59c75b5db']",0.5,1.0,0.6666666666666666,False,0.2857142857142857,8192,False,2
"[""refactor""]","[""fix"", ""refactor""]",1.773090124130249,"['2561f4ade46fc9d59f289f328cc77733a6443697', '062daa45cbd5dba6e96e95d8cdcaee89ae30a83c']",1.0,0.5,0.6666666666666666,False,0.1428571428571428,8192,False,2
"[""build"", ""ci""]","[""build"", ""ci""]",1.0273990631103516,"['c44cf88a6ec54e5ddd99d8348bcc57b301ec7945', 'dbb537a26e388a8d7d17faf131abc30c2f7a84e6']",1.0,1.0,1.0,True,0.0,8192,False,2
"[""build"", ""feat""]","[""build"", ""refactor""]",1.333130121231079,"['32b92cfa0b74a6c25990e32ac6aab12b8496794c', '63eab619e6166eb6cab948028a7b89bf059dd878']",0.5,0.5,0.5,False,0.2857142857142857,8192,False,2
"[""feat"", ""docs""]","[""feat"", ""docs""]",1.2117650508880615,"['dc5238b2bda98a7c4f2fe9584fc3b0191a408109', 'e12d9e77a6fd531a22325337838a841b1c67f00d']",1.0,1.0,1.0,True,0.0,8192,False,2
"[""ci"", ""docs""]","[""ci"", ""docs""]",0.7884798049926758,"['32845e1bbd1efb5dbc16f671049509a409ba25ce', 'bf83c9155e9bee6925aa7102fab53fb803d52533']",1.0,1.0,1.0,True,0.0,8192,False,2
"[""fix"", ""build"", ""refactor"", ""feat""]","[""fix"", ""feat""]",1.5689027309417725,"['d129eaf9125a967ac86c6c7276bbae6b4d50af36', '6ed56ce9ae743ba9a87e6c9643cc06b1de7b748d']",0.5,1.0,0.6666666666666666,False,0.2857142857142857,8192,False,2
"[""feat"", ""ci""]","[""feat"", ""ci""]",0.83260178565979,"['1bcf88670b50155b50071e707f98f30cea0b7a24', '74e9de5ec97dc013a52aa063dff0f40ac74c407b']",1.0,1.0,1.0,True,0.0,8192,False,2
"[""docs"", ""ci""]","[""docs"", ""ci""]",0.7040591239929199,"['036a0ff49a7dade0e04c9c07071a1ff49133ee24', '4cbbd2552ba0de273e1dfe7d453c5b3efed751a3']",1.0,1.0,1.0,True,0.0,8192,False,2
"[""docs"", ""test""]","[""test"", ""docs""]",0.9026041030883788,"['e9617f0854030e70365eb264bcb3b58078e79e9e', 'cb1f48b56ae0de93acb72e48726c7d610a1d538e']",1.0,1.0,1.0,True,0.0,8192,False,2
"[""docs"", ""feat""]","[""docs"", ""feat""]",0.8089830875396729,"['aca23027da1295c78fdf42ba9687d8ccc88784d7', 'f823cf28652987d43c8324b4f5b203240032383a']",1.0,1.0,1.0,True,0.0,8192,False,2
"[""refactor"", ""fix""]","[""refactor"", ""fix""]",0.8153669834136963,"['47ef9104e4a89e80d7cc6c1950bc080841da4a7b', '06e2be4e2019b6fa714e1fcb34485860ef1ede79']",1.0,1.0,1.0,True,0.0,8192,False,2
"[""build"", ""ci""]","[""build"", ""ci""]",1.0404489040374756,"['5b81fde8a72cf2e69a10e9f5c4f0bea0a2b8c3e0', 'dbb537a26e388a8d7d17faf131abc30c2f7a84e6']",1.0,1.0,1.0,True,0.0,8192,False,2
"[""build"", ""fix""]","[""build"", ""refactor""]",0.6036031246185303,"['5b81fde8a72cf2e69a10e9f5c4f0bea0a2b8c3e0', '36556bf8e0bce4ab6d26eafacbdad04d9614a5d7']",0.5,0.5,0.5,False,0.2857142857142857,8192,False,2
"[""fix"", ""test""]","[""fix"", ""test""]",1.2251789569854736,"['9ef5c0d14193a9abb09b39856f58477d1f4b0d77', 'b7ce2894fd1794064bd6db4ed730bb6cb7728739']",1.0,1.0,1.0,True,0.0,8192,False,2
"[""build"", ""docs""]","[""build"", ""docs""]",0.7834780216217041,"['c323d59c607cabc91f17a78528d998f376f30b10', 'c2ee5cd5e709afd15c5565ee009a0d204403a119']",1.0,1.0,1.0,True,0.0,8192,False,2
"[""fix"", ""ci""]","[""fix"", ""ci""]",0.6629502773284912,"['9be725fa3906323d4bc9788f54eccf74109d632b', 'dbb537a26e388a8d7d17faf131abc30c2f7a84e6']",1.0,1.0,1.0,True,0.0,8192,False,2
"[""fix"", ""ci""]","[""fix"", ""ci""]",0.8810889720916748,"['9be725fa3906323d4bc9788f54eccf74109d632b', 'e7a67d88173566be3cd3aed7e9eeb7e29aabbc57']",1.0,1.0,1.0,True,0.0,8192,False,2
"[""docs"", ""refactor""]","[""docs"", ""refactor""]",0.8691530227661133,"['c2ee5cd5e709afd15c5565ee009a0d204403a119', '062daa45cbd5dba6e96e95d8cdcaee89ae30a83c']",1.0,1.0,1.0,True,0.0,8192,False,2
"[""fix"", ""feat""]","[""fix"", ""feat""]",0.969041347503662,"['933ab6bb86372913c992567cf9660009900911a7', 'e137f9fdbdb6bf3f85c3f7ac9323785e445844c8']",1.0,1.0,1.0,True,0.0,8192,False,2
"[""fix"", ""build""]","[""fix"", ""build""]",1.0476598739624023,"['9be725fa3906323d4bc9788f54eccf74109d632b', 'c44cf88a6ec54e5ddd99d8348bcc57b301ec7945']",1.0,1.0,1.0,True,0.0,8192,False,2
"[""ci"", ""refactor"", ""docs""]","[""ci"", ""docs""]",0.8512020111083984,"['173553c0372e66e03bdab19e0e6c2dd44daa14a0', 'e12d9e77a6fd531a22325337838a841b1c67f00d']",0.6666666666666666,1.0,0.8,False,0.1428571428571428,8192,False,2
"[""ci"", ""feat""]","[""ci"", ""feat""]",0.9189121723175048,"['6c9cb638cb4d1ecc42632fcf389c24898c5b3244', 'f823cf28652987d43c8324b4f5b203240032383a']",1.0,1.0,1.0,True,0.0,8192,False,2
"[""ci"", ""docs""]","[""ci"", ""docs""]",0.9478421211242676,"['74e9de5ec97dc013a52aa063dff0f40ac74c407b', 'c2ee5cd5e709afd15c5565ee009a0d204403a119']",1.0,1.0,1.0,True,0.0,8192,False,2
"[""test"", ""build""]","[""test"", ""build""]",0.8036549091339111,"['317f4eefecddfb1392ca71d551840f446feee302', '5b81fde8a72cf2e69a10e9f5c4f0bea0a2b8c3e0']",1.0,1.0,1.0,True,0.0,8192,False,2
"[""docs"", ""feat"", ""test""]","[""docs"", ""feat""]",1.0121939182281494,"['a52a585d74894b3b4eeb8c784fa089ff95cddad0', 'f823cf28652987d43c8324b4f5b203240032383a']",0.6666666666666666,1.0,0.8,False,0.1428571428571428,8192,False,2
"[""refactor"", ""build""]","[""refactor"", ""build""]",0.8166210651397705,"['47ef9104e4a89e80d7cc6c1950bc080841da4a7b', '5b81fde8a72cf2e69a10e9f5c4f0bea0a2b8c3e0']",1.0,1.0,1.0,True,0.0,8192,False,2
"[""feat"", ""refactor""]","[""feat"", ""refactor""]",0.9286839962005616,"['e137f9fdbdb6bf3f85c3f7ac9323785e445844c8', '771857b1df9470ebc15357e8879118a72c649d5b']",1.0,1.0,1.0,True,0.0,8192,False,2
"[""build"", ""refactor""]","[""feat"", ""fix""]",0.8071680068969727,"['6ed56ce9ae743ba9a87e6c9643cc06b1de7b748d', 'd1d55e787b7d07f763852602b9939a5394607fd9']",0.0,0.0,0.0,False,0.5714285714285714,8192,False,2
"[""build"", ""docs""]","[""build"", ""docs""]",0.7708437442779541,"['c323d59c607cabc91f17a78528d998f376f30b10', '0cfc5633d37ea06f645649138323f1820e18bdee']",1.0,1.0,1.0,True,0.0,8192,False,2
"[""build"", ""test"", ""feat"", ""docs"", ""refactor""]","[""test"", ""refactor""]",1.0729899406433103,"['8ee0611fbf0cd89abe7ae588f22e6ecb843598ea', '2954a0955ce9af6acb345ed1e8328e145ad30475']",0.4,1.0,0.5714285714285715,False,0.4285714285714285,8192,False,2
"[""fix""]","[""refactor"", ""fix""]",1.4280860424041748,"['36556bf8e0bce4ab6d26eafacbdad04d9614a5d7', 'c8e0ae8612df3d6f2831acc004aaac332f6105e4']",1.0,0.5,0.6666666666666666,False,0.1428571428571428,8192,False,2
"[""build"", ""ci"", ""refactor""]","[""build"", ""ci""]",1.5276107788085938,"['e4a11fd5c34942ba12737f1c8c084489428ee274', '173553c0372e66e03bdab19e0e6c2dd44daa14a0']",0.6666666666666666,1.0,0.8,False,0.1428571428571428,8192,False,2
"[""fix"", ""feat""]","[""fix"", ""feat""]",0.8841111660003662,"['c8e0ae8612df3d6f2831acc004aaac332f6105e4', 'f9a094918b62534614c47aa8a13f33aec751a1e0']",1.0,1.0,1.0,True,0.0,8192,False,2
"[""refactor"", ""docs""]","[""refactor"", ""docs""]",0.883721113204956,"['771857b1df9470ebc15357e8879118a72c649d5b', '0cfc5633d37ea06f645649138323f1820e18bdee']",1.0,1.0,1.0,True,0.0,8192,False,2
"[""build"", ""feat""]","[""feat"", ""fix""]",0.8199338912963867,"['6ed56ce9ae743ba9a87e6c9643cc06b1de7b748d', '87d5d4e55ab7149b593d29410f1fe426ba2447d4']",0.5,0.5,0.5,False,0.2857142857142857,8192,False,2
"[""test"", ""refactor""]","[""refactor"", ""test""]",0.7672500610351562,"['1db13ec43727aca872a0f3836e4023ed85db665e', '229b53a632ea97d47c4be11f096bdd828fb415d8']",1.0,1.0,1.0,True,0.0,8192,False,2
"[""test"", ""refactor"", ""feat""]","[""test"", ""refactor""]",0.8935050964355469,"['317f4eefecddfb1392ca71d551840f446feee302', '63eab619e6166eb6cab948028a7b89bf059dd878']",0.6666666666666666,1.0,0.8,False,0.1428571428571428,8192,False,2
"[""docs"", ""build""]","[""docs"", ""build""]",0.7611808776855469,"['e12d9e77a6fd531a22325337838a841b1c67f00d', 'c44cf88a6ec54e5ddd99d8348bcc57b301ec7945']",1.0,1.0,1.0,True,0.0,8192,False,2
"[""test"", ""build""]","[""refactor"", ""build""]",0.9013590812683104,"['1db13ec43727aca872a0f3836e4023ed85db665e', '32b92cfa0b74a6c25990e32ac6aab12b8496794c']",0.5,0.5,0.5,False,0.2857142857142857,8192,False,2
"[""docs"", ""refactor"", ""fix""]","[""docs"", ""fix""]",1.0577678680419922,"['c2ee5cd5e709afd15c5565ee009a0d204403a119', 'bed78248c941d57ad4cc20a455147e186e97c7a1']",0.6666666666666666,1.0,0.8,False,0.1428571428571428,8192,False,2
"[""docs"", ""ci""]","[""docs"", ""ci""]",0.808542013168335,"['bf83c9155e9bee6925aa7102fab53fb803d52533', '173553c0372e66e03bdab19e0e6c2dd44daa14a0']",1.0,1.0,1.0,True,0.0,8192,False,2
"[""fix"", ""ci""]","[""refactor"", ""ci""]",0.7515830993652344,"['36556bf8e0bce4ab6d26eafacbdad04d9614a5d7', '74e9de5ec97dc013a52aa063dff0f40ac74c407b']",0.5,0.5,0.5,False,0.2857142857142857,8192,False,2
"[""test"", ""refactor""]","[""test"", ""fix""]",0.6714849472045898,"['e9617f0854030e70365eb264bcb3b58078e79e9e', '87d5d4e55ab7149b593d29410f1fe426ba2447d4']",0.5,0.5,0.5,False,0.2857142857142857,8192,False,2
"[""feat"", ""refactor""]","[""feat"", ""refactor""]",0.930312156677246,"['e137f9fdbdb6bf3f85c3f7ac9323785e445844c8', '47ef9104e4a89e80d7cc6c1950bc080841da4a7b']",1.0,1.0,1.0,True,0.0,8192,False,2
"[""refactor"", ""ci""]","[""fix"", ""ci""]",1.5348150730133057,"['2561f4ade46fc9d59f289f328cc77733a6443697', '74e9de5ec97dc013a52aa063dff0f40ac74c407b']",0.5,0.5,0.5,False,0.2857142857142857,8192,False,2
"[""build"", ""ci""]","[""build"", ""ci""]",0.7320740222930908,"['5b81fde8a72cf2e69a10e9f5c4f0bea0a2b8c3e0', 'e96487ad7ce90b141219d9032fa2bed68d5dae6a']",1.0,1.0,1.0,True,0.0,8192,False,2
"[""build"", ""test"", ""refactor""]","[""build"", ""test""]",0.912355899810791,"['32b92cfa0b74a6c25990e32ac6aab12b8496794c', '8ee0611fbf0cd89abe7ae588f22e6ecb843598ea']",0.6666666666666666,1.0,0.8,False,0.1428571428571428,8192,False,2
"[""test"", ""ci""]","[""refactor"", ""ci""]",1.494062900543213,"['1db13ec43727aca872a0f3836e4023ed85db665e', '74e9de5ec97dc013a52aa063dff0f40ac74c407b']",0.5,0.5,0.5,False,0.2857142857142857,8192,False,2
"[""refactor"", ""build""]","[""fix"", ""build""]",0.6152548789978027,"['2561f4ade46fc9d59f289f328cc77733a6443697', 'c55591ba157298a9c5816693c102a89dfd058830']",0.5,0.5,0.5,False,0.2857142857142857,8192,False,2
"[""build"", ""test""]","[""build"", ""refactor""]",0.9579448699951172,"['5b81fde8a72cf2e69a10e9f5c4f0bea0a2b8c3e0', '1db13ec43727aca872a0f3836e4023ed85db665e']",0.5,0.5,0.5,False,0.2857142857142857,8192,False,2
"[""build"", ""test"", ""ci"", ""feat""]","[""test"", ""ci""]",1.2032732963562012,"['8ee0611fbf0cd89abe7ae588f22e6ecb843598ea', 'e96487ad7ce90b141219d9032fa2bed68d5dae6a']",0.5,1.0,0.6666666666666666,False,0.2857142857142857,8192,False,2
"[""test"", ""refactor""]","[""test"", ""refactor""]",0.8934121131896973,"['bedc7950b24c37809e36a585b7985d5aa5e3e458', '062daa45cbd5dba6e96e95d8cdcaee89ae30a83c']",1.0,1.0,1.0,True,0.0,8192,False,2
"[""ci"", ""feat"", ""refactor""]","[""ci"", ""refactor""]",1.5642399787902832,"['74e9de5ec97dc013a52aa063dff0f40ac74c407b', '63eab619e6166eb6cab948028a7b89bf059dd878']",0.6666666666666666,1.0,0.8,False,0.1428571428571428,8192,False,2
"[""test"", ""docs""]","[""test"", ""docs""]",0.6795821189880371,"['317f4eefecddfb1392ca71d551840f446feee302', 'af880ac5b4fecbc6c4f3d1eee0d95f326e8bd9d1']",1.0,1.0,1.0,True,0.0,8192,False,2
"[""feat"", ""fix""]","[""feat"", ""fix""]",0.7598199844360352,"['dc5238b2bda98a7c4f2fe9584fc3b0191a408109', '9ef5c0d14193a9abb09b39856f58477d1f4b0d77']",1.0,1.0,1.0,True,0.0,8192,False,2
"[""build"", ""docs""]","[""build"", ""docs""]",1.007069110870361,"['e4a11fd5c34942ba12737f1c8c084489428ee274', 'e12d9e77a6fd531a22325337838a841b1c67f00d']",1.0,1.0,1.0,True,0.0,8192,False,2
"[""build"", ""feat"", ""refactor"", ""fix""]","[""feat"", ""refactor""]",0.9784550666809082,"['6ed56ce9ae743ba9a87e6c9643cc06b1de7b748d', '63eab619e6166eb6cab948028a7b89bf059dd878']",0.5,1.0,0.6666666666666666,False,0.2857142857142857,8192,False,2
"[""ci"", ""fix"", ""docs""]","[""ci"", ""fix"", ""docs""]",1.3593478202819824,"['dbb537a26e388a8d7d17faf131abc30c2f7a84e6', 'd129eaf9125a967ac86c6c7276bbae6b4d50af36', 'cb1f48b56ae0de93acb72e48726c7d610a1d538e']",1.0,1.0,1.0,True,0.0,8192,False,3
"[""fix"", ""build"", ""feat"", ""refactor""]","[""fix"", ""refactor"", ""feat""]",1.0786869525909424,"['933ab6bb86372913c992567cf9660009900911a7', '3cca5c314ad6feeffbfe1f14cf49ebd0fd9a95a2', '6ed56ce9ae743ba9a87e6c9643cc06b1de7b748d']",0.75,1.0,0.8571428571428571,False,0.1428571428571428,8192,False,3
"[""build"", ""feat"", ""ci""]","[""build"", ""feat"", ""ci""]",0.9930171966552734,"['5b81fde8a72cf2e69a10e9f5c4f0bea0a2b8c3e0', 'e137f9fdbdb6bf3f85c3f7ac9323785e445844c8', '32845e1bbd1efb5dbc16f671049509a409ba25ce']",1.0,1.0,1.0,True,0.0,8192,False,3
"[""ci"", ""docs"", ""feat""]","[""ci"", ""docs"", ""feat""]",1.0207180976867676,"['45837af24a33308a70a3454f0f650f9fe728e272', '6d405dfc1675dcad64a2dfac0c0cb0fb28381d21', 'f823cf28652987d43c8324b4f5b203240032383a']",1.0,1.0,1.0,True,0.0,8192,False,3
"[""ci"", ""docs"", ""build""]","[""ci"", ""docs"", ""build""]",0.8167521953582764,"['6c9cb638cb4d1ecc42632fcf389c24898c5b3244', 'bf83c9155e9bee6925aa7102fab53fb803d52533', 'c323d59c607cabc91f17a78528d998f376f30b10']",1.0,1.0,1.0,True,0.0,8192,False,3
"[""test"", ""docs"", ""fix""]","[""test"", ""docs"", ""fix""]",0.8932530879974365,"['229b53a632ea97d47c4be11f096bdd828fb415d8', 'e12d9e77a6fd531a22325337838a841b1c67f00d', 'd129eaf9125a967ac86c6c7276bbae6b4d50af36']",1.0,1.0,1.0,True,0.0,8192,False,3
"[""feat"", ""docs"", ""refactor""]","[""feat"", ""docs"", ""refactor""]",0.9465210437774658,"['68278b00450f2679761a2999500f6d87a579376b', 'c2ee5cd5e709afd15c5565ee009a0d204403a119', '535708ae50aecb452560a23356fd396f99ef13a2']",1.0,1.0,1.0,True,0.0,8192,False,3
"[""docs"", ""ci"", ""test""]","[""docs"", ""ci"", ""test""]",1.5838019847869873,"['0cfc5633d37ea06f645649138323f1820e18bdee', '6c9cb638cb4d1ecc42632fcf389c24898c5b3244', 'f411e58cd510f8a2b980b2f1932003a0c0e9f8f3']",1.0,1.0,1.0,True,0.0,8192,False,3
"[""fix""]","[""build"", ""fix"", ""refactor""]",0.6367809772491455,"['1269431c8a3e7549f10fcbbb4b88ff625c8898b3', '933ab6bb86372913c992567cf9660009900911a7', '36556bf8e0bce4ab6d26eafacbdad04d9614a5d7']",1.0,0.3333333333333333,0.5,False,0.2857142857142857,8192,False,3
"[""test"", ""fix"", ""docs""]","[""test"", ""fix"", ""docs""]",0.8513693809509277,"['c7b25726df94a2530c9b1c0d2b6a0acaa103822f', '933ab6bb86372913c992567cf9660009900911a7', 'c2ee5cd5e709afd15c5565ee009a0d204403a119']",1.0,1.0,1.0,True,0.0,8192,False,3
"[""build"", ""refactor"", ""fix""]","[""build"", ""refactor"", ""fix""]",1.1193861961364746,"['32b92cfa0b74a6c25990e32ac6aab12b8496794c', '771857b1df9470ebc15357e8879118a72c649d5b', '06e2be4e2019b6fa714e1fcb34485860ef1ede79']",1.0,1.0,1.0,True,0.0,8192,False,3
"[""test"", ""docs"", ""build""]","[""test"", ""docs"", ""build""]",0.7438399791717529,"['f411e58cd510f8a2b980b2f1932003a0c0e9f8f3', '036a0ff49a7dade0e04c9c07071a1ff49133ee24', 'c44cf88a6ec54e5ddd99d8348bcc57b301ec7945']",1.0,1.0,1.0,True,0.0,8192,False,3
"[""build"", ""test"", ""feat"", ""refactor""]","[""feat"", ""test"", ""refactor""]",0.953176975250244,"['6ed56ce9ae743ba9a87e6c9643cc06b1de7b748d', 'c7b25726df94a2530c9b1c0d2b6a0acaa103822f', '535708ae50aecb452560a23356fd396f99ef13a2']",0.75,1.0,0.8571428571428571,False,0.1428571428571428,8192,False,3
"[""docs"", ""feat"", ""fix"", ""refactor""]","[""docs"", ""feat"", ""fix""]",1.1123239994049072,"['6d405dfc1675dcad64a2dfac0c0cb0fb28381d21', 'ded26d768ff432ad3bde3c0aa1e95ce50726100a', 'd129eaf9125a967ac86c6c7276bbae6b4d50af36']",0.75,1.0,0.8571428571428571,False,0.1428571428571428,8192,False,3
"[""ci"", ""docs"", ""refactor"", ""fix""]","[""ci"", ""docs"", ""fix""]",0.9222521781921388,"['e7a67d88173566be3cd3aed7e9eeb7e29aabbc57', 'c2ee5cd5e709afd15c5565ee009a0d204403a119', 'bed78248c941d57ad4cc20a455147e186e97c7a1']",0.75,1.0,0.8571428571428571,False,0.1428571428571428,8192,False,3
"[""ci"", ""docs"", ""fix"", ""refactor""]","[""ci"", ""docs"", ""fix""]",1.0537359714508057,"['74e9de5ec97dc013a52aa063dff0f40ac74c407b', 'aca23027da1295c78fdf42ba9687d8ccc88784d7', 'd129eaf9125a967ac86c6c7276bbae6b4d50af36']",0.75,1.0,0.8571428571428571,False,0.1428571428571428,8192,False,3
"[""test"", ""refactor"", ""fix"", ""build""]","[""test"", ""fix"", ""build""]",0.9030261039733888,"['c7b25726df94a2530c9b1c0d2b6a0acaa103822f', 'bed78248c941d57ad4cc20a455147e186e97c7a1', 'c55591ba157298a9c5816693c102a89dfd058830']",0.75,1.0,0.8571428571428571,False,0.1428571428571428,8192,False,3
"[""docs"", ""ci"", ""refactor"", ""fix""]","[""docs"", ""ci"", ""fix""]",1.04130220413208,"['a52a585d74894b3b4eeb8c784fa089ff95cddad0', 'e7a67d88173566be3cd3aed7e9eeb7e29aabbc57', 'bed78248c941d57ad4cc20a455147e186e97c7a1']",0.75,1.0,0.8571428571428571,False,0.1428571428571428,8192,False,3
"[""build"", ""ci"", ""test""]","[""build"", ""ci"", ""test""]",1.1719679832458496,"['f00a4d3e307b89842250358ee432e6800bb24362', '6c9cb638cb4d1ecc42632fcf389c24898c5b3244', 'c7b25726df94a2530c9b1c0d2b6a0acaa103822f']",1.0,1.0,1.0,True,0.0,8192,False,3
"[""refactor"", ""feat""]","[""refactor"", ""feat"", ""fix""]",0.9192891120910645,"['2954a0955ce9af6acb345ed1e8328e145ad30475', 'dc5238b2bda98a7c4f2fe9584fc3b0191a408109', '9ef5c0d14193a9abb09b39856f58477d1f4b0d77']",1.0,0.6666666666666666,0.8,False,0.1428571428571428,8192,False,3
"[""ci"", ""test"", ""fix""]","[""ci"", ""test"", ""fix""]",0.898339033126831,"['4cbbd2552ba0de273e1dfe7d453c5b3efed751a3', 'f411e58cd510f8a2b980b2f1932003a0c0e9f8f3', '06e2be4e2019b6fa714e1fcb34485860ef1ede79']",1.0,1.0,1.0,True,0.0,8192,False,3
"[""feat"", ""refactor"", ""test"", ""build""]","[""feat"", ""refactor"", ""build""]",1.1928589344024658,"['b282e90e2cbb74559aab79eee8443a4d7c85502a', '1db13ec43727aca872a0f3836e4023ed85db665e', '37b1cbfd3d2c462ef4f2a131e4172c38dc8d9ddf']",0.75,1.0,0.8571428571428571,False,0.1428571428571428,8192,False,3
"[""fix"", ""feat"", ""ci""]","[""fix"", ""feat"", ""ci""]",0.8763749599456787,"['d129eaf9125a967ac86c6c7276bbae6b4d50af36', 'fd8e563cc19ca4684885d4692acee6bebcca4ada', '173553c0372e66e03bdab19e0e6c2dd44daa14a0']",1.0,1.0,1.0,True,0.0,8192,False,3
"[""docs"", ""feat"", ""test""]","[""docs"", ""refactor"", ""test""]",0.7237489223480225,"['036a0ff49a7dade0e04c9c07071a1ff49133ee24', '63eab619e6166eb6cab948028a7b89bf059dd878', '229b53a632ea97d47c4be11f096bdd828fb415d8']",0.6666666666666666,0.6666666666666666,0.6666666666666666,False,0.2857142857142857,8192,False,3
"[""test"", ""ci"", ""feat""]","[""test"", ""ci"", ""feat""]",1.060659885406494,"['c7b25726df94a2530c9b1c0d2b6a0acaa103822f', '32845e1bbd1efb5dbc16f671049509a409ba25ce', 'b282e90e2cbb74559aab79eee8443a4d7c85502a']",1.0,1.0,1.0,True,0.0,8192,False,3
"[""feat"", ""build"", ""fix""]","[""feat"", ""build"", ""refactor""]",0.8851189613342285,"['f9a094918b62534614c47aa8a13f33aec751a1e0', '5b81fde8a72cf2e69a10e9f5c4f0bea0a2b8c3e0', '36556bf8e0bce4ab6d26eafacbdad04d9614a5d7']",0.6666666666666666,0.6666666666666666,0.6666666666666666,False,0.2857142857142857,8192,False,3
"[""feat"", ""build"", ""docs""]","[""feat"", ""build"", ""docs""]",1.7663919925689695,"['e137f9fdbdb6bf3f85c3f7ac9323785e445844c8', '37b1cbfd3d2c462ef4f2a131e4172c38dc8d9ddf', 'e12d9e77a6fd531a22325337838a841b1c67f00d']",1.0,1.0,1.0,True,0.0,8192,False,3
"[""build"", ""fix"", ""ci""]","[""build"", ""refactor"", ""ci""]",0.9651358127593994,"['f00a4d3e307b89842250358ee432e6800bb24362', '36556bf8e0bce4ab6d26eafacbdad04d9614a5d7', '4cbbd2552ba0de273e1dfe7d453c5b3efed751a3']",0.6666666666666666,0.6666666666666666,0.6666666666666666,False,0.2857142857142857,8192,False,3
"[""docs"", ""ci"", ""build""]","[""docs"", ""ci"", ""build""]",1.048147201538086,"['cb1f48b56ae0de93acb72e48726c7d610a1d538e', 'e96487ad7ce90b141219d9032fa2bed68d5dae6a', '454003841aabeb74396d73541378bfa59c75b5db']",1.0,1.0,1.0,True,0.0,8192,False,3
"[""fix"", ""test"", ""build""]","[""fix"", ""test"", ""build""]",0.8676071166992188,"['d129eaf9125a967ac86c6c7276bbae6b4d50af36', 'e2e8ad25854bd1e7cdbc7f50b50bbd99e04ad47d', '1269431c8a3e7549f10fcbbb4b88ff625c8898b3']",1.0,1.0,1.0,True,0.0,8192,False,3
"[""docs"", ""feat""]","[""refactor"", ""docs"", ""feat""]",1.287583351135254,"['2954a0955ce9af6acb345ed1e8328e145ad30475', 'a52a585d74894b3b4eeb8c784fa089ff95cddad0', 'b282e90e2cbb74559aab79eee8443a4d7c85502a']",1.0,0.6666666666666666,0.8,False,0.1428571428571428,8192,False,3
"[""docs"", ""test""]","[""docs"", ""refactor"", ""test""]",1.094027042388916,"['0cfc5633d37ea06f645649138323f1820e18bdee', '1db13ec43727aca872a0f3836e4023ed85db665e', 'bedc7950b24c37809e36a585b7985d5aa5e3e458']",1.0,0.6666666666666666,0.8,False,0.1428571428571428,8192,False,3
"[""fix"", ""docs"", ""test""]","[""fix"", ""docs"", ""test""]",0.7830860614776611,"['933ab6bb86372913c992567cf9660009900911a7', '0cfc5633d37ea06f645649138323f1820e18bdee', 'c7b25726df94a2530c9b1c0d2b6a0acaa103822f']",1.0,1.0,1.0,True,0.0,8192,False,3
"[""fix"", ""ci"", ""test""]","[""refactor"", ""ci"", ""test""]",1.0335979461669922,"['36556bf8e0bce4ab6d26eafacbdad04d9614a5d7', '6c9cb638cb4d1ecc42632fcf389c24898c5b3244', '229b53a632ea97d47c4be11f096bdd828fb415d8']",0.6666666666666666,0.6666666666666666,0.6666666666666666,False,0.2857142857142857,8192,False,3
"[""ci"", ""test"", ""docs""]","[""ci"", ""test"", ""docs""]",0.8973989486694336,"['c5fa7b80438fbd74f4c341f0d3c9bd9e0f4910da', '229b53a632ea97d47c4be11f096bdd828fb415d8', 'aca23027da1295c78fdf42ba9687d8ccc88784d7']",1.0,1.0,1.0,True,0.0,8192,False,3
"[""feat"", ""docs"", ""fix""]","[""feat"", ""docs"", ""fix""]",1.1365768909454346,"['f823cf28652987d43c8324b4f5b203240032383a', '0cfc5633d37ea06f645649138323f1820e18bdee', '9ef5c0d14193a9abb09b39856f58477d1f4b0d77']",1.0,1.0,1.0,True,0.0,8192,False,3
"[""test"", ""fix"", ""build""]","[""test"", ""fix"", ""build""]",1.0836341381072998,"['317f4eefecddfb1392ca71d551840f446feee302', '06e2be4e2019b6fa714e1fcb34485860ef1ede79', 'c55591ba157298a9c5816693c102a89dfd058830']",1.0,1.0,1.0,True,0.0,8192,False,3
"[""feat"", ""docs"", ""fix""]","[""feat"", ""docs"", ""refactor""]",0.9582149982452391,"['e137f9fdbdb6bf3f85c3f7ac9323785e445844c8', 'bf83c9155e9bee6925aa7102fab53fb803d52533', '36556bf8e0bce4ab6d26eafacbdad04d9614a5d7']",0.6666666666666666,0.6666666666666666,0.6666666666666666,False,0.2857142857142857,8192,False,3
"[""fix"", ""ci"", ""build""]","[""fix"", ""ci"", ""build""]",0.8029210567474365,"['d129eaf9125a967ac86c6c7276bbae6b4d50af36', '6c9cb638cb4d1ecc42632fcf389c24898c5b3244', 'c44cf88a6ec54e5ddd99d8348bcc57b301ec7945']",1.0,1.0,1.0,True,0.0,8192,False,3
"[""refactor"", ""docs""]","[""fix"", ""refactor"", ""docs""]",0.826962947845459,"['2561f4ade46fc9d59f289f328cc77733a6443697', '2954a0955ce9af6acb345ed1e8328e145ad30475', 'a52a585d74894b3b4eeb8c784fa089ff95cddad0']",1.0,0.6666666666666666,0.8,False,0.1428571428571428,8192,False,3
"[""build"", ""feat"", ""fix""]","[""build"", ""feat"", ""fix""]",1.535367727279663,"['c55591ba157298a9c5816693c102a89dfd058830', 'dc5238b2bda98a7c4f2fe9584fc3b0191a408109', '9be725fa3906323d4bc9788f54eccf74109d632b']",1.0,1.0,1.0,True,0.0,8192,False,3
"[""test"", ""fix"", ""feat""]","[""test"", ""refactor"", ""feat""]",0.6798529624938965,"['229b53a632ea97d47c4be11f096bdd828fb415d8', '36556bf8e0bce4ab6d26eafacbdad04d9614a5d7', 'ded26d768ff432ad3bde3c0aa1e95ce50726100a']",0.6666666666666666,0.6666666666666666,0.6666666666666666,False,0.2857142857142857,8192,False,3
"[""test"", ""build"", ""ci""]","[""test"", ""build"", ""ci""]",0.84250807762146,"['e0198f74b81da3663144cfe1d971939319f82a0f', 'c55591ba157298a9c5816693c102a89dfd058830', 'e7a67d88173566be3cd3aed7e9eeb7e29aabbc57']",1.0,1.0,1.0,True,0.0,8192,False,3
"[""test"", ""fix"", ""docs""]","[""test"", ""fix"", ""docs""]",0.833392858505249,"['bedc7950b24c37809e36a585b7985d5aa5e3e458', '933ab6bb86372913c992567cf9660009900911a7', '6d405dfc1675dcad64a2dfac0c0cb0fb28381d21']",1.0,1.0,1.0,True,0.0,8192,False,3
"[""fix"", ""build"", ""test""]","[""fix"", ""build"", ""test""]",1.0382001399993896,"['d129eaf9125a967ac86c6c7276bbae6b4d50af36', '32b92cfa0b74a6c25990e32ac6aab12b8496794c', '317f4eefecddfb1392ca71d551840f446feee302']",1.0,1.0,1.0,True,0.0,8192,False,3
"[""feat"", ""fix"", ""ci""]","[""feat"", ""fix"", ""ci""]",0.8177433013916016,"['f823cf28652987d43c8324b4f5b203240032383a', '9be725fa3906323d4bc9788f54eccf74109d632b', '32845e1bbd1efb5dbc16f671049509a409ba25ce']",1.0,1.0,1.0,True,0.0,8192,False,3
"[""fix"", ""docs"", ""build""]","[""fix"", ""docs"", ""build""]",0.8991491794586182,"['9ef5c0d14193a9abb09b39856f58477d1f4b0d77', 'a52a585d74894b3b4eeb8c784fa089ff95cddad0', '37b1cbfd3d2c462ef4f2a131e4172c38dc8d9ddf']",1.0,1.0,1.0,True,0.0,8192,False,3
"[""feat"", ""ci"", ""docs""]","[""fix"", ""ci"", ""docs""]",1.0187036991119385,"['87d5d4e55ab7149b593d29410f1fe426ba2447d4', '4cbbd2552ba0de273e1dfe7d453c5b3efed751a3', '6d405dfc1675dcad64a2dfac0c0cb0fb28381d21']",0.6666666666666666,0.6666666666666666,0.6666666666666666,False,0.2857142857142857,8192,False,3
"[""feat"", ""docs"", ""refactor"", ""fix""]","[""feat"", ""docs"", ""fix""]",1.232318878173828,"['fd8e563cc19ca4684885d4692acee6bebcca4ada', 'cb1f48b56ae0de93acb72e48726c7d610a1d538e', 'bed78248c941d57ad4cc20a455147e186e97c7a1']",0.75,1.0,0.8571428571428571,False,0.1428571428571428,8192,False,3
"[""feat"", ""fix"", ""refactor""]","[""feat"", ""fix"", ""refactor""]",1.0640912055969238,"['1bcf88670b50155b50071e707f98f30cea0b7a24', '9ef5c0d14193a9abb09b39856f58477d1f4b0d77', '062daa45cbd5dba6e96e95d8cdcaee89ae30a83c']",1.0,1.0,1.0,True,0.0,8192,False,3
"[""refactor"", ""fix"", ""docs"", ""test""]","[""fix"", ""docs"", ""test""]",1.240110158920288,"['bed78248c941d57ad4cc20a455147e186e97c7a1', 'a52a585d74894b3b4eeb8c784fa089ff95cddad0', 'e9617f0854030e70365eb264bcb3b58078e79e9e']",0.75,1.0,0.8571428571428571,False,0.1428571428571428,8192,False,3
"[""docs"", ""ci"", ""refactor""]","[""docs"", ""ci"", ""feat""]",0.7726988792419434,"['c2ee5cd5e709afd15c5565ee009a0d204403a119', 'dbb537a26e388a8d7d17faf131abc30c2f7a84e6', 'ded26d768ff432ad3bde3c0aa1e95ce50726100a']",0.6666666666666666,0.6666666666666666,0.6666666666666666,False,0.2857142857142857,8192,False,3
"[""build"", ""ci"", ""docs"", ""refactor""]","[""build"", ""ci"", ""refactor""]",0.8991727828979492,"['454003841aabeb74396d73541378bfa59c75b5db', 'dbb537a26e388a8d7d17faf131abc30c2f7a84e6', '062daa45cbd5dba6e96e95d8cdcaee89ae30a83c']",0.75,1.0,0.8571428571428571,False,0.1428571428571428,8192,False,3
"[""feat"", ""refactor"", ""test""]","[""feat"", ""fix"", ""test""]",1.1151750087738037,"['fd8e563cc19ca4684885d4692acee6bebcca4ada', 'd1d55e787b7d07f763852602b9939a5394607fd9', 'b7ce2894fd1794064bd6db4ed730bb6cb7728739']",0.6666666666666666,0.6666666666666666,0.6666666666666666,False,0.2857142857142857,8192,False,3
"[""docs"", ""test"", ""build""]","[""docs"", ""test"", ""build""]",0.7474069595336914,"['bf83c9155e9bee6925aa7102fab53fb803d52533', 'b7ce2894fd1794064bd6db4ed730bb6cb7728739', '37b1cbfd3d2c462ef4f2a131e4172c38dc8d9ddf']",1.0,1.0,1.0,True,0.0,8192,False,3
"[""fix"", ""ci"", ""test""]","[""fix"", ""ci"", ""test""]",1.787226915359497,"['d129eaf9125a967ac86c6c7276bbae6b4d50af36', 'e7a67d88173566be3cd3aed7e9eeb7e29aabbc57', '317f4eefecddfb1392ca71d551840f446feee302']",1.0,1.0,1.0,True,0.0,8192,False,3
"[""docs"", ""ci""]","[""docs"", ""fix"", ""ci""]",0.8071539402008057,"['c2ee5cd5e709afd15c5565ee009a0d204403a119', 'd1d55e787b7d07f763852602b9939a5394607fd9', '6c9cb638cb4d1ecc42632fcf389c24898c5b3244']",1.0,0.6666666666666666,0.8,False,0.1428571428571428,8192,False,3
"[""ci"", ""fix"", ""docs""]","[""ci"", ""fix"", ""docs""]",0.8489270210266113,"['dbb537a26e388a8d7d17faf131abc30c2f7a84e6', 'c8e0ae8612df3d6f2831acc004aaac332f6105e4', 'e12d9e77a6fd531a22325337838a841b1c67f00d']",1.0,1.0,1.0,True,0.0,8192,False,3
"[""build"", ""docs""]","[""build"", ""docs"", ""refactor""]",0.8685171604156494,"['c55591ba157298a9c5816693c102a89dfd058830', 'c2ee5cd5e709afd15c5565ee009a0d204403a119', 'a62314d9bb632be6af026686615d14b912250512']",1.0,0.6666666666666666,0.8,False,0.1428571428571428,8192,False,3
"[""refactor"", ""build""]","[""fix"", ""build"", ""refactor""]",0.6446051597595215,"['d1d55e787b7d07f763852602b9939a5394607fd9', '32b92cfa0b74a6c25990e32ac6aab12b8496794c', '062daa45cbd5dba6e96e95d8cdcaee89ae30a83c']",1.0,0.6666666666666666,0.8,False,0.1428571428571428,8192,False,3
"[""test"", ""build""]","[""test"", ""docs"", ""build""]",0.9283812046051024,"['f411e58cd510f8a2b980b2f1932003a0c0e9f8f3', 'af880ac5b4fecbc6c4f3d1eee0d95f326e8bd9d1', '1269431c8a3e7549f10fcbbb4b88ff625c8898b3']",1.0,0.6666666666666666,0.8,False,0.1428571428571428,8192,False,3
"[""feat"", ""fix"", ""test""]","[""feat"", ""fix"", ""test""]",0.724858283996582,"['f9a094918b62534614c47aa8a13f33aec751a1e0', '87d5d4e55ab7149b593d29410f1fe426ba2447d4', '317f4eefecddfb1392ca71d551840f446feee302']",1.0,1.0,1.0,True,0.0,8192,False,3
"[""test"", ""fix"", ""feat""]","[""test"", ""fix"", ""feat""]",1.2158100605010986,"['229b53a632ea97d47c4be11f096bdd828fb415d8', 'c8e0ae8612df3d6f2831acc004aaac332f6105e4', 'f823cf28652987d43c8324b4f5b203240032383a']",1.0,1.0,1.0,True,0.0,8192,False,3
"[""feat"", ""fix"", ""docs""]","[""feat"", ""fix"", ""docs""]",1.0362999439239502,"['dc5238b2bda98a7c4f2fe9584fc3b0191a408109', '06e2be4e2019b6fa714e1fcb34485860ef1ede79', 'af880ac5b4fecbc6c4f3d1eee0d95f326e8bd9d1']",1.0,1.0,1.0,True,0.0,8192,False,3
"[""ci"", ""refactor"", ""docs"", ""test""]","[""ci"", ""docs"", ""test""]",1.208313226699829,"['173553c0372e66e03bdab19e0e6c2dd44daa14a0', 'e12d9e77a6fd531a22325337838a841b1c67f00d', 'c7b25726df94a2530c9b1c0d2b6a0acaa103822f']",0.75,1.0,0.8571428571428571,False,0.1428571428571428,8192,False,3
"[""ci"", ""refactor"", ""docs""]","[""ci"", ""fix"", ""docs""]",0.8758039474487305,"['dbb537a26e388a8d7d17faf131abc30c2f7a84e6', '2561f4ade46fc9d59f289f328cc77733a6443697', 'e12d9e77a6fd531a22325337838a841b1c67f00d']",0.6666666666666666,0.6666666666666666,0.6666666666666666,False,0.2857142857142857,8192,False,3
"[""feat"", ""fix"", ""test""]","[""feat"", ""fix"", ""test""]",0.7961399555206299,"['f823cf28652987d43c8324b4f5b203240032383a', '9ef5c0d14193a9abb09b39856f58477d1f4b0d77', '229b53a632ea97d47c4be11f096bdd828fb415d8']",1.0,1.0,1.0,True,0.0,8192,False,3
"[""docs"", ""ci"", ""refactor""]","[""docs"", ""ci"", ""feat""]",1.1255221366882324,"['6d405dfc1675dcad64a2dfac0c0cb0fb28381d21', '173553c0372e66e03bdab19e0e6c2dd44daa14a0', 'b282e90e2cbb74559aab79eee8443a4d7c85502a']",0.6666666666666666,0.6666666666666666,0.6666666666666666,False,0.2857142857142857,8192,False,3
"[""ci"", ""docs"", ""build""]","[""ci"", ""docs"", ""build""]",1.1149392127990725,"['c5fa7b80438fbd74f4c341f0d3c9bd9e0f4910da', '036a0ff49a7dade0e04c9c07071a1ff49133ee24', 'c44cf88a6ec54e5ddd99d8348bcc57b301ec7945']",1.0,1.0,1.0,True,0.0,8192,False,3
"[""ci"", ""feat"", ""build""]","[""ci"", ""feat"", ""build""]",1.0238909721374512,"['32845e1bbd1efb5dbc16f671049509a409ba25ce', 'b282e90e2cbb74559aab79eee8443a4d7c85502a', '37b1cbfd3d2c462ef4f2a131e4172c38dc8d9ddf']",1.0,1.0,1.0,True,0.0,8192,False,3
"[""test"", ""build"", ""fix"", ""feat""]","[""test"", ""build"", ""fix"", ""feat""]",0.9029300212860109,"['e0198f74b81da3663144cfe1d971939319f82a0f', 'f00a4d3e307b89842250358ee432e6800bb24362', 'd129eaf9125a967ac86c6c7276bbae6b4d50af36', 'dc5238b2bda98a7c4f2fe9584fc3b0191a408109']",1.0,1.0,1.0,True,0.0,8192,False,4
"[""ci"", ""build"", ""test"", ""docs"", ""fix""]","[""ci"", ""build"", ""test"", ""docs""]",1.0407230854034424,"['c5fa7b80438fbd74f4c341f0d3c9bd9e0f4910da', '1269431c8a3e7549f10fcbbb4b88ff625c8898b3', 'e2e8ad25854bd1e7cdbc7f50b50bbd99e04ad47d', '036a0ff49a7dade0e04c9c07071a1ff49133ee24']",0.8,1.0,0.888888888888889,False,0.1428571428571428,8192,False,4
"[""fix"", ""feat"", ""docs"", ""test""]","[""refactor"", ""feat"", ""docs"", ""test""]",1.0777757167816162,"['3cca5c314ad6feeffbfe1f14cf49ebd0fd9a95a2', 'dc5238b2bda98a7c4f2fe9584fc3b0191a408109', 'aca23027da1295c78fdf42ba9687d8ccc88784d7', '229b53a632ea97d47c4be11f096bdd828fb415d8']",0.75,0.75,0.75,False,0.2857142857142857,8192,False,4
"[""docs"", ""test"", ""build"", ""feat"", ""refactor""]","[""fix"", ""test"", ""build"", ""refactor""]",1.0488059520721436,"['d1d55e787b7d07f763852602b9939a5394607fd9', 'bedc7950b24c37809e36a585b7985d5aa5e3e458', 'c55591ba157298a9c5816693c102a89dfd058830', '535708ae50aecb452560a23356fd396f99ef13a2']",0.6,0.75,0.6666666666666665,False,0.4285714285714285,8192,False,4
"[""docs"", ""build"", ""ci"", ""feat""]","[""docs"", ""build"", ""ci"", ""feat""]",0.9404380321502686,"['a52a585d74894b3b4eeb8c784fa089ff95cddad0', '1269431c8a3e7549f10fcbbb4b88ff625c8898b3', '45837af24a33308a70a3454f0f650f9fe728e272', 'e137f9fdbdb6bf3f85c3f7ac9323785e445844c8']",1.0,1.0,1.0,True,0.0,8192,False,4
"[""test"", ""refactor"", ""feat"", ""ci""]","[""test"", ""fix"", ""refactor"", ""ci""]",0.8706350326538086,"['e9617f0854030e70365eb264bcb3b58078e79e9e', 'bed78248c941d57ad4cc20a455147e186e97c7a1', '535708ae50aecb452560a23356fd396f99ef13a2', 'c5fa7b80438fbd74f4c341f0d3c9bd9e0f4910da']",0.75,0.75,0.75,False,0.2857142857142857,8192,False,4
"[""ci"", ""refactor"", ""feat"", ""docs"", ""fix""]","[""ci"", ""fix"", ""feat"", ""refactor""]",1.2762389183044434,"['e7a67d88173566be3cd3aed7e9eeb7e29aabbc57', 'bed78248c941d57ad4cc20a455147e186e97c7a1', 'f823cf28652987d43c8324b4f5b203240032383a', '2954a0955ce9af6acb345ed1e8328e145ad30475']",0.8,1.0,0.888888888888889,False,0.1428571428571428,8192,False,4
"[""docs"", ""ci"", ""test"", ""fix"", ""refactor""]","[""docs"", ""ci"", ""test"", ""refactor""]",1.3262250423431396,"['aca23027da1295c78fdf42ba9687d8ccc88784d7', '74e9de5ec97dc013a52aa063dff0f40ac74c407b', '317f4eefecddfb1392ca71d551840f446feee302', '3cca5c314ad6feeffbfe1f14cf49ebd0fd9a95a2']",0.8,1.0,0.888888888888889,False,0.1428571428571428,8192,False,4
"[""fix"", ""feat"", ""docs"", ""build""]","[""fix"", ""feat"", ""build"", ""docs""]",0.9127697944641112,"['9be725fa3906323d4bc9788f54eccf74109d632b', 'e137f9fdbdb6bf3f85c3f7ac9323785e445844c8', 'c323d59c607cabc91f17a78528d998f376f30b10', '0cfc5633d37ea06f645649138323f1820e18bdee']",1.0,1.0,1.0,True,0.0,8192,False,4
"[""docs"", ""test"", ""fix""]","[""docs"", ""feat"", ""test"", ""fix""]",0.8853650093078613,"['0cfc5633d37ea06f645649138323f1820e18bdee', '1bcf88670b50155b50071e707f98f30cea0b7a24', '229b53a632ea97d47c4be11f096bdd828fb415d8', '87d5d4e55ab7149b593d29410f1fe426ba2447d4']",1.0,0.75,0.8571428571428571,False,0.1428571428571428,8192,False,4
"[""build"", ""refactor"", ""test"", ""ci""]","[""build"", ""refactor"", ""test"", ""ci""]",1.0639190673828125,"['c55591ba157298a9c5816693c102a89dfd058830', '062daa45cbd5dba6e96e95d8cdcaee89ae30a83c', 'c7b25726df94a2530c9b1c0d2b6a0acaa103822f', 'dbb537a26e388a8d7d17faf131abc30c2f7a84e6']",1.0,1.0,1.0,True,0.0,8192,False,4
"[""feat"", ""fix"", ""test"", ""refactor""]","[""feat"", ""fix"", ""test"", ""refactor""]",0.9815239906311036,"['dc5238b2bda98a7c4f2fe9584fc3b0191a408109', 'c8e0ae8612df3d6f2831acc004aaac332f6105e4', 'f411e58cd510f8a2b980b2f1932003a0c0e9f8f3', '47ef9104e4a89e80d7cc6c1950bc080841da4a7b']",1.0,1.0,1.0,True,0.0,8192,False,4
"[""feat"", ""docs"", ""test"", ""ci""]","[""refactor"", ""docs"", ""test"", ""ci""]",0.9147670269012452,"['63eab619e6166eb6cab948028a7b89bf059dd878', 'aca23027da1295c78fdf42ba9687d8ccc88784d7', 'f411e58cd510f8a2b980b2f1932003a0c0e9f8f3', 'e7a67d88173566be3cd3aed7e9eeb7e29aabbc57']",0.75,0.75,0.75,False,0.2857142857142857,8192,False,4
"[""docs"", ""test"", ""refactor"", ""fix""]","[""docs"", ""refactor"", ""test"", ""fix""]",0.9982969760894777,"['aca23027da1295c78fdf42ba9687d8ccc88784d7', '062daa45cbd5dba6e96e95d8cdcaee89ae30a83c', 'b7ce2894fd1794064bd6db4ed730bb6cb7728739', '06e2be4e2019b6fa714e1fcb34485860ef1ede79']",1.0,1.0,1.0,True,0.0,8192,False,4
"[""test"", ""docs"", ""build"", ""ci""]","[""test"", ""docs"", ""build"", ""ci""]",1.236989974975586,"['317f4eefecddfb1392ca71d551840f446feee302', 'aca23027da1295c78fdf42ba9687d8ccc88784d7', 'f00a4d3e307b89842250358ee432e6800bb24362', '32845e1bbd1efb5dbc16f671049509a409ba25ce']",1.0,1.0,1.0,True,0.0,8192,False,4
"[""fix"", ""refactor"", ""docs"", ""test""]","[""fix"", ""refactor"", ""docs"", ""test""]",1.1945290565490725,"['933ab6bb86372913c992567cf9660009900911a7', '3cca5c314ad6feeffbfe1f14cf49ebd0fd9a95a2', 'a52a585d74894b3b4eeb8c784fa089ff95cddad0', '229b53a632ea97d47c4be11f096bdd828fb415d8']",1.0,1.0,1.0,True,0.0,8192,False,4
"[""refactor"", ""ci"", ""build"", ""docs""]","[""refactor"", ""ci"", ""docs"", ""build""]",0.9181311130523682,"['63eab619e6166eb6cab948028a7b89bf059dd878', '6c9cb638cb4d1ecc42632fcf389c24898c5b3244', 'a52a585d74894b3b4eeb8c784fa089ff95cddad0', 'c55591ba157298a9c5816693c102a89dfd058830']",1.0,1.0,1.0,True,0.0,8192,False,4
"[""ci"", ""build"", ""test"", ""feat"", ""refactor""]","[""ci"", ""build"", ""test"", ""fix""]",1.1218791007995603,"['173553c0372e66e03bdab19e0e6c2dd44daa14a0', 'c55591ba157298a9c5816693c102a89dfd058830', '8ee0611fbf0cd89abe7ae588f22e6ecb843598ea', '87d5d4e55ab7149b593d29410f1fe426ba2447d4']",0.6,0.75,0.6666666666666665,False,0.4285714285714285,8192,False,4
"[""ci"", ""build"", ""feat"", ""fix""]","[""ci"", ""build"", ""feat"", ""fix""]",1.1010282039642334,"['32845e1bbd1efb5dbc16f671049509a409ba25ce', '32b92cfa0b74a6c25990e32ac6aab12b8496794c', 'fd8e563cc19ca4684885d4692acee6bebcca4ada', '933ab6bb86372913c992567cf9660009900911a7']",1.0,1.0,1.0,True,0.0,8192,False,4
"[""test"", ""build"", ""refactor"", ""feat""]","[""test"", ""build"", ""fix"", ""feat""]",1.0128049850463867,"['317f4eefecddfb1392ca71d551840f446feee302', '454003841aabeb74396d73541378bfa59c75b5db', '933ab6bb86372913c992567cf9660009900911a7', '6ed56ce9ae743ba9a87e6c9643cc06b1de7b748d']",0.75,0.75,0.75,False,0.2857142857142857,8192,False,4
"[""docs"", ""test"", ""fix""]","[""fix"", ""docs"", ""test"", ""refactor""]",1.0508239269256592,"['d1d55e787b7d07f763852602b9939a5394607fd9', '6d405dfc1675dcad64a2dfac0c0cb0fb28381d21', 'e0198f74b81da3663144cfe1d971939319f82a0f', '36556bf8e0bce4ab6d26eafacbdad04d9614a5d7']",1.0,0.75,0.8571428571428571,False,0.1428571428571428,8192,False,4
"[""ci"", ""docs"", ""build"", ""feat""]","[""ci"", ""docs"", ""build"", ""feat""]",0.8011891841888428,"['e7a67d88173566be3cd3aed7e9eeb7e29aabbc57', '6d405dfc1675dcad64a2dfac0c0cb0fb28381d21', 'c44cf88a6ec54e5ddd99d8348bcc57b301ec7945', 'f9a094918b62534614c47aa8a13f33aec751a1e0']",1.0,1.0,1.0,True,0.0,8192,False,4
"[""refactor"", ""test"", ""feat"", ""docs""]","[""fix"", ""test"", ""feat"", ""docs""]",1.2420308589935305,"['2561f4ade46fc9d59f289f328cc77733a6443697', 'e0198f74b81da3663144cfe1d971939319f82a0f', '1bcf88670b50155b50071e707f98f30cea0b7a24', '6d405dfc1675dcad64a2dfac0c0cb0fb28381d21']",0.75,0.75,0.75,False,0.2857142857142857,8192,False,4
"[""ci"", ""fix"", ""test"", ""docs""]","[""ci"", ""fix"", ""test"", ""docs""]",0.9677729606628418,"['4cbbd2552ba0de273e1dfe7d453c5b3efed751a3', '933ab6bb86372913c992567cf9660009900911a7', 'b7ce2894fd1794064bd6db4ed730bb6cb7728739', 'af880ac5b4fecbc6c4f3d1eee0d95f326e8bd9d1']",1.0,1.0,1.0,True,0.0,8192,False,4
"[""feat"", ""ci"", ""fix"", ""refactor""]","[""feat"", ""ci"", ""refactor"", ""fix""]",1.073725938796997,"['f823cf28652987d43c8324b4f5b203240032383a', '45837af24a33308a70a3454f0f650f9fe728e272', '36556bf8e0bce4ab6d26eafacbdad04d9614a5d7', 'bed78248c941d57ad4cc20a455147e186e97c7a1']",1.0,1.0,1.0,True,0.0,8192,False,4
"[""feat"", ""refactor"", ""docs"", ""build""]","[""refactor"", ""feat"", ""docs"", ""build""]",2.622326135635376,"['63eab619e6166eb6cab948028a7b89bf059dd878', 'e137f9fdbdb6bf3f85c3f7ac9323785e445844c8', 'a52a585d74894b3b4eeb8c784fa089ff95cddad0', 'f00a4d3e307b89842250358ee432e6800bb24362']",1.0,1.0,1.0,True,0.0,8192,False,4
"[""build"", ""ci"", ""test"", ""feat"", ""fix""]","[""build"", ""test"", ""ci"", ""refactor""]",1.0984609127044678,"['1269431c8a3e7549f10fcbbb4b88ff625c8898b3', '8ee0611fbf0cd89abe7ae588f22e6ecb843598ea', '45837af24a33308a70a3454f0f650f9fe728e272', '63eab619e6166eb6cab948028a7b89bf059dd878']",0.6,0.75,0.6666666666666665,False,0.4285714285714285,8192,False,4
"[""build"", ""docs"", ""feat""]","[""build"", ""docs"", ""feat"", ""fix""]",1.3990600109100342,"['37b1cbfd3d2c462ef4f2a131e4172c38dc8d9ddf', '6d405dfc1675dcad64a2dfac0c0cb0fb28381d21', 'b282e90e2cbb74559aab79eee8443a4d7c85502a', '2561f4ade46fc9d59f289f328cc77733a6443697']",1.0,0.75,0.8571428571428571,False,0.1428571428571428,8192,False,4
"[""build"", ""test"", ""ci"", ""feat"", ""refactor""]","[""build"", ""test"", ""ci"", ""feat""]",1.506699800491333,"['c55591ba157298a9c5816693c102a89dfd058830', '317f4eefecddfb1392ca71d551840f446feee302', 'c5fa7b80438fbd74f4c341f0d3c9bd9e0f4910da', '6ed56ce9ae743ba9a87e6c9643cc06b1de7b748d']",0.8,1.0,0.888888888888889,False,0.1428571428571428,8192,False,4
"[""fix"", ""build"", ""docs"", ""refactor""]","[""fix"", ""build"", ""docs"", ""refactor""]",1.1996018886566162,"['933ab6bb86372913c992567cf9660009900911a7', '5b81fde8a72cf2e69a10e9f5c4f0bea0a2b8c3e0', 'c2ee5cd5e709afd15c5565ee009a0d204403a119', '3cca5c314ad6feeffbfe1f14cf49ebd0fd9a95a2']",1.0,1.0,1.0,True,0.0,8192,False,4
"[""fix"", ""feat"", ""docs"", ""ci""]","[""fix"", ""feat"", ""docs"", ""ci""]",0.8621120452880859,"['933ab6bb86372913c992567cf9660009900911a7', 'dc5238b2bda98a7c4f2fe9584fc3b0191a408109', '036a0ff49a7dade0e04c9c07071a1ff49133ee24', 'e7a67d88173566be3cd3aed7e9eeb7e29aabbc57']",1.0,1.0,1.0,True,0.0,8192,False,4
"[""test"", ""fix"", ""feat"", ""refactor""]","[""docs"", ""fix"", ""feat"", ""refactor""]",1.0218167304992676,"['af880ac5b4fecbc6c4f3d1eee0d95f326e8bd9d1', 'c8e0ae8612df3d6f2831acc004aaac332f6105e4', 'f9a094918b62534614c47aa8a13f33aec751a1e0', '47ef9104e4a89e80d7cc6c1950bc080841da4a7b']",0.75,0.75,0.75,False,0.2857142857142857,8192,False,4
"[""fix"", ""feat"", ""ci"", ""build"", ""docs"", ""refactor""]","[""fix"", ""build"", ""feat"", ""ci""]",1.0068683624267578,"['d129eaf9125a967ac86c6c7276bbae6b4d50af36', '1269431c8a3e7549f10fcbbb4b88ff625c8898b3', 'e137f9fdbdb6bf3f85c3f7ac9323785e445844c8', '173553c0372e66e03bdab19e0e6c2dd44daa14a0']",0.6666666666666666,1.0,0.8,False,0.2857142857142857,8192,False,4
"[""feat"", ""refactor"", ""test"", ""build""]","[""feat"", ""refactor"", ""test"", ""build""]",0.9674849510192872,"['dc5238b2bda98a7c4f2fe9584fc3b0191a408109', '771857b1df9470ebc15357e8879118a72c649d5b', 'b7ce2894fd1794064bd6db4ed730bb6cb7728739', 'c323d59c607cabc91f17a78528d998f376f30b10']",1.0,1.0,1.0,True,0.0,8192,False,4
"[""build"", ""test"", ""ci"", ""fix"", ""refactor""]","[""build"", ""test"", ""ci"", ""fix""]",1.3981420993804932,"['5b81fde8a72cf2e69a10e9f5c4f0bea0a2b8c3e0', 'b7ce2894fd1794064bd6db4ed730bb6cb7728739', '74e9de5ec97dc013a52aa063dff0f40ac74c407b', 'd129eaf9125a967ac86c6c7276bbae6b4d50af36']",0.8,1.0,0.888888888888889,False,0.1428571428571428,8192,False,4
"[""test"", ""refactor"", ""build"", ""docs"", ""ci""]","[""docs"", ""feat"", ""build"", ""ci""]",0.7756979465484619,"['af880ac5b4fecbc6c4f3d1eee0d95f326e8bd9d1', 'ded26d768ff432ad3bde3c0aa1e95ce50726100a', '454003841aabeb74396d73541378bfa59c75b5db', '4cbbd2552ba0de273e1dfe7d453c5b3efed751a3']",0.6,0.75,0.6666666666666665,False,0.4285714285714285,8192,False,4
"[""docs"", ""feat"", ""build"", ""ci""]","[""docs"", ""refactor"", ""ci"", ""build""]",1.4334962368011477,"['036a0ff49a7dade0e04c9c07071a1ff49133ee24', '535708ae50aecb452560a23356fd396f99ef13a2', 'e7a67d88173566be3cd3aed7e9eeb7e29aabbc57', 'c55591ba157298a9c5816693c102a89dfd058830']",0.75,0.75,0.75,False,0.2857142857142857,8192,False,4
"[""docs"", ""ci"", ""refactor""]","[""refactor"", ""ci"", ""fix"", ""docs""]",0.9073400497436525,"['2954a0955ce9af6acb345ed1e8328e145ad30475', '6c9cb638cb4d1ecc42632fcf389c24898c5b3244', 'd1d55e787b7d07f763852602b9939a5394607fd9', '6d405dfc1675dcad64a2dfac0c0cb0fb28381d21']",1.0,0.75,0.8571428571428571,False,0.1428571428571428,8192,False,4
"[""test"", ""ci"", ""docs"", ""refactor""]","[""test"", ""ci"", ""docs"", ""feat""]",1.046717882156372,"['229b53a632ea97d47c4be11f096bdd828fb415d8', '4cbbd2552ba0de273e1dfe7d453c5b3efed751a3', 'bf83c9155e9bee6925aa7102fab53fb803d52533', 'ded26d768ff432ad3bde3c0aa1e95ce50726100a']",0.75,0.75,0.75,False,0.2857142857142857,8192,False,4
"[""refactor"", ""fix"", ""test"", ""feat""]","[""refactor"", ""fix"", ""test"", ""feat""]",1.0491862297058103,"['47ef9104e4a89e80d7cc6c1950bc080841da4a7b', '9ef5c0d14193a9abb09b39856f58477d1f4b0d77', 'b7ce2894fd1794064bd6db4ed730bb6cb7728739', '1bcf88670b50155b50071e707f98f30cea0b7a24']",1.0,1.0,1.0,True,0.0,8192,False,4
"[""ci"", ""feat"", ""refactor"", ""docs""]","[""docs"", ""feat"", ""ci"", ""refactor""]",1.042690992355347,"['e12d9e77a6fd531a22325337838a841b1c67f00d', 'fd8e563cc19ca4684885d4692acee6bebcca4ada', '173553c0372e66e03bdab19e0e6c2dd44daa14a0', '535708ae50aecb452560a23356fd396f99ef13a2']",1.0,1.0,1.0,True,0.0,8192,False,4
"[""test"", ""feat"", ""ci"", ""build""]","[""refactor"", ""feat"", ""docs"", ""ci""]",1.0694568157196045,"['1db13ec43727aca872a0f3836e4023ed85db665e', 'b282e90e2cbb74559aab79eee8443a4d7c85502a', 'e12d9e77a6fd531a22325337838a841b1c67f00d', '74e9de5ec97dc013a52aa063dff0f40ac74c407b']",0.5,0.5,0.5,False,0.5714285714285714,8192,False,4
"[""docs"", ""ci"", ""refactor"", ""test""]","[""docs"", ""ci"", ""refactor"", ""test""]",1.0244219303131104,"['aca23027da1295c78fdf42ba9687d8ccc88784d7', '74e9de5ec97dc013a52aa063dff0f40ac74c407b', '2954a0955ce9af6acb345ed1e8328e145ad30475', 'f411e58cd510f8a2b980b2f1932003a0c0e9f8f3']",1.0,1.0,1.0,True,0.0,8192,False,4
"[""test"", ""docs"", ""ci"", ""fix""]","[""test"", ""docs"", ""ci"", ""fix""]",0.9333231449127196,"['b7ce2894fd1794064bd6db4ed730bb6cb7728739', 'af880ac5b4fecbc6c4f3d1eee0d95f326e8bd9d1', '6c9cb638cb4d1ecc42632fcf389c24898c5b3244', 'd129eaf9125a967ac86c6c7276bbae6b4d50af36']",1.0,1.0,1.0,True,0.0,8192,False,4
"[""ci"", ""fix"", ""build"", ""feat"", ""test"", ""docs""]","[""ci"", ""refactor"", ""test"", ""docs""]",1.1599481105804443,"['e7a67d88173566be3cd3aed7e9eeb7e29aabbc57', '36556bf8e0bce4ab6d26eafacbdad04d9614a5d7', '8ee0611fbf0cd89abe7ae588f22e6ecb843598ea', 'c2ee5cd5e709afd15c5565ee009a0d204403a119']",0.5,0.75,0.6,False,0.5714285714285714,8192,False,4
"[""docs"", ""test"", ""build""]","[""docs"", ""feat"", ""test"", ""build""]",1.0450489521026611,"['0cfc5633d37ea06f645649138323f1820e18bdee', 'fd8e563cc19ca4684885d4692acee6bebcca4ada', 'e9617f0854030e70365eb264bcb3b58078e79e9e', '1269431c8a3e7549f10fcbbb4b88ff625c8898b3']",1.0,0.75,0.8571428571428571,False,0.1428571428571428,8192,False,4
"[""refactor"", ""test"", ""fix""]","[""refactor"", ""feat"", ""test"", ""fix""]",1.2127189636230469,"['47ef9104e4a89e80d7cc6c1950bc080841da4a7b', 'b282e90e2cbb74559aab79eee8443a4d7c85502a', 'e0198f74b81da3663144cfe1d971939319f82a0f', 'bed78248c941d57ad4cc20a455147e186e97c7a1']",1.0,0.75,0.8571428571428571,False,0.1428571428571428,8192,False,4
"[""build"", ""ci"", ""fix"", ""refactor""]","[""build"", ""ci"", ""fix"", ""refactor""]",1.0415630340576172,"['454003841aabeb74396d73541378bfa59c75b5db', '173553c0372e66e03bdab19e0e6c2dd44daa14a0', 'd129eaf9125a967ac86c6c7276bbae6b4d50af36', '63eab619e6166eb6cab948028a7b89bf059dd878']",1.0,1.0,1.0,True,0.0,8192,False,4
"[""docs"", ""test"", ""build"", ""refactor"", ""feat""]","[""test"", ""refactor"", ""docs"", ""feat""]",0.9523210525512696,"['e9617f0854030e70365eb264bcb3b58078e79e9e', '2954a0955ce9af6acb345ed1e8328e145ad30475', 'c2ee5cd5e709afd15c5565ee009a0d204403a119', '6ed56ce9ae743ba9a87e6c9643cc06b1de7b748d']",0.8,1.0,0.888888888888889,False,0.1428571428571428,8192,False,4
"[""build"", ""docs"", ""ci"", ""fix""]","[""build"", ""refactor"", ""fix"", ""ci""]",0.7647249698638916,"['454003841aabeb74396d73541378bfa59c75b5db', 'a62314d9bb632be6af026686615d14b912250512', '06e2be4e2019b6fa714e1fcb34485860ef1ede79', '4cbbd2552ba0de273e1dfe7d453c5b3efed751a3']",0.75,0.75,0.75,False,0.2857142857142857,8192,False,4
"[""feat"", ""refactor"", ""test"", ""docs"", ""ci""]","[""feat"", ""test"", ""refactor"", ""ci""]",1.0404369831085205,"['b282e90e2cbb74559aab79eee8443a4d7c85502a', 'e2e8ad25854bd1e7cdbc7f50b50bbd99e04ad47d', '63eab619e6166eb6cab948028a7b89bf059dd878', '6c9cb638cb4d1ecc42632fcf389c24898c5b3244']",0.8,1.0,0.888888888888889,False,0.1428571428571428,8192,False,4
"[""docs"", ""test"", ""refactor""]","[""docs"", ""fix"", ""test"", ""refactor""]",1.065782070159912,"['0cfc5633d37ea06f645649138323f1820e18bdee', 'd1d55e787b7d07f763852602b9939a5394607fd9', 'e2e8ad25854bd1e7cdbc7f50b50bbd99e04ad47d', '062daa45cbd5dba6e96e95d8cdcaee89ae30a83c']",1.0,0.75,0.8571428571428571,False,0.1428571428571428,8192,False,4
"[""refactor"", ""fix"", ""docs"", ""ci""]","[""refactor"", ""fix"", ""docs"", ""ci""]",1.0468857288360596,"['47ef9104e4a89e80d7cc6c1950bc080841da4a7b', 'd129eaf9125a967ac86c6c7276bbae6b4d50af36', '0cfc5633d37ea06f645649138323f1820e18bdee', '45837af24a33308a70a3454f0f650f9fe728e272']",1.0,1.0,1.0,True,0.0,8192,False,4
"[""refactor"", ""build"", ""test"", ""ci"", ""feat""]","[""fix"", ""build"", ""ci"", ""test""]",1.3994429111480713,"['bed78248c941d57ad4cc20a455147e186e97c7a1', '1269431c8a3e7549f10fcbbb4b88ff625c8898b3', '45837af24a33308a70a3454f0f650f9fe728e272', '8ee0611fbf0cd89abe7ae588f22e6ecb843598ea']",0.6,0.75,0.6666666666666665,False,0.4285714285714285,8192,False,4
"[""build"", ""refactor"", ""docs"", ""fix""]","[""build"", ""fix"", ""ci"", ""docs""]",4.565688610076904,"['454003841aabeb74396d73541378bfa59c75b5db', 'bed78248c941d57ad4cc20a455147e186e97c7a1', '45837af24a33308a70a3454f0f650f9fe728e272', 'c2ee5cd5e709afd15c5565ee009a0d204403a119']",0.75,0.75,0.75,False,0.2857142857142857,8192,False,4
"[""ci"", ""refactor"", ""docs""]","[""ci"", ""refactor"", ""fix"", ""docs""]",1.1470646858215332,"['dbb537a26e388a8d7d17faf131abc30c2f7a84e6', '3cca5c314ad6feeffbfe1f14cf49ebd0fd9a95a2', 'd1d55e787b7d07f763852602b9939a5394607fd9', '6d405dfc1675dcad64a2dfac0c0cb0fb28381d21']",1.0,0.75,0.8571428571428571,False,0.1428571428571428,8192,False,4
"[""docs"", ""ci"", ""refactor""]","[""fix"", ""ci"", ""docs"", ""refactor""]",5.739673137664795,"['2561f4ade46fc9d59f289f328cc77733a6443697', '6c9cb638cb4d1ecc42632fcf389c24898c5b3244', 'bf83c9155e9bee6925aa7102fab53fb803d52533', '771857b1df9470ebc15357e8879118a72c649d5b']",1.0,0.75,0.8571428571428571,False,0.1428571428571428,8192,False,4
"[""fix"", ""feat"", ""build"", ""docs""]","[""fix"", ""feat"", ""build"", ""docs""]",4.169052839279175,"['06e2be4e2019b6fa714e1fcb34485860ef1ede79', 'fd8e563cc19ca4684885d4692acee6bebcca4ada', '32b92cfa0b74a6c25990e32ac6aab12b8496794c', '6d405dfc1675dcad64a2dfac0c0cb0fb28381d21']",1.0,1.0,1.0,True,0.0,8192,False,4
"[""build"", ""ci"", ""test"", ""feat""]","[""build"", ""ci"", ""test"", ""feat""]",3.757910013198853,"['c55591ba157298a9c5816693c102a89dfd058830', '45837af24a33308a70a3454f0f650f9fe728e272', 'b7ce2894fd1794064bd6db4ed730bb6cb7728739', 'dc5238b2bda98a7c4f2fe9584fc3b0191a408109']",1.0,1.0,1.0,True,0.0,8192,False,4
"[""ci"", ""test"", ""refactor"", ""feat"", ""docs""]","[""ci"", ""docs"", ""feat"", ""test""]",4.350688934326172,"['173553c0372e66e03bdab19e0e6c2dd44daa14a0', 'e12d9e77a6fd531a22325337838a841b1c67f00d', 'f823cf28652987d43c8324b4f5b203240032383a', '229b53a632ea97d47c4be11f096bdd828fb415d8']",0.8,1.0,0.888888888888889,False,0.1428571428571428,8192,False,4
"[""fix"", ""docs"", ""ci"", ""test""]","[""refactor"", ""docs"", ""ci"", ""test""]",1.868515968322754,"['36556bf8e0bce4ab6d26eafacbdad04d9614a5d7', 'aca23027da1295c78fdf42ba9687d8ccc88784d7', 'dbb537a26e388a8d7d17faf131abc30c2f7a84e6', '229b53a632ea97d47c4be11f096bdd828fb415d8']",0.75,0.75,0.75,False,0.2857142857142857,8192,False,4
"[""docs"", ""test"", ""fix""]","[""docs"", ""refactor"", ""test"", ""fix""]",1.0156910419464111,"['0cfc5633d37ea06f645649138323f1820e18bdee', '1db13ec43727aca872a0f3836e4023ed85db665e', '229b53a632ea97d47c4be11f096bdd828fb415d8', '9be725fa3906323d4bc9788f54eccf74109d632b']",1.0,0.75,0.8571428571428571,False,0.1428571428571428,8192,False,4
"[""ci"", ""docs"", ""refactor"", ""test""]","[""ci"", ""docs"", ""refactor"", ""test""]",1.4243221282958984,"['c5fa7b80438fbd74f4c341f0d3c9bd9e0f4910da', 'bf83c9155e9bee6925aa7102fab53fb803d52533', '062daa45cbd5dba6e96e95d8cdcaee89ae30a83c', 'bedc7950b24c37809e36a585b7985d5aa5e3e458']",1.0,1.0,1.0,True,0.0,8192,False,4
"[""fix"", ""docs"", ""ci"", ""feat""]","[""fix"", ""docs"", ""ci"", ""feat""]",1.183804988861084,"['9be725fa3906323d4bc9788f54eccf74109d632b', '036a0ff49a7dade0e04c9c07071a1ff49133ee24', '45837af24a33308a70a3454f0f650f9fe728e272', 'f823cf28652987d43c8324b4f5b203240032383a']",1.0,1.0,1.0,True,0.0,8192,False,4
"[""docs"", ""test"", ""build"", ""refactor""]","[""docs"", ""test"", ""build"", ""feat""]",1.6020548343658447,"['bf83c9155e9bee6925aa7102fab53fb803d52533', 'e0198f74b81da3663144cfe1d971939319f82a0f', 'f00a4d3e307b89842250358ee432e6800bb24362', 'ded26d768ff432ad3bde3c0aa1e95ce50726100a']",0.75,0.75,0.75,False,0.2857142857142857,8192,False,4
"[""docs"", ""test"", ""refactor""]","[""docs"", ""refactor"", ""test"", ""fix""]",1.3515198230743408,"['aca23027da1295c78fdf42ba9687d8ccc88784d7', '1db13ec43727aca872a0f3836e4023ed85db665e', 'f411e58cd510f8a2b980b2f1932003a0c0e9f8f3', '2561f4ade46fc9d59f289f328cc77733a6443697']",1.0,0.75,0.8571428571428571,False,0.1428571428571428,8192,False,4
"[""test"", ""build"", ""feat"", ""docs"", ""ci""]","[""test"", ""feat"", ""docs"", ""ci""]",0.8361709117889404,"['e0198f74b81da3663144cfe1d971939319f82a0f', 'f823cf28652987d43c8324b4f5b203240032383a', 'aca23027da1295c78fdf42ba9687d8ccc88784d7', 'e96487ad7ce90b141219d9032fa2bed68d5dae6a']",0.8,1.0,0.888888888888889,False,0.1428571428571428,8192,False,4
"[""feat"", ""build"", ""refactor"", ""docs""]","[""refactor"", ""build"", ""feat"", ""docs""]",1.620492935180664,"['63eab619e6166eb6cab948028a7b89bf059dd878', '32b92cfa0b74a6c25990e32ac6aab12b8496794c', 'fd8e563cc19ca4684885d4692acee6bebcca4ada', 'a52a585d74894b3b4eeb8c784fa089ff95cddad0']",1.0,1.0,1.0,True,0.0,8192,False,4
"[""build"", ""test"", ""fix"", ""feat""]","[""build"", ""fix"", ""test"", ""feat""]",0.9264888763427734,"['37b1cbfd3d2c462ef4f2a131e4172c38dc8d9ddf', 'c8e0ae8612df3d6f2831acc004aaac332f6105e4', 'c7b25726df94a2530c9b1c0d2b6a0acaa103822f', '1bcf88670b50155b50071e707f98f30cea0b7a24']",1.0,1.0,1.0,True,0.0,8192,False,4
"[""refactor"", ""build"", ""ci"", ""docs""]","[""refactor"", ""ci"", ""docs"", ""build""]",0.7825238704681396,"['771857b1df9470ebc15357e8879118a72c649d5b', '6c9cb638cb4d1ecc42632fcf389c24898c5b3244', '6d405dfc1675dcad64a2dfac0c0cb0fb28381d21', '454003841aabeb74396d73541378bfa59c75b5db']",1.0,1.0,1.0,True,0.0,8192,False,4
"[""fix"", ""docs"", ""feat"", ""ci"", ""test""]","[""fix"", ""docs"", ""refactor"", ""ci"", ""test""]",0.7740318775177002,"['9be725fa3906323d4bc9788f54eccf74109d632b', 'bf83c9155e9bee6925aa7102fab53fb803d52533', '535708ae50aecb452560a23356fd396f99ef13a2', '4cbbd2552ba0de273e1dfe7d453c5b3efed751a3', 'bedc7950b24c37809e36a585b7985d5aa5e3e458']",0.8,0.8,0.8000000000000002,False,0.2857142857142857,8192,False,5
"[""test"", ""docs"", ""refactor"", ""build"", ""feat""]","[""test"", ""docs"", ""refactor"", ""build"", ""feat""]",1.0390429496765137,"['229b53a632ea97d47c4be11f096bdd828fb415d8', 'bf83c9155e9bee6925aa7102fab53fb803d52533', '062daa45cbd5dba6e96e95d8cdcaee89ae30a83c', 'e4a11fd5c34942ba12737f1c8c084489428ee274', 'fd8e563cc19ca4684885d4692acee6bebcca4ada']",1.0,1.0,1.0,True,0.0,8192,False,5
"[""test"", ""ci"", ""build"", ""refactor""]","[""test"", ""ci"", ""fix"", ""build"", ""refactor""]",1.096411943435669,"['317f4eefecddfb1392ca71d551840f446feee302', 'e7a67d88173566be3cd3aed7e9eeb7e29aabbc57', 'd1d55e787b7d07f763852602b9939a5394607fd9', 'f00a4d3e307b89842250358ee432e6800bb24362', '771857b1df9470ebc15357e8879118a72c649d5b']",1.0,0.8,0.888888888888889,False,0.1428571428571428,8192,False,5
"[""ci"", ""refactor"", ""test""]","[""ci"", ""refactor"", ""build"", ""test"", ""fix""]",1.1504619121551514,"['e7a67d88173566be3cd3aed7e9eeb7e29aabbc57', '47ef9104e4a89e80d7cc6c1950bc080841da4a7b', '5b81fde8a72cf2e69a10e9f5c4f0bea0a2b8c3e0', 'bedc7950b24c37809e36a585b7985d5aa5e3e458', '9ef5c0d14193a9abb09b39856f58477d1f4b0d77']",1.0,0.6,0.7499999999999999,False,0.2857142857142857,8192,False,5
"[""build"", ""refactor"", ""feat"", ""docs""]","[""build"", ""fix"", ""feat"", ""refactor"", ""docs""]",0.8264999389648438,"['e4a11fd5c34942ba12737f1c8c084489428ee274', '9ef5c0d14193a9abb09b39856f58477d1f4b0d77', 'dc5238b2bda98a7c4f2fe9584fc3b0191a408109', '771857b1df9470ebc15357e8879118a72c649d5b', 'c2ee5cd5e709afd15c5565ee009a0d204403a119']",1.0,0.8,0.888888888888889,False,0.1428571428571428,8192,False,5
"[""docs"", ""test"", ""build"", ""fix"", ""feat""]","[""docs"", ""test"", ""build"", ""fix"", ""feat""]",1.776297092437744,"['bf83c9155e9bee6925aa7102fab53fb803d52533', '229b53a632ea97d47c4be11f096bdd828fb415d8', 'c55591ba157298a9c5816693c102a89dfd058830', '06e2be4e2019b6fa714e1fcb34485860ef1ede79', 'f823cf28652987d43c8324b4f5b203240032383a']",1.0,1.0,1.0,True,0.0,8192,False,5
"[""ci"", ""build"", ""fix"", ""test""]","[""ci"", ""build"", ""fix"", ""test"", ""feat""]",0.9275319576263428,"['e7a67d88173566be3cd3aed7e9eeb7e29aabbc57', 'c55591ba157298a9c5816693c102a89dfd058830', 'd129eaf9125a967ac86c6c7276bbae6b4d50af36', '229b53a632ea97d47c4be11f096bdd828fb415d8', '1bcf88670b50155b50071e707f98f30cea0b7a24']",1.0,0.8,0.888888888888889,False,0.1428571428571428,8192,False,5
"[""refactor"", ""test"", ""build"", ""ci"", ""fix""]","[""fix"", ""test"", ""build"", ""ci"", ""refactor""]",1.0345869064331057,"['2561f4ade46fc9d59f289f328cc77733a6443697', 'b7ce2894fd1794064bd6db4ed730bb6cb7728739', '1269431c8a3e7549f10fcbbb4b88ff625c8898b3', 'e96487ad7ce90b141219d9032fa2bed68d5dae6a', '36556bf8e0bce4ab6d26eafacbdad04d9614a5d7']",1.0,1.0,1.0,True,0.0,8192,False,5
"[""docs"", ""ci"", ""feat"", ""test"", ""fix""]","[""docs"", ""ci"", ""refactor"", ""test"", ""fix""]",0.9984357357025146,"['bf83c9155e9bee6925aa7102fab53fb803d52533', 'e7a67d88173566be3cd3aed7e9eeb7e29aabbc57', '535708ae50aecb452560a23356fd396f99ef13a2', 'c7b25726df94a2530c9b1c0d2b6a0acaa103822f', '06e2be4e2019b6fa714e1fcb34485860ef1ede79']",0.8,0.8,0.8000000000000002,False,0.2857142857142857,8192,False,5
"[""fix"", ""docs"", ""build"", ""feat""]","[""refactor"", ""docs"", ""build"", ""feat"", ""fix""]",1.097088098526001,"['36556bf8e0bce4ab6d26eafacbdad04d9614a5d7', 'c2ee5cd5e709afd15c5565ee009a0d204403a119', 'c55591ba157298a9c5816693c102a89dfd058830', '68278b00450f2679761a2999500f6d87a579376b', '9ef5c0d14193a9abb09b39856f58477d1f4b0d77']",1.0,0.8,0.888888888888889,False,0.1428571428571428,8192,False,5
"[""refactor"", ""build"", ""ci"", ""test""]","[""feat"", ""build"", ""fix"", ""ci"", ""test""]",0.9674179553985596,"['ded26d768ff432ad3bde3c0aa1e95ce50726100a', 'c323d59c607cabc91f17a78528d998f376f30b10', '2561f4ade46fc9d59f289f328cc77733a6443697', '45837af24a33308a70a3454f0f650f9fe728e272', 'e0198f74b81da3663144cfe1d971939319f82a0f']",0.75,0.6,0.6666666666666665,False,0.4285714285714285,8192,False,5
"[""ci"", ""docs"", ""build"", ""test"", ""feat""]","[""ci"", ""refactor"", ""test"", ""feat"", ""fix""]",0.7211699485778809,"['e96487ad7ce90b141219d9032fa2bed68d5dae6a', 'a62314d9bb632be6af026686615d14b912250512', 'c7b25726df94a2530c9b1c0d2b6a0acaa103822f', '6ed56ce9ae743ba9a87e6c9643cc06b1de7b748d', '9ef5c0d14193a9abb09b39856f58477d1f4b0d77']",0.6,0.6,0.6,False,0.5714285714285714,8192,False,5
"[""build"", ""ci"", ""docs"", ""fix""]","[""build"", ""refactor"", ""ci"", ""docs"", ""fix""]",0.9305140972137452,"['c55591ba157298a9c5816693c102a89dfd058830', '63eab619e6166eb6cab948028a7b89bf059dd878', 'c5fa7b80438fbd74f4c341f0d3c9bd9e0f4910da', '036a0ff49a7dade0e04c9c07071a1ff49133ee24', '9be725fa3906323d4bc9788f54eccf74109d632b']",1.0,0.8,0.888888888888889,False,0.1428571428571428,8192,False,5
"[""docs"", ""ci"", ""refactor"", ""feat"", ""fix""]","[""docs"", ""ci"", ""refactor"", ""build"", ""feat""]",1.6523079872131348,"['bf83c9155e9bee6925aa7102fab53fb803d52533', '173553c0372e66e03bdab19e0e6c2dd44daa14a0', '535708ae50aecb452560a23356fd396f99ef13a2', '1269431c8a3e7549f10fcbbb4b88ff625c8898b3', 'f823cf28652987d43c8324b4f5b203240032383a']",0.8,0.8,0.8000000000000002,False,0.2857142857142857,8192,False,5
"[""test"", ""feat"", ""refactor"", ""docs""]","[""test"", ""feat"", ""refactor"", ""fix"", ""docs""]",1.1249268054962158,"['bedc7950b24c37809e36a585b7985d5aa5e3e458', 'fd8e563cc19ca4684885d4692acee6bebcca4ada', '062daa45cbd5dba6e96e95d8cdcaee89ae30a83c', 'c8e0ae8612df3d6f2831acc004aaac332f6105e4', '036a0ff49a7dade0e04c9c07071a1ff49133ee24']",1.0,0.8,0.888888888888889,False,0.1428571428571428,8192,False,5
"[""docs"", ""build"", ""ci"", ""refactor"", ""test"", ""fix""]","[""docs"", ""build"", ""ci"", ""fix"", ""test""]",0.8027353286743164,"['c2ee5cd5e709afd15c5565ee009a0d204403a119', '1269431c8a3e7549f10fcbbb4b88ff625c8898b3', 'e7a67d88173566be3cd3aed7e9eeb7e29aabbc57', 'bed78248c941d57ad4cc20a455147e186e97c7a1', 'e9617f0854030e70365eb264bcb3b58078e79e9e']",0.8333333333333334,1.0,0.9090909090909092,False,0.1428571428571428,8192,False,5
"[""fix"", ""refactor"", ""ci"", ""docs"", ""test"", ""build""]","[""refactor"", ""ci"", ""docs"", ""test"", ""build""]",0.9469521045684814,"['3cca5c314ad6feeffbfe1f14cf49ebd0fd9a95a2', 'dbb537a26e388a8d7d17faf131abc30c2f7a84e6', 'e12d9e77a6fd531a22325337838a841b1c67f00d', 'c7b25726df94a2530c9b1c0d2b6a0acaa103822f', '37b1cbfd3d2c462ef4f2a131e4172c38dc8d9ddf']",0.8333333333333334,1.0,0.9090909090909092,False,0.1428571428571428,8192,False,5
"[""test"", ""ci"", ""fix"", ""refactor""]","[""test"", ""feat"", ""ci"", ""refactor"", ""fix""]",1.0451879501342771,"['229b53a632ea97d47c4be11f096bdd828fb415d8', 'b282e90e2cbb74559aab79eee8443a4d7c85502a', 'dbb537a26e388a8d7d17faf131abc30c2f7a84e6', '3cca5c314ad6feeffbfe1f14cf49ebd0fd9a95a2', '933ab6bb86372913c992567cf9660009900911a7']",1.0,0.8,0.888888888888889,False,0.1428571428571428,8192,False,5
"[""build"", ""ci"", ""fix"", ""test"", ""docs""]","[""build"", ""fix"", ""ci"", ""refactor"", ""docs""]",1.2264540195465088,"['37b1cbfd3d2c462ef4f2a131e4172c38dc8d9ddf', '06e2be4e2019b6fa714e1fcb34485860ef1ede79', 'c5fa7b80438fbd74f4c341f0d3c9bd9e0f4910da', '1db13ec43727aca872a0f3836e4023ed85db665e', 'a52a585d74894b3b4eeb8c784fa089ff95cddad0']",0.8,0.8,0.8000000000000002,False,0.2857142857142857,8192,False,5
"[""build"", ""docs"", ""ci"", ""test"", ""feat""]","[""build"", ""docs"", ""ci"", ""test"", ""feat""]",2.129404067993164,"['c44cf88a6ec54e5ddd99d8348bcc57b301ec7945', '6d405dfc1675dcad64a2dfac0c0cb0fb28381d21', 'e7a67d88173566be3cd3aed7e9eeb7e29aabbc57', 'f411e58cd510f8a2b980b2f1932003a0c0e9f8f3', 'f823cf28652987d43c8324b4f5b203240032383a']",1.0,1.0,1.0,True,0.0,8192,False,5
"[""feat"", ""fix"", ""refactor"", ""build"", ""test""]","[""feat"", ""fix"", ""refactor"", ""build"", ""test""]",0.9769742488861084,"['f823cf28652987d43c8324b4f5b203240032383a', 'c8e0ae8612df3d6f2831acc004aaac332f6105e4', '47ef9104e4a89e80d7cc6c1950bc080841da4a7b', 'e4a11fd5c34942ba12737f1c8c084489428ee274', 'c7b25726df94a2530c9b1c0d2b6a0acaa103822f']",1.0,1.0,1.0,True,0.0,8192,False,5
"[""refactor"", ""build"", ""ci"", ""docs"", ""test""]","[""refactor"", ""build"", ""ci"", ""docs"", ""test""]",1.142315149307251,"['1db13ec43727aca872a0f3836e4023ed85db665e', '32b92cfa0b74a6c25990e32ac6aab12b8496794c', 'e96487ad7ce90b141219d9032fa2bed68d5dae6a', '6d405dfc1675dcad64a2dfac0c0cb0fb28381d21', 'e2e8ad25854bd1e7cdbc7f50b50bbd99e04ad47d']",1.0,1.0,1.0,True,0.0,8192,False,5
"[""build"", ""test"", ""ci"", ""fix""]","[""build"", ""test"", ""refactor"", ""ci"", ""fix""]",0.965472936630249,"['37b1cbfd3d2c462ef4f2a131e4172c38dc8d9ddf', 'f411e58cd510f8a2b980b2f1932003a0c0e9f8f3', '1db13ec43727aca872a0f3836e4023ed85db665e', 'c5fa7b80438fbd74f4c341f0d3c9bd9e0f4910da', 'd129eaf9125a967ac86c6c7276bbae6b4d50af36']",1.0,0.8,0.888888888888889,False,0.1428571428571428,8192,False,5
"[""build"", ""test"", ""docs"", ""ci"", ""refactor"", ""fix""]","[""build"", ""docs"", ""ci"", ""test"", ""fix""]",0.9916040897369384,"['c55591ba157298a9c5816693c102a89dfd058830', 'a52a585d74894b3b4eeb8c784fa089ff95cddad0', '6c9cb638cb4d1ecc42632fcf389c24898c5b3244', 'c7b25726df94a2530c9b1c0d2b6a0acaa103822f', 'bed78248c941d57ad4cc20a455147e186e97c7a1']",0.8333333333333334,1.0,0.9090909090909092,False,0.1428571428571428,8192,False,5
"[""fix"", ""ci"", ""build"", ""refactor"", ""feat"", ""test""]","[""fix"", ""ci"", ""feat"", ""build"", ""refactor""]",1.952109098434448,"['9ef5c0d14193a9abb09b39856f58477d1f4b0d77', 'dbb537a26e388a8d7d17faf131abc30c2f7a84e6', '6ed56ce9ae743ba9a87e6c9643cc06b1de7b748d', 'e4a11fd5c34942ba12737f1c8c084489428ee274', '1db13ec43727aca872a0f3836e4023ed85db665e']",0.8333333333333334,1.0,0.9090909090909092,False,0.1428571428571428,8192,False,5
"[""refactor"", ""build"", ""feat"", ""test""]","[""fix"", ""build"", ""refactor"", ""feat"", ""test""]",1.5564258098602295,"['bed78248c941d57ad4cc20a455147e186e97c7a1', 'e4a11fd5c34942ba12737f1c8c084489428ee274', '062daa45cbd5dba6e96e95d8cdcaee89ae30a83c', 'f823cf28652987d43c8324b4f5b203240032383a', 'c7b25726df94a2530c9b1c0d2b6a0acaa103822f']",1.0,0.8,0.888888888888889,False,0.1428571428571428,8192,False,5
"[""feat"", ""test"", ""docs"", ""build"", ""refactor""]","[""fix"", ""test"", ""feat"", ""docs"", ""build""]",1.2033262252807615,"['87d5d4e55ab7149b593d29410f1fe426ba2447d4', 'bedc7950b24c37809e36a585b7985d5aa5e3e458', 'ded26d768ff432ad3bde3c0aa1e95ce50726100a', 'a52a585d74894b3b4eeb8c784fa089ff95cddad0', 'c323d59c607cabc91f17a78528d998f376f30b10']",0.8,0.8,0.8000000000000002,False,0.2857142857142857,8192,False,5
"[""build"", ""test"", ""feat"", ""fix""]","[""test"", ""docs"", ""feat"", ""build"", ""fix""]",0.9048910140991212,"['8ee0611fbf0cd89abe7ae588f22e6ecb843598ea', 'c2ee5cd5e709afd15c5565ee009a0d204403a119', 'fd8e563cc19ca4684885d4692acee6bebcca4ada', '1269431c8a3e7549f10fcbbb4b88ff625c8898b3', '06e2be4e2019b6fa714e1fcb34485860ef1ede79']",1.0,0.8,0.888888888888889,False,0.1428571428571428,8192,False,5
"[""docs"", ""test"", ""build"", ""feat"", ""refactor""]","[""docs"", ""feat"", ""build"", ""refactor"", ""test""]",0.8921298980712891,"['a52a585d74894b3b4eeb8c784fa089ff95cddad0', 'f9a094918b62534614c47aa8a13f33aec751a1e0', '1269431c8a3e7549f10fcbbb4b88ff625c8898b3', '535708ae50aecb452560a23356fd396f99ef13a2', 'e0198f74b81da3663144cfe1d971939319f82a0f']",1.0,1.0,1.0,True,0.0,8192,False,5
"[""fix"", ""feat"", ""test"", ""refactor"", ""build""]","[""fix"", ""feat"", ""test"", ""refactor"", ""build""]",1.2460010051727295,"['d129eaf9125a967ac86c6c7276bbae6b4d50af36', '68278b00450f2679761a2999500f6d87a579376b', 'e2e8ad25854bd1e7cdbc7f50b50bbd99e04ad47d', '771857b1df9470ebc15357e8879118a72c649d5b', 'f00a4d3e307b89842250358ee432e6800bb24362']",1.0,1.0,1.0,True,0.0,8192,False,5
"[""fix"", ""build"", ""refactor"", ""test"", ""docs""]","[""fix"", ""build"", ""refactor"", ""test"", ""docs""]",1.558548927307129,"['933ab6bb86372913c992567cf9660009900911a7', '37b1cbfd3d2c462ef4f2a131e4172c38dc8d9ddf', '1db13ec43727aca872a0f3836e4023ed85db665e', 'c7b25726df94a2530c9b1c0d2b6a0acaa103822f', 'e12d9e77a6fd531a22325337838a841b1c67f00d']",1.0,1.0,1.0,True,0.0,8192,False,5
"[""fix"", ""ci"", ""docs"", ""build"", ""feat""]","[""fix"", ""ci"", ""docs"", ""build"", ""feat""]",0.9725010395050048,"['06e2be4e2019b6fa714e1fcb34485860ef1ede79', '4cbbd2552ba0de273e1dfe7d453c5b3efed751a3', 'cb1f48b56ae0de93acb72e48726c7d610a1d538e', 'c323d59c607cabc91f17a78528d998f376f30b10', 'f9a094918b62534614c47aa8a13f33aec751a1e0']",1.0,1.0,1.0,True,0.0,8192,False,5
"[""feat"", ""fix"", ""build"", ""docs""]","[""feat"", ""build"", ""refactor"", ""docs"", ""fix""]",0.7175343036651611,"['fd8e563cc19ca4684885d4692acee6bebcca4ada', 'f00a4d3e307b89842250358ee432e6800bb24362', '535708ae50aecb452560a23356fd396f99ef13a2', 'e12d9e77a6fd531a22325337838a841b1c67f00d', '9be725fa3906323d4bc9788f54eccf74109d632b']",1.0,0.8,0.888888888888889,False,0.1428571428571428,8192,False,5
"[""test"", ""docs"", ""refactor"", ""ci"", ""feat""]","[""test"", ""docs"", ""refactor"", ""ci"", ""feat""]",0.7754073143005371,"['229b53a632ea97d47c4be11f096bdd828fb415d8', 'bf83c9155e9bee6925aa7102fab53fb803d52533', '062daa45cbd5dba6e96e95d8cdcaee89ae30a83c', '32845e1bbd1efb5dbc16f671049509a409ba25ce', 'dc5238b2bda98a7c4f2fe9584fc3b0191a408109']",1.0,1.0,1.0,True,0.0,8192,False,5
"[""build"", ""docs"", ""refactor"", ""fix"", ""test""]","[""build"", ""docs"", ""fix"", ""test"", ""refactor""]",1.0109281539916992,"['454003841aabeb74396d73541378bfa59c75b5db', 'e12d9e77a6fd531a22325337838a841b1c67f00d', 'bed78248c941d57ad4cc20a455147e186e97c7a1', 'f411e58cd510f8a2b980b2f1932003a0c0e9f8f3', '062daa45cbd5dba6e96e95d8cdcaee89ae30a83c']",1.0,1.0,1.0,True,0.0,8192,False,5
"[""build"", ""ci"", ""docs"", ""test"", ""refactor""]","[""build"", ""ci"", ""docs"", ""test"", ""refactor""]",1.0983080863952637,"['5b81fde8a72cf2e69a10e9f5c4f0bea0a2b8c3e0', '74e9de5ec97dc013a52aa063dff0f40ac74c407b', 'a52a585d74894b3b4eeb8c784fa089ff95cddad0', 'e0198f74b81da3663144cfe1d971939319f82a0f', '062daa45cbd5dba6e96e95d8cdcaee89ae30a83c']",1.0,1.0,1.0,True,0.0,8192,False,5
"[""build"", ""ci"", ""docs"", ""refactor""]","[""build"", ""ci"", ""docs"", ""refactor"", ""fix""]",0.7689862251281738,"['32b92cfa0b74a6c25990e32ac6aab12b8496794c', '6c9cb638cb4d1ecc42632fcf389c24898c5b3244', 'aca23027da1295c78fdf42ba9687d8ccc88784d7', '47ef9104e4a89e80d7cc6c1950bc080841da4a7b', '2561f4ade46fc9d59f289f328cc77733a6443697']",1.0,0.8,0.888888888888889,False,0.1428571428571428,8192,False,5
"[""test"", ""docs"", ""fix"", ""feat"", ""build""]","[""test"", ""docs"", ""fix"", ""feat"", ""build""]",1.0458638668060305,"['e0198f74b81da3663144cfe1d971939319f82a0f', 'c2ee5cd5e709afd15c5565ee009a0d204403a119', '9ef5c0d14193a9abb09b39856f58477d1f4b0d77', 'f823cf28652987d43c8324b4f5b203240032383a', 'c44cf88a6ec54e5ddd99d8348bcc57b301ec7945']",1.0,1.0,1.0,True,0.0,8192,False,5
"[""fix"", ""refactor"", ""ci"", ""test"", ""build""]","[""refactor"", ""ci"", ""test"", ""build"", ""feat""]",0.8199870586395264,"['3cca5c314ad6feeffbfe1f14cf49ebd0fd9a95a2', '32845e1bbd1efb5dbc16f671049509a409ba25ce', 'e9617f0854030e70365eb264bcb3b58078e79e9e', '454003841aabeb74396d73541378bfa59c75b5db', 'fd8e563cc19ca4684885d4692acee6bebcca4ada']",0.8,0.8,0.8000000000000002,False,0.2857142857142857,8192,False,5
"[""refactor"", ""feat"", ""test"", ""build""]","[""refactor"", ""feat"", ""build"", ""fix"", ""test""]",1.2739830017089844,"['062daa45cbd5dba6e96e95d8cdcaee89ae30a83c', 'f823cf28652987d43c8324b4f5b203240032383a', 'c44cf88a6ec54e5ddd99d8348bcc57b301ec7945', '933ab6bb86372913c992567cf9660009900911a7', '8ee0611fbf0cd89abe7ae588f22e6ecb843598ea']",1.0,0.8,0.888888888888889,False,0.1428571428571428,8192,False,5
"[""fix"", ""test"", ""refactor"", ""docs"", ""feat"", ""ci""]","[""refactor"", ""test"", ""docs"", ""feat"", ""ci""]",1.1526131629943848,"['36556bf8e0bce4ab6d26eafacbdad04d9614a5d7', '317f4eefecddfb1392ca71d551840f446feee302', '036a0ff49a7dade0e04c9c07071a1ff49133ee24', 'e137f9fdbdb6bf3f85c3f7ac9323785e445844c8', 'e7a67d88173566be3cd3aed7e9eeb7e29aabbc57']",0.8333333333333334,1.0,0.9090909090909092,False,0.1428571428571428,8192,False,5
"[""test"", ""ci"", ""build"", ""refactor"", ""feat""]","[""test"", ""ci"", ""refactor"", ""feat"", ""fix""]",0.9377288818359376,"['e0198f74b81da3663144cfe1d971939319f82a0f', '173553c0372e66e03bdab19e0e6c2dd44daa14a0', '062daa45cbd5dba6e96e95d8cdcaee89ae30a83c', 'f823cf28652987d43c8324b4f5b203240032383a', 'bed78248c941d57ad4cc20a455147e186e97c7a1']",0.8,0.8,0.8000000000000002,False,0.2857142857142857,8192,False,5
"[""ci"", ""fix"", ""refactor"", ""test"", ""feat""]","[""ci"", ""refactor"", ""docs"", ""fix"", ""feat""]",0.939424991607666,"['32845e1bbd1efb5dbc16f671049509a409ba25ce', '63eab619e6166eb6cab948028a7b89bf059dd878', 'af880ac5b4fecbc6c4f3d1eee0d95f326e8bd9d1', '9be725fa3906323d4bc9788f54eccf74109d632b', 'fd8e563cc19ca4684885d4692acee6bebcca4ada']",0.8,0.8,0.8000000000000002,False,0.2857142857142857,8192,False,5
"[""docs"", ""fix"", ""refactor"", ""test"", ""build""]","[""docs"", ""refactor"", ""fix"", ""test"", ""build""]",0.8325450420379639,"['bf83c9155e9bee6925aa7102fab53fb803d52533', '3cca5c314ad6feeffbfe1f14cf49ebd0fd9a95a2', '2561f4ade46fc9d59f289f328cc77733a6443697', '317f4eefecddfb1392ca71d551840f446feee302', '454003841aabeb74396d73541378bfa59c75b5db']",1.0,1.0,1.0,True,0.0,8192,False,5
"[""test"", ""ci"", ""docs"", ""refactor"", ""fix""]","[""test"", ""ci"", ""fix"", ""docs"", ""refactor""]",1.1002681255340576,"['317f4eefecddfb1392ca71d551840f446feee302', '32845e1bbd1efb5dbc16f671049509a409ba25ce', 'c8e0ae8612df3d6f2831acc004aaac332f6105e4', '6d405dfc1675dcad64a2dfac0c0cb0fb28381d21', '062daa45cbd5dba6e96e95d8cdcaee89ae30a83c']",1.0,1.0,1.0,True,0.0,8192,False,5
"[""build"", ""ci"", ""test"", ""docs"", ""feat""]","[""build"", ""ci"", ""test"", ""docs"", ""feat""]",1.7343297004699707,"['c55591ba157298a9c5816693c102a89dfd058830', 'dbb537a26e388a8d7d17faf131abc30c2f7a84e6', 'e0198f74b81da3663144cfe1d971939319f82a0f', '0cfc5633d37ea06f645649138323f1820e18bdee', 'dc5238b2bda98a7c4f2fe9584fc3b0191a408109']",1.0,1.0,1.0,True,0.0,8192,False,5
"[""feat"", ""fix"", ""test"", ""refactor"", ""ci""]","[""refactor"", ""feat"", ""test"", ""fix"", ""ci""]",0.9730188846588136,"['535708ae50aecb452560a23356fd396f99ef13a2', 'dc5238b2bda98a7c4f2fe9584fc3b0191a408109', 'e2e8ad25854bd1e7cdbc7f50b50bbd99e04ad47d', '2561f4ade46fc9d59f289f328cc77733a6443697', 'c5fa7b80438fbd74f4c341f0d3c9bd9e0f4910da']",1.0,1.0,1.0,True,0.0,8192,False,5
"[""ci"", ""build"", ""test"", ""refactor""]","[""ci"", ""docs"", ""refactor"", ""build"", ""test""]",1.0432460308074951,"['c5fa7b80438fbd74f4c341f0d3c9bd9e0f4910da', 'af880ac5b4fecbc6c4f3d1eee0d95f326e8bd9d1', '47ef9104e4a89e80d7cc6c1950bc080841da4a7b', '37b1cbfd3d2c462ef4f2a131e4172c38dc8d9ddf', 'c7b25726df94a2530c9b1c0d2b6a0acaa103822f']",1.0,0.8,0.888888888888889,False,0.1428571428571428,8192,False,5
"[""build"", ""docs"", ""refactor"", ""test"", ""feat""]","[""build"", ""docs"", ""refactor"", ""test"", ""feat""]",1.281602144241333,"['454003841aabeb74396d73541378bfa59c75b5db', 'aca23027da1295c78fdf42ba9687d8ccc88784d7', '771857b1df9470ebc15357e8879118a72c649d5b', 'bedc7950b24c37809e36a585b7985d5aa5e3e458', 'e137f9fdbdb6bf3f85c3f7ac9323785e445844c8']",1.0,1.0,1.0,True,0.0,8192,False,5
"[""ci"", ""refactor"", ""fix"", ""docs"", ""test""]","[""ci"", ""feat"", ""fix"", ""docs"", ""test""]",1.5762510299682615,"['74e9de5ec97dc013a52aa063dff0f40ac74c407b', 'ded26d768ff432ad3bde3c0aa1e95ce50726100a', '9be725fa3906323d4bc9788f54eccf74109d632b', 'a52a585d74894b3b4eeb8c784fa089ff95cddad0', 'e9617f0854030e70365eb264bcb3b58078e79e9e']",0.8,0.8,0.8000000000000002,False,0.2857142857142857,8192,False,5
"[""feat"", ""refactor"", ""test"", ""docs""]","[""feat"", ""build"", ""test"", ""docs"", ""fix""]",1.115950107574463,"['f9a094918b62534614c47aa8a13f33aec751a1e0', 'e4a11fd5c34942ba12737f1c8c084489428ee274', '229b53a632ea97d47c4be11f096bdd828fb415d8', '036a0ff49a7dade0e04c9c07071a1ff49133ee24', '2561f4ade46fc9d59f289f328cc77733a6443697']",0.75,0.6,0.6666666666666665,False,0.4285714285714285,8192,False,5
"[""refactor"", ""docs"", ""test"", ""ci""]","[""build"", ""docs"", ""test"", ""fix"", ""ci""]",1.1050539016723633,"['e4a11fd5c34942ba12737f1c8c084489428ee274', 'aca23027da1295c78fdf42ba9687d8ccc88784d7', 'e9617f0854030e70365eb264bcb3b58078e79e9e', '9ef5c0d14193a9abb09b39856f58477d1f4b0d77', '4cbbd2552ba0de273e1dfe7d453c5b3efed751a3']",0.75,0.6,0.6666666666666665,False,0.4285714285714285,8192,False,5
"[""feat"", ""refactor"", ""docs"", ""ci"", ""test""]","[""feat"", ""fix"", ""ci"", ""docs"", ""test""]",0.966099977493286,"['f9a094918b62534614c47aa8a13f33aec751a1e0', '2561f4ade46fc9d59f289f328cc77733a6443697', '45837af24a33308a70a3454f0f650f9fe728e272', '036a0ff49a7dade0e04c9c07071a1ff49133ee24', 'b7ce2894fd1794064bd6db4ed730bb6cb7728739']",0.8,0.8,0.8000000000000002,False,0.2857142857142857,8192,False,5
"[""refactor"", ""build"", ""docs""]","[""feat"", ""refactor"", ""build"", ""fix"", ""docs""]",1.004991054534912,"['ded26d768ff432ad3bde3c0aa1e95ce50726100a', '062daa45cbd5dba6e96e95d8cdcaee89ae30a83c', '37b1cbfd3d2c462ef4f2a131e4172c38dc8d9ddf', '933ab6bb86372913c992567cf9660009900911a7', '036a0ff49a7dade0e04c9c07071a1ff49133ee24']",1.0,0.6,0.7499999999999999,False,0.2857142857142857,8192,False,5
"[""test"", ""build"", ""feat"", ""fix"", ""docs""]","[""test"", ""build"", ""feat"", ""fix"", ""docs""]",1.5746679306030271,"['f411e58cd510f8a2b980b2f1932003a0c0e9f8f3', 'c44cf88a6ec54e5ddd99d8348bcc57b301ec7945', '1bcf88670b50155b50071e707f98f30cea0b7a24', '9be725fa3906323d4bc9788f54eccf74109d632b', 'a52a585d74894b3b4eeb8c784fa089ff95cddad0']",1.0,1.0,1.0,True,0.0,8192,False,5
"[""fix"", ""build"", ""refactor"", ""test"", ""ci"", ""docs"", ""feat""]","[""fix"", ""feat"", ""test"", ""ci"", ""docs""]",0.7200927734375,"['933ab6bb86372913c992567cf9660009900911a7', '6ed56ce9ae743ba9a87e6c9643cc06b1de7b748d', 'e2e8ad25854bd1e7cdbc7f50b50bbd99e04ad47d', 'e96487ad7ce90b141219d9032fa2bed68d5dae6a', '036a0ff49a7dade0e04c9c07071a1ff49133ee24']",0.7142857142857143,1.0,0.8333333333333333,False,0.2857142857142857,8192,False,5
"[""test"", ""refactor"", ""build"", ""fix""]","[""test"", ""refactor"", ""ci"", ""build"", ""fix""]",1.3855948448181152,"['e0198f74b81da3663144cfe1d971939319f82a0f', '3cca5c314ad6feeffbfe1f14cf49ebd0fd9a95a2', '45837af24a33308a70a3454f0f650f9fe728e272', '5b81fde8a72cf2e69a10e9f5c4f0bea0a2b8c3e0', '9ef5c0d14193a9abb09b39856f58477d1f4b0d77']",1.0,0.8,0.888888888888889,False,0.1428571428571428,8192,False,5
"[""build"", ""feat"", ""test"", ""ci""]","[""build"", ""feat"", ""refactor"", ""ci"", ""test""]",1.2346060276031494,"['c55591ba157298a9c5816693c102a89dfd058830', '1bcf88670b50155b50071e707f98f30cea0b7a24', '1db13ec43727aca872a0f3836e4023ed85db665e', 'dbb537a26e388a8d7d17faf131abc30c2f7a84e6', 'e2e8ad25854bd1e7cdbc7f50b50bbd99e04ad47d']",1.0,0.8,0.888888888888889,False,0.1428571428571428,8192,False,5
"[""feat"", ""docs"", ""test"", ""build"", ""refactor""]","[""feat"", ""refactor"", ""test"", ""ci"", ""build""]",1.1152498722076416,"['e137f9fdbdb6bf3f85c3f7ac9323785e445844c8', 'a62314d9bb632be6af026686615d14b912250512', 'b7ce2894fd1794064bd6db4ed730bb6cb7728739', '45837af24a33308a70a3454f0f650f9fe728e272', '454003841aabeb74396d73541378bfa59c75b5db']",0.8,0.8,0.8000000000000002,False,0.2857142857142857,8192,False,5
"[""test"", ""fix"", ""build"", ""feat"", ""docs""]","[""test"", ""fix"", ""build"", ""refactor"", ""docs""]",0.9220860004425048,"['317f4eefecddfb1392ca71d551840f446feee302', '06e2be4e2019b6fa714e1fcb34485860ef1ede79', '32b92cfa0b74a6c25990e32ac6aab12b8496794c', '535708ae50aecb452560a23356fd396f99ef13a2', 'aca23027da1295c78fdf42ba9687d8ccc88784d7']",0.8,0.8,0.8000000000000002,False,0.2857142857142857,8192,False,5
"[""ci"", ""build"", ""refactor"", ""feat"", ""test"", ""docs"", ""fix""]","[""ci"", ""feat"", ""build"", ""fix"", ""test""]",1.3683998584747314,"['173553c0372e66e03bdab19e0e6c2dd44daa14a0', '6ed56ce9ae743ba9a87e6c9643cc06b1de7b748d', '32b92cfa0b74a6c25990e32ac6aab12b8496794c', '933ab6bb86372913c992567cf9660009900911a7', 'e9617f0854030e70365eb264bcb3b58078e79e9e']",0.7142857142857143,1.0,0.8333333333333333,False,0.2857142857142857,8192,False,5
"[""ci"", ""test"", ""fix"", ""feat"", ""build""]","[""ci"", ""test"", ""fix"", ""feat"", ""build""]",0.7983250617980957,"['dbb537a26e388a8d7d17faf131abc30c2f7a84e6', 'e2e8ad25854bd1e7cdbc7f50b50bbd99e04ad47d', '933ab6bb86372913c992567cf9660009900911a7', 'b282e90e2cbb74559aab79eee8443a4d7c85502a', 'c55591ba157298a9c5816693c102a89dfd058830']",1.0,1.0,1.0,True,0.0,8192,False,5
"[""test"", ""build"", ""ci"", ""fix"", ""refactor""]","[""test"", ""build"", ""feat"", ""fix"", ""ci""]",0.9042198657989502,"['317f4eefecddfb1392ca71d551840f446feee302', 'e4a11fd5c34942ba12737f1c8c084489428ee274', 'ded26d768ff432ad3bde3c0aa1e95ce50726100a', 'd129eaf9125a967ac86c6c7276bbae6b4d50af36', '173553c0372e66e03bdab19e0e6c2dd44daa14a0']",0.8,0.8,0.8000000000000002,False,0.2857142857142857,8192,False,5
"[""test"", ""build"", ""refactor"", ""docs"", ""feat""]","[""test"", ""build"", ""refactor"", ""docs"", ""feat""]",0.9840691089630128,"['bedc7950b24c37809e36a585b7985d5aa5e3e458', '5b81fde8a72cf2e69a10e9f5c4f0bea0a2b8c3e0', '47ef9104e4a89e80d7cc6c1950bc080841da4a7b', 'aca23027da1295c78fdf42ba9687d8ccc88784d7', 'f823cf28652987d43c8324b4f5b203240032383a']",1.0,1.0,1.0,True,0.0,8192,False,5
"[""build"", ""ci"", ""docs"", ""feat"", ""fix""]","[""build"", ""ci"", ""feat"", ""docs"", ""fix""]",1.1523430347442627,"['5b81fde8a72cf2e69a10e9f5c4f0bea0a2b8c3e0', 'c5fa7b80438fbd74f4c341f0d3c9bd9e0f4910da', '68278b00450f2679761a2999500f6d87a579376b', 'a52a585d74894b3b4eeb8c784fa089ff95cddad0', '06e2be4e2019b6fa714e1fcb34485860ef1ede79']",1.0,1.0,1.0,True,0.0,8192,False,5
"[""test"", ""build"", ""fix"", ""ci"", ""feat""]","[""test"", ""build"", ""refactor"", ""fix"", ""ci""]",2.0772061347961426,"['e0198f74b81da3663144cfe1d971939319f82a0f', '5b81fde8a72cf2e69a10e9f5c4f0bea0a2b8c3e0', '3cca5c314ad6feeffbfe1f14cf49ebd0fd9a95a2', '87d5d4e55ab7149b593d29410f1fe426ba2447d4', '74e9de5ec97dc013a52aa063dff0f40ac74c407b']",0.8,0.8,0.8000000000000002,False,0.2857142857142857,8192,False,5
"[""build"", ""refactor"", ""feat"", ""ci"", ""test""]","[""feat"", ""build"", ""fix"", ""ci"", ""test""]",1.0287189483642578,"['6ed56ce9ae743ba9a87e6c9643cc06b1de7b748d', 'c323d59c607cabc91f17a78528d998f376f30b10', '87d5d4e55ab7149b593d29410f1fe426ba2447d4', 'c5fa7b80438fbd74f4c341f0d3c9bd9e0f4910da', 'e9617f0854030e70365eb264bcb3b58078e79e9e']",0.8,0.8,0.8000000000000002,False,0.2857142857142857,8192,False,5
"[""build"", ""test"", ""refactor"", ""feat"", ""ci""]","[""build"", ""test"", ""refactor"", ""feat"", ""ci""]",0.9876210689544678,"['5b81fde8a72cf2e69a10e9f5c4f0bea0a2b8c3e0', 'e9617f0854030e70365eb264bcb3b58078e79e9e', '2954a0955ce9af6acb345ed1e8328e145ad30475', '68278b00450f2679761a2999500f6d87a579376b', 'e96487ad7ce90b141219d9032fa2bed68d5dae6a']",1.0,1.0,1.0,True,0.0,8192,False,5
"[""ci"", ""feat"", ""refactor"", ""docs"", ""fix""]","[""ci"", ""refactor"", ""docs"", ""feat"", ""fix""]",1.0455851554870603,"['4cbbd2552ba0de273e1dfe7d453c5b3efed751a3', '535708ae50aecb452560a23356fd396f99ef13a2', 'e12d9e77a6fd531a22325337838a841b1c67f00d', 'fd8e563cc19ca4684885d4692acee6bebcca4ada', '9be725fa3906323d4bc9788f54eccf74109d632b']",1.0,1.0,1.0,True,0.0,8192,False,5
"[""ci"", ""docs"", ""refactor"", ""fix""]","[""ci"", ""fix"", ""feat"", ""docs"", ""refactor""]",1.1059770584106443,"['c5fa7b80438fbd74f4c341f0d3c9bd9e0f4910da', 'bed78248c941d57ad4cc20a455147e186e97c7a1', 'b282e90e2cbb74559aab79eee8443a4d7c85502a', 'bf83c9155e9bee6925aa7102fab53fb803d52533', '771857b1df9470ebc15357e8879118a72c649d5b']",1.0,0.8,0.888888888888889,False,0.1428571428571428,8192,False,5
