predicted_types,actual_types,inference_time,shas,precision,recall,f1,exact_match,hamming_loss,context_len,with_message,concern_count
"[""fix"", ""test""]","[""test""]",10.275612326804549,"[""7c48976f943e1e9b5850967b6f2963a205476ded""]",0.5,1.0,0.6666666666666666,False,0.1428571428571428,12288,False,1
"[""feat"", ""test""]","[""refactor""]",1.291893516201526,"[""5748ff57ebafe94c4979eafa790d9a84812ca440""]",0.0,0.0,0.0,False,0.4285714285714285,12288,False,1
"[""docs""]","[""docs""]",0.7450700849294662,"[""be8dd55c2179a1743ddbda56b5e88a1a89c92bcc""]",1.0,1.0,1.0,True,0.0,12288,False,1
"[""feat""]","[""feat""]",0.743556119967252,"[""15b8e4bc9349ce017f65e10b95cae48b0aa11828""]",1.0,1.0,1.0,True,0.0,12288,False,1
"[""build""]","[""build""]",0.7475142753683031,"[""37b1cbfd3d2c462ef4f2a131e4172c38dc8d9ddf""]",1.0,1.0,1.0,True,0.0,12288,False,1
"[""ci""]","[""ci""]",0.731220284011215,"[""8d2e23bde626eaed6e5b13384cc7ac38bab5ea66""]",1.0,1.0,1.0,True,0.0,12288,False,1
"[""fix"", ""test""]","[""fix""]",1.2253217683173716,"[""44ac09d356fa02bdbb840638846f7a7500700d23""]",0.5,1.0,0.6666666666666666,False,0.1428571428571428,12288,False,1
"[""ci"", ""build""]","[""ci""]",0.8793318127281964,"[""be44bbdeb52c6025e81c99528ed7b0d932c5be18""]",0.5,1.0,0.6666666666666666,False,0.1428571428571428,12288,False,1
"[""build""]","[""build""]",0.7253581578843296,"[""b7e38fb62aa6e8a30d72dec063b1adccd089d0aa""]",1.0,1.0,1.0,True,0.0,12288,False,1
"[""fix"", ""build""]","[""refactor""]",2.364752664696425,"[""3e0e30ecebaf23f0c36fa4811426f8f4e0057cfe""]",0.0,0.0,0.0,False,0.4285714285714285,12288,False,1
"[""feat"", ""test""]","[""feat""]",2.062395665794611,"[""293f301a4bb248799c467d1fef413ed3909f47a4""]",0.5,1.0,0.6666666666666666,False,0.1428571428571428,12288,False,1
"[""test""]","[""test""]",0.79827681183815,"[""6c7398993bc567ec84e4573b6ededbf50b1ef606""]",1.0,1.0,1.0,True,0.0,12288,False,1
"[""docs""]","[""docs""]",0.5221960949711502,"[""036a0ff49a7dade0e04c9c07071a1ff49133ee24""]",1.0,1.0,1.0,True,0.0,12288,False,1
"[""refactor""]","[""fix""]",0.7551877181977034,"[""73b8948ea1d49e05ae8c63b17926eda4cb04e9bb""]",0.0,0.0,0.0,False,0.2857142857142857,12288,False,1
"[""refactor"", ""build""]","[""fix""]",0.7330318167805672,"[""ccd1946a375e2ac10c3c591b04a435c4bc5170c2""]",0.0,0.0,0.0,False,0.4285714285714285,12288,False,1
"[""feat""]","[""feat""]",2.202802991028875,"[""542f0cad5337de15428f0b6567ce4efd20a19a48""]",1.0,1.0,1.0,True,0.0,12288,False,1
"[""build""]","[""build""]",0.848711549770087,"[""4ab28fc2e63e975a0c77e18ae644f34fa5f8771a""]",1.0,1.0,1.0,True,0.0,12288,False,1
"[""ci"", ""build"", ""refactor""]","[""ci""]",0.8697833009064198,"[""b7b9c23698e7238eda26a1135018625181badd82""]",0.3333333333333333,1.0,0.5,False,0.2857142857142857,12288,False,1
"[""refactor""]","[""refactor""]",0.7759500062093139,"[""190aef43fd30e693af822c176f9b686591568719""]",1.0,1.0,1.0,True,0.0,12288,False,1
"[""test""]","[""test""]",0.7022419581189752,"[""960af3a1c31fe2b5ab32e580089f67c9da816fcc""]",1.0,1.0,1.0,True,0.0,12288,False,1
"[""docs""]","[""docs""]",0.7010351442731917,"[""527e0abd0f88cb3ae2dc1a6ec7a62c241250444d""]",1.0,1.0,1.0,True,0.0,12288,False,1
"[""docs""]","[""docs""]",0.8046637941151857,"[""ee7cc5d5a940fba774e715b1f029c6361110b108""]",1.0,1.0,1.0,True,0.0,12288,False,1
"[""feat"", ""docs"", ""test""]","[""feat""]",2.745665310882032,"[""8a954673531d6935f5517535b9068639ed5cff0d""]",0.3333333333333333,1.0,0.5,False,0.2857142857142857,12288,False,1
"[""refactor""]","[""refactor""]",0.9329075152054428,"[""0e4ede620dd9a2cdc13ab9cc6da05577b39fddb8""]",1.0,1.0,1.0,True,0.0,12288,False,1
"[""build""]","[""build""]",0.83088537491858,"[""ecc481f9f501aa34b41e06e7bbdde6e79f8ca1bb""]",1.0,1.0,1.0,True,0.0,12288,False,1
"[""build""]","[""ci""]",0.6819421676918864,"[""bda1822851d9be04f0d39f2213d1e2066eb115c8""]",0.0,0.0,0.0,False,0.2857142857142857,12288,False,1
"[""test""]","[""test""]",0.6529051787219942,"[""7df6b872b9c820a35572b926d2496460a4c8b24a""]",1.0,1.0,1.0,True,0.0,12288,False,1
"[""fix""]","[""fix""]",0.7062566867098212,"[""c4d9e5023fa0f88ba283b37da27677ceda1cbfbb""]",1.0,1.0,1.0,True,0.0,12288,False,1
"[""fix"", ""test""]","[""fix""]",1.6558772521093488,"[""0d43299ccee2b2e018fae24896c45d8d8be66bc6""]",0.5,1.0,0.6666666666666666,False,0.1428571428571428,12288,False,1
"[""test""]","[""test""]",3.68841697787866,"[""90a48c74f6faa0829d3809f739a42c0133e63ae0""]",1.0,1.0,1.0,True,0.0,12288,False,1
"[""refactor""]","[""refactor""]",0.7874492118135095,"[""e8a8edadc5c25d6410462b89a48e0602e0cbbc7f""]",1.0,1.0,1.0,True,0.0,12288,False,1
"[""docs""]","[""docs""]",0.6198341129347682,"[""9849430b11b92ae58d94cfe4d0b06313c7eab550""]",1.0,1.0,1.0,True,0.0,12288,False,1
"[""build""]","[""build""]",0.8145219841971993,"[""45bbdaba1490a3216decb2c1a88b8f7041a3d505""]",1.0,1.0,1.0,True,0.0,12288,False,1
"[""feat""]","[""feat""]",0.7477230518124998,"[""1ae8bf1195b197daa80ba6e45360f8b894364cd4""]",1.0,1.0,1.0,True,0.0,12288,False,1
"[""ci""]","[""ci""]",0.7690615239553154,"[""976c34b6fdc32a7f3337f98e67a7c9e4ee9e793e""]",1.0,1.0,1.0,True,0.0,12288,False,1
"[""refactor"", ""test""]","[""refactor""]",1.0004210867919028,"[""1c8ff5cf2feb3ce0b7d0fbfc43be8d20f5b73287""]",0.5,1.0,0.6666666666666666,False,0.1428571428571428,12288,False,1
"[""ci""]","[""docs""]",0.6295022387057543,"[""e50a61d63755a4a955c2a6535a865773e2ac01d5""]",0.0,0.0,0.0,False,0.2857142857142857,12288,False,1
"[""refactor""]","[""test""]",0.6107950829900801,"[""076b9f5efc109b481074a81957e24ce9f4a69f08""]",0.0,0.0,0.0,False,0.2857142857142857,12288,False,1
"[""build""]","[""build""]",1.2821068968623877,"[""b2415c4d3de7b5d6da47668a3de630c07b30b300""]",1.0,1.0,1.0,True,0.0,12288,False,1
"[""refactor""]","[""fix""]",0.9480713088996708,"[""a81bbb83d64867f08c4d1be10919ef6806a1bf51""]",0.0,0.0,0.0,False,0.2857142857142857,12288,False,1
"[""feat"", ""test""]","[""feat""]",1.2843557922169566,"[""3730075261bc81df68f9d10f12a2d6bbffd8493c""]",0.5,1.0,0.6666666666666666,False,0.1428571428571428,12288,False,1
"[""ci"", ""build""]","[""ci""]",0.9594310130923986,"[""db55dae208e4807898e6c747cefdf9bfcb4fd08c""]",0.5,1.0,0.6666666666666666,False,0.1428571428571428,12288,False,1
"[""docs""]","[""docs""]",1.144327336922288,"[""dfab97842fe78fb8f217a5185fb6ec92682a53ca""]",1.0,1.0,1.0,True,0.0,12288,False,1
"[""feat""]","[""feat""]",1.0766224400140345,"[""73211952964a79d97b434dd567e6d7d34be7feb5""]",1.0,1.0,1.0,True,0.0,12288,False,1
"[""test""]","[""refactor""]",0.7452760646119714,"[""fba4326c72fc22d81aba6976a9fef1e4b6154fd9""]",0.0,0.0,0.0,False,0.2857142857142857,12288,False,1
"[""ci""]","[""ci""]",0.6864973301999271,"[""6f5b1103c0893d13b42f1f7c6504c9c339840be3""]",1.0,1.0,1.0,True,0.0,12288,False,1
"[""refactor""]","[""fix""]",0.759712846018374,"[""2b1ad9d10fc5685ec75f362a73229569f03344ca""]",0.0,0.0,0.0,False,0.2857142857142857,12288,False,1
"[""build"", ""test""]","[""test""]",1.126142795663327,"[""cd2bfb9b2298e8cd91013808547b35a9c40f46f1""]",0.5,1.0,0.6666666666666666,False,0.1428571428571428,12288,False,1
"[""build""]","[""build""]",0.9014405668713152,"[""607ecc92b5f8c084304e406eec725b7dcfa0a562""]",1.0,1.0,1.0,True,0.0,12288,False,1
"[""refactor""]","[""refactor""]",0.8185109202750027,"[""b98a8fed0b67b99ef4f8373aea904f847315e468""]",1.0,1.0,1.0,True,0.0,12288,False,1
"[""docs""]","[""docs""]",0.7492778548039496,"[""144388439d64e049cbed4e37659e819856d6987f""]",1.0,1.0,1.0,True,0.0,12288,False,1
"[""ci""]","[""build""]",0.6300215371884406,"[""88129ee45b1d49bc4ff887f3b488464cc7097e29""]",0.0,0.0,0.0,False,0.2857142857142857,12288,False,1
"[""feat""]","[""feat""]",0.8445558110252023,"[""5e09c9128f13c45d54df685b0a17dc8e3f7ff02c""]",1.0,1.0,1.0,True,0.0,12288,False,1
"[""test""]","[""test""]",0.7148449993692338,"[""e77f6751182595fe08940d67e11a90416c8dd6fd""]",1.0,1.0,1.0,True,0.0,12288,False,1
"[""ci"", ""build""]","[""ci""]",0.984195644967258,"[""bb00890fa896936d0be09cc5e5f411fb5e64aa5f""]",0.5,1.0,0.6666666666666666,False,0.1428571428571428,12288,False,1
"[""fix""]","[""fix""]",0.7150947297923267,"[""c1d3b58fd20995b1b9ca4e6771e3fa375242b02d""]",1.0,1.0,1.0,True,0.0,12288,False,1
"[""fix""]","[""fix""]",0.6911484971642494,"[""be2cbd9480fcbd60c3011ca57f1d761185cf52bd""]",1.0,1.0,1.0,True,0.0,12288,False,1
"[""refactor""]","[""refactor""]",0.7620081501081586,"[""8f1034b79f894b4b1112a4bc1903f37f22f7f5ed""]",1.0,1.0,1.0,True,0.0,12288,False,1
"[""docs""]","[""docs""]",0.8274291609413922,"[""16124286236edf03a6199720ba1629a35e3fe1aa""]",1.0,1.0,1.0,True,0.0,12288,False,1
"[""test""]","[""test""]",0.6310530039481819,"[""cdbc37711fa9c64b2cfa767766ca55c95c1736f7""]",1.0,1.0,1.0,True,0.0,12288,False,1
"[""ci""]","[""ci""]",0.7283093291334808,"[""5ebfebf86e60aae2610eb0ed84d177d53cd75f9d""]",1.0,1.0,1.0,True,0.0,12288,False,1
"[""feat""]","[""feat""]",1.419464462902397,"[""ded26d768ff432ad3bde3c0aa1e95ce50726100a""]",1.0,1.0,1.0,True,0.0,12288,False,1
"[""refactor""]","[""build""]",0.8067452926188707,"[""f46c6c6c26a14312aa05a77ff2a14aebd74e13ac""]",0.0,0.0,0.0,False,0.2857142857142857,12288,False,1
"[""feat""]","[""feat""]",1.0043847719207406,"[""bea32587586ca08f390c901a95e9b9c25263f4df""]",1.0,1.0,1.0,True,0.0,12288,False,1
"[""docs""]","[""docs""]",0.8511455692350864,"[""26994fb090d4ed0daf9b8ba960b4690fac08e340""]",1.0,1.0,1.0,True,0.0,12288,False,1
"[""feat"", ""fix"", ""refactor"", ""docs"", ""test"", ""ci"", ""build""]","[""fix""]",2.1603918401524425,"[""80242b34468398e835e5b3fc5ac345dbae4bcc7e""]",0.1428571428571428,1.0,0.25,False,0.8571428571428571,12288,False,1
"[""build""]","[""refactor""]",0.7705663926899433,"[""f9447355b93d67961c4a6b04bde3e83a394458ab""]",0.0,0.0,0.0,False,0.2857142857142857,12288,False,1
"[""ci""]","[""ci""]",0.7885321308858693,"[""8fe29cdc76480adc79701e4c492ff1e87566f569""]",1.0,1.0,1.0,True,0.0,12288,False,1
"[""docs"", ""build""]","[""build""]",0.9058110127225518,"[""4542d9973a848a2bd4f9baf12992efe7d7a69f2c""]",0.5,1.0,0.6666666666666666,False,0.1428571428571428,12288,False,1
"[""test""]","[""test""]",0.6262571481056511,"[""e053bb5190b033d4edb35a0718d3c414ae366431""]",1.0,1.0,1.0,True,0.0,12288,False,1
"[""docs"", ""fix"", ""test""]","[""docs"", ""refactor""]",1.5718438979238272,"[""144388439d64e049cbed4e37659e819856d6987f"", ""5748ff57ebafe94c4979eafa790d9a84812ca440""]",0.3333333333333333,0.5,0.4,False,0.4285714285714285,12288,False,2
"[""docs"", ""build"", ""test""]","[""build"", ""test""]",1.1447281800210476,"[""4542d9973a848a2bd4f9baf12992efe7d7a69f2c"", ""1f663cbe4b4a9e7a0ae89c05f824335f2a0857fd""]",0.6666666666666666,1.0,0.8,False,0.1428571428571428,12288,False,2
"[""feat"", ""fix"", ""test"", ""docs""]","[""feat"", ""fix""]",2.47144080279395,"[""6f0cf049caa1a7982669ee685e86621452686551"", ""238ba1990ea68eb64bdfc6b31efebad2acb01ad6""]",0.5,1.0,0.6666666666666666,False,0.2857142857142857,12288,False,2
"[""ci"", ""docs""]","[""ci"", ""docs""]",2.5805908301845193,"[""6f5b1103c0893d13b42f1f7c6504c9c339840be3"", ""01e1e33f377934099a4a725fab5cd6c5ff50eaa2""]",1.0,1.0,1.0,True,0.0,12288,False,2
"[""feat"", ""ci""]","[""ci"", ""feat""]",1.175436581019312,"[""6f5b1103c0893d13b42f1f7c6504c9c339840be3"", ""73211952964a79d97b434dd567e6d7d34be7feb5""]",1.0,1.0,1.0,True,0.0,12288,False,2
"[""build"", ""test""]","[""build"", ""refactor""]",2.670887065120042,"[""1ad3f41f28d2faa5229ee88b54d673275cc31036"", ""72e3eed599b3a3dd154575af344ac3e5c62dd07b""]",0.5,0.5,0.5,False,0.2857142857142857,12288,False,2
"[""feat"", ""fix"", ""refactor"", ""docs"", ""test"", ""ci"", ""build""]","[""fix"", ""test""]",2.734435373917222,"[""0d43299ccee2b2e018fae24896c45d8d8be66bc6"", ""24a815b90437dbd962b5ff449f0b5146df835545""]",0.2857142857142857,1.0,0.4444444444444445,False,0.7142857142857143,12288,False,2
"[""feat"", ""refactor"", ""test""]","[""feat"", ""refactor""]",1.7077731788158417,"[""3730075261bc81df68f9d10f12a2d6bbffd8493c"", ""0e4ede620dd9a2cdc13ab9cc6da05577b39fddb8""]",0.6666666666666666,1.0,0.8,False,0.1428571428571428,12288,False,2
"[""build"", ""docs""]","[""build"", ""docs""]",2.415505262091756,"[""b7e38fb62aa6e8a30d72dec063b1adccd089d0aa"", ""eb51316cdfdc7258d287ba13b67ef2f42bd2b8f6""]",1.0,1.0,1.0,True,0.0,12288,False,2
"[""ci"", ""fix""]","[""ci"", ""fix""]",0.8614043369889259,"[""6f5b1103c0893d13b42f1f7c6504c9c339840be3"", ""be2cbd9480fcbd60c3011ca57f1d761185cf52bd""]",1.0,1.0,1.0,True,0.0,12288,False,2
"[""refactor"", ""test""]","[""fix"", ""test""]",1.1212384533137083,"[""b131f5d67076b97b3186c820760df839bf796ad5"", ""2a7c6f5c0b1c966d6a5d103de1978a61c141648a""]",0.5,0.5,0.5,False,0.2857142857142857,12288,False,2
"[""build"", ""docs""]","[""build"", ""docs""]",1.1011768248863518,"[""45bbdaba1490a3216decb2c1a88b8f7041a3d505"", ""16124286236edf03a6199720ba1629a35e3fe1aa""]",1.0,1.0,1.0,True,0.0,12288,False,2
"[""feat""]","[""feat"", ""refactor""]",1.0822004796937108,"[""d61bf50f77b404e660a6e5aa9e9bc4ce415e8c18"", ""ee4bf61fb8836e249fb4ef3507dc938e70696b3f""]",1.0,0.5,0.6666666666666666,False,0.1428571428571428,12288,False,2
"[""test"", ""build""]","[""ci"", ""test""]",2.679802915081382,"[""bda1822851d9be04f0d39f2213d1e2066eb115c8"", ""90a48c74f6faa0829d3809f739a42c0133e63ae0""]",0.5,0.5,0.5,False,0.2857142857142857,12288,False,2
"[""ci"", ""build"", ""refactor""]","[""ci"", ""refactor""]",1.3451823252253234,"[""be44bbdeb52c6025e81c99528ed7b0d932c5be18"", ""0e4ede620dd9a2cdc13ab9cc6da05577b39fddb8""]",0.6666666666666666,1.0,0.8,False,0.1428571428571428,12288,False,2
"[""feat"", ""fix"", ""refactor"", ""docs"", ""test"", ""ci"", ""build""]","[""docs"", ""feat""]",3.9595623360946774,"[""0105a4ee47706d9b3aa8f22d0a75585a498731ec"", ""3709e392924aba3542514ce35bd681adca39e8ac""]",0.2857142857142857,1.0,0.4444444444444445,False,0.7142857142857143,12288,False,2
"[""build"", ""test""]","[""build"", ""test""]",1.1715468112379313,"[""fd2b7a18dca63b51f4ba5de6b2e4ad2b825e735d"", ""24a815b90437dbd962b5ff449f0b5146df835545""]",1.0,1.0,1.0,True,0.0,12288,False,2
"[""ci"", ""fix"", ""test""]","[""ci"", ""fix""]",1.2387038357555866,"[""bda1822851d9be04f0d39f2213d1e2066eb115c8"", ""238ba1990ea68eb64bdfc6b31efebad2acb01ad6""]",0.6666666666666666,1.0,0.8,False,0.1428571428571428,12288,False,2
"[""feat"", ""fix"", ""refactor"", ""docs"", ""test"", ""ci"", ""build""]","[""feat"", ""test""]",2.030395409092307,"[""6b473cbdc5997af47c56a2a74f5b64da6d4c2ad7"", ""cdbc37711fa9c64b2cfa767766ca55c95c1736f7""]",0.2857142857142857,1.0,0.4444444444444445,False,0.7142857142857143,12288,False,2
"[""docs""]","[""docs"", ""refactor""]",2.5798375620506704,"[""af5ec2005504bbd836a54bfb2df0b7f6cf15f314"", ""4597f158c45a1f996ad217236d88edab69c29b22""]",1.0,0.5,0.6666666666666666,False,0.1428571428571428,12288,False,2
"[""build"", ""fix""]","[""build"", ""fix""]",1.0173979275859892,"[""ecc481f9f501aa34b41e06e7bbdde6e79f8ca1bb"", ""45b386aa3f06bce06f5e03fbde0aa52c4051c8bc""]",1.0,1.0,1.0,True,0.0,12288,False,2
"[""refactor""]","[""refactor"", ""test""]",1.4598220381885767,"[""3a86f49b725c0f66b5f04f80547042636135b49c"", ""3c812f916e06a53b899e9e3dd79760b475fa4b87""]",1.0,0.5,0.6666666666666666,False,0.1428571428571428,12288,False,2
"[""feat"", ""build""]","[""ci"", ""feat""]",2.724029785953462,"[""bda1822851d9be04f0d39f2213d1e2066eb115c8"", ""ba60e126299ad057772b5516d9ab390e770f1301""]",0.5,0.5,0.5,False,0.2857142857142857,12288,False,2
"[""build"", ""docs""]","[""build"", ""docs""]",1.268879564013332,"[""0f38960851ac0fd159727d5dffb36f50268eec18"", ""a4290c7be832aaac894f9b4e69837f0eb13d9287""]",1.0,1.0,1.0,True,0.0,12288,False,2
"[""ci""]","[""ci"", ""fix""]",1.0052034286782146,"[""0984951701c34c08392b87082824dcebc379b4e7"", ""2b1ad9d10fc5685ec75f362a73229569f03344ca""]",1.0,0.5,0.6666666666666666,False,0.1428571428571428,12288,False,2
"[""feat"", ""fix"", ""refactor"", ""docs"", ""test"", ""ci"", ""build""]","[""build"", ""docs""]",1.7394499187357724,"[""b0866f62417f56bdd5a46e8f14278af79efc4d76"", ""fc9af4d0b93d69be4e201ffb18da04324e8a4a87""]",0.2857142857142857,1.0,0.4444444444444445,False,0.7142857142857143,12288,False,2
"[""feat"", ""test"", ""refactor""]","[""feat"", ""test""]",1.5542095066048205,"[""3730075261bc81df68f9d10f12a2d6bbffd8493c"", ""076b9f5efc109b481074a81957e24ce9f4a69f08""]",0.6666666666666666,1.0,0.8,False,0.1428571428571428,12288,False,2
"[""refactor"", ""fix"", ""test""]","[""fix"", ""refactor""]",3.9697381891310215,"[""0d43299ccee2b2e018fae24896c45d8d8be66bc6"", ""536872b735334929f25bf70d052e739166355160""]",0.6666666666666666,1.0,0.8,False,0.1428571428571428,12288,False,2
"[""feat"", ""refactor"", ""test"", ""docs""]","[""feat"", ""refactor""]",2.5924629969522357,"[""a51716d5ac3f7aabe1428a5a6d79c6b863463ff6"", ""3a86f49b725c0f66b5f04f80547042636135b49c""]",0.5,1.0,0.6666666666666666,False,0.2857142857142857,12288,False,2
"[""refactor""]","[""build"", ""fix""]",0.9623213983140886,"[""f46c6c6c26a14312aa05a77ff2a14aebd74e13ac"", ""3f71e37ef9bfdbc0aea89863ae3d75c0c7e4a53d""]",0.0,0.0,0.0,False,0.4285714285714285,12288,False,2
"[""ci"", ""build"", ""refactor""]","[""ci"", ""test""]",1.1955556888133287,"[""be44bbdeb52c6025e81c99528ed7b0d932c5be18"", ""076b9f5efc109b481074a81957e24ce9f4a69f08""]",0.3333333333333333,0.5,0.4,False,0.4285714285714285,12288,False,2
"[""docs"", ""test""]","[""docs"", ""test""]",2.4222326800227165,"[""eb51316cdfdc7258d287ba13b67ef2f42bd2b8f6"", ""625cbbca0d92b8756eac6fcacc795d90527d8975""]",1.0,1.0,1.0,True,0.0,12288,False,2
"[""feat"", ""fix"", ""refactor"", ""docs"", ""test"", ""ci"", ""build""]","[""fix"", ""refactor""]",3.8135436419397593,"[""f2ac6e30644848f0c5c36057d1f55551fb70952f"", ""4be836f5655fb5356fde5ddd7437125f8574705d""]",0.2857142857142857,1.0,0.4444444444444445,False,0.7142857142857143,12288,False,2
"[""docs"", ""feat""]","[""docs"", ""feat""]",3.081195051316172,"[""cb1f48b56ae0de93acb72e48726c7d610a1d538e"", ""bea32587586ca08f390c901a95e9b9c25263f4df""]",1.0,1.0,1.0,True,0.0,12288,False,2
"[""build"", ""test"", ""ci""]","[""build"", ""ci""]",1.247150374110788,"[""454003841aabeb74396d73541378bfa59c75b5db"", ""bda1822851d9be04f0d39f2213d1e2066eb115c8""]",0.6666666666666666,1.0,0.8,False,0.1428571428571428,12288,False,2
"[""docs"", ""refactor""]","[""docs"", ""test""]",1.0124359158799052,"[""16124286236edf03a6199720ba1629a35e3fe1aa"", ""076b9f5efc109b481074a81957e24ce9f4a69f08""]",0.5,0.5,0.5,False,0.2857142857142857,12288,False,2
"[""build"", ""test"", ""refactor""]","[""build"", ""refactor""]",1.7089790906757116,"[""ecc481f9f501aa34b41e06e7bbdde6e79f8ca1bb"", ""5748ff57ebafe94c4979eafa790d9a84812ca440""]",0.6666666666666666,1.0,0.8,False,0.1428571428571428,12288,False,2
"[""feat""]","[""feat"", ""fix""]",1.1375271789729595,"[""73211952964a79d97b434dd567e6d7d34be7feb5"", ""be2cbd9480fcbd60c3011ca57f1d761185cf52bd""]",1.0,0.5,0.6666666666666666,False,0.1428571428571428,12288,False,2
"[""ci"", ""test""]","[""ci"", ""test""]",1.07609370816499,"[""db2dbc13d7da2ae85cd3206d330be8ed0ebe1b2c"", ""6c7398993bc567ec84e4573b6ededbf50b1ef606""]",1.0,1.0,1.0,True,0.0,12288,False,2
"[""build"", ""refactor""]","[""build"", ""fix""]",1.1027329829521475,"[""4ab28fc2e63e975a0c77e18ae644f34fa5f8771a"", ""b131f5d67076b97b3186c820760df839bf796ad5""]",0.5,0.5,0.5,False,0.2857142857142857,12288,False,2
"[""feat""]","[""feat"", ""refactor""]",2.661354602314532,"[""73211952964a79d97b434dd567e6d7d34be7feb5"", ""78971fd68d7dc5c8e6811b4520cdc54e4188f733""]",1.0,0.5,0.6666666666666666,False,0.1428571428571428,12288,False,2
"[""ci"", ""docs""]","[""ci"", ""docs""]",0.8038236540742218,"[""6f5b1103c0893d13b42f1f7c6504c9c339840be3"", ""9849430b11b92ae58d94cfe4d0b06313c7eab550""]",1.0,1.0,1.0,True,0.0,12288,False,2
"[""docs"", ""feat""]","[""docs"", ""feat""]",1.1084322170354426,"[""26994fb090d4ed0daf9b8ba960b4690fac08e340"", ""15b8e4bc9349ce017f65e10b95cae48b0aa11828""]",1.0,1.0,1.0,True,0.0,12288,False,2
"[""build""]","[""build"", ""fix""]",0.7581360233016312,"[""2d4d735d94386f5045e3b3abc022c2edcdfaef8f"", ""eb9f7b24364e86d7bcf50bb23b62c743cf5526f6""]",1.0,0.5,0.6666666666666666,False,0.1428571428571428,12288,False,2
"[""ci"", ""test"", ""build""]","[""ci"", ""test""]",1.2421342451125383,"[""14f535655d39847a85d0193559c9c0010357ba77"", ""6c7398993bc567ec84e4573b6ededbf50b1ef606""]",0.6666666666666666,1.0,0.8,False,0.1428571428571428,12288,False,2
"[""refactor""]","[""fix"", ""refactor""]",0.8236272879876196,"[""b131f5d67076b97b3186c820760df839bf796ad5"", ""2900e67189ec09a35fa61f3f17d386f4eb23f9bd""]",1.0,0.5,0.6666666666666666,False,0.1428571428571428,12288,False,2
"[""ci"", ""test"", ""refactor""]","[""ci"", ""test""]",0.998894987627864,"[""b7b9c23698e7238eda26a1135018625181badd82"", ""1f663cbe4b4a9e7a0ae89c05f824335f2a0857fd""]",0.6666666666666666,1.0,0.8,False,0.1428571428571428,12288,False,2
"[""docs"", ""refactor"", ""test""]","[""docs"", ""refactor""]",2.1209476571530104,"[""e9358fb4955396bfc3340418c77cbce4fa6123ee"", ""cc9df62b0b41e84da275cf6ddcb06126628713b7""]",0.6666666666666666,1.0,0.8,False,0.1428571428571428,12288,False,2
"[""feat"", ""ci""]","[""build"", ""feat""]",1.812396087218076,"[""88129ee45b1d49bc4ff887f3b488464cc7097e29"", ""b7191a24b71cce2b7260d60de26ac8161546110e""]",0.5,0.5,0.5,False,0.2857142857142857,12288,False,2
"[""feat"", ""build""]","[""build"", ""feat""]",1.3339637308381498,"[""b7e38fb62aa6e8a30d72dec063b1adccd089d0aa"", ""73211952964a79d97b434dd567e6d7d34be7feb5""]",1.0,1.0,1.0,True,0.0,12288,False,2
"[""feat"", ""fix"", ""refactor"", ""docs"", ""test"", ""ci"", ""build""]","[""refactor"", ""test""]",2.096266310662031,"[""7e84797900f1b6f61e16d8a4766b8209673a7acb"", ""8ee0611fbf0cd89abe7ae588f22e6ecb843598ea""]",0.2857142857142857,1.0,0.4444444444444445,False,0.7142857142857143,12288,False,2
"[""ci"", ""refactor""]","[""ci"", ""fix""]",1.0133475493639708,"[""b7b9c23698e7238eda26a1135018625181badd82"", ""c4d9e5023fa0f88ba283b37da27677ceda1cbfbb""]",0.5,0.5,0.5,False,0.2857142857142857,12288,False,2
"[""feat"", ""docs"", ""test""]","[""docs"", ""test""]",1.442920777015388,"[""af82c2c910c9b5d3dd68de30c59a9e169a8934a5"", ""6c7398993bc567ec84e4573b6ededbf50b1ef606""]",0.6666666666666666,1.0,0.8,False,0.1428571428571428,12288,False,2
"[""ci"", ""refactor""]","[""ci"", ""refactor""]",0.8292819568887353,"[""b7b9c23698e7238eda26a1135018625181badd82"", ""879edb6ed90f88b9ae6a3c2e8878ae1be48e0c88""]",1.0,1.0,1.0,True,0.0,12288,False,2
"[""build"", ""docs""]","[""build"", ""docs""]",0.8064630758017302,"[""0f38960851ac0fd159727d5dffb36f50268eec18"", ""e0177c25e13812306aab0b0991562d58b6d14767""]",1.0,1.0,1.0,True,0.0,12288,False,2
"[""ci"", ""build"", ""feat"", ""fix""]","[""feat"", ""fix""]",1.7796855079941452,"[""ebaa20ea3f02e25f78c52cae208017a898cb6c13"", ""f9f309d1f4ef1917a89e867e6ba4c3f8d5b24d48""]",0.5,1.0,0.6666666666666666,False,0.2857142857142857,12288,False,2
"[""docs"", ""refactor"", ""build""]","[""docs"", ""fix""]",1.172302553895861,"[""b8a664c1b10f4e30a3e221a14211a3cdaf90b7f4"", ""ccd1946a375e2ac10c3c591b04a435c4bc5170c2""]",0.3333333333333333,0.5,0.4,False,0.4285714285714285,12288,False,2
"[""feat"", ""test"", ""build""]","[""feat"", ""test""]",3.722504355944693,"[""1f15f71e415ba49b21684c7a3a51c8e3faaa7cf3"", ""f87659953e9af59bc7cb314a22dd076d988ef607""]",0.6666666666666666,1.0,0.8,False,0.1428571428571428,12288,False,2
"[""build"", ""ci""]","[""build"", ""ci""]",0.9121089708060026,"[""b7e38fb62aa6e8a30d72dec063b1adccd089d0aa"", ""6f5b1103c0893d13b42f1f7c6504c9c339840be3""]",1.0,1.0,1.0,True,0.0,12288,False,2
"[""refactor"", ""test"", ""docs""]","[""docs"", ""refactor""]",3.292047104798258,"[""0105a4ee47706d9b3aa8f22d0a75585a498731ec"", ""6ed4690834161e1d250dfb0b46cd05bf07c1bb39""]",0.6666666666666666,1.0,0.8,False,0.1428571428571428,12288,False,2
"[""ci"", ""build"", ""fix""]","[""ci"", ""fix""]",1.1549485651776197,"[""db55dae208e4807898e6c747cefdf9bfcb4fd08c"", ""c4d9e5023fa0f88ba283b37da27677ceda1cbfbb""]",0.6666666666666666,1.0,0.8,False,0.1428571428571428,12288,False,2
"[""build"", ""test""]","[""build"", ""test""]",3.0008440208621323,"[""ecc481f9f501aa34b41e06e7bbdde6e79f8ca1bb"", ""3c04162664b130c9486cba54afc16b6e57c779d1""]",1.0,1.0,1.0,True,0.0,12288,False,2
"[""feat"", ""fix"", ""refactor"", ""docs"", ""test"", ""ci"", ""build""]","[""feat"", ""refactor""]",2.2156494222581387,"[""8b9176b44bb01a1eef497a403b0304bc389c9aee"", ""5748ff57ebafe94c4979eafa790d9a84812ca440""]",0.2857142857142857,1.0,0.4444444444444445,False,0.7142857142857143,12288,False,2
"[""feat"", ""refactor"", ""build""]","[""build"", ""feat""]",3.096736550796777,"[""f46c6c6c26a14312aa05a77ff2a14aebd74e13ac"", ""d82c76e667c01567382e3ebeb13125c5d0064324""]",0.6666666666666666,1.0,0.8,False,0.1428571428571428,12288,False,2
"[""refactor""]","[""refactor"", ""test""]",2.477649861946702,"[""211de26da358601056dd922d63f832433d7a693b"", ""1f663cbe4b4a9e7a0ae89c05f824335f2a0857fd""]",1.0,0.5,0.6666666666666666,False,0.1428571428571428,12288,False,2
"[""ci"", ""docs""]","[""ci"", ""docs""]",0.9683349919505416,"[""8d2e23bde626eaed6e5b13384cc7ac38bab5ea66"", ""036a0ff49a7dade0e04c9c07071a1ff49133ee24""]",1.0,1.0,1.0,True,0.0,12288,False,2
"[""docs"", ""refactor""]","[""docs"", ""fix""]",2.4357374818064272,"[""01e536c6eb273f533ac7bb1a51c4954128de2c63"", ""6849b9066f5d95b9e54c67046cfa136cf0d88b27""]",0.5,0.5,0.5,False,0.2857142857142857,12288,False,2
"[""fix"", ""test""]","[""fix"", ""test""]",1.6437494242563844,"[""3e85aa17418f6fd2e6e32f9e55fdf7a9d8fcea9d"", ""f87659953e9af59bc7cb314a22dd076d988ef607""]",1.0,1.0,1.0,True,0.0,12288,False,2
"[""docs"", ""build"", ""ci"", ""refactor""]","[""build"", ""ci""]",1.332547816913575,"[""4542d9973a848a2bd4f9baf12992efe7d7a69f2c"", ""b7b9c23698e7238eda26a1135018625181badd82""]",0.5,1.0,0.6666666666666666,False,0.2857142857142857,12288,False,2
"[""feat"", ""refactor"", ""test""]","[""feat"", ""refactor""]",2.0307583431713283,"[""9025fe7e99ae76c1426be68dc80f09e235631a80"", ""3f173b8b7ce54371db277879673b3202edeb2d93""]",0.6666666666666666,1.0,0.8,False,0.1428571428571428,12288,False,2
"[""feat"", ""build""]","[""build"", ""feat"", ""refactor""]",2.3404819457791746,"[""37b1cbfd3d2c462ef4f2a131e4172c38dc8d9ddf"", ""542f0cad5337de15428f0b6567ce4efd20a19a48"", ""7adece9931eaef6aaf603b5567829bbdcb28f2d1""]",1.0,0.6666666666666666,0.8,False,0.1428571428571428,12288,False,3
"[""ci"", ""docs"", ""test""]","[""ci"", ""docs"", ""test""]",2.1853307778947055,"[""6f5b1103c0893d13b42f1f7c6504c9c339840be3"", ""eb51316cdfdc7258d287ba13b67ef2f42bd2b8f6"", ""625cbbca0d92b8756eac6fcacc795d90527d8975""]",1.0,1.0,1.0,True,0.0,12288,False,3
"[""feat"", ""test"", ""build""]","[""feat"", ""fix"", ""test""]",1.6221796567551792,"[""3730075261bc81df68f9d10f12a2d6bbffd8493c"", ""ccd1946a375e2ac10c3c591b04a435c4bc5170c2"", ""076b9f5efc109b481074a81957e24ce9f4a69f08""]",0.6666666666666666,0.6666666666666666,0.6666666666666666,False,0.2857142857142857,12288,False,3
"[""ci"", ""build"", ""refactor"", ""docs""]","[""build"", ""ci"", ""fix""]",1.585017342120409,"[""4542d9973a848a2bd4f9baf12992efe7d7a69f2c"", ""b7b9c23698e7238eda26a1135018625181badd82"", ""73b8948ea1d49e05ae8c63b17926eda4cb04e9bb""]",0.5,0.6666666666666666,0.5714285714285715,False,0.4285714285714285,12288,False,3
"[""ci"", ""build"", ""refactor"", ""docs""]","[""ci"", ""docs"", ""refactor""]",1.6713234838098288,"[""14f535655d39847a85d0193559c9c0010357ba77"", ""7f611e4208d0cc36c635eb0641a4b3258999ae8d"", ""d55088c612b1108ef566ec47e40fb8d1050f7451""]",0.75,1.0,0.8571428571428571,False,0.1428571428571428,12288,False,3
"[""feat"", ""fix"", ""refactor"", ""docs"", ""test"", ""ci"", ""build""]","[""docs"", ""fix"", ""refactor""]",2.788843682035804,"[""e9358fb4955396bfc3340418c77cbce4fa6123ee"", ""d5d3753c221e5164874ee99f1c6959f03fce0725"", ""7292fc7d387d83379aedf93558451bfa254acb6f""]",0.4285714285714285,1.0,0.6,False,0.5714285714285714,12288,False,3
"[""build"", ""feat"", ""test""]","[""build"", ""feat"", ""test""]",2.5853103171102703,"[""afafb9a32b164df33754a36547ee134b8fbe374a"", ""293f301a4bb248799c467d1fef413ed3909f47a4"", ""24a815b90437dbd962b5ff449f0b5146df835545""]",1.0,1.0,1.0,True,0.0,12288,False,3
"[""ci"", ""build"", ""refactor""]","[""ci"", ""fix"", ""refactor""]",1.4492152677848935,"[""be44bbdeb52c6025e81c99528ed7b0d932c5be18"", ""ccd1946a375e2ac10c3c591b04a435c4bc5170c2"", ""0e4ede620dd9a2cdc13ab9cc6da05577b39fddb8""]",0.6666666666666666,0.6666666666666666,0.6666666666666666,False,0.2857142857142857,12288,False,3
"[""feat"", ""docs"", ""build""]","[""build"", ""docs"", ""feat""]",2.655436060857028,"[""b7e38fb62aa6e8a30d72dec063b1adccd089d0aa"", ""eb51316cdfdc7258d287ba13b67ef2f42bd2b8f6"", ""73211952964a79d97b434dd567e6d7d34be7feb5""]",1.0,1.0,1.0,True,0.0,12288,False,3
"[""docs"", ""build"", ""fix"", ""test""]","[""build"", ""fix"", ""test""]",1.5394993270747364,"[""4542d9973a848a2bd4f9baf12992efe7d7a69f2c"", ""73b8948ea1d49e05ae8c63b17926eda4cb04e9bb"", ""1f663cbe4b4a9e7a0ae89c05f824335f2a0857fd""]",0.75,1.0,0.8571428571428571,False,0.1428571428571428,12288,False,3
"[""ci"", ""refactor"", ""test""]","[""ci"", ""refactor"", ""test""]",1.483242478221655,"[""bda1822851d9be04f0d39f2213d1e2066eb115c8"", ""b98a8fed0b67b99ef4f8373aea904f847315e468"", ""b7e2330fa3a8d7b8a9bff01b707c44e64b845c7b""]",1.0,1.0,1.0,True,0.0,12288,False,3
"[""feat"", ""fix"", ""refactor"", ""docs"", ""test"", ""ci"", ""build""]","[""docs"", ""feat"", ""test""]",3.929364607669413,"[""fd849bd08363df60dbc8b9b6d55bac4f5ace88f4"", ""b7191a24b71cce2b7260d60de26ac8161546110e"", ""11ffd5174bd61a2939ae58d2b2d43284302ae490""]",0.4285714285714285,1.0,0.6,False,0.5714285714285714,12288,False,3
"[""ci"", ""docs"", ""refactor""]","[""ci"", ""docs"", ""refactor""]",1.5176506931893528,"[""be44bbdeb52c6025e81c99528ed7b0d932c5be18"", ""16124286236edf03a6199720ba1629a35e3fe1aa"", ""0e4ede620dd9a2cdc13ab9cc6da05577b39fddb8""]",1.0,1.0,1.0,True,0.0,12288,False,3
"[""build"", ""feat"", ""refactor""]","[""build"", ""feat"", ""fix""]",1.8243969730101528,"[""ecc481f9f501aa34b41e06e7bbdde6e79f8ca1bb"", ""8b9176b44bb01a1eef497a403b0304bc389c9aee"", ""cc6408b88246f20c62884a5892a6276baf7c3920""]",0.6666666666666666,0.6666666666666666,0.6666666666666666,False,0.2857142857142857,12288,False,3
"[""docs"", ""refactor"", ""test""]","[""docs"", ""fix"", ""test""]",1.325885467696935,"[""12257ce53f94dc902df4ba087de90f52d2840ad4"", ""2b1ad9d10fc5685ec75f362a73229569f03344ca"", ""6c7398993bc567ec84e4573b6ededbf50b1ef606""]",0.6666666666666666,0.6666666666666666,0.6666666666666666,False,0.2857142857142857,12288,False,3
"[""build"", ""ci"", ""docs"", ""refactor"", ""test""]","[""build"", ""ci"", ""refactor""]",1.865499093197286,"[""b7e38fb62aa6e8a30d72dec063b1adccd089d0aa"", ""6f5b1103c0893d13b42f1f7c6504c9c339840be3"", ""3550066c886bf253df376f303a60ed475ac42aaa""]",0.6,1.0,0.7499999999999999,False,0.2857142857142857,12288,False,3
"[""feat"", ""refactor"", ""build""]","[""build"", ""feat"", ""refactor""]",2.5781560679897666,"[""b7e38fb62aa6e8a30d72dec063b1adccd089d0aa"", ""73211952964a79d97b434dd567e6d7d34be7feb5"", ""8da0303bc02db5fe047cfc0631a9da41d9dc60f7""]",1.0,1.0,1.0,True,0.0,12288,False,3
"[""feat"", ""test"", ""build"", ""docs"", ""refactor""]","[""ci"", ""feat"", ""test""]",2.9728137562051415,"[""bda1822851d9be04f0d39f2213d1e2066eb115c8"", ""988dda23984894cea097d64646196e8d6196d6b6"", ""90a48c74f6faa0829d3809f739a42c0133e63ae0""]",0.4,0.6666666666666666,0.5,False,0.5714285714285714,12288,False,3
"[""build"", ""docs"", ""fix""]","[""build"", ""docs"", ""fix""]",1.2383349891752005,"[""ecc481f9f501aa34b41e06e7bbdde6e79f8ca1bb"", ""144388439d64e049cbed4e37659e819856d6987f"", ""45b386aa3f06bce06f5e03fbde0aa52c4051c8bc""]",1.0,1.0,1.0,True,0.0,12288,False,3
"[""docs"", ""fix"", ""test""]","[""docs"", ""fix"", ""test""]",2.179777652025223,"[""af5ec2005504bbd836a54bfb2df0b7f6cf15f314"", ""f9f309d1f4ef1917a89e867e6ba4c3f8d5b24d48"", ""3c812f916e06a53b899e9e3dd79760b475fa4b87""]",1.0,1.0,1.0,True,0.0,12288,False,3
"[""ci"", ""test"", ""feat"", ""refactor""]","[""ci"", ""feat"", ""refactor""]",2.0079342126846313,"[""be44bbdeb52c6025e81c99528ed7b0d932c5be18"", ""3730075261bc81df68f9d10f12a2d6bbffd8493c"", ""0e4ede620dd9a2cdc13ab9cc6da05577b39fddb8""]",0.75,1.0,0.8571428571428571,False,0.1428571428571428,12288,False,3
"[""build"", ""docs"", ""refactor""]","[""build"", ""docs"", ""fix""]",1.8607027507387104,"[""ecc481f9f501aa34b41e06e7bbdde6e79f8ca1bb"", ""ee7cc5d5a940fba774e715b1f029c6361110b108"", ""cc6408b88246f20c62884a5892a6276baf7c3920""]",0.6666666666666666,0.6666666666666666,0.6666666666666666,False,0.2857142857142857,12288,False,3
"[""feat"", ""fix"", ""refactor"", ""docs"", ""test"", ""ci"", ""build""]","[""feat"", ""refactor"", ""test""]",1.9503337992355227,"[""a84d6715a4df12cc0ee9aa6f2596ce3b04353958"", ""e8a8edadc5c25d6410462b89a48e0602e0cbbc7f"", ""e77f6751182595fe08940d67e11a90416c8dd6fd""]",0.4285714285714285,1.0,0.6,False,0.5714285714285714,12288,False,3
"[""feat"", ""docs"", ""ci""]","[""ci"", ""docs"", ""feat""]",2.483130556996912,"[""200aca9f3d1253e4e28e79464da19b701aba777e"", ""2fdecc045fdb509832a758e45412c115fa03e8e8"", ""8a954673531d6935f5517535b9068639ed5cff0d""]",1.0,1.0,1.0,True,0.0,12288,False,3
"[""ci"", ""test"", ""refactor""]","[""ci"", ""fix"", ""test""]",1.2587668891064825,"[""e7ecc8763152ed6f89dbf4a6f313c276549eb0b7"", ""2b1ad9d10fc5685ec75f362a73229569f03344ca"", ""6c7398993bc567ec84e4573b6ededbf50b1ef606""]",0.6666666666666666,0.6666666666666666,0.6666666666666666,False,0.2857142857142857,12288,False,3
"[""build"", ""ci"", ""refactor""]","[""build"", ""ci"", ""refactor""]",1.4891431648284197,"[""45bbdaba1490a3216decb2c1a88b8f7041a3d505"", ""be44bbdeb52c6025e81c99528ed7b0d932c5be18"", ""0e4ede620dd9a2cdc13ab9cc6da05577b39fddb8""]",1.0,1.0,1.0,True,0.0,12288,False,3
"[""build"", ""test""]","[""build"", ""fix"", ""refactor""]",1.016008575912565,"[""37b1cbfd3d2c462ef4f2a131e4172c38dc8d9ddf"", ""9db124c65f291a1524ed2e7db1c04a7020eaed80"", ""e2b7c0ea44b9c958f66d0cbd59fec597008f4793""]",0.5,0.3333333333333333,0.4,False,0.4285714285714285,12288,False,3
"[""docs"", ""ci"", ""build"", ""test""]","[""docs"", ""feat"", ""test""]",1.8272312870249152,"[""6ffb9ffff014c8184f6c84a02854e348f2679636"", ""ebaa20ea3f02e25f78c52cae208017a898cb6c13"", ""3c812f916e06a53b899e9e3dd79760b475fa4b87""]",0.5,0.6666666666666666,0.5714285714285715,False,0.4285714285714285,12288,False,3
"[""ci"", ""docs"", ""refactor""]","[""ci"", ""docs"", ""fix""]",1.19100423110649,"[""cb5634329ca9f3eaa72bb3dede79913ca8283b1b"", ""2b01808ec86fe9d8b4a93141a1b7f95e11fd6010"", ""2b1ad9d10fc5685ec75f362a73229569f03344ca""]",0.6666666666666666,0.6666666666666666,0.6666666666666666,False,0.2857142857142857,12288,False,3
"[""ci"", ""test"", ""build"", ""fix"", ""refactor""]","[""build"", ""refactor"", ""test""]",2.019352652132511,"[""e0a977b2d316e7612b5d72cb02cd7d78e75dbc55"", ""72e3eed599b3a3dd154575af344ac3e5c62dd07b"", ""e77f6751182595fe08940d67e11a90416c8dd6fd""]",0.6,1.0,0.7499999999999999,False,0.2857142857142857,12288,False,3
"[""feat"", ""test"", ""build""]","[""build"", ""feat"", ""fix""]",1.6601054659113288,"[""45bbdaba1490a3216decb2c1a88b8f7041a3d505"", ""3730075261bc81df68f9d10f12a2d6bbffd8493c"", ""ccd1946a375e2ac10c3c591b04a435c4bc5170c2""]",0.6666666666666666,0.6666666666666666,0.6666666666666666,False,0.2857142857142857,12288,False,3
"[""ci"", ""build"", ""refactor"", ""test""]","[""ci"", ""refactor"", ""test""]",1.5456312601454556,"[""be44bbdeb52c6025e81c99528ed7b0d932c5be18"", ""0e4ede620dd9a2cdc13ab9cc6da05577b39fddb8"", ""076b9f5efc109b481074a81957e24ce9f4a69f08""]",0.75,1.0,0.8571428571428571,False,0.1428571428571428,12288,False,3
"[""feat""]","[""docs"", ""feat"", ""refactor""]",1.2662954949773848,"[""9849430b11b92ae58d94cfe4d0b06313c7eab550"", ""73211952964a79d97b434dd567e6d7d34be7feb5"", ""adc34a26803e2b02df0ddc0739d73cd0b6216e00""]",1.0,0.3333333333333333,0.5,False,0.2857142857142857,12288,False,3
"[""feat"", ""refactor"", ""test""]","[""docs"", ""feat"", ""fix""]",2.5611883578822017,"[""036a0ff49a7dade0e04c9c07071a1ff49133ee24"", ""4a4c7afca7e1beadd4b213214074fdb420eb0923"", ""a81bbb83d64867f08c4d1be10919ef6806a1bf51""]",0.3333333333333333,0.3333333333333333,0.3333333333333333,False,0.5714285714285714,12288,False,3
"[""build"", ""ci"", ""refactor""]","[""build"", ""ci"", ""test""]",1.3265479360707104,"[""45bbdaba1490a3216decb2c1a88b8f7041a3d505"", ""be44bbdeb52c6025e81c99528ed7b0d932c5be18"", ""076b9f5efc109b481074a81957e24ce9f4a69f08""]",0.6666666666666666,0.6666666666666666,0.6666666666666666,False,0.2857142857142857,12288,False,3
"[""ci"", ""test"", ""docs"", ""refactor""]","[""ci"", ""docs"", ""fix""]",2.2220593658275902,"[""d03e345c52d1e66fe51395c701bef1c6dc3a54c0"", ""3f0ae7cf819776124d7aae792800fb9730a593a9"", ""2b1ad9d10fc5685ec75f362a73229569f03344ca""]",0.5,0.6666666666666666,0.5714285714285715,False,0.4285714285714285,12288,False,3
"[""feat"", ""build""]","[""build"", ""feat"", ""test""]",2.0156613159924746,"[""37b1cbfd3d2c462ef4f2a131e4172c38dc8d9ddf"", ""542f0cad5337de15428f0b6567ce4efd20a19a48"", ""422940e3d7ef6850acda0be349865d737476dd10""]",1.0,0.6666666666666666,0.8,False,0.1428571428571428,12288,False,3
"[""feat"", ""fix"", ""refactor"", ""docs"", ""test"", ""ci"", ""build""]","[""docs"", ""feat"", ""refactor""]",3.864573194179684,"[""0105a4ee47706d9b3aa8f22d0a75585a498731ec"", ""3709e392924aba3542514ce35bd681adca39e8ac"", ""cd7e8c3d3549ea05115b3f02586eeba894d86906""]",0.4285714285714285,1.0,0.6,False,0.5714285714285714,12288,False,3
"[""test"", ""build""]","[""fix"", ""refactor"", ""test""]",1.4338426203466952,"[""974e033a3ca7484290a04201ee33856a25da0942"", ""1918d339b8e3738df83d73e1decb31b5209ee8db"", ""69a394e7ff6243457685a28911b79e47f981278c""]",0.5,0.3333333333333333,0.4,False,0.4285714285714285,12288,False,3
"[""feat"", ""fix"", ""refactor"", ""docs"", ""test"", ""ci"", ""build""]","[""build"", ""ci"", ""fix""]",2.4408778841607273,"[""bfe32bf10e9b6d699f694fbd095af0b3f2e6275f"", ""bda1822851d9be04f0d39f2213d1e2066eb115c8"", ""80242b34468398e835e5b3fc5ac345dbae4bcc7e""]",0.4285714285714285,1.0,0.6,False,0.5714285714285714,12288,False,3
"[""docs"", ""feat"", ""refactor""]","[""docs"", ""feat"", ""refactor""]",2.3906068480573595,"[""01e536c6eb273f533ac7bb1a51c4954128de2c63"", ""15b8e4bc9349ce017f65e10b95cae48b0aa11828"", ""e8a8edadc5c25d6410462b89a48e0602e0cbbc7f""]",1.0,1.0,1.0,True,0.0,12288,False,3
"[""build"", ""ci"", ""test""]","[""build"", ""ci"", ""test""]",1.0365092088468373,"[""b7e38fb62aa6e8a30d72dec063b1adccd089d0aa"", ""6f5b1103c0893d13b42f1f7c6504c9c339840be3"", ""625cbbca0d92b8756eac6fcacc795d90527d8975""]",1.0,1.0,1.0,True,0.0,12288,False,3
"[""feat"", ""fix"", ""refactor"", ""docs"", ""test"", ""ci"", ""build""]","[""build"", ""feat"", ""fix""]",2.284599693957716,"[""bfe32bf10e9b6d699f694fbd095af0b3f2e6275f"", ""ecf865f2fef03093adedf065d1732b2386a0df40"", ""238ba1990ea68eb64bdfc6b31efebad2acb01ad6""]",0.4285714285714285,1.0,0.6,False,0.5714285714285714,12288,False,3
"[""docs"", ""test"", ""refactor""]","[""docs"", ""refactor"", ""test""]",2.217739240732044,"[""01e1e33f377934099a4a725fab5cd6c5ff50eaa2"", ""adc34a26803e2b02df0ddc0739d73cd0b6216e00"", ""625cbbca0d92b8756eac6fcacc795d90527d8975""]",1.0,1.0,1.0,True,0.0,12288,False,3
"[""ci"", ""docs"", ""build"", ""refactor""]","[""ci"", ""docs"", ""test""]",1.3963720751926303,"[""be44bbdeb52c6025e81c99528ed7b0d932c5be18"", ""b8a664c1b10f4e30a3e221a14211a3cdaf90b7f4"", ""076b9f5efc109b481074a81957e24ce9f4a69f08""]",0.5,0.6666666666666666,0.5714285714285715,False,0.4285714285714285,12288,False,3
"[""feat"", ""ci"", ""test"", ""build"", ""docs""]","[""build"", ""ci"", ""feat""]",1.9718908299691975,"[""45bbdaba1490a3216decb2c1a88b8f7041a3d505"", ""be44bbdeb52c6025e81c99528ed7b0d932c5be18"", ""3730075261bc81df68f9d10f12a2d6bbffd8493c""]",0.6,1.0,0.7499999999999999,False,0.2857142857142857,12288,False,3
"[""fix"", ""test"", ""build"", ""refactor""]","[""fix"", ""refactor"", ""test""]",1.873769669327885,"[""238ba1990ea68eb64bdfc6b31efebad2acb01ad6"", ""d4d8bdd3a0a5cec993735abc2e8cc2feff8eae27"", ""cd2bfb9b2298e8cd91013808547b35a9c40f46f1""]",0.75,1.0,0.8571428571428571,False,0.1428571428571428,12288,False,3
"[""docs"", ""refactor"", ""build""]","[""docs"", ""fix"", ""refactor""]",1.4807188496924937,"[""16124286236edf03a6199720ba1629a35e3fe1aa"", ""ccd1946a375e2ac10c3c591b04a435c4bc5170c2"", ""0e4ede620dd9a2cdc13ab9cc6da05577b39fddb8""]",0.6666666666666666,0.6666666666666666,0.6666666666666666,False,0.2857142857142857,12288,False,3
"[""feat"", ""build"", ""ci""]","[""build"", ""ci"", ""feat""]",1.4941966980695724,"[""b7e38fb62aa6e8a30d72dec063b1adccd089d0aa"", ""6f5b1103c0893d13b42f1f7c6504c9c339840be3"", ""73211952964a79d97b434dd567e6d7d34be7feb5""]",1.0,1.0,1.0,True,0.0,12288,False,3
"[""feat"", ""docs"", ""test""]","[""docs"", ""feat"", ""test""]",2.5502058346755803,"[""8dfd2af29bf784b242992ee9ec0fbc85753b063c"", ""8a954673531d6935f5517535b9068639ed5cff0d"", ""6c7398993bc567ec84e4573b6ededbf50b1ef606""]",1.0,1.0,1.0,True,0.0,12288,False,3
"[""build"", ""ci"", ""refactor""]","[""build"", ""ci"", ""fix""]",1.3435444957576692,"[""45bbdaba1490a3216decb2c1a88b8f7041a3d505"", ""be44bbdeb52c6025e81c99528ed7b0d932c5be18"", ""ccd1946a375e2ac10c3c591b04a435c4bc5170c2""]",0.6666666666666666,0.6666666666666666,0.6666666666666666,False,0.2857142857142857,12288,False,3
"[""build"", ""feat""]","[""build"", ""feat"", ""refactor""]",1.0553408679552376,"[""0f38960851ac0fd159727d5dffb36f50268eec18"", ""1ae8bf1195b197daa80ba6e45360f8b894364cd4"", ""336b25f3ae9da5d972304662fcdb88f4719c721d""]",1.0,0.6666666666666666,0.8,False,0.1428571428571428,12288,False,3
"[""ci"", ""docs"", ""refactor""]","[""ci"", ""docs"", ""refactor""]",3.4448172468692064,"[""6f5b1103c0893d13b42f1f7c6504c9c339840be3"", ""eb51316cdfdc7258d287ba13b67ef2f42bd2b8f6"", ""d357640fab55e5964fe83efc3c771e53aa3222fd""]",1.0,1.0,1.0,True,0.0,12288,False,3
"[""ci"", ""fix"", ""test""]","[""feat"", ""fix"", ""test""]",1.6587072871625423,"[""ebaa20ea3f02e25f78c52cae208017a898cb6c13"", ""dc50bd35462a49058c91a939fc8830ae7a9eb692"", ""3c812f916e06a53b899e9e3dd79760b475fa4b87""]",0.6666666666666666,0.6666666666666666,0.6666666666666666,False,0.2857142857142857,12288,False,3
"[""build"", ""docs"", ""fix""]","[""build"", ""docs"", ""refactor""]",1.8451523701660335,"[""0f38960851ac0fd159727d5dffb36f50268eec18"", ""dfab97842fe78fb8f217a5185fb6ec92682a53ca"", ""f85974761be11e0ecc85575bc4b6d5a02e438fd2""]",0.6666666666666666,0.6666666666666666,0.6666666666666666,False,0.2857142857142857,12288,False,3
"[""ci"", ""feat"", ""test""]","[""ci"", ""fix"", ""test""]",1.3497071680612862,"[""8d2e23bde626eaed6e5b13384cc7ac38bab5ea66"", ""f9d9f859240c6f7e78b0303ea40e46622d42bc3c"", ""cdbc37711fa9c64b2cfa767766ca55c95c1736f7""]",0.6666666666666666,0.6666666666666666,0.6666666666666666,False,0.2857142857142857,12288,False,3
"[""build"", ""fix"", ""test""]","[""build"", ""fix"", ""test""]",1.1277713170275092,"[""b7e38fb62aa6e8a30d72dec063b1adccd089d0aa"", ""be2cbd9480fcbd60c3011ca57f1d761185cf52bd"", ""625cbbca0d92b8756eac6fcacc795d90527d8975""]",1.0,1.0,1.0,True,0.0,12288,False,3
"[""feat"", ""docs"", ""test"", ""build""]","[""ci"", ""feat"", ""refactor""]",2.2169439741410315,"[""bda1822851d9be04f0d39f2213d1e2066eb115c8"", ""9114362b39f5194209cd0b330af7076333f3db77"", ""fba4326c72fc22d81aba6976a9fef1e4b6154fd9""]",0.25,0.3333333333333333,0.2857142857142857,False,0.7142857142857143,12288,False,3
"[""ci"", ""docs"", ""feat"", ""refactor""]","[""ci"", ""docs"", ""feat""]",2.5025476133450866,"[""8d2e23bde626eaed6e5b13384cc7ac38bab5ea66"", ""527e0abd0f88cb3ae2dc1a6ec7a62c241250444d"", ""bbb6ee10de824f2e3259576ac01768640c884279""]",0.75,1.0,0.8571428571428571,False,0.1428571428571428,12288,False,3
"[""feat"", ""fix"", ""refactor"", ""docs"", ""test"", ""ci"", ""build""]","[""docs"", ""refactor"", ""test""]",2.715846364852041,"[""e9358fb4955396bfc3340418c77cbce4fa6123ee"", ""eb8a8d3fc493ff8a20b19c9efac8f112ae9f5762"", ""4464cf5e89d5e570c20267d09fb1fa2b7ef66b93""]",0.4285714285714285,1.0,0.6,False,0.5714285714285714,12288,False,3
"[""build"", ""ci"", ""fix""]","[""build"", ""ci"", ""fix""]",1.0086259269155562,"[""b7e38fb62aa6e8a30d72dec063b1adccd089d0aa"", ""6f5b1103c0893d13b42f1f7c6504c9c339840be3"", ""be2cbd9480fcbd60c3011ca57f1d761185cf52bd""]",1.0,1.0,1.0,True,0.0,12288,False,3
"[""feat"", ""fix"", ""refactor"", ""docs"", ""test"", ""ci"", ""build""]","[""docs"", ""feat"", ""refactor""]",3.1736677517183125,"[""e9358fb4955396bfc3340418c77cbce4fa6123ee"", ""3709e392924aba3542514ce35bd681adca39e8ac"", ""cd7e8c3d3549ea05115b3f02586eeba894d86906""]",0.4285714285714285,1.0,0.6,False,0.5714285714285714,12288,False,3
"[""build"", ""test""]","[""build"", ""fix"", ""test""]",1.2961312718689442,"[""4ab28fc2e63e975a0c77e18ae644f34fa5f8771a"", ""b131f5d67076b97b3186c820760df839bf796ad5"", ""2a7c6f5c0b1c966d6a5d103de1978a61c141648a""]",1.0,0.6666666666666666,0.8,False,0.1428571428571428,12288,False,3
"[""feat"", ""test"", ""docs"", ""refactor""]","[""docs"", ""feat"", ""refactor""]",1.961671591270715,"[""b8a664c1b10f4e30a3e221a14211a3cdaf90b7f4"", ""3730075261bc81df68f9d10f12a2d6bbffd8493c"", ""0e4ede620dd9a2cdc13ab9cc6da05577b39fddb8""]",0.75,1.0,0.8571428571428571,False,0.1428571428571428,12288,False,3
"[""ci"", ""fix"", ""test""]","[""build"", ""fix"", ""test""]",2.334063219372183,"[""37b1cbfd3d2c462ef4f2a131e4172c38dc8d9ddf"", ""c1d3b58fd20995b1b9ca4e6771e3fa375242b02d"", ""82c47c7165a28f311cd40e132a6c24f6a7c82d4b""]",0.6666666666666666,0.6666666666666666,0.6666666666666666,False,0.2857142857142857,12288,False,3
"[""feat"", ""refactor"", ""build"", ""docs""]","[""ci"", ""feat"", ""refactor""]",2.1693468699231744,"[""bda1822851d9be04f0d39f2213d1e2066eb115c8"", ""9114362b39f5194209cd0b330af7076333f3db77"", ""d4d8bdd3a0a5cec993735abc2e8cc2feff8eae27""]",0.5,0.6666666666666666,0.5714285714285715,False,0.4285714285714285,12288,False,3
"[""docs"", ""refactor""]","[""build"", ""docs"", ""fix""]",1.4524064869619906,"[""2d4d735d94386f5045e3b3abc022c2edcdfaef8f"", ""cc553ae68766395e9f253379ddd7cf664d7befa1"", ""eb9f7b24364e86d7bcf50bb23b62c743cf5526f6""]",0.5,0.3333333333333333,0.4,False,0.4285714285714285,12288,False,3
"[""ci"", ""test"", ""docs""]","[""ci"", ""docs"", ""test""]",1.5659282519482076,"[""87d576e936e234d0429ad753267a2760c5dfd314"", ""2fdecc045fdb509832a758e45412c115fa03e8e8"", ""6c7398993bc567ec84e4573b6ededbf50b1ef606""]",1.0,1.0,1.0,True,0.0,12288,False,3
"[""build"", ""test""]","[""build"", ""ci"", ""test""]",1.468895961064845,"[""454003841aabeb74396d73541378bfa59c75b5db"", ""bda1822851d9be04f0d39f2213d1e2066eb115c8"", ""cd2bfb9b2298e8cd91013808547b35a9c40f46f1""]",1.0,0.6666666666666666,0.8,False,0.1428571428571428,12288,False,3
"[""feat"", ""fix"", ""refactor"", ""docs"", ""test"", ""ci"", ""build""]","[""feat"", ""fix"", ""refactor""]",3.039175729267299,"[""482442ecc1aaf981895a36c367abbd377fd93891"", ""80242b34468398e835e5b3fc5ac345dbae4bcc7e"", ""fba4326c72fc22d81aba6976a9fef1e4b6154fd9""]",0.4285714285714285,1.0,0.6,False,0.5714285714285714,12288,False,3
"[""feat"", ""fix"", ""refactor"", ""docs"", ""test"", ""ci"", ""build""]","[""build"", ""fix"", ""refactor"", ""test""]",2.091460620984435,"[""45bbdaba1490a3216decb2c1a88b8f7041a3d505"", ""ccd1946a375e2ac10c3c591b04a435c4bc5170c2"", ""0e4ede620dd9a2cdc13ab9cc6da05577b39fddb8"", ""076b9f5efc109b481074a81957e24ce9f4a69f08""]",0.5714285714285714,1.0,0.7272727272727273,False,0.4285714285714285,12288,False,4
"[""feat"", ""docs"", ""ci"", ""refactor""]","[""ci"", ""docs"", ""feat"", ""refactor""]",2.6731466380879283,"[""6f5b1103c0893d13b42f1f7c6504c9c339840be3"", ""01e1e33f377934099a4a725fab5cd6c5ff50eaa2"", ""73211952964a79d97b434dd567e6d7d34be7feb5"", ""7d6f760a91b55967972bbd1b972307624e876805""]",1.0,1.0,1.0,True,0.0,12288,False,4
"[""build"", ""ci"", ""docs"", ""refactor"", ""test""]","[""build"", ""ci"", ""docs"", ""test""]",1.7805457022041082,"[""45bbdaba1490a3216decb2c1a88b8f7041a3d505"", ""be44bbdeb52c6025e81c99528ed7b0d932c5be18"", ""16124286236edf03a6199720ba1629a35e3fe1aa"", ""076b9f5efc109b481074a81957e24ce9f4a69f08""]",0.8,1.0,0.888888888888889,False,0.1428571428571428,12288,False,4
"[""feat"", ""fix"", ""refactor"", ""docs"", ""test"", ""ci"", ""build""]","[""feat"", ""fix"", ""refactor"", ""test""]",2.901510514318943,"[""a84d6715a4df12cc0ee9aa6f2596ce3b04353958"", ""6849b9066f5d95b9e54c67046cfa136cf0d88b27"", ""3e0e30ecebaf23f0c36fa4811426f8f4e0057cfe"", ""e77f6751182595fe08940d67e11a90416c8dd6fd""]",0.5714285714285714,1.0,0.7272727272727273,False,0.4285714285714285,12288,False,4
"[""feat"", ""fix"", ""refactor"", ""docs"", ""test"", ""ci"", ""build""]","[""build"", ""ci"", ""feat"", ""fix""]",3.294715418945998,"[""b8dfd5a2f39b4768cf070aeb9d09364577c626f9"", ""bda1822851d9be04f0d39f2213d1e2066eb115c8"", ""6f0cf049caa1a7982669ee685e86621452686551"", ""80242b34468398e835e5b3fc5ac345dbae4bcc7e""]",0.5714285714285714,1.0,0.7272727272727273,False,0.4285714285714285,12288,False,4
"[""feat"", ""fix"", ""refactor"", ""docs"", ""test"", ""ci"", ""build""]","[""ci"", ""docs"", ""feat"", ""test""]",2.3325816211290658,"[""be44bbdeb52c6025e81c99528ed7b0d932c5be18"", ""b8a664c1b10f4e30a3e221a14211a3cdaf90b7f4"", ""3730075261bc81df68f9d10f12a2d6bbffd8493c"", ""076b9f5efc109b481074a81957e24ce9f4a69f08""]",0.5714285714285714,1.0,0.7272727272727273,False,0.4285714285714285,12288,False,4
"[""build"", ""docs"", ""refactor""]","[""build"", ""docs"", ""fix"", ""refactor""]",2.6263969000428915,"[""1ad3f41f28d2faa5229ee88b54d673275cc31036"", ""cc553ae68766395e9f253379ddd7cf664d7befa1"", ""6849b9066f5d95b9e54c67046cfa136cf0d88b27"", ""e8a8edadc5c25d6410462b89a48e0602e0cbbc7f""]",1.0,0.75,0.8571428571428571,False,0.1428571428571428,12288,False,4
"[""build"", ""ci"", ""docs"", ""refactor""]","[""build"", ""ci"", ""docs"", ""refactor""]",2.67072043614462,"[""b7e38fb62aa6e8a30d72dec063b1adccd089d0aa"", ""6f5b1103c0893d13b42f1f7c6504c9c339840be3"", ""01e1e33f377934099a4a725fab5cd6c5ff50eaa2"", ""86f3e3397594f8312226c5a193608a054087805c""]",1.0,1.0,1.0,True,0.0,12288,False,4
"[""feat"", ""fix"", ""refactor"", ""docs"", ""test"", ""ci"", ""build""]","[""ci"", ""feat"", ""fix"", ""test""]",2.9339398578740656,"[""bda1822851d9be04f0d39f2213d1e2066eb115c8"", ""482442ecc1aaf981895a36c367abbd377fd93891"", ""238ba1990ea68eb64bdfc6b31efebad2acb01ad6"", ""b7e2330fa3a8d7b8a9bff01b707c44e64b845c7b""]",0.5714285714285714,1.0,0.7272727272727273,False,0.4285714285714285,12288,False,4
"[""feat"", ""fix"", ""refactor"", ""docs"", ""test"", ""ci"", ""build""]","[""build"", ""docs"", ""feat"", ""refactor""]",3.04246932733804,"[""b0866f62417f56bdd5a46e8f14278af79efc4d76"", ""fc9af4d0b93d69be4e201ffb18da04324e8a4a87"", ""a84d6715a4df12cc0ee9aa6f2596ce3b04353958"", ""3e0e30ecebaf23f0c36fa4811426f8f4e0057cfe""]",0.5714285714285714,1.0,0.7272727272727273,False,0.4285714285714285,12288,False,4
"[""feat"", ""fix"", ""refactor"", ""docs"", ""test"", ""ci"", ""build""]","[""build"", ""feat"", ""fix"", ""test""]",2.8718373547308147,"[""ecc481f9f501aa34b41e06e7bbdde6e79f8ca1bb"", ""8b9176b44bb01a1eef497a403b0304bc389c9aee"", ""cc6408b88246f20c62884a5892a6276baf7c3920"", ""87427fe39d165bee2acedde8dbaa237cca3fb61e""]",0.5714285714285714,1.0,0.7272727272727273,False,0.4285714285714285,12288,False,4
"[""ci"", ""refactor"", ""test""]","[""ci"", ""fix"", ""refactor"", ""test""]",1.6947752628475428,"[""492a7ff9c3ecdc558759f09d836830e988a189d2"", ""2b1ad9d10fc5685ec75f362a73229569f03344ca"", ""d55088c612b1108ef566ec47e40fb8d1050f7451"", ""6c7398993bc567ec84e4573b6ededbf50b1ef606""]",1.0,0.75,0.8571428571428571,False,0.1428571428571428,12288,False,4
"[""ci"", ""docs"", ""refactor"", ""test""]","[""ci"", ""docs"", ""refactor"", ""test""]",1.3853238569572568,"[""200aca9f3d1253e4e28e79464da19b701aba777e"", ""7f611e4208d0cc36c635eb0641a4b3258999ae8d"", ""8f1034b79f894b4b1112a4bc1903f37f22f7f5ed"", ""6c7398993bc567ec84e4573b6ededbf50b1ef606""]",1.0,1.0,1.0,True,0.0,12288,False,4
"[""feat"", ""docs"", ""test"", ""build""]","[""build"", ""docs"", ""feat"", ""fix""]",1.7279935460537672,"[""45bbdaba1490a3216decb2c1a88b8f7041a3d505"", ""b8a664c1b10f4e30a3e221a14211a3cdaf90b7f4"", ""3730075261bc81df68f9d10f12a2d6bbffd8493c"", ""ccd1946a375e2ac10c3c591b04a435c4bc5170c2""]",0.75,0.75,0.75,False,0.2857142857142857,12288,False,4
"[""build"", ""docs"", ""fix"", ""test""]","[""build"", ""docs"", ""fix"", ""test""]",2.3515423689968884,"[""ecc481f9f501aa34b41e06e7bbdde6e79f8ca1bb"", ""144388439d64e049cbed4e37659e819856d6987f"", ""45b386aa3f06bce06f5e03fbde0aa52c4051c8bc"", ""3c04162664b130c9486cba54afc16b6e57c779d1""]",1.0,1.0,1.0,True,0.0,12288,False,4
"[""feat"", ""refactor"", ""ci"", ""test""]","[""ci"", ""feat"", ""refactor"", ""test""]",2.3547173580154777,"[""6f5b1103c0893d13b42f1f7c6504c9c339840be3"", ""73211952964a79d97b434dd567e6d7d34be7feb5"", ""86f3e3397594f8312226c5a193608a054087805c"", ""625cbbca0d92b8756eac6fcacc795d90527d8975""]",1.0,1.0,1.0,True,0.0,12288,False,4
"[""feat"", ""build"", ""refactor"", ""test""]","[""build"", ""docs"", ""feat"", ""refactor""]",1.7053446932695806,"[""b7e38fb62aa6e8a30d72dec063b1adccd089d0aa"", ""9849430b11b92ae58d94cfe4d0b06313c7eab550"", ""73211952964a79d97b434dd567e6d7d34be7feb5"", ""adc34a26803e2b02df0ddc0739d73cd0b6216e00""]",0.75,0.75,0.75,False,0.2857142857142857,12288,False,4
"[""feat"", ""fix"", ""refactor"", ""docs"", ""test"", ""ci"", ""build""]","[""build"", ""ci"", ""fix"", ""refactor""]",2.200119147077203,"[""bfe32bf10e9b6d699f694fbd095af0b3f2e6275f"", ""bda1822851d9be04f0d39f2213d1e2066eb115c8"", ""238ba1990ea68eb64bdfc6b31efebad2acb01ad6"", ""d4d8bdd3a0a5cec993735abc2e8cc2feff8eae27""]",0.5714285714285714,1.0,0.7272727272727273,False,0.4285714285714285,12288,False,4
"[""ci"", ""docs"", ""refactor"", ""build""]","[""ci"", ""docs"", ""fix"", ""test""]",1.4897369877435267,"[""be44bbdeb52c6025e81c99528ed7b0d932c5be18"", ""b8a664c1b10f4e30a3e221a14211a3cdaf90b7f4"", ""ccd1946a375e2ac10c3c591b04a435c4bc5170c2"", ""076b9f5efc109b481074a81957e24ce9f4a69f08""]",0.5,0.5,0.5,False,0.5714285714285714,12288,False,4
"[""feat"", ""build"", ""refactor"", ""docs""]","[""build"", ""docs"", ""feat"", ""refactor""]",2.0631707971915603,"[""b7e38fb62aa6e8a30d72dec063b1adccd089d0aa"", ""9849430b11b92ae58d94cfe4d0b06313c7eab550"", ""73211952964a79d97b434dd567e6d7d34be7feb5"", ""eafee3c5c124ce0c71fd854270cea39cc273b27c""]",1.0,1.0,1.0,True,0.0,12288,False,4
"[""feat"", ""docs"", ""test"", ""ci"", ""refactor""]","[""ci"", ""feat"", ""fix"", ""test""]",2.2565119420178235,"[""492a7ff9c3ecdc558759f09d836830e988a189d2"", ""8a954673531d6935f5517535b9068639ed5cff0d"", ""2b1ad9d10fc5685ec75f362a73229569f03344ca"", ""6c7398993bc567ec84e4573b6ededbf50b1ef606""]",0.6,0.75,0.6666666666666665,False,0.4285714285714285,12288,False,4
"[""ci"", ""feat"", ""docs"", ""test""]","[""ci"", ""feat"", ""refactor"", ""test""]",2.0309164952486753,"[""2e65145acb5a3d20d16203142c466da0e32729ba"", ""8a954673531d6935f5517535b9068639ed5cff0d"", ""8f1034b79f894b4b1112a4bc1903f37f22f7f5ed"", ""6c7398993bc567ec84e4573b6ededbf50b1ef606""]",0.75,0.75,0.75,False,0.2857142857142857,12288,False,4
"[""build"", ""docs"", ""fix""]","[""build"", ""docs"", ""fix"", ""refactor""]",1.9469854952767491,"[""b7e38fb62aa6e8a30d72dec063b1adccd089d0aa"", ""eb51316cdfdc7258d287ba13b67ef2f42bd2b8f6"", ""be2cbd9480fcbd60c3011ca57f1d761185cf52bd"", ""7f797e68d8f721dff9553ba0ba5616efc456ebb5""]",1.0,0.75,0.8571428571428571,False,0.1428571428571428,12288,False,4
"[""feat"", ""fix"", ""test"", ""build"", ""docs"", ""ci"", ""refactor""]","[""build"", ""ci"", ""feat"", ""test""]",2.87609669007361,"[""b8dfd5a2f39b4768cf070aeb9d09364577c626f9"", ""bda1822851d9be04f0d39f2213d1e2066eb115c8"", ""988dda23984894cea097d64646196e8d6196d6b6"", ""7c48976f943e1e9b5850967b6f2963a205476ded""]",0.5714285714285714,1.0,0.7272727272727273,False,0.4285714285714285,12288,False,4
"[""docs"", ""ci"", ""build"", ""refactor"", ""fix""]","[""docs"", ""feat"", ""fix"", ""refactor""]",2.9587581250816584,"[""3a4e21c36d76b4bea8dbb365d3c3bd005a7f3f8f"", ""ebaa20ea3f02e25f78c52cae208017a898cb6c13"", ""d129eaf9125a967ac86c6c7276bbae6b4d50af36"", ""8a9a022baa15befc325f87892c6bdae25b35bc33""]",0.6,0.75,0.6666666666666665,False,0.4285714285714285,12288,False,4
"[""build"", ""ci"", ""docs"", ""refactor""]","[""build"", ""ci"", ""docs"", ""test""]",1.5435575740411878,"[""45bbdaba1490a3216decb2c1a88b8f7041a3d505"", ""be44bbdeb52c6025e81c99528ed7b0d932c5be18"", ""b8a664c1b10f4e30a3e221a14211a3cdaf90b7f4"", ""076b9f5efc109b481074a81957e24ce9f4a69f08""]",0.75,0.75,0.75,False,0.2857142857142857,12288,False,4
"[""docs"", ""build"", ""ci"", ""refactor""]","[""build"", ""ci"", ""fix"", ""refactor""]",1.7921989420428872,"[""4542d9973a848a2bd4f9baf12992efe7d7a69f2c"", ""db55dae208e4807898e6c747cefdf9bfcb4fd08c"", ""73b8948ea1d49e05ae8c63b17926eda4cb04e9bb"", ""70a00973a07520959210219fcaba2a782d76f491""]",0.75,0.75,0.75,False,0.2857142857142857,12288,False,4
"[""docs"", ""feat"", ""test""]","[""docs"", ""feat"", ""fix"", ""test""]",2.157736116088927,"[""3f0ae7cf819776124d7aae792800fb9730a593a9"", ""8a954673531d6935f5517535b9068639ed5cff0d"", ""2b1ad9d10fc5685ec75f362a73229569f03344ca"", ""6c7398993bc567ec84e4573b6ededbf50b1ef606""]",1.0,0.75,0.8571428571428571,False,0.1428571428571428,12288,False,4
"[""feat"", ""test"", ""build"", ""refactor"", ""ci""]","[""build"", ""feat"", ""fix"", ""test""]",2.09874862479046,"[""45bbdaba1490a3216decb2c1a88b8f7041a3d505"", ""3730075261bc81df68f9d10f12a2d6bbffd8493c"", ""ccd1946a375e2ac10c3c591b04a435c4bc5170c2"", ""076b9f5efc109b481074a81957e24ce9f4a69f08""]",0.6,0.75,0.6666666666666665,False,0.4285714285714285,12288,False,4
"[""feat"", ""ci"", ""docs"", ""build""]","[""ci"", ""docs"", ""feat"", ""refactor""]",2.659410364925862,"[""bb00890fa896936d0be09cc5e5f411fb5e64aa5f"", ""af82c2c910c9b5d3dd68de30c59a9e169a8934a5"", ""8a954673531d6935f5517535b9068639ed5cff0d"", ""8f1034b79f894b4b1112a4bc1903f37f22f7f5ed""]",0.75,0.75,0.75,False,0.2857142857142857,12288,False,4
"[""feat"", ""fix"", ""refactor"", ""docs"", ""test"", ""ci"", ""build""]","[""build"", ""ci"", ""refactor"", ""test""]",2.1353234532289207,"[""45bbdaba1490a3216decb2c1a88b8f7041a3d505"", ""be44bbdeb52c6025e81c99528ed7b0d932c5be18"", ""0e4ede620dd9a2cdc13ab9cc6da05577b39fddb8"", ""076b9f5efc109b481074a81957e24ce9f4a69f08""]",0.5714285714285714,1.0,0.7272727272727273,False,0.4285714285714285,12288,False,4
"[""ci"", ""docs"", ""fix"", ""test""]","[""ci"", ""docs"", ""fix"", ""test""]",2.0537014212459326,"[""6f5b1103c0893d13b42f1f7c6504c9c339840be3"", ""01e1e33f377934099a4a725fab5cd6c5ff50eaa2"", ""be2cbd9480fcbd60c3011ca57f1d761185cf52bd"", ""625cbbca0d92b8756eac6fcacc795d90527d8975""]",1.0,1.0,1.0,True,0.0,12288,False,4
"[""feat"", ""fix"", ""refactor"", ""docs"", ""test"", ""ci"", ""build""]","[""build"", ""feat"", ""fix"", ""refactor""]",2.1635090820491314,"[""4ab28fc2e63e975a0c77e18ae644f34fa5f8771a"", ""d61bf50f77b404e660a6e5aa9e9bc4ce415e8c18"", ""b131f5d67076b97b3186c820760df839bf796ad5"", ""905693129255e7208ca2ec63c6e07cce711047fd""]",0.5714285714285714,1.0,0.7272727272727273,False,0.4285714285714285,12288,False,4
"[""feat"", ""fix"", ""refactor"", ""docs"", ""test"", ""ci"", ""build""]","[""ci"", ""docs"", ""feat"", ""fix""]",2.336898237001151,"[""be44bbdeb52c6025e81c99528ed7b0d932c5be18"", ""b8a664c1b10f4e30a3e221a14211a3cdaf90b7f4"", ""3730075261bc81df68f9d10f12a2d6bbffd8493c"", ""ccd1946a375e2ac10c3c591b04a435c4bc5170c2""]",0.5714285714285714,1.0,0.7272727272727273,False,0.4285714285714285,12288,False,4
"[""build"", ""docs"", ""feat"", ""test""]","[""build"", ""docs"", ""refactor"", ""test""]",2.9968398585915565,"[""ecc481f9f501aa34b41e06e7bbdde6e79f8ca1bb"", ""ee7cc5d5a940fba774e715b1f029c6361110b108"", ""5748ff57ebafe94c4979eafa790d9a84812ca440"", ""3c04162664b130c9486cba54afc16b6e57c779d1""]",0.75,0.75,0.75,False,0.2857142857142857,12288,False,4
"[""ci"", ""docs"", ""fix"", ""refactor"", ""test""]","[""build"", ""docs"", ""fix"", ""refactor""]",3.0107158618047833,"[""e0a977b2d316e7612b5d72cb02cd7d78e75dbc55"", ""01e536c6eb273f533ac7bb1a51c4954128de2c63"", ""6849b9066f5d95b9e54c67046cfa136cf0d88b27"", ""72e3eed599b3a3dd154575af344ac3e5c62dd07b""]",0.6,0.75,0.6666666666666665,False,0.4285714285714285,12288,False,4
"[""feat"", ""fix"", ""refactor"", ""docs"", ""test"", ""ci"", ""build""]","[""ci"", ""feat"", ""refactor"", ""test""]",2.8078744681552052,"[""bda1822851d9be04f0d39f2213d1e2066eb115c8"", ""988dda23984894cea097d64646196e8d6196d6b6"", ""d4d8bdd3a0a5cec993735abc2e8cc2feff8eae27"", ""7c48976f943e1e9b5850967b6f2963a205476ded""]",0.5714285714285714,1.0,0.7272727272727273,False,0.4285714285714285,12288,False,4
"[""feat"", ""fix"", ""refactor"", ""docs"", ""test"", ""ci"", ""build""]","[""build"", ""docs"", ""feat"", ""test""]",1.9980233712121844,"[""b0866f62417f56bdd5a46e8f14278af79efc4d76"", ""969aa32659f6918cb0eeeba6b02d6485659dbdd2"", ""a84d6715a4df12cc0ee9aa6f2596ce3b04353958"", ""e77f6751182595fe08940d67e11a90416c8dd6fd""]",0.5714285714285714,1.0,0.7272727272727273,False,0.4285714285714285,12288,False,4
"[""feat"", ""build"", ""ci""]","[""build"", ""ci"", ""feat"", ""fix""]",1.5396058657206595,"[""b7e38fb62aa6e8a30d72dec063b1adccd089d0aa"", ""6f5b1103c0893d13b42f1f7c6504c9c339840be3"", ""73211952964a79d97b434dd567e6d7d34be7feb5"", ""be2cbd9480fcbd60c3011ca57f1d761185cf52bd""]",1.0,0.75,0.8571428571428571,False,0.1428571428571428,12288,False,4
"[""docs"", ""refactor"", ""test""]","[""docs"", ""fix"", ""refactor"", ""test""]",1.603455999866128,"[""2fdecc045fdb509832a758e45412c115fa03e8e8"", ""2b1ad9d10fc5685ec75f362a73229569f03344ca"", ""d55088c612b1108ef566ec47e40fb8d1050f7451"", ""6c7398993bc567ec84e4573b6ededbf50b1ef606""]",1.0,0.75,0.8571428571428571,False,0.1428571428571428,12288,False,4
"[""ci"", ""fix"", ""test""]","[""ci"", ""fix"", ""refactor"", ""test""]",1.147777482867241,"[""6f5b1103c0893d13b42f1f7c6504c9c339840be3"", ""be2cbd9480fcbd60c3011ca57f1d761185cf52bd"", ""7f797e68d8f721dff9553ba0ba5616efc456ebb5"", ""625cbbca0d92b8756eac6fcacc795d90527d8975""]",1.0,0.75,0.8571428571428571,False,0.1428571428571428,12288,False,4
"[""feat"", ""fix"", ""refactor"", ""docs"", ""test"", ""ci"", ""build""]","[""build"", ""ci"", ""docs"", ""feat""]",2.5059948791749775,"[""45bbdaba1490a3216decb2c1a88b8f7041a3d505"", ""be44bbdeb52c6025e81c99528ed7b0d932c5be18"", ""16124286236edf03a6199720ba1629a35e3fe1aa"", ""3730075261bc81df68f9d10f12a2d6bbffd8493c""]",0.5714285714285714,1.0,0.7272727272727273,False,0.4285714285714285,12288,False,4
"[""feat"", ""fix"", ""refactor"", ""docs"", ""test"", ""ci"", ""build""]","[""feat"", ""fix"", ""refactor"", ""test""]",2.1974212122149765,"[""5e09c9128f13c45d54df685b0a17dc8e3f7ff02c"", ""b131f5d67076b97b3186c820760df839bf796ad5"", ""731626ece358b9db69dceeeca91c94920b178bdd"", ""2a7c6f5c0b1c966d6a5d103de1978a61c141648a""]",0.5714285714285714,1.0,0.7272727272727273,False,0.4285714285714285,12288,False,4
"[""feat"", ""docs"", ""ci"", ""build""]","[""build"", ""ci"", ""docs"", ""feat""]",2.4962939340621233,"[""b7e38fb62aa6e8a30d72dec063b1adccd089d0aa"", ""6f5b1103c0893d13b42f1f7c6504c9c339840be3"", ""01e1e33f377934099a4a725fab5cd6c5ff50eaa2"", ""73211952964a79d97b434dd567e6d7d34be7feb5""]",1.0,1.0,1.0,True,0.0,12288,False,4
"[""ci"", ""docs"", ""test"", ""refactor""]","[""ci"", ""docs"", ""fix"", ""test""]",1.7610853370279074,"[""8fe29cdc76480adc79701e4c492ff1e87566f569"", ""8dfd2af29bf784b242992ee9ec0fbc85753b063c"", ""2b1ad9d10fc5685ec75f362a73229569f03344ca"", ""6c7398993bc567ec84e4573b6ededbf50b1ef606""]",0.75,0.75,0.75,False,0.2857142857142857,12288,False,4
"[""feat"", ""build"", ""ci"", ""docs"", ""test"", ""refactor""]","[""build"", ""ci"", ""feat"", ""refactor""]",2.7345345090143383,"[""b8dfd5a2f39b4768cf070aeb9d09364577c626f9"", ""bda1822851d9be04f0d39f2213d1e2066eb115c8"", ""6f0cf049caa1a7982669ee685e86621452686551"", ""b98a8fed0b67b99ef4f8373aea904f847315e468""]",0.6666666666666666,1.0,0.8,False,0.2857142857142857,12288,False,4
"[""build"", ""fix"", ""test""]","[""build"", ""docs"", ""fix"", ""test""]",1.091145558282733,"[""b7e38fb62aa6e8a30d72dec063b1adccd089d0aa"", ""9849430b11b92ae58d94cfe4d0b06313c7eab550"", ""be2cbd9480fcbd60c3011ca57f1d761185cf52bd"", ""625cbbca0d92b8756eac6fcacc795d90527d8975""]",1.0,0.75,0.8571428571428571,False,0.1428571428571428,12288,False,4
"[""feat"", ""fix"", ""refactor"", ""docs"", ""test"", ""ci"", ""build""]","[""build"", ""docs"", ""refactor"", ""test""]",2.9321302138268948,"[""ecc481f9f501aa34b41e06e7bbdde6e79f8ca1bb"", ""ee7cc5d5a940fba774e715b1f029c6361110b108"", ""5748ff57ebafe94c4979eafa790d9a84812ca440"", ""87427fe39d165bee2acedde8dbaa237cca3fb61e""]",0.5714285714285714,1.0,0.7272727272727273,False,0.4285714285714285,12288,False,4
"[""feat"", ""test"", ""ci"", ""refactor"", ""build""]","[""ci"", ""feat"", ""fix"", ""refactor""]",2.243996900971979,"[""be44bbdeb52c6025e81c99528ed7b0d932c5be18"", ""3730075261bc81df68f9d10f12a2d6bbffd8493c"", ""ccd1946a375e2ac10c3c591b04a435c4bc5170c2"", ""0e4ede620dd9a2cdc13ab9cc6da05577b39fddb8""]",0.6,0.75,0.6666666666666665,False,0.4285714285714285,12288,False,4
"[""ci"", ""build"", ""refactor"", ""test""]","[""ci"", ""fix"", ""refactor"", ""test""]",1.9578696168027816,"[""14f535655d39847a85d0193559c9c0010357ba77"", ""2b1ad9d10fc5685ec75f362a73229569f03344ca"", ""d55088c612b1108ef566ec47e40fb8d1050f7451"", ""6c7398993bc567ec84e4573b6ededbf50b1ef606""]",0.75,0.75,0.75,False,0.2857142857142857,12288,False,4
"[""feat"", ""fix"", ""refactor"", ""docs"", ""test"", ""ci"", ""build""]","[""build"", ""docs"", ""feat"", ""test""]",2.936800552997738,"[""f46c6c6c26a14312aa05a77ff2a14aebd74e13ac"", ""fd849bd08363df60dbc8b9b6d55bac4f5ace88f4"", ""7704121d0c0bfce49f01c2b41cbc64a642cbb399"", ""11ffd5174bd61a2939ae58d2b2d43284302ae490""]",0.5714285714285714,1.0,0.7272727272727273,False,0.4285714285714285,12288,False,4
"[""feat"", ""fix"", ""build"", ""test""]","[""build"", ""ci"", ""feat"", ""fix""]",2.4633820061571896,"[""454003841aabeb74396d73541378bfa59c75b5db"", ""bda1822851d9be04f0d39f2213d1e2066eb115c8"", ""ba60e126299ad057772b5516d9ab390e770f1301"", ""238ba1990ea68eb64bdfc6b31efebad2acb01ad6""]",0.75,0.75,0.75,False,0.2857142857142857,12288,False,4
"[""feat"", ""docs"", ""test"", ""build"", ""refactor""]","[""build"", ""docs"", ""feat"", ""refactor""]",2.360838369000703,"[""45bbdaba1490a3216decb2c1a88b8f7041a3d505"", ""16124286236edf03a6199720ba1629a35e3fe1aa"", ""3730075261bc81df68f9d10f12a2d6bbffd8493c"", ""0e4ede620dd9a2cdc13ab9cc6da05577b39fddb8""]",0.8,1.0,0.888888888888889,False,0.1428571428571428,12288,False,4
"[""docs"", ""fix"", ""refactor"", ""test""]","[""docs"", ""fix"", ""refactor"", ""test""]",1.6148024159483612,"[""f58567e01509e53afff5dc6f3b59aaae18398eda"", ""f0c5ace9b5c5b7ea55da8607524d6cb68c615455"", ""8a9a022baa15befc325f87892c6bdae25b35bc33"", ""3c812f916e06a53b899e9e3dd79760b475fa4b87""]",1.0,1.0,1.0,True,0.0,12288,False,4
"[""feat"", ""fix"", ""build""]","[""build"", ""ci"", ""feat"", ""fix""]",2.274264292791486,"[""b8dfd5a2f39b4768cf070aeb9d09364577c626f9"", ""bda1822851d9be04f0d39f2213d1e2066eb115c8"", ""ba60e126299ad057772b5516d9ab390e770f1301"", ""238ba1990ea68eb64bdfc6b31efebad2acb01ad6""]",1.0,0.75,0.8571428571428571,False,0.1428571428571428,12288,False,4
"[""ci"", ""docs"", ""refactor"", ""build""]","[""ci"", ""docs"", ""refactor"", ""test""]",1.7504993919283152,"[""be44bbdeb52c6025e81c99528ed7b0d932c5be18"", ""16124286236edf03a6199720ba1629a35e3fe1aa"", ""0e4ede620dd9a2cdc13ab9cc6da05577b39fddb8"", ""076b9f5efc109b481074a81957e24ce9f4a69f08""]",0.75,0.75,0.75,False,0.2857142857142857,12288,False,4
"[""feat"", ""test"", ""build"", ""refactor""]","[""build"", ""feat"", ""fix"", ""refactor""]",2.126825057901442,"[""45bbdaba1490a3216decb2c1a88b8f7041a3d505"", ""3730075261bc81df68f9d10f12a2d6bbffd8493c"", ""ccd1946a375e2ac10c3c591b04a435c4bc5170c2"", ""0e4ede620dd9a2cdc13ab9cc6da05577b39fddb8""]",0.75,0.75,0.75,False,0.2857142857142857,12288,False,4
"[""ci"", ""docs"", ""refactor"", ""build""]","[""ci"", ""docs"", ""fix"", ""test""]",1.584849449340254,"[""be44bbdeb52c6025e81c99528ed7b0d932c5be18"", ""16124286236edf03a6199720ba1629a35e3fe1aa"", ""ccd1946a375e2ac10c3c591b04a435c4bc5170c2"", ""076b9f5efc109b481074a81957e24ce9f4a69f08""]",0.5,0.5,0.5,False,0.5714285714285714,12288,False,4
"[""ci"", ""feat"", ""docs"", ""test""]","[""ci"", ""feat"", ""refactor"", ""test""]",2.029303221963346,"[""4c44543a3d9eea37e90a2316717feb01c0e0d83a"", ""8a954673531d6935f5517535b9068639ed5cff0d"", ""8f1034b79f894b4b1112a4bc1903f37f22f7f5ed"", ""6c7398993bc567ec84e4573b6ededbf50b1ef606""]",0.75,0.75,0.75,False,0.2857142857142857,12288,False,4
"[""build"", ""test"", ""refactor"", ""docs""]","[""build"", ""docs"", ""refactor"", ""test""]",1.6596638718619945,"[""0f38960851ac0fd159727d5dffb36f50268eec18"", ""3ee672483790ec71c700907a6e93af4698492026"", ""f5e80f75ead760ad0810e2b8579a062ac20f5f37"", ""8ee0611fbf0cd89abe7ae588f22e6ecb843598ea""]",1.0,1.0,1.0,True,0.0,12288,False,4
"[""ci"", ""feat""]","[""ci"", ""docs"", ""feat"", ""fix""]",1.3608850548043847,"[""6f5b1103c0893d13b42f1f7c6504c9c339840be3"", ""9849430b11b92ae58d94cfe4d0b06313c7eab550"", ""73211952964a79d97b434dd567e6d7d34be7feb5"", ""be2cbd9480fcbd60c3011ca57f1d761185cf52bd""]",1.0,0.5,0.6666666666666666,False,0.2857142857142857,12288,False,4
"[""feat"", ""test"", ""ci"", ""build"", ""refactor""]","[""build"", ""ci"", ""feat"", ""test""]",1.957338633015752,"[""45bbdaba1490a3216decb2c1a88b8f7041a3d505"", ""be44bbdeb52c6025e81c99528ed7b0d932c5be18"", ""3730075261bc81df68f9d10f12a2d6bbffd8493c"", ""076b9f5efc109b481074a81957e24ce9f4a69f08""]",0.8,1.0,0.888888888888889,False,0.1428571428571428,12288,False,4
"[""build"", ""docs"", ""refactor""]","[""build"", ""docs"", ""fix"", ""refactor""]",1.5443550772033632,"[""45bbdaba1490a3216decb2c1a88b8f7041a3d505"", ""b8a664c1b10f4e30a3e221a14211a3cdaf90b7f4"", ""ccd1946a375e2ac10c3c591b04a435c4bc5170c2"", ""0e4ede620dd9a2cdc13ab9cc6da05577b39fddb8""]",1.0,0.75,0.8571428571428571,False,0.1428571428571428,12288,False,4
"[""feat"", ""fix"", ""refactor"", ""docs"", ""test"", ""ci"", ""build""]","[""build"", ""feat"", ""fix"", ""refactor""]",2.780960027128458,"[""37b1cbfd3d2c462ef4f2a131e4172c38dc8d9ddf"", ""542f0cad5337de15428f0b6567ce4efd20a19a48"", ""ab1e60a97c6d5c688dacbd23bca40cb8f20c4ac3"", ""7adece9931eaef6aaf603b5567829bbdcb28f2d1""]",0.5714285714285714,1.0,0.7272727272727273,False,0.4285714285714285,12288,False,4
"[""ci"", ""docs"", ""test"", ""refactor""]","[""ci"", ""docs"", ""fix"", ""test""]",1.5403683469630778,"[""e7ecc8763152ed6f89dbf4a6f313c276549eb0b7"", ""29ace62b722bbebf20f0ed2d3fef0910e0973a5a"", ""2b1ad9d10fc5685ec75f362a73229569f03344ca"", ""6c7398993bc567ec84e4573b6ededbf50b1ef606""]",0.75,0.75,0.75,False,0.2857142857142857,12288,False,4
"[""feat"", ""fix"", ""refactor"", ""docs"", ""test"", ""ci"", ""build""]","[""ci"", ""feat"", ""refactor"", ""test""]",2.9600512287579477,"[""6f5b1103c0893d13b42f1f7c6504c9c339840be3"", ""73211952964a79d97b434dd567e6d7d34be7feb5"", ""24760bc2613ed61c4552532907626e209c37b5e8"", ""625cbbca0d92b8756eac6fcacc795d90527d8975""]",0.5714285714285714,1.0,0.7272727272727273,False,0.4285714285714285,12288,False,4
"[""feat"", ""build"", ""test""]","[""build"", ""docs"", ""feat"", ""test""]",1.6089712199755013,"[""b7e38fb62aa6e8a30d72dec063b1adccd089d0aa"", ""9849430b11b92ae58d94cfe4d0b06313c7eab550"", ""73211952964a79d97b434dd567e6d7d34be7feb5"", ""625cbbca0d92b8756eac6fcacc795d90527d8975""]",1.0,0.75,0.8571428571428571,False,0.1428571428571428,12288,False,4
"[""build"", ""ci"", ""refactor""]","[""build"", ""ci"", ""fix"", ""refactor""]",1.587397943250835,"[""45bbdaba1490a3216decb2c1a88b8f7041a3d505"", ""be44bbdeb52c6025e81c99528ed7b0d932c5be18"", ""ccd1946a375e2ac10c3c591b04a435c4bc5170c2"", ""0e4ede620dd9a2cdc13ab9cc6da05577b39fddb8""]",1.0,0.75,0.8571428571428571,False,0.1428571428571428,12288,False,4
"[""feat"", ""fix"", ""refactor"", ""docs"", ""test"", ""ci"", ""build""]","[""build"", ""docs"", ""fix"", ""refactor""]",3.050014149863273,"[""ecc481f9f501aa34b41e06e7bbdde6e79f8ca1bb"", ""ee7cc5d5a940fba774e715b1f029c6361110b108"", ""cc6408b88246f20c62884a5892a6276baf7c3920"", ""5748ff57ebafe94c4979eafa790d9a84812ca440""]",0.5714285714285714,1.0,0.7272727272727273,False,0.4285714285714285,12288,False,4
"[""ci"", ""docs"", ""feat"", ""test""]","[""ci"", ""docs"", ""feat"", ""test""]",1.6795384041033683,"[""6f5b1103c0893d13b42f1f7c6504c9c339840be3"", ""9849430b11b92ae58d94cfe4d0b06313c7eab550"", ""73211952964a79d97b434dd567e6d7d34be7feb5"", ""625cbbca0d92b8756eac6fcacc795d90527d8975""]",1.0,1.0,1.0,True,0.0,12288,False,4
"[""feat"", ""refactor"", ""ci"", ""build""]","[""build"", ""ci"", ""feat"", ""fix"", ""refactor""]",2.098576278425753,"[""b7e38fb62aa6e8a30d72dec063b1adccd089d0aa"", ""6f5b1103c0893d13b42f1f7c6504c9c339840be3"", ""73211952964a79d97b434dd567e6d7d34be7feb5"", ""be2cbd9480fcbd60c3011ca57f1d761185cf52bd"", ""3cb4a48ebd15c20692f4f3a2a924284dc7fd5e10""]",1.0,0.8,0.888888888888889,False,0.1428571428571428,12288,False,5
"[""feat"", ""docs"", ""test"", ""build""]","[""build"", ""docs"", ""feat"", ""fix"", ""test""]",2.328080350998789,"[""b7e38fb62aa6e8a30d72dec063b1adccd089d0aa"", ""01e1e33f377934099a4a725fab5cd6c5ff50eaa2"", ""73211952964a79d97b434dd567e6d7d34be7feb5"", ""be2cbd9480fcbd60c3011ca57f1d761185cf52bd"", ""625cbbca0d92b8756eac6fcacc795d90527d8975""]",1.0,0.8,0.888888888888889,False,0.1428571428571428,12288,False,5
"[""ci"", ""docs"", ""feat"", ""test""]","[""ci"", ""docs"", ""feat"", ""refactor"", ""test""]",2.129666510038078,"[""6f5b1103c0893d13b42f1f7c6504c9c339840be3"", ""9849430b11b92ae58d94cfe4d0b06313c7eab550"", ""73211952964a79d97b434dd567e6d7d34be7feb5"", ""6f638a53c18a66979b89220c9945ef97e49571b3"", ""625cbbca0d92b8756eac6fcacc795d90527d8975""]",1.0,0.8,0.888888888888889,False,0.1428571428571428,12288,False,5
"[""feat"", ""fix"", ""refactor"", ""docs"", ""test"", ""ci"", ""build""]","[""build"", ""docs"", ""fix"", ""refactor"", ""test""]",2.47781762201339,"[""2d4d735d94386f5045e3b3abc022c2edcdfaef8f"", ""969aa32659f6918cb0eeeba6b02d6485659dbdd2"", ""eb9f7b24364e86d7bcf50bb23b62c743cf5526f6"", ""3e0e30ecebaf23f0c36fa4811426f8f4e0057cfe"", ""e77f6751182595fe08940d67e11a90416c8dd6fd""]",0.7142857142857143,1.0,0.8333333333333333,False,0.2857142857142857,12288,False,5
"[""feat"", ""fix"", ""refactor"", ""docs"", ""test"", ""ci"", ""build""]","[""build"", ""ci"", ""docs"", ""refactor"", ""test""]",2.2926743268035352,"[""45bbdaba1490a3216decb2c1a88b8f7041a3d505"", ""be44bbdeb52c6025e81c99528ed7b0d932c5be18"", ""16124286236edf03a6199720ba1629a35e3fe1aa"", ""0e4ede620dd9a2cdc13ab9cc6da05577b39fddb8"", ""076b9f5efc109b481074a81957e24ce9f4a69f08""]",0.7142857142857143,1.0,0.8333333333333333,False,0.2857142857142857,12288,False,5
"[""feat"", ""docs"", ""ci"", ""test"", ""refactor""]","[""ci"", ""feat"", ""fix"", ""refactor"", ""test""]",2.7224118136800826,"[""bb00890fa896936d0be09cc5e5f411fb5e64aa5f"", ""8a954673531d6935f5517535b9068639ed5cff0d"", ""2b1ad9d10fc5685ec75f362a73229569f03344ca"", ""d55088c612b1108ef566ec47e40fb8d1050f7451"", ""6c7398993bc567ec84e4573b6ededbf50b1ef606""]",0.8,0.8,0.8000000000000002,False,0.2857142857142857,12288,False,5
"[""feat"", ""docs"", ""test"", ""ci"", ""build""]","[""build"", ""ci"", ""docs"", ""feat"", ""fix""]",2.0831196079961956,"[""45bbdaba1490a3216decb2c1a88b8f7041a3d505"", ""be44bbdeb52c6025e81c99528ed7b0d932c5be18"", ""16124286236edf03a6199720ba1629a35e3fe1aa"", ""3730075261bc81df68f9d10f12a2d6bbffd8493c"", ""ccd1946a375e2ac10c3c591b04a435c4bc5170c2""]",0.8,0.8,0.8000000000000002,False,0.2857142857142857,12288,False,5
"[""feat"", ""fix"", ""refactor"", ""docs"", ""test"", ""ci"", ""build""]","[""build"", ""ci"", ""feat"", ""refactor"", ""test""]",2.709646677132696,"[""45bbdaba1490a3216decb2c1a88b8f7041a3d505"", ""be44bbdeb52c6025e81c99528ed7b0d932c5be18"", ""3730075261bc81df68f9d10f12a2d6bbffd8493c"", ""0e4ede620dd9a2cdc13ab9cc6da05577b39fddb8"", ""076b9f5efc109b481074a81957e24ce9f4a69f08""]",0.7142857142857143,1.0,0.8333333333333333,False,0.2857142857142857,12288,False,5
"[""ci"", ""docs"", ""feat"", ""refactor""]","[""ci"", ""docs"", ""feat"", ""fix"", ""refactor""]",3.049755909945816,"[""6f5b1103c0893d13b42f1f7c6504c9c339840be3"", ""eb51316cdfdc7258d287ba13b67ef2f42bd2b8f6"", ""73211952964a79d97b434dd567e6d7d34be7feb5"", ""be2cbd9480fcbd60c3011ca57f1d761185cf52bd"", ""fd53cd188555f5c3dc8bc341c5d7eb04b761a70f""]",1.0,0.8,0.888888888888889,False,0.1428571428571428,12288,False,5
"[""feat"", ""docs"", ""test"", ""build""]","[""build"", ""docs"", ""feat"", ""fix"", ""test""]",2.4467997648753226,"[""b7e38fb62aa6e8a30d72dec063b1adccd089d0aa"", ""eb51316cdfdc7258d287ba13b67ef2f42bd2b8f6"", ""73211952964a79d97b434dd567e6d7d34be7feb5"", ""be2cbd9480fcbd60c3011ca57f1d761185cf52bd"", ""625cbbca0d92b8756eac6fcacc795d90527d8975""]",1.0,0.8,0.888888888888889,False,0.1428571428571428,12288,False,5
"[""build"", ""docs"", ""refactor"", ""test""]","[""build"", ""docs"", ""fix"", ""refactor"", ""test""]",1.78966523706913,"[""45bbdaba1490a3216decb2c1a88b8f7041a3d505"", ""b8a664c1b10f4e30a3e221a14211a3cdaf90b7f4"", ""ccd1946a375e2ac10c3c591b04a435c4bc5170c2"", ""0e4ede620dd9a2cdc13ab9cc6da05577b39fddb8"", ""076b9f5efc109b481074a81957e24ce9f4a69f08""]",1.0,0.8,0.888888888888889,False,0.1428571428571428,12288,False,5
"[""feat"", ""fix"", ""refactor"", ""docs"", ""test"", ""ci"", ""build""]","[""build"", ""ci"", ""docs"", ""feat"", ""refactor""]",2.710934089962393,"[""45bbdaba1490a3216decb2c1a88b8f7041a3d505"", ""be44bbdeb52c6025e81c99528ed7b0d932c5be18"", ""b8a664c1b10f4e30a3e221a14211a3cdaf90b7f4"", ""3730075261bc81df68f9d10f12a2d6bbffd8493c"", ""0e4ede620dd9a2cdc13ab9cc6da05577b39fddb8""]",0.7142857142857143,1.0,0.8333333333333333,False,0.2857142857142857,12288,False,5
"[""feat"", ""fix"", ""refactor"", ""docs"", ""test"", ""ci"", ""build""]","[""ci"", ""feat"", ""fix"", ""refactor"", ""test""]",2.5130855161696672,"[""6f5b1103c0893d13b42f1f7c6504c9c339840be3"", ""73211952964a79d97b434dd567e6d7d34be7feb5"", ""be2cbd9480fcbd60c3011ca57f1d761185cf52bd"", ""eb8d919e6f3443db279ba0c902f15d76676c02dc"", ""625cbbca0d92b8756eac6fcacc795d90527d8975""]",0.7142857142857143,1.0,0.8333333333333333,False,0.2857142857142857,12288,False,5
"[""build"", ""ci"", ""docs"", ""fix"", ""test""]","[""build"", ""ci"", ""docs"", ""fix"", ""test""]",2.103200491052121,"[""b7e38fb62aa6e8a30d72dec063b1adccd089d0aa"", ""6f5b1103c0893d13b42f1f7c6504c9c339840be3"", ""01e1e33f377934099a4a725fab5cd6c5ff50eaa2"", ""be2cbd9480fcbd60c3011ca57f1d761185cf52bd"", ""625cbbca0d92b8756eac6fcacc795d90527d8975""]",1.0,1.0,1.0,True,0.0,12288,False,5
"[""build"", ""ci"", ""fix"", ""test""]","[""build"", ""ci"", ""docs"", ""fix"", ""test""]",1.3465979900211096,"[""b7e38fb62aa6e8a30d72dec063b1adccd089d0aa"", ""6f5b1103c0893d13b42f1f7c6504c9c339840be3"", ""9849430b11b92ae58d94cfe4d0b06313c7eab550"", ""be2cbd9480fcbd60c3011ca57f1d761185cf52bd"", ""625cbbca0d92b8756eac6fcacc795d90527d8975""]",1.0,0.8,0.888888888888889,False,0.1428571428571428,12288,False,5
"[""feat"", ""fix"", ""refactor"", ""docs"", ""test"", ""ci"", ""build""]","[""build"", ""docs"", ""feat"", ""fix"", ""refactor""]",2.6675667450763285,"[""45bbdaba1490a3216decb2c1a88b8f7041a3d505"", ""b8a664c1b10f4e30a3e221a14211a3cdaf90b7f4"", ""3730075261bc81df68f9d10f12a2d6bbffd8493c"", ""ccd1946a375e2ac10c3c591b04a435c4bc5170c2"", ""0e4ede620dd9a2cdc13ab9cc6da05577b39fddb8""]",0.7142857142857143,1.0,0.8333333333333333,False,0.2857142857142857,12288,False,5
"[""feat"", ""build"", ""ci"", ""test"", ""refactor""]","[""build"", ""ci"", ""feat"", ""refactor"", ""test""]",2.1376992319710553,"[""b7e38fb62aa6e8a30d72dec063b1adccd089d0aa"", ""6f5b1103c0893d13b42f1f7c6504c9c339840be3"", ""73211952964a79d97b434dd567e6d7d34be7feb5"", ""816b0d49c45f6669c5aae748396e9551f2e30a96"", ""625cbbca0d92b8756eac6fcacc795d90527d8975""]",1.0,1.0,1.0,True,0.0,12288,False,5
"[""docs"", ""feat"", ""test""]","[""docs"", ""feat"", ""fix"", ""refactor"", ""test""]",1.4412043089978397,"[""fc9af4d0b93d69be4e201ffb18da04324e8a4a87"", ""15b8e4bc9349ce017f65e10b95cae48b0aa11828"", ""eb9f7b24364e86d7bcf50bb23b62c743cf5526f6"", ""72e3eed599b3a3dd154575af344ac3e5c62dd07b"", ""e77f6751182595fe08940d67e11a90416c8dd6fd""]",1.0,0.6,0.7499999999999999,False,0.2857142857142857,12288,False,5
"[""feat"", ""refactor"", ""ci"", ""test"", ""docs""]","[""ci"", ""feat"", ""fix"", ""refactor"", ""test""]",3.1435455600731075,"[""87d576e936e234d0429ad753267a2760c5dfd314"", ""8a954673531d6935f5517535b9068639ed5cff0d"", ""2b1ad9d10fc5685ec75f362a73229569f03344ca"", ""d55088c612b1108ef566ec47e40fb8d1050f7451"", ""6c7398993bc567ec84e4573b6ededbf50b1ef606""]",0.8,0.8,0.8000000000000002,False,0.2857142857142857,12288,False,5
"[""feat"", ""fix"", ""refactor"", ""docs"", ""test"", ""ci"", ""build""]","[""build"", ""ci"", ""docs"", ""feat"", ""refactor""]",2.808121994137764,"[""b7e38fb62aa6e8a30d72dec063b1adccd089d0aa"", ""6f5b1103c0893d13b42f1f7c6504c9c339840be3"", ""9849430b11b92ae58d94cfe4d0b06313c7eab550"", ""73211952964a79d97b434dd567e6d7d34be7feb5"", ""3550066c886bf253df376f303a60ed475ac42aaa""]",0.7142857142857143,1.0,0.8333333333333333,False,0.2857142857142857,12288,False,5
"[""build"", ""ci"", ""docs"", ""refactor""]","[""build"", ""ci"", ""docs"", ""fix"", ""test""]",1.7500386009924114,"[""45bbdaba1490a3216decb2c1a88b8f7041a3d505"", ""be44bbdeb52c6025e81c99528ed7b0d932c5be18"", ""16124286236edf03a6199720ba1629a35e3fe1aa"", ""ccd1946a375e2ac10c3c591b04a435c4bc5170c2"", ""076b9f5efc109b481074a81957e24ce9f4a69f08""]",0.75,0.6,0.6666666666666665,False,0.4285714285714285,12288,False,5
"[""feat"", ""docs"", ""ci"", ""test""]","[""build"", ""ci"", ""docs"", ""feat"", ""test""]",2.3226759689860046,"[""b7e38fb62aa6e8a30d72dec063b1adccd089d0aa"", ""6f5b1103c0893d13b42f1f7c6504c9c339840be3"", ""01e1e33f377934099a4a725fab5cd6c5ff50eaa2"", ""73211952964a79d97b434dd567e6d7d34be7feb5"", ""625cbbca0d92b8756eac6fcacc795d90527d8975""]",1.0,0.8,0.888888888888889,False,0.1428571428571428,12288,False,5
"[""ci"", ""feat"", ""docs"", ""refactor""]","[""ci"", ""docs"", ""feat"", ""fix"", ""refactor""]",2.0934807248413563,"[""976c34b6fdc32a7f3337f98e67a7c9e4ee9e793e"", ""7f611e4208d0cc36c635eb0641a4b3258999ae8d"", ""8a954673531d6935f5517535b9068639ed5cff0d"", ""2b1ad9d10fc5685ec75f362a73229569f03344ca"", ""8f1034b79f894b4b1112a4bc1903f37f22f7f5ed""]",1.0,0.8,0.888888888888889,False,0.1428571428571428,12288,False,5
"[""feat"", ""fix"", ""refactor"", ""docs"", ""test"", ""ci"", ""build""]","[""build"", ""feat"", ""fix"", ""refactor"", ""test""]",3.5787375858053565,"[""bfe32bf10e9b6d699f694fbd095af0b3f2e6275f"", ""482442ecc1aaf981895a36c367abbd377fd93891"", ""80242b34468398e835e5b3fc5ac345dbae4bcc7e"", ""d4d8bdd3a0a5cec993735abc2e8cc2feff8eae27"", ""cd2bfb9b2298e8cd91013808547b35a9c40f46f1""]",0.7142857142857143,1.0,0.8333333333333333,False,0.2857142857142857,12288,False,5
"[""ci"", ""docs"", ""fix"", ""test""]","[""ci"", ""docs"", ""fix"", ""refactor"", ""test""]",2.484374347142875,"[""6f5b1103c0893d13b42f1f7c6504c9c339840be3"", ""01e1e33f377934099a4a725fab5cd6c5ff50eaa2"", ""be2cbd9480fcbd60c3011ca57f1d761185cf52bd"", ""6f638a53c18a66979b89220c9945ef97e49571b3"", ""625cbbca0d92b8756eac6fcacc795d90527d8975""]",1.0,0.8,0.888888888888889,False,0.1428571428571428,12288,False,5
"[""feat"", ""refactor"", ""build"", ""ci"", ""test""]","[""build"", ""ci"", ""feat"", ""refactor"", ""test""]",2.545073030050844,"[""b7e38fb62aa6e8a30d72dec063b1adccd089d0aa"", ""6f5b1103c0893d13b42f1f7c6504c9c339840be3"", ""73211952964a79d97b434dd567e6d7d34be7feb5"", ""bc4495b32ec752b6c4b29719e831c043ef2a26ce"", ""625cbbca0d92b8756eac6fcacc795d90527d8975""]",1.0,1.0,1.0,True,0.0,12288,False,5
"[""feat"", ""docs"", ""ci"", ""build""]","[""build"", ""ci"", ""docs"", ""feat"", ""fix""]",2.3868210446089506,"[""b7e38fb62aa6e8a30d72dec063b1adccd089d0aa"", ""6f5b1103c0893d13b42f1f7c6504c9c339840be3"", ""eb51316cdfdc7258d287ba13b67ef2f42bd2b8f6"", ""73211952964a79d97b434dd567e6d7d34be7feb5"", ""be2cbd9480fcbd60c3011ca57f1d761185cf52bd""]",1.0,0.8,0.888888888888889,False,0.1428571428571428,12288,False,5
"[""build"", ""docs"", ""fix"", ""test""]","[""build"", ""docs"", ""fix"", ""refactor"", ""test""]",2.4991939426399767,"[""ecc481f9f501aa34b41e06e7bbdde6e79f8ca1bb"", ""ee7cc5d5a940fba774e715b1f029c6361110b108"", ""45b386aa3f06bce06f5e03fbde0aa52c4051c8bc"", ""5748ff57ebafe94c4979eafa790d9a84812ca440"", ""87427fe39d165bee2acedde8dbaa237cca3fb61e""]",1.0,0.8,0.888888888888889,False,0.1428571428571428,12288,False,5
"[""ci"", ""docs"", ""feat"", ""test""]","[""ci"", ""docs"", ""feat"", ""fix"", ""test""]",2.385401934850961,"[""6f5b1103c0893d13b42f1f7c6504c9c339840be3"", ""eb51316cdfdc7258d287ba13b67ef2f42bd2b8f6"", ""73211952964a79d97b434dd567e6d7d34be7feb5"", ""be2cbd9480fcbd60c3011ca57f1d761185cf52bd"", ""625cbbca0d92b8756eac6fcacc795d90527d8975""]",1.0,0.8,0.888888888888889,False,0.1428571428571428,12288,False,5
"[""feat"", ""fix"", ""refactor"", ""docs"", ""test"", ""ci"", ""build""]","[""build"", ""docs"", ""feat"", ""fix"", ""refactor""]",3.1432398012839258,"[""ecc481f9f501aa34b41e06e7bbdde6e79f8ca1bb"", ""ee7cc5d5a940fba774e715b1f029c6361110b108"", ""f9a094918b62534614c47aa8a13f33aec751a1e0"", ""cc6408b88246f20c62884a5892a6276baf7c3920"", ""5748ff57ebafe94c4979eafa790d9a84812ca440""]",0.7142857142857143,1.0,0.8333333333333333,False,0.2857142857142857,12288,False,5
"[""feat"", ""fix"", ""refactor"", ""docs"", ""test"", ""ci"", ""build""]","[""build"", ""ci"", ""feat"", ""refactor"", ""test""]",3.2727599469944835,"[""b8dfd5a2f39b4768cf070aeb9d09364577c626f9"", ""bda1822851d9be04f0d39f2213d1e2066eb115c8"", ""ba60e126299ad057772b5516d9ab390e770f1301"", ""d4d8bdd3a0a5cec993735abc2e8cc2feff8eae27"", ""b7e2330fa3a8d7b8a9bff01b707c44e64b845c7b""]",0.7142857142857143,1.0,0.8333333333333333,False,0.2857142857142857,12288,False,5
"[""docs"", ""build"", ""ci"", ""fix"", ""test""]","[""build"", ""ci"", ""fix"", ""refactor"", ""test""]",1.77341128885746,"[""4542d9973a848a2bd4f9baf12992efe7d7a69f2c"", ""db55dae208e4807898e6c747cefdf9bfcb4fd08c"", ""c4d9e5023fa0f88ba283b37da27677ceda1cbfbb"", ""f86944ff00b970d7e2da48abbff43e58bdf29b99"", ""1f663cbe4b4a9e7a0ae89c05f824335f2a0857fd""]",0.8,0.8,0.8000000000000002,False,0.2857142857142857,12288,False,5
"[""feat"", ""docs"", ""test"", ""build""]","[""build"", ""docs"", ""feat"", ""refactor"", ""test""]",1.914253774099052,"[""0f38960851ac0fd159727d5dffb36f50268eec18"", ""e0177c25e13812306aab0b0991562d58b6d14767"", ""1ae8bf1195b197daa80ba6e45360f8b894364cd4"", ""336b25f3ae9da5d972304662fcdb88f4719c721d"", ""8ee0611fbf0cd89abe7ae588f22e6ecb843598ea""]",1.0,0.8,0.888888888888889,False,0.1428571428571428,12288,False,5
"[""ci"", ""docs"", ""refactor"", ""test""]","[""ci"", ""docs"", ""feat"", ""fix"", ""test""]",2.3397693526931107,"[""8d2e23bde626eaed6e5b13384cc7ac38bab5ea66"", ""527e0abd0f88cb3ae2dc1a6ec7a62c241250444d"", ""4a4c7afca7e1beadd4b213214074fdb420eb0923"", ""a81bbb83d64867f08c4d1be10919ef6806a1bf51"", ""cdbc37711fa9c64b2cfa767766ca55c95c1736f7""]",0.75,0.6,0.6666666666666665,False,0.4285714285714285,12288,False,5
"[""build"", ""ci"", ""fix"", ""refactor""]","[""build"", ""ci"", ""docs"", ""fix"", ""refactor""]",2.022457802202553,"[""b7e38fb62aa6e8a30d72dec063b1adccd089d0aa"", ""6f5b1103c0893d13b42f1f7c6504c9c339840be3"", ""9849430b11b92ae58d94cfe4d0b06313c7eab550"", ""be2cbd9480fcbd60c3011ca57f1d761185cf52bd"", ""03e413d7175d35827cd7d8908d47dbae15a849a3""]",1.0,0.8,0.888888888888889,False,0.1428571428571428,12288,False,5
"[""build"", ""ci"", ""docs"", ""fix"", ""refactor"", ""test""]","[""build"", ""ci"", ""docs"", ""fix"", ""refactor""]",2.819965701084584,"[""b7e38fb62aa6e8a30d72dec063b1adccd089d0aa"", ""6f5b1103c0893d13b42f1f7c6504c9c339840be3"", ""01e1e33f377934099a4a725fab5cd6c5ff50eaa2"", ""be2cbd9480fcbd60c3011ca57f1d761185cf52bd"", ""3550066c886bf253df376f303a60ed475ac42aaa""]",0.8333333333333334,1.0,0.9090909090909092,False,0.1428571428571428,12288,False,5
"[""feat"", ""build"", ""ci"", ""test""]","[""build"", ""ci"", ""feat"", ""fix"", ""test""]",1.6604103674180806,"[""b7e38fb62aa6e8a30d72dec063b1adccd089d0aa"", ""6f5b1103c0893d13b42f1f7c6504c9c339840be3"", ""73211952964a79d97b434dd567e6d7d34be7feb5"", ""be2cbd9480fcbd60c3011ca57f1d761185cf52bd"", ""625cbbca0d92b8756eac6fcacc795d90527d8975""]",1.0,0.8,0.888888888888889,False,0.1428571428571428,12288,False,5
"[""feat"", ""fix"", ""refactor"", ""docs"", ""test"", ""ci"", ""build""]","[""docs"", ""feat"", ""fix"", ""refactor"", ""test""]",2.87551337108016,"[""9849430b11b92ae58d94cfe4d0b06313c7eab550"", ""73211952964a79d97b434dd567e6d7d34be7feb5"", ""be2cbd9480fcbd60c3011ca57f1d761185cf52bd"", ""fd61615d1a7be9d13de2114a01e2d0ad63b59274"", ""625cbbca0d92b8756eac6fcacc795d90527d8975""]",0.7142857142857143,1.0,0.8333333333333333,False,0.2857142857142857,12288,False,5
"[""feat"", ""docs"", ""ci"", ""build"", ""refactor""]","[""build"", ""ci"", ""docs"", ""feat"", ""refactor""]",2.90864282194525,"[""b7e38fb62aa6e8a30d72dec063b1adccd089d0aa"", ""6f5b1103c0893d13b42f1f7c6504c9c339840be3"", ""01e1e33f377934099a4a725fab5cd6c5ff50eaa2"", ""73211952964a79d97b434dd567e6d7d34be7feb5"", ""eafee3c5c124ce0c71fd854270cea39cc273b27c""]",1.0,1.0,1.0,True,0.0,12288,False,5
"[""feat"", ""fix"", ""refactor"", ""docs"", ""test"", ""ci"", ""build""]","[""build"", ""feat"", ""fix"", ""refactor"", ""test""]",2.915338082239032,"[""b7e38fb62aa6e8a30d72dec063b1adccd089d0aa"", ""73211952964a79d97b434dd567e6d7d34be7feb5"", ""be2cbd9480fcbd60c3011ca57f1d761185cf52bd"", ""7005cf8c47416583e3d9fa91c3bd50113155c91a"", ""625cbbca0d92b8756eac6fcacc795d90527d8975""]",0.7142857142857143,1.0,0.8333333333333333,False,0.2857142857142857,12288,False,5
"[""feat"", ""fix"", ""refactor"", ""docs"", ""test"", ""ci"", ""build""]","[""build"", ""ci"", ""docs"", ""feat"", ""test""]",2.586116994731128,"[""45bbdaba1490a3216decb2c1a88b8f7041a3d505"", ""be44bbdeb52c6025e81c99528ed7b0d932c5be18"", ""16124286236edf03a6199720ba1629a35e3fe1aa"", ""3730075261bc81df68f9d10f12a2d6bbffd8493c"", ""076b9f5efc109b481074a81957e24ce9f4a69f08""]",0.7142857142857143,1.0,0.8333333333333333,False,0.2857142857142857,12288,False,5
"[""ci"", ""docs"", ""refactor"", ""build""]","[""ci"", ""docs"", ""fix"", ""refactor"", ""test""]",1.831641148775816,"[""be44bbdeb52c6025e81c99528ed7b0d932c5be18"", ""16124286236edf03a6199720ba1629a35e3fe1aa"", ""ccd1946a375e2ac10c3c591b04a435c4bc5170c2"", ""0e4ede620dd9a2cdc13ab9cc6da05577b39fddb8"", ""076b9f5efc109b481074a81957e24ce9f4a69f08""]",0.75,0.6,0.6666666666666665,False,0.4285714285714285,12288,False,5
"[""feat"", ""fix"", ""refactor"", ""docs"", ""test"", ""ci"", ""build""]","[""build"", ""docs"", ""feat"", ""refactor"", ""test""]",3.722582221031189,"[""ecc481f9f501aa34b41e06e7bbdde6e79f8ca1bb"", ""144388439d64e049cbed4e37659e819856d6987f"", ""ded26d768ff432ad3bde3c0aa1e95ce50726100a"", ""5748ff57ebafe94c4979eafa790d9a84812ca440"", ""87427fe39d165bee2acedde8dbaa237cca3fb61e""]",0.7142857142857143,1.0,0.8333333333333333,False,0.2857142857142857,12288,False,5
"[""feat"", ""docs"", ""ci"", ""refactor""]","[""ci"", ""docs"", ""feat"", ""fix"", ""refactor""]",3.1348976269364357,"[""6f5b1103c0893d13b42f1f7c6504c9c339840be3"", ""eb51316cdfdc7258d287ba13b67ef2f42bd2b8f6"", ""73211952964a79d97b434dd567e6d7d34be7feb5"", ""be2cbd9480fcbd60c3011ca57f1d761185cf52bd"", ""d357640fab55e5964fe83efc3c771e53aa3222fd""]",1.0,0.8,0.888888888888889,False,0.1428571428571428,12288,False,5
"[""build"", ""ci"", ""refactor""]","[""build"", ""ci"", ""fix"", ""refactor"", ""test""]",1.678024196997285,"[""45bbdaba1490a3216decb2c1a88b8f7041a3d505"", ""be44bbdeb52c6025e81c99528ed7b0d932c5be18"", ""ccd1946a375e2ac10c3c591b04a435c4bc5170c2"", ""0e4ede620dd9a2cdc13ab9cc6da05577b39fddb8"", ""076b9f5efc109b481074a81957e24ce9f4a69f08""]",1.0,0.6,0.7499999999999999,False,0.2857142857142857,12288,False,5
"[""feat"", ""fix"", ""refactor"", ""docs"", ""test"", ""ci"", ""build""]","[""build"", ""ci"", ""docs"", ""feat"", ""test""]",2.5112558910623193,"[""45bbdaba1490a3216decb2c1a88b8f7041a3d505"", ""be44bbdeb52c6025e81c99528ed7b0d932c5be18"", ""b8a664c1b10f4e30a3e221a14211a3cdaf90b7f4"", ""3730075261bc81df68f9d10f12a2d6bbffd8493c"", ""076b9f5efc109b481074a81957e24ce9f4a69f08""]",0.7142857142857143,1.0,0.8333333333333333,False,0.2857142857142857,12288,False,5
"[""build"", ""ci"", ""docs"", ""fix"", ""refactor""]","[""build"", ""ci"", ""docs"", ""fix"", ""refactor""]",2.071629615034908,"[""b7e38fb62aa6e8a30d72dec063b1adccd089d0aa"", ""6f5b1103c0893d13b42f1f7c6504c9c339840be3"", ""eb51316cdfdc7258d287ba13b67ef2f42bd2b8f6"", ""be2cbd9480fcbd60c3011ca57f1d761185cf52bd"", ""190aef43fd30e693af822c176f9b686591568719""]",1.0,1.0,1.0,True,0.0,12288,False,5
"[""feat"", ""fix"", ""refactor"", ""docs"", ""test"", ""ci"", ""build""]","[""build"", ""feat"", ""fix"", ""refactor"", ""test""]",2.095186525955796,"[""b0866f62417f56bdd5a46e8f14278af79efc4d76"", ""a84d6715a4df12cc0ee9aa6f2596ce3b04353958"", ""eebee9ab0bb6d4255ad0402d8422364e96bfef61"", ""e8a8edadc5c25d6410462b89a48e0602e0cbbc7f"", ""e77f6751182595fe08940d67e11a90416c8dd6fd""]",0.7142857142857143,1.0,0.8333333333333333,False,0.2857142857142857,12288,False,5
"[""ci"", ""docs"", ""refactor"", ""feat"", ""build"", ""test""]","[""ci"", ""docs"", ""feat"", ""fix"", ""test""]",2.5433092452585697,"[""8d2e23bde626eaed6e5b13384cc7ac38bab5ea66"", ""036a0ff49a7dade0e04c9c07071a1ff49133ee24"", ""bbb6ee10de824f2e3259576ac01768640c884279"", ""f9d9f859240c6f7e78b0303ea40e46622d42bc3c"", ""cdbc37711fa9c64b2cfa767766ca55c95c1736f7""]",0.6666666666666666,0.8,0.7272727272727272,False,0.4285714285714285,12288,False,5
"[""feat"", ""refactor"", ""build"", ""ci"", ""test""]","[""build"", ""ci"", ""feat"", ""refactor"", ""test""]",2.6494322777725756,"[""b7e38fb62aa6e8a30d72dec063b1adccd089d0aa"", ""6f5b1103c0893d13b42f1f7c6504c9c339840be3"", ""73211952964a79d97b434dd567e6d7d34be7feb5"", ""8da0303bc02db5fe047cfc0631a9da41d9dc60f7"", ""625cbbca0d92b8756eac6fcacc795d90527d8975""]",1.0,1.0,1.0,True,0.0,12288,False,5
"[""feat"", ""build"", ""ci"", ""docs"", ""refactor""]","[""build"", ""ci"", ""docs"", ""feat"", ""fix""]",1.892991550732404,"[""b7e38fb62aa6e8a30d72dec063b1adccd089d0aa"", ""6f5b1103c0893d13b42f1f7c6504c9c339840be3"", ""9849430b11b92ae58d94cfe4d0b06313c7eab550"", ""73211952964a79d97b434dd567e6d7d34be7feb5"", ""be2cbd9480fcbd60c3011ca57f1d761185cf52bd""]",0.8,0.8,0.8000000000000002,False,0.2857142857142857,12288,False,5
"[""ci"", ""docs"", ""refactor"", ""test""]","[""ci"", ""docs"", ""fix"", ""refactor"", ""test""]",1.648330575786531,"[""db2dbc13d7da2ae85cd3206d330be8ed0ebe1b2c"", ""12257ce53f94dc902df4ba087de90f52d2840ad4"", ""2b1ad9d10fc5685ec75f362a73229569f03344ca"", ""8f1034b79f894b4b1112a4bc1903f37f22f7f5ed"", ""6c7398993bc567ec84e4573b6ededbf50b1ef606""]",1.0,0.8,0.888888888888889,False,0.1428571428571428,12288,False,5
"[""feat"", ""docs"", ""test"", ""refactor""]","[""docs"", ""feat"", ""fix"", ""refactor"", ""test""]",2.810897027142346,"[""eb51316cdfdc7258d287ba13b67ef2f42bd2b8f6"", ""73211952964a79d97b434dd567e6d7d34be7feb5"", ""be2cbd9480fcbd60c3011ca57f1d761185cf52bd"", ""eb8d919e6f3443db279ba0c902f15d76676c02dc"", ""625cbbca0d92b8756eac6fcacc795d90527d8975""]",1.0,0.8,0.888888888888889,False,0.1428571428571428,12288,False,5
"[""feat"", ""fix"", ""refactor"", ""docs"", ""test"", ""ci"", ""build""]","[""build"", ""ci"", ""feat"", ""fix"", ""refactor""]",3.4177132388576865,"[""454003841aabeb74396d73541378bfa59c75b5db"", ""bda1822851d9be04f0d39f2213d1e2066eb115c8"", ""9114362b39f5194209cd0b330af7076333f3db77"", ""80242b34468398e835e5b3fc5ac345dbae4bcc7e"", ""fba4326c72fc22d81aba6976a9fef1e4b6154fd9""]",0.7142857142857143,1.0,0.8333333333333333,False,0.2857142857142857,12288,False,5
"[""build"", ""docs"", ""fix"", ""test""]","[""build"", ""docs"", ""feat"", ""fix"", ""test""]",2.287166186608374,"[""ecc481f9f501aa34b41e06e7bbdde6e79f8ca1bb"", ""144388439d64e049cbed4e37659e819856d6987f"", ""8b9176b44bb01a1eef497a403b0304bc389c9aee"", ""45b386aa3f06bce06f5e03fbde0aa52c4051c8bc"", ""3c04162664b130c9486cba54afc16b6e57c779d1""]",1.0,0.8,0.888888888888889,False,0.1428571428571428,12288,False,5
"[""build"", ""ci"", ""docs"", ""refactor"", ""test""]","[""build"", ""ci"", ""docs"", ""refactor"", ""test""]",2.499777914956212,"[""b7e38fb62aa6e8a30d72dec063b1adccd089d0aa"", ""6f5b1103c0893d13b42f1f7c6504c9c339840be3"", ""01e1e33f377934099a4a725fab5cd6c5ff50eaa2"", ""3cb4a48ebd15c20692f4f3a2a924284dc7fd5e10"", ""625cbbca0d92b8756eac6fcacc795d90527d8975""]",1.0,1.0,1.0,True,0.0,12288,False,5
"[""feat"", ""fix"", ""refactor"", ""docs"", ""test"", ""ci"", ""build""]","[""build"", ""ci"", ""docs"", ""refactor"", ""test""]",2.040956981945783,"[""45bbdaba1490a3216decb2c1a88b8f7041a3d505"", ""be44bbdeb52c6025e81c99528ed7b0d932c5be18"", ""b8a664c1b10f4e30a3e221a14211a3cdaf90b7f4"", ""0e4ede620dd9a2cdc13ab9cc6da05577b39fddb8"", ""076b9f5efc109b481074a81957e24ce9f4a69f08""]",0.7142857142857143,1.0,0.8333333333333333,False,0.2857142857142857,12288,False,5
"[""feat"", ""test"", ""build"", ""refactor""]","[""build"", ""feat"", ""fix"", ""refactor"", ""test""]",2.064128808211535,"[""45bbdaba1490a3216decb2c1a88b8f7041a3d505"", ""3730075261bc81df68f9d10f12a2d6bbffd8493c"", ""ccd1946a375e2ac10c3c591b04a435c4bc5170c2"", ""0e4ede620dd9a2cdc13ab9cc6da05577b39fddb8"", ""076b9f5efc109b481074a81957e24ce9f4a69f08""]",1.0,0.8,0.888888888888889,False,0.1428571428571428,12288,False,5
"[""feat"", ""docs"", ""ci"", ""refactor""]","[""ci"", ""docs"", ""feat"", ""fix"", ""refactor""]",2.636544889770448,"[""6f5b1103c0893d13b42f1f7c6504c9c339840be3"", ""01e1e33f377934099a4a725fab5cd6c5ff50eaa2"", ""73211952964a79d97b434dd567e6d7d34be7feb5"", ""be2cbd9480fcbd60c3011ca57f1d761185cf52bd"", ""7d6f760a91b55967972bbd1b972307624e876805""]",1.0,0.8,0.888888888888889,False,0.1428571428571428,12288,False,5
"[""feat"", ""fix"", ""test"", ""build"", ""ci"", ""docs"", ""refactor""]","[""build"", ""ci"", ""feat"", ""fix"", ""test""]",3.172352384775877,"[""bfe32bf10e9b6d699f694fbd095af0b3f2e6275f"", ""bda1822851d9be04f0d39f2213d1e2066eb115c8"", ""988dda23984894cea097d64646196e8d6196d6b6"", ""238ba1990ea68eb64bdfc6b31efebad2acb01ad6"", ""b7e2330fa3a8d7b8a9bff01b707c44e64b845c7b""]",0.7142857142857143,1.0,0.8333333333333333,False,0.2857142857142857,12288,False,5
"[""build"", ""ci"", ""test"", ""refactor""]","[""build"", ""ci"", ""docs"", ""refactor"", ""test""]",1.5412971852347257,"[""b7e38fb62aa6e8a30d72dec063b1adccd089d0aa"", ""6f5b1103c0893d13b42f1f7c6504c9c339840be3"", ""9849430b11b92ae58d94cfe4d0b06313c7eab550"", ""816b0d49c45f6669c5aae748396e9551f2e30a96"", ""625cbbca0d92b8756eac6fcacc795d90527d8975""]",1.0,0.8,0.888888888888889,False,0.1428571428571428,12288,False,5
"[""feat"", ""docs"", ""test"", ""fix""]","[""docs"", ""feat"", ""fix"", ""refactor"", ""test""]",2.4145445157773793,"[""01e1e33f377934099a4a725fab5cd6c5ff50eaa2"", ""73211952964a79d97b434dd567e6d7d34be7feb5"", ""be2cbd9480fcbd60c3011ca57f1d761185cf52bd"", ""190aef43fd30e693af822c176f9b686591568719"", ""625cbbca0d92b8756eac6fcacc795d90527d8975""]",1.0,0.8,0.888888888888889,False,0.1428571428571428,12288,False,5
"[""feat"", ""docs"", ""ci"", ""build""]","[""build"", ""ci"", ""docs"", ""feat"", ""fix""]",2.3816731250844896,"[""b7e38fb62aa6e8a30d72dec063b1adccd089d0aa"", ""6f5b1103c0893d13b42f1f7c6504c9c339840be3"", ""01e1e33f377934099a4a725fab5cd6c5ff50eaa2"", ""73211952964a79d97b434dd567e6d7d34be7feb5"", ""be2cbd9480fcbd60c3011ca57f1d761185cf52bd""]",1.0,0.8,0.888888888888889,False,0.1428571428571428,12288,False,5
"[""feat"", ""docs"", ""refactor"", ""test""]","[""docs"", ""feat"", ""fix"", ""refactor"", ""test""]",2.6138491053134203,"[""8dfd2af29bf784b242992ee9ec0fbc85753b063c"", ""8a954673531d6935f5517535b9068639ed5cff0d"", ""2b1ad9d10fc5685ec75f362a73229569f03344ca"", ""d55088c612b1108ef566ec47e40fb8d1050f7451"", ""6c7398993bc567ec84e4573b6ededbf50b1ef606""]",1.0,0.8,0.888888888888889,False,0.1428571428571428,12288,False,5
"[""feat"", ""fix"", ""refactor"", ""docs"", ""test"", ""ci"", ""build""]","[""build"", ""ci"", ""fix"", ""refactor"", ""test""]",3.081666754093021,"[""bfe32bf10e9b6d699f694fbd095af0b3f2e6275f"", ""bda1822851d9be04f0d39f2213d1e2066eb115c8"", ""80242b34468398e835e5b3fc5ac345dbae4bcc7e"", ""fba4326c72fc22d81aba6976a9fef1e4b6154fd9"", ""7c48976f943e1e9b5850967b6f2963a205476ded""]",0.7142857142857143,1.0,0.8333333333333333,False,0.2857142857142857,12288,False,5
"[""feat"", ""fix"", ""refactor"", ""docs"", ""test"", ""ci"", ""build""]","[""build"", ""ci"", ""docs"", ""feat"", ""refactor""]",2.7709827260114253,"[""45bbdaba1490a3216decb2c1a88b8f7041a3d505"", ""be44bbdeb52c6025e81c99528ed7b0d932c5be18"", ""16124286236edf03a6199720ba1629a35e3fe1aa"", ""3730075261bc81df68f9d10f12a2d6bbffd8493c"", ""0e4ede620dd9a2cdc13ab9cc6da05577b39fddb8""]",0.7142857142857143,1.0,0.8333333333333333,False,0.2857142857142857,12288,False,5
"[""feat"", ""fix"", ""refactor"", ""docs"", ""test"", ""ci"", ""build""]","[""build"", ""ci"", ""feat"", ""fix"", ""test""]",3.7925941171124578,"[""bfe32bf10e9b6d699f694fbd095af0b3f2e6275f"", ""bda1822851d9be04f0d39f2213d1e2066eb115c8"", ""482442ecc1aaf981895a36c367abbd377fd93891"", ""80242b34468398e835e5b3fc5ac345dbae4bcc7e"", ""7c48976f943e1e9b5850967b6f2963a205476ded""]",0.7142857142857143,1.0,0.8333333333333333,False,0.2857142857142857,12288,False,5
"[""feat"", ""docs"", ""build"", ""refactor""]","[""build"", ""docs"", ""feat"", ""fix"", ""refactor""]",2.7046542302705348,"[""b7e38fb62aa6e8a30d72dec063b1adccd089d0aa"", ""01e1e33f377934099a4a725fab5cd6c5ff50eaa2"", ""73211952964a79d97b434dd567e6d7d34be7feb5"", ""be2cbd9480fcbd60c3011ca57f1d761185cf52bd"", ""eafee3c5c124ce0c71fd854270cea39cc273b27c""]",1.0,0.8,0.888888888888889,False,0.1428571428571428,12288,False,5
"[""build"", ""ci"", ""docs"", ""refactor"", ""test""]","[""build"", ""ci"", ""docs"", ""refactor"", ""test""]",2.396546339150518,"[""b7e38fb62aa6e8a30d72dec063b1adccd089d0aa"", ""6f5b1103c0893d13b42f1f7c6504c9c339840be3"", ""eb51316cdfdc7258d287ba13b67ef2f42bd2b8f6"", ""7d6f760a91b55967972bbd1b972307624e876805"", ""625cbbca0d92b8756eac6fcacc795d90527d8975""]",1.0,1.0,1.0,True,0.0,12288,False,5
"[""ci"", ""docs"", ""fix"", ""feat"", ""test""]","[""ci"", ""docs"", ""feat"", ""fix"", ""test""]",2.2510079159401357,"[""8d2e23bde626eaed6e5b13384cc7ac38bab5ea66"", ""036a0ff49a7dade0e04c9c07071a1ff49133ee24"", ""6b473cbdc5997af47c56a2a74f5b64da6d4c2ad7"", ""f9d9f859240c6f7e78b0303ea40e46622d42bc3c"", ""cdbc37711fa9c64b2cfa767766ca55c95c1736f7""]",1.0,1.0,1.0,True,0.0,12288,False,5
"[""fix"", ""test""]","[""test""]",10.306315775960684,"[""7c48976f943e1e9b5850967b6f2963a205476ded""]",0.5,1.0,0.6666666666666666,False,0.1428571428571428,12288,False,1
"[""feat"", ""test""]","[""refactor""]",1.2923844899050891,"[""5748ff57ebafe94c4979eafa790d9a84812ca440""]",0.0,0.0,0.0,False,0.4285714285714285,12288,False,1
"[""docs""]","[""docs""]",0.9108623149804772,"[""be8dd55c2179a1743ddbda56b5e88a1a89c92bcc""]",1.0,1.0,1.0,True,0.0,12288,False,1
"[""feat""]","[""feat""]",0.7425810936838388,"[""15b8e4bc9349ce017f65e10b95cae48b0aa11828""]",1.0,1.0,1.0,True,0.0,12288,False,1
"[""build""]","[""build""]",0.7461964767426252,"[""37b1cbfd3d2c462ef4f2a131e4172c38dc8d9ddf""]",1.0,1.0,1.0,True,0.0,12288,False,1
"[""ci""]","[""ci""]",0.7305172402411699,"[""8d2e23bde626eaed6e5b13384cc7ac38bab5ea66""]",1.0,1.0,1.0,True,0.0,12288,False,1
"[""fix"", ""test""]","[""fix""]",1.2235865369439125,"[""44ac09d356fa02bdbb840638846f7a7500700d23""]",0.5,1.0,0.6666666666666666,False,0.1428571428571428,12288,False,1
"[""ci"", ""build""]","[""ci""]",0.8773824661038816,"[""be44bbdeb52c6025e81c99528ed7b0d932c5be18""]",0.5,1.0,0.6666666666666666,False,0.1428571428571428,12288,False,1
"[""build""]","[""build""]",0.7244132799096406,"[""b7e38fb62aa6e8a30d72dec063b1adccd089d0aa""]",1.0,1.0,1.0,True,0.0,12288,False,1
"[""fix"", ""build""]","[""refactor""]",2.412753699813038,"[""3e0e30ecebaf23f0c36fa4811426f8f4e0057cfe""]",0.0,0.0,0.0,False,0.4285714285714285,12288,False,1
"[""feat"", ""test""]","[""feat""]",2.0588854062370956,"[""293f301a4bb248799c467d1fef413ed3909f47a4""]",0.5,1.0,0.6666666666666666,False,0.1428571428571428,12288,False,1
"[""test""]","[""test""]",0.7957001319155097,"[""6c7398993bc567ec84e4573b6ededbf50b1ef606""]",1.0,1.0,1.0,True,0.0,12288,False,1
"[""docs""]","[""docs""]",0.5210677259601653,"[""036a0ff49a7dade0e04c9c07071a1ff49133ee24""]",1.0,1.0,1.0,True,0.0,12288,False,1
"[""refactor""]","[""fix""]",0.7533674072474241,"[""73b8948ea1d49e05ae8c63b17926eda4cb04e9bb""]",0.0,0.0,0.0,False,0.2857142857142857,12288,False,1
"[""refactor"", ""build""]","[""fix""]",0.7327069537714124,"[""ccd1946a375e2ac10c3c591b04a435c4bc5170c2""]",0.0,0.0,0.0,False,0.4285714285714285,12288,False,1
"[""feat""]","[""feat""]",2.1991550931707025,"[""542f0cad5337de15428f0b6567ce4efd20a19a48""]",1.0,1.0,1.0,True,0.0,12288,False,1
"[""build""]","[""build""]",0.8474596980959177,"[""4ab28fc2e63e975a0c77e18ae644f34fa5f8771a""]",1.0,1.0,1.0,True,0.0,12288,False,1
"[""ci"", ""build"", ""refactor""]","[""ci""]",0.8675921582616866,"[""b7b9c23698e7238eda26a1135018625181badd82""]",0.3333333333333333,1.0,0.5,False,0.2857142857142857,12288,False,1
"[""refactor""]","[""refactor""]",0.7746753869578242,"[""190aef43fd30e693af822c176f9b686591568719""]",1.0,1.0,1.0,True,0.0,12288,False,1
"[""test""]","[""test""]",0.7004765742458403,"[""960af3a1c31fe2b5ab32e580089f67c9da816fcc""]",1.0,1.0,1.0,True,0.0,12288,False,1
"[""docs""]","[""docs""]",0.6996441329829395,"[""527e0abd0f88cb3ae2dc1a6ec7a62c241250444d""]",1.0,1.0,1.0,True,0.0,12288,False,1
"[""docs""]","[""docs""]",0.8040743600577116,"[""ee7cc5d5a940fba774e715b1f029c6361110b108""]",1.0,1.0,1.0,True,0.0,12288,False,1
"[""feat"", ""docs"", ""test""]","[""feat""]",2.742258011829108,"[""8a954673531d6935f5517535b9068639ed5cff0d""]",0.3333333333333333,1.0,0.5,False,0.2857142857142857,12288,False,1
"[""refactor""]","[""refactor""]",0.9318971037864684,"[""0e4ede620dd9a2cdc13ab9cc6da05577b39fddb8""]",1.0,1.0,1.0,True,0.0,12288,False,1
"[""build""]","[""build""]",0.8287437260150909,"[""ecc481f9f501aa34b41e06e7bbdde6e79f8ca1bb""]",1.0,1.0,1.0,True,0.0,12288,False,1
"[""build""]","[""ci""]",0.6808766704052687,"[""bda1822851d9be04f0d39f2213d1e2066eb115c8""]",0.0,0.0,0.0,False,0.2857142857142857,12288,False,1
"[""test""]","[""test""]",0.6515035792253911,"[""7df6b872b9c820a35572b926d2496460a4c8b24a""]",1.0,1.0,1.0,True,0.0,12288,False,1
"[""fix""]","[""fix""]",0.7039652336388826,"[""c4d9e5023fa0f88ba283b37da27677ceda1cbfbb""]",1.0,1.0,1.0,True,0.0,12288,False,1
"[""fix"", ""test""]","[""fix""]",1.6544269928708673,"[""0d43299ccee2b2e018fae24896c45d8d8be66bc6""]",0.5,1.0,0.6666666666666666,False,0.1428571428571428,12288,False,1
"[""test""]","[""test""]",3.6810173876583576,"[""90a48c74f6faa0829d3809f739a42c0133e63ae0""]",1.0,1.0,1.0,True,0.0,12288,False,1
"[""refactor""]","[""refactor""]",0.7862545289099216,"[""e8a8edadc5c25d6410462b89a48e0602e0cbbc7f""]",1.0,1.0,1.0,True,0.0,12288,False,1
"[""docs""]","[""docs""]",0.6179439411498606,"[""9849430b11b92ae58d94cfe4d0b06313c7eab550""]",1.0,1.0,1.0,True,0.0,12288,False,1
"[""build""]","[""build""]",0.8114709481596947,"[""45bbdaba1490a3216decb2c1a88b8f7041a3d505""]",1.0,1.0,1.0,True,0.0,12288,False,1
"[""feat""]","[""feat""]",0.7457333919592202,"[""1ae8bf1195b197daa80ba6e45360f8b894364cd4""]",1.0,1.0,1.0,True,0.0,12288,False,1
"[""ci""]","[""ci""]",0.7668107249774039,"[""976c34b6fdc32a7f3337f98e67a7c9e4ee9e793e""]",1.0,1.0,1.0,True,0.0,12288,False,1
"[""refactor"", ""test""]","[""refactor""]",0.9970016558654606,"[""1c8ff5cf2feb3ce0b7d0fbfc43be8d20f5b73287""]",0.5,1.0,0.6666666666666666,False,0.1428571428571428,12288,False,1
"[""ci""]","[""docs""]",0.6284205853007734,"[""e50a61d63755a4a955c2a6535a865773e2ac01d5""]",0.0,0.0,0.0,False,0.2857142857142857,12288,False,1
"[""refactor""]","[""test""]",0.6098529049195349,"[""076b9f5efc109b481074a81957e24ce9f4a69f08""]",0.0,0.0,0.0,False,0.2857142857142857,12288,False,1
"[""build""]","[""build""]",1.2805264499038458,"[""b2415c4d3de7b5d6da47668a3de630c07b30b300""]",1.0,1.0,1.0,True,0.0,12288,False,1
"[""refactor""]","[""fix""]",0.9467963143251836,"[""a81bbb83d64867f08c4d1be10919ef6806a1bf51""]",0.0,0.0,0.0,False,0.2857142857142857,12288,False,1
"[""feat"", ""test""]","[""feat""]",1.2810145509429276,"[""3730075261bc81df68f9d10f12a2d6bbffd8493c""]",0.5,1.0,0.6666666666666666,False,0.1428571428571428,12288,False,1
"[""ci"", ""build""]","[""ci""]",0.9570530937053264,"[""db55dae208e4807898e6c747cefdf9bfcb4fd08c""]",0.5,1.0,0.6666666666666666,False,0.1428571428571428,12288,False,1
"[""docs""]","[""docs""]",1.1412177281454206,"[""dfab97842fe78fb8f217a5185fb6ec92682a53ca""]",1.0,1.0,1.0,True,0.0,12288,False,1
"[""feat""]","[""feat""]",1.0745082423090937,"[""73211952964a79d97b434dd567e6d7d34be7feb5""]",1.0,1.0,1.0,True,0.0,12288,False,1
"[""test""]","[""refactor""]",0.7427434679120779,"[""fba4326c72fc22d81aba6976a9fef1e4b6154fd9""]",0.0,0.0,0.0,False,0.2857142857142857,12288,False,1
"[""ci""]","[""ci""]",0.6849836222827435,"[""6f5b1103c0893d13b42f1f7c6504c9c339840be3""]",1.0,1.0,1.0,True,0.0,12288,False,1
"[""refactor""]","[""fix""]",0.7582997847348452,"[""2b1ad9d10fc5685ec75f362a73229569f03344ca""]",0.0,0.0,0.0,False,0.2857142857142857,12288,False,1
"[""build"", ""test""]","[""test""]",1.1261823559179902,"[""cd2bfb9b2298e8cd91013808547b35a9c40f46f1""]",0.5,1.0,0.6666666666666666,False,0.1428571428571428,12288,False,1
"[""build""]","[""build""]",0.8993037827312946,"[""607ecc92b5f8c084304e406eec725b7dcfa0a562""]",1.0,1.0,1.0,True,0.0,12288,False,1
"[""refactor""]","[""refactor""]",0.8165161493234336,"[""b98a8fed0b67b99ef4f8373aea904f847315e468""]",1.0,1.0,1.0,True,0.0,12288,False,1
"[""docs""]","[""docs""]",0.7485927208326757,"[""144388439d64e049cbed4e37659e819856d6987f""]",1.0,1.0,1.0,True,0.0,12288,False,1
"[""ci""]","[""build""]",0.6290388209745288,"[""88129ee45b1d49bc4ff887f3b488464cc7097e29""]",0.0,0.0,0.0,False,0.2857142857142857,12288,False,1
"[""feat""]","[""feat""]",0.8426049230620265,"[""5e09c9128f13c45d54df685b0a17dc8e3f7ff02c""]",1.0,1.0,1.0,True,0.0,12288,False,1
"[""test""]","[""test""]",0.7129482291638851,"[""e77f6751182595fe08940d67e11a90416c8dd6fd""]",1.0,1.0,1.0,True,0.0,12288,False,1
"[""ci"", ""build""]","[""ci""]",0.9811842320486904,"[""bb00890fa896936d0be09cc5e5f411fb5e64aa5f""]",0.5,1.0,0.6666666666666666,False,0.1428571428571428,12288,False,1
"[""fix""]","[""fix""]",0.7132898541167378,"[""c1d3b58fd20995b1b9ca4e6771e3fa375242b02d""]",1.0,1.0,1.0,True,0.0,12288,False,1
"[""fix""]","[""fix""]",0.6899012089706957,"[""be2cbd9480fcbd60c3011ca57f1d761185cf52bd""]",1.0,1.0,1.0,True,0.0,12288,False,1
"[""refactor""]","[""refactor""]",0.7596030901186168,"[""8f1034b79f894b4b1112a4bc1903f37f22f7f5ed""]",1.0,1.0,1.0,True,0.0,12288,False,1
"[""docs""]","[""docs""]",0.8268196899443865,"[""16124286236edf03a6199720ba1629a35e3fe1aa""]",1.0,1.0,1.0,True,0.0,12288,False,1
"[""test""]","[""test""]",0.6301124263554811,"[""cdbc37711fa9c64b2cfa767766ca55c95c1736f7""]",1.0,1.0,1.0,True,0.0,12288,False,1
"[""ci""]","[""ci""]",0.7279577758163214,"[""5ebfebf86e60aae2610eb0ed84d177d53cd75f9d""]",1.0,1.0,1.0,True,0.0,12288,False,1
"[""feat""]","[""feat""]",1.418519490864128,"[""ded26d768ff432ad3bde3c0aa1e95ce50726100a""]",1.0,1.0,1.0,True,0.0,12288,False,1
"[""refactor""]","[""build""]",0.8058049278333783,"[""f46c6c6c26a14312aa05a77ff2a14aebd74e13ac""]",0.0,0.0,0.0,False,0.2857142857142857,12288,False,1
"[""feat""]","[""feat""]",1.0028878450393677,"[""bea32587586ca08f390c901a95e9b9c25263f4df""]",1.0,1.0,1.0,True,0.0,12288,False,1
"[""docs""]","[""docs""]",0.8478426719084382,"[""26994fb090d4ed0daf9b8ba960b4690fac08e340""]",1.0,1.0,1.0,True,0.0,12288,False,1
"[""feat"", ""fix"", ""refactor"", ""docs"", ""test"", ""ci"", ""build""]","[""fix""]",2.1540635391138494,"[""80242b34468398e835e5b3fc5ac345dbae4bcc7e""]",0.1428571428571428,1.0,0.25,False,0.8571428571428571,12288,False,1
"[""build""]","[""refactor""]",0.767487645149231,"[""f9447355b93d67961c4a6b04bde3e83a394458ab""]",0.0,0.0,0.0,False,0.2857142857142857,12288,False,1
"[""ci""]","[""ci""]",0.785847085993737,"[""8fe29cdc76480adc79701e4c492ff1e87566f569""]",1.0,1.0,1.0,True,0.0,12288,False,1
"[""docs"", ""build""]","[""build""]",0.9026286392472684,"[""4542d9973a848a2bd4f9baf12992efe7d7a69f2c""]",0.5,1.0,0.6666666666666666,False,0.1428571428571428,12288,False,1
"[""test""]","[""test""]",0.6248019258491695,"[""e053bb5190b033d4edb35a0718d3c414ae366431""]",1.0,1.0,1.0,True,0.0,12288,False,1
"[""docs"", ""fix"", ""test""]","[""docs"", ""refactor""]",1.5673104389570651,"[""144388439d64e049cbed4e37659e819856d6987f"", ""5748ff57ebafe94c4979eafa790d9a84812ca440""]",0.3333333333333333,0.5,0.4,False,0.4285714285714285,12288,False,2
"[""docs"", ""build"", ""test""]","[""build"", ""test""]",1.1422043540515006,"[""4542d9973a848a2bd4f9baf12992efe7d7a69f2c"", ""1f663cbe4b4a9e7a0ae89c05f824335f2a0857fd""]",0.6666666666666666,1.0,0.8,False,0.1428571428571428,12288,False,2
"[""feat"", ""fix"", ""test"", ""docs""]","[""feat"", ""fix""]",2.464990050997585,"[""6f0cf049caa1a7982669ee685e86621452686551"", ""238ba1990ea68eb64bdfc6b31efebad2acb01ad6""]",0.5,1.0,0.6666666666666666,False,0.2857142857142857,12288,False,2
"[""ci"", ""docs""]","[""ci"", ""docs""]",2.5703240111470222,"[""6f5b1103c0893d13b42f1f7c6504c9c339840be3"", ""01e1e33f377934099a4a725fab5cd6c5ff50eaa2""]",1.0,1.0,1.0,True,0.0,12288,False,2
"[""feat"", ""ci""]","[""ci"", ""feat""]",1.1717767557129264,"[""6f5b1103c0893d13b42f1f7c6504c9c339840be3"", ""73211952964a79d97b434dd567e6d7d34be7feb5""]",1.0,1.0,1.0,True,0.0,12288,False,2
"[""build"", ""test""]","[""build"", ""refactor""]",2.66326827602461,"[""1ad3f41f28d2faa5229ee88b54d673275cc31036"", ""72e3eed599b3a3dd154575af344ac3e5c62dd07b""]",0.5,0.5,0.5,False,0.2857142857142857,12288,False,2
"[""feat"", ""fix"", ""refactor"", ""docs"", ""test"", ""ci"", ""build""]","[""fix"", ""test""]",2.6215685033239424,"[""0d43299ccee2b2e018fae24896c45d8d8be66bc6"", ""24a815b90437dbd962b5ff449f0b5146df835545""]",0.2857142857142857,1.0,0.4444444444444445,False,0.7142857142857143,12288,False,2
"[""feat"", ""refactor"", ""test""]","[""feat"", ""refactor""]",1.7016293797641993,"[""3730075261bc81df68f9d10f12a2d6bbffd8493c"", ""0e4ede620dd9a2cdc13ab9cc6da05577b39fddb8""]",0.6666666666666666,1.0,0.8,False,0.1428571428571428,12288,False,2
"[""build"", ""docs""]","[""build"", ""docs""]",2.4056528792716563,"[""b7e38fb62aa6e8a30d72dec063b1adccd089d0aa"", ""eb51316cdfdc7258d287ba13b67ef2f42bd2b8f6""]",1.0,1.0,1.0,True,0.0,12288,False,2
"[""ci"", ""fix""]","[""ci"", ""fix""]",0.8591287201270461,"[""6f5b1103c0893d13b42f1f7c6504c9c339840be3"", ""be2cbd9480fcbd60c3011ca57f1d761185cf52bd""]",1.0,1.0,1.0,True,0.0,12288,False,2
"[""refactor"", ""test""]","[""fix"", ""test""]",1.1204860219731927,"[""b131f5d67076b97b3186c820760df839bf796ad5"", ""2a7c6f5c0b1c966d6a5d103de1978a61c141648a""]",0.5,0.5,0.5,False,0.2857142857142857,12288,False,2
"[""build"", ""docs""]","[""build"", ""docs""]",1.098833145108074,"[""45bbdaba1490a3216decb2c1a88b8f7041a3d505"", ""16124286236edf03a6199720ba1629a35e3fe1aa""]",1.0,1.0,1.0,True,0.0,12288,False,2
"[""feat""]","[""feat"", ""refactor""]",1.079866976942867,"[""d61bf50f77b404e660a6e5aa9e9bc4ce415e8c18"", ""ee4bf61fb8836e249fb4ef3507dc938e70696b3f""]",1.0,0.5,0.6666666666666666,False,0.1428571428571428,12288,False,2
"[""test"", ""build""]","[""ci"", ""test""]",2.671172155998647,"[""bda1822851d9be04f0d39f2213d1e2066eb115c8"", ""90a48c74f6faa0829d3809f739a42c0133e63ae0""]",0.5,0.5,0.5,False,0.2857142857142857,12288,False,2
"[""ci"", ""build"", ""refactor""]","[""ci"", ""refactor""]",1.341892956290394,"[""be44bbdeb52c6025e81c99528ed7b0d932c5be18"", ""0e4ede620dd9a2cdc13ab9cc6da05577b39fddb8""]",0.6666666666666666,1.0,0.8,False,0.1428571428571428,12288,False,2
"[""feat"", ""fix"", ""refactor"", ""docs"", ""test"", ""ci"", ""build""]","[""docs"", ""feat""]",3.955542264040559,"[""0105a4ee47706d9b3aa8f22d0a75585a498731ec"", ""3709e392924aba3542514ce35bd681adca39e8ac""]",0.2857142857142857,1.0,0.4444444444444445,False,0.7142857142857143,12288,False,2
"[""build"", ""test""]","[""build"", ""test""]",1.1679875403642654,"[""fd2b7a18dca63b51f4ba5de6b2e4ad2b825e735d"", ""24a815b90437dbd962b5ff449f0b5146df835545""]",1.0,1.0,1.0,True,0.0,12288,False,2
"[""ci"", ""fix"", ""test""]","[""ci"", ""fix""]",1.236559220124036,"[""bda1822851d9be04f0d39f2213d1e2066eb115c8"", ""238ba1990ea68eb64bdfc6b31efebad2acb01ad6""]",0.6666666666666666,1.0,0.8,False,0.1428571428571428,12288,False,2
"[""feat"", ""fix"", ""refactor"", ""docs"", ""test"", ""ci"", ""build""]","[""feat"", ""test""]",2.024184992071241,"[""6b473cbdc5997af47c56a2a74f5b64da6d4c2ad7"", ""cdbc37711fa9c64b2cfa767766ca55c95c1736f7""]",0.2857142857142857,1.0,0.4444444444444445,False,0.7142857142857143,12288,False,2
"[""docs""]","[""docs"", ""refactor""]",2.568163790274411,"[""af5ec2005504bbd836a54bfb2df0b7f6cf15f314"", ""4597f158c45a1f996ad217236d88edab69c29b22""]",1.0,0.5,0.6666666666666666,False,0.1428571428571428,12288,False,2
"[""build"", ""fix""]","[""build"", ""fix""]",1.01303195906803,"[""ecc481f9f501aa34b41e06e7bbdde6e79f8ca1bb"", ""45b386aa3f06bce06f5e03fbde0aa52c4051c8bc""]",1.0,1.0,1.0,True,0.0,12288,False,2
"[""refactor""]","[""refactor"", ""test""]",1.4573285719379785,"[""3a86f49b725c0f66b5f04f80547042636135b49c"", ""3c812f916e06a53b899e9e3dd79760b475fa4b87""]",1.0,0.5,0.6666666666666666,False,0.1428571428571428,12288,False,2
"[""feat"", ""build""]","[""ci"", ""feat""]",2.716379540041089,"[""bda1822851d9be04f0d39f2213d1e2066eb115c8"", ""ba60e126299ad057772b5516d9ab390e770f1301""]",0.5,0.5,0.5,False,0.2857142857142857,12288,False,2
"[""build"", ""docs""]","[""build"", ""docs""]",1.2673302893526852,"[""0f38960851ac0fd159727d5dffb36f50268eec18"", ""a4290c7be832aaac894f9b4e69837f0eb13d9287""]",1.0,1.0,1.0,True,0.0,12288,False,2
"[""ci""]","[""ci"", ""fix""]",1.0021804049611092,"[""0984951701c34c08392b87082824dcebc379b4e7"", ""2b1ad9d10fc5685ec75f362a73229569f03344ca""]",1.0,0.5,0.6666666666666666,False,0.1428571428571428,12288,False,2
"[""feat"", ""fix"", ""refactor"", ""docs"", ""test"", ""ci"", ""build""]","[""build"", ""docs""]",1.734769775997847,"[""b0866f62417f56bdd5a46e8f14278af79efc4d76"", ""fc9af4d0b93d69be4e201ffb18da04324e8a4a87""]",0.2857142857142857,1.0,0.4444444444444445,False,0.7142857142857143,12288,False,2
"[""feat"", ""test"", ""refactor""]","[""feat"", ""test""]",1.550764311105013,"[""3730075261bc81df68f9d10f12a2d6bbffd8493c"", ""076b9f5efc109b481074a81957e24ce9f4a69f08""]",0.6666666666666666,1.0,0.8,False,0.1428571428571428,12288,False,2
"[""refactor"", ""fix"", ""test""]","[""fix"", ""refactor""]",3.9619308849796657,"[""0d43299ccee2b2e018fae24896c45d8d8be66bc6"", ""536872b735334929f25bf70d052e739166355160""]",0.6666666666666666,1.0,0.8,False,0.1428571428571428,12288,False,2
"[""feat"", ""refactor"", ""test"", ""docs""]","[""feat"", ""refactor""]",2.585207562893629,"[""a51716d5ac3f7aabe1428a5a6d79c6b863463ff6"", ""3a86f49b725c0f66b5f04f80547042636135b49c""]",0.5,1.0,0.6666666666666666,False,0.2857142857142857,12288,False,2
"[""refactor""]","[""build"", ""fix""]",0.9600687571801244,"[""f46c6c6c26a14312aa05a77ff2a14aebd74e13ac"", ""3f71e37ef9bfdbc0aea89863ae3d75c0c7e4a53d""]",0.0,0.0,0.0,False,0.4285714285714285,12288,False,2
"[""ci"", ""build"", ""refactor""]","[""ci"", ""test""]",1.1925022918730974,"[""be44bbdeb52c6025e81c99528ed7b0d932c5be18"", ""076b9f5efc109b481074a81957e24ce9f4a69f08""]",0.3333333333333333,0.5,0.4,False,0.4285714285714285,12288,False,2
"[""docs"", ""test""]","[""docs"", ""test""]",2.416838205885142,"[""eb51316cdfdc7258d287ba13b67ef2f42bd2b8f6"", ""625cbbca0d92b8756eac6fcacc795d90527d8975""]",1.0,1.0,1.0,True,0.0,12288,False,2
"[""feat"", ""fix"", ""refactor"", ""docs"", ""test"", ""ci"", ""build""]","[""fix"", ""refactor""]",3.8057667948305607,"[""f2ac6e30644848f0c5c36057d1f55551fb70952f"", ""4be836f5655fb5356fde5ddd7437125f8574705d""]",0.2857142857142857,1.0,0.4444444444444445,False,0.7142857142857143,12288,False,2
"[""docs"", ""feat""]","[""docs"", ""feat""]",3.071261549834162,"[""cb1f48b56ae0de93acb72e48726c7d610a1d538e"", ""bea32587586ca08f390c901a95e9b9c25263f4df""]",1.0,1.0,1.0,True,0.0,12288,False,2
"[""build"", ""test"", ""ci""]","[""build"", ""ci""]",1.240838442929089,"[""454003841aabeb74396d73541378bfa59c75b5db"", ""bda1822851d9be04f0d39f2213d1e2066eb115c8""]",0.6666666666666666,1.0,0.8,False,0.1428571428571428,12288,False,2
"[""docs"", ""refactor""]","[""docs"", ""test""]",1.0085372109897437,"[""16124286236edf03a6199720ba1629a35e3fe1aa"", ""076b9f5efc109b481074a81957e24ce9f4a69f08""]",0.5,0.5,0.5,False,0.2857142857142857,12288,False,2
"[""build"", ""test"", ""refactor""]","[""build"", ""refactor""]",1.7032806030474603,"[""ecc481f9f501aa34b41e06e7bbdde6e79f8ca1bb"", ""5748ff57ebafe94c4979eafa790d9a84812ca440""]",0.6666666666666666,1.0,0.8,False,0.1428571428571428,12288,False,2
"[""feat""]","[""feat"", ""fix""]",1.133299959357828,"[""73211952964a79d97b434dd567e6d7d34be7feb5"", ""be2cbd9480fcbd60c3011ca57f1d761185cf52bd""]",1.0,0.5,0.6666666666666666,False,0.1428571428571428,12288,False,2
"[""ci"", ""test""]","[""ci"", ""test""]",1.0723540829494596,"[""db2dbc13d7da2ae85cd3206d330be8ed0ebe1b2c"", ""6c7398993bc567ec84e4573b6ededbf50b1ef606""]",1.0,1.0,1.0,True,0.0,12288,False,2
"[""build"", ""refactor""]","[""build"", ""fix""]",1.0993716539815068,"[""4ab28fc2e63e975a0c77e18ae644f34fa5f8771a"", ""b131f5d67076b97b3186c820760df839bf796ad5""]",0.5,0.5,0.5,False,0.2857142857142857,12288,False,2
"[""feat""]","[""feat"", ""refactor""]",2.6519528343342245,"[""73211952964a79d97b434dd567e6d7d34be7feb5"", ""78971fd68d7dc5c8e6811b4520cdc54e4188f733""]",1.0,0.5,0.6666666666666666,False,0.1428571428571428,12288,False,2
"[""ci"", ""docs""]","[""ci"", ""docs""]",0.800442622974515,"[""6f5b1103c0893d13b42f1f7c6504c9c339840be3"", ""9849430b11b92ae58d94cfe4d0b06313c7eab550""]",1.0,1.0,1.0,True,0.0,12288,False,2
"[""docs"", ""feat""]","[""docs"", ""feat""]",1.105196065735072,"[""26994fb090d4ed0daf9b8ba960b4690fac08e340"", ""15b8e4bc9349ce017f65e10b95cae48b0aa11828""]",1.0,1.0,1.0,True,0.0,12288,False,2
"[""build""]","[""build"", ""fix""]",0.7546633309684694,"[""2d4d735d94386f5045e3b3abc022c2edcdfaef8f"", ""eb9f7b24364e86d7bcf50bb23b62c743cf5526f6""]",1.0,0.5,0.6666666666666666,False,0.1428571428571428,12288,False,2
"[""ci"", ""test"", ""build""]","[""ci"", ""test""]",1.2363044540397825,"[""14f535655d39847a85d0193559c9c0010357ba77"", ""6c7398993bc567ec84e4573b6ededbf50b1ef606""]",0.6666666666666666,1.0,0.8,False,0.1428571428571428,12288,False,2
"[""refactor""]","[""fix"", ""refactor""]",0.8214266528375447,"[""b131f5d67076b97b3186c820760df839bf796ad5"", ""2900e67189ec09a35fa61f3f17d386f4eb23f9bd""]",1.0,0.5,0.6666666666666666,False,0.1428571428571428,12288,False,2
"[""ci"", ""test"", ""refactor""]","[""ci"", ""test""]",0.995764628984034,"[""b7b9c23698e7238eda26a1135018625181badd82"", ""1f663cbe4b4a9e7a0ae89c05f824335f2a0857fd""]",0.6666666666666666,1.0,0.8,False,0.1428571428571428,12288,False,2
"[""docs"", ""refactor"", ""test""]","[""docs"", ""refactor""]",2.116587308701128,"[""e9358fb4955396bfc3340418c77cbce4fa6123ee"", ""cc9df62b0b41e84da275cf6ddcb06126628713b7""]",0.6666666666666666,1.0,0.8,False,0.1428571428571428,12288,False,2
"[""feat"", ""ci""]","[""build"", ""feat""]",1.8072191649116576,"[""88129ee45b1d49bc4ff887f3b488464cc7097e29"", ""b7191a24b71cce2b7260d60de26ac8161546110e""]",0.5,0.5,0.5,False,0.2857142857142857,12288,False,2
"[""feat"", ""build""]","[""build"", ""feat""]",1.3309988141991198,"[""b7e38fb62aa6e8a30d72dec063b1adccd089d0aa"", ""73211952964a79d97b434dd567e6d7d34be7feb5""]",1.0,1.0,1.0,True,0.0,12288,False,2
"[""feat"", ""fix"", ""refactor"", ""docs"", ""test"", ""ci"", ""build""]","[""refactor"", ""test""]",2.0922842458821833,"[""7e84797900f1b6f61e16d8a4766b8209673a7acb"", ""8ee0611fbf0cd89abe7ae588f22e6ecb843598ea""]",0.2857142857142857,1.0,0.4444444444444445,False,0.7142857142857143,12288,False,2
"[""ci"", ""refactor""]","[""ci"", ""fix""]",1.0121864760294557,"[""b7b9c23698e7238eda26a1135018625181badd82"", ""c4d9e5023fa0f88ba283b37da27677ceda1cbfbb""]",0.5,0.5,0.5,False,0.2857142857142857,12288,False,2
"[""feat"", ""docs"", ""test""]","[""docs"", ""test""]",1.4385829996317625,"[""af82c2c910c9b5d3dd68de30c59a9e169a8934a5"", ""6c7398993bc567ec84e4573b6ededbf50b1ef606""]",0.6666666666666666,1.0,0.8,False,0.1428571428571428,12288,False,2
"[""ci"", ""refactor""]","[""ci"", ""refactor""]",0.8275978299789131,"[""b7b9c23698e7238eda26a1135018625181badd82"", ""879edb6ed90f88b9ae6a3c2e8878ae1be48e0c88""]",1.0,1.0,1.0,True,0.0,12288,False,2
"[""build"", ""docs""]","[""build"", ""docs""]",0.8051197188906372,"[""0f38960851ac0fd159727d5dffb36f50268eec18"", ""e0177c25e13812306aab0b0991562d58b6d14767""]",1.0,1.0,1.0,True,0.0,12288,False,2
"[""ci"", ""build"", ""feat"", ""fix""]","[""feat"", ""fix""]",1.775685909204185,"[""ebaa20ea3f02e25f78c52cae208017a898cb6c13"", ""f9f309d1f4ef1917a89e867e6ba4c3f8d5b24d48""]",0.5,1.0,0.6666666666666666,False,0.2857142857142857,12288,False,2
"[""docs"", ""refactor"", ""build""]","[""docs"", ""fix""]",1.1698724846355617,"[""b8a664c1b10f4e30a3e221a14211a3cdaf90b7f4"", ""ccd1946a375e2ac10c3c591b04a435c4bc5170c2""]",0.3333333333333333,0.5,0.4,False,0.4285714285714285,12288,False,2
"[""feat"", ""test"", ""build""]","[""feat"", ""test""]",3.714822238311171,"[""1f15f71e415ba49b21684c7a3a51c8e3faaa7cf3"", ""f87659953e9af59bc7cb314a22dd076d988ef607""]",0.6666666666666666,1.0,0.8,False,0.1428571428571428,12288,False,2
"[""build"", ""ci""]","[""build"", ""ci""]",0.9109152257442474,"[""b7e38fb62aa6e8a30d72dec063b1adccd089d0aa"", ""6f5b1103c0893d13b42f1f7c6504c9c339840be3""]",1.0,1.0,1.0,True,0.0,12288,False,2
"[""refactor"", ""test"", ""docs""]","[""docs"", ""refactor""]",3.28412765217945,"[""0105a4ee47706d9b3aa8f22d0a75585a498731ec"", ""6ed4690834161e1d250dfb0b46cd05bf07c1bb39""]",0.6666666666666666,1.0,0.8,False,0.1428571428571428,12288,False,2
"[""ci"", ""build"", ""fix""]","[""ci"", ""fix""]",1.152110988739878,"[""db55dae208e4807898e6c747cefdf9bfcb4fd08c"", ""c4d9e5023fa0f88ba283b37da27677ceda1cbfbb""]",0.6666666666666666,1.0,0.8,False,0.1428571428571428,12288,False,2
"[""build"", ""test""]","[""build"", ""test""]",2.996477953158319,"[""ecc481f9f501aa34b41e06e7bbdde6e79f8ca1bb"", ""3c04162664b130c9486cba54afc16b6e57c779d1""]",1.0,1.0,1.0,True,0.0,12288,False,2
"[""feat"", ""fix"", ""refactor"", ""docs"", ""test"", ""ci"", ""build""]","[""feat"", ""refactor""]",2.213391459081322,"[""8b9176b44bb01a1eef497a403b0304bc389c9aee"", ""5748ff57ebafe94c4979eafa790d9a84812ca440""]",0.2857142857142857,1.0,0.4444444444444445,False,0.7142857142857143,12288,False,2
"[""feat"", ""refactor"", ""build""]","[""build"", ""feat""]",3.0979115972295403,"[""f46c6c6c26a14312aa05a77ff2a14aebd74e13ac"", ""d82c76e667c01567382e3ebeb13125c5d0064324""]",0.6666666666666666,1.0,0.8,False,0.1428571428571428,12288,False,2
"[""refactor""]","[""refactor"", ""test""]",2.475165323819965,"[""211de26da358601056dd922d63f832433d7a693b"", ""1f663cbe4b4a9e7a0ae89c05f824335f2a0857fd""]",1.0,0.5,0.6666666666666666,False,0.1428571428571428,12288,False,2
"[""ci"", ""docs""]","[""ci"", ""docs""]",0.9658395531587304,"[""8d2e23bde626eaed6e5b13384cc7ac38bab5ea66"", ""036a0ff49a7dade0e04c9c07071a1ff49133ee24""]",1.0,1.0,1.0,True,0.0,12288,False,2
"[""docs"", ""refactor""]","[""docs"", ""fix""]",2.435631967149675,"[""01e536c6eb273f533ac7bb1a51c4954128de2c63"", ""6849b9066f5d95b9e54c67046cfa136cf0d88b27""]",0.5,0.5,0.5,False,0.2857142857142857,12288,False,2
"[""fix"", ""test""]","[""fix"", ""test""]",1.643105479888618,"[""3e85aa17418f6fd2e6e32f9e55fdf7a9d8fcea9d"", ""f87659953e9af59bc7cb314a22dd076d988ef607""]",1.0,1.0,1.0,True,0.0,12288,False,2
"[""docs"", ""build"", ""ci"", ""refactor""]","[""build"", ""ci""]",1.331598601769656,"[""4542d9973a848a2bd4f9baf12992efe7d7a69f2c"", ""b7b9c23698e7238eda26a1135018625181badd82""]",0.5,1.0,0.6666666666666666,False,0.2857142857142857,12288,False,2
"[""feat"", ""refactor"", ""test""]","[""feat"", ""refactor""]",2.0305018019862473,"[""9025fe7e99ae76c1426be68dc80f09e235631a80"", ""3f173b8b7ce54371db277879673b3202edeb2d93""]",0.6666666666666666,1.0,0.8,False,0.1428571428571428,12288,False,2
"[""feat"", ""build""]","[""build"", ""feat"", ""refactor""]",2.341289196163416,"[""37b1cbfd3d2c462ef4f2a131e4172c38dc8d9ddf"", ""542f0cad5337de15428f0b6567ce4efd20a19a48"", ""7adece9931eaef6aaf603b5567829bbdcb28f2d1""]",1.0,0.6666666666666666,0.8,False,0.1428571428571428,12288,False,3
"[""ci"", ""docs"", ""test""]","[""ci"", ""docs"", ""test""]",2.1853728839196265,"[""6f5b1103c0893d13b42f1f7c6504c9c339840be3"", ""eb51316cdfdc7258d287ba13b67ef2f42bd2b8f6"", ""625cbbca0d92b8756eac6fcacc795d90527d8975""]",1.0,1.0,1.0,True,0.0,12288,False,3
"[""feat"", ""test"", ""build""]","[""feat"", ""fix"", ""test""]",1.618024024181068,"[""3730075261bc81df68f9d10f12a2d6bbffd8493c"", ""ccd1946a375e2ac10c3c591b04a435c4bc5170c2"", ""076b9f5efc109b481074a81957e24ce9f4a69f08""]",0.6666666666666666,0.6666666666666666,0.6666666666666666,False,0.2857142857142857,12288,False,3
"[""ci"", ""build"", ""refactor"", ""docs""]","[""build"", ""ci"", ""fix""]",1.58290284126997,"[""4542d9973a848a2bd4f9baf12992efe7d7a69f2c"", ""b7b9c23698e7238eda26a1135018625181badd82"", ""73b8948ea1d49e05ae8c63b17926eda4cb04e9bb""]",0.5,0.6666666666666666,0.5714285714285715,False,0.4285714285714285,12288,False,3
"[""ci"", ""build"", ""refactor"", ""docs""]","[""ci"", ""docs"", ""refactor""]",1.6709819636307657,"[""14f535655d39847a85d0193559c9c0010357ba77"", ""7f611e4208d0cc36c635eb0641a4b3258999ae8d"", ""d55088c612b1108ef566ec47e40fb8d1050f7451""]",0.75,1.0,0.8571428571428571,False,0.1428571428571428,12288,False,3
"[""feat"", ""fix"", ""refactor"", ""docs"", ""test"", ""ci"", ""build""]","[""docs"", ""fix"", ""refactor""]",2.78657153993845,"[""e9358fb4955396bfc3340418c77cbce4fa6123ee"", ""d5d3753c221e5164874ee99f1c6959f03fce0725"", ""7292fc7d387d83379aedf93558451bfa254acb6f""]",0.4285714285714285,1.0,0.6,False,0.5714285714285714,12288,False,3
"[""build"", ""feat"", ""test""]","[""build"", ""feat"", ""test""]",2.5841680029407144,"[""afafb9a32b164df33754a36547ee134b8fbe374a"", ""293f301a4bb248799c467d1fef413ed3909f47a4"", ""24a815b90437dbd962b5ff449f0b5146df835545""]",1.0,1.0,1.0,True,0.0,12288,False,3
"[""ci"", ""build"", ""refactor""]","[""ci"", ""fix"", ""refactor""]",1.4472198029980063,"[""be44bbdeb52c6025e81c99528ed7b0d932c5be18"", ""ccd1946a375e2ac10c3c591b04a435c4bc5170c2"", ""0e4ede620dd9a2cdc13ab9cc6da05577b39fddb8""]",0.6666666666666666,0.6666666666666666,0.6666666666666666,False,0.2857142857142857,12288,False,3
"[""feat"", ""docs"", ""build""]","[""build"", ""docs"", ""feat""]",2.649920354131609,"[""b7e38fb62aa6e8a30d72dec063b1adccd089d0aa"", ""eb51316cdfdc7258d287ba13b67ef2f42bd2b8f6"", ""73211952964a79d97b434dd567e6d7d34be7feb5""]",1.0,1.0,1.0,True,0.0,12288,False,3
"[""docs"", ""build"", ""fix"", ""test""]","[""build"", ""fix"", ""test""]",1.5366349183022976,"[""4542d9973a848a2bd4f9baf12992efe7d7a69f2c"", ""73b8948ea1d49e05ae8c63b17926eda4cb04e9bb"", ""1f663cbe4b4a9e7a0ae89c05f824335f2a0857fd""]",0.75,1.0,0.8571428571428571,False,0.1428571428571428,12288,False,3
"[""ci"", ""refactor"", ""test""]","[""ci"", ""refactor"", ""test""]",1.478379338979721,"[""bda1822851d9be04f0d39f2213d1e2066eb115c8"", ""b98a8fed0b67b99ef4f8373aea904f847315e468"", ""b7e2330fa3a8d7b8a9bff01b707c44e64b845c7b""]",1.0,1.0,1.0,True,0.0,12288,False,3
"[""feat"", ""fix"", ""refactor"", ""docs"", ""test"", ""ci"", ""build""]","[""docs"", ""feat"", ""test""]",3.923242010641843,"[""fd849bd08363df60dbc8b9b6d55bac4f5ace88f4"", ""b7191a24b71cce2b7260d60de26ac8161546110e"", ""11ffd5174bd61a2939ae58d2b2d43284302ae490""]",0.4285714285714285,1.0,0.6,False,0.5714285714285714,12288,False,3
"[""ci"", ""docs"", ""refactor""]","[""ci"", ""docs"", ""refactor""]",1.5136515158228576,"[""be44bbdeb52c6025e81c99528ed7b0d932c5be18"", ""16124286236edf03a6199720ba1629a35e3fe1aa"", ""0e4ede620dd9a2cdc13ab9cc6da05577b39fddb8""]",1.0,1.0,1.0,True,0.0,12288,False,3
"[""build"", ""feat"", ""refactor""]","[""build"", ""feat"", ""fix""]",1.821099964901805,"[""ecc481f9f501aa34b41e06e7bbdde6e79f8ca1bb"", ""8b9176b44bb01a1eef497a403b0304bc389c9aee"", ""cc6408b88246f20c62884a5892a6276baf7c3920""]",0.6666666666666666,0.6666666666666666,0.6666666666666666,False,0.2857142857142857,12288,False,3
"[""docs"", ""refactor"", ""test""]","[""docs"", ""fix"", ""test""]",1.325713953003287,"[""12257ce53f94dc902df4ba087de90f52d2840ad4"", ""2b1ad9d10fc5685ec75f362a73229569f03344ca"", ""6c7398993bc567ec84e4573b6ededbf50b1ef606""]",0.6666666666666666,0.6666666666666666,0.6666666666666666,False,0.2857142857142857,12288,False,3
"[""build"", ""ci"", ""docs"", ""refactor"", ""test""]","[""build"", ""ci"", ""refactor""]",1.8614984238520265,"[""b7e38fb62aa6e8a30d72dec063b1adccd089d0aa"", ""6f5b1103c0893d13b42f1f7c6504c9c339840be3"", ""3550066c886bf253df376f303a60ed475ac42aaa""]",0.6,1.0,0.7499999999999999,False,0.2857142857142857,12288,False,3
"[""feat"", ""refactor"", ""build""]","[""build"", ""feat"", ""refactor""]",2.576421805191785,"[""b7e38fb62aa6e8a30d72dec063b1adccd089d0aa"", ""73211952964a79d97b434dd567e6d7d34be7feb5"", ""8da0303bc02db5fe047cfc0631a9da41d9dc60f7""]",1.0,1.0,1.0,True,0.0,12288,False,3
"[""feat"", ""test"", ""build"", ""docs"", ""refactor""]","[""ci"", ""feat"", ""test""]",2.9714493970386684,"[""bda1822851d9be04f0d39f2213d1e2066eb115c8"", ""988dda23984894cea097d64646196e8d6196d6b6"", ""90a48c74f6faa0829d3809f739a42c0133e63ae0""]",0.4,0.6666666666666666,0.5,False,0.5714285714285714,12288,False,3
"[""build"", ""docs"", ""fix""]","[""build"", ""docs"", ""fix""]",1.240517355967313,"[""ecc481f9f501aa34b41e06e7bbdde6e79f8ca1bb"", ""144388439d64e049cbed4e37659e819856d6987f"", ""45b386aa3f06bce06f5e03fbde0aa52c4051c8bc""]",1.0,1.0,1.0,True,0.0,12288,False,3
"[""docs"", ""fix"", ""test""]","[""docs"", ""fix"", ""test""]",2.181199121288955,"[""af5ec2005504bbd836a54bfb2df0b7f6cf15f314"", ""f9f309d1f4ef1917a89e867e6ba4c3f8d5b24d48"", ""3c812f916e06a53b899e9e3dd79760b475fa4b87""]",1.0,1.0,1.0,True,0.0,12288,False,3
"[""ci"", ""test"", ""feat"", ""refactor""]","[""ci"", ""feat"", ""refactor""]",2.00725636491552,"[""be44bbdeb52c6025e81c99528ed7b0d932c5be18"", ""3730075261bc81df68f9d10f12a2d6bbffd8493c"", ""0e4ede620dd9a2cdc13ab9cc6da05577b39fddb8""]",0.75,1.0,0.8571428571428571,False,0.1428571428571428,12288,False,3
"[""build"", ""docs"", ""refactor""]","[""build"", ""docs"", ""fix""]",1.861498316284269,"[""ecc481f9f501aa34b41e06e7bbdde6e79f8ca1bb"", ""ee7cc5d5a940fba774e715b1f029c6361110b108"", ""cc6408b88246f20c62884a5892a6276baf7c3920""]",0.6666666666666666,0.6666666666666666,0.6666666666666666,False,0.2857142857142857,12288,False,3
"[""feat"", ""fix"", ""refactor"", ""docs"", ""test"", ""ci"", ""build""]","[""feat"", ""refactor"", ""test""]",1.9508252148516476,"[""a84d6715a4df12cc0ee9aa6f2596ce3b04353958"", ""e8a8edadc5c25d6410462b89a48e0602e0cbbc7f"", ""e77f6751182595fe08940d67e11a90416c8dd6fd""]",0.4285714285714285,1.0,0.6,False,0.5714285714285714,12288,False,3
"[""feat"", ""docs"", ""ci""]","[""ci"", ""docs"", ""feat""]",2.4820350599475205,"[""200aca9f3d1253e4e28e79464da19b701aba777e"", ""2fdecc045fdb509832a758e45412c115fa03e8e8"", ""8a954673531d6935f5517535b9068639ed5cff0d""]",1.0,1.0,1.0,True,0.0,12288,False,3
"[""ci"", ""test"", ""refactor""]","[""ci"", ""fix"", ""test""]",1.256050108931959,"[""e7ecc8763152ed6f89dbf4a6f313c276549eb0b7"", ""2b1ad9d10fc5685ec75f362a73229569f03344ca"", ""6c7398993bc567ec84e4573b6ededbf50b1ef606""]",0.6666666666666666,0.6666666666666666,0.6666666666666666,False,0.2857142857142857,12288,False,3
"[""build"", ""ci"", ""refactor""]","[""build"", ""ci"", ""refactor""]",1.4851844711229203,"[""45bbdaba1490a3216decb2c1a88b8f7041a3d505"", ""be44bbdeb52c6025e81c99528ed7b0d932c5be18"", ""0e4ede620dd9a2cdc13ab9cc6da05577b39fddb8""]",1.0,1.0,1.0,True,0.0,12288,False,3
"[""build"", ""test""]","[""build"", ""fix"", ""refactor""]",1.0133325001224875,"[""37b1cbfd3d2c462ef4f2a131e4172c38dc8d9ddf"", ""9db124c65f291a1524ed2e7db1c04a7020eaed80"", ""e2b7c0ea44b9c958f66d0cbd59fec597008f4793""]",0.5,0.3333333333333333,0.4,False,0.4285714285714285,12288,False,3
"[""docs"", ""ci"", ""build"", ""test""]","[""docs"", ""feat"", ""test""]",1.8255512067116797,"[""6ffb9ffff014c8184f6c84a02854e348f2679636"", ""ebaa20ea3f02e25f78c52cae208017a898cb6c13"", ""3c812f916e06a53b899e9e3dd79760b475fa4b87""]",0.5,0.6666666666666666,0.5714285714285715,False,0.4285714285714285,12288,False,3
"[""ci"", ""docs"", ""refactor""]","[""ci"", ""docs"", ""fix""]",1.191502769012004,"[""cb5634329ca9f3eaa72bb3dede79913ca8283b1b"", ""2b01808ec86fe9d8b4a93141a1b7f95e11fd6010"", ""2b1ad9d10fc5685ec75f362a73229569f03344ca""]",0.6666666666666666,0.6666666666666666,0.6666666666666666,False,0.2857142857142857,12288,False,3
"[""ci"", ""test"", ""build"", ""fix"", ""refactor""]","[""build"", ""refactor"", ""test""]",2.019191727042198,"[""e0a977b2d316e7612b5d72cb02cd7d78e75dbc55"", ""72e3eed599b3a3dd154575af344ac3e5c62dd07b"", ""e77f6751182595fe08940d67e11a90416c8dd6fd""]",0.6,1.0,0.7499999999999999,False,0.2857142857142857,12288,False,3
"[""feat"", ""test"", ""build""]","[""build"", ""feat"", ""fix""]",1.656623960006982,"[""45bbdaba1490a3216decb2c1a88b8f7041a3d505"", ""3730075261bc81df68f9d10f12a2d6bbffd8493c"", ""ccd1946a375e2ac10c3c591b04a435c4bc5170c2""]",0.6666666666666666,0.6666666666666666,0.6666666666666666,False,0.2857142857142857,12288,False,3
"[""ci"", ""build"", ""refactor"", ""test""]","[""ci"", ""refactor"", ""test""]",1.5439660353586078,"[""be44bbdeb52c6025e81c99528ed7b0d932c5be18"", ""0e4ede620dd9a2cdc13ab9cc6da05577b39fddb8"", ""076b9f5efc109b481074a81957e24ce9f4a69f08""]",0.75,1.0,0.8571428571428571,False,0.1428571428571428,12288,False,3
"[""feat""]","[""docs"", ""feat"", ""refactor""]",1.2640313361771405,"[""9849430b11b92ae58d94cfe4d0b06313c7eab550"", ""73211952964a79d97b434dd567e6d7d34be7feb5"", ""adc34a26803e2b02df0ddc0739d73cd0b6216e00""]",1.0,0.3333333333333333,0.5,False,0.2857142857142857,12288,False,3
"[""feat"", ""refactor"", ""test""]","[""docs"", ""feat"", ""fix""]",2.557385056745261,"[""036a0ff49a7dade0e04c9c07071a1ff49133ee24"", ""4a4c7afca7e1beadd4b213214074fdb420eb0923"", ""a81bbb83d64867f08c4d1be10919ef6806a1bf51""]",0.3333333333333333,0.3333333333333333,0.3333333333333333,False,0.5714285714285714,12288,False,3
"[""build"", ""ci"", ""refactor""]","[""build"", ""ci"", ""test""]",1.327071512117982,"[""45bbdaba1490a3216decb2c1a88b8f7041a3d505"", ""be44bbdeb52c6025e81c99528ed7b0d932c5be18"", ""076b9f5efc109b481074a81957e24ce9f4a69f08""]",0.6666666666666666,0.6666666666666666,0.6666666666666666,False,0.2857142857142857,12288,False,3
"[""ci"", ""test"", ""docs"", ""refactor""]","[""ci"", ""docs"", ""fix""]",2.219605640973896,"[""d03e345c52d1e66fe51395c701bef1c6dc3a54c0"", ""3f0ae7cf819776124d7aae792800fb9730a593a9"", ""2b1ad9d10fc5685ec75f362a73229569f03344ca""]",0.5,0.6666666666666666,0.5714285714285715,False,0.4285714285714285,12288,False,3
"[""feat"", ""build""]","[""build"", ""feat"", ""test""]",2.01516026398167,"[""37b1cbfd3d2c462ef4f2a131e4172c38dc8d9ddf"", ""542f0cad5337de15428f0b6567ce4efd20a19a48"", ""422940e3d7ef6850acda0be349865d737476dd10""]",1.0,0.6666666666666666,0.8,False,0.1428571428571428,12288,False,3
"[""feat"", ""fix"", ""refactor"", ""docs"", ""test"", ""ci"", ""build""]","[""docs"", ""feat"", ""refactor""]",3.864002351183444,"[""0105a4ee47706d9b3aa8f22d0a75585a498731ec"", ""3709e392924aba3542514ce35bd681adca39e8ac"", ""cd7e8c3d3549ea05115b3f02586eeba894d86906""]",0.4285714285714285,1.0,0.6,False,0.5714285714285714,12288,False,3
"[""test"", ""build""]","[""fix"", ""refactor"", ""test""]",1.4323964258655906,"[""974e033a3ca7484290a04201ee33856a25da0942"", ""1918d339b8e3738df83d73e1decb31b5209ee8db"", ""69a394e7ff6243457685a28911b79e47f981278c""]",0.5,0.3333333333333333,0.4,False,0.4285714285714285,12288,False,3
"[""feat"", ""fix"", ""refactor"", ""docs"", ""test"", ""ci"", ""build""]","[""build"", ""ci"", ""fix""]",2.4380720923654735,"[""bfe32bf10e9b6d699f694fbd095af0b3f2e6275f"", ""bda1822851d9be04f0d39f2213d1e2066eb115c8"", ""80242b34468398e835e5b3fc5ac345dbae4bcc7e""]",0.4285714285714285,1.0,0.6,False,0.5714285714285714,12288,False,3
"[""docs"", ""feat"", ""refactor""]","[""docs"", ""feat"", ""refactor""]",2.3856835938058794,"[""01e536c6eb273f533ac7bb1a51c4954128de2c63"", ""15b8e4bc9349ce017f65e10b95cae48b0aa11828"", ""e8a8edadc5c25d6410462b89a48e0602e0cbbc7f""]",1.0,1.0,1.0,True,0.0,12288,False,3
"[""build"", ""ci"", ""test""]","[""build"", ""ci"", ""test""]",1.0334481270983815,"[""b7e38fb62aa6e8a30d72dec063b1adccd089d0aa"", ""6f5b1103c0893d13b42f1f7c6504c9c339840be3"", ""625cbbca0d92b8756eac6fcacc795d90527d8975""]",1.0,1.0,1.0,True,0.0,12288,False,3
"[""feat"", ""fix"", ""refactor"", ""docs"", ""test"", ""ci"", ""build""]","[""build"", ""feat"", ""fix""]",2.2820900580845773,"[""bfe32bf10e9b6d699f694fbd095af0b3f2e6275f"", ""ecf865f2fef03093adedf065d1732b2386a0df40"", ""238ba1990ea68eb64bdfc6b31efebad2acb01ad6""]",0.4285714285714285,1.0,0.6,False,0.5714285714285714,12288,False,3
"[""docs"", ""test"", ""refactor""]","[""docs"", ""refactor"", ""test""]",2.221963033080101,"[""01e1e33f377934099a4a725fab5cd6c5ff50eaa2"", ""adc34a26803e2b02df0ddc0739d73cd0b6216e00"", ""625cbbca0d92b8756eac6fcacc795d90527d8975""]",1.0,1.0,1.0,True,0.0,12288,False,3
"[""ci"", ""docs"", ""build"", ""refactor""]","[""ci"", ""docs"", ""test""]",1.3982174419797957,"[""be44bbdeb52c6025e81c99528ed7b0d932c5be18"", ""b8a664c1b10f4e30a3e221a14211a3cdaf90b7f4"", ""076b9f5efc109b481074a81957e24ce9f4a69f08""]",0.5,0.6666666666666666,0.5714285714285715,False,0.4285714285714285,12288,False,3
"[""feat"", ""ci"", ""test"", ""build"", ""docs""]","[""build"", ""ci"", ""feat""]",1.9712720792740583,"[""45bbdaba1490a3216decb2c1a88b8f7041a3d505"", ""be44bbdeb52c6025e81c99528ed7b0d932c5be18"", ""3730075261bc81df68f9d10f12a2d6bbffd8493c""]",0.6,1.0,0.7499999999999999,False,0.2857142857142857,12288,False,3
"[""fix"", ""test"", ""build"", ""refactor""]","[""fix"", ""refactor"", ""test""]",1.8727095238864424,"[""238ba1990ea68eb64bdfc6b31efebad2acb01ad6"", ""d4d8bdd3a0a5cec993735abc2e8cc2feff8eae27"", ""cd2bfb9b2298e8cd91013808547b35a9c40f46f1""]",0.75,1.0,0.8571428571428571,False,0.1428571428571428,12288,False,3
"[""docs"", ""refactor"", ""build""]","[""docs"", ""fix"", ""refactor""]",1.4792114682495594,"[""16124286236edf03a6199720ba1629a35e3fe1aa"", ""ccd1946a375e2ac10c3c591b04a435c4bc5170c2"", ""0e4ede620dd9a2cdc13ab9cc6da05577b39fddb8""]",0.6666666666666666,0.6666666666666666,0.6666666666666666,False,0.2857142857142857,12288,False,3
"[""feat"", ""build"", ""ci""]","[""build"", ""ci"", ""feat""]",1.4949724413454533,"[""b7e38fb62aa6e8a30d72dec063b1adccd089d0aa"", ""6f5b1103c0893d13b42f1f7c6504c9c339840be3"", ""73211952964a79d97b434dd567e6d7d34be7feb5""]",1.0,1.0,1.0,True,0.0,12288,False,3
"[""feat"", ""docs"", ""test""]","[""docs"", ""feat"", ""test""]",2.5518457223661244,"[""8dfd2af29bf784b242992ee9ec0fbc85753b063c"", ""8a954673531d6935f5517535b9068639ed5cff0d"", ""6c7398993bc567ec84e4573b6ededbf50b1ef606""]",1.0,1.0,1.0,True,0.0,12288,False,3
"[""build"", ""ci"", ""refactor""]","[""build"", ""ci"", ""fix""]",1.3423856920562685,"[""45bbdaba1490a3216decb2c1a88b8f7041a3d505"", ""be44bbdeb52c6025e81c99528ed7b0d932c5be18"", ""ccd1946a375e2ac10c3c591b04a435c4bc5170c2""]",0.6666666666666666,0.6666666666666666,0.6666666666666666,False,0.2857142857142857,12288,False,3
"[""build"", ""feat""]","[""build"", ""feat"", ""refactor""]",1.0541898952797055,"[""0f38960851ac0fd159727d5dffb36f50268eec18"", ""1ae8bf1195b197daa80ba6e45360f8b894364cd4"", ""336b25f3ae9da5d972304662fcdb88f4719c721d""]",1.0,0.6666666666666666,0.8,False,0.1428571428571428,12288,False,3
"[""ci"", ""docs"", ""refactor""]","[""ci"", ""docs"", ""refactor""]",3.445413099601865,"[""6f5b1103c0893d13b42f1f7c6504c9c339840be3"", ""eb51316cdfdc7258d287ba13b67ef2f42bd2b8f6"", ""d357640fab55e5964fe83efc3c771e53aa3222fd""]",1.0,1.0,1.0,True,0.0,12288,False,3
"[""ci"", ""fix"", ""test""]","[""feat"", ""fix"", ""test""]",1.658140042796731,"[""ebaa20ea3f02e25f78c52cae208017a898cb6c13"", ""dc50bd35462a49058c91a939fc8830ae7a9eb692"", ""3c812f916e06a53b899e9e3dd79760b475fa4b87""]",0.6666666666666666,0.6666666666666666,0.6666666666666666,False,0.2857142857142857,12288,False,3
"[""build"", ""docs"", ""fix""]","[""build"", ""docs"", ""refactor""]",1.8422757368534803,"[""0f38960851ac0fd159727d5dffb36f50268eec18"", ""dfab97842fe78fb8f217a5185fb6ec92682a53ca"", ""f85974761be11e0ecc85575bc4b6d5a02e438fd2""]",0.6666666666666666,0.6666666666666666,0.6666666666666666,False,0.2857142857142857,12288,False,3
"[""ci"", ""feat"", ""test""]","[""ci"", ""fix"", ""test""]",1.3490020241588354,"[""8d2e23bde626eaed6e5b13384cc7ac38bab5ea66"", ""f9d9f859240c6f7e78b0303ea40e46622d42bc3c"", ""cdbc37711fa9c64b2cfa767766ca55c95c1736f7""]",0.6666666666666666,0.6666666666666666,0.6666666666666666,False,0.2857142857142857,12288,False,3
"[""build"", ""fix"", ""test""]","[""build"", ""fix"", ""test""]",1.1268365471623838,"[""b7e38fb62aa6e8a30d72dec063b1adccd089d0aa"", ""be2cbd9480fcbd60c3011ca57f1d761185cf52bd"", ""625cbbca0d92b8756eac6fcacc795d90527d8975""]",1.0,1.0,1.0,True,0.0,12288,False,3
"[""feat"", ""docs"", ""test"", ""build""]","[""ci"", ""feat"", ""refactor""]",2.2142663071863353,"[""bda1822851d9be04f0d39f2213d1e2066eb115c8"", ""9114362b39f5194209cd0b330af7076333f3db77"", ""fba4326c72fc22d81aba6976a9fef1e4b6154fd9""]",0.25,0.3333333333333333,0.2857142857142857,False,0.7142857142857143,12288,False,3
"[""ci"", ""docs"", ""feat"", ""refactor""]","[""ci"", ""docs"", ""feat""]",2.4939153897576034,"[""8d2e23bde626eaed6e5b13384cc7ac38bab5ea66"", ""527e0abd0f88cb3ae2dc1a6ec7a62c241250444d"", ""bbb6ee10de824f2e3259576ac01768640c884279""]",0.75,1.0,0.8571428571428571,False,0.1428571428571428,12288,False,3
"[""feat"", ""fix"", ""refactor"", ""docs"", ""test"", ""ci"", ""build""]","[""docs"", ""refactor"", ""test""]",2.712177483830601,"[""e9358fb4955396bfc3340418c77cbce4fa6123ee"", ""eb8a8d3fc493ff8a20b19c9efac8f112ae9f5762"", ""4464cf5e89d5e570c20267d09fb1fa2b7ef66b93""]",0.4285714285714285,1.0,0.6,False,0.5714285714285714,12288,False,3
"[""build"", ""ci"", ""fix""]","[""build"", ""ci"", ""fix""]",1.0066728089004755,"[""b7e38fb62aa6e8a30d72dec063b1adccd089d0aa"", ""6f5b1103c0893d13b42f1f7c6504c9c339840be3"", ""be2cbd9480fcbd60c3011ca57f1d761185cf52bd""]",1.0,1.0,1.0,True,0.0,12288,False,3
"[""feat"", ""fix"", ""refactor"", ""docs"", ""test"", ""ci"", ""build""]","[""docs"", ""feat"", ""refactor""]",3.1723690079525113,"[""e9358fb4955396bfc3340418c77cbce4fa6123ee"", ""3709e392924aba3542514ce35bd681adca39e8ac"", ""cd7e8c3d3549ea05115b3f02586eeba894d86906""]",0.4285714285714285,1.0,0.6,False,0.5714285714285714,12288,False,3
"[""build"", ""test""]","[""build"", ""fix"", ""test""]",1.2965041436254978,"[""4ab28fc2e63e975a0c77e18ae644f34fa5f8771a"", ""b131f5d67076b97b3186c820760df839bf796ad5"", ""2a7c6f5c0b1c966d6a5d103de1978a61c141648a""]",1.0,0.6666666666666666,0.8,False,0.1428571428571428,12288,False,3
"[""feat"", ""test"", ""docs"", ""refactor""]","[""docs"", ""feat"", ""refactor""]",1.9605715018697083,"[""b8a664c1b10f4e30a3e221a14211a3cdaf90b7f4"", ""3730075261bc81df68f9d10f12a2d6bbffd8493c"", ""0e4ede620dd9a2cdc13ab9cc6da05577b39fddb8""]",0.75,1.0,0.8571428571428571,False,0.1428571428571428,12288,False,3
"[""ci"", ""fix"", ""test""]","[""build"", ""fix"", ""test""]",2.3327647065743804,"[""37b1cbfd3d2c462ef4f2a131e4172c38dc8d9ddf"", ""c1d3b58fd20995b1b9ca4e6771e3fa375242b02d"", ""82c47c7165a28f311cd40e132a6c24f6a7c82d4b""]",0.6666666666666666,0.6666666666666666,0.6666666666666666,False,0.2857142857142857,12288,False,3
"[""feat"", ""refactor"", ""build"", ""docs""]","[""ci"", ""feat"", ""refactor""]",2.170844716951251,"[""bda1822851d9be04f0d39f2213d1e2066eb115c8"", ""9114362b39f5194209cd0b330af7076333f3db77"", ""d4d8bdd3a0a5cec993735abc2e8cc2feff8eae27""]",0.5,0.6666666666666666,0.5714285714285715,False,0.4285714285714285,12288,False,3
"[""docs"", ""refactor""]","[""build"", ""docs"", ""fix""]",1.4565726071596146,"[""2d4d735d94386f5045e3b3abc022c2edcdfaef8f"", ""cc553ae68766395e9f253379ddd7cf664d7befa1"", ""eb9f7b24364e86d7bcf50bb23b62c743cf5526f6""]",0.5,0.3333333333333333,0.4,False,0.4285714285714285,12288,False,3
"[""ci"", ""test"", ""docs""]","[""ci"", ""docs"", ""test""]",1.6109609203413129,"[""87d576e936e234d0429ad753267a2760c5dfd314"", ""2fdecc045fdb509832a758e45412c115fa03e8e8"", ""6c7398993bc567ec84e4573b6ededbf50b1ef606""]",1.0,1.0,1.0,True,0.0,12288,False,3
"[""build"", ""test""]","[""build"", ""ci"", ""test""]",1.4711884786374867,"[""454003841aabeb74396d73541378bfa59c75b5db"", ""bda1822851d9be04f0d39f2213d1e2066eb115c8"", ""cd2bfb9b2298e8cd91013808547b35a9c40f46f1""]",1.0,0.6666666666666666,0.8,False,0.1428571428571428,12288,False,3
"[""feat"", ""fix"", ""refactor"", ""docs"", ""test"", ""ci"", ""build""]","[""feat"", ""fix"", ""refactor""]",3.043681642971933,"[""482442ecc1aaf981895a36c367abbd377fd93891"", ""80242b34468398e835e5b3fc5ac345dbae4bcc7e"", ""fba4326c72fc22d81aba6976a9fef1e4b6154fd9""]",0.4285714285714285,1.0,0.6,False,0.5714285714285714,12288,False,3
"[""feat"", ""fix"", ""refactor"", ""docs"", ""test"", ""ci"", ""build""]","[""build"", ""fix"", ""refactor"", ""test""]",2.091894095297903,"[""45bbdaba1490a3216decb2c1a88b8f7041a3d505"", ""ccd1946a375e2ac10c3c591b04a435c4bc5170c2"", ""0e4ede620dd9a2cdc13ab9cc6da05577b39fddb8"", ""076b9f5efc109b481074a81957e24ce9f4a69f08""]",0.5714285714285714,1.0,0.7272727272727273,False,0.4285714285714285,12288,False,4
"[""feat"", ""docs"", ""ci"", ""refactor""]","[""ci"", ""docs"", ""feat"", ""refactor""]",2.671860719099641,"[""6f5b1103c0893d13b42f1f7c6504c9c339840be3"", ""01e1e33f377934099a4a725fab5cd6c5ff50eaa2"", ""73211952964a79d97b434dd567e6d7d34be7feb5"", ""7d6f760a91b55967972bbd1b972307624e876805""]",1.0,1.0,1.0,True,0.0,12288,False,4
"[""build"", ""ci"", ""docs"", ""refactor"", ""test""]","[""build"", ""ci"", ""docs"", ""test""]",1.7787405992858112,"[""45bbdaba1490a3216decb2c1a88b8f7041a3d505"", ""be44bbdeb52c6025e81c99528ed7b0d932c5be18"", ""16124286236edf03a6199720ba1629a35e3fe1aa"", ""076b9f5efc109b481074a81957e24ce9f4a69f08""]",0.8,1.0,0.888888888888889,False,0.1428571428571428,12288,False,4
"[""feat"", ""fix"", ""refactor"", ""docs"", ""test"", ""ci"", ""build""]","[""feat"", ""fix"", ""refactor"", ""test""]",2.899141994304955,"[""a84d6715a4df12cc0ee9aa6f2596ce3b04353958"", ""6849b9066f5d95b9e54c67046cfa136cf0d88b27"", ""3e0e30ecebaf23f0c36fa4811426f8f4e0057cfe"", ""e77f6751182595fe08940d67e11a90416c8dd6fd""]",0.5714285714285714,1.0,0.7272727272727273,False,0.4285714285714285,12288,False,4
"[""feat"", ""fix"", ""refactor"", ""docs"", ""test"", ""ci"", ""build""]","[""build"", ""ci"", ""feat"", ""fix""]",3.2924113227054477,"[""b8dfd5a2f39b4768cf070aeb9d09364577c626f9"", ""bda1822851d9be04f0d39f2213d1e2066eb115c8"", ""6f0cf049caa1a7982669ee685e86621452686551"", ""80242b34468398e835e5b3fc5ac345dbae4bcc7e""]",0.5714285714285714,1.0,0.7272727272727273,False,0.4285714285714285,12288,False,4
"[""feat"", ""fix"", ""refactor"", ""docs"", ""test"", ""ci"", ""build""]","[""ci"", ""docs"", ""feat"", ""test""]",2.3330833041109145,"[""be44bbdeb52c6025e81c99528ed7b0d932c5be18"", ""b8a664c1b10f4e30a3e221a14211a3cdaf90b7f4"", ""3730075261bc81df68f9d10f12a2d6bbffd8493c"", ""076b9f5efc109b481074a81957e24ce9f4a69f08""]",0.5714285714285714,1.0,0.7272727272727273,False,0.4285714285714285,12288,False,4
"[""build"", ""docs"", ""refactor""]","[""build"", ""docs"", ""fix"", ""refactor""]",2.628067963756621,"[""1ad3f41f28d2faa5229ee88b54d673275cc31036"", ""cc553ae68766395e9f253379ddd7cf664d7befa1"", ""6849b9066f5d95b9e54c67046cfa136cf0d88b27"", ""e8a8edadc5c25d6410462b89a48e0602e0cbbc7f""]",1.0,0.75,0.8571428571428571,False,0.1428571428571428,12288,False,4
"[""build"", ""ci"", ""docs"", ""refactor""]","[""build"", ""ci"", ""docs"", ""refactor""]",2.672642555087805,"[""b7e38fb62aa6e8a30d72dec063b1adccd089d0aa"", ""6f5b1103c0893d13b42f1f7c6504c9c339840be3"", ""01e1e33f377934099a4a725fab5cd6c5ff50eaa2"", ""86f3e3397594f8312226c5a193608a054087805c""]",1.0,1.0,1.0,True,0.0,12288,False,4
"[""feat"", ""fix"", ""refactor"", ""docs"", ""test"", ""ci"", ""build""]","[""ci"", ""feat"", ""fix"", ""test""]",2.936504154931754,"[""bda1822851d9be04f0d39f2213d1e2066eb115c8"", ""482442ecc1aaf981895a36c367abbd377fd93891"", ""238ba1990ea68eb64bdfc6b31efebad2acb01ad6"", ""b7e2330fa3a8d7b8a9bff01b707c44e64b845c7b""]",0.5714285714285714,1.0,0.7272727272727273,False,0.4285714285714285,12288,False,4
"[""feat"", ""fix"", ""refactor"", ""docs"", ""test"", ""ci"", ""build""]","[""build"", ""docs"", ""feat"", ""refactor""]",3.0453885621391237,"[""b0866f62417f56bdd5a46e8f14278af79efc4d76"", ""fc9af4d0b93d69be4e201ffb18da04324e8a4a87"", ""a84d6715a4df12cc0ee9aa6f2596ce3b04353958"", ""3e0e30ecebaf23f0c36fa4811426f8f4e0057cfe""]",0.5714285714285714,1.0,0.7272727272727273,False,0.4285714285714285,12288,False,4
"[""feat"", ""fix"", ""refactor"", ""docs"", ""test"", ""ci"", ""build""]","[""build"", ""feat"", ""fix"", ""test""]",2.8672730731777847,"[""ecc481f9f501aa34b41e06e7bbdde6e79f8ca1bb"", ""8b9176b44bb01a1eef497a403b0304bc389c9aee"", ""cc6408b88246f20c62884a5892a6276baf7c3920"", ""87427fe39d165bee2acedde8dbaa237cca3fb61e""]",0.5714285714285714,1.0,0.7272727272727273,False,0.4285714285714285,12288,False,4
"[""ci"", ""refactor"", ""test""]","[""ci"", ""fix"", ""refactor"", ""test""]",1.693252459168434,"[""492a7ff9c3ecdc558759f09d836830e988a189d2"", ""2b1ad9d10fc5685ec75f362a73229569f03344ca"", ""d55088c612b1108ef566ec47e40fb8d1050f7451"", ""6c7398993bc567ec84e4573b6ededbf50b1ef606""]",1.0,0.75,0.8571428571428571,False,0.1428571428571428,12288,False,4
"[""ci"", ""docs"", ""refactor"", ""test""]","[""ci"", ""docs"", ""refactor"", ""test""]",1.386379161849618,"[""200aca9f3d1253e4e28e79464da19b701aba777e"", ""7f611e4208d0cc36c635eb0641a4b3258999ae8d"", ""8f1034b79f894b4b1112a4bc1903f37f22f7f5ed"", ""6c7398993bc567ec84e4573b6ededbf50b1ef606""]",1.0,1.0,1.0,True,0.0,12288,False,4
"[""feat"", ""docs"", ""test"", ""build""]","[""build"", ""docs"", ""feat"", ""fix""]",1.725923344027251,"[""45bbdaba1490a3216decb2c1a88b8f7041a3d505"", ""b8a664c1b10f4e30a3e221a14211a3cdaf90b7f4"", ""3730075261bc81df68f9d10f12a2d6bbffd8493c"", ""ccd1946a375e2ac10c3c591b04a435c4bc5170c2""]",0.75,0.75,0.75,False,0.2857142857142857,12288,False,4
"[""build"", ""docs"", ""fix"", ""test""]","[""build"", ""docs"", ""fix"", ""test""]",2.350100142415613,"[""ecc481f9f501aa34b41e06e7bbdde6e79f8ca1bb"", ""144388439d64e049cbed4e37659e819856d6987f"", ""45b386aa3f06bce06f5e03fbde0aa52c4051c8bc"", ""3c04162664b130c9486cba54afc16b6e57c779d1""]",1.0,1.0,1.0,True,0.0,12288,False,4
"[""feat"", ""refactor"", ""ci"", ""test""]","[""ci"", ""feat"", ""refactor"", ""test""]",2.351013937033713,"[""6f5b1103c0893d13b42f1f7c6504c9c339840be3"", ""73211952964a79d97b434dd567e6d7d34be7feb5"", ""86f3e3397594f8312226c5a193608a054087805c"", ""625cbbca0d92b8756eac6fcacc795d90527d8975""]",1.0,1.0,1.0,True,0.0,12288,False,4
"[""feat"", ""build"", ""refactor"", ""test""]","[""build"", ""docs"", ""feat"", ""refactor""]",1.7021352406591177,"[""b7e38fb62aa6e8a30d72dec063b1adccd089d0aa"", ""9849430b11b92ae58d94cfe4d0b06313c7eab550"", ""73211952964a79d97b434dd567e6d7d34be7feb5"", ""adc34a26803e2b02df0ddc0739d73cd0b6216e00""]",0.75,0.75,0.75,False,0.2857142857142857,12288,False,4
"[""feat"", ""fix"", ""refactor"", ""docs"", ""test"", ""ci"", ""build""]","[""build"", ""ci"", ""fix"", ""refactor""]",2.2003019368276,"[""bfe32bf10e9b6d699f694fbd095af0b3f2e6275f"", ""bda1822851d9be04f0d39f2213d1e2066eb115c8"", ""238ba1990ea68eb64bdfc6b31efebad2acb01ad6"", ""d4d8bdd3a0a5cec993735abc2e8cc2feff8eae27""]",0.5714285714285714,1.0,0.7272727272727273,False,0.4285714285714285,12288,False,4
"[""ci"", ""docs"", ""refactor"", ""build""]","[""ci"", ""docs"", ""fix"", ""test""]",1.489411863964051,"[""be44bbdeb52c6025e81c99528ed7b0d932c5be18"", ""b8a664c1b10f4e30a3e221a14211a3cdaf90b7f4"", ""ccd1946a375e2ac10c3c591b04a435c4bc5170c2"", ""076b9f5efc109b481074a81957e24ce9f4a69f08""]",0.5,0.5,0.5,False,0.5714285714285714,12288,False,4
"[""feat"", ""build"", ""refactor"", ""docs""]","[""build"", ""docs"", ""feat"", ""refactor""]",2.0650831977836788,"[""b7e38fb62aa6e8a30d72dec063b1adccd089d0aa"", ""9849430b11b92ae58d94cfe4d0b06313c7eab550"", ""73211952964a79d97b434dd567e6d7d34be7feb5"", ""eafee3c5c124ce0c71fd854270cea39cc273b27c""]",1.0,1.0,1.0,True,0.0,12288,False,4
"[""feat"", ""docs"", ""test"", ""ci"", ""refactor""]","[""ci"", ""feat"", ""fix"", ""test""]",2.2585746510885656,"[""492a7ff9c3ecdc558759f09d836830e988a189d2"", ""8a954673531d6935f5517535b9068639ed5cff0d"", ""2b1ad9d10fc5685ec75f362a73229569f03344ca"", ""6c7398993bc567ec84e4573b6ededbf50b1ef606""]",0.6,0.75,0.6666666666666665,False,0.4285714285714285,12288,False,4
"[""ci"", ""feat"", ""docs"", ""test""]","[""ci"", ""feat"", ""refactor"", ""test""]",2.0292126769199967,"[""2e65145acb5a3d20d16203142c466da0e32729ba"", ""8a954673531d6935f5517535b9068639ed5cff0d"", ""8f1034b79f894b4b1112a4bc1903f37f22f7f5ed"", ""6c7398993bc567ec84e4573b6ededbf50b1ef606""]",0.75,0.75,0.75,False,0.2857142857142857,12288,False,4
"[""build"", ""docs"", ""fix""]","[""build"", ""docs"", ""fix"", ""refactor""]",1.946543253026903,"[""b7e38fb62aa6e8a30d72dec063b1adccd089d0aa"", ""eb51316cdfdc7258d287ba13b67ef2f42bd2b8f6"", ""be2cbd9480fcbd60c3011ca57f1d761185cf52bd"", ""7f797e68d8f721dff9553ba0ba5616efc456ebb5""]",1.0,0.75,0.8571428571428571,False,0.1428571428571428,12288,False,4
"[""feat"", ""fix"", ""test"", ""build"", ""docs"", ""ci"", ""refactor""]","[""build"", ""ci"", ""feat"", ""test""]",2.876701379660517,"[""b8dfd5a2f39b4768cf070aeb9d09364577c626f9"", ""bda1822851d9be04f0d39f2213d1e2066eb115c8"", ""988dda23984894cea097d64646196e8d6196d6b6"", ""7c48976f943e1e9b5850967b6f2963a205476ded""]",0.5714285714285714,1.0,0.7272727272727273,False,0.4285714285714285,12288,False,4
"[""docs"", ""ci"", ""build"", ""refactor"", ""fix""]","[""docs"", ""feat"", ""fix"", ""refactor""]",2.952408586628735,"[""3a4e21c36d76b4bea8dbb365d3c3bd005a7f3f8f"", ""ebaa20ea3f02e25f78c52cae208017a898cb6c13"", ""d129eaf9125a967ac86c6c7276bbae6b4d50af36"", ""8a9a022baa15befc325f87892c6bdae25b35bc33""]",0.6,0.75,0.6666666666666665,False,0.4285714285714285,12288,False,4
"[""build"", ""ci"", ""docs"", ""refactor""]","[""build"", ""ci"", ""docs"", ""test""]",1.5419834130443633,"[""45bbdaba1490a3216decb2c1a88b8f7041a3d505"", ""be44bbdeb52c6025e81c99528ed7b0d932c5be18"", ""b8a664c1b10f4e30a3e221a14211a3cdaf90b7f4"", ""076b9f5efc109b481074a81957e24ce9f4a69f08""]",0.75,0.75,0.75,False,0.2857142857142857,12288,False,4
"[""docs"", ""build"", ""ci"", ""refactor""]","[""build"", ""ci"", ""fix"", ""refactor""]",1.7911841729655862,"[""4542d9973a848a2bd4f9baf12992efe7d7a69f2c"", ""db55dae208e4807898e6c747cefdf9bfcb4fd08c"", ""73b8948ea1d49e05ae8c63b17926eda4cb04e9bb"", ""70a00973a07520959210219fcaba2a782d76f491""]",0.75,0.75,0.75,False,0.2857142857142857,12288,False,4
"[""docs"", ""feat"", ""test""]","[""docs"", ""feat"", ""fix"", ""test""]",2.1511552380397916,"[""3f0ae7cf819776124d7aae792800fb9730a593a9"", ""8a954673531d6935f5517535b9068639ed5cff0d"", ""2b1ad9d10fc5685ec75f362a73229569f03344ca"", ""6c7398993bc567ec84e4573b6ededbf50b1ef606""]",1.0,0.75,0.8571428571428571,False,0.1428571428571428,12288,False,4
"[""feat"", ""test"", ""build"", ""refactor"", ""ci""]","[""build"", ""feat"", ""fix"", ""test""]",2.099040001165122,"[""45bbdaba1490a3216decb2c1a88b8f7041a3d505"", ""3730075261bc81df68f9d10f12a2d6bbffd8493c"", ""ccd1946a375e2ac10c3c591b04a435c4bc5170c2"", ""076b9f5efc109b481074a81957e24ce9f4a69f08""]",0.6,0.75,0.6666666666666665,False,0.4285714285714285,12288,False,4
"[""feat"", ""ci"", ""docs"", ""build""]","[""ci"", ""docs"", ""feat"", ""refactor""]",2.6531329611316323,"[""bb00890fa896936d0be09cc5e5f411fb5e64aa5f"", ""af82c2c910c9b5d3dd68de30c59a9e169a8934a5"", ""8a954673531d6935f5517535b9068639ed5cff0d"", ""8f1034b79f894b4b1112a4bc1903f37f22f7f5ed""]",0.75,0.75,0.75,False,0.2857142857142857,12288,False,4
"[""feat"", ""fix"", ""refactor"", ""docs"", ""test"", ""ci"", ""build""]","[""build"", ""ci"", ""refactor"", ""test""]",2.135092723183334,"[""45bbdaba1490a3216decb2c1a88b8f7041a3d505"", ""be44bbdeb52c6025e81c99528ed7b0d932c5be18"", ""0e4ede620dd9a2cdc13ab9cc6da05577b39fddb8"", ""076b9f5efc109b481074a81957e24ce9f4a69f08""]",0.5714285714285714,1.0,0.7272727272727273,False,0.4285714285714285,12288,False,4
"[""ci"", ""docs"", ""fix"", ""test""]","[""ci"", ""docs"", ""fix"", ""test""]",2.0586361750029027,"[""6f5b1103c0893d13b42f1f7c6504c9c339840be3"", ""01e1e33f377934099a4a725fab5cd6c5ff50eaa2"", ""be2cbd9480fcbd60c3011ca57f1d761185cf52bd"", ""625cbbca0d92b8756eac6fcacc795d90527d8975""]",1.0,1.0,1.0,True,0.0,12288,False,4
"[""feat"", ""fix"", ""refactor"", ""docs"", ""test"", ""ci"", ""build""]","[""build"", ""feat"", ""fix"", ""refactor""]",2.1685521150939167,"[""4ab28fc2e63e975a0c77e18ae644f34fa5f8771a"", ""d61bf50f77b404e660a6e5aa9e9bc4ce415e8c18"", ""b131f5d67076b97b3186c820760df839bf796ad5"", ""905693129255e7208ca2ec63c6e07cce711047fd""]",0.5714285714285714,1.0,0.7272727272727273,False,0.4285714285714285,12288,False,4
"[""feat"", ""fix"", ""refactor"", ""docs"", ""test"", ""ci"", ""build""]","[""ci"", ""docs"", ""feat"", ""fix""]",2.338450325652957,"[""be44bbdeb52c6025e81c99528ed7b0d932c5be18"", ""b8a664c1b10f4e30a3e221a14211a3cdaf90b7f4"", ""3730075261bc81df68f9d10f12a2d6bbffd8493c"", ""ccd1946a375e2ac10c3c591b04a435c4bc5170c2""]",0.5714285714285714,1.0,0.7272727272727273,False,0.4285714285714285,12288,False,4
"[""build"", ""docs"", ""feat"", ""test""]","[""build"", ""docs"", ""refactor"", ""test""]",2.9942663279362023,"[""ecc481f9f501aa34b41e06e7bbdde6e79f8ca1bb"", ""ee7cc5d5a940fba774e715b1f029c6361110b108"", ""5748ff57ebafe94c4979eafa790d9a84812ca440"", ""3c04162664b130c9486cba54afc16b6e57c779d1""]",0.75,0.75,0.75,False,0.2857142857142857,12288,False,4
"[""ci"", ""docs"", ""fix"", ""refactor"", ""test""]","[""build"", ""docs"", ""fix"", ""refactor""]",3.004721669945866,"[""e0a977b2d316e7612b5d72cb02cd7d78e75dbc55"", ""01e536c6eb273f533ac7bb1a51c4954128de2c63"", ""6849b9066f5d95b9e54c67046cfa136cf0d88b27"", ""72e3eed599b3a3dd154575af344ac3e5c62dd07b""]",0.6,0.75,0.6666666666666665,False,0.4285714285714285,12288,False,4
"[""feat"", ""fix"", ""refactor"", ""docs"", ""test"", ""ci"", ""build""]","[""ci"", ""feat"", ""refactor"", ""test""]",2.806289894040674,"[""bda1822851d9be04f0d39f2213d1e2066eb115c8"", ""988dda23984894cea097d64646196e8d6196d6b6"", ""d4d8bdd3a0a5cec993735abc2e8cc2feff8eae27"", ""7c48976f943e1e9b5850967b6f2963a205476ded""]",0.5714285714285714,1.0,0.7272727272727273,False,0.4285714285714285,12288,False,4
"[""feat"", ""fix"", ""refactor"", ""docs"", ""test"", ""ci"", ""build""]","[""build"", ""docs"", ""feat"", ""test""]",1.9935682197101416,"[""b0866f62417f56bdd5a46e8f14278af79efc4d76"", ""969aa32659f6918cb0eeeba6b02d6485659dbdd2"", ""a84d6715a4df12cc0ee9aa6f2596ce3b04353958"", ""e77f6751182595fe08940d67e11a90416c8dd6fd""]",0.5714285714285714,1.0,0.7272727272727273,False,0.4285714285714285,12288,False,4
"[""feat"", ""build"", ""ci""]","[""build"", ""ci"", ""feat"", ""fix""]",1.5370084471069276,"[""b7e38fb62aa6e8a30d72dec063b1adccd089d0aa"", ""6f5b1103c0893d13b42f1f7c6504c9c339840be3"", ""73211952964a79d97b434dd567e6d7d34be7feb5"", ""be2cbd9480fcbd60c3011ca57f1d761185cf52bd""]",1.0,0.75,0.8571428571428571,False,0.1428571428571428,12288,False,4
"[""docs"", ""refactor"", ""test""]","[""docs"", ""fix"", ""refactor"", ""test""]",1.600600726902485,"[""2fdecc045fdb509832a758e45412c115fa03e8e8"", ""2b1ad9d10fc5685ec75f362a73229569f03344ca"", ""d55088c612b1108ef566ec47e40fb8d1050f7451"", ""6c7398993bc567ec84e4573b6ededbf50b1ef606""]",1.0,0.75,0.8571428571428571,False,0.1428571428571428,12288,False,4
"[""ci"", ""fix"", ""test""]","[""ci"", ""fix"", ""refactor"", ""test""]",1.1474536741152406,"[""6f5b1103c0893d13b42f1f7c6504c9c339840be3"", ""be2cbd9480fcbd60c3011ca57f1d761185cf52bd"", ""7f797e68d8f721dff9553ba0ba5616efc456ebb5"", ""625cbbca0d92b8756eac6fcacc795d90527d8975""]",1.0,0.75,0.8571428571428571,False,0.1428571428571428,12288,False,4
"[""feat"", ""fix"", ""refactor"", ""docs"", ""test"", ""ci"", ""build""]","[""build"", ""ci"", ""docs"", ""feat""]",2.5045096608810127,"[""45bbdaba1490a3216decb2c1a88b8f7041a3d505"", ""be44bbdeb52c6025e81c99528ed7b0d932c5be18"", ""16124286236edf03a6199720ba1629a35e3fe1aa"", ""3730075261bc81df68f9d10f12a2d6bbffd8493c""]",0.5714285714285714,1.0,0.7272727272727273,False,0.4285714285714285,12288,False,4
"[""feat"", ""fix"", ""refactor"", ""docs"", ""test"", ""ci"", ""build""]","[""feat"", ""fix"", ""refactor"", ""test""]",2.194110658019781,"[""5e09c9128f13c45d54df685b0a17dc8e3f7ff02c"", ""b131f5d67076b97b3186c820760df839bf796ad5"", ""731626ece358b9db69dceeeca91c94920b178bdd"", ""2a7c6f5c0b1c966d6a5d103de1978a61c141648a""]",0.5714285714285714,1.0,0.7272727272727273,False,0.4285714285714285,12288,False,4
"[""feat"", ""docs"", ""ci"", ""build""]","[""build"", ""ci"", ""docs"", ""feat""]",2.4918593280017376,"[""b7e38fb62aa6e8a30d72dec063b1adccd089d0aa"", ""6f5b1103c0893d13b42f1f7c6504c9c339840be3"", ""01e1e33f377934099a4a725fab5cd6c5ff50eaa2"", ""73211952964a79d97b434dd567e6d7d34be7feb5""]",1.0,1.0,1.0,True,0.0,12288,False,4
"[""ci"", ""docs"", ""test"", ""refactor""]","[""ci"", ""docs"", ""fix"", ""test""]",1.7599298879504204,"[""8fe29cdc76480adc79701e4c492ff1e87566f569"", ""8dfd2af29bf784b242992ee9ec0fbc85753b063c"", ""2b1ad9d10fc5685ec75f362a73229569f03344ca"", ""6c7398993bc567ec84e4573b6ededbf50b1ef606""]",0.75,0.75,0.75,False,0.2857142857142857,12288,False,4
"[""feat"", ""build"", ""ci"", ""docs"", ""test"", ""refactor""]","[""build"", ""ci"", ""feat"", ""refactor""]",2.733713308814913,"[""b8dfd5a2f39b4768cf070aeb9d09364577c626f9"", ""bda1822851d9be04f0d39f2213d1e2066eb115c8"", ""6f0cf049caa1a7982669ee685e86621452686551"", ""b98a8fed0b67b99ef4f8373aea904f847315e468""]",0.6666666666666666,1.0,0.8,False,0.2857142857142857,12288,False,4
"[""build"", ""fix"", ""test""]","[""build"", ""docs"", ""fix"", ""test""]",1.0916713043116033,"[""b7e38fb62aa6e8a30d72dec063b1adccd089d0aa"", ""9849430b11b92ae58d94cfe4d0b06313c7eab550"", ""be2cbd9480fcbd60c3011ca57f1d761185cf52bd"", ""625cbbca0d92b8756eac6fcacc795d90527d8975""]",1.0,0.75,0.8571428571428571,False,0.1428571428571428,12288,False,4
"[""feat"", ""fix"", ""refactor"", ""docs"", ""test"", ""ci"", ""build""]","[""build"", ""docs"", ""refactor"", ""test""]",2.9311389978975058,"[""ecc481f9f501aa34b41e06e7bbdde6e79f8ca1bb"", ""ee7cc5d5a940fba774e715b1f029c6361110b108"", ""5748ff57ebafe94c4979eafa790d9a84812ca440"", ""87427fe39d165bee2acedde8dbaa237cca3fb61e""]",0.5714285714285714,1.0,0.7272727272727273,False,0.4285714285714285,12288,False,4
"[""feat"", ""test"", ""ci"", ""refactor"", ""build""]","[""ci"", ""feat"", ""fix"", ""refactor""]",2.243567754048854,"[""be44bbdeb52c6025e81c99528ed7b0d932c5be18"", ""3730075261bc81df68f9d10f12a2d6bbffd8493c"", ""ccd1946a375e2ac10c3c591b04a435c4bc5170c2"", ""0e4ede620dd9a2cdc13ab9cc6da05577b39fddb8""]",0.6,0.75,0.6666666666666665,False,0.4285714285714285,12288,False,4
"[""ci"", ""build"", ""refactor"", ""test""]","[""ci"", ""fix"", ""refactor"", ""test""]",1.9546118839643896,"[""14f535655d39847a85d0193559c9c0010357ba77"", ""2b1ad9d10fc5685ec75f362a73229569f03344ca"", ""d55088c612b1108ef566ec47e40fb8d1050f7451"", ""6c7398993bc567ec84e4573b6ededbf50b1ef606""]",0.75,0.75,0.75,False,0.2857142857142857,12288,False,4
"[""feat"", ""fix"", ""refactor"", ""docs"", ""test"", ""ci"", ""build""]","[""build"", ""docs"", ""feat"", ""test""]",2.9298125179484487,"[""f46c6c6c26a14312aa05a77ff2a14aebd74e13ac"", ""fd849bd08363df60dbc8b9b6d55bac4f5ace88f4"", ""7704121d0c0bfce49f01c2b41cbc64a642cbb399"", ""11ffd5174bd61a2939ae58d2b2d43284302ae490""]",0.5714285714285714,1.0,0.7272727272727273,False,0.4285714285714285,12288,False,4
"[""feat"", ""fix"", ""build"", ""test""]","[""build"", ""ci"", ""feat"", ""fix""]",2.4605406187474728,"[""454003841aabeb74396d73541378bfa59c75b5db"", ""bda1822851d9be04f0d39f2213d1e2066eb115c8"", ""ba60e126299ad057772b5516d9ab390e770f1301"", ""238ba1990ea68eb64bdfc6b31efebad2acb01ad6""]",0.75,0.75,0.75,False,0.2857142857142857,12288,False,4
"[""feat"", ""docs"", ""test"", ""build"", ""refactor""]","[""build"", ""docs"", ""feat"", ""refactor""]",2.3608779879286885,"[""45bbdaba1490a3216decb2c1a88b8f7041a3d505"", ""16124286236edf03a6199720ba1629a35e3fe1aa"", ""3730075261bc81df68f9d10f12a2d6bbffd8493c"", ""0e4ede620dd9a2cdc13ab9cc6da05577b39fddb8""]",0.8,1.0,0.888888888888889,False,0.1428571428571428,12288,False,4
"[""docs"", ""fix"", ""refactor"", ""test""]","[""docs"", ""fix"", ""refactor"", ""test""]",1.611711408942938,"[""f58567e01509e53afff5dc6f3b59aaae18398eda"", ""f0c5ace9b5c5b7ea55da8607524d6cb68c615455"", ""8a9a022baa15befc325f87892c6bdae25b35bc33"", ""3c812f916e06a53b899e9e3dd79760b475fa4b87""]",1.0,1.0,1.0,True,0.0,12288,False,4
"[""feat"", ""fix"", ""build""]","[""build"", ""ci"", ""feat"", ""fix""]",2.2685909839347005,"[""b8dfd5a2f39b4768cf070aeb9d09364577c626f9"", ""bda1822851d9be04f0d39f2213d1e2066eb115c8"", ""ba60e126299ad057772b5516d9ab390e770f1301"", ""238ba1990ea68eb64bdfc6b31efebad2acb01ad6""]",1.0,0.75,0.8571428571428571,False,0.1428571428571428,12288,False,4
"[""ci"", ""docs"", ""refactor"", ""build""]","[""ci"", ""docs"", ""refactor"", ""test""]",1.7491965061053634,"[""be44bbdeb52c6025e81c99528ed7b0d932c5be18"", ""16124286236edf03a6199720ba1629a35e3fe1aa"", ""0e4ede620dd9a2cdc13ab9cc6da05577b39fddb8"", ""076b9f5efc109b481074a81957e24ce9f4a69f08""]",0.75,0.75,0.75,False,0.2857142857142857,12288,False,4
"[""feat"", ""test"", ""build"", ""refactor""]","[""build"", ""feat"", ""fix"", ""refactor""]",2.123486756812781,"[""45bbdaba1490a3216decb2c1a88b8f7041a3d505"", ""3730075261bc81df68f9d10f12a2d6bbffd8493c"", ""ccd1946a375e2ac10c3c591b04a435c4bc5170c2"", ""0e4ede620dd9a2cdc13ab9cc6da05577b39fddb8""]",0.75,0.75,0.75,False,0.2857142857142857,12288,False,4
"[""ci"", ""docs"", ""refactor"", ""build""]","[""ci"", ""docs"", ""fix"", ""test""]",1.5834087552502751,"[""be44bbdeb52c6025e81c99528ed7b0d932c5be18"", ""16124286236edf03a6199720ba1629a35e3fe1aa"", ""ccd1946a375e2ac10c3c591b04a435c4bc5170c2"", ""076b9f5efc109b481074a81957e24ce9f4a69f08""]",0.5,0.5,0.5,False,0.5714285714285714,12288,False,4
"[""ci"", ""feat"", ""docs"", ""test""]","[""ci"", ""feat"", ""refactor"", ""test""]",2.0271790684200823,"[""4c44543a3d9eea37e90a2316717feb01c0e0d83a"", ""8a954673531d6935f5517535b9068639ed5cff0d"", ""8f1034b79f894b4b1112a4bc1903f37f22f7f5ed"", ""6c7398993bc567ec84e4573b6ededbf50b1ef606""]",0.75,0.75,0.75,False,0.2857142857142857,12288,False,4
"[""build"", ""test"", ""refactor"", ""docs""]","[""build"", ""docs"", ""refactor"", ""test""]",1.659283127170056,"[""0f38960851ac0fd159727d5dffb36f50268eec18"", ""3ee672483790ec71c700907a6e93af4698492026"", ""f5e80f75ead760ad0810e2b8579a062ac20f5f37"", ""8ee0611fbf0cd89abe7ae588f22e6ecb843598ea""]",1.0,1.0,1.0,True,0.0,12288,False,4
"[""ci"", ""feat""]","[""ci"", ""docs"", ""feat"", ""fix""]",1.3581810188479722,"[""6f5b1103c0893d13b42f1f7c6504c9c339840be3"", ""9849430b11b92ae58d94cfe4d0b06313c7eab550"", ""73211952964a79d97b434dd567e6d7d34be7feb5"", ""be2cbd9480fcbd60c3011ca57f1d761185cf52bd""]",1.0,0.5,0.6666666666666666,False,0.2857142857142857,12288,False,4
"[""feat"", ""test"", ""ci"", ""build"", ""refactor""]","[""build"", ""ci"", ""feat"", ""test""]",1.9546131817623973,"[""45bbdaba1490a3216decb2c1a88b8f7041a3d505"", ""be44bbdeb52c6025e81c99528ed7b0d932c5be18"", ""3730075261bc81df68f9d10f12a2d6bbffd8493c"", ""076b9f5efc109b481074a81957e24ce9f4a69f08""]",0.8,1.0,0.888888888888889,False,0.1428571428571428,12288,False,4
"[""build"", ""docs"", ""refactor""]","[""build"", ""docs"", ""fix"", ""refactor""]",1.5429484867490828,"[""45bbdaba1490a3216decb2c1a88b8f7041a3d505"", ""b8a664c1b10f4e30a3e221a14211a3cdaf90b7f4"", ""ccd1946a375e2ac10c3c591b04a435c4bc5170c2"", ""0e4ede620dd9a2cdc13ab9cc6da05577b39fddb8""]",1.0,0.75,0.8571428571428571,False,0.1428571428571428,12288,False,4
"[""feat"", ""fix"", ""refactor"", ""docs"", ""test"", ""ci"", ""build""]","[""build"", ""feat"", ""fix"", ""refactor""]",2.7757683978416026,"[""37b1cbfd3d2c462ef4f2a131e4172c38dc8d9ddf"", ""542f0cad5337de15428f0b6567ce4efd20a19a48"", ""ab1e60a97c6d5c688dacbd23bca40cb8f20c4ac3"", ""7adece9931eaef6aaf603b5567829bbdcb28f2d1""]",0.5714285714285714,1.0,0.7272727272727273,False,0.4285714285714285,12288,False,4
"[""ci"", ""docs"", ""test"", ""refactor""]","[""ci"", ""docs"", ""fix"", ""test""]",1.5426059840247035,"[""e7ecc8763152ed6f89dbf4a6f313c276549eb0b7"", ""29ace62b722bbebf20f0ed2d3fef0910e0973a5a"", ""2b1ad9d10fc5685ec75f362a73229569f03344ca"", ""6c7398993bc567ec84e4573b6ededbf50b1ef606""]",0.75,0.75,0.75,False,0.2857142857142857,12288,False,4
"[""feat"", ""fix"", ""refactor"", ""docs"", ""test"", ""ci"", ""build""]","[""ci"", ""feat"", ""refactor"", ""test""]",2.95691291615367,"[""6f5b1103c0893d13b42f1f7c6504c9c339840be3"", ""73211952964a79d97b434dd567e6d7d34be7feb5"", ""24760bc2613ed61c4552532907626e209c37b5e8"", ""625cbbca0d92b8756eac6fcacc795d90527d8975""]",0.5714285714285714,1.0,0.7272727272727273,False,0.4285714285714285,12288,False,4
"[""feat"", ""build"", ""test""]","[""build"", ""docs"", ""feat"", ""test""]",1.6058347299695015,"[""b7e38fb62aa6e8a30d72dec063b1adccd089d0aa"", ""9849430b11b92ae58d94cfe4d0b06313c7eab550"", ""73211952964a79d97b434dd567e6d7d34be7feb5"", ""625cbbca0d92b8756eac6fcacc795d90527d8975""]",1.0,0.75,0.8571428571428571,False,0.1428571428571428,12288,False,4
"[""build"", ""ci"", ""refactor""]","[""build"", ""ci"", ""fix"", ""refactor""]",1.5891676261089742,"[""45bbdaba1490a3216decb2c1a88b8f7041a3d505"", ""be44bbdeb52c6025e81c99528ed7b0d932c5be18"", ""ccd1946a375e2ac10c3c591b04a435c4bc5170c2"", ""0e4ede620dd9a2cdc13ab9cc6da05577b39fddb8""]",1.0,0.75,0.8571428571428571,False,0.1428571428571428,12288,False,4
"[""feat"", ""fix"", ""refactor"", ""docs"", ""test"", ""ci"", ""build""]","[""build"", ""docs"", ""fix"", ""refactor""]",3.0452955197542906,"[""ecc481f9f501aa34b41e06e7bbdde6e79f8ca1bb"", ""ee7cc5d5a940fba774e715b1f029c6361110b108"", ""cc6408b88246f20c62884a5892a6276baf7c3920"", ""5748ff57ebafe94c4979eafa790d9a84812ca440""]",0.5714285714285714,1.0,0.7272727272727273,False,0.4285714285714285,12288,False,4
"[""ci"", ""docs"", ""feat"", ""test""]","[""ci"", ""docs"", ""feat"", ""test""]",1.6745322071947155,"[""6f5b1103c0893d13b42f1f7c6504c9c339840be3"", ""9849430b11b92ae58d94cfe4d0b06313c7eab550"", ""73211952964a79d97b434dd567e6d7d34be7feb5"", ""625cbbca0d92b8756eac6fcacc795d90527d8975""]",1.0,1.0,1.0,True,0.0,12288,False,4
"[""feat"", ""refactor"", ""ci"", ""build""]","[""build"", ""ci"", ""feat"", ""fix"", ""refactor""]",2.094314659014344,"[""b7e38fb62aa6e8a30d72dec063b1adccd089d0aa"", ""6f5b1103c0893d13b42f1f7c6504c9c339840be3"", ""73211952964a79d97b434dd567e6d7d34be7feb5"", ""be2cbd9480fcbd60c3011ca57f1d761185cf52bd"", ""3cb4a48ebd15c20692f4f3a2a924284dc7fd5e10""]",1.0,0.8,0.888888888888889,False,0.1428571428571428,12288,False,5
"[""feat"", ""docs"", ""test"", ""build""]","[""build"", ""docs"", ""feat"", ""fix"", ""test""]",2.3200567909516394,"[""b7e38fb62aa6e8a30d72dec063b1adccd089d0aa"", ""01e1e33f377934099a4a725fab5cd6c5ff50eaa2"", ""73211952964a79d97b434dd567e6d7d34be7feb5"", ""be2cbd9480fcbd60c3011ca57f1d761185cf52bd"", ""625cbbca0d92b8756eac6fcacc795d90527d8975""]",1.0,0.8,0.888888888888889,False,0.1428571428571428,12288,False,5
"[""ci"", ""docs"", ""feat"", ""test""]","[""ci"", ""docs"", ""feat"", ""refactor"", ""test""]",2.1237166658975184,"[""6f5b1103c0893d13b42f1f7c6504c9c339840be3"", ""9849430b11b92ae58d94cfe4d0b06313c7eab550"", ""73211952964a79d97b434dd567e6d7d34be7feb5"", ""6f638a53c18a66979b89220c9945ef97e49571b3"", ""625cbbca0d92b8756eac6fcacc795d90527d8975""]",1.0,0.8,0.888888888888889,False,0.1428571428571428,12288,False,5
"[""feat"", ""fix"", ""refactor"", ""docs"", ""test"", ""ci"", ""build""]","[""build"", ""docs"", ""fix"", ""refactor"", ""test""]",2.4696121709421277,"[""2d4d735d94386f5045e3b3abc022c2edcdfaef8f"", ""969aa32659f6918cb0eeeba6b02d6485659dbdd2"", ""eb9f7b24364e86d7bcf50bb23b62c743cf5526f6"", ""3e0e30ecebaf23f0c36fa4811426f8f4e0057cfe"", ""e77f6751182595fe08940d67e11a90416c8dd6fd""]",0.7142857142857143,1.0,0.8333333333333333,False,0.2857142857142857,12288,False,5
"[""feat"", ""fix"", ""refactor"", ""docs"", ""test"", ""ci"", ""build""]","[""build"", ""ci"", ""docs"", ""refactor"", ""test""]",2.291241124738008,"[""45bbdaba1490a3216decb2c1a88b8f7041a3d505"", ""be44bbdeb52c6025e81c99528ed7b0d932c5be18"", ""16124286236edf03a6199720ba1629a35e3fe1aa"", ""0e4ede620dd9a2cdc13ab9cc6da05577b39fddb8"", ""076b9f5efc109b481074a81957e24ce9f4a69f08""]",0.7142857142857143,1.0,0.8333333333333333,False,0.2857142857142857,12288,False,5
"[""feat"", ""docs"", ""ci"", ""test"", ""refactor""]","[""ci"", ""feat"", ""fix"", ""refactor"", ""test""]",2.7201214637607336,"[""bb00890fa896936d0be09cc5e5f411fb5e64aa5f"", ""8a954673531d6935f5517535b9068639ed5cff0d"", ""2b1ad9d10fc5685ec75f362a73229569f03344ca"", ""d55088c612b1108ef566ec47e40fb8d1050f7451"", ""6c7398993bc567ec84e4573b6ededbf50b1ef606""]",0.8,0.8,0.8000000000000002,False,0.2857142857142857,12288,False,5
"[""feat"", ""docs"", ""test"", ""ci"", ""build""]","[""build"", ""ci"", ""docs"", ""feat"", ""fix""]",2.07939434889704,"[""45bbdaba1490a3216decb2c1a88b8f7041a3d505"", ""be44bbdeb52c6025e81c99528ed7b0d932c5be18"", ""16124286236edf03a6199720ba1629a35e3fe1aa"", ""3730075261bc81df68f9d10f12a2d6bbffd8493c"", ""ccd1946a375e2ac10c3c591b04a435c4bc5170c2""]",0.8,0.8,0.8000000000000002,False,0.2857142857142857,12288,False,5
"[""feat"", ""fix"", ""refactor"", ""docs"", ""test"", ""ci"", ""build""]","[""build"", ""ci"", ""feat"", ""refactor"", ""test""]",2.7018024041317403,"[""45bbdaba1490a3216decb2c1a88b8f7041a3d505"", ""be44bbdeb52c6025e81c99528ed7b0d932c5be18"", ""3730075261bc81df68f9d10f12a2d6bbffd8493c"", ""0e4ede620dd9a2cdc13ab9cc6da05577b39fddb8"", ""076b9f5efc109b481074a81957e24ce9f4a69f08""]",0.7142857142857143,1.0,0.8333333333333333,False,0.2857142857142857,12288,False,5
"[""ci"", ""docs"", ""feat"", ""refactor""]","[""ci"", ""docs"", ""feat"", ""fix"", ""refactor""]",3.045206279028207,"[""6f5b1103c0893d13b42f1f7c6504c9c339840be3"", ""eb51316cdfdc7258d287ba13b67ef2f42bd2b8f6"", ""73211952964a79d97b434dd567e6d7d34be7feb5"", ""be2cbd9480fcbd60c3011ca57f1d761185cf52bd"", ""fd53cd188555f5c3dc8bc341c5d7eb04b761a70f""]",1.0,0.8,0.888888888888889,False,0.1428571428571428,12288,False,5
"[""feat"", ""docs"", ""test"", ""build""]","[""build"", ""docs"", ""feat"", ""fix"", ""test""]",2.44375955266878,"[""b7e38fb62aa6e8a30d72dec063b1adccd089d0aa"", ""eb51316cdfdc7258d287ba13b67ef2f42bd2b8f6"", ""73211952964a79d97b434dd567e6d7d34be7feb5"", ""be2cbd9480fcbd60c3011ca57f1d761185cf52bd"", ""625cbbca0d92b8756eac6fcacc795d90527d8975""]",1.0,0.8,0.888888888888889,False,0.1428571428571428,12288,False,5
"[""build"", ""docs"", ""refactor"", ""test""]","[""build"", ""docs"", ""fix"", ""refactor"", ""test""]",1.7884583570994437,"[""45bbdaba1490a3216decb2c1a88b8f7041a3d505"", ""b8a664c1b10f4e30a3e221a14211a3cdaf90b7f4"", ""ccd1946a375e2ac10c3c591b04a435c4bc5170c2"", ""0e4ede620dd9a2cdc13ab9cc6da05577b39fddb8"", ""076b9f5efc109b481074a81957e24ce9f4a69f08""]",1.0,0.8,0.888888888888889,False,0.1428571428571428,12288,False,5
"[""feat"", ""fix"", ""refactor"", ""docs"", ""test"", ""ci"", ""build""]","[""build"", ""ci"", ""docs"", ""feat"", ""refactor""]",2.7085691280663013,"[""45bbdaba1490a3216decb2c1a88b8f7041a3d505"", ""be44bbdeb52c6025e81c99528ed7b0d932c5be18"", ""b8a664c1b10f4e30a3e221a14211a3cdaf90b7f4"", ""3730075261bc81df68f9d10f12a2d6bbffd8493c"", ""0e4ede620dd9a2cdc13ab9cc6da05577b39fddb8""]",0.7142857142857143,1.0,0.8333333333333333,False,0.2857142857142857,12288,False,5
"[""feat"", ""fix"", ""refactor"", ""docs"", ""test"", ""ci"", ""build""]","[""ci"", ""feat"", ""fix"", ""refactor"", ""test""]",2.507441858761013,"[""6f5b1103c0893d13b42f1f7c6504c9c339840be3"", ""73211952964a79d97b434dd567e6d7d34be7feb5"", ""be2cbd9480fcbd60c3011ca57f1d761185cf52bd"", ""eb8d919e6f3443db279ba0c902f15d76676c02dc"", ""625cbbca0d92b8756eac6fcacc795d90527d8975""]",0.7142857142857143,1.0,0.8333333333333333,False,0.2857142857142857,12288,False,5
"[""build"", ""ci"", ""docs"", ""fix"", ""test""]","[""build"", ""ci"", ""docs"", ""fix"", ""test""]",2.0982365729287267,"[""b7e38fb62aa6e8a30d72dec063b1adccd089d0aa"", ""6f5b1103c0893d13b42f1f7c6504c9c339840be3"", ""01e1e33f377934099a4a725fab5cd6c5ff50eaa2"", ""be2cbd9480fcbd60c3011ca57f1d761185cf52bd"", ""625cbbca0d92b8756eac6fcacc795d90527d8975""]",1.0,1.0,1.0,True,0.0,12288,False,5
"[""build"", ""ci"", ""fix"", ""test""]","[""build"", ""ci"", ""docs"", ""fix"", ""test""]",1.3448759717866778,"[""b7e38fb62aa6e8a30d72dec063b1adccd089d0aa"", ""6f5b1103c0893d13b42f1f7c6504c9c339840be3"", ""9849430b11b92ae58d94cfe4d0b06313c7eab550"", ""be2cbd9480fcbd60c3011ca57f1d761185cf52bd"", ""625cbbca0d92b8756eac6fcacc795d90527d8975""]",1.0,0.8,0.888888888888889,False,0.1428571428571428,12288,False,5
"[""feat"", ""fix"", ""refactor"", ""docs"", ""test"", ""ci"", ""build""]","[""build"", ""docs"", ""feat"", ""fix"", ""refactor""]",2.660230254754424,"[""45bbdaba1490a3216decb2c1a88b8f7041a3d505"", ""b8a664c1b10f4e30a3e221a14211a3cdaf90b7f4"", ""3730075261bc81df68f9d10f12a2d6bbffd8493c"", ""ccd1946a375e2ac10c3c591b04a435c4bc5170c2"", ""0e4ede620dd9a2cdc13ab9cc6da05577b39fddb8""]",0.7142857142857143,1.0,0.8333333333333333,False,0.2857142857142857,12288,False,5
"[""feat"", ""build"", ""ci"", ""test"", ""refactor""]","[""build"", ""ci"", ""feat"", ""refactor"", ""test""]",2.1322289831005037,"[""b7e38fb62aa6e8a30d72dec063b1adccd089d0aa"", ""6f5b1103c0893d13b42f1f7c6504c9c339840be3"", ""73211952964a79d97b434dd567e6d7d34be7feb5"", ""816b0d49c45f6669c5aae748396e9551f2e30a96"", ""625cbbca0d92b8756eac6fcacc795d90527d8975""]",1.0,1.0,1.0,True,0.0,12288,False,5
"[""docs"", ""feat"", ""test""]","[""docs"", ""feat"", ""fix"", ""refactor"", ""test""]",1.4388873218558729,"[""fc9af4d0b93d69be4e201ffb18da04324e8a4a87"", ""15b8e4bc9349ce017f65e10b95cae48b0aa11828"", ""eb9f7b24364e86d7bcf50bb23b62c743cf5526f6"", ""72e3eed599b3a3dd154575af344ac3e5c62dd07b"", ""e77f6751182595fe08940d67e11a90416c8dd6fd""]",1.0,0.6,0.7499999999999999,False,0.2857142857142857,12288,False,5
"[""feat"", ""refactor"", ""ci"", ""test"", ""docs""]","[""ci"", ""feat"", ""fix"", ""refactor"", ""test""]",3.141437198035419,"[""87d576e936e234d0429ad753267a2760c5dfd314"", ""8a954673531d6935f5517535b9068639ed5cff0d"", ""2b1ad9d10fc5685ec75f362a73229569f03344ca"", ""d55088c612b1108ef566ec47e40fb8d1050f7451"", ""6c7398993bc567ec84e4573b6ededbf50b1ef606""]",0.8,0.8,0.8000000000000002,False,0.2857142857142857,12288,False,5
"[""feat"", ""fix"", ""refactor"", ""docs"", ""test"", ""ci"", ""build""]","[""build"", ""ci"", ""docs"", ""feat"", ""refactor""]",2.805729956831783,"[""b7e38fb62aa6e8a30d72dec063b1adccd089d0aa"", ""6f5b1103c0893d13b42f1f7c6504c9c339840be3"", ""9849430b11b92ae58d94cfe4d0b06313c7eab550"", ""73211952964a79d97b434dd567e6d7d34be7feb5"", ""3550066c886bf253df376f303a60ed475ac42aaa""]",0.7142857142857143,1.0,0.8333333333333333,False,0.2857142857142857,12288,False,5
"[""build"", ""ci"", ""docs"", ""refactor""]","[""build"", ""ci"", ""docs"", ""fix"", ""test""]",1.7494400502182543,"[""45bbdaba1490a3216decb2c1a88b8f7041a3d505"", ""be44bbdeb52c6025e81c99528ed7b0d932c5be18"", ""16124286236edf03a6199720ba1629a35e3fe1aa"", ""ccd1946a375e2ac10c3c591b04a435c4bc5170c2"", ""076b9f5efc109b481074a81957e24ce9f4a69f08""]",0.75,0.6,0.6666666666666665,False,0.4285714285714285,12288,False,5
"[""feat"", ""docs"", ""ci"", ""test""]","[""build"", ""ci"", ""docs"", ""feat"", ""test""]",2.3207336929626763,"[""b7e38fb62aa6e8a30d72dec063b1adccd089d0aa"", ""6f5b1103c0893d13b42f1f7c6504c9c339840be3"", ""01e1e33f377934099a4a725fab5cd6c5ff50eaa2"", ""73211952964a79d97b434dd567e6d7d34be7feb5"", ""625cbbca0d92b8756eac6fcacc795d90527d8975""]",1.0,0.8,0.888888888888889,False,0.1428571428571428,12288,False,5
"[""ci"", ""feat"", ""docs"", ""refactor""]","[""ci"", ""docs"", ""feat"", ""fix"", ""refactor""]",2.092337392270565,"[""976c34b6fdc32a7f3337f98e67a7c9e4ee9e793e"", ""7f611e4208d0cc36c635eb0641a4b3258999ae8d"", ""8a954673531d6935f5517535b9068639ed5cff0d"", ""2b1ad9d10fc5685ec75f362a73229569f03344ca"", ""8f1034b79f894b4b1112a4bc1903f37f22f7f5ed""]",1.0,0.8,0.888888888888889,False,0.1428571428571428,12288,False,5
"[""feat"", ""fix"", ""refactor"", ""docs"", ""test"", ""ci"", ""build""]","[""build"", ""feat"", ""fix"", ""refactor"", ""test""]",3.5765542592853308,"[""bfe32bf10e9b6d699f694fbd095af0b3f2e6275f"", ""482442ecc1aaf981895a36c367abbd377fd93891"", ""80242b34468398e835e5b3fc5ac345dbae4bcc7e"", ""d4d8bdd3a0a5cec993735abc2e8cc2feff8eae27"", ""cd2bfb9b2298e8cd91013808547b35a9c40f46f1""]",0.7142857142857143,1.0,0.8333333333333333,False,0.2857142857142857,12288,False,5
"[""ci"", ""docs"", ""fix"", ""test""]","[""ci"", ""docs"", ""fix"", ""refactor"", ""test""]",2.484016529750079,"[""6f5b1103c0893d13b42f1f7c6504c9c339840be3"", ""01e1e33f377934099a4a725fab5cd6c5ff50eaa2"", ""be2cbd9480fcbd60c3011ca57f1d761185cf52bd"", ""6f638a53c18a66979b89220c9945ef97e49571b3"", ""625cbbca0d92b8756eac6fcacc795d90527d8975""]",1.0,0.8,0.888888888888889,False,0.1428571428571428,12288,False,5
"[""feat"", ""refactor"", ""build"", ""ci"", ""test""]","[""build"", ""ci"", ""feat"", ""refactor"", ""test""]",2.542295013088733,"[""b7e38fb62aa6e8a30d72dec063b1adccd089d0aa"", ""6f5b1103c0893d13b42f1f7c6504c9c339840be3"", ""73211952964a79d97b434dd567e6d7d34be7feb5"", ""bc4495b32ec752b6c4b29719e831c043ef2a26ce"", ""625cbbca0d92b8756eac6fcacc795d90527d8975""]",1.0,1.0,1.0,True,0.0,12288,False,5
"[""feat"", ""docs"", ""ci"", ""build""]","[""build"", ""ci"", ""docs"", ""feat"", ""fix""]",2.384685744997114,"[""b7e38fb62aa6e8a30d72dec063b1adccd089d0aa"", ""6f5b1103c0893d13b42f1f7c6504c9c339840be3"", ""eb51316cdfdc7258d287ba13b67ef2f42bd2b8f6"", ""73211952964a79d97b434dd567e6d7d34be7feb5"", ""be2cbd9480fcbd60c3011ca57f1d761185cf52bd""]",1.0,0.8,0.888888888888889,False,0.1428571428571428,12288,False,5
"[""build"", ""docs"", ""fix"", ""test""]","[""build"", ""docs"", ""fix"", ""refactor"", ""test""]",2.496360156685114,"[""ecc481f9f501aa34b41e06e7bbdde6e79f8ca1bb"", ""ee7cc5d5a940fba774e715b1f029c6361110b108"", ""45b386aa3f06bce06f5e03fbde0aa52c4051c8bc"", ""5748ff57ebafe94c4979eafa790d9a84812ca440"", ""87427fe39d165bee2acedde8dbaa237cca3fb61e""]",1.0,0.8,0.888888888888889,False,0.1428571428571428,12288,False,5
"[""ci"", ""docs"", ""feat"", ""test""]","[""ci"", ""docs"", ""feat"", ""fix"", ""test""]",2.38285768404603,"[""6f5b1103c0893d13b42f1f7c6504c9c339840be3"", ""eb51316cdfdc7258d287ba13b67ef2f42bd2b8f6"", ""73211952964a79d97b434dd567e6d7d34be7feb5"", ""be2cbd9480fcbd60c3011ca57f1d761185cf52bd"", ""625cbbca0d92b8756eac6fcacc795d90527d8975""]",1.0,0.8,0.888888888888889,False,0.1428571428571428,12288,False,5
"[""feat"", ""fix"", ""refactor"", ""docs"", ""test"", ""ci"", ""build""]","[""build"", ""docs"", ""feat"", ""fix"", ""refactor""]",3.143325505312532,"[""ecc481f9f501aa34b41e06e7bbdde6e79f8ca1bb"", ""ee7cc5d5a940fba774e715b1f029c6361110b108"", ""f9a094918b62534614c47aa8a13f33aec751a1e0"", ""cc6408b88246f20c62884a5892a6276baf7c3920"", ""5748ff57ebafe94c4979eafa790d9a84812ca440""]",0.7142857142857143,1.0,0.8333333333333333,False,0.2857142857142857,12288,False,5
"[""feat"", ""fix"", ""refactor"", ""docs"", ""test"", ""ci"", ""build""]","[""build"", ""ci"", ""feat"", ""refactor"", ""test""]",3.2622815766371787,"[""b8dfd5a2f39b4768cf070aeb9d09364577c626f9"", ""bda1822851d9be04f0d39f2213d1e2066eb115c8"", ""ba60e126299ad057772b5516d9ab390e770f1301"", ""d4d8bdd3a0a5cec993735abc2e8cc2feff8eae27"", ""b7e2330fa3a8d7b8a9bff01b707c44e64b845c7b""]",0.7142857142857143,1.0,0.8333333333333333,False,0.2857142857142857,12288,False,5
"[""docs"", ""build"", ""ci"", ""fix"", ""test""]","[""build"", ""ci"", ""fix"", ""refactor"", ""test""]",1.7739173308946192,"[""4542d9973a848a2bd4f9baf12992efe7d7a69f2c"", ""db55dae208e4807898e6c747cefdf9bfcb4fd08c"", ""c4d9e5023fa0f88ba283b37da27677ceda1cbfbb"", ""f86944ff00b970d7e2da48abbff43e58bdf29b99"", ""1f663cbe4b4a9e7a0ae89c05f824335f2a0857fd""]",0.8,0.8,0.8000000000000002,False,0.2857142857142857,12288,False,5
"[""feat"", ""docs"", ""test"", ""build""]","[""build"", ""docs"", ""feat"", ""refactor"", ""test""]",1.909739641007036,"[""0f38960851ac0fd159727d5dffb36f50268eec18"", ""e0177c25e13812306aab0b0991562d58b6d14767"", ""1ae8bf1195b197daa80ba6e45360f8b894364cd4"", ""336b25f3ae9da5d972304662fcdb88f4719c721d"", ""8ee0611fbf0cd89abe7ae588f22e6ecb843598ea""]",1.0,0.8,0.888888888888889,False,0.1428571428571428,12288,False,5
"[""ci"", ""docs"", ""refactor"", ""test""]","[""ci"", ""docs"", ""feat"", ""fix"", ""test""]",2.3348215660080314,"[""8d2e23bde626eaed6e5b13384cc7ac38bab5ea66"", ""527e0abd0f88cb3ae2dc1a6ec7a62c241250444d"", ""4a4c7afca7e1beadd4b213214074fdb420eb0923"", ""a81bbb83d64867f08c4d1be10919ef6806a1bf51"", ""cdbc37711fa9c64b2cfa767766ca55c95c1736f7""]",0.75,0.6,0.6666666666666665,False,0.4285714285714285,12288,False,5
"[""build"", ""ci"", ""fix"", ""refactor""]","[""build"", ""ci"", ""docs"", ""fix"", ""refactor""]",2.020336350891739,"[""b7e38fb62aa6e8a30d72dec063b1adccd089d0aa"", ""6f5b1103c0893d13b42f1f7c6504c9c339840be3"", ""9849430b11b92ae58d94cfe4d0b06313c7eab550"", ""be2cbd9480fcbd60c3011ca57f1d761185cf52bd"", ""03e413d7175d35827cd7d8908d47dbae15a849a3""]",1.0,0.8,0.888888888888889,False,0.1428571428571428,12288,False,5
"[""build"", ""ci"", ""docs"", ""fix"", ""refactor"", ""test""]","[""build"", ""ci"", ""docs"", ""fix"", ""refactor""]",2.8153367023915052,"[""b7e38fb62aa6e8a30d72dec063b1adccd089d0aa"", ""6f5b1103c0893d13b42f1f7c6504c9c339840be3"", ""01e1e33f377934099a4a725fab5cd6c5ff50eaa2"", ""be2cbd9480fcbd60c3011ca57f1d761185cf52bd"", ""3550066c886bf253df376f303a60ed475ac42aaa""]",0.8333333333333334,1.0,0.9090909090909092,False,0.1428571428571428,12288,False,5
"[""feat"", ""build"", ""ci"", ""test""]","[""build"", ""ci"", ""feat"", ""fix"", ""test""]",1.6578165600076318,"[""b7e38fb62aa6e8a30d72dec063b1adccd089d0aa"", ""6f5b1103c0893d13b42f1f7c6504c9c339840be3"", ""73211952964a79d97b434dd567e6d7d34be7feb5"", ""be2cbd9480fcbd60c3011ca57f1d761185cf52bd"", ""625cbbca0d92b8756eac6fcacc795d90527d8975""]",1.0,0.8,0.888888888888889,False,0.1428571428571428,12288,False,5
"[""feat"", ""fix"", ""refactor"", ""docs"", ""test"", ""ci"", ""build""]","[""docs"", ""feat"", ""fix"", ""refactor"", ""test""]",2.870852923952043,"[""9849430b11b92ae58d94cfe4d0b06313c7eab550"", ""73211952964a79d97b434dd567e6d7d34be7feb5"", ""be2cbd9480fcbd60c3011ca57f1d761185cf52bd"", ""fd61615d1a7be9d13de2114a01e2d0ad63b59274"", ""625cbbca0d92b8756eac6fcacc795d90527d8975""]",0.7142857142857143,1.0,0.8333333333333333,False,0.2857142857142857,12288,False,5
"[""feat"", ""docs"", ""ci"", ""build"", ""refactor""]","[""build"", ""ci"", ""docs"", ""feat"", ""refactor""]",2.9024520590901375,"[""b7e38fb62aa6e8a30d72dec063b1adccd089d0aa"", ""6f5b1103c0893d13b42f1f7c6504c9c339840be3"", ""01e1e33f377934099a4a725fab5cd6c5ff50eaa2"", ""73211952964a79d97b434dd567e6d7d34be7feb5"", ""eafee3c5c124ce0c71fd854270cea39cc273b27c""]",1.0,1.0,1.0,True,0.0,12288,False,5
"[""feat"", ""fix"", ""refactor"", ""docs"", ""test"", ""ci"", ""build""]","[""build"", ""feat"", ""fix"", ""refactor"", ""test""]",2.912374827079475,"[""b7e38fb62aa6e8a30d72dec063b1adccd089d0aa"", ""73211952964a79d97b434dd567e6d7d34be7feb5"", ""be2cbd9480fcbd60c3011ca57f1d761185cf52bd"", ""7005cf8c47416583e3d9fa91c3bd50113155c91a"", ""625cbbca0d92b8756eac6fcacc795d90527d8975""]",0.7142857142857143,1.0,0.8333333333333333,False,0.2857142857142857,12288,False,5
"[""feat"", ""fix"", ""refactor"", ""docs"", ""test"", ""ci"", ""build""]","[""build"", ""ci"", ""docs"", ""feat"", ""test""]",2.5806470457464457,"[""45bbdaba1490a3216decb2c1a88b8f7041a3d505"", ""be44bbdeb52c6025e81c99528ed7b0d932c5be18"", ""16124286236edf03a6199720ba1629a35e3fe1aa"", ""3730075261bc81df68f9d10f12a2d6bbffd8493c"", ""076b9f5efc109b481074a81957e24ce9f4a69f08""]",0.7142857142857143,1.0,0.8333333333333333,False,0.2857142857142857,12288,False,5
"[""ci"", ""docs"", ""refactor"", ""build""]","[""ci"", ""docs"", ""fix"", ""refactor"", ""test""]",1.8308519809506831,"[""be44bbdeb52c6025e81c99528ed7b0d932c5be18"", ""16124286236edf03a6199720ba1629a35e3fe1aa"", ""ccd1946a375e2ac10c3c591b04a435c4bc5170c2"", ""0e4ede620dd9a2cdc13ab9cc6da05577b39fddb8"", ""076b9f5efc109b481074a81957e24ce9f4a69f08""]",0.75,0.6,0.6666666666666665,False,0.4285714285714285,12288,False,5
"[""feat"", ""fix"", ""refactor"", ""docs"", ""test"", ""ci"", ""build""]","[""build"", ""docs"", ""feat"", ""refactor"", ""test""]",3.713012133724987,"[""ecc481f9f501aa34b41e06e7bbdde6e79f8ca1bb"", ""144388439d64e049cbed4e37659e819856d6987f"", ""ded26d768ff432ad3bde3c0aa1e95ce50726100a"", ""5748ff57ebafe94c4979eafa790d9a84812ca440"", ""87427fe39d165bee2acedde8dbaa237cca3fb61e""]",0.7142857142857143,1.0,0.8333333333333333,False,0.2857142857142857,12288,False,5
"[""feat"", ""docs"", ""ci"", ""refactor""]","[""ci"", ""docs"", ""feat"", ""fix"", ""refactor""]",3.130445904098451,"[""6f5b1103c0893d13b42f1f7c6504c9c339840be3"", ""eb51316cdfdc7258d287ba13b67ef2f42bd2b8f6"", ""73211952964a79d97b434dd567e6d7d34be7feb5"", ""be2cbd9480fcbd60c3011ca57f1d761185cf52bd"", ""d357640fab55e5964fe83efc3c771e53aa3222fd""]",1.0,0.8,0.888888888888889,False,0.1428571428571428,12288,False,5
"[""build"", ""ci"", ""refactor""]","[""build"", ""ci"", ""fix"", ""refactor"", ""test""]",1.673225691076368,"[""45bbdaba1490a3216decb2c1a88b8f7041a3d505"", ""be44bbdeb52c6025e81c99528ed7b0d932c5be18"", ""ccd1946a375e2ac10c3c591b04a435c4bc5170c2"", ""0e4ede620dd9a2cdc13ab9cc6da05577b39fddb8"", ""076b9f5efc109b481074a81957e24ce9f4a69f08""]",1.0,0.6,0.7499999999999999,False,0.2857142857142857,12288,False,5
"[""feat"", ""fix"", ""refactor"", ""docs"", ""test"", ""ci"", ""build""]","[""build"", ""ci"", ""docs"", ""feat"", ""test""]",2.505445339716971,"[""45bbdaba1490a3216decb2c1a88b8f7041a3d505"", ""be44bbdeb52c6025e81c99528ed7b0d932c5be18"", ""b8a664c1b10f4e30a3e221a14211a3cdaf90b7f4"", ""3730075261bc81df68f9d10f12a2d6bbffd8493c"", ""076b9f5efc109b481074a81957e24ce9f4a69f08""]",0.7142857142857143,1.0,0.8333333333333333,False,0.2857142857142857,12288,False,5
"[""build"", ""ci"", ""docs"", ""fix"", ""refactor""]","[""build"", ""ci"", ""docs"", ""fix"", ""refactor""]",2.069143044762314,"[""b7e38fb62aa6e8a30d72dec063b1adccd089d0aa"", ""6f5b1103c0893d13b42f1f7c6504c9c339840be3"", ""eb51316cdfdc7258d287ba13b67ef2f42bd2b8f6"", ""be2cbd9480fcbd60c3011ca57f1d761185cf52bd"", ""190aef43fd30e693af822c176f9b686591568719""]",1.0,1.0,1.0,True,0.0,12288,False,5
"[""feat"", ""fix"", ""refactor"", ""docs"", ""test"", ""ci"", ""build""]","[""build"", ""feat"", ""fix"", ""refactor"", ""test""]",2.089039840735495,"[""b0866f62417f56bdd5a46e8f14278af79efc4d76"", ""a84d6715a4df12cc0ee9aa6f2596ce3b04353958"", ""eebee9ab0bb6d4255ad0402d8422364e96bfef61"", ""e8a8edadc5c25d6410462b89a48e0602e0cbbc7f"", ""e77f6751182595fe08940d67e11a90416c8dd6fd""]",0.7142857142857143,1.0,0.8333333333333333,False,0.2857142857142857,12288,False,5
"[""ci"", ""docs"", ""refactor"", ""feat"", ""build"", ""test""]","[""ci"", ""docs"", ""feat"", ""fix"", ""test""]",2.5400380711071193,"[""8d2e23bde626eaed6e5b13384cc7ac38bab5ea66"", ""036a0ff49a7dade0e04c9c07071a1ff49133ee24"", ""bbb6ee10de824f2e3259576ac01768640c884279"", ""f9d9f859240c6f7e78b0303ea40e46622d42bc3c"", ""cdbc37711fa9c64b2cfa767766ca55c95c1736f7""]",0.6666666666666666,0.8,0.7272727272727272,False,0.4285714285714285,12288,False,5
"[""feat"", ""refactor"", ""build"", ""ci"", ""test""]","[""build"", ""ci"", ""feat"", ""refactor"", ""test""]",2.6512137330137193,"[""b7e38fb62aa6e8a30d72dec063b1adccd089d0aa"", ""6f5b1103c0893d13b42f1f7c6504c9c339840be3"", ""73211952964a79d97b434dd567e6d7d34be7feb5"", ""8da0303bc02db5fe047cfc0631a9da41d9dc60f7"", ""625cbbca0d92b8756eac6fcacc795d90527d8975""]",1.0,1.0,1.0,True,0.0,12288,False,5
"[""feat"", ""build"", ""ci"", ""docs"", ""refactor""]","[""build"", ""ci"", ""docs"", ""feat"", ""fix""]",1.891823680140078,"[""b7e38fb62aa6e8a30d72dec063b1adccd089d0aa"", ""6f5b1103c0893d13b42f1f7c6504c9c339840be3"", ""9849430b11b92ae58d94cfe4d0b06313c7eab550"", ""73211952964a79d97b434dd567e6d7d34be7feb5"", ""be2cbd9480fcbd60c3011ca57f1d761185cf52bd""]",0.8,0.8,0.8000000000000002,False,0.2857142857142857,12288,False,5
"[""ci"", ""docs"", ""refactor"", ""test""]","[""ci"", ""docs"", ""fix"", ""refactor"", ""test""]",1.6444262051954863,"[""db2dbc13d7da2ae85cd3206d330be8ed0ebe1b2c"", ""12257ce53f94dc902df4ba087de90f52d2840ad4"", ""2b1ad9d10fc5685ec75f362a73229569f03344ca"", ""8f1034b79f894b4b1112a4bc1903f37f22f7f5ed"", ""6c7398993bc567ec84e4573b6ededbf50b1ef606""]",1.0,0.8,0.888888888888889,False,0.1428571428571428,12288,False,5
"[""feat"", ""docs"", ""test"", ""refactor""]","[""docs"", ""feat"", ""fix"", ""refactor"", ""test""]",2.810095543973148,"[""eb51316cdfdc7258d287ba13b67ef2f42bd2b8f6"", ""73211952964a79d97b434dd567e6d7d34be7feb5"", ""be2cbd9480fcbd60c3011ca57f1d761185cf52bd"", ""eb8d919e6f3443db279ba0c902f15d76676c02dc"", ""625cbbca0d92b8756eac6fcacc795d90527d8975""]",1.0,0.8,0.888888888888889,False,0.1428571428571428,12288,False,5
"[""feat"", ""fix"", ""refactor"", ""docs"", ""test"", ""ci"", ""build""]","[""build"", ""ci"", ""feat"", ""fix"", ""refactor""]",3.411909376271069,"[""454003841aabeb74396d73541378bfa59c75b5db"", ""bda1822851d9be04f0d39f2213d1e2066eb115c8"", ""9114362b39f5194209cd0b330af7076333f3db77"", ""80242b34468398e835e5b3fc5ac345dbae4bcc7e"", ""fba4326c72fc22d81aba6976a9fef1e4b6154fd9""]",0.7142857142857143,1.0,0.8333333333333333,False,0.2857142857142857,12288,False,5
"[""build"", ""docs"", ""fix"", ""test""]","[""build"", ""docs"", ""feat"", ""fix"", ""test""]",2.280571914277971,"[""ecc481f9f501aa34b41e06e7bbdde6e79f8ca1bb"", ""144388439d64e049cbed4e37659e819856d6987f"", ""8b9176b44bb01a1eef497a403b0304bc389c9aee"", ""45b386aa3f06bce06f5e03fbde0aa52c4051c8bc"", ""3c04162664b130c9486cba54afc16b6e57c779d1""]",1.0,0.8,0.888888888888889,False,0.1428571428571428,12288,False,5
"[""build"", ""ci"", ""docs"", ""refactor"", ""test""]","[""build"", ""ci"", ""docs"", ""refactor"", ""test""]",2.498183475341648,"[""b7e38fb62aa6e8a30d72dec063b1adccd089d0aa"", ""6f5b1103c0893d13b42f1f7c6504c9c339840be3"", ""01e1e33f377934099a4a725fab5cd6c5ff50eaa2"", ""3cb4a48ebd15c20692f4f3a2a924284dc7fd5e10"", ""625cbbca0d92b8756eac6fcacc795d90527d8975""]",1.0,1.0,1.0,True,0.0,12288,False,5
"[""feat"", ""fix"", ""refactor"", ""docs"", ""test"", ""ci"", ""build""]","[""build"", ""ci"", ""docs"", ""refactor"", ""test""]",2.0362634588964283,"[""45bbdaba1490a3216decb2c1a88b8f7041a3d505"", ""be44bbdeb52c6025e81c99528ed7b0d932c5be18"", ""b8a664c1b10f4e30a3e221a14211a3cdaf90b7f4"", ""0e4ede620dd9a2cdc13ab9cc6da05577b39fddb8"", ""076b9f5efc109b481074a81957e24ce9f4a69f08""]",0.7142857142857143,1.0,0.8333333333333333,False,0.2857142857142857,12288,False,5
"[""feat"", ""test"", ""build"", ""refactor""]","[""build"", ""feat"", ""fix"", ""refactor"", ""test""]",2.0641287737526,"[""45bbdaba1490a3216decb2c1a88b8f7041a3d505"", ""3730075261bc81df68f9d10f12a2d6bbffd8493c"", ""ccd1946a375e2ac10c3c591b04a435c4bc5170c2"", ""0e4ede620dd9a2cdc13ab9cc6da05577b39fddb8"", ""076b9f5efc109b481074a81957e24ce9f4a69f08""]",1.0,0.8,0.888888888888889,False,0.1428571428571428,12288,False,5
"[""feat"", ""docs"", ""ci"", ""refactor""]","[""ci"", ""docs"", ""feat"", ""fix"", ""refactor""]",2.633458537980914,"[""6f5b1103c0893d13b42f1f7c6504c9c339840be3"", ""01e1e33f377934099a4a725fab5cd6c5ff50eaa2"", ""73211952964a79d97b434dd567e6d7d34be7feb5"", ""be2cbd9480fcbd60c3011ca57f1d761185cf52bd"", ""7d6f760a91b55967972bbd1b972307624e876805""]",1.0,0.8,0.888888888888889,False,0.1428571428571428,12288,False,5
"[""feat"", ""fix"", ""test"", ""build"", ""ci"", ""docs"", ""refactor""]","[""build"", ""ci"", ""feat"", ""fix"", ""test""]",3.1674110339954495,"[""bfe32bf10e9b6d699f694fbd095af0b3f2e6275f"", ""bda1822851d9be04f0d39f2213d1e2066eb115c8"", ""988dda23984894cea097d64646196e8d6196d6b6"", ""238ba1990ea68eb64bdfc6b31efebad2acb01ad6"", ""b7e2330fa3a8d7b8a9bff01b707c44e64b845c7b""]",0.7142857142857143,1.0,0.8333333333333333,False,0.2857142857142857,12288,False,5
"[""build"", ""ci"", ""test"", ""refactor""]","[""build"", ""ci"", ""docs"", ""refactor"", ""test""]",1.5399835682474077,"[""b7e38fb62aa6e8a30d72dec063b1adccd089d0aa"", ""6f5b1103c0893d13b42f1f7c6504c9c339840be3"", ""9849430b11b92ae58d94cfe4d0b06313c7eab550"", ""816b0d49c45f6669c5aae748396e9551f2e30a96"", ""625cbbca0d92b8756eac6fcacc795d90527d8975""]",1.0,0.8,0.888888888888889,False,0.1428571428571428,12288,False,5
"[""feat"", ""docs"", ""test"", ""fix""]","[""docs"", ""feat"", ""fix"", ""refactor"", ""test""]",2.4140398669987917,"[""01e1e33f377934099a4a725fab5cd6c5ff50eaa2"", ""73211952964a79d97b434dd567e6d7d34be7feb5"", ""be2cbd9480fcbd60c3011ca57f1d761185cf52bd"", ""190aef43fd30e693af822c176f9b686591568719"", ""625cbbca0d92b8756eac6fcacc795d90527d8975""]",1.0,0.8,0.888888888888889,False,0.1428571428571428,12288,False,5
"[""feat"", ""docs"", ""ci"", ""build""]","[""build"", ""ci"", ""docs"", ""feat"", ""fix""]",2.3788965977728367,"[""b7e38fb62aa6e8a30d72dec063b1adccd089d0aa"", ""6f5b1103c0893d13b42f1f7c6504c9c339840be3"", ""01e1e33f377934099a4a725fab5cd6c5ff50eaa2"", ""73211952964a79d97b434dd567e6d7d34be7feb5"", ""be2cbd9480fcbd60c3011ca57f1d761185cf52bd""]",1.0,0.8,0.888888888888889,False,0.1428571428571428,12288,False,5
"[""feat"", ""docs"", ""refactor"", ""test""]","[""docs"", ""feat"", ""fix"", ""refactor"", ""test""]",2.6099750553257763,"[""8dfd2af29bf784b242992ee9ec0fbc85753b063c"", ""8a954673531d6935f5517535b9068639ed5cff0d"", ""2b1ad9d10fc5685ec75f362a73229569f03344ca"", ""d55088c612b1108ef566ec47e40fb8d1050f7451"", ""6c7398993bc567ec84e4573b6ededbf50b1ef606""]",1.0,0.8,0.888888888888889,False,0.1428571428571428,12288,False,5
"[""feat"", ""fix"", ""refactor"", ""docs"", ""test"", ""ci"", ""build""]","[""build"", ""ci"", ""fix"", ""refactor"", ""test""]",3.0783970821648836,"[""bfe32bf10e9b6d699f694fbd095af0b3f2e6275f"", ""bda1822851d9be04f0d39f2213d1e2066eb115c8"", ""80242b34468398e835e5b3fc5ac345dbae4bcc7e"", ""fba4326c72fc22d81aba6976a9fef1e4b6154fd9"", ""7c48976f943e1e9b5850967b6f2963a205476ded""]",0.7142857142857143,1.0,0.8333333333333333,False,0.2857142857142857,12288,False,5
"[""feat"", ""fix"", ""refactor"", ""docs"", ""test"", ""ci"", ""build""]","[""build"", ""ci"", ""docs"", ""feat"", ""refactor""]",2.777989633847028,"[""45bbdaba1490a3216decb2c1a88b8f7041a3d505"", ""be44bbdeb52c6025e81c99528ed7b0d932c5be18"", ""16124286236edf03a6199720ba1629a35e3fe1aa"", ""3730075261bc81df68f9d10f12a2d6bbffd8493c"", ""0e4ede620dd9a2cdc13ab9cc6da05577b39fddb8""]",0.7142857142857143,1.0,0.8333333333333333,False,0.2857142857142857,12288,False,5
"[""feat"", ""fix"", ""refactor"", ""docs"", ""test"", ""ci"", ""build""]","[""build"", ""ci"", ""feat"", ""fix"", ""test""]",3.790042863693088,"[""bfe32bf10e9b6d699f694fbd095af0b3f2e6275f"", ""bda1822851d9be04f0d39f2213d1e2066eb115c8"", ""482442ecc1aaf981895a36c367abbd377fd93891"", ""80242b34468398e835e5b3fc5ac345dbae4bcc7e"", ""7c48976f943e1e9b5850967b6f2963a205476ded""]",0.7142857142857143,1.0,0.8333333333333333,False,0.2857142857142857,12288,False,5
"[""feat"", ""docs"", ""build"", ""refactor""]","[""build"", ""docs"", ""feat"", ""fix"", ""refactor""]",2.702146862167865,"[""b7e38fb62aa6e8a30d72dec063b1adccd089d0aa"", ""01e1e33f377934099a4a725fab5cd6c5ff50eaa2"", ""73211952964a79d97b434dd567e6d7d34be7feb5"", ""be2cbd9480fcbd60c3011ca57f1d761185cf52bd"", ""eafee3c5c124ce0c71fd854270cea39cc273b27c""]",1.0,0.8,0.888888888888889,False,0.1428571428571428,12288,False,5
"[""build"", ""ci"", ""docs"", ""refactor"", ""test""]","[""build"", ""ci"", ""docs"", ""refactor"", ""test""]",2.395455641206354,"[""b7e38fb62aa6e8a30d72dec063b1adccd089d0aa"", ""6f5b1103c0893d13b42f1f7c6504c9c339840be3"", ""eb51316cdfdc7258d287ba13b67ef2f42bd2b8f6"", ""7d6f760a91b55967972bbd1b972307624e876805"", ""625cbbca0d92b8756eac6fcacc795d90527d8975""]",1.0,1.0,1.0,True,0.0,12288,False,5
"[""ci"", ""docs"", ""fix"", ""feat"", ""test""]","[""ci"", ""docs"", ""feat"", ""fix"", ""test""]",2.251113767269999,"[""8d2e23bde626eaed6e5b13384cc7ac38bab5ea66"", ""036a0ff49a7dade0e04c9c07071a1ff49133ee24"", ""6b473cbdc5997af47c56a2a74f5b64da6d4c2ad7"", ""f9d9f859240c6f7e78b0303ea40e46622d42bc3c"", ""cdbc37711fa9c64b2cfa767766ca55c95c1736f7""]",1.0,1.0,1.0,True,0.0,12288,False,5
"[""fix"", ""test""]","[""test""]",10.246638451237231,"[""7c48976f943e1e9b5850967b6f2963a205476ded""]",0.5,1.0,0.6666666666666666,False,0.1428571428571428,12288,False,1
"[""feat"", ""test""]","[""refactor""]",1.28971488494426,"[""5748ff57ebafe94c4979eafa790d9a84812ca440""]",0.0,0.0,0.0,False,0.4285714285714285,12288,False,1
"[""docs""]","[""docs""]",0.7433590730652213,"[""be8dd55c2179a1743ddbda56b5e88a1a89c92bcc""]",1.0,1.0,1.0,True,0.0,12288,False,1
"[""feat""]","[""feat""]",0.7409566380083561,"[""15b8e4bc9349ce017f65e10b95cae48b0aa11828""]",1.0,1.0,1.0,True,0.0,12288,False,1
"[""build""]","[""build""]",0.74444445874542,"[""37b1cbfd3d2c462ef4f2a131e4172c38dc8d9ddf""]",1.0,1.0,1.0,True,0.0,12288,False,1
"[""ci""]","[""ci""]",0.7287220880389214,"[""8d2e23bde626eaed6e5b13384cc7ac38bab5ea66""]",1.0,1.0,1.0,True,0.0,12288,False,1
"[""fix"", ""test""]","[""fix""]",1.222832527011633,"[""44ac09d356fa02bdbb840638846f7a7500700d23""]",0.5,1.0,0.6666666666666666,False,0.1428571428571428,12288,False,1
"[""ci"", ""build""]","[""ci""]",0.8741313619539142,"[""be44bbdeb52c6025e81c99528ed7b0d932c5be18""]",0.5,1.0,0.6666666666666666,False,0.1428571428571428,12288,False,1
"[""build""]","[""build""]",0.7235063910484314,"[""b7e38fb62aa6e8a30d72dec063b1adccd089d0aa""]",1.0,1.0,1.0,True,0.0,12288,False,1
"[""fix"", ""build""]","[""refactor""]",2.3548933677375317,"[""3e0e30ecebaf23f0c36fa4811426f8f4e0057cfe""]",0.0,0.0,0.0,False,0.4285714285714285,12288,False,1
"[""feat"", ""test""]","[""feat""]",2.0545751457102597,"[""293f301a4bb248799c467d1fef413ed3909f47a4""]",0.5,1.0,0.6666666666666666,False,0.1428571428571428,12288,False,1
"[""test""]","[""test""]",0.7932941718026996,"[""6c7398993bc567ec84e4573b6ededbf50b1ef606""]",1.0,1.0,1.0,True,0.0,12288,False,1
"[""docs""]","[""docs""]",0.5186390271410346,"[""036a0ff49a7dade0e04c9c07071a1ff49133ee24""]",1.0,1.0,1.0,True,0.0,12288,False,1
"[""refactor""]","[""fix""]",0.7516944641247392,"[""73b8948ea1d49e05ae8c63b17926eda4cb04e9bb""]",0.0,0.0,0.0,False,0.2857142857142857,12288,False,1
"[""refactor"", ""build""]","[""fix""]",0.7305265623144805,"[""ccd1946a375e2ac10c3c591b04a435c4bc5170c2""]",0.0,0.0,0.0,False,0.4285714285714285,12288,False,1
"[""feat""]","[""feat""]",2.1940315100364387,"[""542f0cad5337de15428f0b6567ce4efd20a19a48""]",1.0,1.0,1.0,True,0.0,12288,False,1
"[""build""]","[""build""]",0.8458508918993175,"[""4ab28fc2e63e975a0c77e18ae644f34fa5f8771a""]",1.0,1.0,1.0,True,0.0,12288,False,1
"[""ci"", ""build"", ""refactor""]","[""ci""]",0.8675772701390088,"[""b7b9c23698e7238eda26a1135018625181badd82""]",0.3333333333333333,1.0,0.5,False,0.2857142857142857,12288,False,1
"[""refactor""]","[""refactor""]",0.7730005430057645,"[""190aef43fd30e693af822c176f9b686591568719""]",1.0,1.0,1.0,True,0.0,12288,False,1
"[""test""]","[""test""]",0.6991937011480331,"[""960af3a1c31fe2b5ab32e580089f67c9da816fcc""]",1.0,1.0,1.0,True,0.0,12288,False,1
"[""docs""]","[""docs""]",0.6972339260391891,"[""527e0abd0f88cb3ae2dc1a6ec7a62c241250444d""]",1.0,1.0,1.0,True,0.0,12288,False,1
"[""docs""]","[""docs""]",0.8022333257831633,"[""ee7cc5d5a940fba774e715b1f029c6361110b108""]",1.0,1.0,1.0,True,0.0,12288,False,1
"[""feat"", ""docs"", ""test""]","[""feat""]",2.7352501819841564,"[""8a954673531d6935f5517535b9068639ed5cff0d""]",0.3333333333333333,1.0,0.5,False,0.2857142857142857,12288,False,1
"[""refactor""]","[""refactor""]",0.9287370196543634,"[""0e4ede620dd9a2cdc13ab9cc6da05577b39fddb8""]",1.0,1.0,1.0,True,0.0,12288,False,1
"[""build""]","[""build""]",0.8264288501814008,"[""ecc481f9f501aa34b41e06e7bbdde6e79f8ca1bb""]",1.0,1.0,1.0,True,0.0,12288,False,1
"[""build""]","[""ci""]",0.6782942567951977,"[""bda1822851d9be04f0d39f2213d1e2066eb115c8""]",0.0,0.0,0.0,False,0.2857142857142857,12288,False,1
"[""test""]","[""test""]",0.6500913901254535,"[""7df6b872b9c820a35572b926d2496460a4c8b24a""]",1.0,1.0,1.0,True,0.0,12288,False,1
"[""fix""]","[""fix""]",0.7024707579985261,"[""c4d9e5023fa0f88ba283b37da27677ceda1cbfbb""]",1.0,1.0,1.0,True,0.0,12288,False,1
"[""fix"", ""test""]","[""fix""]",1.6493371757678688,"[""0d43299ccee2b2e018fae24896c45d8d8be66bc6""]",0.5,1.0,0.6666666666666666,False,0.1428571428571428,12288,False,1
"[""test""]","[""test""]",3.671137133147567,"[""90a48c74f6faa0829d3809f739a42c0133e63ae0""]",1.0,1.0,1.0,True,0.0,12288,False,1
"[""refactor""]","[""refactor""]",0.7826010310091078,"[""e8a8edadc5c25d6410462b89a48e0602e0cbbc7f""]",1.0,1.0,1.0,True,0.0,12288,False,1
"[""docs""]","[""docs""]",0.6158678228966892,"[""9849430b11b92ae58d94cfe4d0b06313c7eab550""]",1.0,1.0,1.0,True,0.0,12288,False,1
"[""build""]","[""build""]",0.80925881722942,"[""45bbdaba1490a3216decb2c1a88b8f7041a3d505""]",1.0,1.0,1.0,True,0.0,12288,False,1
"[""feat""]","[""feat""]",0.7430676850490272,"[""1ae8bf1195b197daa80ba6e45360f8b894364cd4""]",1.0,1.0,1.0,True,0.0,12288,False,1
"[""ci""]","[""ci""]",0.764003184158355,"[""976c34b6fdc32a7f3337f98e67a7c9e4ee9e793e""]",1.0,1.0,1.0,True,0.0,12288,False,1
"[""refactor"", ""test""]","[""refactor""]",0.993504922837019,"[""1c8ff5cf2feb3ce0b7d0fbfc43be8d20f5b73287""]",0.5,1.0,0.6666666666666666,False,0.1428571428571428,12288,False,1
"[""ci""]","[""docs""]",0.6247470718808472,"[""e50a61d63755a4a955c2a6535a865773e2ac01d5""]",0.0,0.0,0.0,False,0.2857142857142857,12288,False,1
"[""refactor""]","[""test""]",0.6072070449590683,"[""076b9f5efc109b481074a81957e24ce9f4a69f08""]",0.0,0.0,0.0,False,0.2857142857142857,12288,False,1
"[""build""]","[""build""]",1.274510309100151,"[""b2415c4d3de7b5d6da47668a3de630c07b30b300""]",1.0,1.0,1.0,True,0.0,12288,False,1
"[""refactor""]","[""fix""]",0.9445085236802696,"[""a81bbb83d64867f08c4d1be10919ef6806a1bf51""]",0.0,0.0,0.0,False,0.2857142857142857,12288,False,1
"[""feat"", ""test""]","[""feat""]",1.2765951179899275,"[""3730075261bc81df68f9d10f12a2d6bbffd8493c""]",0.5,1.0,0.6666666666666666,False,0.1428571428571428,12288,False,1
"[""ci"", ""build""]","[""ci""]",0.9536292692646384,"[""db55dae208e4807898e6c747cefdf9bfcb4fd08c""]",0.5,1.0,0.6666666666666666,False,0.1428571428571428,12288,False,1
"[""docs""]","[""docs""]",1.1373779829591513,"[""dfab97842fe78fb8f217a5185fb6ec92682a53ca""]",1.0,1.0,1.0,True,0.0,12288,False,1
"[""feat""]","[""feat""]",1.0712175853550434,"[""73211952964a79d97b434dd567e6d7d34be7feb5""]",1.0,1.0,1.0,True,0.0,12288,False,1
"[""test""]","[""refactor""]",0.740959201939404,"[""fba4326c72fc22d81aba6976a9fef1e4b6154fd9""]",0.0,0.0,0.0,False,0.2857142857142857,12288,False,1
"[""ci""]","[""ci""]",0.6819785838015378,"[""6f5b1103c0893d13b42f1f7c6504c9c339840be3""]",1.0,1.0,1.0,True,0.0,12288,False,1
"[""refactor""]","[""fix""]",0.7549511082470417,"[""2b1ad9d10fc5685ec75f362a73229569f03344ca""]",0.0,0.0,0.0,False,0.2857142857142857,12288,False,1
"[""build"", ""test""]","[""test""]",1.1230472214519978,"[""cd2bfb9b2298e8cd91013808547b35a9c40f46f1""]",0.5,1.0,0.6666666666666666,False,0.1428571428571428,12288,False,1
"[""build""]","[""build""]",0.895859875716269,"[""607ecc92b5f8c084304e406eec725b7dcfa0a562""]",1.0,1.0,1.0,True,0.0,12288,False,1
"[""refactor""]","[""refactor""]",0.8138981321826577,"[""b98a8fed0b67b99ef4f8373aea904f847315e468""]",1.0,1.0,1.0,True,0.0,12288,False,1
"[""docs""]","[""docs""]",0.7455081511288881,"[""144388439d64e049cbed4e37659e819856d6987f""]",1.0,1.0,1.0,True,0.0,12288,False,1
"[""ci""]","[""build""]",0.6269050370901823,"[""88129ee45b1d49bc4ff887f3b488464cc7097e29""]",0.0,0.0,0.0,False,0.2857142857142857,12288,False,1
"[""feat""]","[""feat""]",0.840966303832829,"[""5e09c9128f13c45d54df685b0a17dc8e3f7ff02c""]",1.0,1.0,1.0,True,0.0,12288,False,1
"[""test""]","[""test""]",0.7110226438380778,"[""e77f6751182595fe08940d67e11a90416c8dd6fd""]",1.0,1.0,1.0,True,0.0,12288,False,1
"[""ci"", ""build""]","[""ci""]",0.9784222319722176,"[""bb00890fa896936d0be09cc5e5f411fb5e64aa5f""]",0.5,1.0,0.6666666666666666,False,0.1428571428571428,12288,False,1
"[""fix""]","[""fix""]",0.7110433760099113,"[""c1d3b58fd20995b1b9ca4e6771e3fa375242b02d""]",1.0,1.0,1.0,True,0.0,12288,False,1
"[""fix""]","[""fix""]",0.686239271890372,"[""be2cbd9480fcbd60c3011ca57f1d761185cf52bd""]",1.0,1.0,1.0,True,0.0,12288,False,1
"[""refactor""]","[""refactor""]",0.7566709388047457,"[""8f1034b79f894b4b1112a4bc1903f37f22f7f5ed""]",1.0,1.0,1.0,True,0.0,12288,False,1
"[""docs""]","[""docs""]",0.823022585362196,"[""16124286236edf03a6199720ba1629a35e3fe1aa""]",1.0,1.0,1.0,True,0.0,12288,False,1
"[""test""]","[""test""]",0.6272748736664653,"[""cdbc37711fa9c64b2cfa767766ca55c95c1736f7""]",1.0,1.0,1.0,True,0.0,12288,False,1
"[""ci""]","[""ci""]",0.7241303431801498,"[""5ebfebf86e60aae2610eb0ed84d177d53cd75f9d""]",1.0,1.0,1.0,True,0.0,12288,False,1
"[""feat""]","[""feat""]",1.4149898448958993,"[""ded26d768ff432ad3bde3c0aa1e95ce50726100a""]",1.0,1.0,1.0,True,0.0,12288,False,1
"[""refactor""]","[""build""]",0.8035064022988081,"[""f46c6c6c26a14312aa05a77ff2a14aebd74e13ac""]",0.0,0.0,0.0,False,0.2857142857142857,12288,False,1
"[""feat""]","[""feat""]",0.9983898252248764,"[""bea32587586ca08f390c901a95e9b9c25263f4df""]",1.0,1.0,1.0,True,0.0,12288,False,1
"[""docs""]","[""docs""]",0.8445902159437537,"[""26994fb090d4ed0daf9b8ba960b4690fac08e340""]",1.0,1.0,1.0,True,0.0,12288,False,1
"[""feat"", ""fix"", ""refactor"", ""docs"", ""test"", ""ci"", ""build""]","[""fix""]",2.150136189069599,"[""80242b34468398e835e5b3fc5ac345dbae4bcc7e""]",0.1428571428571428,1.0,0.25,False,0.8571428571428571,12288,False,1
"[""build""]","[""refactor""]",0.7663572700694203,"[""f9447355b93d67961c4a6b04bde3e83a394458ab""]",0.0,0.0,0.0,False,0.2857142857142857,12288,False,1
"[""ci""]","[""ci""]",0.7836879319511354,"[""8fe29cdc76480adc79701e4c492ff1e87566f569""]",1.0,1.0,1.0,True,0.0,12288,False,1
"[""docs"", ""build""]","[""build""]",0.9010209748521448,"[""4542d9973a848a2bd4f9baf12992efe7d7a69f2c""]",0.5,1.0,0.6666666666666666,False,0.1428571428571428,12288,False,1
"[""test""]","[""test""]",0.6219908189959824,"[""e053bb5190b033d4edb35a0718d3c414ae366431""]",1.0,1.0,1.0,True,0.0,12288,False,1
"[""docs"", ""fix"", ""test""]","[""docs"", ""refactor""]",1.561959025915712,"[""144388439d64e049cbed4e37659e819856d6987f"", ""5748ff57ebafe94c4979eafa790d9a84812ca440""]",0.3333333333333333,0.5,0.4,False,0.4285714285714285,12288,False,2
"[""docs"", ""build"", ""test""]","[""build"", ""test""]",1.1386517598293722,"[""4542d9973a848a2bd4f9baf12992efe7d7a69f2c"", ""1f663cbe4b4a9e7a0ae89c05f824335f2a0857fd""]",0.6666666666666666,1.0,0.8,False,0.1428571428571428,12288,False,2
"[""feat"", ""fix"", ""test"", ""docs""]","[""feat"", ""fix""]",2.4573264801874757,"[""6f0cf049caa1a7982669ee685e86621452686551"", ""238ba1990ea68eb64bdfc6b31efebad2acb01ad6""]",0.5,1.0,0.6666666666666666,False,0.2857142857142857,12288,False,2
"[""ci"", ""docs""]","[""ci"", ""docs""]",2.565445168875158,"[""6f5b1103c0893d13b42f1f7c6504c9c339840be3"", ""01e1e33f377934099a4a725fab5cd6c5ff50eaa2""]",1.0,1.0,1.0,True,0.0,12288,False,2
"[""feat"", ""ci""]","[""ci"", ""feat""]",1.1714429389685392,"[""6f5b1103c0893d13b42f1f7c6504c9c339840be3"", ""73211952964a79d97b434dd567e6d7d34be7feb5""]",1.0,1.0,1.0,True,0.0,12288,False,2
"[""build"", ""test""]","[""build"", ""refactor""]",2.6569303469732404,"[""1ad3f41f28d2faa5229ee88b54d673275cc31036"", ""72e3eed599b3a3dd154575af344ac3e5c62dd07b""]",0.5,0.5,0.5,False,0.2857142857142857,12288,False,2
"[""feat"", ""fix"", ""refactor"", ""docs"", ""test"", ""ci"", ""build""]","[""fix"", ""test""]",2.5634622680954635,"[""0d43299ccee2b2e018fae24896c45d8d8be66bc6"", ""24a815b90437dbd962b5ff449f0b5146df835545""]",0.2857142857142857,1.0,0.4444444444444445,False,0.7142857142857143,12288,False,2
"[""feat"", ""refactor"", ""test""]","[""feat"", ""refactor""]",1.6990464180707932,"[""3730075261bc81df68f9d10f12a2d6bbffd8493c"", ""0e4ede620dd9a2cdc13ab9cc6da05577b39fddb8""]",0.6666666666666666,1.0,0.8,False,0.1428571428571428,12288,False,2
"[""build"", ""docs""]","[""build"", ""docs""]",2.402329448144883,"[""b7e38fb62aa6e8a30d72dec063b1adccd089d0aa"", ""eb51316cdfdc7258d287ba13b67ef2f42bd2b8f6""]",1.0,1.0,1.0,True,0.0,12288,False,2
"[""ci"", ""fix""]","[""ci"", ""fix""]",0.8577692327089608,"[""6f5b1103c0893d13b42f1f7c6504c9c339840be3"", ""be2cbd9480fcbd60c3011ca57f1d761185cf52bd""]",1.0,1.0,1.0,True,0.0,12288,False,2
"[""refactor"", ""test""]","[""fix"", ""test""]",1.1169890337623656,"[""b131f5d67076b97b3186c820760df839bf796ad5"", ""2a7c6f5c0b1c966d6a5d103de1978a61c141648a""]",0.5,0.5,0.5,False,0.2857142857142857,12288,False,2
"[""build"", ""docs""]","[""build"", ""docs""]",1.0978860100731254,"[""45bbdaba1490a3216decb2c1a88b8f7041a3d505"", ""16124286236edf03a6199720ba1629a35e3fe1aa""]",1.0,1.0,1.0,True,0.0,12288,False,2
"[""feat""]","[""feat"", ""refactor""]",1.0770448460243642,"[""d61bf50f77b404e660a6e5aa9e9bc4ce415e8c18"", ""ee4bf61fb8836e249fb4ef3507dc938e70696b3f""]",1.0,0.5,0.6666666666666666,False,0.1428571428571428,12288,False,2
"[""test"", ""build""]","[""ci"", ""test""]",2.661658539902419,"[""bda1822851d9be04f0d39f2213d1e2066eb115c8"", ""90a48c74f6faa0829d3809f739a42c0133e63ae0""]",0.5,0.5,0.5,False,0.2857142857142857,12288,False,2
"[""ci"", ""build"", ""refactor""]","[""ci"", ""refactor""]",1.338963685091585,"[""be44bbdeb52c6025e81c99528ed7b0d932c5be18"", ""0e4ede620dd9a2cdc13ab9cc6da05577b39fddb8""]",0.6666666666666666,1.0,0.8,False,0.1428571428571428,12288,False,2
"[""feat"", ""fix"", ""refactor"", ""docs"", ""test"", ""ci"", ""build""]","[""docs"", ""feat""]",3.937702439725399,"[""0105a4ee47706d9b3aa8f22d0a75585a498731ec"", ""3709e392924aba3542514ce35bd681adca39e8ac""]",0.2857142857142857,1.0,0.4444444444444445,False,0.7142857142857143,12288,False,2
"[""build"", ""test""]","[""build"", ""test""]",1.1646675518713892,"[""fd2b7a18dca63b51f4ba5de6b2e4ad2b825e735d"", ""24a815b90437dbd962b5ff449f0b5146df835545""]",1.0,1.0,1.0,True,0.0,12288,False,2
"[""ci"", ""fix"", ""test""]","[""ci"", ""fix""]",1.231207102071494,"[""bda1822851d9be04f0d39f2213d1e2066eb115c8"", ""238ba1990ea68eb64bdfc6b31efebad2acb01ad6""]",0.6666666666666666,1.0,0.8,False,0.1428571428571428,12288,False,2
"[""feat"", ""fix"", ""refactor"", ""docs"", ""test"", ""ci"", ""build""]","[""feat"", ""test""]",2.019304742105305,"[""6b473cbdc5997af47c56a2a74f5b64da6d4c2ad7"", ""cdbc37711fa9c64b2cfa767766ca55c95c1736f7""]",0.2857142857142857,1.0,0.4444444444444445,False,0.7142857142857143,12288,False,2
"[""docs""]","[""docs"", ""refactor""]",2.564175689127296,"[""af5ec2005504bbd836a54bfb2df0b7f6cf15f314"", ""4597f158c45a1f996ad217236d88edab69c29b22""]",1.0,0.5,0.6666666666666666,False,0.1428571428571428,12288,False,2
"[""build"", ""fix""]","[""build"", ""fix""]",1.0111368051730096,"[""ecc481f9f501aa34b41e06e7bbdde6e79f8ca1bb"", ""45b386aa3f06bce06f5e03fbde0aa52c4051c8bc""]",1.0,1.0,1.0,True,0.0,12288,False,2
"[""refactor""]","[""refactor"", ""test""]",1.4520127279683948,"[""3a86f49b725c0f66b5f04f80547042636135b49c"", ""3c812f916e06a53b899e9e3dd79760b475fa4b87""]",1.0,0.5,0.6666666666666666,False,0.1428571428571428,12288,False,2
"[""feat"", ""build""]","[""ci"", ""feat""]",2.7074753381311893,"[""bda1822851d9be04f0d39f2213d1e2066eb115c8"", ""ba60e126299ad057772b5516d9ab390e770f1301""]",0.5,0.5,0.5,False,0.2857142857142857,12288,False,2
"[""build"", ""docs""]","[""build"", ""docs""]",1.263083507772535,"[""0f38960851ac0fd159727d5dffb36f50268eec18"", ""a4290c7be832aaac894f9b4e69837f0eb13d9287""]",1.0,1.0,1.0,True,0.0,12288,False,2
"[""ci""]","[""ci"", ""fix""]",0.9995377850718796,"[""0984951701c34c08392b87082824dcebc379b4e7"", ""2b1ad9d10fc5685ec75f362a73229569f03344ca""]",1.0,0.5,0.6666666666666666,False,0.1428571428571428,12288,False,2
"[""feat"", ""fix"", ""refactor"", ""docs"", ""test"", ""ci"", ""build""]","[""build"", ""docs""]",1.7291410532779992,"[""b0866f62417f56bdd5a46e8f14278af79efc4d76"", ""fc9af4d0b93d69be4e201ffb18da04324e8a4a87""]",0.2857142857142857,1.0,0.4444444444444445,False,0.7142857142857143,12288,False,2
"[""feat"", ""test"", ""refactor""]","[""feat"", ""test""]",1.5477090650238097,"[""3730075261bc81df68f9d10f12a2d6bbffd8493c"", ""076b9f5efc109b481074a81957e24ce9f4a69f08""]",0.6666666666666666,1.0,0.8,False,0.1428571428571428,12288,False,2
"[""refactor"", ""fix"", ""test""]","[""fix"", ""refactor""]",3.900886695832014,"[""0d43299ccee2b2e018fae24896c45d8d8be66bc6"", ""536872b735334929f25bf70d052e739166355160""]",0.6666666666666666,1.0,0.8,False,0.1428571428571428,12288,False,2
"[""feat"", ""refactor"", ""test"", ""docs""]","[""feat"", ""refactor""]",2.5803647730499506,"[""a51716d5ac3f7aabe1428a5a6d79c6b863463ff6"", ""3a86f49b725c0f66b5f04f80547042636135b49c""]",0.5,1.0,0.6666666666666666,False,0.2857142857142857,12288,False,2
"[""refactor""]","[""build"", ""fix""]",0.9570291759446264,"[""f46c6c6c26a14312aa05a77ff2a14aebd74e13ac"", ""3f71e37ef9bfdbc0aea89863ae3d75c0c7e4a53d""]",0.0,0.0,0.0,False,0.4285714285714285,12288,False,2
"[""ci"", ""build"", ""refactor""]","[""ci"", ""test""]",1.1896182340569794,"[""be44bbdeb52c6025e81c99528ed7b0d932c5be18"", ""076b9f5efc109b481074a81957e24ce9f4a69f08""]",0.3333333333333333,0.5,0.4,False,0.4285714285714285,12288,False,2
"[""docs"", ""test""]","[""docs"", ""test""]",2.4121576049365103,"[""eb51316cdfdc7258d287ba13b67ef2f42bd2b8f6"", ""625cbbca0d92b8756eac6fcacc795d90527d8975""]",1.0,1.0,1.0,True,0.0,12288,False,2
"[""feat"", ""fix"", ""refactor"", ""docs"", ""test"", ""ci"", ""build""]","[""fix"", ""refactor""]",3.796533892862499,"[""f2ac6e30644848f0c5c36057d1f55551fb70952f"", ""4be836f5655fb5356fde5ddd7437125f8574705d""]",0.2857142857142857,1.0,0.4444444444444445,False,0.7142857142857143,12288,False,2
"[""docs"", ""feat""]","[""docs"", ""feat""]",3.064496112987399,"[""cb1f48b56ae0de93acb72e48726c7d610a1d538e"", ""bea32587586ca08f390c901a95e9b9c25263f4df""]",1.0,1.0,1.0,True,0.0,12288,False,2
"[""build"", ""test"", ""ci""]","[""build"", ""ci""]",1.2395494496449828,"[""454003841aabeb74396d73541378bfa59c75b5db"", ""bda1822851d9be04f0d39f2213d1e2066eb115c8""]",0.6666666666666666,1.0,0.8,False,0.1428571428571428,12288,False,2
"[""docs"", ""refactor""]","[""docs"", ""test""]",1.0066815819591284,"[""16124286236edf03a6199720ba1629a35e3fe1aa"", ""076b9f5efc109b481074a81957e24ce9f4a69f08""]",0.5,0.5,0.5,False,0.2857142857142857,12288,False,2
"[""build"", ""test"", ""refactor""]","[""build"", ""refactor""]",1.6999709038063884,"[""ecc481f9f501aa34b41e06e7bbdde6e79f8ca1bb"", ""5748ff57ebafe94c4979eafa790d9a84812ca440""]",0.6666666666666666,1.0,0.8,False,0.1428571428571428,12288,False,2
"[""feat""]","[""feat"", ""fix""]",1.133015080820769,"[""73211952964a79d97b434dd567e6d7d34be7feb5"", ""be2cbd9480fcbd60c3011ca57f1d761185cf52bd""]",1.0,0.5,0.6666666666666666,False,0.1428571428571428,12288,False,2
"[""ci"", ""test""]","[""ci"", ""test""]",1.0715087843127549,"[""db2dbc13d7da2ae85cd3206d330be8ed0ebe1b2c"", ""6c7398993bc567ec84e4573b6ededbf50b1ef606""]",1.0,1.0,1.0,True,0.0,12288,False,2
"[""build"", ""refactor""]","[""build"", ""fix""]",1.0969333411194384,"[""4ab28fc2e63e975a0c77e18ae644f34fa5f8771a"", ""b131f5d67076b97b3186c820760df839bf796ad5""]",0.5,0.5,0.5,False,0.2857142857142857,12288,False,2
"[""feat""]","[""feat"", ""refactor""]",2.6469338010065258,"[""73211952964a79d97b434dd567e6d7d34be7feb5"", ""78971fd68d7dc5c8e6811b4520cdc54e4188f733""]",1.0,0.5,0.6666666666666666,False,0.1428571428571428,12288,False,2
"[""ci"", ""docs""]","[""ci"", ""docs""]",0.7987201856449246,"[""6f5b1103c0893d13b42f1f7c6504c9c339840be3"", ""9849430b11b92ae58d94cfe4d0b06313c7eab550""]",1.0,1.0,1.0,True,0.0,12288,False,2
"[""docs"", ""feat""]","[""docs"", ""feat""]",1.1024892190471292,"[""26994fb090d4ed0daf9b8ba960b4690fac08e340"", ""15b8e4bc9349ce017f65e10b95cae48b0aa11828""]",1.0,1.0,1.0,True,0.0,12288,False,2
"[""build""]","[""build"", ""fix""]",0.7542066150344908,"[""2d4d735d94386f5045e3b3abc022c2edcdfaef8f"", ""eb9f7b24364e86d7bcf50bb23b62c743cf5526f6""]",1.0,0.5,0.6666666666666666,False,0.1428571428571428,12288,False,2
"[""ci"", ""test"", ""build""]","[""ci"", ""test""]",1.2347129019908607,"[""14f535655d39847a85d0193559c9c0010357ba77"", ""6c7398993bc567ec84e4573b6ededbf50b1ef606""]",0.6666666666666666,1.0,0.8,False,0.1428571428571428,12288,False,2
"[""refactor""]","[""fix"", ""refactor""]",0.819319951813668,"[""b131f5d67076b97b3186c820760df839bf796ad5"", ""2900e67189ec09a35fa61f3f17d386f4eb23f9bd""]",1.0,0.5,0.6666666666666666,False,0.1428571428571428,12288,False,2
"[""ci"", ""test"", ""refactor""]","[""ci"", ""test""]",0.9943347992375492,"[""b7b9c23698e7238eda26a1135018625181badd82"", ""1f663cbe4b4a9e7a0ae89c05f824335f2a0857fd""]",0.6666666666666666,1.0,0.8,False,0.1428571428571428,12288,False,2
"[""docs"", ""refactor"", ""test""]","[""docs"", ""refactor""]",2.111983829177916,"[""e9358fb4955396bfc3340418c77cbce4fa6123ee"", ""cc9df62b0b41e84da275cf6ddcb06126628713b7""]",0.6666666666666666,1.0,0.8,False,0.1428571428571428,12288,False,2
"[""feat"", ""ci""]","[""build"", ""feat""]",1.802352571859956,"[""88129ee45b1d49bc4ff887f3b488464cc7097e29"", ""b7191a24b71cce2b7260d60de26ac8161546110e""]",0.5,0.5,0.5,False,0.2857142857142857,12288,False,2
"[""feat"", ""build""]","[""build"", ""feat""]",1.327305787242949,"[""b7e38fb62aa6e8a30d72dec063b1adccd089d0aa"", ""73211952964a79d97b434dd567e6d7d34be7feb5""]",1.0,1.0,1.0,True,0.0,12288,False,2
"[""feat"", ""fix"", ""refactor"", ""docs"", ""test"", ""ci"", ""build""]","[""refactor"", ""test""]",2.086279903072864,"[""7e84797900f1b6f61e16d8a4766b8209673a7acb"", ""8ee0611fbf0cd89abe7ae588f22e6ecb843598ea""]",0.2857142857142857,1.0,0.4444444444444445,False,0.7142857142857143,12288,False,2
"[""ci"", ""refactor""]","[""ci"", ""fix""]",1.0091966530308127,"[""b7b9c23698e7238eda26a1135018625181badd82"", ""c4d9e5023fa0f88ba283b37da27677ceda1cbfbb""]",0.5,0.5,0.5,False,0.2857142857142857,12288,False,2
"[""feat"", ""docs"", ""test""]","[""docs"", ""test""]",1.4353980468586087,"[""af82c2c910c9b5d3dd68de30c59a9e169a8934a5"", ""6c7398993bc567ec84e4573b6ededbf50b1ef606""]",0.6666666666666666,1.0,0.8,False,0.1428571428571428,12288,False,2
"[""ci"", ""refactor""]","[""ci"", ""refactor""]",0.8249937160871923,"[""b7b9c23698e7238eda26a1135018625181badd82"", ""879edb6ed90f88b9ae6a3c2e8878ae1be48e0c88""]",1.0,1.0,1.0,True,0.0,12288,False,2
"[""build"", ""docs""]","[""build"", ""docs""]",0.8025169079191983,"[""0f38960851ac0fd159727d5dffb36f50268eec18"", ""e0177c25e13812306aab0b0991562d58b6d14767""]",1.0,1.0,1.0,True,0.0,12288,False,2
"[""ci"", ""build"", ""feat"", ""fix""]","[""feat"", ""fix""]",1.7718190923333168,"[""ebaa20ea3f02e25f78c52cae208017a898cb6c13"", ""f9f309d1f4ef1917a89e867e6ba4c3f8d5b24d48""]",0.5,1.0,0.6666666666666666,False,0.2857142857142857,12288,False,2
"[""docs"", ""refactor"", ""build""]","[""docs"", ""fix""]",1.1668702708557248,"[""b8a664c1b10f4e30a3e221a14211a3cdaf90b7f4"", ""ccd1946a375e2ac10c3c591b04a435c4bc5170c2""]",0.3333333333333333,0.5,0.4,False,0.4285714285714285,12288,False,2
"[""feat"", ""test"", ""build""]","[""feat"", ""test""]",3.701498543843627,"[""1f15f71e415ba49b21684c7a3a51c8e3faaa7cf3"", ""f87659953e9af59bc7cb314a22dd076d988ef607""]",0.6666666666666666,1.0,0.8,False,0.1428571428571428,12288,False,2
"[""build"", ""ci""]","[""build"", ""ci""]",0.9073601081036032,"[""b7e38fb62aa6e8a30d72dec063b1adccd089d0aa"", ""6f5b1103c0893d13b42f1f7c6504c9c339840be3""]",1.0,1.0,1.0,True,0.0,12288,False,2
"[""refactor"", ""test"", ""docs""]","[""docs"", ""refactor""]",3.275663988199085,"[""0105a4ee47706d9b3aa8f22d0a75585a498731ec"", ""6ed4690834161e1d250dfb0b46cd05bf07c1bb39""]",0.6666666666666666,1.0,0.8,False,0.1428571428571428,12288,False,2
"[""ci"", ""build"", ""fix""]","[""ci"", ""fix""]",1.1504554999992251,"[""db55dae208e4807898e6c747cefdf9bfcb4fd08c"", ""c4d9e5023fa0f88ba283b37da27677ceda1cbfbb""]",0.6666666666666666,1.0,0.8,False,0.1428571428571428,12288,False,2
"[""build"", ""test""]","[""build"", ""test""]",2.9887857707217336,"[""ecc481f9f501aa34b41e06e7bbdde6e79f8ca1bb"", ""3c04162664b130c9486cba54afc16b6e57c779d1""]",1.0,1.0,1.0,True,0.0,12288,False,2
"[""feat"", ""fix"", ""refactor"", ""docs"", ""test"", ""ci"", ""build""]","[""feat"", ""refactor""]",2.2050451119430363,"[""8b9176b44bb01a1eef497a403b0304bc389c9aee"", ""5748ff57ebafe94c4979eafa790d9a84812ca440""]",0.2857142857142857,1.0,0.4444444444444445,False,0.7142857142857143,12288,False,2
"[""feat"", ""refactor"", ""build""]","[""build"", ""feat""]",3.0820713751018047,"[""f46c6c6c26a14312aa05a77ff2a14aebd74e13ac"", ""d82c76e667c01567382e3ebeb13125c5d0064324""]",0.6666666666666666,1.0,0.8,False,0.1428571428571428,12288,False,2
"[""refactor""]","[""refactor"", ""test""]",2.464644264895469,"[""211de26da358601056dd922d63f832433d7a693b"", ""1f663cbe4b4a9e7a0ae89c05f824335f2a0857fd""]",1.0,0.5,0.6666666666666666,False,0.1428571428571428,12288,False,2
"[""ci"", ""docs""]","[""ci"", ""docs""]",0.9649446117691696,"[""8d2e23bde626eaed6e5b13384cc7ac38bab5ea66"", ""036a0ff49a7dade0e04c9c07071a1ff49133ee24""]",1.0,1.0,1.0,True,0.0,12288,False,2
"[""docs"", ""refactor""]","[""docs"", ""fix""]",2.4274250380694866,"[""01e536c6eb273f533ac7bb1a51c4954128de2c63"", ""6849b9066f5d95b9e54c67046cfa136cf0d88b27""]",0.5,0.5,0.5,False,0.2857142857142857,12288,False,2
"[""fix"", ""test""]","[""fix"", ""test""]",1.6381633877754211,"[""3e85aa17418f6fd2e6e32f9e55fdf7a9d8fcea9d"", ""f87659953e9af59bc7cb314a22dd076d988ef607""]",1.0,1.0,1.0,True,0.0,12288,False,2
"[""docs"", ""build"", ""ci"", ""refactor""]","[""build"", ""ci""]",1.3274026699364183,"[""4542d9973a848a2bd4f9baf12992efe7d7a69f2c"", ""b7b9c23698e7238eda26a1135018625181badd82""]",0.5,1.0,0.6666666666666666,False,0.2857142857142857,12288,False,2
"[""feat"", ""refactor"", ""test""]","[""feat"", ""refactor""]",2.0268528908491135,"[""9025fe7e99ae76c1426be68dc80f09e235631a80"", ""3f173b8b7ce54371db277879673b3202edeb2d93""]",0.6666666666666666,1.0,0.8,False,0.1428571428571428,12288,False,2
"[""feat"", ""build""]","[""build"", ""feat"", ""refactor""]",2.339016468729824,"[""37b1cbfd3d2c462ef4f2a131e4172c38dc8d9ddf"", ""542f0cad5337de15428f0b6567ce4efd20a19a48"", ""7adece9931eaef6aaf603b5567829bbdcb28f2d1""]",1.0,0.6666666666666666,0.8,False,0.1428571428571428,12288,False,3
"[""ci"", ""docs"", ""test""]","[""ci"", ""docs"", ""test""]",2.1828570747748017,"[""6f5b1103c0893d13b42f1f7c6504c9c339840be3"", ""eb51316cdfdc7258d287ba13b67ef2f42bd2b8f6"", ""625cbbca0d92b8756eac6fcacc795d90527d8975""]",1.0,1.0,1.0,True,0.0,12288,False,3
"[""feat"", ""test"", ""build""]","[""feat"", ""fix"", ""test""]",1.6172430966980755,"[""3730075261bc81df68f9d10f12a2d6bbffd8493c"", ""ccd1946a375e2ac10c3c591b04a435c4bc5170c2"", ""076b9f5efc109b481074a81957e24ce9f4a69f08""]",0.6666666666666666,0.6666666666666666,0.6666666666666666,False,0.2857142857142857,12288,False,3
"[""ci"", ""build"", ""refactor"", ""docs""]","[""build"", ""ci"", ""fix""]",1.5820756531320512,"[""4542d9973a848a2bd4f9baf12992efe7d7a69f2c"", ""b7b9c23698e7238eda26a1135018625181badd82"", ""73b8948ea1d49e05ae8c63b17926eda4cb04e9bb""]",0.5,0.6666666666666666,0.5714285714285715,False,0.4285714285714285,12288,False,3
"[""ci"", ""build"", ""refactor"", ""docs""]","[""ci"", ""docs"", ""refactor""]",1.66791880922392,"[""14f535655d39847a85d0193559c9c0010357ba77"", ""7f611e4208d0cc36c635eb0641a4b3258999ae8d"", ""d55088c612b1108ef566ec47e40fb8d1050f7451""]",0.75,1.0,0.8571428571428571,False,0.1428571428571428,12288,False,3
"[""feat"", ""fix"", ""refactor"", ""docs"", ""test"", ""ci"", ""build""]","[""docs"", ""fix"", ""refactor""]",2.7817749911919236,"[""e9358fb4955396bfc3340418c77cbce4fa6123ee"", ""d5d3753c221e5164874ee99f1c6959f03fce0725"", ""7292fc7d387d83379aedf93558451bfa254acb6f""]",0.4285714285714285,1.0,0.6,False,0.5714285714285714,12288,False,3
"[""build"", ""feat"", ""test""]","[""build"", ""feat"", ""test""]",2.579554619733244,"[""afafb9a32b164df33754a36547ee134b8fbe374a"", ""293f301a4bb248799c467d1fef413ed3909f47a4"", ""24a815b90437dbd962b5ff449f0b5146df835545""]",1.0,1.0,1.0,True,0.0,12288,False,3
"[""ci"", ""build"", ""refactor""]","[""ci"", ""fix"", ""refactor""]",1.4475075150839984,"[""be44bbdeb52c6025e81c99528ed7b0d932c5be18"", ""ccd1946a375e2ac10c3c591b04a435c4bc5170c2"", ""0e4ede620dd9a2cdc13ab9cc6da05577b39fddb8""]",0.6666666666666666,0.6666666666666666,0.6666666666666666,False,0.2857142857142857,12288,False,3
"[""feat"", ""docs"", ""build""]","[""build"", ""docs"", ""feat""]",2.650624598842114,"[""b7e38fb62aa6e8a30d72dec063b1adccd089d0aa"", ""eb51316cdfdc7258d287ba13b67ef2f42bd2b8f6"", ""73211952964a79d97b434dd567e6d7d34be7feb5""]",1.0,1.0,1.0,True,0.0,12288,False,3
"[""docs"", ""build"", ""fix"", ""test""]","[""build"", ""fix"", ""test""]",1.537835193797946,"[""4542d9973a848a2bd4f9baf12992efe7d7a69f2c"", ""73b8948ea1d49e05ae8c63b17926eda4cb04e9bb"", ""1f663cbe4b4a9e7a0ae89c05f824335f2a0857fd""]",0.75,1.0,0.8571428571428571,False,0.1428571428571428,12288,False,3
"[""ci"", ""refactor"", ""test""]","[""ci"", ""refactor"", ""test""]",1.479560345876962,"[""bda1822851d9be04f0d39f2213d1e2066eb115c8"", ""b98a8fed0b67b99ef4f8373aea904f847315e468"", ""b7e2330fa3a8d7b8a9bff01b707c44e64b845c7b""]",1.0,1.0,1.0,True,0.0,12288,False,3
"[""feat"", ""fix"", ""refactor"", ""docs"", ""test"", ""ci"", ""build""]","[""docs"", ""feat"", ""test""]",3.92247246671468,"[""fd849bd08363df60dbc8b9b6d55bac4f5ace88f4"", ""b7191a24b71cce2b7260d60de26ac8161546110e"", ""11ffd5174bd61a2939ae58d2b2d43284302ae490""]",0.4285714285714285,1.0,0.6,False,0.5714285714285714,12288,False,3
"[""ci"", ""docs"", ""refactor""]","[""ci"", ""docs"", ""refactor""]",1.5133941299282014,"[""be44bbdeb52c6025e81c99528ed7b0d932c5be18"", ""16124286236edf03a6199720ba1629a35e3fe1aa"", ""0e4ede620dd9a2cdc13ab9cc6da05577b39fddb8""]",1.0,1.0,1.0,True,0.0,12288,False,3
"[""build"", ""feat"", ""refactor""]","[""build"", ""feat"", ""fix""]",1.8224199279211464,"[""ecc481f9f501aa34b41e06e7bbdde6e79f8ca1bb"", ""8b9176b44bb01a1eef497a403b0304bc389c9aee"", ""cc6408b88246f20c62884a5892a6276baf7c3920""]",0.6666666666666666,0.6666666666666666,0.6666666666666666,False,0.2857142857142857,12288,False,3
"[""docs"", ""refactor"", ""test""]","[""docs"", ""fix"", ""test""]",1.3267644811421633,"[""12257ce53f94dc902df4ba087de90f52d2840ad4"", ""2b1ad9d10fc5685ec75f362a73229569f03344ca"", ""6c7398993bc567ec84e4573b6ededbf50b1ef606""]",0.6666666666666666,0.6666666666666666,0.6666666666666666,False,0.2857142857142857,12288,False,3
"[""build"", ""ci"", ""docs"", ""refactor"", ""test""]","[""build"", ""ci"", ""refactor""]",1.8639945201575756,"[""b7e38fb62aa6e8a30d72dec063b1adccd089d0aa"", ""6f5b1103c0893d13b42f1f7c6504c9c339840be3"", ""3550066c886bf253df376f303a60ed475ac42aaa""]",0.6,1.0,0.7499999999999999,False,0.2857142857142857,12288,False,3
"[""feat"", ""refactor"", ""build""]","[""build"", ""feat"", ""refactor""]",2.5802602148614824,"[""b7e38fb62aa6e8a30d72dec063b1adccd089d0aa"", ""73211952964a79d97b434dd567e6d7d34be7feb5"", ""8da0303bc02db5fe047cfc0631a9da41d9dc60f7""]",1.0,1.0,1.0,True,0.0,12288,False,3
"[""feat"", ""test"", ""build"", ""docs"", ""refactor""]","[""ci"", ""feat"", ""test""]",2.969240373931825,"[""bda1822851d9be04f0d39f2213d1e2066eb115c8"", ""988dda23984894cea097d64646196e8d6196d6b6"", ""90a48c74f6faa0829d3809f739a42c0133e63ae0""]",0.4,0.6666666666666666,0.5,False,0.5714285714285714,12288,False,3
"[""build"", ""docs"", ""fix""]","[""build"", ""docs"", ""fix""]",1.238772883079946,"[""ecc481f9f501aa34b41e06e7bbdde6e79f8ca1bb"", ""144388439d64e049cbed4e37659e819856d6987f"", ""45b386aa3f06bce06f5e03fbde0aa52c4051c8bc""]",1.0,1.0,1.0,True,0.0,12288,False,3
"[""docs"", ""fix"", ""test""]","[""docs"", ""fix"", ""test""]",2.1803180780261755,"[""af5ec2005504bbd836a54bfb2df0b7f6cf15f314"", ""f9f309d1f4ef1917a89e867e6ba4c3f8d5b24d48"", ""3c812f916e06a53b899e9e3dd79760b475fa4b87""]",1.0,1.0,1.0,True,0.0,12288,False,3
"[""ci"", ""test"", ""feat"", ""refactor""]","[""ci"", ""feat"", ""refactor""]",2.011168333236128,"[""be44bbdeb52c6025e81c99528ed7b0d932c5be18"", ""3730075261bc81df68f9d10f12a2d6bbffd8493c"", ""0e4ede620dd9a2cdc13ab9cc6da05577b39fddb8""]",0.75,1.0,0.8571428571428571,False,0.1428571428571428,12288,False,3
"[""build"", ""docs"", ""refactor""]","[""build"", ""docs"", ""fix""]",1.861667457036674,"[""ecc481f9f501aa34b41e06e7bbdde6e79f8ca1bb"", ""ee7cc5d5a940fba774e715b1f029c6361110b108"", ""cc6408b88246f20c62884a5892a6276baf7c3920""]",0.6666666666666666,0.6666666666666666,0.6666666666666666,False,0.2857142857142857,12288,False,3
"[""feat"", ""fix"", ""refactor"", ""docs"", ""test"", ""ci"", ""build""]","[""feat"", ""refactor"", ""test""]",1.9482139251194897,"[""a84d6715a4df12cc0ee9aa6f2596ce3b04353958"", ""e8a8edadc5c25d6410462b89a48e0602e0cbbc7f"", ""e77f6751182595fe08940d67e11a90416c8dd6fd""]",0.4285714285714285,1.0,0.6,False,0.5714285714285714,12288,False,3
"[""feat"", ""docs"", ""ci""]","[""ci"", ""docs"", ""feat""]",2.481168662197888,"[""200aca9f3d1253e4e28e79464da19b701aba777e"", ""2fdecc045fdb509832a758e45412c115fa03e8e8"", ""8a954673531d6935f5517535b9068639ed5cff0d""]",1.0,1.0,1.0,True,0.0,12288,False,3
"[""ci"", ""test"", ""refactor""]","[""ci"", ""fix"", ""test""]",1.2562213828787208,"[""e7ecc8763152ed6f89dbf4a6f313c276549eb0b7"", ""2b1ad9d10fc5685ec75f362a73229569f03344ca"", ""6c7398993bc567ec84e4573b6ededbf50b1ef606""]",0.6666666666666666,0.6666666666666666,0.6666666666666666,False,0.2857142857142857,12288,False,3
"[""build"", ""ci"", ""refactor""]","[""build"", ""ci"", ""refactor""]",1.4889121260493994,"[""45bbdaba1490a3216decb2c1a88b8f7041a3d505"", ""be44bbdeb52c6025e81c99528ed7b0d932c5be18"", ""0e4ede620dd9a2cdc13ab9cc6da05577b39fddb8""]",1.0,1.0,1.0,True,0.0,12288,False,3
"[""build"", ""test""]","[""build"", ""fix"", ""refactor""]",1.0130937891080976,"[""37b1cbfd3d2c462ef4f2a131e4172c38dc8d9ddf"", ""9db124c65f291a1524ed2e7db1c04a7020eaed80"", ""e2b7c0ea44b9c958f66d0cbd59fec597008f4793""]",0.5,0.3333333333333333,0.4,False,0.4285714285714285,12288,False,3
"[""docs"", ""ci"", ""build"", ""test""]","[""docs"", ""feat"", ""test""]",1.824056318961084,"[""6ffb9ffff014c8184f6c84a02854e348f2679636"", ""ebaa20ea3f02e25f78c52cae208017a898cb6c13"", ""3c812f916e06a53b899e9e3dd79760b475fa4b87""]",0.5,0.6666666666666666,0.5714285714285715,False,0.4285714285714285,12288,False,3
"[""ci"", ""docs"", ""refactor""]","[""ci"", ""docs"", ""fix""]",1.1898848158307374,"[""cb5634329ca9f3eaa72bb3dede79913ca8283b1b"", ""2b01808ec86fe9d8b4a93141a1b7f95e11fd6010"", ""2b1ad9d10fc5685ec75f362a73229569f03344ca""]",0.6666666666666666,0.6666666666666666,0.6666666666666666,False,0.2857142857142857,12288,False,3
"[""ci"", ""test"", ""build"", ""fix"", ""refactor""]","[""build"", ""refactor"", ""test""]",2.018223254941404,"[""e0a977b2d316e7612b5d72cb02cd7d78e75dbc55"", ""72e3eed599b3a3dd154575af344ac3e5c62dd07b"", ""e77f6751182595fe08940d67e11a90416c8dd6fd""]",0.6,1.0,0.7499999999999999,False,0.2857142857142857,12288,False,3
"[""feat"", ""test"", ""build""]","[""build"", ""feat"", ""fix""]",1.6602220069617033,"[""45bbdaba1490a3216decb2c1a88b8f7041a3d505"", ""3730075261bc81df68f9d10f12a2d6bbffd8493c"", ""ccd1946a375e2ac10c3c591b04a435c4bc5170c2""]",0.6666666666666666,0.6666666666666666,0.6666666666666666,False,0.2857142857142857,12288,False,3
"[""ci"", ""build"", ""refactor"", ""test""]","[""ci"", ""refactor"", ""test""]",1.543864690233022,"[""be44bbdeb52c6025e81c99528ed7b0d932c5be18"", ""0e4ede620dd9a2cdc13ab9cc6da05577b39fddb8"", ""076b9f5efc109b481074a81957e24ce9f4a69f08""]",0.75,1.0,0.8571428571428571,False,0.1428571428571428,12288,False,3
"[""feat""]","[""docs"", ""feat"", ""refactor""]",1.2641530078835783,"[""9849430b11b92ae58d94cfe4d0b06313c7eab550"", ""73211952964a79d97b434dd567e6d7d34be7feb5"", ""adc34a26803e2b02df0ddc0739d73cd0b6216e00""]",1.0,0.3333333333333333,0.5,False,0.2857142857142857,12288,False,3
"[""feat"", ""refactor"", ""test""]","[""docs"", ""feat"", ""fix""]",2.5550453029572964,"[""036a0ff49a7dade0e04c9c07071a1ff49133ee24"", ""4a4c7afca7e1beadd4b213214074fdb420eb0923"", ""a81bbb83d64867f08c4d1be10919ef6806a1bf51""]",0.3333333333333333,0.3333333333333333,0.3333333333333333,False,0.5714285714285714,12288,False,3
"[""build"", ""ci"", ""refactor""]","[""build"", ""ci"", ""test""]",1.3247449011541903,"[""45bbdaba1490a3216decb2c1a88b8f7041a3d505"", ""be44bbdeb52c6025e81c99528ed7b0d932c5be18"", ""076b9f5efc109b481074a81957e24ce9f4a69f08""]",0.6666666666666666,0.6666666666666666,0.6666666666666666,False,0.2857142857142857,12288,False,3
"[""ci"", ""test"", ""docs"", ""refactor""]","[""ci"", ""docs"", ""fix""]",2.219004466664046,"[""d03e345c52d1e66fe51395c701bef1c6dc3a54c0"", ""3f0ae7cf819776124d7aae792800fb9730a593a9"", ""2b1ad9d10fc5685ec75f362a73229569f03344ca""]",0.5,0.6666666666666666,0.5714285714285715,False,0.4285714285714285,12288,False,3
"[""feat"", ""build""]","[""build"", ""feat"", ""test""]",2.013999552931637,"[""37b1cbfd3d2c462ef4f2a131e4172c38dc8d9ddf"", ""542f0cad5337de15428f0b6567ce4efd20a19a48"", ""422940e3d7ef6850acda0be349865d737476dd10""]",1.0,0.6666666666666666,0.8,False,0.1428571428571428,12288,False,3
"[""feat"", ""fix"", ""refactor"", ""docs"", ""test"", ""ci"", ""build""]","[""docs"", ""feat"", ""refactor""]",3.86408111685887,"[""0105a4ee47706d9b3aa8f22d0a75585a498731ec"", ""3709e392924aba3542514ce35bd681adca39e8ac"", ""cd7e8c3d3549ea05115b3f02586eeba894d86906""]",0.4285714285714285,1.0,0.6,False,0.5714285714285714,12288,False,3
"[""test"", ""build""]","[""fix"", ""refactor"", ""test""]",1.4320805575698614,"[""974e033a3ca7484290a04201ee33856a25da0942"", ""1918d339b8e3738df83d73e1decb31b5209ee8db"", ""69a394e7ff6243457685a28911b79e47f981278c""]",0.5,0.3333333333333333,0.4,False,0.4285714285714285,12288,False,3
"[""feat"", ""fix"", ""refactor"", ""docs"", ""test"", ""ci"", ""build""]","[""build"", ""ci"", ""fix""]",2.438981293234974,"[""bfe32bf10e9b6d699f694fbd095af0b3f2e6275f"", ""bda1822851d9be04f0d39f2213d1e2066eb115c8"", ""80242b34468398e835e5b3fc5ac345dbae4bcc7e""]",0.4285714285714285,1.0,0.6,False,0.5714285714285714,12288,False,3
"[""docs"", ""feat"", ""refactor""]","[""docs"", ""feat"", ""refactor""]",2.3891454632394016,"[""01e536c6eb273f533ac7bb1a51c4954128de2c63"", ""15b8e4bc9349ce017f65e10b95cae48b0aa11828"", ""e8a8edadc5c25d6410462b89a48e0602e0cbbc7f""]",1.0,1.0,1.0,True,0.0,12288,False,3
"[""build"", ""ci"", ""test""]","[""build"", ""ci"", ""test""]",1.034101061988622,"[""b7e38fb62aa6e8a30d72dec063b1adccd089d0aa"", ""6f5b1103c0893d13b42f1f7c6504c9c339840be3"", ""625cbbca0d92b8756eac6fcacc795d90527d8975""]",1.0,1.0,1.0,True,0.0,12288,False,3
"[""feat"", ""fix"", ""refactor"", ""docs"", ""test"", ""ci"", ""build""]","[""build"", ""feat"", ""fix""]",2.2845387789420784,"[""bfe32bf10e9b6d699f694fbd095af0b3f2e6275f"", ""ecf865f2fef03093adedf065d1732b2386a0df40"", ""238ba1990ea68eb64bdfc6b31efebad2acb01ad6""]",0.4285714285714285,1.0,0.6,False,0.5714285714285714,12288,False,3
"[""docs"", ""test"", ""refactor""]","[""docs"", ""refactor"", ""test""]",2.221145481802523,"[""01e1e33f377934099a4a725fab5cd6c5ff50eaa2"", ""adc34a26803e2b02df0ddc0739d73cd0b6216e00"", ""625cbbca0d92b8756eac6fcacc795d90527d8975""]",1.0,1.0,1.0,True,0.0,12288,False,3
"[""ci"", ""docs"", ""build"", ""refactor""]","[""ci"", ""docs"", ""test""]",1.3958280920051038,"[""be44bbdeb52c6025e81c99528ed7b0d932c5be18"", ""b8a664c1b10f4e30a3e221a14211a3cdaf90b7f4"", ""076b9f5efc109b481074a81957e24ce9f4a69f08""]",0.5,0.6666666666666666,0.5714285714285715,False,0.4285714285714285,12288,False,3
"[""feat"", ""ci"", ""test"", ""build"", ""docs""]","[""build"", ""ci"", ""feat""]",1.970194190740585,"[""45bbdaba1490a3216decb2c1a88b8f7041a3d505"", ""be44bbdeb52c6025e81c99528ed7b0d932c5be18"", ""3730075261bc81df68f9d10f12a2d6bbffd8493c""]",0.6,1.0,0.7499999999999999,False,0.2857142857142857,12288,False,3
"[""fix"", ""test"", ""build"", ""refactor""]","[""fix"", ""refactor"", ""test""]",1.873166379984468,"[""238ba1990ea68eb64bdfc6b31efebad2acb01ad6"", ""d4d8bdd3a0a5cec993735abc2e8cc2feff8eae27"", ""cd2bfb9b2298e8cd91013808547b35a9c40f46f1""]",0.75,1.0,0.8571428571428571,False,0.1428571428571428,12288,False,3
"[""docs"", ""refactor"", ""build""]","[""docs"", ""fix"", ""refactor""]",1.481051311828196,"[""16124286236edf03a6199720ba1629a35e3fe1aa"", ""ccd1946a375e2ac10c3c591b04a435c4bc5170c2"", ""0e4ede620dd9a2cdc13ab9cc6da05577b39fddb8""]",0.6666666666666666,0.6666666666666666,0.6666666666666666,False,0.2857142857142857,12288,False,3
"[""feat"", ""build"", ""ci""]","[""build"", ""ci"", ""feat""]",1.4940333110280335,"[""b7e38fb62aa6e8a30d72dec063b1adccd089d0aa"", ""6f5b1103c0893d13b42f1f7c6504c9c339840be3"", ""73211952964a79d97b434dd567e6d7d34be7feb5""]",1.0,1.0,1.0,True,0.0,12288,False,3
"[""feat"", ""docs"", ""test""]","[""docs"", ""feat"", ""test""]",2.5468973950482905,"[""8dfd2af29bf784b242992ee9ec0fbc85753b063c"", ""8a954673531d6935f5517535b9068639ed5cff0d"", ""6c7398993bc567ec84e4573b6ededbf50b1ef606""]",1.0,1.0,1.0,True,0.0,12288,False,3
"[""build"", ""ci"", ""refactor""]","[""build"", ""ci"", ""fix""]",1.3402285776101053,"[""45bbdaba1490a3216decb2c1a88b8f7041a3d505"", ""be44bbdeb52c6025e81c99528ed7b0d932c5be18"", ""ccd1946a375e2ac10c3c591b04a435c4bc5170c2""]",0.6666666666666666,0.6666666666666666,0.6666666666666666,False,0.2857142857142857,12288,False,3
"[""build"", ""feat""]","[""build"", ""feat"", ""refactor""]",1.051931741181761,"[""0f38960851ac0fd159727d5dffb36f50268eec18"", ""1ae8bf1195b197daa80ba6e45360f8b894364cd4"", ""336b25f3ae9da5d972304662fcdb88f4719c721d""]",1.0,0.6666666666666666,0.8,False,0.1428571428571428,12288,False,3
"[""ci"", ""docs"", ""refactor""]","[""ci"", ""docs"", ""refactor""]",3.4425062090158463,"[""6f5b1103c0893d13b42f1f7c6504c9c339840be3"", ""eb51316cdfdc7258d287ba13b67ef2f42bd2b8f6"", ""d357640fab55e5964fe83efc3c771e53aa3222fd""]",1.0,1.0,1.0,True,0.0,12288,False,3
"[""ci"", ""fix"", ""test""]","[""feat"", ""fix"", ""test""]",1.6535973097197711,"[""ebaa20ea3f02e25f78c52cae208017a898cb6c13"", ""dc50bd35462a49058c91a939fc8830ae7a9eb692"", ""3c812f916e06a53b899e9e3dd79760b475fa4b87""]",0.6666666666666666,0.6666666666666666,0.6666666666666666,False,0.2857142857142857,12288,False,3
"[""build"", ""docs"", ""fix""]","[""build"", ""docs"", ""refactor""]",1.8403834528289735,"[""0f38960851ac0fd159727d5dffb36f50268eec18"", ""dfab97842fe78fb8f217a5185fb6ec92682a53ca"", ""f85974761be11e0ecc85575bc4b6d5a02e438fd2""]",0.6666666666666666,0.6666666666666666,0.6666666666666666,False,0.2857142857142857,12288,False,3
"[""ci"", ""feat"", ""test""]","[""ci"", ""fix"", ""test""]",1.3457028972916305,"[""8d2e23bde626eaed6e5b13384cc7ac38bab5ea66"", ""f9d9f859240c6f7e78b0303ea40e46622d42bc3c"", ""cdbc37711fa9c64b2cfa767766ca55c95c1736f7""]",0.6666666666666666,0.6666666666666666,0.6666666666666666,False,0.2857142857142857,12288,False,3
"[""build"", ""fix"", ""test""]","[""build"", ""fix"", ""test""]",1.1262838449329138,"[""b7e38fb62aa6e8a30d72dec063b1adccd089d0aa"", ""be2cbd9480fcbd60c3011ca57f1d761185cf52bd"", ""625cbbca0d92b8756eac6fcacc795d90527d8975""]",1.0,1.0,1.0,True,0.0,12288,False,3
"[""feat"", ""docs"", ""test"", ""build""]","[""ci"", ""feat"", ""refactor""]",2.214985334780067,"[""bda1822851d9be04f0d39f2213d1e2066eb115c8"", ""9114362b39f5194209cd0b330af7076333f3db77"", ""fba4326c72fc22d81aba6976a9fef1e4b6154fd9""]",0.25,0.3333333333333333,0.2857142857142857,False,0.7142857142857143,12288,False,3
"[""ci"", ""docs"", ""feat"", ""refactor""]","[""ci"", ""docs"", ""feat""]",2.495218168012798,"[""8d2e23bde626eaed6e5b13384cc7ac38bab5ea66"", ""527e0abd0f88cb3ae2dc1a6ec7a62c241250444d"", ""bbb6ee10de824f2e3259576ac01768640c884279""]",0.75,1.0,0.8571428571428571,False,0.1428571428571428,12288,False,3
"[""feat"", ""fix"", ""refactor"", ""docs"", ""test"", ""ci"", ""build""]","[""docs"", ""refactor"", ""test""]",2.710807525087148,"[""e9358fb4955396bfc3340418c77cbce4fa6123ee"", ""eb8a8d3fc493ff8a20b19c9efac8f112ae9f5762"", ""4464cf5e89d5e570c20267d09fb1fa2b7ef66b93""]",0.4285714285714285,1.0,0.6,False,0.5714285714285714,12288,False,3
"[""build"", ""ci"", ""fix""]","[""build"", ""ci"", ""fix""]",1.0055107777006924,"[""b7e38fb62aa6e8a30d72dec063b1adccd089d0aa"", ""6f5b1103c0893d13b42f1f7c6504c9c339840be3"", ""be2cbd9480fcbd60c3011ca57f1d761185cf52bd""]",1.0,1.0,1.0,True,0.0,12288,False,3
"[""feat"", ""fix"", ""refactor"", ""docs"", ""test"", ""ci"", ""build""]","[""docs"", ""feat"", ""refactor""]",3.169768213760108,"[""e9358fb4955396bfc3340418c77cbce4fa6123ee"", ""3709e392924aba3542514ce35bd681adca39e8ac"", ""cd7e8c3d3549ea05115b3f02586eeba894d86906""]",0.4285714285714285,1.0,0.6,False,0.5714285714285714,12288,False,3
"[""build"", ""test""]","[""build"", ""fix"", ""test""]",1.2951919580809772,"[""4ab28fc2e63e975a0c77e18ae644f34fa5f8771a"", ""b131f5d67076b97b3186c820760df839bf796ad5"", ""2a7c6f5c0b1c966d6a5d103de1978a61c141648a""]",1.0,0.6666666666666666,0.8,False,0.1428571428571428,12288,False,3
"[""feat"", ""test"", ""docs"", ""refactor""]","[""docs"", ""feat"", ""refactor""]",1.9595951437950136,"[""b8a664c1b10f4e30a3e221a14211a3cdaf90b7f4"", ""3730075261bc81df68f9d10f12a2d6bbffd8493c"", ""0e4ede620dd9a2cdc13ab9cc6da05577b39fddb8""]",0.75,1.0,0.8571428571428571,False,0.1428571428571428,12288,False,3
"[""ci"", ""fix"", ""test""]","[""build"", ""fix"", ""test""]",2.330854688771069,"[""37b1cbfd3d2c462ef4f2a131e4172c38dc8d9ddf"", ""c1d3b58fd20995b1b9ca4e6771e3fa375242b02d"", ""82c47c7165a28f311cd40e132a6c24f6a7c82d4b""]",0.6666666666666666,0.6666666666666666,0.6666666666666666,False,0.2857142857142857,12288,False,3
"[""feat"", ""refactor"", ""build"", ""docs""]","[""ci"", ""feat"", ""refactor""]",2.166021406650543,"[""bda1822851d9be04f0d39f2213d1e2066eb115c8"", ""9114362b39f5194209cd0b330af7076333f3db77"", ""d4d8bdd3a0a5cec993735abc2e8cc2feff8eae27""]",0.5,0.6666666666666666,0.5714285714285715,False,0.4285714285714285,12288,False,3
"[""docs"", ""refactor""]","[""build"", ""docs"", ""fix""]",1.4500335957854986,"[""2d4d735d94386f5045e3b3abc022c2edcdfaef8f"", ""cc553ae68766395e9f253379ddd7cf664d7befa1"", ""eb9f7b24364e86d7bcf50bb23b62c743cf5526f6""]",0.5,0.3333333333333333,0.4,False,0.4285714285714285,12288,False,3
"[""ci"", ""test"", ""docs""]","[""ci"", ""docs"", ""test""]",1.565198862925172,"[""87d576e936e234d0429ad753267a2760c5dfd314"", ""2fdecc045fdb509832a758e45412c115fa03e8e8"", ""6c7398993bc567ec84e4573b6ededbf50b1ef606""]",1.0,1.0,1.0,True,0.0,12288,False,3
"[""build"", ""test""]","[""build"", ""ci"", ""test""]",1.4650972518138587,"[""454003841aabeb74396d73541378bfa59c75b5db"", ""bda1822851d9be04f0d39f2213d1e2066eb115c8"", ""cd2bfb9b2298e8cd91013808547b35a9c40f46f1""]",1.0,0.6666666666666666,0.8,False,0.1428571428571428,12288,False,3
"[""feat"", ""fix"", ""refactor"", ""docs"", ""test"", ""ci"", ""build""]","[""feat"", ""fix"", ""refactor""]",3.036233824677766,"[""482442ecc1aaf981895a36c367abbd377fd93891"", ""80242b34468398e835e5b3fc5ac345dbae4bcc7e"", ""fba4326c72fc22d81aba6976a9fef1e4b6154fd9""]",0.4285714285714285,1.0,0.6,False,0.5714285714285714,12288,False,3
"[""feat"", ""fix"", ""refactor"", ""docs"", ""test"", ""ci"", ""build""]","[""build"", ""fix"", ""refactor"", ""test""]",2.0880390079692006,"[""45bbdaba1490a3216decb2c1a88b8f7041a3d505"", ""ccd1946a375e2ac10c3c591b04a435c4bc5170c2"", ""0e4ede620dd9a2cdc13ab9cc6da05577b39fddb8"", ""076b9f5efc109b481074a81957e24ce9f4a69f08""]",0.5714285714285714,1.0,0.7272727272727273,False,0.4285714285714285,12288,False,4
"[""feat"", ""docs"", ""ci"", ""refactor""]","[""ci"", ""docs"", ""feat"", ""refactor""]",2.6692958092316985,"[""6f5b1103c0893d13b42f1f7c6504c9c339840be3"", ""01e1e33f377934099a4a725fab5cd6c5ff50eaa2"", ""73211952964a79d97b434dd567e6d7d34be7feb5"", ""7d6f760a91b55967972bbd1b972307624e876805""]",1.0,1.0,1.0,True,0.0,12288,False,4
"[""build"", ""ci"", ""docs"", ""refactor"", ""test""]","[""build"", ""ci"", ""docs"", ""test""]",1.777469877153635,"[""45bbdaba1490a3216decb2c1a88b8f7041a3d505"", ""be44bbdeb52c6025e81c99528ed7b0d932c5be18"", ""16124286236edf03a6199720ba1629a35e3fe1aa"", ""076b9f5efc109b481074a81957e24ce9f4a69f08""]",0.8,1.0,0.888888888888889,False,0.1428571428571428,12288,False,4
"[""feat"", ""fix"", ""refactor"", ""docs"", ""test"", ""ci"", ""build""]","[""feat"", ""fix"", ""refactor"", ""test""]",2.897847428917885,"[""a84d6715a4df12cc0ee9aa6f2596ce3b04353958"", ""6849b9066f5d95b9e54c67046cfa136cf0d88b27"", ""3e0e30ecebaf23f0c36fa4811426f8f4e0057cfe"", ""e77f6751182595fe08940d67e11a90416c8dd6fd""]",0.5714285714285714,1.0,0.7272727272727273,False,0.4285714285714285,12288,False,4
"[""feat"", ""fix"", ""refactor"", ""docs"", ""test"", ""ci"", ""build""]","[""build"", ""ci"", ""feat"", ""fix""]",3.289724845904857,"[""b8dfd5a2f39b4768cf070aeb9d09364577c626f9"", ""bda1822851d9be04f0d39f2213d1e2066eb115c8"", ""6f0cf049caa1a7982669ee685e86621452686551"", ""80242b34468398e835e5b3fc5ac345dbae4bcc7e""]",0.5714285714285714,1.0,0.7272727272727273,False,0.4285714285714285,12288,False,4
"[""feat"", ""fix"", ""refactor"", ""docs"", ""test"", ""ci"", ""build""]","[""ci"", ""docs"", ""feat"", ""test""]",2.329558715224266,"[""be44bbdeb52c6025e81c99528ed7b0d932c5be18"", ""b8a664c1b10f4e30a3e221a14211a3cdaf90b7f4"", ""3730075261bc81df68f9d10f12a2d6bbffd8493c"", ""076b9f5efc109b481074a81957e24ce9f4a69f08""]",0.5714285714285714,1.0,0.7272727272727273,False,0.4285714285714285,12288,False,4
"[""build"", ""docs"", ""refactor""]","[""build"", ""docs"", ""fix"", ""refactor""]",2.6277630999684334,"[""1ad3f41f28d2faa5229ee88b54d673275cc31036"", ""cc553ae68766395e9f253379ddd7cf664d7befa1"", ""6849b9066f5d95b9e54c67046cfa136cf0d88b27"", ""e8a8edadc5c25d6410462b89a48e0602e0cbbc7f""]",1.0,0.75,0.8571428571428571,False,0.1428571428571428,12288,False,4
"[""build"", ""ci"", ""docs"", ""refactor""]","[""build"", ""ci"", ""docs"", ""refactor""]",2.6675111278891563,"[""b7e38fb62aa6e8a30d72dec063b1adccd089d0aa"", ""6f5b1103c0893d13b42f1f7c6504c9c339840be3"", ""01e1e33f377934099a4a725fab5cd6c5ff50eaa2"", ""86f3e3397594f8312226c5a193608a054087805c""]",1.0,1.0,1.0,True,0.0,12288,False,4
"[""feat"", ""fix"", ""refactor"", ""docs"", ""test"", ""ci"", ""build""]","[""ci"", ""feat"", ""fix"", ""test""]",2.930829246994108,"[""bda1822851d9be04f0d39f2213d1e2066eb115c8"", ""482442ecc1aaf981895a36c367abbd377fd93891"", ""238ba1990ea68eb64bdfc6b31efebad2acb01ad6"", ""b7e2330fa3a8d7b8a9bff01b707c44e64b845c7b""]",0.5714285714285714,1.0,0.7272727272727273,False,0.4285714285714285,12288,False,4
"[""feat"", ""fix"", ""refactor"", ""docs"", ""test"", ""ci"", ""build""]","[""build"", ""docs"", ""feat"", ""refactor""]",3.0391383836977184,"[""b0866f62417f56bdd5a46e8f14278af79efc4d76"", ""fc9af4d0b93d69be4e201ffb18da04324e8a4a87"", ""a84d6715a4df12cc0ee9aa6f2596ce3b04353958"", ""3e0e30ecebaf23f0c36fa4811426f8f4e0057cfe""]",0.5714285714285714,1.0,0.7272727272727273,False,0.4285714285714285,12288,False,4
"[""feat"", ""fix"", ""refactor"", ""docs"", ""test"", ""ci"", ""build""]","[""build"", ""feat"", ""fix"", ""test""]",2.8636625106446445,"[""ecc481f9f501aa34b41e06e7bbdde6e79f8ca1bb"", ""8b9176b44bb01a1eef497a403b0304bc389c9aee"", ""cc6408b88246f20c62884a5892a6276baf7c3920"", ""87427fe39d165bee2acedde8dbaa237cca3fb61e""]",0.5714285714285714,1.0,0.7272727272727273,False,0.4285714285714285,12288,False,4
"[""ci"", ""refactor"", ""test""]","[""ci"", ""fix"", ""refactor"", ""test""]",1.6907157129608097,"[""492a7ff9c3ecdc558759f09d836830e988a189d2"", ""2b1ad9d10fc5685ec75f362a73229569f03344ca"", ""d55088c612b1108ef566ec47e40fb8d1050f7451"", ""6c7398993bc567ec84e4573b6ededbf50b1ef606""]",1.0,0.75,0.8571428571428571,False,0.1428571428571428,12288,False,4
"[""ci"", ""docs"", ""refactor"", ""test""]","[""ci"", ""docs"", ""refactor"", ""test""]",1.3834687690250576,"[""200aca9f3d1253e4e28e79464da19b701aba777e"", ""7f611e4208d0cc36c635eb0641a4b3258999ae8d"", ""8f1034b79f894b4b1112a4bc1903f37f22f7f5ed"", ""6c7398993bc567ec84e4573b6ededbf50b1ef606""]",1.0,1.0,1.0,True,0.0,12288,False,4
"[""feat"", ""docs"", ""test"", ""build""]","[""build"", ""docs"", ""feat"", ""fix""]",1.7228291598148644,"[""45bbdaba1490a3216decb2c1a88b8f7041a3d505"", ""b8a664c1b10f4e30a3e221a14211a3cdaf90b7f4"", ""3730075261bc81df68f9d10f12a2d6bbffd8493c"", ""ccd1946a375e2ac10c3c591b04a435c4bc5170c2""]",0.75,0.75,0.75,False,0.2857142857142857,12288,False,4
"[""build"", ""docs"", ""fix"", ""test""]","[""build"", ""docs"", ""fix"", ""test""]",2.344864798244089,"[""ecc481f9f501aa34b41e06e7bbdde6e79f8ca1bb"", ""144388439d64e049cbed4e37659e819856d6987f"", ""45b386aa3f06bce06f5e03fbde0aa52c4051c8bc"", ""3c04162664b130c9486cba54afc16b6e57c779d1""]",1.0,1.0,1.0,True,0.0,12288,False,4
"[""feat"", ""refactor"", ""ci"", ""test""]","[""ci"", ""feat"", ""refactor"", ""test""]",2.348338765092194,"[""6f5b1103c0893d13b42f1f7c6504c9c339840be3"", ""73211952964a79d97b434dd567e6d7d34be7feb5"", ""86f3e3397594f8312226c5a193608a054087805c"", ""625cbbca0d92b8756eac6fcacc795d90527d8975""]",1.0,1.0,1.0,True,0.0,12288,False,4
"[""feat"", ""build"", ""refactor"", ""test""]","[""build"", ""docs"", ""feat"", ""refactor""]",1.69879963202402,"[""b7e38fb62aa6e8a30d72dec063b1adccd089d0aa"", ""9849430b11b92ae58d94cfe4d0b06313c7eab550"", ""73211952964a79d97b434dd567e6d7d34be7feb5"", ""adc34a26803e2b02df0ddc0739d73cd0b6216e00""]",0.75,0.75,0.75,False,0.2857142857142857,12288,False,4
"[""feat"", ""fix"", ""refactor"", ""docs"", ""test"", ""ci"", ""build""]","[""build"", ""ci"", ""fix"", ""refactor""]",2.1924966271035373,"[""bfe32bf10e9b6d699f694fbd095af0b3f2e6275f"", ""bda1822851d9be04f0d39f2213d1e2066eb115c8"", ""238ba1990ea68eb64bdfc6b31efebad2acb01ad6"", ""d4d8bdd3a0a5cec993735abc2e8cc2feff8eae27""]",0.5714285714285714,1.0,0.7272727272727273,False,0.4285714285714285,12288,False,4
"[""ci"", ""docs"", ""refactor"", ""build""]","[""ci"", ""docs"", ""fix"", ""test""]",1.4832539237104356,"[""be44bbdeb52c6025e81c99528ed7b0d932c5be18"", ""b8a664c1b10f4e30a3e221a14211a3cdaf90b7f4"", ""ccd1946a375e2ac10c3c591b04a435c4bc5170c2"", ""076b9f5efc109b481074a81957e24ce9f4a69f08""]",0.5,0.5,0.5,False,0.5714285714285714,12288,False,4
"[""feat"", ""build"", ""refactor"", ""docs""]","[""build"", ""docs"", ""feat"", ""refactor""]",2.0588214159943163,"[""b7e38fb62aa6e8a30d72dec063b1adccd089d0aa"", ""9849430b11b92ae58d94cfe4d0b06313c7eab550"", ""73211952964a79d97b434dd567e6d7d34be7feb5"", ""eafee3c5c124ce0c71fd854270cea39cc273b27c""]",1.0,1.0,1.0,True,0.0,12288,False,4
"[""feat"", ""docs"", ""test"", ""ci"", ""refactor""]","[""ci"", ""feat"", ""fix"", ""test""]",2.250248285010457,"[""492a7ff9c3ecdc558759f09d836830e988a189d2"", ""8a954673531d6935f5517535b9068639ed5cff0d"", ""2b1ad9d10fc5685ec75f362a73229569f03344ca"", ""6c7398993bc567ec84e4573b6ededbf50b1ef606""]",0.6,0.75,0.6666666666666665,False,0.4285714285714285,12288,False,4
"[""ci"", ""feat"", ""docs"", ""test""]","[""ci"", ""feat"", ""refactor"", ""test""]",2.024414728861302,"[""2e65145acb5a3d20d16203142c466da0e32729ba"", ""8a954673531d6935f5517535b9068639ed5cff0d"", ""8f1034b79f894b4b1112a4bc1903f37f22f7f5ed"", ""6c7398993bc567ec84e4573b6ededbf50b1ef606""]",0.75,0.75,0.75,False,0.2857142857142857,12288,False,4
"[""build"", ""docs"", ""fix""]","[""build"", ""docs"", ""fix"", ""refactor""]",1.9432091168127952,"[""b7e38fb62aa6e8a30d72dec063b1adccd089d0aa"", ""eb51316cdfdc7258d287ba13b67ef2f42bd2b8f6"", ""be2cbd9480fcbd60c3011ca57f1d761185cf52bd"", ""7f797e68d8f721dff9553ba0ba5616efc456ebb5""]",1.0,0.75,0.8571428571428571,False,0.1428571428571428,12288,False,4
"[""feat"", ""fix"", ""test"", ""build"", ""docs"", ""ci"", ""refactor""]","[""build"", ""ci"", ""feat"", ""test""]",2.872213779948652,"[""b8dfd5a2f39b4768cf070aeb9d09364577c626f9"", ""bda1822851d9be04f0d39f2213d1e2066eb115c8"", ""988dda23984894cea097d64646196e8d6196d6b6"", ""7c48976f943e1e9b5850967b6f2963a205476ded""]",0.5714285714285714,1.0,0.7272727272727273,False,0.4285714285714285,12288,False,4
"[""docs"", ""ci"", ""build"", ""refactor"", ""fix""]","[""docs"", ""feat"", ""fix"", ""refactor""]",2.949082822073251,"[""3a4e21c36d76b4bea8dbb365d3c3bd005a7f3f8f"", ""ebaa20ea3f02e25f78c52cae208017a898cb6c13"", ""d129eaf9125a967ac86c6c7276bbae6b4d50af36"", ""8a9a022baa15befc325f87892c6bdae25b35bc33""]",0.6,0.75,0.6666666666666665,False,0.4285714285714285,12288,False,4
"[""build"", ""ci"", ""docs"", ""refactor""]","[""build"", ""ci"", ""docs"", ""test""]",1.5403539058752358,"[""45bbdaba1490a3216decb2c1a88b8f7041a3d505"", ""be44bbdeb52c6025e81c99528ed7b0d932c5be18"", ""b8a664c1b10f4e30a3e221a14211a3cdaf90b7f4"", ""076b9f5efc109b481074a81957e24ce9f4a69f08""]",0.75,0.75,0.75,False,0.2857142857142857,12288,False,4
"[""docs"", ""build"", ""ci"", ""refactor""]","[""build"", ""ci"", ""fix"", ""refactor""]",1.7866893308237195,"[""4542d9973a848a2bd4f9baf12992efe7d7a69f2c"", ""db55dae208e4807898e6c747cefdf9bfcb4fd08c"", ""73b8948ea1d49e05ae8c63b17926eda4cb04e9bb"", ""70a00973a07520959210219fcaba2a782d76f491""]",0.75,0.75,0.75,False,0.2857142857142857,12288,False,4
"[""docs"", ""feat"", ""test""]","[""docs"", ""feat"", ""fix"", ""test""]",2.14797964412719,"[""3f0ae7cf819776124d7aae792800fb9730a593a9"", ""8a954673531d6935f5517535b9068639ed5cff0d"", ""2b1ad9d10fc5685ec75f362a73229569f03344ca"", ""6c7398993bc567ec84e4573b6ededbf50b1ef606""]",1.0,0.75,0.8571428571428571,False,0.1428571428571428,12288,False,4
"[""feat"", ""test"", ""build"", ""refactor"", ""ci""]","[""build"", ""feat"", ""fix"", ""test""]",2.093751010019332,"[""45bbdaba1490a3216decb2c1a88b8f7041a3d505"", ""3730075261bc81df68f9d10f12a2d6bbffd8493c"", ""ccd1946a375e2ac10c3c591b04a435c4bc5170c2"", ""076b9f5efc109b481074a81957e24ce9f4a69f08""]",0.6,0.75,0.6666666666666665,False,0.4285714285714285,12288,False,4
"[""feat"", ""ci"", ""docs"", ""build""]","[""ci"", ""docs"", ""feat"", ""refactor""]",2.6485616327263415,"[""bb00890fa896936d0be09cc5e5f411fb5e64aa5f"", ""af82c2c910c9b5d3dd68de30c59a9e169a8934a5"", ""8a954673531d6935f5517535b9068639ed5cff0d"", ""8f1034b79f894b4b1112a4bc1903f37f22f7f5ed""]",0.75,0.75,0.75,False,0.2857142857142857,12288,False,4
"[""feat"", ""fix"", ""refactor"", ""docs"", ""test"", ""ci"", ""build""]","[""build"", ""ci"", ""refactor"", ""test""]",2.130277552641928,"[""45bbdaba1490a3216decb2c1a88b8f7041a3d505"", ""be44bbdeb52c6025e81c99528ed7b0d932c5be18"", ""0e4ede620dd9a2cdc13ab9cc6da05577b39fddb8"", ""076b9f5efc109b481074a81957e24ce9f4a69f08""]",0.5714285714285714,1.0,0.7272727272727273,False,0.4285714285714285,12288,False,4
"[""ci"", ""docs"", ""fix"", ""test""]","[""ci"", ""docs"", ""fix"", ""test""]",2.053277752827853,"[""6f5b1103c0893d13b42f1f7c6504c9c339840be3"", ""01e1e33f377934099a4a725fab5cd6c5ff50eaa2"", ""be2cbd9480fcbd60c3011ca57f1d761185cf52bd"", ""625cbbca0d92b8756eac6fcacc795d90527d8975""]",1.0,1.0,1.0,True,0.0,12288,False,4
"[""feat"", ""fix"", ""refactor"", ""docs"", ""test"", ""ci"", ""build""]","[""build"", ""feat"", ""fix"", ""refactor""]",2.165901951026171,"[""4ab28fc2e63e975a0c77e18ae644f34fa5f8771a"", ""d61bf50f77b404e660a6e5aa9e9bc4ce415e8c18"", ""b131f5d67076b97b3186c820760df839bf796ad5"", ""905693129255e7208ca2ec63c6e07cce711047fd""]",0.5714285714285714,1.0,0.7272727272727273,False,0.4285714285714285,12288,False,4
"[""feat"", ""fix"", ""refactor"", ""docs"", ""test"", ""ci"", ""build""]","[""ci"", ""docs"", ""feat"", ""fix""]",2.334932593163103,"[""be44bbdeb52c6025e81c99528ed7b0d932c5be18"", ""b8a664c1b10f4e30a3e221a14211a3cdaf90b7f4"", ""3730075261bc81df68f9d10f12a2d6bbffd8493c"", ""ccd1946a375e2ac10c3c591b04a435c4bc5170c2""]",0.5714285714285714,1.0,0.7272727272727273,False,0.4285714285714285,12288,False,4
"[""build"", ""docs"", ""feat"", ""test""]","[""build"", ""docs"", ""refactor"", ""test""]",2.987491341773421,"[""ecc481f9f501aa34b41e06e7bbdde6e79f8ca1bb"", ""ee7cc5d5a940fba774e715b1f029c6361110b108"", ""5748ff57ebafe94c4979eafa790d9a84812ca440"", ""3c04162664b130c9486cba54afc16b6e57c779d1""]",0.75,0.75,0.75,False,0.2857142857142857,12288,False,4
"[""ci"", ""docs"", ""fix"", ""refactor"", ""test""]","[""build"", ""docs"", ""fix"", ""refactor""]",3.0026857340708375,"[""e0a977b2d316e7612b5d72cb02cd7d78e75dbc55"", ""01e536c6eb273f533ac7bb1a51c4954128de2c63"", ""6849b9066f5d95b9e54c67046cfa136cf0d88b27"", ""72e3eed599b3a3dd154575af344ac3e5c62dd07b""]",0.6,0.75,0.6666666666666665,False,0.4285714285714285,12288,False,4
"[""feat"", ""fix"", ""refactor"", ""docs"", ""test"", ""ci"", ""build""]","[""ci"", ""feat"", ""refactor"", ""test""]",2.8066043038852513,"[""bda1822851d9be04f0d39f2213d1e2066eb115c8"", ""988dda23984894cea097d64646196e8d6196d6b6"", ""d4d8bdd3a0a5cec993735abc2e8cc2feff8eae27"", ""7c48976f943e1e9b5850967b6f2963a205476ded""]",0.5714285714285714,1.0,0.7272727272727273,False,0.4285714285714285,12288,False,4
"[""feat"", ""fix"", ""refactor"", ""docs"", ""test"", ""ci"", ""build""]","[""build"", ""docs"", ""feat"", ""test""]",1.9921829160302875,"[""b0866f62417f56bdd5a46e8f14278af79efc4d76"", ""969aa32659f6918cb0eeeba6b02d6485659dbdd2"", ""a84d6715a4df12cc0ee9aa6f2596ce3b04353958"", ""e77f6751182595fe08940d67e11a90416c8dd6fd""]",0.5714285714285714,1.0,0.7272727272727273,False,0.4285714285714285,12288,False,4
"[""feat"", ""build"", ""ci""]","[""build"", ""ci"", ""feat"", ""fix""]",1.5337420930154622,"[""b7e38fb62aa6e8a30d72dec063b1adccd089d0aa"", ""6f5b1103c0893d13b42f1f7c6504c9c339840be3"", ""73211952964a79d97b434dd567e6d7d34be7feb5"", ""be2cbd9480fcbd60c3011ca57f1d761185cf52bd""]",1.0,0.75,0.8571428571428571,False,0.1428571428571428,12288,False,4
"[""docs"", ""refactor"", ""test""]","[""docs"", ""fix"", ""refactor"", ""test""]",1.60084586776793,"[""2fdecc045fdb509832a758e45412c115fa03e8e8"", ""2b1ad9d10fc5685ec75f362a73229569f03344ca"", ""d55088c612b1108ef566ec47e40fb8d1050f7451"", ""6c7398993bc567ec84e4573b6ededbf50b1ef606""]",1.0,0.75,0.8571428571428571,False,0.1428571428571428,12288,False,4
"[""ci"", ""fix"", ""test""]","[""ci"", ""fix"", ""refactor"", ""test""]",1.1461236169561744,"[""6f5b1103c0893d13b42f1f7c6504c9c339840be3"", ""be2cbd9480fcbd60c3011ca57f1d761185cf52bd"", ""7f797e68d8f721dff9553ba0ba5616efc456ebb5"", ""625cbbca0d92b8756eac6fcacc795d90527d8975""]",1.0,0.75,0.8571428571428571,False,0.1428571428571428,12288,False,4
"[""feat"", ""fix"", ""refactor"", ""docs"", ""test"", ""ci"", ""build""]","[""build"", ""ci"", ""docs"", ""feat""]",2.50233423570171,"[""45bbdaba1490a3216decb2c1a88b8f7041a3d505"", ""be44bbdeb52c6025e81c99528ed7b0d932c5be18"", ""16124286236edf03a6199720ba1629a35e3fe1aa"", ""3730075261bc81df68f9d10f12a2d6bbffd8493c""]",0.5714285714285714,1.0,0.7272727272727273,False,0.4285714285714285,12288,False,4
"[""feat"", ""fix"", ""refactor"", ""docs"", ""test"", ""ci"", ""build""]","[""feat"", ""fix"", ""refactor"", ""test""]",2.19687543110922,"[""5e09c9128f13c45d54df685b0a17dc8e3f7ff02c"", ""b131f5d67076b97b3186c820760df839bf796ad5"", ""731626ece358b9db69dceeeca91c94920b178bdd"", ""2a7c6f5c0b1c966d6a5d103de1978a61c141648a""]",0.5714285714285714,1.0,0.7272727272727273,False,0.4285714285714285,12288,False,4
"[""feat"", ""docs"", ""ci"", ""build""]","[""build"", ""ci"", ""docs"", ""feat""]",2.4914374500513077,"[""b7e38fb62aa6e8a30d72dec063b1adccd089d0aa"", ""6f5b1103c0893d13b42f1f7c6504c9c339840be3"", ""01e1e33f377934099a4a725fab5cd6c5ff50eaa2"", ""73211952964a79d97b434dd567e6d7d34be7feb5""]",1.0,1.0,1.0,True,0.0,12288,False,4
"[""ci"", ""docs"", ""test"", ""refactor""]","[""ci"", ""docs"", ""fix"", ""test""]",1.7600326077081263,"[""8fe29cdc76480adc79701e4c492ff1e87566f569"", ""8dfd2af29bf784b242992ee9ec0fbc85753b063c"", ""2b1ad9d10fc5685ec75f362a73229569f03344ca"", ""6c7398993bc567ec84e4573b6ededbf50b1ef606""]",0.75,0.75,0.75,False,0.2857142857142857,12288,False,4
"[""feat"", ""build"", ""ci"", ""docs"", ""test"", ""refactor""]","[""build"", ""ci"", ""feat"", ""refactor""]",2.7300786753185093,"[""b8dfd5a2f39b4768cf070aeb9d09364577c626f9"", ""bda1822851d9be04f0d39f2213d1e2066eb115c8"", ""6f0cf049caa1a7982669ee685e86621452686551"", ""b98a8fed0b67b99ef4f8373aea904f847315e468""]",0.6666666666666666,1.0,0.8,False,0.2857142857142857,12288,False,4
"[""build"", ""fix"", ""test""]","[""build"", ""docs"", ""fix"", ""test""]",1.0870101489126682,"[""b7e38fb62aa6e8a30d72dec063b1adccd089d0aa"", ""9849430b11b92ae58d94cfe4d0b06313c7eab550"", ""be2cbd9480fcbd60c3011ca57f1d761185cf52bd"", ""625cbbca0d92b8756eac6fcacc795d90527d8975""]",1.0,0.75,0.8571428571428571,False,0.1428571428571428,12288,False,4
"[""feat"", ""fix"", ""refactor"", ""docs"", ""test"", ""ci"", ""build""]","[""build"", ""docs"", ""refactor"", ""test""]",2.927960316184908,"[""ecc481f9f501aa34b41e06e7bbdde6e79f8ca1bb"", ""ee7cc5d5a940fba774e715b1f029c6361110b108"", ""5748ff57ebafe94c4979eafa790d9a84812ca440"", ""87427fe39d165bee2acedde8dbaa237cca3fb61e""]",0.5714285714285714,1.0,0.7272727272727273,False,0.4285714285714285,12288,False,4
"[""feat"", ""test"", ""ci"", ""refactor"", ""build""]","[""ci"", ""feat"", ""fix"", ""refactor""]",2.240560133010149,"[""be44bbdeb52c6025e81c99528ed7b0d932c5be18"", ""3730075261bc81df68f9d10f12a2d6bbffd8493c"", ""ccd1946a375e2ac10c3c591b04a435c4bc5170c2"", ""0e4ede620dd9a2cdc13ab9cc6da05577b39fddb8""]",0.6,0.75,0.6666666666666665,False,0.4285714285714285,12288,False,4
"[""ci"", ""build"", ""refactor"", ""test""]","[""ci"", ""fix"", ""refactor"", ""test""]",1.952838462777436,"[""14f535655d39847a85d0193559c9c0010357ba77"", ""2b1ad9d10fc5685ec75f362a73229569f03344ca"", ""d55088c612b1108ef566ec47e40fb8d1050f7451"", ""6c7398993bc567ec84e4573b6ededbf50b1ef606""]",0.75,0.75,0.75,False,0.2857142857142857,12288,False,4
"[""feat"", ""fix"", ""refactor"", ""docs"", ""test"", ""ci"", ""build""]","[""build"", ""docs"", ""feat"", ""test""]",2.932064632885158,"[""f46c6c6c26a14312aa05a77ff2a14aebd74e13ac"", ""fd849bd08363df60dbc8b9b6d55bac4f5ace88f4"", ""7704121d0c0bfce49f01c2b41cbc64a642cbb399"", ""11ffd5174bd61a2939ae58d2b2d43284302ae490""]",0.5714285714285714,1.0,0.7272727272727273,False,0.4285714285714285,12288,False,4
"[""feat"", ""fix"", ""build"", ""test""]","[""build"", ""ci"", ""feat"", ""fix""]",2.4612429249100387,"[""454003841aabeb74396d73541378bfa59c75b5db"", ""bda1822851d9be04f0d39f2213d1e2066eb115c8"", ""ba60e126299ad057772b5516d9ab390e770f1301"", ""238ba1990ea68eb64bdfc6b31efebad2acb01ad6""]",0.75,0.75,0.75,False,0.2857142857142857,12288,False,4
"[""feat"", ""docs"", ""test"", ""build"", ""refactor""]","[""build"", ""docs"", ""feat"", ""refactor""]",2.356491456273943,"[""45bbdaba1490a3216decb2c1a88b8f7041a3d505"", ""16124286236edf03a6199720ba1629a35e3fe1aa"", ""3730075261bc81df68f9d10f12a2d6bbffd8493c"", ""0e4ede620dd9a2cdc13ab9cc6da05577b39fddb8""]",0.8,1.0,0.888888888888889,False,0.1428571428571428,12288,False,4
"[""docs"", ""fix"", ""refactor"", ""test""]","[""docs"", ""fix"", ""refactor"", ""test""]",1.6100255493074656,"[""f58567e01509e53afff5dc6f3b59aaae18398eda"", ""f0c5ace9b5c5b7ea55da8607524d6cb68c615455"", ""8a9a022baa15befc325f87892c6bdae25b35bc33"", ""3c812f916e06a53b899e9e3dd79760b475fa4b87""]",1.0,1.0,1.0,True,0.0,12288,False,4
"[""feat"", ""fix"", ""build""]","[""build"", ""ci"", ""feat"", ""fix""]",2.264110623393208,"[""b8dfd5a2f39b4768cf070aeb9d09364577c626f9"", ""bda1822851d9be04f0d39f2213d1e2066eb115c8"", ""ba60e126299ad057772b5516d9ab390e770f1301"", ""238ba1990ea68eb64bdfc6b31efebad2acb01ad6""]",1.0,0.75,0.8571428571428571,False,0.1428571428571428,12288,False,4
"[""ci"", ""docs"", ""refactor"", ""build""]","[""ci"", ""docs"", ""refactor"", ""test""]",1.7487455010414124,"[""be44bbdeb52c6025e81c99528ed7b0d932c5be18"", ""16124286236edf03a6199720ba1629a35e3fe1aa"", ""0e4ede620dd9a2cdc13ab9cc6da05577b39fddb8"", ""076b9f5efc109b481074a81957e24ce9f4a69f08""]",0.75,0.75,0.75,False,0.2857142857142857,12288,False,4
"[""feat"", ""test"", ""build"", ""refactor""]","[""build"", ""feat"", ""fix"", ""refactor""]",2.1218997817486525,"[""45bbdaba1490a3216decb2c1a88b8f7041a3d505"", ""3730075261bc81df68f9d10f12a2d6bbffd8493c"", ""ccd1946a375e2ac10c3c591b04a435c4bc5170c2"", ""0e4ede620dd9a2cdc13ab9cc6da05577b39fddb8""]",0.75,0.75,0.75,False,0.2857142857142857,12288,False,4
"[""ci"", ""docs"", ""refactor"", ""build""]","[""ci"", ""docs"", ""fix"", ""test""]",1.5792655507102609,"[""be44bbdeb52c6025e81c99528ed7b0d932c5be18"", ""16124286236edf03a6199720ba1629a35e3fe1aa"", ""ccd1946a375e2ac10c3c591b04a435c4bc5170c2"", ""076b9f5efc109b481074a81957e24ce9f4a69f08""]",0.5,0.5,0.5,False,0.5714285714285714,12288,False,4
"[""ci"", ""feat"", ""docs"", ""test""]","[""ci"", ""feat"", ""refactor"", ""test""]",2.0244140517897904,"[""4c44543a3d9eea37e90a2316717feb01c0e0d83a"", ""8a954673531d6935f5517535b9068639ed5cff0d"", ""8f1034b79f894b4b1112a4bc1903f37f22f7f5ed"", ""6c7398993bc567ec84e4573b6ededbf50b1ef606""]",0.75,0.75,0.75,False,0.2857142857142857,12288,False,4
"[""build"", ""test"", ""refactor"", ""docs""]","[""build"", ""docs"", ""refactor"", ""test""]",1.656940106768161,"[""0f38960851ac0fd159727d5dffb36f50268eec18"", ""3ee672483790ec71c700907a6e93af4698492026"", ""f5e80f75ead760ad0810e2b8579a062ac20f5f37"", ""8ee0611fbf0cd89abe7ae588f22e6ecb843598ea""]",1.0,1.0,1.0,True,0.0,12288,False,4
"[""ci"", ""feat""]","[""ci"", ""docs"", ""feat"", ""fix""]",1.3583481241948905,"[""6f5b1103c0893d13b42f1f7c6504c9c339840be3"", ""9849430b11b92ae58d94cfe4d0b06313c7eab550"", ""73211952964a79d97b434dd567e6d7d34be7feb5"", ""be2cbd9480fcbd60c3011ca57f1d761185cf52bd""]",1.0,0.5,0.6666666666666666,False,0.2857142857142857,12288,False,4
"[""feat"", ""test"", ""ci"", ""build"", ""refactor""]","[""build"", ""ci"", ""feat"", ""test""]",1.9531185762025416,"[""45bbdaba1490a3216decb2c1a88b8f7041a3d505"", ""be44bbdeb52c6025e81c99528ed7b0d932c5be18"", ""3730075261bc81df68f9d10f12a2d6bbffd8493c"", ""076b9f5efc109b481074a81957e24ce9f4a69f08""]",0.8,1.0,0.888888888888889,False,0.1428571428571428,12288,False,4
"[""build"", ""docs"", ""refactor""]","[""build"", ""docs"", ""fix"", ""refactor""]",1.5423194458708167,"[""45bbdaba1490a3216decb2c1a88b8f7041a3d505"", ""b8a664c1b10f4e30a3e221a14211a3cdaf90b7f4"", ""ccd1946a375e2ac10c3c591b04a435c4bc5170c2"", ""0e4ede620dd9a2cdc13ab9cc6da05577b39fddb8""]",1.0,0.75,0.8571428571428571,False,0.1428571428571428,12288,False,4
"[""feat"", ""fix"", ""refactor"", ""docs"", ""test"", ""ci"", ""build""]","[""build"", ""feat"", ""fix"", ""refactor""]",2.773561551235616,"[""37b1cbfd3d2c462ef4f2a131e4172c38dc8d9ddf"", ""542f0cad5337de15428f0b6567ce4efd20a19a48"", ""ab1e60a97c6d5c688dacbd23bca40cb8f20c4ac3"", ""7adece9931eaef6aaf603b5567829bbdcb28f2d1""]",0.5714285714285714,1.0,0.7272727272727273,False,0.4285714285714285,12288,False,4
"[""ci"", ""docs"", ""test"", ""refactor""]","[""ci"", ""docs"", ""fix"", ""test""]",1.537587774917483,"[""e7ecc8763152ed6f89dbf4a6f313c276549eb0b7"", ""29ace62b722bbebf20f0ed2d3fef0910e0973a5a"", ""2b1ad9d10fc5685ec75f362a73229569f03344ca"", ""6c7398993bc567ec84e4573b6ededbf50b1ef606""]",0.75,0.75,0.75,False,0.2857142857142857,12288,False,4
"[""feat"", ""fix"", ""refactor"", ""docs"", ""test"", ""ci"", ""build""]","[""ci"", ""feat"", ""refactor"", ""test""]",2.9569380981847644,"[""6f5b1103c0893d13b42f1f7c6504c9c339840be3"", ""73211952964a79d97b434dd567e6d7d34be7feb5"", ""24760bc2613ed61c4552532907626e209c37b5e8"", ""625cbbca0d92b8756eac6fcacc795d90527d8975""]",0.5714285714285714,1.0,0.7272727272727273,False,0.4285714285714285,12288,False,4
"[""feat"", ""build"", ""test""]","[""build"", ""docs"", ""feat"", ""test""]",1.607163372915238,"[""b7e38fb62aa6e8a30d72dec063b1adccd089d0aa"", ""9849430b11b92ae58d94cfe4d0b06313c7eab550"", ""73211952964a79d97b434dd567e6d7d34be7feb5"", ""625cbbca0d92b8756eac6fcacc795d90527d8975""]",1.0,0.75,0.8571428571428571,False,0.1428571428571428,12288,False,4
"[""build"", ""ci"", ""refactor""]","[""build"", ""ci"", ""fix"", ""refactor""]",1.588244330137968,"[""45bbdaba1490a3216decb2c1a88b8f7041a3d505"", ""be44bbdeb52c6025e81c99528ed7b0d932c5be18"", ""ccd1946a375e2ac10c3c591b04a435c4bc5170c2"", ""0e4ede620dd9a2cdc13ab9cc6da05577b39fddb8""]",1.0,0.75,0.8571428571428571,False,0.1428571428571428,12288,False,4
"[""feat"", ""fix"", ""refactor"", ""docs"", ""test"", ""ci"", ""build""]","[""build"", ""docs"", ""fix"", ""refactor""]",3.0446589780040085,"[""ecc481f9f501aa34b41e06e7bbdde6e79f8ca1bb"", ""ee7cc5d5a940fba774e715b1f029c6361110b108"", ""cc6408b88246f20c62884a5892a6276baf7c3920"", ""5748ff57ebafe94c4979eafa790d9a84812ca440""]",0.5714285714285714,1.0,0.7272727272727273,False,0.4285714285714285,12288,False,4
"[""ci"", ""docs"", ""feat"", ""test""]","[""ci"", ""docs"", ""feat"", ""test""]",1.6796768619678917,"[""6f5b1103c0893d13b42f1f7c6504c9c339840be3"", ""9849430b11b92ae58d94cfe4d0b06313c7eab550"", ""73211952964a79d97b434dd567e6d7d34be7feb5"", ""625cbbca0d92b8756eac6fcacc795d90527d8975""]",1.0,1.0,1.0,True,0.0,12288,False,4
"[""feat"", ""refactor"", ""ci"", ""build""]","[""build"", ""ci"", ""feat"", ""fix"", ""refactor""]",2.094480822328478,"[""b7e38fb62aa6e8a30d72dec063b1adccd089d0aa"", ""6f5b1103c0893d13b42f1f7c6504c9c339840be3"", ""73211952964a79d97b434dd567e6d7d34be7feb5"", ""be2cbd9480fcbd60c3011ca57f1d761185cf52bd"", ""3cb4a48ebd15c20692f4f3a2a924284dc7fd5e10""]",1.0,0.8,0.888888888888889,False,0.1428571428571428,12288,False,5
"[""feat"", ""docs"", ""test"", ""build""]","[""build"", ""docs"", ""feat"", ""fix"", ""test""]",2.3236199179664254,"[""b7e38fb62aa6e8a30d72dec063b1adccd089d0aa"", ""01e1e33f377934099a4a725fab5cd6c5ff50eaa2"", ""73211952964a79d97b434dd567e6d7d34be7feb5"", ""be2cbd9480fcbd60c3011ca57f1d761185cf52bd"", ""625cbbca0d92b8756eac6fcacc795d90527d8975""]",1.0,0.8,0.888888888888889,False,0.1428571428571428,12288,False,5
"[""ci"", ""docs"", ""feat"", ""test""]","[""ci"", ""docs"", ""feat"", ""refactor"", ""test""]",2.123274839948863,"[""6f5b1103c0893d13b42f1f7c6504c9c339840be3"", ""9849430b11b92ae58d94cfe4d0b06313c7eab550"", ""73211952964a79d97b434dd567e6d7d34be7feb5"", ""6f638a53c18a66979b89220c9945ef97e49571b3"", ""625cbbca0d92b8756eac6fcacc795d90527d8975""]",1.0,0.8,0.888888888888889,False,0.1428571428571428,12288,False,5
"[""feat"", ""fix"", ""refactor"", ""docs"", ""test"", ""ci"", ""build""]","[""build"", ""docs"", ""fix"", ""refactor"", ""test""]",2.472433299291879,"[""2d4d735d94386f5045e3b3abc022c2edcdfaef8f"", ""969aa32659f6918cb0eeeba6b02d6485659dbdd2"", ""eb9f7b24364e86d7bcf50bb23b62c743cf5526f6"", ""3e0e30ecebaf23f0c36fa4811426f8f4e0057cfe"", ""e77f6751182595fe08940d67e11a90416c8dd6fd""]",0.7142857142857143,1.0,0.8333333333333333,False,0.2857142857142857,12288,False,5
"[""feat"", ""fix"", ""refactor"", ""docs"", ""test"", ""ci"", ""build""]","[""build"", ""ci"", ""docs"", ""refactor"", ""test""]",2.2917668716982007,"[""45bbdaba1490a3216decb2c1a88b8f7041a3d505"", ""be44bbdeb52c6025e81c99528ed7b0d932c5be18"", ""16124286236edf03a6199720ba1629a35e3fe1aa"", ""0e4ede620dd9a2cdc13ab9cc6da05577b39fddb8"", ""076b9f5efc109b481074a81957e24ce9f4a69f08""]",0.7142857142857143,1.0,0.8333333333333333,False,0.2857142857142857,12288,False,5
"[""feat"", ""docs"", ""ci"", ""test"", ""refactor""]","[""ci"", ""feat"", ""fix"", ""refactor"", ""test""]",2.7183590051718056,"[""bb00890fa896936d0be09cc5e5f411fb5e64aa5f"", ""8a954673531d6935f5517535b9068639ed5cff0d"", ""2b1ad9d10fc5685ec75f362a73229569f03344ca"", ""d55088c612b1108ef566ec47e40fb8d1050f7451"", ""6c7398993bc567ec84e4573b6ededbf50b1ef606""]",0.8,0.8,0.8000000000000002,False,0.2857142857142857,12288,False,5
"[""feat"", ""docs"", ""test"", ""ci"", ""build""]","[""build"", ""ci"", ""docs"", ""feat"", ""fix""]",2.0795773090794683,"[""45bbdaba1490a3216decb2c1a88b8f7041a3d505"", ""be44bbdeb52c6025e81c99528ed7b0d932c5be18"", ""16124286236edf03a6199720ba1629a35e3fe1aa"", ""3730075261bc81df68f9d10f12a2d6bbffd8493c"", ""ccd1946a375e2ac10c3c591b04a435c4bc5170c2""]",0.8,0.8,0.8000000000000002,False,0.2857142857142857,12288,False,5
"[""feat"", ""fix"", ""refactor"", ""docs"", ""test"", ""ci"", ""build""]","[""build"", ""ci"", ""feat"", ""refactor"", ""test""]",2.708255084697157,"[""45bbdaba1490a3216decb2c1a88b8f7041a3d505"", ""be44bbdeb52c6025e81c99528ed7b0d932c5be18"", ""3730075261bc81df68f9d10f12a2d6bbffd8493c"", ""0e4ede620dd9a2cdc13ab9cc6da05577b39fddb8"", ""076b9f5efc109b481074a81957e24ce9f4a69f08""]",0.7142857142857143,1.0,0.8333333333333333,False,0.2857142857142857,12288,False,5
"[""ci"", ""docs"", ""feat"", ""refactor""]","[""ci"", ""docs"", ""feat"", ""fix"", ""refactor""]",3.0455027180723846,"[""6f5b1103c0893d13b42f1f7c6504c9c339840be3"", ""eb51316cdfdc7258d287ba13b67ef2f42bd2b8f6"", ""73211952964a79d97b434dd567e6d7d34be7feb5"", ""be2cbd9480fcbd60c3011ca57f1d761185cf52bd"", ""fd53cd188555f5c3dc8bc341c5d7eb04b761a70f""]",1.0,0.8,0.888888888888889,False,0.1428571428571428,12288,False,5
"[""feat"", ""docs"", ""test"", ""build""]","[""build"", ""docs"", ""feat"", ""fix"", ""test""]",2.476885113865137,"[""b7e38fb62aa6e8a30d72dec063b1adccd089d0aa"", ""eb51316cdfdc7258d287ba13b67ef2f42bd2b8f6"", ""73211952964a79d97b434dd567e6d7d34be7feb5"", ""be2cbd9480fcbd60c3011ca57f1d761185cf52bd"", ""625cbbca0d92b8756eac6fcacc795d90527d8975""]",1.0,0.8,0.888888888888889,False,0.1428571428571428,12288,False,5
"[""build"", ""docs"", ""refactor"", ""test""]","[""build"", ""docs"", ""fix"", ""refactor"", ""test""]",1.7979217511601746,"[""45bbdaba1490a3216decb2c1a88b8f7041a3d505"", ""b8a664c1b10f4e30a3e221a14211a3cdaf90b7f4"", ""ccd1946a375e2ac10c3c591b04a435c4bc5170c2"", ""0e4ede620dd9a2cdc13ab9cc6da05577b39fddb8"", ""076b9f5efc109b481074a81957e24ce9f4a69f08""]",1.0,0.8,0.888888888888889,False,0.1428571428571428,12288,False,5
"[""feat"", ""fix"", ""refactor"", ""docs"", ""test"", ""ci"", ""build""]","[""build"", ""ci"", ""docs"", ""feat"", ""refactor""]",2.705577522981912,"[""45bbdaba1490a3216decb2c1a88b8f7041a3d505"", ""be44bbdeb52c6025e81c99528ed7b0d932c5be18"", ""b8a664c1b10f4e30a3e221a14211a3cdaf90b7f4"", ""3730075261bc81df68f9d10f12a2d6bbffd8493c"", ""0e4ede620dd9a2cdc13ab9cc6da05577b39fddb8""]",0.7142857142857143,1.0,0.8333333333333333,False,0.2857142857142857,12288,False,5
"[""feat"", ""fix"", ""refactor"", ""docs"", ""test"", ""ci"", ""build""]","[""ci"", ""feat"", ""fix"", ""refactor"", ""test""]",2.510320608969778,"[""6f5b1103c0893d13b42f1f7c6504c9c339840be3"", ""73211952964a79d97b434dd567e6d7d34be7feb5"", ""be2cbd9480fcbd60c3011ca57f1d761185cf52bd"", ""eb8d919e6f3443db279ba0c902f15d76676c02dc"", ""625cbbca0d92b8756eac6fcacc795d90527d8975""]",0.7142857142857143,1.0,0.8333333333333333,False,0.2857142857142857,12288,False,5
"[""build"", ""ci"", ""docs"", ""fix"", ""test""]","[""build"", ""ci"", ""docs"", ""fix"", ""test""]",2.1002636030316353,"[""b7e38fb62aa6e8a30d72dec063b1adccd089d0aa"", ""6f5b1103c0893d13b42f1f7c6504c9c339840be3"", ""01e1e33f377934099a4a725fab5cd6c5ff50eaa2"", ""be2cbd9480fcbd60c3011ca57f1d761185cf52bd"", ""625cbbca0d92b8756eac6fcacc795d90527d8975""]",1.0,1.0,1.0,True,0.0,12288,False,5
"[""build"", ""ci"", ""fix"", ""test""]","[""build"", ""ci"", ""docs"", ""fix"", ""test""]",1.342778731137514,"[""b7e38fb62aa6e8a30d72dec063b1adccd089d0aa"", ""6f5b1103c0893d13b42f1f7c6504c9c339840be3"", ""9849430b11b92ae58d94cfe4d0b06313c7eab550"", ""be2cbd9480fcbd60c3011ca57f1d761185cf52bd"", ""625cbbca0d92b8756eac6fcacc795d90527d8975""]",1.0,0.8,0.888888888888889,False,0.1428571428571428,12288,False,5
"[""feat"", ""fix"", ""refactor"", ""docs"", ""test"", ""ci"", ""build""]","[""build"", ""docs"", ""feat"", ""fix"", ""refactor""]",2.65814167028293,"[""45bbdaba1490a3216decb2c1a88b8f7041a3d505"", ""b8a664c1b10f4e30a3e221a14211a3cdaf90b7f4"", ""3730075261bc81df68f9d10f12a2d6bbffd8493c"", ""ccd1946a375e2ac10c3c591b04a435c4bc5170c2"", ""0e4ede620dd9a2cdc13ab9cc6da05577b39fddb8""]",0.7142857142857143,1.0,0.8333333333333333,False,0.2857142857142857,12288,False,5
"[""feat"", ""build"", ""ci"", ""test"", ""refactor""]","[""build"", ""ci"", ""feat"", ""refactor"", ""test""]",2.135657339822501,"[""b7e38fb62aa6e8a30d72dec063b1adccd089d0aa"", ""6f5b1103c0893d13b42f1f7c6504c9c339840be3"", ""73211952964a79d97b434dd567e6d7d34be7feb5"", ""816b0d49c45f6669c5aae748396e9551f2e30a96"", ""625cbbca0d92b8756eac6fcacc795d90527d8975""]",1.0,1.0,1.0,True,0.0,12288,False,5
"[""docs"", ""feat"", ""test""]","[""docs"", ""feat"", ""fix"", ""refactor"", ""test""]",1.4393253549933434,"[""fc9af4d0b93d69be4e201ffb18da04324e8a4a87"", ""15b8e4bc9349ce017f65e10b95cae48b0aa11828"", ""eb9f7b24364e86d7bcf50bb23b62c743cf5526f6"", ""72e3eed599b3a3dd154575af344ac3e5c62dd07b"", ""e77f6751182595fe08940d67e11a90416c8dd6fd""]",1.0,0.6,0.7499999999999999,False,0.2857142857142857,12288,False,5
"[""feat"", ""refactor"", ""ci"", ""test"", ""docs""]","[""ci"", ""feat"", ""fix"", ""refactor"", ""test""]",3.137085346970707,"[""87d576e936e234d0429ad753267a2760c5dfd314"", ""8a954673531d6935f5517535b9068639ed5cff0d"", ""2b1ad9d10fc5685ec75f362a73229569f03344ca"", ""d55088c612b1108ef566ec47e40fb8d1050f7451"", ""6c7398993bc567ec84e4573b6ededbf50b1ef606""]",0.8,0.8,0.8000000000000002,False,0.2857142857142857,12288,False,5
"[""feat"", ""fix"", ""refactor"", ""docs"", ""test"", ""ci"", ""build""]","[""build"", ""ci"", ""docs"", ""feat"", ""refactor""]",2.800756366923451,"[""b7e38fb62aa6e8a30d72dec063b1adccd089d0aa"", ""6f5b1103c0893d13b42f1f7c6504c9c339840be3"", ""9849430b11b92ae58d94cfe4d0b06313c7eab550"", ""73211952964a79d97b434dd567e6d7d34be7feb5"", ""3550066c886bf253df376f303a60ed475ac42aaa""]",0.7142857142857143,1.0,0.8333333333333333,False,0.2857142857142857,12288,False,5
"[""build"", ""ci"", ""docs"", ""refactor""]","[""build"", ""ci"", ""docs"", ""fix"", ""test""]",1.7459188299253583,"[""45bbdaba1490a3216decb2c1a88b8f7041a3d505"", ""be44bbdeb52c6025e81c99528ed7b0d932c5be18"", ""16124286236edf03a6199720ba1629a35e3fe1aa"", ""ccd1946a375e2ac10c3c591b04a435c4bc5170c2"", ""076b9f5efc109b481074a81957e24ce9f4a69f08""]",0.75,0.6,0.6666666666666665,False,0.4285714285714285,12288,False,5
"[""feat"", ""docs"", ""ci"", ""test""]","[""build"", ""ci"", ""docs"", ""feat"", ""test""]",2.3192769247107208,"[""b7e38fb62aa6e8a30d72dec063b1adccd089d0aa"", ""6f5b1103c0893d13b42f1f7c6504c9c339840be3"", ""01e1e33f377934099a4a725fab5cd6c5ff50eaa2"", ""73211952964a79d97b434dd567e6d7d34be7feb5"", ""625cbbca0d92b8756eac6fcacc795d90527d8975""]",1.0,0.8,0.888888888888889,False,0.1428571428571428,12288,False,5
"[""ci"", ""feat"", ""docs"", ""refactor""]","[""ci"", ""docs"", ""feat"", ""fix"", ""refactor""]",2.0944820786826313,"[""976c34b6fdc32a7f3337f98e67a7c9e4ee9e793e"", ""7f611e4208d0cc36c635eb0641a4b3258999ae8d"", ""8a954673531d6935f5517535b9068639ed5cff0d"", ""2b1ad9d10fc5685ec75f362a73229569f03344ca"", ""8f1034b79f894b4b1112a4bc1903f37f22f7f5ed""]",1.0,0.8,0.888888888888889,False,0.1428571428571428,12288,False,5
"[""feat"", ""fix"", ""refactor"", ""docs"", ""test"", ""ci"", ""build""]","[""build"", ""feat"", ""fix"", ""refactor"", ""test""]",3.5728734699077904,"[""bfe32bf10e9b6d699f694fbd095af0b3f2e6275f"", ""482442ecc1aaf981895a36c367abbd377fd93891"", ""80242b34468398e835e5b3fc5ac345dbae4bcc7e"", ""d4d8bdd3a0a5cec993735abc2e8cc2feff8eae27"", ""cd2bfb9b2298e8cd91013808547b35a9c40f46f1""]",0.7142857142857143,1.0,0.8333333333333333,False,0.2857142857142857,12288,False,5
"[""ci"", ""docs"", ""fix"", ""test""]","[""ci"", ""docs"", ""fix"", ""refactor"", ""test""]",2.4784114556387067,"[""6f5b1103c0893d13b42f1f7c6504c9c339840be3"", ""01e1e33f377934099a4a725fab5cd6c5ff50eaa2"", ""be2cbd9480fcbd60c3011ca57f1d761185cf52bd"", ""6f638a53c18a66979b89220c9945ef97e49571b3"", ""625cbbca0d92b8756eac6fcacc795d90527d8975""]",1.0,0.8,0.888888888888889,False,0.1428571428571428,12288,False,5
"[""feat"", ""refactor"", ""build"", ""ci"", ""test""]","[""build"", ""ci"", ""feat"", ""refactor"", ""test""]",2.537241802085191,"[""b7e38fb62aa6e8a30d72dec063b1adccd089d0aa"", ""6f5b1103c0893d13b42f1f7c6504c9c339840be3"", ""73211952964a79d97b434dd567e6d7d34be7feb5"", ""bc4495b32ec752b6c4b29719e831c043ef2a26ce"", ""625cbbca0d92b8756eac6fcacc795d90527d8975""]",1.0,1.0,1.0,True,0.0,12288,False,5
"[""feat"", ""docs"", ""ci"", ""build""]","[""build"", ""ci"", ""docs"", ""feat"", ""fix""]",2.3813736820593476,"[""b7e38fb62aa6e8a30d72dec063b1adccd089d0aa"", ""6f5b1103c0893d13b42f1f7c6504c9c339840be3"", ""eb51316cdfdc7258d287ba13b67ef2f42bd2b8f6"", ""73211952964a79d97b434dd567e6d7d34be7feb5"", ""be2cbd9480fcbd60c3011ca57f1d761185cf52bd""]",1.0,0.8,0.888888888888889,False,0.1428571428571428,12288,False,5
"[""build"", ""docs"", ""fix"", ""test""]","[""build"", ""docs"", ""fix"", ""refactor"", ""test""]",2.4948463179171085,"[""ecc481f9f501aa34b41e06e7bbdde6e79f8ca1bb"", ""ee7cc5d5a940fba774e715b1f029c6361110b108"", ""45b386aa3f06bce06f5e03fbde0aa52c4051c8bc"", ""5748ff57ebafe94c4979eafa790d9a84812ca440"", ""87427fe39d165bee2acedde8dbaa237cca3fb61e""]",1.0,0.8,0.888888888888889,False,0.1428571428571428,12288,False,5
"[""ci"", ""docs"", ""feat"", ""test""]","[""ci"", ""docs"", ""feat"", ""fix"", ""test""]",2.3842592812143266,"[""6f5b1103c0893d13b42f1f7c6504c9c339840be3"", ""eb51316cdfdc7258d287ba13b67ef2f42bd2b8f6"", ""73211952964a79d97b434dd567e6d7d34be7feb5"", ""be2cbd9480fcbd60c3011ca57f1d761185cf52bd"", ""625cbbca0d92b8756eac6fcacc795d90527d8975""]",1.0,0.8,0.888888888888889,False,0.1428571428571428,12288,False,5
"[""feat"", ""fix"", ""refactor"", ""docs"", ""test"", ""ci"", ""build""]","[""build"", ""docs"", ""feat"", ""fix"", ""refactor""]",3.141757789067924,"[""ecc481f9f501aa34b41e06e7bbdde6e79f8ca1bb"", ""ee7cc5d5a940fba774e715b1f029c6361110b108"", ""f9a094918b62534614c47aa8a13f33aec751a1e0"", ""cc6408b88246f20c62884a5892a6276baf7c3920"", ""5748ff57ebafe94c4979eafa790d9a84812ca440""]",0.7142857142857143,1.0,0.8333333333333333,False,0.2857142857142857,12288,False,5
"[""feat"", ""fix"", ""refactor"", ""docs"", ""test"", ""ci"", ""build""]","[""build"", ""ci"", ""feat"", ""refactor"", ""test""]",3.266472449991852,"[""b8dfd5a2f39b4768cf070aeb9d09364577c626f9"", ""bda1822851d9be04f0d39f2213d1e2066eb115c8"", ""ba60e126299ad057772b5516d9ab390e770f1301"", ""d4d8bdd3a0a5cec993735abc2e8cc2feff8eae27"", ""b7e2330fa3a8d7b8a9bff01b707c44e64b845c7b""]",0.7142857142857143,1.0,0.8333333333333333,False,0.2857142857142857,12288,False,5
"[""docs"", ""build"", ""ci"", ""fix"", ""test""]","[""build"", ""ci"", ""fix"", ""refactor"", ""test""]",1.7741991700604558,"[""4542d9973a848a2bd4f9baf12992efe7d7a69f2c"", ""db55dae208e4807898e6c747cefdf9bfcb4fd08c"", ""c4d9e5023fa0f88ba283b37da27677ceda1cbfbb"", ""f86944ff00b970d7e2da48abbff43e58bdf29b99"", ""1f663cbe4b4a9e7a0ae89c05f824335f2a0857fd""]",0.8,0.8,0.8000000000000002,False,0.2857142857142857,12288,False,5
"[""feat"", ""docs"", ""test"", ""build""]","[""build"", ""docs"", ""feat"", ""refactor"", ""test""]",1.910975422244519,"[""0f38960851ac0fd159727d5dffb36f50268eec18"", ""e0177c25e13812306aab0b0991562d58b6d14767"", ""1ae8bf1195b197daa80ba6e45360f8b894364cd4"", ""336b25f3ae9da5d972304662fcdb88f4719c721d"", ""8ee0611fbf0cd89abe7ae588f22e6ecb843598ea""]",1.0,0.8,0.888888888888889,False,0.1428571428571428,12288,False,5
"[""ci"", ""docs"", ""refactor"", ""test""]","[""ci"", ""docs"", ""feat"", ""fix"", ""test""]",2.3351611052639782,"[""8d2e23bde626eaed6e5b13384cc7ac38bab5ea66"", ""527e0abd0f88cb3ae2dc1a6ec7a62c241250444d"", ""4a4c7afca7e1beadd4b213214074fdb420eb0923"", ""a81bbb83d64867f08c4d1be10919ef6806a1bf51"", ""cdbc37711fa9c64b2cfa767766ca55c95c1736f7""]",0.75,0.6,0.6666666666666665,False,0.4285714285714285,12288,False,5
"[""build"", ""ci"", ""fix"", ""refactor""]","[""build"", ""ci"", ""docs"", ""fix"", ""refactor""]",2.0214830175973475,"[""b7e38fb62aa6e8a30d72dec063b1adccd089d0aa"", ""6f5b1103c0893d13b42f1f7c6504c9c339840be3"", ""9849430b11b92ae58d94cfe4d0b06313c7eab550"", ""be2cbd9480fcbd60c3011ca57f1d761185cf52bd"", ""03e413d7175d35827cd7d8908d47dbae15a849a3""]",1.0,0.8,0.888888888888889,False,0.1428571428571428,12288,False,5
"[""build"", ""ci"", ""docs"", ""fix"", ""refactor"", ""test""]","[""build"", ""ci"", ""docs"", ""fix"", ""refactor""]",2.815988792106509,"[""b7e38fb62aa6e8a30d72dec063b1adccd089d0aa"", ""6f5b1103c0893d13b42f1f7c6504c9c339840be3"", ""01e1e33f377934099a4a725fab5cd6c5ff50eaa2"", ""be2cbd9480fcbd60c3011ca57f1d761185cf52bd"", ""3550066c886bf253df376f303a60ed475ac42aaa""]",0.8333333333333334,1.0,0.9090909090909092,False,0.1428571428571428,12288,False,5
"[""feat"", ""build"", ""ci"", ""test""]","[""build"", ""ci"", ""feat"", ""fix"", ""test""]",1.658241922035813,"[""b7e38fb62aa6e8a30d72dec063b1adccd089d0aa"", ""6f5b1103c0893d13b42f1f7c6504c9c339840be3"", ""73211952964a79d97b434dd567e6d7d34be7feb5"", ""be2cbd9480fcbd60c3011ca57f1d761185cf52bd"", ""625cbbca0d92b8756eac6fcacc795d90527d8975""]",1.0,0.8,0.888888888888889,False,0.1428571428571428,12288,False,5
"[""feat"", ""fix"", ""refactor"", ""docs"", ""test"", ""ci"", ""build""]","[""docs"", ""feat"", ""fix"", ""refactor"", ""test""]",2.8734599398449063,"[""9849430b11b92ae58d94cfe4d0b06313c7eab550"", ""73211952964a79d97b434dd567e6d7d34be7feb5"", ""be2cbd9480fcbd60c3011ca57f1d761185cf52bd"", ""fd61615d1a7be9d13de2114a01e2d0ad63b59274"", ""625cbbca0d92b8756eac6fcacc795d90527d8975""]",0.7142857142857143,1.0,0.8333333333333333,False,0.2857142857142857,12288,False,5
"[""feat"", ""docs"", ""ci"", ""build"", ""refactor""]","[""build"", ""ci"", ""docs"", ""feat"", ""refactor""]",2.9095287481322885,"[""b7e38fb62aa6e8a30d72dec063b1adccd089d0aa"", ""6f5b1103c0893d13b42f1f7c6504c9c339840be3"", ""01e1e33f377934099a4a725fab5cd6c5ff50eaa2"", ""73211952964a79d97b434dd567e6d7d34be7feb5"", ""eafee3c5c124ce0c71fd854270cea39cc273b27c""]",1.0,1.0,1.0,True,0.0,12288,False,5
"[""feat"", ""fix"", ""refactor"", ""docs"", ""test"", ""ci"", ""build""]","[""build"", ""feat"", ""fix"", ""refactor"", ""test""]",2.914919861126691,"[""b7e38fb62aa6e8a30d72dec063b1adccd089d0aa"", ""73211952964a79d97b434dd567e6d7d34be7feb5"", ""be2cbd9480fcbd60c3011ca57f1d761185cf52bd"", ""7005cf8c47416583e3d9fa91c3bd50113155c91a"", ""625cbbca0d92b8756eac6fcacc795d90527d8975""]",0.7142857142857143,1.0,0.8333333333333333,False,0.2857142857142857,12288,False,5
"[""feat"", ""fix"", ""refactor"", ""docs"", ""test"", ""ci"", ""build""]","[""build"", ""ci"", ""docs"", ""feat"", ""test""]",2.578659907914698,"[""45bbdaba1490a3216decb2c1a88b8f7041a3d505"", ""be44bbdeb52c6025e81c99528ed7b0d932c5be18"", ""16124286236edf03a6199720ba1629a35e3fe1aa"", ""3730075261bc81df68f9d10f12a2d6bbffd8493c"", ""076b9f5efc109b481074a81957e24ce9f4a69f08""]",0.7142857142857143,1.0,0.8333333333333333,False,0.2857142857142857,12288,False,5
"[""ci"", ""docs"", ""refactor"", ""build""]","[""ci"", ""docs"", ""fix"", ""refactor"", ""test""]",1.8318367339670656,"[""be44bbdeb52c6025e81c99528ed7b0d932c5be18"", ""16124286236edf03a6199720ba1629a35e3fe1aa"", ""ccd1946a375e2ac10c3c591b04a435c4bc5170c2"", ""0e4ede620dd9a2cdc13ab9cc6da05577b39fddb8"", ""076b9f5efc109b481074a81957e24ce9f4a69f08""]",0.75,0.6,0.6666666666666665,False,0.4285714285714285,12288,False,5
"[""feat"", ""fix"", ""refactor"", ""docs"", ""test"", ""ci"", ""build""]","[""build"", ""docs"", ""feat"", ""refactor"", ""test""]",3.7184890448115766,"[""ecc481f9f501aa34b41e06e7bbdde6e79f8ca1bb"", ""144388439d64e049cbed4e37659e819856d6987f"", ""ded26d768ff432ad3bde3c0aa1e95ce50726100a"", ""5748ff57ebafe94c4979eafa790d9a84812ca440"", ""87427fe39d165bee2acedde8dbaa237cca3fb61e""]",0.7142857142857143,1.0,0.8333333333333333,False,0.2857142857142857,12288,False,5
"[""feat"", ""docs"", ""ci"", ""refactor""]","[""ci"", ""docs"", ""feat"", ""fix"", ""refactor""]",3.1322868671268225,"[""6f5b1103c0893d13b42f1f7c6504c9c339840be3"", ""eb51316cdfdc7258d287ba13b67ef2f42bd2b8f6"", ""73211952964a79d97b434dd567e6d7d34be7feb5"", ""be2cbd9480fcbd60c3011ca57f1d761185cf52bd"", ""d357640fab55e5964fe83efc3c771e53aa3222fd""]",1.0,0.8,0.888888888888889,False,0.1428571428571428,12288,False,5
"[""build"", ""ci"", ""refactor""]","[""build"", ""ci"", ""fix"", ""refactor"", ""test""]",1.6730716591700912,"[""45bbdaba1490a3216decb2c1a88b8f7041a3d505"", ""be44bbdeb52c6025e81c99528ed7b0d932c5be18"", ""ccd1946a375e2ac10c3c591b04a435c4bc5170c2"", ""0e4ede620dd9a2cdc13ab9cc6da05577b39fddb8"", ""076b9f5efc109b481074a81957e24ce9f4a69f08""]",1.0,0.6,0.7499999999999999,False,0.2857142857142857,12288,False,5
"[""feat"", ""fix"", ""refactor"", ""docs"", ""test"", ""ci"", ""build""]","[""build"", ""ci"", ""docs"", ""feat"", ""test""]",2.5031029069796205,"[""45bbdaba1490a3216decb2c1a88b8f7041a3d505"", ""be44bbdeb52c6025e81c99528ed7b0d932c5be18"", ""b8a664c1b10f4e30a3e221a14211a3cdaf90b7f4"", ""3730075261bc81df68f9d10f12a2d6bbffd8493c"", ""076b9f5efc109b481074a81957e24ce9f4a69f08""]",0.7142857142857143,1.0,0.8333333333333333,False,0.2857142857142857,12288,False,5
"[""build"", ""ci"", ""docs"", ""fix"", ""refactor""]","[""build"", ""ci"", ""docs"", ""fix"", ""refactor""]",2.0684753260575235,"[""b7e38fb62aa6e8a30d72dec063b1adccd089d0aa"", ""6f5b1103c0893d13b42f1f7c6504c9c339840be3"", ""eb51316cdfdc7258d287ba13b67ef2f42bd2b8f6"", ""be2cbd9480fcbd60c3011ca57f1d761185cf52bd"", ""190aef43fd30e693af822c176f9b686591568719""]",1.0,1.0,1.0,True,0.0,12288,False,5
"[""feat"", ""fix"", ""refactor"", ""docs"", ""test"", ""ci"", ""build""]","[""build"", ""feat"", ""fix"", ""refactor"", ""test""]",2.088012499269098,"[""b0866f62417f56bdd5a46e8f14278af79efc4d76"", ""a84d6715a4df12cc0ee9aa6f2596ce3b04353958"", ""eebee9ab0bb6d4255ad0402d8422364e96bfef61"", ""e8a8edadc5c25d6410462b89a48e0602e0cbbc7f"", ""e77f6751182595fe08940d67e11a90416c8dd6fd""]",0.7142857142857143,1.0,0.8333333333333333,False,0.2857142857142857,12288,False,5
"[""ci"", ""docs"", ""refactor"", ""feat"", ""build"", ""test""]","[""ci"", ""docs"", ""feat"", ""fix"", ""test""]",2.540360317099839,"[""8d2e23bde626eaed6e5b13384cc7ac38bab5ea66"", ""036a0ff49a7dade0e04c9c07071a1ff49133ee24"", ""bbb6ee10de824f2e3259576ac01768640c884279"", ""f9d9f859240c6f7e78b0303ea40e46622d42bc3c"", ""cdbc37711fa9c64b2cfa767766ca55c95c1736f7""]",0.6666666666666666,0.8,0.7272727272727272,False,0.4285714285714285,12288,False,5
"[""feat"", ""refactor"", ""build"", ""ci"", ""test""]","[""build"", ""ci"", ""feat"", ""refactor"", ""test""]",2.652010452002287,"[""b7e38fb62aa6e8a30d72dec063b1adccd089d0aa"", ""6f5b1103c0893d13b42f1f7c6504c9c339840be3"", ""73211952964a79d97b434dd567e6d7d34be7feb5"", ""8da0303bc02db5fe047cfc0631a9da41d9dc60f7"", ""625cbbca0d92b8756eac6fcacc795d90527d8975""]",1.0,1.0,1.0,True,0.0,12288,False,5
"[""feat"", ""build"", ""ci"", ""docs"", ""refactor""]","[""build"", ""ci"", ""docs"", ""feat"", ""fix""]",1.8925346732139587,"[""b7e38fb62aa6e8a30d72dec063b1adccd089d0aa"", ""6f5b1103c0893d13b42f1f7c6504c9c339840be3"", ""9849430b11b92ae58d94cfe4d0b06313c7eab550"", ""73211952964a79d97b434dd567e6d7d34be7feb5"", ""be2cbd9480fcbd60c3011ca57f1d761185cf52bd""]",0.8,0.8,0.8000000000000002,False,0.2857142857142857,12288,False,5
"[""ci"", ""docs"", ""refactor"", ""test""]","[""ci"", ""docs"", ""fix"", ""refactor"", ""test""]",1.6429069689475,"[""db2dbc13d7da2ae85cd3206d330be8ed0ebe1b2c"", ""12257ce53f94dc902df4ba087de90f52d2840ad4"", ""2b1ad9d10fc5685ec75f362a73229569f03344ca"", ""8f1034b79f894b4b1112a4bc1903f37f22f7f5ed"", ""6c7398993bc567ec84e4573b6ededbf50b1ef606""]",1.0,0.8,0.888888888888889,False,0.1428571428571428,12288,False,5
"[""feat"", ""docs"", ""test"", ""refactor""]","[""docs"", ""feat"", ""fix"", ""refactor"", ""test""]",2.8085957765579224,"[""eb51316cdfdc7258d287ba13b67ef2f42bd2b8f6"", ""73211952964a79d97b434dd567e6d7d34be7feb5"", ""be2cbd9480fcbd60c3011ca57f1d761185cf52bd"", ""eb8d919e6f3443db279ba0c902f15d76676c02dc"", ""625cbbca0d92b8756eac6fcacc795d90527d8975""]",1.0,0.8,0.888888888888889,False,0.1428571428571428,12288,False,5
"[""feat"", ""fix"", ""refactor"", ""docs"", ""test"", ""ci"", ""build""]","[""build"", ""ci"", ""feat"", ""fix"", ""refactor""]",3.4138050340116024,"[""454003841aabeb74396d73541378bfa59c75b5db"", ""bda1822851d9be04f0d39f2213d1e2066eb115c8"", ""9114362b39f5194209cd0b330af7076333f3db77"", ""80242b34468398e835e5b3fc5ac345dbae4bcc7e"", ""fba4326c72fc22d81aba6976a9fef1e4b6154fd9""]",0.7142857142857143,1.0,0.8333333333333333,False,0.2857142857142857,12288,False,5
"[""build"", ""docs"", ""fix"", ""test""]","[""build"", ""docs"", ""feat"", ""fix"", ""test""]",2.284949495922774,"[""ecc481f9f501aa34b41e06e7bbdde6e79f8ca1bb"", ""144388439d64e049cbed4e37659e819856d6987f"", ""8b9176b44bb01a1eef497a403b0304bc389c9aee"", ""45b386aa3f06bce06f5e03fbde0aa52c4051c8bc"", ""3c04162664b130c9486cba54afc16b6e57c779d1""]",1.0,0.8,0.888888888888889,False,0.1428571428571428,12288,False,5
"[""build"", ""ci"", ""docs"", ""refactor"", ""test""]","[""build"", ""ci"", ""docs"", ""refactor"", ""test""]",2.49994608014822,"[""b7e38fb62aa6e8a30d72dec063b1adccd089d0aa"", ""6f5b1103c0893d13b42f1f7c6504c9c339840be3"", ""01e1e33f377934099a4a725fab5cd6c5ff50eaa2"", ""3cb4a48ebd15c20692f4f3a2a924284dc7fd5e10"", ""625cbbca0d92b8756eac6fcacc795d90527d8975""]",1.0,1.0,1.0,True,0.0,12288,False,5
"[""feat"", ""fix"", ""refactor"", ""docs"", ""test"", ""ci"", ""build""]","[""build"", ""ci"", ""docs"", ""refactor"", ""test""]",2.038253404200077,"[""45bbdaba1490a3216decb2c1a88b8f7041a3d505"", ""be44bbdeb52c6025e81c99528ed7b0d932c5be18"", ""b8a664c1b10f4e30a3e221a14211a3cdaf90b7f4"", ""0e4ede620dd9a2cdc13ab9cc6da05577b39fddb8"", ""076b9f5efc109b481074a81957e24ce9f4a69f08""]",0.7142857142857143,1.0,0.8333333333333333,False,0.2857142857142857,12288,False,5
"[""feat"", ""test"", ""build"", ""refactor""]","[""build"", ""feat"", ""fix"", ""refactor"", ""test""]",2.0630253520794213,"[""45bbdaba1490a3216decb2c1a88b8f7041a3d505"", ""3730075261bc81df68f9d10f12a2d6bbffd8493c"", ""ccd1946a375e2ac10c3c591b04a435c4bc5170c2"", ""0e4ede620dd9a2cdc13ab9cc6da05577b39fddb8"", ""076b9f5efc109b481074a81957e24ce9f4a69f08""]",1.0,0.8,0.888888888888889,False,0.1428571428571428,12288,False,5
"[""feat"", ""docs"", ""ci"", ""refactor""]","[""ci"", ""docs"", ""feat"", ""fix"", ""refactor""]",2.6344424881972373,"[""6f5b1103c0893d13b42f1f7c6504c9c339840be3"", ""01e1e33f377934099a4a725fab5cd6c5ff50eaa2"", ""73211952964a79d97b434dd567e6d7d34be7feb5"", ""be2cbd9480fcbd60c3011ca57f1d761185cf52bd"", ""7d6f760a91b55967972bbd1b972307624e876805""]",1.0,0.8,0.888888888888889,False,0.1428571428571428,12288,False,5
"[""feat"", ""fix"", ""test"", ""build"", ""ci"", ""docs"", ""refactor""]","[""build"", ""ci"", ""feat"", ""fix"", ""test""]",3.172379372175783,"[""bfe32bf10e9b6d699f694fbd095af0b3f2e6275f"", ""bda1822851d9be04f0d39f2213d1e2066eb115c8"", ""988dda23984894cea097d64646196e8d6196d6b6"", ""238ba1990ea68eb64bdfc6b31efebad2acb01ad6"", ""b7e2330fa3a8d7b8a9bff01b707c44e64b845c7b""]",0.7142857142857143,1.0,0.8333333333333333,False,0.2857142857142857,12288,False,5
"[""build"", ""ci"", ""test"", ""refactor""]","[""build"", ""ci"", ""docs"", ""refactor"", ""test""]",1.5413321550004184,"[""b7e38fb62aa6e8a30d72dec063b1adccd089d0aa"", ""6f5b1103c0893d13b42f1f7c6504c9c339840be3"", ""9849430b11b92ae58d94cfe4d0b06313c7eab550"", ""816b0d49c45f6669c5aae748396e9551f2e30a96"", ""625cbbca0d92b8756eac6fcacc795d90527d8975""]",1.0,0.8,0.888888888888889,False,0.1428571428571428,12288,False,5
"[""feat"", ""docs"", ""test"", ""fix""]","[""docs"", ""feat"", ""fix"", ""refactor"", ""test""]",2.411876275204122,"[""01e1e33f377934099a4a725fab5cd6c5ff50eaa2"", ""73211952964a79d97b434dd567e6d7d34be7feb5"", ""be2cbd9480fcbd60c3011ca57f1d761185cf52bd"", ""190aef43fd30e693af822c176f9b686591568719"", ""625cbbca0d92b8756eac6fcacc795d90527d8975""]",1.0,0.8,0.888888888888889,False,0.1428571428571428,12288,False,5
"[""feat"", ""docs"", ""ci"", ""build""]","[""build"", ""ci"", ""docs"", ""feat"", ""fix""]",2.3793818592093885,"[""b7e38fb62aa6e8a30d72dec063b1adccd089d0aa"", ""6f5b1103c0893d13b42f1f7c6504c9c339840be3"", ""01e1e33f377934099a4a725fab5cd6c5ff50eaa2"", ""73211952964a79d97b434dd567e6d7d34be7feb5"", ""be2cbd9480fcbd60c3011ca57f1d761185cf52bd""]",1.0,0.8,0.888888888888889,False,0.1428571428571428,12288,False,5
"[""feat"", ""docs"", ""refactor"", ""test""]","[""docs"", ""feat"", ""fix"", ""refactor"", ""test""]",2.6124040791764855,"[""8dfd2af29bf784b242992ee9ec0fbc85753b063c"", ""8a954673531d6935f5517535b9068639ed5cff0d"", ""2b1ad9d10fc5685ec75f362a73229569f03344ca"", ""d55088c612b1108ef566ec47e40fb8d1050f7451"", ""6c7398993bc567ec84e4573b6ededbf50b1ef606""]",1.0,0.8,0.888888888888889,False,0.1428571428571428,12288,False,5
"[""feat"", ""fix"", ""refactor"", ""docs"", ""test"", ""ci"", ""build""]","[""build"", ""ci"", ""fix"", ""refactor"", ""test""]",3.077981188893318,"[""bfe32bf10e9b6d699f694fbd095af0b3f2e6275f"", ""bda1822851d9be04f0d39f2213d1e2066eb115c8"", ""80242b34468398e835e5b3fc5ac345dbae4bcc7e"", ""fba4326c72fc22d81aba6976a9fef1e4b6154fd9"", ""7c48976f943e1e9b5850967b6f2963a205476ded""]",0.7142857142857143,1.0,0.8333333333333333,False,0.2857142857142857,12288,False,5
"[""feat"", ""fix"", ""refactor"", ""docs"", ""test"", ""ci"", ""build""]","[""build"", ""ci"", ""docs"", ""feat"", ""refactor""]",2.7731666062027216,"[""45bbdaba1490a3216decb2c1a88b8f7041a3d505"", ""be44bbdeb52c6025e81c99528ed7b0d932c5be18"", ""16124286236edf03a6199720ba1629a35e3fe1aa"", ""3730075261bc81df68f9d10f12a2d6bbffd8493c"", ""0e4ede620dd9a2cdc13ab9cc6da05577b39fddb8""]",0.7142857142857143,1.0,0.8333333333333333,False,0.2857142857142857,12288,False,5
"[""feat"", ""fix"", ""refactor"", ""docs"", ""test"", ""ci"", ""build""]","[""build"", ""ci"", ""feat"", ""fix"", ""test""]",3.7920270953327417,"[""bfe32bf10e9b6d699f694fbd095af0b3f2e6275f"", ""bda1822851d9be04f0d39f2213d1e2066eb115c8"", ""482442ecc1aaf981895a36c367abbd377fd93891"", ""80242b34468398e835e5b3fc5ac345dbae4bcc7e"", ""7c48976f943e1e9b5850967b6f2963a205476ded""]",0.7142857142857143,1.0,0.8333333333333333,False,0.2857142857142857,12288,False,5
"[""feat"", ""docs"", ""build"", ""refactor""]","[""build"", ""docs"", ""feat"", ""fix"", ""refactor""]",2.703829003032297,"[""b7e38fb62aa6e8a30d72dec063b1adccd089d0aa"", ""01e1e33f377934099a4a725fab5cd6c5ff50eaa2"", ""73211952964a79d97b434dd567e6d7d34be7feb5"", ""be2cbd9480fcbd60c3011ca57f1d761185cf52bd"", ""eafee3c5c124ce0c71fd854270cea39cc273b27c""]",1.0,0.8,0.888888888888889,False,0.1428571428571428,12288,False,5
"[""build"", ""ci"", ""docs"", ""refactor"", ""test""]","[""build"", ""ci"", ""docs"", ""refactor"", ""test""]",2.394898077007383,"[""b7e38fb62aa6e8a30d72dec063b1adccd089d0aa"", ""6f5b1103c0893d13b42f1f7c6504c9c339840be3"", ""eb51316cdfdc7258d287ba13b67ef2f42bd2b8f6"", ""7d6f760a91b55967972bbd1b972307624e876805"", ""625cbbca0d92b8756eac6fcacc795d90527d8975""]",1.0,1.0,1.0,True,0.0,12288,False,5
"[""ci"", ""docs"", ""fix"", ""feat"", ""test""]","[""ci"", ""docs"", ""feat"", ""fix"", ""test""]",2.247206333093345,"[""8d2e23bde626eaed6e5b13384cc7ac38bab5ea66"", ""036a0ff49a7dade0e04c9c07071a1ff49133ee24"", ""6b473cbdc5997af47c56a2a74f5b64da6d4c2ad7"", ""f9d9f859240c6f7e78b0303ea40e46622d42bc3c"", ""cdbc37711fa9c64b2cfa767766ca55c95c1736f7""]",1.0,1.0,1.0,True,0.0,12288,False,5
