predicted_types,actual_types,inference_time,shas,precision,recall,f1,exact_match,hamming_loss,context_len,with_message,concern_count
"[""fix"", ""test""]","[""test""]",1.2562275659292936,"[""7c48976f943e1e9b5850967b6f2963a205476ded""]",0.5,1.0,0.6666666666666666,False,0.1428571428571428,2048,False,1
"[""feat"", ""test""]","[""refactor""]",1.3457042151130736,"[""5748ff57ebafe94c4979eafa790d9a84812ca440""]",0.0,0.0,0.0,False,0.4285714285714285,2048,False,1
"[""docs""]","[""docs""]",0.7659274390898645,"[""be8dd55c2179a1743ddbda56b5e88a1a89c92bcc""]",1.0,1.0,1.0,True,0.0,2048,False,1
"[""feat""]","[""feat""]",0.774269952904433,"[""15b8e4bc9349ce017f65e10b95cae48b0aa11828""]",1.0,1.0,1.0,True,0.0,2048,False,1
"[""build""]","[""build""]",0.778694115113467,"[""37b1cbfd3d2c462ef4f2a131e4172c38dc8d9ddf""]",1.0,1.0,1.0,True,0.0,2048,False,1
"[""ci""]","[""ci""]",0.7609832915477455,"[""8d2e23bde626eaed6e5b13384cc7ac38bab5ea66""]",1.0,1.0,1.0,True,0.0,2048,False,1
"[""fix"", ""test""]","[""fix""]",1.2691751392558217,"[""44ac09d356fa02bdbb840638846f7a7500700d23""]",0.5,1.0,0.6666666666666666,False,0.1428571428571428,2048,False,1
"[""ci"", ""build""]","[""ci""]",0.911762423813343,"[""be44bbdeb52c6025e81c99528ed7b0d932c5be18""]",0.5,1.0,0.6666666666666666,False,0.1428571428571428,2048,False,1
"[""build""]","[""build""]",0.7529008449055254,"[""b7e38fb62aa6e8a30d72dec063b1adccd089d0aa""]",1.0,1.0,1.0,True,0.0,2048,False,1
"[""fix"", ""build""]","[""refactor""]",1.3652474069967866,"[""3e0e30ecebaf23f0c36fa4811426f8f4e0057cfe""]",0.0,0.0,0.0,False,0.4285714285714285,2048,False,1
"[""feat"", ""refactor""]","[""feat""]",1.4105014316737652,"[""293f301a4bb248799c467d1fef413ed3909f47a4""]",0.5,1.0,0.6666666666666666,False,0.1428571428571428,2048,False,1
"[""test""]","[""test""]",0.8226112551055849,"[""6c7398993bc567ec84e4573b6ededbf50b1ef606""]",1.0,1.0,1.0,True,0.0,2048,False,1
"[""docs""]","[""docs""]",0.5382791813462973,"[""036a0ff49a7dade0e04c9c07071a1ff49133ee24""]",1.0,1.0,1.0,True,0.0,2048,False,1
"[""refactor""]","[""fix""]",0.7799650761298835,"[""73b8948ea1d49e05ae8c63b17926eda4cb04e9bb""]",0.0,0.0,0.0,False,0.2857142857142857,2048,False,1
"[""refactor"", ""build""]","[""fix""]",0.7561560277827084,"[""ccd1946a375e2ac10c3c591b04a435c4bc5170c2""]",0.0,0.0,0.0,False,0.4285714285714285,2048,False,1
"[""feat""]","[""feat""]",1.2283281697891653,"[""542f0cad5337de15428f0b6567ce4efd20a19a48""]",1.0,1.0,1.0,True,0.0,2048,False,1
"[""build""]","[""build""]",0.8740259152837098,"[""4ab28fc2e63e975a0c77e18ae644f34fa5f8771a""]",1.0,1.0,1.0,True,0.0,2048,False,1
"[""ci"", ""build"", ""refactor""]","[""ci""]",0.8939265166409314,"[""b7b9c23698e7238eda26a1135018625181badd82""]",0.3333333333333333,1.0,0.5,False,0.2857142857142857,2048,False,1
"[""refactor""]","[""refactor""]",0.7974593415856361,"[""190aef43fd30e693af822c176f9b686591568719""]",1.0,1.0,1.0,True,0.0,2048,False,1
"[""test""]","[""test""]",0.7218648381531239,"[""960af3a1c31fe2b5ab32e580089f67c9da816fcc""]",1.0,1.0,1.0,True,0.0,2048,False,1
"[""docs""]","[""docs""]",0.7198340622708201,"[""527e0abd0f88cb3ae2dc1a6ec7a62c241250444d""]",1.0,1.0,1.0,True,0.0,2048,False,1
"[""docs""]","[""docs""]",0.8270568260923028,"[""ee7cc5d5a940fba774e715b1f029c6361110b108""]",1.0,1.0,1.0,True,0.0,2048,False,1
"[""feat"", ""docs""]","[""feat""]",1.359982905909419,"[""8a954673531d6935f5517535b9068639ed5cff0d""]",0.5,1.0,0.6666666666666666,False,0.1428571428571428,2048,False,1
"[""refactor""]","[""refactor""]",0.9535664548166096,"[""0e4ede620dd9a2cdc13ab9cc6da05577b39fddb8""]",1.0,1.0,1.0,True,0.0,2048,False,1
"[""build""]","[""build""]",0.8483017040416598,"[""ecc481f9f501aa34b41e06e7bbdde6e79f8ca1bb""]",1.0,1.0,1.0,True,0.0,2048,False,1
"[""build""]","[""ci""]",0.6968866679817438,"[""bda1822851d9be04f0d39f2213d1e2066eb115c8""]",0.0,0.0,0.0,False,0.2857142857142857,2048,False,1
"[""test""]","[""test""]",0.6663340129889548,"[""7df6b872b9c820a35572b926d2496460a4c8b24a""]",1.0,1.0,1.0,True,0.0,2048,False,1
"[""fix""]","[""fix""]",0.7207684451714158,"[""c4d9e5023fa0f88ba283b37da27677ceda1cbfbb""]",1.0,1.0,1.0,True,0.0,2048,False,1
"[""fix""]","[""fix""]",1.2238469957374036,"[""0d43299ccee2b2e018fae24896c45d8d8be66bc6""]",1.0,1.0,1.0,True,0.0,2048,False,1
"[""test""]","[""test""]",1.2224282380193472,"[""90a48c74f6faa0829d3809f739a42c0133e63ae0""]",1.0,1.0,1.0,True,0.0,2048,False,1
"[""refactor""]","[""refactor""]",0.8019901281222701,"[""e8a8edadc5c25d6410462b89a48e0602e0cbbc7f""]",1.0,1.0,1.0,True,0.0,2048,False,1
"[""docs""]","[""docs""]",0.6302208779379725,"[""9849430b11b92ae58d94cfe4d0b06313c7eab550""]",1.0,1.0,1.0,True,0.0,2048,False,1
"[""build""]","[""build""]",0.8252073409967124,"[""45bbdaba1490a3216decb2c1a88b8f7041a3d505""]",1.0,1.0,1.0,True,0.0,2048,False,1
"[""feat""]","[""feat""]",0.7589916256256402,"[""1ae8bf1195b197daa80ba6e45360f8b894364cd4""]",1.0,1.0,1.0,True,0.0,2048,False,1
"[""ci""]","[""ci""]",0.7809085352346301,"[""976c34b6fdc32a7f3337f98e67a7c9e4ee9e793e""]",1.0,1.0,1.0,True,0.0,2048,False,1
"[""refactor"", ""test""]","[""refactor""]",1.0142014930024743,"[""1c8ff5cf2feb3ce0b7d0fbfc43be8d20f5b73287""]",0.5,1.0,0.6666666666666666,False,0.1428571428571428,2048,False,1
"[""ci""]","[""docs""]",0.6372534800320864,"[""e50a61d63755a4a955c2a6535a865773e2ac01d5""]",0.0,0.0,0.0,False,0.2857142857142857,2048,False,1
"[""refactor""]","[""test""]",0.6190770049579442,"[""076b9f5efc109b481074a81957e24ce9f4a69f08""]",0.0,0.0,0.0,False,0.2857142857142857,2048,False,1
"[""build""]","[""build""]",1.2980076083913443,"[""b2415c4d3de7b5d6da47668a3de630c07b30b300""]",1.0,1.0,1.0,True,0.0,2048,False,1
"[""refactor""]","[""fix""]",0.9603861798532308,"[""a81bbb83d64867f08c4d1be10919ef6806a1bf51""]",0.0,0.0,0.0,False,0.2857142857142857,2048,False,1
"[""feat"", ""test""]","[""feat""]",1.298241751268506,"[""3730075261bc81df68f9d10f12a2d6bbffd8493c""]",0.5,1.0,0.6666666666666666,False,0.1428571428571428,2048,False,1
"[""ci"", ""build""]","[""ci""]",0.9696489260531962,"[""db55dae208e4807898e6c747cefdf9bfcb4fd08c""]",0.5,1.0,0.6666666666666666,False,0.1428571428571428,2048,False,1
"[""docs""]","[""docs""]",1.2990414160303771,"[""dfab97842fe78fb8f217a5185fb6ec92682a53ca""]",1.0,1.0,1.0,True,0.0,2048,False,1
"[""feat""]","[""feat""]",1.0884453733451664,"[""73211952964a79d97b434dd567e6d7d34be7feb5""]",1.0,1.0,1.0,True,0.0,2048,False,1
"[""test""]","[""refactor""]",0.7511718580499291,"[""fba4326c72fc22d81aba6976a9fef1e4b6154fd9""]",0.0,0.0,0.0,False,0.2857142857142857,2048,False,1
"[""ci""]","[""ci""]",0.6934939362108707,"[""6f5b1103c0893d13b42f1f7c6504c9c339840be3""]",1.0,1.0,1.0,True,0.0,2048,False,1
"[""refactor""]","[""fix""]",0.7667768057435751,"[""2b1ad9d10fc5685ec75f362a73229569f03344ca""]",0.0,0.0,0.0,False,0.2857142857142857,2048,False,1
"[""build"", ""test""]","[""test""]",1.1380077465437353,"[""cd2bfb9b2298e8cd91013808547b35a9c40f46f1""]",0.5,1.0,0.6666666666666666,False,0.1428571428571428,2048,False,1
"[""build""]","[""build""]",0.9096358669921756,"[""607ecc92b5f8c084304e406eec725b7dcfa0a562""]",1.0,1.0,1.0,True,0.0,2048,False,1
"[""refactor""]","[""refactor""]",0.8263483331538737,"[""b98a8fed0b67b99ef4f8373aea904f847315e468""]",1.0,1.0,1.0,True,0.0,2048,False,1
"[""docs""]","[""docs""]",0.7556607821024954,"[""144388439d64e049cbed4e37659e819856d6987f""]",1.0,1.0,1.0,True,0.0,2048,False,1
"[""ci""]","[""build""]",0.6343118599615991,"[""88129ee45b1d49bc4ff887f3b488464cc7097e29""]",0.0,0.0,0.0,False,0.2857142857142857,2048,False,1
"[""feat""]","[""feat""]",0.8505007312633097,"[""5e09c9128f13c45d54df685b0a17dc8e3f7ff02c""]",1.0,1.0,1.0,True,0.0,2048,False,1
"[""test""]","[""test""]",0.7201063921675086,"[""e77f6751182595fe08940d67e11a90416c8dd6fd""]",1.0,1.0,1.0,True,0.0,2048,False,1
"[""ci"", ""build""]","[""ci""]",0.9907779353670776,"[""bb00890fa896936d0be09cc5e5f411fb5e64aa5f""]",0.5,1.0,0.6666666666666666,False,0.1428571428571428,2048,False,1
"[""fix""]","[""fix""]",0.7189223263412714,"[""c1d3b58fd20995b1b9ca4e6771e3fa375242b02d""]",1.0,1.0,1.0,True,0.0,2048,False,1
"[""fix""]","[""fix""]",0.6942984880879521,"[""be2cbd9480fcbd60c3011ca57f1d761185cf52bd""]",1.0,1.0,1.0,True,0.0,2048,False,1
"[""refactor""]","[""refactor""]",0.7669239309616387,"[""8f1034b79f894b4b1112a4bc1903f37f22f7f5ed""]",1.0,1.0,1.0,True,0.0,2048,False,1
"[""docs""]","[""docs""]",0.8345566550269723,"[""16124286236edf03a6199720ba1629a35e3fe1aa""]",1.0,1.0,1.0,True,0.0,2048,False,1
"[""test""]","[""test""]",0.6353155351243913,"[""cdbc37711fa9c64b2cfa767766ca55c95c1736f7""]",1.0,1.0,1.0,True,0.0,2048,False,1
"[""ci""]","[""ci""]",0.7336326488293707,"[""5ebfebf86e60aae2610eb0ed84d177d53cd75f9d""]",1.0,1.0,1.0,True,0.0,2048,False,1
"[""feat""]","[""feat""]",1.229013714939356,"[""ded26d768ff432ad3bde3c0aa1e95ce50726100a""]",1.0,1.0,1.0,True,0.0,2048,False,1
"[""refactor""]","[""build""]",0.8105336241424084,"[""f46c6c6c26a14312aa05a77ff2a14aebd74e13ac""]",0.0,0.0,0.0,False,0.2857142857142857,2048,False,1
"[""feat""]","[""feat""]",1.0088631343096497,"[""bea32587586ca08f390c901a95e9b9c25263f4df""]",1.0,1.0,1.0,True,0.0,2048,False,1
"[""docs""]","[""docs""]",0.8537119650281966,"[""26994fb090d4ed0daf9b8ba960b4690fac08e340""]",1.0,1.0,1.0,True,0.0,2048,False,1
"[""fix"", ""test""]","[""fix""]",1.3612324190326035,"[""80242b34468398e835e5b3fc5ac345dbae4bcc7e""]",0.5,1.0,0.6666666666666666,False,0.1428571428571428,2048,False,1
"[""build""]","[""refactor""]",0.771829092875123,"[""f9447355b93d67961c4a6b04bde3e83a394458ab""]",0.0,0.0,0.0,False,0.2857142857142857,2048,False,1
"[""ci""]","[""ci""]",0.7896285532042384,"[""8fe29cdc76480adc79701e4c492ff1e87566f569""]",1.0,1.0,1.0,True,0.0,2048,False,1
"[""docs"", ""build""]","[""build""]",0.9059522887691857,"[""4542d9973a848a2bd4f9baf12992efe7d7a69f2c""]",0.5,1.0,0.6666666666666666,False,0.1428571428571428,2048,False,1
"[""test""]","[""test""]",0.630717403255403,"[""e053bb5190b033d4edb35a0718d3c414ae366431""]",1.0,1.0,1.0,True,0.0,2048,False,1
"[""docs"", ""fix""]","[""docs"", ""refactor""]",1.1671192231588066,"[""144388439d64e049cbed4e37659e819856d6987f"", ""5748ff57ebafe94c4979eafa790d9a84812ca440""]",0.5,0.5,0.5,False,0.2857142857142857,2048,False,2
"[""docs"", ""build"", ""test""]","[""build"", ""test""]",1.1477133119478822,"[""4542d9973a848a2bd4f9baf12992efe7d7a69f2c"", ""1f663cbe4b4a9e7a0ae89c05f824335f2a0857fd""]",0.6666666666666666,1.0,0.8,False,0.1428571428571428,2048,False,2
"[""feat"", ""fix"", ""refactor"", ""docs"", ""test"", ""ci"", ""build""]","[""feat"", ""fix""]",2.074237947817892,"[""6f0cf049caa1a7982669ee685e86621452686551"", ""238ba1990ea68eb64bdfc6b31efebad2acb01ad6""]",0.2857142857142857,1.0,0.4444444444444445,False,0.7142857142857143,2048,False,2
"[""ci"", ""docs""]","[""ci"", ""docs""]",1.0795502439141271,"[""6f5b1103c0893d13b42f1f7c6504c9c339840be3"", ""01e1e33f377934099a4a725fab5cd6c5ff50eaa2""]",1.0,1.0,1.0,True,0.0,2048,False,2
"[""ci"", ""feat""]","[""ci"", ""feat""]",1.1032775091007352,"[""6f5b1103c0893d13b42f1f7c6504c9c339840be3"", ""73211952964a79d97b434dd567e6d7d34be7feb5""]",1.0,1.0,1.0,True,0.0,2048,False,2
"[""build"", ""test""]","[""build"", ""refactor""]",1.2062954427674413,"[""1ad3f41f28d2faa5229ee88b54d673275cc31036"", ""72e3eed599b3a3dd154575af344ac3e5c62dd07b""]",0.5,0.5,0.5,False,0.2857142857142857,2048,False,2
"[""fix"", ""test""]","[""fix"", ""test""]",1.2045018221251669,"[""0d43299ccee2b2e018fae24896c45d8d8be66bc6"", ""24a815b90437dbd962b5ff449f0b5146df835545""]",1.0,1.0,1.0,True,0.0,2048,False,2
"[""test"", ""refactor""]","[""feat"", ""refactor""]",1.3737072120420637,"[""3730075261bc81df68f9d10f12a2d6bbffd8493c"", ""0e4ede620dd9a2cdc13ab9cc6da05577b39fddb8""]",0.5,0.5,0.5,False,0.2857142857142857,2048,False,2
"[""build"", ""docs""]","[""build"", ""docs""]",1.0525320200249553,"[""b7e38fb62aa6e8a30d72dec063b1adccd089d0aa"", ""eb51316cdfdc7258d287ba13b67ef2f42bd2b8f6""]",1.0,1.0,1.0,True,0.0,2048,False,2
"[""ci"", ""fix""]","[""ci"", ""fix""]",0.8632654338143766,"[""6f5b1103c0893d13b42f1f7c6504c9c339840be3"", ""be2cbd9480fcbd60c3011ca57f1d761185cf52bd""]",1.0,1.0,1.0,True,0.0,2048,False,2
"[""refactor"", ""test""]","[""fix"", ""test""]",1.122784414794296,"[""b131f5d67076b97b3186c820760df839bf796ad5"", ""2a7c6f5c0b1c966d6a5d103de1978a61c141648a""]",0.5,0.5,0.5,False,0.2857142857142857,2048,False,2
"[""build"", ""docs""]","[""build"", ""docs""]",1.1013388172723353,"[""45bbdaba1490a3216decb2c1a88b8f7041a3d505"", ""16124286236edf03a6199720ba1629a35e3fe1aa""]",1.0,1.0,1.0,True,0.0,2048,False,2
"[""feat""]","[""feat"", ""refactor""]",1.0601894087158144,"[""d61bf50f77b404e660a6e5aa9e9bc4ce415e8c18"", ""ee4bf61fb8836e249fb4ef3507dc938e70696b3f""]",1.0,0.5,0.6666666666666666,False,0.1428571428571428,2048,False,2
"[""ci"", ""test""]","[""ci"", ""test""]",1.1046252469532192,"[""bda1822851d9be04f0d39f2213d1e2066eb115c8"", ""90a48c74f6faa0829d3809f739a42c0133e63ae0""]",1.0,1.0,1.0,True,0.0,2048,False,2
"[""ci"", ""build"", ""refactor""]","[""ci"", ""refactor""]",1.342718691099435,"[""be44bbdeb52c6025e81c99528ed7b0d932c5be18"", ""0e4ede620dd9a2cdc13ab9cc6da05577b39fddb8""]",0.6666666666666666,1.0,0.8,False,0.1428571428571428,2048,False,2
"[""feat"", ""fix"", ""refactor"", ""docs"", ""test"", ""ci"", ""build""]","[""docs"", ""feat""]",2.0990034621208906,"[""0105a4ee47706d9b3aa8f22d0a75585a498731ec"", ""3709e392924aba3542514ce35bd681adca39e8ac""]",0.2857142857142857,1.0,0.4444444444444445,False,0.7142857142857143,2048,False,2
"[""build"", ""test""]","[""build"", ""test""]",1.170417315326631,"[""fd2b7a18dca63b51f4ba5de6b2e4ad2b825e735d"", ""24a815b90437dbd962b5ff449f0b5146df835545""]",1.0,1.0,1.0,True,0.0,2048,False,2
"[""ci"", ""fix"", ""test""]","[""ci"", ""fix""]",1.236526200082153,"[""bda1822851d9be04f0d39f2213d1e2066eb115c8"", ""238ba1990ea68eb64bdfc6b31efebad2acb01ad6""]",0.6666666666666666,1.0,0.8,False,0.1428571428571428,2048,False,2
"[""feat"", ""fix"", ""refactor"", ""docs"", ""test"", ""ci"", ""build""]","[""feat"", ""test""]",1.8758548749610784,"[""6b473cbdc5997af47c56a2a74f5b64da6d4c2ad7"", ""cdbc37711fa9c64b2cfa767766ca55c95c1736f7""]",0.2857142857142857,1.0,0.4444444444444445,False,0.7142857142857143,2048,False,2
"[""docs"", ""fix""]","[""docs"", ""refactor""]",1.1431352719664574,"[""af5ec2005504bbd836a54bfb2df0b7f6cf15f314"", ""4597f158c45a1f996ad217236d88edab69c29b22""]",0.5,0.5,0.5,False,0.2857142857142857,2048,False,2
"[""build"", ""fix""]","[""build"", ""fix""]",1.0150694726035,"[""ecc481f9f501aa34b41e06e7bbdde6e79f8ca1bb"", ""45b386aa3f06bce06f5e03fbde0aa52c4051c8bc""]",1.0,1.0,1.0,True,0.0,2048,False,2
"[""refactor"", ""test""]","[""refactor"", ""test""]",1.0615327949635684,"[""3a86f49b725c0f66b5f04f80547042636135b49c"", ""3c812f916e06a53b899e9e3dd79760b475fa4b87""]",1.0,1.0,1.0,True,0.0,2048,False,2
"[""feat"", ""build""]","[""ci"", ""feat""]",1.0158793050795794,"[""bda1822851d9be04f0d39f2213d1e2066eb115c8"", ""ba60e126299ad057772b5516d9ab390e770f1301""]",0.5,0.5,0.5,False,0.2857142857142857,2048,False,2
"[""build"", ""docs""]","[""build"", ""docs""]",1.1736148381605744,"[""0f38960851ac0fd159727d5dffb36f50268eec18"", ""a4290c7be832aaac894f9b4e69837f0eb13d9287""]",1.0,1.0,1.0,True,0.0,2048,False,2
"[""ci""]","[""ci"", ""fix""]",1.0029333708807826,"[""0984951701c34c08392b87082824dcebc379b4e7"", ""2b1ad9d10fc5685ec75f362a73229569f03344ca""]",1.0,0.5,0.6666666666666666,False,0.1428571428571428,2048,False,2
"[""feat"", ""fix"", ""refactor"", ""docs"", ""test"", ""ci"", ""build""]","[""build"", ""docs""]",1.734814272262156,"[""b0866f62417f56bdd5a46e8f14278af79efc4d76"", ""fc9af4d0b93d69be4e201ffb18da04324e8a4a87""]",0.2857142857142857,1.0,0.4444444444444445,False,0.7142857142857143,2048,False,2
"[""test"", ""ci""]","[""feat"", ""test""]",1.163663323968649,"[""3730075261bc81df68f9d10f12a2d6bbffd8493c"", ""076b9f5efc109b481074a81957e24ce9f4a69f08""]",0.5,0.5,0.5,False,0.2857142857142857,2048,False,2
"[""fix""]","[""fix"", ""refactor""]",1.2235060082748532,"[""0d43299ccee2b2e018fae24896c45d8d8be66bc6"", ""536872b735334929f25bf70d052e739166355160""]",1.0,0.5,0.6666666666666666,False,0.1428571428571428,2048,False,2
"[""feat"", ""refactor"", ""test""]","[""feat"", ""refactor""]",1.550965741276741,"[""a51716d5ac3f7aabe1428a5a6d79c6b863463ff6"", ""3a86f49b725c0f66b5f04f80547042636135b49c""]",0.6666666666666666,1.0,0.8,False,0.1428571428571428,2048,False,2
"[""refactor""]","[""build"", ""fix""]",0.9591068900190294,"[""f46c6c6c26a14312aa05a77ff2a14aebd74e13ac"", ""3f71e37ef9bfdbc0aea89863ae3d75c0c7e4a53d""]",0.0,0.0,0.0,False,0.4285714285714285,2048,False,2
"[""ci"", ""build"", ""refactor""]","[""ci"", ""test""]",1.191017633304,"[""be44bbdeb52c6025e81c99528ed7b0d932c5be18"", ""076b9f5efc109b481074a81957e24ce9f4a69f08""]",0.3333333333333333,0.5,0.4,False,0.4285714285714285,2048,False,2
"[""docs"", ""test""]","[""docs"", ""test""]",1.144588430877775,"[""eb51316cdfdc7258d287ba13b67ef2f42bd2b8f6"", ""625cbbca0d92b8756eac6fcacc795d90527d8975""]",1.0,1.0,1.0,True,0.0,2048,False,2
"[""feat"", ""fix"", ""refactor"", ""docs"", ""test"", ""ci"", ""build""]","[""fix"", ""refactor""]",1.9120108070783317,"[""f2ac6e30644848f0c5c36057d1f55551fb70952f"", ""4be836f5655fb5356fde5ddd7437125f8574705d""]",0.2857142857142857,1.0,0.4444444444444445,False,0.7142857142857143,2048,False,2
"[""docs"", ""feat""]","[""docs"", ""feat""]",1.365968098863959,"[""cb1f48b56ae0de93acb72e48726c7d610a1d538e"", ""bea32587586ca08f390c901a95e9b9c25263f4df""]",1.0,1.0,1.0,True,0.0,2048,False,2
"[""build"", ""test"", ""ci""]","[""build"", ""ci""]",1.2429760694503784,"[""454003841aabeb74396d73541378bfa59c75b5db"", ""bda1822851d9be04f0d39f2213d1e2066eb115c8""]",0.6666666666666666,1.0,0.8,False,0.1428571428571428,2048,False,2
"[""docs"", ""refactor""]","[""docs"", ""test""]",1.0077258511446416,"[""16124286236edf03a6199720ba1629a35e3fe1aa"", ""076b9f5efc109b481074a81957e24ce9f4a69f08""]",0.5,0.5,0.5,False,0.2857142857142857,2048,False,2
"[""build"", ""fix""]","[""build"", ""refactor""]",1.2626551329158249,"[""ecc481f9f501aa34b41e06e7bbdde6e79f8ca1bb"", ""5748ff57ebafe94c4979eafa790d9a84812ca440""]",0.5,0.5,0.5,False,0.2857142857142857,2048,False,2
"[""feat""]","[""feat"", ""fix""]",0.9698584959842264,"[""73211952964a79d97b434dd567e6d7d34be7feb5"", ""be2cbd9480fcbd60c3011ca57f1d761185cf52bd""]",1.0,0.5,0.6666666666666666,False,0.1428571428571428,2048,False,2
"[""ci"", ""test""]","[""ci"", ""test""]",1.0724742328748107,"[""db2dbc13d7da2ae85cd3206d330be8ed0ebe1b2c"", ""6c7398993bc567ec84e4573b6ededbf50b1ef606""]",1.0,1.0,1.0,True,0.0,2048,False,2
"[""build"", ""refactor""]","[""build"", ""fix""]",1.0982302348129451,"[""4ab28fc2e63e975a0c77e18ae644f34fa5f8771a"", ""b131f5d67076b97b3186c820760df839bf796ad5""]",0.5,0.5,0.5,False,0.2857142857142857,2048,False,2
"[""feat""]","[""feat"", ""refactor""]",1.2244282108731568,"[""73211952964a79d97b434dd567e6d7d34be7feb5"", ""78971fd68d7dc5c8e6811b4520cdc54e4188f733""]",1.0,0.5,0.6666666666666666,False,0.1428571428571428,2048,False,2
"[""ci"", ""docs""]","[""ci"", ""docs""]",0.7991623328998685,"[""6f5b1103c0893d13b42f1f7c6504c9c339840be3"", ""9849430b11b92ae58d94cfe4d0b06313c7eab550""]",1.0,1.0,1.0,True,0.0,2048,False,2
"[""docs"", ""feat""]","[""docs"", ""feat""]",1.1013097371906042,"[""26994fb090d4ed0daf9b8ba960b4690fac08e340"", ""15b8e4bc9349ce017f65e10b95cae48b0aa11828""]",1.0,1.0,1.0,True,0.0,2048,False,2
"[""build""]","[""build"", ""fix""]",0.7548196651041508,"[""2d4d735d94386f5045e3b3abc022c2edcdfaef8f"", ""eb9f7b24364e86d7bcf50bb23b62c743cf5526f6""]",1.0,0.5,0.6666666666666666,False,0.1428571428571428,2048,False,2
"[""ci"", ""test"", ""build""]","[""ci"", ""test""]",1.2368572549894452,"[""14f535655d39847a85d0193559c9c0010357ba77"", ""6c7398993bc567ec84e4573b6ededbf50b1ef606""]",0.6666666666666666,1.0,0.8,False,0.1428571428571428,2048,False,2
"[""refactor""]","[""fix"", ""refactor""]",0.8193065160885453,"[""b131f5d67076b97b3186c820760df839bf796ad5"", ""2900e67189ec09a35fa61f3f17d386f4eb23f9bd""]",1.0,0.5,0.6666666666666666,False,0.1428571428571428,2048,False,2
"[""ci"", ""test"", ""refactor""]","[""ci"", ""test""]",0.992853001691401,"[""b7b9c23698e7238eda26a1135018625181badd82"", ""1f663cbe4b4a9e7a0ae89c05f824335f2a0857fd""]",0.6666666666666666,1.0,0.8,False,0.1428571428571428,2048,False,2
"[""docs"", ""refactor""]","[""docs"", ""refactor""]",1.412299863062799,"[""e9358fb4955396bfc3340418c77cbce4fa6123ee"", ""cc9df62b0b41e84da275cf6ddcb06126628713b7""]",1.0,1.0,1.0,True,0.0,2048,False,2
"[""ci"", ""feat""]","[""build"", ""feat""]",1.1437993329018354,"[""88129ee45b1d49bc4ff887f3b488464cc7097e29"", ""b7191a24b71cce2b7260d60de26ac8161546110e""]",0.5,0.5,0.5,False,0.2857142857142857,2048,False,2
"[""feat"", ""build""]","[""build"", ""feat""]",1.1619871412403882,"[""b7e38fb62aa6e8a30d72dec063b1adccd089d0aa"", ""73211952964a79d97b434dd567e6d7d34be7feb5""]",1.0,1.0,1.0,True,0.0,2048,False,2
"[""test"", ""build"", ""refactor""]","[""refactor"", ""test""]",1.1440864372998476,"[""7e84797900f1b6f61e16d8a4766b8209673a7acb"", ""8ee0611fbf0cd89abe7ae588f22e6ecb843598ea""]",0.6666666666666666,1.0,0.8,False,0.1428571428571428,2048,False,2
"[""ci"", ""refactor""]","[""ci"", ""fix""]",1.0070130289532244,"[""b7b9c23698e7238eda26a1135018625181badd82"", ""c4d9e5023fa0f88ba283b37da27677ceda1cbfbb""]",0.5,0.5,0.5,False,0.2857142857142857,2048,False,2
"[""feat"", ""docs"", ""test""]","[""docs"", ""test""]",1.33901748014614,"[""af82c2c910c9b5d3dd68de30c59a9e169a8934a5"", ""6c7398993bc567ec84e4573b6ededbf50b1ef606""]",0.6666666666666666,1.0,0.8,False,0.1428571428571428,2048,False,2
"[""ci"", ""refactor""]","[""ci"", ""refactor""]",0.8240547520108521,"[""b7b9c23698e7238eda26a1135018625181badd82"", ""879edb6ed90f88b9ae6a3c2e8878ae1be48e0c88""]",1.0,1.0,1.0,True,0.0,2048,False,2
"[""build"", ""docs""]","[""build"", ""docs""]",0.8018546169623733,"[""0f38960851ac0fd159727d5dffb36f50268eec18"", ""e0177c25e13812306aab0b0991562d58b6d14767""]",1.0,1.0,1.0,True,0.0,2048,False,2
"[""ci"", ""feat"", ""fix""]","[""feat"", ""fix""]",1.2385556106455624,"[""ebaa20ea3f02e25f78c52cae208017a898cb6c13"", ""f9f309d1f4ef1917a89e867e6ba4c3f8d5b24d48""]",0.6666666666666666,1.0,0.8,False,0.1428571428571428,2048,False,2
"[""docs"", ""refactor"", ""build""]","[""docs"", ""fix""]",1.165337482932955,"[""b8a664c1b10f4e30a3e221a14211a3cdaf90b7f4"", ""ccd1946a375e2ac10c3c591b04a435c4bc5170c2""]",0.3333333333333333,0.5,0.4,False,0.4285714285714285,2048,False,2
"[""feat"", ""test""]","[""feat"", ""test""]",1.361279462929815,"[""1f15f71e415ba49b21684c7a3a51c8e3faaa7cf3"", ""f87659953e9af59bc7cb314a22dd076d988ef607""]",1.0,1.0,1.0,True,0.0,2048,False,2
"[""build"", ""ci""]","[""build"", ""ci""]",0.9070190913043916,"[""b7e38fb62aa6e8a30d72dec063b1adccd089d0aa"", ""6f5b1103c0893d13b42f1f7c6504c9c339840be3""]",1.0,1.0,1.0,True,0.0,2048,False,2
"[""refactor"", ""fix""]","[""docs"", ""refactor""]",1.445614623837173,"[""0105a4ee47706d9b3aa8f22d0a75585a498731ec"", ""6ed4690834161e1d250dfb0b46cd05bf07c1bb39""]",0.5,0.5,0.5,False,0.2857142857142857,2048,False,2
"[""ci"", ""build"", ""fix""]","[""ci"", ""fix""]",1.1477469177916646,"[""db55dae208e4807898e6c747cefdf9bfcb4fd08c"", ""c4d9e5023fa0f88ba283b37da27677ceda1cbfbb""]",0.6666666666666666,1.0,0.8,False,0.1428571428571428,2048,False,2
"[""build"", ""test""]","[""build"", ""test""]",1.2626277119852602,"[""ecc481f9f501aa34b41e06e7bbdde6e79f8ca1bb"", ""3c04162664b130c9486cba54afc16b6e57c779d1""]",1.0,1.0,1.0,True,0.0,2048,False,2
"[""feat"", ""fix"", ""refactor"", ""docs"", ""test"", ""ci"", ""build""]","[""feat"", ""refactor""]",1.926438660826534,"[""8b9176b44bb01a1eef497a403b0304bc389c9aee"", ""5748ff57ebafe94c4979eafa790d9a84812ca440""]",0.2857142857142857,1.0,0.4444444444444445,False,0.7142857142857143,2048,False,2
"[""feat"", ""refactor"", ""build""]","[""build"", ""feat""]",1.4505529501475394,"[""f46c6c6c26a14312aa05a77ff2a14aebd74e13ac"", ""d82c76e667c01567382e3ebeb13125c5d0064324""]",0.6666666666666666,1.0,0.8,False,0.1428571428571428,2048,False,2
"[""refactor"", ""test""]","[""refactor"", ""test""]",1.0317455627955496,"[""211de26da358601056dd922d63f832433d7a693b"", ""1f663cbe4b4a9e7a0ae89c05f824335f2a0857fd""]",1.0,1.0,1.0,True,0.0,2048,False,2
"[""ci"", ""docs""]","[""ci"", ""docs""]",0.9628130299970508,"[""8d2e23bde626eaed6e5b13384cc7ac38bab5ea66"", ""036a0ff49a7dade0e04c9c07071a1ff49133ee24""]",1.0,1.0,1.0,True,0.0,2048,False,2
"[""docs"", ""refactor""]","[""docs"", ""fix""]",1.1862445287406445,"[""01e536c6eb273f533ac7bb1a51c4954128de2c63"", ""6849b9066f5d95b9e54c67046cfa136cf0d88b27""]",0.5,0.5,0.5,False,0.2857142857142857,2048,False,2
"[""fix"", ""test""]","[""fix"", ""test""]",1.1359759191982448,"[""3e85aa17418f6fd2e6e32f9e55fdf7a9d8fcea9d"", ""f87659953e9af59bc7cb314a22dd076d988ef607""]",1.0,1.0,1.0,True,0.0,2048,False,2
"[""docs"", ""build"", ""ci"", ""refactor""]","[""build"", ""ci""]",1.3268530750647187,"[""4542d9973a848a2bd4f9baf12992efe7d7a69f2c"", ""b7b9c23698e7238eda26a1135018625181badd82""]",0.5,1.0,0.6666666666666666,False,0.2857142857142857,2048,False,2
"[""feat"", ""refactor""]","[""feat"", ""refactor""]",1.3153822710737586,"[""9025fe7e99ae76c1426be68dc80f09e235631a80"", ""3f173b8b7ce54371db277879673b3202edeb2d93""]",1.0,1.0,1.0,True,0.0,2048,False,2
"[""feat"", ""fix"", ""refactor"", ""docs"", ""test"", ""ci"", ""build""]","[""build"", ""feat"", ""refactor""]",1.9494064897298813,"[""37b1cbfd3d2c462ef4f2a131e4172c38dc8d9ddf"", ""542f0cad5337de15428f0b6567ce4efd20a19a48"", ""7adece9931eaef6aaf603b5567829bbdcb28f2d1""]",0.4285714285714285,1.0,0.6,False,0.5714285714285714,2048,False,3
"[""ci"", ""docs"", ""test""]","[""ci"", ""docs"", ""test""]",1.2111829509958625,"[""6f5b1103c0893d13b42f1f7c6504c9c339840be3"", ""eb51316cdfdc7258d287ba13b67ef2f42bd2b8f6"", ""625cbbca0d92b8756eac6fcacc795d90527d8975""]",1.0,1.0,1.0,True,0.0,2048,False,3
"[""test"", ""refactor"", ""build""]","[""feat"", ""fix"", ""test""]",1.343619714025408,"[""3730075261bc81df68f9d10f12a2d6bbffd8493c"", ""ccd1946a375e2ac10c3c591b04a435c4bc5170c2"", ""076b9f5efc109b481074a81957e24ce9f4a69f08""]",0.3333333333333333,0.3333333333333333,0.3333333333333333,False,0.5714285714285714,2048,False,3
"[""docs"", ""build"", ""ci"", ""refactor""]","[""build"", ""ci"", ""fix""]",1.516100917942822,"[""4542d9973a848a2bd4f9baf12992efe7d7a69f2c"", ""b7b9c23698e7238eda26a1135018625181badd82"", ""73b8948ea1d49e05ae8c63b17926eda4cb04e9bb""]",0.5,0.6666666666666666,0.5714285714285715,False,0.4285714285714285,2048,False,3
"[""ci"", ""build"", ""refactor"", ""docs""]","[""ci"", ""docs"", ""refactor""]",1.3882736559025943,"[""14f535655d39847a85d0193559c9c0010357ba77"", ""7f611e4208d0cc36c635eb0641a4b3258999ae8d"", ""d55088c612b1108ef566ec47e40fb8d1050f7451""]",0.75,1.0,0.8571428571428571,False,0.1428571428571428,2048,False,3
"[""docs"", ""refactor""]","[""docs"", ""fix"", ""refactor""]",1.249107421375811,"[""e9358fb4955396bfc3340418c77cbce4fa6123ee"", ""d5d3753c221e5164874ee99f1c6959f03fce0725"", ""7292fc7d387d83379aedf93558451bfa254acb6f""]",1.0,0.6666666666666666,0.8,False,0.1428571428571428,2048,False,3
"[""build"", ""refactor"", ""test""]","[""build"", ""feat"", ""test""]",1.5067094988189638,"[""afafb9a32b164df33754a36547ee134b8fbe374a"", ""293f301a4bb248799c467d1fef413ed3909f47a4"", ""24a815b90437dbd962b5ff449f0b5146df835545""]",0.6666666666666666,0.6666666666666666,0.6666666666666666,False,0.2857142857142857,2048,False,3
"[""ci"", ""build"", ""refactor""]","[""ci"", ""fix"", ""refactor""]",1.3802876193076372,"[""be44bbdeb52c6025e81c99528ed7b0d932c5be18"", ""ccd1946a375e2ac10c3c591b04a435c4bc5170c2"", ""0e4ede620dd9a2cdc13ab9cc6da05577b39fddb8""]",0.6666666666666666,0.6666666666666666,0.6666666666666666,False,0.2857142857142857,2048,False,3
"[""feat"", ""docs"", ""build""]","[""build"", ""docs"", ""feat""]",1.359025022946298,"[""b7e38fb62aa6e8a30d72dec063b1adccd089d0aa"", ""eb51316cdfdc7258d287ba13b67ef2f42bd2b8f6"", ""73211952964a79d97b434dd567e6d7d34be7feb5""]",1.0,1.0,1.0,True,0.0,2048,False,3
"[""docs"", ""build"", ""fix"", ""test""]","[""build"", ""fix"", ""test""]",1.469531913753599,"[""4542d9973a848a2bd4f9baf12992efe7d7a69f2c"", ""73b8948ea1d49e05ae8c63b17926eda4cb04e9bb"", ""1f663cbe4b4a9e7a0ae89c05f824335f2a0857fd""]",0.75,1.0,0.8571428571428571,False,0.1428571428571428,2048,False,3
"[""build"", ""refactor"", ""test""]","[""ci"", ""refactor"", ""test""]",1.3506195610389111,"[""bda1822851d9be04f0d39f2213d1e2066eb115c8"", ""b98a8fed0b67b99ef4f8373aea904f847315e468"", ""b7e2330fa3a8d7b8a9bff01b707c44e64b845c7b""]",0.6666666666666666,0.6666666666666666,0.6666666666666666,False,0.2857142857142857,2048,False,3
"[""feat"", ""fix"", ""refactor"", ""docs"", ""test"", ""ci"", ""build""]","[""docs"", ""feat"", ""test""]",1.984356990084052,"[""fd849bd08363df60dbc8b9b6d55bac4f5ace88f4"", ""b7191a24b71cce2b7260d60de26ac8161546110e"", ""11ffd5174bd61a2939ae58d2b2d43284302ae490""]",0.4285714285714285,1.0,0.6,False,0.5714285714285714,2048,False,3
"[""ci"", ""docs"", ""refactor""]","[""ci"", ""docs"", ""refactor""]",1.4473009379580617,"[""be44bbdeb52c6025e81c99528ed7b0d932c5be18"", ""16124286236edf03a6199720ba1629a35e3fe1aa"", ""0e4ede620dd9a2cdc13ab9cc6da05577b39fddb8""]",1.0,1.0,1.0,True,0.0,2048,False,3
"[""build"", ""feat"", ""refactor""]","[""build"", ""feat"", ""fix""]",1.4495074818842113,"[""ecc481f9f501aa34b41e06e7bbdde6e79f8ca1bb"", ""8b9176b44bb01a1eef497a403b0304bc389c9aee"", ""cc6408b88246f20c62884a5892a6276baf7c3920""]",0.6666666666666666,0.6666666666666666,0.6666666666666666,False,0.2857142857142857,2048,False,3
"[""docs"", ""refactor"", ""test""]","[""docs"", ""fix"", ""test""]",1.3213078379631042,"[""12257ce53f94dc902df4ba087de90f52d2840ad4"", ""2b1ad9d10fc5685ec75f362a73229569f03344ca"", ""6c7398993bc567ec84e4573b6ededbf50b1ef606""]",0.6666666666666666,0.6666666666666666,0.6666666666666666,False,0.2857142857142857,2048,False,3
"[""build"", ""ci"", ""docs""]","[""build"", ""ci"", ""refactor""]",1.1223573498427868,"[""b7e38fb62aa6e8a30d72dec063b1adccd089d0aa"", ""6f5b1103c0893d13b42f1f7c6504c9c339840be3"", ""3550066c886bf253df376f303a60ed475ac42aaa""]",0.6666666666666666,0.6666666666666666,0.6666666666666666,False,0.2857142857142857,2048,False,3
"[""feat"", ""build""]","[""build"", ""feat"", ""refactor""]",1.2586935008876026,"[""b7e38fb62aa6e8a30d72dec063b1adccd089d0aa"", ""73211952964a79d97b434dd567e6d7d34be7feb5"", ""8da0303bc02db5fe047cfc0631a9da41d9dc60f7""]",1.0,0.6666666666666666,0.8,False,0.1428571428571428,2048,False,3
"[""feat"", ""docs"", ""test"", ""build""]","[""ci"", ""feat"", ""test""]",1.4791152230463922,"[""bda1822851d9be04f0d39f2213d1e2066eb115c8"", ""988dda23984894cea097d64646196e8d6196d6b6"", ""90a48c74f6faa0829d3809f739a42c0133e63ae0""]",0.5,0.6666666666666666,0.5714285714285715,False,0.4285714285714285,2048,False,3
"[""build"", ""docs"", ""fix""]","[""build"", ""docs"", ""fix""]",1.2355338530614972,"[""ecc481f9f501aa34b41e06e7bbdde6e79f8ca1bb"", ""144388439d64e049cbed4e37659e819856d6987f"", ""45b386aa3f06bce06f5e03fbde0aa52c4051c8bc""]",1.0,1.0,1.0,True,0.0,2048,False,3
"[""docs"", ""fix"", ""test""]","[""docs"", ""fix"", ""test""]",1.1905475039966404,"[""af5ec2005504bbd836a54bfb2df0b7f6cf15f314"", ""f9f309d1f4ef1917a89e867e6ba4c3f8d5b24d48"", ""3c812f916e06a53b899e9e3dd79760b475fa4b87""]",1.0,1.0,1.0,True,0.0,2048,False,3
"[""ci"", ""build"", ""test"", ""refactor""]","[""ci"", ""feat"", ""refactor""]",1.5267806290648878,"[""be44bbdeb52c6025e81c99528ed7b0d932c5be18"", ""3730075261bc81df68f9d10f12a2d6bbffd8493c"", ""0e4ede620dd9a2cdc13ab9cc6da05577b39fddb8""]",0.5,0.6666666666666666,0.5714285714285715,False,0.4285714285714285,2048,False,3
"[""build"", ""docs"", ""refactor""]","[""build"", ""docs"", ""fix""]",1.483362809754908,"[""ecc481f9f501aa34b41e06e7bbdde6e79f8ca1bb"", ""ee7cc5d5a940fba774e715b1f029c6361110b108"", ""cc6408b88246f20c62884a5892a6276baf7c3920""]",0.6666666666666666,0.6666666666666666,0.6666666666666666,False,0.2857142857142857,2048,False,3
"[""docs"", ""test"", ""refactor""]","[""feat"", ""refactor"", ""test""]",1.3157506030984225,"[""a84d6715a4df12cc0ee9aa6f2596ce3b04353958"", ""e8a8edadc5c25d6410462b89a48e0602e0cbbc7f"", ""e77f6751182595fe08940d67e11a90416c8dd6fd""]",0.6666666666666666,0.6666666666666666,0.6666666666666666,False,0.2857142857142857,2048,False,3
"[""ci"", ""docs"", ""feat""]","[""ci"", ""docs"", ""feat""]",1.402940355241299,"[""200aca9f3d1253e4e28e79464da19b701aba777e"", ""2fdecc045fdb509832a758e45412c115fa03e8e8"", ""8a954673531d6935f5517535b9068639ed5cff0d""]",1.0,1.0,1.0,True,0.0,2048,False,3
"[""ci"", ""test"", ""refactor""]","[""ci"", ""fix"", ""test""]",1.2534357639960945,"[""e7ecc8763152ed6f89dbf4a6f313c276549eb0b7"", ""2b1ad9d10fc5685ec75f362a73229569f03344ca"", ""6c7398993bc567ec84e4573b6ededbf50b1ef606""]",0.6666666666666666,0.6666666666666666,0.6666666666666666,False,0.2857142857142857,2048,False,3
"[""build"", ""ci"", ""refactor""]","[""build"", ""ci"", ""refactor""]",1.4413927528075874,"[""45bbdaba1490a3216decb2c1a88b8f7041a3d505"", ""be44bbdeb52c6025e81c99528ed7b0d932c5be18"", ""0e4ede620dd9a2cdc13ab9cc6da05577b39fddb8""]",1.0,1.0,1.0,True,0.0,2048,False,3
"[""build"", ""test""]","[""build"", ""fix"", ""refactor""]",1.0119960866868496,"[""37b1cbfd3d2c462ef4f2a131e4172c38dc8d9ddf"", ""9db124c65f291a1524ed2e7db1c04a7020eaed80"", ""e2b7c0ea44b9c958f66d0cbd59fec597008f4793""]",0.5,0.3333333333333333,0.4,False,0.4285714285714285,2048,False,3
"[""docs"", ""ci"", ""test""]","[""docs"", ""feat"", ""test""]",1.2046484206803143,"[""6ffb9ffff014c8184f6c84a02854e348f2679636"", ""ebaa20ea3f02e25f78c52cae208017a898cb6c13"", ""3c812f916e06a53b899e9e3dd79760b475fa4b87""]",0.6666666666666666,0.6666666666666666,0.6666666666666666,False,0.2857142857142857,2048,False,3
"[""ci"", ""docs"", ""refactor""]","[""ci"", ""docs"", ""fix""]",1.1897452268749475,"[""cb5634329ca9f3eaa72bb3dede79913ca8283b1b"", ""2b01808ec86fe9d8b4a93141a1b7f95e11fd6010"", ""2b1ad9d10fc5685ec75f362a73229569f03344ca""]",0.6666666666666666,0.6666666666666666,0.6666666666666666,False,0.2857142857142857,2048,False,3
"[""ci"", ""test""]","[""build"", ""refactor"", ""test""]",1.1630167323164642,"[""e0a977b2d316e7612b5d72cb02cd7d78e75dbc55"", ""72e3eed599b3a3dd154575af344ac3e5c62dd07b"", ""e77f6751182595fe08940d67e11a90416c8dd6fd""]",0.5,0.3333333333333333,0.4,False,0.4285714285714285,2048,False,3
"[""build"", ""test"", ""refactor""]","[""build"", ""feat"", ""fix""]",1.398387853987515,"[""45bbdaba1490a3216decb2c1a88b8f7041a3d505"", ""3730075261bc81df68f9d10f12a2d6bbffd8493c"", ""ccd1946a375e2ac10c3c591b04a435c4bc5170c2""]",0.3333333333333333,0.3333333333333333,0.3333333333333333,False,0.5714285714285714,2048,False,3
"[""ci"", ""build"", ""refactor"", ""test""]","[""ci"", ""refactor"", ""test""]",1.51526687014848,"[""be44bbdeb52c6025e81c99528ed7b0d932c5be18"", ""0e4ede620dd9a2cdc13ab9cc6da05577b39fddb8"", ""076b9f5efc109b481074a81957e24ce9f4a69f08""]",0.75,1.0,0.8571428571428571,False,0.1428571428571428,2048,False,3
"[""feat"", ""fix"", ""refactor"", ""docs"", ""test"", ""ci"", ""build""]","[""docs"", ""feat"", ""refactor""]",1.8632837077602744,"[""9849430b11b92ae58d94cfe4d0b06313c7eab550"", ""73211952964a79d97b434dd567e6d7d34be7feb5"", ""adc34a26803e2b02df0ddc0739d73cd0b6216e00""]",0.4285714285714285,1.0,0.6,False,0.5714285714285714,2048,False,3
"[""refactor"", ""docs""]","[""docs"", ""feat"", ""fix""]",1.1698460262268782,"[""036a0ff49a7dade0e04c9c07071a1ff49133ee24"", ""4a4c7afca7e1beadd4b213214074fdb420eb0923"", ""a81bbb83d64867f08c4d1be10919ef6806a1bf51""]",0.5,0.3333333333333333,0.4,False,0.4285714285714285,2048,False,3
"[""build"", ""ci"", ""refactor""]","[""build"", ""ci"", ""test""]",1.3263604319654403,"[""45bbdaba1490a3216decb2c1a88b8f7041a3d505"", ""be44bbdeb52c6025e81c99528ed7b0d932c5be18"", ""076b9f5efc109b481074a81957e24ce9f4a69f08""]",0.6666666666666666,0.6666666666666666,0.6666666666666666,False,0.2857142857142857,2048,False,3
"[""ci"", ""test"", ""docs"", ""refactor""]","[""ci"", ""docs"", ""fix""]",1.3638172559440136,"[""d03e345c52d1e66fe51395c701bef1c6dc3a54c0"", ""3f0ae7cf819776124d7aae792800fb9730a593a9"", ""2b1ad9d10fc5685ec75f362a73229569f03344ca""]",0.5,0.6666666666666666,0.5714285714285715,False,0.4285714285714285,2048,False,3
"[""feat"", ""build"", ""test""]","[""build"", ""feat"", ""test""]",1.1146186660043895,"[""37b1cbfd3d2c462ef4f2a131e4172c38dc8d9ddf"", ""542f0cad5337de15428f0b6567ce4efd20a19a48"", ""422940e3d7ef6850acda0be349865d737476dd10""]",1.0,1.0,1.0,True,0.0,2048,False,3
"[""refactor"", ""docs"", ""test""]","[""docs"", ""feat"", ""refactor""]",1.5478031700477004,"[""0105a4ee47706d9b3aa8f22d0a75585a498731ec"", ""3709e392924aba3542514ce35bd681adca39e8ac"", ""cd7e8c3d3549ea05115b3f02586eeba894d86906""]",0.6666666666666666,0.6666666666666666,0.6666666666666666,False,0.2857142857142857,2048,False,3
"[""test""]","[""fix"", ""refactor"", ""test""]",1.082923835143447,"[""974e033a3ca7484290a04201ee33856a25da0942"", ""1918d339b8e3738df83d73e1decb31b5209ee8db"", ""69a394e7ff6243457685a28911b79e47f981278c""]",1.0,0.3333333333333333,0.5,False,0.2857142857142857,2048,False,3
"[""build"", ""fix"", ""refactor""]","[""build"", ""ci"", ""fix""]",1.3989781481213868,"[""bfe32bf10e9b6d699f694fbd095af0b3f2e6275f"", ""bda1822851d9be04f0d39f2213d1e2066eb115c8"", ""80242b34468398e835e5b3fc5ac345dbae4bcc7e""]",0.6666666666666666,0.6666666666666666,0.6666666666666666,False,0.2857142857142857,2048,False,3
"[""docs"", ""feat"", ""refactor""]","[""docs"", ""feat"", ""refactor""]",1.3843255983665586,"[""01e536c6eb273f533ac7bb1a51c4954128de2c63"", ""15b8e4bc9349ce017f65e10b95cae48b0aa11828"", ""e8a8edadc5c25d6410462b89a48e0602e0cbbc7f""]",1.0,1.0,1.0,True,0.0,2048,False,3
"[""build"", ""ci"", ""test""]","[""build"", ""ci"", ""test""]",1.034262428060174,"[""b7e38fb62aa6e8a30d72dec063b1adccd089d0aa"", ""6f5b1103c0893d13b42f1f7c6504c9c339840be3"", ""625cbbca0d92b8756eac6fcacc795d90527d8975""]",1.0,1.0,1.0,True,0.0,2048,False,3
"[""feat"", ""fix"", ""refactor"", ""docs"", ""test"", ""ci"", ""build""]","[""build"", ""feat"", ""fix""]",2.0949763702228665,"[""bfe32bf10e9b6d699f694fbd095af0b3f2e6275f"", ""ecf865f2fef03093adedf065d1732b2386a0df40"", ""238ba1990ea68eb64bdfc6b31efebad2acb01ad6""]",0.4285714285714285,1.0,0.6,False,0.5714285714285714,2048,False,3
"[""docs"", ""refactor"", ""test""]","[""docs"", ""refactor"", ""test""]",1.3269278393127024,"[""01e1e33f377934099a4a725fab5cd6c5ff50eaa2"", ""adc34a26803e2b02df0ddc0739d73cd0b6216e00"", ""625cbbca0d92b8756eac6fcacc795d90527d8975""]",1.0,1.0,1.0,True,0.0,2048,False,3
"[""ci"", ""docs"", ""build"", ""refactor""]","[""ci"", ""docs"", ""test""]",1.3988640578463674,"[""be44bbdeb52c6025e81c99528ed7b0d932c5be18"", ""b8a664c1b10f4e30a3e221a14211a3cdaf90b7f4"", ""076b9f5efc109b481074a81957e24ce9f4a69f08""]",0.5,0.6666666666666666,0.5714285714285715,False,0.4285714285714285,2048,False,3
"[""build"", ""ci"", ""test""]","[""build"", ""ci"", ""feat""]",1.3992909640073776,"[""45bbdaba1490a3216decb2c1a88b8f7041a3d505"", ""be44bbdeb52c6025e81c99528ed7b0d932c5be18"", ""3730075261bc81df68f9d10f12a2d6bbffd8493c""]",0.6666666666666666,0.6666666666666666,0.6666666666666666,False,0.2857142857142857,2048,False,3
"[""fix"", ""test"", ""build""]","[""fix"", ""refactor"", ""test""]",1.4687000117264688,"[""238ba1990ea68eb64bdfc6b31efebad2acb01ad6"", ""d4d8bdd3a0a5cec993735abc2e8cc2feff8eae27"", ""cd2bfb9b2298e8cd91013808547b35a9c40f46f1""]",0.6666666666666666,0.6666666666666666,0.6666666666666666,False,0.2857142857142857,2048,False,3
"[""docs"", ""refactor"", ""build""]","[""docs"", ""fix"", ""refactor""]",1.405757874250412,"[""16124286236edf03a6199720ba1629a35e3fe1aa"", ""ccd1946a375e2ac10c3c591b04a435c4bc5170c2"", ""0e4ede620dd9a2cdc13ab9cc6da05577b39fddb8""]",0.6666666666666666,0.6666666666666666,0.6666666666666666,False,0.2857142857142857,2048,False,3
"[""feat"", ""build"", ""ci""]","[""build"", ""ci"", ""feat""]",1.2319713598117232,"[""b7e38fb62aa6e8a30d72dec063b1adccd089d0aa"", ""6f5b1103c0893d13b42f1f7c6504c9c339840be3"", ""73211952964a79d97b434dd567e6d7d34be7feb5""]",1.0,1.0,1.0,True,0.0,2048,False,3
"[""docs"", ""feat"", ""test""]","[""docs"", ""feat"", ""test""]",1.441986409947276,"[""8dfd2af29bf784b242992ee9ec0fbc85753b063c"", ""8a954673531d6935f5517535b9068639ed5cff0d"", ""6c7398993bc567ec84e4573b6ededbf50b1ef606""]",1.0,1.0,1.0,True,0.0,2048,False,3
"[""build"", ""ci"", ""refactor""]","[""build"", ""ci"", ""fix""]",1.355357883963734,"[""45bbdaba1490a3216decb2c1a88b8f7041a3d505"", ""be44bbdeb52c6025e81c99528ed7b0d932c5be18"", ""ccd1946a375e2ac10c3c591b04a435c4bc5170c2""]",0.6666666666666666,0.6666666666666666,0.6666666666666666,False,0.2857142857142857,2048,False,3
"[""build"", ""feat""]","[""build"", ""feat"", ""refactor""]",1.079862050246447,"[""0f38960851ac0fd159727d5dffb36f50268eec18"", ""1ae8bf1195b197daa80ba6e45360f8b894364cd4"", ""336b25f3ae9da5d972304662fcdb88f4719c721d""]",1.0,0.6666666666666666,0.8,False,0.1428571428571428,2048,False,3
"[""ci"", ""docs"", ""refactor""]","[""ci"", ""docs"", ""refactor""]",1.381897147744894,"[""6f5b1103c0893d13b42f1f7c6504c9c339840be3"", ""eb51316cdfdc7258d287ba13b67ef2f42bd2b8f6"", ""d357640fab55e5964fe83efc3c771e53aa3222fd""]",1.0,1.0,1.0,True,0.0,2048,False,3
"[""ci"", ""fix"", ""test""]","[""feat"", ""fix"", ""test""]",1.1873178388923409,"[""ebaa20ea3f02e25f78c52cae208017a898cb6c13"", ""dc50bd35462a49058c91a939fc8830ae7a9eb692"", ""3c812f916e06a53b899e9e3dd79760b475fa4b87""]",0.6666666666666666,0.6666666666666666,0.6666666666666666,False,0.2857142857142857,2048,False,3
"[""build"", ""docs"", ""fix""]","[""build"", ""docs"", ""refactor""]",1.2819380410946906,"[""0f38960851ac0fd159727d5dffb36f50268eec18"", ""dfab97842fe78fb8f217a5185fb6ec92682a53ca"", ""f85974761be11e0ecc85575bc4b6d5a02e438fd2""]",0.6666666666666666,0.6666666666666666,0.6666666666666666,False,0.2857142857142857,2048,False,3
"[""ci"", ""feat"", ""test""]","[""ci"", ""fix"", ""test""]",1.2078685560263691,"[""8d2e23bde626eaed6e5b13384cc7ac38bab5ea66"", ""f9d9f859240c6f7e78b0303ea40e46622d42bc3c"", ""cdbc37711fa9c64b2cfa767766ca55c95c1736f7""]",0.6666666666666666,0.6666666666666666,0.6666666666666666,False,0.2857142857142857,2048,False,3
"[""build"", ""fix"", ""test""]","[""build"", ""fix"", ""test""]",1.1251839348115027,"[""b7e38fb62aa6e8a30d72dec063b1adccd089d0aa"", ""be2cbd9480fcbd60c3011ca57f1d761185cf52bd"", ""625cbbca0d92b8756eac6fcacc795d90527d8975""]",1.0,1.0,1.0,True,0.0,2048,False,3
"[""feat"", ""docs"", ""test""]","[""ci"", ""feat"", ""refactor""]",1.2363270740024743,"[""bda1822851d9be04f0d39f2213d1e2066eb115c8"", ""9114362b39f5194209cd0b330af7076333f3db77"", ""fba4326c72fc22d81aba6976a9fef1e4b6154fd9""]",0.3333333333333333,0.3333333333333333,0.3333333333333333,False,0.5714285714285714,2048,False,3
"[""ci"", ""docs"", ""refactor"", ""feat""]","[""ci"", ""docs"", ""feat""]",1.4590989002026618,"[""8d2e23bde626eaed6e5b13384cc7ac38bab5ea66"", ""527e0abd0f88cb3ae2dc1a6ec7a62c241250444d"", ""bbb6ee10de824f2e3259576ac01768640c884279""]",0.75,1.0,0.8571428571428571,False,0.1428571428571428,2048,False,3
"[""docs"", ""fix"", ""refactor"", ""test""]","[""docs"", ""refactor"", ""test""]",1.522396787069738,"[""e9358fb4955396bfc3340418c77cbce4fa6123ee"", ""eb8a8d3fc493ff8a20b19c9efac8f112ae9f5762"", ""4464cf5e89d5e570c20267d09fb1fa2b7ef66b93""]",0.75,1.0,0.8571428571428571,False,0.1428571428571428,2048,False,3
"[""build"", ""ci"", ""fix""]","[""build"", ""ci"", ""fix""]",1.005704508163035,"[""b7e38fb62aa6e8a30d72dec063b1adccd089d0aa"", ""6f5b1103c0893d13b42f1f7c6504c9c339840be3"", ""be2cbd9480fcbd60c3011ca57f1d761185cf52bd""]",1.0,1.0,1.0,True,0.0,2048,False,3
"[""feat"", ""fix"", ""refactor"", ""docs"", ""test"", ""ci"", ""build""]","[""docs"", ""feat"", ""refactor""]",2.086899413727224,"[""e9358fb4955396bfc3340418c77cbce4fa6123ee"", ""3709e392924aba3542514ce35bd681adca39e8ac"", ""cd7e8c3d3549ea05115b3f02586eeba894d86906""]",0.4285714285714285,1.0,0.6,False,0.5714285714285714,2048,False,3
"[""build"", ""test""]","[""build"", ""fix"", ""test""]",1.2174711381085217,"[""4ab28fc2e63e975a0c77e18ae644f34fa5f8771a"", ""b131f5d67076b97b3186c820760df839bf796ad5"", ""2a7c6f5c0b1c966d6a5d103de1978a61c141648a""]",1.0,0.6666666666666666,0.8,False,0.1428571428571428,2048,False,3
"[""docs"", ""test"", ""refactor""]","[""docs"", ""feat"", ""refactor""]",1.446326666045934,"[""b8a664c1b10f4e30a3e221a14211a3cdaf90b7f4"", ""3730075261bc81df68f9d10f12a2d6bbffd8493c"", ""0e4ede620dd9a2cdc13ab9cc6da05577b39fddb8""]",0.6666666666666666,0.6666666666666666,0.6666666666666666,False,0.2857142857142857,2048,False,3
"[""ci"", ""test"", ""refactor""]","[""build"", ""fix"", ""test""]",1.1648278892971575,"[""37b1cbfd3d2c462ef4f2a131e4172c38dc8d9ddf"", ""c1d3b58fd20995b1b9ca4e6771e3fa375242b02d"", ""82c47c7165a28f311cd40e132a6c24f6a7c82d4b""]",0.3333333333333333,0.3333333333333333,0.3333333333333333,False,0.5714285714285714,2048,False,3
"[""feat"", ""build"", ""docs"", ""refactor""]","[""ci"", ""feat"", ""refactor""]",1.4860343406908214,"[""bda1822851d9be04f0d39f2213d1e2066eb115c8"", ""9114362b39f5194209cd0b330af7076333f3db77"", ""d4d8bdd3a0a5cec993735abc2e8cc2feff8eae27""]",0.5,0.6666666666666666,0.5714285714285715,False,0.4285714285714285,2048,False,3
"[""feat"", ""fix"", ""refactor"", ""docs"", ""test"", ""ci"", ""build""]","[""build"", ""docs"", ""fix""]",1.7799772419966755,"[""2d4d735d94386f5045e3b3abc022c2edcdfaef8f"", ""cc553ae68766395e9f253379ddd7cf664d7befa1"", ""eb9f7b24364e86d7bcf50bb23b62c743cf5526f6""]",0.4285714285714285,1.0,0.6,False,0.5714285714285714,2048,False,3
"[""ci"", ""docs"", ""test""]","[""ci"", ""docs"", ""test""]",1.3977476838044822,"[""87d576e936e234d0429ad753267a2760c5dfd314"", ""2fdecc045fdb509832a758e45412c115fa03e8e8"", ""6c7398993bc567ec84e4573b6ededbf50b1ef606""]",1.0,1.0,1.0,True,0.0,2048,False,3
"[""build""]","[""build"", ""ci"", ""test""]",1.0809961589984596,"[""454003841aabeb74396d73541378bfa59c75b5db"", ""bda1822851d9be04f0d39f2213d1e2066eb115c8"", ""cd2bfb9b2298e8cd91013808547b35a9c40f46f1""]",1.0,0.3333333333333333,0.5,False,0.2857142857142857,2048,False,3
"[""feat"", ""fix"", ""refactor"", ""docs"", ""test"", ""ci"", ""build""]","[""feat"", ""fix"", ""refactor""]",1.9530042400583625,"[""482442ecc1aaf981895a36c367abbd377fd93891"", ""80242b34468398e835e5b3fc5ac345dbae4bcc7e"", ""fba4326c72fc22d81aba6976a9fef1e4b6154fd9""]",0.4285714285714285,1.0,0.6,False,0.5714285714285714,2048,False,3
"[""feat"", ""fix"", ""refactor"", ""docs"", ""test"", ""ci"", ""build""]","[""build"", ""fix"", ""refactor"", ""test""]",1.989597533363849,"[""45bbdaba1490a3216decb2c1a88b8f7041a3d505"", ""ccd1946a375e2ac10c3c591b04a435c4bc5170c2"", ""0e4ede620dd9a2cdc13ab9cc6da05577b39fddb8"", ""076b9f5efc109b481074a81957e24ce9f4a69f08""]",0.5714285714285714,1.0,0.7272727272727273,False,0.4285714285714285,2048,False,4
"[""ci"", ""docs"", ""feat"", ""refactor""]","[""ci"", ""docs"", ""feat"", ""refactor""]",1.453369286376983,"[""6f5b1103c0893d13b42f1f7c6504c9c339840be3"", ""01e1e33f377934099a4a725fab5cd6c5ff50eaa2"", ""73211952964a79d97b434dd567e6d7d34be7feb5"", ""7d6f760a91b55967972bbd1b972307624e876805""]",1.0,1.0,1.0,True,0.0,2048,False,4
"[""build"", ""ci"", ""docs"", ""refactor""]","[""build"", ""ci"", ""docs"", ""test""]",1.6140814637765288,"[""45bbdaba1490a3216decb2c1a88b8f7041a3d505"", ""be44bbdeb52c6025e81c99528ed7b0d932c5be18"", ""16124286236edf03a6199720ba1629a35e3fe1aa"", ""076b9f5efc109b481074a81957e24ce9f4a69f08""]",0.75,0.75,0.75,False,0.2857142857142857,2048,False,4
"[""docs"", ""test"", ""fix""]","[""feat"", ""fix"", ""refactor"", ""test""]",1.30646978225559,"[""a84d6715a4df12cc0ee9aa6f2596ce3b04353958"", ""6849b9066f5d95b9e54c67046cfa136cf0d88b27"", ""3e0e30ecebaf23f0c36fa4811426f8f4e0057cfe"", ""e77f6751182595fe08940d67e11a90416c8dd6fd""]",0.6666666666666666,0.5,0.5714285714285715,False,0.4285714285714285,2048,False,4
"[""feat"", ""build"", ""ci"", ""fix"", ""refactor""]","[""build"", ""ci"", ""feat"", ""fix""]",1.6321599492803216,"[""b8dfd5a2f39b4768cf070aeb9d09364577c626f9"", ""bda1822851d9be04f0d39f2213d1e2066eb115c8"", ""6f0cf049caa1a7982669ee685e86621452686551"", ""80242b34468398e835e5b3fc5ac345dbae4bcc7e""]",0.8,1.0,0.888888888888889,False,0.1428571428571428,2048,False,4
"[""ci"", ""docs"", ""test"", ""build"", ""refactor""]","[""ci"", ""docs"", ""feat"", ""test""]",1.6728803967125714,"[""be44bbdeb52c6025e81c99528ed7b0d932c5be18"", ""b8a664c1b10f4e30a3e221a14211a3cdaf90b7f4"", ""3730075261bc81df68f9d10f12a2d6bbffd8493c"", ""076b9f5efc109b481074a81957e24ce9f4a69f08""]",0.6,0.75,0.6666666666666665,False,0.4285714285714285,2048,False,4
"[""build"", ""docs"", ""refactor""]","[""build"", ""docs"", ""fix"", ""refactor""]",1.3982017878443005,"[""1ad3f41f28d2faa5229ee88b54d673275cc31036"", ""cc553ae68766395e9f253379ddd7cf664d7befa1"", ""6849b9066f5d95b9e54c67046cfa136cf0d88b27"", ""e8a8edadc5c25d6410462b89a48e0602e0cbbc7f""]",1.0,0.75,0.8571428571428571,False,0.1428571428571428,2048,False,4
"[""build"", ""ci"", ""docs"", ""refactor""]","[""build"", ""ci"", ""docs"", ""refactor""]",1.4863609289750457,"[""b7e38fb62aa6e8a30d72dec063b1adccd089d0aa"", ""6f5b1103c0893d13b42f1f7c6504c9c339840be3"", ""01e1e33f377934099a4a725fab5cd6c5ff50eaa2"", ""86f3e3397594f8312226c5a193608a054087805c""]",1.0,1.0,1.0,True,0.0,2048,False,4
"[""ci"", ""feat"", ""test"", ""fix""]","[""ci"", ""feat"", ""fix"", ""test""]",1.54026224790141,"[""bda1822851d9be04f0d39f2213d1e2066eb115c8"", ""482442ecc1aaf981895a36c367abbd377fd93891"", ""238ba1990ea68eb64bdfc6b31efebad2acb01ad6"", ""b7e2330fa3a8d7b8a9bff01b707c44e64b845c7b""]",1.0,1.0,1.0,True,0.0,2048,False,4
"[""feat"", ""fix"", ""refactor"", ""docs"", ""test"", ""ci"", ""build""]","[""build"", ""docs"", ""feat"", ""refactor""]",1.9902288620360196,"[""b0866f62417f56bdd5a46e8f14278af79efc4d76"", ""fc9af4d0b93d69be4e201ffb18da04324e8a4a87"", ""a84d6715a4df12cc0ee9aa6f2596ce3b04353958"", ""3e0e30ecebaf23f0c36fa4811426f8f4e0057cfe""]",0.5714285714285714,1.0,0.7272727272727273,False,0.4285714285714285,2048,False,4
"[""feat"", ""build"", ""test""]","[""build"", ""feat"", ""fix"", ""test""]",1.4945808220654726,"[""ecc481f9f501aa34b41e06e7bbdde6e79f8ca1bb"", ""8b9176b44bb01a1eef497a403b0304bc389c9aee"", ""cc6408b88246f20c62884a5892a6276baf7c3920"", ""87427fe39d165bee2acedde8dbaa237cca3fb61e""]",1.0,0.75,0.8571428571428571,False,0.1428571428571428,2048,False,4
"[""ci"", ""refactor"", ""test""]","[""ci"", ""fix"", ""refactor"", ""test""]",1.381247946061194,"[""492a7ff9c3ecdc558759f09d836830e988a189d2"", ""2b1ad9d10fc5685ec75f362a73229569f03344ca"", ""d55088c612b1108ef566ec47e40fb8d1050f7451"", ""6c7398993bc567ec84e4573b6ededbf50b1ef606""]",1.0,0.75,0.8571428571428571,False,0.1428571428571428,2048,False,4
"[""ci"", ""docs"", ""refactor"", ""test""]","[""ci"", ""docs"", ""refactor"", ""test""]",1.3699401300400496,"[""200aca9f3d1253e4e28e79464da19b701aba777e"", ""7f611e4208d0cc36c635eb0641a4b3258999ae8d"", ""8f1034b79f894b4b1112a4bc1903f37f22f7f5ed"", ""6c7398993bc567ec84e4573b6ededbf50b1ef606""]",1.0,1.0,1.0,True,0.0,2048,False,4
"[""build"", ""docs"", ""test""]","[""build"", ""docs"", ""feat"", ""fix""]",1.399718841072172,"[""45bbdaba1490a3216decb2c1a88b8f7041a3d505"", ""b8a664c1b10f4e30a3e221a14211a3cdaf90b7f4"", ""3730075261bc81df68f9d10f12a2d6bbffd8493c"", ""ccd1946a375e2ac10c3c591b04a435c4bc5170c2""]",0.6666666666666666,0.5,0.5714285714285715,False,0.4285714285714285,2048,False,4
"[""build"", ""docs"", ""fix"", ""test""]","[""build"", ""docs"", ""fix"", ""test""]",1.4928787276148796,"[""ecc481f9f501aa34b41e06e7bbdde6e79f8ca1bb"", ""144388439d64e049cbed4e37659e819856d6987f"", ""45b386aa3f06bce06f5e03fbde0aa52c4051c8bc"", ""3c04162664b130c9486cba54afc16b6e57c779d1""]",1.0,1.0,1.0,True,0.0,2048,False,4
"[""ci"", ""feat"", ""refactor"", ""test""]","[""ci"", ""feat"", ""refactor"", ""test""]",1.49124064296484,"[""6f5b1103c0893d13b42f1f7c6504c9c339840be3"", ""73211952964a79d97b434dd567e6d7d34be7feb5"", ""86f3e3397594f8312226c5a193608a054087805c"", ""625cbbca0d92b8756eac6fcacc795d90527d8975""]",1.0,1.0,1.0,True,0.0,2048,False,4
"[""build"", ""feat"", ""refactor"", ""test""]","[""build"", ""docs"", ""feat"", ""refactor""]",1.3899777918122709,"[""b7e38fb62aa6e8a30d72dec063b1adccd089d0aa"", ""9849430b11b92ae58d94cfe4d0b06313c7eab550"", ""73211952964a79d97b434dd567e6d7d34be7feb5"", ""adc34a26803e2b02df0ddc0739d73cd0b6216e00""]",0.75,0.75,0.75,False,0.2857142857142857,2048,False,4
"[""feat"", ""fix"", ""refactor"", ""docs"", ""test"", ""ci"", ""build""]","[""build"", ""ci"", ""fix"", ""refactor""]",1.9915819098241627,"[""bfe32bf10e9b6d699f694fbd095af0b3f2e6275f"", ""bda1822851d9be04f0d39f2213d1e2066eb115c8"", ""238ba1990ea68eb64bdfc6b31efebad2acb01ad6"", ""d4d8bdd3a0a5cec993735abc2e8cc2feff8eae27""]",0.5714285714285714,1.0,0.7272727272727273,False,0.4285714285714285,2048,False,4
"[""ci"", ""docs"", ""refactor"", ""build""]","[""ci"", ""docs"", ""fix"", ""test""]",1.487940494902432,"[""be44bbdeb52c6025e81c99528ed7b0d932c5be18"", ""b8a664c1b10f4e30a3e221a14211a3cdaf90b7f4"", ""ccd1946a375e2ac10c3c591b04a435c4bc5170c2"", ""076b9f5efc109b481074a81957e24ce9f4a69f08""]",0.5,0.5,0.5,False,0.5714285714285714,2048,False,4
"[""build"", ""feat"", ""refactor""]","[""build"", ""docs"", ""feat"", ""refactor""]",1.3868373120203614,"[""b7e38fb62aa6e8a30d72dec063b1adccd089d0aa"", ""9849430b11b92ae58d94cfe4d0b06313c7eab550"", ""73211952964a79d97b434dd567e6d7d34be7feb5"", ""eafee3c5c124ce0c71fd854270cea39cc273b27c""]",1.0,0.75,0.8571428571428571,False,0.1428571428571428,2048,False,4
"[""feat"", ""test"", ""ci"", ""refactor""]","[""ci"", ""feat"", ""fix"", ""test""]",1.520023112650961,"[""492a7ff9c3ecdc558759f09d836830e988a189d2"", ""8a954673531d6935f5517535b9068639ed5cff0d"", ""2b1ad9d10fc5685ec75f362a73229569f03344ca"", ""6c7398993bc567ec84e4573b6ededbf50b1ef606""]",0.75,0.75,0.75,False,0.2857142857142857,2048,False,4
"[""ci"", ""feat"", ""fix"", ""test""]","[""ci"", ""feat"", ""refactor"", ""test""]",1.3479016730561852,"[""2e65145acb5a3d20d16203142c466da0e32729ba"", ""8a954673531d6935f5517535b9068639ed5cff0d"", ""8f1034b79f894b4b1112a4bc1903f37f22f7f5ed"", ""6c7398993bc567ec84e4573b6ededbf50b1ef606""]",0.75,0.75,0.75,False,0.2857142857142857,2048,False,4
"[""build"", ""docs"", ""fix""]","[""build"", ""docs"", ""fix"", ""refactor""]",1.242588932160288,"[""b7e38fb62aa6e8a30d72dec063b1adccd089d0aa"", ""eb51316cdfdc7258d287ba13b67ef2f42bd2b8f6"", ""be2cbd9480fcbd60c3011ca57f1d761185cf52bd"", ""7f797e68d8f721dff9553ba0ba5616efc456ebb5""]",1.0,0.75,0.8571428571428571,False,0.1428571428571428,2048,False,4
"[""feat"", ""fix"", ""test"", ""build"", ""docs""]","[""build"", ""ci"", ""feat"", ""test""]",1.4960386399179697,"[""b8dfd5a2f39b4768cf070aeb9d09364577c626f9"", ""bda1822851d9be04f0d39f2213d1e2066eb115c8"", ""988dda23984894cea097d64646196e8d6196d6b6"", ""7c48976f943e1e9b5850967b6f2963a205476ded""]",0.6,0.75,0.6666666666666665,False,0.4285714285714285,2048,False,4
"[""docs"", ""ci"", ""fix"", ""refactor""]","[""docs"", ""feat"", ""fix"", ""refactor""]",1.6162765701301396,"[""3a4e21c36d76b4bea8dbb365d3c3bd005a7f3f8f"", ""ebaa20ea3f02e25f78c52cae208017a898cb6c13"", ""d129eaf9125a967ac86c6c7276bbae6b4d50af36"", ""8a9a022baa15befc325f87892c6bdae25b35bc33""]",0.75,0.75,0.75,False,0.2857142857142857,2048,False,4
"[""build"", ""ci"", ""docs"", ""refactor""]","[""build"", ""ci"", ""docs"", ""test""]",1.54257043171674,"[""45bbdaba1490a3216decb2c1a88b8f7041a3d505"", ""be44bbdeb52c6025e81c99528ed7b0d932c5be18"", ""b8a664c1b10f4e30a3e221a14211a3cdaf90b7f4"", ""076b9f5efc109b481074a81957e24ce9f4a69f08""]",0.75,0.75,0.75,False,0.2857142857142857,2048,False,4
"[""docs"", ""build"", ""ci"", ""refactor""]","[""build"", ""ci"", ""fix"", ""refactor""]",1.6225719531066716,"[""4542d9973a848a2bd4f9baf12992efe7d7a69f2c"", ""db55dae208e4807898e6c747cefdf9bfcb4fd08c"", ""73b8948ea1d49e05ae8c63b17926eda4cb04e9bb"", ""70a00973a07520959210219fcaba2a782d76f491""]",0.75,0.75,0.75,False,0.2857142857142857,2048,False,4
"[""docs"", ""feat"", ""refactor"", ""test""]","[""docs"", ""feat"", ""fix"", ""test""]",1.5361714558675883,"[""3f0ae7cf819776124d7aae792800fb9730a593a9"", ""8a954673531d6935f5517535b9068639ed5cff0d"", ""2b1ad9d10fc5685ec75f362a73229569f03344ca"", ""6c7398993bc567ec84e4573b6ededbf50b1ef606""]",0.75,0.75,0.75,False,0.2857142857142857,2048,False,4
"[""build"", ""test"", ""refactor""]","[""build"", ""feat"", ""fix"", ""test""]",1.4430342861451209,"[""45bbdaba1490a3216decb2c1a88b8f7041a3d505"", ""3730075261bc81df68f9d10f12a2d6bbffd8493c"", ""ccd1946a375e2ac10c3c591b04a435c4bc5170c2"", ""076b9f5efc109b481074a81957e24ce9f4a69f08""]",0.6666666666666666,0.5,0.5714285714285715,False,0.4285714285714285,2048,False,4
"[""ci"", ""feat"", ""docs"", ""fix""]","[""ci"", ""docs"", ""feat"", ""refactor""]",1.5395347881130874,"[""bb00890fa896936d0be09cc5e5f411fb5e64aa5f"", ""af82c2c910c9b5d3dd68de30c59a9e169a8934a5"", ""8a954673531d6935f5517535b9068639ed5cff0d"", ""8f1034b79f894b4b1112a4bc1903f37f22f7f5ed""]",0.75,0.75,0.75,False,0.2857142857142857,2048,False,4
"[""feat"", ""fix"", ""refactor"", ""docs"", ""test"", ""ci"", ""build""]","[""build"", ""ci"", ""refactor"", ""test""]",2.025240838062018,"[""45bbdaba1490a3216decb2c1a88b8f7041a3d505"", ""be44bbdeb52c6025e81c99528ed7b0d932c5be18"", ""0e4ede620dd9a2cdc13ab9cc6da05577b39fddb8"", ""076b9f5efc109b481074a81957e24ce9f4a69f08""]",0.5714285714285714,1.0,0.7272727272727273,False,0.4285714285714285,2048,False,4
"[""ci"", ""docs"", ""fix"", ""test""]","[""ci"", ""docs"", ""fix"", ""test""]",1.3454829431138933,"[""6f5b1103c0893d13b42f1f7c6504c9c339840be3"", ""01e1e33f377934099a4a725fab5cd6c5ff50eaa2"", ""be2cbd9480fcbd60c3011ca57f1d761185cf52bd"", ""625cbbca0d92b8756eac6fcacc795d90527d8975""]",1.0,1.0,1.0,True,0.0,2048,False,4
"[""feat"", ""fix"", ""refactor"", ""docs"", ""test"", ""ci"", ""build""]","[""build"", ""feat"", ""fix"", ""refactor""]",1.8978765630163252,"[""4ab28fc2e63e975a0c77e18ae644f34fa5f8771a"", ""d61bf50f77b404e660a6e5aa9e9bc4ce415e8c18"", ""b131f5d67076b97b3186c820760df839bf796ad5"", ""905693129255e7208ca2ec63c6e07cce711047fd""]",0.5714285714285714,1.0,0.7272727272727273,False,0.4285714285714285,2048,False,4
"[""ci"", ""docs"", ""test"", ""refactor""]","[""ci"", ""docs"", ""feat"", ""fix""]",1.5432043061591685,"[""be44bbdeb52c6025e81c99528ed7b0d932c5be18"", ""b8a664c1b10f4e30a3e221a14211a3cdaf90b7f4"", ""3730075261bc81df68f9d10f12a2d6bbffd8493c"", ""ccd1946a375e2ac10c3c591b04a435c4bc5170c2""]",0.5,0.5,0.5,False,0.5714285714285714,2048,False,4
"[""build"", ""docs"", ""refactor"", ""test""]","[""build"", ""docs"", ""refactor"", ""test""]",1.6862663635984063,"[""ecc481f9f501aa34b41e06e7bbdde6e79f8ca1bb"", ""ee7cc5d5a940fba774e715b1f029c6361110b108"", ""5748ff57ebafe94c4979eafa790d9a84812ca440"", ""3c04162664b130c9486cba54afc16b6e57c779d1""]",1.0,1.0,1.0,True,0.0,2048,False,4
"[""ci"", ""test"", ""docs"", ""refactor""]","[""build"", ""docs"", ""fix"", ""refactor""]",1.5873525473289192,"[""e0a977b2d316e7612b5d72cb02cd7d78e75dbc55"", ""01e536c6eb273f533ac7bb1a51c4954128de2c63"", ""6849b9066f5d95b9e54c67046cfa136cf0d88b27"", ""72e3eed599b3a3dd154575af344ac3e5c62dd07b""]",0.5,0.5,0.5,False,0.5714285714285714,2048,False,4
"[""feat"", ""fix"", ""refactor"", ""docs"", ""test"", ""ci"", ""build""]","[""ci"", ""feat"", ""refactor"", ""test""]",1.8116693799383936,"[""bda1822851d9be04f0d39f2213d1e2066eb115c8"", ""988dda23984894cea097d64646196e8d6196d6b6"", ""d4d8bdd3a0a5cec993735abc2e8cc2feff8eae27"", ""7c48976f943e1e9b5850967b6f2963a205476ded""]",0.5714285714285714,1.0,0.7272727272727273,False,0.4285714285714285,2048,False,4
"[""feat"", ""fix"", ""refactor"", ""docs"", ""test"", ""ci"", ""build""]","[""build"", ""docs"", ""feat"", ""test""]",1.8306167828850448,"[""b0866f62417f56bdd5a46e8f14278af79efc4d76"", ""969aa32659f6918cb0eeeba6b02d6485659dbdd2"", ""a84d6715a4df12cc0ee9aa6f2596ce3b04353958"", ""e77f6751182595fe08940d67e11a90416c8dd6fd""]",0.5714285714285714,1.0,0.7272727272727273,False,0.4285714285714285,2048,False,4
"[""feat"", ""build"", ""ci""]","[""build"", ""ci"", ""feat"", ""fix""]",1.2126077567227185,"[""b7e38fb62aa6e8a30d72dec063b1adccd089d0aa"", ""6f5b1103c0893d13b42f1f7c6504c9c339840be3"", ""73211952964a79d97b434dd567e6d7d34be7feb5"", ""be2cbd9480fcbd60c3011ca57f1d761185cf52bd""]",1.0,0.75,0.8571428571428571,False,0.1428571428571428,2048,False,4
"[""docs"", ""refactor"", ""test""]","[""docs"", ""fix"", ""refactor"", ""test""]",1.4478896236978471,"[""2fdecc045fdb509832a758e45412c115fa03e8e8"", ""2b1ad9d10fc5685ec75f362a73229569f03344ca"", ""d55088c612b1108ef566ec47e40fb8d1050f7451"", ""6c7398993bc567ec84e4573b6ededbf50b1ef606""]",1.0,0.75,0.8571428571428571,False,0.1428571428571428,2048,False,4
"[""ci"", ""fix"", ""test""]","[""ci"", ""fix"", ""refactor"", ""test""]",1.1488296519964931,"[""6f5b1103c0893d13b42f1f7c6504c9c339840be3"", ""be2cbd9480fcbd60c3011ca57f1d761185cf52bd"", ""7f797e68d8f721dff9553ba0ba5616efc456ebb5"", ""625cbbca0d92b8756eac6fcacc795d90527d8975""]",1.0,0.75,0.8571428571428571,False,0.1428571428571428,2048,False,4
"[""feat"", ""fix"", ""refactor"", ""docs"", ""test"", ""ci"", ""build""]","[""build"", ""ci"", ""docs"", ""feat""]",2.07649038778618,"[""45bbdaba1490a3216decb2c1a88b8f7041a3d505"", ""be44bbdeb52c6025e81c99528ed7b0d932c5be18"", ""16124286236edf03a6199720ba1629a35e3fe1aa"", ""3730075261bc81df68f9d10f12a2d6bbffd8493c""]",0.5714285714285714,1.0,0.7272727272727273,False,0.4285714285714285,2048,False,4
"[""feat"", ""fix"", ""refactor"", ""docs"", ""test"", ""ci"", ""build""]","[""feat"", ""fix"", ""refactor"", ""test""]",1.989554258994758,"[""5e09c9128f13c45d54df685b0a17dc8e3f7ff02c"", ""b131f5d67076b97b3186c820760df839bf796ad5"", ""731626ece358b9db69dceeeca91c94920b178bdd"", ""2a7c6f5c0b1c966d6a5d103de1978a61c141648a""]",0.5714285714285714,1.0,0.7272727272727273,False,0.4285714285714285,2048,False,4
"[""build"", ""ci"", ""docs"", ""feat""]","[""build"", ""ci"", ""docs"", ""feat""]",1.4421654650941491,"[""b7e38fb62aa6e8a30d72dec063b1adccd089d0aa"", ""6f5b1103c0893d13b42f1f7c6504c9c339840be3"", ""01e1e33f377934099a4a725fab5cd6c5ff50eaa2"", ""73211952964a79d97b434dd567e6d7d34be7feb5""]",1.0,1.0,1.0,True,0.0,2048,False,4
"[""ci"", ""docs"", ""test"", ""refactor""]","[""ci"", ""docs"", ""fix"", ""test""]",1.5885034748353064,"[""8fe29cdc76480adc79701e4c492ff1e87566f569"", ""8dfd2af29bf784b242992ee9ec0fbc85753b063c"", ""2b1ad9d10fc5685ec75f362a73229569f03344ca"", ""6c7398993bc567ec84e4573b6ededbf50b1ef606""]",0.75,0.75,0.75,False,0.2857142857142857,2048,False,4
"[""feat"", ""build"", ""ci"", ""refactor""]","[""build"", ""ci"", ""feat"", ""refactor""]",1.5808415580540895,"[""b8dfd5a2f39b4768cf070aeb9d09364577c626f9"", ""bda1822851d9be04f0d39f2213d1e2066eb115c8"", ""6f0cf049caa1a7982669ee685e86621452686551"", ""b98a8fed0b67b99ef4f8373aea904f847315e468""]",1.0,1.0,1.0,True,0.0,2048,False,4
"[""build"", ""fix"", ""test""]","[""build"", ""docs"", ""fix"", ""test""]",1.090921888127923,"[""b7e38fb62aa6e8a30d72dec063b1adccd089d0aa"", ""9849430b11b92ae58d94cfe4d0b06313c7eab550"", ""be2cbd9480fcbd60c3011ca57f1d761185cf52bd"", ""625cbbca0d92b8756eac6fcacc795d90527d8975""]",1.0,0.75,0.8571428571428571,False,0.1428571428571428,2048,False,4
"[""build"", ""docs"", ""test""]","[""build"", ""docs"", ""refactor"", ""test""]",1.5372300138697028,"[""ecc481f9f501aa34b41e06e7bbdde6e79f8ca1bb"", ""ee7cc5d5a940fba774e715b1f029c6361110b108"", ""5748ff57ebafe94c4979eafa790d9a84812ca440"", ""87427fe39d165bee2acedde8dbaa237cca3fb61e""]",1.0,0.75,0.8571428571428571,False,0.1428571428571428,2048,False,4
"[""feat"", ""fix"", ""refactor"", ""docs"", ""test"", ""ci"", ""build""]","[""ci"", ""feat"", ""fix"", ""refactor""]",2.0312826950103045,"[""be44bbdeb52c6025e81c99528ed7b0d932c5be18"", ""3730075261bc81df68f9d10f12a2d6bbffd8493c"", ""ccd1946a375e2ac10c3c591b04a435c4bc5170c2"", ""0e4ede620dd9a2cdc13ab9cc6da05577b39fddb8""]",0.5714285714285714,1.0,0.7272727272727273,False,0.4285714285714285,2048,False,4
"[""ci"", ""build"", ""refactor"", ""test""]","[""ci"", ""fix"", ""refactor"", ""test""]",1.5865801172330976,"[""14f535655d39847a85d0193559c9c0010357ba77"", ""2b1ad9d10fc5685ec75f362a73229569f03344ca"", ""d55088c612b1108ef566ec47e40fb8d1050f7451"", ""6c7398993bc567ec84e4573b6ededbf50b1ef606""]",0.75,0.75,0.75,False,0.2857142857142857,2048,False,4
"[""feat"", ""fix"", ""refactor"", ""docs"", ""test"", ""ci"", ""build""]","[""build"", ""docs"", ""feat"", ""test""]",2.034683257807046,"[""f46c6c6c26a14312aa05a77ff2a14aebd74e13ac"", ""fd849bd08363df60dbc8b9b6d55bac4f5ace88f4"", ""7704121d0c0bfce49f01c2b41cbc64a642cbb399"", ""11ffd5174bd61a2939ae58d2b2d43284302ae490""]",0.5714285714285714,1.0,0.7272727272727273,False,0.4285714285714285,2048,False,4
"[""build"", ""ci"", ""feat"", ""fix"", ""test""]","[""build"", ""ci"", ""feat"", ""fix""]",1.4906663838773966,"[""454003841aabeb74396d73541378bfa59c75b5db"", ""bda1822851d9be04f0d39f2213d1e2066eb115c8"", ""ba60e126299ad057772b5516d9ab390e770f1301"", ""238ba1990ea68eb64bdfc6b31efebad2acb01ad6""]",0.8,1.0,0.888888888888889,False,0.1428571428571428,2048,False,4
"[""build"", ""docs"", ""test"", ""refactor""]","[""build"", ""docs"", ""feat"", ""refactor""]",1.6850568014197052,"[""45bbdaba1490a3216decb2c1a88b8f7041a3d505"", ""16124286236edf03a6199720ba1629a35e3fe1aa"", ""3730075261bc81df68f9d10f12a2d6bbffd8493c"", ""0e4ede620dd9a2cdc13ab9cc6da05577b39fddb8""]",0.75,0.75,0.75,False,0.2857142857142857,2048,False,4
"[""docs"", ""fix"", ""test""]","[""docs"", ""fix"", ""refactor"", ""test""]",1.193855858873576,"[""f58567e01509e53afff5dc6f3b59aaae18398eda"", ""f0c5ace9b5c5b7ea55da8607524d6cb68c615455"", ""8a9a022baa15befc325f87892c6bdae25b35bc33"", ""3c812f916e06a53b899e9e3dd79760b475fa4b87""]",1.0,0.75,0.8571428571428571,False,0.1428571428571428,2048,False,4
"[""feat"", ""fix"", ""build"", ""ci""]","[""build"", ""ci"", ""feat"", ""fix""]",1.35957363108173,"[""b8dfd5a2f39b4768cf070aeb9d09364577c626f9"", ""bda1822851d9be04f0d39f2213d1e2066eb115c8"", ""ba60e126299ad057772b5516d9ab390e770f1301"", ""238ba1990ea68eb64bdfc6b31efebad2acb01ad6""]",1.0,1.0,1.0,True,0.0,2048,False,4
"[""ci"", ""docs"", ""refactor"", ""build""]","[""ci"", ""docs"", ""refactor"", ""test""]",1.6175541118718684,"[""be44bbdeb52c6025e81c99528ed7b0d932c5be18"", ""16124286236edf03a6199720ba1629a35e3fe1aa"", ""0e4ede620dd9a2cdc13ab9cc6da05577b39fddb8"", ""076b9f5efc109b481074a81957e24ce9f4a69f08""]",0.75,0.75,0.75,False,0.2857142857142857,2048,False,4
"[""feat"", ""fix"", ""refactor"", ""docs"", ""test"", ""ci"", ""build""]","[""build"", ""feat"", ""fix"", ""refactor""]",2.0557416286319494,"[""45bbdaba1490a3216decb2c1a88b8f7041a3d505"", ""3730075261bc81df68f9d10f12a2d6bbffd8493c"", ""ccd1946a375e2ac10c3c591b04a435c4bc5170c2"", ""0e4ede620dd9a2cdc13ab9cc6da05577b39fddb8""]",0.5714285714285714,1.0,0.7272727272727273,False,0.4285714285714285,2048,False,4
"[""ci"", ""docs"", ""refactor"", ""build""]","[""ci"", ""docs"", ""fix"", ""test""]",1.541792446281761,"[""be44bbdeb52c6025e81c99528ed7b0d932c5be18"", ""16124286236edf03a6199720ba1629a35e3fe1aa"", ""ccd1946a375e2ac10c3c591b04a435c4bc5170c2"", ""076b9f5efc109b481074a81957e24ce9f4a69f08""]",0.5,0.5,0.5,False,0.5714285714285714,2048,False,4
"[""ci"", ""feat"", ""fix"", ""test""]","[""ci"", ""feat"", ""refactor"", ""test""]",1.3444908587262034,"[""4c44543a3d9eea37e90a2316717feb01c0e0d83a"", ""8a954673531d6935f5517535b9068639ed5cff0d"", ""8f1034b79f894b4b1112a4bc1903f37f22f7f5ed"", ""6c7398993bc567ec84e4573b6ededbf50b1ef606""]",0.75,0.75,0.75,False,0.2857142857142857,2048,False,4
"[""build"", ""docs"", ""refactor"", ""test""]","[""build"", ""docs"", ""refactor"", ""test""]",1.5165714919567108,"[""0f38960851ac0fd159727d5dffb36f50268eec18"", ""3ee672483790ec71c700907a6e93af4698492026"", ""f5e80f75ead760ad0810e2b8579a062ac20f5f37"", ""8ee0611fbf0cd89abe7ae588f22e6ecb843598ea""]",1.0,1.0,1.0,True,0.0,2048,False,4
"[""ci"", ""feat"", ""docs"", ""fix""]","[""ci"", ""docs"", ""feat"", ""fix""]",1.3277774690650403,"[""6f5b1103c0893d13b42f1f7c6504c9c339840be3"", ""9849430b11b92ae58d94cfe4d0b06313c7eab550"", ""73211952964a79d97b434dd567e6d7d34be7feb5"", ""be2cbd9480fcbd60c3011ca57f1d761185cf52bd""]",1.0,1.0,1.0,True,0.0,2048,False,4
"[""build"", ""ci"", ""test"", ""refactor""]","[""build"", ""ci"", ""feat"", ""test""]",1.6160119897685945,"[""45bbdaba1490a3216decb2c1a88b8f7041a3d505"", ""be44bbdeb52c6025e81c99528ed7b0d932c5be18"", ""3730075261bc81df68f9d10f12a2d6bbffd8493c"", ""076b9f5efc109b481074a81957e24ce9f4a69f08""]",0.75,0.75,0.75,False,0.2857142857142857,2048,False,4
"[""build"", ""docs"", ""refactor""]","[""build"", ""docs"", ""fix"", ""refactor""]",1.4454597206786275,"[""45bbdaba1490a3216decb2c1a88b8f7041a3d505"", ""b8a664c1b10f4e30a3e221a14211a3cdaf90b7f4"", ""ccd1946a375e2ac10c3c591b04a435c4bc5170c2"", ""0e4ede620dd9a2cdc13ab9cc6da05577b39fddb8""]",1.0,0.75,0.8571428571428571,False,0.1428571428571428,2048,False,4
"[""feat"", ""fix"", ""refactor"", ""docs"", ""test"", ""ci"", ""build""]","[""build"", ""feat"", ""fix"", ""refactor""]",1.9544866578653457,"[""37b1cbfd3d2c462ef4f2a131e4172c38dc8d9ddf"", ""542f0cad5337de15428f0b6567ce4efd20a19a48"", ""ab1e60a97c6d5c688dacbd23bca40cb8f20c4ac3"", ""7adece9931eaef6aaf603b5567829bbdcb28f2d1""]",0.5714285714285714,1.0,0.7272727272727273,False,0.4285714285714285,2048,False,4
"[""ci"", ""docs"", ""test"", ""refactor""]","[""ci"", ""docs"", ""fix"", ""test""]",1.5269217602908611,"[""e7ecc8763152ed6f89dbf4a6f313c276549eb0b7"", ""29ace62b722bbebf20f0ed2d3fef0910e0973a5a"", ""2b1ad9d10fc5685ec75f362a73229569f03344ca"", ""6c7398993bc567ec84e4573b6ededbf50b1ef606""]",0.75,0.75,0.75,False,0.2857142857142857,2048,False,4
"[""ci"", ""feat"", ""docs"", ""test""]","[""ci"", ""feat"", ""refactor"", ""test""]",1.442899544723332,"[""6f5b1103c0893d13b42f1f7c6504c9c339840be3"", ""73211952964a79d97b434dd567e6d7d34be7feb5"", ""24760bc2613ed61c4552532907626e209c37b5e8"", ""625cbbca0d92b8756eac6fcacc795d90527d8975""]",0.75,0.75,0.75,False,0.2857142857142857,2048,False,4
"[""build"", ""feat"", ""test""]","[""build"", ""docs"", ""feat"", ""test""]",1.2798660742118957,"[""b7e38fb62aa6e8a30d72dec063b1adccd089d0aa"", ""9849430b11b92ae58d94cfe4d0b06313c7eab550"", ""73211952964a79d97b434dd567e6d7d34be7feb5"", ""625cbbca0d92b8756eac6fcacc795d90527d8975""]",1.0,0.75,0.8571428571428571,False,0.1428571428571428,2048,False,4
"[""build"", ""ci"", ""refactor""]","[""build"", ""ci"", ""fix"", ""refactor""]",1.4824575167149303,"[""45bbdaba1490a3216decb2c1a88b8f7041a3d505"", ""be44bbdeb52c6025e81c99528ed7b0d932c5be18"", ""ccd1946a375e2ac10c3c591b04a435c4bc5170c2"", ""0e4ede620dd9a2cdc13ab9cc6da05577b39fddb8""]",1.0,0.75,0.8571428571428571,False,0.1428571428571428,2048,False,4
"[""feat"", ""fix"", ""refactor"", ""docs"", ""test"", ""ci"", ""build""]","[""build"", ""docs"", ""fix"", ""refactor""]",2.0961015298962593,"[""ecc481f9f501aa34b41e06e7bbdde6e79f8ca1bb"", ""ee7cc5d5a940fba774e715b1f029c6361110b108"", ""cc6408b88246f20c62884a5892a6276baf7c3920"", ""5748ff57ebafe94c4979eafa790d9a84812ca440""]",0.5714285714285714,1.0,0.7272727272727273,False,0.4285714285714285,2048,False,4
"[""ci"", ""docs"", ""feat"", ""test""]","[""ci"", ""docs"", ""feat"", ""test""]",1.3712679352611303,"[""6f5b1103c0893d13b42f1f7c6504c9c339840be3"", ""9849430b11b92ae58d94cfe4d0b06313c7eab550"", ""73211952964a79d97b434dd567e6d7d34be7feb5"", ""625cbbca0d92b8756eac6fcacc795d90527d8975""]",1.0,1.0,1.0,True,0.0,2048,False,4
"[""build"", ""ci"", ""fix"", ""feat""]","[""build"", ""ci"", ""feat"", ""fix"", ""refactor""]",1.4386279992759228,"[""b7e38fb62aa6e8a30d72dec063b1adccd089d0aa"", ""6f5b1103c0893d13b42f1f7c6504c9c339840be3"", ""73211952964a79d97b434dd567e6d7d34be7feb5"", ""be2cbd9480fcbd60c3011ca57f1d761185cf52bd"", ""3cb4a48ebd15c20692f4f3a2a924284dc7fd5e10""]",1.0,0.8,0.888888888888889,False,0.1428571428571428,2048,False,5
"[""feat"", ""fix"", ""refactor"", ""docs"", ""test"", ""ci"", ""build""]","[""build"", ""docs"", ""feat"", ""fix"", ""test""]",1.8443877212703228,"[""b7e38fb62aa6e8a30d72dec063b1adccd089d0aa"", ""01e1e33f377934099a4a725fab5cd6c5ff50eaa2"", ""73211952964a79d97b434dd567e6d7d34be7feb5"", ""be2cbd9480fcbd60c3011ca57f1d761185cf52bd"", ""625cbbca0d92b8756eac6fcacc795d90527d8975""]",0.7142857142857143,1.0,0.8333333333333333,False,0.2857142857142857,2048,False,5
"[""ci"", ""docs"", ""feat"", ""test""]","[""ci"", ""docs"", ""feat"", ""refactor"", ""test""]",1.4466647463850677,"[""6f5b1103c0893d13b42f1f7c6504c9c339840be3"", ""9849430b11b92ae58d94cfe4d0b06313c7eab550"", ""73211952964a79d97b434dd567e6d7d34be7feb5"", ""6f638a53c18a66979b89220c9945ef97e49571b3"", ""625cbbca0d92b8756eac6fcacc795d90527d8975""]",1.0,0.8,0.888888888888889,False,0.1428571428571428,2048,False,5
"[""feat"", ""fix"", ""refactor"", ""docs"", ""test"", ""ci"", ""build""]","[""build"", ""docs"", ""fix"", ""refactor"", ""test""]",1.831636622082442,"[""2d4d735d94386f5045e3b3abc022c2edcdfaef8f"", ""969aa32659f6918cb0eeeba6b02d6485659dbdd2"", ""eb9f7b24364e86d7bcf50bb23b62c743cf5526f6"", ""3e0e30ecebaf23f0c36fa4811426f8f4e0057cfe"", ""e77f6751182595fe08940d67e11a90416c8dd6fd""]",0.7142857142857143,1.0,0.8333333333333333,False,0.2857142857142857,2048,False,5
"[""feat"", ""fix"", ""refactor"", ""docs"", ""test"", ""ci"", ""build""]","[""build"", ""ci"", ""docs"", ""refactor"", ""test""]",2.060937289148569,"[""45bbdaba1490a3216decb2c1a88b8f7041a3d505"", ""be44bbdeb52c6025e81c99528ed7b0d932c5be18"", ""16124286236edf03a6199720ba1629a35e3fe1aa"", ""0e4ede620dd9a2cdc13ab9cc6da05577b39fddb8"", ""076b9f5efc109b481074a81957e24ce9f4a69f08""]",0.7142857142857143,1.0,0.8333333333333333,False,0.2857142857142857,2048,False,5
"[""ci"", ""feat"", ""fix"", ""test""]","[""ci"", ""feat"", ""fix"", ""refactor"", ""test""]",1.578123544342816,"[""bb00890fa896936d0be09cc5e5f411fb5e64aa5f"", ""8a954673531d6935f5517535b9068639ed5cff0d"", ""2b1ad9d10fc5685ec75f362a73229569f03344ca"", ""d55088c612b1108ef566ec47e40fb8d1050f7451"", ""6c7398993bc567ec84e4573b6ededbf50b1ef606""]",1.0,0.8,0.888888888888889,False,0.1428571428571428,2048,False,5
"[""ci"", ""build"", ""docs"", ""test"", ""refactor""]","[""build"", ""ci"", ""docs"", ""feat"", ""fix""]",1.7903087600134313,"[""45bbdaba1490a3216decb2c1a88b8f7041a3d505"", ""be44bbdeb52c6025e81c99528ed7b0d932c5be18"", ""16124286236edf03a6199720ba1629a35e3fe1aa"", ""3730075261bc81df68f9d10f12a2d6bbffd8493c"", ""ccd1946a375e2ac10c3c591b04a435c4bc5170c2""]",0.6,0.6,0.6,False,0.5714285714285714,2048,False,5
"[""feat"", ""fix"", ""refactor"", ""docs"", ""test"", ""ci"", ""build""]","[""build"", ""ci"", ""feat"", ""refactor"", ""test""]",2.059857768006623,"[""45bbdaba1490a3216decb2c1a88b8f7041a3d505"", ""be44bbdeb52c6025e81c99528ed7b0d932c5be18"", ""3730075261bc81df68f9d10f12a2d6bbffd8493c"", ""0e4ede620dd9a2cdc13ab9cc6da05577b39fddb8"", ""076b9f5efc109b481074a81957e24ce9f4a69f08""]",0.7142857142857143,1.0,0.8333333333333333,False,0.2857142857142857,2048,False,5
"[""ci"", ""docs"", ""feat"", ""refactor""]","[""ci"", ""docs"", ""feat"", ""fix"", ""refactor""]",1.4296892462298274,"[""6f5b1103c0893d13b42f1f7c6504c9c339840be3"", ""eb51316cdfdc7258d287ba13b67ef2f42bd2b8f6"", ""73211952964a79d97b434dd567e6d7d34be7feb5"", ""be2cbd9480fcbd60c3011ca57f1d761185cf52bd"", ""fd53cd188555f5c3dc8bc341c5d7eb04b761a70f""]",1.0,0.8,0.888888888888889,False,0.1428571428571428,2048,False,5
"[""feat"", ""fix"", ""refactor"", ""docs"", ""test"", ""ci"", ""build""]","[""build"", ""docs"", ""feat"", ""fix"", ""test""]",1.9364396771416068,"[""b7e38fb62aa6e8a30d72dec063b1adccd089d0aa"", ""eb51316cdfdc7258d287ba13b67ef2f42bd2b8f6"", ""73211952964a79d97b434dd567e6d7d34be7feb5"", ""be2cbd9480fcbd60c3011ca57f1d761185cf52bd"", ""625cbbca0d92b8756eac6fcacc795d90527d8975""]",0.7142857142857143,1.0,0.8333333333333333,False,0.2857142857142857,2048,False,5
"[""build"", ""docs"", ""refactor""]","[""build"", ""docs"", ""fix"", ""refactor"", ""test""]",1.4813666180707514,"[""45bbdaba1490a3216decb2c1a88b8f7041a3d505"", ""b8a664c1b10f4e30a3e221a14211a3cdaf90b7f4"", ""ccd1946a375e2ac10c3c591b04a435c4bc5170c2"", ""0e4ede620dd9a2cdc13ab9cc6da05577b39fddb8"", ""076b9f5efc109b481074a81957e24ce9f4a69f08""]",1.0,0.6,0.7499999999999999,False,0.2857142857142857,2048,False,5
"[""ci"", ""docs"", ""test"", ""refactor"", ""build""]","[""build"", ""ci"", ""docs"", ""feat"", ""refactor""]",1.789953778963536,"[""45bbdaba1490a3216decb2c1a88b8f7041a3d505"", ""be44bbdeb52c6025e81c99528ed7b0d932c5be18"", ""b8a664c1b10f4e30a3e221a14211a3cdaf90b7f4"", ""3730075261bc81df68f9d10f12a2d6bbffd8493c"", ""0e4ede620dd9a2cdc13ab9cc6da05577b39fddb8""]",0.8,0.8,0.8000000000000002,False,0.2857142857142857,2048,False,5
"[""ci"", ""fix"", ""test""]","[""ci"", ""feat"", ""fix"", ""refactor"", ""test""]",1.3015731531195345,"[""6f5b1103c0893d13b42f1f7c6504c9c339840be3"", ""73211952964a79d97b434dd567e6d7d34be7feb5"", ""be2cbd9480fcbd60c3011ca57f1d761185cf52bd"", ""eb8d919e6f3443db279ba0c902f15d76676c02dc"", ""625cbbca0d92b8756eac6fcacc795d90527d8975""]",1.0,0.6,0.7499999999999999,False,0.2857142857142857,2048,False,5
"[""build"", ""ci"", ""docs"", ""fix"", ""test""]","[""build"", ""ci"", ""docs"", ""fix"", ""test""]",1.5473258793354034,"[""b7e38fb62aa6e8a30d72dec063b1adccd089d0aa"", ""6f5b1103c0893d13b42f1f7c6504c9c339840be3"", ""01e1e33f377934099a4a725fab5cd6c5ff50eaa2"", ""be2cbd9480fcbd60c3011ca57f1d761185cf52bd"", ""625cbbca0d92b8756eac6fcacc795d90527d8975""]",1.0,1.0,1.0,True,0.0,2048,False,5
"[""build"", ""ci"", ""fix"", ""test""]","[""build"", ""ci"", ""docs"", ""fix"", ""test""]",1.3454185696318746,"[""b7e38fb62aa6e8a30d72dec063b1adccd089d0aa"", ""6f5b1103c0893d13b42f1f7c6504c9c339840be3"", ""9849430b11b92ae58d94cfe4d0b06313c7eab550"", ""be2cbd9480fcbd60c3011ca57f1d761185cf52bd"", ""625cbbca0d92b8756eac6fcacc795d90527d8975""]",1.0,0.8,0.888888888888889,False,0.1428571428571428,2048,False,5
"[""feat"", ""fix"", ""refactor"", ""docs"", ""test"", ""ci"", ""build""]","[""build"", ""docs"", ""feat"", ""fix"", ""refactor""]",2.0523898899555206,"[""45bbdaba1490a3216decb2c1a88b8f7041a3d505"", ""b8a664c1b10f4e30a3e221a14211a3cdaf90b7f4"", ""3730075261bc81df68f9d10f12a2d6bbffd8493c"", ""ccd1946a375e2ac10c3c591b04a435c4bc5170c2"", ""0e4ede620dd9a2cdc13ab9cc6da05577b39fddb8""]",0.7142857142857143,1.0,0.8333333333333333,False,0.2857142857142857,2048,False,5
"[""feat"", ""fix"", ""refactor"", ""docs"", ""test"", ""ci"", ""build""]","[""build"", ""ci"", ""feat"", ""refactor"", ""test""]",1.9330344176851213,"[""b7e38fb62aa6e8a30d72dec063b1adccd089d0aa"", ""6f5b1103c0893d13b42f1f7c6504c9c339840be3"", ""73211952964a79d97b434dd567e6d7d34be7feb5"", ""816b0d49c45f6669c5aae748396e9551f2e30a96"", ""625cbbca0d92b8756eac6fcacc795d90527d8975""]",0.7142857142857143,1.0,0.8333333333333333,False,0.2857142857142857,2048,False,5
"[""docs"", ""feat"", ""test""]","[""docs"", ""feat"", ""fix"", ""refactor"", ""test""]",1.3522027502767742,"[""fc9af4d0b93d69be4e201ffb18da04324e8a4a87"", ""15b8e4bc9349ce017f65e10b95cae48b0aa11828"", ""eb9f7b24364e86d7bcf50bb23b62c743cf5526f6"", ""72e3eed599b3a3dd154575af344ac3e5c62dd07b"", ""e77f6751182595fe08940d67e11a90416c8dd6fd""]",1.0,0.6,0.7499999999999999,False,0.2857142857142857,2048,False,5
"[""feat"", ""ci"", ""test"", ""docs""]","[""ci"", ""feat"", ""fix"", ""refactor"", ""test""]",1.5776863391511142,"[""87d576e936e234d0429ad753267a2760c5dfd314"", ""8a954673531d6935f5517535b9068639ed5cff0d"", ""2b1ad9d10fc5685ec75f362a73229569f03344ca"", ""d55088c612b1108ef566ec47e40fb8d1050f7451"", ""6c7398993bc567ec84e4573b6ededbf50b1ef606""]",0.75,0.6,0.6666666666666665,False,0.4285714285714285,2048,False,5
"[""build"", ""ci"", ""docs"", ""fix""]","[""build"", ""ci"", ""docs"", ""feat"", ""refactor""]",1.4442754373885691,"[""b7e38fb62aa6e8a30d72dec063b1adccd089d0aa"", ""6f5b1103c0893d13b42f1f7c6504c9c339840be3"", ""9849430b11b92ae58d94cfe4d0b06313c7eab550"", ""73211952964a79d97b434dd567e6d7d34be7feb5"", ""3550066c886bf253df376f303a60ed475ac42aaa""]",0.75,0.6,0.6666666666666665,False,0.4285714285714285,2048,False,5
"[""feat"", ""fix"", ""refactor"", ""docs"", ""test"", ""ci"", ""build""]","[""build"", ""ci"", ""docs"", ""fix"", ""test""]",2.0556272459216416,"[""45bbdaba1490a3216decb2c1a88b8f7041a3d505"", ""be44bbdeb52c6025e81c99528ed7b0d932c5be18"", ""16124286236edf03a6199720ba1629a35e3fe1aa"", ""ccd1946a375e2ac10c3c591b04a435c4bc5170c2"", ""076b9f5efc109b481074a81957e24ce9f4a69f08""]",0.7142857142857143,1.0,0.8333333333333333,False,0.2857142857142857,2048,False,5
"[""build"", ""ci"", ""docs"", ""feat"", ""test""]","[""build"", ""ci"", ""docs"", ""feat"", ""test""]",1.6141890967264771,"[""b7e38fb62aa6e8a30d72dec063b1adccd089d0aa"", ""6f5b1103c0893d13b42f1f7c6504c9c339840be3"", ""01e1e33f377934099a4a725fab5cd6c5ff50eaa2"", ""73211952964a79d97b434dd567e6d7d34be7feb5"", ""625cbbca0d92b8756eac6fcacc795d90527d8975""]",1.0,1.0,1.0,True,0.0,2048,False,5
"[""ci"", ""feat"", ""refactor"", ""docs""]","[""ci"", ""docs"", ""feat"", ""fix"", ""refactor""]",1.461725179105997,"[""976c34b6fdc32a7f3337f98e67a7c9e4ee9e793e"", ""7f611e4208d0cc36c635eb0641a4b3258999ae8d"", ""8a954673531d6935f5517535b9068639ed5cff0d"", ""2b1ad9d10fc5685ec75f362a73229569f03344ca"", ""8f1034b79f894b4b1112a4bc1903f37f22f7f5ed""]",1.0,0.8,0.888888888888889,False,0.1428571428571428,2048,False,5
"[""build"", ""fix"", ""refactor""]","[""build"", ""feat"", ""fix"", ""refactor"", ""test""]",1.3678146679885683,"[""bfe32bf10e9b6d699f694fbd095af0b3f2e6275f"", ""482442ecc1aaf981895a36c367abbd377fd93891"", ""80242b34468398e835e5b3fc5ac345dbae4bcc7e"", ""d4d8bdd3a0a5cec993735abc2e8cc2feff8eae27"", ""cd2bfb9b2298e8cd91013808547b35a9c40f46f1""]",1.0,0.6,0.7499999999999999,False,0.2857142857142857,2048,False,5
"[""ci"", ""docs"", ""fix"", ""test""]","[""ci"", ""docs"", ""fix"", ""refactor"", ""test""]",1.4376147692091763,"[""6f5b1103c0893d13b42f1f7c6504c9c339840be3"", ""01e1e33f377934099a4a725fab5cd6c5ff50eaa2"", ""be2cbd9480fcbd60c3011ca57f1d761185cf52bd"", ""6f638a53c18a66979b89220c9945ef97e49571b3"", ""625cbbca0d92b8756eac6fcacc795d90527d8975""]",1.0,0.8,0.888888888888889,False,0.1428571428571428,2048,False,5
"[""build"", ""ci"", ""feat"", ""test""]","[""build"", ""ci"", ""feat"", ""refactor"", ""test""]",1.3872934989631176,"[""b7e38fb62aa6e8a30d72dec063b1adccd089d0aa"", ""6f5b1103c0893d13b42f1f7c6504c9c339840be3"", ""73211952964a79d97b434dd567e6d7d34be7feb5"", ""bc4495b32ec752b6c4b29719e831c043ef2a26ce"", ""625cbbca0d92b8756eac6fcacc795d90527d8975""]",1.0,0.8,0.888888888888889,False,0.1428571428571428,2048,False,5
"[""build"", ""ci"", ""docs"", ""feat""]","[""build"", ""ci"", ""docs"", ""feat"", ""fix""]",1.435206884983927,"[""b7e38fb62aa6e8a30d72dec063b1adccd089d0aa"", ""6f5b1103c0893d13b42f1f7c6504c9c339840be3"", ""eb51316cdfdc7258d287ba13b67ef2f42bd2b8f6"", ""73211952964a79d97b434dd567e6d7d34be7feb5"", ""be2cbd9480fcbd60c3011ca57f1d761185cf52bd""]",1.0,0.8,0.888888888888889,False,0.1428571428571428,2048,False,5
"[""feat"", ""fix"", ""refactor"", ""docs"", ""test"", ""ci"", ""build""]","[""build"", ""docs"", ""fix"", ""refactor"", ""test""]",2.054267308209091,"[""ecc481f9f501aa34b41e06e7bbdde6e79f8ca1bb"", ""ee7cc5d5a940fba774e715b1f029c6361110b108"", ""45b386aa3f06bce06f5e03fbde0aa52c4051c8bc"", ""5748ff57ebafe94c4979eafa790d9a84812ca440"", ""87427fe39d165bee2acedde8dbaa237cca3fb61e""]",0.7142857142857143,1.0,0.8333333333333333,False,0.2857142857142857,2048,False,5
"[""ci"", ""docs"", ""feat"", ""test""]","[""ci"", ""docs"", ""feat"", ""fix"", ""test""]",1.434726762585342,"[""6f5b1103c0893d13b42f1f7c6504c9c339840be3"", ""eb51316cdfdc7258d287ba13b67ef2f42bd2b8f6"", ""73211952964a79d97b434dd567e6d7d34be7feb5"", ""be2cbd9480fcbd60c3011ca57f1d761185cf52bd"", ""625cbbca0d92b8756eac6fcacc795d90527d8975""]",1.0,0.8,0.888888888888889,False,0.1428571428571428,2048,False,5
"[""feat"", ""build"", ""docs"", ""refactor""]","[""build"", ""docs"", ""feat"", ""fix"", ""refactor""]",1.676965939346701,"[""ecc481f9f501aa34b41e06e7bbdde6e79f8ca1bb"", ""ee7cc5d5a940fba774e715b1f029c6361110b108"", ""f9a094918b62534614c47aa8a13f33aec751a1e0"", ""cc6408b88246f20c62884a5892a6276baf7c3920"", ""5748ff57ebafe94c4979eafa790d9a84812ca440""]",1.0,0.8,0.888888888888889,False,0.1428571428571428,2048,False,5
"[""feat"", ""build"", ""ci"", ""test""]","[""build"", ""ci"", ""feat"", ""refactor"", ""test""]",1.211969513911754,"[""b8dfd5a2f39b4768cf070aeb9d09364577c626f9"", ""bda1822851d9be04f0d39f2213d1e2066eb115c8"", ""ba60e126299ad057772b5516d9ab390e770f1301"", ""d4d8bdd3a0a5cec993735abc2e8cc2feff8eae27"", ""b7e2330fa3a8d7b8a9bff01b707c44e64b845c7b""]",1.0,0.8,0.888888888888889,False,0.1428571428571428,2048,False,5
"[""docs"", ""build"", ""ci"", ""fix"", ""test""]","[""build"", ""ci"", ""fix"", ""refactor"", ""test""]",1.7062622290104628,"[""4542d9973a848a2bd4f9baf12992efe7d7a69f2c"", ""db55dae208e4807898e6c747cefdf9bfcb4fd08c"", ""c4d9e5023fa0f88ba283b37da27677ceda1cbfbb"", ""f86944ff00b970d7e2da48abbff43e58bdf29b99"", ""1f663cbe4b4a9e7a0ae89c05f824335f2a0857fd""]",0.8,0.8,0.8000000000000002,False,0.2857142857142857,2048,False,5
"[""feat"", ""fix"", ""refactor"", ""docs"", ""test"", ""ci"", ""build""]","[""build"", ""docs"", ""feat"", ""refactor"", ""test""]",1.9490218590945003,"[""0f38960851ac0fd159727d5dffb36f50268eec18"", ""e0177c25e13812306aab0b0991562d58b6d14767"", ""1ae8bf1195b197daa80ba6e45360f8b894364cd4"", ""336b25f3ae9da5d972304662fcdb88f4719c721d"", ""8ee0611fbf0cd89abe7ae588f22e6ecb843598ea""]",0.7142857142857143,1.0,0.8333333333333333,False,0.2857142857142857,2048,False,5
"[""ci"", ""docs"", ""refactor"", ""test""]","[""ci"", ""docs"", ""feat"", ""fix"", ""test""]",1.5446985508315263,"[""8d2e23bde626eaed6e5b13384cc7ac38bab5ea66"", ""527e0abd0f88cb3ae2dc1a6ec7a62c241250444d"", ""4a4c7afca7e1beadd4b213214074fdb420eb0923"", ""a81bbb83d64867f08c4d1be10919ef6806a1bf51"", ""cdbc37711fa9c64b2cfa767766ca55c95c1736f7""]",0.75,0.6,0.6666666666666665,False,0.4285714285714285,2048,False,5
"[""build"", ""ci"", ""fix"", ""refactor""]","[""build"", ""ci"", ""docs"", ""fix"", ""refactor""]",1.4164202907122672,"[""b7e38fb62aa6e8a30d72dec063b1adccd089d0aa"", ""6f5b1103c0893d13b42f1f7c6504c9c339840be3"", ""9849430b11b92ae58d94cfe4d0b06313c7eab550"", ""be2cbd9480fcbd60c3011ca57f1d761185cf52bd"", ""03e413d7175d35827cd7d8908d47dbae15a849a3""]",1.0,0.8,0.888888888888889,False,0.1428571428571428,2048,False,5
"[""build"", ""ci"", ""docs"", ""fix""]","[""build"", ""ci"", ""docs"", ""fix"", ""refactor""]",1.43444186123088,"[""b7e38fb62aa6e8a30d72dec063b1adccd089d0aa"", ""6f5b1103c0893d13b42f1f7c6504c9c339840be3"", ""01e1e33f377934099a4a725fab5cd6c5ff50eaa2"", ""be2cbd9480fcbd60c3011ca57f1d761185cf52bd"", ""3550066c886bf253df376f303a60ed475ac42aaa""]",1.0,0.8,0.888888888888889,False,0.1428571428571428,2048,False,5
"[""feat"", ""fix"", ""refactor"", ""docs"", ""test"", ""ci"", ""build""]","[""build"", ""ci"", ""feat"", ""fix"", ""test""]",1.774272145703435,"[""b7e38fb62aa6e8a30d72dec063b1adccd089d0aa"", ""6f5b1103c0893d13b42f1f7c6504c9c339840be3"", ""73211952964a79d97b434dd567e6d7d34be7feb5"", ""be2cbd9480fcbd60c3011ca57f1d761185cf52bd"", ""625cbbca0d92b8756eac6fcacc795d90527d8975""]",0.7142857142857143,1.0,0.8333333333333333,False,0.2857142857142857,2048,False,5
"[""feat"", ""fix"", ""refactor"", ""docs"", ""test"", ""ci"", ""build""]","[""docs"", ""feat"", ""fix"", ""refactor"", ""test""]",1.8980668289586904,"[""9849430b11b92ae58d94cfe4d0b06313c7eab550"", ""73211952964a79d97b434dd567e6d7d34be7feb5"", ""be2cbd9480fcbd60c3011ca57f1d761185cf52bd"", ""fd61615d1a7be9d13de2114a01e2d0ad63b59274"", ""625cbbca0d92b8756eac6fcacc795d90527d8975""]",0.7142857142857143,1.0,0.8333333333333333,False,0.2857142857142857,2048,False,5
"[""build"", ""ci"", ""docs"", ""fix"", ""refactor""]","[""build"", ""ci"", ""docs"", ""feat"", ""refactor""]",1.5869887871667745,"[""b7e38fb62aa6e8a30d72dec063b1adccd089d0aa"", ""6f5b1103c0893d13b42f1f7c6504c9c339840be3"", ""01e1e33f377934099a4a725fab5cd6c5ff50eaa2"", ""73211952964a79d97b434dd567e6d7d34be7feb5"", ""eafee3c5c124ce0c71fd854270cea39cc273b27c""]",0.8,0.8,0.8000000000000002,False,0.2857142857142857,2048,False,5
"[""build"", ""feat"", ""test"", ""docs""]","[""build"", ""feat"", ""fix"", ""refactor"", ""test""]",1.4919488038867712,"[""b7e38fb62aa6e8a30d72dec063b1adccd089d0aa"", ""73211952964a79d97b434dd567e6d7d34be7feb5"", ""be2cbd9480fcbd60c3011ca57f1d761185cf52bd"", ""7005cf8c47416583e3d9fa91c3bd50113155c91a"", ""625cbbca0d92b8756eac6fcacc795d90527d8975""]",0.75,0.6,0.6666666666666665,False,0.4285714285714285,2048,False,5
"[""build"", ""ci"", ""docs"", ""test"", ""refactor""]","[""build"", ""ci"", ""docs"", ""feat"", ""test""]",1.7891764412634077,"[""45bbdaba1490a3216decb2c1a88b8f7041a3d505"", ""be44bbdeb52c6025e81c99528ed7b0d932c5be18"", ""16124286236edf03a6199720ba1629a35e3fe1aa"", ""3730075261bc81df68f9d10f12a2d6bbffd8493c"", ""076b9f5efc109b481074a81957e24ce9f4a69f08""]",0.8,0.8,0.8000000000000002,False,0.2857142857142857,2048,False,5
"[""ci"", ""docs"", ""refactor"", ""build""]","[""ci"", ""docs"", ""fix"", ""refactor"", ""test""]",1.6234039631672204,"[""be44bbdeb52c6025e81c99528ed7b0d932c5be18"", ""16124286236edf03a6199720ba1629a35e3fe1aa"", ""ccd1946a375e2ac10c3c591b04a435c4bc5170c2"", ""0e4ede620dd9a2cdc13ab9cc6da05577b39fddb8"", ""076b9f5efc109b481074a81957e24ce9f4a69f08""]",0.75,0.6,0.6666666666666665,False,0.4285714285714285,2048,False,5
"[""feat"", ""fix"", ""refactor"", ""docs"", ""test"", ""ci"", ""build""]","[""build"", ""docs"", ""feat"", ""refactor"", ""test""]",2.0871193893253803,"[""ecc481f9f501aa34b41e06e7bbdde6e79f8ca1bb"", ""144388439d64e049cbed4e37659e819856d6987f"", ""ded26d768ff432ad3bde3c0aa1e95ce50726100a"", ""5748ff57ebafe94c4979eafa790d9a84812ca440"", ""87427fe39d165bee2acedde8dbaa237cca3fb61e""]",0.7142857142857143,1.0,0.8333333333333333,False,0.2857142857142857,2048,False,5
"[""ci"", ""docs"", ""feat"", ""refactor""]","[""ci"", ""docs"", ""feat"", ""fix"", ""refactor""]",1.5195947289466858,"[""6f5b1103c0893d13b42f1f7c6504c9c339840be3"", ""eb51316cdfdc7258d287ba13b67ef2f42bd2b8f6"", ""73211952964a79d97b434dd567e6d7d34be7feb5"", ""be2cbd9480fcbd60c3011ca57f1d761185cf52bd"", ""d357640fab55e5964fe83efc3c771e53aa3222fd""]",1.0,0.8,0.888888888888889,False,0.1428571428571428,2048,False,5
"[""build"", ""ci"", ""refactor""]","[""build"", ""ci"", ""fix"", ""refactor"", ""test""]",1.506992109119892,"[""45bbdaba1490a3216decb2c1a88b8f7041a3d505"", ""be44bbdeb52c6025e81c99528ed7b0d932c5be18"", ""ccd1946a375e2ac10c3c591b04a435c4bc5170c2"", ""0e4ede620dd9a2cdc13ab9cc6da05577b39fddb8"", ""076b9f5efc109b481074a81957e24ce9f4a69f08""]",1.0,0.6,0.7499999999999999,False,0.2857142857142857,2048,False,5
"[""build"", ""ci"", ""docs"", ""test"", ""refactor""]","[""build"", ""ci"", ""docs"", ""feat"", ""test""]",1.7591480589471755,"[""45bbdaba1490a3216decb2c1a88b8f7041a3d505"", ""be44bbdeb52c6025e81c99528ed7b0d932c5be18"", ""b8a664c1b10f4e30a3e221a14211a3cdaf90b7f4"", ""3730075261bc81df68f9d10f12a2d6bbffd8493c"", ""076b9f5efc109b481074a81957e24ce9f4a69f08""]",0.8,0.8,0.8000000000000002,False,0.2857142857142857,2048,False,5
"[""build"", ""ci"", ""docs"", ""fix"", ""refactor""]","[""build"", ""ci"", ""docs"", ""fix"", ""refactor""]",1.5026370231062174,"[""b7e38fb62aa6e8a30d72dec063b1adccd089d0aa"", ""6f5b1103c0893d13b42f1f7c6504c9c339840be3"", ""eb51316cdfdc7258d287ba13b67ef2f42bd2b8f6"", ""be2cbd9480fcbd60c3011ca57f1d761185cf52bd"", ""190aef43fd30e693af822c176f9b686591568719""]",1.0,1.0,1.0,True,0.0,2048,False,5
"[""feat"", ""fix"", ""refactor"", ""docs"", ""test"", ""ci"", ""build""]","[""build"", ""feat"", ""fix"", ""refactor"", ""test""]",1.8967341221868992,"[""b0866f62417f56bdd5a46e8f14278af79efc4d76"", ""a84d6715a4df12cc0ee9aa6f2596ce3b04353958"", ""eebee9ab0bb6d4255ad0402d8422364e96bfef61"", ""e8a8edadc5c25d6410462b89a48e0602e0cbbc7f"", ""e77f6751182595fe08940d67e11a90416c8dd6fd""]",0.7142857142857143,1.0,0.8333333333333333,False,0.2857142857142857,2048,False,5
"[""ci"", ""docs"", ""refactor"", ""feat"", ""test""]","[""ci"", ""docs"", ""feat"", ""fix"", ""test""]",1.6781040667556226,"[""8d2e23bde626eaed6e5b13384cc7ac38bab5ea66"", ""036a0ff49a7dade0e04c9c07071a1ff49133ee24"", ""bbb6ee10de824f2e3259576ac01768640c884279"", ""f9d9f859240c6f7e78b0303ea40e46622d42bc3c"", ""cdbc37711fa9c64b2cfa767766ca55c95c1736f7""]",0.8,0.8,0.8000000000000002,False,0.2857142857142857,2048,False,5
"[""build"", ""ci"", ""feat"", ""test""]","[""build"", ""ci"", ""feat"", ""refactor"", ""test""]",1.4777022367343309,"[""b7e38fb62aa6e8a30d72dec063b1adccd089d0aa"", ""6f5b1103c0893d13b42f1f7c6504c9c339840be3"", ""73211952964a79d97b434dd567e6d7d34be7feb5"", ""8da0303bc02db5fe047cfc0631a9da41d9dc60f7"", ""625cbbca0d92b8756eac6fcacc795d90527d8975""]",1.0,0.8,0.888888888888889,False,0.1428571428571428,2048,False,5
"[""build"", ""ci"", ""fix"", ""refactor""]","[""build"", ""ci"", ""docs"", ""feat"", ""fix""]",1.4176870621740818,"[""b7e38fb62aa6e8a30d72dec063b1adccd089d0aa"", ""6f5b1103c0893d13b42f1f7c6504c9c339840be3"", ""9849430b11b92ae58d94cfe4d0b06313c7eab550"", ""73211952964a79d97b434dd567e6d7d34be7feb5"", ""be2cbd9480fcbd60c3011ca57f1d761185cf52bd""]",0.75,0.6,0.6666666666666665,False,0.4285714285714285,2048,False,5
"[""ci"", ""docs"", ""refactor"", ""test""]","[""ci"", ""docs"", ""fix"", ""refactor"", ""test""]",1.5430456581525505,"[""db2dbc13d7da2ae85cd3206d330be8ed0ebe1b2c"", ""12257ce53f94dc902df4ba087de90f52d2840ad4"", ""2b1ad9d10fc5685ec75f362a73229569f03344ca"", ""8f1034b79f894b4b1112a4bc1903f37f22f7f5ed"", ""6c7398993bc567ec84e4573b6ededbf50b1ef606""]",1.0,0.8,0.888888888888889,False,0.1428571428571428,2048,False,5
"[""docs"", ""feat"", ""test""]","[""docs"", ""feat"", ""fix"", ""refactor"", ""test""]",1.3621164010837674,"[""eb51316cdfdc7258d287ba13b67ef2f42bd2b8f6"", ""73211952964a79d97b434dd567e6d7d34be7feb5"", ""be2cbd9480fcbd60c3011ca57f1d761185cf52bd"", ""eb8d919e6f3443db279ba0c902f15d76676c02dc"", ""625cbbca0d92b8756eac6fcacc795d90527d8975""]",1.0,0.6,0.7499999999999999,False,0.2857142857142857,2048,False,5
"[""feat"", ""fix"", ""refactor"", ""docs"", ""test"", ""ci"", ""build""]","[""build"", ""ci"", ""feat"", ""fix"", ""refactor""]",1.9897284666076305,"[""454003841aabeb74396d73541378bfa59c75b5db"", ""bda1822851d9be04f0d39f2213d1e2066eb115c8"", ""9114362b39f5194209cd0b330af7076333f3db77"", ""80242b34468398e835e5b3fc5ac345dbae4bcc7e"", ""fba4326c72fc22d81aba6976a9fef1e4b6154fd9""]",0.7142857142857143,1.0,0.8333333333333333,False,0.2857142857142857,2048,False,5
"[""feat"", ""fix"", ""refactor"", ""docs"", ""test"", ""ci"", ""build""]","[""build"", ""docs"", ""feat"", ""fix"", ""test""]",2.000181060284376,"[""ecc481f9f501aa34b41e06e7bbdde6e79f8ca1bb"", ""144388439d64e049cbed4e37659e819856d6987f"", ""8b9176b44bb01a1eef497a403b0304bc389c9aee"", ""45b386aa3f06bce06f5e03fbde0aa52c4051c8bc"", ""3c04162664b130c9486cba54afc16b6e57c779d1""]",0.7142857142857143,1.0,0.8333333333333333,False,0.2857142857142857,2048,False,5
"[""build"", ""ci"", ""docs"", ""refactor"", ""test""]","[""build"", ""ci"", ""docs"", ""refactor"", ""test""]",1.660928517114371,"[""b7e38fb62aa6e8a30d72dec063b1adccd089d0aa"", ""6f5b1103c0893d13b42f1f7c6504c9c339840be3"", ""01e1e33f377934099a4a725fab5cd6c5ff50eaa2"", ""3cb4a48ebd15c20692f4f3a2a924284dc7fd5e10"", ""625cbbca0d92b8756eac6fcacc795d90527d8975""]",1.0,1.0,1.0,True,0.0,2048,False,5
"[""build"", ""ci"", ""docs"", ""refactor"", ""test""]","[""build"", ""ci"", ""docs"", ""refactor"", ""test""]",1.7608150648884475,"[""45bbdaba1490a3216decb2c1a88b8f7041a3d505"", ""be44bbdeb52c6025e81c99528ed7b0d932c5be18"", ""b8a664c1b10f4e30a3e221a14211a3cdaf90b7f4"", ""0e4ede620dd9a2cdc13ab9cc6da05577b39fddb8"", ""076b9f5efc109b481074a81957e24ce9f4a69f08""]",1.0,1.0,1.0,True,0.0,2048,False,5
"[""build"", ""test"", ""refactor""]","[""build"", ""feat"", ""fix"", ""refactor"", ""test""]",1.5069398758932948,"[""45bbdaba1490a3216decb2c1a88b8f7041a3d505"", ""3730075261bc81df68f9d10f12a2d6bbffd8493c"", ""ccd1946a375e2ac10c3c591b04a435c4bc5170c2"", ""0e4ede620dd9a2cdc13ab9cc6da05577b39fddb8"", ""076b9f5efc109b481074a81957e24ce9f4a69f08""]",1.0,0.6,0.7499999999999999,False,0.2857142857142857,2048,False,5
"[""ci"", ""docs"", ""fix"", ""refactor""]","[""ci"", ""docs"", ""feat"", ""fix"", ""refactor""]",1.5194719317369163,"[""6f5b1103c0893d13b42f1f7c6504c9c339840be3"", ""01e1e33f377934099a4a725fab5cd6c5ff50eaa2"", ""73211952964a79d97b434dd567e6d7d34be7feb5"", ""be2cbd9480fcbd60c3011ca57f1d761185cf52bd"", ""7d6f760a91b55967972bbd1b972307624e876805""]",1.0,0.8,0.888888888888889,False,0.1428571428571428,2048,False,5
"[""build"", ""ci"", ""docs"", ""feat"", ""fix"", ""refactor"", ""test""]","[""build"", ""ci"", ""feat"", ""fix"", ""test""]",1.850297081284225,"[""bfe32bf10e9b6d699f694fbd095af0b3f2e6275f"", ""bda1822851d9be04f0d39f2213d1e2066eb115c8"", ""988dda23984894cea097d64646196e8d6196d6b6"", ""238ba1990ea68eb64bdfc6b31efebad2acb01ad6"", ""b7e2330fa3a8d7b8a9bff01b707c44e64b845c7b""]",0.7142857142857143,1.0,0.8333333333333333,False,0.2857142857142857,2048,False,5
"[""build"", ""ci"", ""test"", ""refactor""]","[""build"", ""ci"", ""docs"", ""refactor"", ""test""]",1.4670599661767485,"[""b7e38fb62aa6e8a30d72dec063b1adccd089d0aa"", ""6f5b1103c0893d13b42f1f7c6504c9c339840be3"", ""9849430b11b92ae58d94cfe4d0b06313c7eab550"", ""816b0d49c45f6669c5aae748396e9551f2e30a96"", ""625cbbca0d92b8756eac6fcacc795d90527d8975""]",1.0,0.8,0.888888888888889,False,0.1428571428571428,2048,False,5
"[""docs"", ""fix"", ""test""]","[""docs"", ""feat"", ""fix"", ""refactor"", ""test""]",1.3464040006510911,"[""01e1e33f377934099a4a725fab5cd6c5ff50eaa2"", ""73211952964a79d97b434dd567e6d7d34be7feb5"", ""be2cbd9480fcbd60c3011ca57f1d761185cf52bd"", ""190aef43fd30e693af822c176f9b686591568719"", ""625cbbca0d92b8756eac6fcacc795d90527d8975""]",1.0,0.6,0.7499999999999999,False,0.2857142857142857,2048,False,5
"[""build"", ""ci"", ""docs"", ""feat"", ""fix""]","[""build"", ""ci"", ""docs"", ""feat"", ""fix""]",1.5750710903666914,"[""b7e38fb62aa6e8a30d72dec063b1adccd089d0aa"", ""6f5b1103c0893d13b42f1f7c6504c9c339840be3"", ""01e1e33f377934099a4a725fab5cd6c5ff50eaa2"", ""73211952964a79d97b434dd567e6d7d34be7feb5"", ""be2cbd9480fcbd60c3011ca57f1d761185cf52bd""]",1.0,1.0,1.0,True,0.0,2048,False,5
"[""docs"", ""feat"", ""refactor"", ""test""]","[""docs"", ""feat"", ""fix"", ""refactor"", ""test""]",1.644600675906986,"[""8dfd2af29bf784b242992ee9ec0fbc85753b063c"", ""8a954673531d6935f5517535b9068639ed5cff0d"", ""2b1ad9d10fc5685ec75f362a73229569f03344ca"", ""d55088c612b1108ef566ec47e40fb8d1050f7451"", ""6c7398993bc567ec84e4573b6ededbf50b1ef606""]",1.0,0.8,0.888888888888889,False,0.1428571428571428,2048,False,5
"[""build"", ""ci"", ""fix"", ""test""]","[""build"", ""ci"", ""fix"", ""refactor"", ""test""]",1.3531294241547585,"[""bfe32bf10e9b6d699f694fbd095af0b3f2e6275f"", ""bda1822851d9be04f0d39f2213d1e2066eb115c8"", ""80242b34468398e835e5b3fc5ac345dbae4bcc7e"", ""fba4326c72fc22d81aba6976a9fef1e4b6154fd9"", ""7c48976f943e1e9b5850967b6f2963a205476ded""]",1.0,0.8,0.888888888888889,False,0.1428571428571428,2048,False,5
"[""feat"", ""fix"", ""refactor"", ""docs"", ""test"", ""ci"", ""build""]","[""build"", ""ci"", ""docs"", ""feat"", ""refactor""]",2.092802682891488,"[""45bbdaba1490a3216decb2c1a88b8f7041a3d505"", ""be44bbdeb52c6025e81c99528ed7b0d932c5be18"", ""16124286236edf03a6199720ba1629a35e3fe1aa"", ""3730075261bc81df68f9d10f12a2d6bbffd8493c"", ""0e4ede620dd9a2cdc13ab9cc6da05577b39fddb8""]",0.7142857142857143,1.0,0.8333333333333333,False,0.2857142857142857,2048,False,5
"[""build"", ""fix"", ""test""]","[""build"", ""ci"", ""feat"", ""fix"", ""test""]",1.253700070083141,"[""bfe32bf10e9b6d699f694fbd095af0b3f2e6275f"", ""bda1822851d9be04f0d39f2213d1e2066eb115c8"", ""482442ecc1aaf981895a36c367abbd377fd93891"", ""80242b34468398e835e5b3fc5ac345dbae4bcc7e"", ""7c48976f943e1e9b5850967b6f2963a205476ded""]",1.0,0.6,0.7499999999999999,False,0.2857142857142857,2048,False,5
"[""build"", ""docs"", ""fix"", ""refactor""]","[""build"", ""docs"", ""feat"", ""fix"", ""refactor""]",1.4528622459620235,"[""b7e38fb62aa6e8a30d72dec063b1adccd089d0aa"", ""01e1e33f377934099a4a725fab5cd6c5ff50eaa2"", ""73211952964a79d97b434dd567e6d7d34be7feb5"", ""be2cbd9480fcbd60c3011ca57f1d761185cf52bd"", ""eafee3c5c124ce0c71fd854270cea39cc273b27c""]",1.0,0.8,0.888888888888889,False,0.1428571428571428,2048,False,5
"[""build"", ""ci"", ""docs"", ""refactor"", ""test""]","[""build"", ""ci"", ""docs"", ""refactor"", ""test""]",1.6583180148154495,"[""b7e38fb62aa6e8a30d72dec063b1adccd089d0aa"", ""6f5b1103c0893d13b42f1f7c6504c9c339840be3"", ""eb51316cdfdc7258d287ba13b67ef2f42bd2b8f6"", ""7d6f760a91b55967972bbd1b972307624e876805"", ""625cbbca0d92b8756eac6fcacc795d90527d8975""]",1.0,1.0,1.0,True,0.0,2048,False,5
"[""ci"", ""docs"", ""fix"", ""refactor"", ""test""]","[""ci"", ""docs"", ""feat"", ""fix"", ""test""]",1.6799842473119495,"[""8d2e23bde626eaed6e5b13384cc7ac38bab5ea66"", ""036a0ff49a7dade0e04c9c07071a1ff49133ee24"", ""6b473cbdc5997af47c56a2a74f5b64da6d4c2ad7"", ""f9d9f859240c6f7e78b0303ea40e46622d42bc3c"", ""cdbc37711fa9c64b2cfa767766ca55c95c1736f7""]",0.8,0.8,0.8000000000000002,False,0.2857142857142857,2048,False,5
"[""fix"", ""test""]","[""test""]",1.250320984981954,"[""7c48976f943e1e9b5850967b6f2963a205476ded""]",0.5,1.0,0.6666666666666666,False,0.1428571428571428,2048,False,1
"[""feat"", ""test""]","[""refactor""]",1.3428577366285026,"[""5748ff57ebafe94c4979eafa790d9a84812ca440""]",0.0,0.0,0.0,False,0.4285714285714285,2048,False,1
"[""docs""]","[""docs""]",0.7626605490222573,"[""be8dd55c2179a1743ddbda56b5e88a1a89c92bcc""]",1.0,1.0,1.0,True,0.0,2048,False,1
"[""feat""]","[""feat""]",0.7718490147963166,"[""15b8e4bc9349ce017f65e10b95cae48b0aa11828""]",1.0,1.0,1.0,True,0.0,2048,False,1
"[""build""]","[""build""]",0.7761578890495002,"[""37b1cbfd3d2c462ef4f2a131e4172c38dc8d9ddf""]",1.0,1.0,1.0,True,0.0,2048,False,1
"[""ci""]","[""ci""]",0.756950443610549,"[""8d2e23bde626eaed6e5b13384cc7ac38bab5ea66""]",1.0,1.0,1.0,True,0.0,2048,False,1
"[""fix"", ""test""]","[""fix""]",1.2666899510659275,"[""44ac09d356fa02bdbb840638846f7a7500700d23""]",0.5,1.0,0.6666666666666666,False,0.1428571428571428,2048,False,1
"[""ci"", ""build""]","[""ci""]",0.9090454950928688,"[""be44bbdeb52c6025e81c99528ed7b0d932c5be18""]",0.5,1.0,0.6666666666666666,False,0.1428571428571428,2048,False,1
"[""build""]","[""build""]",0.7508699782192707,"[""b7e38fb62aa6e8a30d72dec063b1adccd089d0aa""]",1.0,1.0,1.0,True,0.0,2048,False,1
"[""fix"", ""build""]","[""refactor""]",1.3638195702806115,"[""3e0e30ecebaf23f0c36fa4811426f8f4e0057cfe""]",0.0,0.0,0.0,False,0.4285714285714285,2048,False,1
"[""feat"", ""refactor""]","[""feat""]",1.4044132861308751,"[""293f301a4bb248799c467d1fef413ed3909f47a4""]",0.5,1.0,0.6666666666666666,False,0.1428571428571428,2048,False,1
"[""test""]","[""test""]",0.821791869122535,"[""6c7398993bc567ec84e4573b6ededbf50b1ef606""]",1.0,1.0,1.0,True,0.0,2048,False,1
"[""docs""]","[""docs""]",0.5359695800580084,"[""036a0ff49a7dade0e04c9c07071a1ff49133ee24""]",1.0,1.0,1.0,True,0.0,2048,False,1
"[""refactor""]","[""fix""]",0.776611858047545,"[""73b8948ea1d49e05ae8c63b17926eda4cb04e9bb""]",0.0,0.0,0.0,False,0.2857142857142857,2048,False,1
"[""refactor"", ""build""]","[""fix""]",0.7550453939475119,"[""ccd1946a375e2ac10c3c591b04a435c4bc5170c2""]",0.0,0.0,0.0,False,0.4285714285714285,2048,False,1
"[""feat""]","[""feat""]",1.2254332578741014,"[""542f0cad5337de15428f0b6567ce4efd20a19a48""]",1.0,1.0,1.0,True,0.0,2048,False,1
"[""build""]","[""build""]",0.8701356621459126,"[""4ab28fc2e63e975a0c77e18ae644f34fa5f8771a""]",1.0,1.0,1.0,True,0.0,2048,False,1
"[""ci"", ""build"", ""refactor""]","[""ci""]",0.8921355800703168,"[""b7b9c23698e7238eda26a1135018625181badd82""]",0.3333333333333333,1.0,0.5,False,0.2857142857142857,2048,False,1
"[""refactor""]","[""refactor""]",0.7956945789046586,"[""190aef43fd30e693af822c176f9b686591568719""]",1.0,1.0,1.0,True,0.0,2048,False,1
"[""test""]","[""test""]",0.71877232613042,"[""960af3a1c31fe2b5ab32e580089f67c9da816fcc""]",1.0,1.0,1.0,True,0.0,2048,False,1
"[""docs""]","[""docs""]",0.717595832888037,"[""527e0abd0f88cb3ae2dc1a6ec7a62c241250444d""]",1.0,1.0,1.0,True,0.0,2048,False,1
"[""docs""]","[""docs""]",0.8246672642417252,"[""ee7cc5d5a940fba774e715b1f029c6361110b108""]",1.0,1.0,1.0,True,0.0,2048,False,1
"[""feat"", ""docs""]","[""feat""]",1.3587361918762326,"[""8a954673531d6935f5517535b9068639ed5cff0d""]",0.5,1.0,0.6666666666666666,False,0.1428571428571428,2048,False,1
"[""refactor""]","[""refactor""]",0.9520963770337404,"[""0e4ede620dd9a2cdc13ab9cc6da05577b39fddb8""]",1.0,1.0,1.0,True,0.0,2048,False,1
"[""build""]","[""build""]",0.8465206339024007,"[""ecc481f9f501aa34b41e06e7bbdde6e79f8ca1bb""]",1.0,1.0,1.0,True,0.0,2048,False,1
"[""build""]","[""ci""]",0.6952431630343199,"[""bda1822851d9be04f0d39f2213d1e2066eb115c8""]",0.0,0.0,0.0,False,0.2857142857142857,2048,False,1
"[""test""]","[""test""]",0.6650056699290872,"[""7df6b872b9c820a35572b926d2496460a4c8b24a""]",1.0,1.0,1.0,True,0.0,2048,False,1
"[""fix""]","[""fix""]",0.7196457800455391,"[""c4d9e5023fa0f88ba283b37da27677ceda1cbfbb""]",1.0,1.0,1.0,True,0.0,2048,False,1
"[""fix""]","[""fix""]",1.2211150568909943,"[""0d43299ccee2b2e018fae24896c45d8d8be66bc6""]",1.0,1.0,1.0,True,0.0,2048,False,1
"[""test""]","[""test""]",1.2191339922137558,"[""90a48c74f6faa0829d3809f739a42c0133e63ae0""]",1.0,1.0,1.0,True,0.0,2048,False,1
"[""refactor""]","[""refactor""]",0.7997781396843493,"[""e8a8edadc5c25d6410462b89a48e0602e0cbbc7f""]",1.0,1.0,1.0,True,0.0,2048,False,1
"[""docs""]","[""docs""]",0.6282319705933332,"[""9849430b11b92ae58d94cfe4d0b06313c7eab550""]",1.0,1.0,1.0,True,0.0,2048,False,1
"[""build""]","[""build""]",0.8230752777308226,"[""45bbdaba1490a3216decb2c1a88b8f7041a3d505""]",1.0,1.0,1.0,True,0.0,2048,False,1
"[""feat""]","[""feat""]",0.7575654000975192,"[""1ae8bf1195b197daa80ba6e45360f8b894364cd4""]",1.0,1.0,1.0,True,0.0,2048,False,1
"[""ci""]","[""ci""]",0.778382483869791,"[""976c34b6fdc32a7f3337f98e67a7c9e4ee9e793e""]",1.0,1.0,1.0,True,0.0,2048,False,1
"[""refactor"", ""test""]","[""refactor""]",1.0114753120578823,"[""1c8ff5cf2feb3ce0b7d0fbfc43be8d20f5b73287""]",0.5,1.0,0.6666666666666666,False,0.1428571428571428,2048,False,1
"[""ci""]","[""docs""]",0.6358709838241339,"[""e50a61d63755a4a955c2a6535a865773e2ac01d5""]",0.0,0.0,0.0,False,0.2857142857142857,2048,False,1
"[""refactor""]","[""test""]",0.6179274371825159,"[""076b9f5efc109b481074a81957e24ce9f4a69f08""]",0.0,0.0,0.0,False,0.2857142857142857,2048,False,1
"[""build""]","[""build""]",1.293903034646064,"[""b2415c4d3de7b5d6da47668a3de630c07b30b300""]",1.0,1.0,1.0,True,0.0,2048,False,1
"[""refactor""]","[""fix""]",0.9569875821471214,"[""a81bbb83d64867f08c4d1be10919ef6806a1bf51""]",0.0,0.0,0.0,False,0.2857142857142857,2048,False,1
"[""feat"", ""test""]","[""feat""]",1.2946146931499245,"[""3730075261bc81df68f9d10f12a2d6bbffd8493c""]",0.5,1.0,0.6666666666666666,False,0.1428571428571428,2048,False,1
"[""ci"", ""build""]","[""ci""]",0.9677337370812892,"[""db55dae208e4807898e6c747cefdf9bfcb4fd08c""]",0.5,1.0,0.6666666666666666,False,0.1428571428571428,2048,False,1
"[""docs""]","[""docs""]",1.2931517381221056,"[""dfab97842fe78fb8f217a5185fb6ec92682a53ca""]",1.0,1.0,1.0,True,0.0,2048,False,1
"[""feat""]","[""feat""]",1.08549797674641,"[""73211952964a79d97b434dd567e6d7d34be7feb5""]",1.0,1.0,1.0,True,0.0,2048,False,1
"[""test""]","[""refactor""]",0.7506180698983371,"[""fba4326c72fc22d81aba6976a9fef1e4b6154fd9""]",0.0,0.0,0.0,False,0.2857142857142857,2048,False,1
"[""ci""]","[""ci""]",0.6910554482601583,"[""6f5b1103c0893d13b42f1f7c6504c9c339840be3""]",1.0,1.0,1.0,True,0.0,2048,False,1
"[""refactor""]","[""fix""]",0.7649916261434555,"[""2b1ad9d10fc5685ec75f362a73229569f03344ca""]",0.0,0.0,0.0,False,0.2857142857142857,2048,False,1
"[""build"", ""test""]","[""test""]",1.135792211163789,"[""cd2bfb9b2298e8cd91013808547b35a9c40f46f1""]",0.5,1.0,0.6666666666666666,False,0.1428571428571428,2048,False,1
"[""build""]","[""build""]",0.9078379198908806,"[""607ecc92b5f8c084304e406eec725b7dcfa0a562""]",1.0,1.0,1.0,True,0.0,2048,False,1
"[""refactor""]","[""refactor""]",0.8237436357885599,"[""b98a8fed0b67b99ef4f8373aea904f847315e468""]",1.0,1.0,1.0,True,0.0,2048,False,1
"[""docs""]","[""docs""]",0.7548319757916033,"[""144388439d64e049cbed4e37659e819856d6987f""]",1.0,1.0,1.0,True,0.0,2048,False,1
"[""ci""]","[""build""]",0.6348317288793623,"[""88129ee45b1d49bc4ff887f3b488464cc7097e29""]",0.0,0.0,0.0,False,0.2857142857142857,2048,False,1
"[""feat""]","[""feat""]",0.8516902402043343,"[""5e09c9128f13c45d54df685b0a17dc8e3f7ff02c""]",1.0,1.0,1.0,True,0.0,2048,False,1
"[""test""]","[""test""]",0.7194199510850012,"[""e77f6751182595fe08940d67e11a90416c8dd6fd""]",1.0,1.0,1.0,True,0.0,2048,False,1
"[""ci"", ""build""]","[""ci""]",0.9913324671797454,"[""bb00890fa896936d0be09cc5e5f411fb5e64aa5f""]",0.5,1.0,0.6666666666666666,False,0.1428571428571428,2048,False,1
"[""fix""]","[""fix""]",0.7198473219759762,"[""c1d3b58fd20995b1b9ca4e6771e3fa375242b02d""]",1.0,1.0,1.0,True,0.0,2048,False,1
"[""fix""]","[""fix""]",0.6940398183651268,"[""be2cbd9480fcbd60c3011ca57f1d761185cf52bd""]",1.0,1.0,1.0,True,0.0,2048,False,1
"[""refactor""]","[""refactor""]",0.7631371240131557,"[""8f1034b79f894b4b1112a4bc1903f37f22f7f5ed""]",1.0,1.0,1.0,True,0.0,2048,False,1
"[""docs""]","[""docs""]",0.8303980189375579,"[""16124286236edf03a6199720ba1629a35e3fe1aa""]",1.0,1.0,1.0,True,0.0,2048,False,1
"[""test""]","[""test""]",0.6322307926602662,"[""cdbc37711fa9c64b2cfa767766ca55c95c1736f7""]",1.0,1.0,1.0,True,0.0,2048,False,1
"[""ci""]","[""ci""]",0.7311765383929014,"[""5ebfebf86e60aae2610eb0ed84d177d53cd75f9d""]",1.0,1.0,1.0,True,0.0,2048,False,1
"[""feat""]","[""feat""]",1.226517317816615,"[""ded26d768ff432ad3bde3c0aa1e95ce50726100a""]",1.0,1.0,1.0,True,0.0,2048,False,1
"[""refactor""]","[""build""]",0.8090789578855038,"[""f46c6c6c26a14312aa05a77ff2a14aebd74e13ac""]",0.0,0.0,0.0,False,0.2857142857142857,2048,False,1
"[""feat""]","[""feat""]",1.0074721798300743,"[""bea32587586ca08f390c901a95e9b9c25263f4df""]",1.0,1.0,1.0,True,0.0,2048,False,1
"[""docs""]","[""docs""]",0.8524672891944647,"[""26994fb090d4ed0daf9b8ba960b4690fac08e340""]",1.0,1.0,1.0,True,0.0,2048,False,1
"[""fix"", ""test""]","[""fix""]",1.360247541218996,"[""80242b34468398e835e5b3fc5ac345dbae4bcc7e""]",0.5,1.0,0.6666666666666666,False,0.1428571428571428,2048,False,1
"[""build""]","[""refactor""]",0.771213938947767,"[""f9447355b93d67961c4a6b04bde3e83a394458ab""]",0.0,0.0,0.0,False,0.2857142857142857,2048,False,1
"[""ci""]","[""ci""]",0.788851919118315,"[""8fe29cdc76480adc79701e4c492ff1e87566f569""]",1.0,1.0,1.0,True,0.0,2048,False,1
"[""docs"", ""build""]","[""build""]",0.9068516781553626,"[""4542d9973a848a2bd4f9baf12992efe7d7a69f2c""]",0.5,1.0,0.6666666666666666,False,0.1428571428571428,2048,False,1
"[""test""]","[""test""]",0.6262346059083939,"[""e053bb5190b033d4edb35a0718d3c414ae366431""]",1.0,1.0,1.0,True,0.0,2048,False,1
"[""docs"", ""fix""]","[""docs"", ""refactor""]",1.16296900017187,"[""144388439d64e049cbed4e37659e819856d6987f"", ""5748ff57ebafe94c4979eafa790d9a84812ca440""]",0.5,0.5,0.5,False,0.2857142857142857,2048,False,2
"[""docs"", ""build"", ""test""]","[""build"", ""test""]",1.144587294664234,"[""4542d9973a848a2bd4f9baf12992efe7d7a69f2c"", ""1f663cbe4b4a9e7a0ae89c05f824335f2a0857fd""]",0.6666666666666666,1.0,0.8,False,0.1428571428571428,2048,False,2
"[""feat"", ""fix"", ""refactor"", ""docs"", ""test"", ""ci"", ""build""]","[""feat"", ""fix""]",2.07362863374874,"[""6f0cf049caa1a7982669ee685e86621452686551"", ""238ba1990ea68eb64bdfc6b31efebad2acb01ad6""]",0.2857142857142857,1.0,0.4444444444444445,False,0.7142857142857143,2048,False,2
"[""ci"", ""docs""]","[""ci"", ""docs""]",1.0757869286462665,"[""6f5b1103c0893d13b42f1f7c6504c9c339840be3"", ""01e1e33f377934099a4a725fab5cd6c5ff50eaa2""]",1.0,1.0,1.0,True,0.0,2048,False,2
"[""ci"", ""feat""]","[""ci"", ""feat""]",1.1001353170722723,"[""6f5b1103c0893d13b42f1f7c6504c9c339840be3"", ""73211952964a79d97b434dd567e6d7d34be7feb5""]",1.0,1.0,1.0,True,0.0,2048,False,2
"[""build"", ""test""]","[""build"", ""refactor""]",1.2037090840749445,"[""1ad3f41f28d2faa5229ee88b54d673275cc31036"", ""72e3eed599b3a3dd154575af344ac3e5c62dd07b""]",0.5,0.5,0.5,False,0.2857142857142857,2048,False,2
"[""fix"", ""test""]","[""fix"", ""test""]",1.202373429201543,"[""0d43299ccee2b2e018fae24896c45d8d8be66bc6"", ""24a815b90437dbd962b5ff449f0b5146df835545""]",1.0,1.0,1.0,True,0.0,2048,False,2
"[""test"", ""refactor""]","[""feat"", ""refactor""]",1.3688192837871611,"[""3730075261bc81df68f9d10f12a2d6bbffd8493c"", ""0e4ede620dd9a2cdc13ab9cc6da05577b39fddb8""]",0.5,0.5,0.5,False,0.2857142857142857,2048,False,2
"[""build"", ""docs""]","[""build"", ""docs""]",1.0517637049779296,"[""b7e38fb62aa6e8a30d72dec063b1adccd089d0aa"", ""eb51316cdfdc7258d287ba13b67ef2f42bd2b8f6""]",1.0,1.0,1.0,True,0.0,2048,False,2
"[""ci"", ""fix""]","[""ci"", ""fix""]",0.8609917531721294,"[""6f5b1103c0893d13b42f1f7c6504c9c339840be3"", ""be2cbd9480fcbd60c3011ca57f1d761185cf52bd""]",1.0,1.0,1.0,True,0.0,2048,False,2
"[""refactor"", ""test""]","[""fix"", ""test""]",1.1199297099374237,"[""b131f5d67076b97b3186c820760df839bf796ad5"", ""2a7c6f5c0b1c966d6a5d103de1978a61c141648a""]",0.5,0.5,0.5,False,0.2857142857142857,2048,False,2
"[""build"", ""docs""]","[""build"", ""docs""]",1.101078175008297,"[""45bbdaba1490a3216decb2c1a88b8f7041a3d505"", ""16124286236edf03a6199720ba1629a35e3fe1aa""]",1.0,1.0,1.0,True,0.0,2048,False,2
"[""feat""]","[""feat"", ""refactor""]",1.0587032539770007,"[""d61bf50f77b404e660a6e5aa9e9bc4ce415e8c18"", ""ee4bf61fb8836e249fb4ef3507dc938e70696b3f""]",1.0,0.5,0.6666666666666666,False,0.1428571428571428,2048,False,2
"[""ci"", ""test""]","[""ci"", ""test""]",1.1027076030150056,"[""bda1822851d9be04f0d39f2213d1e2066eb115c8"", ""90a48c74f6faa0829d3809f739a42c0133e63ae0""]",1.0,1.0,1.0,True,0.0,2048,False,2
"[""ci"", ""build"", ""refactor""]","[""ci"", ""refactor""]",1.340905569028109,"[""be44bbdeb52c6025e81c99528ed7b0d932c5be18"", ""0e4ede620dd9a2cdc13ab9cc6da05577b39fddb8""]",0.6666666666666666,1.0,0.8,False,0.1428571428571428,2048,False,2
"[""feat"", ""fix"", ""refactor"", ""docs"", ""test"", ""ci"", ""build""]","[""docs"", ""feat""]",2.0932632610201836,"[""0105a4ee47706d9b3aa8f22d0a75585a498731ec"", ""3709e392924aba3542514ce35bd681adca39e8ac""]",0.2857142857142857,1.0,0.4444444444444445,False,0.7142857142857143,2048,False,2
"[""build"", ""test""]","[""build"", ""test""]",1.1683120289817452,"[""fd2b7a18dca63b51f4ba5de6b2e4ad2b825e735d"", ""24a815b90437dbd962b5ff449f0b5146df835545""]",1.0,1.0,1.0,True,0.0,2048,False,2
"[""ci"", ""fix"", ""test""]","[""ci"", ""fix""]",1.235183552838862,"[""bda1822851d9be04f0d39f2213d1e2066eb115c8"", ""238ba1990ea68eb64bdfc6b31efebad2acb01ad6""]",0.6666666666666666,1.0,0.8,False,0.1428571428571428,2048,False,2
"[""feat"", ""fix"", ""refactor"", ""docs"", ""test"", ""ci"", ""build""]","[""feat"", ""test""]",1.8690103283151984,"[""6b473cbdc5997af47c56a2a74f5b64da6d4c2ad7"", ""cdbc37711fa9c64b2cfa767766ca55c95c1736f7""]",0.2857142857142857,1.0,0.4444444444444445,False,0.7142857142857143,2048,False,2
"[""docs"", ""fix""]","[""docs"", ""refactor""]",1.1417082729749382,"[""af5ec2005504bbd836a54bfb2df0b7f6cf15f314"", ""4597f158c45a1f996ad217236d88edab69c29b22""]",0.5,0.5,0.5,False,0.2857142857142857,2048,False,2
"[""build"", ""fix""]","[""build"", ""fix""]",1.0123914130963385,"[""ecc481f9f501aa34b41e06e7bbdde6e79f8ca1bb"", ""45b386aa3f06bce06f5e03fbde0aa52c4051c8bc""]",1.0,1.0,1.0,True,0.0,2048,False,2
"[""refactor"", ""test""]","[""refactor"", ""test""]",1.0559524721466005,"[""3a86f49b725c0f66b5f04f80547042636135b49c"", ""3c812f916e06a53b899e9e3dd79760b475fa4b87""]",1.0,1.0,1.0,True,0.0,2048,False,2
"[""feat"", ""build""]","[""ci"", ""feat""]",1.0138358930125833,"[""bda1822851d9be04f0d39f2213d1e2066eb115c8"", ""ba60e126299ad057772b5516d9ab390e770f1301""]",0.5,0.5,0.5,False,0.2857142857142857,2048,False,2
"[""build"", ""docs""]","[""build"", ""docs""]",1.1678650500252843,"[""0f38960851ac0fd159727d5dffb36f50268eec18"", ""a4290c7be832aaac894f9b4e69837f0eb13d9287""]",1.0,1.0,1.0,True,0.0,2048,False,2
"[""ci""]","[""ci"", ""fix""]",0.9994010808877648,"[""0984951701c34c08392b87082824dcebc379b4e7"", ""2b1ad9d10fc5685ec75f362a73229569f03344ca""]",1.0,0.5,0.6666666666666666,False,0.1428571428571428,2048,False,2
"[""feat"", ""fix"", ""refactor"", ""docs"", ""test"", ""ci"", ""build""]","[""build"", ""docs""]",1.7300168578512969,"[""b0866f62417f56bdd5a46e8f14278af79efc4d76"", ""fc9af4d0b93d69be4e201ffb18da04324e8a4a87""]",0.2857142857142857,1.0,0.4444444444444445,False,0.7142857142857143,2048,False,2
"[""test"", ""ci""]","[""feat"", ""test""]",1.1613627336919308,"[""3730075261bc81df68f9d10f12a2d6bbffd8493c"", ""076b9f5efc109b481074a81957e24ce9f4a69f08""]",0.5,0.5,0.5,False,0.2857142857142857,2048,False,2
"[""fix""]","[""fix"", ""refactor""]",1.2216001437045634,"[""0d43299ccee2b2e018fae24896c45d8d8be66bc6"", ""536872b735334929f25bf70d052e739166355160""]",1.0,0.5,0.6666666666666666,False,0.1428571428571428,2048,False,2
"[""feat"", ""refactor"", ""test""]","[""feat"", ""refactor""]",1.546572503168136,"[""a51716d5ac3f7aabe1428a5a6d79c6b863463ff6"", ""3a86f49b725c0f66b5f04f80547042636135b49c""]",0.6666666666666666,1.0,0.8,False,0.1428571428571428,2048,False,2
"[""refactor""]","[""build"", ""fix""]",0.9571455447003244,"[""f46c6c6c26a14312aa05a77ff2a14aebd74e13ac"", ""3f71e37ef9bfdbc0aea89863ae3d75c0c7e4a53d""]",0.0,0.0,0.0,False,0.4285714285714285,2048,False,2
"[""ci"", ""build"", ""refactor""]","[""ci"", ""test""]",1.1893704561516645,"[""be44bbdeb52c6025e81c99528ed7b0d932c5be18"", ""076b9f5efc109b481074a81957e24ce9f4a69f08""]",0.3333333333333333,0.5,0.4,False,0.4285714285714285,2048,False,2
"[""docs"", ""test""]","[""docs"", ""test""]",1.1419029720127585,"[""eb51316cdfdc7258d287ba13b67ef2f42bd2b8f6"", ""625cbbca0d92b8756eac6fcacc795d90527d8975""]",1.0,1.0,1.0,True,0.0,2048,False,2
"[""feat"", ""fix"", ""refactor"", ""docs"", ""test"", ""ci"", ""build""]","[""fix"", ""refactor""]",1.9081238307990136,"[""f2ac6e30644848f0c5c36057d1f55551fb70952f"", ""4be836f5655fb5356fde5ddd7437125f8574705d""]",0.2857142857142857,1.0,0.4444444444444445,False,0.7142857142857143,2048,False,2
"[""docs"", ""feat""]","[""docs"", ""feat""]",1.3619515988975763,"[""cb1f48b56ae0de93acb72e48726c7d610a1d538e"", ""bea32587586ca08f390c901a95e9b9c25263f4df""]",1.0,1.0,1.0,True,0.0,2048,False,2
"[""build"", ""test"", ""ci""]","[""build"", ""ci""]",1.237445495091379,"[""454003841aabeb74396d73541378bfa59c75b5db"", ""bda1822851d9be04f0d39f2213d1e2066eb115c8""]",0.6666666666666666,1.0,0.8,False,0.1428571428571428,2048,False,2
"[""docs"", ""refactor""]","[""docs"", ""test""]",1.0055051003582776,"[""16124286236edf03a6199720ba1629a35e3fe1aa"", ""076b9f5efc109b481074a81957e24ce9f4a69f08""]",0.5,0.5,0.5,False,0.2857142857142857,2048,False,2
"[""build"", ""fix""]","[""build"", ""refactor""]",1.259203306864947,"[""ecc481f9f501aa34b41e06e7bbdde6e79f8ca1bb"", ""5748ff57ebafe94c4979eafa790d9a84812ca440""]",0.5,0.5,0.5,False,0.2857142857142857,2048,False,2
"[""feat""]","[""feat"", ""fix""]",0.9653389248996972,"[""73211952964a79d97b434dd567e6d7d34be7feb5"", ""be2cbd9480fcbd60c3011ca57f1d761185cf52bd""]",1.0,0.5,0.6666666666666666,False,0.1428571428571428,2048,False,2
"[""ci"", ""test""]","[""ci"", ""test""]",1.070407739840448,"[""db2dbc13d7da2ae85cd3206d330be8ed0ebe1b2c"", ""6c7398993bc567ec84e4573b6ededbf50b1ef606""]",1.0,1.0,1.0,True,0.0,2048,False,2
"[""build"", ""refactor""]","[""build"", ""fix""]",1.0952836899086833,"[""4ab28fc2e63e975a0c77e18ae644f34fa5f8771a"", ""b131f5d67076b97b3186c820760df839bf796ad5""]",0.5,0.5,0.5,False,0.2857142857142857,2048,False,2
"[""feat""]","[""feat"", ""refactor""]",1.222282500937581,"[""73211952964a79d97b434dd567e6d7d34be7feb5"", ""78971fd68d7dc5c8e6811b4520cdc54e4188f733""]",1.0,0.5,0.6666666666666666,False,0.1428571428571428,2048,False,2
"[""ci"", ""docs""]","[""ci"", ""docs""]",0.7980081350542605,"[""6f5b1103c0893d13b42f1f7c6504c9c339840be3"", ""9849430b11b92ae58d94cfe4d0b06313c7eab550""]",1.0,1.0,1.0,True,0.0,2048,False,2
"[""docs"", ""feat""]","[""docs"", ""feat""]",1.1006234576925635,"[""26994fb090d4ed0daf9b8ba960b4690fac08e340"", ""15b8e4bc9349ce017f65e10b95cae48b0aa11828""]",1.0,1.0,1.0,True,0.0,2048,False,2
"[""build""]","[""build"", ""fix""]",0.7529769791290164,"[""2d4d735d94386f5045e3b3abc022c2edcdfaef8f"", ""eb9f7b24364e86d7bcf50bb23b62c743cf5526f6""]",1.0,0.5,0.6666666666666666,False,0.1428571428571428,2048,False,2
"[""ci"", ""test"", ""build""]","[""ci"", ""test""]",1.2357784979976714,"[""14f535655d39847a85d0193559c9c0010357ba77"", ""6c7398993bc567ec84e4573b6ededbf50b1ef606""]",0.6666666666666666,1.0,0.8,False,0.1428571428571428,2048,False,2
"[""refactor""]","[""fix"", ""refactor""]",0.8177526467479765,"[""b131f5d67076b97b3186c820760df839bf796ad5"", ""2900e67189ec09a35fa61f3f17d386f4eb23f9bd""]",1.0,0.5,0.6666666666666666,False,0.1428571428571428,2048,False,2
"[""ci"", ""test"", ""refactor""]","[""ci"", ""test""]",0.9925351557321846,"[""b7b9c23698e7238eda26a1135018625181badd82"", ""1f663cbe4b4a9e7a0ae89c05f824335f2a0857fd""]",0.6666666666666666,1.0,0.8,False,0.1428571428571428,2048,False,2
"[""docs"", ""refactor""]","[""docs"", ""refactor""]",1.4106747340410948,"[""e9358fb4955396bfc3340418c77cbce4fa6123ee"", ""cc9df62b0b41e84da275cf6ddcb06126628713b7""]",1.0,1.0,1.0,True,0.0,2048,False,2
"[""ci"", ""feat""]","[""build"", ""feat""]",1.1394372121430931,"[""88129ee45b1d49bc4ff887f3b488464cc7097e29"", ""b7191a24b71cce2b7260d60de26ac8161546110e""]",0.5,0.5,0.5,False,0.2857142857142857,2048,False,2
"[""feat"", ""build""]","[""build"", ""feat""]",1.1572648137807846,"[""b7e38fb62aa6e8a30d72dec063b1adccd089d0aa"", ""73211952964a79d97b434dd567e6d7d34be7feb5""]",1.0,1.0,1.0,True,0.0,2048,False,2
"[""test"", ""build"", ""refactor""]","[""refactor"", ""test""]",1.140438280068338,"[""7e84797900f1b6f61e16d8a4766b8209673a7acb"", ""8ee0611fbf0cd89abe7ae588f22e6ecb843598ea""]",0.6666666666666666,1.0,0.8,False,0.1428571428571428,2048,False,2
"[""ci"", ""refactor""]","[""ci"", ""fix""]",1.0058073718100786,"[""b7b9c23698e7238eda26a1135018625181badd82"", ""c4d9e5023fa0f88ba283b37da27677ceda1cbfbb""]",0.5,0.5,0.5,False,0.2857142857142857,2048,False,2
"[""feat"", ""docs"", ""test""]","[""docs"", ""test""]",1.3392681442201138,"[""af82c2c910c9b5d3dd68de30c59a9e169a8934a5"", ""6c7398993bc567ec84e4573b6ededbf50b1ef606""]",0.6666666666666666,1.0,0.8,False,0.1428571428571428,2048,False,2
"[""ci"", ""refactor""]","[""ci"", ""refactor""]",0.8243194608949125,"[""b7b9c23698e7238eda26a1135018625181badd82"", ""879edb6ed90f88b9ae6a3c2e8878ae1be48e0c88""]",1.0,1.0,1.0,True,0.0,2048,False,2
"[""build"", ""docs""]","[""build"", ""docs""]",0.8018814716488123,"[""0f38960851ac0fd159727d5dffb36f50268eec18"", ""e0177c25e13812306aab0b0991562d58b6d14767""]",1.0,1.0,1.0,True,0.0,2048,False,2
"[""ci"", ""feat"", ""fix""]","[""feat"", ""fix""]",1.2374374717473984,"[""ebaa20ea3f02e25f78c52cae208017a898cb6c13"", ""f9f309d1f4ef1917a89e867e6ba4c3f8d5b24d48""]",0.6666666666666666,1.0,0.8,False,0.1428571428571428,2048,False,2
"[""docs"", ""refactor"", ""build""]","[""docs"", ""fix""]",1.1649195407517254,"[""b8a664c1b10f4e30a3e221a14211a3cdaf90b7f4"", ""ccd1946a375e2ac10c3c591b04a435c4bc5170c2""]",0.3333333333333333,0.5,0.4,False,0.4285714285714285,2048,False,2
"[""feat"", ""test""]","[""feat"", ""test""]",1.3603801517747345,"[""1f15f71e415ba49b21684c7a3a51c8e3faaa7cf3"", ""f87659953e9af59bc7cb314a22dd076d988ef607""]",1.0,1.0,1.0,True,0.0,2048,False,2
"[""build"", ""ci""]","[""build"", ""ci""]",0.9048691168427468,"[""b7e38fb62aa6e8a30d72dec063b1adccd089d0aa"", ""6f5b1103c0893d13b42f1f7c6504c9c339840be3""]",1.0,1.0,1.0,True,0.0,2048,False,2
"[""refactor"", ""fix""]","[""docs"", ""refactor""]",1.4421914275735617,"[""0105a4ee47706d9b3aa8f22d0a75585a498731ec"", ""6ed4690834161e1d250dfb0b46cd05bf07c1bb39""]",0.5,0.5,0.5,False,0.2857142857142857,2048,False,2
"[""ci"", ""build"", ""fix""]","[""ci"", ""fix""]",1.147211705800146,"[""db55dae208e4807898e6c747cefdf9bfcb4fd08c"", ""c4d9e5023fa0f88ba283b37da27677ceda1cbfbb""]",0.6666666666666666,1.0,0.8,False,0.1428571428571428,2048,False,2
"[""build"", ""test""]","[""build"", ""test""]",1.2619755608029664,"[""ecc481f9f501aa34b41e06e7bbdde6e79f8ca1bb"", ""3c04162664b130c9486cba54afc16b6e57c779d1""]",1.0,1.0,1.0,True,0.0,2048,False,2
"[""feat"", ""fix"", ""refactor"", ""docs"", ""test"", ""ci"", ""build""]","[""feat"", ""refactor""]",1.9277182379737496,"[""8b9176b44bb01a1eef497a403b0304bc389c9aee"", ""5748ff57ebafe94c4979eafa790d9a84812ca440""]",0.2857142857142857,1.0,0.4444444444444445,False,0.7142857142857143,2048,False,2
"[""feat"", ""refactor"", ""build""]","[""build"", ""feat""]",1.4524189829826355,"[""f46c6c6c26a14312aa05a77ff2a14aebd74e13ac"", ""d82c76e667c01567382e3ebeb13125c5d0064324""]",0.6666666666666666,1.0,0.8,False,0.1428571428571428,2048,False,2
"[""refactor"", ""test""]","[""refactor"", ""test""]",1.0307815847918391,"[""211de26da358601056dd922d63f832433d7a693b"", ""1f663cbe4b4a9e7a0ae89c05f824335f2a0857fd""]",1.0,1.0,1.0,True,0.0,2048,False,2
"[""ci"", ""docs""]","[""ci"", ""docs""]",0.9617519020102918,"[""8d2e23bde626eaed6e5b13384cc7ac38bab5ea66"", ""036a0ff49a7dade0e04c9c07071a1ff49133ee24""]",1.0,1.0,1.0,True,0.0,2048,False,2
"[""docs"", ""refactor""]","[""docs"", ""fix""]",1.1841095201671124,"[""01e536c6eb273f533ac7bb1a51c4954128de2c63"", ""6849b9066f5d95b9e54c67046cfa136cf0d88b27""]",0.5,0.5,0.5,False,0.2857142857142857,2048,False,2
"[""fix"", ""test""]","[""fix"", ""test""]",1.1360723283141851,"[""3e85aa17418f6fd2e6e32f9e55fdf7a9d8fcea9d"", ""f87659953e9af59bc7cb314a22dd076d988ef607""]",1.0,1.0,1.0,True,0.0,2048,False,2
"[""docs"", ""build"", ""ci"", ""refactor""]","[""build"", ""ci""]",1.3273352840915322,"[""4542d9973a848a2bd4f9baf12992efe7d7a69f2c"", ""b7b9c23698e7238eda26a1135018625181badd82""]",0.5,1.0,0.6666666666666666,False,0.2857142857142857,2048,False,2
"[""feat"", ""refactor""]","[""feat"", ""refactor""]",1.3170216935686767,"[""9025fe7e99ae76c1426be68dc80f09e235631a80"", ""3f173b8b7ce54371db277879673b3202edeb2d93""]",1.0,1.0,1.0,True,0.0,2048,False,2
"[""feat"", ""fix"", ""refactor"", ""docs"", ""test"", ""ci"", ""build""]","[""build"", ""feat"", ""refactor""]",1.9523791009560227,"[""37b1cbfd3d2c462ef4f2a131e4172c38dc8d9ddf"", ""542f0cad5337de15428f0b6567ce4efd20a19a48"", ""7adece9931eaef6aaf603b5567829bbdcb28f2d1""]",0.4285714285714285,1.0,0.6,False,0.5714285714285714,2048,False,3
"[""ci"", ""docs"", ""test""]","[""ci"", ""docs"", ""test""]",1.2103571188636124,"[""6f5b1103c0893d13b42f1f7c6504c9c339840be3"", ""eb51316cdfdc7258d287ba13b67ef2f42bd2b8f6"", ""625cbbca0d92b8756eac6fcacc795d90527d8975""]",1.0,1.0,1.0,True,0.0,2048,False,3
"[""test"", ""refactor"", ""build""]","[""feat"", ""fix"", ""test""]",1.343568746931851,"[""3730075261bc81df68f9d10f12a2d6bbffd8493c"", ""ccd1946a375e2ac10c3c591b04a435c4bc5170c2"", ""076b9f5efc109b481074a81957e24ce9f4a69f08""]",0.3333333333333333,0.3333333333333333,0.3333333333333333,False,0.5714285714285714,2048,False,3
"[""docs"", ""build"", ""ci"", ""refactor""]","[""build"", ""ci"", ""fix""]",1.5149317826144395,"[""4542d9973a848a2bd4f9baf12992efe7d7a69f2c"", ""b7b9c23698e7238eda26a1135018625181badd82"", ""73b8948ea1d49e05ae8c63b17926eda4cb04e9bb""]",0.5,0.6666666666666666,0.5714285714285715,False,0.4285714285714285,2048,False,3
"[""ci"", ""build"", ""refactor"", ""docs""]","[""ci"", ""docs"", ""refactor""]",1.389166354201734,"[""14f535655d39847a85d0193559c9c0010357ba77"", ""7f611e4208d0cc36c635eb0641a4b3258999ae8d"", ""d55088c612b1108ef566ec47e40fb8d1050f7451""]",0.75,1.0,0.8571428571428571,False,0.1428571428571428,2048,False,3
"[""docs"", ""refactor""]","[""docs"", ""fix"", ""refactor""]",1.2487755897454915,"[""e9358fb4955396bfc3340418c77cbce4fa6123ee"", ""d5d3753c221e5164874ee99f1c6959f03fce0725"", ""7292fc7d387d83379aedf93558451bfa254acb6f""]",1.0,0.6666666666666666,0.8,False,0.1428571428571428,2048,False,3
"[""build"", ""refactor"", ""test""]","[""build"", ""feat"", ""test""]",1.5047946758568287,"[""afafb9a32b164df33754a36547ee134b8fbe374a"", ""293f301a4bb248799c467d1fef413ed3909f47a4"", ""24a815b90437dbd962b5ff449f0b5146df835545""]",0.6666666666666666,0.6666666666666666,0.6666666666666666,False,0.2857142857142857,2048,False,3
"[""ci"", ""build"", ""refactor""]","[""ci"", ""fix"", ""refactor""]",1.3808480040170252,"[""be44bbdeb52c6025e81c99528ed7b0d932c5be18"", ""ccd1946a375e2ac10c3c591b04a435c4bc5170c2"", ""0e4ede620dd9a2cdc13ab9cc6da05577b39fddb8""]",0.6666666666666666,0.6666666666666666,0.6666666666666666,False,0.2857142857142857,2048,False,3
"[""feat"", ""docs"", ""build""]","[""build"", ""docs"", ""feat""]",1.3603035509586334,"[""b7e38fb62aa6e8a30d72dec063b1adccd089d0aa"", ""eb51316cdfdc7258d287ba13b67ef2f42bd2b8f6"", ""73211952964a79d97b434dd567e6d7d34be7feb5""]",1.0,1.0,1.0,True,0.0,2048,False,3
"[""docs"", ""build"", ""fix"", ""test""]","[""build"", ""fix"", ""test""]",1.4707223367877305,"[""4542d9973a848a2bd4f9baf12992efe7d7a69f2c"", ""73b8948ea1d49e05ae8c63b17926eda4cb04e9bb"", ""1f663cbe4b4a9e7a0ae89c05f824335f2a0857fd""]",0.75,1.0,0.8571428571428571,False,0.1428571428571428,2048,False,3
"[""build"", ""refactor"", ""test""]","[""ci"", ""refactor"", ""test""]",1.349001115653664,"[""bda1822851d9be04f0d39f2213d1e2066eb115c8"", ""b98a8fed0b67b99ef4f8373aea904f847315e468"", ""b7e2330fa3a8d7b8a9bff01b707c44e64b845c7b""]",0.6666666666666666,0.6666666666666666,0.6666666666666666,False,0.2857142857142857,2048,False,3
"[""feat"", ""fix"", ""refactor"", ""docs"", ""test"", ""ci"", ""build""]","[""docs"", ""feat"", ""test""]",1.987947201821953,"[""fd849bd08363df60dbc8b9b6d55bac4f5ace88f4"", ""b7191a24b71cce2b7260d60de26ac8161546110e"", ""11ffd5174bd61a2939ae58d2b2d43284302ae490""]",0.4285714285714285,1.0,0.6,False,0.5714285714285714,2048,False,3
"[""ci"", ""docs"", ""refactor""]","[""ci"", ""docs"", ""refactor""]",1.4471615431830287,"[""be44bbdeb52c6025e81c99528ed7b0d932c5be18"", ""16124286236edf03a6199720ba1629a35e3fe1aa"", ""0e4ede620dd9a2cdc13ab9cc6da05577b39fddb8""]",1.0,1.0,1.0,True,0.0,2048,False,3
"[""build"", ""feat"", ""refactor""]","[""build"", ""feat"", ""fix""]",1.4502935321070254,"[""ecc481f9f501aa34b41e06e7bbdde6e79f8ca1bb"", ""8b9176b44bb01a1eef497a403b0304bc389c9aee"", ""cc6408b88246f20c62884a5892a6276baf7c3920""]",0.6666666666666666,0.6666666666666666,0.6666666666666666,False,0.2857142857142857,2048,False,3
"[""docs"", ""refactor"", ""test""]","[""docs"", ""fix"", ""test""]",1.320701050106436,"[""12257ce53f94dc902df4ba087de90f52d2840ad4"", ""2b1ad9d10fc5685ec75f362a73229569f03344ca"", ""6c7398993bc567ec84e4573b6ededbf50b1ef606""]",0.6666666666666666,0.6666666666666666,0.6666666666666666,False,0.2857142857142857,2048,False,3
"[""build"", ""ci"", ""docs""]","[""build"", ""ci"", ""refactor""]",1.1229735692031682,"[""b7e38fb62aa6e8a30d72dec063b1adccd089d0aa"", ""6f5b1103c0893d13b42f1f7c6504c9c339840be3"", ""3550066c886bf253df376f303a60ed475ac42aaa""]",0.6666666666666666,0.6666666666666666,0.6666666666666666,False,0.2857142857142857,2048,False,3
"[""feat"", ""build""]","[""build"", ""feat"", ""refactor""]",1.2586594559252262,"[""b7e38fb62aa6e8a30d72dec063b1adccd089d0aa"", ""73211952964a79d97b434dd567e6d7d34be7feb5"", ""8da0303bc02db5fe047cfc0631a9da41d9dc60f7""]",1.0,0.6666666666666666,0.8,False,0.1428571428571428,2048,False,3
"[""feat"", ""docs"", ""test"", ""build""]","[""ci"", ""feat"", ""test""]",1.4782517557032406,"[""bda1822851d9be04f0d39f2213d1e2066eb115c8"", ""988dda23984894cea097d64646196e8d6196d6b6"", ""90a48c74f6faa0829d3809f739a42c0133e63ae0""]",0.5,0.6666666666666666,0.5714285714285715,False,0.4285714285714285,2048,False,3
"[""build"", ""docs"", ""fix""]","[""build"", ""docs"", ""fix""]",1.2341991327703,"[""ecc481f9f501aa34b41e06e7bbdde6e79f8ca1bb"", ""144388439d64e049cbed4e37659e819856d6987f"", ""45b386aa3f06bce06f5e03fbde0aa52c4051c8bc""]",1.0,1.0,1.0,True,0.0,2048,False,3
"[""docs"", ""fix"", ""test""]","[""docs"", ""fix"", ""test""]",1.189151817932725,"[""af5ec2005504bbd836a54bfb2df0b7f6cf15f314"", ""f9f309d1f4ef1917a89e867e6ba4c3f8d5b24d48"", ""3c812f916e06a53b899e9e3dd79760b475fa4b87""]",1.0,1.0,1.0,True,0.0,2048,False,3
"[""ci"", ""build"", ""test"", ""refactor""]","[""ci"", ""feat"", ""refactor""]",1.525565864983946,"[""be44bbdeb52c6025e81c99528ed7b0d932c5be18"", ""3730075261bc81df68f9d10f12a2d6bbffd8493c"", ""0e4ede620dd9a2cdc13ab9cc6da05577b39fddb8""]",0.5,0.6666666666666666,0.5714285714285715,False,0.4285714285714285,2048,False,3
"[""build"", ""docs"", ""refactor""]","[""build"", ""docs"", ""fix""]",1.4846572107635438,"[""ecc481f9f501aa34b41e06e7bbdde6e79f8ca1bb"", ""ee7cc5d5a940fba774e715b1f029c6361110b108"", ""cc6408b88246f20c62884a5892a6276baf7c3920""]",0.6666666666666666,0.6666666666666666,0.6666666666666666,False,0.2857142857142857,2048,False,3
"[""docs"", ""test"", ""refactor""]","[""feat"", ""refactor"", ""test""]",1.3170805149711668,"[""a84d6715a4df12cc0ee9aa6f2596ce3b04353958"", ""e8a8edadc5c25d6410462b89a48e0602e0cbbc7f"", ""e77f6751182595fe08940d67e11a90416c8dd6fd""]",0.6666666666666666,0.6666666666666666,0.6666666666666666,False,0.2857142857142857,2048,False,3
"[""ci"", ""docs"", ""feat""]","[""ci"", ""docs"", ""feat""]",1.4035226698033512,"[""200aca9f3d1253e4e28e79464da19b701aba777e"", ""2fdecc045fdb509832a758e45412c115fa03e8e8"", ""8a954673531d6935f5517535b9068639ed5cff0d""]",1.0,1.0,1.0,True,0.0,2048,False,3
"[""ci"", ""test"", ""refactor""]","[""ci"", ""fix"", ""test""]",1.255291239824146,"[""e7ecc8763152ed6f89dbf4a6f313c276549eb0b7"", ""2b1ad9d10fc5685ec75f362a73229569f03344ca"", ""6c7398993bc567ec84e4573b6ededbf50b1ef606""]",0.6666666666666666,0.6666666666666666,0.6666666666666666,False,0.2857142857142857,2048,False,3
"[""build"", ""ci"", ""refactor""]","[""build"", ""ci"", ""refactor""]",1.4419622719287872,"[""45bbdaba1490a3216decb2c1a88b8f7041a3d505"", ""be44bbdeb52c6025e81c99528ed7b0d932c5be18"", ""0e4ede620dd9a2cdc13ab9cc6da05577b39fddb8""]",1.0,1.0,1.0,True,0.0,2048,False,3
"[""build"", ""test""]","[""build"", ""fix"", ""refactor""]",1.0140412407927215,"[""37b1cbfd3d2c462ef4f2a131e4172c38dc8d9ddf"", ""9db124c65f291a1524ed2e7db1c04a7020eaed80"", ""e2b7c0ea44b9c958f66d0cbd59fec597008f4793""]",0.5,0.3333333333333333,0.4,False,0.4285714285714285,2048,False,3
"[""docs"", ""ci"", ""test""]","[""docs"", ""feat"", ""test""]",1.2056526863016188,"[""6ffb9ffff014c8184f6c84a02854e348f2679636"", ""ebaa20ea3f02e25f78c52cae208017a898cb6c13"", ""3c812f916e06a53b899e9e3dd79760b475fa4b87""]",0.6666666666666666,0.6666666666666666,0.6666666666666666,False,0.2857142857142857,2048,False,3
"[""ci"", ""docs"", ""refactor""]","[""ci"", ""docs"", ""fix""]",1.189022975973785,"[""cb5634329ca9f3eaa72bb3dede79913ca8283b1b"", ""2b01808ec86fe9d8b4a93141a1b7f95e11fd6010"", ""2b1ad9d10fc5685ec75f362a73229569f03344ca""]",0.6666666666666666,0.6666666666666666,0.6666666666666666,False,0.2857142857142857,2048,False,3
"[""ci"", ""test""]","[""build"", ""refactor"", ""test""]",1.1643685889430344,"[""e0a977b2d316e7612b5d72cb02cd7d78e75dbc55"", ""72e3eed599b3a3dd154575af344ac3e5c62dd07b"", ""e77f6751182595fe08940d67e11a90416c8dd6fd""]",0.5,0.3333333333333333,0.4,False,0.4285714285714285,2048,False,3
"[""build"", ""test"", ""refactor""]","[""build"", ""feat"", ""fix""]",1.3996980404481292,"[""45bbdaba1490a3216decb2c1a88b8f7041a3d505"", ""3730075261bc81df68f9d10f12a2d6bbffd8493c"", ""ccd1946a375e2ac10c3c591b04a435c4bc5170c2""]",0.3333333333333333,0.3333333333333333,0.3333333333333333,False,0.5714285714285714,2048,False,3
"[""ci"", ""build"", ""refactor"", ""test""]","[""ci"", ""refactor"", ""test""]",1.5174447931349275,"[""be44bbdeb52c6025e81c99528ed7b0d932c5be18"", ""0e4ede620dd9a2cdc13ab9cc6da05577b39fddb8"", ""076b9f5efc109b481074a81957e24ce9f4a69f08""]",0.75,1.0,0.8571428571428571,False,0.1428571428571428,2048,False,3
"[""feat"", ""fix"", ""refactor"", ""docs"", ""test"", ""ci"", ""build""]","[""docs"", ""feat"", ""refactor""]",1.863116179127246,"[""9849430b11b92ae58d94cfe4d0b06313c7eab550"", ""73211952964a79d97b434dd567e6d7d34be7feb5"", ""adc34a26803e2b02df0ddc0739d73cd0b6216e00""]",0.4285714285714285,1.0,0.6,False,0.5714285714285714,2048,False,3
"[""refactor"", ""docs""]","[""docs"", ""feat"", ""fix""]",1.171046783681959,"[""036a0ff49a7dade0e04c9c07071a1ff49133ee24"", ""4a4c7afca7e1beadd4b213214074fdb420eb0923"", ""a81bbb83d64867f08c4d1be10919ef6806a1bf51""]",0.5,0.3333333333333333,0.4,False,0.4285714285714285,2048,False,3
"[""build"", ""ci"", ""refactor""]","[""build"", ""ci"", ""test""]",1.3251743307337165,"[""45bbdaba1490a3216decb2c1a88b8f7041a3d505"", ""be44bbdeb52c6025e81c99528ed7b0d932c5be18"", ""076b9f5efc109b481074a81957e24ce9f4a69f08""]",0.6666666666666666,0.6666666666666666,0.6666666666666666,False,0.2857142857142857,2048,False,3
"[""ci"", ""test"", ""docs"", ""refactor""]","[""ci"", ""docs"", ""fix""]",1.365693039726466,"[""d03e345c52d1e66fe51395c701bef1c6dc3a54c0"", ""3f0ae7cf819776124d7aae792800fb9730a593a9"", ""2b1ad9d10fc5685ec75f362a73229569f03344ca""]",0.5,0.6666666666666666,0.5714285714285715,False,0.4285714285714285,2048,False,3
"[""feat"", ""build"", ""test""]","[""build"", ""feat"", ""test""]",1.114950817078352,"[""37b1cbfd3d2c462ef4f2a131e4172c38dc8d9ddf"", ""542f0cad5337de15428f0b6567ce4efd20a19a48"", ""422940e3d7ef6850acda0be349865d737476dd10""]",1.0,1.0,1.0,True,0.0,2048,False,3
"[""refactor"", ""docs"", ""test""]","[""docs"", ""feat"", ""refactor""]",1.547054274007678,"[""0105a4ee47706d9b3aa8f22d0a75585a498731ec"", ""3709e392924aba3542514ce35bd681adca39e8ac"", ""cd7e8c3d3549ea05115b3f02586eeba894d86906""]",0.6666666666666666,0.6666666666666666,0.6666666666666666,False,0.2857142857142857,2048,False,3
"[""test""]","[""fix"", ""refactor"", ""test""]",1.0820322521030905,"[""974e033a3ca7484290a04201ee33856a25da0942"", ""1918d339b8e3738df83d73e1decb31b5209ee8db"", ""69a394e7ff6243457685a28911b79e47f981278c""]",1.0,0.3333333333333333,0.5,False,0.2857142857142857,2048,False,3
"[""build"", ""fix"", ""refactor""]","[""build"", ""ci"", ""fix""]",1.3980079721659422,"[""bfe32bf10e9b6d699f694fbd095af0b3f2e6275f"", ""bda1822851d9be04f0d39f2213d1e2066eb115c8"", ""80242b34468398e835e5b3fc5ac345dbae4bcc7e""]",0.6666666666666666,0.6666666666666666,0.6666666666666666,False,0.2857142857142857,2048,False,3
"[""docs"", ""feat"", ""refactor""]","[""docs"", ""feat"", ""refactor""]",1.3821265208534896,"[""01e536c6eb273f533ac7bb1a51c4954128de2c63"", ""15b8e4bc9349ce017f65e10b95cae48b0aa11828"", ""e8a8edadc5c25d6410462b89a48e0602e0cbbc7f""]",1.0,1.0,1.0,True,0.0,2048,False,3
"[""build"", ""ci"", ""test""]","[""build"", ""ci"", ""test""]",1.0332289328798652,"[""b7e38fb62aa6e8a30d72dec063b1adccd089d0aa"", ""6f5b1103c0893d13b42f1f7c6504c9c339840be3"", ""625cbbca0d92b8756eac6fcacc795d90527d8975""]",1.0,1.0,1.0,True,0.0,2048,False,3
"[""feat"", ""fix"", ""refactor"", ""docs"", ""test"", ""ci"", ""build""]","[""build"", ""feat"", ""fix""]",2.0895636887289584,"[""bfe32bf10e9b6d699f694fbd095af0b3f2e6275f"", ""ecf865f2fef03093adedf065d1732b2386a0df40"", ""238ba1990ea68eb64bdfc6b31efebad2acb01ad6""]",0.4285714285714285,1.0,0.6,False,0.5714285714285714,2048,False,3
"[""docs"", ""refactor"", ""test""]","[""docs"", ""refactor"", ""test""]",1.3249215739779174,"[""01e1e33f377934099a4a725fab5cd6c5ff50eaa2"", ""adc34a26803e2b02df0ddc0739d73cd0b6216e00"", ""625cbbca0d92b8756eac6fcacc795d90527d8975""]",1.0,1.0,1.0,True,0.0,2048,False,3
"[""ci"", ""docs"", ""build"", ""refactor""]","[""ci"", ""docs"", ""test""]",1.3967291051521895,"[""be44bbdeb52c6025e81c99528ed7b0d932c5be18"", ""b8a664c1b10f4e30a3e221a14211a3cdaf90b7f4"", ""076b9f5efc109b481074a81957e24ce9f4a69f08""]",0.5,0.6666666666666666,0.5714285714285715,False,0.4285714285714285,2048,False,3
"[""build"", ""ci"", ""test""]","[""build"", ""ci"", ""feat""]",1.394650124013424,"[""45bbdaba1490a3216decb2c1a88b8f7041a3d505"", ""be44bbdeb52c6025e81c99528ed7b0d932c5be18"", ""3730075261bc81df68f9d10f12a2d6bbffd8493c""]",0.6666666666666666,0.6666666666666666,0.6666666666666666,False,0.2857142857142857,2048,False,3
"[""fix"", ""test"", ""build""]","[""fix"", ""refactor"", ""test""]",1.4662809558212755,"[""238ba1990ea68eb64bdfc6b31efebad2acb01ad6"", ""d4d8bdd3a0a5cec993735abc2e8cc2feff8eae27"", ""cd2bfb9b2298e8cd91013808547b35a9c40f46f1""]",0.6666666666666666,0.6666666666666666,0.6666666666666666,False,0.2857142857142857,2048,False,3
"[""docs"", ""refactor"", ""build""]","[""docs"", ""fix"", ""refactor""]",1.4036773350089788,"[""16124286236edf03a6199720ba1629a35e3fe1aa"", ""ccd1946a375e2ac10c3c591b04a435c4bc5170c2"", ""0e4ede620dd9a2cdc13ab9cc6da05577b39fddb8""]",0.6666666666666666,0.6666666666666666,0.6666666666666666,False,0.2857142857142857,2048,False,3
"[""feat"", ""build"", ""ci""]","[""build"", ""ci"", ""feat""]",1.2307263249531388,"[""b7e38fb62aa6e8a30d72dec063b1adccd089d0aa"", ""6f5b1103c0893d13b42f1f7c6504c9c339840be3"", ""73211952964a79d97b434dd567e6d7d34be7feb5""]",1.0,1.0,1.0,True,0.0,2048,False,3
"[""docs"", ""feat"", ""test""]","[""docs"", ""feat"", ""test""]",1.441146567929536,"[""8dfd2af29bf784b242992ee9ec0fbc85753b063c"", ""8a954673531d6935f5517535b9068639ed5cff0d"", ""6c7398993bc567ec84e4573b6ededbf50b1ef606""]",1.0,1.0,1.0,True,0.0,2048,False,3
"[""build"", ""ci"", ""refactor""]","[""build"", ""ci"", ""fix""]",1.341235478874296,"[""45bbdaba1490a3216decb2c1a88b8f7041a3d505"", ""be44bbdeb52c6025e81c99528ed7b0d932c5be18"", ""ccd1946a375e2ac10c3c591b04a435c4bc5170c2""]",0.6666666666666666,0.6666666666666666,0.6666666666666666,False,0.2857142857142857,2048,False,3
"[""build"", ""feat""]","[""build"", ""feat"", ""refactor""]",1.0526545280590651,"[""0f38960851ac0fd159727d5dffb36f50268eec18"", ""1ae8bf1195b197daa80ba6e45360f8b894364cd4"", ""336b25f3ae9da5d972304662fcdb88f4719c721d""]",1.0,0.6666666666666666,0.8,False,0.1428571428571428,2048,False,3
"[""ci"", ""docs"", ""refactor""]","[""ci"", ""docs"", ""refactor""]",1.3797887889668343,"[""6f5b1103c0893d13b42f1f7c6504c9c339840be3"", ""eb51316cdfdc7258d287ba13b67ef2f42bd2b8f6"", ""d357640fab55e5964fe83efc3c771e53aa3222fd""]",1.0,1.0,1.0,True,0.0,2048,False,3
"[""ci"", ""fix"", ""test""]","[""feat"", ""fix"", ""test""]",1.187290646135807,"[""ebaa20ea3f02e25f78c52cae208017a898cb6c13"", ""dc50bd35462a49058c91a939fc8830ae7a9eb692"", ""3c812f916e06a53b899e9e3dd79760b475fa4b87""]",0.6666666666666666,0.6666666666666666,0.6666666666666666,False,0.2857142857142857,2048,False,3
"[""build"", ""docs"", ""fix""]","[""build"", ""docs"", ""refactor""]",1.2786094509065151,"[""0f38960851ac0fd159727d5dffb36f50268eec18"", ""dfab97842fe78fb8f217a5185fb6ec92682a53ca"", ""f85974761be11e0ecc85575bc4b6d5a02e438fd2""]",0.6666666666666666,0.6666666666666666,0.6666666666666666,False,0.2857142857142857,2048,False,3
"[""ci"", ""feat"", ""test""]","[""ci"", ""fix"", ""test""]",1.2053210330195725,"[""8d2e23bde626eaed6e5b13384cc7ac38bab5ea66"", ""f9d9f859240c6f7e78b0303ea40e46622d42bc3c"", ""cdbc37711fa9c64b2cfa767766ca55c95c1736f7""]",0.6666666666666666,0.6666666666666666,0.6666666666666666,False,0.2857142857142857,2048,False,3
"[""build"", ""fix"", ""test""]","[""build"", ""fix"", ""test""]",1.127021434251219,"[""b7e38fb62aa6e8a30d72dec063b1adccd089d0aa"", ""be2cbd9480fcbd60c3011ca57f1d761185cf52bd"", ""625cbbca0d92b8756eac6fcacc795d90527d8975""]",1.0,1.0,1.0,True,0.0,2048,False,3
"[""feat"", ""docs"", ""test""]","[""ci"", ""feat"", ""refactor""]",1.2360950480215251,"[""bda1822851d9be04f0d39f2213d1e2066eb115c8"", ""9114362b39f5194209cd0b330af7076333f3db77"", ""fba4326c72fc22d81aba6976a9fef1e4b6154fd9""]",0.3333333333333333,0.3333333333333333,0.3333333333333333,False,0.5714285714285714,2048,False,3
"[""ci"", ""docs"", ""refactor"", ""feat""]","[""ci"", ""docs"", ""feat""]",1.4600495640188456,"[""8d2e23bde626eaed6e5b13384cc7ac38bab5ea66"", ""527e0abd0f88cb3ae2dc1a6ec7a62c241250444d"", ""bbb6ee10de824f2e3259576ac01768640c884279""]",0.75,1.0,0.8571428571428571,False,0.1428571428571428,2048,False,3
"[""docs"", ""fix"", ""refactor"", ""test""]","[""docs"", ""refactor"", ""test""]",1.524177337065339,"[""e9358fb4955396bfc3340418c77cbce4fa6123ee"", ""eb8a8d3fc493ff8a20b19c9efac8f112ae9f5762"", ""4464cf5e89d5e570c20267d09fb1fa2b7ef66b93""]",0.75,1.0,0.8571428571428571,False,0.1428571428571428,2048,False,3
"[""build"", ""ci"", ""fix""]","[""build"", ""ci"", ""fix""]",1.0063091600313785,"[""b7e38fb62aa6e8a30d72dec063b1adccd089d0aa"", ""6f5b1103c0893d13b42f1f7c6504c9c339840be3"", ""be2cbd9480fcbd60c3011ca57f1d761185cf52bd""]",1.0,1.0,1.0,True,0.0,2048,False,3
"[""feat"", ""fix"", ""refactor"", ""docs"", ""test"", ""ci"", ""build""]","[""docs"", ""feat"", ""refactor""]",2.0877311169169843,"[""e9358fb4955396bfc3340418c77cbce4fa6123ee"", ""3709e392924aba3542514ce35bd681adca39e8ac"", ""cd7e8c3d3549ea05115b3f02586eeba894d86906""]",0.4285714285714285,1.0,0.6,False,0.5714285714285714,2048,False,3
"[""build"", ""test""]","[""build"", ""fix"", ""test""]",1.216067940928042,"[""4ab28fc2e63e975a0c77e18ae644f34fa5f8771a"", ""b131f5d67076b97b3186c820760df839bf796ad5"", ""2a7c6f5c0b1c966d6a5d103de1978a61c141648a""]",1.0,0.6666666666666666,0.8,False,0.1428571428571428,2048,False,3
"[""docs"", ""test"", ""refactor""]","[""docs"", ""feat"", ""refactor""]",1.4442973812110722,"[""b8a664c1b10f4e30a3e221a14211a3cdaf90b7f4"", ""3730075261bc81df68f9d10f12a2d6bbffd8493c"", ""0e4ede620dd9a2cdc13ab9cc6da05577b39fddb8""]",0.6666666666666666,0.6666666666666666,0.6666666666666666,False,0.2857142857142857,2048,False,3
"[""ci"", ""test"", ""refactor""]","[""build"", ""fix"", ""test""]",1.1635820781812072,"[""37b1cbfd3d2c462ef4f2a131e4172c38dc8d9ddf"", ""c1d3b58fd20995b1b9ca4e6771e3fa375242b02d"", ""82c47c7165a28f311cd40e132a6c24f6a7c82d4b""]",0.3333333333333333,0.3333333333333333,0.3333333333333333,False,0.5714285714285714,2048,False,3
"[""feat"", ""build"", ""docs"", ""refactor""]","[""ci"", ""feat"", ""refactor""]",1.4824582026340067,"[""bda1822851d9be04f0d39f2213d1e2066eb115c8"", ""9114362b39f5194209cd0b330af7076333f3db77"", ""d4d8bdd3a0a5cec993735abc2e8cc2feff8eae27""]",0.5,0.6666666666666666,0.5714285714285715,False,0.4285714285714285,2048,False,3
"[""feat"", ""fix"", ""refactor"", ""docs"", ""test"", ""ci"", ""build""]","[""build"", ""docs"", ""fix""]",1.77969822101295,"[""2d4d735d94386f5045e3b3abc022c2edcdfaef8f"", ""cc553ae68766395e9f253379ddd7cf664d7befa1"", ""eb9f7b24364e86d7bcf50bb23b62c743cf5526f6""]",0.4285714285714285,1.0,0.6,False,0.5714285714285714,2048,False,3
"[""ci"", ""docs"", ""test""]","[""ci"", ""docs"", ""test""]",1.39732359116897,"[""87d576e936e234d0429ad753267a2760c5dfd314"", ""2fdecc045fdb509832a758e45412c115fa03e8e8"", ""6c7398993bc567ec84e4573b6ededbf50b1ef606""]",1.0,1.0,1.0,True,0.0,2048,False,3
"[""build""]","[""build"", ""ci"", ""test""]",1.0816802349872887,"[""454003841aabeb74396d73541378bfa59c75b5db"", ""bda1822851d9be04f0d39f2213d1e2066eb115c8"", ""cd2bfb9b2298e8cd91013808547b35a9c40f46f1""]",1.0,0.3333333333333333,0.5,False,0.2857142857142857,2048,False,3
"[""feat"", ""fix"", ""refactor"", ""docs"", ""test"", ""ci"", ""build""]","[""feat"", ""fix"", ""refactor""]",1.9539790698327124,"[""482442ecc1aaf981895a36c367abbd377fd93891"", ""80242b34468398e835e5b3fc5ac345dbae4bcc7e"", ""fba4326c72fc22d81aba6976a9fef1e4b6154fd9""]",0.4285714285714285,1.0,0.6,False,0.5714285714285714,2048,False,3
"[""feat"", ""fix"", ""refactor"", ""docs"", ""test"", ""ci"", ""build""]","[""build"", ""fix"", ""refactor"", ""test""]",1.9878436401486397,"[""45bbdaba1490a3216decb2c1a88b8f7041a3d505"", ""ccd1946a375e2ac10c3c591b04a435c4bc5170c2"", ""0e4ede620dd9a2cdc13ab9cc6da05577b39fddb8"", ""076b9f5efc109b481074a81957e24ce9f4a69f08""]",0.5714285714285714,1.0,0.7272727272727273,False,0.4285714285714285,2048,False,4
"[""ci"", ""docs"", ""feat"", ""refactor""]","[""ci"", ""docs"", ""feat"", ""refactor""]",1.4489237857051194,"[""6f5b1103c0893d13b42f1f7c6504c9c339840be3"", ""01e1e33f377934099a4a725fab5cd6c5ff50eaa2"", ""73211952964a79d97b434dd567e6d7d34be7feb5"", ""7d6f760a91b55967972bbd1b972307624e876805""]",1.0,1.0,1.0,True,0.0,2048,False,4
"[""build"", ""ci"", ""docs"", ""refactor""]","[""build"", ""ci"", ""docs"", ""test""]",1.6122475410811603,"[""45bbdaba1490a3216decb2c1a88b8f7041a3d505"", ""be44bbdeb52c6025e81c99528ed7b0d932c5be18"", ""16124286236edf03a6199720ba1629a35e3fe1aa"", ""076b9f5efc109b481074a81957e24ce9f4a69f08""]",0.75,0.75,0.75,False,0.2857142857142857,2048,False,4
"[""docs"", ""test"", ""fix""]","[""feat"", ""fix"", ""refactor"", ""test""]",1.3032926740124822,"[""a84d6715a4df12cc0ee9aa6f2596ce3b04353958"", ""6849b9066f5d95b9e54c67046cfa136cf0d88b27"", ""3e0e30ecebaf23f0c36fa4811426f8f4e0057cfe"", ""e77f6751182595fe08940d67e11a90416c8dd6fd""]",0.6666666666666666,0.5,0.5714285714285715,False,0.4285714285714285,2048,False,4
"[""feat"", ""build"", ""ci"", ""fix"", ""refactor""]","[""build"", ""ci"", ""feat"", ""fix""]",1.6277640908956528,"[""b8dfd5a2f39b4768cf070aeb9d09364577c626f9"", ""bda1822851d9be04f0d39f2213d1e2066eb115c8"", ""6f0cf049caa1a7982669ee685e86621452686551"", ""80242b34468398e835e5b3fc5ac345dbae4bcc7e""]",0.8,1.0,0.888888888888889,False,0.1428571428571428,2048,False,4
"[""ci"", ""docs"", ""test"", ""build"", ""refactor""]","[""ci"", ""docs"", ""feat"", ""test""]",1.6703293910250068,"[""be44bbdeb52c6025e81c99528ed7b0d932c5be18"", ""b8a664c1b10f4e30a3e221a14211a3cdaf90b7f4"", ""3730075261bc81df68f9d10f12a2d6bbffd8493c"", ""076b9f5efc109b481074a81957e24ce9f4a69f08""]",0.6,0.75,0.6666666666666665,False,0.4285714285714285,2048,False,4
"[""build"", ""docs"", ""refactor""]","[""build"", ""docs"", ""fix"", ""refactor""]",1.3959505897946656,"[""1ad3f41f28d2faa5229ee88b54d673275cc31036"", ""cc553ae68766395e9f253379ddd7cf664d7befa1"", ""6849b9066f5d95b9e54c67046cfa136cf0d88b27"", ""e8a8edadc5c25d6410462b89a48e0602e0cbbc7f""]",1.0,0.75,0.8571428571428571,False,0.1428571428571428,2048,False,4
"[""build"", ""ci"", ""docs"", ""refactor""]","[""build"", ""ci"", ""docs"", ""refactor""]",1.4839089009910822,"[""b7e38fb62aa6e8a30d72dec063b1adccd089d0aa"", ""6f5b1103c0893d13b42f1f7c6504c9c339840be3"", ""01e1e33f377934099a4a725fab5cd6c5ff50eaa2"", ""86f3e3397594f8312226c5a193608a054087805c""]",1.0,1.0,1.0,True,0.0,2048,False,4
"[""ci"", ""feat"", ""test"", ""fix""]","[""ci"", ""feat"", ""fix"", ""test""]",1.5388229019008577,"[""bda1822851d9be04f0d39f2213d1e2066eb115c8"", ""482442ecc1aaf981895a36c367abbd377fd93891"", ""238ba1990ea68eb64bdfc6b31efebad2acb01ad6"", ""b7e2330fa3a8d7b8a9bff01b707c44e64b845c7b""]",1.0,1.0,1.0,True,0.0,2048,False,4
"[""feat"", ""fix"", ""refactor"", ""docs"", ""test"", ""ci"", ""build""]","[""build"", ""docs"", ""feat"", ""refactor""]",1.9881553458981216,"[""b0866f62417f56bdd5a46e8f14278af79efc4d76"", ""fc9af4d0b93d69be4e201ffb18da04324e8a4a87"", ""a84d6715a4df12cc0ee9aa6f2596ce3b04353958"", ""3e0e30ecebaf23f0c36fa4811426f8f4e0057cfe""]",0.5714285714285714,1.0,0.7272727272727273,False,0.4285714285714285,2048,False,4
"[""feat"", ""build"", ""test""]","[""build"", ""feat"", ""fix"", ""test""]",1.4919766611419618,"[""ecc481f9f501aa34b41e06e7bbdde6e79f8ca1bb"", ""8b9176b44bb01a1eef497a403b0304bc389c9aee"", ""cc6408b88246f20c62884a5892a6276baf7c3920"", ""87427fe39d165bee2acedde8dbaa237cca3fb61e""]",1.0,0.75,0.8571428571428571,False,0.1428571428571428,2048,False,4
"[""ci"", ""refactor"", ""test""]","[""ci"", ""fix"", ""refactor"", ""test""]",1.3803514558821917,"[""492a7ff9c3ecdc558759f09d836830e988a189d2"", ""2b1ad9d10fc5685ec75f362a73229569f03344ca"", ""d55088c612b1108ef566ec47e40fb8d1050f7451"", ""6c7398993bc567ec84e4573b6ededbf50b1ef606""]",1.0,0.75,0.8571428571428571,False,0.1428571428571428,2048,False,4
"[""ci"", ""docs"", ""refactor"", ""test""]","[""ci"", ""docs"", ""refactor"", ""test""]",1.3662095977924764,"[""200aca9f3d1253e4e28e79464da19b701aba777e"", ""7f611e4208d0cc36c635eb0641a4b3258999ae8d"", ""8f1034b79f894b4b1112a4bc1903f37f22f7f5ed"", ""6c7398993bc567ec84e4573b6ededbf50b1ef606""]",1.0,1.0,1.0,True,0.0,2048,False,4
"[""build"", ""docs"", ""test""]","[""build"", ""docs"", ""feat"", ""fix""]",1.3966808998957276,"[""45bbdaba1490a3216decb2c1a88b8f7041a3d505"", ""b8a664c1b10f4e30a3e221a14211a3cdaf90b7f4"", ""3730075261bc81df68f9d10f12a2d6bbffd8493c"", ""ccd1946a375e2ac10c3c591b04a435c4bc5170c2""]",0.6666666666666666,0.5,0.5714285714285715,False,0.4285714285714285,2048,False,4
"[""build"", ""docs"", ""fix"", ""test""]","[""build"", ""docs"", ""fix"", ""test""]",1.4884901838377118,"[""ecc481f9f501aa34b41e06e7bbdde6e79f8ca1bb"", ""144388439d64e049cbed4e37659e819856d6987f"", ""45b386aa3f06bce06f5e03fbde0aa52c4051c8bc"", ""3c04162664b130c9486cba54afc16b6e57c779d1""]",1.0,1.0,1.0,True,0.0,2048,False,4
"[""ci"", ""feat"", ""refactor"", ""test""]","[""ci"", ""feat"", ""refactor"", ""test""]",1.486936521716416,"[""6f5b1103c0893d13b42f1f7c6504c9c339840be3"", ""73211952964a79d97b434dd567e6d7d34be7feb5"", ""86f3e3397594f8312226c5a193608a054087805c"", ""625cbbca0d92b8756eac6fcacc795d90527d8975""]",1.0,1.0,1.0,True,0.0,2048,False,4
"[""build"", ""feat"", ""refactor"", ""test""]","[""build"", ""docs"", ""feat"", ""refactor""]",1.3870922280475495,"[""b7e38fb62aa6e8a30d72dec063b1adccd089d0aa"", ""9849430b11b92ae58d94cfe4d0b06313c7eab550"", ""73211952964a79d97b434dd567e6d7d34be7feb5"", ""adc34a26803e2b02df0ddc0739d73cd0b6216e00""]",0.75,0.75,0.75,False,0.2857142857142857,2048,False,4
"[""feat"", ""fix"", ""refactor"", ""docs"", ""test"", ""ci"", ""build""]","[""build"", ""ci"", ""fix"", ""refactor""]",1.9876734693534672,"[""bfe32bf10e9b6d699f694fbd095af0b3f2e6275f"", ""bda1822851d9be04f0d39f2213d1e2066eb115c8"", ""238ba1990ea68eb64bdfc6b31efebad2acb01ad6"", ""d4d8bdd3a0a5cec993735abc2e8cc2feff8eae27""]",0.5714285714285714,1.0,0.7272727272727273,False,0.4285714285714285,2048,False,4
"[""ci"", ""docs"", ""refactor"", ""build""]","[""ci"", ""docs"", ""fix"", ""test""]",1.4842140451073649,"[""be44bbdeb52c6025e81c99528ed7b0d932c5be18"", ""b8a664c1b10f4e30a3e221a14211a3cdaf90b7f4"", ""ccd1946a375e2ac10c3c591b04a435c4bc5170c2"", ""076b9f5efc109b481074a81957e24ce9f4a69f08""]",0.5,0.5,0.5,False,0.5714285714285714,2048,False,4
"[""build"", ""feat"", ""refactor""]","[""build"", ""docs"", ""feat"", ""refactor""]",1.3829691763967276,"[""b7e38fb62aa6e8a30d72dec063b1adccd089d0aa"", ""9849430b11b92ae58d94cfe4d0b06313c7eab550"", ""73211952964a79d97b434dd567e6d7d34be7feb5"", ""eafee3c5c124ce0c71fd854270cea39cc273b27c""]",1.0,0.75,0.8571428571428571,False,0.1428571428571428,2048,False,4
"[""feat"", ""test"", ""ci"", ""refactor""]","[""ci"", ""feat"", ""fix"", ""test""]",1.5145671907812357,"[""492a7ff9c3ecdc558759f09d836830e988a189d2"", ""8a954673531d6935f5517535b9068639ed5cff0d"", ""2b1ad9d10fc5685ec75f362a73229569f03344ca"", ""6c7398993bc567ec84e4573b6ededbf50b1ef606""]",0.75,0.75,0.75,False,0.2857142857142857,2048,False,4
"[""ci"", ""feat"", ""fix"", ""test""]","[""ci"", ""feat"", ""refactor"", ""test""]",1.3423704807646573,"[""2e65145acb5a3d20d16203142c466da0e32729ba"", ""8a954673531d6935f5517535b9068639ed5cff0d"", ""8f1034b79f894b4b1112a4bc1903f37f22f7f5ed"", ""6c7398993bc567ec84e4573b6ededbf50b1ef606""]",0.75,0.75,0.75,False,0.2857142857142857,2048,False,4
"[""build"", ""docs"", ""fix""]","[""build"", ""docs"", ""fix"", ""refactor""]",1.2373587540350854,"[""b7e38fb62aa6e8a30d72dec063b1adccd089d0aa"", ""eb51316cdfdc7258d287ba13b67ef2f42bd2b8f6"", ""be2cbd9480fcbd60c3011ca57f1d761185cf52bd"", ""7f797e68d8f721dff9553ba0ba5616efc456ebb5""]",1.0,0.75,0.8571428571428571,False,0.1428571428571428,2048,False,4
"[""feat"", ""fix"", ""test"", ""build"", ""docs""]","[""build"", ""ci"", ""feat"", ""test""]",1.4921963210217657,"[""b8dfd5a2f39b4768cf070aeb9d09364577c626f9"", ""bda1822851d9be04f0d39f2213d1e2066eb115c8"", ""988dda23984894cea097d64646196e8d6196d6b6"", ""7c48976f943e1e9b5850967b6f2963a205476ded""]",0.6,0.75,0.6666666666666665,False,0.4285714285714285,2048,False,4
"[""docs"", ""ci"", ""fix"", ""refactor""]","[""docs"", ""feat"", ""fix"", ""refactor""]",1.612654175143689,"[""3a4e21c36d76b4bea8dbb365d3c3bd005a7f3f8f"", ""ebaa20ea3f02e25f78c52cae208017a898cb6c13"", ""d129eaf9125a967ac86c6c7276bbae6b4d50af36"", ""8a9a022baa15befc325f87892c6bdae25b35bc33""]",0.75,0.75,0.75,False,0.2857142857142857,2048,False,4
"[""build"", ""ci"", ""docs"", ""refactor""]","[""build"", ""ci"", ""docs"", ""test""]",1.5361426933668554,"[""45bbdaba1490a3216decb2c1a88b8f7041a3d505"", ""be44bbdeb52c6025e81c99528ed7b0d932c5be18"", ""b8a664c1b10f4e30a3e221a14211a3cdaf90b7f4"", ""076b9f5efc109b481074a81957e24ce9f4a69f08""]",0.75,0.75,0.75,False,0.2857142857142857,2048,False,4
"[""docs"", ""build"", ""ci"", ""refactor""]","[""build"", ""ci"", ""fix"", ""refactor""]",1.617523789871484,"[""4542d9973a848a2bd4f9baf12992efe7d7a69f2c"", ""db55dae208e4807898e6c747cefdf9bfcb4fd08c"", ""73b8948ea1d49e05ae8c63b17926eda4cb04e9bb"", ""70a00973a07520959210219fcaba2a782d76f491""]",0.75,0.75,0.75,False,0.2857142857142857,2048,False,4
"[""docs"", ""feat"", ""refactor"", ""test""]","[""docs"", ""feat"", ""fix"", ""test""]",1.5336094051599505,"[""3f0ae7cf819776124d7aae792800fb9730a593a9"", ""8a954673531d6935f5517535b9068639ed5cff0d"", ""2b1ad9d10fc5685ec75f362a73229569f03344ca"", ""6c7398993bc567ec84e4573b6ededbf50b1ef606""]",0.75,0.75,0.75,False,0.2857142857142857,2048,False,4
"[""build"", ""test"", ""refactor""]","[""build"", ""feat"", ""fix"", ""test""]",1.4410452879965303,"[""45bbdaba1490a3216decb2c1a88b8f7041a3d505"", ""3730075261bc81df68f9d10f12a2d6bbffd8493c"", ""ccd1946a375e2ac10c3c591b04a435c4bc5170c2"", ""076b9f5efc109b481074a81957e24ce9f4a69f08""]",0.6666666666666666,0.5,0.5714285714285715,False,0.4285714285714285,2048,False,4
"[""ci"", ""feat"", ""docs"", ""fix""]","[""ci"", ""docs"", ""feat"", ""refactor""]",1.534721520729363,"[""bb00890fa896936d0be09cc5e5f411fb5e64aa5f"", ""af82c2c910c9b5d3dd68de30c59a9e169a8934a5"", ""8a954673531d6935f5517535b9068639ed5cff0d"", ""8f1034b79f894b4b1112a4bc1903f37f22f7f5ed""]",0.75,0.75,0.75,False,0.2857142857142857,2048,False,4
"[""feat"", ""fix"", ""refactor"", ""docs"", ""test"", ""ci"", ""build""]","[""build"", ""ci"", ""refactor"", ""test""]",2.0178032033145428,"[""45bbdaba1490a3216decb2c1a88b8f7041a3d505"", ""be44bbdeb52c6025e81c99528ed7b0d932c5be18"", ""0e4ede620dd9a2cdc13ab9cc6da05577b39fddb8"", ""076b9f5efc109b481074a81957e24ce9f4a69f08""]",0.5714285714285714,1.0,0.7272727272727273,False,0.4285714285714285,2048,False,4
"[""ci"", ""docs"", ""fix"", ""test""]","[""ci"", ""docs"", ""fix"", ""test""]",1.3430860131047666,"[""6f5b1103c0893d13b42f1f7c6504c9c339840be3"", ""01e1e33f377934099a4a725fab5cd6c5ff50eaa2"", ""be2cbd9480fcbd60c3011ca57f1d761185cf52bd"", ""625cbbca0d92b8756eac6fcacc795d90527d8975""]",1.0,1.0,1.0,True,0.0,2048,False,4
"[""feat"", ""fix"", ""refactor"", ""docs"", ""test"", ""ci"", ""build""]","[""build"", ""feat"", ""fix"", ""refactor""]",1.8929323409684,"[""4ab28fc2e63e975a0c77e18ae644f34fa5f8771a"", ""d61bf50f77b404e660a6e5aa9e9bc4ce415e8c18"", ""b131f5d67076b97b3186c820760df839bf796ad5"", ""905693129255e7208ca2ec63c6e07cce711047fd""]",0.5714285714285714,1.0,0.7272727272727273,False,0.4285714285714285,2048,False,4
"[""ci"", ""docs"", ""test"", ""refactor""]","[""ci"", ""docs"", ""feat"", ""fix""]",1.5361147662624717,"[""be44bbdeb52c6025e81c99528ed7b0d932c5be18"", ""b8a664c1b10f4e30a3e221a14211a3cdaf90b7f4"", ""3730075261bc81df68f9d10f12a2d6bbffd8493c"", ""ccd1946a375e2ac10c3c591b04a435c4bc5170c2""]",0.5,0.5,0.5,False,0.5714285714285714,2048,False,4
"[""build"", ""docs"", ""refactor"", ""test""]","[""build"", ""docs"", ""refactor"", ""test""]",1.6826435280963778,"[""ecc481f9f501aa34b41e06e7bbdde6e79f8ca1bb"", ""ee7cc5d5a940fba774e715b1f029c6361110b108"", ""5748ff57ebafe94c4979eafa790d9a84812ca440"", ""3c04162664b130c9486cba54afc16b6e57c779d1""]",1.0,1.0,1.0,True,0.0,2048,False,4
"[""ci"", ""test"", ""docs"", ""refactor""]","[""build"", ""docs"", ""fix"", ""refactor""]",1.5851038149558008,"[""e0a977b2d316e7612b5d72cb02cd7d78e75dbc55"", ""01e536c6eb273f533ac7bb1a51c4954128de2c63"", ""6849b9066f5d95b9e54c67046cfa136cf0d88b27"", ""72e3eed599b3a3dd154575af344ac3e5c62dd07b""]",0.5,0.5,0.5,False,0.5714285714285714,2048,False,4
"[""feat"", ""fix"", ""refactor"", ""docs"", ""test"", ""ci"", ""build""]","[""ci"", ""feat"", ""refactor"", ""test""]",1.8075140519067645,"[""bda1822851d9be04f0d39f2213d1e2066eb115c8"", ""988dda23984894cea097d64646196e8d6196d6b6"", ""d4d8bdd3a0a5cec993735abc2e8cc2feff8eae27"", ""7c48976f943e1e9b5850967b6f2963a205476ded""]",0.5714285714285714,1.0,0.7272727272727273,False,0.4285714285714285,2048,False,4
"[""feat"", ""fix"", ""refactor"", ""docs"", ""test"", ""ci"", ""build""]","[""build"", ""docs"", ""feat"", ""test""]",1.825657790992409,"[""b0866f62417f56bdd5a46e8f14278af79efc4d76"", ""969aa32659f6918cb0eeeba6b02d6485659dbdd2"", ""a84d6715a4df12cc0ee9aa6f2596ce3b04353958"", ""e77f6751182595fe08940d67e11a90416c8dd6fd""]",0.5714285714285714,1.0,0.7272727272727273,False,0.4285714285714285,2048,False,4
"[""feat"", ""build"", ""ci""]","[""build"", ""ci"", ""feat"", ""fix""]",1.2108567468822002,"[""b7e38fb62aa6e8a30d72dec063b1adccd089d0aa"", ""6f5b1103c0893d13b42f1f7c6504c9c339840be3"", ""73211952964a79d97b434dd567e6d7d34be7feb5"", ""be2cbd9480fcbd60c3011ca57f1d761185cf52bd""]",1.0,0.75,0.8571428571428571,False,0.1428571428571428,2048,False,4
"[""docs"", ""refactor"", ""test""]","[""docs"", ""fix"", ""refactor"", ""test""]",1.4455273081548512,"[""2fdecc045fdb509832a758e45412c115fa03e8e8"", ""2b1ad9d10fc5685ec75f362a73229569f03344ca"", ""d55088c612b1108ef566ec47e40fb8d1050f7451"", ""6c7398993bc567ec84e4573b6ededbf50b1ef606""]",1.0,0.75,0.8571428571428571,False,0.1428571428571428,2048,False,4
"[""ci"", ""fix"", ""test""]","[""ci"", ""fix"", ""refactor"", ""test""]",1.145180698018521,"[""6f5b1103c0893d13b42f1f7c6504c9c339840be3"", ""be2cbd9480fcbd60c3011ca57f1d761185cf52bd"", ""7f797e68d8f721dff9553ba0ba5616efc456ebb5"", ""625cbbca0d92b8756eac6fcacc795d90527d8975""]",1.0,0.75,0.8571428571428571,False,0.1428571428571428,2048,False,4
"[""feat"", ""fix"", ""refactor"", ""docs"", ""test"", ""ci"", ""build""]","[""build"", ""ci"", ""docs"", ""feat""]",2.0730324531905353,"[""45bbdaba1490a3216decb2c1a88b8f7041a3d505"", ""be44bbdeb52c6025e81c99528ed7b0d932c5be18"", ""16124286236edf03a6199720ba1629a35e3fe1aa"", ""3730075261bc81df68f9d10f12a2d6bbffd8493c""]",0.5714285714285714,1.0,0.7272727272727273,False,0.4285714285714285,2048,False,4
"[""feat"", ""fix"", ""refactor"", ""docs"", ""test"", ""ci"", ""build""]","[""feat"", ""fix"", ""refactor"", ""test""]",1.9871990447863936,"[""5e09c9128f13c45d54df685b0a17dc8e3f7ff02c"", ""b131f5d67076b97b3186c820760df839bf796ad5"", ""731626ece358b9db69dceeeca91c94920b178bdd"", ""2a7c6f5c0b1c966d6a5d103de1978a61c141648a""]",0.5714285714285714,1.0,0.7272727272727273,False,0.4285714285714285,2048,False,4
"[""build"", ""ci"", ""docs"", ""feat""]","[""build"", ""ci"", ""docs"", ""feat""]",1.4387686350382864,"[""b7e38fb62aa6e8a30d72dec063b1adccd089d0aa"", ""6f5b1103c0893d13b42f1f7c6504c9c339840be3"", ""01e1e33f377934099a4a725fab5cd6c5ff50eaa2"", ""73211952964a79d97b434dd567e6d7d34be7feb5""]",1.0,1.0,1.0,True,0.0,2048,False,4
"[""ci"", ""docs"", ""test"", ""refactor""]","[""ci"", ""docs"", ""fix"", ""test""]",1.5842139851301908,"[""8fe29cdc76480adc79701e4c492ff1e87566f569"", ""8dfd2af29bf784b242992ee9ec0fbc85753b063c"", ""2b1ad9d10fc5685ec75f362a73229569f03344ca"", ""6c7398993bc567ec84e4573b6ededbf50b1ef606""]",0.75,0.75,0.75,False,0.2857142857142857,2048,False,4
"[""feat"", ""build"", ""ci"", ""refactor""]","[""build"", ""ci"", ""feat"", ""refactor""]",1.5813173418864608,"[""b8dfd5a2f39b4768cf070aeb9d09364577c626f9"", ""bda1822851d9be04f0d39f2213d1e2066eb115c8"", ""6f0cf049caa1a7982669ee685e86621452686551"", ""b98a8fed0b67b99ef4f8373aea904f847315e468""]",1.0,1.0,1.0,True,0.0,2048,False,4
"[""build"", ""fix"", ""test""]","[""build"", ""docs"", ""fix"", ""test""]",1.0886583179235458,"[""b7e38fb62aa6e8a30d72dec063b1adccd089d0aa"", ""9849430b11b92ae58d94cfe4d0b06313c7eab550"", ""be2cbd9480fcbd60c3011ca57f1d761185cf52bd"", ""625cbbca0d92b8756eac6fcacc795d90527d8975""]",1.0,0.75,0.8571428571428571,False,0.1428571428571428,2048,False,4
"[""build"", ""docs"", ""test""]","[""build"", ""docs"", ""refactor"", ""test""]",1.5332341147586703,"[""ecc481f9f501aa34b41e06e7bbdde6e79f8ca1bb"", ""ee7cc5d5a940fba774e715b1f029c6361110b108"", ""5748ff57ebafe94c4979eafa790d9a84812ca440"", ""87427fe39d165bee2acedde8dbaa237cca3fb61e""]",1.0,0.75,0.8571428571428571,False,0.1428571428571428,2048,False,4
"[""feat"", ""fix"", ""refactor"", ""docs"", ""test"", ""ci"", ""build""]","[""ci"", ""feat"", ""fix"", ""refactor""]",2.026639245916158,"[""be44bbdeb52c6025e81c99528ed7b0d932c5be18"", ""3730075261bc81df68f9d10f12a2d6bbffd8493c"", ""ccd1946a375e2ac10c3c591b04a435c4bc5170c2"", ""0e4ede620dd9a2cdc13ab9cc6da05577b39fddb8""]",0.5714285714285714,1.0,0.7272727272727273,False,0.4285714285714285,2048,False,4
"[""ci"", ""build"", ""refactor"", ""test""]","[""ci"", ""fix"", ""refactor"", ""test""]",1.5840021669864657,"[""14f535655d39847a85d0193559c9c0010357ba77"", ""2b1ad9d10fc5685ec75f362a73229569f03344ca"", ""d55088c612b1108ef566ec47e40fb8d1050f7451"", ""6c7398993bc567ec84e4573b6ededbf50b1ef606""]",0.75,0.75,0.75,False,0.2857142857142857,2048,False,4
"[""feat"", ""fix"", ""refactor"", ""docs"", ""test"", ""ci"", ""build""]","[""build"", ""docs"", ""feat"", ""test""]",2.026495144702494,"[""f46c6c6c26a14312aa05a77ff2a14aebd74e13ac"", ""fd849bd08363df60dbc8b9b6d55bac4f5ace88f4"", ""7704121d0c0bfce49f01c2b41cbc64a642cbb399"", ""11ffd5174bd61a2939ae58d2b2d43284302ae490""]",0.5714285714285714,1.0,0.7272727272727273,False,0.4285714285714285,2048,False,4
"[""build"", ""ci"", ""feat"", ""fix"", ""test""]","[""build"", ""ci"", ""feat"", ""fix""]",1.4902230999432504,"[""454003841aabeb74396d73541378bfa59c75b5db"", ""bda1822851d9be04f0d39f2213d1e2066eb115c8"", ""ba60e126299ad057772b5516d9ab390e770f1301"", ""238ba1990ea68eb64bdfc6b31efebad2acb01ad6""]",0.8,1.0,0.888888888888889,False,0.1428571428571428,2048,False,4
"[""build"", ""docs"", ""test"", ""refactor""]","[""build"", ""docs"", ""feat"", ""refactor""]",1.6805801768787203,"[""45bbdaba1490a3216decb2c1a88b8f7041a3d505"", ""16124286236edf03a6199720ba1629a35e3fe1aa"", ""3730075261bc81df68f9d10f12a2d6bbffd8493c"", ""0e4ede620dd9a2cdc13ab9cc6da05577b39fddb8""]",0.75,0.75,0.75,False,0.2857142857142857,2048,False,4
"[""docs"", ""fix"", ""test""]","[""docs"", ""fix"", ""refactor"", ""test""]",1.1894556009210646,"[""f58567e01509e53afff5dc6f3b59aaae18398eda"", ""f0c5ace9b5c5b7ea55da8607524d6cb68c615455"", ""8a9a022baa15befc325f87892c6bdae25b35bc33"", ""3c812f916e06a53b899e9e3dd79760b475fa4b87""]",1.0,0.75,0.8571428571428571,False,0.1428571428571428,2048,False,4
"[""feat"", ""fix"", ""build"", ""ci""]","[""build"", ""ci"", ""feat"", ""fix""]",1.3548204046674073,"[""b8dfd5a2f39b4768cf070aeb9d09364577c626f9"", ""bda1822851d9be04f0d39f2213d1e2066eb115c8"", ""ba60e126299ad057772b5516d9ab390e770f1301"", ""238ba1990ea68eb64bdfc6b31efebad2acb01ad6""]",1.0,1.0,1.0,True,0.0,2048,False,4
"[""ci"", ""docs"", ""refactor"", ""build""]","[""ci"", ""docs"", ""refactor"", ""test""]",1.612806597724557,"[""be44bbdeb52c6025e81c99528ed7b0d932c5be18"", ""16124286236edf03a6199720ba1629a35e3fe1aa"", ""0e4ede620dd9a2cdc13ab9cc6da05577b39fddb8"", ""076b9f5efc109b481074a81957e24ce9f4a69f08""]",0.75,0.75,0.75,False,0.2857142857142857,2048,False,4
"[""feat"", ""fix"", ""refactor"", ""docs"", ""test"", ""ci"", ""build""]","[""build"", ""feat"", ""fix"", ""refactor""]",2.0493752639740705,"[""45bbdaba1490a3216decb2c1a88b8f7041a3d505"", ""3730075261bc81df68f9d10f12a2d6bbffd8493c"", ""ccd1946a375e2ac10c3c591b04a435c4bc5170c2"", ""0e4ede620dd9a2cdc13ab9cc6da05577b39fddb8""]",0.5714285714285714,1.0,0.7272727272727273,False,0.4285714285714285,2048,False,4
"[""ci"", ""docs"", ""refactor"", ""build""]","[""ci"", ""docs"", ""fix"", ""test""]",1.540113357361406,"[""be44bbdeb52c6025e81c99528ed7b0d932c5be18"", ""16124286236edf03a6199720ba1629a35e3fe1aa"", ""ccd1946a375e2ac10c3c591b04a435c4bc5170c2"", ""076b9f5efc109b481074a81957e24ce9f4a69f08""]",0.5,0.5,0.5,False,0.5714285714285714,2048,False,4
"[""ci"", ""feat"", ""fix"", ""test""]","[""ci"", ""feat"", ""refactor"", ""test""]",1.339412341825664,"[""4c44543a3d9eea37e90a2316717feb01c0e0d83a"", ""8a954673531d6935f5517535b9068639ed5cff0d"", ""8f1034b79f894b4b1112a4bc1903f37f22f7f5ed"", ""6c7398993bc567ec84e4573b6ededbf50b1ef606""]",0.75,0.75,0.75,False,0.2857142857142857,2048,False,4
"[""build"", ""docs"", ""refactor"", ""test""]","[""build"", ""docs"", ""refactor"", ""test""]",1.5111897471360862,"[""0f38960851ac0fd159727d5dffb36f50268eec18"", ""3ee672483790ec71c700907a6e93af4698492026"", ""f5e80f75ead760ad0810e2b8579a062ac20f5f37"", ""8ee0611fbf0cd89abe7ae588f22e6ecb843598ea""]",1.0,1.0,1.0,True,0.0,2048,False,4
"[""ci"", ""feat"", ""docs"", ""fix""]","[""ci"", ""docs"", ""feat"", ""fix""]",1.325844937004149,"[""6f5b1103c0893d13b42f1f7c6504c9c339840be3"", ""9849430b11b92ae58d94cfe4d0b06313c7eab550"", ""73211952964a79d97b434dd567e6d7d34be7feb5"", ""be2cbd9480fcbd60c3011ca57f1d761185cf52bd""]",1.0,1.0,1.0,True,0.0,2048,False,4
"[""build"", ""ci"", ""test"", ""refactor""]","[""build"", ""ci"", ""feat"", ""test""]",1.6141142956912518,"[""45bbdaba1490a3216decb2c1a88b8f7041a3d505"", ""be44bbdeb52c6025e81c99528ed7b0d932c5be18"", ""3730075261bc81df68f9d10f12a2d6bbffd8493c"", ""076b9f5efc109b481074a81957e24ce9f4a69f08""]",0.75,0.75,0.75,False,0.2857142857142857,2048,False,4
"[""build"", ""docs"", ""refactor""]","[""build"", ""docs"", ""fix"", ""refactor""]",1.442189463879913,"[""45bbdaba1490a3216decb2c1a88b8f7041a3d505"", ""b8a664c1b10f4e30a3e221a14211a3cdaf90b7f4"", ""ccd1946a375e2ac10c3c591b04a435c4bc5170c2"", ""0e4ede620dd9a2cdc13ab9cc6da05577b39fddb8""]",1.0,0.75,0.8571428571428571,False,0.1428571428571428,2048,False,4
"[""feat"", ""fix"", ""refactor"", ""docs"", ""test"", ""ci"", ""build""]","[""build"", ""feat"", ""fix"", ""refactor""]",1.95130263408646,"[""37b1cbfd3d2c462ef4f2a131e4172c38dc8d9ddf"", ""542f0cad5337de15428f0b6567ce4efd20a19a48"", ""ab1e60a97c6d5c688dacbd23bca40cb8f20c4ac3"", ""7adece9931eaef6aaf603b5567829bbdcb28f2d1""]",0.5714285714285714,1.0,0.7272727272727273,False,0.4285714285714285,2048,False,4
"[""ci"", ""docs"", ""test"", ""refactor""]","[""ci"", ""docs"", ""fix"", ""test""]",1.522621009964496,"[""e7ecc8763152ed6f89dbf4a6f313c276549eb0b7"", ""29ace62b722bbebf20f0ed2d3fef0910e0973a5a"", ""2b1ad9d10fc5685ec75f362a73229569f03344ca"", ""6c7398993bc567ec84e4573b6ededbf50b1ef606""]",0.75,0.75,0.75,False,0.2857142857142857,2048,False,4
"[""ci"", ""feat"", ""docs"", ""test""]","[""ci"", ""feat"", ""refactor"", ""test""]",1.4404536350630224,"[""6f5b1103c0893d13b42f1f7c6504c9c339840be3"", ""73211952964a79d97b434dd567e6d7d34be7feb5"", ""24760bc2613ed61c4552532907626e209c37b5e8"", ""625cbbca0d92b8756eac6fcacc795d90527d8975""]",0.75,0.75,0.75,False,0.2857142857142857,2048,False,4
"[""build"", ""feat"", ""test""]","[""build"", ""docs"", ""feat"", ""test""]",1.2775943740271032,"[""b7e38fb62aa6e8a30d72dec063b1adccd089d0aa"", ""9849430b11b92ae58d94cfe4d0b06313c7eab550"", ""73211952964a79d97b434dd567e6d7d34be7feb5"", ""625cbbca0d92b8756eac6fcacc795d90527d8975""]",1.0,0.75,0.8571428571428571,False,0.1428571428571428,2048,False,4
"[""build"", ""ci"", ""refactor""]","[""build"", ""ci"", ""fix"", ""refactor""]",1.4813510738313198,"[""45bbdaba1490a3216decb2c1a88b8f7041a3d505"", ""be44bbdeb52c6025e81c99528ed7b0d932c5be18"", ""ccd1946a375e2ac10c3c591b04a435c4bc5170c2"", ""0e4ede620dd9a2cdc13ab9cc6da05577b39fddb8""]",1.0,0.75,0.8571428571428571,False,0.1428571428571428,2048,False,4
"[""feat"", ""fix"", ""refactor"", ""docs"", ""test"", ""ci"", ""build""]","[""build"", ""docs"", ""fix"", ""refactor""]",2.0931437108665705,"[""ecc481f9f501aa34b41e06e7bbdde6e79f8ca1bb"", ""ee7cc5d5a940fba774e715b1f029c6361110b108"", ""cc6408b88246f20c62884a5892a6276baf7c3920"", ""5748ff57ebafe94c4979eafa790d9a84812ca440""]",0.5714285714285714,1.0,0.7272727272727273,False,0.4285714285714285,2048,False,4
"[""ci"", ""docs"", ""feat"", ""test""]","[""ci"", ""docs"", ""feat"", ""test""]",1.3666610000655055,"[""6f5b1103c0893d13b42f1f7c6504c9c339840be3"", ""9849430b11b92ae58d94cfe4d0b06313c7eab550"", ""73211952964a79d97b434dd567e6d7d34be7feb5"", ""625cbbca0d92b8756eac6fcacc795d90527d8975""]",1.0,1.0,1.0,True,0.0,2048,False,4
"[""build"", ""ci"", ""fix"", ""feat""]","[""build"", ""ci"", ""feat"", ""fix"", ""refactor""]",1.4376237471587956,"[""b7e38fb62aa6e8a30d72dec063b1adccd089d0aa"", ""6f5b1103c0893d13b42f1f7c6504c9c339840be3"", ""73211952964a79d97b434dd567e6d7d34be7feb5"", ""be2cbd9480fcbd60c3011ca57f1d761185cf52bd"", ""3cb4a48ebd15c20692f4f3a2a924284dc7fd5e10""]",1.0,0.8,0.888888888888889,False,0.1428571428571428,2048,False,5
"[""feat"", ""fix"", ""refactor"", ""docs"", ""test"", ""ci"", ""build""]","[""build"", ""docs"", ""feat"", ""fix"", ""test""]",1.8418019698001444,"[""b7e38fb62aa6e8a30d72dec063b1adccd089d0aa"", ""01e1e33f377934099a4a725fab5cd6c5ff50eaa2"", ""73211952964a79d97b434dd567e6d7d34be7feb5"", ""be2cbd9480fcbd60c3011ca57f1d761185cf52bd"", ""625cbbca0d92b8756eac6fcacc795d90527d8975""]",0.7142857142857143,1.0,0.8333333333333333,False,0.2857142857142857,2048,False,5
"[""ci"", ""docs"", ""feat"", ""test""]","[""ci"", ""docs"", ""feat"", ""refactor"", ""test""]",1.4414042541757226,"[""6f5b1103c0893d13b42f1f7c6504c9c339840be3"", ""9849430b11b92ae58d94cfe4d0b06313c7eab550"", ""73211952964a79d97b434dd567e6d7d34be7feb5"", ""6f638a53c18a66979b89220c9945ef97e49571b3"", ""625cbbca0d92b8756eac6fcacc795d90527d8975""]",1.0,0.8,0.888888888888889,False,0.1428571428571428,2048,False,5
"[""feat"", ""fix"", ""refactor"", ""docs"", ""test"", ""ci"", ""build""]","[""build"", ""docs"", ""fix"", ""refactor"", ""test""]",1.8308683601208031,"[""2d4d735d94386f5045e3b3abc022c2edcdfaef8f"", ""969aa32659f6918cb0eeeba6b02d6485659dbdd2"", ""eb9f7b24364e86d7bcf50bb23b62c743cf5526f6"", ""3e0e30ecebaf23f0c36fa4811426f8f4e0057cfe"", ""e77f6751182595fe08940d67e11a90416c8dd6fd""]",0.7142857142857143,1.0,0.8333333333333333,False,0.2857142857142857,2048,False,5
"[""feat"", ""fix"", ""refactor"", ""docs"", ""test"", ""ci"", ""build""]","[""build"", ""ci"", ""docs"", ""refactor"", ""test""]",2.0590670742094517,"[""45bbdaba1490a3216decb2c1a88b8f7041a3d505"", ""be44bbdeb52c6025e81c99528ed7b0d932c5be18"", ""16124286236edf03a6199720ba1629a35e3fe1aa"", ""0e4ede620dd9a2cdc13ab9cc6da05577b39fddb8"", ""076b9f5efc109b481074a81957e24ce9f4a69f08""]",0.7142857142857143,1.0,0.8333333333333333,False,0.2857142857142857,2048,False,5
"[""ci"", ""feat"", ""fix"", ""test""]","[""ci"", ""feat"", ""fix"", ""refactor"", ""test""]",1.5726229911670089,"[""bb00890fa896936d0be09cc5e5f411fb5e64aa5f"", ""8a954673531d6935f5517535b9068639ed5cff0d"", ""2b1ad9d10fc5685ec75f362a73229569f03344ca"", ""d55088c612b1108ef566ec47e40fb8d1050f7451"", ""6c7398993bc567ec84e4573b6ededbf50b1ef606""]",1.0,0.8,0.888888888888889,False,0.1428571428571428,2048,False,5
"[""ci"", ""build"", ""docs"", ""test"", ""refactor""]","[""build"", ""ci"", ""docs"", ""feat"", ""fix""]",1.7878465759567916,"[""45bbdaba1490a3216decb2c1a88b8f7041a3d505"", ""be44bbdeb52c6025e81c99528ed7b0d932c5be18"", ""16124286236edf03a6199720ba1629a35e3fe1aa"", ""3730075261bc81df68f9d10f12a2d6bbffd8493c"", ""ccd1946a375e2ac10c3c591b04a435c4bc5170c2""]",0.6,0.6,0.6,False,0.5714285714285714,2048,False,5
"[""feat"", ""fix"", ""refactor"", ""docs"", ""test"", ""ci"", ""build""]","[""build"", ""ci"", ""feat"", ""refactor"", ""test""]",2.060074809007346,"[""45bbdaba1490a3216decb2c1a88b8f7041a3d505"", ""be44bbdeb52c6025e81c99528ed7b0d932c5be18"", ""3730075261bc81df68f9d10f12a2d6bbffd8493c"", ""0e4ede620dd9a2cdc13ab9cc6da05577b39fddb8"", ""076b9f5efc109b481074a81957e24ce9f4a69f08""]",0.7142857142857143,1.0,0.8333333333333333,False,0.2857142857142857,2048,False,5
"[""ci"", ""docs"", ""feat"", ""refactor""]","[""ci"", ""docs"", ""feat"", ""fix"", ""refactor""]",1.4287975798361003,"[""6f5b1103c0893d13b42f1f7c6504c9c339840be3"", ""eb51316cdfdc7258d287ba13b67ef2f42bd2b8f6"", ""73211952964a79d97b434dd567e6d7d34be7feb5"", ""be2cbd9480fcbd60c3011ca57f1d761185cf52bd"", ""fd53cd188555f5c3dc8bc341c5d7eb04b761a70f""]",1.0,0.8,0.888888888888889,False,0.1428571428571428,2048,False,5
"[""feat"", ""fix"", ""refactor"", ""docs"", ""test"", ""ci"", ""build""]","[""build"", ""docs"", ""feat"", ""fix"", ""test""]",1.932900275103748,"[""b7e38fb62aa6e8a30d72dec063b1adccd089d0aa"", ""eb51316cdfdc7258d287ba13b67ef2f42bd2b8f6"", ""73211952964a79d97b434dd567e6d7d34be7feb5"", ""be2cbd9480fcbd60c3011ca57f1d761185cf52bd"", ""625cbbca0d92b8756eac6fcacc795d90527d8975""]",0.7142857142857143,1.0,0.8333333333333333,False,0.2857142857142857,2048,False,5
"[""build"", ""docs"", ""refactor""]","[""build"", ""docs"", ""fix"", ""refactor"", ""test""]",1.479000019840896,"[""45bbdaba1490a3216decb2c1a88b8f7041a3d505"", ""b8a664c1b10f4e30a3e221a14211a3cdaf90b7f4"", ""ccd1946a375e2ac10c3c591b04a435c4bc5170c2"", ""0e4ede620dd9a2cdc13ab9cc6da05577b39fddb8"", ""076b9f5efc109b481074a81957e24ce9f4a69f08""]",1.0,0.6,0.7499999999999999,False,0.2857142857142857,2048,False,5
"[""ci"", ""docs"", ""test"", ""refactor"", ""build""]","[""build"", ""ci"", ""docs"", ""feat"", ""refactor""]",1.7843413553200662,"[""45bbdaba1490a3216decb2c1a88b8f7041a3d505"", ""be44bbdeb52c6025e81c99528ed7b0d932c5be18"", ""b8a664c1b10f4e30a3e221a14211a3cdaf90b7f4"", ""3730075261bc81df68f9d10f12a2d6bbffd8493c"", ""0e4ede620dd9a2cdc13ab9cc6da05577b39fddb8""]",0.8,0.8,0.8000000000000002,False,0.2857142857142857,2048,False,5
"[""ci"", ""fix"", ""test""]","[""ci"", ""feat"", ""fix"", ""refactor"", ""test""]",1.301477805711329,"[""6f5b1103c0893d13b42f1f7c6504c9c339840be3"", ""73211952964a79d97b434dd567e6d7d34be7feb5"", ""be2cbd9480fcbd60c3011ca57f1d761185cf52bd"", ""eb8d919e6f3443db279ba0c902f15d76676c02dc"", ""625cbbca0d92b8756eac6fcacc795d90527d8975""]",1.0,0.6,0.7499999999999999,False,0.2857142857142857,2048,False,5
"[""build"", ""ci"", ""docs"", ""fix"", ""test""]","[""build"", ""ci"", ""docs"", ""fix"", ""test""]",1.5456064073368907,"[""b7e38fb62aa6e8a30d72dec063b1adccd089d0aa"", ""6f5b1103c0893d13b42f1f7c6504c9c339840be3"", ""01e1e33f377934099a4a725fab5cd6c5ff50eaa2"", ""be2cbd9480fcbd60c3011ca57f1d761185cf52bd"", ""625cbbca0d92b8756eac6fcacc795d90527d8975""]",1.0,1.0,1.0,True,0.0,2048,False,5
"[""build"", ""ci"", ""fix"", ""test""]","[""build"", ""ci"", ""docs"", ""fix"", ""test""]",1.3448595739901066,"[""b7e38fb62aa6e8a30d72dec063b1adccd089d0aa"", ""6f5b1103c0893d13b42f1f7c6504c9c339840be3"", ""9849430b11b92ae58d94cfe4d0b06313c7eab550"", ""be2cbd9480fcbd60c3011ca57f1d761185cf52bd"", ""625cbbca0d92b8756eac6fcacc795d90527d8975""]",1.0,0.8,0.888888888888889,False,0.1428571428571428,2048,False,5
"[""feat"", ""fix"", ""refactor"", ""docs"", ""test"", ""ci"", ""build""]","[""build"", ""docs"", ""feat"", ""fix"", ""refactor""]",2.051815992221236,"[""45bbdaba1490a3216decb2c1a88b8f7041a3d505"", ""b8a664c1b10f4e30a3e221a14211a3cdaf90b7f4"", ""3730075261bc81df68f9d10f12a2d6bbffd8493c"", ""ccd1946a375e2ac10c3c591b04a435c4bc5170c2"", ""0e4ede620dd9a2cdc13ab9cc6da05577b39fddb8""]",0.7142857142857143,1.0,0.8333333333333333,False,0.2857142857142857,2048,False,5
"[""feat"", ""fix"", ""refactor"", ""docs"", ""test"", ""ci"", ""build""]","[""build"", ""ci"", ""feat"", ""refactor"", ""test""]",1.932465094141662,"[""b7e38fb62aa6e8a30d72dec063b1adccd089d0aa"", ""6f5b1103c0893d13b42f1f7c6504c9c339840be3"", ""73211952964a79d97b434dd567e6d7d34be7feb5"", ""816b0d49c45f6669c5aae748396e9551f2e30a96"", ""625cbbca0d92b8756eac6fcacc795d90527d8975""]",0.7142857142857143,1.0,0.8333333333333333,False,0.2857142857142857,2048,False,5
"[""docs"", ""feat"", ""test""]","[""docs"", ""feat"", ""fix"", ""refactor"", ""test""]",1.349494120106101,"[""fc9af4d0b93d69be4e201ffb18da04324e8a4a87"", ""15b8e4bc9349ce017f65e10b95cae48b0aa11828"", ""eb9f7b24364e86d7bcf50bb23b62c743cf5526f6"", ""72e3eed599b3a3dd154575af344ac3e5c62dd07b"", ""e77f6751182595fe08940d67e11a90416c8dd6fd""]",1.0,0.6,0.7499999999999999,False,0.2857142857142857,2048,False,5
"[""feat"", ""ci"", ""test"", ""docs""]","[""ci"", ""feat"", ""fix"", ""refactor"", ""test""]",1.5727060749195516,"[""87d576e936e234d0429ad753267a2760c5dfd314"", ""8a954673531d6935f5517535b9068639ed5cff0d"", ""2b1ad9d10fc5685ec75f362a73229569f03344ca"", ""d55088c612b1108ef566ec47e40fb8d1050f7451"", ""6c7398993bc567ec84e4573b6ededbf50b1ef606""]",0.75,0.6,0.6666666666666665,False,0.4285714285714285,2048,False,5
"[""build"", ""ci"", ""docs"", ""fix""]","[""build"", ""ci"", ""docs"", ""feat"", ""refactor""]",1.4401372210122645,"[""b7e38fb62aa6e8a30d72dec063b1adccd089d0aa"", ""6f5b1103c0893d13b42f1f7c6504c9c339840be3"", ""9849430b11b92ae58d94cfe4d0b06313c7eab550"", ""73211952964a79d97b434dd567e6d7d34be7feb5"", ""3550066c886bf253df376f303a60ed475ac42aaa""]",0.75,0.6,0.6666666666666665,False,0.4285714285714285,2048,False,5
"[""feat"", ""fix"", ""refactor"", ""docs"", ""test"", ""ci"", ""build""]","[""build"", ""ci"", ""docs"", ""fix"", ""test""]",2.04928688891232,"[""45bbdaba1490a3216decb2c1a88b8f7041a3d505"", ""be44bbdeb52c6025e81c99528ed7b0d932c5be18"", ""16124286236edf03a6199720ba1629a35e3fe1aa"", ""ccd1946a375e2ac10c3c591b04a435c4bc5170c2"", ""076b9f5efc109b481074a81957e24ce9f4a69f08""]",0.7142857142857143,1.0,0.8333333333333333,False,0.2857142857142857,2048,False,5
"[""build"", ""ci"", ""docs"", ""feat"", ""test""]","[""build"", ""ci"", ""docs"", ""feat"", ""test""]",1.6112764631398022,"[""b7e38fb62aa6e8a30d72dec063b1adccd089d0aa"", ""6f5b1103c0893d13b42f1f7c6504c9c339840be3"", ""01e1e33f377934099a4a725fab5cd6c5ff50eaa2"", ""73211952964a79d97b434dd567e6d7d34be7feb5"", ""625cbbca0d92b8756eac6fcacc795d90527d8975""]",1.0,1.0,1.0,True,0.0,2048,False,5
"[""ci"", ""feat"", ""refactor"", ""docs""]","[""ci"", ""docs"", ""feat"", ""fix"", ""refactor""]",1.460430284962058,"[""976c34b6fdc32a7f3337f98e67a7c9e4ee9e793e"", ""7f611e4208d0cc36c635eb0641a4b3258999ae8d"", ""8a954673531d6935f5517535b9068639ed5cff0d"", ""2b1ad9d10fc5685ec75f362a73229569f03344ca"", ""8f1034b79f894b4b1112a4bc1903f37f22f7f5ed""]",1.0,0.8,0.888888888888889,False,0.1428571428571428,2048,False,5
"[""build"", ""fix"", ""refactor""]","[""build"", ""feat"", ""fix"", ""refactor"", ""test""]",1.364923588000238,"[""bfe32bf10e9b6d699f694fbd095af0b3f2e6275f"", ""482442ecc1aaf981895a36c367abbd377fd93891"", ""80242b34468398e835e5b3fc5ac345dbae4bcc7e"", ""d4d8bdd3a0a5cec993735abc2e8cc2feff8eae27"", ""cd2bfb9b2298e8cd91013808547b35a9c40f46f1""]",1.0,0.6,0.7499999999999999,False,0.2857142857142857,2048,False,5
"[""ci"", ""docs"", ""fix"", ""test""]","[""ci"", ""docs"", ""fix"", ""refactor"", ""test""]",1.4324724371545017,"[""6f5b1103c0893d13b42f1f7c6504c9c339840be3"", ""01e1e33f377934099a4a725fab5cd6c5ff50eaa2"", ""be2cbd9480fcbd60c3011ca57f1d761185cf52bd"", ""6f638a53c18a66979b89220c9945ef97e49571b3"", ""625cbbca0d92b8756eac6fcacc795d90527d8975""]",1.0,0.8,0.888888888888889,False,0.1428571428571428,2048,False,5
"[""build"", ""ci"", ""feat"", ""test""]","[""build"", ""ci"", ""feat"", ""refactor"", ""test""]",1.3833180419169366,"[""b7e38fb62aa6e8a30d72dec063b1adccd089d0aa"", ""6f5b1103c0893d13b42f1f7c6504c9c339840be3"", ""73211952964a79d97b434dd567e6d7d34be7feb5"", ""bc4495b32ec752b6c4b29719e831c043ef2a26ce"", ""625cbbca0d92b8756eac6fcacc795d90527d8975""]",1.0,0.8,0.888888888888889,False,0.1428571428571428,2048,False,5
"[""build"", ""ci"", ""docs"", ""feat""]","[""build"", ""ci"", ""docs"", ""feat"", ""fix""]",1.4300796119496226,"[""b7e38fb62aa6e8a30d72dec063b1adccd089d0aa"", ""6f5b1103c0893d13b42f1f7c6504c9c339840be3"", ""eb51316cdfdc7258d287ba13b67ef2f42bd2b8f6"", ""73211952964a79d97b434dd567e6d7d34be7feb5"", ""be2cbd9480fcbd60c3011ca57f1d761185cf52bd""]",1.0,0.8,0.888888888888889,False,0.1428571428571428,2048,False,5
"[""feat"", ""fix"", ""refactor"", ""docs"", ""test"", ""ci"", ""build""]","[""build"", ""docs"", ""fix"", ""refactor"", ""test""]",2.049428040161729,"[""ecc481f9f501aa34b41e06e7bbdde6e79f8ca1bb"", ""ee7cc5d5a940fba774e715b1f029c6361110b108"", ""45b386aa3f06bce06f5e03fbde0aa52c4051c8bc"", ""5748ff57ebafe94c4979eafa790d9a84812ca440"", ""87427fe39d165bee2acedde8dbaa237cca3fb61e""]",0.7142857142857143,1.0,0.8333333333333333,False,0.2857142857142857,2048,False,5
"[""ci"", ""docs"", ""feat"", ""test""]","[""ci"", ""docs"", ""feat"", ""fix"", ""test""]",1.4321053577587008,"[""6f5b1103c0893d13b42f1f7c6504c9c339840be3"", ""eb51316cdfdc7258d287ba13b67ef2f42bd2b8f6"", ""73211952964a79d97b434dd567e6d7d34be7feb5"", ""be2cbd9480fcbd60c3011ca57f1d761185cf52bd"", ""625cbbca0d92b8756eac6fcacc795d90527d8975""]",1.0,0.8,0.888888888888889,False,0.1428571428571428,2048,False,5
"[""feat"", ""build"", ""docs"", ""refactor""]","[""build"", ""docs"", ""feat"", ""fix"", ""refactor""]",1.673559634014964,"[""ecc481f9f501aa34b41e06e7bbdde6e79f8ca1bb"", ""ee7cc5d5a940fba774e715b1f029c6361110b108"", ""f9a094918b62534614c47aa8a13f33aec751a1e0"", ""cc6408b88246f20c62884a5892a6276baf7c3920"", ""5748ff57ebafe94c4979eafa790d9a84812ca440""]",1.0,0.8,0.888888888888889,False,0.1428571428571428,2048,False,5
"[""feat"", ""build"", ""ci"", ""test""]","[""build"", ""ci"", ""feat"", ""refactor"", ""test""]",1.2113697747699916,"[""b8dfd5a2f39b4768cf070aeb9d09364577c626f9"", ""bda1822851d9be04f0d39f2213d1e2066eb115c8"", ""ba60e126299ad057772b5516d9ab390e770f1301"", ""d4d8bdd3a0a5cec993735abc2e8cc2feff8eae27"", ""b7e2330fa3a8d7b8a9bff01b707c44e64b845c7b""]",1.0,0.8,0.888888888888889,False,0.1428571428571428,2048,False,5
"[""docs"", ""build"", ""ci"", ""fix"", ""test""]","[""build"", ""ci"", ""fix"", ""refactor"", ""test""]",1.703923435881734,"[""4542d9973a848a2bd4f9baf12992efe7d7a69f2c"", ""db55dae208e4807898e6c747cefdf9bfcb4fd08c"", ""c4d9e5023fa0f88ba283b37da27677ceda1cbfbb"", ""f86944ff00b970d7e2da48abbff43e58bdf29b99"", ""1f663cbe4b4a9e7a0ae89c05f824335f2a0857fd""]",0.8,0.8,0.8000000000000002,False,0.2857142857142857,2048,False,5
"[""feat"", ""fix"", ""refactor"", ""docs"", ""test"", ""ci"", ""build""]","[""build"", ""docs"", ""feat"", ""refactor"", ""test""]",1.9446886610239744,"[""0f38960851ac0fd159727d5dffb36f50268eec18"", ""e0177c25e13812306aab0b0991562d58b6d14767"", ""1ae8bf1195b197daa80ba6e45360f8b894364cd4"", ""336b25f3ae9da5d972304662fcdb88f4719c721d"", ""8ee0611fbf0cd89abe7ae588f22e6ecb843598ea""]",0.7142857142857143,1.0,0.8333333333333333,False,0.2857142857142857,2048,False,5
"[""ci"", ""docs"", ""refactor"", ""test""]","[""ci"", ""docs"", ""feat"", ""fix"", ""test""]",1.5432861167937515,"[""8d2e23bde626eaed6e5b13384cc7ac38bab5ea66"", ""527e0abd0f88cb3ae2dc1a6ec7a62c241250444d"", ""4a4c7afca7e1beadd4b213214074fdb420eb0923"", ""a81bbb83d64867f08c4d1be10919ef6806a1bf51"", ""cdbc37711fa9c64b2cfa767766ca55c95c1736f7""]",0.75,0.6,0.6666666666666665,False,0.4285714285714285,2048,False,5
"[""build"", ""ci"", ""fix"", ""refactor""]","[""build"", ""ci"", ""docs"", ""fix"", ""refactor""]",1.4176701880060136,"[""b7e38fb62aa6e8a30d72dec063b1adccd089d0aa"", ""6f5b1103c0893d13b42f1f7c6504c9c339840be3"", ""9849430b11b92ae58d94cfe4d0b06313c7eab550"", ""be2cbd9480fcbd60c3011ca57f1d761185cf52bd"", ""03e413d7175d35827cd7d8908d47dbae15a849a3""]",1.0,0.8,0.888888888888889,False,0.1428571428571428,2048,False,5
"[""build"", ""ci"", ""docs"", ""fix""]","[""build"", ""ci"", ""docs"", ""fix"", ""refactor""]",1.4337577018886805,"[""b7e38fb62aa6e8a30d72dec063b1adccd089d0aa"", ""6f5b1103c0893d13b42f1f7c6504c9c339840be3"", ""01e1e33f377934099a4a725fab5cd6c5ff50eaa2"", ""be2cbd9480fcbd60c3011ca57f1d761185cf52bd"", ""3550066c886bf253df376f303a60ed475ac42aaa""]",1.0,0.8,0.888888888888889,False,0.1428571428571428,2048,False,5
"[""feat"", ""fix"", ""refactor"", ""docs"", ""test"", ""ci"", ""build""]","[""build"", ""ci"", ""feat"", ""fix"", ""test""]",1.7752266717143357,"[""b7e38fb62aa6e8a30d72dec063b1adccd089d0aa"", ""6f5b1103c0893d13b42f1f7c6504c9c339840be3"", ""73211952964a79d97b434dd567e6d7d34be7feb5"", ""be2cbd9480fcbd60c3011ca57f1d761185cf52bd"", ""625cbbca0d92b8756eac6fcacc795d90527d8975""]",0.7142857142857143,1.0,0.8333333333333333,False,0.2857142857142857,2048,False,5
"[""feat"", ""fix"", ""refactor"", ""docs"", ""test"", ""ci"", ""build""]","[""docs"", ""feat"", ""fix"", ""refactor"", ""test""]",1.8942992738448083,"[""9849430b11b92ae58d94cfe4d0b06313c7eab550"", ""73211952964a79d97b434dd567e6d7d34be7feb5"", ""be2cbd9480fcbd60c3011ca57f1d761185cf52bd"", ""fd61615d1a7be9d13de2114a01e2d0ad63b59274"", ""625cbbca0d92b8756eac6fcacc795d90527d8975""]",0.7142857142857143,1.0,0.8333333333333333,False,0.2857142857142857,2048,False,5
"[""build"", ""ci"", ""docs"", ""fix"", ""refactor""]","[""build"", ""ci"", ""docs"", ""feat"", ""refactor""]",1.5881568659096956,"[""b7e38fb62aa6e8a30d72dec063b1adccd089d0aa"", ""6f5b1103c0893d13b42f1f7c6504c9c339840be3"", ""01e1e33f377934099a4a725fab5cd6c5ff50eaa2"", ""73211952964a79d97b434dd567e6d7d34be7feb5"", ""eafee3c5c124ce0c71fd854270cea39cc273b27c""]",0.8,0.8,0.8000000000000002,False,0.2857142857142857,2048,False,5
"[""build"", ""feat"", ""test"", ""docs""]","[""build"", ""feat"", ""fix"", ""refactor"", ""test""]",1.490898119751364,"[""b7e38fb62aa6e8a30d72dec063b1adccd089d0aa"", ""73211952964a79d97b434dd567e6d7d34be7feb5"", ""be2cbd9480fcbd60c3011ca57f1d761185cf52bd"", ""7005cf8c47416583e3d9fa91c3bd50113155c91a"", ""625cbbca0d92b8756eac6fcacc795d90527d8975""]",0.75,0.6,0.6666666666666665,False,0.4285714285714285,2048,False,5
"[""build"", ""ci"", ""docs"", ""test"", ""refactor""]","[""build"", ""ci"", ""docs"", ""feat"", ""test""]",1.7865172647871077,"[""45bbdaba1490a3216decb2c1a88b8f7041a3d505"", ""be44bbdeb52c6025e81c99528ed7b0d932c5be18"", ""16124286236edf03a6199720ba1629a35e3fe1aa"", ""3730075261bc81df68f9d10f12a2d6bbffd8493c"", ""076b9f5efc109b481074a81957e24ce9f4a69f08""]",0.8,0.8,0.8000000000000002,False,0.2857142857142857,2048,False,5
"[""ci"", ""docs"", ""refactor"", ""build""]","[""ci"", ""docs"", ""fix"", ""refactor"", ""test""]",1.6205121339298785,"[""be44bbdeb52c6025e81c99528ed7b0d932c5be18"", ""16124286236edf03a6199720ba1629a35e3fe1aa"", ""ccd1946a375e2ac10c3c591b04a435c4bc5170c2"", ""0e4ede620dd9a2cdc13ab9cc6da05577b39fddb8"", ""076b9f5efc109b481074a81957e24ce9f4a69f08""]",0.75,0.6,0.6666666666666665,False,0.4285714285714285,2048,False,5
"[""feat"", ""fix"", ""refactor"", ""docs"", ""test"", ""ci"", ""build""]","[""build"", ""docs"", ""feat"", ""refactor"", ""test""]",2.08331230096519,"[""ecc481f9f501aa34b41e06e7bbdde6e79f8ca1bb"", ""144388439d64e049cbed4e37659e819856d6987f"", ""ded26d768ff432ad3bde3c0aa1e95ce50726100a"", ""5748ff57ebafe94c4979eafa790d9a84812ca440"", ""87427fe39d165bee2acedde8dbaa237cca3fb61e""]",0.7142857142857143,1.0,0.8333333333333333,False,0.2857142857142857,2048,False,5
"[""ci"", ""docs"", ""feat"", ""refactor""]","[""ci"", ""docs"", ""feat"", ""fix"", ""refactor""]",1.517959804739803,"[""6f5b1103c0893d13b42f1f7c6504c9c339840be3"", ""eb51316cdfdc7258d287ba13b67ef2f42bd2b8f6"", ""73211952964a79d97b434dd567e6d7d34be7feb5"", ""be2cbd9480fcbd60c3011ca57f1d761185cf52bd"", ""d357640fab55e5964fe83efc3c771e53aa3222fd""]",1.0,0.8,0.888888888888889,False,0.1428571428571428,2048,False,5
"[""build"", ""ci"", ""refactor""]","[""build"", ""ci"", ""fix"", ""refactor"", ""test""]",1.5054062316194177,"[""45bbdaba1490a3216decb2c1a88b8f7041a3d505"", ""be44bbdeb52c6025e81c99528ed7b0d932c5be18"", ""ccd1946a375e2ac10c3c591b04a435c4bc5170c2"", ""0e4ede620dd9a2cdc13ab9cc6da05577b39fddb8"", ""076b9f5efc109b481074a81957e24ce9f4a69f08""]",1.0,0.6,0.7499999999999999,False,0.2857142857142857,2048,False,5
"[""build"", ""ci"", ""docs"", ""test"", ""refactor""]","[""build"", ""ci"", ""docs"", ""feat"", ""test""]",1.7586266049183903,"[""45bbdaba1490a3216decb2c1a88b8f7041a3d505"", ""be44bbdeb52c6025e81c99528ed7b0d932c5be18"", ""b8a664c1b10f4e30a3e221a14211a3cdaf90b7f4"", ""3730075261bc81df68f9d10f12a2d6bbffd8493c"", ""076b9f5efc109b481074a81957e24ce9f4a69f08""]",0.8,0.8,0.8000000000000002,False,0.2857142857142857,2048,False,5
"[""build"", ""ci"", ""docs"", ""fix"", ""refactor""]","[""build"", ""ci"", ""docs"", ""fix"", ""refactor""]",1.5031386683695018,"[""b7e38fb62aa6e8a30d72dec063b1adccd089d0aa"", ""6f5b1103c0893d13b42f1f7c6504c9c339840be3"", ""eb51316cdfdc7258d287ba13b67ef2f42bd2b8f6"", ""be2cbd9480fcbd60c3011ca57f1d761185cf52bd"", ""190aef43fd30e693af822c176f9b686591568719""]",1.0,1.0,1.0,True,0.0,2048,False,5
"[""feat"", ""fix"", ""refactor"", ""docs"", ""test"", ""ci"", ""build""]","[""build"", ""feat"", ""fix"", ""refactor"", ""test""]",1.8971561971120536,"[""b0866f62417f56bdd5a46e8f14278af79efc4d76"", ""a84d6715a4df12cc0ee9aa6f2596ce3b04353958"", ""eebee9ab0bb6d4255ad0402d8422364e96bfef61"", ""e8a8edadc5c25d6410462b89a48e0602e0cbbc7f"", ""e77f6751182595fe08940d67e11a90416c8dd6fd""]",0.7142857142857143,1.0,0.8333333333333333,False,0.2857142857142857,2048,False,5
"[""ci"", ""docs"", ""refactor"", ""feat"", ""test""]","[""ci"", ""docs"", ""feat"", ""fix"", ""test""]",1.679081420879811,"[""8d2e23bde626eaed6e5b13384cc7ac38bab5ea66"", ""036a0ff49a7dade0e04c9c07071a1ff49133ee24"", ""bbb6ee10de824f2e3259576ac01768640c884279"", ""f9d9f859240c6f7e78b0303ea40e46622d42bc3c"", ""cdbc37711fa9c64b2cfa767766ca55c95c1736f7""]",0.8,0.8,0.8000000000000002,False,0.2857142857142857,2048,False,5
"[""build"", ""ci"", ""feat"", ""test""]","[""build"", ""ci"", ""feat"", ""refactor"", ""test""]",1.4772009197622538,"[""b7e38fb62aa6e8a30d72dec063b1adccd089d0aa"", ""6f5b1103c0893d13b42f1f7c6504c9c339840be3"", ""73211952964a79d97b434dd567e6d7d34be7feb5"", ""8da0303bc02db5fe047cfc0631a9da41d9dc60f7"", ""625cbbca0d92b8756eac6fcacc795d90527d8975""]",1.0,0.8,0.888888888888889,False,0.1428571428571428,2048,False,5
"[""build"", ""ci"", ""fix"", ""refactor""]","[""build"", ""ci"", ""docs"", ""feat"", ""fix""]",1.4170450349338353,"[""b7e38fb62aa6e8a30d72dec063b1adccd089d0aa"", ""6f5b1103c0893d13b42f1f7c6504c9c339840be3"", ""9849430b11b92ae58d94cfe4d0b06313c7eab550"", ""73211952964a79d97b434dd567e6d7d34be7feb5"", ""be2cbd9480fcbd60c3011ca57f1d761185cf52bd""]",0.75,0.6,0.6666666666666665,False,0.4285714285714285,2048,False,5
"[""ci"", ""docs"", ""refactor"", ""test""]","[""ci"", ""docs"", ""fix"", ""refactor"", ""test""]",1.5425848211161792,"[""db2dbc13d7da2ae85cd3206d330be8ed0ebe1b2c"", ""12257ce53f94dc902df4ba087de90f52d2840ad4"", ""2b1ad9d10fc5685ec75f362a73229569f03344ca"", ""8f1034b79f894b4b1112a4bc1903f37f22f7f5ed"", ""6c7398993bc567ec84e4573b6ededbf50b1ef606""]",1.0,0.8,0.888888888888889,False,0.1428571428571428,2048,False,5
"[""docs"", ""feat"", ""test""]","[""docs"", ""feat"", ""fix"", ""refactor"", ""test""]",1.3597121629863975,"[""eb51316cdfdc7258d287ba13b67ef2f42bd2b8f6"", ""73211952964a79d97b434dd567e6d7d34be7feb5"", ""be2cbd9480fcbd60c3011ca57f1d761185cf52bd"", ""eb8d919e6f3443db279ba0c902f15d76676c02dc"", ""625cbbca0d92b8756eac6fcacc795d90527d8975""]",1.0,0.6,0.7499999999999999,False,0.2857142857142857,2048,False,5
"[""feat"", ""fix"", ""refactor"", ""docs"", ""test"", ""ci"", ""build""]","[""build"", ""ci"", ""feat"", ""fix"", ""refactor""]",1.9861037791706624,"[""454003841aabeb74396d73541378bfa59c75b5db"", ""bda1822851d9be04f0d39f2213d1e2066eb115c8"", ""9114362b39f5194209cd0b330af7076333f3db77"", ""80242b34468398e835e5b3fc5ac345dbae4bcc7e"", ""fba4326c72fc22d81aba6976a9fef1e4b6154fd9""]",0.7142857142857143,1.0,0.8333333333333333,False,0.2857142857142857,2048,False,5
"[""feat"", ""fix"", ""refactor"", ""docs"", ""test"", ""ci"", ""build""]","[""build"", ""docs"", ""feat"", ""fix"", ""test""]",1.997179241850972,"[""ecc481f9f501aa34b41e06e7bbdde6e79f8ca1bb"", ""144388439d64e049cbed4e37659e819856d6987f"", ""8b9176b44bb01a1eef497a403b0304bc389c9aee"", ""45b386aa3f06bce06f5e03fbde0aa52c4051c8bc"", ""3c04162664b130c9486cba54afc16b6e57c779d1""]",0.7142857142857143,1.0,0.8333333333333333,False,0.2857142857142857,2048,False,5
"[""build"", ""ci"", ""docs"", ""refactor"", ""test""]","[""build"", ""ci"", ""docs"", ""refactor"", ""test""]",1.656147424131632,"[""b7e38fb62aa6e8a30d72dec063b1adccd089d0aa"", ""6f5b1103c0893d13b42f1f7c6504c9c339840be3"", ""01e1e33f377934099a4a725fab5cd6c5ff50eaa2"", ""3cb4a48ebd15c20692f4f3a2a924284dc7fd5e10"", ""625cbbca0d92b8756eac6fcacc795d90527d8975""]",1.0,1.0,1.0,True,0.0,2048,False,5
"[""build"", ""ci"", ""docs"", ""refactor"", ""test""]","[""build"", ""ci"", ""docs"", ""refactor"", ""test""]",1.7553476681932807,"[""45bbdaba1490a3216decb2c1a88b8f7041a3d505"", ""be44bbdeb52c6025e81c99528ed7b0d932c5be18"", ""b8a664c1b10f4e30a3e221a14211a3cdaf90b7f4"", ""0e4ede620dd9a2cdc13ab9cc6da05577b39fddb8"", ""076b9f5efc109b481074a81957e24ce9f4a69f08""]",1.0,1.0,1.0,True,0.0,2048,False,5
"[""build"", ""test"", ""refactor""]","[""build"", ""feat"", ""fix"", ""refactor"", ""test""]",1.503683908842504,"[""45bbdaba1490a3216decb2c1a88b8f7041a3d505"", ""3730075261bc81df68f9d10f12a2d6bbffd8493c"", ""ccd1946a375e2ac10c3c591b04a435c4bc5170c2"", ""0e4ede620dd9a2cdc13ab9cc6da05577b39fddb8"", ""076b9f5efc109b481074a81957e24ce9f4a69f08""]",1.0,0.6,0.7499999999999999,False,0.2857142857142857,2048,False,5
"[""ci"", ""docs"", ""fix"", ""refactor""]","[""ci"", ""docs"", ""feat"", ""fix"", ""refactor""]",1.516649375203997,"[""6f5b1103c0893d13b42f1f7c6504c9c339840be3"", ""01e1e33f377934099a4a725fab5cd6c5ff50eaa2"", ""73211952964a79d97b434dd567e6d7d34be7feb5"", ""be2cbd9480fcbd60c3011ca57f1d761185cf52bd"", ""7d6f760a91b55967972bbd1b972307624e876805""]",1.0,0.8,0.888888888888889,False,0.1428571428571428,2048,False,5
"[""build"", ""ci"", ""docs"", ""feat"", ""fix"", ""refactor"", ""test""]","[""build"", ""ci"", ""feat"", ""fix"", ""test""]",1.844734538346529,"[""bfe32bf10e9b6d699f694fbd095af0b3f2e6275f"", ""bda1822851d9be04f0d39f2213d1e2066eb115c8"", ""988dda23984894cea097d64646196e8d6196d6b6"", ""238ba1990ea68eb64bdfc6b31efebad2acb01ad6"", ""b7e2330fa3a8d7b8a9bff01b707c44e64b845c7b""]",0.7142857142857143,1.0,0.8333333333333333,False,0.2857142857142857,2048,False,5
"[""build"", ""ci"", ""test"", ""refactor""]","[""build"", ""ci"", ""docs"", ""refactor"", ""test""]",1.4599647247232497,"[""b7e38fb62aa6e8a30d72dec063b1adccd089d0aa"", ""6f5b1103c0893d13b42f1f7c6504c9c339840be3"", ""9849430b11b92ae58d94cfe4d0b06313c7eab550"", ""816b0d49c45f6669c5aae748396e9551f2e30a96"", ""625cbbca0d92b8756eac6fcacc795d90527d8975""]",1.0,0.8,0.888888888888889,False,0.1428571428571428,2048,False,5
"[""docs"", ""fix"", ""test""]","[""docs"", ""feat"", ""fix"", ""refactor"", ""test""]",1.340625414159149,"[""01e1e33f377934099a4a725fab5cd6c5ff50eaa2"", ""73211952964a79d97b434dd567e6d7d34be7feb5"", ""be2cbd9480fcbd60c3011ca57f1d761185cf52bd"", ""190aef43fd30e693af822c176f9b686591568719"", ""625cbbca0d92b8756eac6fcacc795d90527d8975""]",1.0,0.6,0.7499999999999999,False,0.2857142857142857,2048,False,5
"[""build"", ""ci"", ""docs"", ""feat"", ""fix""]","[""build"", ""ci"", ""docs"", ""feat"", ""fix""]",1.5718238148838282,"[""b7e38fb62aa6e8a30d72dec063b1adccd089d0aa"", ""6f5b1103c0893d13b42f1f7c6504c9c339840be3"", ""01e1e33f377934099a4a725fab5cd6c5ff50eaa2"", ""73211952964a79d97b434dd567e6d7d34be7feb5"", ""be2cbd9480fcbd60c3011ca57f1d761185cf52bd""]",1.0,1.0,1.0,True,0.0,2048,False,5
"[""docs"", ""feat"", ""refactor"", ""test""]","[""docs"", ""feat"", ""fix"", ""refactor"", ""test""]",1.6412989171221852,"[""8dfd2af29bf784b242992ee9ec0fbc85753b063c"", ""8a954673531d6935f5517535b9068639ed5cff0d"", ""2b1ad9d10fc5685ec75f362a73229569f03344ca"", ""d55088c612b1108ef566ec47e40fb8d1050f7451"", ""6c7398993bc567ec84e4573b6ededbf50b1ef606""]",1.0,0.8,0.888888888888889,False,0.1428571428571428,2048,False,5
"[""build"", ""ci"", ""fix"", ""test""]","[""build"", ""ci"", ""fix"", ""refactor"", ""test""]",1.35051605431363,"[""bfe32bf10e9b6d699f694fbd095af0b3f2e6275f"", ""bda1822851d9be04f0d39f2213d1e2066eb115c8"", ""80242b34468398e835e5b3fc5ac345dbae4bcc7e"", ""fba4326c72fc22d81aba6976a9fef1e4b6154fd9"", ""7c48976f943e1e9b5850967b6f2963a205476ded""]",1.0,0.8,0.888888888888889,False,0.1428571428571428,2048,False,5
"[""feat"", ""fix"", ""refactor"", ""docs"", ""test"", ""ci"", ""build""]","[""build"", ""ci"", ""docs"", ""feat"", ""refactor""]",2.090624735224992,"[""45bbdaba1490a3216decb2c1a88b8f7041a3d505"", ""be44bbdeb52c6025e81c99528ed7b0d932c5be18"", ""16124286236edf03a6199720ba1629a35e3fe1aa"", ""3730075261bc81df68f9d10f12a2d6bbffd8493c"", ""0e4ede620dd9a2cdc13ab9cc6da05577b39fddb8""]",0.7142857142857143,1.0,0.8333333333333333,False,0.2857142857142857,2048,False,5
"[""build"", ""fix"", ""test""]","[""build"", ""ci"", ""feat"", ""fix"", ""test""]",1.2525832699611783,"[""bfe32bf10e9b6d699f694fbd095af0b3f2e6275f"", ""bda1822851d9be04f0d39f2213d1e2066eb115c8"", ""482442ecc1aaf981895a36c367abbd377fd93891"", ""80242b34468398e835e5b3fc5ac345dbae4bcc7e"", ""7c48976f943e1e9b5850967b6f2963a205476ded""]",1.0,0.6,0.7499999999999999,False,0.2857142857142857,2048,False,5
"[""build"", ""docs"", ""fix"", ""refactor""]","[""build"", ""docs"", ""feat"", ""fix"", ""refactor""]",1.4527093661017716,"[""b7e38fb62aa6e8a30d72dec063b1adccd089d0aa"", ""01e1e33f377934099a4a725fab5cd6c5ff50eaa2"", ""73211952964a79d97b434dd567e6d7d34be7feb5"", ""be2cbd9480fcbd60c3011ca57f1d761185cf52bd"", ""eafee3c5c124ce0c71fd854270cea39cc273b27c""]",1.0,0.8,0.888888888888889,False,0.1428571428571428,2048,False,5
"[""build"", ""ci"", ""docs"", ""refactor"", ""test""]","[""build"", ""ci"", ""docs"", ""refactor"", ""test""]",1.6539864577353,"[""b7e38fb62aa6e8a30d72dec063b1adccd089d0aa"", ""6f5b1103c0893d13b42f1f7c6504c9c339840be3"", ""eb51316cdfdc7258d287ba13b67ef2f42bd2b8f6"", ""7d6f760a91b55967972bbd1b972307624e876805"", ""625cbbca0d92b8756eac6fcacc795d90527d8975""]",1.0,1.0,1.0,True,0.0,2048,False,5
"[""ci"", ""docs"", ""fix"", ""refactor"", ""test""]","[""ci"", ""docs"", ""feat"", ""fix"", ""test""]",1.6764327031560242,"[""8d2e23bde626eaed6e5b13384cc7ac38bab5ea66"", ""036a0ff49a7dade0e04c9c07071a1ff49133ee24"", ""6b473cbdc5997af47c56a2a74f5b64da6d4c2ad7"", ""f9d9f859240c6f7e78b0303ea40e46622d42bc3c"", ""cdbc37711fa9c64b2cfa767766ca55c95c1736f7""]",0.8,0.8,0.8000000000000002,False,0.2857142857142857,2048,False,5
"[""fix"", ""test""]","[""test""]",1.2529060691595078,"[""7c48976f943e1e9b5850967b6f2963a205476ded""]",0.5,1.0,0.6666666666666666,False,0.1428571428571428,2048,False,1
"[""feat"", ""test""]","[""refactor""]",1.346087960060686,"[""5748ff57ebafe94c4979eafa790d9a84812ca440""]",0.0,0.0,0.0,False,0.4285714285714285,2048,False,1
"[""docs""]","[""docs""]",0.7642234028317034,"[""be8dd55c2179a1743ddbda56b5e88a1a89c92bcc""]",1.0,1.0,1.0,True,0.0,2048,False,1
"[""feat""]","[""feat""]",0.7737371241673827,"[""15b8e4bc9349ce017f65e10b95cae48b0aa11828""]",1.0,1.0,1.0,True,0.0,2048,False,1
"[""build""]","[""build""]",0.7773276679217815,"[""37b1cbfd3d2c462ef4f2a131e4172c38dc8d9ddf""]",1.0,1.0,1.0,True,0.0,2048,False,1
"[""ci""]","[""ci""]",0.760134827811271,"[""8d2e23bde626eaed6e5b13384cc7ac38bab5ea66""]",1.0,1.0,1.0,True,0.0,2048,False,1
"[""fix"", ""test""]","[""fix""]",1.2689557657577095,"[""44ac09d356fa02bdbb840638846f7a7500700d23""]",0.5,1.0,0.6666666666666666,False,0.1428571428571428,2048,False,1
"[""ci"", ""build""]","[""ci""]",0.9122692868113518,"[""be44bbdeb52c6025e81c99528ed7b0d932c5be18""]",0.5,1.0,0.6666666666666666,False,0.1428571428571428,2048,False,1
"[""build""]","[""build""]",0.7515898607671261,"[""b7e38fb62aa6e8a30d72dec063b1adccd089d0aa""]",1.0,1.0,1.0,True,0.0,2048,False,1
"[""fix"", ""build""]","[""refactor""]",1.366493641398847,"[""3e0e30ecebaf23f0c36fa4811426f8f4e0057cfe""]",0.0,0.0,0.0,False,0.4285714285714285,2048,False,1
"[""feat"", ""refactor""]","[""feat""]",1.408632904291153,"[""293f301a4bb248799c467d1fef413ed3909f47a4""]",0.5,1.0,0.6666666666666666,False,0.1428571428571428,2048,False,1
"[""test""]","[""test""]",0.8240134962834418,"[""6c7398993bc567ec84e4573b6ededbf50b1ef606""]",1.0,1.0,1.0,True,0.0,2048,False,1
"[""docs""]","[""docs""]",0.5379739766940475,"[""036a0ff49a7dade0e04c9c07071a1ff49133ee24""]",1.0,1.0,1.0,True,0.0,2048,False,1
"[""refactor""]","[""fix""]",0.777134598698467,"[""73b8948ea1d49e05ae8c63b17926eda4cb04e9bb""]",0.0,0.0,0.0,False,0.2857142857142857,2048,False,1
"[""refactor"", ""build""]","[""fix""]",0.7562415800057352,"[""ccd1946a375e2ac10c3c591b04a435c4bc5170c2""]",0.0,0.0,0.0,False,0.4285714285714285,2048,False,1
"[""feat""]","[""feat""]",1.2265310701914132,"[""542f0cad5337de15428f0b6567ce4efd20a19a48""]",1.0,1.0,1.0,True,0.0,2048,False,1
"[""build""]","[""build""]",0.8722332110628486,"[""4ab28fc2e63e975a0c77e18ae644f34fa5f8771a""]",1.0,1.0,1.0,True,0.0,2048,False,1
"[""ci"", ""build"", ""refactor""]","[""ci""]",0.8927172748371959,"[""b7b9c23698e7238eda26a1135018625181badd82""]",0.3333333333333333,1.0,0.5,False,0.2857142857142857,2048,False,1
"[""refactor""]","[""refactor""]",0.7963350340723991,"[""190aef43fd30e693af822c176f9b686591568719""]",1.0,1.0,1.0,True,0.0,2048,False,1
"[""test""]","[""test""]",0.7200164753012359,"[""960af3a1c31fe2b5ab32e580089f67c9da816fcc""]",1.0,1.0,1.0,True,0.0,2048,False,1
"[""docs""]","[""docs""]",0.7184209069237113,"[""527e0abd0f88cb3ae2dc1a6ec7a62c241250444d""]",1.0,1.0,1.0,True,0.0,2048,False,1
"[""docs""]","[""docs""]",0.8237517769448459,"[""ee7cc5d5a940fba774e715b1f029c6361110b108""]",1.0,1.0,1.0,True,0.0,2048,False,1
"[""feat"", ""docs""]","[""feat""]",1.3595856558531525,"[""8a954673531d6935f5517535b9068639ed5cff0d""]",0.5,1.0,0.6666666666666666,False,0.1428571428571428,2048,False,1
"[""refactor""]","[""refactor""]",0.9538722690194844,"[""0e4ede620dd9a2cdc13ab9cc6da05577b39fddb8""]",1.0,1.0,1.0,True,0.0,2048,False,1
"[""build""]","[""build""]",0.8477834891527891,"[""ecc481f9f501aa34b41e06e7bbdde6e79f8ca1bb""]",1.0,1.0,1.0,True,0.0,2048,False,1
"[""build""]","[""ci""]",0.6953135328367352,"[""bda1822851d9be04f0d39f2213d1e2066eb115c8""]",0.0,0.0,0.0,False,0.2857142857142857,2048,False,1
"[""test""]","[""test""]",0.6666643507778645,"[""7df6b872b9c820a35572b926d2496460a4c8b24a""]",1.0,1.0,1.0,True,0.0,2048,False,1
"[""fix""]","[""fix""]",0.7204889869317412,"[""c4d9e5023fa0f88ba283b37da27677ceda1cbfbb""]",1.0,1.0,1.0,True,0.0,2048,False,1
"[""fix""]","[""fix""]",1.221007065847516,"[""0d43299ccee2b2e018fae24896c45d8d8be66bc6""]",1.0,1.0,1.0,True,0.0,2048,False,1
"[""test""]","[""test""]",1.2217176449485123,"[""90a48c74f6faa0829d3809f739a42c0133e63ae0""]",1.0,1.0,1.0,True,0.0,2048,False,1
"[""refactor""]","[""refactor""]",0.8002678011544049,"[""e8a8edadc5c25d6410462b89a48e0602e0cbbc7f""]",1.0,1.0,1.0,True,0.0,2048,False,1
"[""docs""]","[""docs""]",0.6293134498409927,"[""9849430b11b92ae58d94cfe4d0b06313c7eab550""]",1.0,1.0,1.0,True,0.0,2048,False,1
"[""build""]","[""build""]",0.8256078781560063,"[""45bbdaba1490a3216decb2c1a88b8f7041a3d505""]",1.0,1.0,1.0,True,0.0,2048,False,1
"[""feat""]","[""feat""]",0.7581468988209963,"[""1ae8bf1195b197daa80ba6e45360f8b894364cd4""]",1.0,1.0,1.0,True,0.0,2048,False,1
"[""ci""]","[""ci""]",0.7797553539276123,"[""976c34b6fdc32a7f3337f98e67a7c9e4ee9e793e""]",1.0,1.0,1.0,True,0.0,2048,False,1
"[""refactor"", ""test""]","[""refactor""]",1.0129543207585812,"[""1c8ff5cf2feb3ce0b7d0fbfc43be8d20f5b73287""]",0.5,1.0,0.6666666666666666,False,0.1428571428571428,2048,False,1
"[""ci""]","[""docs""]",0.636827128008008,"[""e50a61d63755a4a955c2a6535a865773e2ac01d5""]",0.0,0.0,0.0,False,0.2857142857142857,2048,False,1
"[""refactor""]","[""test""]",0.6179880639538169,"[""076b9f5efc109b481074a81957e24ce9f4a69f08""]",0.0,0.0,0.0,False,0.2857142857142857,2048,False,1
"[""build""]","[""build""]",1.2956846742890775,"[""b2415c4d3de7b5d6da47668a3de630c07b30b300""]",1.0,1.0,1.0,True,0.0,2048,False,1
"[""refactor""]","[""fix""]",0.9589746347628534,"[""a81bbb83d64867f08c4d1be10919ef6806a1bf51""]",0.0,0.0,0.0,False,0.2857142857142857,2048,False,1
"[""feat"", ""test""]","[""feat""]",1.2966523743234577,"[""3730075261bc81df68f9d10f12a2d6bbffd8493c""]",0.5,1.0,0.6666666666666666,False,0.1428571428571428,2048,False,1
"[""ci"", ""build""]","[""ci""]",0.9698356427252292,"[""db55dae208e4807898e6c747cefdf9bfcb4fd08c""]",0.5,1.0,0.6666666666666666,False,0.1428571428571428,2048,False,1
"[""docs""]","[""docs""]",1.2951902532950044,"[""dfab97842fe78fb8f217a5185fb6ec92682a53ca""]",1.0,1.0,1.0,True,0.0,2048,False,1
"[""feat""]","[""feat""]",1.0855871052481234,"[""73211952964a79d97b434dd567e6d7d34be7feb5""]",1.0,1.0,1.0,True,0.0,2048,False,1
"[""test""]","[""refactor""]",0.7518355282954872,"[""fba4326c72fc22d81aba6976a9fef1e4b6154fd9""]",0.0,0.0,0.0,False,0.2857142857142857,2048,False,1
"[""ci""]","[""ci""]",0.691607341170311,"[""6f5b1103c0893d13b42f1f7c6504c9c339840be3""]",1.0,1.0,1.0,True,0.0,2048,False,1
"[""refactor""]","[""fix""]",0.7653647712431848,"[""2b1ad9d10fc5685ec75f362a73229569f03344ca""]",0.0,0.0,0.0,False,0.2857142857142857,2048,False,1
"[""build"", ""test""]","[""test""]",1.135962686967105,"[""cd2bfb9b2298e8cd91013808547b35a9c40f46f1""]",0.5,1.0,0.6666666666666666,False,0.1428571428571428,2048,False,1
"[""build""]","[""build""]",0.9059706684201956,"[""607ecc92b5f8c084304e406eec725b7dcfa0a562""]",1.0,1.0,1.0,True,0.0,2048,False,1
"[""refactor""]","[""refactor""]",0.8243177719414234,"[""b98a8fed0b67b99ef4f8373aea904f847315e468""]",1.0,1.0,1.0,True,0.0,2048,False,1
"[""docs""]","[""docs""]",0.7526769442483783,"[""144388439d64e049cbed4e37659e819856d6987f""]",1.0,1.0,1.0,True,0.0,2048,False,1
"[""ci""]","[""build""]",0.6327540138736367,"[""88129ee45b1d49bc4ff887f3b488464cc7097e29""]",0.0,0.0,0.0,False,0.2857142857142857,2048,False,1
"[""feat""]","[""feat""]",0.8492845273576677,"[""5e09c9128f13c45d54df685b0a17dc8e3f7ff02c""]",1.0,1.0,1.0,True,0.0,2048,False,1
"[""test""]","[""test""]",0.7178548858501017,"[""e77f6751182595fe08940d67e11a90416c8dd6fd""]",1.0,1.0,1.0,True,0.0,2048,False,1
"[""ci"", ""build""]","[""ci""]",0.98913964163512,"[""bb00890fa896936d0be09cc5e5f411fb5e64aa5f""]",0.5,1.0,0.6666666666666666,False,0.1428571428571428,2048,False,1
"[""fix""]","[""fix""]",0.7177182817831635,"[""c1d3b58fd20995b1b9ca4e6771e3fa375242b02d""]",1.0,1.0,1.0,True,0.0,2048,False,1
"[""fix""]","[""fix""]",0.6940959147177637,"[""be2cbd9480fcbd60c3011ca57f1d761185cf52bd""]",1.0,1.0,1.0,True,0.0,2048,False,1
"[""refactor""]","[""refactor""]",0.7647042511962354,"[""8f1034b79f894b4b1112a4bc1903f37f22f7f5ed""]",1.0,1.0,1.0,True,0.0,2048,False,1
"[""docs""]","[""docs""]",0.8311573900282383,"[""16124286236edf03a6199720ba1629a35e3fe1aa""]",1.0,1.0,1.0,True,0.0,2048,False,1
"[""test""]","[""test""]",0.6335953562520444,"[""cdbc37711fa9c64b2cfa767766ca55c95c1736f7""]",1.0,1.0,1.0,True,0.0,2048,False,1
"[""ci""]","[""ci""]",0.7317904592491686,"[""5ebfebf86e60aae2610eb0ed84d177d53cd75f9d""]",1.0,1.0,1.0,True,0.0,2048,False,1
"[""feat""]","[""feat""]",1.2276784940622747,"[""ded26d768ff432ad3bde3c0aa1e95ce50726100a""]",1.0,1.0,1.0,True,0.0,2048,False,1
"[""refactor""]","[""build""]",0.8101426837965846,"[""f46c6c6c26a14312aa05a77ff2a14aebd74e13ac""]",0.0,0.0,0.0,False,0.2857142857142857,2048,False,1
"[""feat""]","[""feat""]",1.0075213988311589,"[""bea32587586ca08f390c901a95e9b9c25263f4df""]",1.0,1.0,1.0,True,0.0,2048,False,1
"[""docs""]","[""docs""]",0.8528341250494123,"[""26994fb090d4ed0daf9b8ba960b4690fac08e340""]",1.0,1.0,1.0,True,0.0,2048,False,1
"[""fix"", ""test""]","[""fix""]",1.3577371831052003,"[""80242b34468398e835e5b3fc5ac345dbae4bcc7e""]",0.5,1.0,0.6666666666666666,False,0.1428571428571428,2048,False,1
"[""build""]","[""refactor""]",0.7700155670754611,"[""f9447355b93d67961c4a6b04bde3e83a394458ab""]",0.0,0.0,0.0,False,0.2857142857142857,2048,False,1
"[""ci""]","[""ci""]",0.7891020150855184,"[""8fe29cdc76480adc79701e4c492ff1e87566f569""]",1.0,1.0,1.0,True,0.0,2048,False,1
"[""docs"", ""build""]","[""build""]",0.9071117569692432,"[""4542d9973a848a2bd4f9baf12992efe7d7a69f2c""]",0.5,1.0,0.6666666666666666,False,0.1428571428571428,2048,False,1
"[""test""]","[""test""]",0.6261243689805269,"[""e053bb5190b033d4edb35a0718d3c414ae366431""]",1.0,1.0,1.0,True,0.0,2048,False,1
"[""docs"", ""fix""]","[""docs"", ""refactor""]",1.1640812437981367,"[""144388439d64e049cbed4e37659e819856d6987f"", ""5748ff57ebafe94c4979eafa790d9a84812ca440""]",0.5,0.5,0.5,False,0.2857142857142857,2048,False,2
"[""docs"", ""build"", ""test""]","[""build"", ""test""]",1.1434730347245932,"[""4542d9973a848a2bd4f9baf12992efe7d7a69f2c"", ""1f663cbe4b4a9e7a0ae89c05f824335f2a0857fd""]",0.6666666666666666,1.0,0.8,False,0.1428571428571428,2048,False,2
"[""feat"", ""fix"", ""refactor"", ""docs"", ""test"", ""ci"", ""build""]","[""feat"", ""fix""]",2.074265962932259,"[""6f0cf049caa1a7982669ee685e86621452686551"", ""238ba1990ea68eb64bdfc6b31efebad2acb01ad6""]",0.2857142857142857,1.0,0.4444444444444445,False,0.7142857142857143,2048,False,2
"[""ci"", ""docs""]","[""ci"", ""docs""]",1.076761880889535,"[""6f5b1103c0893d13b42f1f7c6504c9c339840be3"", ""01e1e33f377934099a4a725fab5cd6c5ff50eaa2""]",1.0,1.0,1.0,True,0.0,2048,False,2
"[""ci"", ""feat""]","[""ci"", ""feat""]",1.1003226558677852,"[""6f5b1103c0893d13b42f1f7c6504c9c339840be3"", ""73211952964a79d97b434dd567e6d7d34be7feb5""]",1.0,1.0,1.0,True,0.0,2048,False,2
"[""build"", ""test""]","[""build"", ""refactor""]",1.2039313488639891,"[""1ad3f41f28d2faa5229ee88b54d673275cc31036"", ""72e3eed599b3a3dd154575af344ac3e5c62dd07b""]",0.5,0.5,0.5,False,0.2857142857142857,2048,False,2
"[""fix"", ""test""]","[""fix"", ""test""]",1.2036581239663064,"[""0d43299ccee2b2e018fae24896c45d8d8be66bc6"", ""24a815b90437dbd962b5ff449f0b5146df835545""]",1.0,1.0,1.0,True,0.0,2048,False,2
"[""test"", ""refactor""]","[""feat"", ""refactor""]",1.3732500453479588,"[""3730075261bc81df68f9d10f12a2d6bbffd8493c"", ""0e4ede620dd9a2cdc13ab9cc6da05577b39fddb8""]",0.5,0.5,0.5,False,0.2857142857142857,2048,False,2
"[""build"", ""docs""]","[""build"", ""docs""]",1.0541374487802386,"[""b7e38fb62aa6e8a30d72dec063b1adccd089d0aa"", ""eb51316cdfdc7258d287ba13b67ef2f42bd2b8f6""]",1.0,1.0,1.0,True,0.0,2048,False,2
"[""ci"", ""fix""]","[""ci"", ""fix""]",0.8604804500937462,"[""6f5b1103c0893d13b42f1f7c6504c9c339840be3"", ""be2cbd9480fcbd60c3011ca57f1d761185cf52bd""]",1.0,1.0,1.0,True,0.0,2048,False,2
"[""refactor"", ""test""]","[""fix"", ""test""]",1.1184844416566193,"[""b131f5d67076b97b3186c820760df839bf796ad5"", ""2a7c6f5c0b1c966d6a5d103de1978a61c141648a""]",0.5,0.5,0.5,False,0.2857142857142857,2048,False,2
"[""build"", ""docs""]","[""build"", ""docs""]",1.1002632500603795,"[""45bbdaba1490a3216decb2c1a88b8f7041a3d505"", ""16124286236edf03a6199720ba1629a35e3fe1aa""]",1.0,1.0,1.0,True,0.0,2048,False,2
"[""feat""]","[""feat"", ""refactor""]",1.059064808767289,"[""d61bf50f77b404e660a6e5aa9e9bc4ce415e8c18"", ""ee4bf61fb8836e249fb4ef3507dc938e70696b3f""]",1.0,0.5,0.6666666666666666,False,0.1428571428571428,2048,False,2
"[""ci"", ""test""]","[""ci"", ""test""]",1.1025408962741494,"[""bda1822851d9be04f0d39f2213d1e2066eb115c8"", ""90a48c74f6faa0829d3809f739a42c0133e63ae0""]",1.0,1.0,1.0,True,0.0,2048,False,2
"[""ci"", ""build"", ""refactor""]","[""ci"", ""refactor""]",1.3419780167751014,"[""be44bbdeb52c6025e81c99528ed7b0d932c5be18"", ""0e4ede620dd9a2cdc13ab9cc6da05577b39fddb8""]",0.6666666666666666,1.0,0.8,False,0.1428571428571428,2048,False,2
"[""feat"", ""fix"", ""refactor"", ""docs"", ""test"", ""ci"", ""build""]","[""docs"", ""feat""]",2.092604398727417,"[""0105a4ee47706d9b3aa8f22d0a75585a498731ec"", ""3709e392924aba3542514ce35bd681adca39e8ac""]",0.2857142857142857,1.0,0.4444444444444445,False,0.7142857142857143,2048,False,2
"[""build"", ""test""]","[""build"", ""test""]",1.1681594420224428,"[""fd2b7a18dca63b51f4ba5de6b2e4ad2b825e735d"", ""24a815b90437dbd962b5ff449f0b5146df835545""]",1.0,1.0,1.0,True,0.0,2048,False,2
"[""ci"", ""fix"", ""test""]","[""ci"", ""fix""]",1.2362337592057884,"[""bda1822851d9be04f0d39f2213d1e2066eb115c8"", ""238ba1990ea68eb64bdfc6b31efebad2acb01ad6""]",0.6666666666666666,1.0,0.8,False,0.1428571428571428,2048,False,2
"[""feat"", ""fix"", ""refactor"", ""docs"", ""test"", ""ci"", ""build""]","[""feat"", ""test""]",1.868281573057175,"[""6b473cbdc5997af47c56a2a74f5b64da6d4c2ad7"", ""cdbc37711fa9c64b2cfa767766ca55c95c1736f7""]",0.2857142857142857,1.0,0.4444444444444445,False,0.7142857142857143,2048,False,2
"[""docs"", ""fix""]","[""docs"", ""refactor""]",1.141470095142722,"[""af5ec2005504bbd836a54bfb2df0b7f6cf15f314"", ""4597f158c45a1f996ad217236d88edab69c29b22""]",0.5,0.5,0.5,False,0.2857142857142857,2048,False,2
"[""build"", ""fix""]","[""build"", ""fix""]",1.0121531100012362,"[""ecc481f9f501aa34b41e06e7bbdde6e79f8ca1bb"", ""45b386aa3f06bce06f5e03fbde0aa52c4051c8bc""]",1.0,1.0,1.0,True,0.0,2048,False,2
"[""refactor"", ""test""]","[""refactor"", ""test""]",1.0569482608698308,"[""3a86f49b725c0f66b5f04f80547042636135b49c"", ""3c812f916e06a53b899e9e3dd79760b475fa4b87""]",1.0,1.0,1.0,True,0.0,2048,False,2
"[""feat"", ""build""]","[""ci"", ""feat""]",1.0137986899353564,"[""bda1822851d9be04f0d39f2213d1e2066eb115c8"", ""ba60e126299ad057772b5516d9ab390e770f1301""]",0.5,0.5,0.5,False,0.2857142857142857,2048,False,2
"[""build"", ""docs""]","[""build"", ""docs""]",1.168195473961532,"[""0f38960851ac0fd159727d5dffb36f50268eec18"", ""a4290c7be832aaac894f9b4e69837f0eb13d9287""]",1.0,1.0,1.0,True,0.0,2048,False,2
"[""ci""]","[""ci"", ""fix""]",0.9999027638696134,"[""0984951701c34c08392b87082824dcebc379b4e7"", ""2b1ad9d10fc5685ec75f362a73229569f03344ca""]",1.0,0.5,0.6666666666666666,False,0.1428571428571428,2048,False,2
"[""feat"", ""fix"", ""refactor"", ""docs"", ""test"", ""ci"", ""build""]","[""build"", ""docs""]",1.730380164925009,"[""b0866f62417f56bdd5a46e8f14278af79efc4d76"", ""fc9af4d0b93d69be4e201ffb18da04324e8a4a87""]",0.2857142857142857,1.0,0.4444444444444445,False,0.7142857142857143,2048,False,2
"[""test"", ""ci""]","[""feat"", ""test""]",1.162593023851514,"[""3730075261bc81df68f9d10f12a2d6bbffd8493c"", ""076b9f5efc109b481074a81957e24ce9f4a69f08""]",0.5,0.5,0.5,False,0.2857142857142857,2048,False,2
"[""fix""]","[""fix"", ""refactor""]",1.222546631004661,"[""0d43299ccee2b2e018fae24896c45d8d8be66bc6"", ""536872b735334929f25bf70d052e739166355160""]",1.0,0.5,0.6666666666666666,False,0.1428571428571428,2048,False,2
"[""feat"", ""refactor"", ""test""]","[""feat"", ""refactor""]",1.5490153217688205,"[""a51716d5ac3f7aabe1428a5a6d79c6b863463ff6"", ""3a86f49b725c0f66b5f04f80547042636135b49c""]",0.6666666666666666,1.0,0.8,False,0.1428571428571428,2048,False,2
"[""refactor""]","[""build"", ""fix""]",0.957843465730548,"[""f46c6c6c26a14312aa05a77ff2a14aebd74e13ac"", ""3f71e37ef9bfdbc0aea89863ae3d75c0c7e4a53d""]",0.0,0.0,0.0,False,0.4285714285714285,2048,False,2
"[""ci"", ""build"", ""refactor""]","[""ci"", ""test""]",1.192942043300718,"[""be44bbdeb52c6025e81c99528ed7b0d932c5be18"", ""076b9f5efc109b481074a81957e24ce9f4a69f08""]",0.3333333333333333,0.5,0.4,False,0.4285714285714285,2048,False,2
"[""docs"", ""test""]","[""docs"", ""test""]",1.143822287209332,"[""eb51316cdfdc7258d287ba13b67ef2f42bd2b8f6"", ""625cbbca0d92b8756eac6fcacc795d90527d8975""]",1.0,1.0,1.0,True,0.0,2048,False,2
"[""feat"", ""fix"", ""refactor"", ""docs"", ""test"", ""ci"", ""build""]","[""fix"", ""refactor""]",1.9112604791298509,"[""f2ac6e30644848f0c5c36057d1f55551fb70952f"", ""4be836f5655fb5356fde5ddd7437125f8574705d""]",0.2857142857142857,1.0,0.4444444444444445,False,0.7142857142857143,2048,False,2
"[""docs"", ""feat""]","[""docs"", ""feat""]",1.362926249857992,"[""cb1f48b56ae0de93acb72e48726c7d610a1d538e"", ""bea32587586ca08f390c901a95e9b9c25263f4df""]",1.0,1.0,1.0,True,0.0,2048,False,2
"[""build"", ""test"", ""ci""]","[""build"", ""ci""]",1.2384027079679072,"[""454003841aabeb74396d73541378bfa59c75b5db"", ""bda1822851d9be04f0d39f2213d1e2066eb115c8""]",0.6666666666666666,1.0,0.8,False,0.1428571428571428,2048,False,2
"[""docs"", ""refactor""]","[""docs"", ""test""]",1.00526966387406,"[""16124286236edf03a6199720ba1629a35e3fe1aa"", ""076b9f5efc109b481074a81957e24ce9f4a69f08""]",0.5,0.5,0.5,False,0.2857142857142857,2048,False,2
"[""build"", ""fix""]","[""build"", ""refactor""]",1.2600156739354134,"[""ecc481f9f501aa34b41e06e7bbdde6e79f8ca1bb"", ""5748ff57ebafe94c4979eafa790d9a84812ca440""]",0.5,0.5,0.5,False,0.2857142857142857,2048,False,2
"[""feat""]","[""feat"", ""fix""]",0.9662260669283568,"[""73211952964a79d97b434dd567e6d7d34be7feb5"", ""be2cbd9480fcbd60c3011ca57f1d761185cf52bd""]",1.0,0.5,0.6666666666666666,False,0.1428571428571428,2048,False,2
"[""ci"", ""test""]","[""ci"", ""test""]",1.0686895563267171,"[""db2dbc13d7da2ae85cd3206d330be8ed0ebe1b2c"", ""6c7398993bc567ec84e4573b6ededbf50b1ef606""]",1.0,1.0,1.0,True,0.0,2048,False,2
"[""build"", ""refactor""]","[""build"", ""fix""]",1.096889856737107,"[""4ab28fc2e63e975a0c77e18ae644f34fa5f8771a"", ""b131f5d67076b97b3186c820760df839bf796ad5""]",0.5,0.5,0.5,False,0.2857142857142857,2048,False,2
"[""feat""]","[""feat"", ""refactor""]",1.223375297151506,"[""73211952964a79d97b434dd567e6d7d34be7feb5"", ""78971fd68d7dc5c8e6811b4520cdc54e4188f733""]",1.0,0.5,0.6666666666666666,False,0.1428571428571428,2048,False,2
"[""ci"", ""docs""]","[""ci"", ""docs""]",0.7974106459878385,"[""6f5b1103c0893d13b42f1f7c6504c9c339840be3"", ""9849430b11b92ae58d94cfe4d0b06313c7eab550""]",1.0,1.0,1.0,True,0.0,2048,False,2
"[""docs"", ""feat""]","[""docs"", ""feat""]",1.101766852196306,"[""26994fb090d4ed0daf9b8ba960b4690fac08e340"", ""15b8e4bc9349ce017f65e10b95cae48b0aa11828""]",1.0,1.0,1.0,True,0.0,2048,False,2
"[""build""]","[""build"", ""fix""]",0.7536048470064998,"[""2d4d735d94386f5045e3b3abc022c2edcdfaef8f"", ""eb9f7b24364e86d7bcf50bb23b62c743cf5526f6""]",1.0,0.5,0.6666666666666666,False,0.1428571428571428,2048,False,2
"[""ci"", ""test"", ""build""]","[""ci"", ""test""]",1.235861883033067,"[""14f535655d39847a85d0193559c9c0010357ba77"", ""6c7398993bc567ec84e4573b6ededbf50b1ef606""]",0.6666666666666666,1.0,0.8,False,0.1428571428571428,2048,False,2
"[""refactor""]","[""fix"", ""refactor""]",0.8195732878521085,"[""b131f5d67076b97b3186c820760df839bf796ad5"", ""2900e67189ec09a35fa61f3f17d386f4eb23f9bd""]",1.0,0.5,0.6666666666666666,False,0.1428571428571428,2048,False,2
"[""ci"", ""test"", ""refactor""]","[""ci"", ""test""]",0.9928214657120408,"[""b7b9c23698e7238eda26a1135018625181badd82"", ""1f663cbe4b4a9e7a0ae89c05f824335f2a0857fd""]",0.6666666666666666,1.0,0.8,False,0.1428571428571428,2048,False,2
"[""docs"", ""refactor""]","[""docs"", ""refactor""]",1.4097396139986813,"[""e9358fb4955396bfc3340418c77cbce4fa6123ee"", ""cc9df62b0b41e84da275cf6ddcb06126628713b7""]",1.0,1.0,1.0,True,0.0,2048,False,2
"[""ci"", ""feat""]","[""build"", ""feat""]",1.140680132433772,"[""88129ee45b1d49bc4ff887f3b488464cc7097e29"", ""b7191a24b71cce2b7260d60de26ac8161546110e""]",0.5,0.5,0.5,False,0.2857142857142857,2048,False,2
"[""feat"", ""build""]","[""build"", ""feat""]",1.1599360378459096,"[""b7e38fb62aa6e8a30d72dec063b1adccd089d0aa"", ""73211952964a79d97b434dd567e6d7d34be7feb5""]",1.0,1.0,1.0,True,0.0,2048,False,2
"[""test"", ""build"", ""refactor""]","[""refactor"", ""test""]",1.142291788943112,"[""7e84797900f1b6f61e16d8a4766b8209673a7acb"", ""8ee0611fbf0cd89abe7ae588f22e6ecb843598ea""]",0.6666666666666666,1.0,0.8,False,0.1428571428571428,2048,False,2
"[""ci"", ""refactor""]","[""ci"", ""fix""]",1.008422653656453,"[""b7b9c23698e7238eda26a1135018625181badd82"", ""c4d9e5023fa0f88ba283b37da27677ceda1cbfbb""]",0.5,0.5,0.5,False,0.2857142857142857,2048,False,2
"[""feat"", ""docs"", ""test""]","[""docs"", ""test""]",1.339206892065704,"[""af82c2c910c9b5d3dd68de30c59a9e169a8934a5"", ""6c7398993bc567ec84e4573b6ededbf50b1ef606""]",0.6666666666666666,1.0,0.8,False,0.1428571428571428,2048,False,2
"[""ci"", ""refactor""]","[""ci"", ""refactor""]",0.823921431787312,"[""b7b9c23698e7238eda26a1135018625181badd82"", ""879edb6ed90f88b9ae6a3c2e8878ae1be48e0c88""]",1.0,1.0,1.0,True,0.0,2048,False,2
"[""build"", ""docs""]","[""build"", ""docs""]",0.8019175990484655,"[""0f38960851ac0fd159727d5dffb36f50268eec18"", ""e0177c25e13812306aab0b0991562d58b6d14767""]",1.0,1.0,1.0,True,0.0,2048,False,2
"[""ci"", ""feat"", ""fix""]","[""feat"", ""fix""]",1.2389115300029516,"[""ebaa20ea3f02e25f78c52cae208017a898cb6c13"", ""f9f309d1f4ef1917a89e867e6ba4c3f8d5b24d48""]",0.6666666666666666,1.0,0.8,False,0.1428571428571428,2048,False,2
"[""docs"", ""refactor"", ""build""]","[""docs"", ""fix""]",1.165647963993251,"[""b8a664c1b10f4e30a3e221a14211a3cdaf90b7f4"", ""ccd1946a375e2ac10c3c591b04a435c4bc5170c2""]",0.3333333333333333,0.5,0.4,False,0.4285714285714285,2048,False,2
"[""feat"", ""test""]","[""feat"", ""test""]",1.3637620289810002,"[""1f15f71e415ba49b21684c7a3a51c8e3faaa7cf3"", ""f87659953e9af59bc7cb314a22dd076d988ef607""]",1.0,1.0,1.0,True,0.0,2048,False,2
"[""build"", ""ci""]","[""build"", ""ci""]",0.9073666678741574,"[""b7e38fb62aa6e8a30d72dec063b1adccd089d0aa"", ""6f5b1103c0893d13b42f1f7c6504c9c339840be3""]",1.0,1.0,1.0,True,0.0,2048,False,2
"[""refactor"", ""fix""]","[""docs"", ""refactor""]",1.4453282682225108,"[""0105a4ee47706d9b3aa8f22d0a75585a498731ec"", ""6ed4690834161e1d250dfb0b46cd05bf07c1bb39""]",0.5,0.5,0.5,False,0.2857142857142857,2048,False,2
"[""ci"", ""build"", ""fix""]","[""ci"", ""fix""]",1.1467679738998413,"[""db55dae208e4807898e6c747cefdf9bfcb4fd08c"", ""c4d9e5023fa0f88ba283b37da27677ceda1cbfbb""]",0.6666666666666666,1.0,0.8,False,0.1428571428571428,2048,False,2
"[""build"", ""test""]","[""build"", ""test""]",1.2628641738556323,"[""ecc481f9f501aa34b41e06e7bbdde6e79f8ca1bb"", ""3c04162664b130c9486cba54afc16b6e57c779d1""]",1.0,1.0,1.0,True,0.0,2048,False,2
"[""feat"", ""fix"", ""refactor"", ""docs"", ""test"", ""ci"", ""build""]","[""feat"", ""refactor""]",1.9240086460486057,"[""8b9176b44bb01a1eef497a403b0304bc389c9aee"", ""5748ff57ebafe94c4979eafa790d9a84812ca440""]",0.2857142857142857,1.0,0.4444444444444445,False,0.7142857142857143,2048,False,2
"[""feat"", ""refactor"", ""build""]","[""build"", ""feat""]",1.448607641737908,"[""f46c6c6c26a14312aa05a77ff2a14aebd74e13ac"", ""d82c76e667c01567382e3ebeb13125c5d0064324""]",0.6666666666666666,1.0,0.8,False,0.1428571428571428,2048,False,2
"[""refactor"", ""test""]","[""refactor"", ""test""]",1.030821579042822,"[""211de26da358601056dd922d63f832433d7a693b"", ""1f663cbe4b4a9e7a0ae89c05f824335f2a0857fd""]",1.0,1.0,1.0,True,0.0,2048,False,2
"[""ci"", ""docs""]","[""ci"", ""docs""]",0.9622158538550138,"[""8d2e23bde626eaed6e5b13384cc7ac38bab5ea66"", ""036a0ff49a7dade0e04c9c07071a1ff49133ee24""]",1.0,1.0,1.0,True,0.0,2048,False,2
"[""docs"", ""refactor""]","[""docs"", ""fix""]",1.1838901359587908,"[""01e536c6eb273f533ac7bb1a51c4954128de2c63"", ""6849b9066f5d95b9e54c67046cfa136cf0d88b27""]",0.5,0.5,0.5,False,0.2857142857142857,2048,False,2
"[""fix"", ""test""]","[""fix"", ""test""]",1.1348804021254182,"[""3e85aa17418f6fd2e6e32f9e55fdf7a9d8fcea9d"", ""f87659953e9af59bc7cb314a22dd076d988ef607""]",1.0,1.0,1.0,True,0.0,2048,False,2
"[""docs"", ""build"", ""ci"", ""refactor""]","[""build"", ""ci""]",1.3235587598755956,"[""4542d9973a848a2bd4f9baf12992efe7d7a69f2c"", ""b7b9c23698e7238eda26a1135018625181badd82""]",0.5,1.0,0.6666666666666666,False,0.2857142857142857,2048,False,2
"[""feat"", ""refactor""]","[""feat"", ""refactor""]",1.3159085386432707,"[""9025fe7e99ae76c1426be68dc80f09e235631a80"", ""3f173b8b7ce54371db277879673b3202edeb2d93""]",1.0,1.0,1.0,True,0.0,2048,False,2
"[""feat"", ""fix"", ""refactor"", ""docs"", ""test"", ""ci"", ""build""]","[""build"", ""feat"", ""refactor""]",1.9483124748803675,"[""37b1cbfd3d2c462ef4f2a131e4172c38dc8d9ddf"", ""542f0cad5337de15428f0b6567ce4efd20a19a48"", ""7adece9931eaef6aaf603b5567829bbdcb28f2d1""]",0.4285714285714285,1.0,0.6,False,0.5714285714285714,2048,False,3
"[""ci"", ""docs"", ""test""]","[""ci"", ""docs"", ""test""]",1.2102277800440788,"[""6f5b1103c0893d13b42f1f7c6504c9c339840be3"", ""eb51316cdfdc7258d287ba13b67ef2f42bd2b8f6"", ""625cbbca0d92b8756eac6fcacc795d90527d8975""]",1.0,1.0,1.0,True,0.0,2048,False,3
"[""test"", ""refactor"", ""build""]","[""feat"", ""fix"", ""test""]",1.34269336797297,"[""3730075261bc81df68f9d10f12a2d6bbffd8493c"", ""ccd1946a375e2ac10c3c591b04a435c4bc5170c2"", ""076b9f5efc109b481074a81957e24ce9f4a69f08""]",0.3333333333333333,0.3333333333333333,0.3333333333333333,False,0.5714285714285714,2048,False,3
"[""docs"", ""build"", ""ci"", ""refactor""]","[""build"", ""ci"", ""fix""]",1.5135658350773156,"[""4542d9973a848a2bd4f9baf12992efe7d7a69f2c"", ""b7b9c23698e7238eda26a1135018625181badd82"", ""73b8948ea1d49e05ae8c63b17926eda4cb04e9bb""]",0.5,0.6666666666666666,0.5714285714285715,False,0.4285714285714285,2048,False,3
"[""ci"", ""build"", ""refactor"", ""docs""]","[""ci"", ""docs"", ""refactor""]",1.3898130720481277,"[""14f535655d39847a85d0193559c9c0010357ba77"", ""7f611e4208d0cc36c635eb0641a4b3258999ae8d"", ""d55088c612b1108ef566ec47e40fb8d1050f7451""]",0.75,1.0,0.8571428571428571,False,0.1428571428571428,2048,False,3
"[""docs"", ""refactor""]","[""docs"", ""fix"", ""refactor""]",1.2498162356205285,"[""e9358fb4955396bfc3340418c77cbce4fa6123ee"", ""d5d3753c221e5164874ee99f1c6959f03fce0725"", ""7292fc7d387d83379aedf93558451bfa254acb6f""]",1.0,0.6666666666666666,0.8,False,0.1428571428571428,2048,False,3
"[""build"", ""refactor"", ""test""]","[""build"", ""feat"", ""test""]",1.506874977145344,"[""afafb9a32b164df33754a36547ee134b8fbe374a"", ""293f301a4bb248799c467d1fef413ed3909f47a4"", ""24a815b90437dbd962b5ff449f0b5146df835545""]",0.6666666666666666,0.6666666666666666,0.6666666666666666,False,0.2857142857142857,2048,False,3
"[""ci"", ""build"", ""refactor""]","[""ci"", ""fix"", ""refactor""]",1.3821687693707645,"[""be44bbdeb52c6025e81c99528ed7b0d932c5be18"", ""ccd1946a375e2ac10c3c591b04a435c4bc5170c2"", ""0e4ede620dd9a2cdc13ab9cc6da05577b39fddb8""]",0.6666666666666666,0.6666666666666666,0.6666666666666666,False,0.2857142857142857,2048,False,3
"[""feat"", ""docs"", ""build""]","[""build"", ""docs"", ""feat""]",1.3614828707650304,"[""b7e38fb62aa6e8a30d72dec063b1adccd089d0aa"", ""eb51316cdfdc7258d287ba13b67ef2f42bd2b8f6"", ""73211952964a79d97b434dd567e6d7d34be7feb5""]",1.0,1.0,1.0,True,0.0,2048,False,3
"[""docs"", ""build"", ""fix"", ""test""]","[""build"", ""fix"", ""test""]",1.4730372219346464,"[""4542d9973a848a2bd4f9baf12992efe7d7a69f2c"", ""73b8948ea1d49e05ae8c63b17926eda4cb04e9bb"", ""1f663cbe4b4a9e7a0ae89c05f824335f2a0857fd""]",0.75,1.0,0.8571428571428571,False,0.1428571428571428,2048,False,3
"[""build"", ""refactor"", ""test""]","[""ci"", ""refactor"", ""test""]",1.3509050738066437,"[""bda1822851d9be04f0d39f2213d1e2066eb115c8"", ""b98a8fed0b67b99ef4f8373aea904f847315e468"", ""b7e2330fa3a8d7b8a9bff01b707c44e64b845c7b""]",0.6666666666666666,0.6666666666666666,0.6666666666666666,False,0.2857142857142857,2048,False,3
"[""feat"", ""fix"", ""refactor"", ""docs"", ""test"", ""ci"", ""build""]","[""docs"", ""feat"", ""test""]",1.990300967823714,"[""fd849bd08363df60dbc8b9b6d55bac4f5ace88f4"", ""b7191a24b71cce2b7260d60de26ac8161546110e"", ""11ffd5174bd61a2939ae58d2b2d43284302ae490""]",0.4285714285714285,1.0,0.6,False,0.5714285714285714,2048,False,3
"[""ci"", ""docs"", ""refactor""]","[""ci"", ""docs"", ""refactor""]",1.4494403549470007,"[""be44bbdeb52c6025e81c99528ed7b0d932c5be18"", ""16124286236edf03a6199720ba1629a35e3fe1aa"", ""0e4ede620dd9a2cdc13ab9cc6da05577b39fddb8""]",1.0,1.0,1.0,True,0.0,2048,False,3
"[""build"", ""feat"", ""refactor""]","[""build"", ""feat"", ""fix""]",1.451385777909309,"[""ecc481f9f501aa34b41e06e7bbdde6e79f8ca1bb"", ""8b9176b44bb01a1eef497a403b0304bc389c9aee"", ""cc6408b88246f20c62884a5892a6276baf7c3920""]",0.6666666666666666,0.6666666666666666,0.6666666666666666,False,0.2857142857142857,2048,False,3
"[""docs"", ""refactor"", ""test""]","[""docs"", ""fix"", ""test""]",1.321600303053856,"[""12257ce53f94dc902df4ba087de90f52d2840ad4"", ""2b1ad9d10fc5685ec75f362a73229569f03344ca"", ""6c7398993bc567ec84e4573b6ededbf50b1ef606""]",0.6666666666666666,0.6666666666666666,0.6666666666666666,False,0.2857142857142857,2048,False,3
"[""build"", ""ci"", ""docs""]","[""build"", ""ci"", ""refactor""]",1.1217034789733589,"[""b7e38fb62aa6e8a30d72dec063b1adccd089d0aa"", ""6f5b1103c0893d13b42f1f7c6504c9c339840be3"", ""3550066c886bf253df376f303a60ed475ac42aaa""]",0.6666666666666666,0.6666666666666666,0.6666666666666666,False,0.2857142857142857,2048,False,3
"[""feat"", ""build""]","[""build"", ""feat"", ""refactor""]",1.2609143378213048,"[""b7e38fb62aa6e8a30d72dec063b1adccd089d0aa"", ""73211952964a79d97b434dd567e6d7d34be7feb5"", ""8da0303bc02db5fe047cfc0631a9da41d9dc60f7""]",1.0,0.6666666666666666,0.8,False,0.1428571428571428,2048,False,3
"[""feat"", ""docs"", ""test"", ""build""]","[""ci"", ""feat"", ""test""]",1.4786319830454886,"[""bda1822851d9be04f0d39f2213d1e2066eb115c8"", ""988dda23984894cea097d64646196e8d6196d6b6"", ""90a48c74f6faa0829d3809f739a42c0133e63ae0""]",0.5,0.6666666666666666,0.5714285714285715,False,0.4285714285714285,2048,False,3
"[""build"", ""docs"", ""fix""]","[""build"", ""docs"", ""fix""]",1.2376381531357763,"[""ecc481f9f501aa34b41e06e7bbdde6e79f8ca1bb"", ""144388439d64e049cbed4e37659e819856d6987f"", ""45b386aa3f06bce06f5e03fbde0aa52c4051c8bc""]",1.0,1.0,1.0,True,0.0,2048,False,3
"[""docs"", ""fix"", ""test""]","[""docs"", ""fix"", ""test""]",1.190814706031233,"[""af5ec2005504bbd836a54bfb2df0b7f6cf15f314"", ""f9f309d1f4ef1917a89e867e6ba4c3f8d5b24d48"", ""3c812f916e06a53b899e9e3dd79760b475fa4b87""]",1.0,1.0,1.0,True,0.0,2048,False,3
"[""ci"", ""build"", ""test"", ""refactor""]","[""ci"", ""feat"", ""refactor""]",1.523947793059051,"[""be44bbdeb52c6025e81c99528ed7b0d932c5be18"", ""3730075261bc81df68f9d10f12a2d6bbffd8493c"", ""0e4ede620dd9a2cdc13ab9cc6da05577b39fddb8""]",0.5,0.6666666666666666,0.5714285714285715,False,0.4285714285714285,2048,False,3
"[""build"", ""docs"", ""refactor""]","[""build"", ""docs"", ""fix""]",1.4850461389869452,"[""ecc481f9f501aa34b41e06e7bbdde6e79f8ca1bb"", ""ee7cc5d5a940fba774e715b1f029c6361110b108"", ""cc6408b88246f20c62884a5892a6276baf7c3920""]",0.6666666666666666,0.6666666666666666,0.6666666666666666,False,0.2857142857142857,2048,False,3
"[""docs"", ""test"", ""refactor""]","[""feat"", ""refactor"", ""test""]",1.3165933932177722,"[""a84d6715a4df12cc0ee9aa6f2596ce3b04353958"", ""e8a8edadc5c25d6410462b89a48e0602e0cbbc7f"", ""e77f6751182595fe08940d67e11a90416c8dd6fd""]",0.6666666666666666,0.6666666666666666,0.6666666666666666,False,0.2857142857142857,2048,False,3
"[""ci"", ""docs"", ""feat""]","[""ci"", ""docs"", ""feat""]",1.404889551922679,"[""200aca9f3d1253e4e28e79464da19b701aba777e"", ""2fdecc045fdb509832a758e45412c115fa03e8e8"", ""8a954673531d6935f5517535b9068639ed5cff0d""]",1.0,1.0,1.0,True,0.0,2048,False,3
"[""ci"", ""test"", ""refactor""]","[""ci"", ""fix"", ""test""]",1.2555705807171762,"[""e7ecc8763152ed6f89dbf4a6f313c276549eb0b7"", ""2b1ad9d10fc5685ec75f362a73229569f03344ca"", ""6c7398993bc567ec84e4573b6ededbf50b1ef606""]",0.6666666666666666,0.6666666666666666,0.6666666666666666,False,0.2857142857142857,2048,False,3
"[""build"", ""ci"", ""refactor""]","[""build"", ""ci"", ""refactor""]",1.4413003120571375,"[""45bbdaba1490a3216decb2c1a88b8f7041a3d505"", ""be44bbdeb52c6025e81c99528ed7b0d932c5be18"", ""0e4ede620dd9a2cdc13ab9cc6da05577b39fddb8""]",1.0,1.0,1.0,True,0.0,2048,False,3
"[""build"", ""test""]","[""build"", ""fix"", ""refactor""]",1.01330784894526,"[""37b1cbfd3d2c462ef4f2a131e4172c38dc8d9ddf"", ""9db124c65f291a1524ed2e7db1c04a7020eaed80"", ""e2b7c0ea44b9c958f66d0cbd59fec597008f4793""]",0.5,0.3333333333333333,0.4,False,0.4285714285714285,2048,False,3
"[""docs"", ""ci"", ""test""]","[""docs"", ""feat"", ""test""]",1.2062143464572728,"[""6ffb9ffff014c8184f6c84a02854e348f2679636"", ""ebaa20ea3f02e25f78c52cae208017a898cb6c13"", ""3c812f916e06a53b899e9e3dd79760b475fa4b87""]",0.6666666666666666,0.6666666666666666,0.6666666666666666,False,0.2857142857142857,2048,False,3
"[""ci"", ""docs"", ""refactor""]","[""ci"", ""docs"", ""fix""]",1.1918006571941078,"[""cb5634329ca9f3eaa72bb3dede79913ca8283b1b"", ""2b01808ec86fe9d8b4a93141a1b7f95e11fd6010"", ""2b1ad9d10fc5685ec75f362a73229569f03344ca""]",0.6666666666666666,0.6666666666666666,0.6666666666666666,False,0.2857142857142857,2048,False,3
"[""ci"", ""test""]","[""build"", ""refactor"", ""test""]",1.1657709069550035,"[""e0a977b2d316e7612b5d72cb02cd7d78e75dbc55"", ""72e3eed599b3a3dd154575af344ac3e5c62dd07b"", ""e77f6751182595fe08940d67e11a90416c8dd6fd""]",0.5,0.3333333333333333,0.4,False,0.4285714285714285,2048,False,3
"[""build"", ""test"", ""refactor""]","[""build"", ""feat"", ""fix""]",1.4011745271272955,"[""45bbdaba1490a3216decb2c1a88b8f7041a3d505"", ""3730075261bc81df68f9d10f12a2d6bbffd8493c"", ""ccd1946a375e2ac10c3c591b04a435c4bc5170c2""]",0.3333333333333333,0.3333333333333333,0.3333333333333333,False,0.5714285714285714,2048,False,3
"[""ci"", ""build"", ""refactor"", ""test""]","[""ci"", ""refactor"", ""test""]",1.5166023359633982,"[""be44bbdeb52c6025e81c99528ed7b0d932c5be18"", ""0e4ede620dd9a2cdc13ab9cc6da05577b39fddb8"", ""076b9f5efc109b481074a81957e24ce9f4a69f08""]",0.75,1.0,0.8571428571428571,False,0.1428571428571428,2048,False,3
"[""feat"", ""fix"", ""refactor"", ""docs"", ""test"", ""ci"", ""build""]","[""docs"", ""feat"", ""refactor""]",1.8654077709652483,"[""9849430b11b92ae58d94cfe4d0b06313c7eab550"", ""73211952964a79d97b434dd567e6d7d34be7feb5"", ""adc34a26803e2b02df0ddc0739d73cd0b6216e00""]",0.4285714285714285,1.0,0.6,False,0.5714285714285714,2048,False,3
"[""refactor"", ""docs""]","[""docs"", ""feat"", ""fix""]",1.1712448480539024,"[""036a0ff49a7dade0e04c9c07071a1ff49133ee24"", ""4a4c7afca7e1beadd4b213214074fdb420eb0923"", ""a81bbb83d64867f08c4d1be10919ef6806a1bf51""]",0.5,0.3333333333333333,0.4,False,0.4285714285714285,2048,False,3
"[""build"", ""ci"", ""refactor""]","[""build"", ""ci"", ""test""]",1.3266517180018127,"[""45bbdaba1490a3216decb2c1a88b8f7041a3d505"", ""be44bbdeb52c6025e81c99528ed7b0d932c5be18"", ""076b9f5efc109b481074a81957e24ce9f4a69f08""]",0.6666666666666666,0.6666666666666666,0.6666666666666666,False,0.2857142857142857,2048,False,3
"[""ci"", ""test"", ""docs"", ""refactor""]","[""ci"", ""docs"", ""fix""]",1.3647014871239662,"[""d03e345c52d1e66fe51395c701bef1c6dc3a54c0"", ""3f0ae7cf819776124d7aae792800fb9730a593a9"", ""2b1ad9d10fc5685ec75f362a73229569f03344ca""]",0.5,0.6666666666666666,0.5714285714285715,False,0.4285714285714285,2048,False,3
"[""feat"", ""build"", ""test""]","[""build"", ""feat"", ""test""]",1.1160495760850608,"[""37b1cbfd3d2c462ef4f2a131e4172c38dc8d9ddf"", ""542f0cad5337de15428f0b6567ce4efd20a19a48"", ""422940e3d7ef6850acda0be349865d737476dd10""]",1.0,1.0,1.0,True,0.0,2048,False,3
"[""refactor"", ""docs"", ""test""]","[""docs"", ""feat"", ""refactor""]",1.5474506728351116,"[""0105a4ee47706d9b3aa8f22d0a75585a498731ec"", ""3709e392924aba3542514ce35bd681adca39e8ac"", ""cd7e8c3d3549ea05115b3f02586eeba894d86906""]",0.6666666666666666,0.6666666666666666,0.6666666666666666,False,0.2857142857142857,2048,False,3
"[""test""]","[""fix"", ""refactor"", ""test""]",1.0820590616203845,"[""974e033a3ca7484290a04201ee33856a25da0942"", ""1918d339b8e3738df83d73e1decb31b5209ee8db"", ""69a394e7ff6243457685a28911b79e47f981278c""]",1.0,0.3333333333333333,0.5,False,0.2857142857142857,2048,False,3
"[""build"", ""fix"", ""refactor""]","[""build"", ""ci"", ""fix""]",1.3999577513895929,"[""bfe32bf10e9b6d699f694fbd095af0b3f2e6275f"", ""bda1822851d9be04f0d39f2213d1e2066eb115c8"", ""80242b34468398e835e5b3fc5ac345dbae4bcc7e""]",0.6666666666666666,0.6666666666666666,0.6666666666666666,False,0.2857142857142857,2048,False,3
"[""docs"", ""feat"", ""refactor""]","[""docs"", ""feat"", ""refactor""]",1.381990844849497,"[""01e536c6eb273f533ac7bb1a51c4954128de2c63"", ""15b8e4bc9349ce017f65e10b95cae48b0aa11828"", ""e8a8edadc5c25d6410462b89a48e0602e0cbbc7f""]",1.0,1.0,1.0,True,0.0,2048,False,3
"[""build"", ""ci"", ""test""]","[""build"", ""ci"", ""test""]",1.0331669580191374,"[""b7e38fb62aa6e8a30d72dec063b1adccd089d0aa"", ""6f5b1103c0893d13b42f1f7c6504c9c339840be3"", ""625cbbca0d92b8756eac6fcacc795d90527d8975""]",1.0,1.0,1.0,True,0.0,2048,False,3
"[""feat"", ""fix"", ""refactor"", ""docs"", ""test"", ""ci"", ""build""]","[""build"", ""feat"", ""fix""]",2.090607802849263,"[""bfe32bf10e9b6d699f694fbd095af0b3f2e6275f"", ""ecf865f2fef03093adedf065d1732b2386a0df40"", ""238ba1990ea68eb64bdfc6b31efebad2acb01ad6""]",0.4285714285714285,1.0,0.6,False,0.5714285714285714,2048,False,3
"[""docs"", ""refactor"", ""test""]","[""docs"", ""refactor"", ""test""]",1.3231958616524937,"[""01e1e33f377934099a4a725fab5cd6c5ff50eaa2"", ""adc34a26803e2b02df0ddc0739d73cd0b6216e00"", ""625cbbca0d92b8756eac6fcacc795d90527d8975""]",1.0,1.0,1.0,True,0.0,2048,False,3
"[""ci"", ""docs"", ""build"", ""refactor""]","[""ci"", ""docs"", ""test""]",1.3957423432730138,"[""be44bbdeb52c6025e81c99528ed7b0d932c5be18"", ""b8a664c1b10f4e30a3e221a14211a3cdaf90b7f4"", ""076b9f5efc109b481074a81957e24ce9f4a69f08""]",0.5,0.6666666666666666,0.5714285714285715,False,0.4285714285714285,2048,False,3
"[""build"", ""ci"", ""test""]","[""build"", ""ci"", ""feat""]",1.3971099192276597,"[""45bbdaba1490a3216decb2c1a88b8f7041a3d505"", ""be44bbdeb52c6025e81c99528ed7b0d932c5be18"", ""3730075261bc81df68f9d10f12a2d6bbffd8493c""]",0.6666666666666666,0.6666666666666666,0.6666666666666666,False,0.2857142857142857,2048,False,3
"[""fix"", ""test"", ""build""]","[""fix"", ""refactor"", ""test""]",1.467442818917334,"[""238ba1990ea68eb64bdfc6b31efebad2acb01ad6"", ""d4d8bdd3a0a5cec993735abc2e8cc2feff8eae27"", ""cd2bfb9b2298e8cd91013808547b35a9c40f46f1""]",0.6666666666666666,0.6666666666666666,0.6666666666666666,False,0.2857142857142857,2048,False,3
"[""docs"", ""refactor"", ""build""]","[""docs"", ""fix"", ""refactor""]",1.4029914010316131,"[""16124286236edf03a6199720ba1629a35e3fe1aa"", ""ccd1946a375e2ac10c3c591b04a435c4bc5170c2"", ""0e4ede620dd9a2cdc13ab9cc6da05577b39fddb8""]",0.6666666666666666,0.6666666666666666,0.6666666666666666,False,0.2857142857142857,2048,False,3
"[""feat"", ""build"", ""ci""]","[""build"", ""ci"", ""feat""]",1.2316284351982176,"[""b7e38fb62aa6e8a30d72dec063b1adccd089d0aa"", ""6f5b1103c0893d13b42f1f7c6504c9c339840be3"", ""73211952964a79d97b434dd567e6d7d34be7feb5""]",1.0,1.0,1.0,True,0.0,2048,False,3
"[""docs"", ""feat"", ""test""]","[""docs"", ""feat"", ""test""]",1.4402614538557827,"[""8dfd2af29bf784b242992ee9ec0fbc85753b063c"", ""8a954673531d6935f5517535b9068639ed5cff0d"", ""6c7398993bc567ec84e4573b6ededbf50b1ef606""]",1.0,1.0,1.0,True,0.0,2048,False,3
"[""build"", ""ci"", ""refactor""]","[""build"", ""ci"", ""fix""]",1.3391093532554803,"[""45bbdaba1490a3216decb2c1a88b8f7041a3d505"", ""be44bbdeb52c6025e81c99528ed7b0d932c5be18"", ""ccd1946a375e2ac10c3c591b04a435c4bc5170c2""]",0.6666666666666666,0.6666666666666666,0.6666666666666666,False,0.2857142857142857,2048,False,3
"[""build"", ""feat""]","[""build"", ""feat"", ""refactor""]",1.0523943770676851,"[""0f38960851ac0fd159727d5dffb36f50268eec18"", ""1ae8bf1195b197daa80ba6e45360f8b894364cd4"", ""336b25f3ae9da5d972304662fcdb88f4719c721d""]",1.0,0.6666666666666666,0.8,False,0.1428571428571428,2048,False,3
"[""ci"", ""docs"", ""refactor""]","[""ci"", ""docs"", ""refactor""]",1.380795136094093,"[""6f5b1103c0893d13b42f1f7c6504c9c339840be3"", ""eb51316cdfdc7258d287ba13b67ef2f42bd2b8f6"", ""d357640fab55e5964fe83efc3c771e53aa3222fd""]",1.0,1.0,1.0,True,0.0,2048,False,3
"[""ci"", ""fix"", ""test""]","[""feat"", ""fix"", ""test""]",1.1869193310849369,"[""ebaa20ea3f02e25f78c52cae208017a898cb6c13"", ""dc50bd35462a49058c91a939fc8830ae7a9eb692"", ""3c812f916e06a53b899e9e3dd79760b475fa4b87""]",0.6666666666666666,0.6666666666666666,0.6666666666666666,False,0.2857142857142857,2048,False,3
"[""build"", ""docs"", ""fix""]","[""build"", ""docs"", ""refactor""]",1.2778108296915889,"[""0f38960851ac0fd159727d5dffb36f50268eec18"", ""dfab97842fe78fb8f217a5185fb6ec92682a53ca"", ""f85974761be11e0ecc85575bc4b6d5a02e438fd2""]",0.6666666666666666,0.6666666666666666,0.6666666666666666,False,0.2857142857142857,2048,False,3
"[""ci"", ""feat"", ""test""]","[""ci"", ""fix"", ""test""]",1.2064857077784836,"[""8d2e23bde626eaed6e5b13384cc7ac38bab5ea66"", ""f9d9f859240c6f7e78b0303ea40e46622d42bc3c"", ""cdbc37711fa9c64b2cfa767766ca55c95c1736f7""]",0.6666666666666666,0.6666666666666666,0.6666666666666666,False,0.2857142857142857,2048,False,3
"[""build"", ""fix"", ""test""]","[""build"", ""fix"", ""test""]",1.1254991400055587,"[""b7e38fb62aa6e8a30d72dec063b1adccd089d0aa"", ""be2cbd9480fcbd60c3011ca57f1d761185cf52bd"", ""625cbbca0d92b8756eac6fcacc795d90527d8975""]",1.0,1.0,1.0,True,0.0,2048,False,3
"[""feat"", ""docs"", ""test""]","[""ci"", ""feat"", ""refactor""]",1.2367100631818175,"[""bda1822851d9be04f0d39f2213d1e2066eb115c8"", ""9114362b39f5194209cd0b330af7076333f3db77"", ""fba4326c72fc22d81aba6976a9fef1e4b6154fd9""]",0.3333333333333333,0.3333333333333333,0.3333333333333333,False,0.5714285714285714,2048,False,3
"[""ci"", ""docs"", ""refactor"", ""feat""]","[""ci"", ""docs"", ""feat""]",1.4610644481144843,"[""8d2e23bde626eaed6e5b13384cc7ac38bab5ea66"", ""527e0abd0f88cb3ae2dc1a6ec7a62c241250444d"", ""bbb6ee10de824f2e3259576ac01768640c884279""]",0.75,1.0,0.8571428571428571,False,0.1428571428571428,2048,False,3
"[""docs"", ""fix"", ""refactor"", ""test""]","[""docs"", ""refactor"", ""test""]",1.5209876960143447,"[""e9358fb4955396bfc3340418c77cbce4fa6123ee"", ""eb8a8d3fc493ff8a20b19c9efac8f112ae9f5762"", ""4464cf5e89d5e570c20267d09fb1fa2b7ef66b93""]",0.75,1.0,0.8571428571428571,False,0.1428571428571428,2048,False,3
"[""build"", ""ci"", ""fix""]","[""build"", ""ci"", ""fix""]",1.004368978086859,"[""b7e38fb62aa6e8a30d72dec063b1adccd089d0aa"", ""6f5b1103c0893d13b42f1f7c6504c9c339840be3"", ""be2cbd9480fcbd60c3011ca57f1d761185cf52bd""]",1.0,1.0,1.0,True,0.0,2048,False,3
"[""feat"", ""fix"", ""refactor"", ""docs"", ""test"", ""ci"", ""build""]","[""docs"", ""feat"", ""refactor""]",2.085145200137049,"[""e9358fb4955396bfc3340418c77cbce4fa6123ee"", ""3709e392924aba3542514ce35bd681adca39e8ac"", ""cd7e8c3d3549ea05115b3f02586eeba894d86906""]",0.4285714285714285,1.0,0.6,False,0.5714285714285714,2048,False,3
"[""build"", ""test""]","[""build"", ""fix"", ""test""]",1.2153155547566712,"[""4ab28fc2e63e975a0c77e18ae644f34fa5f8771a"", ""b131f5d67076b97b3186c820760df839bf796ad5"", ""2a7c6f5c0b1c966d6a5d103de1978a61c141648a""]",1.0,0.6666666666666666,0.8,False,0.1428571428571428,2048,False,3
"[""docs"", ""test"", ""refactor""]","[""docs"", ""feat"", ""refactor""]",1.4418718446977437,"[""b8a664c1b10f4e30a3e221a14211a3cdaf90b7f4"", ""3730075261bc81df68f9d10f12a2d6bbffd8493c"", ""0e4ede620dd9a2cdc13ab9cc6da05577b39fddb8""]",0.6666666666666666,0.6666666666666666,0.6666666666666666,False,0.2857142857142857,2048,False,3
"[""ci"", ""test"", ""refactor""]","[""build"", ""fix"", ""test""]",1.1627336232922971,"[""37b1cbfd3d2c462ef4f2a131e4172c38dc8d9ddf"", ""c1d3b58fd20995b1b9ca4e6771e3fa375242b02d"", ""82c47c7165a28f311cd40e132a6c24f6a7c82d4b""]",0.3333333333333333,0.3333333333333333,0.3333333333333333,False,0.5714285714285714,2048,False,3
"[""feat"", ""build"", ""docs"", ""refactor""]","[""ci"", ""feat"", ""refactor""]",1.4863431160338223,"[""bda1822851d9be04f0d39f2213d1e2066eb115c8"", ""9114362b39f5194209cd0b330af7076333f3db77"", ""d4d8bdd3a0a5cec993735abc2e8cc2feff8eae27""]",0.5,0.6666666666666666,0.5714285714285715,False,0.4285714285714285,2048,False,3
"[""feat"", ""fix"", ""refactor"", ""docs"", ""test"", ""ci"", ""build""]","[""build"", ""docs"", ""fix""]",1.7780641308054328,"[""2d4d735d94386f5045e3b3abc022c2edcdfaef8f"", ""cc553ae68766395e9f253379ddd7cf664d7befa1"", ""eb9f7b24364e86d7bcf50bb23b62c743cf5526f6""]",0.4285714285714285,1.0,0.6,False,0.5714285714285714,2048,False,3
"[""ci"", ""docs"", ""test""]","[""ci"", ""docs"", ""test""]",1.396206296980381,"[""87d576e936e234d0429ad753267a2760c5dfd314"", ""2fdecc045fdb509832a758e45412c115fa03e8e8"", ""6c7398993bc567ec84e4573b6ededbf50b1ef606""]",1.0,1.0,1.0,True,0.0,2048,False,3
"[""build""]","[""build"", ""ci"", ""test""]",1.0804147277958691,"[""454003841aabeb74396d73541378bfa59c75b5db"", ""bda1822851d9be04f0d39f2213d1e2066eb115c8"", ""cd2bfb9b2298e8cd91013808547b35a9c40f46f1""]",1.0,0.3333333333333333,0.5,False,0.2857142857142857,2048,False,3
"[""feat"", ""fix"", ""refactor"", ""docs"", ""test"", ""ci"", ""build""]","[""feat"", ""fix"", ""refactor""]",1.949722555000335,"[""482442ecc1aaf981895a36c367abbd377fd93891"", ""80242b34468398e835e5b3fc5ac345dbae4bcc7e"", ""fba4326c72fc22d81aba6976a9fef1e4b6154fd9""]",0.4285714285714285,1.0,0.6,False,0.5714285714285714,2048,False,3
"[""feat"", ""fix"", ""refactor"", ""docs"", ""test"", ""ci"", ""build""]","[""build"", ""fix"", ""refactor"", ""test""]",1.99181524803862,"[""45bbdaba1490a3216decb2c1a88b8f7041a3d505"", ""ccd1946a375e2ac10c3c591b04a435c4bc5170c2"", ""0e4ede620dd9a2cdc13ab9cc6da05577b39fddb8"", ""076b9f5efc109b481074a81957e24ce9f4a69f08""]",0.5714285714285714,1.0,0.7272727272727273,False,0.4285714285714285,2048,False,4
"[""ci"", ""docs"", ""feat"", ""refactor""]","[""ci"", ""docs"", ""feat"", ""refactor""]",1.4499966888688505,"[""6f5b1103c0893d13b42f1f7c6504c9c339840be3"", ""01e1e33f377934099a4a725fab5cd6c5ff50eaa2"", ""73211952964a79d97b434dd567e6d7d34be7feb5"", ""7d6f760a91b55967972bbd1b972307624e876805""]",1.0,1.0,1.0,True,0.0,2048,False,4
"[""build"", ""ci"", ""docs"", ""refactor""]","[""build"", ""ci"", ""docs"", ""test""]",1.614338623825461,"[""45bbdaba1490a3216decb2c1a88b8f7041a3d505"", ""be44bbdeb52c6025e81c99528ed7b0d932c5be18"", ""16124286236edf03a6199720ba1629a35e3fe1aa"", ""076b9f5efc109b481074a81957e24ce9f4a69f08""]",0.75,0.75,0.75,False,0.2857142857142857,2048,False,4
"[""docs"", ""test"", ""fix""]","[""feat"", ""fix"", ""refactor"", ""test""]",1.305854822974652,"[""a84d6715a4df12cc0ee9aa6f2596ce3b04353958"", ""6849b9066f5d95b9e54c67046cfa136cf0d88b27"", ""3e0e30ecebaf23f0c36fa4811426f8f4e0057cfe"", ""e77f6751182595fe08940d67e11a90416c8dd6fd""]",0.6666666666666666,0.5,0.5714285714285715,False,0.4285714285714285,2048,False,4
"[""feat"", ""build"", ""ci"", ""fix"", ""refactor""]","[""build"", ""ci"", ""feat"", ""fix""]",1.630568522028625,"[""b8dfd5a2f39b4768cf070aeb9d09364577c626f9"", ""bda1822851d9be04f0d39f2213d1e2066eb115c8"", ""6f0cf049caa1a7982669ee685e86621452686551"", ""80242b34468398e835e5b3fc5ac345dbae4bcc7e""]",0.8,1.0,0.888888888888889,False,0.1428571428571428,2048,False,4
"[""ci"", ""docs"", ""test"", ""build"", ""refactor""]","[""ci"", ""docs"", ""feat"", ""test""]",1.6733483830466866,"[""be44bbdeb52c6025e81c99528ed7b0d932c5be18"", ""b8a664c1b10f4e30a3e221a14211a3cdaf90b7f4"", ""3730075261bc81df68f9d10f12a2d6bbffd8493c"", ""076b9f5efc109b481074a81957e24ce9f4a69f08""]",0.6,0.75,0.6666666666666665,False,0.4285714285714285,2048,False,4
"[""build"", ""docs"", ""refactor""]","[""build"", ""docs"", ""fix"", ""refactor""]",1.398116467986256,"[""1ad3f41f28d2faa5229ee88b54d673275cc31036"", ""cc553ae68766395e9f253379ddd7cf664d7befa1"", ""6849b9066f5d95b9e54c67046cfa136cf0d88b27"", ""e8a8edadc5c25d6410462b89a48e0602e0cbbc7f""]",1.0,0.75,0.8571428571428571,False,0.1428571428571428,2048,False,4
"[""build"", ""ci"", ""docs"", ""refactor""]","[""build"", ""ci"", ""docs"", ""refactor""]",1.4848829228430986,"[""b7e38fb62aa6e8a30d72dec063b1adccd089d0aa"", ""6f5b1103c0893d13b42f1f7c6504c9c339840be3"", ""01e1e33f377934099a4a725fab5cd6c5ff50eaa2"", ""86f3e3397594f8312226c5a193608a054087805c""]",1.0,1.0,1.0,True,0.0,2048,False,4
"[""ci"", ""feat"", ""test"", ""fix""]","[""ci"", ""feat"", ""fix"", ""test""]",1.5418239631690085,"[""bda1822851d9be04f0d39f2213d1e2066eb115c8"", ""482442ecc1aaf981895a36c367abbd377fd93891"", ""238ba1990ea68eb64bdfc6b31efebad2acb01ad6"", ""b7e2330fa3a8d7b8a9bff01b707c44e64b845c7b""]",1.0,1.0,1.0,True,0.0,2048,False,4
"[""feat"", ""fix"", ""refactor"", ""docs"", ""test"", ""ci"", ""build""]","[""build"", ""docs"", ""feat"", ""refactor""]",1.9914565850049255,"[""b0866f62417f56bdd5a46e8f14278af79efc4d76"", ""fc9af4d0b93d69be4e201ffb18da04324e8a4a87"", ""a84d6715a4df12cc0ee9aa6f2596ce3b04353958"", ""3e0e30ecebaf23f0c36fa4811426f8f4e0057cfe""]",0.5714285714285714,1.0,0.7272727272727273,False,0.4285714285714285,2048,False,4
"[""feat"", ""build"", ""test""]","[""build"", ""feat"", ""fix"", ""test""]",1.4939465238712728,"[""ecc481f9f501aa34b41e06e7bbdde6e79f8ca1bb"", ""8b9176b44bb01a1eef497a403b0304bc389c9aee"", ""cc6408b88246f20c62884a5892a6276baf7c3920"", ""87427fe39d165bee2acedde8dbaa237cca3fb61e""]",1.0,0.75,0.8571428571428571,False,0.1428571428571428,2048,False,4
"[""ci"", ""refactor"", ""test""]","[""ci"", ""fix"", ""refactor"", ""test""]",1.3807531157508492,"[""492a7ff9c3ecdc558759f09d836830e988a189d2"", ""2b1ad9d10fc5685ec75f362a73229569f03344ca"", ""d55088c612b1108ef566ec47e40fb8d1050f7451"", ""6c7398993bc567ec84e4573b6ededbf50b1ef606""]",1.0,0.75,0.8571428571428571,False,0.1428571428571428,2048,False,4
"[""ci"", ""docs"", ""refactor"", ""test""]","[""ci"", ""docs"", ""refactor"", ""test""]",1.3661558260209858,"[""200aca9f3d1253e4e28e79464da19b701aba777e"", ""7f611e4208d0cc36c635eb0641a4b3258999ae8d"", ""8f1034b79f894b4b1112a4bc1903f37f22f7f5ed"", ""6c7398993bc567ec84e4573b6ededbf50b1ef606""]",1.0,1.0,1.0,True,0.0,2048,False,4
"[""build"", ""docs"", ""test""]","[""build"", ""docs"", ""feat"", ""fix""]",1.3966860701330006,"[""45bbdaba1490a3216decb2c1a88b8f7041a3d505"", ""b8a664c1b10f4e30a3e221a14211a3cdaf90b7f4"", ""3730075261bc81df68f9d10f12a2d6bbffd8493c"", ""ccd1946a375e2ac10c3c591b04a435c4bc5170c2""]",0.6666666666666666,0.5,0.5714285714285715,False,0.4285714285714285,2048,False,4
"[""build"", ""docs"", ""fix"", ""test""]","[""build"", ""docs"", ""fix"", ""test""]",1.4910172261297705,"[""ecc481f9f501aa34b41e06e7bbdde6e79f8ca1bb"", ""144388439d64e049cbed4e37659e819856d6987f"", ""45b386aa3f06bce06f5e03fbde0aa52c4051c8bc"", ""3c04162664b130c9486cba54afc16b6e57c779d1""]",1.0,1.0,1.0,True,0.0,2048,False,4
"[""ci"", ""feat"", ""refactor"", ""test""]","[""ci"", ""feat"", ""refactor"", ""test""]",1.486061715055257,"[""6f5b1103c0893d13b42f1f7c6504c9c339840be3"", ""73211952964a79d97b434dd567e6d7d34be7feb5"", ""86f3e3397594f8312226c5a193608a054087805c"", ""625cbbca0d92b8756eac6fcacc795d90527d8975""]",1.0,1.0,1.0,True,0.0,2048,False,4
"[""build"", ""feat"", ""refactor"", ""test""]","[""build"", ""docs"", ""feat"", ""refactor""]",1.387543968856335,"[""b7e38fb62aa6e8a30d72dec063b1adccd089d0aa"", ""9849430b11b92ae58d94cfe4d0b06313c7eab550"", ""73211952964a79d97b434dd567e6d7d34be7feb5"", ""adc34a26803e2b02df0ddc0739d73cd0b6216e00""]",0.75,0.75,0.75,False,0.2857142857142857,2048,False,4
"[""feat"", ""fix"", ""refactor"", ""docs"", ""test"", ""ci"", ""build""]","[""build"", ""ci"", ""fix"", ""refactor""]",1.9868843196891248,"[""bfe32bf10e9b6d699f694fbd095af0b3f2e6275f"", ""bda1822851d9be04f0d39f2213d1e2066eb115c8"", ""238ba1990ea68eb64bdfc6b31efebad2acb01ad6"", ""d4d8bdd3a0a5cec993735abc2e8cc2feff8eae27""]",0.5714285714285714,1.0,0.7272727272727273,False,0.4285714285714285,2048,False,4
"[""ci"", ""docs"", ""refactor"", ""build""]","[""ci"", ""docs"", ""fix"", ""test""]",1.4850659277290106,"[""be44bbdeb52c6025e81c99528ed7b0d932c5be18"", ""b8a664c1b10f4e30a3e221a14211a3cdaf90b7f4"", ""ccd1946a375e2ac10c3c591b04a435c4bc5170c2"", ""076b9f5efc109b481074a81957e24ce9f4a69f08""]",0.5,0.5,0.5,False,0.5714285714285714,2048,False,4
"[""build"", ""feat"", ""refactor""]","[""build"", ""docs"", ""feat"", ""refactor""]",1.383762659970671,"[""b7e38fb62aa6e8a30d72dec063b1adccd089d0aa"", ""9849430b11b92ae58d94cfe4d0b06313c7eab550"", ""73211952964a79d97b434dd567e6d7d34be7feb5"", ""eafee3c5c124ce0c71fd854270cea39cc273b27c""]",1.0,0.75,0.8571428571428571,False,0.1428571428571428,2048,False,4
"[""feat"", ""test"", ""ci"", ""refactor""]","[""ci"", ""feat"", ""fix"", ""test""]",1.5150653161108494,"[""492a7ff9c3ecdc558759f09d836830e988a189d2"", ""8a954673531d6935f5517535b9068639ed5cff0d"", ""2b1ad9d10fc5685ec75f362a73229569f03344ca"", ""6c7398993bc567ec84e4573b6ededbf50b1ef606""]",0.75,0.75,0.75,False,0.2857142857142857,2048,False,4
"[""ci"", ""feat"", ""fix"", ""test""]","[""ci"", ""feat"", ""refactor"", ""test""]",1.3443425931036472,"[""2e65145acb5a3d20d16203142c466da0e32729ba"", ""8a954673531d6935f5517535b9068639ed5cff0d"", ""8f1034b79f894b4b1112a4bc1903f37f22f7f5ed"", ""6c7398993bc567ec84e4573b6ededbf50b1ef606""]",0.75,0.75,0.75,False,0.2857142857142857,2048,False,4
"[""build"", ""docs"", ""fix""]","[""build"", ""docs"", ""fix"", ""refactor""]",1.2363665560260415,"[""b7e38fb62aa6e8a30d72dec063b1adccd089d0aa"", ""eb51316cdfdc7258d287ba13b67ef2f42bd2b8f6"", ""be2cbd9480fcbd60c3011ca57f1d761185cf52bd"", ""7f797e68d8f721dff9553ba0ba5616efc456ebb5""]",1.0,0.75,0.8571428571428571,False,0.1428571428571428,2048,False,4
"[""feat"", ""fix"", ""test"", ""build"", ""docs""]","[""build"", ""ci"", ""feat"", ""test""]",1.4927787012420597,"[""b8dfd5a2f39b4768cf070aeb9d09364577c626f9"", ""bda1822851d9be04f0d39f2213d1e2066eb115c8"", ""988dda23984894cea097d64646196e8d6196d6b6"", ""7c48976f943e1e9b5850967b6f2963a205476ded""]",0.6,0.75,0.6666666666666665,False,0.4285714285714285,2048,False,4
"[""docs"", ""ci"", ""fix"", ""refactor""]","[""docs"", ""feat"", ""fix"", ""refactor""]",1.6148956893011928,"[""3a4e21c36d76b4bea8dbb365d3c3bd005a7f3f8f"", ""ebaa20ea3f02e25f78c52cae208017a898cb6c13"", ""d129eaf9125a967ac86c6c7276bbae6b4d50af36"", ""8a9a022baa15befc325f87892c6bdae25b35bc33""]",0.75,0.75,0.75,False,0.2857142857142857,2048,False,4
"[""build"", ""ci"", ""docs"", ""refactor""]","[""build"", ""ci"", ""docs"", ""test""]",1.5368240852840245,"[""45bbdaba1490a3216decb2c1a88b8f7041a3d505"", ""be44bbdeb52c6025e81c99528ed7b0d932c5be18"", ""b8a664c1b10f4e30a3e221a14211a3cdaf90b7f4"", ""076b9f5efc109b481074a81957e24ce9f4a69f08""]",0.75,0.75,0.75,False,0.2857142857142857,2048,False,4
"[""docs"", ""build"", ""ci"", ""refactor""]","[""build"", ""ci"", ""fix"", ""refactor""]",1.6201957846060395,"[""4542d9973a848a2bd4f9baf12992efe7d7a69f2c"", ""db55dae208e4807898e6c747cefdf9bfcb4fd08c"", ""73b8948ea1d49e05ae8c63b17926eda4cb04e9bb"", ""70a00973a07520959210219fcaba2a782d76f491""]",0.75,0.75,0.75,False,0.2857142857142857,2048,False,4
"[""docs"", ""feat"", ""refactor"", ""test""]","[""docs"", ""feat"", ""fix"", ""test""]",1.5367711442522705,"[""3f0ae7cf819776124d7aae792800fb9730a593a9"", ""8a954673531d6935f5517535b9068639ed5cff0d"", ""2b1ad9d10fc5685ec75f362a73229569f03344ca"", ""6c7398993bc567ec84e4573b6ededbf50b1ef606""]",0.75,0.75,0.75,False,0.2857142857142857,2048,False,4
"[""build"", ""test"", ""refactor""]","[""build"", ""feat"", ""fix"", ""test""]",1.4414465902373197,"[""45bbdaba1490a3216decb2c1a88b8f7041a3d505"", ""3730075261bc81df68f9d10f12a2d6bbffd8493c"", ""ccd1946a375e2ac10c3c591b04a435c4bc5170c2"", ""076b9f5efc109b481074a81957e24ce9f4a69f08""]",0.6666666666666666,0.5,0.5714285714285715,False,0.4285714285714285,2048,False,4
"[""ci"", ""feat"", ""docs"", ""fix""]","[""ci"", ""docs"", ""feat"", ""refactor""]",1.5387051808647811,"[""bb00890fa896936d0be09cc5e5f411fb5e64aa5f"", ""af82c2c910c9b5d3dd68de30c59a9e169a8934a5"", ""8a954673531d6935f5517535b9068639ed5cff0d"", ""8f1034b79f894b4b1112a4bc1903f37f22f7f5ed""]",0.75,0.75,0.75,False,0.2857142857142857,2048,False,4
"[""feat"", ""fix"", ""refactor"", ""docs"", ""test"", ""ci"", ""build""]","[""build"", ""ci"", ""refactor"", ""test""]",2.0253035998903215,"[""45bbdaba1490a3216decb2c1a88b8f7041a3d505"", ""be44bbdeb52c6025e81c99528ed7b0d932c5be18"", ""0e4ede620dd9a2cdc13ab9cc6da05577b39fddb8"", ""076b9f5efc109b481074a81957e24ce9f4a69f08""]",0.5714285714285714,1.0,0.7272727272727273,False,0.4285714285714285,2048,False,4
"[""ci"", ""docs"", ""fix"", ""test""]","[""ci"", ""docs"", ""fix"", ""test""]",1.344706301111728,"[""6f5b1103c0893d13b42f1f7c6504c9c339840be3"", ""01e1e33f377934099a4a725fab5cd6c5ff50eaa2"", ""be2cbd9480fcbd60c3011ca57f1d761185cf52bd"", ""625cbbca0d92b8756eac6fcacc795d90527d8975""]",1.0,1.0,1.0,True,0.0,2048,False,4
"[""feat"", ""fix"", ""refactor"", ""docs"", ""test"", ""ci"", ""build""]","[""build"", ""feat"", ""fix"", ""refactor""]",1.8941914257593453,"[""4ab28fc2e63e975a0c77e18ae644f34fa5f8771a"", ""d61bf50f77b404e660a6e5aa9e9bc4ce415e8c18"", ""b131f5d67076b97b3186c820760df839bf796ad5"", ""905693129255e7208ca2ec63c6e07cce711047fd""]",0.5714285714285714,1.0,0.7272727272727273,False,0.4285714285714285,2048,False,4
"[""ci"", ""docs"", ""test"", ""refactor""]","[""ci"", ""docs"", ""feat"", ""fix""]",1.5379708288237453,"[""be44bbdeb52c6025e81c99528ed7b0d932c5be18"", ""b8a664c1b10f4e30a3e221a14211a3cdaf90b7f4"", ""3730075261bc81df68f9d10f12a2d6bbffd8493c"", ""ccd1946a375e2ac10c3c591b04a435c4bc5170c2""]",0.5,0.5,0.5,False,0.5714285714285714,2048,False,4
"[""build"", ""docs"", ""refactor"", ""test""]","[""build"", ""docs"", ""refactor"", ""test""]",1.6847541499882936,"[""ecc481f9f501aa34b41e06e7bbdde6e79f8ca1bb"", ""ee7cc5d5a940fba774e715b1f029c6361110b108"", ""5748ff57ebafe94c4979eafa790d9a84812ca440"", ""3c04162664b130c9486cba54afc16b6e57c779d1""]",1.0,1.0,1.0,True,0.0,2048,False,4
"[""ci"", ""test"", ""docs"", ""refactor""]","[""build"", ""docs"", ""fix"", ""refactor""]",1.5842845342122018,"[""e0a977b2d316e7612b5d72cb02cd7d78e75dbc55"", ""01e536c6eb273f533ac7bb1a51c4954128de2c63"", ""6849b9066f5d95b9e54c67046cfa136cf0d88b27"", ""72e3eed599b3a3dd154575af344ac3e5c62dd07b""]",0.5,0.5,0.5,False,0.5714285714285714,2048,False,4
"[""feat"", ""fix"", ""refactor"", ""docs"", ""test"", ""ci"", ""build""]","[""ci"", ""feat"", ""refactor"", ""test""]",1.807595137041062,"[""bda1822851d9be04f0d39f2213d1e2066eb115c8"", ""988dda23984894cea097d64646196e8d6196d6b6"", ""d4d8bdd3a0a5cec993735abc2e8cc2feff8eae27"", ""7c48976f943e1e9b5850967b6f2963a205476ded""]",0.5714285714285714,1.0,0.7272727272727273,False,0.4285714285714285,2048,False,4
"[""feat"", ""fix"", ""refactor"", ""docs"", ""test"", ""ci"", ""build""]","[""build"", ""docs"", ""feat"", ""test""]",1.8297268613241613,"[""b0866f62417f56bdd5a46e8f14278af79efc4d76"", ""969aa32659f6918cb0eeeba6b02d6485659dbdd2"", ""a84d6715a4df12cc0ee9aa6f2596ce3b04353958"", ""e77f6751182595fe08940d67e11a90416c8dd6fd""]",0.5714285714285714,1.0,0.7272727272727273,False,0.4285714285714285,2048,False,4
"[""feat"", ""build"", ""ci""]","[""build"", ""ci"", ""feat"", ""fix""]",1.2096144021488726,"[""b7e38fb62aa6e8a30d72dec063b1adccd089d0aa"", ""6f5b1103c0893d13b42f1f7c6504c9c339840be3"", ""73211952964a79d97b434dd567e6d7d34be7feb5"", ""be2cbd9480fcbd60c3011ca57f1d761185cf52bd""]",1.0,0.75,0.8571428571428571,False,0.1428571428571428,2048,False,4
"[""docs"", ""refactor"", ""test""]","[""docs"", ""fix"", ""refactor"", ""test""]",1.4486693488433957,"[""2fdecc045fdb509832a758e45412c115fa03e8e8"", ""2b1ad9d10fc5685ec75f362a73229569f03344ca"", ""d55088c612b1108ef566ec47e40fb8d1050f7451"", ""6c7398993bc567ec84e4573b6ededbf50b1ef606""]",1.0,0.75,0.8571428571428571,False,0.1428571428571428,2048,False,4
"[""ci"", ""fix"", ""test""]","[""ci"", ""fix"", ""refactor"", ""test""]",1.145487827248871,"[""6f5b1103c0893d13b42f1f7c6504c9c339840be3"", ""be2cbd9480fcbd60c3011ca57f1d761185cf52bd"", ""7f797e68d8f721dff9553ba0ba5616efc456ebb5"", ""625cbbca0d92b8756eac6fcacc795d90527d8975""]",1.0,0.75,0.8571428571428571,False,0.1428571428571428,2048,False,4
"[""feat"", ""fix"", ""refactor"", ""docs"", ""test"", ""ci"", ""build""]","[""build"", ""ci"", ""docs"", ""feat""]",2.075335009023547,"[""45bbdaba1490a3216decb2c1a88b8f7041a3d505"", ""be44bbdeb52c6025e81c99528ed7b0d932c5be18"", ""16124286236edf03a6199720ba1629a35e3fe1aa"", ""3730075261bc81df68f9d10f12a2d6bbffd8493c""]",0.5714285714285714,1.0,0.7272727272727273,False,0.4285714285714285,2048,False,4
"[""feat"", ""fix"", ""refactor"", ""docs"", ""test"", ""ci"", ""build""]","[""feat"", ""fix"", ""refactor"", ""test""]",1.986641093157232,"[""5e09c9128f13c45d54df685b0a17dc8e3f7ff02c"", ""b131f5d67076b97b3186c820760df839bf796ad5"", ""731626ece358b9db69dceeeca91c94920b178bdd"", ""2a7c6f5c0b1c966d6a5d103de1978a61c141648a""]",0.5714285714285714,1.0,0.7272727272727273,False,0.4285714285714285,2048,False,4
"[""build"", ""ci"", ""docs"", ""feat""]","[""build"", ""ci"", ""docs"", ""feat""]",1.4411176959984004,"[""b7e38fb62aa6e8a30d72dec063b1adccd089d0aa"", ""6f5b1103c0893d13b42f1f7c6504c9c339840be3"", ""01e1e33f377934099a4a725fab5cd6c5ff50eaa2"", ""73211952964a79d97b434dd567e6d7d34be7feb5""]",1.0,1.0,1.0,True,0.0,2048,False,4
"[""ci"", ""docs"", ""test"", ""refactor""]","[""ci"", ""docs"", ""fix"", ""test""]",1.5883010802790525,"[""8fe29cdc76480adc79701e4c492ff1e87566f569"", ""8dfd2af29bf784b242992ee9ec0fbc85753b063c"", ""2b1ad9d10fc5685ec75f362a73229569f03344ca"", ""6c7398993bc567ec84e4573b6ededbf50b1ef606""]",0.75,0.75,0.75,False,0.2857142857142857,2048,False,4
"[""feat"", ""build"", ""ci"", ""refactor""]","[""build"", ""ci"", ""feat"", ""refactor""]",1.5830585337243974,"[""b8dfd5a2f39b4768cf070aeb9d09364577c626f9"", ""bda1822851d9be04f0d39f2213d1e2066eb115c8"", ""6f0cf049caa1a7982669ee685e86621452686551"", ""b98a8fed0b67b99ef4f8373aea904f847315e468""]",1.0,1.0,1.0,True,0.0,2048,False,4
"[""build"", ""fix"", ""test""]","[""build"", ""docs"", ""fix"", ""test""]",1.0910922922194004,"[""b7e38fb62aa6e8a30d72dec063b1adccd089d0aa"", ""9849430b11b92ae58d94cfe4d0b06313c7eab550"", ""be2cbd9480fcbd60c3011ca57f1d761185cf52bd"", ""625cbbca0d92b8756eac6fcacc795d90527d8975""]",1.0,0.75,0.8571428571428571,False,0.1428571428571428,2048,False,4
"[""build"", ""docs"", ""test""]","[""build"", ""docs"", ""refactor"", ""test""]",1.5372723280452192,"[""ecc481f9f501aa34b41e06e7bbdde6e79f8ca1bb"", ""ee7cc5d5a940fba774e715b1f029c6361110b108"", ""5748ff57ebafe94c4979eafa790d9a84812ca440"", ""87427fe39d165bee2acedde8dbaa237cca3fb61e""]",1.0,0.75,0.8571428571428571,False,0.1428571428571428,2048,False,4
"[""feat"", ""fix"", ""refactor"", ""docs"", ""test"", ""ci"", ""build""]","[""ci"", ""feat"", ""fix"", ""refactor""]",2.029644887894392,"[""be44bbdeb52c6025e81c99528ed7b0d932c5be18"", ""3730075261bc81df68f9d10f12a2d6bbffd8493c"", ""ccd1946a375e2ac10c3c591b04a435c4bc5170c2"", ""0e4ede620dd9a2cdc13ab9cc6da05577b39fddb8""]",0.5714285714285714,1.0,0.7272727272727273,False,0.4285714285714285,2048,False,4
"[""ci"", ""build"", ""refactor"", ""test""]","[""ci"", ""fix"", ""refactor"", ""test""]",1.5837808451615274,"[""14f535655d39847a85d0193559c9c0010357ba77"", ""2b1ad9d10fc5685ec75f362a73229569f03344ca"", ""d55088c612b1108ef566ec47e40fb8d1050f7451"", ""6c7398993bc567ec84e4573b6ededbf50b1ef606""]",0.75,0.75,0.75,False,0.2857142857142857,2048,False,4
"[""feat"", ""fix"", ""refactor"", ""docs"", ""test"", ""ci"", ""build""]","[""build"", ""docs"", ""feat"", ""test""]",2.0284459409303963,"[""f46c6c6c26a14312aa05a77ff2a14aebd74e13ac"", ""fd849bd08363df60dbc8b9b6d55bac4f5ace88f4"", ""7704121d0c0bfce49f01c2b41cbc64a642cbb399"", ""11ffd5174bd61a2939ae58d2b2d43284302ae490""]",0.5714285714285714,1.0,0.7272727272727273,False,0.4285714285714285,2048,False,4
"[""build"", ""ci"", ""feat"", ""fix"", ""test""]","[""build"", ""ci"", ""feat"", ""fix""]",1.4882899587973952,"[""454003841aabeb74396d73541378bfa59c75b5db"", ""bda1822851d9be04f0d39f2213d1e2066eb115c8"", ""ba60e126299ad057772b5516d9ab390e770f1301"", ""238ba1990ea68eb64bdfc6b31efebad2acb01ad6""]",0.8,1.0,0.888888888888889,False,0.1428571428571428,2048,False,4
"[""build"", ""docs"", ""test"", ""refactor""]","[""build"", ""docs"", ""feat"", ""refactor""]",1.679540866985917,"[""45bbdaba1490a3216decb2c1a88b8f7041a3d505"", ""16124286236edf03a6199720ba1629a35e3fe1aa"", ""3730075261bc81df68f9d10f12a2d6bbffd8493c"", ""0e4ede620dd9a2cdc13ab9cc6da05577b39fddb8""]",0.75,0.75,0.75,False,0.2857142857142857,2048,False,4
"[""docs"", ""fix"", ""test""]","[""docs"", ""fix"", ""refactor"", ""test""]",1.1874868599697948,"[""f58567e01509e53afff5dc6f3b59aaae18398eda"", ""f0c5ace9b5c5b7ea55da8607524d6cb68c615455"", ""8a9a022baa15befc325f87892c6bdae25b35bc33"", ""3c812f916e06a53b899e9e3dd79760b475fa4b87""]",1.0,0.75,0.8571428571428571,False,0.1428571428571428,2048,False,4
"[""feat"", ""fix"", ""build"", ""ci""]","[""build"", ""ci"", ""feat"", ""fix""]",1.3563051223754885,"[""b8dfd5a2f39b4768cf070aeb9d09364577c626f9"", ""bda1822851d9be04f0d39f2213d1e2066eb115c8"", ""ba60e126299ad057772b5516d9ab390e770f1301"", ""238ba1990ea68eb64bdfc6b31efebad2acb01ad6""]",1.0,1.0,1.0,True,0.0,2048,False,4
"[""ci"", ""docs"", ""refactor"", ""build""]","[""ci"", ""docs"", ""refactor"", ""test""]",1.6145039261318743,"[""be44bbdeb52c6025e81c99528ed7b0d932c5be18"", ""16124286236edf03a6199720ba1629a35e3fe1aa"", ""0e4ede620dd9a2cdc13ab9cc6da05577b39fddb8"", ""076b9f5efc109b481074a81957e24ce9f4a69f08""]",0.75,0.75,0.75,False,0.2857142857142857,2048,False,4
"[""feat"", ""fix"", ""refactor"", ""docs"", ""test"", ""ci"", ""build""]","[""build"", ""feat"", ""fix"", ""refactor""]",2.05271770991385,"[""45bbdaba1490a3216decb2c1a88b8f7041a3d505"", ""3730075261bc81df68f9d10f12a2d6bbffd8493c"", ""ccd1946a375e2ac10c3c591b04a435c4bc5170c2"", ""0e4ede620dd9a2cdc13ab9cc6da05577b39fddb8""]",0.5714285714285714,1.0,0.7272727272727273,False,0.4285714285714285,2048,False,4
"[""ci"", ""docs"", ""refactor"", ""build""]","[""ci"", ""docs"", ""fix"", ""test""]",1.543134300969541,"[""be44bbdeb52c6025e81c99528ed7b0d932c5be18"", ""16124286236edf03a6199720ba1629a35e3fe1aa"", ""ccd1946a375e2ac10c3c591b04a435c4bc5170c2"", ""076b9f5efc109b481074a81957e24ce9f4a69f08""]",0.5,0.5,0.5,False,0.5714285714285714,2048,False,4
"[""ci"", ""feat"", ""fix"", ""test""]","[""ci"", ""feat"", ""refactor"", ""test""]",1.3427098356187344,"[""4c44543a3d9eea37e90a2316717feb01c0e0d83a"", ""8a954673531d6935f5517535b9068639ed5cff0d"", ""8f1034b79f894b4b1112a4bc1903f37f22f7f5ed"", ""6c7398993bc567ec84e4573b6ededbf50b1ef606""]",0.75,0.75,0.75,False,0.2857142857142857,2048,False,4
"[""build"", ""docs"", ""refactor"", ""test""]","[""build"", ""docs"", ""refactor"", ""test""]",1.51286676293239,"[""0f38960851ac0fd159727d5dffb36f50268eec18"", ""3ee672483790ec71c700907a6e93af4698492026"", ""f5e80f75ead760ad0810e2b8579a062ac20f5f37"", ""8ee0611fbf0cd89abe7ae588f22e6ecb843598ea""]",1.0,1.0,1.0,True,0.0,2048,False,4
"[""ci"", ""feat"", ""docs"", ""fix""]","[""ci"", ""docs"", ""feat"", ""fix""]",1.328601289074868,"[""6f5b1103c0893d13b42f1f7c6504c9c339840be3"", ""9849430b11b92ae58d94cfe4d0b06313c7eab550"", ""73211952964a79d97b434dd567e6d7d34be7feb5"", ""be2cbd9480fcbd60c3011ca57f1d761185cf52bd""]",1.0,1.0,1.0,True,0.0,2048,False,4
"[""build"", ""ci"", ""test"", ""refactor""]","[""build"", ""ci"", ""feat"", ""test""]",1.6139411618933082,"[""45bbdaba1490a3216decb2c1a88b8f7041a3d505"", ""be44bbdeb52c6025e81c99528ed7b0d932c5be18"", ""3730075261bc81df68f9d10f12a2d6bbffd8493c"", ""076b9f5efc109b481074a81957e24ce9f4a69f08""]",0.75,0.75,0.75,False,0.2857142857142857,2048,False,4
"[""build"", ""docs"", ""refactor""]","[""build"", ""docs"", ""fix"", ""refactor""]",1.4420305048115551,"[""45bbdaba1490a3216decb2c1a88b8f7041a3d505"", ""b8a664c1b10f4e30a3e221a14211a3cdaf90b7f4"", ""ccd1946a375e2ac10c3c591b04a435c4bc5170c2"", ""0e4ede620dd9a2cdc13ab9cc6da05577b39fddb8""]",1.0,0.75,0.8571428571428571,False,0.1428571428571428,2048,False,4
"[""feat"", ""fix"", ""refactor"", ""docs"", ""test"", ""ci"", ""build""]","[""build"", ""feat"", ""fix"", ""refactor""]",1.953307548072189,"[""37b1cbfd3d2c462ef4f2a131e4172c38dc8d9ddf"", ""542f0cad5337de15428f0b6567ce4efd20a19a48"", ""ab1e60a97c6d5c688dacbd23bca40cb8f20c4ac3"", ""7adece9931eaef6aaf603b5567829bbdcb28f2d1""]",0.5714285714285714,1.0,0.7272727272727273,False,0.4285714285714285,2048,False,4
"[""ci"", ""docs"", ""test"", ""refactor""]","[""ci"", ""docs"", ""fix"", ""test""]",1.5272508980706334,"[""e7ecc8763152ed6f89dbf4a6f313c276549eb0b7"", ""29ace62b722bbebf20f0ed2d3fef0910e0973a5a"", ""2b1ad9d10fc5685ec75f362a73229569f03344ca"", ""6c7398993bc567ec84e4573b6ededbf50b1ef606""]",0.75,0.75,0.75,False,0.2857142857142857,2048,False,4
"[""ci"", ""feat"", ""docs"", ""test""]","[""ci"", ""feat"", ""refactor"", ""test""]",1.4433745238929987,"[""6f5b1103c0893d13b42f1f7c6504c9c339840be3"", ""73211952964a79d97b434dd567e6d7d34be7feb5"", ""24760bc2613ed61c4552532907626e209c37b5e8"", ""625cbbca0d92b8756eac6fcacc795d90527d8975""]",0.75,0.75,0.75,False,0.2857142857142857,2048,False,4
"[""build"", ""feat"", ""test""]","[""build"", ""docs"", ""feat"", ""test""]",1.2786087719723582,"[""b7e38fb62aa6e8a30d72dec063b1adccd089d0aa"", ""9849430b11b92ae58d94cfe4d0b06313c7eab550"", ""73211952964a79d97b434dd567e6d7d34be7feb5"", ""625cbbca0d92b8756eac6fcacc795d90527d8975""]",1.0,0.75,0.8571428571428571,False,0.1428571428571428,2048,False,4
"[""build"", ""ci"", ""refactor""]","[""build"", ""ci"", ""fix"", ""refactor""]",1.4823185708373785,"[""45bbdaba1490a3216decb2c1a88b8f7041a3d505"", ""be44bbdeb52c6025e81c99528ed7b0d932c5be18"", ""ccd1946a375e2ac10c3c591b04a435c4bc5170c2"", ""0e4ede620dd9a2cdc13ab9cc6da05577b39fddb8""]",1.0,0.75,0.8571428571428571,False,0.1428571428571428,2048,False,4
"[""feat"", ""fix"", ""refactor"", ""docs"", ""test"", ""ci"", ""build""]","[""build"", ""docs"", ""fix"", ""refactor""]",2.0945927053689957,"[""ecc481f9f501aa34b41e06e7bbdde6e79f8ca1bb"", ""ee7cc5d5a940fba774e715b1f029c6361110b108"", ""cc6408b88246f20c62884a5892a6276baf7c3920"", ""5748ff57ebafe94c4979eafa790d9a84812ca440""]",0.5714285714285714,1.0,0.7272727272727273,False,0.4285714285714285,2048,False,4
"[""ci"", ""docs"", ""feat"", ""test""]","[""ci"", ""docs"", ""feat"", ""test""]",1.371255834121257,"[""6f5b1103c0893d13b42f1f7c6504c9c339840be3"", ""9849430b11b92ae58d94cfe4d0b06313c7eab550"", ""73211952964a79d97b434dd567e6d7d34be7feb5"", ""625cbbca0d92b8756eac6fcacc795d90527d8975""]",1.0,1.0,1.0,True,0.0,2048,False,4
"[""build"", ""ci"", ""fix"", ""feat""]","[""build"", ""ci"", ""feat"", ""fix"", ""refactor""]",1.4394211452454329,"[""b7e38fb62aa6e8a30d72dec063b1adccd089d0aa"", ""6f5b1103c0893d13b42f1f7c6504c9c339840be3"", ""73211952964a79d97b434dd567e6d7d34be7feb5"", ""be2cbd9480fcbd60c3011ca57f1d761185cf52bd"", ""3cb4a48ebd15c20692f4f3a2a924284dc7fd5e10""]",1.0,0.8,0.888888888888889,False,0.1428571428571428,2048,False,5
"[""feat"", ""fix"", ""refactor"", ""docs"", ""test"", ""ci"", ""build""]","[""build"", ""docs"", ""feat"", ""fix"", ""test""]",1.8417382268235087,"[""b7e38fb62aa6e8a30d72dec063b1adccd089d0aa"", ""01e1e33f377934099a4a725fab5cd6c5ff50eaa2"", ""73211952964a79d97b434dd567e6d7d34be7feb5"", ""be2cbd9480fcbd60c3011ca57f1d761185cf52bd"", ""625cbbca0d92b8756eac6fcacc795d90527d8975""]",0.7142857142857143,1.0,0.8333333333333333,False,0.2857142857142857,2048,False,5
"[""ci"", ""docs"", ""feat"", ""test""]","[""ci"", ""docs"", ""feat"", ""refactor"", ""test""]",1.4445612342096863,"[""6f5b1103c0893d13b42f1f7c6504c9c339840be3"", ""9849430b11b92ae58d94cfe4d0b06313c7eab550"", ""73211952964a79d97b434dd567e6d7d34be7feb5"", ""6f638a53c18a66979b89220c9945ef97e49571b3"", ""625cbbca0d92b8756eac6fcacc795d90527d8975""]",1.0,0.8,0.888888888888889,False,0.1428571428571428,2048,False,5
"[""feat"", ""fix"", ""refactor"", ""docs"", ""test"", ""ci"", ""build""]","[""build"", ""docs"", ""fix"", ""refactor"", ""test""]",1.834105462767184,"[""2d4d735d94386f5045e3b3abc022c2edcdfaef8f"", ""969aa32659f6918cb0eeeba6b02d6485659dbdd2"", ""eb9f7b24364e86d7bcf50bb23b62c743cf5526f6"", ""3e0e30ecebaf23f0c36fa4811426f8f4e0057cfe"", ""e77f6751182595fe08940d67e11a90416c8dd6fd""]",0.7142857142857143,1.0,0.8333333333333333,False,0.2857142857142857,2048,False,5
"[""feat"", ""fix"", ""refactor"", ""docs"", ""test"", ""ci"", ""build""]","[""build"", ""ci"", ""docs"", ""refactor"", ""test""]",2.0610502120107412,"[""45bbdaba1490a3216decb2c1a88b8f7041a3d505"", ""be44bbdeb52c6025e81c99528ed7b0d932c5be18"", ""16124286236edf03a6199720ba1629a35e3fe1aa"", ""0e4ede620dd9a2cdc13ab9cc6da05577b39fddb8"", ""076b9f5efc109b481074a81957e24ce9f4a69f08""]",0.7142857142857143,1.0,0.8333333333333333,False,0.2857142857142857,2048,False,5
"[""ci"", ""feat"", ""fix"", ""test""]","[""ci"", ""feat"", ""fix"", ""refactor"", ""test""]",1.5784684042446315,"[""bb00890fa896936d0be09cc5e5f411fb5e64aa5f"", ""8a954673531d6935f5517535b9068639ed5cff0d"", ""2b1ad9d10fc5685ec75f362a73229569f03344ca"", ""d55088c612b1108ef566ec47e40fb8d1050f7451"", ""6c7398993bc567ec84e4573b6ededbf50b1ef606""]",1.0,0.8,0.888888888888889,False,0.1428571428571428,2048,False,5
"[""ci"", ""build"", ""docs"", ""test"", ""refactor""]","[""build"", ""ci"", ""docs"", ""feat"", ""fix""]",1.7895352439954877,"[""45bbdaba1490a3216decb2c1a88b8f7041a3d505"", ""be44bbdeb52c6025e81c99528ed7b0d932c5be18"", ""16124286236edf03a6199720ba1629a35e3fe1aa"", ""3730075261bc81df68f9d10f12a2d6bbffd8493c"", ""ccd1946a375e2ac10c3c591b04a435c4bc5170c2""]",0.6,0.6,0.6,False,0.5714285714285714,2048,False,5
"[""feat"", ""fix"", ""refactor"", ""docs"", ""test"", ""ci"", ""build""]","[""build"", ""ci"", ""feat"", ""refactor"", ""test""]",2.061939693056047,"[""45bbdaba1490a3216decb2c1a88b8f7041a3d505"", ""be44bbdeb52c6025e81c99528ed7b0d932c5be18"", ""3730075261bc81df68f9d10f12a2d6bbffd8493c"", ""0e4ede620dd9a2cdc13ab9cc6da05577b39fddb8"", ""076b9f5efc109b481074a81957e24ce9f4a69f08""]",0.7142857142857143,1.0,0.8333333333333333,False,0.2857142857142857,2048,False,5
"[""ci"", ""docs"", ""feat"", ""refactor""]","[""ci"", ""docs"", ""feat"", ""fix"", ""refactor""]",1.426473137922585,"[""6f5b1103c0893d13b42f1f7c6504c9c339840be3"", ""eb51316cdfdc7258d287ba13b67ef2f42bd2b8f6"", ""73211952964a79d97b434dd567e6d7d34be7feb5"", ""be2cbd9480fcbd60c3011ca57f1d761185cf52bd"", ""fd53cd188555f5c3dc8bc341c5d7eb04b761a70f""]",1.0,0.8,0.888888888888889,False,0.1428571428571428,2048,False,5
"[""feat"", ""fix"", ""refactor"", ""docs"", ""test"", ""ci"", ""build""]","[""build"", ""docs"", ""feat"", ""fix"", ""test""]",1.93168902117759,"[""b7e38fb62aa6e8a30d72dec063b1adccd089d0aa"", ""eb51316cdfdc7258d287ba13b67ef2f42bd2b8f6"", ""73211952964a79d97b434dd567e6d7d34be7feb5"", ""be2cbd9480fcbd60c3011ca57f1d761185cf52bd"", ""625cbbca0d92b8756eac6fcacc795d90527d8975""]",0.7142857142857143,1.0,0.8333333333333333,False,0.2857142857142857,2048,False,5
"[""build"", ""docs"", ""refactor""]","[""build"", ""docs"", ""fix"", ""refactor"", ""test""]",1.4770072209648788,"[""45bbdaba1490a3216decb2c1a88b8f7041a3d505"", ""b8a664c1b10f4e30a3e221a14211a3cdaf90b7f4"", ""ccd1946a375e2ac10c3c591b04a435c4bc5170c2"", ""0e4ede620dd9a2cdc13ab9cc6da05577b39fddb8"", ""076b9f5efc109b481074a81957e24ce9f4a69f08""]",1.0,0.6,0.7499999999999999,False,0.2857142857142857,2048,False,5
"[""ci"", ""docs"", ""test"", ""refactor"", ""build""]","[""build"", ""ci"", ""docs"", ""feat"", ""refactor""]",1.7852897089906037,"[""45bbdaba1490a3216decb2c1a88b8f7041a3d505"", ""be44bbdeb52c6025e81c99528ed7b0d932c5be18"", ""b8a664c1b10f4e30a3e221a14211a3cdaf90b7f4"", ""3730075261bc81df68f9d10f12a2d6bbffd8493c"", ""0e4ede620dd9a2cdc13ab9cc6da05577b39fddb8""]",0.8,0.8,0.8000000000000002,False,0.2857142857142857,2048,False,5
"[""ci"", ""fix"", ""test""]","[""ci"", ""feat"", ""fix"", ""refactor"", ""test""]",1.2988500501960516,"[""6f5b1103c0893d13b42f1f7c6504c9c339840be3"", ""73211952964a79d97b434dd567e6d7d34be7feb5"", ""be2cbd9480fcbd60c3011ca57f1d761185cf52bd"", ""eb8d919e6f3443db279ba0c902f15d76676c02dc"", ""625cbbca0d92b8756eac6fcacc795d90527d8975""]",1.0,0.6,0.7499999999999999,False,0.2857142857142857,2048,False,5
"[""build"", ""ci"", ""docs"", ""fix"", ""test""]","[""build"", ""ci"", ""docs"", ""fix"", ""test""]",1.5430507739074528,"[""b7e38fb62aa6e8a30d72dec063b1adccd089d0aa"", ""6f5b1103c0893d13b42f1f7c6504c9c339840be3"", ""01e1e33f377934099a4a725fab5cd6c5ff50eaa2"", ""be2cbd9480fcbd60c3011ca57f1d761185cf52bd"", ""625cbbca0d92b8756eac6fcacc795d90527d8975""]",1.0,1.0,1.0,True,0.0,2048,False,5
"[""build"", ""ci"", ""fix"", ""test""]","[""build"", ""ci"", ""docs"", ""fix"", ""test""]",1.3413867028430104,"[""b7e38fb62aa6e8a30d72dec063b1adccd089d0aa"", ""6f5b1103c0893d13b42f1f7c6504c9c339840be3"", ""9849430b11b92ae58d94cfe4d0b06313c7eab550"", ""be2cbd9480fcbd60c3011ca57f1d761185cf52bd"", ""625cbbca0d92b8756eac6fcacc795d90527d8975""]",1.0,0.8,0.888888888888889,False,0.1428571428571428,2048,False,5
"[""feat"", ""fix"", ""refactor"", ""docs"", ""test"", ""ci"", ""build""]","[""build"", ""docs"", ""feat"", ""fix"", ""refactor""]",2.0474979309365153,"[""45bbdaba1490a3216decb2c1a88b8f7041a3d505"", ""b8a664c1b10f4e30a3e221a14211a3cdaf90b7f4"", ""3730075261bc81df68f9d10f12a2d6bbffd8493c"", ""ccd1946a375e2ac10c3c591b04a435c4bc5170c2"", ""0e4ede620dd9a2cdc13ab9cc6da05577b39fddb8""]",0.7142857142857143,1.0,0.8333333333333333,False,0.2857142857142857,2048,False,5
"[""feat"", ""fix"", ""refactor"", ""docs"", ""test"", ""ci"", ""build""]","[""build"", ""ci"", ""feat"", ""refactor"", ""test""]",1.934453264810145,"[""b7e38fb62aa6e8a30d72dec063b1adccd089d0aa"", ""6f5b1103c0893d13b42f1f7c6504c9c339840be3"", ""73211952964a79d97b434dd567e6d7d34be7feb5"", ""816b0d49c45f6669c5aae748396e9551f2e30a96"", ""625cbbca0d92b8756eac6fcacc795d90527d8975""]",0.7142857142857143,1.0,0.8333333333333333,False,0.2857142857142857,2048,False,5
"[""docs"", ""feat"", ""test""]","[""docs"", ""feat"", ""fix"", ""refactor"", ""test""]",1.3513075639493763,"[""fc9af4d0b93d69be4e201ffb18da04324e8a4a87"", ""15b8e4bc9349ce017f65e10b95cae48b0aa11828"", ""eb9f7b24364e86d7bcf50bb23b62c743cf5526f6"", ""72e3eed599b3a3dd154575af344ac3e5c62dd07b"", ""e77f6751182595fe08940d67e11a90416c8dd6fd""]",1.0,0.6,0.7499999999999999,False,0.2857142857142857,2048,False,5
"[""feat"", ""ci"", ""test"", ""docs""]","[""ci"", ""feat"", ""fix"", ""refactor"", ""test""]",1.5748800211586058,"[""87d576e936e234d0429ad753267a2760c5dfd314"", ""8a954673531d6935f5517535b9068639ed5cff0d"", ""2b1ad9d10fc5685ec75f362a73229569f03344ca"", ""d55088c612b1108ef566ec47e40fb8d1050f7451"", ""6c7398993bc567ec84e4573b6ededbf50b1ef606""]",0.75,0.6,0.6666666666666665,False,0.4285714285714285,2048,False,5
"[""build"", ""ci"", ""docs"", ""fix""]","[""build"", ""ci"", ""docs"", ""feat"", ""refactor""]",1.4421785129234197,"[""b7e38fb62aa6e8a30d72dec063b1adccd089d0aa"", ""6f5b1103c0893d13b42f1f7c6504c9c339840be3"", ""9849430b11b92ae58d94cfe4d0b06313c7eab550"", ""73211952964a79d97b434dd567e6d7d34be7feb5"", ""3550066c886bf253df376f303a60ed475ac42aaa""]",0.75,0.6,0.6666666666666665,False,0.4285714285714285,2048,False,5
"[""feat"", ""fix"", ""refactor"", ""docs"", ""test"", ""ci"", ""build""]","[""build"", ""ci"", ""docs"", ""fix"", ""test""]",2.050313354935497,"[""45bbdaba1490a3216decb2c1a88b8f7041a3d505"", ""be44bbdeb52c6025e81c99528ed7b0d932c5be18"", ""16124286236edf03a6199720ba1629a35e3fe1aa"", ""ccd1946a375e2ac10c3c591b04a435c4bc5170c2"", ""076b9f5efc109b481074a81957e24ce9f4a69f08""]",0.7142857142857143,1.0,0.8333333333333333,False,0.2857142857142857,2048,False,5
"[""build"", ""ci"", ""docs"", ""feat"", ""test""]","[""build"", ""ci"", ""docs"", ""feat"", ""test""]",1.6114386259578168,"[""b7e38fb62aa6e8a30d72dec063b1adccd089d0aa"", ""6f5b1103c0893d13b42f1f7c6504c9c339840be3"", ""01e1e33f377934099a4a725fab5cd6c5ff50eaa2"", ""73211952964a79d97b434dd567e6d7d34be7feb5"", ""625cbbca0d92b8756eac6fcacc795d90527d8975""]",1.0,1.0,1.0,True,0.0,2048,False,5
"[""ci"", ""feat"", ""refactor"", ""docs""]","[""ci"", ""docs"", ""feat"", ""fix"", ""refactor""]",1.462834483012557,"[""976c34b6fdc32a7f3337f98e67a7c9e4ee9e793e"", ""7f611e4208d0cc36c635eb0641a4b3258999ae8d"", ""8a954673531d6935f5517535b9068639ed5cff0d"", ""2b1ad9d10fc5685ec75f362a73229569f03344ca"", ""8f1034b79f894b4b1112a4bc1903f37f22f7f5ed""]",1.0,0.8,0.888888888888889,False,0.1428571428571428,2048,False,5
"[""build"", ""fix"", ""refactor""]","[""build"", ""feat"", ""fix"", ""refactor"", ""test""]",1.363617565948516,"[""bfe32bf10e9b6d699f694fbd095af0b3f2e6275f"", ""482442ecc1aaf981895a36c367abbd377fd93891"", ""80242b34468398e835e5b3fc5ac345dbae4bcc7e"", ""d4d8bdd3a0a5cec993735abc2e8cc2feff8eae27"", ""cd2bfb9b2298e8cd91013808547b35a9c40f46f1""]",1.0,0.6,0.7499999999999999,False,0.2857142857142857,2048,False,5
"[""ci"", ""docs"", ""fix"", ""test""]","[""ci"", ""docs"", ""fix"", ""refactor"", ""test""]",1.4325588820502162,"[""6f5b1103c0893d13b42f1f7c6504c9c339840be3"", ""01e1e33f377934099a4a725fab5cd6c5ff50eaa2"", ""be2cbd9480fcbd60c3011ca57f1d761185cf52bd"", ""6f638a53c18a66979b89220c9945ef97e49571b3"", ""625cbbca0d92b8756eac6fcacc795d90527d8975""]",1.0,0.8,0.888888888888889,False,0.1428571428571428,2048,False,5
"[""build"", ""ci"", ""feat"", ""test""]","[""build"", ""ci"", ""feat"", ""refactor"", ""test""]",1.3843002058565617,"[""b7e38fb62aa6e8a30d72dec063b1adccd089d0aa"", ""6f5b1103c0893d13b42f1f7c6504c9c339840be3"", ""73211952964a79d97b434dd567e6d7d34be7feb5"", ""bc4495b32ec752b6c4b29719e831c043ef2a26ce"", ""625cbbca0d92b8756eac6fcacc795d90527d8975""]",1.0,0.8,0.888888888888889,False,0.1428571428571428,2048,False,5
"[""build"", ""ci"", ""docs"", ""feat""]","[""build"", ""ci"", ""docs"", ""feat"", ""fix""]",1.4338648547418416,"[""b7e38fb62aa6e8a30d72dec063b1adccd089d0aa"", ""6f5b1103c0893d13b42f1f7c6504c9c339840be3"", ""eb51316cdfdc7258d287ba13b67ef2f42bd2b8f6"", ""73211952964a79d97b434dd567e6d7d34be7feb5"", ""be2cbd9480fcbd60c3011ca57f1d761185cf52bd""]",1.0,0.8,0.888888888888889,False,0.1428571428571428,2048,False,5
"[""feat"", ""fix"", ""refactor"", ""docs"", ""test"", ""ci"", ""build""]","[""build"", ""docs"", ""fix"", ""refactor"", ""test""]",2.0523163597099483,"[""ecc481f9f501aa34b41e06e7bbdde6e79f8ca1bb"", ""ee7cc5d5a940fba774e715b1f029c6361110b108"", ""45b386aa3f06bce06f5e03fbde0aa52c4051c8bc"", ""5748ff57ebafe94c4979eafa790d9a84812ca440"", ""87427fe39d165bee2acedde8dbaa237cca3fb61e""]",0.7142857142857143,1.0,0.8333333333333333,False,0.2857142857142857,2048,False,5
"[""ci"", ""docs"", ""feat"", ""test""]","[""ci"", ""docs"", ""feat"", ""fix"", ""test""]",1.4349009380675852,"[""6f5b1103c0893d13b42f1f7c6504c9c339840be3"", ""eb51316cdfdc7258d287ba13b67ef2f42bd2b8f6"", ""73211952964a79d97b434dd567e6d7d34be7feb5"", ""be2cbd9480fcbd60c3011ca57f1d761185cf52bd"", ""625cbbca0d92b8756eac6fcacc795d90527d8975""]",1.0,0.8,0.888888888888889,False,0.1428571428571428,2048,False,5
"[""feat"", ""build"", ""docs"", ""refactor""]","[""build"", ""docs"", ""feat"", ""fix"", ""refactor""]",1.6772731472738087,"[""ecc481f9f501aa34b41e06e7bbdde6e79f8ca1bb"", ""ee7cc5d5a940fba774e715b1f029c6361110b108"", ""f9a094918b62534614c47aa8a13f33aec751a1e0"", ""cc6408b88246f20c62884a5892a6276baf7c3920"", ""5748ff57ebafe94c4979eafa790d9a84812ca440""]",1.0,0.8,0.888888888888889,False,0.1428571428571428,2048,False,5
"[""feat"", ""build"", ""ci"", ""test""]","[""build"", ""ci"", ""feat"", ""refactor"", ""test""]",1.2119328109547496,"[""b8dfd5a2f39b4768cf070aeb9d09364577c626f9"", ""bda1822851d9be04f0d39f2213d1e2066eb115c8"", ""ba60e126299ad057772b5516d9ab390e770f1301"", ""d4d8bdd3a0a5cec993735abc2e8cc2feff8eae27"", ""b7e2330fa3a8d7b8a9bff01b707c44e64b845c7b""]",1.0,0.8,0.888888888888889,False,0.1428571428571428,2048,False,5
"[""docs"", ""build"", ""ci"", ""fix"", ""test""]","[""build"", ""ci"", ""fix"", ""refactor"", ""test""]",1.70386451901868,"[""4542d9973a848a2bd4f9baf12992efe7d7a69f2c"", ""db55dae208e4807898e6c747cefdf9bfcb4fd08c"", ""c4d9e5023fa0f88ba283b37da27677ceda1cbfbb"", ""f86944ff00b970d7e2da48abbff43e58bdf29b99"", ""1f663cbe4b4a9e7a0ae89c05f824335f2a0857fd""]",0.8,0.8,0.8000000000000002,False,0.2857142857142857,2048,False,5
"[""feat"", ""fix"", ""refactor"", ""docs"", ""test"", ""ci"", ""build""]","[""build"", ""docs"", ""feat"", ""refactor"", ""test""]",1.948579415678978,"[""0f38960851ac0fd159727d5dffb36f50268eec18"", ""e0177c25e13812306aab0b0991562d58b6d14767"", ""1ae8bf1195b197daa80ba6e45360f8b894364cd4"", ""336b25f3ae9da5d972304662fcdb88f4719c721d"", ""8ee0611fbf0cd89abe7ae588f22e6ecb843598ea""]",0.7142857142857143,1.0,0.8333333333333333,False,0.2857142857142857,2048,False,5
"[""ci"", ""docs"", ""refactor"", ""test""]","[""ci"", ""docs"", ""feat"", ""fix"", ""test""]",1.541437489911914,"[""8d2e23bde626eaed6e5b13384cc7ac38bab5ea66"", ""527e0abd0f88cb3ae2dc1a6ec7a62c241250444d"", ""4a4c7afca7e1beadd4b213214074fdb420eb0923"", ""a81bbb83d64867f08c4d1be10919ef6806a1bf51"", ""cdbc37711fa9c64b2cfa767766ca55c95c1736f7""]",0.75,0.6,0.6666666666666665,False,0.4285714285714285,2048,False,5
"[""build"", ""ci"", ""fix"", ""refactor""]","[""build"", ""ci"", ""docs"", ""fix"", ""refactor""]",1.415678157005459,"[""b7e38fb62aa6e8a30d72dec063b1adccd089d0aa"", ""6f5b1103c0893d13b42f1f7c6504c9c339840be3"", ""9849430b11b92ae58d94cfe4d0b06313c7eab550"", ""be2cbd9480fcbd60c3011ca57f1d761185cf52bd"", ""03e413d7175d35827cd7d8908d47dbae15a849a3""]",1.0,0.8,0.888888888888889,False,0.1428571428571428,2048,False,5
"[""build"", ""ci"", ""docs"", ""fix""]","[""build"", ""ci"", ""docs"", ""fix"", ""refactor""]",1.4315609391778708,"[""b7e38fb62aa6e8a30d72dec063b1adccd089d0aa"", ""6f5b1103c0893d13b42f1f7c6504c9c339840be3"", ""01e1e33f377934099a4a725fab5cd6c5ff50eaa2"", ""be2cbd9480fcbd60c3011ca57f1d761185cf52bd"", ""3550066c886bf253df376f303a60ed475ac42aaa""]",1.0,0.8,0.888888888888889,False,0.1428571428571428,2048,False,5
"[""feat"", ""fix"", ""refactor"", ""docs"", ""test"", ""ci"", ""build""]","[""build"", ""ci"", ""feat"", ""fix"", ""test""]",1.7772336658090353,"[""b7e38fb62aa6e8a30d72dec063b1adccd089d0aa"", ""6f5b1103c0893d13b42f1f7c6504c9c339840be3"", ""73211952964a79d97b434dd567e6d7d34be7feb5"", ""be2cbd9480fcbd60c3011ca57f1d761185cf52bd"", ""625cbbca0d92b8756eac6fcacc795d90527d8975""]",0.7142857142857143,1.0,0.8333333333333333,False,0.2857142857142857,2048,False,5
"[""feat"", ""fix"", ""refactor"", ""docs"", ""test"", ""ci"", ""build""]","[""docs"", ""feat"", ""fix"", ""refactor"", ""test""]",1.8988025560975077,"[""9849430b11b92ae58d94cfe4d0b06313c7eab550"", ""73211952964a79d97b434dd567e6d7d34be7feb5"", ""be2cbd9480fcbd60c3011ca57f1d761185cf52bd"", ""fd61615d1a7be9d13de2114a01e2d0ad63b59274"", ""625cbbca0d92b8756eac6fcacc795d90527d8975""]",0.7142857142857143,1.0,0.8333333333333333,False,0.2857142857142857,2048,False,5
"[""build"", ""ci"", ""docs"", ""fix"", ""refactor""]","[""build"", ""ci"", ""docs"", ""feat"", ""refactor""]",1.587383768055588,"[""b7e38fb62aa6e8a30d72dec063b1adccd089d0aa"", ""6f5b1103c0893d13b42f1f7c6504c9c339840be3"", ""01e1e33f377934099a4a725fab5cd6c5ff50eaa2"", ""73211952964a79d97b434dd567e6d7d34be7feb5"", ""eafee3c5c124ce0c71fd854270cea39cc273b27c""]",0.8,0.8,0.8000000000000002,False,0.2857142857142857,2048,False,5
"[""build"", ""feat"", ""test"", ""docs""]","[""build"", ""feat"", ""fix"", ""refactor"", ""test""]",1.492486786097288,"[""b7e38fb62aa6e8a30d72dec063b1adccd089d0aa"", ""73211952964a79d97b434dd567e6d7d34be7feb5"", ""be2cbd9480fcbd60c3011ca57f1d761185cf52bd"", ""7005cf8c47416583e3d9fa91c3bd50113155c91a"", ""625cbbca0d92b8756eac6fcacc795d90527d8975""]",0.75,0.6,0.6666666666666665,False,0.4285714285714285,2048,False,5
"[""build"", ""ci"", ""docs"", ""test"", ""refactor""]","[""build"", ""ci"", ""docs"", ""feat"", ""test""]",1.7870461596176028,"[""45bbdaba1490a3216decb2c1a88b8f7041a3d505"", ""be44bbdeb52c6025e81c99528ed7b0d932c5be18"", ""16124286236edf03a6199720ba1629a35e3fe1aa"", ""3730075261bc81df68f9d10f12a2d6bbffd8493c"", ""076b9f5efc109b481074a81957e24ce9f4a69f08""]",0.8,0.8,0.8000000000000002,False,0.2857142857142857,2048,False,5
"[""ci"", ""docs"", ""refactor"", ""build""]","[""ci"", ""docs"", ""fix"", ""refactor"", ""test""]",1.6213956880383191,"[""be44bbdeb52c6025e81c99528ed7b0d932c5be18"", ""16124286236edf03a6199720ba1629a35e3fe1aa"", ""ccd1946a375e2ac10c3c591b04a435c4bc5170c2"", ""0e4ede620dd9a2cdc13ab9cc6da05577b39fddb8"", ""076b9f5efc109b481074a81957e24ce9f4a69f08""]",0.75,0.6,0.6666666666666665,False,0.4285714285714285,2048,False,5
"[""feat"", ""fix"", ""refactor"", ""docs"", ""test"", ""ci"", ""build""]","[""build"", ""docs"", ""feat"", ""refactor"", ""test""]",2.083777431864291,"[""ecc481f9f501aa34b41e06e7bbdde6e79f8ca1bb"", ""144388439d64e049cbed4e37659e819856d6987f"", ""ded26d768ff432ad3bde3c0aa1e95ce50726100a"", ""5748ff57ebafe94c4979eafa790d9a84812ca440"", ""87427fe39d165bee2acedde8dbaa237cca3fb61e""]",0.7142857142857143,1.0,0.8333333333333333,False,0.2857142857142857,2048,False,5
"[""ci"", ""docs"", ""feat"", ""refactor""]","[""ci"", ""docs"", ""feat"", ""fix"", ""refactor""]",1.5161139201372862,"[""6f5b1103c0893d13b42f1f7c6504c9c339840be3"", ""eb51316cdfdc7258d287ba13b67ef2f42bd2b8f6"", ""73211952964a79d97b434dd567e6d7d34be7feb5"", ""be2cbd9480fcbd60c3011ca57f1d761185cf52bd"", ""d357640fab55e5964fe83efc3c771e53aa3222fd""]",1.0,0.8,0.888888888888889,False,0.1428571428571428,2048,False,5
"[""build"", ""ci"", ""refactor""]","[""build"", ""ci"", ""fix"", ""refactor"", ""test""]",1.505267774220556,"[""45bbdaba1490a3216decb2c1a88b8f7041a3d505"", ""be44bbdeb52c6025e81c99528ed7b0d932c5be18"", ""ccd1946a375e2ac10c3c591b04a435c4bc5170c2"", ""0e4ede620dd9a2cdc13ab9cc6da05577b39fddb8"", ""076b9f5efc109b481074a81957e24ce9f4a69f08""]",1.0,0.6,0.7499999999999999,False,0.2857142857142857,2048,False,5
"[""build"", ""ci"", ""docs"", ""test"", ""refactor""]","[""build"", ""ci"", ""docs"", ""feat"", ""test""]",1.7539404560811818,"[""45bbdaba1490a3216decb2c1a88b8f7041a3d505"", ""be44bbdeb52c6025e81c99528ed7b0d932c5be18"", ""b8a664c1b10f4e30a3e221a14211a3cdaf90b7f4"", ""3730075261bc81df68f9d10f12a2d6bbffd8493c"", ""076b9f5efc109b481074a81957e24ce9f4a69f08""]",0.8,0.8,0.8000000000000002,False,0.2857142857142857,2048,False,5
"[""build"", ""ci"", ""docs"", ""fix"", ""refactor""]","[""build"", ""ci"", ""docs"", ""fix"", ""refactor""]",1.4989961199462414,"[""b7e38fb62aa6e8a30d72dec063b1adccd089d0aa"", ""6f5b1103c0893d13b42f1f7c6504c9c339840be3"", ""eb51316cdfdc7258d287ba13b67ef2f42bd2b8f6"", ""be2cbd9480fcbd60c3011ca57f1d761185cf52bd"", ""190aef43fd30e693af822c176f9b686591568719""]",1.0,1.0,1.0,True,0.0,2048,False,5
"[""feat"", ""fix"", ""refactor"", ""docs"", ""test"", ""ci"", ""build""]","[""build"", ""feat"", ""fix"", ""refactor"", ""test""]",1.8935558260418477,"[""b0866f62417f56bdd5a46e8f14278af79efc4d76"", ""a84d6715a4df12cc0ee9aa6f2596ce3b04353958"", ""eebee9ab0bb6d4255ad0402d8422364e96bfef61"", ""e8a8edadc5c25d6410462b89a48e0602e0cbbc7f"", ""e77f6751182595fe08940d67e11a90416c8dd6fd""]",0.7142857142857143,1.0,0.8333333333333333,False,0.2857142857142857,2048,False,5
"[""ci"", ""docs"", ""refactor"", ""feat"", ""test""]","[""ci"", ""docs"", ""feat"", ""fix"", ""test""]",1.6793897710740566,"[""8d2e23bde626eaed6e5b13384cc7ac38bab5ea66"", ""036a0ff49a7dade0e04c9c07071a1ff49133ee24"", ""bbb6ee10de824f2e3259576ac01768640c884279"", ""f9d9f859240c6f7e78b0303ea40e46622d42bc3c"", ""cdbc37711fa9c64b2cfa767766ca55c95c1736f7""]",0.8,0.8,0.8000000000000002,False,0.2857142857142857,2048,False,5
"[""build"", ""ci"", ""feat"", ""test""]","[""build"", ""ci"", ""feat"", ""refactor"", ""test""]",1.4788297107443211,"[""b7e38fb62aa6e8a30d72dec063b1adccd089d0aa"", ""6f5b1103c0893d13b42f1f7c6504c9c339840be3"", ""73211952964a79d97b434dd567e6d7d34be7feb5"", ""8da0303bc02db5fe047cfc0631a9da41d9dc60f7"", ""625cbbca0d92b8756eac6fcacc795d90527d8975""]",1.0,0.8,0.888888888888889,False,0.1428571428571428,2048,False,5
"[""build"", ""ci"", ""fix"", ""refactor""]","[""build"", ""ci"", ""docs"", ""feat"", ""fix""]",1.4191894209943712,"[""b7e38fb62aa6e8a30d72dec063b1adccd089d0aa"", ""6f5b1103c0893d13b42f1f7c6504c9c339840be3"", ""9849430b11b92ae58d94cfe4d0b06313c7eab550"", ""73211952964a79d97b434dd567e6d7d34be7feb5"", ""be2cbd9480fcbd60c3011ca57f1d761185cf52bd""]",0.75,0.6,0.6666666666666665,False,0.4285714285714285,2048,False,5
"[""ci"", ""docs"", ""refactor"", ""test""]","[""ci"", ""docs"", ""fix"", ""refactor"", ""test""]",1.5436151609756052,"[""db2dbc13d7da2ae85cd3206d330be8ed0ebe1b2c"", ""12257ce53f94dc902df4ba087de90f52d2840ad4"", ""2b1ad9d10fc5685ec75f362a73229569f03344ca"", ""8f1034b79f894b4b1112a4bc1903f37f22f7f5ed"", ""6c7398993bc567ec84e4573b6ededbf50b1ef606""]",1.0,0.8,0.888888888888889,False,0.1428571428571428,2048,False,5
"[""docs"", ""feat"", ""test""]","[""docs"", ""feat"", ""fix"", ""refactor"", ""test""]",1.361328066792339,"[""eb51316cdfdc7258d287ba13b67ef2f42bd2b8f6"", ""73211952964a79d97b434dd567e6d7d34be7feb5"", ""be2cbd9480fcbd60c3011ca57f1d761185cf52bd"", ""eb8d919e6f3443db279ba0c902f15d76676c02dc"", ""625cbbca0d92b8756eac6fcacc795d90527d8975""]",1.0,0.6,0.7499999999999999,False,0.2857142857142857,2048,False,5
"[""feat"", ""fix"", ""refactor"", ""docs"", ""test"", ""ci"", ""build""]","[""build"", ""ci"", ""feat"", ""fix"", ""refactor""]",1.9880194822326305,"[""454003841aabeb74396d73541378bfa59c75b5db"", ""bda1822851d9be04f0d39f2213d1e2066eb115c8"", ""9114362b39f5194209cd0b330af7076333f3db77"", ""80242b34468398e835e5b3fc5ac345dbae4bcc7e"", ""fba4326c72fc22d81aba6976a9fef1e4b6154fd9""]",0.7142857142857143,1.0,0.8333333333333333,False,0.2857142857142857,2048,False,5
"[""feat"", ""fix"", ""refactor"", ""docs"", ""test"", ""ci"", ""build""]","[""build"", ""docs"", ""feat"", ""fix"", ""test""]",1.9948628302663565,"[""ecc481f9f501aa34b41e06e7bbdde6e79f8ca1bb"", ""144388439d64e049cbed4e37659e819856d6987f"", ""8b9176b44bb01a1eef497a403b0304bc389c9aee"", ""45b386aa3f06bce06f5e03fbde0aa52c4051c8bc"", ""3c04162664b130c9486cba54afc16b6e57c779d1""]",0.7142857142857143,1.0,0.8333333333333333,False,0.2857142857142857,2048,False,5
"[""build"", ""ci"", ""docs"", ""refactor"", ""test""]","[""build"", ""ci"", ""docs"", ""refactor"", ""test""]",1.6581213036552072,"[""b7e38fb62aa6e8a30d72dec063b1adccd089d0aa"", ""6f5b1103c0893d13b42f1f7c6504c9c339840be3"", ""01e1e33f377934099a4a725fab5cd6c5ff50eaa2"", ""3cb4a48ebd15c20692f4f3a2a924284dc7fd5e10"", ""625cbbca0d92b8756eac6fcacc795d90527d8975""]",1.0,1.0,1.0,True,0.0,2048,False,5
"[""build"", ""ci"", ""docs"", ""refactor"", ""test""]","[""build"", ""ci"", ""docs"", ""refactor"", ""test""]",1.756205238867551,"[""45bbdaba1490a3216decb2c1a88b8f7041a3d505"", ""be44bbdeb52c6025e81c99528ed7b0d932c5be18"", ""b8a664c1b10f4e30a3e221a14211a3cdaf90b7f4"", ""0e4ede620dd9a2cdc13ab9cc6da05577b39fddb8"", ""076b9f5efc109b481074a81957e24ce9f4a69f08""]",1.0,1.0,1.0,True,0.0,2048,False,5
"[""build"", ""test"", ""refactor""]","[""build"", ""feat"", ""fix"", ""refactor"", ""test""]",1.5033693313598633,"[""45bbdaba1490a3216decb2c1a88b8f7041a3d505"", ""3730075261bc81df68f9d10f12a2d6bbffd8493c"", ""ccd1946a375e2ac10c3c591b04a435c4bc5170c2"", ""0e4ede620dd9a2cdc13ab9cc6da05577b39fddb8"", ""076b9f5efc109b481074a81957e24ce9f4a69f08""]",1.0,0.6,0.7499999999999999,False,0.2857142857142857,2048,False,5
"[""ci"", ""docs"", ""fix"", ""refactor""]","[""ci"", ""docs"", ""feat"", ""fix"", ""refactor""]",1.5171645050868392,"[""6f5b1103c0893d13b42f1f7c6504c9c339840be3"", ""01e1e33f377934099a4a725fab5cd6c5ff50eaa2"", ""73211952964a79d97b434dd567e6d7d34be7feb5"", ""be2cbd9480fcbd60c3011ca57f1d761185cf52bd"", ""7d6f760a91b55967972bbd1b972307624e876805""]",1.0,0.8,0.888888888888889,False,0.1428571428571428,2048,False,5
"[""build"", ""ci"", ""docs"", ""feat"", ""fix"", ""refactor"", ""test""]","[""build"", ""ci"", ""feat"", ""fix"", ""test""]",1.8473623362369835,"[""bfe32bf10e9b6d699f694fbd095af0b3f2e6275f"", ""bda1822851d9be04f0d39f2213d1e2066eb115c8"", ""988dda23984894cea097d64646196e8d6196d6b6"", ""238ba1990ea68eb64bdfc6b31efebad2acb01ad6"", ""b7e2330fa3a8d7b8a9bff01b707c44e64b845c7b""]",0.7142857142857143,1.0,0.8333333333333333,False,0.2857142857142857,2048,False,5
"[""build"", ""ci"", ""test"", ""refactor""]","[""build"", ""ci"", ""docs"", ""refactor"", ""test""]",1.4609638992697,"[""b7e38fb62aa6e8a30d72dec063b1adccd089d0aa"", ""6f5b1103c0893d13b42f1f7c6504c9c339840be3"", ""9849430b11b92ae58d94cfe4d0b06313c7eab550"", ""816b0d49c45f6669c5aae748396e9551f2e30a96"", ""625cbbca0d92b8756eac6fcacc795d90527d8975""]",1.0,0.8,0.888888888888889,False,0.1428571428571428,2048,False,5
"[""docs"", ""fix"", ""test""]","[""docs"", ""feat"", ""fix"", ""refactor"", ""test""]",1.3391221901401875,"[""01e1e33f377934099a4a725fab5cd6c5ff50eaa2"", ""73211952964a79d97b434dd567e6d7d34be7feb5"", ""be2cbd9480fcbd60c3011ca57f1d761185cf52bd"", ""190aef43fd30e693af822c176f9b686591568719"", ""625cbbca0d92b8756eac6fcacc795d90527d8975""]",1.0,0.6,0.7499999999999999,False,0.2857142857142857,2048,False,5
"[""build"", ""ci"", ""docs"", ""feat"", ""fix""]","[""build"", ""ci"", ""docs"", ""feat"", ""fix""]",1.5703069670125842,"[""b7e38fb62aa6e8a30d72dec063b1adccd089d0aa"", ""6f5b1103c0893d13b42f1f7c6504c9c339840be3"", ""01e1e33f377934099a4a725fab5cd6c5ff50eaa2"", ""73211952964a79d97b434dd567e6d7d34be7feb5"", ""be2cbd9480fcbd60c3011ca57f1d761185cf52bd""]",1.0,1.0,1.0,True,0.0,2048,False,5
"[""docs"", ""feat"", ""refactor"", ""test""]","[""docs"", ""feat"", ""fix"", ""refactor"", ""test""]",1.6401769751682878,"[""8dfd2af29bf784b242992ee9ec0fbc85753b063c"", ""8a954673531d6935f5517535b9068639ed5cff0d"", ""2b1ad9d10fc5685ec75f362a73229569f03344ca"", ""d55088c612b1108ef566ec47e40fb8d1050f7451"", ""6c7398993bc567ec84e4573b6ededbf50b1ef606""]",1.0,0.8,0.888888888888889,False,0.1428571428571428,2048,False,5
"[""build"", ""ci"", ""fix"", ""test""]","[""build"", ""ci"", ""fix"", ""refactor"", ""test""]",1.351348183117807,"[""bfe32bf10e9b6d699f694fbd095af0b3f2e6275f"", ""bda1822851d9be04f0d39f2213d1e2066eb115c8"", ""80242b34468398e835e5b3fc5ac345dbae4bcc7e"", ""fba4326c72fc22d81aba6976a9fef1e4b6154fd9"", ""7c48976f943e1e9b5850967b6f2963a205476ded""]",1.0,0.8,0.888888888888889,False,0.1428571428571428,2048,False,5
"[""feat"", ""fix"", ""refactor"", ""docs"", ""test"", ""ci"", ""build""]","[""build"", ""ci"", ""docs"", ""feat"", ""refactor""]",2.091374017763883,"[""45bbdaba1490a3216decb2c1a88b8f7041a3d505"", ""be44bbdeb52c6025e81c99528ed7b0d932c5be18"", ""16124286236edf03a6199720ba1629a35e3fe1aa"", ""3730075261bc81df68f9d10f12a2d6bbffd8493c"", ""0e4ede620dd9a2cdc13ab9cc6da05577b39fddb8""]",0.7142857142857143,1.0,0.8333333333333333,False,0.2857142857142857,2048,False,5
"[""build"", ""fix"", ""test""]","[""build"", ""ci"", ""feat"", ""fix"", ""test""]",1.251532204914838,"[""bfe32bf10e9b6d699f694fbd095af0b3f2e6275f"", ""bda1822851d9be04f0d39f2213d1e2066eb115c8"", ""482442ecc1aaf981895a36c367abbd377fd93891"", ""80242b34468398e835e5b3fc5ac345dbae4bcc7e"", ""7c48976f943e1e9b5850967b6f2963a205476ded""]",1.0,0.6,0.7499999999999999,False,0.2857142857142857,2048,False,5
"[""build"", ""docs"", ""fix"", ""refactor""]","[""build"", ""docs"", ""feat"", ""fix"", ""refactor""]",1.453113701660186,"[""b7e38fb62aa6e8a30d72dec063b1adccd089d0aa"", ""01e1e33f377934099a4a725fab5cd6c5ff50eaa2"", ""73211952964a79d97b434dd567e6d7d34be7feb5"", ""be2cbd9480fcbd60c3011ca57f1d761185cf52bd"", ""eafee3c5c124ce0c71fd854270cea39cc273b27c""]",1.0,0.8,0.888888888888889,False,0.1428571428571428,2048,False,5
"[""build"", ""ci"", ""docs"", ""refactor"", ""test""]","[""build"", ""ci"", ""docs"", ""refactor"", ""test""]",1.6541636362671852,"[""b7e38fb62aa6e8a30d72dec063b1adccd089d0aa"", ""6f5b1103c0893d13b42f1f7c6504c9c339840be3"", ""eb51316cdfdc7258d287ba13b67ef2f42bd2b8f6"", ""7d6f760a91b55967972bbd1b972307624e876805"", ""625cbbca0d92b8756eac6fcacc795d90527d8975""]",1.0,1.0,1.0,True,0.0,2048,False,5
"[""ci"", ""docs"", ""fix"", ""refactor"", ""test""]","[""ci"", ""docs"", ""feat"", ""fix"", ""test""]",1.6723976186476648,"[""8d2e23bde626eaed6e5b13384cc7ac38bab5ea66"", ""036a0ff49a7dade0e04c9c07071a1ff49133ee24"", ""6b473cbdc5997af47c56a2a74f5b64da6d4c2ad7"", ""f9d9f859240c6f7e78b0303ea40e46622d42bc3c"", ""cdbc37711fa9c64b2cfa767766ca55c95c1736f7""]",0.8,0.8,0.8000000000000002,False,0.2857142857142857,2048,False,5
