predicted_types,actual_types,inference_time,shas,precision,recall,f1,exact_match,hamming_loss,context_len,with_message,concern_count
"[""refactor""]","[""fix""]",0.2884180545806885,['87d5d4e55ab7149b593d29410f1fe426ba2447d4'],0.0,0.0,0.0,False,0.2857142857142857,1024,True,1
"[""test""]","[""test""]",0.3359215259552002,['317f4eefecddfb1392ca71d551840f446feee302'],1.0,1.0,1.0,True,0.0,1024,True,1
"[""ci""]","[""ci""]",0.3219461441040039,['c5fa7b80438fbd74f4c341f0d3c9bd9e0f4910da'],1.0,1.0,1.0,True,0.0,1024,True,1
"[""ci""]","[""ci""]",0.3070704936981201,['e7a67d88173566be3cd3aed7e9eeb7e29aabbc57'],1.0,1.0,1.0,True,0.0,1024,True,1
"[""fix""]","[""fix""]",0.2748169898986816,['d129eaf9125a967ac86c6c7276bbae6b4d50af36'],1.0,1.0,1.0,True,0.0,1024,True,1
"[""build""]","[""build""]",0.2668426036834717,['1269431c8a3e7549f10fcbbb4b88ff625c8898b3'],1.0,1.0,1.0,True,0.0,1024,True,1
"[""feat""]","[""refactor""]",0.2581453323364258,['535708ae50aecb452560a23356fd396f99ef13a2'],0.0,0.0,0.0,False,0.2857142857142857,1024,True,1
"[""feat""]","[""feat""]",0.2495326995849609,['68278b00450f2679761a2999500f6d87a579376b'],1.0,1.0,1.0,True,0.0,1024,True,1
"[""ci""]","[""ci""]",0.2284595966339111,['6c9cb638cb4d1ecc42632fcf389c24898c5b3244'],1.0,1.0,1.0,True,0.0,1024,True,1
"[""test""]","[""test""]",0.2307672500610351,['c7b25726df94a2530c9b1c0d2b6a0acaa103822f'],1.0,1.0,1.0,True,0.0,1024,True,1
"[""feat""]","[""feat""]",0.325674295425415,['1bcf88670b50155b50071e707f98f30cea0b7a24'],1.0,1.0,1.0,True,0.0,1024,True,1
"[""build""]","[""build""]",0.3732461929321289,['454003841aabeb74396d73541378bfa59c75b5db'],1.0,1.0,1.0,True,0.0,1024,True,1
"[""ci""]","[""ci""]",0.2244079113006591,['dbb537a26e388a8d7d17faf131abc30c2f7a84e6'],1.0,1.0,1.0,True,0.0,1024,True,1
"[""docs""]","[""docs""]",0.2590267658233642,['bf83c9155e9bee6925aa7102fab53fb803d52533'],1.0,1.0,1.0,True,0.0,1024,True,1
"[""feat""]","[""feat""]",0.2557277679443359,['dc5238b2bda98a7c4f2fe9584fc3b0191a408109'],1.0,1.0,1.0,True,0.0,1024,True,1
"[""ci""]","[""ci""]",0.2876873016357422,['74e9de5ec97dc013a52aa063dff0f40ac74c407b'],1.0,1.0,1.0,True,0.0,1024,True,1
"[""test""]","[""test""]",0.2636044025421142,['b7ce2894fd1794064bd6db4ed730bb6cb7728739'],1.0,1.0,1.0,True,0.0,1024,True,1
"[""build""]","[""build""]",0.2845895290374756,['32b92cfa0b74a6c25990e32ac6aab12b8496794c'],1.0,1.0,1.0,True,0.0,1024,True,1
"[""fix""]","[""fix""]",0.2900688648223877,['bed78248c941d57ad4cc20a455147e186e97c7a1'],1.0,1.0,1.0,True,0.0,1024,True,1
"[""test""]","[""test""]",0.257598876953125,['f411e58cd510f8a2b980b2f1932003a0c0e9f8f3'],1.0,1.0,1.0,True,0.0,1024,True,1
"[""feat""]","[""feat""]",0.2522604465484619,['f9a094918b62534614c47aa8a13f33aec751a1e0'],1.0,1.0,1.0,True,0.0,1024,True,1
"[""docs""]","[""docs""]",0.2601132392883301,['aca23027da1295c78fdf42ba9687d8ccc88784d7'],1.0,1.0,1.0,True,0.0,1024,True,1
"[""build""]","[""build""]",0.2859294414520263,['37b1cbfd3d2c462ef4f2a131e4172c38dc8d9ddf'],1.0,1.0,1.0,True,0.0,1024,True,1
"[""feat""]","[""feat""]",0.3631460666656494,['e137f9fdbdb6bf3f85c3f7ac9323785e445844c8'],1.0,1.0,1.0,True,0.0,1024,True,1
"[""test""]","[""test""]",0.303056001663208,['e0198f74b81da3663144cfe1d971939319f82a0f'],1.0,1.0,1.0,True,0.0,1024,True,1
"[""build""]","[""ci""]",0.2997364997863769,['45837af24a33308a70a3454f0f650f9fe728e272'],0.0,0.0,0.0,False,0.2857142857142857,1024,True,1
"[""docs""]","[""docs""]",0.2749061584472656,['0cfc5633d37ea06f645649138323f1820e18bdee'],1.0,1.0,1.0,True,0.0,1024,True,1
"[""feat""]","[""test""]",0.4251425266265869,['8ee0611fbf0cd89abe7ae588f22e6ecb843598ea'],0.0,0.0,0.0,False,0.2857142857142857,1024,True,1
"[""docs""]","[""docs""]",0.2896418571472168,['c2ee5cd5e709afd15c5565ee009a0d204403a119'],1.0,1.0,1.0,True,0.0,1024,True,1
"[""fix""]","[""fix""]",0.230858564376831,['d1d55e787b7d07f763852602b9939a5394607fd9'],1.0,1.0,1.0,True,0.0,1024,True,1
"[""build""]","[""build""]",0.2869491577148437,['c55591ba157298a9c5816693c102a89dfd058830'],1.0,1.0,1.0,True,0.0,1024,True,1
"[""build""]","[""fix""]",0.2291667461395263,['9be725fa3906323d4bc9788f54eccf74109d632b'],0.0,0.0,0.0,False,0.2857142857142857,1024,True,1
"[""build""]","[""build""]",0.2581808567047119,['f00a4d3e307b89842250358ee432e6800bb24362'],1.0,1.0,1.0,True,0.0,1024,True,1
"[""docs""]","[""docs""]",0.2586522102355957,['036a0ff49a7dade0e04c9c07071a1ff49133ee24'],1.0,1.0,1.0,True,0.0,1024,True,1
"[""docs""]","[""docs""]",0.2586660385131836,['6d405dfc1675dcad64a2dfac0c0cb0fb28381d21'],1.0,1.0,1.0,True,0.0,1024,True,1
"[""refactor""]","[""refactor""]",0.3949284553527832,['3cca5c314ad6feeffbfe1f14cf49ebd0fd9a95a2'],1.0,1.0,1.0,True,0.0,1024,True,1
"[""docs""]","[""docs""]",0.2818074226379394,['af880ac5b4fecbc6c4f3d1eee0d95f326e8bd9d1'],1.0,1.0,1.0,True,0.0,1024,True,1
"[""fix""]","[""fix""]",0.230128526687622,['c8e0ae8612df3d6f2831acc004aaac332f6105e4'],1.0,1.0,1.0,True,0.0,1024,True,1
"[""refactor""]","[""refactor""]",0.397073745727539,['771857b1df9470ebc15357e8879118a72c649d5b'],1.0,1.0,1.0,True,0.0,1024,True,1
"[""refactor""]","[""refactor""]",0.2820620536804199,['47ef9104e4a89e80d7cc6c1950bc080841da4a7b'],1.0,1.0,1.0,True,0.0,1024,True,1
"[""refactor""]","[""refactor""]",0.3927831649780273,['1db13ec43727aca872a0f3836e4023ed85db665e'],1.0,1.0,1.0,True,0.0,1024,True,1
"[""fix""]","[""fix""]",0.2307085990905761,['933ab6bb86372913c992567cf9660009900911a7'],1.0,1.0,1.0,True,0.0,1024,True,1
"[""test""]","[""test""]",0.2590301036834717,['e2e8ad25854bd1e7cdbc7f50b50bbd99e04ad47d'],1.0,1.0,1.0,True,0.0,1024,True,1
"[""build""]","[""build""]",0.2510702610015869,['c44cf88a6ec54e5ddd99d8348bcc57b301ec7945'],1.0,1.0,1.0,True,0.0,1024,True,1
"[""ci""]","[""ci""]",0.2302584648132324,['e96487ad7ce90b141219d9032fa2bed68d5dae6a'],1.0,1.0,1.0,True,0.0,1024,True,1
"[""build""]","[""build""]",0.2248091697692871,['5b81fde8a72cf2e69a10e9f5c4f0bea0a2b8c3e0'],1.0,1.0,1.0,True,0.0,1024,True,1
"[""docs""]","[""docs""]",0.3651833534240722,['cb1f48b56ae0de93acb72e48726c7d610a1d538e'],1.0,1.0,1.0,True,0.0,1024,True,1
"[""fix""]","[""fix""]",0.3346922397613525,['2561f4ade46fc9d59f289f328cc77733a6443697'],1.0,1.0,1.0,True,0.0,1024,True,1
"[""fix""]","[""fix""]",0.2731814384460449,['06e2be4e2019b6fa714e1fcb34485860ef1ede79'],1.0,1.0,1.0,True,0.0,1024,True,1
"[""refactor""]","[""refactor""]",0.2888286113739013,['36556bf8e0bce4ab6d26eafacbdad04d9614a5d7'],1.0,1.0,1.0,True,0.0,1024,True,1
"[""build""]","[""build""]",0.2261860370635986,['c323d59c607cabc91f17a78528d998f376f30b10'],1.0,1.0,1.0,True,0.0,1024,True,1
"[""build""]","[""build""]",0.2858960628509521,['e4a11fd5c34942ba12737f1c8c084489428ee274'],1.0,1.0,1.0,True,0.0,1024,True,1
"[""fix""]","[""refactor""]",0.3239927291870117,['63eab619e6166eb6cab948028a7b89bf059dd878'],0.0,0.0,0.0,False,0.2857142857142857,1024,True,1
"[""docs""]","[""docs""]",0.2319626808166504,['a52a585d74894b3b4eeb8c784fa089ff95cddad0'],1.0,1.0,1.0,True,0.0,1024,True,1
"[""fix""]","[""feat""]",0.3058373928070068,['b282e90e2cbb74559aab79eee8443a4d7c85502a'],0.0,0.0,0.0,False,0.2857142857142857,1024,True,1
"[""feat""]","[""feat""]",0.2984418869018554,['f823cf28652987d43c8324b4f5b203240032383a'],1.0,1.0,1.0,True,0.0,1024,True,1
"[""fix""]","[""fix""]",0.2605502605438232,['9ef5c0d14193a9abb09b39856f58477d1f4b0d77'],1.0,1.0,1.0,True,0.0,1024,True,1
"[""feat""]","[""feat""]",0.3301742076873779,['fd8e563cc19ca4684885d4692acee6bebcca4ada'],1.0,1.0,1.0,True,0.0,1024,True,1
"[""ci""]","[""ci""]",0.2430658340454101,['4cbbd2552ba0de273e1dfe7d453c5b3efed751a3'],1.0,1.0,1.0,True,0.0,1024,True,1
"[""ci""]","[""ci""]",0.3387379646301269,['173553c0372e66e03bdab19e0e6c2dd44daa14a0'],1.0,1.0,1.0,True,0.0,1024,True,1
"[""ci""]","[""ci""]",0.3673036098480224,['32845e1bbd1efb5dbc16f671049509a409ba25ce'],1.0,1.0,1.0,True,0.0,1024,True,1
"[""test""]","[""test""]",0.2583968639373779,['229b53a632ea97d47c4be11f096bdd828fb415d8'],1.0,1.0,1.0,True,0.0,1024,True,1
"[""docs""]","[""refactor""]",0.2563581466674804,['2954a0955ce9af6acb345ed1e8328e145ad30475'],0.0,0.0,0.0,False,0.2857142857142857,1024,True,1
"[""docs""]","[""refactor""]",0.2564599514007568,['a62314d9bb632be6af026686615d14b912250512'],0.0,0.0,0.0,False,0.2857142857142857,1024,True,1
"[""refactor""]","[""refactor""]",0.3952624797821045,['062daa45cbd5dba6e96e95d8cdcaee89ae30a83c'],1.0,1.0,1.0,True,0.0,1024,True,1
"[""test""]","[""test""]",0.3006975650787353,['bedc7950b24c37809e36a585b7985d5aa5e3e458'],1.0,1.0,1.0,True,0.0,1024,True,1
"[""feat""]","[""feat""]",0.3721482753753662,['ded26d768ff432ad3bde3c0aa1e95ce50726100a'],1.0,1.0,1.0,True,0.0,1024,True,1
"[""build"", ""test""]","[""test""]",0.4239711761474609,['e9617f0854030e70365eb264bcb3b58078e79e9e'],0.5,1.0,0.6666666666666666,False,0.1428571428571428,1024,True,1
"[""feat""]","[""feat""]",0.3659710884094238,['6ed56ce9ae743ba9a87e6c9643cc06b1de7b748d'],1.0,1.0,1.0,True,0.0,1024,True,1
"[""ci""]","[""docs""]",0.242283821105957,['e12d9e77a6fd531a22325337838a841b1c67f00d'],0.0,0.0,0.0,False,0.2857142857142857,1024,True,1
"[""feat"", ""refactor""]","[""feat"", ""refactor""]",0.4439151287078857,"['fd8e563cc19ca4684885d4692acee6bebcca4ada', '36556bf8e0bce4ab6d26eafacbdad04d9614a5d7']",1.0,1.0,1.0,True,0.0,1024,True,2
"[""build"", ""build""]","[""ci"", ""build""]",0.3969812393188476,"['45837af24a33308a70a3454f0f650f9fe728e272', '5b81fde8a72cf2e69a10e9f5c4f0bea0a2b8c3e0']",1.0,0.5,0.6666666666666666,False,0.1428571428571428,1024,True,2
"[""feat"", ""docs""]","[""refactor"", ""docs""]",0.3837716579437256,"['535708ae50aecb452560a23356fd396f99ef13a2', 'af880ac5b4fecbc6c4f3d1eee0d95f326e8bd9d1']",0.5,0.5,0.5,False,0.2857142857142857,1024,True,2
"[""feat"", ""fix""]","[""feat"", ""refactor""]",0.4911575317382812,"['68278b00450f2679761a2999500f6d87a579376b', '63eab619e6166eb6cab948028a7b89bf059dd878']",0.5,0.5,0.5,False,0.2857142857142857,1024,True,2
"[""ci"", ""test""]","[""ci"", ""test""]",0.3815884590148926,"['dbb537a26e388a8d7d17faf131abc30c2f7a84e6', 'f411e58cd510f8a2b980b2f1932003a0c0e9f8f3']",1.0,1.0,1.0,True,0.0,1024,True,2
"[""test"", ""ci""]","[""test"", ""ci""]",0.4002625942230224,"['e2e8ad25854bd1e7cdbc7f50b50bbd99e04ad47d', 'c5fa7b80438fbd74f4c341f0d3c9bd9e0f4910da']",1.0,1.0,1.0,True,0.0,1024,True,2
"[""build""]","[""ci"", ""build""]",0.3629839420318603,"['45837af24a33308a70a3454f0f650f9fe728e272', '1269431c8a3e7549f10fcbbb4b88ff625c8898b3']",1.0,0.5,0.6666666666666666,False,0.1428571428571428,1024,True,2
"[""refactor"", ""test""]","[""feat"", ""test""]",0.4608025550842285,"['1bcf88670b50155b50071e707f98f30cea0b7a24', 'f411e58cd510f8a2b980b2f1932003a0c0e9f8f3']",0.5,0.5,0.5,False,0.2857142857142857,1024,True,2
"[""docs"", ""build""]","[""fix"", ""docs""]",0.3578188419342041,"['9be725fa3906323d4bc9788f54eccf74109d632b', '0cfc5633d37ea06f645649138323f1820e18bdee']",0.5,0.5,0.5,False,0.2857142857142857,1024,True,2
"[""docs"", ""ci""]","[""fix"", ""ci""]",0.3489727973937988,"['9be725fa3906323d4bc9788f54eccf74109d632b', 'e96487ad7ce90b141219d9032fa2bed68d5dae6a']",0.5,0.5,0.5,False,0.2857142857142857,1024,True,2
"[""build""]","[""build"", ""test""]",0.3895761966705322,"['1269431c8a3e7549f10fcbbb4b88ff625c8898b3', '317f4eefecddfb1392ca71d551840f446feee302']",1.0,0.5,0.6666666666666666,False,0.1428571428571428,1024,True,2
"[""ci"", ""docs""]","[""ci"", ""docs""]",0.3824825286865234,"['dbb537a26e388a8d7d17faf131abc30c2f7a84e6', '0cfc5633d37ea06f645649138323f1820e18bdee']",1.0,1.0,1.0,True,0.0,1024,True,2
"[""refactor"", ""build""]","[""refactor"", ""build""]",0.4939570426940918,"['3cca5c314ad6feeffbfe1f14cf49ebd0fd9a95a2', '454003841aabeb74396d73541378bfa59c75b5db']",1.0,1.0,1.0,True,0.0,1024,True,2
"[""fix"", ""refactor""]","[""fix"", ""refactor""]",0.4912574291229248,"['2561f4ade46fc9d59f289f328cc77733a6443697', '062daa45cbd5dba6e96e95d8cdcaee89ae30a83c']",1.0,1.0,1.0,True,0.0,1024,True,2
"[""build"", ""ci""]","[""build"", ""ci""]",0.3537185192108154,"['c44cf88a6ec54e5ddd99d8348bcc57b301ec7945', 'dbb537a26e388a8d7d17faf131abc30c2f7a84e6']",1.0,1.0,1.0,True,0.0,1024,True,2
"[""build"", ""feat""]","[""build"", ""refactor""]",0.4592649936676025,"['32b92cfa0b74a6c25990e32ac6aab12b8496794c', '63eab619e6166eb6cab948028a7b89bf059dd878']",0.5,0.5,0.5,False,0.2857142857142857,1024,True,2
"[""fix"", ""ci""]","[""feat"", ""docs""]",0.3530724048614502,"['dc5238b2bda98a7c4f2fe9584fc3b0191a408109', 'e12d9e77a6fd531a22325337838a841b1c67f00d']",0.0,0.0,0.0,False,0.5714285714285714,1024,True,2
"[""ci"", ""docs""]","[""ci"", ""docs""]",0.4005053043365478,"['32845e1bbd1efb5dbc16f671049509a409ba25ce', 'bf83c9155e9bee6925aa7102fab53fb803d52533']",1.0,1.0,1.0,True,0.0,1024,True,2
"[""fix"", ""feat"", ""test""]","[""fix"", ""feat""]",0.5148053169250488,"['d129eaf9125a967ac86c6c7276bbae6b4d50af36', '6ed56ce9ae743ba9a87e6c9643cc06b1de7b748d']",0.6666666666666666,1.0,0.8,False,0.1428571428571428,1024,True,2
"[""refactor"", ""ci""]","[""feat"", ""ci""]",0.4859724044799804,"['1bcf88670b50155b50071e707f98f30cea0b7a24', '74e9de5ec97dc013a52aa063dff0f40ac74c407b']",0.5,0.5,0.5,False,0.2857142857142857,1024,True,2
"[""docs"", ""ci""]","[""docs"", ""ci""]",0.3556520938873291,"['036a0ff49a7dade0e04c9c07071a1ff49133ee24', '4cbbd2552ba0de273e1dfe7d453c5b3efed751a3']",1.0,1.0,1.0,True,0.0,1024,True,2
"[""test"", ""docs""]","[""test"", ""docs""]",0.4647691249847412,"['e9617f0854030e70365eb264bcb3b58078e79e9e', 'cb1f48b56ae0de93acb72e48726c7d610a1d538e']",1.0,1.0,1.0,True,0.0,1024,True,2
"[""docs""]","[""docs"", ""feat""]",0.3705253601074219,"['aca23027da1295c78fdf42ba9687d8ccc88784d7', 'f823cf28652987d43c8324b4f5b203240032383a']",1.0,0.5,0.6666666666666666,False,0.1428571428571428,1024,True,2
"[""refactor"", ""fix""]","[""refactor"", ""fix""]",0.3800084590911865,"['47ef9104e4a89e80d7cc6c1950bc080841da4a7b', '06e2be4e2019b6fa714e1fcb34485860ef1ede79']",1.0,1.0,1.0,True,0.0,1024,True,2
"[""build"", ""ci""]","[""build"", ""ci""]",0.3375165462493896,"['5b81fde8a72cf2e69a10e9f5c4f0bea0a2b8c3e0', 'dbb537a26e388a8d7d17faf131abc30c2f7a84e6']",1.0,1.0,1.0,True,0.0,1024,True,2
"[""build"", ""refactor""]","[""build"", ""refactor""]",0.3735413551330566,"['5b81fde8a72cf2e69a10e9f5c4f0bea0a2b8c3e0', '36556bf8e0bce4ab6d26eafacbdad04d9614a5d7']",1.0,1.0,1.0,True,0.0,1024,True,2
"[""feat"", ""test""]","[""fix"", ""test""]",0.4310226440429687,"['9ef5c0d14193a9abb09b39856f58477d1f4b0d77', 'b7ce2894fd1794064bd6db4ed730bb6cb7728739']",0.5,0.5,0.5,False,0.2857142857142857,1024,True,2
"[""build"", ""docs""]","[""build"", ""docs""]",0.3894374370574951,"['c323d59c607cabc91f17a78528d998f376f30b10', 'c2ee5cd5e709afd15c5565ee009a0d204403a119']",1.0,1.0,1.0,True,0.0,1024,True,2
"[""fix"", ""ci""]","[""fix"", ""ci""]",0.3458490371704101,"['9be725fa3906323d4bc9788f54eccf74109d632b', 'dbb537a26e388a8d7d17faf131abc30c2f7a84e6']",1.0,1.0,1.0,True,0.0,1024,True,2
"[""fix"", ""ci""]","[""fix"", ""ci""]",0.3918514251708984,"['9be725fa3906323d4bc9788f54eccf74109d632b', 'e7a67d88173566be3cd3aed7e9eeb7e29aabbc57']",1.0,1.0,1.0,True,0.0,1024,True,2
"[""docs"", ""refactor""]","[""docs"", ""refactor""]",0.4615166187286377,"['c2ee5cd5e709afd15c5565ee009a0d204403a119', '062daa45cbd5dba6e96e95d8cdcaee89ae30a83c']",1.0,1.0,1.0,True,0.0,1024,True,2
"[""fix"", ""feat"", ""refactor""]","[""fix"", ""feat""]",0.5211915969848633,"['933ab6bb86372913c992567cf9660009900911a7', 'e137f9fdbdb6bf3f85c3f7ac9323785e445844c8']",0.6666666666666666,1.0,0.8,False,0.1428571428571428,1024,True,2
"[""build"", ""fix""]","[""fix"", ""build""]",0.407832384109497,"['9be725fa3906323d4bc9788f54eccf74109d632b', 'c44cf88a6ec54e5ddd99d8348bcc57b301ec7945']",1.0,1.0,1.0,True,0.0,1024,True,2
"[""ci"", ""docs""]","[""ci"", ""docs""]",0.4124875068664551,"['173553c0372e66e03bdab19e0e6c2dd44daa14a0', 'e12d9e77a6fd531a22325337838a841b1c67f00d']",1.0,1.0,1.0,True,0.0,1024,True,2
"[""ci"", ""feat""]","[""ci"", ""feat""]",0.4010207653045654,"['6c9cb638cb4d1ecc42632fcf389c24898c5b3244', 'f823cf28652987d43c8324b4f5b203240032383a']",1.0,1.0,1.0,True,0.0,1024,True,2
"[""ci"", ""docs""]","[""ci"", ""docs""]",0.4315457344055176,"['74e9de5ec97dc013a52aa063dff0f40ac74c407b', 'c2ee5cd5e709afd15c5565ee009a0d204403a119']",1.0,1.0,1.0,True,0.0,1024,True,2
"[""test"", ""build""]","[""test"", ""build""]",0.3979132175445556,"['317f4eefecddfb1392ca71d551840f446feee302', '5b81fde8a72cf2e69a10e9f5c4f0bea0a2b8c3e0']",1.0,1.0,1.0,True,0.0,1024,True,2
"[""docs"", ""feat""]","[""docs"", ""feat""]",0.4134063720703125,"['a52a585d74894b3b4eeb8c784fa089ff95cddad0', 'f823cf28652987d43c8324b4f5b203240032383a']",1.0,1.0,1.0,True,0.0,1024,True,2
"[""refactor"", ""build""]","[""refactor"", ""build""]",0.3737738132476806,"['47ef9104e4a89e80d7cc6c1950bc080841da4a7b', '5b81fde8a72cf2e69a10e9f5c4f0bea0a2b8c3e0']",1.0,1.0,1.0,True,0.0,1024,True,2
"[""fix"", ""refactor""]","[""feat"", ""refactor""]",0.4907741546630859,"['e137f9fdbdb6bf3f85c3f7ac9323785e445844c8', '771857b1df9470ebc15357e8879118a72c649d5b']",0.5,0.5,0.5,False,0.2857142857142857,1024,True,2
"[""refactor"", ""fix""]","[""feat"", ""fix""]",0.445735216140747,"['6ed56ce9ae743ba9a87e6c9643cc06b1de7b748d', 'd1d55e787b7d07f763852602b9939a5394607fd9']",0.5,0.5,0.5,False,0.2857142857142857,1024,True,2
"[""build"", ""docs""]","[""build"", ""docs""]",0.3836369514465332,"['c323d59c607cabc91f17a78528d998f376f30b10', '0cfc5633d37ea06f645649138323f1820e18bdee']",1.0,1.0,1.0,True,0.0,1024,True,2
"[""fix""]","[""test"", ""refactor""]",0.3366320133209228,"['8ee0611fbf0cd89abe7ae588f22e6ecb843598ea', '2954a0955ce9af6acb345ed1e8328e145ad30475']",0.0,0.0,0.0,False,0.4285714285714285,1024,True,2
"[""refactor"", ""fix""]","[""refactor"", ""fix""]",0.3811476230621338,"['36556bf8e0bce4ab6d26eafacbdad04d9614a5d7', 'c8e0ae8612df3d6f2831acc004aaac332f6105e4']",1.0,1.0,1.0,True,0.0,1024,True,2
"[""build""]","[""build"", ""ci""]",0.3669514656066894,"['e4a11fd5c34942ba12737f1c8c084489428ee274', '173553c0372e66e03bdab19e0e6c2dd44daa14a0']",1.0,0.5,0.6666666666666666,False,0.1428571428571428,1024,True,2
"[""fix"", ""feat""]","[""fix"", ""feat""]",0.4210224151611328,"['c8e0ae8612df3d6f2831acc004aaac332f6105e4', 'f9a094918b62534614c47aa8a13f33aec751a1e0']",1.0,1.0,1.0,True,0.0,1024,True,2
"[""docs"", ""build""]","[""refactor"", ""docs""]",0.4132969379425049,"['771857b1df9470ebc15357e8879118a72c649d5b', '0cfc5633d37ea06f645649138323f1820e18bdee']",0.5,0.5,0.5,False,0.2857142857142857,1024,True,2
"[""fix"", ""feat""]","[""feat"", ""fix""]",0.4150056838989258,"['6ed56ce9ae743ba9a87e6c9643cc06b1de7b748d', '87d5d4e55ab7149b593d29410f1fe426ba2447d4']",1.0,1.0,1.0,True,0.0,1024,True,2
"[""refactor"", ""test""]","[""refactor"", ""test""]",0.464644193649292,"['1db13ec43727aca872a0f3836e4023ed85db665e', '229b53a632ea97d47c4be11f096bdd828fb415d8']",1.0,1.0,1.0,True,0.0,1024,True,2
"[""test"", ""feat""]","[""test"", ""refactor""]",0.4617085456848144,"['317f4eefecddfb1392ca71d551840f446feee302', '63eab619e6166eb6cab948028a7b89bf059dd878']",0.5,0.5,0.5,False,0.2857142857142857,1024,True,2
"[""build"", ""fix""]","[""docs"", ""build""]",0.3897297382354736,"['e12d9e77a6fd531a22325337838a841b1c67f00d', 'c44cf88a6ec54e5ddd99d8348bcc57b301ec7945']",0.5,0.5,0.5,False,0.2857142857142857,1024,True,2
"[""refactor"", ""build""]","[""refactor"", ""build""]",0.4265716075897217,"['1db13ec43727aca872a0f3836e4023ed85db665e', '32b92cfa0b74a6c25990e32ac6aab12b8496794c']",1.0,1.0,1.0,True,0.0,1024,True,2
"[""docs"", ""fix"", ""test""]","[""docs"", ""fix""]",0.5253832340240479,"['c2ee5cd5e709afd15c5565ee009a0d204403a119', 'bed78248c941d57ad4cc20a455147e186e97c7a1']",0.6666666666666666,1.0,0.8,False,0.1428571428571428,1024,True,2
"[""docs"", ""ci""]","[""docs"", ""ci""]",0.4018783569335937,"['bf83c9155e9bee6925aa7102fab53fb803d52533', '173553c0372e66e03bdab19e0e6c2dd44daa14a0']",1.0,1.0,1.0,True,0.0,1024,True,2
"[""refactor"", ""ci""]","[""refactor"", ""ci""]",0.4408471584320068,"['36556bf8e0bce4ab6d26eafacbdad04d9614a5d7', '74e9de5ec97dc013a52aa063dff0f40ac74c407b']",1.0,1.0,1.0,True,0.0,1024,True,2
"[""test"", ""feat""]","[""test"", ""fix""]",0.416109561920166,"['e9617f0854030e70365eb264bcb3b58078e79e9e', '87d5d4e55ab7149b593d29410f1fe426ba2447d4']",0.5,0.5,0.5,False,0.2857142857142857,1024,True,2
"[""feat"", ""refactor""]","[""feat"", ""refactor""]",0.4218213558197021,"['e137f9fdbdb6bf3f85c3f7ac9323785e445844c8', '47ef9104e4a89e80d7cc6c1950bc080841da4a7b']",1.0,1.0,1.0,True,0.0,1024,True,2
"[""refactor"", ""ci""]","[""fix"", ""ci""]",0.4894394874572754,"['2561f4ade46fc9d59f289f328cc77733a6443697', '74e9de5ec97dc013a52aa063dff0f40ac74c407b']",0.5,0.5,0.5,False,0.2857142857142857,1024,True,2
"[""build"", ""ci""]","[""build"", ""ci""]",0.3510816097259521,"['5b81fde8a72cf2e69a10e9f5c4f0bea0a2b8c3e0', 'e96487ad7ce90b141219d9032fa2bed68d5dae6a']",1.0,1.0,1.0,True,0.0,1024,True,2
"[""build"", ""feat"", ""test""]","[""build"", ""test""]",0.4916524887084961,"['32b92cfa0b74a6c25990e32ac6aab12b8496794c', '8ee0611fbf0cd89abe7ae588f22e6ecb843598ea']",0.6666666666666666,1.0,0.8,False,0.1428571428571428,1024,True,2
"[""refactor"", ""ci""]","[""refactor"", ""ci""]",0.490436315536499,"['1db13ec43727aca872a0f3836e4023ed85db665e', '74e9de5ec97dc013a52aa063dff0f40ac74c407b']",1.0,1.0,1.0,True,0.0,1024,True,2
"[""fix"", ""build""]","[""fix"", ""build""]",0.4327237606048584,"['2561f4ade46fc9d59f289f328cc77733a6443697', 'c55591ba157298a9c5816693c102a89dfd058830']",1.0,1.0,1.0,True,0.0,1024,True,2
"[""build"", ""refactor""]","[""build"", ""refactor""]",0.4537560939788818,"['5b81fde8a72cf2e69a10e9f5c4f0bea0a2b8c3e0', '1db13ec43727aca872a0f3836e4023ed85db665e']",1.0,1.0,1.0,True,0.0,1024,True,2
"[""test"", ""ci""]","[""test"", ""ci""]",0.4141404628753662,"['8ee0611fbf0cd89abe7ae588f22e6ecb843598ea', 'e96487ad7ce90b141219d9032fa2bed68d5dae6a']",1.0,1.0,1.0,True,0.0,1024,True,2
"[""test"", ""feat""]","[""test"", ""refactor""]",0.4617657661437988,"['bedc7950b24c37809e36a585b7985d5aa5e3e458', '062daa45cbd5dba6e96e95d8cdcaee89ae30a83c']",0.5,0.5,0.5,False,0.2857142857142857,1024,True,2
"[""ci"", ""feat""]","[""ci"", ""refactor""]",0.4551606178283691,"['74e9de5ec97dc013a52aa063dff0f40ac74c407b', '63eab619e6166eb6cab948028a7b89bf059dd878']",0.5,0.5,0.5,False,0.2857142857142857,1024,True,2
"[""test""]","[""test"", ""docs""]",0.3035097122192383,"['317f4eefecddfb1392ca71d551840f446feee302', 'af880ac5b4fecbc6c4f3d1eee0d95f326e8bd9d1']",1.0,0.5,0.6666666666666666,False,0.1428571428571428,1024,True,2
"[""feat"", ""fix""]","[""feat"", ""fix""]",0.3927795886993408,"['dc5238b2bda98a7c4f2fe9584fc3b0191a408109', '9ef5c0d14193a9abb09b39856f58477d1f4b0d77']",1.0,1.0,1.0,True,0.0,1024,True,2
"[""docs"", ""feat""]","[""build"", ""docs""]",0.4128813743591308,"['e4a11fd5c34942ba12737f1c8c084489428ee274', 'e12d9e77a6fd531a22325337838a841b1c67f00d']",0.5,0.5,0.5,False,0.2857142857142857,1024,True,2
"[""fix"", ""feat""]","[""feat"", ""refactor""]",0.4665000438690185,"['6ed56ce9ae743ba9a87e6c9643cc06b1de7b748d', '63eab619e6166eb6cab948028a7b89bf059dd878']",0.5,0.5,0.5,False,0.2857142857142857,1024,True,2
"[""ci""]","[""ci"", ""fix"", ""docs""]",0.3222846984863281,"['dbb537a26e388a8d7d17faf131abc30c2f7a84e6', 'd129eaf9125a967ac86c6c7276bbae6b4d50af36', 'cb1f48b56ae0de93acb72e48726c7d610a1d538e']",1.0,0.3333333333333333,0.5,False,0.2857142857142857,1024,True,3
"[""fix"", ""refactor"", ""test""]","[""fix"", ""refactor"", ""feat""]",0.5571534633636475,"['933ab6bb86372913c992567cf9660009900911a7', '3cca5c314ad6feeffbfe1f14cf49ebd0fd9a95a2', '6ed56ce9ae743ba9a87e6c9643cc06b1de7b748d']",0.6666666666666666,0.6666666666666666,0.6666666666666666,False,0.2857142857142857,1024,True,3
"[""build"", ""feat"", ""ci""]","[""build"", ""feat"", ""ci""]",0.5153069496154785,"['5b81fde8a72cf2e69a10e9f5c4f0bea0a2b8c3e0', 'e137f9fdbdb6bf3f85c3f7ac9323785e445844c8', '32845e1bbd1efb5dbc16f671049509a409ba25ce']",1.0,1.0,1.0,True,0.0,1024,True,3
"[""build"", ""docs"", ""feat""]","[""ci"", ""docs"", ""feat""]",0.5605607032775879,"['45837af24a33308a70a3454f0f650f9fe728e272', '6d405dfc1675dcad64a2dfac0c0cb0fb28381d21', 'f823cf28652987d43c8324b4f5b203240032383a']",0.6666666666666666,0.6666666666666666,0.6666666666666666,False,0.2857142857142857,1024,True,3
"[""ci"", ""docs"", ""build""]","[""ci"", ""docs"", ""build""]",0.4766359329223633,"['6c9cb638cb4d1ecc42632fcf389c24898c5b3244', 'bf83c9155e9bee6925aa7102fab53fb803d52533', 'c323d59c607cabc91f17a78528d998f376f30b10']",1.0,1.0,1.0,True,0.0,1024,True,3
"[""test"", ""docs"", ""fix""]","[""test"", ""docs"", ""fix""]",0.5232589244842529,"['229b53a632ea97d47c4be11f096bdd828fb415d8', 'e12d9e77a6fd531a22325337838a841b1c67f00d', 'd129eaf9125a967ac86c6c7276bbae6b4d50af36']",1.0,1.0,1.0,True,0.0,1024,True,3
"[""feat"", ""docs"", ""refactor""]","[""feat"", ""docs"", ""refactor""]",0.5932216644287109,"['68278b00450f2679761a2999500f6d87a579376b', 'c2ee5cd5e709afd15c5565ee009a0d204403a119', '535708ae50aecb452560a23356fd396f99ef13a2']",1.0,1.0,1.0,True,0.0,1024,True,3
"[""docs""]","[""docs"", ""ci"", ""test""]",0.3312129974365234,"['0cfc5633d37ea06f645649138323f1820e18bdee', '6c9cb638cb4d1ecc42632fcf389c24898c5b3244', 'f411e58cd510f8a2b980b2f1932003a0c0e9f8f3']",1.0,0.3333333333333333,0.5,False,0.2857142857142857,1024,True,3
"[""build"", ""fix"", ""refactor""]","[""build"", ""fix"", ""refactor""]",0.5386450290679932,"['1269431c8a3e7549f10fcbbb4b88ff625c8898b3', '933ab6bb86372913c992567cf9660009900911a7', '36556bf8e0bce4ab6d26eafacbdad04d9614a5d7']",1.0,1.0,1.0,True,0.0,1024,True,3
"[""test"", ""fix"", ""docs""]","[""test"", ""fix"", ""docs""]",0.517927885055542,"['c7b25726df94a2530c9b1c0d2b6a0acaa103822f', '933ab6bb86372913c992567cf9660009900911a7', 'c2ee5cd5e709afd15c5565ee009a0d204403a119']",1.0,1.0,1.0,True,0.0,1024,True,3
"[""refactor"", ""fix""]","[""build"", ""refactor"", ""fix""]",0.437636137008667,"['32b92cfa0b74a6c25990e32ac6aab12b8496794c', '771857b1df9470ebc15357e8879118a72c649d5b', '06e2be4e2019b6fa714e1fcb34485860ef1ede79']",1.0,0.6666666666666666,0.8,False,0.1428571428571428,1024,True,3
"[""test"", ""docs"", ""build""]","[""test"", ""docs"", ""build""]",0.5241546630859375,"['f411e58cd510f8a2b980b2f1932003a0c0e9f8f3', '036a0ff49a7dade0e04c9c07071a1ff49133ee24', 'c44cf88a6ec54e5ddd99d8348bcc57b301ec7945']",1.0,1.0,1.0,True,0.0,1024,True,3
"[""build"", ""test"", ""refactor""]","[""feat"", ""test"", ""refactor""]",0.6135420799255371,"['6ed56ce9ae743ba9a87e6c9643cc06b1de7b748d', 'c7b25726df94a2530c9b1c0d2b6a0acaa103822f', '535708ae50aecb452560a23356fd396f99ef13a2']",0.6666666666666666,0.6666666666666666,0.6666666666666666,False,0.2857142857142857,1024,True,3
"[""docs"", ""feat"", ""fix""]","[""docs"", ""feat"", ""fix""]",0.528975248336792,"['6d405dfc1675dcad64a2dfac0c0cb0fb28381d21', 'ded26d768ff432ad3bde3c0aa1e95ce50726100a', 'd129eaf9125a967ac86c6c7276bbae6b4d50af36']",1.0,1.0,1.0,True,0.0,1024,True,3
"[""ci"", ""docs"", ""refactor""]","[""ci"", ""docs"", ""fix""]",0.5872085094451904,"['e7a67d88173566be3cd3aed7e9eeb7e29aabbc57', 'c2ee5cd5e709afd15c5565ee009a0d204403a119', 'bed78248c941d57ad4cc20a455147e186e97c7a1']",0.6666666666666666,0.6666666666666666,0.6666666666666666,False,0.2857142857142857,1024,True,3
"[""ci"", ""docs"", ""fix""]","[""ci"", ""docs"", ""fix""]",0.552281379699707,"['74e9de5ec97dc013a52aa063dff0f40ac74c407b', 'aca23027da1295c78fdf42ba9687d8ccc88784d7', 'd129eaf9125a967ac86c6c7276bbae6b4d50af36']",1.0,1.0,1.0,True,0.0,1024,True,3
"[""test"", ""docs"", ""build""]","[""test"", ""fix"", ""build""]",0.5273005962371826,"['c7b25726df94a2530c9b1c0d2b6a0acaa103822f', 'bed78248c941d57ad4cc20a455147e186e97c7a1', 'c55591ba157298a9c5816693c102a89dfd058830']",0.6666666666666666,0.6666666666666666,0.6666666666666666,False,0.2857142857142857,1024,True,3
"[""build"", ""ci"", ""feat""]","[""docs"", ""ci"", ""fix""]",0.5215258598327637,"['a52a585d74894b3b4eeb8c784fa089ff95cddad0', 'e7a67d88173566be3cd3aed7e9eeb7e29aabbc57', 'bed78248c941d57ad4cc20a455147e186e97c7a1']",0.3333333333333333,0.3333333333333333,0.3333333333333333,False,0.5714285714285714,1024,True,3
"[""build"", ""ci"", ""test""]","[""build"", ""ci"", ""test""]",0.5101191997528076,"['f00a4d3e307b89842250358ee432e6800bb24362', '6c9cb638cb4d1ecc42632fcf389c24898c5b3244', 'c7b25726df94a2530c9b1c0d2b6a0acaa103822f']",1.0,1.0,1.0,True,0.0,1024,True,3
"[""docs"", ""feat"", ""fix""]","[""refactor"", ""feat"", ""fix""]",0.5837550163269043,"['2954a0955ce9af6acb345ed1e8328e145ad30475', 'dc5238b2bda98a7c4f2fe9584fc3b0191a408109', '9ef5c0d14193a9abb09b39856f58477d1f4b0d77']",0.6666666666666666,0.6666666666666666,0.6666666666666666,False,0.2857142857142857,1024,True,3
"[""build"", ""test"", ""refactor""]","[""ci"", ""test"", ""fix""]",0.5548605918884277,"['4cbbd2552ba0de273e1dfe7d453c5b3efed751a3', 'f411e58cd510f8a2b980b2f1932003a0c0e9f8f3', '06e2be4e2019b6fa714e1fcb34485860ef1ede79']",0.3333333333333333,0.3333333333333333,0.3333333333333333,False,0.5714285714285714,1024,True,3
"[""fix"", ""refactor"", ""build""]","[""feat"", ""refactor"", ""build""]",0.5940992832183838,"['b282e90e2cbb74559aab79eee8443a4d7c85502a', '1db13ec43727aca872a0f3836e4023ed85db665e', '37b1cbfd3d2c462ef4f2a131e4172c38dc8d9ddf']",0.6666666666666666,0.6666666666666666,0.6666666666666666,False,0.2857142857142857,1024,True,3
"[""build"", ""feat"", ""ci""]","[""fix"", ""feat"", ""ci""]",0.5471522808074951,"['d129eaf9125a967ac86c6c7276bbae6b4d50af36', 'fd8e563cc19ca4684885d4692acee6bebcca4ada', '173553c0372e66e03bdab19e0e6c2dd44daa14a0']",0.6666666666666666,0.6666666666666666,0.6666666666666666,False,0.2857142857142857,1024,True,3
"[""docs"", ""test"", ""build""]","[""docs"", ""refactor"", ""test""]",0.5262660980224609,"['036a0ff49a7dade0e04c9c07071a1ff49133ee24', '63eab619e6166eb6cab948028a7b89bf059dd878', '229b53a632ea97d47c4be11f096bdd828fb415d8']",0.6666666666666666,0.6666666666666666,0.6666666666666666,False,0.2857142857142857,1024,True,3
"[""test"", ""ci"", ""fix""]","[""test"", ""ci"", ""feat""]",0.5261836051940918,"['c7b25726df94a2530c9b1c0d2b6a0acaa103822f', '32845e1bbd1efb5dbc16f671049509a409ba25ce', 'b282e90e2cbb74559aab79eee8443a4d7c85502a']",0.6666666666666666,0.6666666666666666,0.6666666666666666,False,0.2857142857142857,1024,True,3
"[""feat"", ""build"", ""refactor""]","[""feat"", ""build"", ""refactor""]",0.5210366249084473,"['f9a094918b62534614c47aa8a13f33aec751a1e0', '5b81fde8a72cf2e69a10e9f5c4f0bea0a2b8c3e0', '36556bf8e0bce4ab6d26eafacbdad04d9614a5d7']",1.0,1.0,1.0,True,0.0,1024,True,3
"[""feat"", ""build"", ""docs""]","[""feat"", ""build"", ""docs""]",0.5299055576324463,"['e137f9fdbdb6bf3f85c3f7ac9323785e445844c8', '37b1cbfd3d2c462ef4f2a131e4172c38dc8d9ddf', 'e12d9e77a6fd531a22325337838a841b1c67f00d']",1.0,1.0,1.0,True,0.0,1024,True,3
"[""build"", ""refactor"", ""ci""]","[""build"", ""refactor"", ""ci""]",0.5517532825469971,"['f00a4d3e307b89842250358ee432e6800bb24362', '36556bf8e0bce4ab6d26eafacbdad04d9614a5d7', '4cbbd2552ba0de273e1dfe7d453c5b3efed751a3']",1.0,1.0,1.0,True,0.0,1024,True,3
"[""docs"", ""ci"", ""build""]","[""docs"", ""ci"", ""build""]",0.5275309085845947,"['cb1f48b56ae0de93acb72e48726c7d610a1d538e', 'e96487ad7ce90b141219d9032fa2bed68d5dae6a', '454003841aabeb74396d73541378bfa59c75b5db']",1.0,1.0,1.0,True,0.0,1024,True,3
"[""fix"", ""test"", ""build""]","[""fix"", ""test"", ""build""]",0.5156552791595459,"['d129eaf9125a967ac86c6c7276bbae6b4d50af36', 'e2e8ad25854bd1e7cdbc7f50b50bbd99e04ad47d', '1269431c8a3e7549f10fcbbb4b88ff625c8898b3']",1.0,1.0,1.0,True,0.0,1024,True,3
"[""fix"", ""docs"", ""refactor""]","[""refactor"", ""docs"", ""feat""]",0.553605318069458,"['2954a0955ce9af6acb345ed1e8328e145ad30475', 'a52a585d74894b3b4eeb8c784fa089ff95cddad0', 'b282e90e2cbb74559aab79eee8443a4d7c85502a']",0.6666666666666666,0.6666666666666666,0.6666666666666666,False,0.2857142857142857,1024,True,3
"[""docs"", ""refactor"", ""test""]","[""docs"", ""refactor"", ""test""]",0.5568912029266357,"['0cfc5633d37ea06f645649138323f1820e18bdee', '1db13ec43727aca872a0f3836e4023ed85db665e', 'bedc7950b24c37809e36a585b7985d5aa5e3e458']",1.0,1.0,1.0,True,0.0,1024,True,3
"[""build"", ""docs"", ""test""]","[""fix"", ""docs"", ""test""]",0.4914207458496094,"['933ab6bb86372913c992567cf9660009900911a7', '0cfc5633d37ea06f645649138323f1820e18bdee', 'c7b25726df94a2530c9b1c0d2b6a0acaa103822f']",0.6666666666666666,0.6666666666666666,0.6666666666666666,False,0.2857142857142857,1024,True,3
"[""refactor"", ""ci"", ""test""]","[""refactor"", ""ci"", ""test""]",0.5365097522735596,"['36556bf8e0bce4ab6d26eafacbdad04d9614a5d7', '6c9cb638cb4d1ecc42632fcf389c24898c5b3244', '229b53a632ea97d47c4be11f096bdd828fb415d8']",1.0,1.0,1.0,True,0.0,1024,True,3
"[""ci"", ""test"", ""docs""]","[""ci"", ""test"", ""docs""]",0.6160075664520264,"['c5fa7b80438fbd74f4c341f0d3c9bd9e0f4910da', '229b53a632ea97d47c4be11f096bdd828fb415d8', 'aca23027da1295c78fdf42ba9687d8ccc88784d7']",1.0,1.0,1.0,True,0.0,1024,True,3
"[""docs"", ""docs"", ""refactor""]","[""feat"", ""docs"", ""fix""]",0.5583312511444092,"['f823cf28652987d43c8324b4f5b203240032383a', '0cfc5633d37ea06f645649138323f1820e18bdee', '9ef5c0d14193a9abb09b39856f58477d1f4b0d77']",0.5,0.3333333333333333,0.4,False,0.4285714285714285,1024,True,3
"[""test"", ""fix"", ""build"", ""docs""]","[""test"", ""fix"", ""build""]",0.6218433380126953,"['317f4eefecddfb1392ca71d551840f446feee302', '06e2be4e2019b6fa714e1fcb34485860ef1ede79', 'c55591ba157298a9c5816693c102a89dfd058830']",0.75,1.0,0.8571428571428571,False,0.1428571428571428,1024,True,3
"[""docs"", ""fix"", ""refactor""]","[""feat"", ""docs"", ""refactor""]",0.5359621047973633,"['e137f9fdbdb6bf3f85c3f7ac9323785e445844c8', 'bf83c9155e9bee6925aa7102fab53fb803d52533', '36556bf8e0bce4ab6d26eafacbdad04d9614a5d7']",0.6666666666666666,0.6666666666666666,0.6666666666666666,False,0.2857142857142857,1024,True,3
"[""fix"", ""build"", ""fix""]","[""fix"", ""ci"", ""build""]",0.5094313621520996,"['d129eaf9125a967ac86c6c7276bbae6b4d50af36', '6c9cb638cb4d1ecc42632fcf389c24898c5b3244', 'c44cf88a6ec54e5ddd99d8348bcc57b301ec7945']",1.0,0.6666666666666666,0.8,False,0.1428571428571428,1024,True,3
"[""refactor"", ""fix"", ""docs""]","[""fix"", ""refactor"", ""docs""]",0.5490422248840332,"['2561f4ade46fc9d59f289f328cc77733a6443697', '2954a0955ce9af6acb345ed1e8328e145ad30475', 'a52a585d74894b3b4eeb8c784fa089ff95cddad0']",1.0,1.0,1.0,True,0.0,1024,True,3
"[""build"", ""fix""]","[""build"", ""feat"", ""fix""]",0.4007821083068847,"['c55591ba157298a9c5816693c102a89dfd058830', 'dc5238b2bda98a7c4f2fe9584fc3b0191a408109', '9be725fa3906323d4bc9788f54eccf74109d632b']",1.0,0.6666666666666666,0.8,False,0.1428571428571428,1024,True,3
"[""test"", ""refactor"", ""feat""]","[""test"", ""refactor"", ""feat""]",0.5543239116668701,"['229b53a632ea97d47c4be11f096bdd828fb415d8', '36556bf8e0bce4ab6d26eafacbdad04d9614a5d7', 'ded26d768ff432ad3bde3c0aa1e95ce50726100a']",1.0,1.0,1.0,True,0.0,1024,True,3
"[""test"", ""build"", ""docs"", ""ci""]","[""test"", ""build"", ""ci""]",0.6551189422607422,"['e0198f74b81da3663144cfe1d971939319f82a0f', 'c55591ba157298a9c5816693c102a89dfd058830', 'e7a67d88173566be3cd3aed7e9eeb7e29aabbc57']",0.75,1.0,0.8571428571428571,False,0.1428571428571428,1024,True,3
"[""test"", ""fix"", ""docs""]","[""test"", ""fix"", ""docs""]",0.5282375812530518,"['bedc7950b24c37809e36a585b7985d5aa5e3e458', '933ab6bb86372913c992567cf9660009900911a7', '6d405dfc1675dcad64a2dfac0c0cb0fb28381d21']",1.0,1.0,1.0,True,0.0,1024,True,3
"[""fix"", ""build"", ""test""]","[""fix"", ""build"", ""test""]",0.5080232620239258,"['d129eaf9125a967ac86c6c7276bbae6b4d50af36', '32b92cfa0b74a6c25990e32ac6aab12b8496794c', '317f4eefecddfb1392ca71d551840f446feee302']",1.0,1.0,1.0,True,0.0,1024,True,3
"[""feat"", ""build"", ""ci""]","[""feat"", ""fix"", ""ci""]",0.5212011337280273,"['f823cf28652987d43c8324b4f5b203240032383a', '9be725fa3906323d4bc9788f54eccf74109d632b', '32845e1bbd1efb5dbc16f671049509a409ba25ce']",0.6666666666666666,0.6666666666666666,0.6666666666666666,False,0.2857142857142857,1024,True,3
"[""fix"", ""docs"", ""build""]","[""fix"", ""docs"", ""build""]",0.5288329124450684,"['9ef5c0d14193a9abb09b39856f58477d1f4b0d77', 'a52a585d74894b3b4eeb8c784fa089ff95cddad0', '37b1cbfd3d2c462ef4f2a131e4172c38dc8d9ddf']",1.0,1.0,1.0,True,0.0,1024,True,3
"[""feat"", ""ci"", ""docs""]","[""fix"", ""ci"", ""docs""]",0.5185976028442383,"['87d5d4e55ab7149b593d29410f1fe426ba2447d4', '4cbbd2552ba0de273e1dfe7d453c5b3efed751a3', '6d405dfc1675dcad64a2dfac0c0cb0fb28381d21']",0.6666666666666666,0.6666666666666666,0.6666666666666666,False,0.2857142857142857,1024,True,3
"[""docs"", ""docs"", ""fix""]","[""feat"", ""docs"", ""fix""]",0.5563914775848389,"['fd8e563cc19ca4684885d4692acee6bebcca4ada', 'cb1f48b56ae0de93acb72e48726c7d610a1d538e', 'bed78248c941d57ad4cc20a455147e186e97c7a1']",1.0,0.6666666666666666,0.8,False,0.1428571428571428,1024,True,3
"[""fix"", ""feat"", ""refactor""]","[""feat"", ""fix"", ""refactor""]",0.5871508121490479,"['1bcf88670b50155b50071e707f98f30cea0b7a24', '9ef5c0d14193a9abb09b39856f58477d1f4b0d77', '062daa45cbd5dba6e96e95d8cdcaee89ae30a83c']",1.0,1.0,1.0,True,0.0,1024,True,3
"[""refactor"", ""docs"", ""test""]","[""fix"", ""docs"", ""test""]",0.5555908679962158,"['bed78248c941d57ad4cc20a455147e186e97c7a1', 'a52a585d74894b3b4eeb8c784fa089ff95cddad0', 'e9617f0854030e70365eb264bcb3b58078e79e9e']",0.6666666666666666,0.6666666666666666,0.6666666666666666,False,0.2857142857142857,1024,True,3
"[""docs"", ""ci"", ""feat""]","[""docs"", ""ci"", ""feat""]",0.5322041511535645,"['c2ee5cd5e709afd15c5565ee009a0d204403a119', 'dbb537a26e388a8d7d17faf131abc30c2f7a84e6', 'ded26d768ff432ad3bde3c0aa1e95ce50726100a']",1.0,1.0,1.0,True,0.0,1024,True,3
"[""build"", ""ci"", ""refactor""]","[""build"", ""ci"", ""refactor""]",0.549797773361206,"['454003841aabeb74396d73541378bfa59c75b5db', 'dbb537a26e388a8d7d17faf131abc30c2f7a84e6', '062daa45cbd5dba6e96e95d8cdcaee89ae30a83c']",1.0,1.0,1.0,True,0.0,1024,True,3
"[""feat"", ""docs"", ""fix""]","[""feat"", ""fix"", ""test""]",0.5268535614013672,"['fd8e563cc19ca4684885d4692acee6bebcca4ada', 'd1d55e787b7d07f763852602b9939a5394607fd9', 'b7ce2894fd1794064bd6db4ed730bb6cb7728739']",0.6666666666666666,0.6666666666666666,0.6666666666666666,False,0.2857142857142857,1024,True,3
"[""docs"", ""fix"", ""build""]","[""docs"", ""test"", ""build""]",0.5259222984313965,"['bf83c9155e9bee6925aa7102fab53fb803d52533', 'b7ce2894fd1794064bd6db4ed730bb6cb7728739', '37b1cbfd3d2c462ef4f2a131e4172c38dc8d9ddf']",0.6666666666666666,0.6666666666666666,0.6666666666666666,False,0.2857142857142857,1024,True,3
"[""fix"", ""ci"", ""test""]","[""fix"", ""ci"", ""test""]",0.528510332107544,"['d129eaf9125a967ac86c6c7276bbae6b4d50af36', 'e7a67d88173566be3cd3aed7e9eeb7e29aabbc57', '317f4eefecddfb1392ca71d551840f446feee302']",1.0,1.0,1.0,True,0.0,1024,True,3
"[""docs"", ""refactor"", ""build""]","[""docs"", ""fix"", ""ci""]",0.5388822555541992,"['c2ee5cd5e709afd15c5565ee009a0d204403a119', 'd1d55e787b7d07f763852602b9939a5394607fd9', '6c9cb638cb4d1ecc42632fcf389c24898c5b3244']",0.3333333333333333,0.3333333333333333,0.3333333333333333,False,0.5714285714285714,1024,True,3
"[""ci"", ""fix"", ""docs""]","[""ci"", ""fix"", ""docs""]",0.4845442771911621,"['dbb537a26e388a8d7d17faf131abc30c2f7a84e6', 'c8e0ae8612df3d6f2831acc004aaac332f6105e4', 'e12d9e77a6fd531a22325337838a841b1c67f00d']",1.0,1.0,1.0,True,0.0,1024,True,3
"[""build"", ""docs"", ""fix""]","[""build"", ""docs"", ""refactor""]",0.523101806640625,"['c55591ba157298a9c5816693c102a89dfd058830', 'c2ee5cd5e709afd15c5565ee009a0d204403a119', 'a62314d9bb632be6af026686615d14b912250512']",0.6666666666666666,0.6666666666666666,0.6666666666666666,False,0.2857142857142857,1024,True,3
"[""docs"", ""build"", ""refactor""]","[""fix"", ""build"", ""refactor""]",0.6055014133453369,"['d1d55e787b7d07f763852602b9939a5394607fd9', '32b92cfa0b74a6c25990e32ac6aab12b8496794c', '062daa45cbd5dba6e96e95d8cdcaee89ae30a83c']",0.6666666666666666,0.6666666666666666,0.6666666666666666,False,0.2857142857142857,1024,True,3
"[""test"", ""docs"", ""build""]","[""test"", ""docs"", ""build""]",0.5174534320831299,"['f411e58cd510f8a2b980b2f1932003a0c0e9f8f3', 'af880ac5b4fecbc6c4f3d1eee0d95f326e8bd9d1', '1269431c8a3e7549f10fcbbb4b88ff625c8898b3']",1.0,1.0,1.0,True,0.0,1024,True,3
"[""feat"", ""refactor"", ""test""]","[""feat"", ""fix"", ""test""]",0.5583157539367676,"['f9a094918b62534614c47aa8a13f33aec751a1e0', '87d5d4e55ab7149b593d29410f1fe426ba2447d4', '317f4eefecddfb1392ca71d551840f446feee302']",0.6666666666666666,0.6666666666666666,0.6666666666666666,False,0.2857142857142857,1024,True,3
"[""test"", ""fix"", ""feat""]","[""test"", ""fix"", ""feat""]",0.5273854732513428,"['229b53a632ea97d47c4be11f096bdd828fb415d8', 'c8e0ae8612df3d6f2831acc004aaac332f6105e4', 'f823cf28652987d43c8324b4f5b203240032383a']",1.0,1.0,1.0,True,0.0,1024,True,3
"[""refactor"", ""fix"", ""fix""]","[""feat"", ""fix"", ""docs""]",0.5088436603546143,"['dc5238b2bda98a7c4f2fe9584fc3b0191a408109', '06e2be4e2019b6fa714e1fcb34485860ef1ede79', 'af880ac5b4fecbc6c4f3d1eee0d95f326e8bd9d1']",0.5,0.3333333333333333,0.4,False,0.4285714285714285,1024,True,3
"[""ci"", ""docs"", ""test""]","[""ci"", ""docs"", ""test""]",0.5179538726806641,"['173553c0372e66e03bdab19e0e6c2dd44daa14a0', 'e12d9e77a6fd531a22325337838a841b1c67f00d', 'c7b25726df94a2530c9b1c0d2b6a0acaa103822f']",1.0,1.0,1.0,True,0.0,1024,True,3
"[""ci"", ""fix"", ""docs""]","[""ci"", ""fix"", ""docs""]",0.5096583366394043,"['dbb537a26e388a8d7d17faf131abc30c2f7a84e6', '2561f4ade46fc9d59f289f328cc77733a6443697', 'e12d9e77a6fd531a22325337838a841b1c67f00d']",1.0,1.0,1.0,True,0.0,1024,True,3
"[""feat"", ""build"", ""test""]","[""feat"", ""fix"", ""test""]",0.5583071708679199,"['f823cf28652987d43c8324b4f5b203240032383a', '9ef5c0d14193a9abb09b39856f58477d1f4b0d77', '229b53a632ea97d47c4be11f096bdd828fb415d8']",0.6666666666666666,0.6666666666666666,0.6666666666666666,False,0.2857142857142857,1024,True,3
"[""docs"", ""ci"", ""fix""]","[""docs"", ""ci"", ""feat""]",0.5570168495178223,"['6d405dfc1675dcad64a2dfac0c0cb0fb28381d21', '173553c0372e66e03bdab19e0e6c2dd44daa14a0', 'b282e90e2cbb74559aab79eee8443a4d7c85502a']",0.6666666666666666,0.6666666666666666,0.6666666666666666,False,0.2857142857142857,1024,True,3
"[""ci"", ""docs"", ""build""]","[""ci"", ""docs"", ""build""]",0.5766911506652832,"['c5fa7b80438fbd74f4c341f0d3c9bd9e0f4910da', '036a0ff49a7dade0e04c9c07071a1ff49133ee24', 'c44cf88a6ec54e5ddd99d8348bcc57b301ec7945']",1.0,1.0,1.0,True,0.0,1024,True,3
"[""ci"", ""fix"", ""build""]","[""ci"", ""feat"", ""build""]",0.5626668930053711,"['32845e1bbd1efb5dbc16f671049509a409ba25ce', 'b282e90e2cbb74559aab79eee8443a4d7c85502a', '37b1cbfd3d2c462ef4f2a131e4172c38dc8d9ddf']",0.6666666666666666,0.6666666666666666,0.6666666666666666,False,0.2857142857142857,1024,True,3
"[""test"", ""build"", ""fix"", ""feat""]","[""test"", ""build"", ""fix"", ""feat""]",0.6477165222167969,"['e0198f74b81da3663144cfe1d971939319f82a0f', 'f00a4d3e307b89842250358ee432e6800bb24362', 'd129eaf9125a967ac86c6c7276bbae6b4d50af36', 'dc5238b2bda98a7c4f2fe9584fc3b0191a408109']",1.0,1.0,1.0,True,0.0,1024,True,4
"[""build"", ""fix"", ""test"", ""docs""]","[""ci"", ""build"", ""test"", ""docs""]",0.6195907592773438,"['c5fa7b80438fbd74f4c341f0d3c9bd9e0f4910da', '1269431c8a3e7549f10fcbbb4b88ff625c8898b3', 'e2e8ad25854bd1e7cdbc7f50b50bbd99e04ad47d', '036a0ff49a7dade0e04c9c07071a1ff49133ee24']",0.75,0.75,0.75,False,0.2857142857142857,1024,True,4
"[""refactor"", ""feat"", ""docs"", ""test""]","[""refactor"", ""feat"", ""docs"", ""test""]",0.6489462852478027,"['3cca5c314ad6feeffbfe1f14cf49ebd0fd9a95a2', 'dc5238b2bda98a7c4f2fe9584fc3b0191a408109', 'aca23027da1295c78fdf42ba9687d8ccc88784d7', '229b53a632ea97d47c4be11f096bdd828fb415d8']",1.0,1.0,1.0,True,0.0,1024,True,4
"[""fix"", ""test"", ""build"", ""feat""]","[""fix"", ""test"", ""build"", ""refactor""]",0.6501414775848389,"['d1d55e787b7d07f763852602b9939a5394607fd9', 'bedc7950b24c37809e36a585b7985d5aa5e3e458', 'c55591ba157298a9c5816693c102a89dfd058830', '535708ae50aecb452560a23356fd396f99ef13a2']",0.75,0.75,0.75,False,0.2857142857142857,1024,True,4
"[""docs"", ""build"", ""build"", ""fix""]","[""docs"", ""build"", ""ci"", ""feat""]",0.6812281608581543,"['a52a585d74894b3b4eeb8c784fa089ff95cddad0', '1269431c8a3e7549f10fcbbb4b88ff625c8898b3', '45837af24a33308a70a3454f0f650f9fe728e272', 'e137f9fdbdb6bf3f85c3f7ac9323785e445844c8']",0.6666666666666666,0.5,0.5714285714285715,False,0.4285714285714285,1024,True,4
"[""docs"", ""fix"", ""feat"", ""ci""]","[""test"", ""fix"", ""refactor"", ""ci""]",0.6498234272003174,"['e9617f0854030e70365eb264bcb3b58078e79e9e', 'bed78248c941d57ad4cc20a455147e186e97c7a1', '535708ae50aecb452560a23356fd396f99ef13a2', 'c5fa7b80438fbd74f4c341f0d3c9bd9e0f4910da']",0.5,0.5,0.5,False,0.5714285714285714,1024,True,4
"[""ci"", ""fix"", ""feat"", ""docs""]","[""ci"", ""fix"", ""feat"", ""refactor""]",0.6539485454559326,"['e7a67d88173566be3cd3aed7e9eeb7e29aabbc57', 'bed78248c941d57ad4cc20a455147e186e97c7a1', 'f823cf28652987d43c8324b4f5b203240032383a', '2954a0955ce9af6acb345ed1e8328e145ad30475']",0.75,0.75,0.75,False,0.2857142857142857,1024,True,4
"[""docs"", ""ci"", ""test"", ""refactor""]","[""docs"", ""ci"", ""test"", ""refactor""]",0.6857113838195801,"['aca23027da1295c78fdf42ba9687d8ccc88784d7', '74e9de5ec97dc013a52aa063dff0f40ac74c407b', '317f4eefecddfb1392ca71d551840f446feee302', '3cca5c314ad6feeffbfe1f14cf49ebd0fd9a95a2']",1.0,1.0,1.0,True,0.0,1024,True,4
"[""fix"", ""feat"", ""build"", ""docs""]","[""fix"", ""feat"", ""build"", ""docs""]",0.6151251792907715,"['9be725fa3906323d4bc9788f54eccf74109d632b', 'e137f9fdbdb6bf3f85c3f7ac9323785e445844c8', 'c323d59c607cabc91f17a78528d998f376f30b10', '0cfc5633d37ea06f645649138323f1820e18bdee']",1.0,1.0,1.0,True,0.0,1024,True,4
"[""docs"", ""feat"", ""test"", ""refactor""]","[""docs"", ""feat"", ""test"", ""fix""]",0.6767716407775879,"['0cfc5633d37ea06f645649138323f1820e18bdee', '1bcf88670b50155b50071e707f98f30cea0b7a24', '229b53a632ea97d47c4be11f096bdd828fb415d8', '87d5d4e55ab7149b593d29410f1fe426ba2447d4']",0.75,0.75,0.75,False,0.2857142857142857,1024,True,4
"[""build"", ""refactor"", ""test"", ""ci""]","[""build"", ""refactor"", ""test"", ""ci""]",0.6500194072723389,"['c55591ba157298a9c5816693c102a89dfd058830', '062daa45cbd5dba6e96e95d8cdcaee89ae30a83c', 'c7b25726df94a2530c9b1c0d2b6a0acaa103822f', 'dbb537a26e388a8d7d17faf131abc30c2f7a84e6']",1.0,1.0,1.0,True,0.0,1024,True,4
"[""fix"", ""test"", ""refactor""]","[""feat"", ""fix"", ""test"", ""refactor""]",0.5426187515258789,"['dc5238b2bda98a7c4f2fe9584fc3b0191a408109', 'c8e0ae8612df3d6f2831acc004aaac332f6105e4', 'f411e58cd510f8a2b980b2f1932003a0c0e9f8f3', '47ef9104e4a89e80d7cc6c1950bc080841da4a7b']",1.0,0.75,0.8571428571428571,False,0.1428571428571428,1024,True,4
"[""test"", ""docs"", ""fix"", ""build""]","[""refactor"", ""docs"", ""test"", ""ci""]",0.6562075614929199,"['63eab619e6166eb6cab948028a7b89bf059dd878', 'aca23027da1295c78fdf42ba9687d8ccc88784d7', 'f411e58cd510f8a2b980b2f1932003a0c0e9f8f3', 'e7a67d88173566be3cd3aed7e9eeb7e29aabbc57']",0.5,0.5,0.5,False,0.5714285714285714,1024,True,4
"[""docs""]","[""docs"", ""refactor"", ""test"", ""fix""]",0.3737304210662842,"['aca23027da1295c78fdf42ba9687d8ccc88784d7', '062daa45cbd5dba6e96e95d8cdcaee89ae30a83c', 'b7ce2894fd1794064bd6db4ed730bb6cb7728739', '06e2be4e2019b6fa714e1fcb34485860ef1ede79']",1.0,0.25,0.4,False,0.4285714285714285,1024,True,4
"[""test"", ""docs"", ""build"", ""ci""]","[""test"", ""docs"", ""build"", ""ci""]",0.65755295753479,"['317f4eefecddfb1392ca71d551840f446feee302', 'aca23027da1295c78fdf42ba9687d8ccc88784d7', 'f00a4d3e307b89842250358ee432e6800bb24362', '32845e1bbd1efb5dbc16f671049509a409ba25ce']",1.0,1.0,1.0,True,0.0,1024,True,4
"[""fix"", ""refactor"", ""docs"", ""test""]","[""fix"", ""refactor"", ""docs"", ""test""]",0.651465892791748,"['933ab6bb86372913c992567cf9660009900911a7', '3cca5c314ad6feeffbfe1f14cf49ebd0fd9a95a2', 'a52a585d74894b3b4eeb8c784fa089ff95cddad0', '229b53a632ea97d47c4be11f096bdd828fb415d8']",1.0,1.0,1.0,True,0.0,1024,True,4
"[""fix"", ""ci"", ""docs"", ""build""]","[""refactor"", ""ci"", ""docs"", ""build""]",0.6221559047698975,"['63eab619e6166eb6cab948028a7b89bf059dd878', '6c9cb638cb4d1ecc42632fcf389c24898c5b3244', 'a52a585d74894b3b4eeb8c784fa089ff95cddad0', 'c55591ba157298a9c5816693c102a89dfd058830']",0.75,0.75,0.75,False,0.2857142857142857,1024,True,4
"[""ci"", ""build"", ""fix"", ""feat""]","[""ci"", ""build"", ""test"", ""fix""]",0.6560654640197754,"['173553c0372e66e03bdab19e0e6c2dd44daa14a0', 'c55591ba157298a9c5816693c102a89dfd058830', '8ee0611fbf0cd89abe7ae588f22e6ecb843598ea', '87d5d4e55ab7149b593d29410f1fe426ba2447d4']",0.75,0.75,0.75,False,0.2857142857142857,1024,True,4
"[""ci"", ""build"", ""feat"", ""fix""]","[""ci"", ""build"", ""feat"", ""fix""]",0.6194379329681396,"['32845e1bbd1efb5dbc16f671049509a409ba25ce', '32b92cfa0b74a6c25990e32ac6aab12b8496794c', 'fd8e563cc19ca4684885d4692acee6bebcca4ada', '933ab6bb86372913c992567cf9660009900911a7']",1.0,1.0,1.0,True,0.0,1024,True,4
"[""test"", ""build"", ""fix"", ""feat""]","[""test"", ""build"", ""fix"", ""feat""]",0.6518971920013428,"['317f4eefecddfb1392ca71d551840f446feee302', '454003841aabeb74396d73541378bfa59c75b5db', '933ab6bb86372913c992567cf9660009900911a7', '6ed56ce9ae743ba9a87e6c9643cc06b1de7b748d']",1.0,1.0,1.0,True,0.0,1024,True,4
"[""fix"", ""docs"", ""test"", ""refactor""]","[""fix"", ""docs"", ""test"", ""refactor""]",0.6479363441467285,"['d1d55e787b7d07f763852602b9939a5394607fd9', '6d405dfc1675dcad64a2dfac0c0cb0fb28381d21', 'e0198f74b81da3663144cfe1d971939319f82a0f', '36556bf8e0bce4ab6d26eafacbdad04d9614a5d7']",1.0,1.0,1.0,True,0.0,1024,True,4
"[""ci"", ""docs"", ""fix"", ""feat""]","[""ci"", ""docs"", ""build"", ""feat""]",0.6551632881164551,"['e7a67d88173566be3cd3aed7e9eeb7e29aabbc57', '6d405dfc1675dcad64a2dfac0c0cb0fb28381d21', 'c44cf88a6ec54e5ddd99d8348bcc57b301ec7945', 'f9a094918b62534614c47aa8a13f33aec751a1e0']",0.75,0.75,0.75,False,0.2857142857142857,1024,True,4
"[""refactor"", ""test"", ""docs"", ""fix""]","[""fix"", ""test"", ""feat"", ""docs""]",0.686072587966919,"['2561f4ade46fc9d59f289f328cc77733a6443697', 'e0198f74b81da3663144cfe1d971939319f82a0f', '1bcf88670b50155b50071e707f98f30cea0b7a24', '6d405dfc1675dcad64a2dfac0c0cb0fb28381d21']",0.75,0.75,0.75,False,0.2857142857142857,1024,True,4
"[""ci"", ""fix"", ""test"", ""docs""]","[""ci"", ""fix"", ""test"", ""docs""]",0.6158652305603027,"['4cbbd2552ba0de273e1dfe7d453c5b3efed751a3', '933ab6bb86372913c992567cf9660009900911a7', 'b7ce2894fd1794064bd6db4ed730bb6cb7728739', 'af880ac5b4fecbc6c4f3d1eee0d95f326e8bd9d1']",1.0,1.0,1.0,True,0.0,1024,True,4
"[""docs""]","[""feat"", ""ci"", ""refactor"", ""fix""]",0.3696424961090088,"['f823cf28652987d43c8324b4f5b203240032383a', '45837af24a33308a70a3454f0f650f9fe728e272', '36556bf8e0bce4ab6d26eafacbdad04d9614a5d7', 'bed78248c941d57ad4cc20a455147e186e97c7a1']",0.0,0.0,0.0,False,0.7142857142857143,1024,True,4
"[""fix"", ""feat"", ""docs"", ""build""]","[""refactor"", ""feat"", ""docs"", ""build""]",0.6509130001068115,"['63eab619e6166eb6cab948028a7b89bf059dd878', 'e137f9fdbdb6bf3f85c3f7ac9323785e445844c8', 'a52a585d74894b3b4eeb8c784fa089ff95cddad0', 'f00a4d3e307b89842250358ee432e6800bb24362']",0.75,0.75,0.75,False,0.2857142857142857,1024,True,4
"[""build""]","[""build"", ""test"", ""ci"", ""refactor""]",0.4029510021209717,"['1269431c8a3e7549f10fcbbb4b88ff625c8898b3', '8ee0611fbf0cd89abe7ae588f22e6ecb843598ea', '45837af24a33308a70a3454f0f650f9fe728e272', '63eab619e6166eb6cab948028a7b89bf059dd878']",1.0,0.25,0.4,False,0.4285714285714285,1024,True,4
"[""build"", ""docs"", ""refactor""]","[""build"", ""docs"", ""feat"", ""fix""]",0.5929908752441406,"['37b1cbfd3d2c462ef4f2a131e4172c38dc8d9ddf', '6d405dfc1675dcad64a2dfac0c0cb0fb28381d21', 'b282e90e2cbb74559aab79eee8443a4d7c85502a', '2561f4ade46fc9d59f289f328cc77733a6443697']",0.6666666666666666,0.5,0.5714285714285715,False,0.4285714285714285,1024,True,4
"[""build"", ""docs"", ""test"", ""fix"", ""feat""]","[""build"", ""test"", ""ci"", ""feat""]",0.7416799068450928,"['c55591ba157298a9c5816693c102a89dfd058830', '317f4eefecddfb1392ca71d551840f446feee302', 'c5fa7b80438fbd74f4c341f0d3c9bd9e0f4910da', '6ed56ce9ae743ba9a87e6c9643cc06b1de7b748d']",0.6,0.75,0.6666666666666665,False,0.4285714285714285,1024,True,4
"[""docs"", ""build"", ""docs"", ""refactor""]","[""fix"", ""build"", ""docs"", ""refactor""]",0.6479170322418213,"['933ab6bb86372913c992567cf9660009900911a7', '5b81fde8a72cf2e69a10e9f5c4f0bea0a2b8c3e0', 'c2ee5cd5e709afd15c5565ee009a0d204403a119', '3cca5c314ad6feeffbfe1f14cf49ebd0fd9a95a2']",1.0,0.75,0.8571428571428571,False,0.1428571428571428,1024,True,4
"[""fix"", ""feat"", ""docs"", ""ci""]","[""fix"", ""feat"", ""docs"", ""ci""]",0.6119639873504639,"['933ab6bb86372913c992567cf9660009900911a7', 'dc5238b2bda98a7c4f2fe9584fc3b0191a408109', '036a0ff49a7dade0e04c9c07071a1ff49133ee24', 'e7a67d88173566be3cd3aed7e9eeb7e29aabbc57']",1.0,1.0,1.0,True,0.0,1024,True,4
"[""refactor"", ""fix"", ""feat"", ""fix""]","[""docs"", ""fix"", ""feat"", ""refactor""]",0.6309597492218018,"['af880ac5b4fecbc6c4f3d1eee0d95f326e8bd9d1', 'c8e0ae8612df3d6f2831acc004aaac332f6105e4', 'f9a094918b62534614c47aa8a13f33aec751a1e0', '47ef9104e4a89e80d7cc6c1950bc080841da4a7b']",1.0,0.75,0.8571428571428571,False,0.1428571428571428,1024,True,4
"[""fix"", ""docs"", ""test"", ""build"", ""ci""]","[""fix"", ""build"", ""feat"", ""ci""]",0.7468957901000977,"['d129eaf9125a967ac86c6c7276bbae6b4d50af36', '1269431c8a3e7549f10fcbbb4b88ff625c8898b3', 'e137f9fdbdb6bf3f85c3f7ac9323785e445844c8', '173553c0372e66e03bdab19e0e6c2dd44daa14a0']",0.6,0.75,0.6666666666666665,False,0.4285714285714285,1024,True,4
"[""fix"", ""refactor"", ""test"", ""build""]","[""feat"", ""refactor"", ""test"", ""build""]",0.6403279304504395,"['dc5238b2bda98a7c4f2fe9584fc3b0191a408109', '771857b1df9470ebc15357e8879118a72c649d5b', 'b7ce2894fd1794064bd6db4ed730bb6cb7728739', 'c323d59c607cabc91f17a78528d998f376f30b10']",0.75,0.75,0.75,False,0.2857142857142857,1024,True,4
"[""build"", ""test"", ""ci"", ""fix""]","[""build"", ""test"", ""ci"", ""fix""]",0.619635820388794,"['5b81fde8a72cf2e69a10e9f5c4f0bea0a2b8c3e0', 'b7ce2894fd1794064bd6db4ed730bb6cb7728739', '74e9de5ec97dc013a52aa063dff0f40ac74c407b', 'd129eaf9125a967ac86c6c7276bbae6b4d50af36']",1.0,1.0,1.0,True,0.0,1024,True,4
"[""fix"", ""feat"", ""build"", ""ci""]","[""docs"", ""feat"", ""build"", ""ci""]",0.6237409114837646,"['af880ac5b4fecbc6c4f3d1eee0d95f326e8bd9d1', 'ded26d768ff432ad3bde3c0aa1e95ce50726100a', '454003841aabeb74396d73541378bfa59c75b5db', '4cbbd2552ba0de273e1dfe7d453c5b3efed751a3']",0.75,0.75,0.75,False,0.2857142857142857,1024,True,4
"[""docs"", ""feat"", ""build"", ""build"", ""build""]","[""docs"", ""refactor"", ""ci"", ""build""]",0.7133500576019287,"['036a0ff49a7dade0e04c9c07071a1ff49133ee24', '535708ae50aecb452560a23356fd396f99ef13a2', 'e7a67d88173566be3cd3aed7e9eeb7e29aabbc57', 'c55591ba157298a9c5816693c102a89dfd058830']",0.6666666666666666,0.5,0.5714285714285715,False,0.4285714285714285,1024,True,4
"[""docs""]","[""refactor"", ""ci"", ""fix"", ""docs""]",0.4034578800201416,"['2954a0955ce9af6acb345ed1e8328e145ad30475', '6c9cb638cb4d1ecc42632fcf389c24898c5b3244', 'd1d55e787b7d07f763852602b9939a5394607fd9', '6d405dfc1675dcad64a2dfac0c0cb0fb28381d21']",1.0,0.25,0.4,False,0.4285714285714285,1024,True,4
"[""test"", ""ci"", ""docs"", ""fix""]","[""test"", ""ci"", ""docs"", ""feat""]",0.6483054161071777,"['229b53a632ea97d47c4be11f096bdd828fb415d8', '4cbbd2552ba0de273e1dfe7d453c5b3efed751a3', 'bf83c9155e9bee6925aa7102fab53fb803d52533', 'ded26d768ff432ad3bde3c0aa1e95ce50726100a']",0.75,0.75,0.75,False,0.2857142857142857,1024,True,4
"[""refactor"", ""feat"", ""test"", ""fix""]","[""refactor"", ""fix"", ""test"", ""feat""]",0.647371768951416,"['47ef9104e4a89e80d7cc6c1950bc080841da4a7b', '9ef5c0d14193a9abb09b39856f58477d1f4b0d77', 'b7ce2894fd1794064bd6db4ed730bb6cb7728739', '1bcf88670b50155b50071e707f98f30cea0b7a24']",1.0,1.0,1.0,True,0.0,1024,True,4
"[""build"", ""feat"", ""build"", ""docs""]","[""docs"", ""feat"", ""ci"", ""refactor""]",0.6494114398956299,"['e12d9e77a6fd531a22325337838a841b1c67f00d', 'fd8e563cc19ca4684885d4692acee6bebcca4ada', '173553c0372e66e03bdab19e0e6c2dd44daa14a0', '535708ae50aecb452560a23356fd396f99ef13a2']",0.6666666666666666,0.5,0.5714285714285715,False,0.4285714285714285,1024,True,4
"[""test"", ""fix"", ""ci"", ""build""]","[""refactor"", ""feat"", ""docs"", ""ci""]",0.6476974487304688,"['1db13ec43727aca872a0f3836e4023ed85db665e', 'b282e90e2cbb74559aab79eee8443a4d7c85502a', 'e12d9e77a6fd531a22325337838a841b1c67f00d', '74e9de5ec97dc013a52aa063dff0f40ac74c407b']",0.25,0.25,0.25,False,0.8571428571428571,1024,True,4
"[""docs"", ""ci"", ""feat"", ""test""]","[""docs"", ""ci"", ""refactor"", ""test""]",0.7162759304046631,"['aca23027da1295c78fdf42ba9687d8ccc88784d7', '74e9de5ec97dc013a52aa063dff0f40ac74c407b', '2954a0955ce9af6acb345ed1e8328e145ad30475', 'f411e58cd510f8a2b980b2f1932003a0c0e9f8f3']",0.75,0.75,0.75,False,0.2857142857142857,1024,True,4
"[""test"", ""fix""]","[""test"", ""docs"", ""ci"", ""fix""]",0.4255149364471435,"['b7ce2894fd1794064bd6db4ed730bb6cb7728739', 'af880ac5b4fecbc6c4f3d1eee0d95f326e8bd9d1', '6c9cb638cb4d1ecc42632fcf389c24898c5b3244', 'd129eaf9125a967ac86c6c7276bbae6b4d50af36']",1.0,0.5,0.6666666666666666,False,0.2857142857142857,1024,True,4
"[""ci"", ""refactor"", ""test"", ""docs""]","[""ci"", ""refactor"", ""test"", ""docs""]",0.6784582138061523,"['e7a67d88173566be3cd3aed7e9eeb7e29aabbc57', '36556bf8e0bce4ab6d26eafacbdad04d9614a5d7', '8ee0611fbf0cd89abe7ae588f22e6ecb843598ea', 'c2ee5cd5e709afd15c5565ee009a0d204403a119']",1.0,1.0,1.0,True,0.0,1024,True,4
"[""docs"", ""feat"", ""test"", ""build""]","[""docs"", ""feat"", ""test"", ""build""]",0.6544346809387207,"['0cfc5633d37ea06f645649138323f1820e18bdee', 'fd8e563cc19ca4684885d4692acee6bebcca4ada', 'e9617f0854030e70365eb264bcb3b58078e79e9e', '1269431c8a3e7549f10fcbbb4b88ff625c8898b3']",1.0,1.0,1.0,True,0.0,1024,True,4
"[""refactor"", ""fix"", ""test"", ""docs""]","[""refactor"", ""feat"", ""test"", ""fix""]",0.6497266292572021,"['47ef9104e4a89e80d7cc6c1950bc080841da4a7b', 'b282e90e2cbb74559aab79eee8443a4d7c85502a', 'e0198f74b81da3663144cfe1d971939319f82a0f', 'bed78248c941d57ad4cc20a455147e186e97c7a1']",0.75,0.75,0.75,False,0.2857142857142857,1024,True,4
"[""build""]","[""build"", ""ci"", ""fix"", ""refactor""]",0.3740472793579101,"['454003841aabeb74396d73541378bfa59c75b5db', '173553c0372e66e03bdab19e0e6c2dd44daa14a0', 'd129eaf9125a967ac86c6c7276bbae6b4d50af36', '63eab619e6166eb6cab948028a7b89bf059dd878']",1.0,0.25,0.4,False,0.4285714285714285,1024,True,4
"[""test"", ""fix"", ""docs"", ""refactor""]","[""test"", ""refactor"", ""docs"", ""feat""]",0.6851010322570801,"['e9617f0854030e70365eb264bcb3b58078e79e9e', '2954a0955ce9af6acb345ed1e8328e145ad30475', 'c2ee5cd5e709afd15c5565ee009a0d204403a119', '6ed56ce9ae743ba9a87e6c9643cc06b1de7b748d']",0.75,0.75,0.75,False,0.2857142857142857,1024,True,4
"[""build"", ""docs"", ""fix"", ""ci""]","[""build"", ""refactor"", ""fix"", ""ci""]",0.6247200965881348,"['454003841aabeb74396d73541378bfa59c75b5db', 'a62314d9bb632be6af026686615d14b912250512', '06e2be4e2019b6fa714e1fcb34485860ef1ede79', '4cbbd2552ba0de273e1dfe7d453c5b3efed751a3']",0.75,0.75,0.75,False,0.2857142857142857,1024,True,4
"[""fix"", ""docs"", ""test"", ""build"", ""ci""]","[""feat"", ""test"", ""refactor"", ""ci""]",0.7257983684539795,"['b282e90e2cbb74559aab79eee8443a4d7c85502a', 'e2e8ad25854bd1e7cdbc7f50b50bbd99e04ad47d', '63eab619e6166eb6cab948028a7b89bf059dd878', '6c9cb638cb4d1ecc42632fcf389c24898c5b3244']",0.4,0.5,0.4444444444444445,False,0.7142857142857143,1024,True,4
"[""docs"", ""fix"", ""test"", ""refactor""]","[""docs"", ""fix"", ""test"", ""refactor""]",0.6493642330169678,"['0cfc5633d37ea06f645649138323f1820e18bdee', 'd1d55e787b7d07f763852602b9939a5394607fd9', 'e2e8ad25854bd1e7cdbc7f50b50bbd99e04ad47d', '062daa45cbd5dba6e96e95d8cdcaee89ae30a83c']",1.0,1.0,1.0,True,0.0,1024,True,4
"[""fix"", ""docs"", ""build"", ""build""]","[""refactor"", ""fix"", ""docs"", ""ci""]",0.6208767890930176,"['47ef9104e4a89e80d7cc6c1950bc080841da4a7b', 'd129eaf9125a967ac86c6c7276bbae6b4d50af36', '0cfc5633d37ea06f645649138323f1820e18bdee', '45837af24a33308a70a3454f0f650f9fe728e272']",0.6666666666666666,0.5,0.5714285714285715,False,0.4285714285714285,1024,True,4
"[""build"", ""docs"", ""fix"", ""test""]","[""fix"", ""build"", ""ci"", ""test""]",0.657280683517456,"['bed78248c941d57ad4cc20a455147e186e97c7a1', '1269431c8a3e7549f10fcbbb4b88ff625c8898b3', '45837af24a33308a70a3454f0f650f9fe728e272', '8ee0611fbf0cd89abe7ae588f22e6ecb843598ea']",0.75,0.75,0.75,False,0.2857142857142857,1024,True,4
"[""build"", ""docs"", ""refactor"", ""docs""]","[""build"", ""fix"", ""ci"", ""docs""]",0.6917636394500732,"['454003841aabeb74396d73541378bfa59c75b5db', 'bed78248c941d57ad4cc20a455147e186e97c7a1', '45837af24a33308a70a3454f0f650f9fe728e272', 'c2ee5cd5e709afd15c5565ee009a0d204403a119']",0.6666666666666666,0.5,0.5714285714285715,False,0.4285714285714285,1024,True,4
"[""ci"", ""refactor"", ""fix"", ""docs""]","[""ci"", ""refactor"", ""fix"", ""docs""]",0.6474757194519043,"['dbb537a26e388a8d7d17faf131abc30c2f7a84e6', '3cca5c314ad6feeffbfe1f14cf49ebd0fd9a95a2', 'd1d55e787b7d07f763852602b9939a5394607fd9', '6d405dfc1675dcad64a2dfac0c0cb0fb28381d21']",1.0,1.0,1.0,True,0.0,1024,True,4
"[""fix"", ""ci"", ""docs"", ""refactor""]","[""fix"", ""ci"", ""docs"", ""refactor""]",0.6496663093566895,"['2561f4ade46fc9d59f289f328cc77733a6443697', '6c9cb638cb4d1ecc42632fcf389c24898c5b3244', 'bf83c9155e9bee6925aa7102fab53fb803d52533', '771857b1df9470ebc15357e8879118a72c649d5b']",1.0,1.0,1.0,True,0.0,1024,True,4
"[""fix"", ""feat"", ""build"", ""docs""]","[""fix"", ""feat"", ""build"", ""docs""]",0.6280612945556641,"['06e2be4e2019b6fa714e1fcb34485860ef1ede79', 'fd8e563cc19ca4684885d4692acee6bebcca4ada', '32b92cfa0b74a6c25990e32ac6aab12b8496794c', '6d405dfc1675dcad64a2dfac0c0cb0fb28381d21']",1.0,1.0,1.0,True,0.0,1024,True,4
"[""build"", ""docs"", ""build"", ""fix"", ""feat""]","[""build"", ""ci"", ""test"", ""feat""]",0.7169671058654785,"['c55591ba157298a9c5816693c102a89dfd058830', '45837af24a33308a70a3454f0f650f9fe728e272', 'b7ce2894fd1794064bd6db4ed730bb6cb7728739', 'dc5238b2bda98a7c4f2fe9584fc3b0191a408109']",0.5,0.5,0.5,False,0.5714285714285714,1024,True,4
"[""ci"", ""fix"", ""docs"", ""test""]","[""ci"", ""docs"", ""feat"", ""test""]",0.655404806137085,"['173553c0372e66e03bdab19e0e6c2dd44daa14a0', 'e12d9e77a6fd531a22325337838a841b1c67f00d', 'f823cf28652987d43c8324b4f5b203240032383a', '229b53a632ea97d47c4be11f096bdd828fb415d8']",0.75,0.75,0.75,False,0.2857142857142857,1024,True,4
"[""refactor"", ""docs"", ""ci"", ""build""]","[""refactor"", ""docs"", ""ci"", ""test""]",0.6495318412780762,"['36556bf8e0bce4ab6d26eafacbdad04d9614a5d7', 'aca23027da1295c78fdf42ba9687d8ccc88784d7', 'dbb537a26e388a8d7d17faf131abc30c2f7a84e6', '229b53a632ea97d47c4be11f096bdd828fb415d8']",0.75,0.75,0.75,False,0.2857142857142857,1024,True,4
"[""docs"", ""fix"", ""test"", ""fix""]","[""docs"", ""refactor"", ""test"", ""fix""]",0.6225001811981201,"['0cfc5633d37ea06f645649138323f1820e18bdee', '1db13ec43727aca872a0f3836e4023ed85db665e', '229b53a632ea97d47c4be11f096bdd828fb415d8', '9be725fa3906323d4bc9788f54eccf74109d632b']",1.0,0.75,0.8571428571428571,False,0.1428571428571428,1024,True,4
"[""ci"", ""docs"", ""refactor"", ""test""]","[""ci"", ""docs"", ""refactor"", ""test""]",0.6739616394042969,"['c5fa7b80438fbd74f4c341f0d3c9bd9e0f4910da', 'bf83c9155e9bee6925aa7102fab53fb803d52533', '062daa45cbd5dba6e96e95d8cdcaee89ae30a83c', 'bedc7950b24c37809e36a585b7985d5aa5e3e458']",1.0,1.0,1.0,True,0.0,1024,True,4
"[""build"", ""docs"", ""fix"", ""feat""]","[""fix"", ""docs"", ""ci"", ""feat""]",0.6206793785095215,"['9be725fa3906323d4bc9788f54eccf74109d632b', '036a0ff49a7dade0e04c9c07071a1ff49133ee24', '45837af24a33308a70a3454f0f650f9fe728e272', 'f823cf28652987d43c8324b4f5b203240032383a']",0.75,0.75,0.75,False,0.2857142857142857,1024,True,4
"[""docs"", ""test"", ""build"", ""feat""]","[""docs"", ""test"", ""build"", ""feat""]",0.6491825580596924,"['bf83c9155e9bee6925aa7102fab53fb803d52533', 'e0198f74b81da3663144cfe1d971939319f82a0f', 'f00a4d3e307b89842250358ee432e6800bb24362', 'ded26d768ff432ad3bde3c0aa1e95ce50726100a']",1.0,1.0,1.0,True,0.0,1024,True,4
"[""docs""]","[""docs"", ""refactor"", ""test"", ""fix""]",0.3728032112121582,"['aca23027da1295c78fdf42ba9687d8ccc88784d7', '1db13ec43727aca872a0f3836e4023ed85db665e', 'f411e58cd510f8a2b980b2f1932003a0c0e9f8f3', '2561f4ade46fc9d59f289f328cc77733a6443697']",1.0,0.25,0.4,False,0.4285714285714285,1024,True,4
"[""test"", ""feat"", ""docs"", ""build""]","[""test"", ""feat"", ""docs"", ""ci""]",0.6498396396636963,"['e0198f74b81da3663144cfe1d971939319f82a0f', 'f823cf28652987d43c8324b4f5b203240032383a', 'aca23027da1295c78fdf42ba9687d8ccc88784d7', 'e96487ad7ce90b141219d9032fa2bed68d5dae6a']",0.75,0.75,0.75,False,0.2857142857142857,1024,True,4
"[""fix"", ""build"", ""test"", ""docs""]","[""refactor"", ""build"", ""feat"", ""docs""]",0.6197299957275391,"['63eab619e6166eb6cab948028a7b89bf059dd878', '32b92cfa0b74a6c25990e32ac6aab12b8496794c', 'fd8e563cc19ca4684885d4692acee6bebcca4ada', 'a52a585d74894b3b4eeb8c784fa089ff95cddad0']",0.5,0.5,0.5,False,0.5714285714285714,1024,True,4
"[""build"", ""fix"", ""test"", ""feat""]","[""build"", ""fix"", ""test"", ""feat""]",0.6498751640319824,"['37b1cbfd3d2c462ef4f2a131e4172c38dc8d9ddf', 'c8e0ae8612df3d6f2831acc004aaac332f6105e4', 'c7b25726df94a2530c9b1c0d2b6a0acaa103822f', '1bcf88670b50155b50071e707f98f30cea0b7a24']",1.0,1.0,1.0,True,0.0,1024,True,4
"[""build"", ""ci"", ""docs"", ""build""]","[""refactor"", ""ci"", ""docs"", ""build""]",0.6484775543212891,"['771857b1df9470ebc15357e8879118a72c649d5b', '6c9cb638cb4d1ecc42632fcf389c24898c5b3244', '6d405dfc1675dcad64a2dfac0c0cb0fb28381d21', '454003841aabeb74396d73541378bfa59c75b5db']",1.0,0.75,0.8571428571428571,False,0.1428571428571428,1024,True,4
"[""docs"", ""fix"", ""feat"", ""build"", ""test""]","[""fix"", ""docs"", ""refactor"", ""ci"", ""test""]",0.7437291145324707,"['9be725fa3906323d4bc9788f54eccf74109d632b', 'bf83c9155e9bee6925aa7102fab53fb803d52533', '535708ae50aecb452560a23356fd396f99ef13a2', '4cbbd2552ba0de273e1dfe7d453c5b3efed751a3', 'bedc7950b24c37809e36a585b7985d5aa5e3e458']",0.6,0.6,0.6,False,0.5714285714285714,1024,True,5
"[""test"", ""docs"", ""fix"", ""build"", ""feat""]","[""test"", ""docs"", ""refactor"", ""build"", ""feat""]",0.7500207424163818,"['229b53a632ea97d47c4be11f096bdd828fb415d8', 'bf83c9155e9bee6925aa7102fab53fb803d52533', '062daa45cbd5dba6e96e95d8cdcaee89ae30a83c', 'e4a11fd5c34942ba12737f1c8c084489428ee274', 'fd8e563cc19ca4684885d4692acee6bebcca4ada']",0.8,0.8,0.8000000000000002,False,0.2857142857142857,1024,True,5
"[""test"", ""ci"", ""fix"", ""build"", ""refactor""]","[""test"", ""ci"", ""fix"", ""build"", ""refactor""]",0.775895357131958,"['317f4eefecddfb1392ca71d551840f446feee302', 'e7a67d88173566be3cd3aed7e9eeb7e29aabbc57', 'd1d55e787b7d07f763852602b9939a5394607fd9', 'f00a4d3e307b89842250358ee432e6800bb24362', '771857b1df9470ebc15357e8879118a72c649d5b']",1.0,1.0,1.0,True,0.0,1024,True,5
"[""build"", ""fix"", ""build"", ""test"", ""feat""]","[""ci"", ""refactor"", ""build"", ""test"", ""fix""]",0.7132327556610107,"['e7a67d88173566be3cd3aed7e9eeb7e29aabbc57', '47ef9104e4a89e80d7cc6c1950bc080841da4a7b', '5b81fde8a72cf2e69a10e9f5c4f0bea0a2b8c3e0', 'bedc7950b24c37809e36a585b7985d5aa5e3e458', '9ef5c0d14193a9abb09b39856f58477d1f4b0d77']",0.75,0.6,0.6666666666666665,False,0.4285714285714285,1024,True,5
"[""build"", ""docs"", ""fix"", ""feat"", ""refactor"", ""test""]","[""build"", ""fix"", ""feat"", ""refactor"", ""docs""]",0.8670270442962646,"['e4a11fd5c34942ba12737f1c8c084489428ee274', '9ef5c0d14193a9abb09b39856f58477d1f4b0d77', 'dc5238b2bda98a7c4f2fe9584fc3b0191a408109', '771857b1df9470ebc15357e8879118a72c649d5b', 'c2ee5cd5e709afd15c5565ee009a0d204403a119']",0.8333333333333334,1.0,0.9090909090909092,False,0.1428571428571428,1024,True,5
"[""docs"", ""test"", ""build"", ""fix"", ""feat""]","[""docs"", ""test"", ""build"", ""fix"", ""feat""]",0.7469758987426758,"['bf83c9155e9bee6925aa7102fab53fb803d52533', '229b53a632ea97d47c4be11f096bdd828fb415d8', 'c55591ba157298a9c5816693c102a89dfd058830', '06e2be4e2019b6fa714e1fcb34485860ef1ede79', 'f823cf28652987d43c8324b4f5b203240032383a']",1.0,1.0,1.0,True,0.0,1024,True,5
"[""fix"", ""build"", ""test"", ""refactor""]","[""ci"", ""build"", ""fix"", ""test"", ""feat""]",0.6844532489776611,"['e7a67d88173566be3cd3aed7e9eeb7e29aabbc57', 'c55591ba157298a9c5816693c102a89dfd058830', 'd129eaf9125a967ac86c6c7276bbae6b4d50af36', '229b53a632ea97d47c4be11f096bdd828fb415d8', '1bcf88670b50155b50071e707f98f30cea0b7a24']",0.75,0.6,0.6666666666666665,False,0.4285714285714285,1024,True,5
"[""fix"", ""docs"", ""build"", ""ci"", ""refactor""]","[""fix"", ""test"", ""build"", ""ci"", ""refactor""]",0.7758984565734863,"['2561f4ade46fc9d59f289f328cc77733a6443697', 'b7ce2894fd1794064bd6db4ed730bb6cb7728739', '1269431c8a3e7549f10fcbbb4b88ff625c8898b3', 'e96487ad7ce90b141219d9032fa2bed68d5dae6a', '36556bf8e0bce4ab6d26eafacbdad04d9614a5d7']",0.8,0.8,0.8000000000000002,False,0.2857142857142857,1024,True,5
"[""docs"", ""ci"", ""feat"", ""test"", ""refactor""]","[""docs"", ""ci"", ""refactor"", ""test"", ""fix""]",0.778120756149292,"['bf83c9155e9bee6925aa7102fab53fb803d52533', 'e7a67d88173566be3cd3aed7e9eeb7e29aabbc57', '535708ae50aecb452560a23356fd396f99ef13a2', 'c7b25726df94a2530c9b1c0d2b6a0acaa103822f', '06e2be4e2019b6fa714e1fcb34485860ef1ede79']",0.8,0.8,0.8000000000000002,False,0.2857142857142857,1024,True,5
"[""refactor"", ""docs"", ""build"", ""feat"", ""feat""]","[""refactor"", ""docs"", ""build"", ""feat"", ""fix""]",0.7759854793548584,"['36556bf8e0bce4ab6d26eafacbdad04d9614a5d7', 'c2ee5cd5e709afd15c5565ee009a0d204403a119', 'c55591ba157298a9c5816693c102a89dfd058830', '68278b00450f2679761a2999500f6d87a579376b', '9ef5c0d14193a9abb09b39856f58477d1f4b0d77']",1.0,0.8,0.888888888888889,False,0.1428571428571428,1024,True,5
"[""feat"", ""build"", ""fix"", ""docs"", ""test""]","[""feat"", ""build"", ""fix"", ""ci"", ""test""]",0.7395198345184326,"['ded26d768ff432ad3bde3c0aa1e95ce50726100a', 'c323d59c607cabc91f17a78528d998f376f30b10', '2561f4ade46fc9d59f289f328cc77733a6443697', '45837af24a33308a70a3454f0f650f9fe728e272', 'e0198f74b81da3663144cfe1d971939319f82a0f']",0.8,0.8,0.8000000000000002,False,0.2857142857142857,1024,True,5
"[""ci"", ""docs"", ""test"", ""feat"", ""fix""]","[""ci"", ""refactor"", ""test"", ""feat"", ""fix""]",0.7524147033691406,"['e96487ad7ce90b141219d9032fa2bed68d5dae6a', 'a62314d9bb632be6af026686615d14b912250512', 'c7b25726df94a2530c9b1c0d2b6a0acaa103822f', '6ed56ce9ae743ba9a87e6c9643cc06b1de7b748d', '9ef5c0d14193a9abb09b39856f58477d1f4b0d77']",0.8,0.8,0.8000000000000002,False,0.2857142857142857,1024,True,5
"[""build"", ""fix"", ""feat"", ""docs"", ""refactor""]","[""build"", ""refactor"", ""ci"", ""docs"", ""fix""]",0.745081901550293,"['c55591ba157298a9c5816693c102a89dfd058830', '63eab619e6166eb6cab948028a7b89bf059dd878', 'c5fa7b80438fbd74f4c341f0d3c9bd9e0f4910da', '036a0ff49a7dade0e04c9c07071a1ff49133ee24', '9be725fa3906323d4bc9788f54eccf74109d632b']",0.8,0.8,0.8000000000000002,False,0.2857142857142857,1024,True,5
"[""docs"", ""build"", ""feat"", ""fix""]","[""docs"", ""ci"", ""refactor"", ""build"", ""feat""]",0.6575677394866943,"['bf83c9155e9bee6925aa7102fab53fb803d52533', '173553c0372e66e03bdab19e0e6c2dd44daa14a0', '535708ae50aecb452560a23356fd396f99ef13a2', '1269431c8a3e7549f10fcbbb4b88ff625c8898b3', 'f823cf28652987d43c8324b4f5b203240032383a']",0.75,0.6,0.6666666666666665,False,0.4285714285714285,1024,True,5
"[""test"", ""feat"", ""refactor"", ""fix"", ""docs""]","[""test"", ""feat"", ""refactor"", ""fix"", ""docs""]",0.7737751007080078,"['bedc7950b24c37809e36a585b7985d5aa5e3e458', 'fd8e563cc19ca4684885d4692acee6bebcca4ada', '062daa45cbd5dba6e96e95d8cdcaee89ae30a83c', 'c8e0ae8612df3d6f2831acc004aaac332f6105e4', '036a0ff49a7dade0e04c9c07071a1ff49133ee24']",1.0,1.0,1.0,True,0.0,1024,True,5
"[""docs"", ""build"", ""fix"", ""refactor"", ""test""]","[""docs"", ""build"", ""ci"", ""fix"", ""test""]",0.779843807220459,"['c2ee5cd5e709afd15c5565ee009a0d204403a119', '1269431c8a3e7549f10fcbbb4b88ff625c8898b3', 'e7a67d88173566be3cd3aed7e9eeb7e29aabbc57', 'bed78248c941d57ad4cc20a455147e186e97c7a1', 'e9617f0854030e70365eb264bcb3b58078e79e9e']",0.8,0.8,0.8000000000000002,False,0.2857142857142857,1024,True,5
"[""refactor"", ""ci"", ""docs"", ""test"", ""build""]","[""refactor"", ""ci"", ""docs"", ""test"", ""build""]",0.78265380859375,"['3cca5c314ad6feeffbfe1f14cf49ebd0fd9a95a2', 'dbb537a26e388a8d7d17faf131abc30c2f7a84e6', 'e12d9e77a6fd531a22325337838a841b1c67f00d', 'c7b25726df94a2530c9b1c0d2b6a0acaa103822f', '37b1cbfd3d2c462ef4f2a131e4172c38dc8d9ddf']",1.0,1.0,1.0,True,0.0,1024,True,5
"[""test"", ""fix"", ""ci"", ""refactor"", ""fix""]","[""test"", ""feat"", ""ci"", ""refactor"", ""fix""]",0.747901201248169,"['229b53a632ea97d47c4be11f096bdd828fb415d8', 'b282e90e2cbb74559aab79eee8443a4d7c85502a', 'dbb537a26e388a8d7d17faf131abc30c2f7a84e6', '3cca5c314ad6feeffbfe1f14cf49ebd0fd9a95a2', '933ab6bb86372913c992567cf9660009900911a7']",1.0,0.8,0.888888888888889,False,0.1428571428571428,1024,True,5
"[""build"", ""refactor"", ""ci"", ""test"", ""docs""]","[""build"", ""fix"", ""ci"", ""refactor"", ""docs""]",0.7794733047485352,"['37b1cbfd3d2c462ef4f2a131e4172c38dc8d9ddf', '06e2be4e2019b6fa714e1fcb34485860ef1ede79', 'c5fa7b80438fbd74f4c341f0d3c9bd9e0f4910da', '1db13ec43727aca872a0f3836e4023ed85db665e', 'a52a585d74894b3b4eeb8c784fa089ff95cddad0']",0.8,0.8,0.8000000000000002,False,0.2857142857142857,1024,True,5
"[""build"", ""docs"", ""fix"", ""test"", ""feat""]","[""build"", ""docs"", ""ci"", ""test"", ""feat""]",0.7493138313293457,"['c44cf88a6ec54e5ddd99d8348bcc57b301ec7945', '6d405dfc1675dcad64a2dfac0c0cb0fb28381d21', 'e7a67d88173566be3cd3aed7e9eeb7e29aabbc57', 'f411e58cd510f8a2b980b2f1932003a0c0e9f8f3', 'f823cf28652987d43c8324b4f5b203240032383a']",0.8,0.8,0.8000000000000002,False,0.2857142857142857,1024,True,5
"[""feat"", ""fix"", ""refactor"", ""docs"", ""build"", ""test""]","[""feat"", ""fix"", ""refactor"", ""build"", ""test""]",0.860562801361084,"['f823cf28652987d43c8324b4f5b203240032383a', 'c8e0ae8612df3d6f2831acc004aaac332f6105e4', '47ef9104e4a89e80d7cc6c1950bc080841da4a7b', 'e4a11fd5c34942ba12737f1c8c084489428ee274', 'c7b25726df94a2530c9b1c0d2b6a0acaa103822f']",0.8333333333333334,1.0,0.9090909090909092,False,0.1428571428571428,1024,True,5
"[""fix"", ""build"", ""ci"", ""docs"", ""test""]","[""refactor"", ""build"", ""ci"", ""docs"", ""test""]",0.7172296047210693,"['1db13ec43727aca872a0f3836e4023ed85db665e', '32b92cfa0b74a6c25990e32ac6aab12b8496794c', 'e96487ad7ce90b141219d9032fa2bed68d5dae6a', '6d405dfc1675dcad64a2dfac0c0cb0fb28381d21', 'e2e8ad25854bd1e7cdbc7f50b50bbd99e04ad47d']",0.8,0.8,0.8000000000000002,False,0.2857142857142857,1024,True,5
"[""build"", ""test"", ""refactor"", ""ci"", ""fix""]","[""build"", ""test"", ""refactor"", ""ci"", ""fix""]",0.7798151969909668,"['37b1cbfd3d2c462ef4f2a131e4172c38dc8d9ddf', 'f411e58cd510f8a2b980b2f1932003a0c0e9f8f3', '1db13ec43727aca872a0f3836e4023ed85db665e', 'c5fa7b80438fbd74f4c341f0d3c9bd9e0f4910da', 'd129eaf9125a967ac86c6c7276bbae6b4d50af36']",1.0,1.0,1.0,True,0.0,1024,True,5
"[""build""]","[""build"", ""docs"", ""ci"", ""test"", ""fix""]",0.3681116104125976,"['c55591ba157298a9c5816693c102a89dfd058830', 'a52a585d74894b3b4eeb8c784fa089ff95cddad0', '6c9cb638cb4d1ecc42632fcf389c24898c5b3244', 'c7b25726df94a2530c9b1c0d2b6a0acaa103822f', 'bed78248c941d57ad4cc20a455147e186e97c7a1']",1.0,0.2,0.3333333333333333,False,0.5714285714285714,1024,True,5
"[""fix"", ""ci"", ""feat"", ""refactor""]","[""fix"", ""ci"", ""feat"", ""build"", ""refactor""]",0.6740436553955078,"['9ef5c0d14193a9abb09b39856f58477d1f4b0d77', 'dbb537a26e388a8d7d17faf131abc30c2f7a84e6', '6ed56ce9ae743ba9a87e6c9643cc06b1de7b748d', 'e4a11fd5c34942ba12737f1c8c084489428ee274', '1db13ec43727aca872a0f3836e4023ed85db665e']",1.0,0.8,0.888888888888889,False,0.1428571428571428,1024,True,5
"[""refactor"", ""feat"", ""fix"", ""feat"", ""test""]","[""fix"", ""build"", ""refactor"", ""feat"", ""test""]",0.7806711196899414,"['bed78248c941d57ad4cc20a455147e186e97c7a1', 'e4a11fd5c34942ba12737f1c8c084489428ee274', '062daa45cbd5dba6e96e95d8cdcaee89ae30a83c', 'f823cf28652987d43c8324b4f5b203240032383a', 'c7b25726df94a2530c9b1c0d2b6a0acaa103822f']",1.0,0.8,0.888888888888889,False,0.1428571428571428,1024,True,5
"[""fix"", ""test"", ""feat"", ""docs"", ""build""]","[""fix"", ""test"", ""feat"", ""docs"", ""build""]",0.7408246994018555,"['87d5d4e55ab7149b593d29410f1fe426ba2447d4', 'bedc7950b24c37809e36a585b7985d5aa5e3e458', 'ded26d768ff432ad3bde3c0aa1e95ce50726100a', 'a52a585d74894b3b4eeb8c784fa089ff95cddad0', 'c323d59c607cabc91f17a78528d998f376f30b10']",1.0,1.0,1.0,True,0.0,1024,True,5
"[""build"", ""docs"", ""fix"", ""feat"", ""ci""]","[""test"", ""docs"", ""feat"", ""build"", ""fix""]",0.74904465675354,"['8ee0611fbf0cd89abe7ae588f22e6ecb843598ea', 'c2ee5cd5e709afd15c5565ee009a0d204403a119', 'fd8e563cc19ca4684885d4692acee6bebcca4ada', '1269431c8a3e7549f10fcbbb4b88ff625c8898b3', '06e2be4e2019b6fa714e1fcb34485860ef1ede79']",0.8,0.8,0.8000000000000002,False,0.2857142857142857,1024,True,5
"[""docs"", ""feat"", ""build"", ""refactor"", ""test""]","[""docs"", ""feat"", ""build"", ""refactor"", ""test""]",0.7771437168121338,"['a52a585d74894b3b4eeb8c784fa089ff95cddad0', 'f9a094918b62534614c47aa8a13f33aec751a1e0', '1269431c8a3e7549f10fcbbb4b88ff625c8898b3', '535708ae50aecb452560a23356fd396f99ef13a2', 'e0198f74b81da3663144cfe1d971939319f82a0f']",1.0,1.0,1.0,True,0.0,1024,True,5
"[""fix"", ""feat"", ""test"", ""refactor"", ""build""]","[""fix"", ""feat"", ""test"", ""refactor"", ""build""]",0.7787044048309326,"['d129eaf9125a967ac86c6c7276bbae6b4d50af36', '68278b00450f2679761a2999500f6d87a579376b', 'e2e8ad25854bd1e7cdbc7f50b50bbd99e04ad47d', '771857b1df9470ebc15357e8879118a72c649d5b', 'f00a4d3e307b89842250358ee432e6800bb24362']",1.0,1.0,1.0,True,0.0,1024,True,5
"[""fix"", ""build"", ""refactor"", ""test"", ""ci""]","[""fix"", ""build"", ""refactor"", ""test"", ""docs""]",0.778712272644043,"['933ab6bb86372913c992567cf9660009900911a7', '37b1cbfd3d2c462ef4f2a131e4172c38dc8d9ddf', '1db13ec43727aca872a0f3836e4023ed85db665e', 'c7b25726df94a2530c9b1c0d2b6a0acaa103822f', 'e12d9e77a6fd531a22325337838a841b1c67f00d']",0.8,0.8,0.8000000000000002,False,0.2857142857142857,1024,True,5
"[""fix"", ""ci"", ""docs"", ""build"", ""feat""]","[""fix"", ""ci"", ""docs"", ""build"", ""feat""]",0.7431831359863281,"['06e2be4e2019b6fa714e1fcb34485860ef1ede79', '4cbbd2552ba0de273e1dfe7d453c5b3efed751a3', 'cb1f48b56ae0de93acb72e48726c7d610a1d538e', 'c323d59c607cabc91f17a78528d998f376f30b10', 'f9a094918b62534614c47aa8a13f33aec751a1e0']",1.0,1.0,1.0,True,0.0,1024,True,5
"[""refactor"", ""build"", ""feat"", ""docs"", ""fix""]","[""feat"", ""build"", ""refactor"", ""docs"", ""fix""]",0.7761023044586182,"['fd8e563cc19ca4684885d4692acee6bebcca4ada', 'f00a4d3e307b89842250358ee432e6800bb24362', '535708ae50aecb452560a23356fd396f99ef13a2', 'e12d9e77a6fd531a22325337838a841b1c67f00d', '9be725fa3906323d4bc9788f54eccf74109d632b']",1.0,1.0,1.0,True,0.0,1024,True,5
"[""test"", ""docs"", ""refactor"", ""ci"", ""fix""]","[""test"", ""docs"", ""refactor"", ""ci"", ""feat""]",0.7750675678253174,"['229b53a632ea97d47c4be11f096bdd828fb415d8', 'bf83c9155e9bee6925aa7102fab53fb803d52533', '062daa45cbd5dba6e96e95d8cdcaee89ae30a83c', '32845e1bbd1efb5dbc16f671049509a409ba25ce', 'dc5238b2bda98a7c4f2fe9584fc3b0191a408109']",0.8,0.8,0.8000000000000002,False,0.2857142857142857,1024,True,5
"[""build"", ""docs"", ""fix"", ""test"", ""refactor""]","[""build"", ""docs"", ""fix"", ""test"", ""refactor""]",0.7797589302062988,"['454003841aabeb74396d73541378bfa59c75b5db', 'e12d9e77a6fd531a22325337838a841b1c67f00d', 'bed78248c941d57ad4cc20a455147e186e97c7a1', 'f411e58cd510f8a2b980b2f1932003a0c0e9f8f3', '062daa45cbd5dba6e96e95d8cdcaee89ae30a83c']",1.0,1.0,1.0,True,0.0,1024,True,5
"[""build""]","[""build"", ""ci"", ""docs"", ""test"", ""refactor""]",0.3556549549102783,"['5b81fde8a72cf2e69a10e9f5c4f0bea0a2b8c3e0', '74e9de5ec97dc013a52aa063dff0f40ac74c407b', 'a52a585d74894b3b4eeb8c784fa089ff95cddad0', 'e0198f74b81da3663144cfe1d971939319f82a0f', '062daa45cbd5dba6e96e95d8cdcaee89ae30a83c']",1.0,0.2,0.3333333333333333,False,0.5714285714285714,1024,True,5
"[""ci"", ""docs"", ""docs"", ""fix"", ""build""]","[""build"", ""ci"", ""docs"", ""refactor"", ""fix""]",0.7174363136291504,"['32b92cfa0b74a6c25990e32ac6aab12b8496794c', '6c9cb638cb4d1ecc42632fcf389c24898c5b3244', 'aca23027da1295c78fdf42ba9687d8ccc88784d7', '47ef9104e4a89e80d7cc6c1950bc080841da4a7b', '2561f4ade46fc9d59f289f328cc77733a6443697']",1.0,0.8,0.888888888888889,False,0.1428571428571428,1024,True,5
"[""test"", ""docs"", ""fix"", ""feat"", ""build""]","[""test"", ""docs"", ""fix"", ""feat"", ""build""]",0.7488644123077393,"['e0198f74b81da3663144cfe1d971939319f82a0f', 'c2ee5cd5e709afd15c5565ee009a0d204403a119', '9ef5c0d14193a9abb09b39856f58477d1f4b0d77', 'f823cf28652987d43c8324b4f5b203240032383a', 'c44cf88a6ec54e5ddd99d8348bcc57b301ec7945']",1.0,1.0,1.0,True,0.0,1024,True,5
"[""refactor"", ""ci"", ""test"", ""build"", ""feat""]","[""refactor"", ""ci"", ""test"", ""build"", ""feat""]",0.779118537902832,"['3cca5c314ad6feeffbfe1f14cf49ebd0fd9a95a2', '32845e1bbd1efb5dbc16f671049509a409ba25ce', 'e9617f0854030e70365eb264bcb3b58078e79e9e', '454003841aabeb74396d73541378bfa59c75b5db', 'fd8e563cc19ca4684885d4692acee6bebcca4ada']",1.0,1.0,1.0,True,0.0,1024,True,5
"[""refactor"", ""feat"", ""fix"", ""test""]","[""refactor"", ""feat"", ""build"", ""fix"", ""test""]",0.6924965381622314,"['062daa45cbd5dba6e96e95d8cdcaee89ae30a83c', 'f823cf28652987d43c8324b4f5b203240032383a', 'c44cf88a6ec54e5ddd99d8348bcc57b301ec7945', '933ab6bb86372913c992567cf9660009900911a7', '8ee0611fbf0cd89abe7ae588f22e6ecb843598ea']",1.0,0.8,0.888888888888889,False,0.1428571428571428,1024,True,5
"[""refactor"", ""test"", ""docs"", ""feat"", ""build""]","[""refactor"", ""test"", ""docs"", ""feat"", ""ci""]",0.7708773612976074,"['36556bf8e0bce4ab6d26eafacbdad04d9614a5d7', '317f4eefecddfb1392ca71d551840f446feee302', '036a0ff49a7dade0e04c9c07071a1ff49133ee24', 'e137f9fdbdb6bf3f85c3f7ac9323785e445844c8', 'e7a67d88173566be3cd3aed7e9eeb7e29aabbc57']",0.8,0.8,0.8000000000000002,False,0.2857142857142857,1024,True,5
"[""test"", ""ci"", ""feat"", ""feat"", ""fix""]","[""test"", ""ci"", ""refactor"", ""feat"", ""fix""]",0.7503011226654053,"['e0198f74b81da3663144cfe1d971939319f82a0f', '173553c0372e66e03bdab19e0e6c2dd44daa14a0', '062daa45cbd5dba6e96e95d8cdcaee89ae30a83c', 'f823cf28652987d43c8324b4f5b203240032383a', 'bed78248c941d57ad4cc20a455147e186e97c7a1']",1.0,0.8,0.888888888888889,False,0.1428571428571428,1024,True,5
"[""ci"", ""feat"", ""docs"", ""build"", ""feat""]","[""ci"", ""refactor"", ""docs"", ""fix"", ""feat""]",0.7136552333831787,"['32845e1bbd1efb5dbc16f671049509a409ba25ce', '63eab619e6166eb6cab948028a7b89bf059dd878', 'af880ac5b4fecbc6c4f3d1eee0d95f326e8bd9d1', '9be725fa3906323d4bc9788f54eccf74109d632b', 'fd8e563cc19ca4684885d4692acee6bebcca4ada']",0.75,0.6,0.6666666666666665,False,0.4285714285714285,1024,True,5
"[""docs"", ""refactor"", ""fix"", ""test"", ""build""]","[""docs"", ""refactor"", ""fix"", ""test"", ""build""]",0.7809436321258545,"['bf83c9155e9bee6925aa7102fab53fb803d52533', '3cca5c314ad6feeffbfe1f14cf49ebd0fd9a95a2', '2561f4ade46fc9d59f289f328cc77733a6443697', '317f4eefecddfb1392ca71d551840f446feee302', '454003841aabeb74396d73541378bfa59c75b5db']",1.0,1.0,1.0,True,0.0,1024,True,5
"[""test"", ""ci"", ""fix"", ""docs"", ""refactor""]","[""test"", ""ci"", ""fix"", ""docs"", ""refactor""]",0.7781071662902832,"['317f4eefecddfb1392ca71d551840f446feee302', '32845e1bbd1efb5dbc16f671049509a409ba25ce', 'c8e0ae8612df3d6f2831acc004aaac332f6105e4', '6d405dfc1675dcad64a2dfac0c0cb0fb28381d21', '062daa45cbd5dba6e96e95d8cdcaee89ae30a83c']",1.0,1.0,1.0,True,0.0,1024,True,5
"[""build"", ""ci"", ""test"", ""docs"", ""fix""]","[""build"", ""ci"", ""test"", ""docs"", ""feat""]",0.714606761932373,"['c55591ba157298a9c5816693c102a89dfd058830', 'dbb537a26e388a8d7d17faf131abc30c2f7a84e6', 'e0198f74b81da3663144cfe1d971939319f82a0f', '0cfc5633d37ea06f645649138323f1820e18bdee', 'dc5238b2bda98a7c4f2fe9584fc3b0191a408109']",0.8,0.8,0.8000000000000002,False,0.2857142857142857,1024,True,5
"[""feat"", ""fix"", ""docs"", ""refactor"", ""ci""]","[""refactor"", ""feat"", ""test"", ""fix"", ""ci""]",0.7676522731781006,"['535708ae50aecb452560a23356fd396f99ef13a2', 'dc5238b2bda98a7c4f2fe9584fc3b0191a408109', 'e2e8ad25854bd1e7cdbc7f50b50bbd99e04ad47d', '2561f4ade46fc9d59f289f328cc77733a6443697', 'c5fa7b80438fbd74f4c341f0d3c9bd9e0f4910da']",0.8,0.8,0.8000000000000002,False,0.2857142857142857,1024,True,5
"[""ci"", ""fix"", ""refactor"", ""build"", ""test""]","[""ci"", ""docs"", ""refactor"", ""build"", ""test""]",0.7413432598114014,"['c5fa7b80438fbd74f4c341f0d3c9bd9e0f4910da', 'af880ac5b4fecbc6c4f3d1eee0d95f326e8bd9d1', '47ef9104e4a89e80d7cc6c1950bc080841da4a7b', '37b1cbfd3d2c462ef4f2a131e4172c38dc8d9ddf', 'c7b25726df94a2530c9b1c0d2b6a0acaa103822f']",0.8,0.8,0.8000000000000002,False,0.2857142857142857,1024,True,5
"[""build"", ""docs"", ""refactor"", ""test"", ""feat""]","[""build"", ""docs"", ""refactor"", ""test"", ""feat""]",0.7779710292816162,"['454003841aabeb74396d73541378bfa59c75b5db', 'aca23027da1295c78fdf42ba9687d8ccc88784d7', '771857b1df9470ebc15357e8879118a72c649d5b', 'bedc7950b24c37809e36a585b7985d5aa5e3e458', 'e137f9fdbdb6bf3f85c3f7ac9323785e445844c8']",1.0,1.0,1.0,True,0.0,1024,True,5
"[""ci"", ""feat"", ""fix"", ""docs"", ""test""]","[""ci"", ""feat"", ""fix"", ""docs"", ""test""]",0.7428843975067139,"['74e9de5ec97dc013a52aa063dff0f40ac74c407b', 'ded26d768ff432ad3bde3c0aa1e95ce50726100a', '9be725fa3906323d4bc9788f54eccf74109d632b', 'a52a585d74894b3b4eeb8c784fa089ff95cddad0', 'e9617f0854030e70365eb264bcb3b58078e79e9e']",1.0,1.0,1.0,True,0.0,1024,True,5
"[""feat"", ""build"", ""test"", ""docs"", ""fix""]","[""feat"", ""build"", ""test"", ""docs"", ""fix""]",0.7438867092132568,"['f9a094918b62534614c47aa8a13f33aec751a1e0', 'e4a11fd5c34942ba12737f1c8c084489428ee274', '229b53a632ea97d47c4be11f096bdd828fb415d8', '036a0ff49a7dade0e04c9c07071a1ff49133ee24', '2561f4ade46fc9d59f289f328cc77733a6443697']",1.0,1.0,1.0,True,0.0,1024,True,5
"[""docs"", ""docs"", ""refactor"", ""fix"", ""build""]","[""build"", ""docs"", ""test"", ""fix"", ""ci""]",0.7775602340698242,"['e4a11fd5c34942ba12737f1c8c084489428ee274', 'aca23027da1295c78fdf42ba9687d8ccc88784d7', 'e9617f0854030e70365eb264bcb3b58078e79e9e', '9ef5c0d14193a9abb09b39856f58477d1f4b0d77', '4cbbd2552ba0de273e1dfe7d453c5b3efed751a3']",0.75,0.6,0.6666666666666665,False,0.4285714285714285,1024,True,5
"[""feat"", ""build"", ""build"", ""docs"", ""fix""]","[""feat"", ""fix"", ""ci"", ""docs"", ""test""]",0.7448914051055908,"['f9a094918b62534614c47aa8a13f33aec751a1e0', '2561f4ade46fc9d59f289f328cc77733a6443697', '45837af24a33308a70a3454f0f650f9fe728e272', '036a0ff49a7dade0e04c9c07071a1ff49133ee24', 'b7ce2894fd1794064bd6db4ed730bb6cb7728739']",0.75,0.6,0.6666666666666665,False,0.4285714285714285,1024,True,5
"[""feat"", ""refactor"", ""build"", ""fix"", ""docs""]","[""feat"", ""refactor"", ""build"", ""fix"", ""docs""]",0.7719831466674805,"['ded26d768ff432ad3bde3c0aa1e95ce50726100a', '062daa45cbd5dba6e96e95d8cdcaee89ae30a83c', '37b1cbfd3d2c462ef4f2a131e4172c38dc8d9ddf', '933ab6bb86372913c992567cf9660009900911a7', '036a0ff49a7dade0e04c9c07071a1ff49133ee24']",1.0,1.0,1.0,True,0.0,1024,True,5
"[""test"", ""build"", ""fix"", ""docs"", ""docs""]","[""test"", ""build"", ""feat"", ""fix"", ""docs""]",0.7436981201171875,"['f411e58cd510f8a2b980b2f1932003a0c0e9f8f3', 'c44cf88a6ec54e5ddd99d8348bcc57b301ec7945', '1bcf88670b50155b50071e707f98f30cea0b7a24', '9be725fa3906323d4bc9788f54eccf74109d632b', 'a52a585d74894b3b4eeb8c784fa089ff95cddad0']",1.0,0.8,0.888888888888889,False,0.1428571428571428,1024,True,5
"[""fix"", ""build"", ""test"", ""docs""]","[""fix"", ""feat"", ""test"", ""ci"", ""docs""]",0.6507816314697266,"['933ab6bb86372913c992567cf9660009900911a7', '6ed56ce9ae743ba9a87e6c9643cc06b1de7b748d', 'e2e8ad25854bd1e7cdbc7f50b50bbd99e04ad47d', 'e96487ad7ce90b141219d9032fa2bed68d5dae6a', '036a0ff49a7dade0e04c9c07071a1ff49133ee24']",0.75,0.6,0.6666666666666665,False,0.4285714285714285,1024,True,5
"[""test"", ""refactor"", ""build"", ""ci"", ""feat""]","[""test"", ""refactor"", ""ci"", ""build"", ""fix""]",0.7657649517059326,"['e0198f74b81da3663144cfe1d971939319f82a0f', '3cca5c314ad6feeffbfe1f14cf49ebd0fd9a95a2', '45837af24a33308a70a3454f0f650f9fe728e272', '5b81fde8a72cf2e69a10e9f5c4f0bea0a2b8c3e0', '9ef5c0d14193a9abb09b39856f58477d1f4b0d77']",0.8,0.8,0.8000000000000002,False,0.2857142857142857,1024,True,5
"[""build"", ""fix"", ""refactor"", ""ci"", ""test""]","[""build"", ""feat"", ""refactor"", ""ci"", ""test""]",0.7449591159820557,"['c55591ba157298a9c5816693c102a89dfd058830', '1bcf88670b50155b50071e707f98f30cea0b7a24', '1db13ec43727aca872a0f3836e4023ed85db665e', 'dbb537a26e388a8d7d17faf131abc30c2f7a84e6', 'e2e8ad25854bd1e7cdbc7f50b50bbd99e04ad47d']",0.8,0.8,0.8000000000000002,False,0.2857142857142857,1024,True,5
"[""docs"", ""fix"", ""test"", ""build"", ""ci""]","[""feat"", ""refactor"", ""test"", ""ci"", ""build""]",0.7436294555664062,"['e137f9fdbdb6bf3f85c3f7ac9323785e445844c8', 'a62314d9bb632be6af026686615d14b912250512', 'b7ce2894fd1794064bd6db4ed730bb6cb7728739', '45837af24a33308a70a3454f0f650f9fe728e272', '454003841aabeb74396d73541378bfa59c75b5db']",0.6,0.6,0.6,False,0.5714285714285714,1024,True,5
"[""test"", ""fix"", ""build"", ""feat"", ""docs""]","[""test"", ""fix"", ""build"", ""refactor"", ""docs""]",0.7436850070953369,"['317f4eefecddfb1392ca71d551840f446feee302', '06e2be4e2019b6fa714e1fcb34485860ef1ede79', '32b92cfa0b74a6c25990e32ac6aab12b8496794c', '535708ae50aecb452560a23356fd396f99ef13a2', 'aca23027da1295c78fdf42ba9687d8ccc88784d7']",0.8,0.8,0.8000000000000002,False,0.2857142857142857,1024,True,5
"[""build"", ""feat"", ""docs"", ""fix"", ""ci"", ""test""]","[""ci"", ""feat"", ""build"", ""fix"", ""test""]",0.8369405269622803,"['173553c0372e66e03bdab19e0e6c2dd44daa14a0', '6ed56ce9ae743ba9a87e6c9643cc06b1de7b748d', '32b92cfa0b74a6c25990e32ac6aab12b8496794c', '933ab6bb86372913c992567cf9660009900911a7', 'e9617f0854030e70365eb264bcb3b58078e79e9e']",0.8333333333333334,1.0,0.9090909090909092,False,0.1428571428571428,1024,True,5
"[""ci"", ""test"", ""fix"", ""feat"", ""build""]","[""ci"", ""test"", ""fix"", ""feat"", ""build""]",0.7187700271606445,"['dbb537a26e388a8d7d17faf131abc30c2f7a84e6', 'e2e8ad25854bd1e7cdbc7f50b50bbd99e04ad47d', '933ab6bb86372913c992567cf9660009900911a7', 'b282e90e2cbb74559aab79eee8443a4d7c85502a', 'c55591ba157298a9c5816693c102a89dfd058830']",1.0,1.0,1.0,True,0.0,1024,True,5
"[""test"", ""build"", ""feat"", ""fix"", ""ci""]","[""test"", ""build"", ""feat"", ""fix"", ""ci""]",0.6112842559814453,"['317f4eefecddfb1392ca71d551840f446feee302', 'e4a11fd5c34942ba12737f1c8c084489428ee274', 'ded26d768ff432ad3bde3c0aa1e95ce50726100a', 'd129eaf9125a967ac86c6c7276bbae6b4d50af36', '173553c0372e66e03bdab19e0e6c2dd44daa14a0']",1.0,1.0,1.0,True,0.0,1024,True,5
"[""test""]","[""test"", ""build"", ""refactor"", ""docs"", ""feat""]",0.3712894916534424,"['bedc7950b24c37809e36a585b7985d5aa5e3e458', '5b81fde8a72cf2e69a10e9f5c4f0bea0a2b8c3e0', '47ef9104e4a89e80d7cc6c1950bc080841da4a7b', 'aca23027da1295c78fdf42ba9687d8ccc88784d7', 'f823cf28652987d43c8324b4f5b203240032383a']",1.0,0.2,0.3333333333333333,False,0.5714285714285714,1024,True,5
"[""build"", ""ci"", ""feat"", ""docs"", ""fix""]","[""build"", ""ci"", ""feat"", ""docs"", ""fix""]",0.715768575668335,"['5b81fde8a72cf2e69a10e9f5c4f0bea0a2b8c3e0', 'c5fa7b80438fbd74f4c341f0d3c9bd9e0f4910da', '68278b00450f2679761a2999500f6d87a579376b', 'a52a585d74894b3b4eeb8c784fa089ff95cddad0', '06e2be4e2019b6fa714e1fcb34485860ef1ede79']",1.0,1.0,1.0,True,0.0,1024,True,5
"[""test"", ""build"", ""refactor"", ""feat"", ""ci""]","[""test"", ""build"", ""refactor"", ""fix"", ""ci""]",0.765493631362915,"['e0198f74b81da3663144cfe1d971939319f82a0f', '5b81fde8a72cf2e69a10e9f5c4f0bea0a2b8c3e0', '3cca5c314ad6feeffbfe1f14cf49ebd0fd9a95a2', '87d5d4e55ab7149b593d29410f1fe426ba2447d4', '74e9de5ec97dc013a52aa063dff0f40ac74c407b']",0.8,0.8,0.8000000000000002,False,0.2857142857142857,1024,True,5
"[""build"", ""fix"", ""docs"", ""ci"", ""test""]","[""feat"", ""build"", ""fix"", ""ci"", ""test""]",0.7431199550628662,"['6ed56ce9ae743ba9a87e6c9643cc06b1de7b748d', 'c323d59c607cabc91f17a78528d998f376f30b10', '87d5d4e55ab7149b593d29410f1fe426ba2447d4', 'c5fa7b80438fbd74f4c341f0d3c9bd9e0f4910da', 'e9617f0854030e70365eb264bcb3b58078e79e9e']",0.8,0.8,0.8000000000000002,False,0.2857142857142857,1024,True,5
"[""build"", ""test"", ""fix"", ""docs"", ""build""]","[""build"", ""test"", ""refactor"", ""feat"", ""ci""]",0.7420823574066162,"['5b81fde8a72cf2e69a10e9f5c4f0bea0a2b8c3e0', 'e9617f0854030e70365eb264bcb3b58078e79e9e', '2954a0955ce9af6acb345ed1e8328e145ad30475', '68278b00450f2679761a2999500f6d87a579376b', 'e96487ad7ce90b141219d9032fa2bed68d5dae6a']",0.5,0.4,0.4444444444444445,False,0.7142857142857143,1024,True,5
"[""build"", ""feat"", ""docs"", ""test"", ""fix""]","[""ci"", ""refactor"", ""docs"", ""feat"", ""fix""]",0.7439045906066895,"['4cbbd2552ba0de273e1dfe7d453c5b3efed751a3', '535708ae50aecb452560a23356fd396f99ef13a2', 'e12d9e77a6fd531a22325337838a841b1c67f00d', 'fd8e563cc19ca4684885d4692acee6bebcca4ada', '9be725fa3906323d4bc9788f54eccf74109d632b']",0.6,0.6,0.6,False,0.5714285714285714,1024,True,5
"[""ci"", ""docs"", ""fix"", ""docs"", ""refactor""]","[""ci"", ""fix"", ""feat"", ""docs"", ""refactor""]",0.7701351642608643,"['c5fa7b80438fbd74f4c341f0d3c9bd9e0f4910da', 'bed78248c941d57ad4cc20a455147e186e97c7a1', 'b282e90e2cbb74559aab79eee8443a4d7c85502a', 'bf83c9155e9bee6925aa7102fab53fb803d52533', '771857b1df9470ebc15357e8879118a72c649d5b']",1.0,0.8,0.888888888888889,False,0.1428571428571428,1024,True,5
"[""refactor""]","[""fix""]",0.3260700702667236,['87d5d4e55ab7149b593d29410f1fe426ba2447d4'],0.0,0.0,0.0,False,0.2857142857142857,1024,True,1
"[""test""]","[""test""]",0.3625409603118896,['317f4eefecddfb1392ca71d551840f446feee302'],1.0,1.0,1.0,True,0.0,1024,True,1
"[""ci""]","[""ci""]",0.3476011753082275,['c5fa7b80438fbd74f4c341f0d3c9bd9e0f4910da'],1.0,1.0,1.0,True,0.0,1024,True,1
"[""ci""]","[""ci""]",0.33315110206604,['e7a67d88173566be3cd3aed7e9eeb7e29aabbc57'],1.0,1.0,1.0,True,0.0,1024,True,1
"[""fix""]","[""fix""]",0.3183650970458984,['d129eaf9125a967ac86c6c7276bbae6b4d50af36'],1.0,1.0,1.0,True,0.0,1024,True,1
"[""build""]","[""build""]",0.2904365062713623,['1269431c8a3e7549f10fcbbb4b88ff625c8898b3'],1.0,1.0,1.0,True,0.0,1024,True,1
"[""feat""]","[""refactor""]",0.2866535186767578,['535708ae50aecb452560a23356fd396f99ef13a2'],0.0,0.0,0.0,False,0.2857142857142857,1024,True,1
"[""feat""]","[""feat""]",0.2803742885589599,['68278b00450f2679761a2999500f6d87a579376b'],1.0,1.0,1.0,True,0.0,1024,True,1
"[""ci""]","[""ci""]",0.2577877044677734,['6c9cb638cb4d1ecc42632fcf389c24898c5b3244'],1.0,1.0,1.0,True,0.0,1024,True,1
"[""test""]","[""test""]",0.2595031261444092,['c7b25726df94a2530c9b1c0d2b6a0acaa103822f'],1.0,1.0,1.0,True,0.0,1024,True,1
"[""feat""]","[""feat""]",0.3572697639465332,['1bcf88670b50155b50071e707f98f30cea0b7a24'],1.0,1.0,1.0,True,0.0,1024,True,1
"[""build""]","[""build""]",0.3998169898986816,['454003841aabeb74396d73541378bfa59c75b5db'],1.0,1.0,1.0,True,0.0,1024,True,1
"[""ci""]","[""ci""]",0.2540347576141357,['dbb537a26e388a8d7d17faf131abc30c2f7a84e6'],1.0,1.0,1.0,True,0.0,1024,True,1
"[""docs""]","[""docs""]",0.2920131683349609,['bf83c9155e9bee6925aa7102fab53fb803d52533'],1.0,1.0,1.0,True,0.0,1024,True,1
"[""feat""]","[""feat""]",0.2896833419799804,['dc5238b2bda98a7c4f2fe9584fc3b0191a408109'],1.0,1.0,1.0,True,0.0,1024,True,1
"[""ci""]","[""ci""]",0.3144276142120361,['74e9de5ec97dc013a52aa063dff0f40ac74c407b'],1.0,1.0,1.0,True,0.0,1024,True,1
"[""test""]","[""test""]",0.2886216640472412,['b7ce2894fd1794064bd6db4ed730bb6cb7728739'],1.0,1.0,1.0,True,0.0,1024,True,1
"[""build""]","[""build""]",0.3224594593048095,['32b92cfa0b74a6c25990e32ac6aab12b8496794c'],1.0,1.0,1.0,True,0.0,1024,True,1
"[""fix""]","[""fix""]",0.325653076171875,['bed78248c941d57ad4cc20a455147e186e97c7a1'],1.0,1.0,1.0,True,0.0,1024,True,1
"[""test""]","[""test""]",0.2882471084594726,['f411e58cd510f8a2b980b2f1932003a0c0e9f8f3'],1.0,1.0,1.0,True,0.0,1024,True,1
"[""feat""]","[""feat""]",0.2795338630676269,['f9a094918b62534614c47aa8a13f33aec751a1e0'],1.0,1.0,1.0,True,0.0,1024,True,1
"[""docs""]","[""docs""]",0.2866380214691162,['aca23027da1295c78fdf42ba9687d8ccc88784d7'],1.0,1.0,1.0,True,0.0,1024,True,1
"[""build""]","[""build""]",0.314744234085083,['37b1cbfd3d2c462ef4f2a131e4172c38dc8d9ddf'],1.0,1.0,1.0,True,0.0,1024,True,1
"[""feat""]","[""feat""]",0.3923342227935791,['e137f9fdbdb6bf3f85c3f7ac9323785e445844c8'],1.0,1.0,1.0,True,0.0,1024,True,1
"[""test""]","[""test""]",0.335237979888916,['e0198f74b81da3663144cfe1d971939319f82a0f'],1.0,1.0,1.0,True,0.0,1024,True,1
"[""build""]","[""ci""]",0.3306283950805664,['45837af24a33308a70a3454f0f650f9fe728e272'],0.0,0.0,0.0,False,0.2857142857142857,1024,True,1
"[""docs""]","[""docs""]",0.3071990013122558,['0cfc5633d37ea06f645649138323f1820e18bdee'],1.0,1.0,1.0,True,0.0,1024,True,1
"[""feat""]","[""test""]",0.4588415622711181,['8ee0611fbf0cd89abe7ae588f22e6ecb843598ea'],0.0,0.0,0.0,False,0.2857142857142857,1024,True,1
"[""docs""]","[""docs""]",0.3212316036224365,['c2ee5cd5e709afd15c5565ee009a0d204403a119'],1.0,1.0,1.0,True,0.0,1024,True,1
"[""fix""]","[""fix""]",0.2604608535766601,['d1d55e787b7d07f763852602b9939a5394607fd9'],1.0,1.0,1.0,True,0.0,1024,True,1
"[""build""]","[""build""]",0.3195476531982422,['c55591ba157298a9c5816693c102a89dfd058830'],1.0,1.0,1.0,True,0.0,1024,True,1
"[""build""]","[""fix""]",0.2563502788543701,['9be725fa3906323d4bc9788f54eccf74109d632b'],0.0,0.0,0.0,False,0.2857142857142857,1024,True,1
"[""build""]","[""build""]",0.2915923595428467,['f00a4d3e307b89842250358ee432e6800bb24362'],1.0,1.0,1.0,True,0.0,1024,True,1
"[""docs""]","[""docs""]",0.2922706604003906,['036a0ff49a7dade0e04c9c07071a1ff49133ee24'],1.0,1.0,1.0,True,0.0,1024,True,1
"[""docs""]","[""docs""]",0.2852034568786621,['6d405dfc1675dcad64a2dfac0c0cb0fb28381d21'],1.0,1.0,1.0,True,0.0,1024,True,1
"[""refactor""]","[""refactor""]",0.4266262054443359,['3cca5c314ad6feeffbfe1f14cf49ebd0fd9a95a2'],1.0,1.0,1.0,True,0.0,1024,True,1
"[""docs""]","[""docs""]",0.3200240135192871,['af880ac5b4fecbc6c4f3d1eee0d95f326e8bd9d1'],1.0,1.0,1.0,True,0.0,1024,True,1
"[""fix""]","[""fix""]",0.2592487335205078,['c8e0ae8612df3d6f2831acc004aaac332f6105e4'],1.0,1.0,1.0,True,0.0,1024,True,1
"[""refactor""]","[""refactor""]",0.4269230365753174,['771857b1df9470ebc15357e8879118a72c649d5b'],1.0,1.0,1.0,True,0.0,1024,True,1
"[""refactor""]","[""refactor""]",0.3183019161224365,['47ef9104e4a89e80d7cc6c1950bc080841da4a7b'],1.0,1.0,1.0,True,0.0,1024,True,1
"[""refactor""]","[""refactor""]",0.4235239028930664,['1db13ec43727aca872a0f3836e4023ed85db665e'],1.0,1.0,1.0,True,0.0,1024,True,1
"[""fix""]","[""fix""]",0.2587461471557617,['933ab6bb86372913c992567cf9660009900911a7'],1.0,1.0,1.0,True,0.0,1024,True,1
"[""test""]","[""test""]",0.2912304401397705,['e2e8ad25854bd1e7cdbc7f50b50bbd99e04ad47d'],1.0,1.0,1.0,True,0.0,1024,True,1
"[""build""]","[""build""]",0.2762477397918701,['c44cf88a6ec54e5ddd99d8348bcc57b301ec7945'],1.0,1.0,1.0,True,0.0,1024,True,1
"[""ci""]","[""ci""]",0.2585961818695068,['e96487ad7ce90b141219d9032fa2bed68d5dae6a'],1.0,1.0,1.0,True,0.0,1024,True,1
"[""build""]","[""build""]",0.2538797855377197,['5b81fde8a72cf2e69a10e9f5c4f0bea0a2b8c3e0'],1.0,1.0,1.0,True,0.0,1024,True,1
"[""docs""]","[""docs""]",0.4020702838897705,['cb1f48b56ae0de93acb72e48726c7d610a1d538e'],1.0,1.0,1.0,True,0.0,1024,True,1
"[""fix""]","[""fix""]",0.3644793033599853,['2561f4ade46fc9d59f289f328cc77733a6443697'],1.0,1.0,1.0,True,0.0,1024,True,1
"[""fix""]","[""fix""]",0.3068981170654297,['06e2be4e2019b6fa714e1fcb34485860ef1ede79'],1.0,1.0,1.0,True,0.0,1024,True,1
"[""refactor""]","[""refactor""]",0.3265507221221924,['36556bf8e0bce4ab6d26eafacbdad04d9614a5d7'],1.0,1.0,1.0,True,0.0,1024,True,1
"[""build""]","[""build""]",0.2549531459808349,['c323d59c607cabc91f17a78528d998f376f30b10'],1.0,1.0,1.0,True,0.0,1024,True,1
"[""build""]","[""build""]",0.3144268989562988,['e4a11fd5c34942ba12737f1c8c084489428ee274'],1.0,1.0,1.0,True,0.0,1024,True,1
"[""fix""]","[""refactor""]",0.3450088500976562,['63eab619e6166eb6cab948028a7b89bf059dd878'],0.0,0.0,0.0,False,0.2857142857142857,1024,True,1
"[""docs""]","[""docs""]",0.2593326568603515,['a52a585d74894b3b4eeb8c784fa089ff95cddad0'],1.0,1.0,1.0,True,0.0,1024,True,1
"[""fix""]","[""feat""]",0.3260238170623779,['b282e90e2cbb74559aab79eee8443a4d7c85502a'],0.0,0.0,0.0,False,0.2857142857142857,1024,True,1
"[""feat""]","[""feat""]",0.3308160305023193,['f823cf28652987d43c8324b4f5b203240032383a'],1.0,1.0,1.0,True,0.0,1024,True,1
"[""fix""]","[""fix""]",0.2850725650787353,['9ef5c0d14193a9abb09b39856f58477d1f4b0d77'],1.0,1.0,1.0,True,0.0,1024,True,1
"[""feat""]","[""feat""]",0.3562047481536865,['fd8e563cc19ca4684885d4692acee6bebcca4ada'],1.0,1.0,1.0,True,0.0,1024,True,1
"[""ci""]","[""ci""]",0.2723913192749023,['4cbbd2552ba0de273e1dfe7d453c5b3efed751a3'],1.0,1.0,1.0,True,0.0,1024,True,1
"[""ci""]","[""ci""]",0.3684606552124023,['173553c0372e66e03bdab19e0e6c2dd44daa14a0'],1.0,1.0,1.0,True,0.0,1024,True,1
"[""ci""]","[""ci""]",0.3937790393829345,['32845e1bbd1efb5dbc16f671049509a409ba25ce'],1.0,1.0,1.0,True,0.0,1024,True,1
"[""test""]","[""test""]",0.2854292392730713,['229b53a632ea97d47c4be11f096bdd828fb415d8'],1.0,1.0,1.0,True,0.0,1024,True,1
"[""docs""]","[""refactor""]",0.286163330078125,['2954a0955ce9af6acb345ed1e8328e145ad30475'],0.0,0.0,0.0,False,0.2857142857142857,1024,True,1
"[""docs""]","[""refactor""]",0.2902905941009521,['a62314d9bb632be6af026686615d14b912250512'],0.0,0.0,0.0,False,0.2857142857142857,1024,True,1
"[""refactor""]","[""refactor""]",0.4253010749816894,['062daa45cbd5dba6e96e95d8cdcaee89ae30a83c'],1.0,1.0,1.0,True,0.0,1024,True,1
"[""test""]","[""test""]",0.3293561935424804,['bedc7950b24c37809e36a585b7985d5aa5e3e458'],1.0,1.0,1.0,True,0.0,1024,True,1
"[""feat""]","[""feat""]",0.3948686122894287,['ded26d768ff432ad3bde3c0aa1e95ce50726100a'],1.0,1.0,1.0,True,0.0,1024,True,1
"[""build"", ""test""]","[""test""]",0.4532442092895508,['e9617f0854030e70365eb264bcb3b58078e79e9e'],0.5,1.0,0.6666666666666666,False,0.1428571428571428,1024,True,1
"[""feat""]","[""feat""]",0.3924047946929931,['6ed56ce9ae743ba9a87e6c9643cc06b1de7b748d'],1.0,1.0,1.0,True,0.0,1024,True,1
"[""ci""]","[""docs""]",0.2725646495819092,['e12d9e77a6fd531a22325337838a841b1c67f00d'],0.0,0.0,0.0,False,0.2857142857142857,1024,True,1
"[""feat"", ""refactor""]","[""feat"", ""refactor""]",0.4854052066802978,"['fd8e563cc19ca4684885d4692acee6bebcca4ada', '36556bf8e0bce4ab6d26eafacbdad04d9614a5d7']",1.0,1.0,1.0,True,0.0,1024,True,2
"[""build"", ""build""]","[""ci"", ""build""]",0.4419529438018799,"['45837af24a33308a70a3454f0f650f9fe728e272', '5b81fde8a72cf2e69a10e9f5c4f0bea0a2b8c3e0']",1.0,0.5,0.6666666666666666,False,0.1428571428571428,1024,True,2
"[""feat"", ""docs""]","[""refactor"", ""docs""]",0.4326837062835693,"['535708ae50aecb452560a23356fd396f99ef13a2', 'af880ac5b4fecbc6c4f3d1eee0d95f326e8bd9d1']",0.5,0.5,0.5,False,0.2857142857142857,1024,True,2
"[""feat"", ""fix""]","[""feat"", ""refactor""]",0.5379600524902344,"['68278b00450f2679761a2999500f6d87a579376b', '63eab619e6166eb6cab948028a7b89bf059dd878']",0.5,0.5,0.5,False,0.2857142857142857,1024,True,2
"[""ci"", ""test""]","[""ci"", ""test""]",0.4238197803497314,"['dbb537a26e388a8d7d17faf131abc30c2f7a84e6', 'f411e58cd510f8a2b980b2f1932003a0c0e9f8f3']",1.0,1.0,1.0,True,0.0,1024,True,2
"[""test"", ""ci""]","[""test"", ""ci""]",0.4405689239501953,"['e2e8ad25854bd1e7cdbc7f50b50bbd99e04ad47d', 'c5fa7b80438fbd74f4c341f0d3c9bd9e0f4910da']",1.0,1.0,1.0,True,0.0,1024,True,2
"[""build""]","[""ci"", ""build""]",0.3887636661529541,"['45837af24a33308a70a3454f0f650f9fe728e272', '1269431c8a3e7549f10fcbbb4b88ff625c8898b3']",1.0,0.5,0.6666666666666666,False,0.1428571428571428,1024,True,2
"[""refactor"", ""test""]","[""feat"", ""test""]",0.5036721229553223,"['1bcf88670b50155b50071e707f98f30cea0b7a24', 'f411e58cd510f8a2b980b2f1932003a0c0e9f8f3']",0.5,0.5,0.5,False,0.2857142857142857,1024,True,2
"[""docs"", ""build""]","[""fix"", ""docs""]",0.3953409194946289,"['9be725fa3906323d4bc9788f54eccf74109d632b', '0cfc5633d37ea06f645649138323f1820e18bdee']",0.5,0.5,0.5,False,0.2857142857142857,1024,True,2
"[""docs"", ""ci""]","[""fix"", ""ci""]",0.3899390697479248,"['9be725fa3906323d4bc9788f54eccf74109d632b', 'e96487ad7ce90b141219d9032fa2bed68d5dae6a']",0.5,0.5,0.5,False,0.2857142857142857,1024,True,2
"[""build""]","[""build"", ""test""]",0.4206383228302002,"['1269431c8a3e7549f10fcbbb4b88ff625c8898b3', '317f4eefecddfb1392ca71d551840f446feee302']",1.0,0.5,0.6666666666666666,False,0.1428571428571428,1024,True,2
"[""ci"", ""docs""]","[""ci"", ""docs""]",0.4279298782348633,"['dbb537a26e388a8d7d17faf131abc30c2f7a84e6', '0cfc5633d37ea06f645649138323f1820e18bdee']",1.0,1.0,1.0,True,0.0,1024,True,2
"[""refactor"", ""build""]","[""refactor"", ""build""]",0.5421261787414551,"['3cca5c314ad6feeffbfe1f14cf49ebd0fd9a95a2', '454003841aabeb74396d73541378bfa59c75b5db']",1.0,1.0,1.0,True,0.0,1024,True,2
"[""fix"", ""refactor""]","[""fix"", ""refactor""]",0.5351560115814209,"['2561f4ade46fc9d59f289f328cc77733a6443697', '062daa45cbd5dba6e96e95d8cdcaee89ae30a83c']",1.0,1.0,1.0,True,0.0,1024,True,2
"[""build"", ""ci""]","[""build"", ""ci""]",0.3971033096313476,"['c44cf88a6ec54e5ddd99d8348bcc57b301ec7945', 'dbb537a26e388a8d7d17faf131abc30c2f7a84e6']",1.0,1.0,1.0,True,0.0,1024,True,2
"[""build"", ""feat""]","[""build"", ""refactor""]",0.5084586143493652,"['32b92cfa0b74a6c25990e32ac6aab12b8496794c', '63eab619e6166eb6cab948028a7b89bf059dd878']",0.5,0.5,0.5,False,0.2857142857142857,1024,True,2
"[""fix"", ""ci""]","[""feat"", ""docs""]",0.3913464546203613,"['dc5238b2bda98a7c4f2fe9584fc3b0191a408109', 'e12d9e77a6fd531a22325337838a841b1c67f00d']",0.0,0.0,0.0,False,0.5714285714285714,1024,True,2
"[""ci"", ""docs""]","[""ci"", ""docs""]",0.4390671253204345,"['32845e1bbd1efb5dbc16f671049509a409ba25ce', 'bf83c9155e9bee6925aa7102fab53fb803d52533']",1.0,1.0,1.0,True,0.0,1024,True,2
"[""fix"", ""feat"", ""test""]","[""fix"", ""feat""]",0.5672688484191895,"['d129eaf9125a967ac86c6c7276bbae6b4d50af36', '6ed56ce9ae743ba9a87e6c9643cc06b1de7b748d']",0.6666666666666666,1.0,0.8,False,0.1428571428571428,1024,True,2
"[""refactor"", ""ci""]","[""feat"", ""ci""]",0.531064510345459,"['1bcf88670b50155b50071e707f98f30cea0b7a24', '74e9de5ec97dc013a52aa063dff0f40ac74c407b']",0.5,0.5,0.5,False,0.2857142857142857,1024,True,2
"[""docs"", ""ci""]","[""docs"", ""ci""]",0.3921031951904297,"['036a0ff49a7dade0e04c9c07071a1ff49133ee24', '4cbbd2552ba0de273e1dfe7d453c5b3efed751a3']",1.0,1.0,1.0,True,0.0,1024,True,2
"[""test"", ""docs""]","[""test"", ""docs""]",0.5075216293334961,"['e9617f0854030e70365eb264bcb3b58078e79e9e', 'cb1f48b56ae0de93acb72e48726c7d610a1d538e']",1.0,1.0,1.0,True,0.0,1024,True,2
"[""docs""]","[""docs"", ""feat""]",0.4005994796752929,"['aca23027da1295c78fdf42ba9687d8ccc88784d7', 'f823cf28652987d43c8324b4f5b203240032383a']",1.0,0.5,0.6666666666666666,False,0.1428571428571428,1024,True,2
"[""refactor"", ""fix""]","[""refactor"", ""fix""]",0.4239859580993652,"['47ef9104e4a89e80d7cc6c1950bc080841da4a7b', '06e2be4e2019b6fa714e1fcb34485860ef1ede79']",1.0,1.0,1.0,True,0.0,1024,True,2
"[""build"", ""ci""]","[""build"", ""ci""]",0.3775572776794433,"['5b81fde8a72cf2e69a10e9f5c4f0bea0a2b8c3e0', 'dbb537a26e388a8d7d17faf131abc30c2f7a84e6']",1.0,1.0,1.0,True,0.0,1024,True,2
"[""build"", ""refactor""]","[""build"", ""refactor""]",0.4141933917999267,"['5b81fde8a72cf2e69a10e9f5c4f0bea0a2b8c3e0', '36556bf8e0bce4ab6d26eafacbdad04d9614a5d7']",1.0,1.0,1.0,True,0.0,1024,True,2
"[""feat"", ""test""]","[""fix"", ""test""]",0.4659698009490967,"['9ef5c0d14193a9abb09b39856f58477d1f4b0d77', 'b7ce2894fd1794064bd6db4ed730bb6cb7728739']",0.5,0.5,0.5,False,0.2857142857142857,1024,True,2
"[""build"", ""docs""]","[""build"", ""docs""]",0.4285578727722168,"['c323d59c607cabc91f17a78528d998f376f30b10', 'c2ee5cd5e709afd15c5565ee009a0d204403a119']",1.0,1.0,1.0,True,0.0,1024,True,2
"[""fix"", ""ci""]","[""fix"", ""ci""]",0.3845691680908203,"['9be725fa3906323d4bc9788f54eccf74109d632b', 'dbb537a26e388a8d7d17faf131abc30c2f7a84e6']",1.0,1.0,1.0,True,0.0,1024,True,2
"[""fix"", ""ci""]","[""fix"", ""ci""]",0.4351651668548584,"['9be725fa3906323d4bc9788f54eccf74109d632b', 'e7a67d88173566be3cd3aed7e9eeb7e29aabbc57']",1.0,1.0,1.0,True,0.0,1024,True,2
"[""docs"", ""refactor""]","[""docs"", ""refactor""]",0.5061478614807129,"['c2ee5cd5e709afd15c5565ee009a0d204403a119', '062daa45cbd5dba6e96e95d8cdcaee89ae30a83c']",1.0,1.0,1.0,True,0.0,1024,True,2
"[""fix"", ""feat"", ""refactor""]","[""fix"", ""feat""]",0.5915665626525879,"['933ab6bb86372913c992567cf9660009900911a7', 'e137f9fdbdb6bf3f85c3f7ac9323785e445844c8']",0.6666666666666666,1.0,0.8,False,0.1428571428571428,1024,True,2
"[""build"", ""fix""]","[""fix"", ""build""]",0.4553196430206299,"['9be725fa3906323d4bc9788f54eccf74109d632b', 'c44cf88a6ec54e5ddd99d8348bcc57b301ec7945']",1.0,1.0,1.0,True,0.0,1024,True,2
"[""ci"", ""docs""]","[""ci"", ""docs""]",0.4555096626281738,"['173553c0372e66e03bdab19e0e6c2dd44daa14a0', 'e12d9e77a6fd531a22325337838a841b1c67f00d']",1.0,1.0,1.0,True,0.0,1024,True,2
"[""ci"", ""feat""]","[""ci"", ""feat""]",0.441291332244873,"['6c9cb638cb4d1ecc42632fcf389c24898c5b3244', 'f823cf28652987d43c8324b4f5b203240032383a']",1.0,1.0,1.0,True,0.0,1024,True,2
"[""ci"", ""docs""]","[""ci"", ""docs""]",0.4674890041351318,"['74e9de5ec97dc013a52aa063dff0f40ac74c407b', 'c2ee5cd5e709afd15c5565ee009a0d204403a119']",1.0,1.0,1.0,True,0.0,1024,True,2
"[""test"", ""build""]","[""test"", ""build""]",0.4339690208435058,"['317f4eefecddfb1392ca71d551840f446feee302', '5b81fde8a72cf2e69a10e9f5c4f0bea0a2b8c3e0']",1.0,1.0,1.0,True,0.0,1024,True,2
"[""docs"", ""feat""]","[""docs"", ""feat""]",0.4514176845550537,"['a52a585d74894b3b4eeb8c784fa089ff95cddad0', 'f823cf28652987d43c8324b4f5b203240032383a']",1.0,1.0,1.0,True,0.0,1024,True,2
"[""refactor"", ""build""]","[""refactor"", ""build""]",0.4098122119903564,"['47ef9104e4a89e80d7cc6c1950bc080841da4a7b', '5b81fde8a72cf2e69a10e9f5c4f0bea0a2b8c3e0']",1.0,1.0,1.0,True,0.0,1024,True,2
"[""fix"", ""refactor""]","[""feat"", ""refactor""]",0.5300548076629639,"['e137f9fdbdb6bf3f85c3f7ac9323785e445844c8', '771857b1df9470ebc15357e8879118a72c649d5b']",0.5,0.5,0.5,False,0.2857142857142857,1024,True,2
"[""refactor"", ""fix""]","[""feat"", ""fix""]",0.4950799942016601,"['6ed56ce9ae743ba9a87e6c9643cc06b1de7b748d', 'd1d55e787b7d07f763852602b9939a5394607fd9']",0.5,0.5,0.5,False,0.2857142857142857,1024,True,2
"[""build"", ""docs""]","[""build"", ""docs""]",0.4279828071594238,"['c323d59c607cabc91f17a78528d998f376f30b10', '0cfc5633d37ea06f645649138323f1820e18bdee']",1.0,1.0,1.0,True,0.0,1024,True,2
"[""fix""]","[""test"", ""refactor""]",0.3650615215301513,"['8ee0611fbf0cd89abe7ae588f22e6ecb843598ea', '2954a0955ce9af6acb345ed1e8328e145ad30475']",0.0,0.0,0.0,False,0.4285714285714285,1024,True,2
"[""refactor"", ""fix""]","[""refactor"", ""fix""]",0.4253756999969482,"['36556bf8e0bce4ab6d26eafacbdad04d9614a5d7', 'c8e0ae8612df3d6f2831acc004aaac332f6105e4']",1.0,1.0,1.0,True,0.0,1024,True,2
"[""build""]","[""build"", ""ci""]",0.3939864635467529,"['e4a11fd5c34942ba12737f1c8c084489428ee274', '173553c0372e66e03bdab19e0e6c2dd44daa14a0']",1.0,0.5,0.6666666666666666,False,0.1428571428571428,1024,True,2
"[""fix"", ""feat""]","[""fix"", ""feat""]",0.4631803035736084,"['c8e0ae8612df3d6f2831acc004aaac332f6105e4', 'f9a094918b62534614c47aa8a13f33aec751a1e0']",1.0,1.0,1.0,True,0.0,1024,True,2
"[""docs"", ""build""]","[""refactor"", ""docs""]",0.4549374580383301,"['771857b1df9470ebc15357e8879118a72c649d5b', '0cfc5633d37ea06f645649138323f1820e18bdee']",0.5,0.5,0.5,False,0.2857142857142857,1024,True,2
"[""fix"", ""feat""]","[""feat"", ""fix""]",0.4592654705047607,"['6ed56ce9ae743ba9a87e6c9643cc06b1de7b748d', '87d5d4e55ab7149b593d29410f1fe426ba2447d4']",1.0,1.0,1.0,True,0.0,1024,True,2
"[""refactor"", ""test""]","[""refactor"", ""test""]",0.500908613204956,"['1db13ec43727aca872a0f3836e4023ed85db665e', '229b53a632ea97d47c4be11f096bdd828fb415d8']",1.0,1.0,1.0,True,0.0,1024,True,2
"[""test"", ""feat""]","[""test"", ""refactor""]",0.4959688186645508,"['317f4eefecddfb1392ca71d551840f446feee302', '63eab619e6166eb6cab948028a7b89bf059dd878']",0.5,0.5,0.5,False,0.2857142857142857,1024,True,2
"[""build"", ""fix""]","[""docs"", ""build""]",0.439739465713501,"['e12d9e77a6fd531a22325337838a841b1c67f00d', 'c44cf88a6ec54e5ddd99d8348bcc57b301ec7945']",0.5,0.5,0.5,False,0.2857142857142857,1024,True,2
"[""refactor"", ""build""]","[""refactor"", ""build""]",0.4707183837890625,"['1db13ec43727aca872a0f3836e4023ed85db665e', '32b92cfa0b74a6c25990e32ac6aab12b8496794c']",1.0,1.0,1.0,True,0.0,1024,True,2
"[""docs"", ""fix"", ""test""]","[""docs"", ""fix""]",0.5804204940795898,"['c2ee5cd5e709afd15c5565ee009a0d204403a119', 'bed78248c941d57ad4cc20a455147e186e97c7a1']",0.6666666666666666,1.0,0.8,False,0.1428571428571428,1024,True,2
"[""docs"", ""ci""]","[""docs"", ""ci""]",0.4391591548919678,"['bf83c9155e9bee6925aa7102fab53fb803d52533', '173553c0372e66e03bdab19e0e6c2dd44daa14a0']",1.0,1.0,1.0,True,0.0,1024,True,2
"[""refactor"", ""ci""]","[""refactor"", ""ci""]",0.486588716506958,"['36556bf8e0bce4ab6d26eafacbdad04d9614a5d7', '74e9de5ec97dc013a52aa063dff0f40ac74c407b']",1.0,1.0,1.0,True,0.0,1024,True,2
"[""test"", ""feat""]","[""test"", ""fix""]",0.4554445743560791,"['e9617f0854030e70365eb264bcb3b58078e79e9e', '87d5d4e55ab7149b593d29410f1fe426ba2447d4']",0.5,0.5,0.5,False,0.2857142857142857,1024,True,2
"[""feat"", ""refactor""]","[""feat"", ""refactor""]",0.4667930603027344,"['e137f9fdbdb6bf3f85c3f7ac9323785e445844c8', '47ef9104e4a89e80d7cc6c1950bc080841da4a7b']",1.0,1.0,1.0,True,0.0,1024,True,2
"[""refactor"", ""ci""]","[""fix"", ""ci""]",0.5330188274383545,"['2561f4ade46fc9d59f289f328cc77733a6443697', '74e9de5ec97dc013a52aa063dff0f40ac74c407b']",0.5,0.5,0.5,False,0.2857142857142857,1024,True,2
"[""build"", ""ci""]","[""build"", ""ci""]",0.3893694877624511,"['5b81fde8a72cf2e69a10e9f5c4f0bea0a2b8c3e0', 'e96487ad7ce90b141219d9032fa2bed68d5dae6a']",1.0,1.0,1.0,True,0.0,1024,True,2
"[""build"", ""feat"", ""test""]","[""build"", ""test""]",0.5554771423339844,"['32b92cfa0b74a6c25990e32ac6aab12b8496794c', '8ee0611fbf0cd89abe7ae588f22e6ecb843598ea']",0.6666666666666666,1.0,0.8,False,0.1428571428571428,1024,True,2
"[""refactor"", ""ci""]","[""refactor"", ""ci""]",0.5314631462097168,"['1db13ec43727aca872a0f3836e4023ed85db665e', '74e9de5ec97dc013a52aa063dff0f40ac74c407b']",1.0,1.0,1.0,True,0.0,1024,True,2
"[""fix"", ""build""]","[""fix"", ""build""]",0.471231460571289,"['2561f4ade46fc9d59f289f328cc77733a6443697', 'c55591ba157298a9c5816693c102a89dfd058830']",1.0,1.0,1.0,True,0.0,1024,True,2
"[""build"", ""refactor""]","[""build"", ""refactor""]",0.501579999923706,"['5b81fde8a72cf2e69a10e9f5c4f0bea0a2b8c3e0', '1db13ec43727aca872a0f3836e4023ed85db665e']",1.0,1.0,1.0,True,0.0,1024,True,2
"[""test"", ""ci""]","[""test"", ""ci""]",0.4533326625823974,"['8ee0611fbf0cd89abe7ae588f22e6ecb843598ea', 'e96487ad7ce90b141219d9032fa2bed68d5dae6a']",1.0,1.0,1.0,True,0.0,1024,True,2
"[""test"", ""feat""]","[""test"", ""refactor""]",0.5017330646514893,"['bedc7950b24c37809e36a585b7985d5aa5e3e458', '062daa45cbd5dba6e96e95d8cdcaee89ae30a83c']",0.5,0.5,0.5,False,0.2857142857142857,1024,True,2
"[""ci"", ""feat""]","[""ci"", ""refactor""]",0.5002233982086182,"['74e9de5ec97dc013a52aa063dff0f40ac74c407b', '63eab619e6166eb6cab948028a7b89bf059dd878']",0.5,0.5,0.5,False,0.2857142857142857,1024,True,2
"[""test""]","[""test"", ""docs""]",0.326697826385498,"['317f4eefecddfb1392ca71d551840f446feee302', 'af880ac5b4fecbc6c4f3d1eee0d95f326e8bd9d1']",1.0,0.5,0.6666666666666666,False,0.1428571428571428,1024,True,2
"[""feat"", ""fix""]","[""feat"", ""fix""]",0.433962345123291,"['dc5238b2bda98a7c4f2fe9584fc3b0191a408109', '9ef5c0d14193a9abb09b39856f58477d1f4b0d77']",1.0,1.0,1.0,True,0.0,1024,True,2
"[""docs"", ""feat""]","[""build"", ""docs""]",0.466135025024414,"['e4a11fd5c34942ba12737f1c8c084489428ee274', 'e12d9e77a6fd531a22325337838a841b1c67f00d']",0.5,0.5,0.5,False,0.2857142857142857,1024,True,2
"[""fix"", ""feat""]","[""feat"", ""refactor""]",0.5050678253173828,"['6ed56ce9ae743ba9a87e6c9643cc06b1de7b748d', '63eab619e6166eb6cab948028a7b89bf059dd878']",0.5,0.5,0.5,False,0.2857142857142857,1024,True,2
"[""ci""]","[""ci"", ""fix"", ""docs""]",0.3509058952331543,"['dbb537a26e388a8d7d17faf131abc30c2f7a84e6', 'd129eaf9125a967ac86c6c7276bbae6b4d50af36', 'cb1f48b56ae0de93acb72e48726c7d610a1d538e']",1.0,0.3333333333333333,0.5,False,0.2857142857142857,1024,True,3
"[""fix"", ""refactor"", ""test""]","[""fix"", ""refactor"", ""feat""]",0.6093165874481201,"['933ab6bb86372913c992567cf9660009900911a7', '3cca5c314ad6feeffbfe1f14cf49ebd0fd9a95a2', '6ed56ce9ae743ba9a87e6c9643cc06b1de7b748d']",0.6666666666666666,0.6666666666666666,0.6666666666666666,False,0.2857142857142857,1024,True,3
"[""build"", ""feat"", ""ci""]","[""build"", ""feat"", ""ci""]",0.5683317184448242,"['5b81fde8a72cf2e69a10e9f5c4f0bea0a2b8c3e0', 'e137f9fdbdb6bf3f85c3f7ac9323785e445844c8', '32845e1bbd1efb5dbc16f671049509a409ba25ce']",1.0,1.0,1.0,True,0.0,1024,True,3
"[""build"", ""docs"", ""feat""]","[""ci"", ""docs"", ""feat""]",0.6099245548248291,"['45837af24a33308a70a3454f0f650f9fe728e272', '6d405dfc1675dcad64a2dfac0c0cb0fb28381d21', 'f823cf28652987d43c8324b4f5b203240032383a']",0.6666666666666666,0.6666666666666666,0.6666666666666666,False,0.2857142857142857,1024,True,3
"[""ci"", ""docs"", ""build""]","[""ci"", ""docs"", ""build""]",0.5300521850585938,"['6c9cb638cb4d1ecc42632fcf389c24898c5b3244', 'bf83c9155e9bee6925aa7102fab53fb803d52533', 'c323d59c607cabc91f17a78528d998f376f30b10']",1.0,1.0,1.0,True,0.0,1024,True,3
"[""test"", ""docs"", ""fix""]","[""test"", ""docs"", ""fix""]",0.5737447738647461,"['229b53a632ea97d47c4be11f096bdd828fb415d8', 'e12d9e77a6fd531a22325337838a841b1c67f00d', 'd129eaf9125a967ac86c6c7276bbae6b4d50af36']",1.0,1.0,1.0,True,0.0,1024,True,3
"[""feat"", ""docs"", ""refactor""]","[""feat"", ""docs"", ""refactor""]",0.6585934162139893,"['68278b00450f2679761a2999500f6d87a579376b', 'c2ee5cd5e709afd15c5565ee009a0d204403a119', '535708ae50aecb452560a23356fd396f99ef13a2']",1.0,1.0,1.0,True,0.0,1024,True,3
"[""docs""]","[""docs"", ""ci"", ""test""]",0.3536078929901123,"['0cfc5633d37ea06f645649138323f1820e18bdee', '6c9cb638cb4d1ecc42632fcf389c24898c5b3244', 'f411e58cd510f8a2b980b2f1932003a0c0e9f8f3']",1.0,0.3333333333333333,0.5,False,0.2857142857142857,1024,True,3
"[""build"", ""fix"", ""refactor""]","[""build"", ""fix"", ""refactor""]",0.5948479175567627,"['1269431c8a3e7549f10fcbbb4b88ff625c8898b3', '933ab6bb86372913c992567cf9660009900911a7', '36556bf8e0bce4ab6d26eafacbdad04d9614a5d7']",1.0,1.0,1.0,True,0.0,1024,True,3
"[""test"", ""fix"", ""docs""]","[""test"", ""fix"", ""docs""]",0.570690393447876,"['c7b25726df94a2530c9b1c0d2b6a0acaa103822f', '933ab6bb86372913c992567cf9660009900911a7', 'c2ee5cd5e709afd15c5565ee009a0d204403a119']",1.0,1.0,1.0,True,0.0,1024,True,3
"[""refactor"", ""fix""]","[""build"", ""refactor"", ""fix""]",0.4858553409576416,"['32b92cfa0b74a6c25990e32ac6aab12b8496794c', '771857b1df9470ebc15357e8879118a72c649d5b', '06e2be4e2019b6fa714e1fcb34485860ef1ede79']",1.0,0.6666666666666666,0.8,False,0.1428571428571428,1024,True,3
"[""test"", ""docs"", ""build""]","[""test"", ""docs"", ""build""]",0.5759105682373047,"['f411e58cd510f8a2b980b2f1932003a0c0e9f8f3', '036a0ff49a7dade0e04c9c07071a1ff49133ee24', 'c44cf88a6ec54e5ddd99d8348bcc57b301ec7945']",1.0,1.0,1.0,True,0.0,1024,True,3
"[""build"", ""test"", ""refactor""]","[""feat"", ""test"", ""refactor""]",0.6745140552520752,"['6ed56ce9ae743ba9a87e6c9643cc06b1de7b748d', 'c7b25726df94a2530c9b1c0d2b6a0acaa103822f', '535708ae50aecb452560a23356fd396f99ef13a2']",0.6666666666666666,0.6666666666666666,0.6666666666666666,False,0.2857142857142857,1024,True,3
"[""docs"", ""feat"", ""fix""]","[""docs"", ""feat"", ""fix""]",0.5783827304840088,"['6d405dfc1675dcad64a2dfac0c0cb0fb28381d21', 'ded26d768ff432ad3bde3c0aa1e95ce50726100a', 'd129eaf9125a967ac86c6c7276bbae6b4d50af36']",1.0,1.0,1.0,True,0.0,1024,True,3
"[""ci"", ""docs"", ""refactor""]","[""ci"", ""docs"", ""fix""]",0.6596024036407471,"['e7a67d88173566be3cd3aed7e9eeb7e29aabbc57', 'c2ee5cd5e709afd15c5565ee009a0d204403a119', 'bed78248c941d57ad4cc20a455147e186e97c7a1']",0.6666666666666666,0.6666666666666666,0.6666666666666666,False,0.2857142857142857,1024,True,3
"[""ci"", ""docs"", ""fix""]","[""ci"", ""docs"", ""fix""]",0.6057441234588623,"['74e9de5ec97dc013a52aa063dff0f40ac74c407b', 'aca23027da1295c78fdf42ba9687d8ccc88784d7', 'd129eaf9125a967ac86c6c7276bbae6b4d50af36']",1.0,1.0,1.0,True,0.0,1024,True,3
"[""test"", ""docs"", ""build""]","[""test"", ""fix"", ""build""]",0.5825538635253906,"['c7b25726df94a2530c9b1c0d2b6a0acaa103822f', 'bed78248c941d57ad4cc20a455147e186e97c7a1', 'c55591ba157298a9c5816693c102a89dfd058830']",0.6666666666666666,0.6666666666666666,0.6666666666666666,False,0.2857142857142857,1024,True,3
"[""build"", ""ci"", ""feat""]","[""docs"", ""ci"", ""fix""]",0.582045316696167,"['a52a585d74894b3b4eeb8c784fa089ff95cddad0', 'e7a67d88173566be3cd3aed7e9eeb7e29aabbc57', 'bed78248c941d57ad4cc20a455147e186e97c7a1']",0.3333333333333333,0.3333333333333333,0.3333333333333333,False,0.5714285714285714,1024,True,3
"[""build"", ""ci"", ""test""]","[""build"", ""ci"", ""test""]",0.5588130950927734,"['f00a4d3e307b89842250358ee432e6800bb24362', '6c9cb638cb4d1ecc42632fcf389c24898c5b3244', 'c7b25726df94a2530c9b1c0d2b6a0acaa103822f']",1.0,1.0,1.0,True,0.0,1024,True,3
"[""docs"", ""feat"", ""fix""]","[""refactor"", ""feat"", ""fix""]",0.6416900157928467,"['2954a0955ce9af6acb345ed1e8328e145ad30475', 'dc5238b2bda98a7c4f2fe9584fc3b0191a408109', '9ef5c0d14193a9abb09b39856f58477d1f4b0d77']",0.6666666666666666,0.6666666666666666,0.6666666666666666,False,0.2857142857142857,1024,True,3
"[""build"", ""test"", ""refactor""]","[""ci"", ""test"", ""fix""]",0.6040647029876709,"['4cbbd2552ba0de273e1dfe7d453c5b3efed751a3', 'f411e58cd510f8a2b980b2f1932003a0c0e9f8f3', '06e2be4e2019b6fa714e1fcb34485860ef1ede79']",0.3333333333333333,0.3333333333333333,0.3333333333333333,False,0.5714285714285714,1024,True,3
"[""fix"", ""refactor"", ""build""]","[""feat"", ""refactor"", ""build""]",0.644139289855957,"['b282e90e2cbb74559aab79eee8443a4d7c85502a', '1db13ec43727aca872a0f3836e4023ed85db665e', '37b1cbfd3d2c462ef4f2a131e4172c38dc8d9ddf']",0.6666666666666666,0.6666666666666666,0.6666666666666666,False,0.2857142857142857,1024,True,3
"[""build"", ""feat"", ""ci""]","[""fix"", ""feat"", ""ci""]",0.6046142578125,"['d129eaf9125a967ac86c6c7276bbae6b4d50af36', 'fd8e563cc19ca4684885d4692acee6bebcca4ada', '173553c0372e66e03bdab19e0e6c2dd44daa14a0']",0.6666666666666666,0.6666666666666666,0.6666666666666666,False,0.2857142857142857,1024,True,3
"[""docs"", ""test"", ""build""]","[""docs"", ""refactor"", ""test""]",0.5775039196014404,"['036a0ff49a7dade0e04c9c07071a1ff49133ee24', '63eab619e6166eb6cab948028a7b89bf059dd878', '229b53a632ea97d47c4be11f096bdd828fb415d8']",0.6666666666666666,0.6666666666666666,0.6666666666666666,False,0.2857142857142857,1024,True,3
"[""test"", ""ci"", ""fix""]","[""test"", ""ci"", ""feat""]",0.5786845684051514,"['c7b25726df94a2530c9b1c0d2b6a0acaa103822f', '32845e1bbd1efb5dbc16f671049509a409ba25ce', 'b282e90e2cbb74559aab79eee8443a4d7c85502a']",0.6666666666666666,0.6666666666666666,0.6666666666666666,False,0.2857142857142857,1024,True,3
"[""feat"", ""build"", ""refactor""]","[""feat"", ""build"", ""refactor""]",0.573164701461792,"['f9a094918b62534614c47aa8a13f33aec751a1e0', '5b81fde8a72cf2e69a10e9f5c4f0bea0a2b8c3e0', '36556bf8e0bce4ab6d26eafacbdad04d9614a5d7']",1.0,1.0,1.0,True,0.0,1024,True,3
"[""feat"", ""build"", ""docs""]","[""feat"", ""build"", ""docs""]",0.5782985687255859,"['e137f9fdbdb6bf3f85c3f7ac9323785e445844c8', '37b1cbfd3d2c462ef4f2a131e4172c38dc8d9ddf', 'e12d9e77a6fd531a22325337838a841b1c67f00d']",1.0,1.0,1.0,True,0.0,1024,True,3
"[""build"", ""refactor"", ""ci""]","[""build"", ""refactor"", ""ci""]",0.6050741672515869,"['f00a4d3e307b89842250358ee432e6800bb24362', '36556bf8e0bce4ab6d26eafacbdad04d9614a5d7', '4cbbd2552ba0de273e1dfe7d453c5b3efed751a3']",1.0,1.0,1.0,True,0.0,1024,True,3
"[""docs"", ""ci"", ""build""]","[""docs"", ""ci"", ""build""]",0.5780930519104004,"['cb1f48b56ae0de93acb72e48726c7d610a1d538e', 'e96487ad7ce90b141219d9032fa2bed68d5dae6a', '454003841aabeb74396d73541378bfa59c75b5db']",1.0,1.0,1.0,True,0.0,1024,True,3
"[""fix"", ""test"", ""build""]","[""fix"", ""test"", ""build""]",0.5828714370727539,"['d129eaf9125a967ac86c6c7276bbae6b4d50af36', 'e2e8ad25854bd1e7cdbc7f50b50bbd99e04ad47d', '1269431c8a3e7549f10fcbbb4b88ff625c8898b3']",1.0,1.0,1.0,True,0.0,1024,True,3
"[""fix"", ""docs"", ""refactor""]","[""refactor"", ""docs"", ""feat""]",0.6107618808746338,"['2954a0955ce9af6acb345ed1e8328e145ad30475', 'a52a585d74894b3b4eeb8c784fa089ff95cddad0', 'b282e90e2cbb74559aab79eee8443a4d7c85502a']",0.6666666666666666,0.6666666666666666,0.6666666666666666,False,0.2857142857142857,1024,True,3
"[""docs"", ""refactor"", ""test""]","[""docs"", ""refactor"", ""test""]",0.6114106178283691,"['0cfc5633d37ea06f645649138323f1820e18bdee', '1db13ec43727aca872a0f3836e4023ed85db665e', 'bedc7950b24c37809e36a585b7985d5aa5e3e458']",1.0,1.0,1.0,True,0.0,1024,True,3
"[""build"", ""docs"", ""test""]","[""fix"", ""docs"", ""test""]",0.5466475486755371,"['933ab6bb86372913c992567cf9660009900911a7', '0cfc5633d37ea06f645649138323f1820e18bdee', 'c7b25726df94a2530c9b1c0d2b6a0acaa103822f']",0.6666666666666666,0.6666666666666666,0.6666666666666666,False,0.2857142857142857,1024,True,3
"[""refactor"", ""ci"", ""test""]","[""refactor"", ""ci"", ""test""]",0.5924069881439209,"['36556bf8e0bce4ab6d26eafacbdad04d9614a5d7', '6c9cb638cb4d1ecc42632fcf389c24898c5b3244', '229b53a632ea97d47c4be11f096bdd828fb415d8']",1.0,1.0,1.0,True,0.0,1024,True,3
"[""ci"", ""test"", ""docs""]","[""ci"", ""test"", ""docs""]",0.6772942543029785,"['c5fa7b80438fbd74f4c341f0d3c9bd9e0f4910da', '229b53a632ea97d47c4be11f096bdd828fb415d8', 'aca23027da1295c78fdf42ba9687d8ccc88784d7']",1.0,1.0,1.0,True,0.0,1024,True,3
"[""docs"", ""docs"", ""refactor""]","[""feat"", ""docs"", ""fix""]",0.6084492206573486,"['f823cf28652987d43c8324b4f5b203240032383a', '0cfc5633d37ea06f645649138323f1820e18bdee', '9ef5c0d14193a9abb09b39856f58477d1f4b0d77']",0.5,0.3333333333333333,0.4,False,0.4285714285714285,1024,True,3
"[""test"", ""fix"", ""build"", ""docs""]","[""test"", ""fix"", ""build""]",0.6949207782745361,"['317f4eefecddfb1392ca71d551840f446feee302', '06e2be4e2019b6fa714e1fcb34485860ef1ede79', 'c55591ba157298a9c5816693c102a89dfd058830']",0.75,1.0,0.8571428571428571,False,0.1428571428571428,1024,True,3
"[""docs"", ""fix"", ""refactor""]","[""feat"", ""docs"", ""refactor""]",0.5963003635406494,"['e137f9fdbdb6bf3f85c3f7ac9323785e445844c8', 'bf83c9155e9bee6925aa7102fab53fb803d52533', '36556bf8e0bce4ab6d26eafacbdad04d9614a5d7']",0.6666666666666666,0.6666666666666666,0.6666666666666666,False,0.2857142857142857,1024,True,3
"[""fix"", ""build"", ""fix""]","[""fix"", ""ci"", ""build""]",0.5627851486206055,"['d129eaf9125a967ac86c6c7276bbae6b4d50af36', '6c9cb638cb4d1ecc42632fcf389c24898c5b3244', 'c44cf88a6ec54e5ddd99d8348bcc57b301ec7945']",1.0,0.6666666666666666,0.8,False,0.1428571428571428,1024,True,3
"[""refactor"", ""fix"", ""docs""]","[""fix"", ""refactor"", ""docs""]",0.6133463382720947,"['2561f4ade46fc9d59f289f328cc77733a6443697', '2954a0955ce9af6acb345ed1e8328e145ad30475', 'a52a585d74894b3b4eeb8c784fa089ff95cddad0']",1.0,1.0,1.0,True,0.0,1024,True,3
"[""build"", ""fix""]","[""build"", ""feat"", ""fix""]",0.4375205039978027,"['c55591ba157298a9c5816693c102a89dfd058830', 'dc5238b2bda98a7c4f2fe9584fc3b0191a408109', '9be725fa3906323d4bc9788f54eccf74109d632b']",1.0,0.6666666666666666,0.8,False,0.1428571428571428,1024,True,3
"[""test"", ""refactor"", ""feat""]","[""test"", ""refactor"", ""feat""]",0.6115310192108154,"['229b53a632ea97d47c4be11f096bdd828fb415d8', '36556bf8e0bce4ab6d26eafacbdad04d9614a5d7', 'ded26d768ff432ad3bde3c0aa1e95ce50726100a']",1.0,1.0,1.0,True,0.0,1024,True,3
"[""test"", ""build"", ""docs"", ""ci""]","[""test"", ""build"", ""ci""]",0.7251238822937012,"['e0198f74b81da3663144cfe1d971939319f82a0f', 'c55591ba157298a9c5816693c102a89dfd058830', 'e7a67d88173566be3cd3aed7e9eeb7e29aabbc57']",0.75,1.0,0.8571428571428571,False,0.1428571428571428,1024,True,3
"[""test"", ""fix"", ""docs""]","[""test"", ""fix"", ""docs""]",0.5772686004638672,"['bedc7950b24c37809e36a585b7985d5aa5e3e458', '933ab6bb86372913c992567cf9660009900911a7', '6d405dfc1675dcad64a2dfac0c0cb0fb28381d21']",1.0,1.0,1.0,True,0.0,1024,True,3
"[""fix"", ""build"", ""test""]","[""fix"", ""build"", ""test""]",0.5711071491241455,"['d129eaf9125a967ac86c6c7276bbae6b4d50af36', '32b92cfa0b74a6c25990e32ac6aab12b8496794c', '317f4eefecddfb1392ca71d551840f446feee302']",1.0,1.0,1.0,True,0.0,1024,True,3
"[""feat"", ""build"", ""ci""]","[""feat"", ""fix"", ""ci""]",0.5818135738372803,"['f823cf28652987d43c8324b4f5b203240032383a', '9be725fa3906323d4bc9788f54eccf74109d632b', '32845e1bbd1efb5dbc16f671049509a409ba25ce']",0.6666666666666666,0.6666666666666666,0.6666666666666666,False,0.2857142857142857,1024,True,3
"[""fix"", ""docs"", ""build""]","[""fix"", ""docs"", ""build""]",0.5808680057525635,"['9ef5c0d14193a9abb09b39856f58477d1f4b0d77', 'a52a585d74894b3b4eeb8c784fa089ff95cddad0', '37b1cbfd3d2c462ef4f2a131e4172c38dc8d9ddf']",1.0,1.0,1.0,True,0.0,1024,True,3
"[""feat"", ""ci"", ""docs""]","[""fix"", ""ci"", ""docs""]",0.5649302005767822,"['87d5d4e55ab7149b593d29410f1fe426ba2447d4', '4cbbd2552ba0de273e1dfe7d453c5b3efed751a3', '6d405dfc1675dcad64a2dfac0c0cb0fb28381d21']",0.6666666666666666,0.6666666666666666,0.6666666666666666,False,0.2857142857142857,1024,True,3
"[""docs"", ""docs"", ""fix""]","[""feat"", ""docs"", ""fix""]",0.6049754619598389,"['fd8e563cc19ca4684885d4692acee6bebcca4ada', 'cb1f48b56ae0de93acb72e48726c7d610a1d538e', 'bed78248c941d57ad4cc20a455147e186e97c7a1']",1.0,0.6666666666666666,0.8,False,0.1428571428571428,1024,True,3
"[""fix"", ""feat"", ""refactor""]","[""feat"", ""fix"", ""refactor""]",0.6410391330718994,"['1bcf88670b50155b50071e707f98f30cea0b7a24', '9ef5c0d14193a9abb09b39856f58477d1f4b0d77', '062daa45cbd5dba6e96e95d8cdcaee89ae30a83c']",1.0,1.0,1.0,True,0.0,1024,True,3
"[""refactor"", ""docs"", ""test""]","[""fix"", ""docs"", ""test""]",0.6118953227996826,"['bed78248c941d57ad4cc20a455147e186e97c7a1', 'a52a585d74894b3b4eeb8c784fa089ff95cddad0', 'e9617f0854030e70365eb264bcb3b58078e79e9e']",0.6666666666666666,0.6666666666666666,0.6666666666666666,False,0.2857142857142857,1024,True,3
"[""docs"", ""ci"", ""feat""]","[""docs"", ""ci"", ""feat""]",0.5860497951507568,"['c2ee5cd5e709afd15c5565ee009a0d204403a119', 'dbb537a26e388a8d7d17faf131abc30c2f7a84e6', 'ded26d768ff432ad3bde3c0aa1e95ce50726100a']",1.0,1.0,1.0,True,0.0,1024,True,3
"[""build"", ""ci"", ""refactor""]","[""build"", ""ci"", ""refactor""]",0.6077823638916016,"['454003841aabeb74396d73541378bfa59c75b5db', 'dbb537a26e388a8d7d17faf131abc30c2f7a84e6', '062daa45cbd5dba6e96e95d8cdcaee89ae30a83c']",1.0,1.0,1.0,True,0.0,1024,True,3
"[""feat"", ""docs"", ""fix""]","[""feat"", ""fix"", ""test""]",0.577556848526001,"['fd8e563cc19ca4684885d4692acee6bebcca4ada', 'd1d55e787b7d07f763852602b9939a5394607fd9', 'b7ce2894fd1794064bd6db4ed730bb6cb7728739']",0.6666666666666666,0.6666666666666666,0.6666666666666666,False,0.2857142857142857,1024,True,3
"[""docs"", ""fix"", ""build""]","[""docs"", ""test"", ""build""]",0.5772576332092285,"['bf83c9155e9bee6925aa7102fab53fb803d52533', 'b7ce2894fd1794064bd6db4ed730bb6cb7728739', '37b1cbfd3d2c462ef4f2a131e4172c38dc8d9ddf']",0.6666666666666666,0.6666666666666666,0.6666666666666666,False,0.2857142857142857,1024,True,3
"[""fix"", ""ci"", ""test""]","[""fix"", ""ci"", ""test""]",0.5792908668518066,"['d129eaf9125a967ac86c6c7276bbae6b4d50af36', 'e7a67d88173566be3cd3aed7e9eeb7e29aabbc57', '317f4eefecddfb1392ca71d551840f446feee302']",1.0,1.0,1.0,True,0.0,1024,True,3
"[""docs"", ""refactor"", ""build""]","[""docs"", ""fix"", ""ci""]",0.58939528465271,"['c2ee5cd5e709afd15c5565ee009a0d204403a119', 'd1d55e787b7d07f763852602b9939a5394607fd9', '6c9cb638cb4d1ecc42632fcf389c24898c5b3244']",0.3333333333333333,0.3333333333333333,0.3333333333333333,False,0.5714285714285714,1024,True,3
"[""ci"", ""fix"", ""docs""]","[""ci"", ""fix"", ""docs""]",0.5353331565856934,"['dbb537a26e388a8d7d17faf131abc30c2f7a84e6', 'c8e0ae8612df3d6f2831acc004aaac332f6105e4', 'e12d9e77a6fd531a22325337838a841b1c67f00d']",1.0,1.0,1.0,True,0.0,1024,True,3
"[""build"", ""docs"", ""fix""]","[""build"", ""docs"", ""refactor""]",0.5794188976287842,"['c55591ba157298a9c5816693c102a89dfd058830', 'c2ee5cd5e709afd15c5565ee009a0d204403a119', 'a62314d9bb632be6af026686615d14b912250512']",0.6666666666666666,0.6666666666666666,0.6666666666666666,False,0.2857142857142857,1024,True,3
"[""docs"", ""build"", ""refactor""]","[""fix"", ""build"", ""refactor""]",0.6748368740081787,"['d1d55e787b7d07f763852602b9939a5394607fd9', '32b92cfa0b74a6c25990e32ac6aab12b8496794c', '062daa45cbd5dba6e96e95d8cdcaee89ae30a83c']",0.6666666666666666,0.6666666666666666,0.6666666666666666,False,0.2857142857142857,1024,True,3
"[""test"", ""docs"", ""build""]","[""test"", ""docs"", ""build""]",0.572376012802124,"['f411e58cd510f8a2b980b2f1932003a0c0e9f8f3', 'af880ac5b4fecbc6c4f3d1eee0d95f326e8bd9d1', '1269431c8a3e7549f10fcbbb4b88ff625c8898b3']",1.0,1.0,1.0,True,0.0,1024,True,3
"[""feat"", ""refactor"", ""test""]","[""feat"", ""fix"", ""test""]",0.6117813587188721,"['f9a094918b62534614c47aa8a13f33aec751a1e0', '87d5d4e55ab7149b593d29410f1fe426ba2447d4', '317f4eefecddfb1392ca71d551840f446feee302']",0.6666666666666666,0.6666666666666666,0.6666666666666666,False,0.2857142857142857,1024,True,3
"[""test"", ""fix"", ""feat""]","[""test"", ""fix"", ""feat""]",0.5730502605438232,"['229b53a632ea97d47c4be11f096bdd828fb415d8', 'c8e0ae8612df3d6f2831acc004aaac332f6105e4', 'f823cf28652987d43c8324b4f5b203240032383a']",1.0,1.0,1.0,True,0.0,1024,True,3
"[""refactor"", ""fix"", ""fix""]","[""feat"", ""fix"", ""docs""]",0.5649030208587646,"['dc5238b2bda98a7c4f2fe9584fc3b0191a408109', '06e2be4e2019b6fa714e1fcb34485860ef1ede79', 'af880ac5b4fecbc6c4f3d1eee0d95f326e8bd9d1']",0.5,0.3333333333333333,0.4,False,0.4285714285714285,1024,True,3
"[""ci"", ""docs"", ""test""]","[""ci"", ""docs"", ""test""]",0.5692079067230225,"['173553c0372e66e03bdab19e0e6c2dd44daa14a0', 'e12d9e77a6fd531a22325337838a841b1c67f00d', 'c7b25726df94a2530c9b1c0d2b6a0acaa103822f']",1.0,1.0,1.0,True,0.0,1024,True,3
"[""ci"", ""fix"", ""docs""]","[""ci"", ""fix"", ""docs""]",0.5592894554138184,"['dbb537a26e388a8d7d17faf131abc30c2f7a84e6', '2561f4ade46fc9d59f289f328cc77733a6443697', 'e12d9e77a6fd531a22325337838a841b1c67f00d']",1.0,1.0,1.0,True,0.0,1024,True,3
"[""feat"", ""build"", ""test""]","[""feat"", ""fix"", ""test""]",0.624910831451416,"['f823cf28652987d43c8324b4f5b203240032383a', '9ef5c0d14193a9abb09b39856f58477d1f4b0d77', '229b53a632ea97d47c4be11f096bdd828fb415d8']",0.6666666666666666,0.6666666666666666,0.6666666666666666,False,0.2857142857142857,1024,True,3
"[""docs"", ""ci"", ""fix""]","[""docs"", ""ci"", ""feat""]",0.609243631362915,"['6d405dfc1675dcad64a2dfac0c0cb0fb28381d21', '173553c0372e66e03bdab19e0e6c2dd44daa14a0', 'b282e90e2cbb74559aab79eee8443a4d7c85502a']",0.6666666666666666,0.6666666666666666,0.6666666666666666,False,0.2857142857142857,1024,True,3
"[""ci"", ""docs"", ""build""]","[""ci"", ""docs"", ""build""]",0.6404268741607666,"['c5fa7b80438fbd74f4c341f0d3c9bd9e0f4910da', '036a0ff49a7dade0e04c9c07071a1ff49133ee24', 'c44cf88a6ec54e5ddd99d8348bcc57b301ec7945']",1.0,1.0,1.0,True,0.0,1024,True,3
"[""ci"", ""fix"", ""build""]","[""ci"", ""feat"", ""build""]",0.6134970188140869,"['32845e1bbd1efb5dbc16f671049509a409ba25ce', 'b282e90e2cbb74559aab79eee8443a4d7c85502a', '37b1cbfd3d2c462ef4f2a131e4172c38dc8d9ddf']",0.6666666666666666,0.6666666666666666,0.6666666666666666,False,0.2857142857142857,1024,True,3
"[""test"", ""build"", ""fix"", ""feat""]","[""test"", ""build"", ""fix"", ""feat""]",0.707589864730835,"['e0198f74b81da3663144cfe1d971939319f82a0f', 'f00a4d3e307b89842250358ee432e6800bb24362', 'd129eaf9125a967ac86c6c7276bbae6b4d50af36', 'dc5238b2bda98a7c4f2fe9584fc3b0191a408109']",1.0,1.0,1.0,True,0.0,1024,True,4
"[""build"", ""fix"", ""test"", ""docs""]","[""ci"", ""build"", ""test"", ""docs""]",0.6832139492034912,"['c5fa7b80438fbd74f4c341f0d3c9bd9e0f4910da', '1269431c8a3e7549f10fcbbb4b88ff625c8898b3', 'e2e8ad25854bd1e7cdbc7f50b50bbd99e04ad47d', '036a0ff49a7dade0e04c9c07071a1ff49133ee24']",0.75,0.75,0.75,False,0.2857142857142857,1024,True,4
"[""refactor"", ""feat"", ""docs"", ""test""]","[""refactor"", ""feat"", ""docs"", ""test""]",0.7160978317260742,"['3cca5c314ad6feeffbfe1f14cf49ebd0fd9a95a2', 'dc5238b2bda98a7c4f2fe9584fc3b0191a408109', 'aca23027da1295c78fdf42ba9687d8ccc88784d7', '229b53a632ea97d47c4be11f096bdd828fb415d8']",1.0,1.0,1.0,True,0.0,1024,True,4
"[""fix"", ""test"", ""build"", ""feat""]","[""fix"", ""test"", ""build"", ""refactor""]",0.7174744606018066,"['d1d55e787b7d07f763852602b9939a5394607fd9', 'bedc7950b24c37809e36a585b7985d5aa5e3e458', 'c55591ba157298a9c5816693c102a89dfd058830', '535708ae50aecb452560a23356fd396f99ef13a2']",0.75,0.75,0.75,False,0.2857142857142857,1024,True,4
"[""docs"", ""build"", ""build"", ""fix""]","[""docs"", ""build"", ""ci"", ""feat""]",0.7465476989746094,"['a52a585d74894b3b4eeb8c784fa089ff95cddad0', '1269431c8a3e7549f10fcbbb4b88ff625c8898b3', '45837af24a33308a70a3454f0f650f9fe728e272', 'e137f9fdbdb6bf3f85c3f7ac9323785e445844c8']",0.6666666666666666,0.5,0.5714285714285715,False,0.4285714285714285,1024,True,4
"[""docs"", ""fix"", ""feat"", ""ci""]","[""test"", ""fix"", ""refactor"", ""ci""]",0.7163634300231934,"['e9617f0854030e70365eb264bcb3b58078e79e9e', 'bed78248c941d57ad4cc20a455147e186e97c7a1', '535708ae50aecb452560a23356fd396f99ef13a2', 'c5fa7b80438fbd74f4c341f0d3c9bd9e0f4910da']",0.5,0.5,0.5,False,0.5714285714285714,1024,True,4
"[""ci"", ""fix"", ""feat"", ""docs""]","[""ci"", ""fix"", ""feat"", ""refactor""]",0.7181417942047119,"['e7a67d88173566be3cd3aed7e9eeb7e29aabbc57', 'bed78248c941d57ad4cc20a455147e186e97c7a1', 'f823cf28652987d43c8324b4f5b203240032383a', '2954a0955ce9af6acb345ed1e8328e145ad30475']",0.75,0.75,0.75,False,0.2857142857142857,1024,True,4
"[""docs"", ""ci"", ""test"", ""refactor""]","[""docs"", ""ci"", ""test"", ""refactor""]",0.7613039016723633,"['aca23027da1295c78fdf42ba9687d8ccc88784d7', '74e9de5ec97dc013a52aa063dff0f40ac74c407b', '317f4eefecddfb1392ca71d551840f446feee302', '3cca5c314ad6feeffbfe1f14cf49ebd0fd9a95a2']",1.0,1.0,1.0,True,0.0,1024,True,4
"[""fix"", ""feat"", ""build"", ""docs""]","[""fix"", ""feat"", ""build"", ""docs""]",0.6884205341339111,"['9be725fa3906323d4bc9788f54eccf74109d632b', 'e137f9fdbdb6bf3f85c3f7ac9323785e445844c8', 'c323d59c607cabc91f17a78528d998f376f30b10', '0cfc5633d37ea06f645649138323f1820e18bdee']",1.0,1.0,1.0,True,0.0,1024,True,4
"[""docs"", ""feat"", ""test"", ""refactor""]","[""docs"", ""feat"", ""test"", ""fix""]",0.763756513595581,"['0cfc5633d37ea06f645649138323f1820e18bdee', '1bcf88670b50155b50071e707f98f30cea0b7a24', '229b53a632ea97d47c4be11f096bdd828fb415d8', '87d5d4e55ab7149b593d29410f1fe426ba2447d4']",0.75,0.75,0.75,False,0.2857142857142857,1024,True,4
"[""build"", ""refactor"", ""test"", ""ci""]","[""build"", ""refactor"", ""test"", ""ci""]",0.7229704856872559,"['c55591ba157298a9c5816693c102a89dfd058830', '062daa45cbd5dba6e96e95d8cdcaee89ae30a83c', 'c7b25726df94a2530c9b1c0d2b6a0acaa103822f', 'dbb537a26e388a8d7d17faf131abc30c2f7a84e6']",1.0,1.0,1.0,True,0.0,1024,True,4
"[""fix"", ""test"", ""refactor""]","[""feat"", ""fix"", ""test"", ""refactor""]",0.6017475128173828,"['dc5238b2bda98a7c4f2fe9584fc3b0191a408109', 'c8e0ae8612df3d6f2831acc004aaac332f6105e4', 'f411e58cd510f8a2b980b2f1932003a0c0e9f8f3', '47ef9104e4a89e80d7cc6c1950bc080841da4a7b']",1.0,0.75,0.8571428571428571,False,0.1428571428571428,1024,True,4
"[""test"", ""docs"", ""fix"", ""build""]","[""refactor"", ""docs"", ""test"", ""ci""]",0.7240915298461914,"['63eab619e6166eb6cab948028a7b89bf059dd878', 'aca23027da1295c78fdf42ba9687d8ccc88784d7', 'f411e58cd510f8a2b980b2f1932003a0c0e9f8f3', 'e7a67d88173566be3cd3aed7e9eeb7e29aabbc57']",0.5,0.5,0.5,False,0.5714285714285714,1024,True,4
"[""docs""]","[""docs"", ""refactor"", ""test"", ""fix""]",0.395510196685791,"['aca23027da1295c78fdf42ba9687d8ccc88784d7', '062daa45cbd5dba6e96e95d8cdcaee89ae30a83c', 'b7ce2894fd1794064bd6db4ed730bb6cb7728739', '06e2be4e2019b6fa714e1fcb34485860ef1ede79']",1.0,0.25,0.4,False,0.4285714285714285,1024,True,4
"[""test"", ""docs"", ""build"", ""ci""]","[""test"", ""docs"", ""build"", ""ci""]",0.7164914608001709,"['317f4eefecddfb1392ca71d551840f446feee302', 'aca23027da1295c78fdf42ba9687d8ccc88784d7', 'f00a4d3e307b89842250358ee432e6800bb24362', '32845e1bbd1efb5dbc16f671049509a409ba25ce']",1.0,1.0,1.0,True,0.0,1024,True,4
"[""fix"", ""refactor"", ""docs"", ""test""]","[""fix"", ""refactor"", ""docs"", ""test""]",0.7284581661224365,"['933ab6bb86372913c992567cf9660009900911a7', '3cca5c314ad6feeffbfe1f14cf49ebd0fd9a95a2', 'a52a585d74894b3b4eeb8c784fa089ff95cddad0', '229b53a632ea97d47c4be11f096bdd828fb415d8']",1.0,1.0,1.0,True,0.0,1024,True,4
"[""fix"", ""ci"", ""docs"", ""build""]","[""refactor"", ""ci"", ""docs"", ""build""]",0.6896331310272217,"['63eab619e6166eb6cab948028a7b89bf059dd878', '6c9cb638cb4d1ecc42632fcf389c24898c5b3244', 'a52a585d74894b3b4eeb8c784fa089ff95cddad0', 'c55591ba157298a9c5816693c102a89dfd058830']",0.75,0.75,0.75,False,0.2857142857142857,1024,True,4
"[""ci"", ""build"", ""fix"", ""feat""]","[""ci"", ""build"", ""test"", ""fix""]",0.7177608013153076,"['173553c0372e66e03bdab19e0e6c2dd44daa14a0', 'c55591ba157298a9c5816693c102a89dfd058830', '8ee0611fbf0cd89abe7ae588f22e6ecb843598ea', '87d5d4e55ab7149b593d29410f1fe426ba2447d4']",0.75,0.75,0.75,False,0.2857142857142857,1024,True,4
"[""ci"", ""build"", ""feat"", ""fix""]","[""ci"", ""build"", ""feat"", ""fix""]",0.6872093677520752,"['32845e1bbd1efb5dbc16f671049509a409ba25ce', '32b92cfa0b74a6c25990e32ac6aab12b8496794c', 'fd8e563cc19ca4684885d4692acee6bebcca4ada', '933ab6bb86372913c992567cf9660009900911a7']",1.0,1.0,1.0,True,0.0,1024,True,4
"[""test"", ""build"", ""fix"", ""feat""]","[""test"", ""build"", ""fix"", ""feat""]",0.7155106067657471,"['317f4eefecddfb1392ca71d551840f446feee302', '454003841aabeb74396d73541378bfa59c75b5db', '933ab6bb86372913c992567cf9660009900911a7', '6ed56ce9ae743ba9a87e6c9643cc06b1de7b748d']",1.0,1.0,1.0,True,0.0,1024,True,4
"[""fix"", ""docs"", ""test"", ""refactor""]","[""fix"", ""docs"", ""test"", ""refactor""]",0.7176687717437744,"['d1d55e787b7d07f763852602b9939a5394607fd9', '6d405dfc1675dcad64a2dfac0c0cb0fb28381d21', 'e0198f74b81da3663144cfe1d971939319f82a0f', '36556bf8e0bce4ab6d26eafacbdad04d9614a5d7']",1.0,1.0,1.0,True,0.0,1024,True,4
"[""ci"", ""docs"", ""fix"", ""feat""]","[""ci"", ""docs"", ""build"", ""feat""]",0.7167637348175049,"['e7a67d88173566be3cd3aed7e9eeb7e29aabbc57', '6d405dfc1675dcad64a2dfac0c0cb0fb28381d21', 'c44cf88a6ec54e5ddd99d8348bcc57b301ec7945', 'f9a094918b62534614c47aa8a13f33aec751a1e0']",0.75,0.75,0.75,False,0.2857142857142857,1024,True,4
"[""refactor"", ""test"", ""docs"", ""fix""]","[""fix"", ""test"", ""feat"", ""docs""]",0.7578599452972412,"['2561f4ade46fc9d59f289f328cc77733a6443697', 'e0198f74b81da3663144cfe1d971939319f82a0f', '1bcf88670b50155b50071e707f98f30cea0b7a24', '6d405dfc1675dcad64a2dfac0c0cb0fb28381d21']",0.75,0.75,0.75,False,0.2857142857142857,1024,True,4
"[""ci"", ""fix"", ""test"", ""docs""]","[""ci"", ""fix"", ""test"", ""docs""]",0.685711145401001,"['4cbbd2552ba0de273e1dfe7d453c5b3efed751a3', '933ab6bb86372913c992567cf9660009900911a7', 'b7ce2894fd1794064bd6db4ed730bb6cb7728739', 'af880ac5b4fecbc6c4f3d1eee0d95f326e8bd9d1']",1.0,1.0,1.0,True,0.0,1024,True,4
"[""docs""]","[""feat"", ""ci"", ""refactor"", ""fix""]",0.3918373584747314,"['f823cf28652987d43c8324b4f5b203240032383a', '45837af24a33308a70a3454f0f650f9fe728e272', '36556bf8e0bce4ab6d26eafacbdad04d9614a5d7', 'bed78248c941d57ad4cc20a455147e186e97c7a1']",0.0,0.0,0.0,False,0.7142857142857143,1024,True,4
"[""fix"", ""feat"", ""docs"", ""build""]","[""refactor"", ""feat"", ""docs"", ""build""]",0.719287633895874,"['63eab619e6166eb6cab948028a7b89bf059dd878', 'e137f9fdbdb6bf3f85c3f7ac9323785e445844c8', 'a52a585d74894b3b4eeb8c784fa089ff95cddad0', 'f00a4d3e307b89842250358ee432e6800bb24362']",0.75,0.75,0.75,False,0.2857142857142857,1024,True,4
"[""build""]","[""build"", ""test"", ""ci"", ""refactor""]",0.4342303276062011,"['1269431c8a3e7549f10fcbbb4b88ff625c8898b3', '8ee0611fbf0cd89abe7ae588f22e6ecb843598ea', '45837af24a33308a70a3454f0f650f9fe728e272', '63eab619e6166eb6cab948028a7b89bf059dd878']",1.0,0.25,0.4,False,0.4285714285714285,1024,True,4
"[""build"", ""docs"", ""refactor""]","[""build"", ""docs"", ""feat"", ""fix""]",0.6443579196929932,"['37b1cbfd3d2c462ef4f2a131e4172c38dc8d9ddf', '6d405dfc1675dcad64a2dfac0c0cb0fb28381d21', 'b282e90e2cbb74559aab79eee8443a4d7c85502a', '2561f4ade46fc9d59f289f328cc77733a6443697']",0.6666666666666666,0.5,0.5714285714285715,False,0.4285714285714285,1024,True,4
"[""build"", ""docs"", ""test"", ""fix"", ""feat""]","[""build"", ""test"", ""ci"", ""feat""]",0.8420257568359375,"['c55591ba157298a9c5816693c102a89dfd058830', '317f4eefecddfb1392ca71d551840f446feee302', 'c5fa7b80438fbd74f4c341f0d3c9bd9e0f4910da', '6ed56ce9ae743ba9a87e6c9643cc06b1de7b748d']",0.6,0.75,0.6666666666666665,False,0.4285714285714285,1024,True,4
"[""docs"", ""build"", ""docs"", ""refactor""]","[""fix"", ""build"", ""docs"", ""refactor""]",0.7253830432891846,"['933ab6bb86372913c992567cf9660009900911a7', '5b81fde8a72cf2e69a10e9f5c4f0bea0a2b8c3e0', 'c2ee5cd5e709afd15c5565ee009a0d204403a119', '3cca5c314ad6feeffbfe1f14cf49ebd0fd9a95a2']",1.0,0.75,0.8571428571428571,False,0.1428571428571428,1024,True,4
"[""fix"", ""feat"", ""docs"", ""ci""]","[""fix"", ""feat"", ""docs"", ""ci""]",0.6806914806365967,"['933ab6bb86372913c992567cf9660009900911a7', 'dc5238b2bda98a7c4f2fe9584fc3b0191a408109', '036a0ff49a7dade0e04c9c07071a1ff49133ee24', 'e7a67d88173566be3cd3aed7e9eeb7e29aabbc57']",1.0,1.0,1.0,True,0.0,1024,True,4
"[""refactor"", ""fix"", ""feat"", ""fix""]","[""docs"", ""fix"", ""feat"", ""refactor""]",0.6991424560546875,"['af880ac5b4fecbc6c4f3d1eee0d95f326e8bd9d1', 'c8e0ae8612df3d6f2831acc004aaac332f6105e4', 'f9a094918b62534614c47aa8a13f33aec751a1e0', '47ef9104e4a89e80d7cc6c1950bc080841da4a7b']",1.0,0.75,0.8571428571428571,False,0.1428571428571428,1024,True,4
"[""fix"", ""docs"", ""test"", ""build"", ""ci""]","[""fix"", ""build"", ""feat"", ""ci""]",0.8258152008056641,"['d129eaf9125a967ac86c6c7276bbae6b4d50af36', '1269431c8a3e7549f10fcbbb4b88ff625c8898b3', 'e137f9fdbdb6bf3f85c3f7ac9323785e445844c8', '173553c0372e66e03bdab19e0e6c2dd44daa14a0']",0.6,0.75,0.6666666666666665,False,0.4285714285714285,1024,True,4
"[""fix"", ""refactor"", ""test"", ""build""]","[""feat"", ""refactor"", ""test"", ""build""]",0.7145090103149414,"['dc5238b2bda98a7c4f2fe9584fc3b0191a408109', '771857b1df9470ebc15357e8879118a72c649d5b', 'b7ce2894fd1794064bd6db4ed730bb6cb7728739', 'c323d59c607cabc91f17a78528d998f376f30b10']",0.75,0.75,0.75,False,0.2857142857142857,1024,True,4
"[""build"", ""test"", ""ci"", ""fix""]","[""build"", ""test"", ""ci"", ""fix""]",0.6988933086395264,"['5b81fde8a72cf2e69a10e9f5c4f0bea0a2b8c3e0', 'b7ce2894fd1794064bd6db4ed730bb6cb7728739', '74e9de5ec97dc013a52aa063dff0f40ac74c407b', 'd129eaf9125a967ac86c6c7276bbae6b4d50af36']",1.0,1.0,1.0,True,0.0,1024,True,4
"[""fix"", ""feat"", ""build"", ""ci""]","[""docs"", ""feat"", ""build"", ""ci""]",0.6903226375579834,"['af880ac5b4fecbc6c4f3d1eee0d95f326e8bd9d1', 'ded26d768ff432ad3bde3c0aa1e95ce50726100a', '454003841aabeb74396d73541378bfa59c75b5db', '4cbbd2552ba0de273e1dfe7d453c5b3efed751a3']",0.75,0.75,0.75,False,0.2857142857142857,1024,True,4
"[""docs"", ""feat"", ""build"", ""build"", ""build""]","[""docs"", ""refactor"", ""ci"", ""build""]",0.7937226295471191,"['036a0ff49a7dade0e04c9c07071a1ff49133ee24', '535708ae50aecb452560a23356fd396f99ef13a2', 'e7a67d88173566be3cd3aed7e9eeb7e29aabbc57', 'c55591ba157298a9c5816693c102a89dfd058830']",0.6666666666666666,0.5,0.5714285714285715,False,0.4285714285714285,1024,True,4
"[""docs""]","[""refactor"", ""ci"", ""fix"", ""docs""]",0.4328365325927734,"['2954a0955ce9af6acb345ed1e8328e145ad30475', '6c9cb638cb4d1ecc42632fcf389c24898c5b3244', 'd1d55e787b7d07f763852602b9939a5394607fd9', '6d405dfc1675dcad64a2dfac0c0cb0fb28381d21']",1.0,0.25,0.4,False,0.4285714285714285,1024,True,4
"[""test"", ""ci"", ""docs"", ""fix""]","[""test"", ""ci"", ""docs"", ""feat""]",0.7098655700683594,"['229b53a632ea97d47c4be11f096bdd828fb415d8', '4cbbd2552ba0de273e1dfe7d453c5b3efed751a3', 'bf83c9155e9bee6925aa7102fab53fb803d52533', 'ded26d768ff432ad3bde3c0aa1e95ce50726100a']",0.75,0.75,0.75,False,0.2857142857142857,1024,True,4
"[""refactor"", ""feat"", ""test"", ""fix""]","[""refactor"", ""fix"", ""test"", ""feat""]",0.713634729385376,"['47ef9104e4a89e80d7cc6c1950bc080841da4a7b', '9ef5c0d14193a9abb09b39856f58477d1f4b0d77', 'b7ce2894fd1794064bd6db4ed730bb6cb7728739', '1bcf88670b50155b50071e707f98f30cea0b7a24']",1.0,1.0,1.0,True,0.0,1024,True,4
"[""build"", ""feat"", ""build"", ""docs""]","[""docs"", ""feat"", ""ci"", ""refactor""]",0.7157039642333984,"['e12d9e77a6fd531a22325337838a841b1c67f00d', 'fd8e563cc19ca4684885d4692acee6bebcca4ada', '173553c0372e66e03bdab19e0e6c2dd44daa14a0', '535708ae50aecb452560a23356fd396f99ef13a2']",0.6666666666666666,0.5,0.5714285714285715,False,0.4285714285714285,1024,True,4
"[""test"", ""fix"", ""ci"", ""build""]","[""refactor"", ""feat"", ""docs"", ""ci""]",0.7180125713348389,"['1db13ec43727aca872a0f3836e4023ed85db665e', 'b282e90e2cbb74559aab79eee8443a4d7c85502a', 'e12d9e77a6fd531a22325337838a841b1c67f00d', '74e9de5ec97dc013a52aa063dff0f40ac74c407b']",0.25,0.25,0.25,False,0.8571428571428571,1024,True,4
"[""docs"", ""ci"", ""feat"", ""test""]","[""docs"", ""ci"", ""refactor"", ""test""]",0.7920346260070801,"['aca23027da1295c78fdf42ba9687d8ccc88784d7', '74e9de5ec97dc013a52aa063dff0f40ac74c407b', '2954a0955ce9af6acb345ed1e8328e145ad30475', 'f411e58cd510f8a2b980b2f1932003a0c0e9f8f3']",0.75,0.75,0.75,False,0.2857142857142857,1024,True,4
"[""test"", ""fix""]","[""test"", ""docs"", ""ci"", ""fix""]",0.4642384052276611,"['b7ce2894fd1794064bd6db4ed730bb6cb7728739', 'af880ac5b4fecbc6c4f3d1eee0d95f326e8bd9d1', '6c9cb638cb4d1ecc42632fcf389c24898c5b3244', 'd129eaf9125a967ac86c6c7276bbae6b4d50af36']",1.0,0.5,0.6666666666666666,False,0.2857142857142857,1024,True,4
"[""ci"", ""refactor"", ""test"", ""docs""]","[""ci"", ""refactor"", ""test"", ""docs""]",0.7475669384002686,"['e7a67d88173566be3cd3aed7e9eeb7e29aabbc57', '36556bf8e0bce4ab6d26eafacbdad04d9614a5d7', '8ee0611fbf0cd89abe7ae588f22e6ecb843598ea', 'c2ee5cd5e709afd15c5565ee009a0d204403a119']",1.0,1.0,1.0,True,0.0,1024,True,4
"[""docs"", ""feat"", ""test"", ""build""]","[""docs"", ""feat"", ""test"", ""build""]",0.719151496887207,"['0cfc5633d37ea06f645649138323f1820e18bdee', 'fd8e563cc19ca4684885d4692acee6bebcca4ada', 'e9617f0854030e70365eb264bcb3b58078e79e9e', '1269431c8a3e7549f10fcbbb4b88ff625c8898b3']",1.0,1.0,1.0,True,0.0,1024,True,4
"[""refactor"", ""fix"", ""test"", ""docs""]","[""refactor"", ""feat"", ""test"", ""fix""]",0.7129034996032715,"['47ef9104e4a89e80d7cc6c1950bc080841da4a7b', 'b282e90e2cbb74559aab79eee8443a4d7c85502a', 'e0198f74b81da3663144cfe1d971939319f82a0f', 'bed78248c941d57ad4cc20a455147e186e97c7a1']",0.75,0.75,0.75,False,0.2857142857142857,1024,True,4
"[""build""]","[""build"", ""ci"", ""fix"", ""refactor""]",0.4107086658477783,"['454003841aabeb74396d73541378bfa59c75b5db', '173553c0372e66e03bdab19e0e6c2dd44daa14a0', 'd129eaf9125a967ac86c6c7276bbae6b4d50af36', '63eab619e6166eb6cab948028a7b89bf059dd878']",1.0,0.25,0.4,False,0.4285714285714285,1024,True,4
"[""test"", ""fix"", ""docs"", ""refactor""]","[""test"", ""refactor"", ""docs"", ""feat""]",0.7575564384460449,"['e9617f0854030e70365eb264bcb3b58078e79e9e', '2954a0955ce9af6acb345ed1e8328e145ad30475', 'c2ee5cd5e709afd15c5565ee009a0d204403a119', '6ed56ce9ae743ba9a87e6c9643cc06b1de7b748d']",0.75,0.75,0.75,False,0.2857142857142857,1024,True,4
"[""build"", ""docs"", ""fix"", ""ci""]","[""build"", ""refactor"", ""fix"", ""ci""]",0.6925115585327148,"['454003841aabeb74396d73541378bfa59c75b5db', 'a62314d9bb632be6af026686615d14b912250512', '06e2be4e2019b6fa714e1fcb34485860ef1ede79', '4cbbd2552ba0de273e1dfe7d453c5b3efed751a3']",0.75,0.75,0.75,False,0.2857142857142857,1024,True,4
"[""fix"", ""docs"", ""test"", ""build"", ""ci""]","[""feat"", ""test"", ""refactor"", ""ci""]",0.7937014102935791,"['b282e90e2cbb74559aab79eee8443a4d7c85502a', 'e2e8ad25854bd1e7cdbc7f50b50bbd99e04ad47d', '63eab619e6166eb6cab948028a7b89bf059dd878', '6c9cb638cb4d1ecc42632fcf389c24898c5b3244']",0.4,0.5,0.4444444444444445,False,0.7142857142857143,1024,True,4
"[""docs"", ""fix"", ""test"", ""refactor""]","[""docs"", ""fix"", ""test"", ""refactor""]",0.7213549613952637,"['0cfc5633d37ea06f645649138323f1820e18bdee', 'd1d55e787b7d07f763852602b9939a5394607fd9', 'e2e8ad25854bd1e7cdbc7f50b50bbd99e04ad47d', '062daa45cbd5dba6e96e95d8cdcaee89ae30a83c']",1.0,1.0,1.0,True,0.0,1024,True,4
"[""fix"", ""docs"", ""build"", ""build""]","[""refactor"", ""fix"", ""docs"", ""ci""]",0.6841268539428711,"['47ef9104e4a89e80d7cc6c1950bc080841da4a7b', 'd129eaf9125a967ac86c6c7276bbae6b4d50af36', '0cfc5633d37ea06f645649138323f1820e18bdee', '45837af24a33308a70a3454f0f650f9fe728e272']",0.6666666666666666,0.5,0.5714285714285715,False,0.4285714285714285,1024,True,4
"[""build"", ""docs"", ""fix"", ""test""]","[""fix"", ""build"", ""ci"", ""test""]",0.7274622917175293,"['bed78248c941d57ad4cc20a455147e186e97c7a1', '1269431c8a3e7549f10fcbbb4b88ff625c8898b3', '45837af24a33308a70a3454f0f650f9fe728e272', '8ee0611fbf0cd89abe7ae588f22e6ecb843598ea']",0.75,0.75,0.75,False,0.2857142857142857,1024,True,4
"[""build"", ""docs"", ""refactor"", ""docs""]","[""build"", ""fix"", ""ci"", ""docs""]",0.7629752159118652,"['454003841aabeb74396d73541378bfa59c75b5db', 'bed78248c941d57ad4cc20a455147e186e97c7a1', '45837af24a33308a70a3454f0f650f9fe728e272', 'c2ee5cd5e709afd15c5565ee009a0d204403a119']",0.6666666666666666,0.5,0.5714285714285715,False,0.4285714285714285,1024,True,4
"[""ci"", ""refactor"", ""fix"", ""docs""]","[""ci"", ""refactor"", ""fix"", ""docs""]",0.7203066349029541,"['dbb537a26e388a8d7d17faf131abc30c2f7a84e6', '3cca5c314ad6feeffbfe1f14cf49ebd0fd9a95a2', 'd1d55e787b7d07f763852602b9939a5394607fd9', '6d405dfc1675dcad64a2dfac0c0cb0fb28381d21']",1.0,1.0,1.0,True,0.0,1024,True,4
"[""fix"", ""ci"", ""docs"", ""refactor""]","[""fix"", ""ci"", ""docs"", ""refactor""]",0.7161226272583008,"['2561f4ade46fc9d59f289f328cc77733a6443697', '6c9cb638cb4d1ecc42632fcf389c24898c5b3244', 'bf83c9155e9bee6925aa7102fab53fb803d52533', '771857b1df9470ebc15357e8879118a72c649d5b']",1.0,1.0,1.0,True,0.0,1024,True,4
"[""fix"", ""feat"", ""build"", ""docs""]","[""fix"", ""feat"", ""build"", ""docs""]",0.6854372024536133,"['06e2be4e2019b6fa714e1fcb34485860ef1ede79', 'fd8e563cc19ca4684885d4692acee6bebcca4ada', '32b92cfa0b74a6c25990e32ac6aab12b8496794c', '6d405dfc1675dcad64a2dfac0c0cb0fb28381d21']",1.0,1.0,1.0,True,0.0,1024,True,4
"[""build"", ""docs"", ""build"", ""fix"", ""feat""]","[""build"", ""ci"", ""test"", ""feat""]",0.7942447662353516,"['c55591ba157298a9c5816693c102a89dfd058830', '45837af24a33308a70a3454f0f650f9fe728e272', 'b7ce2894fd1794064bd6db4ed730bb6cb7728739', 'dc5238b2bda98a7c4f2fe9584fc3b0191a408109']",0.5,0.5,0.5,False,0.5714285714285714,1024,True,4
"[""ci"", ""fix"", ""docs"", ""test""]","[""ci"", ""docs"", ""feat"", ""test""]",0.7197339534759521,"['173553c0372e66e03bdab19e0e6c2dd44daa14a0', 'e12d9e77a6fd531a22325337838a841b1c67f00d', 'f823cf28652987d43c8324b4f5b203240032383a', '229b53a632ea97d47c4be11f096bdd828fb415d8']",0.75,0.75,0.75,False,0.2857142857142857,1024,True,4
"[""refactor"", ""docs"", ""ci"", ""build""]","[""refactor"", ""docs"", ""ci"", ""test""]",0.7209930419921875,"['36556bf8e0bce4ab6d26eafacbdad04d9614a5d7', 'aca23027da1295c78fdf42ba9687d8ccc88784d7', 'dbb537a26e388a8d7d17faf131abc30c2f7a84e6', '229b53a632ea97d47c4be11f096bdd828fb415d8']",0.75,0.75,0.75,False,0.2857142857142857,1024,True,4
"[""docs"", ""fix"", ""test"", ""fix""]","[""docs"", ""refactor"", ""test"", ""fix""]",0.6912992000579834,"['0cfc5633d37ea06f645649138323f1820e18bdee', '1db13ec43727aca872a0f3836e4023ed85db665e', '229b53a632ea97d47c4be11f096bdd828fb415d8', '9be725fa3906323d4bc9788f54eccf74109d632b']",1.0,0.75,0.8571428571428571,False,0.1428571428571428,1024,True,4
"[""ci"", ""docs"", ""refactor"", ""test""]","[""ci"", ""docs"", ""refactor"", ""test""]",0.7412033081054688,"['c5fa7b80438fbd74f4c341f0d3c9bd9e0f4910da', 'bf83c9155e9bee6925aa7102fab53fb803d52533', '062daa45cbd5dba6e96e95d8cdcaee89ae30a83c', 'bedc7950b24c37809e36a585b7985d5aa5e3e458']",1.0,1.0,1.0,True,0.0,1024,True,4
"[""build"", ""docs"", ""fix"", ""feat""]","[""fix"", ""docs"", ""ci"", ""feat""]",0.6832623481750488,"['9be725fa3906323d4bc9788f54eccf74109d632b', '036a0ff49a7dade0e04c9c07071a1ff49133ee24', '45837af24a33308a70a3454f0f650f9fe728e272', 'f823cf28652987d43c8324b4f5b203240032383a']",0.75,0.75,0.75,False,0.2857142857142857,1024,True,4
"[""docs"", ""test"", ""build"", ""feat""]","[""docs"", ""test"", ""build"", ""feat""]",0.7138671875,"['bf83c9155e9bee6925aa7102fab53fb803d52533', 'e0198f74b81da3663144cfe1d971939319f82a0f', 'f00a4d3e307b89842250358ee432e6800bb24362', 'ded26d768ff432ad3bde3c0aa1e95ce50726100a']",1.0,1.0,1.0,True,0.0,1024,True,4
"[""docs""]","[""docs"", ""refactor"", ""test"", ""fix""]",0.3954324722290039,"['aca23027da1295c78fdf42ba9687d8ccc88784d7', '1db13ec43727aca872a0f3836e4023ed85db665e', 'f411e58cd510f8a2b980b2f1932003a0c0e9f8f3', '2561f4ade46fc9d59f289f328cc77733a6443697']",1.0,0.25,0.4,False,0.4285714285714285,1024,True,4
"[""test"", ""feat"", ""docs"", ""build""]","[""test"", ""feat"", ""docs"", ""ci""]",0.7320549488067627,"['e0198f74b81da3663144cfe1d971939319f82a0f', 'f823cf28652987d43c8324b4f5b203240032383a', 'aca23027da1295c78fdf42ba9687d8ccc88784d7', 'e96487ad7ce90b141219d9032fa2bed68d5dae6a']",0.75,0.75,0.75,False,0.2857142857142857,1024,True,4
"[""fix"", ""build"", ""test"", ""docs""]","[""refactor"", ""build"", ""feat"", ""docs""]",0.6947600841522217,"['63eab619e6166eb6cab948028a7b89bf059dd878', '32b92cfa0b74a6c25990e32ac6aab12b8496794c', 'fd8e563cc19ca4684885d4692acee6bebcca4ada', 'a52a585d74894b3b4eeb8c784fa089ff95cddad0']",0.5,0.5,0.5,False,0.5714285714285714,1024,True,4
"[""build"", ""fix"", ""test"", ""feat""]","[""build"", ""fix"", ""test"", ""feat""]",0.7192425727844238,"['37b1cbfd3d2c462ef4f2a131e4172c38dc8d9ddf', 'c8e0ae8612df3d6f2831acc004aaac332f6105e4', 'c7b25726df94a2530c9b1c0d2b6a0acaa103822f', '1bcf88670b50155b50071e707f98f30cea0b7a24']",1.0,1.0,1.0,True,0.0,1024,True,4
"[""build"", ""ci"", ""docs"", ""build""]","[""refactor"", ""ci"", ""docs"", ""build""]",0.7158372402191162,"['771857b1df9470ebc15357e8879118a72c649d5b', '6c9cb638cb4d1ecc42632fcf389c24898c5b3244', '6d405dfc1675dcad64a2dfac0c0cb0fb28381d21', '454003841aabeb74396d73541378bfa59c75b5db']",1.0,0.75,0.8571428571428571,False,0.1428571428571428,1024,True,4
"[""docs"", ""fix"", ""feat"", ""build"", ""test""]","[""fix"", ""docs"", ""refactor"", ""ci"", ""test""]",0.8245105743408203,"['9be725fa3906323d4bc9788f54eccf74109d632b', 'bf83c9155e9bee6925aa7102fab53fb803d52533', '535708ae50aecb452560a23356fd396f99ef13a2', '4cbbd2552ba0de273e1dfe7d453c5b3efed751a3', 'bedc7950b24c37809e36a585b7985d5aa5e3e458']",0.6,0.6,0.6,False,0.5714285714285714,1024,True,5
"[""test"", ""docs"", ""fix"", ""build"", ""feat""]","[""test"", ""docs"", ""refactor"", ""build"", ""feat""]",0.8275363445281982,"['229b53a632ea97d47c4be11f096bdd828fb415d8', 'bf83c9155e9bee6925aa7102fab53fb803d52533', '062daa45cbd5dba6e96e95d8cdcaee89ae30a83c', 'e4a11fd5c34942ba12737f1c8c084489428ee274', 'fd8e563cc19ca4684885d4692acee6bebcca4ada']",0.8,0.8,0.8000000000000002,False,0.2857142857142857,1024,True,5
"[""test"", ""ci"", ""fix"", ""build"", ""refactor""]","[""test"", ""ci"", ""fix"", ""build"", ""refactor""]",0.8762342929840088,"['317f4eefecddfb1392ca71d551840f446feee302', 'e7a67d88173566be3cd3aed7e9eeb7e29aabbc57', 'd1d55e787b7d07f763852602b9939a5394607fd9', 'f00a4d3e307b89842250358ee432e6800bb24362', '771857b1df9470ebc15357e8879118a72c649d5b']",1.0,1.0,1.0,True,0.0,1024,True,5
"[""build"", ""fix"", ""build"", ""test"", ""feat""]","[""ci"", ""refactor"", ""build"", ""test"", ""fix""]",0.7948472499847412,"['e7a67d88173566be3cd3aed7e9eeb7e29aabbc57', '47ef9104e4a89e80d7cc6c1950bc080841da4a7b', '5b81fde8a72cf2e69a10e9f5c4f0bea0a2b8c3e0', 'bedc7950b24c37809e36a585b7985d5aa5e3e458', '9ef5c0d14193a9abb09b39856f58477d1f4b0d77']",0.75,0.6,0.6666666666666665,False,0.4285714285714285,1024,True,5
"[""build"", ""docs"", ""fix"", ""feat"", ""refactor"", ""test""]","[""build"", ""fix"", ""feat"", ""refactor"", ""docs""]",0.9605581760406494,"['e4a11fd5c34942ba12737f1c8c084489428ee274', '9ef5c0d14193a9abb09b39856f58477d1f4b0d77', 'dc5238b2bda98a7c4f2fe9584fc3b0191a408109', '771857b1df9470ebc15357e8879118a72c649d5b', 'c2ee5cd5e709afd15c5565ee009a0d204403a119']",0.8333333333333334,1.0,0.9090909090909092,False,0.1428571428571428,1024,True,5
"[""docs"", ""test"", ""build"", ""fix"", ""feat""]","[""docs"", ""test"", ""build"", ""fix"", ""feat""]",0.8271262645721436,"['bf83c9155e9bee6925aa7102fab53fb803d52533', '229b53a632ea97d47c4be11f096bdd828fb415d8', 'c55591ba157298a9c5816693c102a89dfd058830', '06e2be4e2019b6fa714e1fcb34485860ef1ede79', 'f823cf28652987d43c8324b4f5b203240032383a']",1.0,1.0,1.0,True,0.0,1024,True,5
"[""fix"", ""build"", ""test"", ""refactor""]","[""ci"", ""build"", ""fix"", ""test"", ""feat""]",0.7531487941741943,"['e7a67d88173566be3cd3aed7e9eeb7e29aabbc57', 'c55591ba157298a9c5816693c102a89dfd058830', 'd129eaf9125a967ac86c6c7276bbae6b4d50af36', '229b53a632ea97d47c4be11f096bdd828fb415d8', '1bcf88670b50155b50071e707f98f30cea0b7a24']",0.75,0.6,0.6666666666666665,False,0.4285714285714285,1024,True,5
"[""fix"", ""docs"", ""build"", ""ci"", ""refactor""]","[""fix"", ""test"", ""build"", ""ci"", ""refactor""]",0.875678300857544,"['2561f4ade46fc9d59f289f328cc77733a6443697', 'b7ce2894fd1794064bd6db4ed730bb6cb7728739', '1269431c8a3e7549f10fcbbb4b88ff625c8898b3', 'e96487ad7ce90b141219d9032fa2bed68d5dae6a', '36556bf8e0bce4ab6d26eafacbdad04d9614a5d7']",0.8,0.8,0.8000000000000002,False,0.2857142857142857,1024,True,5
"[""docs"", ""ci"", ""feat"", ""test"", ""refactor""]","[""docs"", ""ci"", ""refactor"", ""test"", ""fix""]",0.8628976345062256,"['bf83c9155e9bee6925aa7102fab53fb803d52533', 'e7a67d88173566be3cd3aed7e9eeb7e29aabbc57', '535708ae50aecb452560a23356fd396f99ef13a2', 'c7b25726df94a2530c9b1c0d2b6a0acaa103822f', '06e2be4e2019b6fa714e1fcb34485860ef1ede79']",0.8,0.8,0.8000000000000002,False,0.2857142857142857,1024,True,5
"[""refactor"", ""docs"", ""build"", ""feat"", ""feat""]","[""refactor"", ""docs"", ""build"", ""feat"", ""fix""]",0.8606181144714355,"['36556bf8e0bce4ab6d26eafacbdad04d9614a5d7', 'c2ee5cd5e709afd15c5565ee009a0d204403a119', 'c55591ba157298a9c5816693c102a89dfd058830', '68278b00450f2679761a2999500f6d87a579376b', '9ef5c0d14193a9abb09b39856f58477d1f4b0d77']",1.0,0.8,0.888888888888889,False,0.1428571428571428,1024,True,5
"[""feat"", ""build"", ""fix"", ""docs"", ""test""]","[""feat"", ""build"", ""fix"", ""ci"", ""test""]",0.8190531730651855,"['ded26d768ff432ad3bde3c0aa1e95ce50726100a', 'c323d59c607cabc91f17a78528d998f376f30b10', '2561f4ade46fc9d59f289f328cc77733a6443697', '45837af24a33308a70a3454f0f650f9fe728e272', 'e0198f74b81da3663144cfe1d971939319f82a0f']",0.8,0.8,0.8000000000000002,False,0.2857142857142857,1024,True,5
"[""ci"", ""docs"", ""test"", ""feat"", ""fix""]","[""ci"", ""refactor"", ""test"", ""feat"", ""fix""]",0.8218815326690674,"['e96487ad7ce90b141219d9032fa2bed68d5dae6a', 'a62314d9bb632be6af026686615d14b912250512', 'c7b25726df94a2530c9b1c0d2b6a0acaa103822f', '6ed56ce9ae743ba9a87e6c9643cc06b1de7b748d', '9ef5c0d14193a9abb09b39856f58477d1f4b0d77']",0.8,0.8,0.8000000000000002,False,0.2857142857142857,1024,True,5
"[""build"", ""fix"", ""feat"", ""docs"", ""refactor""]","[""build"", ""refactor"", ""ci"", ""docs"", ""fix""]",0.8277933597564697,"['c55591ba157298a9c5816693c102a89dfd058830', '63eab619e6166eb6cab948028a7b89bf059dd878', 'c5fa7b80438fbd74f4c341f0d3c9bd9e0f4910da', '036a0ff49a7dade0e04c9c07071a1ff49133ee24', '9be725fa3906323d4bc9788f54eccf74109d632b']",0.8,0.8,0.8000000000000002,False,0.2857142857142857,1024,True,5
"[""docs"", ""build"", ""feat"", ""fix""]","[""docs"", ""ci"", ""refactor"", ""build"", ""feat""]",0.7226791381835938,"['bf83c9155e9bee6925aa7102fab53fb803d52533', '173553c0372e66e03bdab19e0e6c2dd44daa14a0', '535708ae50aecb452560a23356fd396f99ef13a2', '1269431c8a3e7549f10fcbbb4b88ff625c8898b3', 'f823cf28652987d43c8324b4f5b203240032383a']",0.75,0.6,0.6666666666666665,False,0.4285714285714285,1024,True,5
"[""test"", ""feat"", ""refactor"", ""fix"", ""docs""]","[""test"", ""feat"", ""refactor"", ""fix"", ""docs""]",0.8564009666442871,"['bedc7950b24c37809e36a585b7985d5aa5e3e458', 'fd8e563cc19ca4684885d4692acee6bebcca4ada', '062daa45cbd5dba6e96e95d8cdcaee89ae30a83c', 'c8e0ae8612df3d6f2831acc004aaac332f6105e4', '036a0ff49a7dade0e04c9c07071a1ff49133ee24']",1.0,1.0,1.0,True,0.0,1024,True,5
"[""docs"", ""build"", ""fix"", ""refactor"", ""test""]","[""docs"", ""build"", ""ci"", ""fix"", ""test""]",0.8558077812194824,"['c2ee5cd5e709afd15c5565ee009a0d204403a119', '1269431c8a3e7549f10fcbbb4b88ff625c8898b3', 'e7a67d88173566be3cd3aed7e9eeb7e29aabbc57', 'bed78248c941d57ad4cc20a455147e186e97c7a1', 'e9617f0854030e70365eb264bcb3b58078e79e9e']",0.8,0.8,0.8000000000000002,False,0.2857142857142857,1024,True,5
"[""refactor"", ""ci"", ""docs"", ""test"", ""build""]","[""refactor"", ""ci"", ""docs"", ""test"", ""build""]",0.8512125015258789,"['3cca5c314ad6feeffbfe1f14cf49ebd0fd9a95a2', 'dbb537a26e388a8d7d17faf131abc30c2f7a84e6', 'e12d9e77a6fd531a22325337838a841b1c67f00d', 'c7b25726df94a2530c9b1c0d2b6a0acaa103822f', '37b1cbfd3d2c462ef4f2a131e4172c38dc8d9ddf']",1.0,1.0,1.0,True,0.0,1024,True,5
"[""test"", ""fix"", ""ci"", ""refactor"", ""fix""]","[""test"", ""feat"", ""ci"", ""refactor"", ""fix""]",0.8284909725189209,"['229b53a632ea97d47c4be11f096bdd828fb415d8', 'b282e90e2cbb74559aab79eee8443a4d7c85502a', 'dbb537a26e388a8d7d17faf131abc30c2f7a84e6', '3cca5c314ad6feeffbfe1f14cf49ebd0fd9a95a2', '933ab6bb86372913c992567cf9660009900911a7']",1.0,0.8,0.888888888888889,False,0.1428571428571428,1024,True,5
"[""build"", ""refactor"", ""ci"", ""test"", ""docs""]","[""build"", ""fix"", ""ci"", ""refactor"", ""docs""]",0.8801698684692383,"['37b1cbfd3d2c462ef4f2a131e4172c38dc8d9ddf', '06e2be4e2019b6fa714e1fcb34485860ef1ede79', 'c5fa7b80438fbd74f4c341f0d3c9bd9e0f4910da', '1db13ec43727aca872a0f3836e4023ed85db665e', 'a52a585d74894b3b4eeb8c784fa089ff95cddad0']",0.8,0.8,0.8000000000000002,False,0.2857142857142857,1024,True,5
"[""build"", ""docs"", ""fix"", ""test"", ""feat""]","[""build"", ""docs"", ""ci"", ""test"", ""feat""]",0.8327956199645996,"['c44cf88a6ec54e5ddd99d8348bcc57b301ec7945', '6d405dfc1675dcad64a2dfac0c0cb0fb28381d21', 'e7a67d88173566be3cd3aed7e9eeb7e29aabbc57', 'f411e58cd510f8a2b980b2f1932003a0c0e9f8f3', 'f823cf28652987d43c8324b4f5b203240032383a']",0.8,0.8,0.8000000000000002,False,0.2857142857142857,1024,True,5
"[""feat"", ""fix"", ""refactor"", ""docs"", ""build"", ""test""]","[""feat"", ""fix"", ""refactor"", ""build"", ""test""]",0.9566853046417236,"['f823cf28652987d43c8324b4f5b203240032383a', 'c8e0ae8612df3d6f2831acc004aaac332f6105e4', '47ef9104e4a89e80d7cc6c1950bc080841da4a7b', 'e4a11fd5c34942ba12737f1c8c084489428ee274', 'c7b25726df94a2530c9b1c0d2b6a0acaa103822f']",0.8333333333333334,1.0,0.9090909090909092,False,0.1428571428571428,1024,True,5
"[""fix"", ""build"", ""ci"", ""docs"", ""test""]","[""refactor"", ""build"", ""ci"", ""docs"", ""test""]",0.7948155403137207,"['1db13ec43727aca872a0f3836e4023ed85db665e', '32b92cfa0b74a6c25990e32ac6aab12b8496794c', 'e96487ad7ce90b141219d9032fa2bed68d5dae6a', '6d405dfc1675dcad64a2dfac0c0cb0fb28381d21', 'e2e8ad25854bd1e7cdbc7f50b50bbd99e04ad47d']",0.8,0.8,0.8000000000000002,False,0.2857142857142857,1024,True,5
"[""build"", ""test"", ""refactor"", ""ci"", ""fix""]","[""build"", ""test"", ""refactor"", ""ci"", ""fix""]",0.8574020862579346,"['37b1cbfd3d2c462ef4f2a131e4172c38dc8d9ddf', 'f411e58cd510f8a2b980b2f1932003a0c0e9f8f3', '1db13ec43727aca872a0f3836e4023ed85db665e', 'c5fa7b80438fbd74f4c341f0d3c9bd9e0f4910da', 'd129eaf9125a967ac86c6c7276bbae6b4d50af36']",1.0,1.0,1.0,True,0.0,1024,True,5
"[""build""]","[""build"", ""docs"", ""ci"", ""test"", ""fix""]",0.3994181156158447,"['c55591ba157298a9c5816693c102a89dfd058830', 'a52a585d74894b3b4eeb8c784fa089ff95cddad0', '6c9cb638cb4d1ecc42632fcf389c24898c5b3244', 'c7b25726df94a2530c9b1c0d2b6a0acaa103822f', 'bed78248c941d57ad4cc20a455147e186e97c7a1']",1.0,0.2,0.3333333333333333,False,0.5714285714285714,1024,True,5
"[""fix"", ""ci"", ""feat"", ""refactor""]","[""fix"", ""ci"", ""feat"", ""build"", ""refactor""]",0.7459428310394287,"['9ef5c0d14193a9abb09b39856f58477d1f4b0d77', 'dbb537a26e388a8d7d17faf131abc30c2f7a84e6', '6ed56ce9ae743ba9a87e6c9643cc06b1de7b748d', 'e4a11fd5c34942ba12737f1c8c084489428ee274', '1db13ec43727aca872a0f3836e4023ed85db665e']",1.0,0.8,0.888888888888889,False,0.1428571428571428,1024,True,5
"[""refactor"", ""feat"", ""fix"", ""feat"", ""test""]","[""fix"", ""build"", ""refactor"", ""feat"", ""test""]",0.8630344867706299,"['bed78248c941d57ad4cc20a455147e186e97c7a1', 'e4a11fd5c34942ba12737f1c8c084489428ee274', '062daa45cbd5dba6e96e95d8cdcaee89ae30a83c', 'f823cf28652987d43c8324b4f5b203240032383a', 'c7b25726df94a2530c9b1c0d2b6a0acaa103822f']",1.0,0.8,0.888888888888889,False,0.1428571428571428,1024,True,5
"[""fix"", ""test"", ""feat"", ""docs"", ""build""]","[""fix"", ""test"", ""feat"", ""docs"", ""build""]",0.8204793930053711,"['87d5d4e55ab7149b593d29410f1fe426ba2447d4', 'bedc7950b24c37809e36a585b7985d5aa5e3e458', 'ded26d768ff432ad3bde3c0aa1e95ce50726100a', 'a52a585d74894b3b4eeb8c784fa089ff95cddad0', 'c323d59c607cabc91f17a78528d998f376f30b10']",1.0,1.0,1.0,True,0.0,1024,True,5
"[""build"", ""docs"", ""fix"", ""feat"", ""ci""]","[""test"", ""docs"", ""feat"", ""build"", ""fix""]",0.825537919998169,"['8ee0611fbf0cd89abe7ae588f22e6ecb843598ea', 'c2ee5cd5e709afd15c5565ee009a0d204403a119', 'fd8e563cc19ca4684885d4692acee6bebcca4ada', '1269431c8a3e7549f10fcbbb4b88ff625c8898b3', '06e2be4e2019b6fa714e1fcb34485860ef1ede79']",0.8,0.8,0.8000000000000002,False,0.2857142857142857,1024,True,5
"[""docs"", ""feat"", ""build"", ""refactor"", ""test""]","[""docs"", ""feat"", ""build"", ""refactor"", ""test""]",0.8601109981536865,"['a52a585d74894b3b4eeb8c784fa089ff95cddad0', 'f9a094918b62534614c47aa8a13f33aec751a1e0', '1269431c8a3e7549f10fcbbb4b88ff625c8898b3', '535708ae50aecb452560a23356fd396f99ef13a2', 'e0198f74b81da3663144cfe1d971939319f82a0f']",1.0,1.0,1.0,True,0.0,1024,True,5
"[""fix"", ""feat"", ""test"", ""refactor"", ""build""]","[""fix"", ""feat"", ""test"", ""refactor"", ""build""]",0.8660473823547363,"['d129eaf9125a967ac86c6c7276bbae6b4d50af36', '68278b00450f2679761a2999500f6d87a579376b', 'e2e8ad25854bd1e7cdbc7f50b50bbd99e04ad47d', '771857b1df9470ebc15357e8879118a72c649d5b', 'f00a4d3e307b89842250358ee432e6800bb24362']",1.0,1.0,1.0,True,0.0,1024,True,5
"[""fix"", ""build"", ""refactor"", ""test"", ""ci""]","[""fix"", ""build"", ""refactor"", ""test"", ""docs""]",0.8606960773468018,"['933ab6bb86372913c992567cf9660009900911a7', '37b1cbfd3d2c462ef4f2a131e4172c38dc8d9ddf', '1db13ec43727aca872a0f3836e4023ed85db665e', 'c7b25726df94a2530c9b1c0d2b6a0acaa103822f', 'e12d9e77a6fd531a22325337838a841b1c67f00d']",0.8,0.8,0.8000000000000002,False,0.2857142857142857,1024,True,5
"[""fix"", ""ci"", ""docs"", ""build"", ""feat""]","[""fix"", ""ci"", ""docs"", ""build"", ""feat""]",0.8169474601745605,"['06e2be4e2019b6fa714e1fcb34485860ef1ede79', '4cbbd2552ba0de273e1dfe7d453c5b3efed751a3', 'cb1f48b56ae0de93acb72e48726c7d610a1d538e', 'c323d59c607cabc91f17a78528d998f376f30b10', 'f9a094918b62534614c47aa8a13f33aec751a1e0']",1.0,1.0,1.0,True,0.0,1024,True,5
"[""refactor"", ""build"", ""feat"", ""docs"", ""fix""]","[""feat"", ""build"", ""refactor"", ""docs"", ""fix""]",0.8496561050415039,"['fd8e563cc19ca4684885d4692acee6bebcca4ada', 'f00a4d3e307b89842250358ee432e6800bb24362', '535708ae50aecb452560a23356fd396f99ef13a2', 'e12d9e77a6fd531a22325337838a841b1c67f00d', '9be725fa3906323d4bc9788f54eccf74109d632b']",1.0,1.0,1.0,True,0.0,1024,True,5
"[""test"", ""docs"", ""refactor"", ""ci"", ""fix""]","[""test"", ""docs"", ""refactor"", ""ci"", ""feat""]",0.8475749492645264,"['229b53a632ea97d47c4be11f096bdd828fb415d8', 'bf83c9155e9bee6925aa7102fab53fb803d52533', '062daa45cbd5dba6e96e95d8cdcaee89ae30a83c', '32845e1bbd1efb5dbc16f671049509a409ba25ce', 'dc5238b2bda98a7c4f2fe9584fc3b0191a408109']",0.8,0.8,0.8000000000000002,False,0.2857142857142857,1024,True,5
"[""build"", ""docs"", ""fix"", ""test"", ""refactor""]","[""build"", ""docs"", ""fix"", ""test"", ""refactor""]",0.8725900650024414,"['454003841aabeb74396d73541378bfa59c75b5db', 'e12d9e77a6fd531a22325337838a841b1c67f00d', 'bed78248c941d57ad4cc20a455147e186e97c7a1', 'f411e58cd510f8a2b980b2f1932003a0c0e9f8f3', '062daa45cbd5dba6e96e95d8cdcaee89ae30a83c']",1.0,1.0,1.0,True,0.0,1024,True,5
"[""build""]","[""build"", ""ci"", ""docs"", ""test"", ""refactor""]",0.3877327442169189,"['5b81fde8a72cf2e69a10e9f5c4f0bea0a2b8c3e0', '74e9de5ec97dc013a52aa063dff0f40ac74c407b', 'a52a585d74894b3b4eeb8c784fa089ff95cddad0', 'e0198f74b81da3663144cfe1d971939319f82a0f', '062daa45cbd5dba6e96e95d8cdcaee89ae30a83c']",1.0,0.2,0.3333333333333333,False,0.5714285714285714,1024,True,5
"[""ci"", ""docs"", ""docs"", ""fix"", ""build""]","[""build"", ""ci"", ""docs"", ""refactor"", ""fix""]",0.7928900718688965,"['32b92cfa0b74a6c25990e32ac6aab12b8496794c', '6c9cb638cb4d1ecc42632fcf389c24898c5b3244', 'aca23027da1295c78fdf42ba9687d8ccc88784d7', '47ef9104e4a89e80d7cc6c1950bc080841da4a7b', '2561f4ade46fc9d59f289f328cc77733a6443697']",1.0,0.8,0.888888888888889,False,0.1428571428571428,1024,True,5
"[""test"", ""docs"", ""fix"", ""feat"", ""build""]","[""test"", ""docs"", ""fix"", ""feat"", ""build""]",0.8233153820037842,"['e0198f74b81da3663144cfe1d971939319f82a0f', 'c2ee5cd5e709afd15c5565ee009a0d204403a119', '9ef5c0d14193a9abb09b39856f58477d1f4b0d77', 'f823cf28652987d43c8324b4f5b203240032383a', 'c44cf88a6ec54e5ddd99d8348bcc57b301ec7945']",1.0,1.0,1.0,True,0.0,1024,True,5
"[""refactor"", ""ci"", ""test"", ""build"", ""feat""]","[""refactor"", ""ci"", ""test"", ""build"", ""feat""]",0.8643159866333008,"['3cca5c314ad6feeffbfe1f14cf49ebd0fd9a95a2', '32845e1bbd1efb5dbc16f671049509a409ba25ce', 'e9617f0854030e70365eb264bcb3b58078e79e9e', '454003841aabeb74396d73541378bfa59c75b5db', 'fd8e563cc19ca4684885d4692acee6bebcca4ada']",1.0,1.0,1.0,True,0.0,1024,True,5
"[""refactor"", ""feat"", ""fix"", ""test""]","[""refactor"", ""feat"", ""build"", ""fix"", ""test""]",0.7506928443908691,"['062daa45cbd5dba6e96e95d8cdcaee89ae30a83c', 'f823cf28652987d43c8324b4f5b203240032383a', 'c44cf88a6ec54e5ddd99d8348bcc57b301ec7945', '933ab6bb86372913c992567cf9660009900911a7', '8ee0611fbf0cd89abe7ae588f22e6ecb843598ea']",1.0,0.8,0.888888888888889,False,0.1428571428571428,1024,True,5
"[""refactor"", ""test"", ""docs"", ""feat"", ""build""]","[""refactor"", ""test"", ""docs"", ""feat"", ""ci""]",0.8642599582672119,"['36556bf8e0bce4ab6d26eafacbdad04d9614a5d7', '317f4eefecddfb1392ca71d551840f446feee302', '036a0ff49a7dade0e04c9c07071a1ff49133ee24', 'e137f9fdbdb6bf3f85c3f7ac9323785e445844c8', 'e7a67d88173566be3cd3aed7e9eeb7e29aabbc57']",0.8,0.8,0.8000000000000002,False,0.2857142857142857,1024,True,5
"[""test"", ""ci"", ""feat"", ""feat"", ""fix""]","[""test"", ""ci"", ""refactor"", ""feat"", ""fix""]",0.828235387802124,"['e0198f74b81da3663144cfe1d971939319f82a0f', '173553c0372e66e03bdab19e0e6c2dd44daa14a0', '062daa45cbd5dba6e96e95d8cdcaee89ae30a83c', 'f823cf28652987d43c8324b4f5b203240032383a', 'bed78248c941d57ad4cc20a455147e186e97c7a1']",1.0,0.8,0.888888888888889,False,0.1428571428571428,1024,True,5
"[""ci"", ""feat"", ""docs"", ""build"", ""feat""]","[""ci"", ""refactor"", ""docs"", ""fix"", ""feat""]",0.7914886474609375,"['32845e1bbd1efb5dbc16f671049509a409ba25ce', '63eab619e6166eb6cab948028a7b89bf059dd878', 'af880ac5b4fecbc6c4f3d1eee0d95f326e8bd9d1', '9be725fa3906323d4bc9788f54eccf74109d632b', 'fd8e563cc19ca4684885d4692acee6bebcca4ada']",0.75,0.6,0.6666666666666665,False,0.4285714285714285,1024,True,5
"[""docs"", ""refactor"", ""fix"", ""test"", ""build""]","[""docs"", ""refactor"", ""fix"", ""test"", ""build""]",0.859119176864624,"['bf83c9155e9bee6925aa7102fab53fb803d52533', '3cca5c314ad6feeffbfe1f14cf49ebd0fd9a95a2', '2561f4ade46fc9d59f289f328cc77733a6443697', '317f4eefecddfb1392ca71d551840f446feee302', '454003841aabeb74396d73541378bfa59c75b5db']",1.0,1.0,1.0,True,0.0,1024,True,5
"[""test"", ""ci"", ""fix"", ""docs"", ""refactor""]","[""test"", ""ci"", ""fix"", ""docs"", ""refactor""]",0.8559143543243408,"['317f4eefecddfb1392ca71d551840f446feee302', '32845e1bbd1efb5dbc16f671049509a409ba25ce', 'c8e0ae8612df3d6f2831acc004aaac332f6105e4', '6d405dfc1675dcad64a2dfac0c0cb0fb28381d21', '062daa45cbd5dba6e96e95d8cdcaee89ae30a83c']",1.0,1.0,1.0,True,0.0,1024,True,5
"[""build"", ""ci"", ""test"", ""docs"", ""fix""]","[""build"", ""ci"", ""test"", ""docs"", ""feat""]",0.8078041076660156,"['c55591ba157298a9c5816693c102a89dfd058830', 'dbb537a26e388a8d7d17faf131abc30c2f7a84e6', 'e0198f74b81da3663144cfe1d971939319f82a0f', '0cfc5633d37ea06f645649138323f1820e18bdee', 'dc5238b2bda98a7c4f2fe9584fc3b0191a408109']",0.8,0.8,0.8000000000000002,False,0.2857142857142857,1024,True,5
"[""feat"", ""fix"", ""docs"", ""refactor"", ""ci""]","[""refactor"", ""feat"", ""test"", ""fix"", ""ci""]",0.8534181118011475,"['535708ae50aecb452560a23356fd396f99ef13a2', 'dc5238b2bda98a7c4f2fe9584fc3b0191a408109', 'e2e8ad25854bd1e7cdbc7f50b50bbd99e04ad47d', '2561f4ade46fc9d59f289f328cc77733a6443697', 'c5fa7b80438fbd74f4c341f0d3c9bd9e0f4910da']",0.8,0.8,0.8000000000000002,False,0.2857142857142857,1024,True,5
"[""ci"", ""fix"", ""refactor"", ""build"", ""test""]","[""ci"", ""docs"", ""refactor"", ""build"", ""test""]",0.8223278522491455,"['c5fa7b80438fbd74f4c341f0d3c9bd9e0f4910da', 'af880ac5b4fecbc6c4f3d1eee0d95f326e8bd9d1', '47ef9104e4a89e80d7cc6c1950bc080841da4a7b', '37b1cbfd3d2c462ef4f2a131e4172c38dc8d9ddf', 'c7b25726df94a2530c9b1c0d2b6a0acaa103822f']",0.8,0.8,0.8000000000000002,False,0.2857142857142857,1024,True,5
"[""build"", ""docs"", ""refactor"", ""test"", ""feat""]","[""build"", ""docs"", ""refactor"", ""test"", ""feat""]",0.8633010387420654,"['454003841aabeb74396d73541378bfa59c75b5db', 'aca23027da1295c78fdf42ba9687d8ccc88784d7', '771857b1df9470ebc15357e8879118a72c649d5b', 'bedc7950b24c37809e36a585b7985d5aa5e3e458', 'e137f9fdbdb6bf3f85c3f7ac9323785e445844c8']",1.0,1.0,1.0,True,0.0,1024,True,5
"[""ci"", ""feat"", ""fix"", ""docs"", ""test""]","[""ci"", ""feat"", ""fix"", ""docs"", ""test""]",0.8228588104248047,"['74e9de5ec97dc013a52aa063dff0f40ac74c407b', 'ded26d768ff432ad3bde3c0aa1e95ce50726100a', '9be725fa3906323d4bc9788f54eccf74109d632b', 'a52a585d74894b3b4eeb8c784fa089ff95cddad0', 'e9617f0854030e70365eb264bcb3b58078e79e9e']",1.0,1.0,1.0,True,0.0,1024,True,5
"[""feat"", ""build"", ""test"", ""docs"", ""fix""]","[""feat"", ""build"", ""test"", ""docs"", ""fix""]",0.8383791446685791,"['f9a094918b62534614c47aa8a13f33aec751a1e0', 'e4a11fd5c34942ba12737f1c8c084489428ee274', '229b53a632ea97d47c4be11f096bdd828fb415d8', '036a0ff49a7dade0e04c9c07071a1ff49133ee24', '2561f4ade46fc9d59f289f328cc77733a6443697']",1.0,1.0,1.0,True,0.0,1024,True,5
"[""docs"", ""docs"", ""refactor"", ""fix"", ""build""]","[""build"", ""docs"", ""test"", ""fix"", ""ci""]",0.8619606494903564,"['e4a11fd5c34942ba12737f1c8c084489428ee274', 'aca23027da1295c78fdf42ba9687d8ccc88784d7', 'e9617f0854030e70365eb264bcb3b58078e79e9e', '9ef5c0d14193a9abb09b39856f58477d1f4b0d77', '4cbbd2552ba0de273e1dfe7d453c5b3efed751a3']",0.75,0.6,0.6666666666666665,False,0.4285714285714285,1024,True,5
"[""feat"", ""build"", ""build"", ""docs"", ""fix""]","[""feat"", ""fix"", ""ci"", ""docs"", ""test""]",0.8224058151245117,"['f9a094918b62534614c47aa8a13f33aec751a1e0', '2561f4ade46fc9d59f289f328cc77733a6443697', '45837af24a33308a70a3454f0f650f9fe728e272', '036a0ff49a7dade0e04c9c07071a1ff49133ee24', 'b7ce2894fd1794064bd6db4ed730bb6cb7728739']",0.75,0.6,0.6666666666666665,False,0.4285714285714285,1024,True,5
"[""feat"", ""refactor"", ""build"", ""fix"", ""docs""]","[""feat"", ""refactor"", ""build"", ""fix"", ""docs""]",0.8504979610443115,"['ded26d768ff432ad3bde3c0aa1e95ce50726100a', '062daa45cbd5dba6e96e95d8cdcaee89ae30a83c', '37b1cbfd3d2c462ef4f2a131e4172c38dc8d9ddf', '933ab6bb86372913c992567cf9660009900911a7', '036a0ff49a7dade0e04c9c07071a1ff49133ee24']",1.0,1.0,1.0,True,0.0,1024,True,5
"[""test"", ""build"", ""fix"", ""docs"", ""docs""]","[""test"", ""build"", ""feat"", ""fix"", ""docs""]",0.8210203647613525,"['f411e58cd510f8a2b980b2f1932003a0c0e9f8f3', 'c44cf88a6ec54e5ddd99d8348bcc57b301ec7945', '1bcf88670b50155b50071e707f98f30cea0b7a24', '9be725fa3906323d4bc9788f54eccf74109d632b', 'a52a585d74894b3b4eeb8c784fa089ff95cddad0']",1.0,0.8,0.888888888888889,False,0.1428571428571428,1024,True,5
"[""fix"", ""build"", ""test"", ""docs""]","[""fix"", ""feat"", ""test"", ""ci"", ""docs""]",0.7121994495391846,"['933ab6bb86372913c992567cf9660009900911a7', '6ed56ce9ae743ba9a87e6c9643cc06b1de7b748d', 'e2e8ad25854bd1e7cdbc7f50b50bbd99e04ad47d', 'e96487ad7ce90b141219d9032fa2bed68d5dae6a', '036a0ff49a7dade0e04c9c07071a1ff49133ee24']",0.75,0.6,0.6666666666666665,False,0.4285714285714285,1024,True,5
"[""test"", ""refactor"", ""build"", ""ci"", ""feat""]","[""test"", ""refactor"", ""ci"", ""build"", ""fix""]",0.8555269241333008,"['e0198f74b81da3663144cfe1d971939319f82a0f', '3cca5c314ad6feeffbfe1f14cf49ebd0fd9a95a2', '45837af24a33308a70a3454f0f650f9fe728e272', '5b81fde8a72cf2e69a10e9f5c4f0bea0a2b8c3e0', '9ef5c0d14193a9abb09b39856f58477d1f4b0d77']",0.8,0.8,0.8000000000000002,False,0.2857142857142857,1024,True,5
"[""build"", ""fix"", ""refactor"", ""ci"", ""test""]","[""build"", ""feat"", ""refactor"", ""ci"", ""test""]",0.8285305500030518,"['c55591ba157298a9c5816693c102a89dfd058830', '1bcf88670b50155b50071e707f98f30cea0b7a24', '1db13ec43727aca872a0f3836e4023ed85db665e', 'dbb537a26e388a8d7d17faf131abc30c2f7a84e6', 'e2e8ad25854bd1e7cdbc7f50b50bbd99e04ad47d']",0.8,0.8,0.8000000000000002,False,0.2857142857142857,1024,True,5
"[""docs"", ""fix"", ""test"", ""build"", ""ci""]","[""feat"", ""refactor"", ""test"", ""ci"", ""build""]",0.8196890354156494,"['e137f9fdbdb6bf3f85c3f7ac9323785e445844c8', 'a62314d9bb632be6af026686615d14b912250512', 'b7ce2894fd1794064bd6db4ed730bb6cb7728739', '45837af24a33308a70a3454f0f650f9fe728e272', '454003841aabeb74396d73541378bfa59c75b5db']",0.6,0.6,0.6,False,0.5714285714285714,1024,True,5
"[""test"", ""fix"", ""build"", ""feat"", ""docs""]","[""test"", ""fix"", ""build"", ""refactor"", ""docs""]",0.820004940032959,"['317f4eefecddfb1392ca71d551840f446feee302', '06e2be4e2019b6fa714e1fcb34485860ef1ede79', '32b92cfa0b74a6c25990e32ac6aab12b8496794c', '535708ae50aecb452560a23356fd396f99ef13a2', 'aca23027da1295c78fdf42ba9687d8ccc88784d7']",0.8,0.8,0.8000000000000002,False,0.2857142857142857,1024,True,5
"[""build"", ""feat"", ""docs"", ""fix"", ""ci"", ""test""]","[""ci"", ""feat"", ""build"", ""fix"", ""test""]",0.9265105724334716,"['173553c0372e66e03bdab19e0e6c2dd44daa14a0', '6ed56ce9ae743ba9a87e6c9643cc06b1de7b748d', '32b92cfa0b74a6c25990e32ac6aab12b8496794c', '933ab6bb86372913c992567cf9660009900911a7', 'e9617f0854030e70365eb264bcb3b58078e79e9e']",0.8333333333333334,1.0,0.9090909090909092,False,0.1428571428571428,1024,True,5
"[""ci"", ""test"", ""fix"", ""feat"", ""build""]","[""ci"", ""test"", ""fix"", ""feat"", ""build""]",0.8089513778686523,"['dbb537a26e388a8d7d17faf131abc30c2f7a84e6', 'e2e8ad25854bd1e7cdbc7f50b50bbd99e04ad47d', '933ab6bb86372913c992567cf9660009900911a7', 'b282e90e2cbb74559aab79eee8443a4d7c85502a', 'c55591ba157298a9c5816693c102a89dfd058830']",1.0,1.0,1.0,True,0.0,1024,True,5
"[""test"", ""build"", ""feat"", ""fix"", ""ci""]","[""test"", ""build"", ""feat"", ""fix"", ""ci""]",0.6731851100921631,"['317f4eefecddfb1392ca71d551840f446feee302', 'e4a11fd5c34942ba12737f1c8c084489428ee274', 'ded26d768ff432ad3bde3c0aa1e95ce50726100a', 'd129eaf9125a967ac86c6c7276bbae6b4d50af36', '173553c0372e66e03bdab19e0e6c2dd44daa14a0']",1.0,1.0,1.0,True,0.0,1024,True,5
"[""test""]","[""test"", ""build"", ""refactor"", ""docs"", ""feat""]",0.3996410369873047,"['bedc7950b24c37809e36a585b7985d5aa5e3e458', '5b81fde8a72cf2e69a10e9f5c4f0bea0a2b8c3e0', '47ef9104e4a89e80d7cc6c1950bc080841da4a7b', 'aca23027da1295c78fdf42ba9687d8ccc88784d7', 'f823cf28652987d43c8324b4f5b203240032383a']",1.0,0.2,0.3333333333333333,False,0.5714285714285714,1024,True,5
"[""build"", ""ci"", ""feat"", ""docs"", ""fix""]","[""build"", ""ci"", ""feat"", ""docs"", ""fix""]",0.7913877964019775,"['5b81fde8a72cf2e69a10e9f5c4f0bea0a2b8c3e0', 'c5fa7b80438fbd74f4c341f0d3c9bd9e0f4910da', '68278b00450f2679761a2999500f6d87a579376b', 'a52a585d74894b3b4eeb8c784fa089ff95cddad0', '06e2be4e2019b6fa714e1fcb34485860ef1ede79']",1.0,1.0,1.0,True,0.0,1024,True,5
"[""test"", ""build"", ""refactor"", ""feat"", ""ci""]","[""test"", ""build"", ""refactor"", ""fix"", ""ci""]",0.8448755741119385,"['e0198f74b81da3663144cfe1d971939319f82a0f', '5b81fde8a72cf2e69a10e9f5c4f0bea0a2b8c3e0', '3cca5c314ad6feeffbfe1f14cf49ebd0fd9a95a2', '87d5d4e55ab7149b593d29410f1fe426ba2447d4', '74e9de5ec97dc013a52aa063dff0f40ac74c407b']",0.8,0.8,0.8000000000000002,False,0.2857142857142857,1024,True,5
"[""build"", ""fix"", ""docs"", ""ci"", ""test""]","[""feat"", ""build"", ""fix"", ""ci"", ""test""]",0.8174490928649902,"['6ed56ce9ae743ba9a87e6c9643cc06b1de7b748d', 'c323d59c607cabc91f17a78528d998f376f30b10', '87d5d4e55ab7149b593d29410f1fe426ba2447d4', 'c5fa7b80438fbd74f4c341f0d3c9bd9e0f4910da', 'e9617f0854030e70365eb264bcb3b58078e79e9e']",0.8,0.8,0.8000000000000002,False,0.2857142857142857,1024,True,5
"[""build"", ""test"", ""fix"", ""docs"", ""build""]","[""build"", ""test"", ""refactor"", ""feat"", ""ci""]",0.83424973487854,"['5b81fde8a72cf2e69a10e9f5c4f0bea0a2b8c3e0', 'e9617f0854030e70365eb264bcb3b58078e79e9e', '2954a0955ce9af6acb345ed1e8328e145ad30475', '68278b00450f2679761a2999500f6d87a579376b', 'e96487ad7ce90b141219d9032fa2bed68d5dae6a']",0.5,0.4,0.4444444444444445,False,0.7142857142857143,1024,True,5
"[""build"", ""feat"", ""docs"", ""test"", ""fix""]","[""ci"", ""refactor"", ""docs"", ""feat"", ""fix""]",0.8233065605163574,"['4cbbd2552ba0de273e1dfe7d453c5b3efed751a3', '535708ae50aecb452560a23356fd396f99ef13a2', 'e12d9e77a6fd531a22325337838a841b1c67f00d', 'fd8e563cc19ca4684885d4692acee6bebcca4ada', '9be725fa3906323d4bc9788f54eccf74109d632b']",0.6,0.6,0.6,False,0.5714285714285714,1024,True,5
"[""ci"", ""docs"", ""fix"", ""docs"", ""refactor""]","[""ci"", ""fix"", ""feat"", ""docs"", ""refactor""]",0.8527917861938477,"['c5fa7b80438fbd74f4c341f0d3c9bd9e0f4910da', 'bed78248c941d57ad4cc20a455147e186e97c7a1', 'b282e90e2cbb74559aab79eee8443a4d7c85502a', 'bf83c9155e9bee6925aa7102fab53fb803d52533', '771857b1df9470ebc15357e8879118a72c649d5b']",1.0,0.8,0.888888888888889,False,0.1428571428571428,1024,True,5
"[""refactor""]","[""fix""]",0.3308680057525635,['87d5d4e55ab7149b593d29410f1fe426ba2447d4'],0.0,0.0,0.0,False,0.2857142857142857,1024,True,1
"[""test""]","[""test""]",0.360445499420166,['317f4eefecddfb1392ca71d551840f446feee302'],1.0,1.0,1.0,True,0.0,1024,True,1
"[""ci""]","[""ci""]",0.3485095500946045,['c5fa7b80438fbd74f4c341f0d3c9bd9e0f4910da'],1.0,1.0,1.0,True,0.0,1024,True,1
"[""ci""]","[""ci""]",0.3322145938873291,['e7a67d88173566be3cd3aed7e9eeb7e29aabbc57'],1.0,1.0,1.0,True,0.0,1024,True,1
"[""fix""]","[""fix""]",0.3039023876190185,['d129eaf9125a967ac86c6c7276bbae6b4d50af36'],1.0,1.0,1.0,True,0.0,1024,True,1
"[""build""]","[""build""]",0.2878456115722656,['1269431c8a3e7549f10fcbbb4b88ff625c8898b3'],1.0,1.0,1.0,True,0.0,1024,True,1
"[""feat""]","[""refactor""]",0.2824354171752929,['535708ae50aecb452560a23356fd396f99ef13a2'],0.0,0.0,0.0,False,0.2857142857142857,1024,True,1
"[""feat""]","[""feat""]",0.2729976177215576,['68278b00450f2679761a2999500f6d87a579376b'],1.0,1.0,1.0,True,0.0,1024,True,1
"[""ci""]","[""ci""]",0.2534456253051758,['6c9cb638cb4d1ecc42632fcf389c24898c5b3244'],1.0,1.0,1.0,True,0.0,1024,True,1
"[""test""]","[""test""]",0.2556190490722656,['c7b25726df94a2530c9b1c0d2b6a0acaa103822f'],1.0,1.0,1.0,True,0.0,1024,True,1
"[""feat""]","[""feat""]",0.3530538082122803,['1bcf88670b50155b50071e707f98f30cea0b7a24'],1.0,1.0,1.0,True,0.0,1024,True,1
"[""build""]","[""build""]",0.3949220180511474,['454003841aabeb74396d73541378bfa59c75b5db'],1.0,1.0,1.0,True,0.0,1024,True,1
"[""ci""]","[""ci""]",0.2468523979187011,['dbb537a26e388a8d7d17faf131abc30c2f7a84e6'],1.0,1.0,1.0,True,0.0,1024,True,1
"[""docs""]","[""docs""]",0.2865617275238037,['bf83c9155e9bee6925aa7102fab53fb803d52533'],1.0,1.0,1.0,True,0.0,1024,True,1
"[""feat""]","[""feat""]",0.2875797748565674,['dc5238b2bda98a7c4f2fe9584fc3b0191a408109'],1.0,1.0,1.0,True,0.0,1024,True,1
"[""ci""]","[""ci""]",0.3173410892486572,['74e9de5ec97dc013a52aa063dff0f40ac74c407b'],1.0,1.0,1.0,True,0.0,1024,True,1
"[""test""]","[""test""]",0.2870984077453613,['b7ce2894fd1794064bd6db4ed730bb6cb7728739'],1.0,1.0,1.0,True,0.0,1024,True,1
"[""build""]","[""build""]",0.3207447528839111,['32b92cfa0b74a6c25990e32ac6aab12b8496794c'],1.0,1.0,1.0,True,0.0,1024,True,1
"[""fix""]","[""fix""]",0.3169832229614258,['bed78248c941d57ad4cc20a455147e186e97c7a1'],1.0,1.0,1.0,True,0.0,1024,True,1
"[""test""]","[""test""]",0.281376838684082,['f411e58cd510f8a2b980b2f1932003a0c0e9f8f3'],1.0,1.0,1.0,True,0.0,1024,True,1
"[""feat""]","[""feat""]",0.2772004604339599,['f9a094918b62534614c47aa8a13f33aec751a1e0'],1.0,1.0,1.0,True,0.0,1024,True,1
"[""docs""]","[""docs""]",0.2832329273223877,['aca23027da1295c78fdf42ba9687d8ccc88784d7'],1.0,1.0,1.0,True,0.0,1024,True,1
"[""build""]","[""build""]",0.3146700859069824,['37b1cbfd3d2c462ef4f2a131e4172c38dc8d9ddf'],1.0,1.0,1.0,True,0.0,1024,True,1
"[""feat""]","[""feat""]",0.3892562389373779,['e137f9fdbdb6bf3f85c3f7ac9323785e445844c8'],1.0,1.0,1.0,True,0.0,1024,True,1
"[""test""]","[""test""]",0.3309080600738525,['e0198f74b81da3663144cfe1d971939319f82a0f'],1.0,1.0,1.0,True,0.0,1024,True,1
"[""build""]","[""ci""]",0.3248560428619385,['45837af24a33308a70a3454f0f650f9fe728e272'],0.0,0.0,0.0,False,0.2857142857142857,1024,True,1
"[""docs""]","[""docs""]",0.2991089820861816,['0cfc5633d37ea06f645649138323f1820e18bdee'],1.0,1.0,1.0,True,0.0,1024,True,1
"[""feat""]","[""test""]",0.4557628631591797,['8ee0611fbf0cd89abe7ae588f22e6ecb843598ea'],0.0,0.0,0.0,False,0.2857142857142857,1024,True,1
"[""docs""]","[""docs""]",0.32301926612854,['c2ee5cd5e709afd15c5565ee009a0d204403a119'],1.0,1.0,1.0,True,0.0,1024,True,1
"[""fix""]","[""fix""]",0.2585828304290771,['d1d55e787b7d07f763852602b9939a5394607fd9'],1.0,1.0,1.0,True,0.0,1024,True,1
"[""build""]","[""build""]",0.3163988590240478,['c55591ba157298a9c5816693c102a89dfd058830'],1.0,1.0,1.0,True,0.0,1024,True,1
"[""build""]","[""fix""]",0.2553277015686035,['9be725fa3906323d4bc9788f54eccf74109d632b'],0.0,0.0,0.0,False,0.2857142857142857,1024,True,1
"[""build""]","[""build""]",0.282315731048584,['f00a4d3e307b89842250358ee432e6800bb24362'],1.0,1.0,1.0,True,0.0,1024,True,1
"[""docs""]","[""docs""]",0.2884132862091064,['036a0ff49a7dade0e04c9c07071a1ff49133ee24'],1.0,1.0,1.0,True,0.0,1024,True,1
"[""docs""]","[""docs""]",0.2840192317962646,['6d405dfc1675dcad64a2dfac0c0cb0fb28381d21'],1.0,1.0,1.0,True,0.0,1024,True,1
"[""refactor""]","[""refactor""]",0.4205653667449951,['3cca5c314ad6feeffbfe1f14cf49ebd0fd9a95a2'],1.0,1.0,1.0,True,0.0,1024,True,1
"[""docs""]","[""docs""]",0.3146333694458008,['af880ac5b4fecbc6c4f3d1eee0d95f326e8bd9d1'],1.0,1.0,1.0,True,0.0,1024,True,1
"[""fix""]","[""fix""]",0.257631778717041,['c8e0ae8612df3d6f2831acc004aaac332f6105e4'],1.0,1.0,1.0,True,0.0,1024,True,1
"[""refactor""]","[""refactor""]",0.4242665767669678,['771857b1df9470ebc15357e8879118a72c649d5b'],1.0,1.0,1.0,True,0.0,1024,True,1
"[""refactor""]","[""refactor""]",0.3119640350341797,['47ef9104e4a89e80d7cc6c1950bc080841da4a7b'],1.0,1.0,1.0,True,0.0,1024,True,1
"[""refactor""]","[""refactor""]",0.4178125858306885,['1db13ec43727aca872a0f3836e4023ed85db665e'],1.0,1.0,1.0,True,0.0,1024,True,1
"[""fix""]","[""fix""]",0.2533376216888428,['933ab6bb86372913c992567cf9660009900911a7'],1.0,1.0,1.0,True,0.0,1024,True,1
"[""test""]","[""test""]",0.2921223640441894,['e2e8ad25854bd1e7cdbc7f50b50bbd99e04ad47d'],1.0,1.0,1.0,True,0.0,1024,True,1
"[""build""]","[""build""]",0.2761101722717285,['c44cf88a6ec54e5ddd99d8348bcc57b301ec7945'],1.0,1.0,1.0,True,0.0,1024,True,1
"[""ci""]","[""ci""]",0.256988525390625,['e96487ad7ce90b141219d9032fa2bed68d5dae6a'],1.0,1.0,1.0,True,0.0,1024,True,1
"[""build""]","[""build""]",0.2515413761138916,['5b81fde8a72cf2e69a10e9f5c4f0bea0a2b8c3e0'],1.0,1.0,1.0,True,0.0,1024,True,1
"[""docs""]","[""docs""]",0.38863205909729,['cb1f48b56ae0de93acb72e48726c7d610a1d538e'],1.0,1.0,1.0,True,0.0,1024,True,1
"[""fix""]","[""fix""]",0.3605451583862304,['2561f4ade46fc9d59f289f328cc77733a6443697'],1.0,1.0,1.0,True,0.0,1024,True,1
"[""fix""]","[""fix""]",0.303135871887207,['06e2be4e2019b6fa714e1fcb34485860ef1ede79'],1.0,1.0,1.0,True,0.0,1024,True,1
"[""refactor""]","[""refactor""]",0.3195583820343017,['36556bf8e0bce4ab6d26eafacbdad04d9614a5d7'],1.0,1.0,1.0,True,0.0,1024,True,1
"[""build""]","[""build""]",0.2528352737426758,['c323d59c607cabc91f17a78528d998f376f30b10'],1.0,1.0,1.0,True,0.0,1024,True,1
"[""build""]","[""build""]",0.3129665851593017,['e4a11fd5c34942ba12737f1c8c084489428ee274'],1.0,1.0,1.0,True,0.0,1024,True,1
"[""fix""]","[""refactor""]",0.3448741436004638,['63eab619e6166eb6cab948028a7b89bf059dd878'],0.0,0.0,0.0,False,0.2857142857142857,1024,True,1
"[""docs""]","[""docs""]",0.2561061382293701,['a52a585d74894b3b4eeb8c784fa089ff95cddad0'],1.0,1.0,1.0,True,0.0,1024,True,1
"[""fix""]","[""feat""]",0.322885513305664,['b282e90e2cbb74559aab79eee8443a4d7c85502a'],0.0,0.0,0.0,False,0.2857142857142857,1024,True,1
"[""feat""]","[""feat""]",0.3253195285797119,['f823cf28652987d43c8324b4f5b203240032383a'],1.0,1.0,1.0,True,0.0,1024,True,1
"[""fix""]","[""fix""]",0.2822318077087402,['9ef5c0d14193a9abb09b39856f58477d1f4b0d77'],1.0,1.0,1.0,True,0.0,1024,True,1
"[""feat""]","[""feat""]",0.3559339046478271,['fd8e563cc19ca4684885d4692acee6bebcca4ada'],1.0,1.0,1.0,True,0.0,1024,True,1
"[""ci""]","[""ci""]",0.2697863578796386,['4cbbd2552ba0de273e1dfe7d453c5b3efed751a3'],1.0,1.0,1.0,True,0.0,1024,True,1
"[""ci""]","[""ci""]",0.3610095977783203,['173553c0372e66e03bdab19e0e6c2dd44daa14a0'],1.0,1.0,1.0,True,0.0,1024,True,1
"[""ci""]","[""ci""]",0.3912458419799804,['32845e1bbd1efb5dbc16f671049509a409ba25ce'],1.0,1.0,1.0,True,0.0,1024,True,1
"[""test""]","[""test""]",0.2839837074279785,['229b53a632ea97d47c4be11f096bdd828fb415d8'],1.0,1.0,1.0,True,0.0,1024,True,1
"[""docs""]","[""refactor""]",0.2820775508880615,['2954a0955ce9af6acb345ed1e8328e145ad30475'],0.0,0.0,0.0,False,0.2857142857142857,1024,True,1
"[""docs""]","[""refactor""]",0.2865877151489258,['a62314d9bb632be6af026686615d14b912250512'],0.0,0.0,0.0,False,0.2857142857142857,1024,True,1
"[""refactor""]","[""refactor""]",0.4255330562591553,['062daa45cbd5dba6e96e95d8cdcaee89ae30a83c'],1.0,1.0,1.0,True,0.0,1024,True,1
"[""test""]","[""test""]",0.3273582458496094,['bedc7950b24c37809e36a585b7985d5aa5e3e458'],1.0,1.0,1.0,True,0.0,1024,True,1
"[""feat""]","[""feat""]",0.3900110721588135,['ded26d768ff432ad3bde3c0aa1e95ce50726100a'],1.0,1.0,1.0,True,0.0,1024,True,1
"[""build"", ""test""]","[""test""]",0.4506614208221435,['e9617f0854030e70365eb264bcb3b58078e79e9e'],0.5,1.0,0.6666666666666666,False,0.1428571428571428,1024,True,1
"[""feat""]","[""feat""]",0.3926851749420166,['6ed56ce9ae743ba9a87e6c9643cc06b1de7b748d'],1.0,1.0,1.0,True,0.0,1024,True,1
"[""ci""]","[""docs""]",0.2732832431793213,['e12d9e77a6fd531a22325337838a841b1c67f00d'],0.0,0.0,0.0,False,0.2857142857142857,1024,True,1
"[""feat"", ""refactor""]","[""feat"", ""refactor""]",0.4848206043243408,"['fd8e563cc19ca4684885d4692acee6bebcca4ada', '36556bf8e0bce4ab6d26eafacbdad04d9614a5d7']",1.0,1.0,1.0,True,0.0,1024,True,2
"[""build"", ""build""]","[""ci"", ""build""]",0.4343042373657226,"['45837af24a33308a70a3454f0f650f9fe728e272', '5b81fde8a72cf2e69a10e9f5c4f0bea0a2b8c3e0']",1.0,0.5,0.6666666666666666,False,0.1428571428571428,1024,True,2
"[""feat"", ""docs""]","[""refactor"", ""docs""]",0.4225976467132568,"['535708ae50aecb452560a23356fd396f99ef13a2', 'af880ac5b4fecbc6c4f3d1eee0d95f326e8bd9d1']",0.5,0.5,0.5,False,0.2857142857142857,1024,True,2
"[""feat"", ""fix""]","[""feat"", ""refactor""]",0.5348708629608154,"['68278b00450f2679761a2999500f6d87a579376b', '63eab619e6166eb6cab948028a7b89bf059dd878']",0.5,0.5,0.5,False,0.2857142857142857,1024,True,2
"[""ci"", ""test""]","[""ci"", ""test""]",0.4138033390045166,"['dbb537a26e388a8d7d17faf131abc30c2f7a84e6', 'f411e58cd510f8a2b980b2f1932003a0c0e9f8f3']",1.0,1.0,1.0,True,0.0,1024,True,2
"[""test"", ""ci""]","[""test"", ""ci""]",0.436154842376709,"['e2e8ad25854bd1e7cdbc7f50b50bbd99e04ad47d', 'c5fa7b80438fbd74f4c341f0d3c9bd9e0f4910da']",1.0,1.0,1.0,True,0.0,1024,True,2
"[""build""]","[""ci"", ""build""]",0.387753963470459,"['45837af24a33308a70a3454f0f650f9fe728e272', '1269431c8a3e7549f10fcbbb4b88ff625c8898b3']",1.0,0.5,0.6666666666666666,False,0.1428571428571428,1024,True,2
"[""refactor"", ""test""]","[""feat"", ""test""]",0.4944887161254883,"['1bcf88670b50155b50071e707f98f30cea0b7a24', 'f411e58cd510f8a2b980b2f1932003a0c0e9f8f3']",0.5,0.5,0.5,False,0.2857142857142857,1024,True,2
"[""docs"", ""build""]","[""fix"", ""docs""]",0.3897933959960937,"['9be725fa3906323d4bc9788f54eccf74109d632b', '0cfc5633d37ea06f645649138323f1820e18bdee']",0.5,0.5,0.5,False,0.2857142857142857,1024,True,2
"[""docs"", ""ci""]","[""fix"", ""ci""]",0.384099006652832,"['9be725fa3906323d4bc9788f54eccf74109d632b', 'e96487ad7ce90b141219d9032fa2bed68d5dae6a']",0.5,0.5,0.5,False,0.2857142857142857,1024,True,2
"[""build""]","[""build"", ""test""]",0.4223947525024414,"['1269431c8a3e7549f10fcbbb4b88ff625c8898b3', '317f4eefecddfb1392ca71d551840f446feee302']",1.0,0.5,0.6666666666666666,False,0.1428571428571428,1024,True,2
"[""ci"", ""docs""]","[""ci"", ""docs""]",0.4249703884124756,"['dbb537a26e388a8d7d17faf131abc30c2f7a84e6', '0cfc5633d37ea06f645649138323f1820e18bdee']",1.0,1.0,1.0,True,0.0,1024,True,2
"[""refactor"", ""build""]","[""refactor"", ""build""]",0.5339310169219971,"['3cca5c314ad6feeffbfe1f14cf49ebd0fd9a95a2', '454003841aabeb74396d73541378bfa59c75b5db']",1.0,1.0,1.0,True,0.0,1024,True,2
"[""fix"", ""refactor""]","[""fix"", ""refactor""]",0.5286662578582764,"['2561f4ade46fc9d59f289f328cc77733a6443697', '062daa45cbd5dba6e96e95d8cdcaee89ae30a83c']",1.0,1.0,1.0,True,0.0,1024,True,2
"[""build"", ""ci""]","[""build"", ""ci""]",0.3917768001556396,"['c44cf88a6ec54e5ddd99d8348bcc57b301ec7945', 'dbb537a26e388a8d7d17faf131abc30c2f7a84e6']",1.0,1.0,1.0,True,0.0,1024,True,2
"[""build"", ""feat""]","[""build"", ""refactor""]",0.5044503211975098,"['32b92cfa0b74a6c25990e32ac6aab12b8496794c', '63eab619e6166eb6cab948028a7b89bf059dd878']",0.5,0.5,0.5,False,0.2857142857142857,1024,True,2
"[""fix"", ""ci""]","[""feat"", ""docs""]",0.3882408142089844,"['dc5238b2bda98a7c4f2fe9584fc3b0191a408109', 'e12d9e77a6fd531a22325337838a841b1c67f00d']",0.0,0.0,0.0,False,0.5714285714285714,1024,True,2
"[""ci"", ""docs""]","[""ci"", ""docs""]",0.4360835552215576,"['32845e1bbd1efb5dbc16f671049509a409ba25ce', 'bf83c9155e9bee6925aa7102fab53fb803d52533']",1.0,1.0,1.0,True,0.0,1024,True,2
"[""fix"", ""feat"", ""test""]","[""fix"", ""feat""]",0.5575993061065674,"['d129eaf9125a967ac86c6c7276bbae6b4d50af36', '6ed56ce9ae743ba9a87e6c9643cc06b1de7b748d']",0.6666666666666666,1.0,0.8,False,0.1428571428571428,1024,True,2
"[""refactor"", ""ci""]","[""feat"", ""ci""]",0.5378804206848145,"['1bcf88670b50155b50071e707f98f30cea0b7a24', '74e9de5ec97dc013a52aa063dff0f40ac74c407b']",0.5,0.5,0.5,False,0.2857142857142857,1024,True,2
"[""docs"", ""ci""]","[""docs"", ""ci""]",0.3904459476470947,"['036a0ff49a7dade0e04c9c07071a1ff49133ee24', '4cbbd2552ba0de273e1dfe7d453c5b3efed751a3']",1.0,1.0,1.0,True,0.0,1024,True,2
"[""test"", ""docs""]","[""test"", ""docs""]",0.5017950534820557,"['e9617f0854030e70365eb264bcb3b58078e79e9e', 'cb1f48b56ae0de93acb72e48726c7d610a1d538e']",1.0,1.0,1.0,True,0.0,1024,True,2
"[""docs""]","[""docs"", ""feat""]",0.3981249332427978,"['aca23027da1295c78fdf42ba9687d8ccc88784d7', 'f823cf28652987d43c8324b4f5b203240032383a']",1.0,0.5,0.6666666666666666,False,0.1428571428571428,1024,True,2
"[""refactor"", ""fix""]","[""refactor"", ""fix""]",0.4205789566040039,"['47ef9104e4a89e80d7cc6c1950bc080841da4a7b', '06e2be4e2019b6fa714e1fcb34485860ef1ede79']",1.0,1.0,1.0,True,0.0,1024,True,2
"[""build"", ""ci""]","[""build"", ""ci""]",0.3723976612091064,"['5b81fde8a72cf2e69a10e9f5c4f0bea0a2b8c3e0', 'dbb537a26e388a8d7d17faf131abc30c2f7a84e6']",1.0,1.0,1.0,True,0.0,1024,True,2
"[""build"", ""refactor""]","[""build"", ""refactor""]",0.4138000011444092,"['5b81fde8a72cf2e69a10e9f5c4f0bea0a2b8c3e0', '36556bf8e0bce4ab6d26eafacbdad04d9614a5d7']",1.0,1.0,1.0,True,0.0,1024,True,2
"[""feat"", ""test""]","[""fix"", ""test""]",0.4648942947387695,"['9ef5c0d14193a9abb09b39856f58477d1f4b0d77', 'b7ce2894fd1794064bd6db4ed730bb6cb7728739']",0.5,0.5,0.5,False,0.2857142857142857,1024,True,2
"[""build"", ""docs""]","[""build"", ""docs""]",0.4213552474975586,"['c323d59c607cabc91f17a78528d998f376f30b10', 'c2ee5cd5e709afd15c5565ee009a0d204403a119']",1.0,1.0,1.0,True,0.0,1024,True,2
"[""fix"", ""ci""]","[""fix"", ""ci""]",0.3758547306060791,"['9be725fa3906323d4bc9788f54eccf74109d632b', 'dbb537a26e388a8d7d17faf131abc30c2f7a84e6']",1.0,1.0,1.0,True,0.0,1024,True,2
"[""fix"", ""ci""]","[""fix"", ""ci""]",0.4300324916839599,"['9be725fa3906323d4bc9788f54eccf74109d632b', 'e7a67d88173566be3cd3aed7e9eeb7e29aabbc57']",1.0,1.0,1.0,True,0.0,1024,True,2
"[""docs"", ""refactor""]","[""docs"", ""refactor""]",0.5060393810272217,"['c2ee5cd5e709afd15c5565ee009a0d204403a119', '062daa45cbd5dba6e96e95d8cdcaee89ae30a83c']",1.0,1.0,1.0,True,0.0,1024,True,2
"[""fix"", ""feat"", ""refactor""]","[""fix"", ""feat""]",0.5733520984649658,"['933ab6bb86372913c992567cf9660009900911a7', 'e137f9fdbdb6bf3f85c3f7ac9323785e445844c8']",0.6666666666666666,1.0,0.8,False,0.1428571428571428,1024,True,2
"[""build"", ""fix""]","[""fix"", ""build""]",0.4500017166137695,"['9be725fa3906323d4bc9788f54eccf74109d632b', 'c44cf88a6ec54e5ddd99d8348bcc57b301ec7945']",1.0,1.0,1.0,True,0.0,1024,True,2
"[""ci"", ""docs""]","[""ci"", ""docs""]",0.4508228302001953,"['173553c0372e66e03bdab19e0e6c2dd44daa14a0', 'e12d9e77a6fd531a22325337838a841b1c67f00d']",1.0,1.0,1.0,True,0.0,1024,True,2
"[""ci"", ""feat""]","[""ci"", ""feat""]",0.431729793548584,"['6c9cb638cb4d1ecc42632fcf389c24898c5b3244', 'f823cf28652987d43c8324b4f5b203240032383a']",1.0,1.0,1.0,True,0.0,1024,True,2
"[""ci"", ""docs""]","[""ci"", ""docs""]",0.4671213626861572,"['74e9de5ec97dc013a52aa063dff0f40ac74c407b', 'c2ee5cd5e709afd15c5565ee009a0d204403a119']",1.0,1.0,1.0,True,0.0,1024,True,2
"[""test"", ""build""]","[""test"", ""build""]",0.4296038150787353,"['317f4eefecddfb1392ca71d551840f446feee302', '5b81fde8a72cf2e69a10e9f5c4f0bea0a2b8c3e0']",1.0,1.0,1.0,True,0.0,1024,True,2
"[""docs"", ""feat""]","[""docs"", ""feat""]",0.445199966430664,"['a52a585d74894b3b4eeb8c784fa089ff95cddad0', 'f823cf28652987d43c8324b4f5b203240032383a']",1.0,1.0,1.0,True,0.0,1024,True,2
"[""refactor"", ""build""]","[""refactor"", ""build""]",0.4021241664886474,"['47ef9104e4a89e80d7cc6c1950bc080841da4a7b', '5b81fde8a72cf2e69a10e9f5c4f0bea0a2b8c3e0']",1.0,1.0,1.0,True,0.0,1024,True,2
"[""fix"", ""refactor""]","[""feat"", ""refactor""]",0.5340530872344971,"['e137f9fdbdb6bf3f85c3f7ac9323785e445844c8', '771857b1df9470ebc15357e8879118a72c649d5b']",0.5,0.5,0.5,False,0.2857142857142857,1024,True,2
"[""refactor"", ""fix""]","[""feat"", ""fix""]",0.4825425148010254,"['6ed56ce9ae743ba9a87e6c9643cc06b1de7b748d', 'd1d55e787b7d07f763852602b9939a5394607fd9']",0.5,0.5,0.5,False,0.2857142857142857,1024,True,2
"[""build"", ""docs""]","[""build"", ""docs""]",0.4255790710449219,"['c323d59c607cabc91f17a78528d998f376f30b10', '0cfc5633d37ea06f645649138323f1820e18bdee']",1.0,1.0,1.0,True,0.0,1024,True,2
"[""fix""]","[""test"", ""refactor""]",0.363002061843872,"['8ee0611fbf0cd89abe7ae588f22e6ecb843598ea', '2954a0955ce9af6acb345ed1e8328e145ad30475']",0.0,0.0,0.0,False,0.4285714285714285,1024,True,2
"[""refactor"", ""fix""]","[""refactor"", ""fix""]",0.4199042320251465,"['36556bf8e0bce4ab6d26eafacbdad04d9614a5d7', 'c8e0ae8612df3d6f2831acc004aaac332f6105e4']",1.0,1.0,1.0,True,0.0,1024,True,2
"[""build""]","[""build"", ""ci""]",0.3900890350341797,"['e4a11fd5c34942ba12737f1c8c084489428ee274', '173553c0372e66e03bdab19e0e6c2dd44daa14a0']",1.0,0.5,0.6666666666666666,False,0.1428571428571428,1024,True,2
"[""fix"", ""feat""]","[""fix"", ""feat""]",0.4621284008026123,"['c8e0ae8612df3d6f2831acc004aaac332f6105e4', 'f9a094918b62534614c47aa8a13f33aec751a1e0']",1.0,1.0,1.0,True,0.0,1024,True,2
"[""docs"", ""build""]","[""refactor"", ""docs""]",0.4502546787261963,"['771857b1df9470ebc15357e8879118a72c649d5b', '0cfc5633d37ea06f645649138323f1820e18bdee']",0.5,0.5,0.5,False,0.2857142857142857,1024,True,2
"[""fix"", ""feat""]","[""feat"", ""fix""]",0.4463472366333008,"['6ed56ce9ae743ba9a87e6c9643cc06b1de7b748d', '87d5d4e55ab7149b593d29410f1fe426ba2447d4']",1.0,1.0,1.0,True,0.0,1024,True,2
"[""refactor"", ""test""]","[""refactor"", ""test""]",0.4930195808410644,"['1db13ec43727aca872a0f3836e4023ed85db665e', '229b53a632ea97d47c4be11f096bdd828fb415d8']",1.0,1.0,1.0,True,0.0,1024,True,2
"[""test"", ""feat""]","[""test"", ""refactor""]",0.5007340908050537,"['317f4eefecddfb1392ca71d551840f446feee302', '63eab619e6166eb6cab948028a7b89bf059dd878']",0.5,0.5,0.5,False,0.2857142857142857,1024,True,2
"[""build"", ""fix""]","[""docs"", ""build""]",0.4245922565460205,"['e12d9e77a6fd531a22325337838a841b1c67f00d', 'c44cf88a6ec54e5ddd99d8348bcc57b301ec7945']",0.5,0.5,0.5,False,0.2857142857142857,1024,True,2
"[""refactor"", ""build""]","[""refactor"", ""build""]",0.4663517475128174,"['1db13ec43727aca872a0f3836e4023ed85db665e', '32b92cfa0b74a6c25990e32ac6aab12b8496794c']",1.0,1.0,1.0,True,0.0,1024,True,2
"[""docs"", ""fix"", ""test""]","[""docs"", ""fix""]",0.5770909786224365,"['c2ee5cd5e709afd15c5565ee009a0d204403a119', 'bed78248c941d57ad4cc20a455147e186e97c7a1']",0.6666666666666666,1.0,0.8,False,0.1428571428571428,1024,True,2
"[""docs"", ""ci""]","[""docs"", ""ci""]",0.4370942115783691,"['bf83c9155e9bee6925aa7102fab53fb803d52533', '173553c0372e66e03bdab19e0e6c2dd44daa14a0']",1.0,1.0,1.0,True,0.0,1024,True,2
"[""refactor"", ""ci""]","[""refactor"", ""ci""]",0.4818692207336426,"['36556bf8e0bce4ab6d26eafacbdad04d9614a5d7', '74e9de5ec97dc013a52aa063dff0f40ac74c407b']",1.0,1.0,1.0,True,0.0,1024,True,2
"[""test"", ""feat""]","[""test"", ""fix""]",0.4498555660247803,"['e9617f0854030e70365eb264bcb3b58078e79e9e', '87d5d4e55ab7149b593d29410f1fe426ba2447d4']",0.5,0.5,0.5,False,0.2857142857142857,1024,True,2
"[""feat"", ""refactor""]","[""feat"", ""refactor""]",0.45880126953125,"['e137f9fdbdb6bf3f85c3f7ac9323785e445844c8', '47ef9104e4a89e80d7cc6c1950bc080841da4a7b']",1.0,1.0,1.0,True,0.0,1024,True,2
"[""refactor"", ""ci""]","[""fix"", ""ci""]",0.5236537456512451,"['2561f4ade46fc9d59f289f328cc77733a6443697', '74e9de5ec97dc013a52aa063dff0f40ac74c407b']",0.5,0.5,0.5,False,0.2857142857142857,1024,True,2
"[""build"", ""ci""]","[""build"", ""ci""]",0.3816807270050049,"['5b81fde8a72cf2e69a10e9f5c4f0bea0a2b8c3e0', 'e96487ad7ce90b141219d9032fa2bed68d5dae6a']",1.0,1.0,1.0,True,0.0,1024,True,2
"[""build"", ""feat"", ""test""]","[""build"", ""test""]",0.5459566116333008,"['32b92cfa0b74a6c25990e32ac6aab12b8496794c', '8ee0611fbf0cd89abe7ae588f22e6ecb843598ea']",0.6666666666666666,1.0,0.8,False,0.1428571428571428,1024,True,2
"[""refactor"", ""ci""]","[""refactor"", ""ci""]",0.5312135219573975,"['1db13ec43727aca872a0f3836e4023ed85db665e', '74e9de5ec97dc013a52aa063dff0f40ac74c407b']",1.0,1.0,1.0,True,0.0,1024,True,2
"[""fix"", ""build""]","[""fix"", ""build""]",0.4653210639953613,"['2561f4ade46fc9d59f289f328cc77733a6443697', 'c55591ba157298a9c5816693c102a89dfd058830']",1.0,1.0,1.0,True,0.0,1024,True,2
"[""build"", ""refactor""]","[""build"", ""refactor""]",0.4983479976654053,"['5b81fde8a72cf2e69a10e9f5c4f0bea0a2b8c3e0', '1db13ec43727aca872a0f3836e4023ed85db665e']",1.0,1.0,1.0,True,0.0,1024,True,2
"[""test"", ""ci""]","[""test"", ""ci""]",0.4512183666229248,"['8ee0611fbf0cd89abe7ae588f22e6ecb843598ea', 'e96487ad7ce90b141219d9032fa2bed68d5dae6a']",1.0,1.0,1.0,True,0.0,1024,True,2
"[""test"", ""feat""]","[""test"", ""refactor""]",0.4948582649230957,"['bedc7950b24c37809e36a585b7985d5aa5e3e458', '062daa45cbd5dba6e96e95d8cdcaee89ae30a83c']",0.5,0.5,0.5,False,0.2857142857142857,1024,True,2
"[""ci"", ""feat""]","[""ci"", ""refactor""]",0.4926562309265136,"['74e9de5ec97dc013a52aa063dff0f40ac74c407b', '63eab619e6166eb6cab948028a7b89bf059dd878']",0.5,0.5,0.5,False,0.2857142857142857,1024,True,2
"[""test""]","[""test"", ""docs""]",0.3213284015655517,"['317f4eefecddfb1392ca71d551840f446feee302', 'af880ac5b4fecbc6c4f3d1eee0d95f326e8bd9d1']",1.0,0.5,0.6666666666666666,False,0.1428571428571428,1024,True,2
"[""feat"", ""fix""]","[""feat"", ""fix""]",0.4255084991455078,"['dc5238b2bda98a7c4f2fe9584fc3b0191a408109', '9ef5c0d14193a9abb09b39856f58477d1f4b0d77']",1.0,1.0,1.0,True,0.0,1024,True,2
"[""docs"", ""feat""]","[""build"", ""docs""]",0.4556574821472168,"['e4a11fd5c34942ba12737f1c8c084489428ee274', 'e12d9e77a6fd531a22325337838a841b1c67f00d']",0.5,0.5,0.5,False,0.2857142857142857,1024,True,2
"[""fix"", ""feat""]","[""feat"", ""refactor""]",0.5025620460510254,"['6ed56ce9ae743ba9a87e6c9643cc06b1de7b748d', '63eab619e6166eb6cab948028a7b89bf059dd878']",0.5,0.5,0.5,False,0.2857142857142857,1024,True,2
"[""ci""]","[""ci"", ""fix"", ""docs""]",0.3489754199981689,"['dbb537a26e388a8d7d17faf131abc30c2f7a84e6', 'd129eaf9125a967ac86c6c7276bbae6b4d50af36', 'cb1f48b56ae0de93acb72e48726c7d610a1d538e']",1.0,0.3333333333333333,0.5,False,0.2857142857142857,1024,True,3
"[""fix"", ""refactor"", ""test""]","[""fix"", ""refactor"", ""feat""]",0.6082048416137695,"['933ab6bb86372913c992567cf9660009900911a7', '3cca5c314ad6feeffbfe1f14cf49ebd0fd9a95a2', '6ed56ce9ae743ba9a87e6c9643cc06b1de7b748d']",0.6666666666666666,0.6666666666666666,0.6666666666666666,False,0.2857142857142857,1024,True,3
"[""build"", ""feat"", ""ci""]","[""build"", ""feat"", ""ci""]",0.5625076293945312,"['5b81fde8a72cf2e69a10e9f5c4f0bea0a2b8c3e0', 'e137f9fdbdb6bf3f85c3f7ac9323785e445844c8', '32845e1bbd1efb5dbc16f671049509a409ba25ce']",1.0,1.0,1.0,True,0.0,1024,True,3
"[""build"", ""docs"", ""feat""]","[""ci"", ""docs"", ""feat""]",0.6079998016357422,"['45837af24a33308a70a3454f0f650f9fe728e272', '6d405dfc1675dcad64a2dfac0c0cb0fb28381d21', 'f823cf28652987d43c8324b4f5b203240032383a']",0.6666666666666666,0.6666666666666666,0.6666666666666666,False,0.2857142857142857,1024,True,3
"[""ci"", ""docs"", ""build""]","[""ci"", ""docs"", ""build""]",0.5207564830780029,"['6c9cb638cb4d1ecc42632fcf389c24898c5b3244', 'bf83c9155e9bee6925aa7102fab53fb803d52533', 'c323d59c607cabc91f17a78528d998f376f30b10']",1.0,1.0,1.0,True,0.0,1024,True,3
"[""test"", ""docs"", ""fix""]","[""test"", ""docs"", ""fix""]",0.5688385963439941,"['229b53a632ea97d47c4be11f096bdd828fb415d8', 'e12d9e77a6fd531a22325337838a841b1c67f00d', 'd129eaf9125a967ac86c6c7276bbae6b4d50af36']",1.0,1.0,1.0,True,0.0,1024,True,3
"[""feat"", ""docs"", ""refactor""]","[""feat"", ""docs"", ""refactor""]",0.6496059894561768,"['68278b00450f2679761a2999500f6d87a579376b', 'c2ee5cd5e709afd15c5565ee009a0d204403a119', '535708ae50aecb452560a23356fd396f99ef13a2']",1.0,1.0,1.0,True,0.0,1024,True,3
"[""docs""]","[""docs"", ""ci"", ""test""]",0.3526661396026611,"['0cfc5633d37ea06f645649138323f1820e18bdee', '6c9cb638cb4d1ecc42632fcf389c24898c5b3244', 'f411e58cd510f8a2b980b2f1932003a0c0e9f8f3']",1.0,0.3333333333333333,0.5,False,0.2857142857142857,1024,True,3
"[""build"", ""fix"", ""refactor""]","[""build"", ""fix"", ""refactor""]",0.59039306640625,"['1269431c8a3e7549f10fcbbb4b88ff625c8898b3', '933ab6bb86372913c992567cf9660009900911a7', '36556bf8e0bce4ab6d26eafacbdad04d9614a5d7']",1.0,1.0,1.0,True,0.0,1024,True,3
"[""test"", ""fix"", ""docs""]","[""test"", ""fix"", ""docs""]",0.5676989555358887,"['c7b25726df94a2530c9b1c0d2b6a0acaa103822f', '933ab6bb86372913c992567cf9660009900911a7', 'c2ee5cd5e709afd15c5565ee009a0d204403a119']",1.0,1.0,1.0,True,0.0,1024,True,3
"[""refactor"", ""fix""]","[""build"", ""refactor"", ""fix""]",0.4823892116546631,"['32b92cfa0b74a6c25990e32ac6aab12b8496794c', '771857b1df9470ebc15357e8879118a72c649d5b', '06e2be4e2019b6fa714e1fcb34485860ef1ede79']",1.0,0.6666666666666666,0.8,False,0.1428571428571428,1024,True,3
"[""test"", ""docs"", ""build""]","[""test"", ""docs"", ""build""]",0.5718529224395752,"['f411e58cd510f8a2b980b2f1932003a0c0e9f8f3', '036a0ff49a7dade0e04c9c07071a1ff49133ee24', 'c44cf88a6ec54e5ddd99d8348bcc57b301ec7945']",1.0,1.0,1.0,True,0.0,1024,True,3
"[""build"", ""test"", ""refactor""]","[""feat"", ""test"", ""refactor""]",0.6697771549224854,"['6ed56ce9ae743ba9a87e6c9643cc06b1de7b748d', 'c7b25726df94a2530c9b1c0d2b6a0acaa103822f', '535708ae50aecb452560a23356fd396f99ef13a2']",0.6666666666666666,0.6666666666666666,0.6666666666666666,False,0.2857142857142857,1024,True,3
"[""docs"", ""feat"", ""fix""]","[""docs"", ""feat"", ""fix""]",0.5702493190765381,"['6d405dfc1675dcad64a2dfac0c0cb0fb28381d21', 'ded26d768ff432ad3bde3c0aa1e95ce50726100a', 'd129eaf9125a967ac86c6c7276bbae6b4d50af36']",1.0,1.0,1.0,True,0.0,1024,True,3
"[""ci"", ""docs"", ""refactor""]","[""ci"", ""docs"", ""fix""]",0.6522297859191895,"['e7a67d88173566be3cd3aed7e9eeb7e29aabbc57', 'c2ee5cd5e709afd15c5565ee009a0d204403a119', 'bed78248c941d57ad4cc20a455147e186e97c7a1']",0.6666666666666666,0.6666666666666666,0.6666666666666666,False,0.2857142857142857,1024,True,3
"[""ci"", ""docs"", ""fix""]","[""ci"", ""docs"", ""fix""]",0.6045994758605957,"['74e9de5ec97dc013a52aa063dff0f40ac74c407b', 'aca23027da1295c78fdf42ba9687d8ccc88784d7', 'd129eaf9125a967ac86c6c7276bbae6b4d50af36']",1.0,1.0,1.0,True,0.0,1024,True,3
"[""test"", ""docs"", ""build""]","[""test"", ""fix"", ""build""]",0.5754106044769287,"['c7b25726df94a2530c9b1c0d2b6a0acaa103822f', 'bed78248c941d57ad4cc20a455147e186e97c7a1', 'c55591ba157298a9c5816693c102a89dfd058830']",0.6666666666666666,0.6666666666666666,0.6666666666666666,False,0.2857142857142857,1024,True,3
"[""build"", ""ci"", ""feat""]","[""docs"", ""ci"", ""fix""]",0.576915979385376,"['a52a585d74894b3b4eeb8c784fa089ff95cddad0', 'e7a67d88173566be3cd3aed7e9eeb7e29aabbc57', 'bed78248c941d57ad4cc20a455147e186e97c7a1']",0.3333333333333333,0.3333333333333333,0.3333333333333333,False,0.5714285714285714,1024,True,3
"[""build"", ""ci"", ""test""]","[""build"", ""ci"", ""test""]",0.558931827545166,"['f00a4d3e307b89842250358ee432e6800bb24362', '6c9cb638cb4d1ecc42632fcf389c24898c5b3244', 'c7b25726df94a2530c9b1c0d2b6a0acaa103822f']",1.0,1.0,1.0,True,0.0,1024,True,3
"[""docs"", ""feat"", ""fix""]","[""refactor"", ""feat"", ""fix""]",0.6400172710418701,"['2954a0955ce9af6acb345ed1e8328e145ad30475', 'dc5238b2bda98a7c4f2fe9584fc3b0191a408109', '9ef5c0d14193a9abb09b39856f58477d1f4b0d77']",0.6666666666666666,0.6666666666666666,0.6666666666666666,False,0.2857142857142857,1024,True,3
"[""build"", ""test"", ""refactor""]","[""ci"", ""test"", ""fix""]",0.599168062210083,"['4cbbd2552ba0de273e1dfe7d453c5b3efed751a3', 'f411e58cd510f8a2b980b2f1932003a0c0e9f8f3', '06e2be4e2019b6fa714e1fcb34485860ef1ede79']",0.3333333333333333,0.3333333333333333,0.3333333333333333,False,0.5714285714285714,1024,True,3
"[""fix"", ""refactor"", ""build""]","[""feat"", ""refactor"", ""build""]",0.64156174659729,"['b282e90e2cbb74559aab79eee8443a4d7c85502a', '1db13ec43727aca872a0f3836e4023ed85db665e', '37b1cbfd3d2c462ef4f2a131e4172c38dc8d9ddf']",0.6666666666666666,0.6666666666666666,0.6666666666666666,False,0.2857142857142857,1024,True,3
"[""build"", ""feat"", ""ci""]","[""fix"", ""feat"", ""ci""]",0.5972061157226562,"['d129eaf9125a967ac86c6c7276bbae6b4d50af36', 'fd8e563cc19ca4684885d4692acee6bebcca4ada', '173553c0372e66e03bdab19e0e6c2dd44daa14a0']",0.6666666666666666,0.6666666666666666,0.6666666666666666,False,0.2857142857142857,1024,True,3
"[""docs"", ""test"", ""build""]","[""docs"", ""refactor"", ""test""]",0.5745887756347656,"['036a0ff49a7dade0e04c9c07071a1ff49133ee24', '63eab619e6166eb6cab948028a7b89bf059dd878', '229b53a632ea97d47c4be11f096bdd828fb415d8']",0.6666666666666666,0.6666666666666666,0.6666666666666666,False,0.2857142857142857,1024,True,3
"[""test"", ""ci"", ""fix""]","[""test"", ""ci"", ""feat""]",0.5739297866821289,"['c7b25726df94a2530c9b1c0d2b6a0acaa103822f', '32845e1bbd1efb5dbc16f671049509a409ba25ce', 'b282e90e2cbb74559aab79eee8443a4d7c85502a']",0.6666666666666666,0.6666666666666666,0.6666666666666666,False,0.2857142857142857,1024,True,3
"[""feat"", ""build"", ""refactor""]","[""feat"", ""build"", ""refactor""]",0.570145845413208,"['f9a094918b62534614c47aa8a13f33aec751a1e0', '5b81fde8a72cf2e69a10e9f5c4f0bea0a2b8c3e0', '36556bf8e0bce4ab6d26eafacbdad04d9614a5d7']",1.0,1.0,1.0,True,0.0,1024,True,3
"[""feat"", ""build"", ""docs""]","[""feat"", ""build"", ""docs""]",0.5730085372924805,"['e137f9fdbdb6bf3f85c3f7ac9323785e445844c8', '37b1cbfd3d2c462ef4f2a131e4172c38dc8d9ddf', 'e12d9e77a6fd531a22325337838a841b1c67f00d']",1.0,1.0,1.0,True,0.0,1024,True,3
"[""build"", ""refactor"", ""ci""]","[""build"", ""refactor"", ""ci""]",0.5948333740234375,"['f00a4d3e307b89842250358ee432e6800bb24362', '36556bf8e0bce4ab6d26eafacbdad04d9614a5d7', '4cbbd2552ba0de273e1dfe7d453c5b3efed751a3']",1.0,1.0,1.0,True,0.0,1024,True,3
"[""docs"", ""ci"", ""build""]","[""docs"", ""ci"", ""build""]",0.56858229637146,"['cb1f48b56ae0de93acb72e48726c7d610a1d538e', 'e96487ad7ce90b141219d9032fa2bed68d5dae6a', '454003841aabeb74396d73541378bfa59c75b5db']",1.0,1.0,1.0,True,0.0,1024,True,3
"[""fix"", ""test"", ""build""]","[""fix"", ""test"", ""build""]",0.5736038684844971,"['d129eaf9125a967ac86c6c7276bbae6b4d50af36', 'e2e8ad25854bd1e7cdbc7f50b50bbd99e04ad47d', '1269431c8a3e7549f10fcbbb4b88ff625c8898b3']",1.0,1.0,1.0,True,0.0,1024,True,3
"[""fix"", ""docs"", ""refactor""]","[""refactor"", ""docs"", ""feat""]",0.6079089641571045,"['2954a0955ce9af6acb345ed1e8328e145ad30475', 'a52a585d74894b3b4eeb8c784fa089ff95cddad0', 'b282e90e2cbb74559aab79eee8443a4d7c85502a']",0.6666666666666666,0.6666666666666666,0.6666666666666666,False,0.2857142857142857,1024,True,3
"[""docs"", ""refactor"", ""test""]","[""docs"", ""refactor"", ""test""]",0.6158959865570068,"['0cfc5633d37ea06f645649138323f1820e18bdee', '1db13ec43727aca872a0f3836e4023ed85db665e', 'bedc7950b24c37809e36a585b7985d5aa5e3e458']",1.0,1.0,1.0,True,0.0,1024,True,3
"[""build"", ""docs"", ""test""]","[""fix"", ""docs"", ""test""]",0.5413880348205566,"['933ab6bb86372913c992567cf9660009900911a7', '0cfc5633d37ea06f645649138323f1820e18bdee', 'c7b25726df94a2530c9b1c0d2b6a0acaa103822f']",0.6666666666666666,0.6666666666666666,0.6666666666666666,False,0.2857142857142857,1024,True,3
"[""refactor"", ""ci"", ""test""]","[""refactor"", ""ci"", ""test""]",0.5868394374847412,"['36556bf8e0bce4ab6d26eafacbdad04d9614a5d7', '6c9cb638cb4d1ecc42632fcf389c24898c5b3244', '229b53a632ea97d47c4be11f096bdd828fb415d8']",1.0,1.0,1.0,True,0.0,1024,True,3
"[""ci"", ""test"", ""docs""]","[""ci"", ""test"", ""docs""]",0.6726748943328857,"['c5fa7b80438fbd74f4c341f0d3c9bd9e0f4910da', '229b53a632ea97d47c4be11f096bdd828fb415d8', 'aca23027da1295c78fdf42ba9687d8ccc88784d7']",1.0,1.0,1.0,True,0.0,1024,True,3
"[""docs"", ""docs"", ""refactor""]","[""feat"", ""docs"", ""fix""]",0.6015000343322754,"['f823cf28652987d43c8324b4f5b203240032383a', '0cfc5633d37ea06f645649138323f1820e18bdee', '9ef5c0d14193a9abb09b39856f58477d1f4b0d77']",0.5,0.3333333333333333,0.4,False,0.4285714285714285,1024,True,3
"[""test"", ""fix"", ""build"", ""docs""]","[""test"", ""fix"", ""build""]",0.6844861507415771,"['317f4eefecddfb1392ca71d551840f446feee302', '06e2be4e2019b6fa714e1fcb34485860ef1ede79', 'c55591ba157298a9c5816693c102a89dfd058830']",0.75,1.0,0.8571428571428571,False,0.1428571428571428,1024,True,3
"[""docs"", ""fix"", ""refactor""]","[""feat"", ""docs"", ""refactor""]",0.5905113220214844,"['e137f9fdbdb6bf3f85c3f7ac9323785e445844c8', 'bf83c9155e9bee6925aa7102fab53fb803d52533', '36556bf8e0bce4ab6d26eafacbdad04d9614a5d7']",0.6666666666666666,0.6666666666666666,0.6666666666666666,False,0.2857142857142857,1024,True,3
"[""fix"", ""build"", ""fix""]","[""fix"", ""ci"", ""build""]",0.5570268630981445,"['d129eaf9125a967ac86c6c7276bbae6b4d50af36', '6c9cb638cb4d1ecc42632fcf389c24898c5b3244', 'c44cf88a6ec54e5ddd99d8348bcc57b301ec7945']",1.0,0.6666666666666666,0.8,False,0.1428571428571428,1024,True,3
"[""refactor"", ""fix"", ""docs""]","[""fix"", ""refactor"", ""docs""]",0.6074469089508057,"['2561f4ade46fc9d59f289f328cc77733a6443697', '2954a0955ce9af6acb345ed1e8328e145ad30475', 'a52a585d74894b3b4eeb8c784fa089ff95cddad0']",1.0,1.0,1.0,True,0.0,1024,True,3
"[""build"", ""fix""]","[""build"", ""feat"", ""fix""]",0.4326272010803222,"['c55591ba157298a9c5816693c102a89dfd058830', 'dc5238b2bda98a7c4f2fe9584fc3b0191a408109', '9be725fa3906323d4bc9788f54eccf74109d632b']",1.0,0.6666666666666666,0.8,False,0.1428571428571428,1024,True,3
"[""test"", ""refactor"", ""feat""]","[""test"", ""refactor"", ""feat""]",0.6033618450164795,"['229b53a632ea97d47c4be11f096bdd828fb415d8', '36556bf8e0bce4ab6d26eafacbdad04d9614a5d7', 'ded26d768ff432ad3bde3c0aa1e95ce50726100a']",1.0,1.0,1.0,True,0.0,1024,True,3
"[""test"", ""build"", ""docs"", ""ci""]","[""test"", ""build"", ""ci""]",0.7088639736175537,"['e0198f74b81da3663144cfe1d971939319f82a0f', 'c55591ba157298a9c5816693c102a89dfd058830', 'e7a67d88173566be3cd3aed7e9eeb7e29aabbc57']",0.75,1.0,0.8571428571428571,False,0.1428571428571428,1024,True,3
"[""test"", ""fix"", ""docs""]","[""test"", ""fix"", ""docs""]",0.5678308010101318,"['bedc7950b24c37809e36a585b7985d5aa5e3e458', '933ab6bb86372913c992567cf9660009900911a7', '6d405dfc1675dcad64a2dfac0c0cb0fb28381d21']",1.0,1.0,1.0,True,0.0,1024,True,3
"[""fix"", ""build"", ""test""]","[""fix"", ""build"", ""test""]",0.5677046775817871,"['d129eaf9125a967ac86c6c7276bbae6b4d50af36', '32b92cfa0b74a6c25990e32ac6aab12b8496794c', '317f4eefecddfb1392ca71d551840f446feee302']",1.0,1.0,1.0,True,0.0,1024,True,3
"[""feat"", ""build"", ""ci""]","[""feat"", ""fix"", ""ci""]",0.578108549118042,"['f823cf28652987d43c8324b4f5b203240032383a', '9be725fa3906323d4bc9788f54eccf74109d632b', '32845e1bbd1efb5dbc16f671049509a409ba25ce']",0.6666666666666666,0.6666666666666666,0.6666666666666666,False,0.2857142857142857,1024,True,3
"[""fix"", ""docs"", ""build""]","[""fix"", ""docs"", ""build""]",0.5779473781585693,"['9ef5c0d14193a9abb09b39856f58477d1f4b0d77', 'a52a585d74894b3b4eeb8c784fa089ff95cddad0', '37b1cbfd3d2c462ef4f2a131e4172c38dc8d9ddf']",1.0,1.0,1.0,True,0.0,1024,True,3
"[""feat"", ""ci"", ""docs""]","[""fix"", ""ci"", ""docs""]",0.5671586990356445,"['87d5d4e55ab7149b593d29410f1fe426ba2447d4', '4cbbd2552ba0de273e1dfe7d453c5b3efed751a3', '6d405dfc1675dcad64a2dfac0c0cb0fb28381d21']",0.6666666666666666,0.6666666666666666,0.6666666666666666,False,0.2857142857142857,1024,True,3
"[""docs"", ""docs"", ""fix""]","[""feat"", ""docs"", ""fix""]",0.6055266857147217,"['fd8e563cc19ca4684885d4692acee6bebcca4ada', 'cb1f48b56ae0de93acb72e48726c7d610a1d538e', 'bed78248c941d57ad4cc20a455147e186e97c7a1']",1.0,0.6666666666666666,0.8,False,0.1428571428571428,1024,True,3
"[""fix"", ""feat"", ""refactor""]","[""feat"", ""fix"", ""refactor""]",0.6351559162139893,"['1bcf88670b50155b50071e707f98f30cea0b7a24', '9ef5c0d14193a9abb09b39856f58477d1f4b0d77', '062daa45cbd5dba6e96e95d8cdcaee89ae30a83c']",1.0,1.0,1.0,True,0.0,1024,True,3
"[""refactor"", ""docs"", ""test""]","[""fix"", ""docs"", ""test""]",0.5997457504272461,"['bed78248c941d57ad4cc20a455147e186e97c7a1', 'a52a585d74894b3b4eeb8c784fa089ff95cddad0', 'e9617f0854030e70365eb264bcb3b58078e79e9e']",0.6666666666666666,0.6666666666666666,0.6666666666666666,False,0.2857142857142857,1024,True,3
"[""docs"", ""ci"", ""feat""]","[""docs"", ""ci"", ""feat""]",0.569962739944458,"['c2ee5cd5e709afd15c5565ee009a0d204403a119', 'dbb537a26e388a8d7d17faf131abc30c2f7a84e6', 'ded26d768ff432ad3bde3c0aa1e95ce50726100a']",1.0,1.0,1.0,True,0.0,1024,True,3
"[""build"", ""ci"", ""refactor""]","[""build"", ""ci"", ""refactor""]",0.6047883033752441,"['454003841aabeb74396d73541378bfa59c75b5db', 'dbb537a26e388a8d7d17faf131abc30c2f7a84e6', '062daa45cbd5dba6e96e95d8cdcaee89ae30a83c']",1.0,1.0,1.0,True,0.0,1024,True,3
"[""feat"", ""docs"", ""fix""]","[""feat"", ""fix"", ""test""]",0.5755784511566162,"['fd8e563cc19ca4684885d4692acee6bebcca4ada', 'd1d55e787b7d07f763852602b9939a5394607fd9', 'b7ce2894fd1794064bd6db4ed730bb6cb7728739']",0.6666666666666666,0.6666666666666666,0.6666666666666666,False,0.2857142857142857,1024,True,3
"[""docs"", ""fix"", ""build""]","[""docs"", ""test"", ""build""]",0.5735898017883301,"['bf83c9155e9bee6925aa7102fab53fb803d52533', 'b7ce2894fd1794064bd6db4ed730bb6cb7728739', '37b1cbfd3d2c462ef4f2a131e4172c38dc8d9ddf']",0.6666666666666666,0.6666666666666666,0.6666666666666666,False,0.2857142857142857,1024,True,3
"[""fix"", ""ci"", ""test""]","[""fix"", ""ci"", ""test""]",0.5733852386474609,"['d129eaf9125a967ac86c6c7276bbae6b4d50af36', 'e7a67d88173566be3cd3aed7e9eeb7e29aabbc57', '317f4eefecddfb1392ca71d551840f446feee302']",1.0,1.0,1.0,True,0.0,1024,True,3
"[""docs"", ""refactor"", ""build""]","[""docs"", ""fix"", ""ci""]",0.5860159397125244,"['c2ee5cd5e709afd15c5565ee009a0d204403a119', 'd1d55e787b7d07f763852602b9939a5394607fd9', '6c9cb638cb4d1ecc42632fcf389c24898c5b3244']",0.3333333333333333,0.3333333333333333,0.3333333333333333,False,0.5714285714285714,1024,True,3
"[""ci"", ""fix"", ""docs""]","[""ci"", ""fix"", ""docs""]",0.525315523147583,"['dbb537a26e388a8d7d17faf131abc30c2f7a84e6', 'c8e0ae8612df3d6f2831acc004aaac332f6105e4', 'e12d9e77a6fd531a22325337838a841b1c67f00d']",1.0,1.0,1.0,True,0.0,1024,True,3
"[""build"", ""docs"", ""fix""]","[""build"", ""docs"", ""refactor""]",0.5693743228912354,"['c55591ba157298a9c5816693c102a89dfd058830', 'c2ee5cd5e709afd15c5565ee009a0d204403a119', 'a62314d9bb632be6af026686615d14b912250512']",0.6666666666666666,0.6666666666666666,0.6666666666666666,False,0.2857142857142857,1024,True,3
"[""docs"", ""build"", ""refactor""]","[""fix"", ""build"", ""refactor""]",0.6656811237335205,"['d1d55e787b7d07f763852602b9939a5394607fd9', '32b92cfa0b74a6c25990e32ac6aab12b8496794c', '062daa45cbd5dba6e96e95d8cdcaee89ae30a83c']",0.6666666666666666,0.6666666666666666,0.6666666666666666,False,0.2857142857142857,1024,True,3
"[""test"", ""docs"", ""build""]","[""test"", ""docs"", ""build""]",0.5706052780151367,"['f411e58cd510f8a2b980b2f1932003a0c0e9f8f3', 'af880ac5b4fecbc6c4f3d1eee0d95f326e8bd9d1', '1269431c8a3e7549f10fcbbb4b88ff625c8898b3']",1.0,1.0,1.0,True,0.0,1024,True,3
"[""feat"", ""refactor"", ""test""]","[""feat"", ""fix"", ""test""]",0.6086139678955078,"['f9a094918b62534614c47aa8a13f33aec751a1e0', '87d5d4e55ab7149b593d29410f1fe426ba2447d4', '317f4eefecddfb1392ca71d551840f446feee302']",0.6666666666666666,0.6666666666666666,0.6666666666666666,False,0.2857142857142857,1024,True,3
"[""test"", ""fix"", ""feat""]","[""test"", ""fix"", ""feat""]",0.5717277526855469,"['229b53a632ea97d47c4be11f096bdd828fb415d8', 'c8e0ae8612df3d6f2831acc004aaac332f6105e4', 'f823cf28652987d43c8324b4f5b203240032383a']",1.0,1.0,1.0,True,0.0,1024,True,3
"[""refactor"", ""fix"", ""fix""]","[""feat"", ""fix"", ""docs""]",0.559948205947876,"['dc5238b2bda98a7c4f2fe9584fc3b0191a408109', '06e2be4e2019b6fa714e1fcb34485860ef1ede79', 'af880ac5b4fecbc6c4f3d1eee0d95f326e8bd9d1']",0.5,0.3333333333333333,0.4,False,0.4285714285714285,1024,True,3
"[""ci"", ""docs"", ""test""]","[""ci"", ""docs"", ""test""]",0.561098575592041,"['173553c0372e66e03bdab19e0e6c2dd44daa14a0', 'e12d9e77a6fd531a22325337838a841b1c67f00d', 'c7b25726df94a2530c9b1c0d2b6a0acaa103822f']",1.0,1.0,1.0,True,0.0,1024,True,3
"[""ci"", ""fix"", ""docs""]","[""ci"", ""fix"", ""docs""]",0.5538215637207031,"['dbb537a26e388a8d7d17faf131abc30c2f7a84e6', '2561f4ade46fc9d59f289f328cc77733a6443697', 'e12d9e77a6fd531a22325337838a841b1c67f00d']",1.0,1.0,1.0,True,0.0,1024,True,3
"[""feat"", ""build"", ""test""]","[""feat"", ""fix"", ""test""]",0.602860689163208,"['f823cf28652987d43c8324b4f5b203240032383a', '9ef5c0d14193a9abb09b39856f58477d1f4b0d77', '229b53a632ea97d47c4be11f096bdd828fb415d8']",0.6666666666666666,0.6666666666666666,0.6666666666666666,False,0.2857142857142857,1024,True,3
"[""docs"", ""ci"", ""fix""]","[""docs"", ""ci"", ""feat""]",0.605431318283081,"['6d405dfc1675dcad64a2dfac0c0cb0fb28381d21', '173553c0372e66e03bdab19e0e6c2dd44daa14a0', 'b282e90e2cbb74559aab79eee8443a4d7c85502a']",0.6666666666666666,0.6666666666666666,0.6666666666666666,False,0.2857142857142857,1024,True,3
"[""ci"", ""docs"", ""build""]","[""ci"", ""docs"", ""build""]",0.6383943557739258,"['c5fa7b80438fbd74f4c341f0d3c9bd9e0f4910da', '036a0ff49a7dade0e04c9c07071a1ff49133ee24', 'c44cf88a6ec54e5ddd99d8348bcc57b301ec7945']",1.0,1.0,1.0,True,0.0,1024,True,3
"[""ci"", ""fix"", ""build""]","[""ci"", ""feat"", ""build""]",0.6132357120513916,"['32845e1bbd1efb5dbc16f671049509a409ba25ce', 'b282e90e2cbb74559aab79eee8443a4d7c85502a', '37b1cbfd3d2c462ef4f2a131e4172c38dc8d9ddf']",0.6666666666666666,0.6666666666666666,0.6666666666666666,False,0.2857142857142857,1024,True,3
"[""test"", ""build"", ""fix"", ""feat""]","[""test"", ""build"", ""fix"", ""feat""]",0.7018263339996338,"['e0198f74b81da3663144cfe1d971939319f82a0f', 'f00a4d3e307b89842250358ee432e6800bb24362', 'd129eaf9125a967ac86c6c7276bbae6b4d50af36', 'dc5238b2bda98a7c4f2fe9584fc3b0191a408109']",1.0,1.0,1.0,True,0.0,1024,True,4
"[""build"", ""fix"", ""test"", ""docs""]","[""ci"", ""build"", ""test"", ""docs""]",0.6749472618103027,"['c5fa7b80438fbd74f4c341f0d3c9bd9e0f4910da', '1269431c8a3e7549f10fcbbb4b88ff625c8898b3', 'e2e8ad25854bd1e7cdbc7f50b50bbd99e04ad47d', '036a0ff49a7dade0e04c9c07071a1ff49133ee24']",0.75,0.75,0.75,False,0.2857142857142857,1024,True,4
"[""refactor"", ""feat"", ""docs"", ""test""]","[""refactor"", ""feat"", ""docs"", ""test""]",0.7062556743621826,"['3cca5c314ad6feeffbfe1f14cf49ebd0fd9a95a2', 'dc5238b2bda98a7c4f2fe9584fc3b0191a408109', 'aca23027da1295c78fdf42ba9687d8ccc88784d7', '229b53a632ea97d47c4be11f096bdd828fb415d8']",1.0,1.0,1.0,True,0.0,1024,True,4
"[""fix"", ""test"", ""build"", ""feat""]","[""fix"", ""test"", ""build"", ""refactor""]",0.7191212177276611,"['d1d55e787b7d07f763852602b9939a5394607fd9', 'bedc7950b24c37809e36a585b7985d5aa5e3e458', 'c55591ba157298a9c5816693c102a89dfd058830', '535708ae50aecb452560a23356fd396f99ef13a2']",0.75,0.75,0.75,False,0.2857142857142857,1024,True,4
"[""docs"", ""build"", ""build"", ""fix""]","[""docs"", ""build"", ""ci"", ""feat""]",0.7468998432159424,"['a52a585d74894b3b4eeb8c784fa089ff95cddad0', '1269431c8a3e7549f10fcbbb4b88ff625c8898b3', '45837af24a33308a70a3454f0f650f9fe728e272', 'e137f9fdbdb6bf3f85c3f7ac9323785e445844c8']",0.6666666666666666,0.5,0.5714285714285715,False,0.4285714285714285,1024,True,4
"[""docs"", ""fix"", ""feat"", ""ci""]","[""test"", ""fix"", ""refactor"", ""ci""]",0.7157022953033447,"['e9617f0854030e70365eb264bcb3b58078e79e9e', 'bed78248c941d57ad4cc20a455147e186e97c7a1', '535708ae50aecb452560a23356fd396f99ef13a2', 'c5fa7b80438fbd74f4c341f0d3c9bd9e0f4910da']",0.5,0.5,0.5,False,0.5714285714285714,1024,True,4
"[""ci"", ""fix"", ""feat"", ""docs""]","[""ci"", ""fix"", ""feat"", ""refactor""]",0.7097229957580566,"['e7a67d88173566be3cd3aed7e9eeb7e29aabbc57', 'bed78248c941d57ad4cc20a455147e186e97c7a1', 'f823cf28652987d43c8324b4f5b203240032383a', '2954a0955ce9af6acb345ed1e8328e145ad30475']",0.75,0.75,0.75,False,0.2857142857142857,1024,True,4
"[""docs"", ""ci"", ""test"", ""refactor""]","[""docs"", ""ci"", ""test"", ""refactor""]",0.7444989681243896,"['aca23027da1295c78fdf42ba9687d8ccc88784d7', '74e9de5ec97dc013a52aa063dff0f40ac74c407b', '317f4eefecddfb1392ca71d551840f446feee302', '3cca5c314ad6feeffbfe1f14cf49ebd0fd9a95a2']",1.0,1.0,1.0,True,0.0,1024,True,4
"[""fix"", ""feat"", ""build"", ""docs""]","[""fix"", ""feat"", ""build"", ""docs""]",0.6728384494781494,"['9be725fa3906323d4bc9788f54eccf74109d632b', 'e137f9fdbdb6bf3f85c3f7ac9323785e445844c8', 'c323d59c607cabc91f17a78528d998f376f30b10', '0cfc5633d37ea06f645649138323f1820e18bdee']",1.0,1.0,1.0,True,0.0,1024,True,4
"[""docs"", ""feat"", ""test"", ""refactor""]","[""docs"", ""feat"", ""test"", ""fix""]",0.7464034557342529,"['0cfc5633d37ea06f645649138323f1820e18bdee', '1bcf88670b50155b50071e707f98f30cea0b7a24', '229b53a632ea97d47c4be11f096bdd828fb415d8', '87d5d4e55ab7149b593d29410f1fe426ba2447d4']",0.75,0.75,0.75,False,0.2857142857142857,1024,True,4
"[""build"", ""refactor"", ""test"", ""ci""]","[""build"", ""refactor"", ""test"", ""ci""]",0.7191879749298096,"['c55591ba157298a9c5816693c102a89dfd058830', '062daa45cbd5dba6e96e95d8cdcaee89ae30a83c', 'c7b25726df94a2530c9b1c0d2b6a0acaa103822f', 'dbb537a26e388a8d7d17faf131abc30c2f7a84e6']",1.0,1.0,1.0,True,0.0,1024,True,4
"[""fix"", ""test"", ""refactor""]","[""feat"", ""fix"", ""test"", ""refactor""]",0.5957345962524414,"['dc5238b2bda98a7c4f2fe9584fc3b0191a408109', 'c8e0ae8612df3d6f2831acc004aaac332f6105e4', 'f411e58cd510f8a2b980b2f1932003a0c0e9f8f3', '47ef9104e4a89e80d7cc6c1950bc080841da4a7b']",1.0,0.75,0.8571428571428571,False,0.1428571428571428,1024,True,4
"[""test"", ""docs"", ""fix"", ""build""]","[""refactor"", ""docs"", ""test"", ""ci""]",0.7150759696960449,"['63eab619e6166eb6cab948028a7b89bf059dd878', 'aca23027da1295c78fdf42ba9687d8ccc88784d7', 'f411e58cd510f8a2b980b2f1932003a0c0e9f8f3', 'e7a67d88173566be3cd3aed7e9eeb7e29aabbc57']",0.5,0.5,0.5,False,0.5714285714285714,1024,True,4
"[""docs""]","[""docs"", ""refactor"", ""test"", ""fix""]",0.3940145969390869,"['aca23027da1295c78fdf42ba9687d8ccc88784d7', '062daa45cbd5dba6e96e95d8cdcaee89ae30a83c', 'b7ce2894fd1794064bd6db4ed730bb6cb7728739', '06e2be4e2019b6fa714e1fcb34485860ef1ede79']",1.0,0.25,0.4,False,0.4285714285714285,1024,True,4
"[""test"", ""docs"", ""build"", ""ci""]","[""test"", ""docs"", ""build"", ""ci""]",0.7121024131774902,"['317f4eefecddfb1392ca71d551840f446feee302', 'aca23027da1295c78fdf42ba9687d8ccc88784d7', 'f00a4d3e307b89842250358ee432e6800bb24362', '32845e1bbd1efb5dbc16f671049509a409ba25ce']",1.0,1.0,1.0,True,0.0,1024,True,4
"[""fix"", ""refactor"", ""docs"", ""test""]","[""fix"", ""refactor"", ""docs"", ""test""]",0.7046000957489014,"['933ab6bb86372913c992567cf9660009900911a7', '3cca5c314ad6feeffbfe1f14cf49ebd0fd9a95a2', 'a52a585d74894b3b4eeb8c784fa089ff95cddad0', '229b53a632ea97d47c4be11f096bdd828fb415d8']",1.0,1.0,1.0,True,0.0,1024,True,4
"[""fix"", ""ci"", ""docs"", ""build""]","[""refactor"", ""ci"", ""docs"", ""build""]",0.6893942356109619,"['63eab619e6166eb6cab948028a7b89bf059dd878', '6c9cb638cb4d1ecc42632fcf389c24898c5b3244', 'a52a585d74894b3b4eeb8c784fa089ff95cddad0', 'c55591ba157298a9c5816693c102a89dfd058830']",0.75,0.75,0.75,False,0.2857142857142857,1024,True,4
"[""ci"", ""build"", ""fix"", ""feat""]","[""ci"", ""build"", ""test"", ""fix""]",0.7104578018188477,"['173553c0372e66e03bdab19e0e6c2dd44daa14a0', 'c55591ba157298a9c5816693c102a89dfd058830', '8ee0611fbf0cd89abe7ae588f22e6ecb843598ea', '87d5d4e55ab7149b593d29410f1fe426ba2447d4']",0.75,0.75,0.75,False,0.2857142857142857,1024,True,4
"[""ci"", ""build"", ""feat"", ""fix""]","[""ci"", ""build"", ""feat"", ""fix""]",0.6809060573577881,"['32845e1bbd1efb5dbc16f671049509a409ba25ce', '32b92cfa0b74a6c25990e32ac6aab12b8496794c', 'fd8e563cc19ca4684885d4692acee6bebcca4ada', '933ab6bb86372913c992567cf9660009900911a7']",1.0,1.0,1.0,True,0.0,1024,True,4
"[""test"", ""build"", ""fix"", ""feat""]","[""test"", ""build"", ""fix"", ""feat""]",0.7088429927825928,"['317f4eefecddfb1392ca71d551840f446feee302', '454003841aabeb74396d73541378bfa59c75b5db', '933ab6bb86372913c992567cf9660009900911a7', '6ed56ce9ae743ba9a87e6c9643cc06b1de7b748d']",1.0,1.0,1.0,True,0.0,1024,True,4
"[""fix"", ""docs"", ""test"", ""refactor""]","[""fix"", ""docs"", ""test"", ""refactor""]",0.7107629776000977,"['d1d55e787b7d07f763852602b9939a5394607fd9', '6d405dfc1675dcad64a2dfac0c0cb0fb28381d21', 'e0198f74b81da3663144cfe1d971939319f82a0f', '36556bf8e0bce4ab6d26eafacbdad04d9614a5d7']",1.0,1.0,1.0,True,0.0,1024,True,4
"[""ci"", ""docs"", ""fix"", ""feat""]","[""ci"", ""docs"", ""build"", ""feat""]",0.7065021991729736,"['e7a67d88173566be3cd3aed7e9eeb7e29aabbc57', '6d405dfc1675dcad64a2dfac0c0cb0fb28381d21', 'c44cf88a6ec54e5ddd99d8348bcc57b301ec7945', 'f9a094918b62534614c47aa8a13f33aec751a1e0']",0.75,0.75,0.75,False,0.2857142857142857,1024,True,4
"[""refactor"", ""test"", ""docs"", ""fix""]","[""fix"", ""test"", ""feat"", ""docs""]",0.7545857429504395,"['2561f4ade46fc9d59f289f328cc77733a6443697', 'e0198f74b81da3663144cfe1d971939319f82a0f', '1bcf88670b50155b50071e707f98f30cea0b7a24', '6d405dfc1675dcad64a2dfac0c0cb0fb28381d21']",0.75,0.75,0.75,False,0.2857142857142857,1024,True,4
"[""ci"", ""fix"", ""test"", ""docs""]","[""ci"", ""fix"", ""test"", ""docs""]",0.678941011428833,"['4cbbd2552ba0de273e1dfe7d453c5b3efed751a3', '933ab6bb86372913c992567cf9660009900911a7', 'b7ce2894fd1794064bd6db4ed730bb6cb7728739', 'af880ac5b4fecbc6c4f3d1eee0d95f326e8bd9d1']",1.0,1.0,1.0,True,0.0,1024,True,4
"[""docs""]","[""feat"", ""ci"", ""refactor"", ""fix""]",0.389916181564331,"['f823cf28652987d43c8324b4f5b203240032383a', '45837af24a33308a70a3454f0f650f9fe728e272', '36556bf8e0bce4ab6d26eafacbdad04d9614a5d7', 'bed78248c941d57ad4cc20a455147e186e97c7a1']",0.0,0.0,0.0,False,0.7142857142857143,1024,True,4
"[""fix"", ""feat"", ""docs"", ""build""]","[""refactor"", ""feat"", ""docs"", ""build""]",0.7161481380462646,"['63eab619e6166eb6cab948028a7b89bf059dd878', 'e137f9fdbdb6bf3f85c3f7ac9323785e445844c8', 'a52a585d74894b3b4eeb8c784fa089ff95cddad0', 'f00a4d3e307b89842250358ee432e6800bb24362']",0.75,0.75,0.75,False,0.2857142857142857,1024,True,4
"[""build""]","[""build"", ""test"", ""ci"", ""refactor""]",0.4324827194213867,"['1269431c8a3e7549f10fcbbb4b88ff625c8898b3', '8ee0611fbf0cd89abe7ae588f22e6ecb843598ea', '45837af24a33308a70a3454f0f650f9fe728e272', '63eab619e6166eb6cab948028a7b89bf059dd878']",1.0,0.25,0.4,False,0.4285714285714285,1024,True,4
"[""build"", ""docs"", ""refactor""]","[""build"", ""docs"", ""feat"", ""fix""]",0.6386990547180176,"['37b1cbfd3d2c462ef4f2a131e4172c38dc8d9ddf', '6d405dfc1675dcad64a2dfac0c0cb0fb28381d21', 'b282e90e2cbb74559aab79eee8443a4d7c85502a', '2561f4ade46fc9d59f289f328cc77733a6443697']",0.6666666666666666,0.5,0.5714285714285715,False,0.4285714285714285,1024,True,4
"[""build"", ""docs"", ""test"", ""fix"", ""feat""]","[""build"", ""test"", ""ci"", ""feat""]",0.807326078414917,"['c55591ba157298a9c5816693c102a89dfd058830', '317f4eefecddfb1392ca71d551840f446feee302', 'c5fa7b80438fbd74f4c341f0d3c9bd9e0f4910da', '6ed56ce9ae743ba9a87e6c9643cc06b1de7b748d']",0.6,0.75,0.6666666666666665,False,0.4285714285714285,1024,True,4
"[""docs"", ""build"", ""docs"", ""refactor""]","[""fix"", ""build"", ""docs"", ""refactor""]",0.7177636623382568,"['933ab6bb86372913c992567cf9660009900911a7', '5b81fde8a72cf2e69a10e9f5c4f0bea0a2b8c3e0', 'c2ee5cd5e709afd15c5565ee009a0d204403a119', '3cca5c314ad6feeffbfe1f14cf49ebd0fd9a95a2']",1.0,0.75,0.8571428571428571,False,0.1428571428571428,1024,True,4
"[""fix"", ""feat"", ""docs"", ""ci""]","[""fix"", ""feat"", ""docs"", ""ci""]",0.6743943691253662,"['933ab6bb86372913c992567cf9660009900911a7', 'dc5238b2bda98a7c4f2fe9584fc3b0191a408109', '036a0ff49a7dade0e04c9c07071a1ff49133ee24', 'e7a67d88173566be3cd3aed7e9eeb7e29aabbc57']",1.0,1.0,1.0,True,0.0,1024,True,4
"[""refactor"", ""fix"", ""feat"", ""fix""]","[""docs"", ""fix"", ""feat"", ""refactor""]",0.6962132453918457,"['af880ac5b4fecbc6c4f3d1eee0d95f326e8bd9d1', 'c8e0ae8612df3d6f2831acc004aaac332f6105e4', 'f9a094918b62534614c47aa8a13f33aec751a1e0', '47ef9104e4a89e80d7cc6c1950bc080841da4a7b']",1.0,0.75,0.8571428571428571,False,0.1428571428571428,1024,True,4
"[""fix"", ""docs"", ""test"", ""build"", ""ci""]","[""fix"", ""build"", ""feat"", ""ci""]",0.8203461170196533,"['d129eaf9125a967ac86c6c7276bbae6b4d50af36', '1269431c8a3e7549f10fcbbb4b88ff625c8898b3', 'e137f9fdbdb6bf3f85c3f7ac9323785e445844c8', '173553c0372e66e03bdab19e0e6c2dd44daa14a0']",0.6,0.75,0.6666666666666665,False,0.4285714285714285,1024,True,4
"[""fix"", ""refactor"", ""test"", ""build""]","[""feat"", ""refactor"", ""test"", ""build""]",0.7006673812866211,"['dc5238b2bda98a7c4f2fe9584fc3b0191a408109', '771857b1df9470ebc15357e8879118a72c649d5b', 'b7ce2894fd1794064bd6db4ed730bb6cb7728739', 'c323d59c607cabc91f17a78528d998f376f30b10']",0.75,0.75,0.75,False,0.2857142857142857,1024,True,4
"[""build"", ""test"", ""ci"", ""fix""]","[""build"", ""test"", ""ci"", ""fix""]",0.6712908744812012,"['5b81fde8a72cf2e69a10e9f5c4f0bea0a2b8c3e0', 'b7ce2894fd1794064bd6db4ed730bb6cb7728739', '74e9de5ec97dc013a52aa063dff0f40ac74c407b', 'd129eaf9125a967ac86c6c7276bbae6b4d50af36']",1.0,1.0,1.0,True,0.0,1024,True,4
"[""fix"", ""feat"", ""build"", ""ci""]","[""docs"", ""feat"", ""build"", ""ci""]",0.6819298267364502,"['af880ac5b4fecbc6c4f3d1eee0d95f326e8bd9d1', 'ded26d768ff432ad3bde3c0aa1e95ce50726100a', '454003841aabeb74396d73541378bfa59c75b5db', '4cbbd2552ba0de273e1dfe7d453c5b3efed751a3']",0.75,0.75,0.75,False,0.2857142857142857,1024,True,4
"[""docs"", ""feat"", ""build"", ""build"", ""build""]","[""docs"", ""refactor"", ""ci"", ""build""]",0.7916364669799805,"['036a0ff49a7dade0e04c9c07071a1ff49133ee24', '535708ae50aecb452560a23356fd396f99ef13a2', 'e7a67d88173566be3cd3aed7e9eeb7e29aabbc57', 'c55591ba157298a9c5816693c102a89dfd058830']",0.6666666666666666,0.5,0.5714285714285715,False,0.4285714285714285,1024,True,4
"[""docs""]","[""refactor"", ""ci"", ""fix"", ""docs""]",0.4354941844940185,"['2954a0955ce9af6acb345ed1e8328e145ad30475', '6c9cb638cb4d1ecc42632fcf389c24898c5b3244', 'd1d55e787b7d07f763852602b9939a5394607fd9', '6d405dfc1675dcad64a2dfac0c0cb0fb28381d21']",1.0,0.25,0.4,False,0.4285714285714285,1024,True,4
"[""test"", ""ci"", ""docs"", ""fix""]","[""test"", ""ci"", ""docs"", ""feat""]",0.7094192504882812,"['229b53a632ea97d47c4be11f096bdd828fb415d8', '4cbbd2552ba0de273e1dfe7d453c5b3efed751a3', 'bf83c9155e9bee6925aa7102fab53fb803d52533', 'ded26d768ff432ad3bde3c0aa1e95ce50726100a']",0.75,0.75,0.75,False,0.2857142857142857,1024,True,4
"[""refactor"", ""feat"", ""test"", ""fix""]","[""refactor"", ""fix"", ""test"", ""feat""]",0.7096734046936035,"['47ef9104e4a89e80d7cc6c1950bc080841da4a7b', '9ef5c0d14193a9abb09b39856f58477d1f4b0d77', 'b7ce2894fd1794064bd6db4ed730bb6cb7728739', '1bcf88670b50155b50071e707f98f30cea0b7a24']",1.0,1.0,1.0,True,0.0,1024,True,4
"[""build"", ""feat"", ""build"", ""docs""]","[""docs"", ""feat"", ""ci"", ""refactor""]",0.7080621719360352,"['e12d9e77a6fd531a22325337838a841b1c67f00d', 'fd8e563cc19ca4684885d4692acee6bebcca4ada', '173553c0372e66e03bdab19e0e6c2dd44daa14a0', '535708ae50aecb452560a23356fd396f99ef13a2']",0.6666666666666666,0.5,0.5714285714285715,False,0.4285714285714285,1024,True,4
"[""test"", ""fix"", ""ci"", ""build""]","[""refactor"", ""feat"", ""docs"", ""ci""]",0.7052924633026123,"['1db13ec43727aca872a0f3836e4023ed85db665e', 'b282e90e2cbb74559aab79eee8443a4d7c85502a', 'e12d9e77a6fd531a22325337838a841b1c67f00d', '74e9de5ec97dc013a52aa063dff0f40ac74c407b']",0.25,0.25,0.25,False,0.8571428571428571,1024,True,4
"[""docs"", ""ci"", ""feat"", ""test""]","[""docs"", ""ci"", ""refactor"", ""test""]",0.791884183883667,"['aca23027da1295c78fdf42ba9687d8ccc88784d7', '74e9de5ec97dc013a52aa063dff0f40ac74c407b', '2954a0955ce9af6acb345ed1e8328e145ad30475', 'f411e58cd510f8a2b980b2f1932003a0c0e9f8f3']",0.75,0.75,0.75,False,0.2857142857142857,1024,True,4
"[""test"", ""fix""]","[""test"", ""docs"", ""ci"", ""fix""]",0.4625623226165771,"['b7ce2894fd1794064bd6db4ed730bb6cb7728739', 'af880ac5b4fecbc6c4f3d1eee0d95f326e8bd9d1', '6c9cb638cb4d1ecc42632fcf389c24898c5b3244', 'd129eaf9125a967ac86c6c7276bbae6b4d50af36']",1.0,0.5,0.6666666666666666,False,0.2857142857142857,1024,True,4
"[""ci"", ""refactor"", ""test"", ""docs""]","[""ci"", ""refactor"", ""test"", ""docs""]",0.7416737079620361,"['e7a67d88173566be3cd3aed7e9eeb7e29aabbc57', '36556bf8e0bce4ab6d26eafacbdad04d9614a5d7', '8ee0611fbf0cd89abe7ae588f22e6ecb843598ea', 'c2ee5cd5e709afd15c5565ee009a0d204403a119']",1.0,1.0,1.0,True,0.0,1024,True,4
"[""docs"", ""feat"", ""test"", ""build""]","[""docs"", ""feat"", ""test"", ""build""]",0.7144863605499268,"['0cfc5633d37ea06f645649138323f1820e18bdee', 'fd8e563cc19ca4684885d4692acee6bebcca4ada', 'e9617f0854030e70365eb264bcb3b58078e79e9e', '1269431c8a3e7549f10fcbbb4b88ff625c8898b3']",1.0,1.0,1.0,True,0.0,1024,True,4
"[""refactor"", ""fix"", ""test"", ""docs""]","[""refactor"", ""feat"", ""test"", ""fix""]",0.709618091583252,"['47ef9104e4a89e80d7cc6c1950bc080841da4a7b', 'b282e90e2cbb74559aab79eee8443a4d7c85502a', 'e0198f74b81da3663144cfe1d971939319f82a0f', 'bed78248c941d57ad4cc20a455147e186e97c7a1']",0.75,0.75,0.75,False,0.2857142857142857,1024,True,4
"[""build""]","[""build"", ""ci"", ""fix"", ""refactor""]",0.3924367427825928,"['454003841aabeb74396d73541378bfa59c75b5db', '173553c0372e66e03bdab19e0e6c2dd44daa14a0', 'd129eaf9125a967ac86c6c7276bbae6b4d50af36', '63eab619e6166eb6cab948028a7b89bf059dd878']",1.0,0.25,0.4,False,0.4285714285714285,1024,True,4
"[""test"", ""fix"", ""docs"", ""refactor""]","[""test"", ""refactor"", ""docs"", ""feat""]",0.7425942420959473,"['e9617f0854030e70365eb264bcb3b58078e79e9e', '2954a0955ce9af6acb345ed1e8328e145ad30475', 'c2ee5cd5e709afd15c5565ee009a0d204403a119', '6ed56ce9ae743ba9a87e6c9643cc06b1de7b748d']",0.75,0.75,0.75,False,0.2857142857142857,1024,True,4
"[""build"", ""docs"", ""fix"", ""ci""]","[""build"", ""refactor"", ""fix"", ""ci""]",0.6850321292877197,"['454003841aabeb74396d73541378bfa59c75b5db', 'a62314d9bb632be6af026686615d14b912250512', '06e2be4e2019b6fa714e1fcb34485860ef1ede79', '4cbbd2552ba0de273e1dfe7d453c5b3efed751a3']",0.75,0.75,0.75,False,0.2857142857142857,1024,True,4
"[""fix"", ""docs"", ""test"", ""build"", ""ci""]","[""feat"", ""test"", ""refactor"", ""ci""]",0.787466287612915,"['b282e90e2cbb74559aab79eee8443a4d7c85502a', 'e2e8ad25854bd1e7cdbc7f50b50bbd99e04ad47d', '63eab619e6166eb6cab948028a7b89bf059dd878', '6c9cb638cb4d1ecc42632fcf389c24898c5b3244']",0.4,0.5,0.4444444444444445,False,0.7142857142857143,1024,True,4
"[""docs"", ""fix"", ""test"", ""refactor""]","[""docs"", ""fix"", ""test"", ""refactor""]",0.7115740776062012,"['0cfc5633d37ea06f645649138323f1820e18bdee', 'd1d55e787b7d07f763852602b9939a5394607fd9', 'e2e8ad25854bd1e7cdbc7f50b50bbd99e04ad47d', '062daa45cbd5dba6e96e95d8cdcaee89ae30a83c']",1.0,1.0,1.0,True,0.0,1024,True,4
"[""fix"", ""docs"", ""build"", ""build""]","[""refactor"", ""fix"", ""docs"", ""ci""]",0.6823911666870117,"['47ef9104e4a89e80d7cc6c1950bc080841da4a7b', 'd129eaf9125a967ac86c6c7276bbae6b4d50af36', '0cfc5633d37ea06f645649138323f1820e18bdee', '45837af24a33308a70a3454f0f650f9fe728e272']",0.6666666666666666,0.5,0.5714285714285715,False,0.4285714285714285,1024,True,4
"[""build"", ""docs"", ""fix"", ""test""]","[""fix"", ""build"", ""ci"", ""test""]",0.7086782455444336,"['bed78248c941d57ad4cc20a455147e186e97c7a1', '1269431c8a3e7549f10fcbbb4b88ff625c8898b3', '45837af24a33308a70a3454f0f650f9fe728e272', '8ee0611fbf0cd89abe7ae588f22e6ecb843598ea']",0.75,0.75,0.75,False,0.2857142857142857,1024,True,4
"[""build"", ""docs"", ""refactor"", ""docs""]","[""build"", ""fix"", ""ci"", ""docs""]",0.7459206581115723,"['454003841aabeb74396d73541378bfa59c75b5db', 'bed78248c941d57ad4cc20a455147e186e97c7a1', '45837af24a33308a70a3454f0f650f9fe728e272', 'c2ee5cd5e709afd15c5565ee009a0d204403a119']",0.6666666666666666,0.5,0.5714285714285715,False,0.4285714285714285,1024,True,4
"[""ci"", ""refactor"", ""fix"", ""docs""]","[""ci"", ""refactor"", ""fix"", ""docs""]",0.7226581573486328,"['dbb537a26e388a8d7d17faf131abc30c2f7a84e6', '3cca5c314ad6feeffbfe1f14cf49ebd0fd9a95a2', 'd1d55e787b7d07f763852602b9939a5394607fd9', '6d405dfc1675dcad64a2dfac0c0cb0fb28381d21']",1.0,1.0,1.0,True,0.0,1024,True,4
"[""fix"", ""ci"", ""docs"", ""refactor""]","[""fix"", ""ci"", ""docs"", ""refactor""]",0.7147767543792725,"['2561f4ade46fc9d59f289f328cc77733a6443697', '6c9cb638cb4d1ecc42632fcf389c24898c5b3244', 'bf83c9155e9bee6925aa7102fab53fb803d52533', '771857b1df9470ebc15357e8879118a72c649d5b']",1.0,1.0,1.0,True,0.0,1024,True,4
"[""fix"", ""feat"", ""build"", ""docs""]","[""fix"", ""feat"", ""build"", ""docs""]",0.6820776462554932,"['06e2be4e2019b6fa714e1fcb34485860ef1ede79', 'fd8e563cc19ca4684885d4692acee6bebcca4ada', '32b92cfa0b74a6c25990e32ac6aab12b8496794c', '6d405dfc1675dcad64a2dfac0c0cb0fb28381d21']",1.0,1.0,1.0,True,0.0,1024,True,4
"[""build"", ""docs"", ""build"", ""fix"", ""feat""]","[""build"", ""ci"", ""test"", ""feat""]",0.7888233661651611,"['c55591ba157298a9c5816693c102a89dfd058830', '45837af24a33308a70a3454f0f650f9fe728e272', 'b7ce2894fd1794064bd6db4ed730bb6cb7728739', 'dc5238b2bda98a7c4f2fe9584fc3b0191a408109']",0.5,0.5,0.5,False,0.5714285714285714,1024,True,4
"[""ci"", ""fix"", ""docs"", ""test""]","[""ci"", ""docs"", ""feat"", ""test""]",0.7070190906524658,"['173553c0372e66e03bdab19e0e6c2dd44daa14a0', 'e12d9e77a6fd531a22325337838a841b1c67f00d', 'f823cf28652987d43c8324b4f5b203240032383a', '229b53a632ea97d47c4be11f096bdd828fb415d8']",0.75,0.75,0.75,False,0.2857142857142857,1024,True,4
"[""refactor"", ""docs"", ""ci"", ""build""]","[""refactor"", ""docs"", ""ci"", ""test""]",0.7008018493652344,"['36556bf8e0bce4ab6d26eafacbdad04d9614a5d7', 'aca23027da1295c78fdf42ba9687d8ccc88784d7', 'dbb537a26e388a8d7d17faf131abc30c2f7a84e6', '229b53a632ea97d47c4be11f096bdd828fb415d8']",0.75,0.75,0.75,False,0.2857142857142857,1024,True,4
"[""docs"", ""fix"", ""test"", ""fix""]","[""docs"", ""refactor"", ""test"", ""fix""]",0.6877238750457764,"['0cfc5633d37ea06f645649138323f1820e18bdee', '1db13ec43727aca872a0f3836e4023ed85db665e', '229b53a632ea97d47c4be11f096bdd828fb415d8', '9be725fa3906323d4bc9788f54eccf74109d632b']",1.0,0.75,0.8571428571428571,False,0.1428571428571428,1024,True,4
"[""ci"", ""docs"", ""refactor"", ""test""]","[""ci"", ""docs"", ""refactor"", ""test""]",0.7406034469604492,"['c5fa7b80438fbd74f4c341f0d3c9bd9e0f4910da', 'bf83c9155e9bee6925aa7102fab53fb803d52533', '062daa45cbd5dba6e96e95d8cdcaee89ae30a83c', 'bedc7950b24c37809e36a585b7985d5aa5e3e458']",1.0,1.0,1.0,True,0.0,1024,True,4
"[""build"", ""docs"", ""fix"", ""feat""]","[""fix"", ""docs"", ""ci"", ""feat""]",0.682037353515625,"['9be725fa3906323d4bc9788f54eccf74109d632b', '036a0ff49a7dade0e04c9c07071a1ff49133ee24', '45837af24a33308a70a3454f0f650f9fe728e272', 'f823cf28652987d43c8324b4f5b203240032383a']",0.75,0.75,0.75,False,0.2857142857142857,1024,True,4
"[""docs"", ""test"", ""build"", ""feat""]","[""docs"", ""test"", ""build"", ""feat""]",0.711925745010376,"['bf83c9155e9bee6925aa7102fab53fb803d52533', 'e0198f74b81da3663144cfe1d971939319f82a0f', 'f00a4d3e307b89842250358ee432e6800bb24362', 'ded26d768ff432ad3bde3c0aa1e95ce50726100a']",1.0,1.0,1.0,True,0.0,1024,True,4
"[""docs""]","[""docs"", ""refactor"", ""test"", ""fix""]",0.3946492671966553,"['aca23027da1295c78fdf42ba9687d8ccc88784d7', '1db13ec43727aca872a0f3836e4023ed85db665e', 'f411e58cd510f8a2b980b2f1932003a0c0e9f8f3', '2561f4ade46fc9d59f289f328cc77733a6443697']",1.0,0.25,0.4,False,0.4285714285714285,1024,True,4
"[""test"", ""feat"", ""docs"", ""build""]","[""test"", ""feat"", ""docs"", ""ci""]",0.7029342651367188,"['e0198f74b81da3663144cfe1d971939319f82a0f', 'f823cf28652987d43c8324b4f5b203240032383a', 'aca23027da1295c78fdf42ba9687d8ccc88784d7', 'e96487ad7ce90b141219d9032fa2bed68d5dae6a']",0.75,0.75,0.75,False,0.2857142857142857,1024,True,4
"[""fix"", ""build"", ""test"", ""docs""]","[""refactor"", ""build"", ""feat"", ""docs""]",0.6825251579284668,"['63eab619e6166eb6cab948028a7b89bf059dd878', '32b92cfa0b74a6c25990e32ac6aab12b8496794c', 'fd8e563cc19ca4684885d4692acee6bebcca4ada', 'a52a585d74894b3b4eeb8c784fa089ff95cddad0']",0.5,0.5,0.5,False,0.5714285714285714,1024,True,4
"[""build"", ""fix"", ""test"", ""feat""]","[""build"", ""fix"", ""test"", ""feat""]",0.7120687961578369,"['37b1cbfd3d2c462ef4f2a131e4172c38dc8d9ddf', 'c8e0ae8612df3d6f2831acc004aaac332f6105e4', 'c7b25726df94a2530c9b1c0d2b6a0acaa103822f', '1bcf88670b50155b50071e707f98f30cea0b7a24']",1.0,1.0,1.0,True,0.0,1024,True,4
"[""build"", ""ci"", ""docs"", ""build""]","[""refactor"", ""ci"", ""docs"", ""build""]",0.709754228591919,"['771857b1df9470ebc15357e8879118a72c649d5b', '6c9cb638cb4d1ecc42632fcf389c24898c5b3244', '6d405dfc1675dcad64a2dfac0c0cb0fb28381d21', '454003841aabeb74396d73541378bfa59c75b5db']",1.0,0.75,0.8571428571428571,False,0.1428571428571428,1024,True,4
"[""docs"", ""fix"", ""feat"", ""build"", ""test""]","[""fix"", ""docs"", ""refactor"", ""ci"", ""test""]",0.8135943412780762,"['9be725fa3906323d4bc9788f54eccf74109d632b', 'bf83c9155e9bee6925aa7102fab53fb803d52533', '535708ae50aecb452560a23356fd396f99ef13a2', '4cbbd2552ba0de273e1dfe7d453c5b3efed751a3', 'bedc7950b24c37809e36a585b7985d5aa5e3e458']",0.6,0.6,0.6,False,0.5714285714285714,1024,True,5
"[""test"", ""docs"", ""fix"", ""build"", ""feat""]","[""test"", ""docs"", ""refactor"", ""build"", ""feat""]",0.8232583999633789,"['229b53a632ea97d47c4be11f096bdd828fb415d8', 'bf83c9155e9bee6925aa7102fab53fb803d52533', '062daa45cbd5dba6e96e95d8cdcaee89ae30a83c', 'e4a11fd5c34942ba12737f1c8c084489428ee274', 'fd8e563cc19ca4684885d4692acee6bebcca4ada']",0.8,0.8,0.8000000000000002,False,0.2857142857142857,1024,True,5
"[""test"", ""ci"", ""fix"", ""build"", ""refactor""]","[""test"", ""ci"", ""fix"", ""build"", ""refactor""]",0.8499057292938232,"['317f4eefecddfb1392ca71d551840f446feee302', 'e7a67d88173566be3cd3aed7e9eeb7e29aabbc57', 'd1d55e787b7d07f763852602b9939a5394607fd9', 'f00a4d3e307b89842250358ee432e6800bb24362', '771857b1df9470ebc15357e8879118a72c649d5b']",1.0,1.0,1.0,True,0.0,1024,True,5
"[""build"", ""fix"", ""build"", ""test"", ""feat""]","[""ci"", ""refactor"", ""build"", ""test"", ""fix""]",0.7934761047363281,"['e7a67d88173566be3cd3aed7e9eeb7e29aabbc57', '47ef9104e4a89e80d7cc6c1950bc080841da4a7b', '5b81fde8a72cf2e69a10e9f5c4f0bea0a2b8c3e0', 'bedc7950b24c37809e36a585b7985d5aa5e3e458', '9ef5c0d14193a9abb09b39856f58477d1f4b0d77']",0.75,0.6,0.6666666666666665,False,0.4285714285714285,1024,True,5
"[""build"", ""docs"", ""fix"", ""feat"", ""refactor"", ""test""]","[""build"", ""fix"", ""feat"", ""refactor"", ""docs""]",0.9590234756469728,"['e4a11fd5c34942ba12737f1c8c084489428ee274', '9ef5c0d14193a9abb09b39856f58477d1f4b0d77', 'dc5238b2bda98a7c4f2fe9584fc3b0191a408109', '771857b1df9470ebc15357e8879118a72c649d5b', 'c2ee5cd5e709afd15c5565ee009a0d204403a119']",0.8333333333333334,1.0,0.9090909090909092,False,0.1428571428571428,1024,True,5
"[""docs"", ""test"", ""build"", ""fix"", ""feat""]","[""docs"", ""test"", ""build"", ""fix"", ""feat""]",0.8166840076446533,"['bf83c9155e9bee6925aa7102fab53fb803d52533', '229b53a632ea97d47c4be11f096bdd828fb415d8', 'c55591ba157298a9c5816693c102a89dfd058830', '06e2be4e2019b6fa714e1fcb34485860ef1ede79', 'f823cf28652987d43c8324b4f5b203240032383a']",1.0,1.0,1.0,True,0.0,1024,True,5
"[""fix"", ""build"", ""test"", ""refactor""]","[""ci"", ""build"", ""fix"", ""test"", ""feat""]",0.7478530406951904,"['e7a67d88173566be3cd3aed7e9eeb7e29aabbc57', 'c55591ba157298a9c5816693c102a89dfd058830', 'd129eaf9125a967ac86c6c7276bbae6b4d50af36', '229b53a632ea97d47c4be11f096bdd828fb415d8', '1bcf88670b50155b50071e707f98f30cea0b7a24']",0.75,0.6,0.6666666666666665,False,0.4285714285714285,1024,True,5
"[""fix"", ""docs"", ""build"", ""ci"", ""refactor""]","[""fix"", ""test"", ""build"", ""ci"", ""refactor""]",0.8458611965179443,"['2561f4ade46fc9d59f289f328cc77733a6443697', 'b7ce2894fd1794064bd6db4ed730bb6cb7728739', '1269431c8a3e7549f10fcbbb4b88ff625c8898b3', 'e96487ad7ce90b141219d9032fa2bed68d5dae6a', '36556bf8e0bce4ab6d26eafacbdad04d9614a5d7']",0.8,0.8,0.8000000000000002,False,0.2857142857142857,1024,True,5
"[""docs"", ""ci"", ""feat"", ""test"", ""refactor""]","[""docs"", ""ci"", ""refactor"", ""test"", ""fix""]",0.8607730865478516,"['bf83c9155e9bee6925aa7102fab53fb803d52533', 'e7a67d88173566be3cd3aed7e9eeb7e29aabbc57', '535708ae50aecb452560a23356fd396f99ef13a2', 'c7b25726df94a2530c9b1c0d2b6a0acaa103822f', '06e2be4e2019b6fa714e1fcb34485860ef1ede79']",0.8,0.8,0.8000000000000002,False,0.2857142857142857,1024,True,5
"[""refactor"", ""docs"", ""build"", ""feat"", ""feat""]","[""refactor"", ""docs"", ""build"", ""feat"", ""fix""]",0.8581721782684326,"['36556bf8e0bce4ab6d26eafacbdad04d9614a5d7', 'c2ee5cd5e709afd15c5565ee009a0d204403a119', 'c55591ba157298a9c5816693c102a89dfd058830', '68278b00450f2679761a2999500f6d87a579376b', '9ef5c0d14193a9abb09b39856f58477d1f4b0d77']",1.0,0.8,0.888888888888889,False,0.1428571428571428,1024,True,5
"[""feat"", ""build"", ""fix"", ""docs"", ""test""]","[""feat"", ""build"", ""fix"", ""ci"", ""test""]",0.817136287689209,"['ded26d768ff432ad3bde3c0aa1e95ce50726100a', 'c323d59c607cabc91f17a78528d998f376f30b10', '2561f4ade46fc9d59f289f328cc77733a6443697', '45837af24a33308a70a3454f0f650f9fe728e272', 'e0198f74b81da3663144cfe1d971939319f82a0f']",0.8,0.8,0.8000000000000002,False,0.2857142857142857,1024,True,5
"[""ci"", ""docs"", ""test"", ""feat"", ""fix""]","[""ci"", ""refactor"", ""test"", ""feat"", ""fix""]",0.8140194416046143,"['e96487ad7ce90b141219d9032fa2bed68d5dae6a', 'a62314d9bb632be6af026686615d14b912250512', 'c7b25726df94a2530c9b1c0d2b6a0acaa103822f', '6ed56ce9ae743ba9a87e6c9643cc06b1de7b748d', '9ef5c0d14193a9abb09b39856f58477d1f4b0d77']",0.8,0.8,0.8000000000000002,False,0.2857142857142857,1024,True,5
"[""build"", ""fix"", ""feat"", ""docs"", ""refactor""]","[""build"", ""refactor"", ""ci"", ""docs"", ""fix""]",0.8176510334014893,"['c55591ba157298a9c5816693c102a89dfd058830', '63eab619e6166eb6cab948028a7b89bf059dd878', 'c5fa7b80438fbd74f4c341f0d3c9bd9e0f4910da', '036a0ff49a7dade0e04c9c07071a1ff49133ee24', '9be725fa3906323d4bc9788f54eccf74109d632b']",0.8,0.8,0.8000000000000002,False,0.2857142857142857,1024,True,5
"[""docs"", ""build"", ""feat"", ""fix""]","[""docs"", ""ci"", ""refactor"", ""build"", ""feat""]",0.7077395915985107,"['bf83c9155e9bee6925aa7102fab53fb803d52533', '173553c0372e66e03bdab19e0e6c2dd44daa14a0', '535708ae50aecb452560a23356fd396f99ef13a2', '1269431c8a3e7549f10fcbbb4b88ff625c8898b3', 'f823cf28652987d43c8324b4f5b203240032383a']",0.75,0.6,0.6666666666666665,False,0.4285714285714285,1024,True,5
"[""test"", ""feat"", ""refactor"", ""fix"", ""docs""]","[""test"", ""feat"", ""refactor"", ""fix"", ""docs""]",0.8549494743347168,"['bedc7950b24c37809e36a585b7985d5aa5e3e458', 'fd8e563cc19ca4684885d4692acee6bebcca4ada', '062daa45cbd5dba6e96e95d8cdcaee89ae30a83c', 'c8e0ae8612df3d6f2831acc004aaac332f6105e4', '036a0ff49a7dade0e04c9c07071a1ff49133ee24']",1.0,1.0,1.0,True,0.0,1024,True,5
"[""docs"", ""build"", ""fix"", ""refactor"", ""test""]","[""docs"", ""build"", ""ci"", ""fix"", ""test""]",0.8570098876953125,"['c2ee5cd5e709afd15c5565ee009a0d204403a119', '1269431c8a3e7549f10fcbbb4b88ff625c8898b3', 'e7a67d88173566be3cd3aed7e9eeb7e29aabbc57', 'bed78248c941d57ad4cc20a455147e186e97c7a1', 'e9617f0854030e70365eb264bcb3b58078e79e9e']",0.8,0.8,0.8000000000000002,False,0.2857142857142857,1024,True,5
"[""refactor"", ""ci"", ""docs"", ""test"", ""build""]","[""refactor"", ""ci"", ""docs"", ""test"", ""build""]",0.8438794612884521,"['3cca5c314ad6feeffbfe1f14cf49ebd0fd9a95a2', 'dbb537a26e388a8d7d17faf131abc30c2f7a84e6', 'e12d9e77a6fd531a22325337838a841b1c67f00d', 'c7b25726df94a2530c9b1c0d2b6a0acaa103822f', '37b1cbfd3d2c462ef4f2a131e4172c38dc8d9ddf']",1.0,1.0,1.0,True,0.0,1024,True,5
"[""test"", ""fix"", ""ci"", ""refactor"", ""fix""]","[""test"", ""feat"", ""ci"", ""refactor"", ""fix""]",0.8148283958435059,"['229b53a632ea97d47c4be11f096bdd828fb415d8', 'b282e90e2cbb74559aab79eee8443a4d7c85502a', 'dbb537a26e388a8d7d17faf131abc30c2f7a84e6', '3cca5c314ad6feeffbfe1f14cf49ebd0fd9a95a2', '933ab6bb86372913c992567cf9660009900911a7']",1.0,0.8,0.888888888888889,False,0.1428571428571428,1024,True,5
"[""build"", ""refactor"", ""ci"", ""test"", ""docs""]","[""build"", ""fix"", ""ci"", ""refactor"", ""docs""]",0.8434481620788574,"['37b1cbfd3d2c462ef4f2a131e4172c38dc8d9ddf', '06e2be4e2019b6fa714e1fcb34485860ef1ede79', 'c5fa7b80438fbd74f4c341f0d3c9bd9e0f4910da', '1db13ec43727aca872a0f3836e4023ed85db665e', 'a52a585d74894b3b4eeb8c784fa089ff95cddad0']",0.8,0.8,0.8000000000000002,False,0.2857142857142857,1024,True,5
"[""build"", ""docs"", ""fix"", ""test"", ""feat""]","[""build"", ""docs"", ""ci"", ""test"", ""feat""]",0.8317303657531738,"['c44cf88a6ec54e5ddd99d8348bcc57b301ec7945', '6d405dfc1675dcad64a2dfac0c0cb0fb28381d21', 'e7a67d88173566be3cd3aed7e9eeb7e29aabbc57', 'f411e58cd510f8a2b980b2f1932003a0c0e9f8f3', 'f823cf28652987d43c8324b4f5b203240032383a']",0.8,0.8,0.8000000000000002,False,0.2857142857142857,1024,True,5
"[""feat"", ""fix"", ""refactor"", ""docs"", ""build"", ""test""]","[""feat"", ""fix"", ""refactor"", ""build"", ""test""]",0.9528744220733644,"['f823cf28652987d43c8324b4f5b203240032383a', 'c8e0ae8612df3d6f2831acc004aaac332f6105e4', '47ef9104e4a89e80d7cc6c1950bc080841da4a7b', 'e4a11fd5c34942ba12737f1c8c084489428ee274', 'c7b25726df94a2530c9b1c0d2b6a0acaa103822f']",0.8333333333333334,1.0,0.9090909090909092,False,0.1428571428571428,1024,True,5
"[""fix"", ""build"", ""ci"", ""docs"", ""test""]","[""refactor"", ""build"", ""ci"", ""docs"", ""test""]",0.7840821743011475,"['1db13ec43727aca872a0f3836e4023ed85db665e', '32b92cfa0b74a6c25990e32ac6aab12b8496794c', 'e96487ad7ce90b141219d9032fa2bed68d5dae6a', '6d405dfc1675dcad64a2dfac0c0cb0fb28381d21', 'e2e8ad25854bd1e7cdbc7f50b50bbd99e04ad47d']",0.8,0.8,0.8000000000000002,False,0.2857142857142857,1024,True,5
"[""build"", ""test"", ""refactor"", ""ci"", ""fix""]","[""build"", ""test"", ""refactor"", ""ci"", ""fix""]",0.8497834205627441,"['37b1cbfd3d2c462ef4f2a131e4172c38dc8d9ddf', 'f411e58cd510f8a2b980b2f1932003a0c0e9f8f3', '1db13ec43727aca872a0f3836e4023ed85db665e', 'c5fa7b80438fbd74f4c341f0d3c9bd9e0f4910da', 'd129eaf9125a967ac86c6c7276bbae6b4d50af36']",1.0,1.0,1.0,True,0.0,1024,True,5
"[""build""]","[""build"", ""docs"", ""ci"", ""test"", ""fix""]",0.3868222236633301,"['c55591ba157298a9c5816693c102a89dfd058830', 'a52a585d74894b3b4eeb8c784fa089ff95cddad0', '6c9cb638cb4d1ecc42632fcf389c24898c5b3244', 'c7b25726df94a2530c9b1c0d2b6a0acaa103822f', 'bed78248c941d57ad4cc20a455147e186e97c7a1']",1.0,0.2,0.3333333333333333,False,0.5714285714285714,1024,True,5
"[""fix"", ""ci"", ""feat"", ""refactor""]","[""fix"", ""ci"", ""feat"", ""build"", ""refactor""]",0.7289605140686035,"['9ef5c0d14193a9abb09b39856f58477d1f4b0d77', 'dbb537a26e388a8d7d17faf131abc30c2f7a84e6', '6ed56ce9ae743ba9a87e6c9643cc06b1de7b748d', 'e4a11fd5c34942ba12737f1c8c084489428ee274', '1db13ec43727aca872a0f3836e4023ed85db665e']",1.0,0.8,0.888888888888889,False,0.1428571428571428,1024,True,5
"[""refactor"", ""feat"", ""fix"", ""feat"", ""test""]","[""fix"", ""build"", ""refactor"", ""feat"", ""test""]",0.8658924102783203,"['bed78248c941d57ad4cc20a455147e186e97c7a1', 'e4a11fd5c34942ba12737f1c8c084489428ee274', '062daa45cbd5dba6e96e95d8cdcaee89ae30a83c', 'f823cf28652987d43c8324b4f5b203240032383a', 'c7b25726df94a2530c9b1c0d2b6a0acaa103822f']",1.0,0.8,0.888888888888889,False,0.1428571428571428,1024,True,5
"[""fix"", ""test"", ""feat"", ""docs"", ""build""]","[""fix"", ""test"", ""feat"", ""docs"", ""build""]",0.8205294609069824,"['87d5d4e55ab7149b593d29410f1fe426ba2447d4', 'bedc7950b24c37809e36a585b7985d5aa5e3e458', 'ded26d768ff432ad3bde3c0aa1e95ce50726100a', 'a52a585d74894b3b4eeb8c784fa089ff95cddad0', 'c323d59c607cabc91f17a78528d998f376f30b10']",1.0,1.0,1.0,True,0.0,1024,True,5
"[""build"", ""docs"", ""fix"", ""feat"", ""ci""]","[""test"", ""docs"", ""feat"", ""build"", ""fix""]",0.8226308822631836,"['8ee0611fbf0cd89abe7ae588f22e6ecb843598ea', 'c2ee5cd5e709afd15c5565ee009a0d204403a119', 'fd8e563cc19ca4684885d4692acee6bebcca4ada', '1269431c8a3e7549f10fcbbb4b88ff625c8898b3', '06e2be4e2019b6fa714e1fcb34485860ef1ede79']",0.8,0.8,0.8000000000000002,False,0.2857142857142857,1024,True,5
"[""docs"", ""feat"", ""build"", ""refactor"", ""test""]","[""docs"", ""feat"", ""build"", ""refactor"", ""test""]",0.851942777633667,"['a52a585d74894b3b4eeb8c784fa089ff95cddad0', 'f9a094918b62534614c47aa8a13f33aec751a1e0', '1269431c8a3e7549f10fcbbb4b88ff625c8898b3', '535708ae50aecb452560a23356fd396f99ef13a2', 'e0198f74b81da3663144cfe1d971939319f82a0f']",1.0,1.0,1.0,True,0.0,1024,True,5
"[""fix"", ""feat"", ""test"", ""refactor"", ""build""]","[""fix"", ""feat"", ""test"", ""refactor"", ""build""]",0.8474955558776855,"['d129eaf9125a967ac86c6c7276bbae6b4d50af36', '68278b00450f2679761a2999500f6d87a579376b', 'e2e8ad25854bd1e7cdbc7f50b50bbd99e04ad47d', '771857b1df9470ebc15357e8879118a72c649d5b', 'f00a4d3e307b89842250358ee432e6800bb24362']",1.0,1.0,1.0,True,0.0,1024,True,5
"[""fix"", ""build"", ""refactor"", ""test"", ""ci""]","[""fix"", ""build"", ""refactor"", ""test"", ""docs""]",0.8630867004394531,"['933ab6bb86372913c992567cf9660009900911a7', '37b1cbfd3d2c462ef4f2a131e4172c38dc8d9ddf', '1db13ec43727aca872a0f3836e4023ed85db665e', 'c7b25726df94a2530c9b1c0d2b6a0acaa103822f', 'e12d9e77a6fd531a22325337838a841b1c67f00d']",0.8,0.8,0.8000000000000002,False,0.2857142857142857,1024,True,5
"[""fix"", ""ci"", ""docs"", ""build"", ""feat""]","[""fix"", ""ci"", ""docs"", ""build"", ""feat""]",0.8226251602172852,"['06e2be4e2019b6fa714e1fcb34485860ef1ede79', '4cbbd2552ba0de273e1dfe7d453c5b3efed751a3', 'cb1f48b56ae0de93acb72e48726c7d610a1d538e', 'c323d59c607cabc91f17a78528d998f376f30b10', 'f9a094918b62534614c47aa8a13f33aec751a1e0']",1.0,1.0,1.0,True,0.0,1024,True,5
"[""refactor"", ""build"", ""feat"", ""docs"", ""fix""]","[""feat"", ""build"", ""refactor"", ""docs"", ""fix""]",0.8484101295471191,"['fd8e563cc19ca4684885d4692acee6bebcca4ada', 'f00a4d3e307b89842250358ee432e6800bb24362', '535708ae50aecb452560a23356fd396f99ef13a2', 'e12d9e77a6fd531a22325337838a841b1c67f00d', '9be725fa3906323d4bc9788f54eccf74109d632b']",1.0,1.0,1.0,True,0.0,1024,True,5
"[""test"", ""docs"", ""refactor"", ""ci"", ""fix""]","[""test"", ""docs"", ""refactor"", ""ci"", ""feat""]",0.8505525588989258,"['229b53a632ea97d47c4be11f096bdd828fb415d8', 'bf83c9155e9bee6925aa7102fab53fb803d52533', '062daa45cbd5dba6e96e95d8cdcaee89ae30a83c', '32845e1bbd1efb5dbc16f671049509a409ba25ce', 'dc5238b2bda98a7c4f2fe9584fc3b0191a408109']",0.8,0.8,0.8000000000000002,False,0.2857142857142857,1024,True,5
"[""build"", ""docs"", ""fix"", ""test"", ""refactor""]","[""build"", ""docs"", ""fix"", ""test"", ""refactor""]",0.843726634979248,"['454003841aabeb74396d73541378bfa59c75b5db', 'e12d9e77a6fd531a22325337838a841b1c67f00d', 'bed78248c941d57ad4cc20a455147e186e97c7a1', 'f411e58cd510f8a2b980b2f1932003a0c0e9f8f3', '062daa45cbd5dba6e96e95d8cdcaee89ae30a83c']",1.0,1.0,1.0,True,0.0,1024,True,5
"[""build""]","[""build"", ""ci"", ""docs"", ""test"", ""refactor""]",0.3820323944091797,"['5b81fde8a72cf2e69a10e9f5c4f0bea0a2b8c3e0', '74e9de5ec97dc013a52aa063dff0f40ac74c407b', 'a52a585d74894b3b4eeb8c784fa089ff95cddad0', 'e0198f74b81da3663144cfe1d971939319f82a0f', '062daa45cbd5dba6e96e95d8cdcaee89ae30a83c']",1.0,0.2,0.3333333333333333,False,0.5714285714285714,1024,True,5
"[""ci"", ""docs"", ""docs"", ""fix"", ""build""]","[""build"", ""ci"", ""docs"", ""refactor"", ""fix""]",0.791395902633667,"['32b92cfa0b74a6c25990e32ac6aab12b8496794c', '6c9cb638cb4d1ecc42632fcf389c24898c5b3244', 'aca23027da1295c78fdf42ba9687d8ccc88784d7', '47ef9104e4a89e80d7cc6c1950bc080841da4a7b', '2561f4ade46fc9d59f289f328cc77733a6443697']",1.0,0.8,0.888888888888889,False,0.1428571428571428,1024,True,5
"[""test"", ""docs"", ""fix"", ""feat"", ""build""]","[""test"", ""docs"", ""fix"", ""feat"", ""build""]",0.828526496887207,"['e0198f74b81da3663144cfe1d971939319f82a0f', 'c2ee5cd5e709afd15c5565ee009a0d204403a119', '9ef5c0d14193a9abb09b39856f58477d1f4b0d77', 'f823cf28652987d43c8324b4f5b203240032383a', 'c44cf88a6ec54e5ddd99d8348bcc57b301ec7945']",1.0,1.0,1.0,True,0.0,1024,True,5
"[""refactor"", ""ci"", ""test"", ""build"", ""feat""]","[""refactor"", ""ci"", ""test"", ""build"", ""feat""]",0.8536186218261719,"['3cca5c314ad6feeffbfe1f14cf49ebd0fd9a95a2', '32845e1bbd1efb5dbc16f671049509a409ba25ce', 'e9617f0854030e70365eb264bcb3b58078e79e9e', '454003841aabeb74396d73541378bfa59c75b5db', 'fd8e563cc19ca4684885d4692acee6bebcca4ada']",1.0,1.0,1.0,True,0.0,1024,True,5
"[""refactor"", ""feat"", ""fix"", ""test""]","[""refactor"", ""feat"", ""build"", ""fix"", ""test""]",0.7465000152587891,"['062daa45cbd5dba6e96e95d8cdcaee89ae30a83c', 'f823cf28652987d43c8324b4f5b203240032383a', 'c44cf88a6ec54e5ddd99d8348bcc57b301ec7945', '933ab6bb86372913c992567cf9660009900911a7', '8ee0611fbf0cd89abe7ae588f22e6ecb843598ea']",1.0,0.8,0.888888888888889,False,0.1428571428571428,1024,True,5
"[""refactor"", ""test"", ""docs"", ""feat"", ""build""]","[""refactor"", ""test"", ""docs"", ""feat"", ""ci""]",0.840435266494751,"['36556bf8e0bce4ab6d26eafacbdad04d9614a5d7', '317f4eefecddfb1392ca71d551840f446feee302', '036a0ff49a7dade0e04c9c07071a1ff49133ee24', 'e137f9fdbdb6bf3f85c3f7ac9323785e445844c8', 'e7a67d88173566be3cd3aed7e9eeb7e29aabbc57']",0.8,0.8,0.8000000000000002,False,0.2857142857142857,1024,True,5
"[""test"", ""ci"", ""feat"", ""feat"", ""fix""]","[""test"", ""ci"", ""refactor"", ""feat"", ""fix""]",0.8318650722503662,"['e0198f74b81da3663144cfe1d971939319f82a0f', '173553c0372e66e03bdab19e0e6c2dd44daa14a0', '062daa45cbd5dba6e96e95d8cdcaee89ae30a83c', 'f823cf28652987d43c8324b4f5b203240032383a', 'bed78248c941d57ad4cc20a455147e186e97c7a1']",1.0,0.8,0.888888888888889,False,0.1428571428571428,1024,True,5
"[""ci"", ""feat"", ""docs"", ""build"", ""feat""]","[""ci"", ""refactor"", ""docs"", ""fix"", ""feat""]",0.793250322341919,"['32845e1bbd1efb5dbc16f671049509a409ba25ce', '63eab619e6166eb6cab948028a7b89bf059dd878', 'af880ac5b4fecbc6c4f3d1eee0d95f326e8bd9d1', '9be725fa3906323d4bc9788f54eccf74109d632b', 'fd8e563cc19ca4684885d4692acee6bebcca4ada']",0.75,0.6,0.6666666666666665,False,0.4285714285714285,1024,True,5
"[""docs"", ""refactor"", ""fix"", ""test"", ""build""]","[""docs"", ""refactor"", ""fix"", ""test"", ""build""]",0.8559324741363525,"['bf83c9155e9bee6925aa7102fab53fb803d52533', '3cca5c314ad6feeffbfe1f14cf49ebd0fd9a95a2', '2561f4ade46fc9d59f289f328cc77733a6443697', '317f4eefecddfb1392ca71d551840f446feee302', '454003841aabeb74396d73541378bfa59c75b5db']",1.0,1.0,1.0,True,0.0,1024,True,5
"[""test"", ""ci"", ""fix"", ""docs"", ""refactor""]","[""test"", ""ci"", ""fix"", ""docs"", ""refactor""]",0.8538467884063721,"['317f4eefecddfb1392ca71d551840f446feee302', '32845e1bbd1efb5dbc16f671049509a409ba25ce', 'c8e0ae8612df3d6f2831acc004aaac332f6105e4', '6d405dfc1675dcad64a2dfac0c0cb0fb28381d21', '062daa45cbd5dba6e96e95d8cdcaee89ae30a83c']",1.0,1.0,1.0,True,0.0,1024,True,5
"[""build"", ""ci"", ""test"", ""docs"", ""fix""]","[""build"", ""ci"", ""test"", ""docs"", ""feat""]",0.779813289642334,"['c55591ba157298a9c5816693c102a89dfd058830', 'dbb537a26e388a8d7d17faf131abc30c2f7a84e6', 'e0198f74b81da3663144cfe1d971939319f82a0f', '0cfc5633d37ea06f645649138323f1820e18bdee', 'dc5238b2bda98a7c4f2fe9584fc3b0191a408109']",0.8,0.8,0.8000000000000002,False,0.2857142857142857,1024,True,5
"[""feat"", ""fix"", ""docs"", ""refactor"", ""ci""]","[""refactor"", ""feat"", ""test"", ""fix"", ""ci""]",0.8459980487823486,"['535708ae50aecb452560a23356fd396f99ef13a2', 'dc5238b2bda98a7c4f2fe9584fc3b0191a408109', 'e2e8ad25854bd1e7cdbc7f50b50bbd99e04ad47d', '2561f4ade46fc9d59f289f328cc77733a6443697', 'c5fa7b80438fbd74f4c341f0d3c9bd9e0f4910da']",0.8,0.8,0.8000000000000002,False,0.2857142857142857,1024,True,5
"[""ci"", ""fix"", ""refactor"", ""build"", ""test""]","[""ci"", ""docs"", ""refactor"", ""build"", ""test""]",0.820650577545166,"['c5fa7b80438fbd74f4c341f0d3c9bd9e0f4910da', 'af880ac5b4fecbc6c4f3d1eee0d95f326e8bd9d1', '47ef9104e4a89e80d7cc6c1950bc080841da4a7b', '37b1cbfd3d2c462ef4f2a131e4172c38dc8d9ddf', 'c7b25726df94a2530c9b1c0d2b6a0acaa103822f']",0.8,0.8,0.8000000000000002,False,0.2857142857142857,1024,True,5
"[""build"", ""docs"", ""refactor"", ""test"", ""feat""]","[""build"", ""docs"", ""refactor"", ""test"", ""feat""]",0.8529682159423828,"['454003841aabeb74396d73541378bfa59c75b5db', 'aca23027da1295c78fdf42ba9687d8ccc88784d7', '771857b1df9470ebc15357e8879118a72c649d5b', 'bedc7950b24c37809e36a585b7985d5aa5e3e458', 'e137f9fdbdb6bf3f85c3f7ac9323785e445844c8']",1.0,1.0,1.0,True,0.0,1024,True,5
"[""ci"", ""feat"", ""fix"", ""docs"", ""test""]","[""ci"", ""feat"", ""fix"", ""docs"", ""test""]",0.814422607421875,"['74e9de5ec97dc013a52aa063dff0f40ac74c407b', 'ded26d768ff432ad3bde3c0aa1e95ce50726100a', '9be725fa3906323d4bc9788f54eccf74109d632b', 'a52a585d74894b3b4eeb8c784fa089ff95cddad0', 'e9617f0854030e70365eb264bcb3b58078e79e9e']",1.0,1.0,1.0,True,0.0,1024,True,5
"[""feat"", ""build"", ""test"", ""docs"", ""fix""]","[""feat"", ""build"", ""test"", ""docs"", ""fix""]",0.8156392574310303,"['f9a094918b62534614c47aa8a13f33aec751a1e0', 'e4a11fd5c34942ba12737f1c8c084489428ee274', '229b53a632ea97d47c4be11f096bdd828fb415d8', '036a0ff49a7dade0e04c9c07071a1ff49133ee24', '2561f4ade46fc9d59f289f328cc77733a6443697']",1.0,1.0,1.0,True,0.0,1024,True,5
"[""docs"", ""docs"", ""refactor"", ""fix"", ""build""]","[""build"", ""docs"", ""test"", ""fix"", ""ci""]",0.8438785076141357,"['e4a11fd5c34942ba12737f1c8c084489428ee274', 'aca23027da1295c78fdf42ba9687d8ccc88784d7', 'e9617f0854030e70365eb264bcb3b58078e79e9e', '9ef5c0d14193a9abb09b39856f58477d1f4b0d77', '4cbbd2552ba0de273e1dfe7d453c5b3efed751a3']",0.75,0.6,0.6666666666666665,False,0.4285714285714285,1024,True,5
"[""feat"", ""build"", ""build"", ""docs"", ""fix""]","[""feat"", ""fix"", ""ci"", ""docs"", ""test""]",0.8225111961364746,"['f9a094918b62534614c47aa8a13f33aec751a1e0', '2561f4ade46fc9d59f289f328cc77733a6443697', '45837af24a33308a70a3454f0f650f9fe728e272', '036a0ff49a7dade0e04c9c07071a1ff49133ee24', 'b7ce2894fd1794064bd6db4ed730bb6cb7728739']",0.75,0.6,0.6666666666666665,False,0.4285714285714285,1024,True,5
"[""feat"", ""refactor"", ""build"", ""fix"", ""docs""]","[""feat"", ""refactor"", ""build"", ""fix"", ""docs""]",0.8498055934906006,"['ded26d768ff432ad3bde3c0aa1e95ce50726100a', '062daa45cbd5dba6e96e95d8cdcaee89ae30a83c', '37b1cbfd3d2c462ef4f2a131e4172c38dc8d9ddf', '933ab6bb86372913c992567cf9660009900911a7', '036a0ff49a7dade0e04c9c07071a1ff49133ee24']",1.0,1.0,1.0,True,0.0,1024,True,5
"[""test"", ""build"", ""fix"", ""docs"", ""docs""]","[""test"", ""build"", ""feat"", ""fix"", ""docs""]",0.8131198883056641,"['f411e58cd510f8a2b980b2f1932003a0c0e9f8f3', 'c44cf88a6ec54e5ddd99d8348bcc57b301ec7945', '1bcf88670b50155b50071e707f98f30cea0b7a24', '9be725fa3906323d4bc9788f54eccf74109d632b', 'a52a585d74894b3b4eeb8c784fa089ff95cddad0']",1.0,0.8,0.888888888888889,False,0.1428571428571428,1024,True,5
"[""fix"", ""build"", ""test"", ""docs""]","[""fix"", ""feat"", ""test"", ""ci"", ""docs""]",0.7065434455871582,"['933ab6bb86372913c992567cf9660009900911a7', '6ed56ce9ae743ba9a87e6c9643cc06b1de7b748d', 'e2e8ad25854bd1e7cdbc7f50b50bbd99e04ad47d', 'e96487ad7ce90b141219d9032fa2bed68d5dae6a', '036a0ff49a7dade0e04c9c07071a1ff49133ee24']",0.75,0.6,0.6666666666666665,False,0.4285714285714285,1024,True,5
"[""test"", ""refactor"", ""build"", ""ci"", ""feat""]","[""test"", ""refactor"", ""ci"", ""build"", ""fix""]",0.8339710235595703,"['e0198f74b81da3663144cfe1d971939319f82a0f', '3cca5c314ad6feeffbfe1f14cf49ebd0fd9a95a2', '45837af24a33308a70a3454f0f650f9fe728e272', '5b81fde8a72cf2e69a10e9f5c4f0bea0a2b8c3e0', '9ef5c0d14193a9abb09b39856f58477d1f4b0d77']",0.8,0.8,0.8000000000000002,False,0.2857142857142857,1024,True,5
"[""build"", ""fix"", ""refactor"", ""ci"", ""test""]","[""build"", ""feat"", ""refactor"", ""ci"", ""test""]",0.8286223411560059,"['c55591ba157298a9c5816693c102a89dfd058830', '1bcf88670b50155b50071e707f98f30cea0b7a24', '1db13ec43727aca872a0f3836e4023ed85db665e', 'dbb537a26e388a8d7d17faf131abc30c2f7a84e6', 'e2e8ad25854bd1e7cdbc7f50b50bbd99e04ad47d']",0.8,0.8,0.8000000000000002,False,0.2857142857142857,1024,True,5
"[""docs"", ""fix"", ""test"", ""build"", ""ci""]","[""feat"", ""refactor"", ""test"", ""ci"", ""build""]",0.8172652721405029,"['e137f9fdbdb6bf3f85c3f7ac9323785e445844c8', 'a62314d9bb632be6af026686615d14b912250512', 'b7ce2894fd1794064bd6db4ed730bb6cb7728739', '45837af24a33308a70a3454f0f650f9fe728e272', '454003841aabeb74396d73541378bfa59c75b5db']",0.6,0.6,0.6,False,0.5714285714285714,1024,True,5
"[""test"", ""fix"", ""build"", ""feat"", ""docs""]","[""test"", ""fix"", ""build"", ""refactor"", ""docs""]",0.8161129951477051,"['317f4eefecddfb1392ca71d551840f446feee302', '06e2be4e2019b6fa714e1fcb34485860ef1ede79', '32b92cfa0b74a6c25990e32ac6aab12b8496794c', '535708ae50aecb452560a23356fd396f99ef13a2', 'aca23027da1295c78fdf42ba9687d8ccc88784d7']",0.8,0.8,0.8000000000000002,False,0.2857142857142857,1024,True,5
"[""build"", ""feat"", ""docs"", ""fix"", ""ci"", ""test""]","[""ci"", ""feat"", ""build"", ""fix"", ""test""]",0.922924280166626,"['173553c0372e66e03bdab19e0e6c2dd44daa14a0', '6ed56ce9ae743ba9a87e6c9643cc06b1de7b748d', '32b92cfa0b74a6c25990e32ac6aab12b8496794c', '933ab6bb86372913c992567cf9660009900911a7', 'e9617f0854030e70365eb264bcb3b58078e79e9e']",0.8333333333333334,1.0,0.9090909090909092,False,0.1428571428571428,1024,True,5
"[""ci"", ""test"", ""fix"", ""feat"", ""build""]","[""ci"", ""test"", ""fix"", ""feat"", ""build""]",0.7849020957946777,"['dbb537a26e388a8d7d17faf131abc30c2f7a84e6', 'e2e8ad25854bd1e7cdbc7f50b50bbd99e04ad47d', '933ab6bb86372913c992567cf9660009900911a7', 'b282e90e2cbb74559aab79eee8443a4d7c85502a', 'c55591ba157298a9c5816693c102a89dfd058830']",1.0,1.0,1.0,True,0.0,1024,True,5
"[""test"", ""build"", ""feat"", ""fix"", ""ci""]","[""test"", ""build"", ""feat"", ""fix"", ""ci""]",0.6681978702545166,"['317f4eefecddfb1392ca71d551840f446feee302', 'e4a11fd5c34942ba12737f1c8c084489428ee274', 'ded26d768ff432ad3bde3c0aa1e95ce50726100a', 'd129eaf9125a967ac86c6c7276bbae6b4d50af36', '173553c0372e66e03bdab19e0e6c2dd44daa14a0']",1.0,1.0,1.0,True,0.0,1024,True,5
"[""test""]","[""test"", ""build"", ""refactor"", ""docs"", ""feat""]",0.397536039352417,"['bedc7950b24c37809e36a585b7985d5aa5e3e458', '5b81fde8a72cf2e69a10e9f5c4f0bea0a2b8c3e0', '47ef9104e4a89e80d7cc6c1950bc080841da4a7b', 'aca23027da1295c78fdf42ba9687d8ccc88784d7', 'f823cf28652987d43c8324b4f5b203240032383a']",1.0,0.2,0.3333333333333333,False,0.5714285714285714,1024,True,5
"[""build"", ""ci"", ""feat"", ""docs"", ""fix""]","[""build"", ""ci"", ""feat"", ""docs"", ""fix""]",0.7929854393005371,"['5b81fde8a72cf2e69a10e9f5c4f0bea0a2b8c3e0', 'c5fa7b80438fbd74f4c341f0d3c9bd9e0f4910da', '68278b00450f2679761a2999500f6d87a579376b', 'a52a585d74894b3b4eeb8c784fa089ff95cddad0', '06e2be4e2019b6fa714e1fcb34485860ef1ede79']",1.0,1.0,1.0,True,0.0,1024,True,5
"[""test"", ""build"", ""refactor"", ""feat"", ""ci""]","[""test"", ""build"", ""refactor"", ""fix"", ""ci""]",0.8412637710571289,"['e0198f74b81da3663144cfe1d971939319f82a0f', '5b81fde8a72cf2e69a10e9f5c4f0bea0a2b8c3e0', '3cca5c314ad6feeffbfe1f14cf49ebd0fd9a95a2', '87d5d4e55ab7149b593d29410f1fe426ba2447d4', '74e9de5ec97dc013a52aa063dff0f40ac74c407b']",0.8,0.8,0.8000000000000002,False,0.2857142857142857,1024,True,5
"[""build"", ""fix"", ""docs"", ""ci"", ""test""]","[""feat"", ""build"", ""fix"", ""ci"", ""test""]",0.8154275417327881,"['6ed56ce9ae743ba9a87e6c9643cc06b1de7b748d', 'c323d59c607cabc91f17a78528d998f376f30b10', '87d5d4e55ab7149b593d29410f1fe426ba2447d4', 'c5fa7b80438fbd74f4c341f0d3c9bd9e0f4910da', 'e9617f0854030e70365eb264bcb3b58078e79e9e']",0.8,0.8,0.8000000000000002,False,0.2857142857142857,1024,True,5
"[""build"", ""test"", ""fix"", ""docs"", ""build""]","[""build"", ""test"", ""refactor"", ""feat"", ""ci""]",0.8030071258544922,"['5b81fde8a72cf2e69a10e9f5c4f0bea0a2b8c3e0', 'e9617f0854030e70365eb264bcb3b58078e79e9e', '2954a0955ce9af6acb345ed1e8328e145ad30475', '68278b00450f2679761a2999500f6d87a579376b', 'e96487ad7ce90b141219d9032fa2bed68d5dae6a']",0.5,0.4,0.4444444444444445,False,0.7142857142857143,1024,True,5
"[""build"", ""feat"", ""docs"", ""test"", ""fix""]","[""ci"", ""refactor"", ""docs"", ""feat"", ""fix""]",0.8198297023773193,"['4cbbd2552ba0de273e1dfe7d453c5b3efed751a3', '535708ae50aecb452560a23356fd396f99ef13a2', 'e12d9e77a6fd531a22325337838a841b1c67f00d', 'fd8e563cc19ca4684885d4692acee6bebcca4ada', '9be725fa3906323d4bc9788f54eccf74109d632b']",0.6,0.6,0.6,False,0.5714285714285714,1024,True,5
"[""ci"", ""docs"", ""fix"", ""docs"", ""refactor""]","[""ci"", ""fix"", ""feat"", ""docs"", ""refactor""]",0.8540427684783936,"['c5fa7b80438fbd74f4c341f0d3c9bd9e0f4910da', 'bed78248c941d57ad4cc20a455147e186e97c7a1', 'b282e90e2cbb74559aab79eee8443a4d7c85502a', 'bf83c9155e9bee6925aa7102fab53fb803d52533', '771857b1df9470ebc15357e8879118a72c649d5b']",1.0,0.8,0.888888888888889,False,0.1428571428571428,1024,True,5
