predicted_types,actual_types,inference_time,shas,precision,recall,f1,exact_match,hamming_loss,context_len,with_message,concern_count
"[""refactor""]","[""fix""]",0.2873661518096924,['87d5d4e55ab7149b593d29410f1fe426ba2447d4'],0.0,0.0,0.0,False,0.2857142857142857,2048,True,1
"[""test""]","[""test""]",0.3358304500579834,['317f4eefecddfb1392ca71d551840f446feee302'],1.0,1.0,1.0,True,0.0,2048,True,1
"[""ci""]","[""ci""]",0.3199577331542969,['c5fa7b80438fbd74f4c341f0d3c9bd9e0f4910da'],1.0,1.0,1.0,True,0.0,2048,True,1
"[""ci""]","[""ci""]",0.3059308528900146,['e7a67d88173566be3cd3aed7e9eeb7e29aabbc57'],1.0,1.0,1.0,True,0.0,2048,True,1
"[""fix""]","[""fix""]",0.274517297744751,['d129eaf9125a967ac86c6c7276bbae6b4d50af36'],1.0,1.0,1.0,True,0.0,2048,True,1
"[""build""]","[""build""]",0.2639722824096679,['1269431c8a3e7549f10fcbbb4b88ff625c8898b3'],1.0,1.0,1.0,True,0.0,2048,True,1
"[""feat""]","[""refactor""]",0.25795578956604,['535708ae50aecb452560a23356fd396f99ef13a2'],0.0,0.0,0.0,False,0.2857142857142857,2048,True,1
"[""feat""]","[""feat""]",0.2506453990936279,['68278b00450f2679761a2999500f6d87a579376b'],1.0,1.0,1.0,True,0.0,2048,True,1
"[""ci""]","[""ci""]",0.2283592224121093,['6c9cb638cb4d1ecc42632fcf389c24898c5b3244'],1.0,1.0,1.0,True,0.0,2048,True,1
"[""test""]","[""test""]",0.2434887886047363,['c7b25726df94a2530c9b1c0d2b6a0acaa103822f'],1.0,1.0,1.0,True,0.0,2048,True,1
"[""feat""]","[""feat""]",0.3279054164886474,['1bcf88670b50155b50071e707f98f30cea0b7a24'],1.0,1.0,1.0,True,0.0,2048,True,1
"[""build""]","[""build""]",0.3729248046875,['454003841aabeb74396d73541378bfa59c75b5db'],1.0,1.0,1.0,True,0.0,2048,True,1
"[""ci""]","[""ci""]",0.2253260612487793,['dbb537a26e388a8d7d17faf131abc30c2f7a84e6'],1.0,1.0,1.0,True,0.0,2048,True,1
"[""docs""]","[""docs""]",0.258019208908081,['bf83c9155e9bee6925aa7102fab53fb803d52533'],1.0,1.0,1.0,True,0.0,2048,True,1
"[""feat""]","[""feat""]",0.2565517425537109,['dc5238b2bda98a7c4f2fe9584fc3b0191a408109'],1.0,1.0,1.0,True,0.0,2048,True,1
"[""ci""]","[""ci""]",0.2879519462585449,['74e9de5ec97dc013a52aa063dff0f40ac74c407b'],1.0,1.0,1.0,True,0.0,2048,True,1
"[""test""]","[""test""]",0.2633352279663086,['b7ce2894fd1794064bd6db4ed730bb6cb7728739'],1.0,1.0,1.0,True,0.0,2048,True,1
"[""build""]","[""build""]",0.283618688583374,['32b92cfa0b74a6c25990e32ac6aab12b8496794c'],1.0,1.0,1.0,True,0.0,2048,True,1
"[""fix""]","[""fix""]",0.2892992496490478,['bed78248c941d57ad4cc20a455147e186e97c7a1'],1.0,1.0,1.0,True,0.0,2048,True,1
"[""test""]","[""test""]",0.2573018074035644,['f411e58cd510f8a2b980b2f1932003a0c0e9f8f3'],1.0,1.0,1.0,True,0.0,2048,True,1
"[""feat""]","[""feat""]",0.2515265941619873,['f9a094918b62534614c47aa8a13f33aec751a1e0'],1.0,1.0,1.0,True,0.0,2048,True,1
"[""docs""]","[""docs""]",0.2584764957427978,['aca23027da1295c78fdf42ba9687d8ccc88784d7'],1.0,1.0,1.0,True,0.0,2048,True,1
"[""build""]","[""build""]",0.2880041599273681,['37b1cbfd3d2c462ef4f2a131e4172c38dc8d9ddf'],1.0,1.0,1.0,True,0.0,2048,True,1
"[""feat""]","[""feat""]",0.5314638614654541,['e137f9fdbdb6bf3f85c3f7ac9323785e445844c8'],1.0,1.0,1.0,True,0.0,2048,True,1
"[""test""]","[""test""]",0.3079988956451416,['e0198f74b81da3663144cfe1d971939319f82a0f'],1.0,1.0,1.0,True,0.0,2048,True,1
"[""build""]","[""ci""]",0.2996397018432617,['45837af24a33308a70a3454f0f650f9fe728e272'],0.0,0.0,0.0,False,0.2857142857142857,2048,True,1
"[""docs""]","[""docs""]",0.2731611728668213,['0cfc5633d37ea06f645649138323f1820e18bdee'],1.0,1.0,1.0,True,0.0,2048,True,1
"[""test""]","[""test""]",0.4778165817260742,['8ee0611fbf0cd89abe7ae588f22e6ecb843598ea'],1.0,1.0,1.0,True,0.0,2048,True,1
"[""docs""]","[""docs""]",0.290565013885498,['c2ee5cd5e709afd15c5565ee009a0d204403a119'],1.0,1.0,1.0,True,0.0,2048,True,1
"[""fix""]","[""fix""]",0.2317101955413818,['d1d55e787b7d07f763852602b9939a5394607fd9'],1.0,1.0,1.0,True,0.0,2048,True,1
"[""build""]","[""build""]",0.2866096496582031,['c55591ba157298a9c5816693c102a89dfd058830'],1.0,1.0,1.0,True,0.0,2048,True,1
"[""build""]","[""fix""]",0.2289180755615234,['9be725fa3906323d4bc9788f54eccf74109d632b'],0.0,0.0,0.0,False,0.2857142857142857,2048,True,1
"[""build""]","[""build""]",0.2557694911956787,['f00a4d3e307b89842250358ee432e6800bb24362'],1.0,1.0,1.0,True,0.0,2048,True,1
"[""docs""]","[""docs""]",0.2583489418029785,['036a0ff49a7dade0e04c9c07071a1ff49133ee24'],1.0,1.0,1.0,True,0.0,2048,True,1
"[""docs""]","[""docs""]",0.2575247287750244,['6d405dfc1675dcad64a2dfac0c0cb0fb28381d21'],1.0,1.0,1.0,True,0.0,2048,True,1
"[""refactor""]","[""refactor""]",0.5590271949768066,['3cca5c314ad6feeffbfe1f14cf49ebd0fd9a95a2'],1.0,1.0,1.0,True,0.0,2048,True,1
"[""docs""]","[""docs""]",0.2820618152618408,['af880ac5b4fecbc6c4f3d1eee0d95f326e8bd9d1'],1.0,1.0,1.0,True,0.0,2048,True,1
"[""fix""]","[""fix""]",0.2299470901489257,['c8e0ae8612df3d6f2831acc004aaac332f6105e4'],1.0,1.0,1.0,True,0.0,2048,True,1
"[""refactor""]","[""refactor""]",0.4266974925994873,['771857b1df9470ebc15357e8879118a72c649d5b'],1.0,1.0,1.0,True,0.0,2048,True,1
"[""refactor""]","[""refactor""]",0.2824752330780029,['47ef9104e4a89e80d7cc6c1950bc080841da4a7b'],1.0,1.0,1.0,True,0.0,2048,True,1
"[""refactor""]","[""refactor""]",0.5597288608551025,['1db13ec43727aca872a0f3836e4023ed85db665e'],1.0,1.0,1.0,True,0.0,2048,True,1
"[""fix""]","[""fix""]",0.2303559780120849,['933ab6bb86372913c992567cf9660009900911a7'],1.0,1.0,1.0,True,0.0,2048,True,1
"[""test""]","[""test""]",0.2587068080902099,['e2e8ad25854bd1e7cdbc7f50b50bbd99e04ad47d'],1.0,1.0,1.0,True,0.0,2048,True,1
"[""build""]","[""build""]",0.2490980625152588,['c44cf88a6ec54e5ddd99d8348bcc57b301ec7945'],1.0,1.0,1.0,True,0.0,2048,True,1
"[""ci""]","[""ci""]",0.2322957515716552,['e96487ad7ce90b141219d9032fa2bed68d5dae6a'],1.0,1.0,1.0,True,0.0,2048,True,1
"[""build""]","[""build""]",0.2250950336456298,['5b81fde8a72cf2e69a10e9f5c4f0bea0a2b8c3e0'],1.0,1.0,1.0,True,0.0,2048,True,1
"[""docs""]","[""docs""]",0.528780460357666,['cb1f48b56ae0de93acb72e48726c7d610a1d538e'],1.0,1.0,1.0,True,0.0,2048,True,1
"[""fix""]","[""fix""]",0.3341197967529297,['2561f4ade46fc9d59f289f328cc77733a6443697'],1.0,1.0,1.0,True,0.0,2048,True,1
"[""fix""]","[""fix""]",0.2730824947357178,['06e2be4e2019b6fa714e1fcb34485860ef1ede79'],1.0,1.0,1.0,True,0.0,2048,True,1
"[""refactor""]","[""refactor""]",0.2878410816192627,['36556bf8e0bce4ab6d26eafacbdad04d9614a5d7'],1.0,1.0,1.0,True,0.0,2048,True,1
"[""build""]","[""build""]",0.2257056236267089,['c323d59c607cabc91f17a78528d998f376f30b10'],1.0,1.0,1.0,True,0.0,2048,True,1
"[""build""]","[""build""]",0.2869501113891601,['e4a11fd5c34942ba12737f1c8c084489428ee274'],1.0,1.0,1.0,True,0.0,2048,True,1
"[""fix""]","[""refactor""]",0.3213832378387451,['63eab619e6166eb6cab948028a7b89bf059dd878'],0.0,0.0,0.0,False,0.2857142857142857,2048,True,1
"[""docs""]","[""docs""]",0.2320029735565185,['a52a585d74894b3b4eeb8c784fa089ff95cddad0'],1.0,1.0,1.0,True,0.0,2048,True,1
"[""fix""]","[""feat""]",0.3006584644317627,['b282e90e2cbb74559aab79eee8443a4d7c85502a'],0.0,0.0,0.0,False,0.2857142857142857,2048,True,1
"[""feat""]","[""feat""]",0.3030309677124023,['f823cf28652987d43c8324b4f5b203240032383a'],1.0,1.0,1.0,True,0.0,2048,True,1
"[""fix""]","[""fix""]",0.260460615158081,['9ef5c0d14193a9abb09b39856f58477d1f4b0d77'],1.0,1.0,1.0,True,0.0,2048,True,1
"[""feat""]","[""feat""]",0.3293256759643554,['fd8e563cc19ca4684885d4692acee6bebcca4ada'],1.0,1.0,1.0,True,0.0,2048,True,1
"[""ci""]","[""ci""]",0.2450768947601318,['4cbbd2552ba0de273e1dfe7d453c5b3efed751a3'],1.0,1.0,1.0,True,0.0,2048,True,1
"[""ci""]","[""ci""]",0.3365640640258789,['173553c0372e66e03bdab19e0e6c2dd44daa14a0'],1.0,1.0,1.0,True,0.0,2048,True,1
"[""ci""]","[""ci""]",0.4592971801757812,['32845e1bbd1efb5dbc16f671049509a409ba25ce'],1.0,1.0,1.0,True,0.0,2048,True,1
"[""test""]","[""test""]",0.2588016986846924,['229b53a632ea97d47c4be11f096bdd828fb415d8'],1.0,1.0,1.0,True,0.0,2048,True,1
"[""docs""]","[""refactor""]",0.2592413425445556,['2954a0955ce9af6acb345ed1e8328e145ad30475'],0.0,0.0,0.0,False,0.2857142857142857,2048,True,1
"[""docs""]","[""refactor""]",0.2568109035491943,['a62314d9bb632be6af026686615d14b912250512'],0.0,0.0,0.0,False,0.2857142857142857,2048,True,1
"[""refactor""]","[""refactor""]",0.559960126876831,['062daa45cbd5dba6e96e95d8cdcaee89ae30a83c'],1.0,1.0,1.0,True,0.0,2048,True,1
"[""test""]","[""test""]",0.3038258552551269,['bedc7950b24c37809e36a585b7985d5aa5e3e458'],1.0,1.0,1.0,True,0.0,2048,True,1
"[""feat""]","[""feat""]",0.5321593284606934,['ded26d768ff432ad3bde3c0aa1e95ce50726100a'],1.0,1.0,1.0,True,0.0,2048,True,1
"[""build"", ""test""]","[""test""]",0.416107177734375,['e9617f0854030e70365eb264bcb3b58078e79e9e'],0.5,1.0,0.6666666666666666,False,0.1428571428571428,2048,True,1
"[""feat""]","[""feat""]",0.4385585784912109,['6ed56ce9ae743ba9a87e6c9643cc06b1de7b748d'],1.0,1.0,1.0,True,0.0,2048,True,1
"[""ci""]","[""docs""]",0.2437491416931152,['e12d9e77a6fd531a22325337838a841b1c67f00d'],0.0,0.0,0.0,False,0.2857142857142857,2048,True,1
"[""feat"", ""refactor""]","[""feat"", ""refactor""]",0.493800401687622,"['fd8e563cc19ca4684885d4692acee6bebcca4ada', '36556bf8e0bce4ab6d26eafacbdad04d9614a5d7']",1.0,1.0,1.0,True,0.0,2048,True,2
"[""build"", ""build""]","[""ci"", ""build""]",0.4203648567199707,"['45837af24a33308a70a3454f0f650f9fe728e272', '5b81fde8a72cf2e69a10e9f5c4f0bea0a2b8c3e0']",1.0,0.5,0.6666666666666666,False,0.1428571428571428,2048,True,2
"[""feat"", ""docs""]","[""refactor"", ""docs""]",0.3842971324920654,"['535708ae50aecb452560a23356fd396f99ef13a2', 'af880ac5b4fecbc6c4f3d1eee0d95f326e8bd9d1']",0.5,0.5,0.5,False,0.2857142857142857,2048,True,2
"[""fix"", ""feat""]","[""feat"", ""refactor""]",0.4802916049957275,"['68278b00450f2679761a2999500f6d87a579376b', '63eab619e6166eb6cab948028a7b89bf059dd878']",0.5,0.5,0.5,False,0.2857142857142857,2048,True,2
"[""ci"", ""test""]","[""ci"", ""test""]",0.3840920925140381,"['dbb537a26e388a8d7d17faf131abc30c2f7a84e6', 'f411e58cd510f8a2b980b2f1932003a0c0e9f8f3']",1.0,1.0,1.0,True,0.0,2048,True,2
"[""test"", ""ci""]","[""test"", ""ci""]",0.4340786933898926,"['e2e8ad25854bd1e7cdbc7f50b50bbd99e04ad47d', 'c5fa7b80438fbd74f4c341f0d3c9bd9e0f4910da']",1.0,1.0,1.0,True,0.0,2048,True,2
"[""build""]","[""ci"", ""build""]",0.3790357112884521,"['45837af24a33308a70a3454f0f650f9fe728e272', '1269431c8a3e7549f10fcbbb4b88ff625c8898b3']",1.0,0.5,0.6666666666666666,False,0.1428571428571428,2048,True,2
"[""refactor""]","[""feat"", ""test""]",0.4145519733428955,"['1bcf88670b50155b50071e707f98f30cea0b7a24', 'f411e58cd510f8a2b980b2f1932003a0c0e9f8f3']",0.0,0.0,0.0,False,0.4285714285714285,2048,True,2
"[""docs"", ""build""]","[""fix"", ""docs""]",0.3555023670196533,"['9be725fa3906323d4bc9788f54eccf74109d632b', '0cfc5633d37ea06f645649138323f1820e18bdee']",0.5,0.5,0.5,False,0.2857142857142857,2048,True,2
"[""docs"", ""ci""]","[""fix"", ""ci""]",0.3509659767150879,"['9be725fa3906323d4bc9788f54eccf74109d632b', 'e96487ad7ce90b141219d9032fa2bed68d5dae6a']",0.5,0.5,0.5,False,0.2857142857142857,2048,True,2
"[""build"", ""test""]","[""build"", ""test""]",0.5087018013000488,"['1269431c8a3e7549f10fcbbb4b88ff625c8898b3', '317f4eefecddfb1392ca71d551840f446feee302']",1.0,1.0,1.0,True,0.0,2048,True,2
"[""ci"", ""docs""]","[""ci"", ""docs""]",0.3816909790039062,"['dbb537a26e388a8d7d17faf131abc30c2f7a84e6', '0cfc5633d37ea06f645649138323f1820e18bdee']",1.0,1.0,1.0,True,0.0,2048,True,2
"[""refactor"", ""build""]","[""refactor"", ""build""]",0.6635799407958984,"['3cca5c314ad6feeffbfe1f14cf49ebd0fd9a95a2', '454003841aabeb74396d73541378bfa59c75b5db']",1.0,1.0,1.0,True,0.0,2048,True,2
"[""refactor"", ""feat""]","[""fix"", ""refactor""]",0.590155839920044,"['2561f4ade46fc9d59f289f328cc77733a6443697', '062daa45cbd5dba6e96e95d8cdcaee89ae30a83c']",0.5,0.5,0.5,False,0.2857142857142857,2048,True,2
"[""build"", ""ci""]","[""build"", ""ci""]",0.3564708232879638,"['c44cf88a6ec54e5ddd99d8348bcc57b301ec7945', 'dbb537a26e388a8d7d17faf131abc30c2f7a84e6']",1.0,1.0,1.0,True,0.0,2048,True,2
"[""docs"", ""fix""]","[""build"", ""refactor""]",0.4336187839508056,"['32b92cfa0b74a6c25990e32ac6aab12b8496794c', '63eab619e6166eb6cab948028a7b89bf059dd878']",0.0,0.0,0.0,False,0.5714285714285714,2048,True,2
"[""fix"", ""ci""]","[""feat"", ""docs""]",0.3541247844696045,"['dc5238b2bda98a7c4f2fe9584fc3b0191a408109', 'e12d9e77a6fd531a22325337838a841b1c67f00d']",0.0,0.0,0.0,False,0.5714285714285714,2048,True,2
"[""ci"", ""docs""]","[""ci"", ""docs""]",0.4802083969116211,"['32845e1bbd1efb5dbc16f671049509a409ba25ce', 'bf83c9155e9bee6925aa7102fab53fb803d52533']",1.0,1.0,1.0,True,0.0,2048,True,2
"[""docs"", ""build"", ""feat""]","[""fix"", ""feat""]",0.597541332244873,"['d129eaf9125a967ac86c6c7276bbae6b4d50af36', '6ed56ce9ae743ba9a87e6c9643cc06b1de7b748d']",0.3333333333333333,0.5,0.4,False,0.4285714285714285,2048,True,2
"[""refactor"", ""ci""]","[""feat"", ""ci""]",0.531123161315918,"['1bcf88670b50155b50071e707f98f30cea0b7a24', '74e9de5ec97dc013a52aa063dff0f40ac74c407b']",0.5,0.5,0.5,False,0.2857142857142857,2048,True,2
"[""docs"", ""ci""]","[""docs"", ""ci""]",0.3546593189239502,"['036a0ff49a7dade0e04c9c07071a1ff49133ee24', '4cbbd2552ba0de273e1dfe7d453c5b3efed751a3']",1.0,1.0,1.0,True,0.0,2048,True,2
"[""build"", ""docs""]","[""test"", ""docs""]",0.5755026340484619,"['e9617f0854030e70365eb264bcb3b58078e79e9e', 'cb1f48b56ae0de93acb72e48726c7d610a1d538e']",0.5,0.5,0.5,False,0.2857142857142857,2048,True,2
"[""docs""]","[""docs"", ""feat""]",0.3743698596954345,"['aca23027da1295c78fdf42ba9687d8ccc88784d7', 'f823cf28652987d43c8324b4f5b203240032383a']",1.0,0.5,0.6666666666666666,False,0.1428571428571428,2048,True,2
"[""refactor"", ""fix""]","[""refactor"", ""fix""]",0.3792591094970703,"['47ef9104e4a89e80d7cc6c1950bc080841da4a7b', '06e2be4e2019b6fa714e1fcb34485860ef1ede79']",1.0,1.0,1.0,True,0.0,2048,True,2
"[""build"", ""ci""]","[""build"", ""ci""]",0.3379645347595215,"['5b81fde8a72cf2e69a10e9f5c4f0bea0a2b8c3e0', 'dbb537a26e388a8d7d17faf131abc30c2f7a84e6']",1.0,1.0,1.0,True,0.0,2048,True,2
"[""build"", ""refactor""]","[""build"", ""refactor""]",0.37432861328125,"['5b81fde8a72cf2e69a10e9f5c4f0bea0a2b8c3e0', '36556bf8e0bce4ab6d26eafacbdad04d9614a5d7']",1.0,1.0,1.0,True,0.0,2048,True,2
"[""feat"", ""test""]","[""fix"", ""test""]",0.4298384189605713,"['9ef5c0d14193a9abb09b39856f58477d1f4b0d77', 'b7ce2894fd1794064bd6db4ed730bb6cb7728739']",0.5,0.5,0.5,False,0.2857142857142857,2048,True,2
"[""build"", ""docs""]","[""build"", ""docs""]",0.3881397247314453,"['c323d59c607cabc91f17a78528d998f376f30b10', 'c2ee5cd5e709afd15c5565ee009a0d204403a119']",1.0,1.0,1.0,True,0.0,2048,True,2
"[""fix"", ""ci""]","[""fix"", ""ci""]",0.3432512283325195,"['9be725fa3906323d4bc9788f54eccf74109d632b', 'dbb537a26e388a8d7d17faf131abc30c2f7a84e6']",1.0,1.0,1.0,True,0.0,2048,True,2
"[""docs"", ""ci""]","[""fix"", ""ci""]",0.4219908714294433,"['9be725fa3906323d4bc9788f54eccf74109d632b', 'e7a67d88173566be3cd3aed7e9eeb7e29aabbc57']",0.5,0.5,0.5,False,0.2857142857142857,2048,True,2
"[""docs"", ""refactor""]","[""docs"", ""refactor""]",0.5417129993438721,"['c2ee5cd5e709afd15c5565ee009a0d204403a119', '062daa45cbd5dba6e96e95d8cdcaee89ae30a83c']",1.0,1.0,1.0,True,0.0,2048,True,2
"[""fix"", ""feat"", ""refactor""]","[""fix"", ""feat""]",0.6026577949523926,"['933ab6bb86372913c992567cf9660009900911a7', 'e137f9fdbdb6bf3f85c3f7ac9323785e445844c8']",0.6666666666666666,1.0,0.8,False,0.1428571428571428,2048,True,2
"[""build"", ""fix""]","[""fix"", ""build""]",0.4106693267822265,"['9be725fa3906323d4bc9788f54eccf74109d632b', 'c44cf88a6ec54e5ddd99d8348bcc57b301ec7945']",1.0,1.0,1.0,True,0.0,2048,True,2
"[""build"", ""fix""]","[""ci"", ""docs""]",0.4775073528289795,"['173553c0372e66e03bdab19e0e6c2dd44daa14a0', 'e12d9e77a6fd531a22325337838a841b1c67f00d']",0.0,0.0,0.0,False,0.5714285714285714,2048,True,2
"[""ci"", ""feat""]","[""ci"", ""feat""]",0.4245307445526123,"['6c9cb638cb4d1ecc42632fcf389c24898c5b3244', 'f823cf28652987d43c8324b4f5b203240032383a']",1.0,1.0,1.0,True,0.0,2048,True,2
"[""ci"", ""docs""]","[""ci"", ""docs""]",0.4345967769622803,"['74e9de5ec97dc013a52aa063dff0f40ac74c407b', 'c2ee5cd5e709afd15c5565ee009a0d204403a119']",1.0,1.0,1.0,True,0.0,2048,True,2
"[""test"", ""build""]","[""test"", ""build""]",0.4593355655670166,"['317f4eefecddfb1392ca71d551840f446feee302', '5b81fde8a72cf2e69a10e9f5c4f0bea0a2b8c3e0']",1.0,1.0,1.0,True,0.0,2048,True,2
"[""docs"", ""feat""]","[""docs"", ""feat""]",0.4335765838623047,"['a52a585d74894b3b4eeb8c784fa089ff95cddad0', 'f823cf28652987d43c8324b4f5b203240032383a']",1.0,1.0,1.0,True,0.0,2048,True,2
"[""refactor"", ""build""]","[""refactor"", ""build""]",0.365422248840332,"['47ef9104e4a89e80d7cc6c1950bc080841da4a7b', '5b81fde8a72cf2e69a10e9f5c4f0bea0a2b8c3e0']",1.0,1.0,1.0,True,0.0,2048,True,2
"[""feat""]","[""feat"", ""refactor""]",0.5695583820343018,"['e137f9fdbdb6bf3f85c3f7ac9323785e445844c8', '771857b1df9470ebc15357e8879118a72c649d5b']",1.0,0.5,0.6666666666666666,False,0.1428571428571428,2048,True,2
"[""fix"", ""docs""]","[""feat"", ""fix""]",0.4961178302764892,"['6ed56ce9ae743ba9a87e6c9643cc06b1de7b748d', 'd1d55e787b7d07f763852602b9939a5394607fd9']",0.5,0.5,0.5,False,0.2857142857142857,2048,True,2
"[""build"", ""docs""]","[""build"", ""docs""]",0.3824927806854248,"['c323d59c607cabc91f17a78528d998f376f30b10', '0cfc5633d37ea06f645649138323f1820e18bdee']",1.0,1.0,1.0,True,0.0,2048,True,2
"[""test""]","[""test"", ""refactor""]",0.4141654968261719,"['8ee0611fbf0cd89abe7ae588f22e6ecb843598ea', '2954a0955ce9af6acb345ed1e8328e145ad30475']",1.0,0.5,0.6666666666666666,False,0.1428571428571428,2048,True,2
"[""refactor"", ""fix""]","[""refactor"", ""fix""]",0.3816461563110351,"['36556bf8e0bce4ab6d26eafacbdad04d9614a5d7', 'c8e0ae8612df3d6f2831acc004aaac332f6105e4']",1.0,1.0,1.0,True,0.0,2048,True,2
"[""build"", ""ci""]","[""build"", ""ci""]",0.5132460594177246,"['e4a11fd5c34942ba12737f1c8c084489428ee274', '173553c0372e66e03bdab19e0e6c2dd44daa14a0']",1.0,1.0,1.0,True,0.0,2048,True,2
"[""fix"", ""feat""]","[""fix"", ""feat""]",0.4202122688293457,"['c8e0ae8612df3d6f2831acc004aaac332f6105e4', 'f9a094918b62534614c47aa8a13f33aec751a1e0']",1.0,1.0,1.0,True,0.0,2048,True,2
"[""docs"", ""build""]","[""refactor"", ""docs""]",0.4992179870605469,"['771857b1df9470ebc15357e8879118a72c649d5b', '0cfc5633d37ea06f645649138323f1820e18bdee']",0.5,0.5,0.5,False,0.2857142857142857,2048,True,2
"[""fix"", ""feat""]","[""feat"", ""fix""]",0.4913225173950195,"['6ed56ce9ae743ba9a87e6c9643cc06b1de7b748d', '87d5d4e55ab7149b593d29410f1fe426ba2447d4']",1.0,1.0,1.0,True,0.0,2048,True,2
"[""refactor"", ""test""]","[""refactor"", ""test""]",0.5404617786407471,"['1db13ec43727aca872a0f3836e4023ed85db665e', '229b53a632ea97d47c4be11f096bdd828fb415d8']",1.0,1.0,1.0,True,0.0,2048,True,2
"[""test"", ""feat""]","[""test"", ""refactor""]",0.557443380355835,"['317f4eefecddfb1392ca71d551840f446feee302', '63eab619e6166eb6cab948028a7b89bf059dd878']",0.5,0.5,0.5,False,0.2857142857142857,2048,True,2
"[""build"", ""fix""]","[""docs"", ""build""]",0.384871244430542,"['e12d9e77a6fd531a22325337838a841b1c67f00d', 'c44cf88a6ec54e5ddd99d8348bcc57b301ec7945']",0.5,0.5,0.5,False,0.2857142857142857,2048,True,2
"[""refactor"", ""build""]","[""refactor"", ""build""]",0.5049810409545898,"['1db13ec43727aca872a0f3836e4023ed85db665e', '32b92cfa0b74a6c25990e32ac6aab12b8496794c']",1.0,1.0,1.0,True,0.0,2048,True,2
"[""docs""]","[""docs"", ""fix""]",0.3412528038024902,"['c2ee5cd5e709afd15c5565ee009a0d204403a119', 'bed78248c941d57ad4cc20a455147e186e97c7a1']",1.0,0.5,0.6666666666666666,False,0.1428571428571428,2048,True,2
"[""docs"", ""ci""]","[""docs"", ""ci""]",0.4653716087341308,"['bf83c9155e9bee6925aa7102fab53fb803d52533', '173553c0372e66e03bdab19e0e6c2dd44daa14a0']",1.0,1.0,1.0,True,0.0,2048,True,2
"[""refactor"", ""ci""]","[""refactor"", ""ci""]",0.440312385559082,"['36556bf8e0bce4ab6d26eafacbdad04d9614a5d7', '74e9de5ec97dc013a52aa063dff0f40ac74c407b']",1.0,1.0,1.0,True,0.0,2048,True,2
"[""test"", ""feat""]","[""test"", ""fix""]",0.4506103992462158,"['e9617f0854030e70365eb264bcb3b58078e79e9e', '87d5d4e55ab7149b593d29410f1fe426ba2447d4']",0.5,0.5,0.5,False,0.2857142857142857,2048,True,2
"[""fix""]","[""feat"", ""refactor""]",0.382678747177124,"['e137f9fdbdb6bf3f85c3f7ac9323785e445844c8', '47ef9104e4a89e80d7cc6c1950bc080841da4a7b']",0.0,0.0,0.0,False,0.4285714285714285,2048,True,2
"[""build"", ""ci""]","[""fix"", ""ci""]",0.4755113124847412,"['2561f4ade46fc9d59f289f328cc77733a6443697', '74e9de5ec97dc013a52aa063dff0f40ac74c407b']",0.5,0.5,0.5,False,0.2857142857142857,2048,True,2
"[""build"", ""ci""]","[""build"", ""ci""]",0.3491625785827636,"['5b81fde8a72cf2e69a10e9f5c4f0bea0a2b8c3e0', 'e96487ad7ce90b141219d9032fa2bed68d5dae6a']",1.0,1.0,1.0,True,0.0,2048,True,2
"[""build"", ""feat"", ""test""]","[""build"", ""test""]",0.5705270767211914,"['32b92cfa0b74a6c25990e32ac6aab12b8496794c', '8ee0611fbf0cd89abe7ae588f22e6ecb843598ea']",0.6666666666666666,1.0,0.8,False,0.1428571428571428,2048,True,2
"[""refactor"", ""ci""]","[""refactor"", ""ci""]",0.5667829513549805,"['1db13ec43727aca872a0f3836e4023ed85db665e', '74e9de5ec97dc013a52aa063dff0f40ac74c407b']",1.0,1.0,1.0,True,0.0,2048,True,2
"[""fix"", ""build""]","[""fix"", ""build""]",0.4584832191467285,"['2561f4ade46fc9d59f289f328cc77733a6443697', 'c55591ba157298a9c5816693c102a89dfd058830']",1.0,1.0,1.0,True,0.0,2048,True,2
"[""build"", ""refactor""]","[""build"", ""refactor""]",0.5022373199462891,"['5b81fde8a72cf2e69a10e9f5c4f0bea0a2b8c3e0', '1db13ec43727aca872a0f3836e4023ed85db665e']",1.0,1.0,1.0,True,0.0,2048,True,2
"[""test"", ""ci""]","[""test"", ""ci""]",0.4917676448822021,"['8ee0611fbf0cd89abe7ae588f22e6ecb843598ea', 'e96487ad7ce90b141219d9032fa2bed68d5dae6a']",1.0,1.0,1.0,True,0.0,2048,True,2
"[""test"", ""refactor""]","[""test"", ""refactor""]",0.5869522094726562,"['bedc7950b24c37809e36a585b7985d5aa5e3e458', '062daa45cbd5dba6e96e95d8cdcaee89ae30a83c']",1.0,1.0,1.0,True,0.0,2048,True,2
"[""ci"", ""feat""]","[""ci"", ""refactor""]",0.4988000392913818,"['74e9de5ec97dc013a52aa063dff0f40ac74c407b', '63eab619e6166eb6cab948028a7b89bf059dd878']",0.5,0.5,0.5,False,0.2857142857142857,2048,True,2
"[""test"", ""fix""]","[""test"", ""docs""]",0.458963394165039,"['317f4eefecddfb1392ca71d551840f446feee302', 'af880ac5b4fecbc6c4f3d1eee0d95f326e8bd9d1']",0.5,0.5,0.5,False,0.2857142857142857,2048,True,2
"[""feat"", ""fix""]","[""feat"", ""fix""]",0.3884081840515136,"['dc5238b2bda98a7c4f2fe9584fc3b0191a408109', '9ef5c0d14193a9abb09b39856f58477d1f4b0d77']",1.0,1.0,1.0,True,0.0,2048,True,2
"[""docs"", ""fix""]","[""build"", ""docs""]",0.4142818450927734,"['e4a11fd5c34942ba12737f1c8c084489428ee274', 'e12d9e77a6fd531a22325337838a841b1c67f00d']",0.5,0.5,0.5,False,0.2857142857142857,2048,True,2
"[""feat"", ""refactor""]","[""feat"", ""refactor""]",0.6091804504394531,"['6ed56ce9ae743ba9a87e6c9643cc06b1de7b748d', '63eab619e6166eb6cab948028a7b89bf059dd878']",1.0,1.0,1.0,True,0.0,2048,True,2
"[""ci""]","[""ci"", ""fix"", ""docs""]",0.3753411769866943,"['dbb537a26e388a8d7d17faf131abc30c2f7a84e6', 'd129eaf9125a967ac86c6c7276bbae6b4d50af36', 'cb1f48b56ae0de93acb72e48726c7d610a1d538e']",1.0,0.3333333333333333,0.5,False,0.2857142857142857,2048,True,3
"[""fix"", ""refactor"", ""feat""]","[""fix"", ""refactor"", ""feat""]",0.6721506118774414,"['933ab6bb86372913c992567cf9660009900911a7', '3cca5c314ad6feeffbfe1f14cf49ebd0fd9a95a2', '6ed56ce9ae743ba9a87e6c9643cc06b1de7b748d']",1.0,1.0,1.0,True,0.0,2048,True,3
"[""build"", ""feat"", ""refactor""]","[""build"", ""feat"", ""ci""]",0.6586647033691406,"['5b81fde8a72cf2e69a10e9f5c4f0bea0a2b8c3e0', 'e137f9fdbdb6bf3f85c3f7ac9323785e445844c8', '32845e1bbd1efb5dbc16f671049509a409ba25ce']",0.6666666666666666,0.6666666666666666,0.6666666666666666,False,0.2857142857142857,2048,True,3
"[""build"", ""docs"", ""feat""]","[""ci"", ""docs"", ""feat""]",0.6675276756286621,"['45837af24a33308a70a3454f0f650f9fe728e272', '6d405dfc1675dcad64a2dfac0c0cb0fb28381d21', 'f823cf28652987d43c8324b4f5b203240032383a']",0.6666666666666666,0.6666666666666666,0.6666666666666666,False,0.2857142857142857,2048,True,3
"[""ci"", ""docs"", ""build""]","[""ci"", ""docs"", ""build""]",0.4739100933074951,"['6c9cb638cb4d1ecc42632fcf389c24898c5b3244', 'bf83c9155e9bee6925aa7102fab53fb803d52533', 'c323d59c607cabc91f17a78528d998f376f30b10']",1.0,1.0,1.0,True,0.0,2048,True,3
"[""test"", ""fix"", ""docs""]","[""test"", ""docs"", ""fix""]",0.5258488655090332,"['229b53a632ea97d47c4be11f096bdd828fb415d8', 'e12d9e77a6fd531a22325337838a841b1c67f00d', 'd129eaf9125a967ac86c6c7276bbae6b4d50af36']",1.0,1.0,1.0,True,0.0,2048,True,3
"[""fix"", ""docs"", ""feat""]","[""feat"", ""docs"", ""refactor""]",0.5704638957977295,"['68278b00450f2679761a2999500f6d87a579376b', 'c2ee5cd5e709afd15c5565ee009a0d204403a119', '535708ae50aecb452560a23356fd396f99ef13a2']",0.6666666666666666,0.6666666666666666,0.6666666666666666,False,0.2857142857142857,2048,True,3
"[""docs"", ""build"", ""test""]","[""docs"", ""ci"", ""test""]",0.5152847766876221,"['0cfc5633d37ea06f645649138323f1820e18bdee', '6c9cb638cb4d1ecc42632fcf389c24898c5b3244', 'f411e58cd510f8a2b980b2f1932003a0c0e9f8f3']",0.6666666666666666,0.6666666666666666,0.6666666666666666,False,0.2857142857142857,2048,True,3
"[""docs"", ""fix"", ""refactor""]","[""build"", ""fix"", ""refactor""]",0.5523314476013184,"['1269431c8a3e7549f10fcbbb4b88ff625c8898b3', '933ab6bb86372913c992567cf9660009900911a7', '36556bf8e0bce4ab6d26eafacbdad04d9614a5d7']",0.6666666666666666,0.6666666666666666,0.6666666666666666,False,0.2857142857142857,2048,True,3
"[""test"", ""fix"", ""docs""]","[""test"", ""fix"", ""docs""]",0.5226967334747314,"['c7b25726df94a2530c9b1c0d2b6a0acaa103822f', '933ab6bb86372913c992567cf9660009900911a7', 'c2ee5cd5e709afd15c5565ee009a0d204403a119']",1.0,1.0,1.0,True,0.0,2048,True,3
"[""build"", ""refactor"", ""fix""]","[""build"", ""refactor"", ""fix""]",0.5927300453186035,"['32b92cfa0b74a6c25990e32ac6aab12b8496794c', '771857b1df9470ebc15357e8879118a72c649d5b', '06e2be4e2019b6fa714e1fcb34485860ef1ede79']",1.0,1.0,1.0,True,0.0,2048,True,3
"[""test"", ""docs"", ""build""]","[""test"", ""docs"", ""build""]",0.5241060256958008,"['f411e58cd510f8a2b980b2f1932003a0c0e9f8f3', '036a0ff49a7dade0e04c9c07071a1ff49133ee24', 'c44cf88a6ec54e5ddd99d8348bcc57b301ec7945']",1.0,1.0,1.0,True,0.0,2048,True,3
"[""docs"", ""test"", ""feat""]","[""feat"", ""test"", ""refactor""]",0.5964524745941162,"['6ed56ce9ae743ba9a87e6c9643cc06b1de7b748d', 'c7b25726df94a2530c9b1c0d2b6a0acaa103822f', '535708ae50aecb452560a23356fd396f99ef13a2']",0.6666666666666666,0.6666666666666666,0.6666666666666666,False,0.2857142857142857,2048,True,3
"[""docs"", ""test"", ""fix""]","[""docs"", ""feat"", ""fix""]",0.6021230220794678,"['6d405dfc1675dcad64a2dfac0c0cb0fb28381d21', 'ded26d768ff432ad3bde3c0aa1e95ce50726100a', 'd129eaf9125a967ac86c6c7276bbae6b4d50af36']",0.6666666666666666,0.6666666666666666,0.6666666666666666,False,0.2857142857142857,2048,True,3
"[""ci"", ""docs"", ""refactor""]","[""ci"", ""docs"", ""fix""]",0.675215482711792,"['e7a67d88173566be3cd3aed7e9eeb7e29aabbc57', 'c2ee5cd5e709afd15c5565ee009a0d204403a119', 'bed78248c941d57ad4cc20a455147e186e97c7a1']",0.6666666666666666,0.6666666666666666,0.6666666666666666,False,0.2857142857142857,2048,True,3
"[""ci"", ""docs"", ""fix""]","[""ci"", ""docs"", ""fix""]",0.5706701278686523,"['74e9de5ec97dc013a52aa063dff0f40ac74c407b', 'aca23027da1295c78fdf42ba9687d8ccc88784d7', 'd129eaf9125a967ac86c6c7276bbae6b4d50af36']",1.0,1.0,1.0,True,0.0,2048,True,3
"[""test"", ""fix"", ""build"", ""ci""]","[""test"", ""fix"", ""build""]",0.6617515087127686,"['c7b25726df94a2530c9b1c0d2b6a0acaa103822f', 'bed78248c941d57ad4cc20a455147e186e97c7a1', 'c55591ba157298a9c5816693c102a89dfd058830']",0.75,1.0,0.8571428571428571,False,0.1428571428571428,2048,True,3
"[""build"", ""ci"", ""feat"", ""docs""]","[""docs"", ""ci"", ""fix""]",0.7022273540496826,"['a52a585d74894b3b4eeb8c784fa089ff95cddad0', 'e7a67d88173566be3cd3aed7e9eeb7e29aabbc57', 'bed78248c941d57ad4cc20a455147e186e97c7a1']",0.5,0.6666666666666666,0.5714285714285715,False,0.4285714285714285,2048,True,3
"[""build"", ""ci"", ""test""]","[""build"", ""ci"", ""test""]",0.5200698375701904,"['f00a4d3e307b89842250358ee432e6800bb24362', '6c9cb638cb4d1ecc42632fcf389c24898c5b3244', 'c7b25726df94a2530c9b1c0d2b6a0acaa103822f']",1.0,1.0,1.0,True,0.0,2048,True,3
"[""refactor"", ""fix"", ""feat""]","[""refactor"", ""feat"", ""fix""]",0.5771517753601074,"['2954a0955ce9af6acb345ed1e8328e145ad30475', 'dc5238b2bda98a7c4f2fe9584fc3b0191a408109', '9ef5c0d14193a9abb09b39856f58477d1f4b0d77']",1.0,1.0,1.0,True,0.0,2048,True,3
"[""build"", ""test"", ""fix""]","[""ci"", ""test"", ""fix""]",0.522392988204956,"['4cbbd2552ba0de273e1dfe7d453c5b3efed751a3', 'f411e58cd510f8a2b980b2f1932003a0c0e9f8f3', '06e2be4e2019b6fa714e1fcb34485860ef1ede79']",0.6666666666666666,0.6666666666666666,0.6666666666666666,False,0.2857142857142857,2048,True,3
"[""fix"", ""refactor"", ""build""]","[""feat"", ""refactor"", ""build""]",0.7014713287353516,"['b282e90e2cbb74559aab79eee8443a4d7c85502a', '1db13ec43727aca872a0f3836e4023ed85db665e', '37b1cbfd3d2c462ef4f2a131e4172c38dc8d9ddf']",0.6666666666666666,0.6666666666666666,0.6666666666666666,False,0.2857142857142857,2048,True,3
"[""fix"", ""feat"", ""build""]","[""fix"", ""feat"", ""ci""]",0.6507980823516846,"['d129eaf9125a967ac86c6c7276bbae6b4d50af36', 'fd8e563cc19ca4684885d4692acee6bebcca4ada', '173553c0372e66e03bdab19e0e6c2dd44daa14a0']",0.6666666666666666,0.6666666666666666,0.6666666666666666,False,0.2857142857142857,2048,True,3
"[""docs"", ""test"", ""build""]","[""docs"", ""refactor"", ""test""]",0.5856406688690186,"['036a0ff49a7dade0e04c9c07071a1ff49133ee24', '63eab619e6166eb6cab948028a7b89bf059dd878', '229b53a632ea97d47c4be11f096bdd828fb415d8']",0.6666666666666666,0.6666666666666666,0.6666666666666666,False,0.2857142857142857,2048,True,3
"[""test"", ""ci"", ""fix""]","[""test"", ""ci"", ""feat""]",0.6344125270843506,"['c7b25726df94a2530c9b1c0d2b6a0acaa103822f', '32845e1bbd1efb5dbc16f671049509a409ba25ce', 'b282e90e2cbb74559aab79eee8443a4d7c85502a']",0.6666666666666666,0.6666666666666666,0.6666666666666666,False,0.2857142857142857,2048,True,3
"[""feat"", ""build"", ""refactor""]","[""feat"", ""build"", ""refactor""]",0.5195391178131104,"['f9a094918b62534614c47aa8a13f33aec751a1e0', '5b81fde8a72cf2e69a10e9f5c4f0bea0a2b8c3e0', '36556bf8e0bce4ab6d26eafacbdad04d9614a5d7']",1.0,1.0,1.0,True,0.0,2048,True,3
"[""feat"", ""build"", ""docs""]","[""feat"", ""build"", ""docs""]",0.6019260883331299,"['e137f9fdbdb6bf3f85c3f7ac9323785e445844c8', '37b1cbfd3d2c462ef4f2a131e4172c38dc8d9ddf', 'e12d9e77a6fd531a22325337838a841b1c67f00d']",1.0,1.0,1.0,True,0.0,2048,True,3
"[""build"", ""refactor"", ""ci""]","[""build"", ""refactor"", ""ci""]",0.5518293380737305,"['f00a4d3e307b89842250358ee432e6800bb24362', '36556bf8e0bce4ab6d26eafacbdad04d9614a5d7', '4cbbd2552ba0de273e1dfe7d453c5b3efed751a3']",1.0,1.0,1.0,True,0.0,2048,True,3
"[""docs"", ""ci"", ""build""]","[""docs"", ""ci"", ""build""]",0.6478466987609863,"['cb1f48b56ae0de93acb72e48726c7d610a1d538e', 'e96487ad7ce90b141219d9032fa2bed68d5dae6a', '454003841aabeb74396d73541378bfa59c75b5db']",1.0,1.0,1.0,True,0.0,2048,True,3
"[""fix"", ""test"", ""build""]","[""fix"", ""test"", ""build""]",0.5255649089813232,"['d129eaf9125a967ac86c6c7276bbae6b4d50af36', 'e2e8ad25854bd1e7cdbc7f50b50bbd99e04ad47d', '1269431c8a3e7549f10fcbbb4b88ff625c8898b3']",1.0,1.0,1.0,True,0.0,2048,True,3
"[""docs"", ""fix"", ""refactor""]","[""refactor"", ""docs"", ""feat""]",0.6122767925262451,"['2954a0955ce9af6acb345ed1e8328e145ad30475', 'a52a585d74894b3b4eeb8c784fa089ff95cddad0', 'b282e90e2cbb74559aab79eee8443a4d7c85502a']",0.6666666666666666,0.6666666666666666,0.6666666666666666,False,0.2857142857142857,2048,True,3
"[""docs"", ""refactor"", ""test""]","[""docs"", ""refactor"", ""test""]",0.6674597263336182,"['0cfc5633d37ea06f645649138323f1820e18bdee', '1db13ec43727aca872a0f3836e4023ed85db665e', 'bedc7950b24c37809e36a585b7985d5aa5e3e458']",1.0,1.0,1.0,True,0.0,2048,True,3
"[""build"", ""docs"", ""test""]","[""fix"", ""docs"", ""test""]",0.4926366806030273,"['933ab6bb86372913c992567cf9660009900911a7', '0cfc5633d37ea06f645649138323f1820e18bdee', 'c7b25726df94a2530c9b1c0d2b6a0acaa103822f']",0.6666666666666666,0.6666666666666666,0.6666666666666666,False,0.2857142857142857,2048,True,3
"[""refactor"", ""ci"", ""test""]","[""refactor"", ""ci"", ""test""]",0.5431680679321289,"['36556bf8e0bce4ab6d26eafacbdad04d9614a5d7', '6c9cb638cb4d1ecc42632fcf389c24898c5b3244', '229b53a632ea97d47c4be11f096bdd828fb415d8']",1.0,1.0,1.0,True,0.0,2048,True,3
"[""ci"", ""test"", ""docs""]","[""ci"", ""test"", ""docs""]",0.6306548118591309,"['c5fa7b80438fbd74f4c341f0d3c9bd9e0f4910da', '229b53a632ea97d47c4be11f096bdd828fb415d8', 'aca23027da1295c78fdf42ba9687d8ccc88784d7']",1.0,1.0,1.0,True,0.0,2048,True,3
"[""feat"", ""docs"", ""fix""]","[""feat"", ""docs"", ""fix""]",0.6007707118988037,"['f823cf28652987d43c8324b4f5b203240032383a', '0cfc5633d37ea06f645649138323f1820e18bdee', '9ef5c0d14193a9abb09b39856f58477d1f4b0d77']",1.0,1.0,1.0,True,0.0,2048,True,3
"[""test"", ""fix"", ""build"", ""docs""]","[""test"", ""fix"", ""build""]",0.6847963333129883,"['317f4eefecddfb1392ca71d551840f446feee302', '06e2be4e2019b6fa714e1fcb34485860ef1ede79', 'c55591ba157298a9c5816693c102a89dfd058830']",0.75,1.0,0.8571428571428571,False,0.1428571428571428,2048,True,3
"[""docs"", ""fix"", ""refactor""]","[""feat"", ""docs"", ""refactor""]",0.587965726852417,"['e137f9fdbdb6bf3f85c3f7ac9323785e445844c8', 'bf83c9155e9bee6925aa7102fab53fb803d52533', '36556bf8e0bce4ab6d26eafacbdad04d9614a5d7']",0.6666666666666666,0.6666666666666666,0.6666666666666666,False,0.2857142857142857,2048,True,3
"[""fix"", ""build"", ""fix""]","[""fix"", ""ci"", ""build""]",0.5066795349121094,"['d129eaf9125a967ac86c6c7276bbae6b4d50af36', '6c9cb638cb4d1ecc42632fcf389c24898c5b3244', 'c44cf88a6ec54e5ddd99d8348bcc57b301ec7945']",1.0,0.6666666666666666,0.8,False,0.1428571428571428,2048,True,3
"[""refactor"", ""fix"", ""test"", ""docs""]","[""fix"", ""refactor"", ""docs""]",0.7106349468231201,"['2561f4ade46fc9d59f289f328cc77733a6443697', '2954a0955ce9af6acb345ed1e8328e145ad30475', 'a52a585d74894b3b4eeb8c784fa089ff95cddad0']",0.75,1.0,0.8571428571428571,False,0.1428571428571428,2048,True,3
"[""build"", ""fix""]","[""build"", ""feat"", ""fix""]",0.3989362716674804,"['c55591ba157298a9c5816693c102a89dfd058830', 'dc5238b2bda98a7c4f2fe9584fc3b0191a408109', '9be725fa3906323d4bc9788f54eccf74109d632b']",1.0,0.6666666666666666,0.8,False,0.1428571428571428,2048,True,3
"[""test"", ""refactor"", ""feat""]","[""test"", ""refactor"", ""feat""]",0.623194694519043,"['229b53a632ea97d47c4be11f096bdd828fb415d8', '36556bf8e0bce4ab6d26eafacbdad04d9614a5d7', 'ded26d768ff432ad3bde3c0aa1e95ce50726100a']",1.0,1.0,1.0,True,0.0,2048,True,3
"[""test"", ""build"", ""docs"", ""ci""]","[""test"", ""build"", ""ci""]",0.7604362964630127,"['e0198f74b81da3663144cfe1d971939319f82a0f', 'c55591ba157298a9c5816693c102a89dfd058830', 'e7a67d88173566be3cd3aed7e9eeb7e29aabbc57']",0.75,1.0,0.8571428571428571,False,0.1428571428571428,2048,True,3
"[""test"", ""fix"", ""docs""]","[""test"", ""fix"", ""docs""]",0.5885441303253174,"['bedc7950b24c37809e36a585b7985d5aa5e3e458', '933ab6bb86372913c992567cf9660009900911a7', '6d405dfc1675dcad64a2dfac0c0cb0fb28381d21']",1.0,1.0,1.0,True,0.0,2048,True,3
"[""fix"", ""build"", ""test""]","[""fix"", ""build"", ""test""]",0.5629923343658447,"['d129eaf9125a967ac86c6c7276bbae6b4d50af36', '32b92cfa0b74a6c25990e32ac6aab12b8496794c', '317f4eefecddfb1392ca71d551840f446feee302']",1.0,1.0,1.0,True,0.0,2048,True,3
"[""feat"", ""build"", ""ci""]","[""feat"", ""fix"", ""ci""]",0.63336181640625,"['f823cf28652987d43c8324b4f5b203240032383a', '9be725fa3906323d4bc9788f54eccf74109d632b', '32845e1bbd1efb5dbc16f671049509a409ba25ce']",0.6666666666666666,0.6666666666666666,0.6666666666666666,False,0.2857142857142857,2048,True,3
"[""feat"", ""docs"", ""build""]","[""fix"", ""docs"", ""build""]",0.5695371627807617,"['9ef5c0d14193a9abb09b39856f58477d1f4b0d77', 'a52a585d74894b3b4eeb8c784fa089ff95cddad0', '37b1cbfd3d2c462ef4f2a131e4172c38dc8d9ddf']",0.6666666666666666,0.6666666666666666,0.6666666666666666,False,0.2857142857142857,2048,True,3
"[""refactor"", ""ci"", ""docs""]","[""fix"", ""ci"", ""docs""]",0.5818636417388916,"['87d5d4e55ab7149b593d29410f1fe426ba2447d4', '4cbbd2552ba0de273e1dfe7d453c5b3efed751a3', '6d405dfc1675dcad64a2dfac0c0cb0fb28381d21']",0.6666666666666666,0.6666666666666666,0.6666666666666666,False,0.2857142857142857,2048,True,3
"[""feat"", ""docs"", ""refactor""]","[""feat"", ""docs"", ""fix""]",0.7118089199066162,"['fd8e563cc19ca4684885d4692acee6bebcca4ada', 'cb1f48b56ae0de93acb72e48726c7d610a1d538e', 'bed78248c941d57ad4cc20a455147e186e97c7a1']",0.6666666666666666,0.6666666666666666,0.6666666666666666,False,0.2857142857142857,2048,True,3
"[""feat"", ""feat"", ""refactor""]","[""feat"", ""fix"", ""refactor""]",0.7020955085754395,"['1bcf88670b50155b50071e707f98f30cea0b7a24', '9ef5c0d14193a9abb09b39856f58477d1f4b0d77', '062daa45cbd5dba6e96e95d8cdcaee89ae30a83c']",1.0,0.6666666666666666,0.8,False,0.1428571428571428,2048,True,3
"[""refactor"", ""docs"", ""test""]","[""fix"", ""docs"", ""test""]",0.6529881954193115,"['bed78248c941d57ad4cc20a455147e186e97c7a1', 'a52a585d74894b3b4eeb8c784fa089ff95cddad0', 'e9617f0854030e70365eb264bcb3b58078e79e9e']",0.6666666666666666,0.6666666666666666,0.6666666666666666,False,0.2857142857142857,2048,True,3
"[""docs"", ""fix"", ""feat""]","[""docs"", ""ci"", ""feat""]",0.5884075164794922,"['c2ee5cd5e709afd15c5565ee009a0d204403a119', 'dbb537a26e388a8d7d17faf131abc30c2f7a84e6', 'ded26d768ff432ad3bde3c0aa1e95ce50726100a']",0.6666666666666666,0.6666666666666666,0.6666666666666666,False,0.2857142857142857,2048,True,3
"[""build"", ""ci"", ""feat""]","[""build"", ""ci"", ""refactor""]",0.6395418643951416,"['454003841aabeb74396d73541378bfa59c75b5db', 'dbb537a26e388a8d7d17faf131abc30c2f7a84e6', '062daa45cbd5dba6e96e95d8cdcaee89ae30a83c']",0.6666666666666666,0.6666666666666666,0.6666666666666666,False,0.2857142857142857,2048,True,3
"[""feat"", ""docs"", ""test""]","[""feat"", ""fix"", ""test""]",0.5989799499511719,"['fd8e563cc19ca4684885d4692acee6bebcca4ada', 'd1d55e787b7d07f763852602b9939a5394607fd9', 'b7ce2894fd1794064bd6db4ed730bb6cb7728739']",0.6666666666666666,0.6666666666666666,0.6666666666666666,False,0.2857142857142857,2048,True,3
"[""docs"", ""fix"", ""build""]","[""docs"", ""test"", ""build""]",0.570791482925415,"['bf83c9155e9bee6925aa7102fab53fb803d52533', 'b7ce2894fd1794064bd6db4ed730bb6cb7728739', '37b1cbfd3d2c462ef4f2a131e4172c38dc8d9ddf']",0.6666666666666666,0.6666666666666666,0.6666666666666666,False,0.2857142857142857,2048,True,3
"[""fix"", ""ci"", ""test""]","[""fix"", ""ci"", ""test""]",0.6465458869934082,"['d129eaf9125a967ac86c6c7276bbae6b4d50af36', 'e7a67d88173566be3cd3aed7e9eeb7e29aabbc57', '317f4eefecddfb1392ca71d551840f446feee302']",1.0,1.0,1.0,True,0.0,2048,True,3
"[""docs"", ""fix"", ""build""]","[""docs"", ""fix"", ""ci""]",0.5156524181365967,"['c2ee5cd5e709afd15c5565ee009a0d204403a119', 'd1d55e787b7d07f763852602b9939a5394607fd9', '6c9cb638cb4d1ecc42632fcf389c24898c5b3244']",0.6666666666666666,0.6666666666666666,0.6666666666666666,False,0.2857142857142857,2048,True,3
"[""ci"", ""fix"", ""docs""]","[""ci"", ""fix"", ""docs""]",0.4817399978637695,"['dbb537a26e388a8d7d17faf131abc30c2f7a84e6', 'c8e0ae8612df3d6f2831acc004aaac332f6105e4', 'e12d9e77a6fd531a22325337838a841b1c67f00d']",1.0,1.0,1.0,True,0.0,2048,True,3
"[""build"", ""build"", ""docs""]","[""build"", ""docs"", ""refactor""]",0.5256435871124268,"['c55591ba157298a9c5816693c102a89dfd058830', 'c2ee5cd5e709afd15c5565ee009a0d204403a119', 'a62314d9bb632be6af026686615d14b912250512']",1.0,0.6666666666666666,0.8,False,0.1428571428571428,2048,True,3
"[""docs"", ""build"", ""refactor""]","[""fix"", ""build"", ""refactor""]",0.5879392623901367,"['d1d55e787b7d07f763852602b9939a5394607fd9', '32b92cfa0b74a6c25990e32ac6aab12b8496794c', '062daa45cbd5dba6e96e95d8cdcaee89ae30a83c']",0.6666666666666666,0.6666666666666666,0.6666666666666666,False,0.2857142857142857,2048,True,3
"[""test"", ""fix"", ""build""]","[""test"", ""docs"", ""build""]",0.5578939914703369,"['f411e58cd510f8a2b980b2f1932003a0c0e9f8f3', 'af880ac5b4fecbc6c4f3d1eee0d95f326e8bd9d1', '1269431c8a3e7549f10fcbbb4b88ff625c8898b3']",0.6666666666666666,0.6666666666666666,0.6666666666666666,False,0.2857142857142857,2048,True,3
"[""feat"", ""test"", ""test""]","[""feat"", ""fix"", ""test""]",0.586754322052002,"['f9a094918b62534614c47aa8a13f33aec751a1e0', '87d5d4e55ab7149b593d29410f1fe426ba2447d4', '317f4eefecddfb1392ca71d551840f446feee302']",1.0,0.6666666666666666,0.8,False,0.1428571428571428,2048,True,3
"[""test"", ""fix"", ""feat""]","[""test"", ""fix"", ""feat""]",0.5856685638427734,"['229b53a632ea97d47c4be11f096bdd828fb415d8', 'c8e0ae8612df3d6f2831acc004aaac332f6105e4', 'f823cf28652987d43c8324b4f5b203240032383a']",1.0,1.0,1.0,True,0.0,2048,True,3
"[""refactor"", ""fix"", ""fix""]","[""feat"", ""fix"", ""docs""]",0.5065758228302002,"['dc5238b2bda98a7c4f2fe9584fc3b0191a408109', '06e2be4e2019b6fa714e1fcb34485860ef1ede79', 'af880ac5b4fecbc6c4f3d1eee0d95f326e8bd9d1']",0.5,0.3333333333333333,0.4,False,0.4285714285714285,2048,True,3
"[""ci"", ""test"", ""fix""]","[""ci"", ""docs"", ""test""]",0.5691113471984863,"['173553c0372e66e03bdab19e0e6c2dd44daa14a0', 'e12d9e77a6fd531a22325337838a841b1c67f00d', 'c7b25726df94a2530c9b1c0d2b6a0acaa103822f']",0.6666666666666666,0.6666666666666666,0.6666666666666666,False,0.2857142857142857,2048,True,3
"[""ci"", ""fix"", ""docs""]","[""ci"", ""fix"", ""docs""]",0.5601017475128174,"['dbb537a26e388a8d7d17faf131abc30c2f7a84e6', '2561f4ade46fc9d59f289f328cc77733a6443697', 'e12d9e77a6fd531a22325337838a841b1c67f00d']",1.0,1.0,1.0,True,0.0,2048,True,3
"[""feat"", ""docs"", ""fix"", ""test""]","[""feat"", ""fix"", ""test""]",0.7233493328094482,"['f823cf28652987d43c8324b4f5b203240032383a', '9ef5c0d14193a9abb09b39856f58477d1f4b0d77', '229b53a632ea97d47c4be11f096bdd828fb415d8']",0.75,1.0,0.8571428571428571,False,0.1428571428571428,2048,True,3
"[""feat"", ""ci"", ""fix""]","[""docs"", ""ci"", ""feat""]",0.6643078327178955,"['6d405dfc1675dcad64a2dfac0c0cb0fb28381d21', '173553c0372e66e03bdab19e0e6c2dd44daa14a0', 'b282e90e2cbb74559aab79eee8443a4d7c85502a']",0.6666666666666666,0.6666666666666666,0.6666666666666666,False,0.2857142857142857,2048,True,3
"[""ci"", ""docs"", ""build""]","[""ci"", ""docs"", ""build""]",0.5718100070953369,"['c5fa7b80438fbd74f4c341f0d3c9bd9e0f4910da', '036a0ff49a7dade0e04c9c07071a1ff49133ee24', 'c44cf88a6ec54e5ddd99d8348bcc57b301ec7945']",1.0,1.0,1.0,True,0.0,2048,True,3
"[""ci"", ""fix"", ""build""]","[""ci"", ""feat"", ""build""]",0.6755340099334717,"['32845e1bbd1efb5dbc16f671049509a409ba25ce', 'b282e90e2cbb74559aab79eee8443a4d7c85502a', '37b1cbfd3d2c462ef4f2a131e4172c38dc8d9ddf']",0.6666666666666666,0.6666666666666666,0.6666666666666666,False,0.2857142857142857,2048,True,3
"[""test"", ""build"", ""fix"", ""feat""]","[""test"", ""build"", ""fix"", ""feat""]",0.6880655288696289,"['e0198f74b81da3663144cfe1d971939319f82a0f', 'f00a4d3e307b89842250358ee432e6800bb24362', 'd129eaf9125a967ac86c6c7276bbae6b4d50af36', 'dc5238b2bda98a7c4f2fe9584fc3b0191a408109']",1.0,1.0,1.0,True,0.0,2048,True,4
"[""ci"", ""build"", ""test"", ""docs""]","[""ci"", ""build"", ""test"", ""docs""]",0.69464111328125,"['c5fa7b80438fbd74f4c341f0d3c9bd9e0f4910da', '1269431c8a3e7549f10fcbbb4b88ff625c8898b3', 'e2e8ad25854bd1e7cdbc7f50b50bbd99e04ad47d', '036a0ff49a7dade0e04c9c07071a1ff49133ee24']",1.0,1.0,1.0,True,0.0,2048,True,4
"[""refactor"", ""fix"", ""docs"", ""test""]","[""refactor"", ""feat"", ""docs"", ""test""]",0.7523455619812012,"['3cca5c314ad6feeffbfe1f14cf49ebd0fd9a95a2', 'dc5238b2bda98a7c4f2fe9584fc3b0191a408109', 'aca23027da1295c78fdf42ba9687d8ccc88784d7', '229b53a632ea97d47c4be11f096bdd828fb415d8']",0.75,0.75,0.75,False,0.2857142857142857,2048,True,4
"[""fix"", ""test"", ""build"", ""feat""]","[""fix"", ""test"", ""build"", ""refactor""]",0.7278625965118408,"['d1d55e787b7d07f763852602b9939a5394607fd9', 'bedc7950b24c37809e36a585b7985d5aa5e3e458', 'c55591ba157298a9c5816693c102a89dfd058830', '535708ae50aecb452560a23356fd396f99ef13a2']",0.75,0.75,0.75,False,0.2857142857142857,2048,True,4
"[""docs"", ""build"", ""build"", ""feat""]","[""docs"", ""build"", ""ci"", ""feat""]",0.75980544090271,"['a52a585d74894b3b4eeb8c784fa089ff95cddad0', '1269431c8a3e7549f10fcbbb4b88ff625c8898b3', '45837af24a33308a70a3454f0f650f9fe728e272', 'e137f9fdbdb6bf3f85c3f7ac9323785e445844c8']",1.0,0.75,0.8571428571428571,False,0.1428571428571428,2048,True,4
"[""test"", ""fix"", ""feat"", ""ci""]","[""test"", ""fix"", ""refactor"", ""ci""]",0.8010962009429932,"['e9617f0854030e70365eb264bcb3b58078e79e9e', 'bed78248c941d57ad4cc20a455147e186e97c7a1', '535708ae50aecb452560a23356fd396f99ef13a2', 'c5fa7b80438fbd74f4c341f0d3c9bd9e0f4910da']",0.75,0.75,0.75,False,0.2857142857142857,2048,True,4
"[""ci""]","[""ci"", ""fix"", ""feat"", ""refactor""]",0.4929609298706054,"['e7a67d88173566be3cd3aed7e9eeb7e29aabbc57', 'bed78248c941d57ad4cc20a455147e186e97c7a1', 'f823cf28652987d43c8324b4f5b203240032383a', '2954a0955ce9af6acb345ed1e8328e145ad30475']",1.0,0.25,0.4,False,0.4285714285714285,2048,True,4
"[""docs"", ""ci"", ""test"", ""fix""]","[""docs"", ""ci"", ""test"", ""refactor""]",0.779865026473999,"['aca23027da1295c78fdf42ba9687d8ccc88784d7', '74e9de5ec97dc013a52aa063dff0f40ac74c407b', '317f4eefecddfb1392ca71d551840f446feee302', '3cca5c314ad6feeffbfe1f14cf49ebd0fd9a95a2']",0.75,0.75,0.75,False,0.2857142857142857,2048,True,4
"[""docs"", ""feat"", ""build"", ""ci""]","[""fix"", ""feat"", ""build"", ""docs""]",0.6559667587280273,"['9be725fa3906323d4bc9788f54eccf74109d632b', 'e137f9fdbdb6bf3f85c3f7ac9323785e445844c8', 'c323d59c607cabc91f17a78528d998f376f30b10', '0cfc5633d37ea06f645649138323f1820e18bdee']",0.75,0.75,0.75,False,0.2857142857142857,2048,True,4
"[""docs"", ""fix"", ""test"", ""feat""]","[""docs"", ""feat"", ""test"", ""fix""]",0.695094108581543,"['0cfc5633d37ea06f645649138323f1820e18bdee', '1bcf88670b50155b50071e707f98f30cea0b7a24', '229b53a632ea97d47c4be11f096bdd828fb415d8', '87d5d4e55ab7149b593d29410f1fe426ba2447d4']",1.0,1.0,1.0,True,0.0,2048,True,4
"[""build"", ""docs"", ""refactor"", ""test"", ""ci""]","[""build"", ""refactor"", ""test"", ""ci""]",0.800858736038208,"['c55591ba157298a9c5816693c102a89dfd058830', '062daa45cbd5dba6e96e95d8cdcaee89ae30a83c', 'c7b25726df94a2530c9b1c0d2b6a0acaa103822f', 'dbb537a26e388a8d7d17faf131abc30c2f7a84e6']",0.8,1.0,0.888888888888889,False,0.1428571428571428,2048,True,4
"[""fix"", ""test"", ""refactor""]","[""feat"", ""fix"", ""test"", ""refactor""]",0.5508255958557129,"['dc5238b2bda98a7c4f2fe9584fc3b0191a408109', 'c8e0ae8612df3d6f2831acc004aaac332f6105e4', 'f411e58cd510f8a2b980b2f1932003a0c0e9f8f3', '47ef9104e4a89e80d7cc6c1950bc080841da4a7b']",1.0,0.75,0.8571428571428571,False,0.1428571428571428,2048,True,4
"[""fix"", ""docs"", ""test"", ""ci""]","[""refactor"", ""docs"", ""test"", ""ci""]",0.7621290683746338,"['63eab619e6166eb6cab948028a7b89bf059dd878', 'aca23027da1295c78fdf42ba9687d8ccc88784d7', 'f411e58cd510f8a2b980b2f1932003a0c0e9f8f3', 'e7a67d88173566be3cd3aed7e9eeb7e29aabbc57']",0.75,0.75,0.75,False,0.2857142857142857,2048,True,4
"[""docs"", ""refactor"", ""fix"", ""docs""]","[""docs"", ""refactor"", ""test"", ""fix""]",0.7731127738952637,"['aca23027da1295c78fdf42ba9687d8ccc88784d7', '062daa45cbd5dba6e96e95d8cdcaee89ae30a83c', 'b7ce2894fd1794064bd6db4ed730bb6cb7728739', '06e2be4e2019b6fa714e1fcb34485860ef1ede79']",1.0,0.75,0.8571428571428571,False,0.1428571428571428,2048,True,4
"[""test"", ""docs"", ""build""]","[""test"", ""docs"", ""build"", ""ci""]",0.6651086807250977,"['317f4eefecddfb1392ca71d551840f446feee302', 'aca23027da1295c78fdf42ba9687d8ccc88784d7', 'f00a4d3e307b89842250358ee432e6800bb24362', '32845e1bbd1efb5dbc16f671049509a409ba25ce']",1.0,0.75,0.8571428571428571,False,0.1428571428571428,2048,True,4
"[""fix"", ""refactor"", ""docs"", ""test""]","[""fix"", ""refactor"", ""docs"", ""test""]",0.7295546531677246,"['933ab6bb86372913c992567cf9660009900911a7', '3cca5c314ad6feeffbfe1f14cf49ebd0fd9a95a2', 'a52a585d74894b3b4eeb8c784fa089ff95cddad0', '229b53a632ea97d47c4be11f096bdd828fb415d8']",1.0,1.0,1.0,True,0.0,2048,True,4
"[""test"", ""build"", ""docs"", ""build""]","[""refactor"", ""ci"", ""docs"", ""build""]",0.686790943145752,"['63eab619e6166eb6cab948028a7b89bf059dd878', '6c9cb638cb4d1ecc42632fcf389c24898c5b3244', 'a52a585d74894b3b4eeb8c784fa089ff95cddad0', 'c55591ba157298a9c5816693c102a89dfd058830']",0.6666666666666666,0.5,0.5714285714285715,False,0.4285714285714285,2048,True,4
"[""ci"", ""build"", ""test"", ""feat""]","[""ci"", ""build"", ""test"", ""fix""]",0.7403342723846436,"['173553c0372e66e03bdab19e0e6c2dd44daa14a0', 'c55591ba157298a9c5816693c102a89dfd058830', '8ee0611fbf0cd89abe7ae588f22e6ecb843598ea', '87d5d4e55ab7149b593d29410f1fe426ba2447d4']",0.75,0.75,0.75,False,0.2857142857142857,2048,True,4
"[""ci"", ""build"", ""feat"", ""fix""]","[""ci"", ""build"", ""feat"", ""fix""]",0.6999931335449219,"['32845e1bbd1efb5dbc16f671049509a409ba25ce', '32b92cfa0b74a6c25990e32ac6aab12b8496794c', 'fd8e563cc19ca4684885d4692acee6bebcca4ada', '933ab6bb86372913c992567cf9660009900911a7']",1.0,1.0,1.0,True,0.0,2048,True,4
"[""test"", ""build"", ""fix"", ""refactor""]","[""test"", ""build"", ""fix"", ""feat""]",0.7978322505950928,"['317f4eefecddfb1392ca71d551840f446feee302', '454003841aabeb74396d73541378bfa59c75b5db', '933ab6bb86372913c992567cf9660009900911a7', '6ed56ce9ae743ba9a87e6c9643cc06b1de7b748d']",0.75,0.75,0.75,False,0.2857142857142857,2048,True,4
"[""fix"", ""docs"", ""test"", ""refactor""]","[""fix"", ""docs"", ""test"", ""refactor""]",0.7257354259490967,"['d1d55e787b7d07f763852602b9939a5394607fd9', '6d405dfc1675dcad64a2dfac0c0cb0fb28381d21', 'e0198f74b81da3663144cfe1d971939319f82a0f', '36556bf8e0bce4ab6d26eafacbdad04d9614a5d7']",1.0,1.0,1.0,True,0.0,2048,True,4
"[""ci"", ""docs"", ""build"", ""feat""]","[""ci"", ""docs"", ""build"", ""feat""]",0.7480781078338623,"['e7a67d88173566be3cd3aed7e9eeb7e29aabbc57', '6d405dfc1675dcad64a2dfac0c0cb0fb28381d21', 'c44cf88a6ec54e5ddd99d8348bcc57b301ec7945', 'f9a094918b62534614c47aa8a13f33aec751a1e0']",1.0,1.0,1.0,True,0.0,2048,True,4
"[""test"", ""feat""]","[""fix"", ""test"", ""feat"", ""docs""]",0.6181039810180664,"['2561f4ade46fc9d59f289f328cc77733a6443697', 'e0198f74b81da3663144cfe1d971939319f82a0f', '1bcf88670b50155b50071e707f98f30cea0b7a24', '6d405dfc1675dcad64a2dfac0c0cb0fb28381d21']",1.0,0.5,0.6666666666666666,False,0.2857142857142857,2048,True,4
"[""ci"", ""fix"", ""test"", ""docs""]","[""ci"", ""fix"", ""test"", ""docs""]",0.6561868190765381,"['4cbbd2552ba0de273e1dfe7d453c5b3efed751a3', '933ab6bb86372913c992567cf9660009900911a7', 'b7ce2894fd1794064bd6db4ed730bb6cb7728739', 'af880ac5b4fecbc6c4f3d1eee0d95f326e8bd9d1']",1.0,1.0,1.0,True,0.0,2048,True,4
"[""feat"", ""build"", ""refactor"", ""fix""]","[""feat"", ""ci"", ""refactor"", ""fix""]",0.7874276638031006,"['f823cf28652987d43c8324b4f5b203240032383a', '45837af24a33308a70a3454f0f650f9fe728e272', '36556bf8e0bce4ab6d26eafacbdad04d9614a5d7', 'bed78248c941d57ad4cc20a455147e186e97c7a1']",0.75,0.75,0.75,False,0.2857142857142857,2048,True,4
"[""fix"", ""test"", ""docs"", ""build""]","[""refactor"", ""feat"", ""docs"", ""build""]",0.731252908706665,"['63eab619e6166eb6cab948028a7b89bf059dd878', 'e137f9fdbdb6bf3f85c3f7ac9323785e445844c8', 'a52a585d74894b3b4eeb8c784fa089ff95cddad0', 'f00a4d3e307b89842250358ee432e6800bb24362']",0.5,0.5,0.5,False,0.5714285714285714,2048,True,4
"[""build"", ""test"", ""fix"", ""feat""]","[""build"", ""test"", ""ci"", ""refactor""]",0.81423020362854,"['1269431c8a3e7549f10fcbbb4b88ff625c8898b3', '8ee0611fbf0cd89abe7ae588f22e6ecb843598ea', '45837af24a33308a70a3454f0f650f9fe728e272', '63eab619e6166eb6cab948028a7b89bf059dd878']",0.5,0.5,0.5,False,0.5714285714285714,2048,True,4
"[""build"", ""docs"", ""fix"", ""test""]","[""build"", ""docs"", ""feat"", ""fix""]",0.806298017501831,"['37b1cbfd3d2c462ef4f2a131e4172c38dc8d9ddf', '6d405dfc1675dcad64a2dfac0c0cb0fb28381d21', 'b282e90e2cbb74559aab79eee8443a4d7c85502a', '2561f4ade46fc9d59f289f328cc77733a6443697']",0.75,0.75,0.75,False,0.2857142857142857,2048,True,4
"[""build"", ""docs"", ""test"", ""ci"", ""refactor""]","[""build"", ""test"", ""ci"", ""feat""]",0.9012253284454346,"['c55591ba157298a9c5816693c102a89dfd058830', '317f4eefecddfb1392ca71d551840f446feee302', 'c5fa7b80438fbd74f4c341f0d3c9bd9e0f4910da', '6ed56ce9ae743ba9a87e6c9643cc06b1de7b748d']",0.6,0.75,0.6666666666666665,False,0.4285714285714285,2048,True,4
"[""fix"", ""build"", ""docs"", ""refactor""]","[""fix"", ""build"", ""docs"", ""refactor""]",0.7070343494415283,"['933ab6bb86372913c992567cf9660009900911a7', '5b81fde8a72cf2e69a10e9f5c4f0bea0a2b8c3e0', 'c2ee5cd5e709afd15c5565ee009a0d204403a119', '3cca5c314ad6feeffbfe1f14cf49ebd0fd9a95a2']",1.0,1.0,1.0,True,0.0,2048,True,4
"[""fix"", ""feat"", ""docs"", ""ci""]","[""fix"", ""feat"", ""docs"", ""ci""]",0.6510472297668457,"['933ab6bb86372913c992567cf9660009900911a7', 'dc5238b2bda98a7c4f2fe9584fc3b0191a408109', '036a0ff49a7dade0e04c9c07071a1ff49133ee24', 'e7a67d88173566be3cd3aed7e9eeb7e29aabbc57']",1.0,1.0,1.0,True,0.0,2048,True,4
"[""docs"", ""fix"", ""feat"", ""refactor""]","[""docs"", ""fix"", ""feat"", ""refactor""]",0.6377503871917725,"['af880ac5b4fecbc6c4f3d1eee0d95f326e8bd9d1', 'c8e0ae8612df3d6f2831acc004aaac332f6105e4', 'f9a094918b62534614c47aa8a13f33aec751a1e0', '47ef9104e4a89e80d7cc6c1950bc080841da4a7b']",1.0,1.0,1.0,True,0.0,2048,True,4
"[""fix"", ""docs"", ""test"", ""feat""]","[""fix"", ""build"", ""feat"", ""ci""]",0.7602601051330566,"['d129eaf9125a967ac86c6c7276bbae6b4d50af36', '1269431c8a3e7549f10fcbbb4b88ff625c8898b3', 'e137f9fdbdb6bf3f85c3f7ac9323785e445844c8', '173553c0372e66e03bdab19e0e6c2dd44daa14a0']",0.5,0.5,0.5,False,0.5714285714285714,2048,True,4
"[""test"", ""refactor"", ""fix"", ""build""]","[""feat"", ""refactor"", ""test"", ""build""]",0.7193710803985596,"['dc5238b2bda98a7c4f2fe9584fc3b0191a408109', '771857b1df9470ebc15357e8879118a72c649d5b', 'b7ce2894fd1794064bd6db4ed730bb6cb7728739', 'c323d59c607cabc91f17a78528d998f376f30b10']",0.75,0.75,0.75,False,0.2857142857142857,2048,True,4
"[""build"", ""test"", ""ci"", ""fix""]","[""build"", ""test"", ""ci"", ""fix""]",0.6957976818084717,"['5b81fde8a72cf2e69a10e9f5c4f0bea0a2b8c3e0', 'b7ce2894fd1794064bd6db4ed730bb6cb7728739', '74e9de5ec97dc013a52aa063dff0f40ac74c407b', 'd129eaf9125a967ac86c6c7276bbae6b4d50af36']",1.0,1.0,1.0,True,0.0,2048,True,4
"[""docs"", ""feat"", ""build"", ""ci""]","[""docs"", ""feat"", ""build"", ""ci""]",0.7232139110565186,"['af880ac5b4fecbc6c4f3d1eee0d95f326e8bd9d1', 'ded26d768ff432ad3bde3c0aa1e95ce50726100a', '454003841aabeb74396d73541378bfa59c75b5db', '4cbbd2552ba0de273e1dfe7d453c5b3efed751a3']",1.0,1.0,1.0,True,0.0,2048,True,4
"[""docs"", ""feat"", ""ci"", ""build""]","[""docs"", ""refactor"", ""ci"", ""build""]",0.6996200084686279,"['036a0ff49a7dade0e04c9c07071a1ff49133ee24', '535708ae50aecb452560a23356fd396f99ef13a2', 'e7a67d88173566be3cd3aed7e9eeb7e29aabbc57', 'c55591ba157298a9c5816693c102a89dfd058830']",0.75,0.75,0.75,False,0.2857142857142857,2048,True,4
"[""build"", ""ci"", ""fix"", ""docs""]","[""refactor"", ""ci"", ""fix"", ""docs""]",0.6647155284881592,"['2954a0955ce9af6acb345ed1e8328e145ad30475', '6c9cb638cb4d1ecc42632fcf389c24898c5b3244', 'd1d55e787b7d07f763852602b9939a5394607fd9', '6d405dfc1675dcad64a2dfac0c0cb0fb28381d21']",0.75,0.75,0.75,False,0.2857142857142857,2048,True,4
"[""test"", ""ci"", ""docs"", ""feat""]","[""test"", ""ci"", ""docs"", ""feat""]",0.6932764053344727,"['229b53a632ea97d47c4be11f096bdd828fb415d8', '4cbbd2552ba0de273e1dfe7d453c5b3efed751a3', 'bf83c9155e9bee6925aa7102fab53fb803d52533', 'ded26d768ff432ad3bde3c0aa1e95ce50726100a']",1.0,1.0,1.0,True,0.0,2048,True,4
"[""refactor"", ""feat"", ""test"", ""fix""]","[""refactor"", ""fix"", ""test"", ""feat""]",0.7587804794311523,"['47ef9104e4a89e80d7cc6c1950bc080841da4a7b', '9ef5c0d14193a9abb09b39856f58477d1f4b0d77', 'b7ce2894fd1794064bd6db4ed730bb6cb7728739', '1bcf88670b50155b50071e707f98f30cea0b7a24']",1.0,1.0,1.0,True,0.0,2048,True,4
"[""build"", ""feat"", ""build"", ""refactor""]","[""docs"", ""feat"", ""ci"", ""refactor""]",0.775200366973877,"['e12d9e77a6fd531a22325337838a841b1c67f00d', 'fd8e563cc19ca4684885d4692acee6bebcca4ada', '173553c0372e66e03bdab19e0e6c2dd44daa14a0', '535708ae50aecb452560a23356fd396f99ef13a2']",0.6666666666666666,0.5,0.5714285714285715,False,0.4285714285714285,2048,True,4
"[""refactor"", ""fix"", ""docs"", ""ci""]","[""refactor"", ""feat"", ""docs"", ""ci""]",0.791140079498291,"['1db13ec43727aca872a0f3836e4023ed85db665e', 'b282e90e2cbb74559aab79eee8443a4d7c85502a', 'e12d9e77a6fd531a22325337838a841b1c67f00d', '74e9de5ec97dc013a52aa063dff0f40ac74c407b']",0.75,0.75,0.75,False,0.2857142857142857,2048,True,4
"[""docs"", ""refactor"", ""fix"", ""test""]","[""docs"", ""ci"", ""refactor"", ""test""]",0.7726414203643799,"['aca23027da1295c78fdf42ba9687d8ccc88784d7', '74e9de5ec97dc013a52aa063dff0f40ac74c407b', '2954a0955ce9af6acb345ed1e8328e145ad30475', 'f411e58cd510f8a2b980b2f1932003a0c0e9f8f3']",0.75,0.75,0.75,False,0.2857142857142857,2048,True,4
"[""test"", ""fix""]","[""test"", ""docs"", ""ci"", ""fix""]",0.4679784774780273,"['b7ce2894fd1794064bd6db4ed730bb6cb7728739', 'af880ac5b4fecbc6c4f3d1eee0d95f326e8bd9d1', '6c9cb638cb4d1ecc42632fcf389c24898c5b3244', 'd129eaf9125a967ac86c6c7276bbae6b4d50af36']",1.0,0.5,0.6666666666666666,False,0.2857142857142857,2048,True,4
"[""ci"", ""refactor"", ""test"", ""docs""]","[""ci"", ""refactor"", ""test"", ""docs""]",0.7720179557800293,"['e7a67d88173566be3cd3aed7e9eeb7e29aabbc57', '36556bf8e0bce4ab6d26eafacbdad04d9614a5d7', '8ee0611fbf0cd89abe7ae588f22e6ecb843598ea', 'c2ee5cd5e709afd15c5565ee009a0d204403a119']",1.0,1.0,1.0,True,0.0,2048,True,4
"[""docs"", ""feat"", ""test"", ""build""]","[""docs"", ""feat"", ""test"", ""build""]",0.7666473388671875,"['0cfc5633d37ea06f645649138323f1820e18bdee', 'fd8e563cc19ca4684885d4692acee6bebcca4ada', 'e9617f0854030e70365eb264bcb3b58078e79e9e', '1269431c8a3e7549f10fcbbb4b88ff625c8898b3']",1.0,1.0,1.0,True,0.0,2048,True,4
"[""refactor"", ""fix"", ""test"", ""docs""]","[""refactor"", ""feat"", ""test"", ""fix""]",0.773190975189209,"['47ef9104e4a89e80d7cc6c1950bc080841da4a7b', 'b282e90e2cbb74559aab79eee8443a4d7c85502a', 'e0198f74b81da3663144cfe1d971939319f82a0f', 'bed78248c941d57ad4cc20a455147e186e97c7a1']",0.75,0.75,0.75,False,0.2857142857142857,2048,True,4
"[""build"", ""ci"", ""fix"", ""feat""]","[""build"", ""ci"", ""fix"", ""refactor""]",0.7742726802825928,"['454003841aabeb74396d73541378bfa59c75b5db', '173553c0372e66e03bdab19e0e6c2dd44daa14a0', 'd129eaf9125a967ac86c6c7276bbae6b4d50af36', '63eab619e6166eb6cab948028a7b89bf059dd878']",0.75,0.75,0.75,False,0.2857142857142857,2048,True,4
"[""test"", ""fix"", ""docs"", ""refactor""]","[""test"", ""refactor"", ""docs"", ""feat""]",0.8025233745574951,"['e9617f0854030e70365eb264bcb3b58078e79e9e', '2954a0955ce9af6acb345ed1e8328e145ad30475', 'c2ee5cd5e709afd15c5565ee009a0d204403a119', '6ed56ce9ae743ba9a87e6c9643cc06b1de7b748d']",0.75,0.75,0.75,False,0.2857142857142857,2048,True,4
"[""build"", ""docs"", ""fix"", ""ci""]","[""build"", ""refactor"", ""fix"", ""ci""]",0.6777787208557129,"['454003841aabeb74396d73541378bfa59c75b5db', 'a62314d9bb632be6af026686615d14b912250512', '06e2be4e2019b6fa714e1fcb34485860ef1ede79', '4cbbd2552ba0de273e1dfe7d453c5b3efed751a3']",0.75,0.75,0.75,False,0.2857142857142857,2048,True,4
"[""fix"", ""test"", ""feat"", ""build""]","[""feat"", ""test"", ""refactor"", ""ci""]",0.6963059902191162,"['b282e90e2cbb74559aab79eee8443a4d7c85502a', 'e2e8ad25854bd1e7cdbc7f50b50bbd99e04ad47d', '63eab619e6166eb6cab948028a7b89bf059dd878', '6c9cb638cb4d1ecc42632fcf389c24898c5b3244']",0.5,0.5,0.5,False,0.5714285714285714,2048,True,4
"[""docs"", ""fix"", ""test"", ""refactor""]","[""docs"", ""fix"", ""test"", ""refactor""]",0.6897618770599365,"['0cfc5633d37ea06f645649138323f1820e18bdee', 'd1d55e787b7d07f763852602b9939a5394607fd9', 'e2e8ad25854bd1e7cdbc7f50b50bbd99e04ad47d', '062daa45cbd5dba6e96e95d8cdcaee89ae30a83c']",1.0,1.0,1.0,True,0.0,2048,True,4
"[""build"", ""docs""]","[""refactor"", ""fix"", ""docs"", ""ci""]",0.5076637268066406,"['47ef9104e4a89e80d7cc6c1950bc080841da4a7b', 'd129eaf9125a967ac86c6c7276bbae6b4d50af36', '0cfc5633d37ea06f645649138323f1820e18bdee', '45837af24a33308a70a3454f0f650f9fe728e272']",0.5,0.25,0.3333333333333333,False,0.5714285714285714,2048,True,4
"[""fix"", ""build"", ""build"", ""feat"", ""test""]","[""fix"", ""build"", ""ci"", ""test""]",0.9081223011016846,"['bed78248c941d57ad4cc20a455147e186e97c7a1', '1269431c8a3e7549f10fcbbb4b88ff625c8898b3', '45837af24a33308a70a3454f0f650f9fe728e272', '8ee0611fbf0cd89abe7ae588f22e6ecb843598ea']",0.75,0.75,0.75,False,0.2857142857142857,2048,True,4
"[""build"", ""fix"", ""build"", ""docs""]","[""build"", ""fix"", ""ci"", ""docs""]",0.8067915439605713,"['454003841aabeb74396d73541378bfa59c75b5db', 'bed78248c941d57ad4cc20a455147e186e97c7a1', '45837af24a33308a70a3454f0f650f9fe728e272', 'c2ee5cd5e709afd15c5565ee009a0d204403a119']",1.0,0.75,0.8571428571428571,False,0.1428571428571428,2048,True,4
"[""ci""]","[""ci"", ""refactor"", ""fix"", ""docs""]",0.4052162170410156,"['dbb537a26e388a8d7d17faf131abc30c2f7a84e6', '3cca5c314ad6feeffbfe1f14cf49ebd0fd9a95a2', 'd1d55e787b7d07f763852602b9939a5394607fd9', '6d405dfc1675dcad64a2dfac0c0cb0fb28381d21']",1.0,0.25,0.4,False,0.4285714285714285,2048,True,4
"[""fix"", ""ci"", ""docs"", ""test"", ""refactor""]","[""fix"", ""ci"", ""docs"", ""refactor""]",0.8207945823669434,"['2561f4ade46fc9d59f289f328cc77733a6443697', '6c9cb638cb4d1ecc42632fcf389c24898c5b3244', 'bf83c9155e9bee6925aa7102fab53fb803d52533', '771857b1df9470ebc15357e8879118a72c649d5b']",0.8,1.0,0.888888888888889,False,0.1428571428571428,2048,True,4
"[""fix"", ""feat"", ""build"", ""docs""]","[""fix"", ""feat"", ""build"", ""docs""]",0.6975090503692627,"['06e2be4e2019b6fa714e1fcb34485860ef1ede79', 'fd8e563cc19ca4684885d4692acee6bebcca4ada', '32b92cfa0b74a6c25990e32ac6aab12b8496794c', '6d405dfc1675dcad64a2dfac0c0cb0fb28381d21']",1.0,1.0,1.0,True,0.0,2048,True,4
"[""build"", ""docs"", ""fix"", ""feat""]","[""build"", ""ci"", ""test"", ""feat""]",0.7308945655822754,"['c55591ba157298a9c5816693c102a89dfd058830', '45837af24a33308a70a3454f0f650f9fe728e272', 'b7ce2894fd1794064bd6db4ed730bb6cb7728739', 'dc5238b2bda98a7c4f2fe9584fc3b0191a408109']",0.5,0.5,0.5,False,0.5714285714285714,2048,True,4
"[""ci"", ""docs"", ""feat"", ""test""]","[""ci"", ""docs"", ""feat"", ""test""]",0.7435672283172607,"['173553c0372e66e03bdab19e0e6c2dd44daa14a0', 'e12d9e77a6fd531a22325337838a841b1c67f00d', 'f823cf28652987d43c8324b4f5b203240032383a', '229b53a632ea97d47c4be11f096bdd828fb415d8']",1.0,1.0,1.0,True,0.0,2048,True,4
"[""refactor"", ""docs"", ""ci"", ""build""]","[""refactor"", ""docs"", ""ci"", ""test""]",0.6937100887298584,"['36556bf8e0bce4ab6d26eafacbdad04d9614a5d7', 'aca23027da1295c78fdf42ba9687d8ccc88784d7', 'dbb537a26e388a8d7d17faf131abc30c2f7a84e6', '229b53a632ea97d47c4be11f096bdd828fb415d8']",0.75,0.75,0.75,False,0.2857142857142857,2048,True,4
"[""docs"", ""refactor"", ""test"", ""fix""]","[""docs"", ""refactor"", ""test"", ""fix""]",0.7171390056610107,"['0cfc5633d37ea06f645649138323f1820e18bdee', '1db13ec43727aca872a0f3836e4023ed85db665e', '229b53a632ea97d47c4be11f096bdd828fb415d8', '9be725fa3906323d4bc9788f54eccf74109d632b']",1.0,1.0,1.0,True,0.0,2048,True,4
"[""ci"", ""docs"", ""refactor"", ""test""]","[""ci"", ""docs"", ""refactor"", ""test""]",0.787311315536499,"['c5fa7b80438fbd74f4c341f0d3c9bd9e0f4910da', 'bf83c9155e9bee6925aa7102fab53fb803d52533', '062daa45cbd5dba6e96e95d8cdcaee89ae30a83c', 'bedc7950b24c37809e36a585b7985d5aa5e3e458']",1.0,1.0,1.0,True,0.0,2048,True,4
"[""docs"", ""fix"", ""build"", ""feat""]","[""fix"", ""docs"", ""ci"", ""feat""]",0.6938271522521973,"['9be725fa3906323d4bc9788f54eccf74109d632b', '036a0ff49a7dade0e04c9c07071a1ff49133ee24', '45837af24a33308a70a3454f0f650f9fe728e272', 'f823cf28652987d43c8324b4f5b203240032383a']",0.75,0.75,0.75,False,0.2857142857142857,2048,True,4
"[""docs"", ""test"", ""build"", ""feat""]","[""docs"", ""test"", ""build"", ""feat""]",0.7318477630615234,"['bf83c9155e9bee6925aa7102fab53fb803d52533', 'e0198f74b81da3663144cfe1d971939319f82a0f', 'f00a4d3e307b89842250358ee432e6800bb24362', 'ded26d768ff432ad3bde3c0aa1e95ce50726100a']",1.0,1.0,1.0,True,0.0,2048,True,4
"[""docs"", ""refactor"", ""fix"", ""fix""]","[""docs"", ""refactor"", ""test"", ""fix""]",0.7938418388366699,"['aca23027da1295c78fdf42ba9687d8ccc88784d7', '1db13ec43727aca872a0f3836e4023ed85db665e', 'f411e58cd510f8a2b980b2f1932003a0c0e9f8f3', '2561f4ade46fc9d59f289f328cc77733a6443697']",1.0,0.75,0.8571428571428571,False,0.1428571428571428,2048,True,4
"[""test"", ""docs"", ""docs"", ""build""]","[""test"", ""feat"", ""docs"", ""ci""]",0.7420451641082764,"['e0198f74b81da3663144cfe1d971939319f82a0f', 'f823cf28652987d43c8324b4f5b203240032383a', 'aca23027da1295c78fdf42ba9687d8ccc88784d7', 'e96487ad7ce90b141219d9032fa2bed68d5dae6a']",0.6666666666666666,0.5,0.5714285714285715,False,0.4285714285714285,2048,True,4
"[""fix"", ""build"", ""test"", ""docs""]","[""refactor"", ""build"", ""feat"", ""docs""]",0.6993801593780518,"['63eab619e6166eb6cab948028a7b89bf059dd878', '32b92cfa0b74a6c25990e32ac6aab12b8496794c', 'fd8e563cc19ca4684885d4692acee6bebcca4ada', 'a52a585d74894b3b4eeb8c784fa089ff95cddad0']",0.5,0.5,0.5,False,0.5714285714285714,2048,True,4
"[""build"", ""fix"", ""test"", ""feat""]","[""build"", ""fix"", ""test"", ""feat""]",0.7227084636688232,"['37b1cbfd3d2c462ef4f2a131e4172c38dc8d9ddf', 'c8e0ae8612df3d6f2831acc004aaac332f6105e4', 'c7b25726df94a2530c9b1c0d2b6a0acaa103822f', '1bcf88670b50155b50071e707f98f30cea0b7a24']",1.0,1.0,1.0,True,0.0,2048,True,4
"[""refactor"", ""ci"", ""feat"", ""build""]","[""refactor"", ""ci"", ""docs"", ""build""]",0.7715423107147217,"['771857b1df9470ebc15357e8879118a72c649d5b', '6c9cb638cb4d1ecc42632fcf389c24898c5b3244', '6d405dfc1675dcad64a2dfac0c0cb0fb28381d21', '454003841aabeb74396d73541378bfa59c75b5db']",0.75,0.75,0.75,False,0.2857142857142857,2048,True,4
"[""docs"", ""fix"", ""feat"", ""build"", ""test""]","[""fix"", ""docs"", ""refactor"", ""ci"", ""test""]",0.7919800281524658,"['9be725fa3906323d4bc9788f54eccf74109d632b', 'bf83c9155e9bee6925aa7102fab53fb803d52533', '535708ae50aecb452560a23356fd396f99ef13a2', '4cbbd2552ba0de273e1dfe7d453c5b3efed751a3', 'bedc7950b24c37809e36a585b7985d5aa5e3e458']",0.6,0.6,0.6,False,0.5714285714285714,2048,True,5
"[""test"", ""refactor"", ""fix"", ""build"", ""feat""]","[""test"", ""docs"", ""refactor"", ""build"", ""feat""]",0.8978354930877686,"['229b53a632ea97d47c4be11f096bdd828fb415d8', 'bf83c9155e9bee6925aa7102fab53fb803d52533', '062daa45cbd5dba6e96e95d8cdcaee89ae30a83c', 'e4a11fd5c34942ba12737f1c8c084489428ee274', 'fd8e563cc19ca4684885d4692acee6bebcca4ada']",0.8,0.8,0.8000000000000002,False,0.2857142857142857,2048,True,5
"[""test"", ""ci"", ""fix"", ""build""]","[""test"", ""ci"", ""fix"", ""build"", ""refactor""]",0.8205173015594482,"['317f4eefecddfb1392ca71d551840f446feee302', 'e7a67d88173566be3cd3aed7e9eeb7e29aabbc57', 'd1d55e787b7d07f763852602b9939a5394607fd9', 'f00a4d3e307b89842250358ee432e6800bb24362', '771857b1df9470ebc15357e8879118a72c649d5b']",1.0,0.8,0.888888888888889,False,0.1428571428571428,2048,True,5
"[""ci"", ""fix"", ""docs"", ""build"", ""test"", ""feat""]","[""ci"", ""refactor"", ""build"", ""test"", ""fix""]",0.918118953704834,"['e7a67d88173566be3cd3aed7e9eeb7e29aabbc57', '47ef9104e4a89e80d7cc6c1950bc080841da4a7b', '5b81fde8a72cf2e69a10e9f5c4f0bea0a2b8c3e0', 'bedc7950b24c37809e36a585b7985d5aa5e3e458', '9ef5c0d14193a9abb09b39856f58477d1f4b0d77']",0.6666666666666666,0.8,0.7272727272727272,False,0.4285714285714285,2048,True,5
"[""docs"", ""refactor"", ""test"", ""fix""]","[""build"", ""fix"", ""feat"", ""refactor"", ""docs""]",0.8005948066711426,"['e4a11fd5c34942ba12737f1c8c084489428ee274', '9ef5c0d14193a9abb09b39856f58477d1f4b0d77', 'dc5238b2bda98a7c4f2fe9584fc3b0191a408109', '771857b1df9470ebc15357e8879118a72c649d5b', 'c2ee5cd5e709afd15c5565ee009a0d204403a119']",0.75,0.6,0.6666666666666665,False,0.4285714285714285,2048,True,5
"[""docs"", ""test"", ""build"", ""fix"", ""feat""]","[""docs"", ""test"", ""build"", ""fix"", ""feat""]",0.8414697647094727,"['bf83c9155e9bee6925aa7102fab53fb803d52533', '229b53a632ea97d47c4be11f096bdd828fb415d8', 'c55591ba157298a9c5816693c102a89dfd058830', '06e2be4e2019b6fa714e1fcb34485860ef1ede79', 'f823cf28652987d43c8324b4f5b203240032383a']",1.0,1.0,1.0,True,0.0,2048,True,5
"[""ci"", ""build"", ""fix"", ""test"", ""feat"", ""refactor""]","[""ci"", ""build"", ""fix"", ""test"", ""feat""]",0.9952304363250732,"['e7a67d88173566be3cd3aed7e9eeb7e29aabbc57', 'c55591ba157298a9c5816693c102a89dfd058830', 'd129eaf9125a967ac86c6c7276bbae6b4d50af36', '229b53a632ea97d47c4be11f096bdd828fb415d8', '1bcf88670b50155b50071e707f98f30cea0b7a24']",0.8333333333333334,1.0,0.9090909090909092,False,0.1428571428571428,2048,True,5
"[""fix"", ""test"", ""ci"", ""docs""]","[""fix"", ""test"", ""build"", ""ci"", ""refactor""]",0.7441380023956299,"['2561f4ade46fc9d59f289f328cc77733a6443697', 'b7ce2894fd1794064bd6db4ed730bb6cb7728739', '1269431c8a3e7549f10fcbbb4b88ff625c8898b3', 'e96487ad7ce90b141219d9032fa2bed68d5dae6a', '36556bf8e0bce4ab6d26eafacbdad04d9614a5d7']",0.75,0.6,0.6666666666666665,False,0.4285714285714285,2048,True,5
"[""docs"", ""ci"", ""feat"", ""test"", ""refactor""]","[""docs"", ""ci"", ""refactor"", ""test"", ""fix""]",0.8510174751281738,"['bf83c9155e9bee6925aa7102fab53fb803d52533', 'e7a67d88173566be3cd3aed7e9eeb7e29aabbc57', '535708ae50aecb452560a23356fd396f99ef13a2', 'c7b25726df94a2530c9b1c0d2b6a0acaa103822f', '06e2be4e2019b6fa714e1fcb34485860ef1ede79']",0.8,0.8,0.8000000000000002,False,0.2857142857142857,2048,True,5
"[""refactor"", ""docs"", ""build"", ""feat"", ""feat""]","[""refactor"", ""docs"", ""build"", ""feat"", ""fix""]",0.9456520080566406,"['36556bf8e0bce4ab6d26eafacbdad04d9614a5d7', 'c2ee5cd5e709afd15c5565ee009a0d204403a119', 'c55591ba157298a9c5816693c102a89dfd058830', '68278b00450f2679761a2999500f6d87a579376b', '9ef5c0d14193a9abb09b39856f58477d1f4b0d77']",1.0,0.8,0.888888888888889,False,0.1428571428571428,2048,True,5
"[""feat"", ""build"", ""fix"", ""build"", ""test""]","[""feat"", ""build"", ""fix"", ""ci"", ""test""]",0.990619659423828,"['ded26d768ff432ad3bde3c0aa1e95ce50726100a', 'c323d59c607cabc91f17a78528d998f376f30b10', '2561f4ade46fc9d59f289f328cc77733a6443697', '45837af24a33308a70a3454f0f650f9fe728e272', 'e0198f74b81da3663144cfe1d971939319f82a0f']",1.0,0.8,0.888888888888889,False,0.1428571428571428,2048,True,5
"[""ci"", ""docs"", ""test"", ""fix"", ""feat""]","[""ci"", ""refactor"", ""test"", ""feat"", ""fix""]",0.7960503101348877,"['e96487ad7ce90b141219d9032fa2bed68d5dae6a', 'a62314d9bb632be6af026686615d14b912250512', 'c7b25726df94a2530c9b1c0d2b6a0acaa103822f', '6ed56ce9ae743ba9a87e6c9643cc06b1de7b748d', '9ef5c0d14193a9abb09b39856f58477d1f4b0d77']",0.8,0.8,0.8000000000000002,False,0.2857142857142857,2048,True,5
"[""build"", ""build"", ""fix"", ""docs"", ""fix""]","[""build"", ""refactor"", ""ci"", ""docs"", ""fix""]",0.8291170597076416,"['c55591ba157298a9c5816693c102a89dfd058830', '63eab619e6166eb6cab948028a7b89bf059dd878', 'c5fa7b80438fbd74f4c341f0d3c9bd9e0f4910da', '036a0ff49a7dade0e04c9c07071a1ff49133ee24', '9be725fa3906323d4bc9788f54eccf74109d632b']",1.0,0.6,0.7499999999999999,False,0.2857142857142857,2048,True,5
"[""docs"", ""build"", ""feat"", ""build"", ""feat""]","[""docs"", ""ci"", ""refactor"", ""build"", ""feat""]",0.875030517578125,"['bf83c9155e9bee6925aa7102fab53fb803d52533', '173553c0372e66e03bdab19e0e6c2dd44daa14a0', '535708ae50aecb452560a23356fd396f99ef13a2', '1269431c8a3e7549f10fcbbb4b88ff625c8898b3', 'f823cf28652987d43c8324b4f5b203240032383a']",1.0,0.6,0.7499999999999999,False,0.2857142857142857,2048,True,5
"[""test"", ""feat"", ""refactor"", ""fix"", ""docs""]","[""test"", ""feat"", ""refactor"", ""fix"", ""docs""]",0.8697869777679443,"['bedc7950b24c37809e36a585b7985d5aa5e3e458', 'fd8e563cc19ca4684885d4692acee6bebcca4ada', '062daa45cbd5dba6e96e95d8cdcaee89ae30a83c', 'c8e0ae8612df3d6f2831acc004aaac332f6105e4', '036a0ff49a7dade0e04c9c07071a1ff49133ee24']",1.0,1.0,1.0,True,0.0,2048,True,5
"[""docs"", ""refactor"", ""fix"", ""build"", ""test""]","[""docs"", ""build"", ""ci"", ""fix"", ""test""]",0.9426038265228271,"['c2ee5cd5e709afd15c5565ee009a0d204403a119', '1269431c8a3e7549f10fcbbb4b88ff625c8898b3', 'e7a67d88173566be3cd3aed7e9eeb7e29aabbc57', 'bed78248c941d57ad4cc20a455147e186e97c7a1', 'e9617f0854030e70365eb264bcb3b58078e79e9e']",0.8,0.8,0.8000000000000002,False,0.2857142857142857,2048,True,5
"[""refactor"", ""ci"", ""docs"", ""test"", ""build""]","[""refactor"", ""ci"", ""docs"", ""test"", ""build""]",0.8507859706878662,"['3cca5c314ad6feeffbfe1f14cf49ebd0fd9a95a2', 'dbb537a26e388a8d7d17faf131abc30c2f7a84e6', 'e12d9e77a6fd531a22325337838a841b1c67f00d', 'c7b25726df94a2530c9b1c0d2b6a0acaa103822f', '37b1cbfd3d2c462ef4f2a131e4172c38dc8d9ddf']",1.0,1.0,1.0,True,0.0,2048,True,5
"[""test"", ""fix"", ""ci"", ""refactor"", ""fix""]","[""test"", ""feat"", ""ci"", ""refactor"", ""fix""]",0.8575601577758789,"['229b53a632ea97d47c4be11f096bdd828fb415d8', 'b282e90e2cbb74559aab79eee8443a4d7c85502a', 'dbb537a26e388a8d7d17faf131abc30c2f7a84e6', '3cca5c314ad6feeffbfe1f14cf49ebd0fd9a95a2', '933ab6bb86372913c992567cf9660009900911a7']",1.0,0.8,0.888888888888889,False,0.1428571428571428,2048,True,5
"[""build"", ""refactor"", ""ci"", ""test"", ""docs""]","[""build"", ""fix"", ""ci"", ""refactor"", ""docs""]",0.8842415809631348,"['37b1cbfd3d2c462ef4f2a131e4172c38dc8d9ddf', '06e2be4e2019b6fa714e1fcb34485860ef1ede79', 'c5fa7b80438fbd74f4c341f0d3c9bd9e0f4910da', '1db13ec43727aca872a0f3836e4023ed85db665e', 'a52a585d74894b3b4eeb8c784fa089ff95cddad0']",0.8,0.8,0.8000000000000002,False,0.2857142857142857,2048,True,5
"[""build"", ""docs"", ""fix"", ""test"", ""feat""]","[""build"", ""docs"", ""ci"", ""test"", ""feat""]",0.8735342025756836,"['c44cf88a6ec54e5ddd99d8348bcc57b301ec7945', '6d405dfc1675dcad64a2dfac0c0cb0fb28381d21', 'e7a67d88173566be3cd3aed7e9eeb7e29aabbc57', 'f411e58cd510f8a2b980b2f1932003a0c0e9f8f3', 'f823cf28652987d43c8324b4f5b203240032383a']",0.8,0.8,0.8000000000000002,False,0.2857142857142857,2048,True,5
"[""feat"", ""fix"", ""refactor"", ""test"", ""build"", ""ci""]","[""feat"", ""fix"", ""refactor"", ""build"", ""test""]",0.9186527729034424,"['f823cf28652987d43c8324b4f5b203240032383a', 'c8e0ae8612df3d6f2831acc004aaac332f6105e4', '47ef9104e4a89e80d7cc6c1950bc080841da4a7b', 'e4a11fd5c34942ba12737f1c8c084489428ee274', 'c7b25726df94a2530c9b1c0d2b6a0acaa103822f']",0.8333333333333334,1.0,0.9090909090909092,False,0.1428571428571428,2048,True,5
"[""refactor"", ""build"", ""ci"", ""docs"", ""test""]","[""refactor"", ""build"", ""ci"", ""docs"", ""test""]",0.8228535652160645,"['1db13ec43727aca872a0f3836e4023ed85db665e', '32b92cfa0b74a6c25990e32ac6aab12b8496794c', 'e96487ad7ce90b141219d9032fa2bed68d5dae6a', '6d405dfc1675dcad64a2dfac0c0cb0fb28381d21', 'e2e8ad25854bd1e7cdbc7f50b50bbd99e04ad47d']",1.0,1.0,1.0,True,0.0,2048,True,5
"[""build"", ""test"", ""refactor"", ""ci"", ""fix""]","[""build"", ""test"", ""refactor"", ""ci"", ""fix""]",0.9006640911102295,"['37b1cbfd3d2c462ef4f2a131e4172c38dc8d9ddf', 'f411e58cd510f8a2b980b2f1932003a0c0e9f8f3', '1db13ec43727aca872a0f3836e4023ed85db665e', 'c5fa7b80438fbd74f4c341f0d3c9bd9e0f4910da', 'd129eaf9125a967ac86c6c7276bbae6b4d50af36']",1.0,1.0,1.0,True,0.0,2048,True,5
"[""build"", ""build"", ""docs"", ""ci"", ""test"", ""fix""]","[""build"", ""docs"", ""ci"", ""test"", ""fix""]",0.8883874416351318,"['c55591ba157298a9c5816693c102a89dfd058830', 'a52a585d74894b3b4eeb8c784fa089ff95cddad0', '6c9cb638cb4d1ecc42632fcf389c24898c5b3244', 'c7b25726df94a2530c9b1c0d2b6a0acaa103822f', 'bed78248c941d57ad4cc20a455147e186e97c7a1']",1.0,1.0,1.0,False,0.0,2048,True,5
"[""fix"", ""ci"", ""refactor"", ""test""]","[""fix"", ""ci"", ""feat"", ""build"", ""refactor""]",0.7957472801208496,"['9ef5c0d14193a9abb09b39856f58477d1f4b0d77', 'dbb537a26e388a8d7d17faf131abc30c2f7a84e6', '6ed56ce9ae743ba9a87e6c9643cc06b1de7b748d', 'e4a11fd5c34942ba12737f1c8c084489428ee274', '1db13ec43727aca872a0f3836e4023ed85db665e']",0.75,0.6,0.6666666666666665,False,0.4285714285714285,2048,True,5
"[""refactor"", ""docs"", ""feat"", ""feat"", ""fix""]","[""fix"", ""build"", ""refactor"", ""feat"", ""test""]",0.916536808013916,"['bed78248c941d57ad4cc20a455147e186e97c7a1', 'e4a11fd5c34942ba12737f1c8c084489428ee274', '062daa45cbd5dba6e96e95d8cdcaee89ae30a83c', 'f823cf28652987d43c8324b4f5b203240032383a', 'c7b25726df94a2530c9b1c0d2b6a0acaa103822f']",0.75,0.6,0.6666666666666665,False,0.4285714285714285,2048,True,5
"[""build""]","[""fix"", ""test"", ""feat"", ""docs"", ""build""]",0.4217503070831299,"['87d5d4e55ab7149b593d29410f1fe426ba2447d4', 'bedc7950b24c37809e36a585b7985d5aa5e3e458', 'ded26d768ff432ad3bde3c0aa1e95ce50726100a', 'a52a585d74894b3b4eeb8c784fa089ff95cddad0', 'c323d59c607cabc91f17a78528d998f376f30b10']",1.0,0.2,0.3333333333333333,False,0.5714285714285714,2048,True,5
"[""refactor"", ""docs"", ""feat"", ""build"", ""fix""]","[""test"", ""docs"", ""feat"", ""build"", ""fix""]",0.9051876068115234,"['8ee0611fbf0cd89abe7ae588f22e6ecb843598ea', 'c2ee5cd5e709afd15c5565ee009a0d204403a119', 'fd8e563cc19ca4684885d4692acee6bebcca4ada', '1269431c8a3e7549f10fcbbb4b88ff625c8898b3', '06e2be4e2019b6fa714e1fcb34485860ef1ede79']",0.8,0.8,0.8000000000000002,False,0.2857142857142857,2048,True,5
"[""docs"", ""feat"", ""build"", ""refactor"", ""test""]","[""docs"", ""feat"", ""build"", ""refactor"", ""test""]",0.8988246917724609,"['a52a585d74894b3b4eeb8c784fa089ff95cddad0', 'f9a094918b62534614c47aa8a13f33aec751a1e0', '1269431c8a3e7549f10fcbbb4b88ff625c8898b3', '535708ae50aecb452560a23356fd396f99ef13a2', 'e0198f74b81da3663144cfe1d971939319f82a0f']",1.0,1.0,1.0,True,0.0,2048,True,5
"[""fix"", ""feat"", ""test"", ""refactor"", ""build""]","[""fix"", ""feat"", ""test"", ""refactor"", ""build""]",0.8575994968414307,"['d129eaf9125a967ac86c6c7276bbae6b4d50af36', '68278b00450f2679761a2999500f6d87a579376b', 'e2e8ad25854bd1e7cdbc7f50b50bbd99e04ad47d', '771857b1df9470ebc15357e8879118a72c649d5b', 'f00a4d3e307b89842250358ee432e6800bb24362']",1.0,1.0,1.0,True,0.0,2048,True,5
"[""refactor"", ""build"", ""fix"", ""feat""]","[""fix"", ""build"", ""refactor"", ""test"", ""docs""]",0.7697794437408447,"['933ab6bb86372913c992567cf9660009900911a7', '37b1cbfd3d2c462ef4f2a131e4172c38dc8d9ddf', '1db13ec43727aca872a0f3836e4023ed85db665e', 'c7b25726df94a2530c9b1c0d2b6a0acaa103822f', 'e12d9e77a6fd531a22325337838a841b1c67f00d']",0.75,0.6,0.6666666666666665,False,0.4285714285714285,2048,True,5
"[""docs"", ""ci"", ""docs"", ""build"", ""feat""]","[""fix"", ""ci"", ""docs"", ""build"", ""feat""]",0.7936203479766846,"['06e2be4e2019b6fa714e1fcb34485860ef1ede79', '4cbbd2552ba0de273e1dfe7d453c5b3efed751a3', 'cb1f48b56ae0de93acb72e48726c7d610a1d538e', 'c323d59c607cabc91f17a78528d998f376f30b10', 'f9a094918b62534614c47aa8a13f33aec751a1e0']",1.0,0.8,0.888888888888889,False,0.1428571428571428,2048,True,5
"[""fix"", ""build"", ""feat"", ""docs"", ""docs""]","[""feat"", ""build"", ""refactor"", ""docs"", ""fix""]",0.8326125144958496,"['fd8e563cc19ca4684885d4692acee6bebcca4ada', 'f00a4d3e307b89842250358ee432e6800bb24362', '535708ae50aecb452560a23356fd396f99ef13a2', 'e12d9e77a6fd531a22325337838a841b1c67f00d', '9be725fa3906323d4bc9788f54eccf74109d632b']",1.0,0.8,0.888888888888889,False,0.1428571428571428,2048,True,5
"[""test"", ""docs"", ""fix"", ""ci"", ""feat""]","[""test"", ""docs"", ""refactor"", ""ci"", ""feat""]",0.8357300758361816,"['229b53a632ea97d47c4be11f096bdd828fb415d8', 'bf83c9155e9bee6925aa7102fab53fb803d52533', '062daa45cbd5dba6e96e95d8cdcaee89ae30a83c', '32845e1bbd1efb5dbc16f671049509a409ba25ce', 'dc5238b2bda98a7c4f2fe9584fc3b0191a408109']",0.8,0.8,0.8000000000000002,False,0.2857142857142857,2048,True,5
"[""build"", ""feat"", ""fix"", ""refactor""]","[""build"", ""docs"", ""fix"", ""test"", ""refactor""]",0.8060705661773682,"['454003841aabeb74396d73541378bfa59c75b5db', 'e12d9e77a6fd531a22325337838a841b1c67f00d', 'bed78248c941d57ad4cc20a455147e186e97c7a1', 'f411e58cd510f8a2b980b2f1932003a0c0e9f8f3', '062daa45cbd5dba6e96e95d8cdcaee89ae30a83c']",0.75,0.6,0.6666666666666665,False,0.4285714285714285,2048,True,5
"[""build"", ""ci"", ""docs"", ""test"", ""refactor""]","[""build"", ""ci"", ""docs"", ""test"", ""refactor""]",0.8638367652893066,"['5b81fde8a72cf2e69a10e9f5c4f0bea0a2b8c3e0', '74e9de5ec97dc013a52aa063dff0f40ac74c407b', 'a52a585d74894b3b4eeb8c784fa089ff95cddad0', 'e0198f74b81da3663144cfe1d971939319f82a0f', '062daa45cbd5dba6e96e95d8cdcaee89ae30a83c']",1.0,1.0,1.0,True,0.0,2048,True,5
"[""build"", ""docs"", ""docs"", ""refactor""]","[""build"", ""ci"", ""docs"", ""refactor"", ""fix""]",0.717871904373169,"['32b92cfa0b74a6c25990e32ac6aab12b8496794c', '6c9cb638cb4d1ecc42632fcf389c24898c5b3244', 'aca23027da1295c78fdf42ba9687d8ccc88784d7', '47ef9104e4a89e80d7cc6c1950bc080841da4a7b', '2561f4ade46fc9d59f289f328cc77733a6443697']",1.0,0.6,0.7499999999999999,False,0.2857142857142857,2048,True,5
"[""test"", ""docs"", ""fix"", ""feat"", ""build""]","[""test"", ""docs"", ""fix"", ""feat"", ""build""]",0.9003775119781494,"['e0198f74b81da3663144cfe1d971939319f82a0f', 'c2ee5cd5e709afd15c5565ee009a0d204403a119', '9ef5c0d14193a9abb09b39856f58477d1f4b0d77', 'f823cf28652987d43c8324b4f5b203240032383a', 'c44cf88a6ec54e5ddd99d8348bcc57b301ec7945']",1.0,1.0,1.0,True,0.0,2048,True,5
"[""refactor"", ""ci"", ""test"", ""build"", ""feat""]","[""refactor"", ""ci"", ""test"", ""build"", ""feat""]",0.9484598636627196,"['3cca5c314ad6feeffbfe1f14cf49ebd0fd9a95a2', '32845e1bbd1efb5dbc16f671049509a409ba25ce', 'e9617f0854030e70365eb264bcb3b58078e79e9e', '454003841aabeb74396d73541378bfa59c75b5db', 'fd8e563cc19ca4684885d4692acee6bebcca4ada']",1.0,1.0,1.0,True,0.0,2048,True,5
"[""feat"", ""docs"", ""build"", ""fix"", ""test""]","[""refactor"", ""feat"", ""build"", ""fix"", ""test""]",0.8633098602294922,"['062daa45cbd5dba6e96e95d8cdcaee89ae30a83c', 'f823cf28652987d43c8324b4f5b203240032383a', 'c44cf88a6ec54e5ddd99d8348bcc57b301ec7945', '933ab6bb86372913c992567cf9660009900911a7', '8ee0611fbf0cd89abe7ae588f22e6ecb843598ea']",0.8,0.8,0.8000000000000002,False,0.2857142857142857,2048,True,5
"[""refactor"", ""test"", ""docs"", ""feat"", ""ci""]","[""refactor"", ""test"", ""docs"", ""feat"", ""ci""]",0.8641793727874756,"['36556bf8e0bce4ab6d26eafacbdad04d9614a5d7', '317f4eefecddfb1392ca71d551840f446feee302', '036a0ff49a7dade0e04c9c07071a1ff49133ee24', 'e137f9fdbdb6bf3f85c3f7ac9323785e445844c8', 'e7a67d88173566be3cd3aed7e9eeb7e29aabbc57']",1.0,1.0,1.0,True,0.0,2048,True,5
"[""test"", ""ci"", ""refactor"", ""feat"", ""fix""]","[""test"", ""ci"", ""refactor"", ""feat"", ""fix""]",0.9421122074127196,"['e0198f74b81da3663144cfe1d971939319f82a0f', '173553c0372e66e03bdab19e0e6c2dd44daa14a0', '062daa45cbd5dba6e96e95d8cdcaee89ae30a83c', 'f823cf28652987d43c8324b4f5b203240032383a', 'bed78248c941d57ad4cc20a455147e186e97c7a1']",1.0,1.0,1.0,True,0.0,2048,True,5
"[""ci"", ""fix"", ""docs"", ""build"", ""feat""]","[""ci"", ""refactor"", ""docs"", ""fix"", ""feat""]",0.828587532043457,"['32845e1bbd1efb5dbc16f671049509a409ba25ce', '63eab619e6166eb6cab948028a7b89bf059dd878', 'af880ac5b4fecbc6c4f3d1eee0d95f326e8bd9d1', '9be725fa3906323d4bc9788f54eccf74109d632b', 'fd8e563cc19ca4684885d4692acee6bebcca4ada']",0.8,0.8,0.8000000000000002,False,0.2857142857142857,2048,True,5
"[""docs"", ""refactor"", ""fix"", ""test"", ""build""]","[""docs"", ""refactor"", ""fix"", ""test"", ""build""]",0.9003255367279053,"['bf83c9155e9bee6925aa7102fab53fb803d52533', '3cca5c314ad6feeffbfe1f14cf49ebd0fd9a95a2', '2561f4ade46fc9d59f289f328cc77733a6443697', '317f4eefecddfb1392ca71d551840f446feee302', '454003841aabeb74396d73541378bfa59c75b5db']",1.0,1.0,1.0,True,0.0,2048,True,5
"[""test"", ""ci"", ""fix"", ""docs"", ""refactor""]","[""test"", ""ci"", ""fix"", ""docs"", ""refactor""]",0.9006168842315674,"['317f4eefecddfb1392ca71d551840f446feee302', '32845e1bbd1efb5dbc16f671049509a409ba25ce', 'c8e0ae8612df3d6f2831acc004aaac332f6105e4', '6d405dfc1675dcad64a2dfac0c0cb0fb28381d21', '062daa45cbd5dba6e96e95d8cdcaee89ae30a83c']",1.0,1.0,1.0,True,0.0,2048,True,5
"[""build"", ""docs"", ""ci"", ""test"", ""feat""]","[""build"", ""ci"", ""test"", ""docs"", ""feat""]",0.7910935878753662,"['c55591ba157298a9c5816693c102a89dfd058830', 'dbb537a26e388a8d7d17faf131abc30c2f7a84e6', 'e0198f74b81da3663144cfe1d971939319f82a0f', '0cfc5633d37ea06f645649138323f1820e18bdee', 'dc5238b2bda98a7c4f2fe9584fc3b0191a408109']",1.0,1.0,1.0,True,0.0,2048,True,5
"[""feat"", ""fix"", ""test"", ""refactor"", ""ci""]","[""refactor"", ""feat"", ""test"", ""fix"", ""ci""]",0.8623025417327881,"['535708ae50aecb452560a23356fd396f99ef13a2', 'dc5238b2bda98a7c4f2fe9584fc3b0191a408109', 'e2e8ad25854bd1e7cdbc7f50b50bbd99e04ad47d', '2561f4ade46fc9d59f289f328cc77733a6443697', 'c5fa7b80438fbd74f4c341f0d3c9bd9e0f4910da']",1.0,1.0,1.0,True,0.0,2048,True,5
"[""ci"", ""fix"", ""refactor"", ""build"", ""test""]","[""ci"", ""docs"", ""refactor"", ""build"", ""test""]",0.8204314708709717,"['c5fa7b80438fbd74f4c341f0d3c9bd9e0f4910da', 'af880ac5b4fecbc6c4f3d1eee0d95f326e8bd9d1', '47ef9104e4a89e80d7cc6c1950bc080841da4a7b', '37b1cbfd3d2c462ef4f2a131e4172c38dc8d9ddf', 'c7b25726df94a2530c9b1c0d2b6a0acaa103822f']",0.8,0.8,0.8000000000000002,False,0.2857142857142857,2048,True,5
"[""build"", ""docs"", ""refactor"", ""test"", ""feat""]","[""build"", ""docs"", ""refactor"", ""test"", ""feat""]",0.9462404251098632,"['454003841aabeb74396d73541378bfa59c75b5db', 'aca23027da1295c78fdf42ba9687d8ccc88784d7', '771857b1df9470ebc15357e8879118a72c649d5b', 'bedc7950b24c37809e36a585b7985d5aa5e3e458', 'e137f9fdbdb6bf3f85c3f7ac9323785e445844c8']",1.0,1.0,1.0,True,0.0,2048,True,5
"[""ci"", ""feat"", ""fix"", ""docs"", ""test""]","[""ci"", ""feat"", ""fix"", ""docs"", ""test""]",0.8385343551635742,"['74e9de5ec97dc013a52aa063dff0f40ac74c407b', 'ded26d768ff432ad3bde3c0aa1e95ce50726100a', '9be725fa3906323d4bc9788f54eccf74109d632b', 'a52a585d74894b3b4eeb8c784fa089ff95cddad0', 'e9617f0854030e70365eb264bcb3b58078e79e9e']",1.0,1.0,1.0,True,0.0,2048,True,5
"[""feat"", ""build"", ""test"", ""fix""]","[""feat"", ""build"", ""test"", ""docs"", ""fix""]",0.7675864696502686,"['f9a094918b62534614c47aa8a13f33aec751a1e0', 'e4a11fd5c34942ba12737f1c8c084489428ee274', '229b53a632ea97d47c4be11f096bdd828fb415d8', '036a0ff49a7dade0e04c9c07071a1ff49133ee24', '2561f4ade46fc9d59f289f328cc77733a6443697']",1.0,0.8,0.888888888888889,False,0.1428571428571428,2048,True,5
"[""refactor"", ""docs"", ""test"", ""feat"", ""ci""]","[""build"", ""docs"", ""test"", ""fix"", ""ci""]",0.906867265701294,"['e4a11fd5c34942ba12737f1c8c084489428ee274', 'aca23027da1295c78fdf42ba9687d8ccc88784d7', 'e9617f0854030e70365eb264bcb3b58078e79e9e', '9ef5c0d14193a9abb09b39856f58477d1f4b0d77', '4cbbd2552ba0de273e1dfe7d453c5b3efed751a3']",0.6,0.6,0.6,False,0.5714285714285714,2048,True,5
"[""feat"", ""build"", ""build"", ""docs"", ""test""]","[""feat"", ""fix"", ""ci"", ""docs"", ""test""]",0.9164886474609376,"['f9a094918b62534614c47aa8a13f33aec751a1e0', '2561f4ade46fc9d59f289f328cc77733a6443697', '45837af24a33308a70a3454f0f650f9fe728e272', '036a0ff49a7dade0e04c9c07071a1ff49133ee24', 'b7ce2894fd1794064bd6db4ed730bb6cb7728739']",0.75,0.6,0.6666666666666665,False,0.4285714285714285,2048,True,5
"[""feat"", ""refactor"", ""build"", ""fix"", ""docs""]","[""feat"", ""refactor"", ""build"", ""fix"", ""docs""]",0.8689558506011963,"['ded26d768ff432ad3bde3c0aa1e95ce50726100a', '062daa45cbd5dba6e96e95d8cdcaee89ae30a83c', '37b1cbfd3d2c462ef4f2a131e4172c38dc8d9ddf', '933ab6bb86372913c992567cf9660009900911a7', '036a0ff49a7dade0e04c9c07071a1ff49133ee24']",1.0,1.0,1.0,True,0.0,2048,True,5
"[""test"", ""build"", ""fix"", ""docs"", ""docs""]","[""test"", ""build"", ""feat"", ""fix"", ""docs""]",0.8249087333679199,"['f411e58cd510f8a2b980b2f1932003a0c0e9f8f3', 'c44cf88a6ec54e5ddd99d8348bcc57b301ec7945', '1bcf88670b50155b50071e707f98f30cea0b7a24', '9be725fa3906323d4bc9788f54eccf74109d632b', 'a52a585d74894b3b4eeb8c784fa089ff95cddad0']",1.0,0.8,0.888888888888889,False,0.1428571428571428,2048,True,5
"[""fix"", ""build"", ""test"", ""ci"", ""docs""]","[""fix"", ""feat"", ""test"", ""ci"", ""docs""]",0.7765796184539795,"['933ab6bb86372913c992567cf9660009900911a7', '6ed56ce9ae743ba9a87e6c9643cc06b1de7b748d', 'e2e8ad25854bd1e7cdbc7f50b50bbd99e04ad47d', 'e96487ad7ce90b141219d9032fa2bed68d5dae6a', '036a0ff49a7dade0e04c9c07071a1ff49133ee24']",0.8,0.8,0.8000000000000002,False,0.2857142857142857,2048,True,5
"[""test"", ""refactor"", ""build"", ""feat"", ""fix""]","[""test"", ""refactor"", ""ci"", ""build"", ""fix""]",0.8926994800567627,"['e0198f74b81da3663144cfe1d971939319f82a0f', '3cca5c314ad6feeffbfe1f14cf49ebd0fd9a95a2', '45837af24a33308a70a3454f0f650f9fe728e272', '5b81fde8a72cf2e69a10e9f5c4f0bea0a2b8c3e0', '9ef5c0d14193a9abb09b39856f58477d1f4b0d77']",0.8,0.8,0.8000000000000002,False,0.2857142857142857,2048,True,5
"[""build"", ""docs"", ""fix"", ""test"", ""test""]","[""build"", ""feat"", ""refactor"", ""ci"", ""test""]",0.8246967792510986,"['c55591ba157298a9c5816693c102a89dfd058830', '1bcf88670b50155b50071e707f98f30cea0b7a24', '1db13ec43727aca872a0f3836e4023ed85db665e', 'dbb537a26e388a8d7d17faf131abc30c2f7a84e6', 'e2e8ad25854bd1e7cdbc7f50b50bbd99e04ad47d']",0.5,0.4,0.4444444444444445,False,0.7142857142857143,2048,True,5
"[""feat"", ""docs"", ""fix"", ""build"", ""ci"", ""build""]","[""feat"", ""refactor"", ""test"", ""ci"", ""build""]",0.9661493301391602,"['e137f9fdbdb6bf3f85c3f7ac9323785e445844c8', 'a62314d9bb632be6af026686615d14b912250512', 'b7ce2894fd1794064bd6db4ed730bb6cb7728739', '45837af24a33308a70a3454f0f650f9fe728e272', '454003841aabeb74396d73541378bfa59c75b5db']",0.6,0.6,0.6,False,0.5714285714285714,2048,True,5
"[""test"", ""fix"", ""build"", ""feat"", ""docs""]","[""test"", ""fix"", ""build"", ""refactor"", ""docs""]",0.8348445892333984,"['317f4eefecddfb1392ca71d551840f446feee302', '06e2be4e2019b6fa714e1fcb34485860ef1ede79', '32b92cfa0b74a6c25990e32ac6aab12b8496794c', '535708ae50aecb452560a23356fd396f99ef13a2', 'aca23027da1295c78fdf42ba9687d8ccc88784d7']",0.8,0.8,0.8000000000000002,False,0.2857142857142857,2048,True,5
"[""build"", ""test"", ""build"", ""fix"", ""build"", ""feat""]","[""ci"", ""feat"", ""build"", ""fix"", ""test""]",0.930891752243042,"['173553c0372e66e03bdab19e0e6c2dd44daa14a0', '6ed56ce9ae743ba9a87e6c9643cc06b1de7b748d', '32b92cfa0b74a6c25990e32ac6aab12b8496794c', '933ab6bb86372913c992567cf9660009900911a7', 'e9617f0854030e70365eb264bcb3b58078e79e9e']",1.0,0.8,0.888888888888889,False,0.1428571428571428,2048,True,5
"[""ci"", ""test"", ""fix"", ""refactor"", ""build""]","[""ci"", ""test"", ""fix"", ""feat"", ""build""]",0.811823844909668,"['dbb537a26e388a8d7d17faf131abc30c2f7a84e6', 'e2e8ad25854bd1e7cdbc7f50b50bbd99e04ad47d', '933ab6bb86372913c992567cf9660009900911a7', 'b282e90e2cbb74559aab79eee8443a4d7c85502a', 'c55591ba157298a9c5816693c102a89dfd058830']",0.8,0.8,0.8000000000000002,False,0.2857142857142857,2048,True,5
"[""test"", ""build"", ""feat"", ""fix"", ""ci""]","[""test"", ""build"", ""feat"", ""fix"", ""ci""]",0.8762438297271729,"['317f4eefecddfb1392ca71d551840f446feee302', 'e4a11fd5c34942ba12737f1c8c084489428ee274', 'ded26d768ff432ad3bde3c0aa1e95ce50726100a', 'd129eaf9125a967ac86c6c7276bbae6b4d50af36', '173553c0372e66e03bdab19e0e6c2dd44daa14a0']",1.0,1.0,1.0,True,0.0,2048,True,5
"[""test"", ""build"", ""refactor"", ""docs"", ""feat""]","[""test"", ""build"", ""refactor"", ""docs"", ""feat""]",0.8580756187438965,"['bedc7950b24c37809e36a585b7985d5aa5e3e458', '5b81fde8a72cf2e69a10e9f5c4f0bea0a2b8c3e0', '47ef9104e4a89e80d7cc6c1950bc080841da4a7b', 'aca23027da1295c78fdf42ba9687d8ccc88784d7', 'f823cf28652987d43c8324b4f5b203240032383a']",1.0,1.0,1.0,True,0.0,2048,True,5
"[""build"", ""ci"", ""feat"", ""docs"", ""refactor""]","[""build"", ""ci"", ""feat"", ""docs"", ""fix""]",0.8206548690795898,"['5b81fde8a72cf2e69a10e9f5c4f0bea0a2b8c3e0', 'c5fa7b80438fbd74f4c341f0d3c9bd9e0f4910da', '68278b00450f2679761a2999500f6d87a579376b', 'a52a585d74894b3b4eeb8c784fa089ff95cddad0', '06e2be4e2019b6fa714e1fcb34485860ef1ede79']",0.8,0.8,0.8000000000000002,False,0.2857142857142857,2048,True,5
"[""test"", ""build"", ""refactor"", ""feat"", ""ci""]","[""test"", ""build"", ""refactor"", ""fix"", ""ci""]",0.8639345169067383,"['e0198f74b81da3663144cfe1d971939319f82a0f', '5b81fde8a72cf2e69a10e9f5c4f0bea0a2b8c3e0', '3cca5c314ad6feeffbfe1f14cf49ebd0fd9a95a2', '87d5d4e55ab7149b593d29410f1fe426ba2447d4', '74e9de5ec97dc013a52aa063dff0f40ac74c407b']",0.8,0.8,0.8000000000000002,False,0.2857142857142857,2048,True,5
"[""build"", ""fix"", ""feat"", ""ci"", ""test""]","[""feat"", ""build"", ""fix"", ""ci"", ""test""]",0.8373329639434814,"['6ed56ce9ae743ba9a87e6c9643cc06b1de7b748d', 'c323d59c607cabc91f17a78528d998f376f30b10', '87d5d4e55ab7149b593d29410f1fe426ba2447d4', 'c5fa7b80438fbd74f4c341f0d3c9bd9e0f4910da', 'e9617f0854030e70365eb264bcb3b58078e79e9e']",1.0,1.0,1.0,True,0.0,2048,True,5
"[""build"", ""test"", ""fix"", ""feat"", ""ci""]","[""build"", ""test"", ""refactor"", ""feat"", ""ci""]",0.8213915824890137,"['5b81fde8a72cf2e69a10e9f5c4f0bea0a2b8c3e0', 'e9617f0854030e70365eb264bcb3b58078e79e9e', '2954a0955ce9af6acb345ed1e8328e145ad30475', '68278b00450f2679761a2999500f6d87a579376b', 'e96487ad7ce90b141219d9032fa2bed68d5dae6a']",0.8,0.8,0.8000000000000002,False,0.2857142857142857,2048,True,5
"[""build"", ""feat"", ""docs"", ""test"", ""fix""]","[""ci"", ""refactor"", ""docs"", ""feat"", ""fix""]",0.8200159072875977,"['4cbbd2552ba0de273e1dfe7d453c5b3efed751a3', '535708ae50aecb452560a23356fd396f99ef13a2', 'e12d9e77a6fd531a22325337838a841b1c67f00d', 'fd8e563cc19ca4684885d4692acee6bebcca4ada', '9be725fa3906323d4bc9788f54eccf74109d632b']",0.6,0.6,0.6,False,0.5714285714285714,2048,True,5
"[""build"", ""docs"", ""fix"", ""docs"", ""refactor""]","[""ci"", ""fix"", ""feat"", ""docs"", ""refactor""]",0.8976781368255615,"['c5fa7b80438fbd74f4c341f0d3c9bd9e0f4910da', 'bed78248c941d57ad4cc20a455147e186e97c7a1', 'b282e90e2cbb74559aab79eee8443a4d7c85502a', 'bf83c9155e9bee6925aa7102fab53fb803d52533', '771857b1df9470ebc15357e8879118a72c649d5b']",0.75,0.6,0.6666666666666665,False,0.4285714285714285,2048,True,5
"[""refactor""]","[""fix""]",0.3355872631072998,['87d5d4e55ab7149b593d29410f1fe426ba2447d4'],0.0,0.0,0.0,False,0.2857142857142857,2048,True,1
"[""test""]","[""test""]",0.3637242317199707,['317f4eefecddfb1392ca71d551840f446feee302'],1.0,1.0,1.0,True,0.0,2048,True,1
"[""ci""]","[""ci""]",0.3483781814575195,['c5fa7b80438fbd74f4c341f0d3c9bd9e0f4910da'],1.0,1.0,1.0,True,0.0,2048,True,1
"[""ci""]","[""ci""]",0.3322105407714844,['e7a67d88173566be3cd3aed7e9eeb7e29aabbc57'],1.0,1.0,1.0,True,0.0,2048,True,1
"[""fix""]","[""fix""]",0.305192232131958,['d129eaf9125a967ac86c6c7276bbae6b4d50af36'],1.0,1.0,1.0,True,0.0,2048,True,1
"[""build""]","[""build""]",0.2890098094940185,['1269431c8a3e7549f10fcbbb4b88ff625c8898b3'],1.0,1.0,1.0,True,0.0,2048,True,1
"[""feat""]","[""refactor""]",0.2850162982940674,['535708ae50aecb452560a23356fd396f99ef13a2'],0.0,0.0,0.0,False,0.2857142857142857,2048,True,1
"[""feat""]","[""feat""]",0.2759888172149658,['68278b00450f2679761a2999500f6d87a579376b'],1.0,1.0,1.0,True,0.0,2048,True,1
"[""ci""]","[""ci""]",0.2555663585662842,['6c9cb638cb4d1ecc42632fcf389c24898c5b3244'],1.0,1.0,1.0,True,0.0,2048,True,1
"[""test""]","[""test""]",0.2601234912872314,['c7b25726df94a2530c9b1c0d2b6a0acaa103822f'],1.0,1.0,1.0,True,0.0,2048,True,1
"[""feat""]","[""feat""]",0.357288122177124,['1bcf88670b50155b50071e707f98f30cea0b7a24'],1.0,1.0,1.0,True,0.0,2048,True,1
"[""build""]","[""build""]",0.4016017913818359,['454003841aabeb74396d73541378bfa59c75b5db'],1.0,1.0,1.0,True,0.0,2048,True,1
"[""ci""]","[""ci""]",0.2550480365753174,['dbb537a26e388a8d7d17faf131abc30c2f7a84e6'],1.0,1.0,1.0,True,0.0,2048,True,1
"[""docs""]","[""docs""]",0.2931070327758789,['bf83c9155e9bee6925aa7102fab53fb803d52533'],1.0,1.0,1.0,True,0.0,2048,True,1
"[""feat""]","[""feat""]",0.2901976108551025,['dc5238b2bda98a7c4f2fe9584fc3b0191a408109'],1.0,1.0,1.0,True,0.0,2048,True,1
"[""ci""]","[""ci""]",0.3264586925506592,['74e9de5ec97dc013a52aa063dff0f40ac74c407b'],1.0,1.0,1.0,True,0.0,2048,True,1
"[""test""]","[""test""]",0.2901144027709961,['b7ce2894fd1794064bd6db4ed730bb6cb7728739'],1.0,1.0,1.0,True,0.0,2048,True,1
"[""build""]","[""build""]",0.3218235969543457,['32b92cfa0b74a6c25990e32ac6aab12b8496794c'],1.0,1.0,1.0,True,0.0,2048,True,1
"[""fix""]","[""fix""]",0.3178784847259521,['bed78248c941d57ad4cc20a455147e186e97c7a1'],1.0,1.0,1.0,True,0.0,2048,True,1
"[""test""]","[""test""]",0.2847702503204345,['f411e58cd510f8a2b980b2f1932003a0c0e9f8f3'],1.0,1.0,1.0,True,0.0,2048,True,1
"[""feat""]","[""feat""]",0.2783548831939697,['f9a094918b62534614c47aa8a13f33aec751a1e0'],1.0,1.0,1.0,True,0.0,2048,True,1
"[""docs""]","[""docs""]",0.2872521877288818,['aca23027da1295c78fdf42ba9687d8ccc88784d7'],1.0,1.0,1.0,True,0.0,2048,True,1
"[""build""]","[""build""]",0.3130016326904297,['37b1cbfd3d2c462ef4f2a131e4172c38dc8d9ddf'],1.0,1.0,1.0,True,0.0,2048,True,1
"[""feat""]","[""feat""]",0.55845046043396,['e137f9fdbdb6bf3f85c3f7ac9323785e445844c8'],1.0,1.0,1.0,True,0.0,2048,True,1
"[""test""]","[""test""]",0.3352749347686767,['e0198f74b81da3663144cfe1d971939319f82a0f'],1.0,1.0,1.0,True,0.0,2048,True,1
"[""build""]","[""ci""]",0.3341350555419922,['45837af24a33308a70a3454f0f650f9fe728e272'],0.0,0.0,0.0,False,0.2857142857142857,2048,True,1
"[""docs""]","[""docs""]",0.306340217590332,['0cfc5633d37ea06f645649138323f1820e18bdee'],1.0,1.0,1.0,True,0.0,2048,True,1
"[""test""]","[""test""]",0.5059406757354736,['8ee0611fbf0cd89abe7ae588f22e6ecb843598ea'],1.0,1.0,1.0,True,0.0,2048,True,1
"[""docs""]","[""docs""]",0.3302838802337646,['c2ee5cd5e709afd15c5565ee009a0d204403a119'],1.0,1.0,1.0,True,0.0,2048,True,1
"[""fix""]","[""fix""]",0.2596120834350586,['d1d55e787b7d07f763852602b9939a5394607fd9'],1.0,1.0,1.0,True,0.0,2048,True,1
"[""build""]","[""build""]",0.3188848495483398,['c55591ba157298a9c5816693c102a89dfd058830'],1.0,1.0,1.0,True,0.0,2048,True,1
"[""build""]","[""fix""]",0.2568190097808838,['9be725fa3906323d4bc9788f54eccf74109d632b'],0.0,0.0,0.0,False,0.2857142857142857,2048,True,1
"[""build""]","[""build""]",0.2830314636230469,['f00a4d3e307b89842250358ee432e6800bb24362'],1.0,1.0,1.0,True,0.0,2048,True,1
"[""docs""]","[""docs""]",0.2912290096282959,['036a0ff49a7dade0e04c9c07071a1ff49133ee24'],1.0,1.0,1.0,True,0.0,2048,True,1
"[""docs""]","[""docs""]",0.285679817199707,['6d405dfc1675dcad64a2dfac0c0cb0fb28381d21'],1.0,1.0,1.0,True,0.0,2048,True,1
"[""refactor""]","[""refactor""]",0.5878279209136963,['3cca5c314ad6feeffbfe1f14cf49ebd0fd9a95a2'],1.0,1.0,1.0,True,0.0,2048,True,1
"[""docs""]","[""docs""]",0.319272518157959,['af880ac5b4fecbc6c4f3d1eee0d95f326e8bd9d1'],1.0,1.0,1.0,True,0.0,2048,True,1
"[""fix""]","[""fix""]",0.2603843212127685,['c8e0ae8612df3d6f2831acc004aaac332f6105e4'],1.0,1.0,1.0,True,0.0,2048,True,1
"[""refactor""]","[""refactor""]",0.4579575061798095,['771857b1df9470ebc15357e8879118a72c649d5b'],1.0,1.0,1.0,True,0.0,2048,True,1
"[""refactor""]","[""refactor""]",0.3179466724395752,['47ef9104e4a89e80d7cc6c1950bc080841da4a7b'],1.0,1.0,1.0,True,0.0,2048,True,1
"[""refactor""]","[""refactor""]",0.6019735336303711,['1db13ec43727aca872a0f3836e4023ed85db665e'],1.0,1.0,1.0,True,0.0,2048,True,1
"[""fix""]","[""fix""]",0.258523941040039,['933ab6bb86372913c992567cf9660009900911a7'],1.0,1.0,1.0,True,0.0,2048,True,1
"[""test""]","[""test""]",0.2902233600616455,['e2e8ad25854bd1e7cdbc7f50b50bbd99e04ad47d'],1.0,1.0,1.0,True,0.0,2048,True,1
"[""build""]","[""build""]",0.2780680656433105,['c44cf88a6ec54e5ddd99d8348bcc57b301ec7945'],1.0,1.0,1.0,True,0.0,2048,True,1
"[""ci""]","[""ci""]",0.258120059967041,['e96487ad7ce90b141219d9032fa2bed68d5dae6a'],1.0,1.0,1.0,True,0.0,2048,True,1
"[""build""]","[""build""]",0.2520420551300049,['5b81fde8a72cf2e69a10e9f5c4f0bea0a2b8c3e0'],1.0,1.0,1.0,True,0.0,2048,True,1
"[""docs""]","[""docs""]",0.5548300743103027,['cb1f48b56ae0de93acb72e48726c7d610a1d538e'],1.0,1.0,1.0,True,0.0,2048,True,1
"[""fix""]","[""fix""]",0.359572172164917,['2561f4ade46fc9d59f289f328cc77733a6443697'],1.0,1.0,1.0,True,0.0,2048,True,1
"[""fix""]","[""fix""]",0.3052091598510742,['06e2be4e2019b6fa714e1fcb34485860ef1ede79'],1.0,1.0,1.0,True,0.0,2048,True,1
"[""refactor""]","[""refactor""]",0.3278052806854248,['36556bf8e0bce4ab6d26eafacbdad04d9614a5d7'],1.0,1.0,1.0,True,0.0,2048,True,1
"[""build""]","[""build""]",0.2534008026123047,['c323d59c607cabc91f17a78528d998f376f30b10'],1.0,1.0,1.0,True,0.0,2048,True,1
"[""build""]","[""build""]",0.3165450096130371,['e4a11fd5c34942ba12737f1c8c084489428ee274'],1.0,1.0,1.0,True,0.0,2048,True,1
"[""fix""]","[""refactor""]",0.3502004146575928,['63eab619e6166eb6cab948028a7b89bf059dd878'],0.0,0.0,0.0,False,0.2857142857142857,2048,True,1
"[""docs""]","[""docs""]",0.268139123916626,['a52a585d74894b3b4eeb8c784fa089ff95cddad0'],1.0,1.0,1.0,True,0.0,2048,True,1
"[""fix""]","[""feat""]",0.3410489559173584,['b282e90e2cbb74559aab79eee8443a4d7c85502a'],0.0,0.0,0.0,False,0.2857142857142857,2048,True,1
"[""feat""]","[""feat""]",0.3327538967132568,['f823cf28652987d43c8324b4f5b203240032383a'],1.0,1.0,1.0,True,0.0,2048,True,1
"[""fix""]","[""fix""]",0.2881324291229248,['9ef5c0d14193a9abb09b39856f58477d1f4b0d77'],1.0,1.0,1.0,True,0.0,2048,True,1
"[""feat""]","[""feat""]",0.3589808940887451,['fd8e563cc19ca4684885d4692acee6bebcca4ada'],1.0,1.0,1.0,True,0.0,2048,True,1
"[""ci""]","[""ci""]",0.2733471393585205,['4cbbd2552ba0de273e1dfe7d453c5b3efed751a3'],1.0,1.0,1.0,True,0.0,2048,True,1
"[""ci""]","[""ci""]",0.3628439903259277,['173553c0372e66e03bdab19e0e6c2dd44daa14a0'],1.0,1.0,1.0,True,0.0,2048,True,1
"[""ci""]","[""ci""]",0.4836421012878418,['32845e1bbd1efb5dbc16f671049509a409ba25ce'],1.0,1.0,1.0,True,0.0,2048,True,1
"[""test""]","[""test""]",0.284243106842041,['229b53a632ea97d47c4be11f096bdd828fb415d8'],1.0,1.0,1.0,True,0.0,2048,True,1
"[""docs""]","[""refactor""]",0.2840540409088135,['2954a0955ce9af6acb345ed1e8328e145ad30475'],0.0,0.0,0.0,False,0.2857142857142857,2048,True,1
"[""docs""]","[""refactor""]",0.2904286384582519,['a62314d9bb632be6af026686615d14b912250512'],0.0,0.0,0.0,False,0.2857142857142857,2048,True,1
"[""refactor""]","[""refactor""]",0.5894737243652344,['062daa45cbd5dba6e96e95d8cdcaee89ae30a83c'],1.0,1.0,1.0,True,0.0,2048,True,1
"[""test""]","[""test""]",0.3278231620788574,['bedc7950b24c37809e36a585b7985d5aa5e3e458'],1.0,1.0,1.0,True,0.0,2048,True,1
"[""feat""]","[""feat""]",0.5650444030761719,['ded26d768ff432ad3bde3c0aa1e95ce50726100a'],1.0,1.0,1.0,True,0.0,2048,True,1
"[""build"", ""test""]","[""test""]",0.458169937133789,['e9617f0854030e70365eb264bcb3b58078e79e9e'],0.5,1.0,0.6666666666666666,False,0.1428571428571428,2048,True,1
"[""feat""]","[""feat""]",0.4682228565216064,['6ed56ce9ae743ba9a87e6c9643cc06b1de7b748d'],1.0,1.0,1.0,True,0.0,2048,True,1
"[""ci""]","[""docs""]",0.2714822292327881,['e12d9e77a6fd531a22325337838a841b1c67f00d'],0.0,0.0,0.0,False,0.2857142857142857,2048,True,1
"[""feat"", ""refactor""]","[""feat"", ""refactor""]",0.5385830402374268,"['fd8e563cc19ca4684885d4692acee6bebcca4ada', '36556bf8e0bce4ab6d26eafacbdad04d9614a5d7']",1.0,1.0,1.0,True,0.0,2048,True,2
"[""build"", ""build""]","[""ci"", ""build""]",0.458204984664917,"['45837af24a33308a70a3454f0f650f9fe728e272', '5b81fde8a72cf2e69a10e9f5c4f0bea0a2b8c3e0']",1.0,0.5,0.6666666666666666,False,0.1428571428571428,2048,True,2
"[""feat"", ""docs""]","[""refactor"", ""docs""]",0.4219241142272949,"['535708ae50aecb452560a23356fd396f99ef13a2', 'af880ac5b4fecbc6c4f3d1eee0d95f326e8bd9d1']",0.5,0.5,0.5,False,0.2857142857142857,2048,True,2
"[""fix"", ""feat""]","[""feat"", ""refactor""]",0.5152888298034668,"['68278b00450f2679761a2999500f6d87a579376b', '63eab619e6166eb6cab948028a7b89bf059dd878']",0.5,0.5,0.5,False,0.2857142857142857,2048,True,2
"[""ci"", ""test""]","[""ci"", ""test""]",0.4216172695159912,"['dbb537a26e388a8d7d17faf131abc30c2f7a84e6', 'f411e58cd510f8a2b980b2f1932003a0c0e9f8f3']",1.0,1.0,1.0,True,0.0,2048,True,2
"[""test"", ""ci""]","[""test"", ""ci""]",0.474407434463501,"['e2e8ad25854bd1e7cdbc7f50b50bbd99e04ad47d', 'c5fa7b80438fbd74f4c341f0d3c9bd9e0f4910da']",1.0,1.0,1.0,True,0.0,2048,True,2
"[""build""]","[""ci"", ""build""]",0.4183392524719238,"['45837af24a33308a70a3454f0f650f9fe728e272', '1269431c8a3e7549f10fcbbb4b88ff625c8898b3']",1.0,0.5,0.6666666666666666,False,0.1428571428571428,2048,True,2
"[""refactor""]","[""feat"", ""test""]",0.4441394805908203,"['1bcf88670b50155b50071e707f98f30cea0b7a24', 'f411e58cd510f8a2b980b2f1932003a0c0e9f8f3']",0.0,0.0,0.0,False,0.4285714285714285,2048,True,2
"[""docs"", ""build""]","[""fix"", ""docs""]",0.3954615592956543,"['9be725fa3906323d4bc9788f54eccf74109d632b', '0cfc5633d37ea06f645649138323f1820e18bdee']",0.5,0.5,0.5,False,0.2857142857142857,2048,True,2
"[""docs"", ""ci""]","[""fix"", ""ci""]",0.3897922039031982,"['9be725fa3906323d4bc9788f54eccf74109d632b', 'e96487ad7ce90b141219d9032fa2bed68d5dae6a']",0.5,0.5,0.5,False,0.2857142857142857,2048,True,2
"[""build"", ""test""]","[""build"", ""test""]",0.5482304096221924,"['1269431c8a3e7549f10fcbbb4b88ff625c8898b3', '317f4eefecddfb1392ca71d551840f446feee302']",1.0,1.0,1.0,True,0.0,2048,True,2
"[""ci"", ""docs""]","[""ci"", ""docs""]",0.4216353893280029,"['dbb537a26e388a8d7d17faf131abc30c2f7a84e6', '0cfc5633d37ea06f645649138323f1820e18bdee']",1.0,1.0,1.0,True,0.0,2048,True,2
"[""refactor"", ""build""]","[""refactor"", ""build""]",0.7058696746826172,"['3cca5c314ad6feeffbfe1f14cf49ebd0fd9a95a2', '454003841aabeb74396d73541378bfa59c75b5db']",1.0,1.0,1.0,True,0.0,2048,True,2
"[""refactor"", ""feat""]","[""fix"", ""refactor""]",0.6301553249359131,"['2561f4ade46fc9d59f289f328cc77733a6443697', '062daa45cbd5dba6e96e95d8cdcaee89ae30a83c']",0.5,0.5,0.5,False,0.2857142857142857,2048,True,2
"[""build"", ""ci""]","[""build"", ""ci""]",0.3965637683868408,"['c44cf88a6ec54e5ddd99d8348bcc57b301ec7945', 'dbb537a26e388a8d7d17faf131abc30c2f7a84e6']",1.0,1.0,1.0,True,0.0,2048,True,2
"[""docs"", ""fix""]","[""build"", ""refactor""]",0.484175443649292,"['32b92cfa0b74a6c25990e32ac6aab12b8496794c', '63eab619e6166eb6cab948028a7b89bf059dd878']",0.0,0.0,0.0,False,0.5714285714285714,2048,True,2
"[""fix"", ""ci""]","[""feat"", ""docs""]",0.3911390304565429,"['dc5238b2bda98a7c4f2fe9584fc3b0191a408109', 'e12d9e77a6fd531a22325337838a841b1c67f00d']",0.0,0.0,0.0,False,0.5714285714285714,2048,True,2
"[""ci"", ""docs""]","[""ci"", ""docs""]",0.5216104984283447,"['32845e1bbd1efb5dbc16f671049509a409ba25ce', 'bf83c9155e9bee6925aa7102fab53fb803d52533']",1.0,1.0,1.0,True,0.0,2048,True,2
"[""docs"", ""build"", ""feat""]","[""fix"", ""feat""]",0.6483469009399414,"['d129eaf9125a967ac86c6c7276bbae6b4d50af36', '6ed56ce9ae743ba9a87e6c9643cc06b1de7b748d']",0.3333333333333333,0.5,0.4,False,0.4285714285714285,2048,True,2
"[""refactor"", ""ci""]","[""feat"", ""ci""]",0.569270133972168,"['1bcf88670b50155b50071e707f98f30cea0b7a24', '74e9de5ec97dc013a52aa063dff0f40ac74c407b']",0.5,0.5,0.5,False,0.2857142857142857,2048,True,2
"[""docs"", ""ci""]","[""docs"", ""ci""]",0.3954331874847412,"['036a0ff49a7dade0e04c9c07071a1ff49133ee24', '4cbbd2552ba0de273e1dfe7d453c5b3efed751a3']",1.0,1.0,1.0,True,0.0,2048,True,2
"[""build"", ""docs""]","[""test"", ""docs""]",0.6155552864074707,"['e9617f0854030e70365eb264bcb3b58078e79e9e', 'cb1f48b56ae0de93acb72e48726c7d610a1d538e']",0.5,0.5,0.5,False,0.2857142857142857,2048,True,2
"[""docs""]","[""docs"", ""feat""]",0.4001579284667969,"['aca23027da1295c78fdf42ba9687d8ccc88784d7', 'f823cf28652987d43c8324b4f5b203240032383a']",1.0,0.5,0.6666666666666666,False,0.1428571428571428,2048,True,2
"[""refactor"", ""fix""]","[""refactor"", ""fix""]",0.4265890121459961,"['47ef9104e4a89e80d7cc6c1950bc080841da4a7b', '06e2be4e2019b6fa714e1fcb34485860ef1ede79']",1.0,1.0,1.0,True,0.0,2048,True,2
"[""build"", ""ci""]","[""build"", ""ci""]",0.3864052295684814,"['5b81fde8a72cf2e69a10e9f5c4f0bea0a2b8c3e0', 'dbb537a26e388a8d7d17faf131abc30c2f7a84e6']",1.0,1.0,1.0,True,0.0,2048,True,2
"[""build"", ""refactor""]","[""build"", ""refactor""]",0.4191288948059082,"['5b81fde8a72cf2e69a10e9f5c4f0bea0a2b8c3e0', '36556bf8e0bce4ab6d26eafacbdad04d9614a5d7']",1.0,1.0,1.0,True,0.0,2048,True,2
"[""feat"", ""test""]","[""fix"", ""test""]",0.471994400024414,"['9ef5c0d14193a9abb09b39856f58477d1f4b0d77', 'b7ce2894fd1794064bd6db4ed730bb6cb7728739']",0.5,0.5,0.5,False,0.2857142857142857,2048,True,2
"[""build"", ""docs""]","[""build"", ""docs""]",0.4263563156127929,"['c323d59c607cabc91f17a78528d998f376f30b10', 'c2ee5cd5e709afd15c5565ee009a0d204403a119']",1.0,1.0,1.0,True,0.0,2048,True,2
"[""fix"", ""ci""]","[""fix"", ""ci""]",0.3830184936523437,"['9be725fa3906323d4bc9788f54eccf74109d632b', 'dbb537a26e388a8d7d17faf131abc30c2f7a84e6']",1.0,1.0,1.0,True,0.0,2048,True,2
"[""docs"", ""ci""]","[""fix"", ""ci""]",0.4606838226318359,"['9be725fa3906323d4bc9788f54eccf74109d632b', 'e7a67d88173566be3cd3aed7e9eeb7e29aabbc57']",0.5,0.5,0.5,False,0.2857142857142857,2048,True,2
"[""docs"", ""refactor""]","[""docs"", ""refactor""]",0.5853099822998047,"['c2ee5cd5e709afd15c5565ee009a0d204403a119', '062daa45cbd5dba6e96e95d8cdcaee89ae30a83c']",1.0,1.0,1.0,True,0.0,2048,True,2
"[""fix"", ""feat"", ""refactor""]","[""fix"", ""feat""]",0.6614904403686523,"['933ab6bb86372913c992567cf9660009900911a7', 'e137f9fdbdb6bf3f85c3f7ac9323785e445844c8']",0.6666666666666666,1.0,0.8,False,0.1428571428571428,2048,True,2
"[""build"", ""fix""]","[""fix"", ""build""]",0.4568026065826416,"['9be725fa3906323d4bc9788f54eccf74109d632b', 'c44cf88a6ec54e5ddd99d8348bcc57b301ec7945']",1.0,1.0,1.0,True,0.0,2048,True,2
"[""build"", ""fix""]","[""ci"", ""docs""]",0.5205845832824707,"['173553c0372e66e03bdab19e0e6c2dd44daa14a0', 'e12d9e77a6fd531a22325337838a841b1c67f00d']",0.0,0.0,0.0,False,0.5714285714285714,2048,True,2
"[""ci"", ""feat""]","[""ci"", ""feat""]",0.4645822048187256,"['6c9cb638cb4d1ecc42632fcf389c24898c5b3244', 'f823cf28652987d43c8324b4f5b203240032383a']",1.0,1.0,1.0,True,0.0,2048,True,2
"[""ci"", ""docs""]","[""ci"", ""docs""]",0.4740431308746338,"['74e9de5ec97dc013a52aa063dff0f40ac74c407b', 'c2ee5cd5e709afd15c5565ee009a0d204403a119']",1.0,1.0,1.0,True,0.0,2048,True,2
"[""test"", ""build""]","[""test"", ""build""]",0.4994022846221924,"['317f4eefecddfb1392ca71d551840f446feee302', '5b81fde8a72cf2e69a10e9f5c4f0bea0a2b8c3e0']",1.0,1.0,1.0,True,0.0,2048,True,2
"[""docs"", ""feat""]","[""docs"", ""feat""]",0.4684445858001709,"['a52a585d74894b3b4eeb8c784fa089ff95cddad0', 'f823cf28652987d43c8324b4f5b203240032383a']",1.0,1.0,1.0,True,0.0,2048,True,2
"[""refactor"", ""build""]","[""refactor"", ""build""]",0.4063408374786377,"['47ef9104e4a89e80d7cc6c1950bc080841da4a7b', '5b81fde8a72cf2e69a10e9f5c4f0bea0a2b8c3e0']",1.0,1.0,1.0,True,0.0,2048,True,2
"[""feat""]","[""feat"", ""refactor""]",0.5975632667541504,"['e137f9fdbdb6bf3f85c3f7ac9323785e445844c8', '771857b1df9470ebc15357e8879118a72c649d5b']",1.0,0.5,0.6666666666666666,False,0.1428571428571428,2048,True,2
"[""fix"", ""docs""]","[""feat"", ""fix""]",0.5324504375457764,"['6ed56ce9ae743ba9a87e6c9643cc06b1de7b748d', 'd1d55e787b7d07f763852602b9939a5394607fd9']",0.5,0.5,0.5,False,0.2857142857142857,2048,True,2
"[""build"", ""docs""]","[""build"", ""docs""]",0.4271442890167236,"['c323d59c607cabc91f17a78528d998f376f30b10', '0cfc5633d37ea06f645649138323f1820e18bdee']",1.0,1.0,1.0,True,0.0,2048,True,2
"[""test""]","[""test"", ""refactor""]",0.4415557384490967,"['8ee0611fbf0cd89abe7ae588f22e6ecb843598ea', '2954a0955ce9af6acb345ed1e8328e145ad30475']",1.0,0.5,0.6666666666666666,False,0.1428571428571428,2048,True,2
"[""refactor"", ""fix""]","[""refactor"", ""fix""]",0.4363465309143066,"['36556bf8e0bce4ab6d26eafacbdad04d9614a5d7', 'c8e0ae8612df3d6f2831acc004aaac332f6105e4']",1.0,1.0,1.0,True,0.0,2048,True,2
"[""build"", ""ci""]","[""build"", ""ci""]",0.548882246017456,"['e4a11fd5c34942ba12737f1c8c084489428ee274', '173553c0372e66e03bdab19e0e6c2dd44daa14a0']",1.0,1.0,1.0,True,0.0,2048,True,2
"[""fix"", ""feat""]","[""fix"", ""feat""]",0.4641015529632568,"['c8e0ae8612df3d6f2831acc004aaac332f6105e4', 'f9a094918b62534614c47aa8a13f33aec751a1e0']",1.0,1.0,1.0,True,0.0,2048,True,2
"[""docs"", ""build""]","[""refactor"", ""docs""]",0.5375680923461914,"['771857b1df9470ebc15357e8879118a72c649d5b', '0cfc5633d37ea06f645649138323f1820e18bdee']",0.5,0.5,0.5,False,0.2857142857142857,2048,True,2
"[""fix"", ""feat""]","[""feat"", ""fix""]",0.5308065414428711,"['6ed56ce9ae743ba9a87e6c9643cc06b1de7b748d', '87d5d4e55ab7149b593d29410f1fe426ba2447d4']",1.0,1.0,1.0,True,0.0,2048,True,2
"[""refactor"", ""test""]","[""refactor"", ""test""]",0.5863656997680664,"['1db13ec43727aca872a0f3836e4023ed85db665e', '229b53a632ea97d47c4be11f096bdd828fb415d8']",1.0,1.0,1.0,True,0.0,2048,True,2
"[""test"", ""feat""]","[""test"", ""refactor""]",0.5959458351135254,"['317f4eefecddfb1392ca71d551840f446feee302', '63eab619e6166eb6cab948028a7b89bf059dd878']",0.5,0.5,0.5,False,0.2857142857142857,2048,True,2
"[""build"", ""fix""]","[""docs"", ""build""]",0.4285714626312256,"['e12d9e77a6fd531a22325337838a841b1c67f00d', 'c44cf88a6ec54e5ddd99d8348bcc57b301ec7945']",0.5,0.5,0.5,False,0.2857142857142857,2048,True,2
"[""refactor"", ""build""]","[""refactor"", ""build""]",0.5598671436309814,"['1db13ec43727aca872a0f3836e4023ed85db665e', '32b92cfa0b74a6c25990e32ac6aab12b8496794c']",1.0,1.0,1.0,True,0.0,2048,True,2
"[""docs""]","[""docs"", ""fix""]",0.3659195899963379,"['c2ee5cd5e709afd15c5565ee009a0d204403a119', 'bed78248c941d57ad4cc20a455147e186e97c7a1']",1.0,0.5,0.6666666666666666,False,0.1428571428571428,2048,True,2
"[""docs"", ""ci""]","[""docs"", ""ci""]",0.508312463760376,"['bf83c9155e9bee6925aa7102fab53fb803d52533', '173553c0372e66e03bdab19e0e6c2dd44daa14a0']",1.0,1.0,1.0,True,0.0,2048,True,2
"[""refactor"", ""ci""]","[""refactor"", ""ci""]",0.4838566780090332,"['36556bf8e0bce4ab6d26eafacbdad04d9614a5d7', '74e9de5ec97dc013a52aa063dff0f40ac74c407b']",1.0,1.0,1.0,True,0.0,2048,True,2
"[""test"", ""feat""]","[""test"", ""fix""]",0.4924852848052978,"['e9617f0854030e70365eb264bcb3b58078e79e9e', '87d5d4e55ab7149b593d29410f1fe426ba2447d4']",0.5,0.5,0.5,False,0.2857142857142857,2048,True,2
"[""fix""]","[""feat"", ""refactor""]",0.4038589000701904,"['e137f9fdbdb6bf3f85c3f7ac9323785e445844c8', '47ef9104e4a89e80d7cc6c1950bc080841da4a7b']",0.0,0.0,0.0,False,0.4285714285714285,2048,True,2
"[""build"", ""ci""]","[""fix"", ""ci""]",0.5162436962127686,"['2561f4ade46fc9d59f289f328cc77733a6443697', '74e9de5ec97dc013a52aa063dff0f40ac74c407b']",0.5,0.5,0.5,False,0.2857142857142857,2048,True,2
"[""build"", ""ci""]","[""build"", ""ci""]",0.3872504234313965,"['5b81fde8a72cf2e69a10e9f5c4f0bea0a2b8c3e0', 'e96487ad7ce90b141219d9032fa2bed68d5dae6a']",1.0,1.0,1.0,True,0.0,2048,True,2
"[""build"", ""feat"", ""test""]","[""build"", ""test""]",0.6233103275299072,"['32b92cfa0b74a6c25990e32ac6aab12b8496794c', '8ee0611fbf0cd89abe7ae588f22e6ecb843598ea']",0.6666666666666666,1.0,0.8,False,0.1428571428571428,2048,True,2
"[""refactor"", ""ci""]","[""refactor"", ""ci""]",0.6245532035827637,"['1db13ec43727aca872a0f3836e4023ed85db665e', '74e9de5ec97dc013a52aa063dff0f40ac74c407b']",1.0,1.0,1.0,True,0.0,2048,True,2
"[""fix"", ""build""]","[""fix"", ""build""]",0.5003385543823242,"['2561f4ade46fc9d59f289f328cc77733a6443697', 'c55591ba157298a9c5816693c102a89dfd058830']",1.0,1.0,1.0,True,0.0,2048,True,2
"[""build"", ""refactor""]","[""build"", ""refactor""]",0.5460035800933838,"['5b81fde8a72cf2e69a10e9f5c4f0bea0a2b8c3e0', '1db13ec43727aca872a0f3836e4023ed85db665e']",1.0,1.0,1.0,True,0.0,2048,True,2
"[""test"", ""ci""]","[""test"", ""ci""]",0.5355937480926514,"['8ee0611fbf0cd89abe7ae588f22e6ecb843598ea', 'e96487ad7ce90b141219d9032fa2bed68d5dae6a']",1.0,1.0,1.0,True,0.0,2048,True,2
"[""test"", ""refactor""]","[""test"", ""refactor""]",0.6266281604766846,"['bedc7950b24c37809e36a585b7985d5aa5e3e458', '062daa45cbd5dba6e96e95d8cdcaee89ae30a83c']",1.0,1.0,1.0,True,0.0,2048,True,2
"[""ci"", ""feat""]","[""ci"", ""refactor""]",0.538632869720459,"['74e9de5ec97dc013a52aa063dff0f40ac74c407b', '63eab619e6166eb6cab948028a7b89bf059dd878']",0.5,0.5,0.5,False,0.2857142857142857,2048,True,2
"[""test"", ""fix""]","[""test"", ""docs""]",0.5016689300537109,"['317f4eefecddfb1392ca71d551840f446feee302', 'af880ac5b4fecbc6c4f3d1eee0d95f326e8bd9d1']",0.5,0.5,0.5,False,0.2857142857142857,2048,True,2
"[""feat"", ""fix""]","[""feat"", ""fix""]",0.4323408603668213,"['dc5238b2bda98a7c4f2fe9584fc3b0191a408109', '9ef5c0d14193a9abb09b39856f58477d1f4b0d77']",1.0,1.0,1.0,True,0.0,2048,True,2
"[""docs"", ""fix""]","[""build"", ""docs""]",0.4587116241455078,"['e4a11fd5c34942ba12737f1c8c084489428ee274', 'e12d9e77a6fd531a22325337838a841b1c67f00d']",0.5,0.5,0.5,False,0.2857142857142857,2048,True,2
"[""feat"", ""refactor""]","[""feat"", ""refactor""]",0.6553680896759033,"['6ed56ce9ae743ba9a87e6c9643cc06b1de7b748d', '63eab619e6166eb6cab948028a7b89bf059dd878']",1.0,1.0,1.0,True,0.0,2048,True,2
"[""ci""]","[""ci"", ""fix"", ""docs""]",0.4036405086517334,"['dbb537a26e388a8d7d17faf131abc30c2f7a84e6', 'd129eaf9125a967ac86c6c7276bbae6b4d50af36', 'cb1f48b56ae0de93acb72e48726c7d610a1d538e']",1.0,0.3333333333333333,0.5,False,0.2857142857142857,2048,True,3
"[""fix"", ""refactor"", ""feat""]","[""fix"", ""refactor"", ""feat""]",0.73067307472229,"['933ab6bb86372913c992567cf9660009900911a7', '3cca5c314ad6feeffbfe1f14cf49ebd0fd9a95a2', '6ed56ce9ae743ba9a87e6c9643cc06b1de7b748d']",1.0,1.0,1.0,True,0.0,2048,True,3
"[""build"", ""feat"", ""refactor""]","[""build"", ""feat"", ""ci""]",0.7103579044342041,"['5b81fde8a72cf2e69a10e9f5c4f0bea0a2b8c3e0', 'e137f9fdbdb6bf3f85c3f7ac9323785e445844c8', '32845e1bbd1efb5dbc16f671049509a409ba25ce']",0.6666666666666666,0.6666666666666666,0.6666666666666666,False,0.2857142857142857,2048,True,3
"[""build"", ""docs"", ""feat""]","[""ci"", ""docs"", ""feat""]",0.7206237316131592,"['45837af24a33308a70a3454f0f650f9fe728e272', '6d405dfc1675dcad64a2dfac0c0cb0fb28381d21', 'f823cf28652987d43c8324b4f5b203240032383a']",0.6666666666666666,0.6666666666666666,0.6666666666666666,False,0.2857142857142857,2048,True,3
"[""ci"", ""docs"", ""build""]","[""ci"", ""docs"", ""build""]",0.5281617641448975,"['6c9cb638cb4d1ecc42632fcf389c24898c5b3244', 'bf83c9155e9bee6925aa7102fab53fb803d52533', 'c323d59c607cabc91f17a78528d998f376f30b10']",1.0,1.0,1.0,True,0.0,2048,True,3
"[""test"", ""fix"", ""docs""]","[""test"", ""docs"", ""fix""]",0.579960823059082,"['229b53a632ea97d47c4be11f096bdd828fb415d8', 'e12d9e77a6fd531a22325337838a841b1c67f00d', 'd129eaf9125a967ac86c6c7276bbae6b4d50af36']",1.0,1.0,1.0,True,0.0,2048,True,3
"[""fix"", ""docs"", ""feat""]","[""feat"", ""docs"", ""refactor""]",0.6328873634338379,"['68278b00450f2679761a2999500f6d87a579376b', 'c2ee5cd5e709afd15c5565ee009a0d204403a119', '535708ae50aecb452560a23356fd396f99ef13a2']",0.6666666666666666,0.6666666666666666,0.6666666666666666,False,0.2857142857142857,2048,True,3
"[""docs"", ""build"", ""test""]","[""docs"", ""ci"", ""test""]",0.5716342926025391,"['0cfc5633d37ea06f645649138323f1820e18bdee', '6c9cb638cb4d1ecc42632fcf389c24898c5b3244', 'f411e58cd510f8a2b980b2f1932003a0c0e9f8f3']",0.6666666666666666,0.6666666666666666,0.6666666666666666,False,0.2857142857142857,2048,True,3
"[""docs"", ""fix"", ""refactor""]","[""build"", ""fix"", ""refactor""]",0.6075990200042725,"['1269431c8a3e7549f10fcbbb4b88ff625c8898b3', '933ab6bb86372913c992567cf9660009900911a7', '36556bf8e0bce4ab6d26eafacbdad04d9614a5d7']",0.6666666666666666,0.6666666666666666,0.6666666666666666,False,0.2857142857142857,2048,True,3
"[""test"", ""fix"", ""docs""]","[""test"", ""fix"", ""docs""]",0.5720016956329346,"['c7b25726df94a2530c9b1c0d2b6a0acaa103822f', '933ab6bb86372913c992567cf9660009900911a7', 'c2ee5cd5e709afd15c5565ee009a0d204403a119']",1.0,1.0,1.0,True,0.0,2048,True,3
"[""build"", ""refactor"", ""fix""]","[""build"", ""refactor"", ""fix""]",0.6512162685394287,"['32b92cfa0b74a6c25990e32ac6aab12b8496794c', '771857b1df9470ebc15357e8879118a72c649d5b', '06e2be4e2019b6fa714e1fcb34485860ef1ede79']",1.0,1.0,1.0,True,0.0,2048,True,3
"[""test"", ""docs"", ""build""]","[""test"", ""docs"", ""build""]",0.5789363384246826,"['f411e58cd510f8a2b980b2f1932003a0c0e9f8f3', '036a0ff49a7dade0e04c9c07071a1ff49133ee24', 'c44cf88a6ec54e5ddd99d8348bcc57b301ec7945']",1.0,1.0,1.0,True,0.0,2048,True,3
"[""docs"", ""test"", ""feat""]","[""feat"", ""test"", ""refactor""]",0.6503098011016846,"['6ed56ce9ae743ba9a87e6c9643cc06b1de7b748d', 'c7b25726df94a2530c9b1c0d2b6a0acaa103822f', '535708ae50aecb452560a23356fd396f99ef13a2']",0.6666666666666666,0.6666666666666666,0.6666666666666666,False,0.2857142857142857,2048,True,3
"[""docs"", ""test"", ""fix""]","[""docs"", ""feat"", ""fix""]",0.6705648899078369,"['6d405dfc1675dcad64a2dfac0c0cb0fb28381d21', 'ded26d768ff432ad3bde3c0aa1e95ce50726100a', 'd129eaf9125a967ac86c6c7276bbae6b4d50af36']",0.6666666666666666,0.6666666666666666,0.6666666666666666,False,0.2857142857142857,2048,True,3
"[""ci"", ""docs"", ""refactor""]","[""ci"", ""docs"", ""fix""]",0.7381107807159424,"['e7a67d88173566be3cd3aed7e9eeb7e29aabbc57', 'c2ee5cd5e709afd15c5565ee009a0d204403a119', 'bed78248c941d57ad4cc20a455147e186e97c7a1']",0.6666666666666666,0.6666666666666666,0.6666666666666666,False,0.2857142857142857,2048,True,3
"[""ci"", ""docs"", ""fix""]","[""ci"", ""docs"", ""fix""]",0.6264462471008301,"['74e9de5ec97dc013a52aa063dff0f40ac74c407b', 'aca23027da1295c78fdf42ba9687d8ccc88784d7', 'd129eaf9125a967ac86c6c7276bbae6b4d50af36']",1.0,1.0,1.0,True,0.0,2048,True,3
"[""test"", ""fix"", ""build"", ""ci""]","[""test"", ""fix"", ""build""]",0.7256841659545898,"['c7b25726df94a2530c9b1c0d2b6a0acaa103822f', 'bed78248c941d57ad4cc20a455147e186e97c7a1', 'c55591ba157298a9c5816693c102a89dfd058830']",0.75,1.0,0.8571428571428571,False,0.1428571428571428,2048,True,3
"[""build"", ""ci"", ""feat"", ""docs""]","[""docs"", ""ci"", ""fix""]",0.7699675559997559,"['a52a585d74894b3b4eeb8c784fa089ff95cddad0', 'e7a67d88173566be3cd3aed7e9eeb7e29aabbc57', 'bed78248c941d57ad4cc20a455147e186e97c7a1']",0.5,0.6666666666666666,0.5714285714285715,False,0.4285714285714285,2048,True,3
"[""build"", ""ci"", ""test""]","[""build"", ""ci"", ""test""]",0.5611562728881836,"['f00a4d3e307b89842250358ee432e6800bb24362', '6c9cb638cb4d1ecc42632fcf389c24898c5b3244', 'c7b25726df94a2530c9b1c0d2b6a0acaa103822f']",1.0,1.0,1.0,True,0.0,2048,True,3
"[""refactor"", ""fix"", ""feat""]","[""refactor"", ""feat"", ""fix""]",0.6424477100372314,"['2954a0955ce9af6acb345ed1e8328e145ad30475', 'dc5238b2bda98a7c4f2fe9584fc3b0191a408109', '9ef5c0d14193a9abb09b39856f58477d1f4b0d77']",1.0,1.0,1.0,True,0.0,2048,True,3
"[""build"", ""test"", ""fix""]","[""ci"", ""test"", ""fix""]",0.5835435390472412,"['4cbbd2552ba0de273e1dfe7d453c5b3efed751a3', 'f411e58cd510f8a2b980b2f1932003a0c0e9f8f3', '06e2be4e2019b6fa714e1fcb34485860ef1ede79']",0.6666666666666666,0.6666666666666666,0.6666666666666666,False,0.2857142857142857,2048,True,3
"[""fix"", ""refactor"", ""build""]","[""feat"", ""refactor"", ""build""]",0.7598721981048584,"['b282e90e2cbb74559aab79eee8443a4d7c85502a', '1db13ec43727aca872a0f3836e4023ed85db665e', '37b1cbfd3d2c462ef4f2a131e4172c38dc8d9ddf']",0.6666666666666666,0.6666666666666666,0.6666666666666666,False,0.2857142857142857,2048,True,3
"[""fix"", ""feat"", ""build""]","[""fix"", ""feat"", ""ci""]",0.7023229598999023,"['d129eaf9125a967ac86c6c7276bbae6b4d50af36', 'fd8e563cc19ca4684885d4692acee6bebcca4ada', '173553c0372e66e03bdab19e0e6c2dd44daa14a0']",0.6666666666666666,0.6666666666666666,0.6666666666666666,False,0.2857142857142857,2048,True,3
"[""docs"", ""test"", ""build""]","[""docs"", ""refactor"", ""test""]",0.6421079635620117,"['036a0ff49a7dade0e04c9c07071a1ff49133ee24', '63eab619e6166eb6cab948028a7b89bf059dd878', '229b53a632ea97d47c4be11f096bdd828fb415d8']",0.6666666666666666,0.6666666666666666,0.6666666666666666,False,0.2857142857142857,2048,True,3
"[""test"", ""ci"", ""fix""]","[""test"", ""ci"", ""feat""]",0.6883182525634766,"['c7b25726df94a2530c9b1c0d2b6a0acaa103822f', '32845e1bbd1efb5dbc16f671049509a409ba25ce', 'b282e90e2cbb74559aab79eee8443a4d7c85502a']",0.6666666666666666,0.6666666666666666,0.6666666666666666,False,0.2857142857142857,2048,True,3
"[""feat"", ""build"", ""refactor""]","[""feat"", ""build"", ""refactor""]",0.5805902481079102,"['f9a094918b62534614c47aa8a13f33aec751a1e0', '5b81fde8a72cf2e69a10e9f5c4f0bea0a2b8c3e0', '36556bf8e0bce4ab6d26eafacbdad04d9614a5d7']",1.0,1.0,1.0,True,0.0,2048,True,3
"[""feat"", ""build"", ""docs""]","[""feat"", ""build"", ""docs""]",0.6749069690704346,"['e137f9fdbdb6bf3f85c3f7ac9323785e445844c8', '37b1cbfd3d2c462ef4f2a131e4172c38dc8d9ddf', 'e12d9e77a6fd531a22325337838a841b1c67f00d']",1.0,1.0,1.0,True,0.0,2048,True,3
"[""build"", ""refactor"", ""ci""]","[""build"", ""refactor"", ""ci""]",0.6103596687316895,"['f00a4d3e307b89842250358ee432e6800bb24362', '36556bf8e0bce4ab6d26eafacbdad04d9614a5d7', '4cbbd2552ba0de273e1dfe7d453c5b3efed751a3']",1.0,1.0,1.0,True,0.0,2048,True,3
"[""docs"", ""ci"", ""build""]","[""docs"", ""ci"", ""build""]",0.7002356052398682,"['cb1f48b56ae0de93acb72e48726c7d610a1d538e', 'e96487ad7ce90b141219d9032fa2bed68d5dae6a', '454003841aabeb74396d73541378bfa59c75b5db']",1.0,1.0,1.0,True,0.0,2048,True,3
"[""fix"", ""test"", ""build""]","[""fix"", ""test"", ""build""]",0.5787143707275391,"['d129eaf9125a967ac86c6c7276bbae6b4d50af36', 'e2e8ad25854bd1e7cdbc7f50b50bbd99e04ad47d', '1269431c8a3e7549f10fcbbb4b88ff625c8898b3']",1.0,1.0,1.0,True,0.0,2048,True,3
"[""docs"", ""fix"", ""refactor""]","[""refactor"", ""docs"", ""feat""]",0.6733715534210205,"['2954a0955ce9af6acb345ed1e8328e145ad30475', 'a52a585d74894b3b4eeb8c784fa089ff95cddad0', 'b282e90e2cbb74559aab79eee8443a4d7c85502a']",0.6666666666666666,0.6666666666666666,0.6666666666666666,False,0.2857142857142857,2048,True,3
"[""docs"", ""refactor"", ""test""]","[""docs"", ""refactor"", ""test""]",0.7257778644561768,"['0cfc5633d37ea06f645649138323f1820e18bdee', '1db13ec43727aca872a0f3836e4023ed85db665e', 'bedc7950b24c37809e36a585b7985d5aa5e3e458']",1.0,1.0,1.0,True,0.0,2048,True,3
"[""build"", ""docs"", ""test""]","[""fix"", ""docs"", ""test""]",0.5438854694366455,"['933ab6bb86372913c992567cf9660009900911a7', '0cfc5633d37ea06f645649138323f1820e18bdee', 'c7b25726df94a2530c9b1c0d2b6a0acaa103822f']",0.6666666666666666,0.6666666666666666,0.6666666666666666,False,0.2857142857142857,2048,True,3
"[""refactor"", ""ci"", ""test""]","[""refactor"", ""ci"", ""test""]",0.6151134967803955,"['36556bf8e0bce4ab6d26eafacbdad04d9614a5d7', '6c9cb638cb4d1ecc42632fcf389c24898c5b3244', '229b53a632ea97d47c4be11f096bdd828fb415d8']",1.0,1.0,1.0,True,0.0,2048,True,3
"[""ci"", ""test"", ""docs""]","[""ci"", ""test"", ""docs""]",0.6868667602539062,"['c5fa7b80438fbd74f4c341f0d3c9bd9e0f4910da', '229b53a632ea97d47c4be11f096bdd828fb415d8', 'aca23027da1295c78fdf42ba9687d8ccc88784d7']",1.0,1.0,1.0,True,0.0,2048,True,3
"[""feat"", ""docs"", ""fix""]","[""feat"", ""docs"", ""fix""]",0.6531462669372559,"['f823cf28652987d43c8324b4f5b203240032383a', '0cfc5633d37ea06f645649138323f1820e18bdee', '9ef5c0d14193a9abb09b39856f58477d1f4b0d77']",1.0,1.0,1.0,True,0.0,2048,True,3
"[""test"", ""fix"", ""build"", ""docs""]","[""test"", ""fix"", ""build""]",0.7507867813110352,"['317f4eefecddfb1392ca71d551840f446feee302', '06e2be4e2019b6fa714e1fcb34485860ef1ede79', 'c55591ba157298a9c5816693c102a89dfd058830']",0.75,1.0,0.8571428571428571,False,0.1428571428571428,2048,True,3
"[""docs"", ""fix"", ""refactor""]","[""feat"", ""docs"", ""refactor""]",0.6450960636138916,"['e137f9fdbdb6bf3f85c3f7ac9323785e445844c8', 'bf83c9155e9bee6925aa7102fab53fb803d52533', '36556bf8e0bce4ab6d26eafacbdad04d9614a5d7']",0.6666666666666666,0.6666666666666666,0.6666666666666666,False,0.2857142857142857,2048,True,3
"[""fix"", ""build"", ""fix""]","[""fix"", ""ci"", ""build""]",0.5576984882354736,"['d129eaf9125a967ac86c6c7276bbae6b4d50af36', '6c9cb638cb4d1ecc42632fcf389c24898c5b3244', 'c44cf88a6ec54e5ddd99d8348bcc57b301ec7945']",1.0,0.6666666666666666,0.8,False,0.1428571428571428,2048,True,3
"[""refactor"", ""fix"", ""test"", ""docs""]","[""fix"", ""refactor"", ""docs""]",0.7817556858062744,"['2561f4ade46fc9d59f289f328cc77733a6443697', '2954a0955ce9af6acb345ed1e8328e145ad30475', 'a52a585d74894b3b4eeb8c784fa089ff95cddad0']",0.75,1.0,0.8571428571428571,False,0.1428571428571428,2048,True,3
"[""build"", ""fix""]","[""build"", ""feat"", ""fix""]",0.4543993473052978,"['c55591ba157298a9c5816693c102a89dfd058830', 'dc5238b2bda98a7c4f2fe9584fc3b0191a408109', '9be725fa3906323d4bc9788f54eccf74109d632b']",1.0,0.6666666666666666,0.8,False,0.1428571428571428,2048,True,3
"[""test"", ""refactor"", ""feat""]","[""test"", ""refactor"", ""feat""]",0.6819207668304443,"['229b53a632ea97d47c4be11f096bdd828fb415d8', '36556bf8e0bce4ab6d26eafacbdad04d9614a5d7', 'ded26d768ff432ad3bde3c0aa1e95ce50726100a']",1.0,1.0,1.0,True,0.0,2048,True,3
"[""test"", ""build"", ""docs"", ""ci""]","[""test"", ""build"", ""ci""]",0.8280665874481201,"['e0198f74b81da3663144cfe1d971939319f82a0f', 'c55591ba157298a9c5816693c102a89dfd058830', 'e7a67d88173566be3cd3aed7e9eeb7e29aabbc57']",0.75,1.0,0.8571428571428571,False,0.1428571428571428,2048,True,3
"[""test"", ""fix"", ""docs""]","[""test"", ""fix"", ""docs""]",0.6389446258544922,"['bedc7950b24c37809e36a585b7985d5aa5e3e458', '933ab6bb86372913c992567cf9660009900911a7', '6d405dfc1675dcad64a2dfac0c0cb0fb28381d21']",1.0,1.0,1.0,True,0.0,2048,True,3
"[""fix"", ""build"", ""test""]","[""fix"", ""build"", ""test""]",0.6225941181182861,"['d129eaf9125a967ac86c6c7276bbae6b4d50af36', '32b92cfa0b74a6c25990e32ac6aab12b8496794c', '317f4eefecddfb1392ca71d551840f446feee302']",1.0,1.0,1.0,True,0.0,2048,True,3
"[""feat"", ""build"", ""ci""]","[""feat"", ""fix"", ""ci""]",0.6877017021179199,"['f823cf28652987d43c8324b4f5b203240032383a', '9be725fa3906323d4bc9788f54eccf74109d632b', '32845e1bbd1efb5dbc16f671049509a409ba25ce']",0.6666666666666666,0.6666666666666666,0.6666666666666666,False,0.2857142857142857,2048,True,3
"[""feat"", ""docs"", ""build""]","[""fix"", ""docs"", ""build""]",0.6279435157775879,"['9ef5c0d14193a9abb09b39856f58477d1f4b0d77', 'a52a585d74894b3b4eeb8c784fa089ff95cddad0', '37b1cbfd3d2c462ef4f2a131e4172c38dc8d9ddf']",0.6666666666666666,0.6666666666666666,0.6666666666666666,False,0.2857142857142857,2048,True,3
"[""refactor"", ""ci"", ""docs""]","[""fix"", ""ci"", ""docs""]",0.6567292213439941,"['87d5d4e55ab7149b593d29410f1fe426ba2447d4', '4cbbd2552ba0de273e1dfe7d453c5b3efed751a3', '6d405dfc1675dcad64a2dfac0c0cb0fb28381d21']",0.6666666666666666,0.6666666666666666,0.6666666666666666,False,0.2857142857142857,2048,True,3
"[""feat"", ""docs"", ""refactor""]","[""feat"", ""docs"", ""fix""]",0.7706983089447021,"['fd8e563cc19ca4684885d4692acee6bebcca4ada', 'cb1f48b56ae0de93acb72e48726c7d610a1d538e', 'bed78248c941d57ad4cc20a455147e186e97c7a1']",0.6666666666666666,0.6666666666666666,0.6666666666666666,False,0.2857142857142857,2048,True,3
"[""feat"", ""feat"", ""refactor""]","[""feat"", ""fix"", ""refactor""]",0.7630441188812256,"['1bcf88670b50155b50071e707f98f30cea0b7a24', '9ef5c0d14193a9abb09b39856f58477d1f4b0d77', '062daa45cbd5dba6e96e95d8cdcaee89ae30a83c']",1.0,0.6666666666666666,0.8,False,0.1428571428571428,2048,True,3
"[""refactor"", ""docs"", ""test""]","[""fix"", ""docs"", ""test""]",0.7122642993927002,"['bed78248c941d57ad4cc20a455147e186e97c7a1', 'a52a585d74894b3b4eeb8c784fa089ff95cddad0', 'e9617f0854030e70365eb264bcb3b58078e79e9e']",0.6666666666666666,0.6666666666666666,0.6666666666666666,False,0.2857142857142857,2048,True,3
"[""docs"", ""fix"", ""feat""]","[""docs"", ""ci"", ""feat""]",0.6423933506011963,"['c2ee5cd5e709afd15c5565ee009a0d204403a119', 'dbb537a26e388a8d7d17faf131abc30c2f7a84e6', 'ded26d768ff432ad3bde3c0aa1e95ce50726100a']",0.6666666666666666,0.6666666666666666,0.6666666666666666,False,0.2857142857142857,2048,True,3
"[""build"", ""ci"", ""feat""]","[""build"", ""ci"", ""refactor""]",0.6907899379730225,"['454003841aabeb74396d73541378bfa59c75b5db', 'dbb537a26e388a8d7d17faf131abc30c2f7a84e6', '062daa45cbd5dba6e96e95d8cdcaee89ae30a83c']",0.6666666666666666,0.6666666666666666,0.6666666666666666,False,0.2857142857142857,2048,True,3
"[""feat"", ""docs"", ""test""]","[""feat"", ""fix"", ""test""]",0.6724941730499268,"['fd8e563cc19ca4684885d4692acee6bebcca4ada', 'd1d55e787b7d07f763852602b9939a5394607fd9', 'b7ce2894fd1794064bd6db4ed730bb6cb7728739']",0.6666666666666666,0.6666666666666666,0.6666666666666666,False,0.2857142857142857,2048,True,3
"[""docs"", ""fix"", ""build""]","[""docs"", ""test"", ""build""]",0.6248810291290283,"['bf83c9155e9bee6925aa7102fab53fb803d52533', 'b7ce2894fd1794064bd6db4ed730bb6cb7728739', '37b1cbfd3d2c462ef4f2a131e4172c38dc8d9ddf']",0.6666666666666666,0.6666666666666666,0.6666666666666666,False,0.2857142857142857,2048,True,3
"[""fix"", ""ci"", ""test""]","[""fix"", ""ci"", ""test""]",0.7017512321472168,"['d129eaf9125a967ac86c6c7276bbae6b4d50af36', 'e7a67d88173566be3cd3aed7e9eeb7e29aabbc57', '317f4eefecddfb1392ca71d551840f446feee302']",1.0,1.0,1.0,True,0.0,2048,True,3
"[""docs"", ""fix"", ""build""]","[""docs"", ""fix"", ""ci""]",0.5691981315612793,"['c2ee5cd5e709afd15c5565ee009a0d204403a119', 'd1d55e787b7d07f763852602b9939a5394607fd9', '6c9cb638cb4d1ecc42632fcf389c24898c5b3244']",0.6666666666666666,0.6666666666666666,0.6666666666666666,False,0.2857142857142857,2048,True,3
"[""ci"", ""fix"", ""docs""]","[""ci"", ""fix"", ""docs""]",0.5351462364196777,"['dbb537a26e388a8d7d17faf131abc30c2f7a84e6', 'c8e0ae8612df3d6f2831acc004aaac332f6105e4', 'e12d9e77a6fd531a22325337838a841b1c67f00d']",1.0,1.0,1.0,True,0.0,2048,True,3
"[""build"", ""build"", ""docs""]","[""build"", ""docs"", ""refactor""]",0.5793983936309814,"['c55591ba157298a9c5816693c102a89dfd058830', 'c2ee5cd5e709afd15c5565ee009a0d204403a119', 'a62314d9bb632be6af026686615d14b912250512']",1.0,0.6666666666666666,0.8,False,0.1428571428571428,2048,True,3
"[""docs"", ""build"", ""refactor""]","[""fix"", ""build"", ""refactor""]",0.6469082832336426,"['d1d55e787b7d07f763852602b9939a5394607fd9', '32b92cfa0b74a6c25990e32ac6aab12b8496794c', '062daa45cbd5dba6e96e95d8cdcaee89ae30a83c']",0.6666666666666666,0.6666666666666666,0.6666666666666666,False,0.2857142857142857,2048,True,3
"[""test"", ""fix"", ""build""]","[""test"", ""docs"", ""build""]",0.6162009239196777,"['f411e58cd510f8a2b980b2f1932003a0c0e9f8f3', 'af880ac5b4fecbc6c4f3d1eee0d95f326e8bd9d1', '1269431c8a3e7549f10fcbbb4b88ff625c8898b3']",0.6666666666666666,0.6666666666666666,0.6666666666666666,False,0.2857142857142857,2048,True,3
"[""feat"", ""test"", ""test""]","[""feat"", ""fix"", ""test""]",0.6423921585083008,"['f9a094918b62534614c47aa8a13f33aec751a1e0', '87d5d4e55ab7149b593d29410f1fe426ba2447d4', '317f4eefecddfb1392ca71d551840f446feee302']",1.0,0.6666666666666666,0.8,False,0.1428571428571428,2048,True,3
"[""test"", ""fix"", ""feat""]","[""test"", ""fix"", ""feat""]",0.6391160488128662,"['229b53a632ea97d47c4be11f096bdd828fb415d8', 'c8e0ae8612df3d6f2831acc004aaac332f6105e4', 'f823cf28652987d43c8324b4f5b203240032383a']",1.0,1.0,1.0,True,0.0,2048,True,3
"[""refactor"", ""fix"", ""fix""]","[""feat"", ""fix"", ""docs""]",0.562314510345459,"['dc5238b2bda98a7c4f2fe9584fc3b0191a408109', '06e2be4e2019b6fa714e1fcb34485860ef1ede79', 'af880ac5b4fecbc6c4f3d1eee0d95f326e8bd9d1']",0.5,0.3333333333333333,0.4,False,0.4285714285714285,2048,True,3
"[""ci"", ""test"", ""fix""]","[""ci"", ""docs"", ""test""]",0.620741605758667,"['173553c0372e66e03bdab19e0e6c2dd44daa14a0', 'e12d9e77a6fd531a22325337838a841b1c67f00d', 'c7b25726df94a2530c9b1c0d2b6a0acaa103822f']",0.6666666666666666,0.6666666666666666,0.6666666666666666,False,0.2857142857142857,2048,True,3
"[""ci"", ""fix"", ""docs""]","[""ci"", ""fix"", ""docs""]",0.6126484870910645,"['dbb537a26e388a8d7d17faf131abc30c2f7a84e6', '2561f4ade46fc9d59f289f328cc77733a6443697', 'e12d9e77a6fd531a22325337838a841b1c67f00d']",1.0,1.0,1.0,True,0.0,2048,True,3
"[""feat"", ""docs"", ""fix"", ""test""]","[""feat"", ""fix"", ""test""]",0.7917783260345459,"['f823cf28652987d43c8324b4f5b203240032383a', '9ef5c0d14193a9abb09b39856f58477d1f4b0d77', '229b53a632ea97d47c4be11f096bdd828fb415d8']",0.75,1.0,0.8571428571428571,False,0.1428571428571428,2048,True,3
"[""feat"", ""ci"", ""fix""]","[""docs"", ""ci"", ""feat""]",0.7298769950866699,"['6d405dfc1675dcad64a2dfac0c0cb0fb28381d21', '173553c0372e66e03bdab19e0e6c2dd44daa14a0', 'b282e90e2cbb74559aab79eee8443a4d7c85502a']",0.6666666666666666,0.6666666666666666,0.6666666666666666,False,0.2857142857142857,2048,True,3
"[""ci"", ""docs"", ""build""]","[""ci"", ""docs"", ""build""]",0.624305248260498,"['c5fa7b80438fbd74f4c341f0d3c9bd9e0f4910da', '036a0ff49a7dade0e04c9c07071a1ff49133ee24', 'c44cf88a6ec54e5ddd99d8348bcc57b301ec7945']",1.0,1.0,1.0,True,0.0,2048,True,3
"[""ci"", ""fix"", ""build""]","[""ci"", ""feat"", ""build""]",0.7273514270782471,"['32845e1bbd1efb5dbc16f671049509a409ba25ce', 'b282e90e2cbb74559aab79eee8443a4d7c85502a', '37b1cbfd3d2c462ef4f2a131e4172c38dc8d9ddf']",0.6666666666666666,0.6666666666666666,0.6666666666666666,False,0.2857142857142857,2048,True,3
"[""test"", ""build"", ""fix"", ""feat""]","[""test"", ""build"", ""fix"", ""feat""]",0.7526180744171143,"['e0198f74b81da3663144cfe1d971939319f82a0f', 'f00a4d3e307b89842250358ee432e6800bb24362', 'd129eaf9125a967ac86c6c7276bbae6b4d50af36', 'dc5238b2bda98a7c4f2fe9584fc3b0191a408109']",1.0,1.0,1.0,True,0.0,2048,True,4
"[""ci"", ""build"", ""test"", ""docs""]","[""ci"", ""build"", ""test"", ""docs""]",0.7643382549285889,"['c5fa7b80438fbd74f4c341f0d3c9bd9e0f4910da', '1269431c8a3e7549f10fcbbb4b88ff625c8898b3', 'e2e8ad25854bd1e7cdbc7f50b50bbd99e04ad47d', '036a0ff49a7dade0e04c9c07071a1ff49133ee24']",1.0,1.0,1.0,True,0.0,2048,True,4
"[""refactor"", ""fix"", ""docs"", ""test""]","[""refactor"", ""feat"", ""docs"", ""test""]",0.82566237449646,"['3cca5c314ad6feeffbfe1f14cf49ebd0fd9a95a2', 'dc5238b2bda98a7c4f2fe9584fc3b0191a408109', 'aca23027da1295c78fdf42ba9687d8ccc88784d7', '229b53a632ea97d47c4be11f096bdd828fb415d8']",0.75,0.75,0.75,False,0.2857142857142857,2048,True,4
"[""fix"", ""test"", ""build"", ""feat""]","[""fix"", ""test"", ""build"", ""refactor""]",0.8162920475006104,"['d1d55e787b7d07f763852602b9939a5394607fd9', 'bedc7950b24c37809e36a585b7985d5aa5e3e458', 'c55591ba157298a9c5816693c102a89dfd058830', '535708ae50aecb452560a23356fd396f99ef13a2']",0.75,0.75,0.75,False,0.2857142857142857,2048,True,4
"[""docs"", ""build"", ""build"", ""feat""]","[""docs"", ""build"", ""ci"", ""feat""]",0.8356084823608398,"['a52a585d74894b3b4eeb8c784fa089ff95cddad0', '1269431c8a3e7549f10fcbbb4b88ff625c8898b3', '45837af24a33308a70a3454f0f650f9fe728e272', 'e137f9fdbdb6bf3f85c3f7ac9323785e445844c8']",1.0,0.75,0.8571428571428571,False,0.1428571428571428,2048,True,4
"[""test"", ""fix"", ""feat"", ""ci""]","[""test"", ""fix"", ""refactor"", ""ci""]",0.868220329284668,"['e9617f0854030e70365eb264bcb3b58078e79e9e', 'bed78248c941d57ad4cc20a455147e186e97c7a1', '535708ae50aecb452560a23356fd396f99ef13a2', 'c5fa7b80438fbd74f4c341f0d3c9bd9e0f4910da']",0.75,0.75,0.75,False,0.2857142857142857,2048,True,4
"[""ci""]","[""ci"", ""fix"", ""feat"", ""refactor""]",0.520395040512085,"['e7a67d88173566be3cd3aed7e9eeb7e29aabbc57', 'bed78248c941d57ad4cc20a455147e186e97c7a1', 'f823cf28652987d43c8324b4f5b203240032383a', '2954a0955ce9af6acb345ed1e8328e145ad30475']",1.0,0.25,0.4,False,0.4285714285714285,2048,True,4
"[""docs"", ""ci"", ""test"", ""fix""]","[""docs"", ""ci"", ""test"", ""refactor""]",0.8451311588287354,"['aca23027da1295c78fdf42ba9687d8ccc88784d7', '74e9de5ec97dc013a52aa063dff0f40ac74c407b', '317f4eefecddfb1392ca71d551840f446feee302', '3cca5c314ad6feeffbfe1f14cf49ebd0fd9a95a2']",0.75,0.75,0.75,False,0.2857142857142857,2048,True,4
"[""docs"", ""feat"", ""build"", ""ci""]","[""fix"", ""feat"", ""build"", ""docs""]",0.7272119522094727,"['9be725fa3906323d4bc9788f54eccf74109d632b', 'e137f9fdbdb6bf3f85c3f7ac9323785e445844c8', 'c323d59c607cabc91f17a78528d998f376f30b10', '0cfc5633d37ea06f645649138323f1820e18bdee']",0.75,0.75,0.75,False,0.2857142857142857,2048,True,4
"[""docs"", ""fix"", ""test"", ""feat""]","[""docs"", ""feat"", ""test"", ""fix""]",0.774111270904541,"['0cfc5633d37ea06f645649138323f1820e18bdee', '1bcf88670b50155b50071e707f98f30cea0b7a24', '229b53a632ea97d47c4be11f096bdd828fb415d8', '87d5d4e55ab7149b593d29410f1fe426ba2447d4']",1.0,1.0,1.0,True,0.0,2048,True,4
"[""build"", ""docs"", ""refactor"", ""test"", ""ci""]","[""build"", ""refactor"", ""test"", ""ci""]",0.8899304866790771,"['c55591ba157298a9c5816693c102a89dfd058830', '062daa45cbd5dba6e96e95d8cdcaee89ae30a83c', 'c7b25726df94a2530c9b1c0d2b6a0acaa103822f', 'dbb537a26e388a8d7d17faf131abc30c2f7a84e6']",0.8,1.0,0.888888888888889,False,0.1428571428571428,2048,True,4
"[""fix"", ""test"", ""refactor""]","[""feat"", ""fix"", ""test"", ""refactor""]",0.6092450618743896,"['dc5238b2bda98a7c4f2fe9584fc3b0191a408109', 'c8e0ae8612df3d6f2831acc004aaac332f6105e4', 'f411e58cd510f8a2b980b2f1932003a0c0e9f8f3', '47ef9104e4a89e80d7cc6c1950bc080841da4a7b']",1.0,0.75,0.8571428571428571,False,0.1428571428571428,2048,True,4
"[""fix"", ""docs"", ""test"", ""ci""]","[""refactor"", ""docs"", ""test"", ""ci""]",0.8363039493560791,"['63eab619e6166eb6cab948028a7b89bf059dd878', 'aca23027da1295c78fdf42ba9687d8ccc88784d7', 'f411e58cd510f8a2b980b2f1932003a0c0e9f8f3', 'e7a67d88173566be3cd3aed7e9eeb7e29aabbc57']",0.75,0.75,0.75,False,0.2857142857142857,2048,True,4
"[""docs"", ""refactor"", ""fix"", ""docs""]","[""docs"", ""refactor"", ""test"", ""fix""]",0.8438374996185303,"['aca23027da1295c78fdf42ba9687d8ccc88784d7', '062daa45cbd5dba6e96e95d8cdcaee89ae30a83c', 'b7ce2894fd1794064bd6db4ed730bb6cb7728739', '06e2be4e2019b6fa714e1fcb34485860ef1ede79']",1.0,0.75,0.8571428571428571,False,0.1428571428571428,2048,True,4
"[""test"", ""docs"", ""build""]","[""test"", ""docs"", ""build"", ""ci""]",0.7287924289703369,"['317f4eefecddfb1392ca71d551840f446feee302', 'aca23027da1295c78fdf42ba9687d8ccc88784d7', 'f00a4d3e307b89842250358ee432e6800bb24362', '32845e1bbd1efb5dbc16f671049509a409ba25ce']",1.0,0.75,0.8571428571428571,False,0.1428571428571428,2048,True,4
"[""fix"", ""refactor"", ""docs"", ""test""]","[""fix"", ""refactor"", ""docs"", ""test""]",0.7957172393798828,"['933ab6bb86372913c992567cf9660009900911a7', '3cca5c314ad6feeffbfe1f14cf49ebd0fd9a95a2', 'a52a585d74894b3b4eeb8c784fa089ff95cddad0', '229b53a632ea97d47c4be11f096bdd828fb415d8']",1.0,1.0,1.0,True,0.0,2048,True,4
"[""test"", ""build"", ""docs"", ""build""]","[""refactor"", ""ci"", ""docs"", ""build""]",0.7558081150054932,"['63eab619e6166eb6cab948028a7b89bf059dd878', '6c9cb638cb4d1ecc42632fcf389c24898c5b3244', 'a52a585d74894b3b4eeb8c784fa089ff95cddad0', 'c55591ba157298a9c5816693c102a89dfd058830']",0.6666666666666666,0.5,0.5714285714285715,False,0.4285714285714285,2048,True,4
"[""ci"", ""build"", ""test"", ""feat""]","[""ci"", ""build"", ""test"", ""fix""]",0.8081965446472168,"['173553c0372e66e03bdab19e0e6c2dd44daa14a0', 'c55591ba157298a9c5816693c102a89dfd058830', '8ee0611fbf0cd89abe7ae588f22e6ecb843598ea', '87d5d4e55ab7149b593d29410f1fe426ba2447d4']",0.75,0.75,0.75,False,0.2857142857142857,2048,True,4
"[""ci"", ""build"", ""feat"", ""fix""]","[""ci"", ""build"", ""feat"", ""fix""]",0.7670361995697021,"['32845e1bbd1efb5dbc16f671049509a409ba25ce', '32b92cfa0b74a6c25990e32ac6aab12b8496794c', 'fd8e563cc19ca4684885d4692acee6bebcca4ada', '933ab6bb86372913c992567cf9660009900911a7']",1.0,1.0,1.0,True,0.0,2048,True,4
"[""test"", ""build"", ""fix"", ""refactor""]","[""test"", ""build"", ""fix"", ""feat""]",0.8647263050079346,"['317f4eefecddfb1392ca71d551840f446feee302', '454003841aabeb74396d73541378bfa59c75b5db', '933ab6bb86372913c992567cf9660009900911a7', '6ed56ce9ae743ba9a87e6c9643cc06b1de7b748d']",0.75,0.75,0.75,False,0.2857142857142857,2048,True,4
"[""fix"", ""docs"", ""test"", ""refactor""]","[""fix"", ""docs"", ""test"", ""refactor""]",0.811363697052002,"['d1d55e787b7d07f763852602b9939a5394607fd9', '6d405dfc1675dcad64a2dfac0c0cb0fb28381d21', 'e0198f74b81da3663144cfe1d971939319f82a0f', '36556bf8e0bce4ab6d26eafacbdad04d9614a5d7']",1.0,1.0,1.0,True,0.0,2048,True,4
"[""ci"", ""docs"", ""build"", ""feat""]","[""ci"", ""docs"", ""build"", ""feat""]",0.8068158626556396,"['e7a67d88173566be3cd3aed7e9eeb7e29aabbc57', '6d405dfc1675dcad64a2dfac0c0cb0fb28381d21', 'c44cf88a6ec54e5ddd99d8348bcc57b301ec7945', 'f9a094918b62534614c47aa8a13f33aec751a1e0']",1.0,1.0,1.0,True,0.0,2048,True,4
"[""test"", ""feat""]","[""fix"", ""test"", ""feat"", ""docs""]",0.6553201675415039,"['2561f4ade46fc9d59f289f328cc77733a6443697', 'e0198f74b81da3663144cfe1d971939319f82a0f', '1bcf88670b50155b50071e707f98f30cea0b7a24', '6d405dfc1675dcad64a2dfac0c0cb0fb28381d21']",1.0,0.5,0.6666666666666666,False,0.2857142857142857,2048,True,4
"[""ci"", ""fix"", ""test"", ""docs""]","[""ci"", ""fix"", ""test"", ""docs""]",0.7187671661376953,"['4cbbd2552ba0de273e1dfe7d453c5b3efed751a3', '933ab6bb86372913c992567cf9660009900911a7', 'b7ce2894fd1794064bd6db4ed730bb6cb7728739', 'af880ac5b4fecbc6c4f3d1eee0d95f326e8bd9d1']",1.0,1.0,1.0,True,0.0,2048,True,4
"[""feat"", ""build"", ""refactor"", ""fix""]","[""feat"", ""ci"", ""refactor"", ""fix""]",0.8619606494903564,"['f823cf28652987d43c8324b4f5b203240032383a', '45837af24a33308a70a3454f0f650f9fe728e272', '36556bf8e0bce4ab6d26eafacbdad04d9614a5d7', 'bed78248c941d57ad4cc20a455147e186e97c7a1']",0.75,0.75,0.75,False,0.2857142857142857,2048,True,4
"[""fix"", ""test"", ""docs"", ""build""]","[""refactor"", ""feat"", ""docs"", ""build""]",0.8021612167358398,"['63eab619e6166eb6cab948028a7b89bf059dd878', 'e137f9fdbdb6bf3f85c3f7ac9323785e445844c8', 'a52a585d74894b3b4eeb8c784fa089ff95cddad0', 'f00a4d3e307b89842250358ee432e6800bb24362']",0.5,0.5,0.5,False,0.5714285714285714,2048,True,4
"[""build"", ""test"", ""fix"", ""feat""]","[""build"", ""test"", ""ci"", ""refactor""]",0.8809995651245117,"['1269431c8a3e7549f10fcbbb4b88ff625c8898b3', '8ee0611fbf0cd89abe7ae588f22e6ecb843598ea', '45837af24a33308a70a3454f0f650f9fe728e272', '63eab619e6166eb6cab948028a7b89bf059dd878']",0.5,0.5,0.5,False,0.5714285714285714,2048,True,4
"[""build"", ""docs"", ""fix"", ""test""]","[""build"", ""docs"", ""feat"", ""fix""]",0.8745863437652588,"['37b1cbfd3d2c462ef4f2a131e4172c38dc8d9ddf', '6d405dfc1675dcad64a2dfac0c0cb0fb28381d21', 'b282e90e2cbb74559aab79eee8443a4d7c85502a', '2561f4ade46fc9d59f289f328cc77733a6443697']",0.75,0.75,0.75,False,0.2857142857142857,2048,True,4
"[""build"", ""docs"", ""test"", ""ci"", ""refactor""]","[""build"", ""test"", ""ci"", ""feat""]",0.9810342788696288,"['c55591ba157298a9c5816693c102a89dfd058830', '317f4eefecddfb1392ca71d551840f446feee302', 'c5fa7b80438fbd74f4c341f0d3c9bd9e0f4910da', '6ed56ce9ae743ba9a87e6c9643cc06b1de7b748d']",0.6,0.75,0.6666666666666665,False,0.4285714285714285,2048,True,4
"[""fix"", ""build"", ""docs"", ""refactor""]","[""fix"", ""build"", ""docs"", ""refactor""]",0.7839486598968506,"['933ab6bb86372913c992567cf9660009900911a7', '5b81fde8a72cf2e69a10e9f5c4f0bea0a2b8c3e0', 'c2ee5cd5e709afd15c5565ee009a0d204403a119', '3cca5c314ad6feeffbfe1f14cf49ebd0fd9a95a2']",1.0,1.0,1.0,True,0.0,2048,True,4
"[""fix"", ""feat"", ""docs"", ""ci""]","[""fix"", ""feat"", ""docs"", ""ci""]",0.722243070602417,"['933ab6bb86372913c992567cf9660009900911a7', 'dc5238b2bda98a7c4f2fe9584fc3b0191a408109', '036a0ff49a7dade0e04c9c07071a1ff49133ee24', 'e7a67d88173566be3cd3aed7e9eeb7e29aabbc57']",1.0,1.0,1.0,True,0.0,2048,True,4
"[""docs"", ""fix"", ""feat"", ""refactor""]","[""docs"", ""fix"", ""feat"", ""refactor""]",0.7261748313903809,"['af880ac5b4fecbc6c4f3d1eee0d95f326e8bd9d1', 'c8e0ae8612df3d6f2831acc004aaac332f6105e4', 'f9a094918b62534614c47aa8a13f33aec751a1e0', '47ef9104e4a89e80d7cc6c1950bc080841da4a7b']",1.0,1.0,1.0,True,0.0,2048,True,4
"[""fix"", ""docs"", ""test"", ""feat""]","[""fix"", ""build"", ""feat"", ""ci""]",0.8305964469909668,"['d129eaf9125a967ac86c6c7276bbae6b4d50af36', '1269431c8a3e7549f10fcbbb4b88ff625c8898b3', 'e137f9fdbdb6bf3f85c3f7ac9323785e445844c8', '173553c0372e66e03bdab19e0e6c2dd44daa14a0']",0.5,0.5,0.5,False,0.5714285714285714,2048,True,4
"[""test"", ""refactor"", ""fix"", ""build""]","[""feat"", ""refactor"", ""test"", ""build""]",0.7848386764526367,"['dc5238b2bda98a7c4f2fe9584fc3b0191a408109', '771857b1df9470ebc15357e8879118a72c649d5b', 'b7ce2894fd1794064bd6db4ed730bb6cb7728739', 'c323d59c607cabc91f17a78528d998f376f30b10']",0.75,0.75,0.75,False,0.2857142857142857,2048,True,4
"[""build"", ""test"", ""ci"", ""fix""]","[""build"", ""test"", ""ci"", ""fix""]",0.7625250816345215,"['5b81fde8a72cf2e69a10e9f5c4f0bea0a2b8c3e0', 'b7ce2894fd1794064bd6db4ed730bb6cb7728739', '74e9de5ec97dc013a52aa063dff0f40ac74c407b', 'd129eaf9125a967ac86c6c7276bbae6b4d50af36']",1.0,1.0,1.0,True,0.0,2048,True,4
"[""docs"", ""feat"", ""build"", ""ci""]","[""docs"", ""feat"", ""build"", ""ci""]",0.7863883972167969,"['af880ac5b4fecbc6c4f3d1eee0d95f326e8bd9d1', 'ded26d768ff432ad3bde3c0aa1e95ce50726100a', '454003841aabeb74396d73541378bfa59c75b5db', '4cbbd2552ba0de273e1dfe7d453c5b3efed751a3']",1.0,1.0,1.0,True,0.0,2048,True,4
"[""docs"", ""feat"", ""ci"", ""build""]","[""docs"", ""refactor"", ""ci"", ""build""]",0.773690938949585,"['036a0ff49a7dade0e04c9c07071a1ff49133ee24', '535708ae50aecb452560a23356fd396f99ef13a2', 'e7a67d88173566be3cd3aed7e9eeb7e29aabbc57', 'c55591ba157298a9c5816693c102a89dfd058830']",0.75,0.75,0.75,False,0.2857142857142857,2048,True,4
"[""build"", ""ci"", ""fix"", ""docs""]","[""refactor"", ""ci"", ""fix"", ""docs""]",0.7337455749511719,"['2954a0955ce9af6acb345ed1e8328e145ad30475', '6c9cb638cb4d1ecc42632fcf389c24898c5b3244', 'd1d55e787b7d07f763852602b9939a5394607fd9', '6d405dfc1675dcad64a2dfac0c0cb0fb28381d21']",0.75,0.75,0.75,False,0.2857142857142857,2048,True,4
"[""test"", ""ci"", ""docs"", ""feat""]","[""test"", ""ci"", ""docs"", ""feat""]",0.7621598243713379,"['229b53a632ea97d47c4be11f096bdd828fb415d8', '4cbbd2552ba0de273e1dfe7d453c5b3efed751a3', 'bf83c9155e9bee6925aa7102fab53fb803d52533', 'ded26d768ff432ad3bde3c0aa1e95ce50726100a']",1.0,1.0,1.0,True,0.0,2048,True,4
"[""refactor"", ""feat"", ""test"", ""fix""]","[""refactor"", ""fix"", ""test"", ""feat""]",0.8282864093780518,"['47ef9104e4a89e80d7cc6c1950bc080841da4a7b', '9ef5c0d14193a9abb09b39856f58477d1f4b0d77', 'b7ce2894fd1794064bd6db4ed730bb6cb7728739', '1bcf88670b50155b50071e707f98f30cea0b7a24']",1.0,1.0,1.0,True,0.0,2048,True,4
"[""build"", ""feat"", ""build"", ""refactor""]","[""docs"", ""feat"", ""ci"", ""refactor""]",0.8505294322967529,"['e12d9e77a6fd531a22325337838a841b1c67f00d', 'fd8e563cc19ca4684885d4692acee6bebcca4ada', '173553c0372e66e03bdab19e0e6c2dd44daa14a0', '535708ae50aecb452560a23356fd396f99ef13a2']",0.6666666666666666,0.5,0.5714285714285715,False,0.4285714285714285,2048,True,4
"[""refactor"", ""fix"", ""docs"", ""ci""]","[""refactor"", ""feat"", ""docs"", ""ci""]",0.8647096157073975,"['1db13ec43727aca872a0f3836e4023ed85db665e', 'b282e90e2cbb74559aab79eee8443a4d7c85502a', 'e12d9e77a6fd531a22325337838a841b1c67f00d', '74e9de5ec97dc013a52aa063dff0f40ac74c407b']",0.75,0.75,0.75,False,0.2857142857142857,2048,True,4
"[""docs"", ""refactor"", ""fix"", ""test""]","[""docs"", ""ci"", ""refactor"", ""test""]",0.8582525253295898,"['aca23027da1295c78fdf42ba9687d8ccc88784d7', '74e9de5ec97dc013a52aa063dff0f40ac74c407b', '2954a0955ce9af6acb345ed1e8328e145ad30475', 'f411e58cd510f8a2b980b2f1932003a0c0e9f8f3']",0.75,0.75,0.75,False,0.2857142857142857,2048,True,4
"[""test"", ""fix""]","[""test"", ""docs"", ""ci"", ""fix""]",0.5104756355285645,"['b7ce2894fd1794064bd6db4ed730bb6cb7728739', 'af880ac5b4fecbc6c4f3d1eee0d95f326e8bd9d1', '6c9cb638cb4d1ecc42632fcf389c24898c5b3244', 'd129eaf9125a967ac86c6c7276bbae6b4d50af36']",1.0,0.5,0.6666666666666666,False,0.2857142857142857,2048,True,4
"[""ci"", ""refactor"", ""test"", ""docs""]","[""ci"", ""refactor"", ""test"", ""docs""]",0.8425467014312744,"['e7a67d88173566be3cd3aed7e9eeb7e29aabbc57', '36556bf8e0bce4ab6d26eafacbdad04d9614a5d7', '8ee0611fbf0cd89abe7ae588f22e6ecb843598ea', 'c2ee5cd5e709afd15c5565ee009a0d204403a119']",1.0,1.0,1.0,True,0.0,2048,True,4
"[""docs"", ""feat"", ""test"", ""build""]","[""docs"", ""feat"", ""test"", ""build""]",0.829498291015625,"['0cfc5633d37ea06f645649138323f1820e18bdee', 'fd8e563cc19ca4684885d4692acee6bebcca4ada', 'e9617f0854030e70365eb264bcb3b58078e79e9e', '1269431c8a3e7549f10fcbbb4b88ff625c8898b3']",1.0,1.0,1.0,True,0.0,2048,True,4
"[""refactor"", ""fix"", ""test"", ""docs""]","[""refactor"", ""feat"", ""test"", ""fix""]",0.8443539142608643,"['47ef9104e4a89e80d7cc6c1950bc080841da4a7b', 'b282e90e2cbb74559aab79eee8443a4d7c85502a', 'e0198f74b81da3663144cfe1d971939319f82a0f', 'bed78248c941d57ad4cc20a455147e186e97c7a1']",0.75,0.75,0.75,False,0.2857142857142857,2048,True,4
"[""build"", ""ci"", ""fix"", ""feat""]","[""build"", ""ci"", ""fix"", ""refactor""]",0.8421676158905029,"['454003841aabeb74396d73541378bfa59c75b5db', '173553c0372e66e03bdab19e0e6c2dd44daa14a0', 'd129eaf9125a967ac86c6c7276bbae6b4d50af36', '63eab619e6166eb6cab948028a7b89bf059dd878']",0.75,0.75,0.75,False,0.2857142857142857,2048,True,4
"[""test"", ""fix"", ""docs"", ""refactor""]","[""test"", ""refactor"", ""docs"", ""feat""]",0.8743679523468018,"['e9617f0854030e70365eb264bcb3b58078e79e9e', '2954a0955ce9af6acb345ed1e8328e145ad30475', 'c2ee5cd5e709afd15c5565ee009a0d204403a119', '6ed56ce9ae743ba9a87e6c9643cc06b1de7b748d']",0.75,0.75,0.75,False,0.2857142857142857,2048,True,4
"[""build"", ""docs"", ""fix"", ""ci""]","[""build"", ""refactor"", ""fix"", ""ci""]",0.7474057674407959,"['454003841aabeb74396d73541378bfa59c75b5db', 'a62314d9bb632be6af026686615d14b912250512', '06e2be4e2019b6fa714e1fcb34485860ef1ede79', '4cbbd2552ba0de273e1dfe7d453c5b3efed751a3']",0.75,0.75,0.75,False,0.2857142857142857,2048,True,4
"[""fix"", ""test"", ""feat"", ""build""]","[""feat"", ""test"", ""refactor"", ""ci""]",0.7615706920623779,"['b282e90e2cbb74559aab79eee8443a4d7c85502a', 'e2e8ad25854bd1e7cdbc7f50b50bbd99e04ad47d', '63eab619e6166eb6cab948028a7b89bf059dd878', '6c9cb638cb4d1ecc42632fcf389c24898c5b3244']",0.5,0.5,0.5,False,0.5714285714285714,2048,True,4
"[""docs"", ""fix"", ""test"", ""refactor""]","[""docs"", ""fix"", ""test"", ""refactor""]",0.7651166915893555,"['0cfc5633d37ea06f645649138323f1820e18bdee', 'd1d55e787b7d07f763852602b9939a5394607fd9', 'e2e8ad25854bd1e7cdbc7f50b50bbd99e04ad47d', '062daa45cbd5dba6e96e95d8cdcaee89ae30a83c']",1.0,1.0,1.0,True,0.0,2048,True,4
"[""build"", ""docs""]","[""refactor"", ""fix"", ""docs"", ""ci""]",0.5532474517822266,"['47ef9104e4a89e80d7cc6c1950bc080841da4a7b', 'd129eaf9125a967ac86c6c7276bbae6b4d50af36', '0cfc5633d37ea06f645649138323f1820e18bdee', '45837af24a33308a70a3454f0f650f9fe728e272']",0.5,0.25,0.3333333333333333,False,0.5714285714285714,2048,True,4
"[""fix"", ""build"", ""build"", ""feat"", ""test""]","[""fix"", ""build"", ""ci"", ""test""]",1.0017950534820557,"['bed78248c941d57ad4cc20a455147e186e97c7a1', '1269431c8a3e7549f10fcbbb4b88ff625c8898b3', '45837af24a33308a70a3454f0f650f9fe728e272', '8ee0611fbf0cd89abe7ae588f22e6ecb843598ea']",0.75,0.75,0.75,False,0.2857142857142857,2048,True,4
"[""build"", ""fix"", ""build"", ""docs""]","[""build"", ""fix"", ""ci"", ""docs""]",0.8777942657470703,"['454003841aabeb74396d73541378bfa59c75b5db', 'bed78248c941d57ad4cc20a455147e186e97c7a1', '45837af24a33308a70a3454f0f650f9fe728e272', 'c2ee5cd5e709afd15c5565ee009a0d204403a119']",1.0,0.75,0.8571428571428571,False,0.1428571428571428,2048,True,4
"[""ci""]","[""ci"", ""refactor"", ""fix"", ""docs""]",0.4348528385162353,"['dbb537a26e388a8d7d17faf131abc30c2f7a84e6', '3cca5c314ad6feeffbfe1f14cf49ebd0fd9a95a2', 'd1d55e787b7d07f763852602b9939a5394607fd9', '6d405dfc1675dcad64a2dfac0c0cb0fb28381d21']",1.0,0.25,0.4,False,0.4285714285714285,2048,True,4
"[""fix"", ""ci"", ""docs"", ""test"", ""refactor""]","[""fix"", ""ci"", ""docs"", ""refactor""]",0.9029598236083984,"['2561f4ade46fc9d59f289f328cc77733a6443697', '6c9cb638cb4d1ecc42632fcf389c24898c5b3244', 'bf83c9155e9bee6925aa7102fab53fb803d52533', '771857b1df9470ebc15357e8879118a72c649d5b']",0.8,1.0,0.888888888888889,False,0.1428571428571428,2048,True,4
"[""fix"", ""feat"", ""build"", ""docs""]","[""fix"", ""feat"", ""build"", ""docs""]",0.7637050151824951,"['06e2be4e2019b6fa714e1fcb34485860ef1ede79', 'fd8e563cc19ca4684885d4692acee6bebcca4ada', '32b92cfa0b74a6c25990e32ac6aab12b8496794c', '6d405dfc1675dcad64a2dfac0c0cb0fb28381d21']",1.0,1.0,1.0,True,0.0,2048,True,4
"[""build"", ""docs"", ""fix"", ""feat""]","[""build"", ""ci"", ""test"", ""feat""]",0.797476053237915,"['c55591ba157298a9c5816693c102a89dfd058830', '45837af24a33308a70a3454f0f650f9fe728e272', 'b7ce2894fd1794064bd6db4ed730bb6cb7728739', 'dc5238b2bda98a7c4f2fe9584fc3b0191a408109']",0.5,0.5,0.5,False,0.5714285714285714,2048,True,4
"[""ci"", ""docs"", ""feat"", ""test""]","[""ci"", ""docs"", ""feat"", ""test""]",0.8237025737762451,"['173553c0372e66e03bdab19e0e6c2dd44daa14a0', 'e12d9e77a6fd531a22325337838a841b1c67f00d', 'f823cf28652987d43c8324b4f5b203240032383a', '229b53a632ea97d47c4be11f096bdd828fb415d8']",1.0,1.0,1.0,True,0.0,2048,True,4
"[""refactor"", ""docs"", ""ci"", ""build""]","[""refactor"", ""docs"", ""ci"", ""test""]",0.765413761138916,"['36556bf8e0bce4ab6d26eafacbdad04d9614a5d7', 'aca23027da1295c78fdf42ba9687d8ccc88784d7', 'dbb537a26e388a8d7d17faf131abc30c2f7a84e6', '229b53a632ea97d47c4be11f096bdd828fb415d8']",0.75,0.75,0.75,False,0.2857142857142857,2048,True,4
"[""docs"", ""refactor"", ""test"", ""fix""]","[""docs"", ""refactor"", ""test"", ""fix""]",0.7890641689300537,"['0cfc5633d37ea06f645649138323f1820e18bdee', '1db13ec43727aca872a0f3836e4023ed85db665e', '229b53a632ea97d47c4be11f096bdd828fb415d8', '9be725fa3906323d4bc9788f54eccf74109d632b']",1.0,1.0,1.0,True,0.0,2048,True,4
"[""ci"", ""docs"", ""refactor"", ""test""]","[""ci"", ""docs"", ""refactor"", ""test""]",0.8549046516418457,"['c5fa7b80438fbd74f4c341f0d3c9bd9e0f4910da', 'bf83c9155e9bee6925aa7102fab53fb803d52533', '062daa45cbd5dba6e96e95d8cdcaee89ae30a83c', 'bedc7950b24c37809e36a585b7985d5aa5e3e458']",1.0,1.0,1.0,True,0.0,2048,True,4
"[""docs"", ""fix"", ""build"", ""feat""]","[""fix"", ""docs"", ""ci"", ""feat""]",0.7607026100158691,"['9be725fa3906323d4bc9788f54eccf74109d632b', '036a0ff49a7dade0e04c9c07071a1ff49133ee24', '45837af24a33308a70a3454f0f650f9fe728e272', 'f823cf28652987d43c8324b4f5b203240032383a']",0.75,0.75,0.75,False,0.2857142857142857,2048,True,4
"[""docs"", ""test"", ""build"", ""feat""]","[""docs"", ""test"", ""build"", ""feat""]",0.8008723258972168,"['bf83c9155e9bee6925aa7102fab53fb803d52533', 'e0198f74b81da3663144cfe1d971939319f82a0f', 'f00a4d3e307b89842250358ee432e6800bb24362', 'ded26d768ff432ad3bde3c0aa1e95ce50726100a']",1.0,1.0,1.0,True,0.0,2048,True,4
"[""docs"", ""refactor"", ""fix"", ""fix""]","[""docs"", ""refactor"", ""test"", ""fix""]",0.8701379299163818,"['aca23027da1295c78fdf42ba9687d8ccc88784d7', '1db13ec43727aca872a0f3836e4023ed85db665e', 'f411e58cd510f8a2b980b2f1932003a0c0e9f8f3', '2561f4ade46fc9d59f289f328cc77733a6443697']",1.0,0.75,0.8571428571428571,False,0.1428571428571428,2048,True,4
"[""test"", ""docs"", ""docs"", ""build""]","[""test"", ""feat"", ""docs"", ""ci""]",0.810577392578125,"['e0198f74b81da3663144cfe1d971939319f82a0f', 'f823cf28652987d43c8324b4f5b203240032383a', 'aca23027da1295c78fdf42ba9687d8ccc88784d7', 'e96487ad7ce90b141219d9032fa2bed68d5dae6a']",0.6666666666666666,0.5,0.5714285714285715,False,0.4285714285714285,2048,True,4
"[""fix"", ""build"", ""test"", ""docs""]","[""refactor"", ""build"", ""feat"", ""docs""]",0.7638626098632812,"['63eab619e6166eb6cab948028a7b89bf059dd878', '32b92cfa0b74a6c25990e32ac6aab12b8496794c', 'fd8e563cc19ca4684885d4692acee6bebcca4ada', 'a52a585d74894b3b4eeb8c784fa089ff95cddad0']",0.5,0.5,0.5,False,0.5714285714285714,2048,True,4
"[""build"", ""fix"", ""test"", ""feat""]","[""build"", ""fix"", ""test"", ""feat""]",0.7947375774383545,"['37b1cbfd3d2c462ef4f2a131e4172c38dc8d9ddf', 'c8e0ae8612df3d6f2831acc004aaac332f6105e4', 'c7b25726df94a2530c9b1c0d2b6a0acaa103822f', '1bcf88670b50155b50071e707f98f30cea0b7a24']",1.0,1.0,1.0,True,0.0,2048,True,4
"[""refactor"", ""ci"", ""feat"", ""build""]","[""refactor"", ""ci"", ""docs"", ""build""]",0.845818042755127,"['771857b1df9470ebc15357e8879118a72c649d5b', '6c9cb638cb4d1ecc42632fcf389c24898c5b3244', '6d405dfc1675dcad64a2dfac0c0cb0fb28381d21', '454003841aabeb74396d73541378bfa59c75b5db']",0.75,0.75,0.75,False,0.2857142857142857,2048,True,4
"[""docs"", ""fix"", ""feat"", ""build"", ""test""]","[""fix"", ""docs"", ""refactor"", ""ci"", ""test""]",0.8871240615844727,"['9be725fa3906323d4bc9788f54eccf74109d632b', 'bf83c9155e9bee6925aa7102fab53fb803d52533', '535708ae50aecb452560a23356fd396f99ef13a2', '4cbbd2552ba0de273e1dfe7d453c5b3efed751a3', 'bedc7950b24c37809e36a585b7985d5aa5e3e458']",0.6,0.6,0.6,False,0.5714285714285714,2048,True,5
"[""test"", ""refactor"", ""fix"", ""build"", ""feat""]","[""test"", ""docs"", ""refactor"", ""build"", ""feat""]",0.9891445636749268,"['229b53a632ea97d47c4be11f096bdd828fb415d8', 'bf83c9155e9bee6925aa7102fab53fb803d52533', '062daa45cbd5dba6e96e95d8cdcaee89ae30a83c', 'e4a11fd5c34942ba12737f1c8c084489428ee274', 'fd8e563cc19ca4684885d4692acee6bebcca4ada']",0.8,0.8,0.8000000000000002,False,0.2857142857142857,2048,True,5
"[""test"", ""ci"", ""fix"", ""build""]","[""test"", ""ci"", ""fix"", ""build"", ""refactor""]",0.8939931392669678,"['317f4eefecddfb1392ca71d551840f446feee302', 'e7a67d88173566be3cd3aed7e9eeb7e29aabbc57', 'd1d55e787b7d07f763852602b9939a5394607fd9', 'f00a4d3e307b89842250358ee432e6800bb24362', '771857b1df9470ebc15357e8879118a72c649d5b']",1.0,0.8,0.888888888888889,False,0.1428571428571428,2048,True,5
"[""ci"", ""fix"", ""docs"", ""build"", ""test"", ""feat""]","[""ci"", ""refactor"", ""build"", ""test"", ""fix""]",1.010925054550171,"['e7a67d88173566be3cd3aed7e9eeb7e29aabbc57', '47ef9104e4a89e80d7cc6c1950bc080841da4a7b', '5b81fde8a72cf2e69a10e9f5c4f0bea0a2b8c3e0', 'bedc7950b24c37809e36a585b7985d5aa5e3e458', '9ef5c0d14193a9abb09b39856f58477d1f4b0d77']",0.6666666666666666,0.8,0.7272727272727272,False,0.4285714285714285,2048,True,5
"[""docs"", ""refactor"", ""test"", ""fix""]","[""build"", ""fix"", ""feat"", ""refactor"", ""docs""]",0.8659055233001709,"['e4a11fd5c34942ba12737f1c8c084489428ee274', '9ef5c0d14193a9abb09b39856f58477d1f4b0d77', 'dc5238b2bda98a7c4f2fe9584fc3b0191a408109', '771857b1df9470ebc15357e8879118a72c649d5b', 'c2ee5cd5e709afd15c5565ee009a0d204403a119']",0.75,0.6,0.6666666666666665,False,0.4285714285714285,2048,True,5
"[""docs"", ""test"", ""build"", ""fix"", ""feat""]","[""docs"", ""test"", ""build"", ""fix"", ""feat""]",0.9321775436401368,"['bf83c9155e9bee6925aa7102fab53fb803d52533', '229b53a632ea97d47c4be11f096bdd828fb415d8', 'c55591ba157298a9c5816693c102a89dfd058830', '06e2be4e2019b6fa714e1fcb34485860ef1ede79', 'f823cf28652987d43c8324b4f5b203240032383a']",1.0,1.0,1.0,True,0.0,2048,True,5
"[""ci"", ""build"", ""fix"", ""test"", ""feat"", ""refactor""]","[""ci"", ""build"", ""fix"", ""test"", ""feat""]",1.089479923248291,"['e7a67d88173566be3cd3aed7e9eeb7e29aabbc57', 'c55591ba157298a9c5816693c102a89dfd058830', 'd129eaf9125a967ac86c6c7276bbae6b4d50af36', '229b53a632ea97d47c4be11f096bdd828fb415d8', '1bcf88670b50155b50071e707f98f30cea0b7a24']",0.8333333333333334,1.0,0.9090909090909092,False,0.1428571428571428,2048,True,5
"[""fix"", ""test"", ""ci"", ""docs""]","[""fix"", ""test"", ""build"", ""ci"", ""refactor""]",0.8077187538146973,"['2561f4ade46fc9d59f289f328cc77733a6443697', 'b7ce2894fd1794064bd6db4ed730bb6cb7728739', '1269431c8a3e7549f10fcbbb4b88ff625c8898b3', 'e96487ad7ce90b141219d9032fa2bed68d5dae6a', '36556bf8e0bce4ab6d26eafacbdad04d9614a5d7']",0.75,0.6,0.6666666666666665,False,0.4285714285714285,2048,True,5
"[""docs"", ""ci"", ""feat"", ""test"", ""refactor""]","[""docs"", ""ci"", ""refactor"", ""test"", ""fix""]",0.9308607578277588,"['bf83c9155e9bee6925aa7102fab53fb803d52533', 'e7a67d88173566be3cd3aed7e9eeb7e29aabbc57', '535708ae50aecb452560a23356fd396f99ef13a2', 'c7b25726df94a2530c9b1c0d2b6a0acaa103822f', '06e2be4e2019b6fa714e1fcb34485860ef1ede79']",0.8,0.8,0.8000000000000002,False,0.2857142857142857,2048,True,5
"[""refactor"", ""docs"", ""build"", ""feat"", ""feat""]","[""refactor"", ""docs"", ""build"", ""feat"", ""fix""]",1.0453016757965088,"['36556bf8e0bce4ab6d26eafacbdad04d9614a5d7', 'c2ee5cd5e709afd15c5565ee009a0d204403a119', 'c55591ba157298a9c5816693c102a89dfd058830', '68278b00450f2679761a2999500f6d87a579376b', '9ef5c0d14193a9abb09b39856f58477d1f4b0d77']",1.0,0.8,0.888888888888889,False,0.1428571428571428,2048,True,5
"[""feat"", ""build"", ""fix"", ""build"", ""test""]","[""feat"", ""build"", ""fix"", ""ci"", ""test""]",1.0873761177062988,"['ded26d768ff432ad3bde3c0aa1e95ce50726100a', 'c323d59c607cabc91f17a78528d998f376f30b10', '2561f4ade46fc9d59f289f328cc77733a6443697', '45837af24a33308a70a3454f0f650f9fe728e272', 'e0198f74b81da3663144cfe1d971939319f82a0f']",1.0,0.8,0.888888888888889,False,0.1428571428571428,2048,True,5
"[""ci"", ""docs"", ""test"", ""fix"", ""feat""]","[""ci"", ""refactor"", ""test"", ""feat"", ""fix""]",0.874589204788208,"['e96487ad7ce90b141219d9032fa2bed68d5dae6a', 'a62314d9bb632be6af026686615d14b912250512', 'c7b25726df94a2530c9b1c0d2b6a0acaa103822f', '6ed56ce9ae743ba9a87e6c9643cc06b1de7b748d', '9ef5c0d14193a9abb09b39856f58477d1f4b0d77']",0.8,0.8,0.8000000000000002,False,0.2857142857142857,2048,True,5
"[""build"", ""build"", ""fix"", ""docs"", ""fix""]","[""build"", ""refactor"", ""ci"", ""docs"", ""fix""]",0.9090452194213868,"['c55591ba157298a9c5816693c102a89dfd058830', '63eab619e6166eb6cab948028a7b89bf059dd878', 'c5fa7b80438fbd74f4c341f0d3c9bd9e0f4910da', '036a0ff49a7dade0e04c9c07071a1ff49133ee24', '9be725fa3906323d4bc9788f54eccf74109d632b']",1.0,0.6,0.7499999999999999,False,0.2857142857142857,2048,True,5
"[""docs"", ""build"", ""feat"", ""build"", ""feat""]","[""docs"", ""ci"", ""refactor"", ""build"", ""feat""]",0.9500198364257812,"['bf83c9155e9bee6925aa7102fab53fb803d52533', '173553c0372e66e03bdab19e0e6c2dd44daa14a0', '535708ae50aecb452560a23356fd396f99ef13a2', '1269431c8a3e7549f10fcbbb4b88ff625c8898b3', 'f823cf28652987d43c8324b4f5b203240032383a']",1.0,0.6,0.7499999999999999,False,0.2857142857142857,2048,True,5
"[""test"", ""feat"", ""refactor"", ""fix"", ""docs""]","[""test"", ""feat"", ""refactor"", ""fix"", ""docs""]",0.9662063121795654,"['bedc7950b24c37809e36a585b7985d5aa5e3e458', 'fd8e563cc19ca4684885d4692acee6bebcca4ada', '062daa45cbd5dba6e96e95d8cdcaee89ae30a83c', 'c8e0ae8612df3d6f2831acc004aaac332f6105e4', '036a0ff49a7dade0e04c9c07071a1ff49133ee24']",1.0,1.0,1.0,True,0.0,2048,True,5
"[""docs"", ""refactor"", ""fix"", ""build"", ""test""]","[""docs"", ""build"", ""ci"", ""fix"", ""test""]",1.0207161903381348,"['c2ee5cd5e709afd15c5565ee009a0d204403a119', '1269431c8a3e7549f10fcbbb4b88ff625c8898b3', 'e7a67d88173566be3cd3aed7e9eeb7e29aabbc57', 'bed78248c941d57ad4cc20a455147e186e97c7a1', 'e9617f0854030e70365eb264bcb3b58078e79e9e']",0.8,0.8,0.8000000000000002,False,0.2857142857142857,2048,True,5
"[""refactor"", ""ci"", ""docs"", ""test"", ""build""]","[""refactor"", ""ci"", ""docs"", ""test"", ""build""]",0.925217628479004,"['3cca5c314ad6feeffbfe1f14cf49ebd0fd9a95a2', 'dbb537a26e388a8d7d17faf131abc30c2f7a84e6', 'e12d9e77a6fd531a22325337838a841b1c67f00d', 'c7b25726df94a2530c9b1c0d2b6a0acaa103822f', '37b1cbfd3d2c462ef4f2a131e4172c38dc8d9ddf']",1.0,1.0,1.0,True,0.0,2048,True,5
"[""test"", ""fix"", ""ci"", ""refactor"", ""fix""]","[""test"", ""feat"", ""ci"", ""refactor"", ""fix""]",0.939495325088501,"['229b53a632ea97d47c4be11f096bdd828fb415d8', 'b282e90e2cbb74559aab79eee8443a4d7c85502a', 'dbb537a26e388a8d7d17faf131abc30c2f7a84e6', '3cca5c314ad6feeffbfe1f14cf49ebd0fd9a95a2', '933ab6bb86372913c992567cf9660009900911a7']",1.0,0.8,0.888888888888889,False,0.1428571428571428,2048,True,5
"[""build"", ""refactor"", ""ci"", ""test"", ""docs""]","[""build"", ""fix"", ""ci"", ""refactor"", ""docs""]",0.9682214260101318,"['37b1cbfd3d2c462ef4f2a131e4172c38dc8d9ddf', '06e2be4e2019b6fa714e1fcb34485860ef1ede79', 'c5fa7b80438fbd74f4c341f0d3c9bd9e0f4910da', '1db13ec43727aca872a0f3836e4023ed85db665e', 'a52a585d74894b3b4eeb8c784fa089ff95cddad0']",0.8,0.8,0.8000000000000002,False,0.2857142857142857,2048,True,5
"[""build"", ""docs"", ""fix"", ""test"", ""feat""]","[""build"", ""docs"", ""ci"", ""test"", ""feat""]",0.9552199840545654,"['c44cf88a6ec54e5ddd99d8348bcc57b301ec7945', '6d405dfc1675dcad64a2dfac0c0cb0fb28381d21', 'e7a67d88173566be3cd3aed7e9eeb7e29aabbc57', 'f411e58cd510f8a2b980b2f1932003a0c0e9f8f3', 'f823cf28652987d43c8324b4f5b203240032383a']",0.8,0.8,0.8000000000000002,False,0.2857142857142857,2048,True,5
"[""feat"", ""fix"", ""refactor"", ""test"", ""build"", ""ci""]","[""feat"", ""fix"", ""refactor"", ""build"", ""test""]",1.0148403644561768,"['f823cf28652987d43c8324b4f5b203240032383a', 'c8e0ae8612df3d6f2831acc004aaac332f6105e4', '47ef9104e4a89e80d7cc6c1950bc080841da4a7b', 'e4a11fd5c34942ba12737f1c8c084489428ee274', 'c7b25726df94a2530c9b1c0d2b6a0acaa103822f']",0.8333333333333334,1.0,0.9090909090909092,False,0.1428571428571428,2048,True,5
"[""refactor"", ""build"", ""ci"", ""docs"", ""test""]","[""refactor"", ""build"", ""ci"", ""docs"", ""test""]",0.8972115516662598,"['1db13ec43727aca872a0f3836e4023ed85db665e', '32b92cfa0b74a6c25990e32ac6aab12b8496794c', 'e96487ad7ce90b141219d9032fa2bed68d5dae6a', '6d405dfc1675dcad64a2dfac0c0cb0fb28381d21', 'e2e8ad25854bd1e7cdbc7f50b50bbd99e04ad47d']",1.0,1.0,1.0,True,0.0,2048,True,5
"[""build"", ""test"", ""refactor"", ""ci"", ""fix""]","[""build"", ""test"", ""refactor"", ""ci"", ""fix""]",0.9810161590576172,"['37b1cbfd3d2c462ef4f2a131e4172c38dc8d9ddf', 'f411e58cd510f8a2b980b2f1932003a0c0e9f8f3', '1db13ec43727aca872a0f3836e4023ed85db665e', 'c5fa7b80438fbd74f4c341f0d3c9bd9e0f4910da', 'd129eaf9125a967ac86c6c7276bbae6b4d50af36']",1.0,1.0,1.0,True,0.0,2048,True,5
"[""build"", ""build"", ""docs"", ""ci"", ""test"", ""fix""]","[""build"", ""docs"", ""ci"", ""test"", ""fix""]",0.9956283569335938,"['c55591ba157298a9c5816693c102a89dfd058830', 'a52a585d74894b3b4eeb8c784fa089ff95cddad0', '6c9cb638cb4d1ecc42632fcf389c24898c5b3244', 'c7b25726df94a2530c9b1c0d2b6a0acaa103822f', 'bed78248c941d57ad4cc20a455147e186e97c7a1']",1.0,1.0,1.0,False,0.0,2048,True,5
"[""fix"", ""ci"", ""refactor"", ""test""]","[""fix"", ""ci"", ""feat"", ""build"", ""refactor""]",0.8646113872528076,"['9ef5c0d14193a9abb09b39856f58477d1f4b0d77', 'dbb537a26e388a8d7d17faf131abc30c2f7a84e6', '6ed56ce9ae743ba9a87e6c9643cc06b1de7b748d', 'e4a11fd5c34942ba12737f1c8c084489428ee274', '1db13ec43727aca872a0f3836e4023ed85db665e']",0.75,0.6,0.6666666666666665,False,0.4285714285714285,2048,True,5
"[""refactor"", ""docs"", ""feat"", ""feat"", ""fix""]","[""fix"", ""build"", ""refactor"", ""feat"", ""test""]",0.9805595874786376,"['bed78248c941d57ad4cc20a455147e186e97c7a1', 'e4a11fd5c34942ba12737f1c8c084489428ee274', '062daa45cbd5dba6e96e95d8cdcaee89ae30a83c', 'f823cf28652987d43c8324b4f5b203240032383a', 'c7b25726df94a2530c9b1c0d2b6a0acaa103822f']",0.75,0.6,0.6666666666666665,False,0.4285714285714285,2048,True,5
"[""build""]","[""fix"", ""test"", ""feat"", ""docs"", ""build""]",0.4439327716827392,"['87d5d4e55ab7149b593d29410f1fe426ba2447d4', 'bedc7950b24c37809e36a585b7985d5aa5e3e458', 'ded26d768ff432ad3bde3c0aa1e95ce50726100a', 'a52a585d74894b3b4eeb8c784fa089ff95cddad0', 'c323d59c607cabc91f17a78528d998f376f30b10']",1.0,0.2,0.3333333333333333,False,0.5714285714285714,2048,True,5
"[""refactor"", ""docs"", ""feat"", ""build"", ""fix""]","[""test"", ""docs"", ""feat"", ""build"", ""fix""]",0.9846532344818116,"['8ee0611fbf0cd89abe7ae588f22e6ecb843598ea', 'c2ee5cd5e709afd15c5565ee009a0d204403a119', 'fd8e563cc19ca4684885d4692acee6bebcca4ada', '1269431c8a3e7549f10fcbbb4b88ff625c8898b3', '06e2be4e2019b6fa714e1fcb34485860ef1ede79']",0.8,0.8,0.8000000000000002,False,0.2857142857142857,2048,True,5
"[""docs"", ""feat"", ""build"", ""refactor"", ""test""]","[""docs"", ""feat"", ""build"", ""refactor"", ""test""]",0.9900732040405272,"['a52a585d74894b3b4eeb8c784fa089ff95cddad0', 'f9a094918b62534614c47aa8a13f33aec751a1e0', '1269431c8a3e7549f10fcbbb4b88ff625c8898b3', '535708ae50aecb452560a23356fd396f99ef13a2', 'e0198f74b81da3663144cfe1d971939319f82a0f']",1.0,1.0,1.0,True,0.0,2048,True,5
"[""fix"", ""feat"", ""test"", ""refactor"", ""build""]","[""fix"", ""feat"", ""test"", ""refactor"", ""build""]",0.9469895362854004,"['d129eaf9125a967ac86c6c7276bbae6b4d50af36', '68278b00450f2679761a2999500f6d87a579376b', 'e2e8ad25854bd1e7cdbc7f50b50bbd99e04ad47d', '771857b1df9470ebc15357e8879118a72c649d5b', 'f00a4d3e307b89842250358ee432e6800bb24362']",1.0,1.0,1.0,True,0.0,2048,True,5
"[""refactor"", ""build"", ""fix"", ""feat""]","[""fix"", ""build"", ""refactor"", ""test"", ""docs""]",0.8417131900787354,"['933ab6bb86372913c992567cf9660009900911a7', '37b1cbfd3d2c462ef4f2a131e4172c38dc8d9ddf', '1db13ec43727aca872a0f3836e4023ed85db665e', 'c7b25726df94a2530c9b1c0d2b6a0acaa103822f', 'e12d9e77a6fd531a22325337838a841b1c67f00d']",0.75,0.6,0.6666666666666665,False,0.4285714285714285,2048,True,5
"[""docs"", ""ci"", ""docs"", ""build"", ""feat""]","[""fix"", ""ci"", ""docs"", ""build"", ""feat""]",0.8755228519439697,"['06e2be4e2019b6fa714e1fcb34485860ef1ede79', '4cbbd2552ba0de273e1dfe7d453c5b3efed751a3', 'cb1f48b56ae0de93acb72e48726c7d610a1d538e', 'c323d59c607cabc91f17a78528d998f376f30b10', 'f9a094918b62534614c47aa8a13f33aec751a1e0']",1.0,0.8,0.888888888888889,False,0.1428571428571428,2048,True,5
"[""fix"", ""build"", ""feat"", ""docs"", ""docs""]","[""feat"", ""build"", ""refactor"", ""docs"", ""fix""]",0.9077329635620116,"['fd8e563cc19ca4684885d4692acee6bebcca4ada', 'f00a4d3e307b89842250358ee432e6800bb24362', '535708ae50aecb452560a23356fd396f99ef13a2', 'e12d9e77a6fd531a22325337838a841b1c67f00d', '9be725fa3906323d4bc9788f54eccf74109d632b']",1.0,0.8,0.888888888888889,False,0.1428571428571428,2048,True,5
"[""test"", ""docs"", ""fix"", ""ci"", ""feat""]","[""test"", ""docs"", ""refactor"", ""ci"", ""feat""]",0.9265644550323486,"['229b53a632ea97d47c4be11f096bdd828fb415d8', 'bf83c9155e9bee6925aa7102fab53fb803d52533', '062daa45cbd5dba6e96e95d8cdcaee89ae30a83c', '32845e1bbd1efb5dbc16f671049509a409ba25ce', 'dc5238b2bda98a7c4f2fe9584fc3b0191a408109']",0.8,0.8,0.8000000000000002,False,0.2857142857142857,2048,True,5
"[""build"", ""feat"", ""fix"", ""refactor""]","[""build"", ""docs"", ""fix"", ""test"", ""refactor""]",0.8773128986358643,"['454003841aabeb74396d73541378bfa59c75b5db', 'e12d9e77a6fd531a22325337838a841b1c67f00d', 'bed78248c941d57ad4cc20a455147e186e97c7a1', 'f411e58cd510f8a2b980b2f1932003a0c0e9f8f3', '062daa45cbd5dba6e96e95d8cdcaee89ae30a83c']",0.75,0.6,0.6666666666666665,False,0.4285714285714285,2048,True,5
"[""build"", ""ci"", ""docs"", ""test"", ""refactor""]","[""build"", ""ci"", ""docs"", ""test"", ""refactor""]",0.9496560096740724,"['5b81fde8a72cf2e69a10e9f5c4f0bea0a2b8c3e0', '74e9de5ec97dc013a52aa063dff0f40ac74c407b', 'a52a585d74894b3b4eeb8c784fa089ff95cddad0', 'e0198f74b81da3663144cfe1d971939319f82a0f', '062daa45cbd5dba6e96e95d8cdcaee89ae30a83c']",1.0,1.0,1.0,True,0.0,2048,True,5
"[""build"", ""docs"", ""docs"", ""refactor""]","[""build"", ""ci"", ""docs"", ""refactor"", ""fix""]",0.7857308387756348,"['32b92cfa0b74a6c25990e32ac6aab12b8496794c', '6c9cb638cb4d1ecc42632fcf389c24898c5b3244', 'aca23027da1295c78fdf42ba9687d8ccc88784d7', '47ef9104e4a89e80d7cc6c1950bc080841da4a7b', '2561f4ade46fc9d59f289f328cc77733a6443697']",1.0,0.6,0.7499999999999999,False,0.2857142857142857,2048,True,5
"[""test"", ""docs"", ""fix"", ""feat"", ""build""]","[""test"", ""docs"", ""fix"", ""feat"", ""build""]",0.9760160446166992,"['e0198f74b81da3663144cfe1d971939319f82a0f', 'c2ee5cd5e709afd15c5565ee009a0d204403a119', '9ef5c0d14193a9abb09b39856f58477d1f4b0d77', 'f823cf28652987d43c8324b4f5b203240032383a', 'c44cf88a6ec54e5ddd99d8348bcc57b301ec7945']",1.0,1.0,1.0,True,0.0,2048,True,5
"[""refactor"", ""ci"", ""test"", ""build"", ""feat""]","[""refactor"", ""ci"", ""test"", ""build"", ""feat""]",1.045522928237915,"['3cca5c314ad6feeffbfe1f14cf49ebd0fd9a95a2', '32845e1bbd1efb5dbc16f671049509a409ba25ce', 'e9617f0854030e70365eb264bcb3b58078e79e9e', '454003841aabeb74396d73541378bfa59c75b5db', 'fd8e563cc19ca4684885d4692acee6bebcca4ada']",1.0,1.0,1.0,True,0.0,2048,True,5
"[""feat"", ""docs"", ""build"", ""fix"", ""test""]","[""refactor"", ""feat"", ""build"", ""fix"", ""test""]",0.9425172805786132,"['062daa45cbd5dba6e96e95d8cdcaee89ae30a83c', 'f823cf28652987d43c8324b4f5b203240032383a', 'c44cf88a6ec54e5ddd99d8348bcc57b301ec7945', '933ab6bb86372913c992567cf9660009900911a7', '8ee0611fbf0cd89abe7ae588f22e6ecb843598ea']",0.8,0.8,0.8000000000000002,False,0.2857142857142857,2048,True,5
"[""refactor"", ""test"", ""docs"", ""feat"", ""ci""]","[""refactor"", ""test"", ""docs"", ""feat"", ""ci""]",0.9436211585998536,"['36556bf8e0bce4ab6d26eafacbdad04d9614a5d7', '317f4eefecddfb1392ca71d551840f446feee302', '036a0ff49a7dade0e04c9c07071a1ff49133ee24', 'e137f9fdbdb6bf3f85c3f7ac9323785e445844c8', 'e7a67d88173566be3cd3aed7e9eeb7e29aabbc57']",1.0,1.0,1.0,True,0.0,2048,True,5
"[""test"", ""ci"", ""refactor"", ""feat"", ""fix""]","[""test"", ""ci"", ""refactor"", ""feat"", ""fix""]",1.018770694732666,"['e0198f74b81da3663144cfe1d971939319f82a0f', '173553c0372e66e03bdab19e0e6c2dd44daa14a0', '062daa45cbd5dba6e96e95d8cdcaee89ae30a83c', 'f823cf28652987d43c8324b4f5b203240032383a', 'bed78248c941d57ad4cc20a455147e186e97c7a1']",1.0,1.0,1.0,True,0.0,2048,True,5
"[""ci"", ""fix"", ""docs"", ""build"", ""feat""]","[""ci"", ""refactor"", ""docs"", ""fix"", ""feat""]",0.9120843410491944,"['32845e1bbd1efb5dbc16f671049509a409ba25ce', '63eab619e6166eb6cab948028a7b89bf059dd878', 'af880ac5b4fecbc6c4f3d1eee0d95f326e8bd9d1', '9be725fa3906323d4bc9788f54eccf74109d632b', 'fd8e563cc19ca4684885d4692acee6bebcca4ada']",0.8,0.8,0.8000000000000002,False,0.2857142857142857,2048,True,5
"[""docs"", ""refactor"", ""fix"", ""test"", ""build""]","[""docs"", ""refactor"", ""fix"", ""test"", ""build""]",0.9840030670166016,"['bf83c9155e9bee6925aa7102fab53fb803d52533', '3cca5c314ad6feeffbfe1f14cf49ebd0fd9a95a2', '2561f4ade46fc9d59f289f328cc77733a6443697', '317f4eefecddfb1392ca71d551840f446feee302', '454003841aabeb74396d73541378bfa59c75b5db']",1.0,1.0,1.0,True,0.0,2048,True,5
"[""test"", ""ci"", ""fix"", ""docs"", ""refactor""]","[""test"", ""ci"", ""fix"", ""docs"", ""refactor""]",0.9808263778686525,"['317f4eefecddfb1392ca71d551840f446feee302', '32845e1bbd1efb5dbc16f671049509a409ba25ce', 'c8e0ae8612df3d6f2831acc004aaac332f6105e4', '6d405dfc1675dcad64a2dfac0c0cb0fb28381d21', '062daa45cbd5dba6e96e95d8cdcaee89ae30a83c']",1.0,1.0,1.0,True,0.0,2048,True,5
"[""build"", ""docs"", ""ci"", ""test"", ""feat""]","[""build"", ""ci"", ""test"", ""docs"", ""feat""]",0.8679370880126953,"['c55591ba157298a9c5816693c102a89dfd058830', 'dbb537a26e388a8d7d17faf131abc30c2f7a84e6', 'e0198f74b81da3663144cfe1d971939319f82a0f', '0cfc5633d37ea06f645649138323f1820e18bdee', 'dc5238b2bda98a7c4f2fe9584fc3b0191a408109']",1.0,1.0,1.0,True,0.0,2048,True,5
"[""feat"", ""fix"", ""test"", ""refactor"", ""ci""]","[""refactor"", ""feat"", ""test"", ""fix"", ""ci""]",0.9421844482421876,"['535708ae50aecb452560a23356fd396f99ef13a2', 'dc5238b2bda98a7c4f2fe9584fc3b0191a408109', 'e2e8ad25854bd1e7cdbc7f50b50bbd99e04ad47d', '2561f4ade46fc9d59f289f328cc77733a6443697', 'c5fa7b80438fbd74f4c341f0d3c9bd9e0f4910da']",1.0,1.0,1.0,True,0.0,2048,True,5
"[""ci"", ""fix"", ""refactor"", ""build"", ""test""]","[""ci"", ""docs"", ""refactor"", ""build"", ""test""]",0.9176344871520996,"['c5fa7b80438fbd74f4c341f0d3c9bd9e0f4910da', 'af880ac5b4fecbc6c4f3d1eee0d95f326e8bd9d1', '47ef9104e4a89e80d7cc6c1950bc080841da4a7b', '37b1cbfd3d2c462ef4f2a131e4172c38dc8d9ddf', 'c7b25726df94a2530c9b1c0d2b6a0acaa103822f']",0.8,0.8,0.8000000000000002,False,0.2857142857142857,2048,True,5
"[""build"", ""docs"", ""refactor"", ""test"", ""feat""]","[""build"", ""docs"", ""refactor"", ""test"", ""feat""]",1.0286798477172852,"['454003841aabeb74396d73541378bfa59c75b5db', 'aca23027da1295c78fdf42ba9687d8ccc88784d7', '771857b1df9470ebc15357e8879118a72c649d5b', 'bedc7950b24c37809e36a585b7985d5aa5e3e458', 'e137f9fdbdb6bf3f85c3f7ac9323785e445844c8']",1.0,1.0,1.0,True,0.0,2048,True,5
"[""ci"", ""feat"", ""fix"", ""docs"", ""test""]","[""ci"", ""feat"", ""fix"", ""docs"", ""test""]",0.9141254425048828,"['74e9de5ec97dc013a52aa063dff0f40ac74c407b', 'ded26d768ff432ad3bde3c0aa1e95ce50726100a', '9be725fa3906323d4bc9788f54eccf74109d632b', 'a52a585d74894b3b4eeb8c784fa089ff95cddad0', 'e9617f0854030e70365eb264bcb3b58078e79e9e']",1.0,1.0,1.0,True,0.0,2048,True,5
"[""feat"", ""build"", ""test"", ""fix""]","[""feat"", ""build"", ""test"", ""docs"", ""fix""]",0.8283617496490479,"['f9a094918b62534614c47aa8a13f33aec751a1e0', 'e4a11fd5c34942ba12737f1c8c084489428ee274', '229b53a632ea97d47c4be11f096bdd828fb415d8', '036a0ff49a7dade0e04c9c07071a1ff49133ee24', '2561f4ade46fc9d59f289f328cc77733a6443697']",1.0,0.8,0.888888888888889,False,0.1428571428571428,2048,True,5
"[""refactor"", ""docs"", ""test"", ""feat"", ""ci""]","[""build"", ""docs"", ""test"", ""fix"", ""ci""]",0.9856526851654052,"['e4a11fd5c34942ba12737f1c8c084489428ee274', 'aca23027da1295c78fdf42ba9687d8ccc88784d7', 'e9617f0854030e70365eb264bcb3b58078e79e9e', '9ef5c0d14193a9abb09b39856f58477d1f4b0d77', '4cbbd2552ba0de273e1dfe7d453c5b3efed751a3']",0.6,0.6,0.6,False,0.5714285714285714,2048,True,5
"[""feat"", ""build"", ""build"", ""docs"", ""test""]","[""feat"", ""fix"", ""ci"", ""docs"", ""test""]",1.0251657962799072,"['f9a094918b62534614c47aa8a13f33aec751a1e0', '2561f4ade46fc9d59f289f328cc77733a6443697', '45837af24a33308a70a3454f0f650f9fe728e272', '036a0ff49a7dade0e04c9c07071a1ff49133ee24', 'b7ce2894fd1794064bd6db4ed730bb6cb7728739']",0.75,0.6,0.6666666666666665,False,0.4285714285714285,2048,True,5
"[""feat"", ""refactor"", ""build"", ""fix"", ""docs""]","[""feat"", ""refactor"", ""build"", ""fix"", ""docs""]",0.9515507221221924,"['ded26d768ff432ad3bde3c0aa1e95ce50726100a', '062daa45cbd5dba6e96e95d8cdcaee89ae30a83c', '37b1cbfd3d2c462ef4f2a131e4172c38dc8d9ddf', '933ab6bb86372913c992567cf9660009900911a7', '036a0ff49a7dade0e04c9c07071a1ff49133ee24']",1.0,1.0,1.0,True,0.0,2048,True,5
"[""test"", ""build"", ""fix"", ""docs"", ""docs""]","[""test"", ""build"", ""feat"", ""fix"", ""docs""]",0.900458574295044,"['f411e58cd510f8a2b980b2f1932003a0c0e9f8f3', 'c44cf88a6ec54e5ddd99d8348bcc57b301ec7945', '1bcf88670b50155b50071e707f98f30cea0b7a24', '9be725fa3906323d4bc9788f54eccf74109d632b', 'a52a585d74894b3b4eeb8c784fa089ff95cddad0']",1.0,0.8,0.888888888888889,False,0.1428571428571428,2048,True,5
"[""fix"", ""build"", ""test"", ""ci"", ""docs""]","[""fix"", ""feat"", ""test"", ""ci"", ""docs""]",0.854759931564331,"['933ab6bb86372913c992567cf9660009900911a7', '6ed56ce9ae743ba9a87e6c9643cc06b1de7b748d', 'e2e8ad25854bd1e7cdbc7f50b50bbd99e04ad47d', 'e96487ad7ce90b141219d9032fa2bed68d5dae6a', '036a0ff49a7dade0e04c9c07071a1ff49133ee24']",0.8,0.8,0.8000000000000002,False,0.2857142857142857,2048,True,5
"[""test"", ""refactor"", ""build"", ""feat"", ""fix""]","[""test"", ""refactor"", ""ci"", ""build"", ""fix""]",0.9787437915802002,"['e0198f74b81da3663144cfe1d971939319f82a0f', '3cca5c314ad6feeffbfe1f14cf49ebd0fd9a95a2', '45837af24a33308a70a3454f0f650f9fe728e272', '5b81fde8a72cf2e69a10e9f5c4f0bea0a2b8c3e0', '9ef5c0d14193a9abb09b39856f58477d1f4b0d77']",0.8,0.8,0.8000000000000002,False,0.2857142857142857,2048,True,5
"[""build"", ""docs"", ""fix"", ""test"", ""test""]","[""build"", ""feat"", ""refactor"", ""ci"", ""test""]",0.9174885749816896,"['c55591ba157298a9c5816693c102a89dfd058830', '1bcf88670b50155b50071e707f98f30cea0b7a24', '1db13ec43727aca872a0f3836e4023ed85db665e', 'dbb537a26e388a8d7d17faf131abc30c2f7a84e6', 'e2e8ad25854bd1e7cdbc7f50b50bbd99e04ad47d']",0.5,0.4,0.4444444444444445,False,0.7142857142857143,2048,True,5
"[""feat"", ""docs"", ""fix"", ""build"", ""ci"", ""build""]","[""feat"", ""refactor"", ""test"", ""ci"", ""build""]",1.055549383163452,"['e137f9fdbdb6bf3f85c3f7ac9323785e445844c8', 'a62314d9bb632be6af026686615d14b912250512', 'b7ce2894fd1794064bd6db4ed730bb6cb7728739', '45837af24a33308a70a3454f0f650f9fe728e272', '454003841aabeb74396d73541378bfa59c75b5db']",0.6,0.6,0.6,False,0.5714285714285714,2048,True,5
"[""test"", ""fix"", ""build"", ""feat"", ""docs""]","[""test"", ""fix"", ""build"", ""refactor"", ""docs""]",0.9149777889251708,"['317f4eefecddfb1392ca71d551840f446feee302', '06e2be4e2019b6fa714e1fcb34485860ef1ede79', '32b92cfa0b74a6c25990e32ac6aab12b8496794c', '535708ae50aecb452560a23356fd396f99ef13a2', 'aca23027da1295c78fdf42ba9687d8ccc88784d7']",0.8,0.8,0.8000000000000002,False,0.2857142857142857,2048,True,5
"[""build"", ""test"", ""build"", ""fix"", ""build"", ""feat""]","[""ci"", ""feat"", ""build"", ""fix"", ""test""]",1.025240421295166,"['173553c0372e66e03bdab19e0e6c2dd44daa14a0', '6ed56ce9ae743ba9a87e6c9643cc06b1de7b748d', '32b92cfa0b74a6c25990e32ac6aab12b8496794c', '933ab6bb86372913c992567cf9660009900911a7', 'e9617f0854030e70365eb264bcb3b58078e79e9e']",1.0,0.8,0.888888888888889,False,0.1428571428571428,2048,True,5
"[""ci"", ""test"", ""fix"", ""refactor"", ""build""]","[""ci"", ""test"", ""fix"", ""feat"", ""build""]",0.9069499969482422,"['dbb537a26e388a8d7d17faf131abc30c2f7a84e6', 'e2e8ad25854bd1e7cdbc7f50b50bbd99e04ad47d', '933ab6bb86372913c992567cf9660009900911a7', 'b282e90e2cbb74559aab79eee8443a4d7c85502a', 'c55591ba157298a9c5816693c102a89dfd058830']",0.8,0.8,0.8000000000000002,False,0.2857142857142857,2048,True,5
"[""test"", ""build"", ""feat"", ""fix"", ""ci""]","[""test"", ""build"", ""feat"", ""fix"", ""ci""]",0.9521973133087158,"['317f4eefecddfb1392ca71d551840f446feee302', 'e4a11fd5c34942ba12737f1c8c084489428ee274', 'ded26d768ff432ad3bde3c0aa1e95ce50726100a', 'd129eaf9125a967ac86c6c7276bbae6b4d50af36', '173553c0372e66e03bdab19e0e6c2dd44daa14a0']",1.0,1.0,1.0,True,0.0,2048,True,5
"[""test"", ""build"", ""refactor"", ""docs"", ""feat""]","[""test"", ""build"", ""refactor"", ""docs"", ""feat""]",0.9389021396636964,"['bedc7950b24c37809e36a585b7985d5aa5e3e458', '5b81fde8a72cf2e69a10e9f5c4f0bea0a2b8c3e0', '47ef9104e4a89e80d7cc6c1950bc080841da4a7b', 'aca23027da1295c78fdf42ba9687d8ccc88784d7', 'f823cf28652987d43c8324b4f5b203240032383a']",1.0,1.0,1.0,True,0.0,2048,True,5
"[""build"", ""ci"", ""feat"", ""docs"", ""refactor""]","[""build"", ""ci"", ""feat"", ""docs"", ""fix""]",0.9022297859191896,"['5b81fde8a72cf2e69a10e9f5c4f0bea0a2b8c3e0', 'c5fa7b80438fbd74f4c341f0d3c9bd9e0f4910da', '68278b00450f2679761a2999500f6d87a579376b', 'a52a585d74894b3b4eeb8c784fa089ff95cddad0', '06e2be4e2019b6fa714e1fcb34485860ef1ede79']",0.8,0.8,0.8000000000000002,False,0.2857142857142857,2048,True,5
"[""test"", ""build"", ""refactor"", ""feat"", ""ci""]","[""test"", ""build"", ""refactor"", ""fix"", ""ci""]",0.9459881782531738,"['e0198f74b81da3663144cfe1d971939319f82a0f', '5b81fde8a72cf2e69a10e9f5c4f0bea0a2b8c3e0', '3cca5c314ad6feeffbfe1f14cf49ebd0fd9a95a2', '87d5d4e55ab7149b593d29410f1fe426ba2447d4', '74e9de5ec97dc013a52aa063dff0f40ac74c407b']",0.8,0.8,0.8000000000000002,False,0.2857142857142857,2048,True,5
"[""build"", ""fix"", ""feat"", ""ci"", ""test""]","[""feat"", ""build"", ""fix"", ""ci"", ""test""]",0.9315001964569092,"['6ed56ce9ae743ba9a87e6c9643cc06b1de7b748d', 'c323d59c607cabc91f17a78528d998f376f30b10', '87d5d4e55ab7149b593d29410f1fe426ba2447d4', 'c5fa7b80438fbd74f4c341f0d3c9bd9e0f4910da', 'e9617f0854030e70365eb264bcb3b58078e79e9e']",1.0,1.0,1.0,True,0.0,2048,True,5
"[""build"", ""test"", ""fix"", ""feat"", ""ci""]","[""build"", ""test"", ""refactor"", ""feat"", ""ci""]",0.9034783840179444,"['5b81fde8a72cf2e69a10e9f5c4f0bea0a2b8c3e0', 'e9617f0854030e70365eb264bcb3b58078e79e9e', '2954a0955ce9af6acb345ed1e8328e145ad30475', '68278b00450f2679761a2999500f6d87a579376b', 'e96487ad7ce90b141219d9032fa2bed68d5dae6a']",0.8,0.8,0.8000000000000002,False,0.2857142857142857,2048,True,5
"[""build"", ""feat"", ""docs"", ""test"", ""fix""]","[""ci"", ""refactor"", ""docs"", ""feat"", ""fix""]",0.9013874530792236,"['4cbbd2552ba0de273e1dfe7d453c5b3efed751a3', '535708ae50aecb452560a23356fd396f99ef13a2', 'e12d9e77a6fd531a22325337838a841b1c67f00d', 'fd8e563cc19ca4684885d4692acee6bebcca4ada', '9be725fa3906323d4bc9788f54eccf74109d632b']",0.6,0.6,0.6,False,0.5714285714285714,2048,True,5
"[""build"", ""docs"", ""fix"", ""docs"", ""refactor""]","[""ci"", ""fix"", ""feat"", ""docs"", ""refactor""]",0.98020601272583,"['c5fa7b80438fbd74f4c341f0d3c9bd9e0f4910da', 'bed78248c941d57ad4cc20a455147e186e97c7a1', 'b282e90e2cbb74559aab79eee8443a4d7c85502a', 'bf83c9155e9bee6925aa7102fab53fb803d52533', '771857b1df9470ebc15357e8879118a72c649d5b']",0.75,0.6,0.6666666666666665,False,0.4285714285714285,2048,True,5
"[""refactor""]","[""fix""]",0.323702335357666,['87d5d4e55ab7149b593d29410f1fe426ba2447d4'],0.0,0.0,0.0,False,0.2857142857142857,2048,True,1
"[""test""]","[""test""]",0.3583869934082031,['317f4eefecddfb1392ca71d551840f446feee302'],1.0,1.0,1.0,True,0.0,2048,True,1
"[""ci""]","[""ci""]",0.3408145904541015,['c5fa7b80438fbd74f4c341f0d3c9bd9e0f4910da'],1.0,1.0,1.0,True,0.0,2048,True,1
"[""ci""]","[""ci""]",0.3290290832519531,['e7a67d88173566be3cd3aed7e9eeb7e29aabbc57'],1.0,1.0,1.0,True,0.0,2048,True,1
"[""fix""]","[""fix""]",0.3009033203125,['d129eaf9125a967ac86c6c7276bbae6b4d50af36'],1.0,1.0,1.0,True,0.0,2048,True,1
"[""build""]","[""build""]",0.285205602645874,['1269431c8a3e7549f10fcbbb4b88ff625c8898b3'],1.0,1.0,1.0,True,0.0,2048,True,1
"[""feat""]","[""refactor""]",0.2865042686462402,['535708ae50aecb452560a23356fd396f99ef13a2'],0.0,0.0,0.0,False,0.2857142857142857,2048,True,1
"[""feat""]","[""feat""]",0.2762770652770996,['68278b00450f2679761a2999500f6d87a579376b'],1.0,1.0,1.0,True,0.0,2048,True,1
"[""ci""]","[""ci""]",0.2537345886230469,['6c9cb638cb4d1ecc42632fcf389c24898c5b3244'],1.0,1.0,1.0,True,0.0,2048,True,1
"[""test""]","[""test""]",0.2575478553771972,['c7b25726df94a2530c9b1c0d2b6a0acaa103822f'],1.0,1.0,1.0,True,0.0,2048,True,1
"[""feat""]","[""feat""]",0.3520517349243164,['1bcf88670b50155b50071e707f98f30cea0b7a24'],1.0,1.0,1.0,True,0.0,2048,True,1
"[""build""]","[""build""]",0.3973081111907959,['454003841aabeb74396d73541378bfa59c75b5db'],1.0,1.0,1.0,True,0.0,2048,True,1
"[""ci""]","[""ci""]",0.2496552467346191,['dbb537a26e388a8d7d17faf131abc30c2f7a84e6'],1.0,1.0,1.0,True,0.0,2048,True,1
"[""docs""]","[""docs""]",0.2851676940917969,['bf83c9155e9bee6925aa7102fab53fb803d52533'],1.0,1.0,1.0,True,0.0,2048,True,1
"[""feat""]","[""feat""]",0.2855222225189209,['dc5238b2bda98a7c4f2fe9584fc3b0191a408109'],1.0,1.0,1.0,True,0.0,2048,True,1
"[""ci""]","[""ci""]",0.3112986087799072,['74e9de5ec97dc013a52aa063dff0f40ac74c407b'],1.0,1.0,1.0,True,0.0,2048,True,1
"[""test""]","[""test""]",0.2863099575042724,['b7ce2894fd1794064bd6db4ed730bb6cb7728739'],1.0,1.0,1.0,True,0.0,2048,True,1
"[""build""]","[""build""]",0.3131477832794189,['32b92cfa0b74a6c25990e32ac6aab12b8496794c'],1.0,1.0,1.0,True,0.0,2048,True,1
"[""fix""]","[""fix""]",0.3117988109588623,['bed78248c941d57ad4cc20a455147e186e97c7a1'],1.0,1.0,1.0,True,0.0,2048,True,1
"[""test""]","[""test""]",0.2787268161773681,['f411e58cd510f8a2b980b2f1932003a0c0e9f8f3'],1.0,1.0,1.0,True,0.0,2048,True,1
"[""feat""]","[""feat""]",0.2718896865844726,['f9a094918b62534614c47aa8a13f33aec751a1e0'],1.0,1.0,1.0,True,0.0,2048,True,1
"[""docs""]","[""docs""]",0.2893142700195312,['aca23027da1295c78fdf42ba9687d8ccc88784d7'],1.0,1.0,1.0,True,0.0,2048,True,1
"[""build""]","[""build""]",0.3128836154937744,['37b1cbfd3d2c462ef4f2a131e4172c38dc8d9ddf'],1.0,1.0,1.0,True,0.0,2048,True,1
"[""feat""]","[""feat""]",0.5529851913452148,['e137f9fdbdb6bf3f85c3f7ac9323785e445844c8'],1.0,1.0,1.0,True,0.0,2048,True,1
"[""test""]","[""test""]",0.3335800170898437,['e0198f74b81da3663144cfe1d971939319f82a0f'],1.0,1.0,1.0,True,0.0,2048,True,1
"[""build""]","[""ci""]",0.3291561603546142,['45837af24a33308a70a3454f0f650f9fe728e272'],0.0,0.0,0.0,False,0.2857142857142857,2048,True,1
"[""docs""]","[""docs""]",0.3006150722503662,['0cfc5633d37ea06f645649138323f1820e18bdee'],1.0,1.0,1.0,True,0.0,2048,True,1
"[""test""]","[""test""]",0.5004048347473145,['8ee0611fbf0cd89abe7ae588f22e6ecb843598ea'],1.0,1.0,1.0,True,0.0,2048,True,1
"[""docs""]","[""docs""]",0.315868616104126,['c2ee5cd5e709afd15c5565ee009a0d204403a119'],1.0,1.0,1.0,True,0.0,2048,True,1
"[""fix""]","[""fix""]",0.2573843002319336,['d1d55e787b7d07f763852602b9939a5394607fd9'],1.0,1.0,1.0,True,0.0,2048,True,1
"[""build""]","[""build""]",0.3125729560852051,['c55591ba157298a9c5816693c102a89dfd058830'],1.0,1.0,1.0,True,0.0,2048,True,1
"[""build""]","[""fix""]",0.252634048461914,['9be725fa3906323d4bc9788f54eccf74109d632b'],0.0,0.0,0.0,False,0.2857142857142857,2048,True,1
"[""build""]","[""build""]",0.278207778930664,['f00a4d3e307b89842250358ee432e6800bb24362'],1.0,1.0,1.0,True,0.0,2048,True,1
"[""docs""]","[""docs""]",0.2834031581878662,['036a0ff49a7dade0e04c9c07071a1ff49133ee24'],1.0,1.0,1.0,True,0.0,2048,True,1
"[""docs""]","[""docs""]",0.2874934673309326,['6d405dfc1675dcad64a2dfac0c0cb0fb28381d21'],1.0,1.0,1.0,True,0.0,2048,True,1
"[""refactor""]","[""refactor""]",0.5848205089569092,['3cca5c314ad6feeffbfe1f14cf49ebd0fd9a95a2'],1.0,1.0,1.0,True,0.0,2048,True,1
"[""docs""]","[""docs""]",0.3158130645751953,['af880ac5b4fecbc6c4f3d1eee0d95f326e8bd9d1'],1.0,1.0,1.0,True,0.0,2048,True,1
"[""fix""]","[""fix""]",0.2544445991516113,['c8e0ae8612df3d6f2831acc004aaac332f6105e4'],1.0,1.0,1.0,True,0.0,2048,True,1
"[""refactor""]","[""refactor""]",0.4574041366577148,['771857b1df9470ebc15357e8879118a72c649d5b'],1.0,1.0,1.0,True,0.0,2048,True,1
"[""refactor""]","[""refactor""]",0.3132877349853515,['47ef9104e4a89e80d7cc6c1950bc080841da4a7b'],1.0,1.0,1.0,True,0.0,2048,True,1
"[""refactor""]","[""refactor""]",0.5849676132202148,['1db13ec43727aca872a0f3836e4023ed85db665e'],1.0,1.0,1.0,True,0.0,2048,True,1
"[""fix""]","[""fix""]",0.2544012069702148,['933ab6bb86372913c992567cf9660009900911a7'],1.0,1.0,1.0,True,0.0,2048,True,1
"[""test""]","[""test""]",0.2860851287841797,['e2e8ad25854bd1e7cdbc7f50b50bbd99e04ad47d'],1.0,1.0,1.0,True,0.0,2048,True,1
"[""build""]","[""build""]",0.2730207443237304,['c44cf88a6ec54e5ddd99d8348bcc57b301ec7945'],1.0,1.0,1.0,True,0.0,2048,True,1
"[""ci""]","[""ci""]",0.2560226917266845,['e96487ad7ce90b141219d9032fa2bed68d5dae6a'],1.0,1.0,1.0,True,0.0,2048,True,1
"[""build""]","[""build""]",0.2485353946685791,['5b81fde8a72cf2e69a10e9f5c4f0bea0a2b8c3e0'],1.0,1.0,1.0,True,0.0,2048,True,1
"[""docs""]","[""docs""]",0.5590982437133789,['cb1f48b56ae0de93acb72e48726c7d610a1d538e'],1.0,1.0,1.0,True,0.0,2048,True,1
"[""fix""]","[""fix""]",0.3607738018035888,['2561f4ade46fc9d59f289f328cc77733a6443697'],1.0,1.0,1.0,True,0.0,2048,True,1
"[""fix""]","[""fix""]",0.3037545680999756,['06e2be4e2019b6fa714e1fcb34485860ef1ede79'],1.0,1.0,1.0,True,0.0,2048,True,1
"[""refactor""]","[""refactor""]",0.3228790760040283,['36556bf8e0bce4ab6d26eafacbdad04d9614a5d7'],1.0,1.0,1.0,True,0.0,2048,True,1
"[""build""]","[""build""]",0.2513844966888428,['c323d59c607cabc91f17a78528d998f376f30b10'],1.0,1.0,1.0,True,0.0,2048,True,1
"[""build""]","[""build""]",0.3117299079895019,['e4a11fd5c34942ba12737f1c8c084489428ee274'],1.0,1.0,1.0,True,0.0,2048,True,1
"[""fix""]","[""refactor""]",0.3448066711425781,['63eab619e6166eb6cab948028a7b89bf059dd878'],0.0,0.0,0.0,False,0.2857142857142857,2048,True,1
"[""docs""]","[""docs""]",0.2560787200927734,['a52a585d74894b3b4eeb8c784fa089ff95cddad0'],1.0,1.0,1.0,True,0.0,2048,True,1
"[""fix""]","[""feat""]",0.3272690773010254,['b282e90e2cbb74559aab79eee8443a4d7c85502a'],0.0,0.0,0.0,False,0.2857142857142857,2048,True,1
"[""feat""]","[""feat""]",0.3269786834716797,['f823cf28652987d43c8324b4f5b203240032383a'],1.0,1.0,1.0,True,0.0,2048,True,1
"[""fix""]","[""fix""]",0.2821485996246338,['9ef5c0d14193a9abb09b39856f58477d1f4b0d77'],1.0,1.0,1.0,True,0.0,2048,True,1
"[""feat""]","[""feat""]",0.3532073497772217,['fd8e563cc19ca4684885d4692acee6bebcca4ada'],1.0,1.0,1.0,True,0.0,2048,True,1
"[""ci""]","[""ci""]",0.2677597999572754,['4cbbd2552ba0de273e1dfe7d453c5b3efed751a3'],1.0,1.0,1.0,True,0.0,2048,True,1
"[""ci""]","[""ci""]",0.3572208881378174,['173553c0372e66e03bdab19e0e6c2dd44daa14a0'],1.0,1.0,1.0,True,0.0,2048,True,1
"[""ci""]","[""ci""]",0.4850175380706787,['32845e1bbd1efb5dbc16f671049509a409ba25ce'],1.0,1.0,1.0,True,0.0,2048,True,1
"[""test""]","[""test""]",0.2819571495056152,['229b53a632ea97d47c4be11f096bdd828fb415d8'],1.0,1.0,1.0,True,0.0,2048,True,1
"[""docs""]","[""refactor""]",0.2823686599731445,['2954a0955ce9af6acb345ed1e8328e145ad30475'],0.0,0.0,0.0,False,0.2857142857142857,2048,True,1
"[""docs""]","[""refactor""]",0.2860531806945801,['a62314d9bb632be6af026686615d14b912250512'],0.0,0.0,0.0,False,0.2857142857142857,2048,True,1
"[""refactor""]","[""refactor""]",0.583707332611084,['062daa45cbd5dba6e96e95d8cdcaee89ae30a83c'],1.0,1.0,1.0,True,0.0,2048,True,1
"[""test""]","[""test""]",0.3246769905090332,['bedc7950b24c37809e36a585b7985d5aa5e3e458'],1.0,1.0,1.0,True,0.0,2048,True,1
"[""feat""]","[""feat""]",0.5563521385192871,['ded26d768ff432ad3bde3c0aa1e95ce50726100a'],1.0,1.0,1.0,True,0.0,2048,True,1
"[""build"", ""test""]","[""test""]",0.4494988918304443,['e9617f0854030e70365eb264bcb3b58078e79e9e'],0.5,1.0,0.6666666666666666,False,0.1428571428571428,2048,True,1
"[""feat""]","[""feat""]",0.4612300395965576,['6ed56ce9ae743ba9a87e6c9643cc06b1de7b748d'],1.0,1.0,1.0,True,0.0,2048,True,1
"[""ci""]","[""docs""]",0.2666797637939453,['e12d9e77a6fd531a22325337838a841b1c67f00d'],0.0,0.0,0.0,False,0.2857142857142857,2048,True,1
"[""feat"", ""refactor""]","[""feat"", ""refactor""]",0.5384418964385986,"['fd8e563cc19ca4684885d4692acee6bebcca4ada', '36556bf8e0bce4ab6d26eafacbdad04d9614a5d7']",1.0,1.0,1.0,True,0.0,2048,True,2
"[""build"", ""build""]","[""ci"", ""build""]",0.4565424919128418,"['45837af24a33308a70a3454f0f650f9fe728e272', '5b81fde8a72cf2e69a10e9f5c4f0bea0a2b8c3e0']",1.0,0.5,0.6666666666666666,False,0.1428571428571428,2048,True,2
"[""feat"", ""docs""]","[""refactor"", ""docs""]",0.4250073432922363,"['535708ae50aecb452560a23356fd396f99ef13a2', 'af880ac5b4fecbc6c4f3d1eee0d95f326e8bd9d1']",0.5,0.5,0.5,False,0.2857142857142857,2048,True,2
"[""fix"", ""feat""]","[""feat"", ""refactor""]",0.5128026008605957,"['68278b00450f2679761a2999500f6d87a579376b', '63eab619e6166eb6cab948028a7b89bf059dd878']",0.5,0.5,0.5,False,0.2857142857142857,2048,True,2
"[""ci"", ""test""]","[""ci"", ""test""]",0.4197726249694824,"['dbb537a26e388a8d7d17faf131abc30c2f7a84e6', 'f411e58cd510f8a2b980b2f1932003a0c0e9f8f3']",1.0,1.0,1.0,True,0.0,2048,True,2
"[""test"", ""ci""]","[""test"", ""ci""]",0.4669370651245117,"['e2e8ad25854bd1e7cdbc7f50b50bbd99e04ad47d', 'c5fa7b80438fbd74f4c341f0d3c9bd9e0f4910da']",1.0,1.0,1.0,True,0.0,2048,True,2
"[""build""]","[""ci"", ""build""]",0.405623197555542,"['45837af24a33308a70a3454f0f650f9fe728e272', '1269431c8a3e7549f10fcbbb4b88ff625c8898b3']",1.0,0.5,0.6666666666666666,False,0.1428571428571428,2048,True,2
"[""refactor""]","[""feat"", ""test""]",0.4380843639373779,"['1bcf88670b50155b50071e707f98f30cea0b7a24', 'f411e58cd510f8a2b980b2f1932003a0c0e9f8f3']",0.0,0.0,0.0,False,0.4285714285714285,2048,True,2
"[""docs"", ""build""]","[""fix"", ""docs""]",0.3870830535888672,"['9be725fa3906323d4bc9788f54eccf74109d632b', '0cfc5633d37ea06f645649138323f1820e18bdee']",0.5,0.5,0.5,False,0.2857142857142857,2048,True,2
"[""docs"", ""ci""]","[""fix"", ""ci""]",0.3829355239868164,"['9be725fa3906323d4bc9788f54eccf74109d632b', 'e96487ad7ce90b141219d9032fa2bed68d5dae6a']",0.5,0.5,0.5,False,0.2857142857142857,2048,True,2
"[""build"", ""test""]","[""build"", ""test""]",0.5467221736907959,"['1269431c8a3e7549f10fcbbb4b88ff625c8898b3', '317f4eefecddfb1392ca71d551840f446feee302']",1.0,1.0,1.0,True,0.0,2048,True,2
"[""ci"", ""docs""]","[""ci"", ""docs""]",0.421039342880249,"['dbb537a26e388a8d7d17faf131abc30c2f7a84e6', '0cfc5633d37ea06f645649138323f1820e18bdee']",1.0,1.0,1.0,True,0.0,2048,True,2
"[""refactor"", ""build""]","[""refactor"", ""build""]",0.7015752792358398,"['3cca5c314ad6feeffbfe1f14cf49ebd0fd9a95a2', '454003841aabeb74396d73541378bfa59c75b5db']",1.0,1.0,1.0,True,0.0,2048,True,2
"[""refactor"", ""feat""]","[""fix"", ""refactor""]",0.623812198638916,"['2561f4ade46fc9d59f289f328cc77733a6443697', '062daa45cbd5dba6e96e95d8cdcaee89ae30a83c']",0.5,0.5,0.5,False,0.2857142857142857,2048,True,2
"[""build"", ""ci""]","[""build"", ""ci""]",0.3897023200988769,"['c44cf88a6ec54e5ddd99d8348bcc57b301ec7945', 'dbb537a26e388a8d7d17faf131abc30c2f7a84e6']",1.0,1.0,1.0,True,0.0,2048,True,2
"[""docs"", ""fix""]","[""build"", ""refactor""]",0.4714295864105224,"['32b92cfa0b74a6c25990e32ac6aab12b8496794c', '63eab619e6166eb6cab948028a7b89bf059dd878']",0.0,0.0,0.0,False,0.5714285714285714,2048,True,2
"[""fix"", ""ci""]","[""feat"", ""docs""]",0.3887832164764404,"['dc5238b2bda98a7c4f2fe9584fc3b0191a408109', 'e12d9e77a6fd531a22325337838a841b1c67f00d']",0.0,0.0,0.0,False,0.5714285714285714,2048,True,2
"[""ci"", ""docs""]","[""ci"", ""docs""]",0.5093863010406494,"['32845e1bbd1efb5dbc16f671049509a409ba25ce', 'bf83c9155e9bee6925aa7102fab53fb803d52533']",1.0,1.0,1.0,True,0.0,2048,True,2
"[""docs"", ""build"", ""feat""]","[""fix"", ""feat""]",0.6457159519195557,"['d129eaf9125a967ac86c6c7276bbae6b4d50af36', '6ed56ce9ae743ba9a87e6c9643cc06b1de7b748d']",0.3333333333333333,0.5,0.4,False,0.4285714285714285,2048,True,2
"[""refactor"", ""ci""]","[""feat"", ""ci""]",0.5683667659759521,"['1bcf88670b50155b50071e707f98f30cea0b7a24', '74e9de5ec97dc013a52aa063dff0f40ac74c407b']",0.5,0.5,0.5,False,0.2857142857142857,2048,True,2
"[""docs"", ""ci""]","[""docs"", ""ci""]",0.3939046859741211,"['036a0ff49a7dade0e04c9c07071a1ff49133ee24', '4cbbd2552ba0de273e1dfe7d453c5b3efed751a3']",1.0,1.0,1.0,True,0.0,2048,True,2
"[""build"", ""docs""]","[""test"", ""docs""]",0.6100437641143799,"['e9617f0854030e70365eb264bcb3b58078e79e9e', 'cb1f48b56ae0de93acb72e48726c7d610a1d538e']",0.5,0.5,0.5,False,0.2857142857142857,2048,True,2
"[""docs""]","[""docs"", ""feat""]",0.3967676162719726,"['aca23027da1295c78fdf42ba9687d8ccc88784d7', 'f823cf28652987d43c8324b4f5b203240032383a']",1.0,0.5,0.6666666666666666,False,0.1428571428571428,2048,True,2
"[""refactor"", ""fix""]","[""refactor"", ""fix""]",0.4173595905303955,"['47ef9104e4a89e80d7cc6c1950bc080841da4a7b', '06e2be4e2019b6fa714e1fcb34485860ef1ede79']",1.0,1.0,1.0,True,0.0,2048,True,2
"[""build"", ""ci""]","[""build"", ""ci""]",0.3750767707824707,"['5b81fde8a72cf2e69a10e9f5c4f0bea0a2b8c3e0', 'dbb537a26e388a8d7d17faf131abc30c2f7a84e6']",1.0,1.0,1.0,True,0.0,2048,True,2
"[""build"", ""refactor""]","[""build"", ""refactor""]",0.4099769592285156,"['5b81fde8a72cf2e69a10e9f5c4f0bea0a2b8c3e0', '36556bf8e0bce4ab6d26eafacbdad04d9614a5d7']",1.0,1.0,1.0,True,0.0,2048,True,2
"[""feat"", ""test""]","[""fix"", ""test""]",0.4652981758117676,"['9ef5c0d14193a9abb09b39856f58477d1f4b0d77', 'b7ce2894fd1794064bd6db4ed730bb6cb7728739']",0.5,0.5,0.5,False,0.2857142857142857,2048,True,2
"[""build"", ""docs""]","[""build"", ""docs""]",0.4214558601379394,"['c323d59c607cabc91f17a78528d998f376f30b10', 'c2ee5cd5e709afd15c5565ee009a0d204403a119']",1.0,1.0,1.0,True,0.0,2048,True,2
"[""fix"", ""ci""]","[""fix"", ""ci""]",0.3895964622497558,"['9be725fa3906323d4bc9788f54eccf74109d632b', 'dbb537a26e388a8d7d17faf131abc30c2f7a84e6']",1.0,1.0,1.0,True,0.0,2048,True,2
"[""docs"", ""ci""]","[""fix"", ""ci""]",0.4603457450866699,"['9be725fa3906323d4bc9788f54eccf74109d632b', 'e7a67d88173566be3cd3aed7e9eeb7e29aabbc57']",0.5,0.5,0.5,False,0.2857142857142857,2048,True,2
"[""docs"", ""refactor""]","[""docs"", ""refactor""]",0.5798854827880859,"['c2ee5cd5e709afd15c5565ee009a0d204403a119', '062daa45cbd5dba6e96e95d8cdcaee89ae30a83c']",1.0,1.0,1.0,True,0.0,2048,True,2
"[""fix"", ""feat"", ""refactor""]","[""fix"", ""feat""]",0.6493122577667236,"['933ab6bb86372913c992567cf9660009900911a7', 'e137f9fdbdb6bf3f85c3f7ac9323785e445844c8']",0.6666666666666666,1.0,0.8,False,0.1428571428571428,2048,True,2
"[""build"", ""fix""]","[""fix"", ""build""]",0.4469249248504638,"['9be725fa3906323d4bc9788f54eccf74109d632b', 'c44cf88a6ec54e5ddd99d8348bcc57b301ec7945']",1.0,1.0,1.0,True,0.0,2048,True,2
"[""build"", ""fix""]","[""ci"", ""docs""]",0.5152647495269775,"['173553c0372e66e03bdab19e0e6c2dd44daa14a0', 'e12d9e77a6fd531a22325337838a841b1c67f00d']",0.0,0.0,0.0,False,0.5714285714285714,2048,True,2
"[""ci"", ""feat""]","[""ci"", ""feat""]",0.4556913375854492,"['6c9cb638cb4d1ecc42632fcf389c24898c5b3244', 'f823cf28652987d43c8324b4f5b203240032383a']",1.0,1.0,1.0,True,0.0,2048,True,2
"[""ci"", ""docs""]","[""ci"", ""docs""]",0.4634499549865722,"['74e9de5ec97dc013a52aa063dff0f40ac74c407b', 'c2ee5cd5e709afd15c5565ee009a0d204403a119']",1.0,1.0,1.0,True,0.0,2048,True,2
"[""test"", ""build""]","[""test"", ""build""]",0.4923217296600342,"['317f4eefecddfb1392ca71d551840f446feee302', '5b81fde8a72cf2e69a10e9f5c4f0bea0a2b8c3e0']",1.0,1.0,1.0,True,0.0,2048,True,2
"[""docs"", ""feat""]","[""docs"", ""feat""]",0.4729363918304443,"['a52a585d74894b3b4eeb8c784fa089ff95cddad0', 'f823cf28652987d43c8324b4f5b203240032383a']",1.0,1.0,1.0,True,0.0,2048,True,2
"[""refactor"", ""build""]","[""refactor"", ""build""]",0.4055342674255371,"['47ef9104e4a89e80d7cc6c1950bc080841da4a7b', '5b81fde8a72cf2e69a10e9f5c4f0bea0a2b8c3e0']",1.0,1.0,1.0,True,0.0,2048,True,2
"[""feat""]","[""feat"", ""refactor""]",0.5939404964447021,"['e137f9fdbdb6bf3f85c3f7ac9323785e445844c8', '771857b1df9470ebc15357e8879118a72c649d5b']",1.0,0.5,0.6666666666666666,False,0.1428571428571428,2048,True,2
"[""fix"", ""docs""]","[""feat"", ""fix""]",0.52876877784729,"['6ed56ce9ae743ba9a87e6c9643cc06b1de7b748d', 'd1d55e787b7d07f763852602b9939a5394607fd9']",0.5,0.5,0.5,False,0.2857142857142857,2048,True,2
"[""build"", ""docs""]","[""build"", ""docs""]",0.4189069271087646,"['c323d59c607cabc91f17a78528d998f376f30b10', '0cfc5633d37ea06f645649138323f1820e18bdee']",1.0,1.0,1.0,True,0.0,2048,True,2
"[""test""]","[""test"", ""refactor""]",0.4380538463592529,"['8ee0611fbf0cd89abe7ae588f22e6ecb843598ea', '2954a0955ce9af6acb345ed1e8328e145ad30475']",1.0,0.5,0.6666666666666666,False,0.1428571428571428,2048,True,2
"[""refactor"", ""fix""]","[""refactor"", ""fix""]",0.4186491966247558,"['36556bf8e0bce4ab6d26eafacbdad04d9614a5d7', 'c8e0ae8612df3d6f2831acc004aaac332f6105e4']",1.0,1.0,1.0,True,0.0,2048,True,2
"[""build"", ""ci""]","[""build"", ""ci""]",0.540625810623169,"['e4a11fd5c34942ba12737f1c8c084489428ee274', '173553c0372e66e03bdab19e0e6c2dd44daa14a0']",1.0,1.0,1.0,True,0.0,2048,True,2
"[""fix"", ""feat""]","[""fix"", ""feat""]",0.4554355144500732,"['c8e0ae8612df3d6f2831acc004aaac332f6105e4', 'f9a094918b62534614c47aa8a13f33aec751a1e0']",1.0,1.0,1.0,True,0.0,2048,True,2
"[""docs"", ""build""]","[""refactor"", ""docs""]",0.5393385887145996,"['771857b1df9470ebc15357e8879118a72c649d5b', '0cfc5633d37ea06f645649138323f1820e18bdee']",0.5,0.5,0.5,False,0.2857142857142857,2048,True,2
"[""fix"", ""feat""]","[""feat"", ""fix""]",0.5315639972686768,"['6ed56ce9ae743ba9a87e6c9643cc06b1de7b748d', '87d5d4e55ab7149b593d29410f1fe426ba2447d4']",1.0,1.0,1.0,True,0.0,2048,True,2
"[""refactor"", ""test""]","[""refactor"", ""test""]",0.5761094093322754,"['1db13ec43727aca872a0f3836e4023ed85db665e', '229b53a632ea97d47c4be11f096bdd828fb415d8']",1.0,1.0,1.0,True,0.0,2048,True,2
"[""test"", ""feat""]","[""test"", ""refactor""]",0.5885446071624756,"['317f4eefecddfb1392ca71d551840f446feee302', '63eab619e6166eb6cab948028a7b89bf059dd878']",0.5,0.5,0.5,False,0.2857142857142857,2048,True,2
"[""build"", ""fix""]","[""docs"", ""build""]",0.4239423274993896,"['e12d9e77a6fd531a22325337838a841b1c67f00d', 'c44cf88a6ec54e5ddd99d8348bcc57b301ec7945']",0.5,0.5,0.5,False,0.2857142857142857,2048,True,2
"[""refactor"", ""build""]","[""refactor"", ""build""]",0.5431132316589355,"['1db13ec43727aca872a0f3836e4023ed85db665e', '32b92cfa0b74a6c25990e32ac6aab12b8496794c']",1.0,1.0,1.0,True,0.0,2048,True,2
"[""docs""]","[""docs"", ""fix""]",0.3622851371765136,"['c2ee5cd5e709afd15c5565ee009a0d204403a119', 'bed78248c941d57ad4cc20a455147e186e97c7a1']",1.0,0.5,0.6666666666666666,False,0.1428571428571428,2048,True,2
"[""docs"", ""ci""]","[""docs"", ""ci""]",0.4969370365142822,"['bf83c9155e9bee6925aa7102fab53fb803d52533', '173553c0372e66e03bdab19e0e6c2dd44daa14a0']",1.0,1.0,1.0,True,0.0,2048,True,2
"[""refactor"", ""ci""]","[""refactor"", ""ci""]",0.4848968982696533,"['36556bf8e0bce4ab6d26eafacbdad04d9614a5d7', '74e9de5ec97dc013a52aa063dff0f40ac74c407b']",1.0,1.0,1.0,True,0.0,2048,True,2
"[""test"", ""feat""]","[""test"", ""fix""]",0.4908580780029297,"['e9617f0854030e70365eb264bcb3b58078e79e9e', '87d5d4e55ab7149b593d29410f1fe426ba2447d4']",0.5,0.5,0.5,False,0.2857142857142857,2048,True,2
"[""fix""]","[""feat"", ""refactor""]",0.4048056602478027,"['e137f9fdbdb6bf3f85c3f7ac9323785e445844c8', '47ef9104e4a89e80d7cc6c1950bc080841da4a7b']",0.0,0.0,0.0,False,0.4285714285714285,2048,True,2
"[""build"", ""ci""]","[""fix"", ""ci""]",0.5122616291046143,"['2561f4ade46fc9d59f289f328cc77733a6443697', '74e9de5ec97dc013a52aa063dff0f40ac74c407b']",0.5,0.5,0.5,False,0.2857142857142857,2048,True,2
"[""build"", ""ci""]","[""build"", ""ci""]",0.3865714073181152,"['5b81fde8a72cf2e69a10e9f5c4f0bea0a2b8c3e0', 'e96487ad7ce90b141219d9032fa2bed68d5dae6a']",1.0,1.0,1.0,True,0.0,2048,True,2
"[""build"", ""feat"", ""test""]","[""build"", ""test""]",0.6182212829589844,"['32b92cfa0b74a6c25990e32ac6aab12b8496794c', '8ee0611fbf0cd89abe7ae588f22e6ecb843598ea']",0.6666666666666666,1.0,0.8,False,0.1428571428571428,2048,True,2
"[""refactor"", ""ci""]","[""refactor"", ""ci""]",0.6042959690093994,"['1db13ec43727aca872a0f3836e4023ed85db665e', '74e9de5ec97dc013a52aa063dff0f40ac74c407b']",1.0,1.0,1.0,True,0.0,2048,True,2
"[""fix"", ""build""]","[""fix"", ""build""]",0.4935421943664551,"['2561f4ade46fc9d59f289f328cc77733a6443697', 'c55591ba157298a9c5816693c102a89dfd058830']",1.0,1.0,1.0,True,0.0,2048,True,2
"[""build"", ""refactor""]","[""build"", ""refactor""]",0.5389747619628906,"['5b81fde8a72cf2e69a10e9f5c4f0bea0a2b8c3e0', '1db13ec43727aca872a0f3836e4023ed85db665e']",1.0,1.0,1.0,True,0.0,2048,True,2
"[""test"", ""ci""]","[""test"", ""ci""]",0.5371143817901611,"['8ee0611fbf0cd89abe7ae588f22e6ecb843598ea', 'e96487ad7ce90b141219d9032fa2bed68d5dae6a']",1.0,1.0,1.0,True,0.0,2048,True,2
"[""test"", ""refactor""]","[""test"", ""refactor""]",0.6288242340087891,"['bedc7950b24c37809e36a585b7985d5aa5e3e458', '062daa45cbd5dba6e96e95d8cdcaee89ae30a83c']",1.0,1.0,1.0,True,0.0,2048,True,2
"[""ci"", ""feat""]","[""ci"", ""refactor""]",0.5339009761810303,"['74e9de5ec97dc013a52aa063dff0f40ac74c407b', '63eab619e6166eb6cab948028a7b89bf059dd878']",0.5,0.5,0.5,False,0.2857142857142857,2048,True,2
"[""test"", ""fix""]","[""test"", ""docs""]",0.4946973323822021,"['317f4eefecddfb1392ca71d551840f446feee302', 'af880ac5b4fecbc6c4f3d1eee0d95f326e8bd9d1']",0.5,0.5,0.5,False,0.2857142857142857,2048,True,2
"[""feat"", ""fix""]","[""feat"", ""fix""]",0.422403335571289,"['dc5238b2bda98a7c4f2fe9584fc3b0191a408109', '9ef5c0d14193a9abb09b39856f58477d1f4b0d77']",1.0,1.0,1.0,True,0.0,2048,True,2
"[""docs"", ""fix""]","[""build"", ""docs""]",0.4493782520294189,"['e4a11fd5c34942ba12737f1c8c084489428ee274', 'e12d9e77a6fd531a22325337838a841b1c67f00d']",0.5,0.5,0.5,False,0.2857142857142857,2048,True,2
"[""feat"", ""refactor""]","[""feat"", ""refactor""]",0.6433911323547363,"['6ed56ce9ae743ba9a87e6c9643cc06b1de7b748d', '63eab619e6166eb6cab948028a7b89bf059dd878']",1.0,1.0,1.0,True,0.0,2048,True,2
"[""ci""]","[""ci"", ""fix"", ""docs""]",0.3959119319915771,"['dbb537a26e388a8d7d17faf131abc30c2f7a84e6', 'd129eaf9125a967ac86c6c7276bbae6b4d50af36', 'cb1f48b56ae0de93acb72e48726c7d610a1d538e']",1.0,0.3333333333333333,0.5,False,0.2857142857142857,2048,True,3
"[""fix"", ""refactor"", ""feat""]","[""fix"", ""refactor"", ""feat""]",0.730269193649292,"['933ab6bb86372913c992567cf9660009900911a7', '3cca5c314ad6feeffbfe1f14cf49ebd0fd9a95a2', '6ed56ce9ae743ba9a87e6c9643cc06b1de7b748d']",1.0,1.0,1.0,True,0.0,2048,True,3
"[""build"", ""feat"", ""refactor""]","[""build"", ""feat"", ""ci""]",0.7092154026031494,"['5b81fde8a72cf2e69a10e9f5c4f0bea0a2b8c3e0', 'e137f9fdbdb6bf3f85c3f7ac9323785e445844c8', '32845e1bbd1efb5dbc16f671049509a409ba25ce']",0.6666666666666666,0.6666666666666666,0.6666666666666666,False,0.2857142857142857,2048,True,3
"[""build"", ""docs"", ""feat""]","[""ci"", ""docs"", ""feat""]",0.7166345119476318,"['45837af24a33308a70a3454f0f650f9fe728e272', '6d405dfc1675dcad64a2dfac0c0cb0fb28381d21', 'f823cf28652987d43c8324b4f5b203240032383a']",0.6666666666666666,0.6666666666666666,0.6666666666666666,False,0.2857142857142857,2048,True,3
"[""ci"", ""docs"", ""build""]","[""ci"", ""docs"", ""build""]",0.5251443386077881,"['6c9cb638cb4d1ecc42632fcf389c24898c5b3244', 'bf83c9155e9bee6925aa7102fab53fb803d52533', 'c323d59c607cabc91f17a78528d998f376f30b10']",1.0,1.0,1.0,True,0.0,2048,True,3
"[""test"", ""fix"", ""docs""]","[""test"", ""docs"", ""fix""]",0.5718460083007812,"['229b53a632ea97d47c4be11f096bdd828fb415d8', 'e12d9e77a6fd531a22325337838a841b1c67f00d', 'd129eaf9125a967ac86c6c7276bbae6b4d50af36']",1.0,1.0,1.0,True,0.0,2048,True,3
"[""fix"", ""docs"", ""feat""]","[""feat"", ""docs"", ""refactor""]",0.6143922805786133,"['68278b00450f2679761a2999500f6d87a579376b', 'c2ee5cd5e709afd15c5565ee009a0d204403a119', '535708ae50aecb452560a23356fd396f99ef13a2']",0.6666666666666666,0.6666666666666666,0.6666666666666666,False,0.2857142857142857,2048,True,3
"[""docs"", ""build"", ""test""]","[""docs"", ""ci"", ""test""]",0.5574653148651123,"['0cfc5633d37ea06f645649138323f1820e18bdee', '6c9cb638cb4d1ecc42632fcf389c24898c5b3244', 'f411e58cd510f8a2b980b2f1932003a0c0e9f8f3']",0.6666666666666666,0.6666666666666666,0.6666666666666666,False,0.2857142857142857,2048,True,3
"[""docs"", ""fix"", ""refactor""]","[""build"", ""fix"", ""refactor""]",0.6072025299072266,"['1269431c8a3e7549f10fcbbb4b88ff625c8898b3', '933ab6bb86372913c992567cf9660009900911a7', '36556bf8e0bce4ab6d26eafacbdad04d9614a5d7']",0.6666666666666666,0.6666666666666666,0.6666666666666666,False,0.2857142857142857,2048,True,3
"[""test"", ""fix"", ""docs""]","[""test"", ""fix"", ""docs""]",0.5711779594421387,"['c7b25726df94a2530c9b1c0d2b6a0acaa103822f', '933ab6bb86372913c992567cf9660009900911a7', 'c2ee5cd5e709afd15c5565ee009a0d204403a119']",1.0,1.0,1.0,True,0.0,2048,True,3
"[""build"", ""refactor"", ""fix""]","[""build"", ""refactor"", ""fix""]",0.6477463245391846,"['32b92cfa0b74a6c25990e32ac6aab12b8496794c', '771857b1df9470ebc15357e8879118a72c649d5b', '06e2be4e2019b6fa714e1fcb34485860ef1ede79']",1.0,1.0,1.0,True,0.0,2048,True,3
"[""test"", ""docs"", ""build""]","[""test"", ""docs"", ""build""]",0.5742425918579102,"['f411e58cd510f8a2b980b2f1932003a0c0e9f8f3', '036a0ff49a7dade0e04c9c07071a1ff49133ee24', 'c44cf88a6ec54e5ddd99d8348bcc57b301ec7945']",1.0,1.0,1.0,True,0.0,2048,True,3
"[""docs"", ""test"", ""feat""]","[""feat"", ""test"", ""refactor""]",0.6424782276153564,"['6ed56ce9ae743ba9a87e6c9643cc06b1de7b748d', 'c7b25726df94a2530c9b1c0d2b6a0acaa103822f', '535708ae50aecb452560a23356fd396f99ef13a2']",0.6666666666666666,0.6666666666666666,0.6666666666666666,False,0.2857142857142857,2048,True,3
"[""docs"", ""test"", ""fix""]","[""docs"", ""feat"", ""fix""]",0.6476826667785645,"['6d405dfc1675dcad64a2dfac0c0cb0fb28381d21', 'ded26d768ff432ad3bde3c0aa1e95ce50726100a', 'd129eaf9125a967ac86c6c7276bbae6b4d50af36']",0.6666666666666666,0.6666666666666666,0.6666666666666666,False,0.2857142857142857,2048,True,3
"[""ci"", ""docs"", ""refactor""]","[""ci"", ""docs"", ""fix""]",0.7231199741363525,"['e7a67d88173566be3cd3aed7e9eeb7e29aabbc57', 'c2ee5cd5e709afd15c5565ee009a0d204403a119', 'bed78248c941d57ad4cc20a455147e186e97c7a1']",0.6666666666666666,0.6666666666666666,0.6666666666666666,False,0.2857142857142857,2048,True,3
"[""ci"", ""docs"", ""fix""]","[""ci"", ""docs"", ""fix""]",0.6258225440979004,"['74e9de5ec97dc013a52aa063dff0f40ac74c407b', 'aca23027da1295c78fdf42ba9687d8ccc88784d7', 'd129eaf9125a967ac86c6c7276bbae6b4d50af36']",1.0,1.0,1.0,True,0.0,2048,True,3
"[""test"", ""fix"", ""build"", ""ci""]","[""test"", ""fix"", ""build""]",0.7220816612243652,"['c7b25726df94a2530c9b1c0d2b6a0acaa103822f', 'bed78248c941d57ad4cc20a455147e186e97c7a1', 'c55591ba157298a9c5816693c102a89dfd058830']",0.75,1.0,0.8571428571428571,False,0.1428571428571428,2048,True,3
"[""build"", ""ci"", ""feat"", ""docs""]","[""docs"", ""ci"", ""fix""]",0.7596118450164795,"['a52a585d74894b3b4eeb8c784fa089ff95cddad0', 'e7a67d88173566be3cd3aed7e9eeb7e29aabbc57', 'bed78248c941d57ad4cc20a455147e186e97c7a1']",0.5,0.6666666666666666,0.5714285714285715,False,0.4285714285714285,2048,True,3
"[""build"", ""ci"", ""test""]","[""build"", ""ci"", ""test""]",0.5522243976593018,"['f00a4d3e307b89842250358ee432e6800bb24362', '6c9cb638cb4d1ecc42632fcf389c24898c5b3244', 'c7b25726df94a2530c9b1c0d2b6a0acaa103822f']",1.0,1.0,1.0,True,0.0,2048,True,3
"[""refactor"", ""fix"", ""feat""]","[""refactor"", ""feat"", ""fix""]",0.6297817230224609,"['2954a0955ce9af6acb345ed1e8328e145ad30475', 'dc5238b2bda98a7c4f2fe9584fc3b0191a408109', '9ef5c0d14193a9abb09b39856f58477d1f4b0d77']",1.0,1.0,1.0,True,0.0,2048,True,3
"[""build"", ""test"", ""fix""]","[""ci"", ""test"", ""fix""]",0.5713977813720703,"['4cbbd2552ba0de273e1dfe7d453c5b3efed751a3', 'f411e58cd510f8a2b980b2f1932003a0c0e9f8f3', '06e2be4e2019b6fa714e1fcb34485860ef1ede79']",0.6666666666666666,0.6666666666666666,0.6666666666666666,False,0.2857142857142857,2048,True,3
"[""fix"", ""refactor"", ""build""]","[""feat"", ""refactor"", ""build""]",0.7488846778869629,"['b282e90e2cbb74559aab79eee8443a4d7c85502a', '1db13ec43727aca872a0f3836e4023ed85db665e', '37b1cbfd3d2c462ef4f2a131e4172c38dc8d9ddf']",0.6666666666666666,0.6666666666666666,0.6666666666666666,False,0.2857142857142857,2048,True,3
"[""fix"", ""feat"", ""build""]","[""fix"", ""feat"", ""ci""]",0.7009079456329346,"['d129eaf9125a967ac86c6c7276bbae6b4d50af36', 'fd8e563cc19ca4684885d4692acee6bebcca4ada', '173553c0372e66e03bdab19e0e6c2dd44daa14a0']",0.6666666666666666,0.6666666666666666,0.6666666666666666,False,0.2857142857142857,2048,True,3
"[""docs"", ""test"", ""build""]","[""docs"", ""refactor"", ""test""]",0.6372568607330322,"['036a0ff49a7dade0e04c9c07071a1ff49133ee24', '63eab619e6166eb6cab948028a7b89bf059dd878', '229b53a632ea97d47c4be11f096bdd828fb415d8']",0.6666666666666666,0.6666666666666666,0.6666666666666666,False,0.2857142857142857,2048,True,3
"[""test"", ""ci"", ""fix""]","[""test"", ""ci"", ""feat""]",0.6837062835693359,"['c7b25726df94a2530c9b1c0d2b6a0acaa103822f', '32845e1bbd1efb5dbc16f671049509a409ba25ce', 'b282e90e2cbb74559aab79eee8443a4d7c85502a']",0.6666666666666666,0.6666666666666666,0.6666666666666666,False,0.2857142857142857,2048,True,3
"[""feat"", ""build"", ""refactor""]","[""feat"", ""build"", ""refactor""]",0.5687885284423828,"['f9a094918b62534614c47aa8a13f33aec751a1e0', '5b81fde8a72cf2e69a10e9f5c4f0bea0a2b8c3e0', '36556bf8e0bce4ab6d26eafacbdad04d9614a5d7']",1.0,1.0,1.0,True,0.0,2048,True,3
"[""feat"", ""build"", ""docs""]","[""feat"", ""build"", ""docs""]",0.6504073143005371,"['e137f9fdbdb6bf3f85c3f7ac9323785e445844c8', '37b1cbfd3d2c462ef4f2a131e4172c38dc8d9ddf', 'e12d9e77a6fd531a22325337838a841b1c67f00d']",1.0,1.0,1.0,True,0.0,2048,True,3
"[""build"", ""refactor"", ""ci""]","[""build"", ""refactor"", ""ci""]",0.5985865592956543,"['f00a4d3e307b89842250358ee432e6800bb24362', '36556bf8e0bce4ab6d26eafacbdad04d9614a5d7', '4cbbd2552ba0de273e1dfe7d453c5b3efed751a3']",1.0,1.0,1.0,True,0.0,2048,True,3
"[""docs"", ""ci"", ""build""]","[""docs"", ""ci"", ""build""]",0.6925919055938721,"['cb1f48b56ae0de93acb72e48726c7d610a1d538e', 'e96487ad7ce90b141219d9032fa2bed68d5dae6a', '454003841aabeb74396d73541378bfa59c75b5db']",1.0,1.0,1.0,True,0.0,2048,True,3
"[""fix"", ""test"", ""build""]","[""fix"", ""test"", ""build""]",0.5747032165527344,"['d129eaf9125a967ac86c6c7276bbae6b4d50af36', 'e2e8ad25854bd1e7cdbc7f50b50bbd99e04ad47d', '1269431c8a3e7549f10fcbbb4b88ff625c8898b3']",1.0,1.0,1.0,True,0.0,2048,True,3
"[""docs"", ""fix"", ""refactor""]","[""refactor"", ""docs"", ""feat""]",0.6691441535949707,"['2954a0955ce9af6acb345ed1e8328e145ad30475', 'a52a585d74894b3b4eeb8c784fa089ff95cddad0', 'b282e90e2cbb74559aab79eee8443a4d7c85502a']",0.6666666666666666,0.6666666666666666,0.6666666666666666,False,0.2857142857142857,2048,True,3
"[""docs"", ""refactor"", ""test""]","[""docs"", ""refactor"", ""test""]",0.718247652053833,"['0cfc5633d37ea06f645649138323f1820e18bdee', '1db13ec43727aca872a0f3836e4023ed85db665e', 'bedc7950b24c37809e36a585b7985d5aa5e3e458']",1.0,1.0,1.0,True,0.0,2048,True,3
"[""build"", ""docs"", ""test""]","[""fix"", ""docs"", ""test""]",0.5370008945465088,"['933ab6bb86372913c992567cf9660009900911a7', '0cfc5633d37ea06f645649138323f1820e18bdee', 'c7b25726df94a2530c9b1c0d2b6a0acaa103822f']",0.6666666666666666,0.6666666666666666,0.6666666666666666,False,0.2857142857142857,2048,True,3
"[""refactor"", ""ci"", ""test""]","[""refactor"", ""ci"", ""test""]",0.595782995223999,"['36556bf8e0bce4ab6d26eafacbdad04d9614a5d7', '6c9cb638cb4d1ecc42632fcf389c24898c5b3244', '229b53a632ea97d47c4be11f096bdd828fb415d8']",1.0,1.0,1.0,True,0.0,2048,True,3
"[""ci"", ""test"", ""docs""]","[""ci"", ""test"", ""docs""]",0.6745560169219971,"['c5fa7b80438fbd74f4c341f0d3c9bd9e0f4910da', '229b53a632ea97d47c4be11f096bdd828fb415d8', 'aca23027da1295c78fdf42ba9687d8ccc88784d7']",1.0,1.0,1.0,True,0.0,2048,True,3
"[""feat"", ""docs"", ""fix""]","[""feat"", ""docs"", ""fix""]",0.6464798450469971,"['f823cf28652987d43c8324b4f5b203240032383a', '0cfc5633d37ea06f645649138323f1820e18bdee', '9ef5c0d14193a9abb09b39856f58477d1f4b0d77']",1.0,1.0,1.0,True,0.0,2048,True,3
"[""test"", ""fix"", ""build"", ""docs""]","[""test"", ""fix"", ""build""]",0.7471420764923096,"['317f4eefecddfb1392ca71d551840f446feee302', '06e2be4e2019b6fa714e1fcb34485860ef1ede79', 'c55591ba157298a9c5816693c102a89dfd058830']",0.75,1.0,0.8571428571428571,False,0.1428571428571428,2048,True,3
"[""docs"", ""fix"", ""refactor""]","[""feat"", ""docs"", ""refactor""]",0.6376731395721436,"['e137f9fdbdb6bf3f85c3f7ac9323785e445844c8', 'bf83c9155e9bee6925aa7102fab53fb803d52533', '36556bf8e0bce4ab6d26eafacbdad04d9614a5d7']",0.6666666666666666,0.6666666666666666,0.6666666666666666,False,0.2857142857142857,2048,True,3
"[""fix"", ""build"", ""fix""]","[""fix"", ""ci"", ""build""]",0.5546329021453857,"['d129eaf9125a967ac86c6c7276bbae6b4d50af36', '6c9cb638cb4d1ecc42632fcf389c24898c5b3244', 'c44cf88a6ec54e5ddd99d8348bcc57b301ec7945']",1.0,0.6666666666666666,0.8,False,0.1428571428571428,2048,True,3
"[""refactor"", ""fix"", ""test"", ""docs""]","[""fix"", ""refactor"", ""docs""]",0.7706258296966553,"['2561f4ade46fc9d59f289f328cc77733a6443697', '2954a0955ce9af6acb345ed1e8328e145ad30475', 'a52a585d74894b3b4eeb8c784fa089ff95cddad0']",0.75,1.0,0.8571428571428571,False,0.1428571428571428,2048,True,3
"[""build"", ""fix""]","[""build"", ""feat"", ""fix""]",0.4329648017883301,"['c55591ba157298a9c5816693c102a89dfd058830', 'dc5238b2bda98a7c4f2fe9584fc3b0191a408109', '9be725fa3906323d4bc9788f54eccf74109d632b']",1.0,0.6666666666666666,0.8,False,0.1428571428571428,2048,True,3
"[""test"", ""refactor"", ""feat""]","[""test"", ""refactor"", ""feat""]",0.668208122253418,"['229b53a632ea97d47c4be11f096bdd828fb415d8', '36556bf8e0bce4ab6d26eafacbdad04d9614a5d7', 'ded26d768ff432ad3bde3c0aa1e95ce50726100a']",1.0,1.0,1.0,True,0.0,2048,True,3
"[""test"", ""build"", ""docs"", ""ci""]","[""test"", ""build"", ""ci""]",0.8253703117370605,"['e0198f74b81da3663144cfe1d971939319f82a0f', 'c55591ba157298a9c5816693c102a89dfd058830', 'e7a67d88173566be3cd3aed7e9eeb7e29aabbc57']",0.75,1.0,0.8571428571428571,False,0.1428571428571428,2048,True,3
"[""test"", ""fix"", ""docs""]","[""test"", ""fix"", ""docs""]",0.6370470523834229,"['bedc7950b24c37809e36a585b7985d5aa5e3e458', '933ab6bb86372913c992567cf9660009900911a7', '6d405dfc1675dcad64a2dfac0c0cb0fb28381d21']",1.0,1.0,1.0,True,0.0,2048,True,3
"[""fix"", ""build"", ""test""]","[""fix"", ""build"", ""test""]",0.6130468845367432,"['d129eaf9125a967ac86c6c7276bbae6b4d50af36', '32b92cfa0b74a6c25990e32ac6aab12b8496794c', '317f4eefecddfb1392ca71d551840f446feee302']",1.0,1.0,1.0,True,0.0,2048,True,3
"[""feat"", ""build"", ""ci""]","[""feat"", ""fix"", ""ci""]",0.6767914295196533,"['f823cf28652987d43c8324b4f5b203240032383a', '9be725fa3906323d4bc9788f54eccf74109d632b', '32845e1bbd1efb5dbc16f671049509a409ba25ce']",0.6666666666666666,0.6666666666666666,0.6666666666666666,False,0.2857142857142857,2048,True,3
"[""feat"", ""docs"", ""build""]","[""fix"", ""docs"", ""build""]",0.6177654266357422,"['9ef5c0d14193a9abb09b39856f58477d1f4b0d77', 'a52a585d74894b3b4eeb8c784fa089ff95cddad0', '37b1cbfd3d2c462ef4f2a131e4172c38dc8d9ddf']",0.6666666666666666,0.6666666666666666,0.6666666666666666,False,0.2857142857142857,2048,True,3
"[""refactor"", ""ci"", ""docs""]","[""fix"", ""ci"", ""docs""]",0.6316022872924805,"['87d5d4e55ab7149b593d29410f1fe426ba2447d4', '4cbbd2552ba0de273e1dfe7d453c5b3efed751a3', '6d405dfc1675dcad64a2dfac0c0cb0fb28381d21']",0.6666666666666666,0.6666666666666666,0.6666666666666666,False,0.2857142857142857,2048,True,3
"[""feat"", ""docs"", ""refactor""]","[""feat"", ""docs"", ""fix""]",0.7595126628875732,"['fd8e563cc19ca4684885d4692acee6bebcca4ada', 'cb1f48b56ae0de93acb72e48726c7d610a1d538e', 'bed78248c941d57ad4cc20a455147e186e97c7a1']",0.6666666666666666,0.6666666666666666,0.6666666666666666,False,0.2857142857142857,2048,True,3
"[""feat"", ""feat"", ""refactor""]","[""feat"", ""fix"", ""refactor""]",0.7566447257995605,"['1bcf88670b50155b50071e707f98f30cea0b7a24', '9ef5c0d14193a9abb09b39856f58477d1f4b0d77', '062daa45cbd5dba6e96e95d8cdcaee89ae30a83c']",1.0,0.6666666666666666,0.8,False,0.1428571428571428,2048,True,3
"[""refactor"", ""docs"", ""test""]","[""fix"", ""docs"", ""test""]",0.7074947357177734,"['bed78248c941d57ad4cc20a455147e186e97c7a1', 'a52a585d74894b3b4eeb8c784fa089ff95cddad0', 'e9617f0854030e70365eb264bcb3b58078e79e9e']",0.6666666666666666,0.6666666666666666,0.6666666666666666,False,0.2857142857142857,2048,True,3
"[""docs"", ""fix"", ""feat""]","[""docs"", ""ci"", ""feat""]",0.6399226188659668,"['c2ee5cd5e709afd15c5565ee009a0d204403a119', 'dbb537a26e388a8d7d17faf131abc30c2f7a84e6', 'ded26d768ff432ad3bde3c0aa1e95ce50726100a']",0.6666666666666666,0.6666666666666666,0.6666666666666666,False,0.2857142857142857,2048,True,3
"[""build"", ""ci"", ""feat""]","[""build"", ""ci"", ""refactor""]",0.6869301795959473,"['454003841aabeb74396d73541378bfa59c75b5db', 'dbb537a26e388a8d7d17faf131abc30c2f7a84e6', '062daa45cbd5dba6e96e95d8cdcaee89ae30a83c']",0.6666666666666666,0.6666666666666666,0.6666666666666666,False,0.2857142857142857,2048,True,3
"[""feat"", ""docs"", ""test""]","[""feat"", ""fix"", ""test""]",0.6484746932983398,"['fd8e563cc19ca4684885d4692acee6bebcca4ada', 'd1d55e787b7d07f763852602b9939a5394607fd9', 'b7ce2894fd1794064bd6db4ed730bb6cb7728739']",0.6666666666666666,0.6666666666666666,0.6666666666666666,False,0.2857142857142857,2048,True,3
"[""docs"", ""fix"", ""build""]","[""docs"", ""test"", ""build""]",0.6158497333526611,"['bf83c9155e9bee6925aa7102fab53fb803d52533', 'b7ce2894fd1794064bd6db4ed730bb6cb7728739', '37b1cbfd3d2c462ef4f2a131e4172c38dc8d9ddf']",0.6666666666666666,0.6666666666666666,0.6666666666666666,False,0.2857142857142857,2048,True,3
"[""fix"", ""ci"", ""test""]","[""fix"", ""ci"", ""test""]",0.6990022659301758,"['d129eaf9125a967ac86c6c7276bbae6b4d50af36', 'e7a67d88173566be3cd3aed7e9eeb7e29aabbc57', '317f4eefecddfb1392ca71d551840f446feee302']",1.0,1.0,1.0,True,0.0,2048,True,3
"[""docs"", ""fix"", ""build""]","[""docs"", ""fix"", ""ci""]",0.5665023326873779,"['c2ee5cd5e709afd15c5565ee009a0d204403a119', 'd1d55e787b7d07f763852602b9939a5394607fd9', '6c9cb638cb4d1ecc42632fcf389c24898c5b3244']",0.6666666666666666,0.6666666666666666,0.6666666666666666,False,0.2857142857142857,2048,True,3
"[""ci"", ""fix"", ""docs""]","[""ci"", ""fix"", ""docs""]",0.5336582660675049,"['dbb537a26e388a8d7d17faf131abc30c2f7a84e6', 'c8e0ae8612df3d6f2831acc004aaac332f6105e4', 'e12d9e77a6fd531a22325337838a841b1c67f00d']",1.0,1.0,1.0,True,0.0,2048,True,3
"[""build"", ""build"", ""docs""]","[""build"", ""docs"", ""refactor""]",0.5772216320037842,"['c55591ba157298a9c5816693c102a89dfd058830', 'c2ee5cd5e709afd15c5565ee009a0d204403a119', 'a62314d9bb632be6af026686615d14b912250512']",1.0,0.6666666666666666,0.8,False,0.1428571428571428,2048,True,3
"[""docs"", ""build"", ""refactor""]","[""fix"", ""build"", ""refactor""]",0.6400256156921387,"['d1d55e787b7d07f763852602b9939a5394607fd9', '32b92cfa0b74a6c25990e32ac6aab12b8496794c', '062daa45cbd5dba6e96e95d8cdcaee89ae30a83c']",0.6666666666666666,0.6666666666666666,0.6666666666666666,False,0.2857142857142857,2048,True,3
"[""test"", ""fix"", ""build""]","[""test"", ""docs"", ""build""]",0.5963075160980225,"['f411e58cd510f8a2b980b2f1932003a0c0e9f8f3', 'af880ac5b4fecbc6c4f3d1eee0d95f326e8bd9d1', '1269431c8a3e7549f10fcbbb4b88ff625c8898b3']",0.6666666666666666,0.6666666666666666,0.6666666666666666,False,0.2857142857142857,2048,True,3
"[""feat"", ""test"", ""test""]","[""feat"", ""fix"", ""test""]",0.6300477981567383,"['f9a094918b62534614c47aa8a13f33aec751a1e0', '87d5d4e55ab7149b593d29410f1fe426ba2447d4', '317f4eefecddfb1392ca71d551840f446feee302']",1.0,0.6666666666666666,0.8,False,0.1428571428571428,2048,True,3
"[""test"", ""fix"", ""feat""]","[""test"", ""fix"", ""feat""]",0.6279633045196533,"['229b53a632ea97d47c4be11f096bdd828fb415d8', 'c8e0ae8612df3d6f2831acc004aaac332f6105e4', 'f823cf28652987d43c8324b4f5b203240032383a']",1.0,1.0,1.0,True,0.0,2048,True,3
"[""refactor"", ""fix"", ""fix""]","[""feat"", ""fix"", ""docs""]",0.5618042945861816,"['dc5238b2bda98a7c4f2fe9584fc3b0191a408109', '06e2be4e2019b6fa714e1fcb34485860ef1ede79', 'af880ac5b4fecbc6c4f3d1eee0d95f326e8bd9d1']",0.5,0.3333333333333333,0.4,False,0.4285714285714285,2048,True,3
"[""ci"", ""test"", ""fix""]","[""ci"", ""docs"", ""test""]",0.6175551414489746,"['173553c0372e66e03bdab19e0e6c2dd44daa14a0', 'e12d9e77a6fd531a22325337838a841b1c67f00d', 'c7b25726df94a2530c9b1c0d2b6a0acaa103822f']",0.6666666666666666,0.6666666666666666,0.6666666666666666,False,0.2857142857142857,2048,True,3
"[""ci"", ""fix"", ""docs""]","[""ci"", ""fix"", ""docs""]",0.610374927520752,"['dbb537a26e388a8d7d17faf131abc30c2f7a84e6', '2561f4ade46fc9d59f289f328cc77733a6443697', 'e12d9e77a6fd531a22325337838a841b1c67f00d']",1.0,1.0,1.0,True,0.0,2048,True,3
"[""feat"", ""docs"", ""fix"", ""test""]","[""feat"", ""fix"", ""test""]",0.7882747650146484,"['f823cf28652987d43c8324b4f5b203240032383a', '9ef5c0d14193a9abb09b39856f58477d1f4b0d77', '229b53a632ea97d47c4be11f096bdd828fb415d8']",0.75,1.0,0.8571428571428571,False,0.1428571428571428,2048,True,3
"[""feat"", ""ci"", ""fix""]","[""docs"", ""ci"", ""feat""]",0.7093491554260254,"['6d405dfc1675dcad64a2dfac0c0cb0fb28381d21', '173553c0372e66e03bdab19e0e6c2dd44daa14a0', 'b282e90e2cbb74559aab79eee8443a4d7c85502a']",0.6666666666666666,0.6666666666666666,0.6666666666666666,False,0.2857142857142857,2048,True,3
"[""ci"", ""docs"", ""build""]","[""ci"", ""docs"", ""build""]",0.6153197288513184,"['c5fa7b80438fbd74f4c341f0d3c9bd9e0f4910da', '036a0ff49a7dade0e04c9c07071a1ff49133ee24', 'c44cf88a6ec54e5ddd99d8348bcc57b301ec7945']",1.0,1.0,1.0,True,0.0,2048,True,3
"[""ci"", ""fix"", ""build""]","[""ci"", ""feat"", ""build""]",0.7287256717681885,"['32845e1bbd1efb5dbc16f671049509a409ba25ce', 'b282e90e2cbb74559aab79eee8443a4d7c85502a', '37b1cbfd3d2c462ef4f2a131e4172c38dc8d9ddf']",0.6666666666666666,0.6666666666666666,0.6666666666666666,False,0.2857142857142857,2048,True,3
"[""test"", ""build"", ""fix"", ""feat""]","[""test"", ""build"", ""fix"", ""feat""]",0.751227855682373,"['e0198f74b81da3663144cfe1d971939319f82a0f', 'f00a4d3e307b89842250358ee432e6800bb24362', 'd129eaf9125a967ac86c6c7276bbae6b4d50af36', 'dc5238b2bda98a7c4f2fe9584fc3b0191a408109']",1.0,1.0,1.0,True,0.0,2048,True,4
"[""ci"", ""build"", ""test"", ""docs""]","[""ci"", ""build"", ""test"", ""docs""]",0.756066083908081,"['c5fa7b80438fbd74f4c341f0d3c9bd9e0f4910da', '1269431c8a3e7549f10fcbbb4b88ff625c8898b3', 'e2e8ad25854bd1e7cdbc7f50b50bbd99e04ad47d', '036a0ff49a7dade0e04c9c07071a1ff49133ee24']",1.0,1.0,1.0,True,0.0,2048,True,4
"[""refactor"", ""fix"", ""docs"", ""test""]","[""refactor"", ""feat"", ""docs"", ""test""]",0.8134675025939941,"['3cca5c314ad6feeffbfe1f14cf49ebd0fd9a95a2', 'dc5238b2bda98a7c4f2fe9584fc3b0191a408109', 'aca23027da1295c78fdf42ba9687d8ccc88784d7', '229b53a632ea97d47c4be11f096bdd828fb415d8']",0.75,0.75,0.75,False,0.2857142857142857,2048,True,4
"[""fix"", ""test"", ""build"", ""feat""]","[""fix"", ""test"", ""build"", ""refactor""]",0.7817208766937256,"['d1d55e787b7d07f763852602b9939a5394607fd9', 'bedc7950b24c37809e36a585b7985d5aa5e3e458', 'c55591ba157298a9c5816693c102a89dfd058830', '535708ae50aecb452560a23356fd396f99ef13a2']",0.75,0.75,0.75,False,0.2857142857142857,2048,True,4
"[""docs"", ""build"", ""build"", ""feat""]","[""docs"", ""build"", ""ci"", ""feat""]",0.8139290809631348,"['a52a585d74894b3b4eeb8c784fa089ff95cddad0', '1269431c8a3e7549f10fcbbb4b88ff625c8898b3', '45837af24a33308a70a3454f0f650f9fe728e272', 'e137f9fdbdb6bf3f85c3f7ac9323785e445844c8']",1.0,0.75,0.8571428571428571,False,0.1428571428571428,2048,True,4
"[""test"", ""fix"", ""feat"", ""ci""]","[""test"", ""fix"", ""refactor"", ""ci""]",0.8652260303497314,"['e9617f0854030e70365eb264bcb3b58078e79e9e', 'bed78248c941d57ad4cc20a455147e186e97c7a1', '535708ae50aecb452560a23356fd396f99ef13a2', 'c5fa7b80438fbd74f4c341f0d3c9bd9e0f4910da']",0.75,0.75,0.75,False,0.2857142857142857,2048,True,4
"[""ci""]","[""ci"", ""fix"", ""feat"", ""refactor""]",0.5186102390289307,"['e7a67d88173566be3cd3aed7e9eeb7e29aabbc57', 'bed78248c941d57ad4cc20a455147e186e97c7a1', 'f823cf28652987d43c8324b4f5b203240032383a', '2954a0955ce9af6acb345ed1e8328e145ad30475']",1.0,0.25,0.4,False,0.4285714285714285,2048,True,4
"[""docs"", ""ci"", ""test"", ""fix""]","[""docs"", ""ci"", ""test"", ""refactor""]",0.8376436233520508,"['aca23027da1295c78fdf42ba9687d8ccc88784d7', '74e9de5ec97dc013a52aa063dff0f40ac74c407b', '317f4eefecddfb1392ca71d551840f446feee302', '3cca5c314ad6feeffbfe1f14cf49ebd0fd9a95a2']",0.75,0.75,0.75,False,0.2857142857142857,2048,True,4
"[""docs"", ""feat"", ""build"", ""ci""]","[""fix"", ""feat"", ""build"", ""docs""]",0.7153162956237793,"['9be725fa3906323d4bc9788f54eccf74109d632b', 'e137f9fdbdb6bf3f85c3f7ac9323785e445844c8', 'c323d59c607cabc91f17a78528d998f376f30b10', '0cfc5633d37ea06f645649138323f1820e18bdee']",0.75,0.75,0.75,False,0.2857142857142857,2048,True,4
"[""docs"", ""fix"", ""test"", ""feat""]","[""docs"", ""feat"", ""test"", ""fix""]",0.7563974857330322,"['0cfc5633d37ea06f645649138323f1820e18bdee', '1bcf88670b50155b50071e707f98f30cea0b7a24', '229b53a632ea97d47c4be11f096bdd828fb415d8', '87d5d4e55ab7149b593d29410f1fe426ba2447d4']",1.0,1.0,1.0,True,0.0,2048,True,4
"[""build"", ""docs"", ""refactor"", ""test"", ""ci""]","[""build"", ""refactor"", ""test"", ""ci""]",0.8741335868835449,"['c55591ba157298a9c5816693c102a89dfd058830', '062daa45cbd5dba6e96e95d8cdcaee89ae30a83c', 'c7b25726df94a2530c9b1c0d2b6a0acaa103822f', 'dbb537a26e388a8d7d17faf131abc30c2f7a84e6']",0.8,1.0,0.888888888888889,False,0.1428571428571428,2048,True,4
"[""fix"", ""test"", ""refactor""]","[""feat"", ""fix"", ""test"", ""refactor""]",0.6056489944458008,"['dc5238b2bda98a7c4f2fe9584fc3b0191a408109', 'c8e0ae8612df3d6f2831acc004aaac332f6105e4', 'f411e58cd510f8a2b980b2f1932003a0c0e9f8f3', '47ef9104e4a89e80d7cc6c1950bc080841da4a7b']",1.0,0.75,0.8571428571428571,False,0.1428571428571428,2048,True,4
"[""fix"", ""docs"", ""test"", ""ci""]","[""refactor"", ""docs"", ""test"", ""ci""]",0.8262476921081543,"['63eab619e6166eb6cab948028a7b89bf059dd878', 'aca23027da1295c78fdf42ba9687d8ccc88784d7', 'f411e58cd510f8a2b980b2f1932003a0c0e9f8f3', 'e7a67d88173566be3cd3aed7e9eeb7e29aabbc57']",0.75,0.75,0.75,False,0.2857142857142857,2048,True,4
"[""docs"", ""refactor"", ""fix"", ""docs""]","[""docs"", ""refactor"", ""test"", ""fix""]",0.8350954055786133,"['aca23027da1295c78fdf42ba9687d8ccc88784d7', '062daa45cbd5dba6e96e95d8cdcaee89ae30a83c', 'b7ce2894fd1794064bd6db4ed730bb6cb7728739', '06e2be4e2019b6fa714e1fcb34485860ef1ede79']",1.0,0.75,0.8571428571428571,False,0.1428571428571428,2048,True,4
"[""test"", ""docs"", ""build""]","[""test"", ""docs"", ""build"", ""ci""]",0.7130730152130127,"['317f4eefecddfb1392ca71d551840f446feee302', 'aca23027da1295c78fdf42ba9687d8ccc88784d7', 'f00a4d3e307b89842250358ee432e6800bb24362', '32845e1bbd1efb5dbc16f671049509a409ba25ce']",1.0,0.75,0.8571428571428571,False,0.1428571428571428,2048,True,4
"[""fix"", ""refactor"", ""docs"", ""test""]","[""fix"", ""refactor"", ""docs"", ""test""]",0.7814207077026367,"['933ab6bb86372913c992567cf9660009900911a7', '3cca5c314ad6feeffbfe1f14cf49ebd0fd9a95a2', 'a52a585d74894b3b4eeb8c784fa089ff95cddad0', '229b53a632ea97d47c4be11f096bdd828fb415d8']",1.0,1.0,1.0,True,0.0,2048,True,4
"[""test"", ""build"", ""docs"", ""build""]","[""refactor"", ""ci"", ""docs"", ""build""]",0.7520852088928223,"['63eab619e6166eb6cab948028a7b89bf059dd878', '6c9cb638cb4d1ecc42632fcf389c24898c5b3244', 'a52a585d74894b3b4eeb8c784fa089ff95cddad0', 'c55591ba157298a9c5816693c102a89dfd058830']",0.6666666666666666,0.5,0.5714285714285715,False,0.4285714285714285,2048,True,4
"[""ci"", ""build"", ""test"", ""feat""]","[""ci"", ""build"", ""test"", ""fix""]",0.8026652336120605,"['173553c0372e66e03bdab19e0e6c2dd44daa14a0', 'c55591ba157298a9c5816693c102a89dfd058830', '8ee0611fbf0cd89abe7ae588f22e6ecb843598ea', '87d5d4e55ab7149b593d29410f1fe426ba2447d4']",0.75,0.75,0.75,False,0.2857142857142857,2048,True,4
"[""ci"", ""build"", ""feat"", ""fix""]","[""ci"", ""build"", ""feat"", ""fix""]",0.7575600147247314,"['32845e1bbd1efb5dbc16f671049509a409ba25ce', '32b92cfa0b74a6c25990e32ac6aab12b8496794c', 'fd8e563cc19ca4684885d4692acee6bebcca4ada', '933ab6bb86372913c992567cf9660009900911a7']",1.0,1.0,1.0,True,0.0,2048,True,4
"[""test"", ""build"", ""fix"", ""refactor""]","[""test"", ""build"", ""fix"", ""feat""]",0.8552937507629395,"['317f4eefecddfb1392ca71d551840f446feee302', '454003841aabeb74396d73541378bfa59c75b5db', '933ab6bb86372913c992567cf9660009900911a7', '6ed56ce9ae743ba9a87e6c9643cc06b1de7b748d']",0.75,0.75,0.75,False,0.2857142857142857,2048,True,4
"[""fix"", ""docs"", ""test"", ""refactor""]","[""fix"", ""docs"", ""test"", ""refactor""]",0.7850050926208496,"['d1d55e787b7d07f763852602b9939a5394607fd9', '6d405dfc1675dcad64a2dfac0c0cb0fb28381d21', 'e0198f74b81da3663144cfe1d971939319f82a0f', '36556bf8e0bce4ab6d26eafacbdad04d9614a5d7']",1.0,1.0,1.0,True,0.0,2048,True,4
"[""ci"", ""docs"", ""build"", ""feat""]","[""ci"", ""docs"", ""build"", ""feat""]",0.7932398319244385,"['e7a67d88173566be3cd3aed7e9eeb7e29aabbc57', '6d405dfc1675dcad64a2dfac0c0cb0fb28381d21', 'c44cf88a6ec54e5ddd99d8348bcc57b301ec7945', 'f9a094918b62534614c47aa8a13f33aec751a1e0']",1.0,1.0,1.0,True,0.0,2048,True,4
"[""test"", ""feat""]","[""fix"", ""test"", ""feat"", ""docs""]",0.6588749885559082,"['2561f4ade46fc9d59f289f328cc77733a6443697', 'e0198f74b81da3663144cfe1d971939319f82a0f', '1bcf88670b50155b50071e707f98f30cea0b7a24', '6d405dfc1675dcad64a2dfac0c0cb0fb28381d21']",1.0,0.5,0.6666666666666666,False,0.2857142857142857,2048,True,4
"[""ci"", ""fix"", ""test"", ""docs""]","[""ci"", ""fix"", ""test"", ""docs""]",0.7167336940765381,"['4cbbd2552ba0de273e1dfe7d453c5b3efed751a3', '933ab6bb86372913c992567cf9660009900911a7', 'b7ce2894fd1794064bd6db4ed730bb6cb7728739', 'af880ac5b4fecbc6c4f3d1eee0d95f326e8bd9d1']",1.0,1.0,1.0,True,0.0,2048,True,4
"[""feat"", ""build"", ""refactor"", ""fix""]","[""feat"", ""ci"", ""refactor"", ""fix""]",0.8538167476654053,"['f823cf28652987d43c8324b4f5b203240032383a', '45837af24a33308a70a3454f0f650f9fe728e272', '36556bf8e0bce4ab6d26eafacbdad04d9614a5d7', 'bed78248c941d57ad4cc20a455147e186e97c7a1']",0.75,0.75,0.75,False,0.2857142857142857,2048,True,4
"[""fix"", ""test"", ""docs"", ""build""]","[""refactor"", ""feat"", ""docs"", ""build""]",0.7917320728302002,"['63eab619e6166eb6cab948028a7b89bf059dd878', 'e137f9fdbdb6bf3f85c3f7ac9323785e445844c8', 'a52a585d74894b3b4eeb8c784fa089ff95cddad0', 'f00a4d3e307b89842250358ee432e6800bb24362']",0.5,0.5,0.5,False,0.5714285714285714,2048,True,4
"[""build"", ""test"", ""fix"", ""feat""]","[""build"", ""test"", ""ci"", ""refactor""]",0.8666059970855713,"['1269431c8a3e7549f10fcbbb4b88ff625c8898b3', '8ee0611fbf0cd89abe7ae588f22e6ecb843598ea', '45837af24a33308a70a3454f0f650f9fe728e272', '63eab619e6166eb6cab948028a7b89bf059dd878']",0.5,0.5,0.5,False,0.5714285714285714,2048,True,4
"[""build"", ""docs"", ""fix"", ""test""]","[""build"", ""docs"", ""feat"", ""fix""]",0.8676748275756836,"['37b1cbfd3d2c462ef4f2a131e4172c38dc8d9ddf', '6d405dfc1675dcad64a2dfac0c0cb0fb28381d21', 'b282e90e2cbb74559aab79eee8443a4d7c85502a', '2561f4ade46fc9d59f289f328cc77733a6443697']",0.75,0.75,0.75,False,0.2857142857142857,2048,True,4
"[""build"", ""docs"", ""test"", ""ci"", ""refactor""]","[""build"", ""test"", ""ci"", ""feat""]",0.977370023727417,"['c55591ba157298a9c5816693c102a89dfd058830', '317f4eefecddfb1392ca71d551840f446feee302', 'c5fa7b80438fbd74f4c341f0d3c9bd9e0f4910da', '6ed56ce9ae743ba9a87e6c9643cc06b1de7b748d']",0.6,0.75,0.6666666666666665,False,0.4285714285714285,2048,True,4
"[""fix"", ""build"", ""docs"", ""refactor""]","[""fix"", ""build"", ""docs"", ""refactor""]",0.771791934967041,"['933ab6bb86372913c992567cf9660009900911a7', '5b81fde8a72cf2e69a10e9f5c4f0bea0a2b8c3e0', 'c2ee5cd5e709afd15c5565ee009a0d204403a119', '3cca5c314ad6feeffbfe1f14cf49ebd0fd9a95a2']",1.0,1.0,1.0,True,0.0,2048,True,4
"[""fix"", ""feat"", ""docs"", ""ci""]","[""fix"", ""feat"", ""docs"", ""ci""]",0.7092225551605225,"['933ab6bb86372913c992567cf9660009900911a7', 'dc5238b2bda98a7c4f2fe9584fc3b0191a408109', '036a0ff49a7dade0e04c9c07071a1ff49133ee24', 'e7a67d88173566be3cd3aed7e9eeb7e29aabbc57']",1.0,1.0,1.0,True,0.0,2048,True,4
"[""docs"", ""fix"", ""feat"", ""refactor""]","[""docs"", ""fix"", ""feat"", ""refactor""]",0.6981673240661621,"['af880ac5b4fecbc6c4f3d1eee0d95f326e8bd9d1', 'c8e0ae8612df3d6f2831acc004aaac332f6105e4', 'f9a094918b62534614c47aa8a13f33aec751a1e0', '47ef9104e4a89e80d7cc6c1950bc080841da4a7b']",1.0,1.0,1.0,True,0.0,2048,True,4
"[""fix"", ""docs"", ""test"", ""feat""]","[""fix"", ""build"", ""feat"", ""ci""]",0.8141803741455078,"['d129eaf9125a967ac86c6c7276bbae6b4d50af36', '1269431c8a3e7549f10fcbbb4b88ff625c8898b3', 'e137f9fdbdb6bf3f85c3f7ac9323785e445844c8', '173553c0372e66e03bdab19e0e6c2dd44daa14a0']",0.5,0.5,0.5,False,0.5714285714285714,2048,True,4
"[""test"", ""refactor"", ""fix"", ""build""]","[""feat"", ""refactor"", ""test"", ""build""]",0.7890841960906982,"['dc5238b2bda98a7c4f2fe9584fc3b0191a408109', '771857b1df9470ebc15357e8879118a72c649d5b', 'b7ce2894fd1794064bd6db4ed730bb6cb7728739', 'c323d59c607cabc91f17a78528d998f376f30b10']",0.75,0.75,0.75,False,0.2857142857142857,2048,True,4
"[""build"", ""test"", ""ci"", ""fix""]","[""build"", ""test"", ""ci"", ""fix""]",0.7583091259002686,"['5b81fde8a72cf2e69a10e9f5c4f0bea0a2b8c3e0', 'b7ce2894fd1794064bd6db4ed730bb6cb7728739', '74e9de5ec97dc013a52aa063dff0f40ac74c407b', 'd129eaf9125a967ac86c6c7276bbae6b4d50af36']",1.0,1.0,1.0,True,0.0,2048,True,4
"[""docs"", ""feat"", ""build"", ""ci""]","[""docs"", ""feat"", ""build"", ""ci""]",0.780052661895752,"['af880ac5b4fecbc6c4f3d1eee0d95f326e8bd9d1', 'ded26d768ff432ad3bde3c0aa1e95ce50726100a', '454003841aabeb74396d73541378bfa59c75b5db', '4cbbd2552ba0de273e1dfe7d453c5b3efed751a3']",1.0,1.0,1.0,True,0.0,2048,True,4
"[""docs"", ""feat"", ""ci"", ""build""]","[""docs"", ""refactor"", ""ci"", ""build""]",0.7623136043548584,"['036a0ff49a7dade0e04c9c07071a1ff49133ee24', '535708ae50aecb452560a23356fd396f99ef13a2', 'e7a67d88173566be3cd3aed7e9eeb7e29aabbc57', 'c55591ba157298a9c5816693c102a89dfd058830']",0.75,0.75,0.75,False,0.2857142857142857,2048,True,4
"[""build"", ""ci"", ""fix"", ""docs""]","[""refactor"", ""ci"", ""fix"", ""docs""]",0.7181382179260254,"['2954a0955ce9af6acb345ed1e8328e145ad30475', '6c9cb638cb4d1ecc42632fcf389c24898c5b3244', 'd1d55e787b7d07f763852602b9939a5394607fd9', '6d405dfc1675dcad64a2dfac0c0cb0fb28381d21']",0.75,0.75,0.75,False,0.2857142857142857,2048,True,4
"[""test"", ""ci"", ""docs"", ""feat""]","[""test"", ""ci"", ""docs"", ""feat""]",0.7493813037872314,"['229b53a632ea97d47c4be11f096bdd828fb415d8', '4cbbd2552ba0de273e1dfe7d453c5b3efed751a3', 'bf83c9155e9bee6925aa7102fab53fb803d52533', 'ded26d768ff432ad3bde3c0aa1e95ce50726100a']",1.0,1.0,1.0,True,0.0,2048,True,4
"[""refactor"", ""feat"", ""test"", ""fix""]","[""refactor"", ""fix"", ""test"", ""feat""]",0.8273811340332031,"['47ef9104e4a89e80d7cc6c1950bc080841da4a7b', '9ef5c0d14193a9abb09b39856f58477d1f4b0d77', 'b7ce2894fd1794064bd6db4ed730bb6cb7728739', '1bcf88670b50155b50071e707f98f30cea0b7a24']",1.0,1.0,1.0,True,0.0,2048,True,4
"[""build"", ""feat"", ""build"", ""refactor""]","[""docs"", ""feat"", ""ci"", ""refactor""]",0.8401639461517334,"['e12d9e77a6fd531a22325337838a841b1c67f00d', 'fd8e563cc19ca4684885d4692acee6bebcca4ada', '173553c0372e66e03bdab19e0e6c2dd44daa14a0', '535708ae50aecb452560a23356fd396f99ef13a2']",0.6666666666666666,0.5,0.5714285714285715,False,0.4285714285714285,2048,True,4
"[""refactor"", ""fix"", ""docs"", ""ci""]","[""refactor"", ""feat"", ""docs"", ""ci""]",0.8532168865203857,"['1db13ec43727aca872a0f3836e4023ed85db665e', 'b282e90e2cbb74559aab79eee8443a4d7c85502a', 'e12d9e77a6fd531a22325337838a841b1c67f00d', '74e9de5ec97dc013a52aa063dff0f40ac74c407b']",0.75,0.75,0.75,False,0.2857142857142857,2048,True,4
"[""docs"", ""refactor"", ""fix"", ""test""]","[""docs"", ""ci"", ""refactor"", ""test""]",0.835674524307251,"['aca23027da1295c78fdf42ba9687d8ccc88784d7', '74e9de5ec97dc013a52aa063dff0f40ac74c407b', '2954a0955ce9af6acb345ed1e8328e145ad30475', 'f411e58cd510f8a2b980b2f1932003a0c0e9f8f3']",0.75,0.75,0.75,False,0.2857142857142857,2048,True,4
"[""test"", ""fix""]","[""test"", ""docs"", ""ci"", ""fix""]",0.4986872673034668,"['b7ce2894fd1794064bd6db4ed730bb6cb7728739', 'af880ac5b4fecbc6c4f3d1eee0d95f326e8bd9d1', '6c9cb638cb4d1ecc42632fcf389c24898c5b3244', 'd129eaf9125a967ac86c6c7276bbae6b4d50af36']",1.0,0.5,0.6666666666666666,False,0.2857142857142857,2048,True,4
"[""ci"", ""refactor"", ""test"", ""docs""]","[""ci"", ""refactor"", ""test"", ""docs""]",0.840839147567749,"['e7a67d88173566be3cd3aed7e9eeb7e29aabbc57', '36556bf8e0bce4ab6d26eafacbdad04d9614a5d7', '8ee0611fbf0cd89abe7ae588f22e6ecb843598ea', 'c2ee5cd5e709afd15c5565ee009a0d204403a119']",1.0,1.0,1.0,True,0.0,2048,True,4
"[""docs"", ""feat"", ""test"", ""build""]","[""docs"", ""feat"", ""test"", ""build""]",0.8270092010498047,"['0cfc5633d37ea06f645649138323f1820e18bdee', 'fd8e563cc19ca4684885d4692acee6bebcca4ada', 'e9617f0854030e70365eb264bcb3b58078e79e9e', '1269431c8a3e7549f10fcbbb4b88ff625c8898b3']",1.0,1.0,1.0,True,0.0,2048,True,4
"[""refactor"", ""fix"", ""test"", ""docs""]","[""refactor"", ""feat"", ""test"", ""fix""]",0.836540699005127,"['47ef9104e4a89e80d7cc6c1950bc080841da4a7b', 'b282e90e2cbb74559aab79eee8443a4d7c85502a', 'e0198f74b81da3663144cfe1d971939319f82a0f', 'bed78248c941d57ad4cc20a455147e186e97c7a1']",0.75,0.75,0.75,False,0.2857142857142857,2048,True,4
"[""build"", ""ci"", ""fix"", ""feat""]","[""build"", ""ci"", ""fix"", ""refactor""]",0.8341774940490723,"['454003841aabeb74396d73541378bfa59c75b5db', '173553c0372e66e03bdab19e0e6c2dd44daa14a0', 'd129eaf9125a967ac86c6c7276bbae6b4d50af36', '63eab619e6166eb6cab948028a7b89bf059dd878']",0.75,0.75,0.75,False,0.2857142857142857,2048,True,4
"[""test"", ""fix"", ""docs"", ""refactor""]","[""test"", ""refactor"", ""docs"", ""feat""]",0.8635916709899902,"['e9617f0854030e70365eb264bcb3b58078e79e9e', '2954a0955ce9af6acb345ed1e8328e145ad30475', 'c2ee5cd5e709afd15c5565ee009a0d204403a119', '6ed56ce9ae743ba9a87e6c9643cc06b1de7b748d']",0.75,0.75,0.75,False,0.2857142857142857,2048,True,4
"[""build"", ""docs"", ""fix"", ""ci""]","[""build"", ""refactor"", ""fix"", ""ci""]",0.731621503829956,"['454003841aabeb74396d73541378bfa59c75b5db', 'a62314d9bb632be6af026686615d14b912250512', '06e2be4e2019b6fa714e1fcb34485860ef1ede79', '4cbbd2552ba0de273e1dfe7d453c5b3efed751a3']",0.75,0.75,0.75,False,0.2857142857142857,2048,True,4
"[""fix"", ""test"", ""feat"", ""build""]","[""feat"", ""test"", ""refactor"", ""ci""]",0.7604997158050537,"['b282e90e2cbb74559aab79eee8443a4d7c85502a', 'e2e8ad25854bd1e7cdbc7f50b50bbd99e04ad47d', '63eab619e6166eb6cab948028a7b89bf059dd878', '6c9cb638cb4d1ecc42632fcf389c24898c5b3244']",0.5,0.5,0.5,False,0.5714285714285714,2048,True,4
"[""docs"", ""fix"", ""test"", ""refactor""]","[""docs"", ""fix"", ""test"", ""refactor""]",0.7565906047821045,"['0cfc5633d37ea06f645649138323f1820e18bdee', 'd1d55e787b7d07f763852602b9939a5394607fd9', 'e2e8ad25854bd1e7cdbc7f50b50bbd99e04ad47d', '062daa45cbd5dba6e96e95d8cdcaee89ae30a83c']",1.0,1.0,1.0,True,0.0,2048,True,4
"[""build"", ""docs""]","[""refactor"", ""fix"", ""docs"", ""ci""]",0.5471136569976807,"['47ef9104e4a89e80d7cc6c1950bc080841da4a7b', 'd129eaf9125a967ac86c6c7276bbae6b4d50af36', '0cfc5633d37ea06f645649138323f1820e18bdee', '45837af24a33308a70a3454f0f650f9fe728e272']",0.5,0.25,0.3333333333333333,False,0.5714285714285714,2048,True,4
"[""fix"", ""build"", ""build"", ""feat"", ""test""]","[""fix"", ""build"", ""ci"", ""test""]",0.9757709503173828,"['bed78248c941d57ad4cc20a455147e186e97c7a1', '1269431c8a3e7549f10fcbbb4b88ff625c8898b3', '45837af24a33308a70a3454f0f650f9fe728e272', '8ee0611fbf0cd89abe7ae588f22e6ecb843598ea']",0.75,0.75,0.75,False,0.2857142857142857,2048,True,4
"[""build"", ""fix"", ""build"", ""docs""]","[""build"", ""fix"", ""ci"", ""docs""]",0.8617415428161621,"['454003841aabeb74396d73541378bfa59c75b5db', 'bed78248c941d57ad4cc20a455147e186e97c7a1', '45837af24a33308a70a3454f0f650f9fe728e272', 'c2ee5cd5e709afd15c5565ee009a0d204403a119']",1.0,0.75,0.8571428571428571,False,0.1428571428571428,2048,True,4
"[""ci""]","[""ci"", ""refactor"", ""fix"", ""docs""]",0.4243900775909424,"['dbb537a26e388a8d7d17faf131abc30c2f7a84e6', '3cca5c314ad6feeffbfe1f14cf49ebd0fd9a95a2', 'd1d55e787b7d07f763852602b9939a5394607fd9', '6d405dfc1675dcad64a2dfac0c0cb0fb28381d21']",1.0,0.25,0.4,False,0.4285714285714285,2048,True,4
"[""fix"", ""ci"", ""docs"", ""test"", ""refactor""]","[""fix"", ""ci"", ""docs"", ""refactor""]",0.8985540866851807,"['2561f4ade46fc9d59f289f328cc77733a6443697', '6c9cb638cb4d1ecc42632fcf389c24898c5b3244', 'bf83c9155e9bee6925aa7102fab53fb803d52533', '771857b1df9470ebc15357e8879118a72c649d5b']",0.8,1.0,0.888888888888889,False,0.1428571428571428,2048,True,4
"[""fix"", ""feat"", ""build"", ""docs""]","[""fix"", ""feat"", ""build"", ""docs""]",0.7562987804412842,"['06e2be4e2019b6fa714e1fcb34485860ef1ede79', 'fd8e563cc19ca4684885d4692acee6bebcca4ada', '32b92cfa0b74a6c25990e32ac6aab12b8496794c', '6d405dfc1675dcad64a2dfac0c0cb0fb28381d21']",1.0,1.0,1.0,True,0.0,2048,True,4
"[""build"", ""docs"", ""fix"", ""feat""]","[""build"", ""ci"", ""test"", ""feat""]",0.7870514392852783,"['c55591ba157298a9c5816693c102a89dfd058830', '45837af24a33308a70a3454f0f650f9fe728e272', 'b7ce2894fd1794064bd6db4ed730bb6cb7728739', 'dc5238b2bda98a7c4f2fe9584fc3b0191a408109']",0.5,0.5,0.5,False,0.5714285714285714,2048,True,4
"[""ci"", ""docs"", ""feat"", ""test""]","[""ci"", ""docs"", ""feat"", ""test""]",0.8028733730316162,"['173553c0372e66e03bdab19e0e6c2dd44daa14a0', 'e12d9e77a6fd531a22325337838a841b1c67f00d', 'f823cf28652987d43c8324b4f5b203240032383a', '229b53a632ea97d47c4be11f096bdd828fb415d8']",1.0,1.0,1.0,True,0.0,2048,True,4
"[""refactor"", ""docs"", ""ci"", ""build""]","[""refactor"", ""docs"", ""ci"", ""test""]",0.7509379386901855,"['36556bf8e0bce4ab6d26eafacbdad04d9614a5d7', 'aca23027da1295c78fdf42ba9687d8ccc88784d7', 'dbb537a26e388a8d7d17faf131abc30c2f7a84e6', '229b53a632ea97d47c4be11f096bdd828fb415d8']",0.75,0.75,0.75,False,0.2857142857142857,2048,True,4
"[""docs"", ""refactor"", ""test"", ""fix""]","[""docs"", ""refactor"", ""test"", ""fix""]",0.790799617767334,"['0cfc5633d37ea06f645649138323f1820e18bdee', '1db13ec43727aca872a0f3836e4023ed85db665e', '229b53a632ea97d47c4be11f096bdd828fb415d8', '9be725fa3906323d4bc9788f54eccf74109d632b']",1.0,1.0,1.0,True,0.0,2048,True,4
"[""ci"", ""docs"", ""refactor"", ""test""]","[""ci"", ""docs"", ""refactor"", ""test""]",0.8605644702911377,"['c5fa7b80438fbd74f4c341f0d3c9bd9e0f4910da', 'bf83c9155e9bee6925aa7102fab53fb803d52533', '062daa45cbd5dba6e96e95d8cdcaee89ae30a83c', 'bedc7950b24c37809e36a585b7985d5aa5e3e458']",1.0,1.0,1.0,True,0.0,2048,True,4
"[""docs"", ""fix"", ""build"", ""feat""]","[""fix"", ""docs"", ""ci"", ""feat""]",0.7575538158416748,"['9be725fa3906323d4bc9788f54eccf74109d632b', '036a0ff49a7dade0e04c9c07071a1ff49133ee24', '45837af24a33308a70a3454f0f650f9fe728e272', 'f823cf28652987d43c8324b4f5b203240032383a']",0.75,0.75,0.75,False,0.2857142857142857,2048,True,4
"[""docs"", ""test"", ""build"", ""feat""]","[""docs"", ""test"", ""build"", ""feat""]",0.7960226535797119,"['bf83c9155e9bee6925aa7102fab53fb803d52533', 'e0198f74b81da3663144cfe1d971939319f82a0f', 'f00a4d3e307b89842250358ee432e6800bb24362', 'ded26d768ff432ad3bde3c0aa1e95ce50726100a']",1.0,1.0,1.0,True,0.0,2048,True,4
"[""docs"", ""refactor"", ""fix"", ""fix""]","[""docs"", ""refactor"", ""test"", ""fix""]",0.8559973239898682,"['aca23027da1295c78fdf42ba9687d8ccc88784d7', '1db13ec43727aca872a0f3836e4023ed85db665e', 'f411e58cd510f8a2b980b2f1932003a0c0e9f8f3', '2561f4ade46fc9d59f289f328cc77733a6443697']",1.0,0.75,0.8571428571428571,False,0.1428571428571428,2048,True,4
"[""test"", ""docs"", ""docs"", ""build""]","[""test"", ""feat"", ""docs"", ""ci""]",0.8025491237640381,"['e0198f74b81da3663144cfe1d971939319f82a0f', 'f823cf28652987d43c8324b4f5b203240032383a', 'aca23027da1295c78fdf42ba9687d8ccc88784d7', 'e96487ad7ce90b141219d9032fa2bed68d5dae6a']",0.6666666666666666,0.5,0.5714285714285715,False,0.4285714285714285,2048,True,4
"[""fix"", ""build"", ""test"", ""docs""]","[""refactor"", ""build"", ""feat"", ""docs""]",0.7649576663970947,"['63eab619e6166eb6cab948028a7b89bf059dd878', '32b92cfa0b74a6c25990e32ac6aab12b8496794c', 'fd8e563cc19ca4684885d4692acee6bebcca4ada', 'a52a585d74894b3b4eeb8c784fa089ff95cddad0']",0.5,0.5,0.5,False,0.5714285714285714,2048,True,4
"[""build"", ""fix"", ""test"", ""feat""]","[""build"", ""fix"", ""test"", ""feat""]",0.7833831310272217,"['37b1cbfd3d2c462ef4f2a131e4172c38dc8d9ddf', 'c8e0ae8612df3d6f2831acc004aaac332f6105e4', 'c7b25726df94a2530c9b1c0d2b6a0acaa103822f', '1bcf88670b50155b50071e707f98f30cea0b7a24']",1.0,1.0,1.0,True,0.0,2048,True,4
"[""refactor"", ""ci"", ""feat"", ""build""]","[""refactor"", ""ci"", ""docs"", ""build""]",0.8332986831665039,"['771857b1df9470ebc15357e8879118a72c649d5b', '6c9cb638cb4d1ecc42632fcf389c24898c5b3244', '6d405dfc1675dcad64a2dfac0c0cb0fb28381d21', '454003841aabeb74396d73541378bfa59c75b5db']",0.75,0.75,0.75,False,0.2857142857142857,2048,True,4
"[""docs"", ""fix"", ""feat"", ""build"", ""test""]","[""fix"", ""docs"", ""refactor"", ""ci"", ""test""]",0.861077070236206,"['9be725fa3906323d4bc9788f54eccf74109d632b', 'bf83c9155e9bee6925aa7102fab53fb803d52533', '535708ae50aecb452560a23356fd396f99ef13a2', '4cbbd2552ba0de273e1dfe7d453c5b3efed751a3', 'bedc7950b24c37809e36a585b7985d5aa5e3e458']",0.6,0.6,0.6,False,0.5714285714285714,2048,True,5
"[""test"", ""refactor"", ""fix"", ""build"", ""feat""]","[""test"", ""docs"", ""refactor"", ""build"", ""feat""]",0.9636833667755128,"['229b53a632ea97d47c4be11f096bdd828fb415d8', 'bf83c9155e9bee6925aa7102fab53fb803d52533', '062daa45cbd5dba6e96e95d8cdcaee89ae30a83c', 'e4a11fd5c34942ba12737f1c8c084489428ee274', 'fd8e563cc19ca4684885d4692acee6bebcca4ada']",0.8,0.8,0.8000000000000002,False,0.2857142857142857,2048,True,5
"[""test"", ""ci"", ""fix"", ""build""]","[""test"", ""ci"", ""fix"", ""build"", ""refactor""]",0.8913331031799316,"['317f4eefecddfb1392ca71d551840f446feee302', 'e7a67d88173566be3cd3aed7e9eeb7e29aabbc57', 'd1d55e787b7d07f763852602b9939a5394607fd9', 'f00a4d3e307b89842250358ee432e6800bb24362', '771857b1df9470ebc15357e8879118a72c649d5b']",1.0,0.8,0.888888888888889,False,0.1428571428571428,2048,True,5
"[""ci"", ""fix"", ""docs"", ""build"", ""test"", ""feat""]","[""ci"", ""refactor"", ""build"", ""test"", ""fix""]",0.9992835521697998,"['e7a67d88173566be3cd3aed7e9eeb7e29aabbc57', '47ef9104e4a89e80d7cc6c1950bc080841da4a7b', '5b81fde8a72cf2e69a10e9f5c4f0bea0a2b8c3e0', 'bedc7950b24c37809e36a585b7985d5aa5e3e458', '9ef5c0d14193a9abb09b39856f58477d1f4b0d77']",0.6666666666666666,0.8,0.7272727272727272,False,0.4285714285714285,2048,True,5
"[""docs"", ""refactor"", ""test"", ""fix""]","[""build"", ""fix"", ""feat"", ""refactor"", ""docs""]",0.8585715293884277,"['e4a11fd5c34942ba12737f1c8c084489428ee274', '9ef5c0d14193a9abb09b39856f58477d1f4b0d77', 'dc5238b2bda98a7c4f2fe9584fc3b0191a408109', '771857b1df9470ebc15357e8879118a72c649d5b', 'c2ee5cd5e709afd15c5565ee009a0d204403a119']",0.75,0.6,0.6666666666666665,False,0.4285714285714285,2048,True,5
"[""docs"", ""test"", ""build"", ""fix"", ""feat""]","[""docs"", ""test"", ""build"", ""fix"", ""feat""]",0.9033081531524658,"['bf83c9155e9bee6925aa7102fab53fb803d52533', '229b53a632ea97d47c4be11f096bdd828fb415d8', 'c55591ba157298a9c5816693c102a89dfd058830', '06e2be4e2019b6fa714e1fcb34485860ef1ede79', 'f823cf28652987d43c8324b4f5b203240032383a']",1.0,1.0,1.0,True,0.0,2048,True,5
"[""ci"", ""build"", ""fix"", ""test"", ""feat"", ""refactor""]","[""ci"", ""build"", ""fix"", ""test"", ""feat""]",1.0842509269714355,"['e7a67d88173566be3cd3aed7e9eeb7e29aabbc57', 'c55591ba157298a9c5816693c102a89dfd058830', 'd129eaf9125a967ac86c6c7276bbae6b4d50af36', '229b53a632ea97d47c4be11f096bdd828fb415d8', '1bcf88670b50155b50071e707f98f30cea0b7a24']",0.8333333333333334,1.0,0.9090909090909092,False,0.1428571428571428,2048,True,5
"[""fix"", ""test"", ""ci"", ""docs""]","[""fix"", ""test"", ""build"", ""ci"", ""refactor""]",0.804861307144165,"['2561f4ade46fc9d59f289f328cc77733a6443697', 'b7ce2894fd1794064bd6db4ed730bb6cb7728739', '1269431c8a3e7549f10fcbbb4b88ff625c8898b3', 'e96487ad7ce90b141219d9032fa2bed68d5dae6a', '36556bf8e0bce4ab6d26eafacbdad04d9614a5d7']",0.75,0.6,0.6666666666666665,False,0.4285714285714285,2048,True,5
"[""docs"", ""ci"", ""feat"", ""test"", ""refactor""]","[""docs"", ""ci"", ""refactor"", ""test"", ""fix""]",0.921226978302002,"['bf83c9155e9bee6925aa7102fab53fb803d52533', 'e7a67d88173566be3cd3aed7e9eeb7e29aabbc57', '535708ae50aecb452560a23356fd396f99ef13a2', 'c7b25726df94a2530c9b1c0d2b6a0acaa103822f', '06e2be4e2019b6fa714e1fcb34485860ef1ede79']",0.8,0.8,0.8000000000000002,False,0.2857142857142857,2048,True,5
"[""refactor"", ""docs"", ""build"", ""feat"", ""feat""]","[""refactor"", ""docs"", ""build"", ""feat"", ""fix""]",1.0280745029449463,"['36556bf8e0bce4ab6d26eafacbdad04d9614a5d7', 'c2ee5cd5e709afd15c5565ee009a0d204403a119', 'c55591ba157298a9c5816693c102a89dfd058830', '68278b00450f2679761a2999500f6d87a579376b', '9ef5c0d14193a9abb09b39856f58477d1f4b0d77']",1.0,0.8,0.888888888888889,False,0.1428571428571428,2048,True,5
"[""feat"", ""build"", ""fix"", ""build"", ""test""]","[""feat"", ""build"", ""fix"", ""ci"", ""test""]",1.0689318180084229,"['ded26d768ff432ad3bde3c0aa1e95ce50726100a', 'c323d59c607cabc91f17a78528d998f376f30b10', '2561f4ade46fc9d59f289f328cc77733a6443697', '45837af24a33308a70a3454f0f650f9fe728e272', 'e0198f74b81da3663144cfe1d971939319f82a0f']",1.0,0.8,0.888888888888889,False,0.1428571428571428,2048,True,5
"[""ci"", ""docs"", ""test"", ""fix"", ""feat""]","[""ci"", ""refactor"", ""test"", ""feat"", ""fix""]",0.872610330581665,"['e96487ad7ce90b141219d9032fa2bed68d5dae6a', 'a62314d9bb632be6af026686615d14b912250512', 'c7b25726df94a2530c9b1c0d2b6a0acaa103822f', '6ed56ce9ae743ba9a87e6c9643cc06b1de7b748d', '9ef5c0d14193a9abb09b39856f58477d1f4b0d77']",0.8,0.8,0.8000000000000002,False,0.2857142857142857,2048,True,5
"[""build"", ""build"", ""fix"", ""docs"", ""fix""]","[""build"", ""refactor"", ""ci"", ""docs"", ""fix""]",0.8980627059936523,"['c55591ba157298a9c5816693c102a89dfd058830', '63eab619e6166eb6cab948028a7b89bf059dd878', 'c5fa7b80438fbd74f4c341f0d3c9bd9e0f4910da', '036a0ff49a7dade0e04c9c07071a1ff49133ee24', '9be725fa3906323d4bc9788f54eccf74109d632b']",1.0,0.6,0.7499999999999999,False,0.2857142857142857,2048,True,5
"[""docs"", ""build"", ""feat"", ""build"", ""feat""]","[""docs"", ""ci"", ""refactor"", ""build"", ""feat""]",0.9349372386932372,"['bf83c9155e9bee6925aa7102fab53fb803d52533', '173553c0372e66e03bdab19e0e6c2dd44daa14a0', '535708ae50aecb452560a23356fd396f99ef13a2', '1269431c8a3e7549f10fcbbb4b88ff625c8898b3', 'f823cf28652987d43c8324b4f5b203240032383a']",1.0,0.6,0.7499999999999999,False,0.2857142857142857,2048,True,5
"[""test"", ""feat"", ""refactor"", ""fix"", ""docs""]","[""test"", ""feat"", ""refactor"", ""fix"", ""docs""]",0.935232639312744,"['bedc7950b24c37809e36a585b7985d5aa5e3e458', 'fd8e563cc19ca4684885d4692acee6bebcca4ada', '062daa45cbd5dba6e96e95d8cdcaee89ae30a83c', 'c8e0ae8612df3d6f2831acc004aaac332f6105e4', '036a0ff49a7dade0e04c9c07071a1ff49133ee24']",1.0,1.0,1.0,True,0.0,2048,True,5
"[""docs"", ""refactor"", ""fix"", ""build"", ""test""]","[""docs"", ""build"", ""ci"", ""fix"", ""test""]",1.0050020217895508,"['c2ee5cd5e709afd15c5565ee009a0d204403a119', '1269431c8a3e7549f10fcbbb4b88ff625c8898b3', 'e7a67d88173566be3cd3aed7e9eeb7e29aabbc57', 'bed78248c941d57ad4cc20a455147e186e97c7a1', 'e9617f0854030e70365eb264bcb3b58078e79e9e']",0.8,0.8,0.8000000000000002,False,0.2857142857142857,2048,True,5
"[""refactor"", ""ci"", ""docs"", ""test"", ""build""]","[""refactor"", ""ci"", ""docs"", ""test"", ""build""]",0.9237792491912842,"['3cca5c314ad6feeffbfe1f14cf49ebd0fd9a95a2', 'dbb537a26e388a8d7d17faf131abc30c2f7a84e6', 'e12d9e77a6fd531a22325337838a841b1c67f00d', 'c7b25726df94a2530c9b1c0d2b6a0acaa103822f', '37b1cbfd3d2c462ef4f2a131e4172c38dc8d9ddf']",1.0,1.0,1.0,True,0.0,2048,True,5
"[""test"", ""fix"", ""ci"", ""refactor"", ""fix""]","[""test"", ""feat"", ""ci"", ""refactor"", ""fix""]",0.9322168827056884,"['229b53a632ea97d47c4be11f096bdd828fb415d8', 'b282e90e2cbb74559aab79eee8443a4d7c85502a', 'dbb537a26e388a8d7d17faf131abc30c2f7a84e6', '3cca5c314ad6feeffbfe1f14cf49ebd0fd9a95a2', '933ab6bb86372913c992567cf9660009900911a7']",1.0,0.8,0.888888888888889,False,0.1428571428571428,2048,True,5
"[""build"", ""refactor"", ""ci"", ""test"", ""docs""]","[""build"", ""fix"", ""ci"", ""refactor"", ""docs""]",0.958359956741333,"['37b1cbfd3d2c462ef4f2a131e4172c38dc8d9ddf', '06e2be4e2019b6fa714e1fcb34485860ef1ede79', 'c5fa7b80438fbd74f4c341f0d3c9bd9e0f4910da', '1db13ec43727aca872a0f3836e4023ed85db665e', 'a52a585d74894b3b4eeb8c784fa089ff95cddad0']",0.8,0.8,0.8000000000000002,False,0.2857142857142857,2048,True,5
"[""build"", ""docs"", ""fix"", ""test"", ""feat""]","[""build"", ""docs"", ""ci"", ""test"", ""feat""]",0.9372951984405518,"['c44cf88a6ec54e5ddd99d8348bcc57b301ec7945', '6d405dfc1675dcad64a2dfac0c0cb0fb28381d21', 'e7a67d88173566be3cd3aed7e9eeb7e29aabbc57', 'f411e58cd510f8a2b980b2f1932003a0c0e9f8f3', 'f823cf28652987d43c8324b4f5b203240032383a']",0.8,0.8,0.8000000000000002,False,0.2857142857142857,2048,True,5
"[""feat"", ""fix"", ""refactor"", ""test"", ""build"", ""ci""]","[""feat"", ""fix"", ""refactor"", ""build"", ""test""]",1.0067143440246582,"['f823cf28652987d43c8324b4f5b203240032383a', 'c8e0ae8612df3d6f2831acc004aaac332f6105e4', '47ef9104e4a89e80d7cc6c1950bc080841da4a7b', 'e4a11fd5c34942ba12737f1c8c084489428ee274', 'c7b25726df94a2530c9b1c0d2b6a0acaa103822f']",0.8333333333333334,1.0,0.9090909090909092,False,0.1428571428571428,2048,True,5
"[""refactor"", ""build"", ""ci"", ""docs"", ""test""]","[""refactor"", ""build"", ""ci"", ""docs"", ""test""]",0.8967649936676025,"['1db13ec43727aca872a0f3836e4023ed85db665e', '32b92cfa0b74a6c25990e32ac6aab12b8496794c', 'e96487ad7ce90b141219d9032fa2bed68d5dae6a', '6d405dfc1675dcad64a2dfac0c0cb0fb28381d21', 'e2e8ad25854bd1e7cdbc7f50b50bbd99e04ad47d']",1.0,1.0,1.0,True,0.0,2048,True,5
"[""build"", ""test"", ""refactor"", ""ci"", ""fix""]","[""build"", ""test"", ""refactor"", ""ci"", ""fix""]",0.9739160537719728,"['37b1cbfd3d2c462ef4f2a131e4172c38dc8d9ddf', 'f411e58cd510f8a2b980b2f1932003a0c0e9f8f3', '1db13ec43727aca872a0f3836e4023ed85db665e', 'c5fa7b80438fbd74f4c341f0d3c9bd9e0f4910da', 'd129eaf9125a967ac86c6c7276bbae6b4d50af36']",1.0,1.0,1.0,True,0.0,2048,True,5
"[""build"", ""build"", ""docs"", ""ci"", ""test"", ""fix""]","[""build"", ""docs"", ""ci"", ""test"", ""fix""]",0.9695429801940918,"['c55591ba157298a9c5816693c102a89dfd058830', 'a52a585d74894b3b4eeb8c784fa089ff95cddad0', '6c9cb638cb4d1ecc42632fcf389c24898c5b3244', 'c7b25726df94a2530c9b1c0d2b6a0acaa103822f', 'bed78248c941d57ad4cc20a455147e186e97c7a1']",1.0,1.0,1.0,False,0.0,2048,True,5
"[""fix"", ""ci"", ""refactor"", ""test""]","[""fix"", ""ci"", ""feat"", ""build"", ""refactor""]",0.8598141670227051,"['9ef5c0d14193a9abb09b39856f58477d1f4b0d77', 'dbb537a26e388a8d7d17faf131abc30c2f7a84e6', '6ed56ce9ae743ba9a87e6c9643cc06b1de7b748d', 'e4a11fd5c34942ba12737f1c8c084489428ee274', '1db13ec43727aca872a0f3836e4023ed85db665e']",0.75,0.6,0.6666666666666665,False,0.4285714285714285,2048,True,5
"[""refactor"", ""docs"", ""feat"", ""feat"", ""fix""]","[""fix"", ""build"", ""refactor"", ""feat"", ""test""]",0.981708526611328,"['bed78248c941d57ad4cc20a455147e186e97c7a1', 'e4a11fd5c34942ba12737f1c8c084489428ee274', '062daa45cbd5dba6e96e95d8cdcaee89ae30a83c', 'f823cf28652987d43c8324b4f5b203240032383a', 'c7b25726df94a2530c9b1c0d2b6a0acaa103822f']",0.75,0.6,0.6666666666666665,False,0.4285714285714285,2048,True,5
"[""build""]","[""fix"", ""test"", ""feat"", ""docs"", ""build""]",0.4427061080932617,"['87d5d4e55ab7149b593d29410f1fe426ba2447d4', 'bedc7950b24c37809e36a585b7985d5aa5e3e458', 'ded26d768ff432ad3bde3c0aa1e95ce50726100a', 'a52a585d74894b3b4eeb8c784fa089ff95cddad0', 'c323d59c607cabc91f17a78528d998f376f30b10']",1.0,0.2,0.3333333333333333,False,0.5714285714285714,2048,True,5
"[""refactor"", ""docs"", ""feat"", ""build"", ""fix""]","[""test"", ""docs"", ""feat"", ""build"", ""fix""]",0.9755904674530028,"['8ee0611fbf0cd89abe7ae588f22e6ecb843598ea', 'c2ee5cd5e709afd15c5565ee009a0d204403a119', 'fd8e563cc19ca4684885d4692acee6bebcca4ada', '1269431c8a3e7549f10fcbbb4b88ff625c8898b3', '06e2be4e2019b6fa714e1fcb34485860ef1ede79']",0.8,0.8,0.8000000000000002,False,0.2857142857142857,2048,True,5
"[""docs"", ""feat"", ""build"", ""refactor"", ""test""]","[""docs"", ""feat"", ""build"", ""refactor"", ""test""]",0.9665594100952148,"['a52a585d74894b3b4eeb8c784fa089ff95cddad0', 'f9a094918b62534614c47aa8a13f33aec751a1e0', '1269431c8a3e7549f10fcbbb4b88ff625c8898b3', '535708ae50aecb452560a23356fd396f99ef13a2', 'e0198f74b81da3663144cfe1d971939319f82a0f']",1.0,1.0,1.0,True,0.0,2048,True,5
"[""fix"", ""feat"", ""test"", ""refactor"", ""build""]","[""fix"", ""feat"", ""test"", ""refactor"", ""build""]",0.9212930202484132,"['d129eaf9125a967ac86c6c7276bbae6b4d50af36', '68278b00450f2679761a2999500f6d87a579376b', 'e2e8ad25854bd1e7cdbc7f50b50bbd99e04ad47d', '771857b1df9470ebc15357e8879118a72c649d5b', 'f00a4d3e307b89842250358ee432e6800bb24362']",1.0,1.0,1.0,True,0.0,2048,True,5
"[""refactor"", ""build"", ""fix"", ""feat""]","[""fix"", ""build"", ""refactor"", ""test"", ""docs""]",0.8315551280975342,"['933ab6bb86372913c992567cf9660009900911a7', '37b1cbfd3d2c462ef4f2a131e4172c38dc8d9ddf', '1db13ec43727aca872a0f3836e4023ed85db665e', 'c7b25726df94a2530c9b1c0d2b6a0acaa103822f', 'e12d9e77a6fd531a22325337838a841b1c67f00d']",0.75,0.6,0.6666666666666665,False,0.4285714285714285,2048,True,5
"[""docs"", ""ci"", ""docs"", ""build"", ""feat""]","[""fix"", ""ci"", ""docs"", ""build"", ""feat""]",0.866361141204834,"['06e2be4e2019b6fa714e1fcb34485860ef1ede79', '4cbbd2552ba0de273e1dfe7d453c5b3efed751a3', 'cb1f48b56ae0de93acb72e48726c7d610a1d538e', 'c323d59c607cabc91f17a78528d998f376f30b10', 'f9a094918b62534614c47aa8a13f33aec751a1e0']",1.0,0.8,0.888888888888889,False,0.1428571428571428,2048,True,5
"[""fix"", ""build"", ""feat"", ""docs"", ""docs""]","[""feat"", ""build"", ""refactor"", ""docs"", ""fix""]",0.900306224822998,"['fd8e563cc19ca4684885d4692acee6bebcca4ada', 'f00a4d3e307b89842250358ee432e6800bb24362', '535708ae50aecb452560a23356fd396f99ef13a2', 'e12d9e77a6fd531a22325337838a841b1c67f00d', '9be725fa3906323d4bc9788f54eccf74109d632b']",1.0,0.8,0.888888888888889,False,0.1428571428571428,2048,True,5
"[""test"", ""docs"", ""fix"", ""ci"", ""feat""]","[""test"", ""docs"", ""refactor"", ""ci"", ""feat""]",0.9068431854248048,"['229b53a632ea97d47c4be11f096bdd828fb415d8', 'bf83c9155e9bee6925aa7102fab53fb803d52533', '062daa45cbd5dba6e96e95d8cdcaee89ae30a83c', '32845e1bbd1efb5dbc16f671049509a409ba25ce', 'dc5238b2bda98a7c4f2fe9584fc3b0191a408109']",0.8,0.8,0.8000000000000002,False,0.2857142857142857,2048,True,5
"[""build"", ""feat"", ""fix"", ""refactor""]","[""build"", ""docs"", ""fix"", ""test"", ""refactor""]",0.8581490516662598,"['454003841aabeb74396d73541378bfa59c75b5db', 'e12d9e77a6fd531a22325337838a841b1c67f00d', 'bed78248c941d57ad4cc20a455147e186e97c7a1', 'f411e58cd510f8a2b980b2f1932003a0c0e9f8f3', '062daa45cbd5dba6e96e95d8cdcaee89ae30a83c']",0.75,0.6,0.6666666666666665,False,0.4285714285714285,2048,True,5
"[""build"", ""ci"", ""docs"", ""test"", ""refactor""]","[""build"", ""ci"", ""docs"", ""test"", ""refactor""]",0.9466936588287354,"['5b81fde8a72cf2e69a10e9f5c4f0bea0a2b8c3e0', '74e9de5ec97dc013a52aa063dff0f40ac74c407b', 'a52a585d74894b3b4eeb8c784fa089ff95cddad0', 'e0198f74b81da3663144cfe1d971939319f82a0f', '062daa45cbd5dba6e96e95d8cdcaee89ae30a83c']",1.0,1.0,1.0,True,0.0,2048,True,5
"[""build"", ""docs"", ""docs"", ""refactor""]","[""build"", ""ci"", ""docs"", ""refactor"", ""fix""]",0.7812192440032959,"['32b92cfa0b74a6c25990e32ac6aab12b8496794c', '6c9cb638cb4d1ecc42632fcf389c24898c5b3244', 'aca23027da1295c78fdf42ba9687d8ccc88784d7', '47ef9104e4a89e80d7cc6c1950bc080841da4a7b', '2561f4ade46fc9d59f289f328cc77733a6443697']",1.0,0.6,0.7499999999999999,False,0.2857142857142857,2048,True,5
"[""test"", ""docs"", ""fix"", ""feat"", ""build""]","[""test"", ""docs"", ""fix"", ""feat"", ""build""]",0.9664838314056396,"['e0198f74b81da3663144cfe1d971939319f82a0f', 'c2ee5cd5e709afd15c5565ee009a0d204403a119', '9ef5c0d14193a9abb09b39856f58477d1f4b0d77', 'f823cf28652987d43c8324b4f5b203240032383a', 'c44cf88a6ec54e5ddd99d8348bcc57b301ec7945']",1.0,1.0,1.0,True,0.0,2048,True,5
"[""refactor"", ""ci"", ""test"", ""build"", ""feat""]","[""refactor"", ""ci"", ""test"", ""build"", ""feat""]",1.0190904140472412,"['3cca5c314ad6feeffbfe1f14cf49ebd0fd9a95a2', '32845e1bbd1efb5dbc16f671049509a409ba25ce', 'e9617f0854030e70365eb264bcb3b58078e79e9e', '454003841aabeb74396d73541378bfa59c75b5db', 'fd8e563cc19ca4684885d4692acee6bebcca4ada']",1.0,1.0,1.0,True,0.0,2048,True,5
"[""feat"", ""docs"", ""build"", ""fix"", ""test""]","[""refactor"", ""feat"", ""build"", ""fix"", ""test""]",0.9255647659301758,"['062daa45cbd5dba6e96e95d8cdcaee89ae30a83c', 'f823cf28652987d43c8324b4f5b203240032383a', 'c44cf88a6ec54e5ddd99d8348bcc57b301ec7945', '933ab6bb86372913c992567cf9660009900911a7', '8ee0611fbf0cd89abe7ae588f22e6ecb843598ea']",0.8,0.8,0.8000000000000002,False,0.2857142857142857,2048,True,5
"[""refactor"", ""test"", ""docs"", ""feat"", ""ci""]","[""refactor"", ""test"", ""docs"", ""feat"", ""ci""]",0.9440920352935792,"['36556bf8e0bce4ab6d26eafacbdad04d9614a5d7', '317f4eefecddfb1392ca71d551840f446feee302', '036a0ff49a7dade0e04c9c07071a1ff49133ee24', 'e137f9fdbdb6bf3f85c3f7ac9323785e445844c8', 'e7a67d88173566be3cd3aed7e9eeb7e29aabbc57']",1.0,1.0,1.0,True,0.0,2048,True,5
"[""test"", ""ci"", ""refactor"", ""feat"", ""fix""]","[""test"", ""ci"", ""refactor"", ""feat"", ""fix""]",1.0106794834136963,"['e0198f74b81da3663144cfe1d971939319f82a0f', '173553c0372e66e03bdab19e0e6c2dd44daa14a0', '062daa45cbd5dba6e96e95d8cdcaee89ae30a83c', 'f823cf28652987d43c8324b4f5b203240032383a', 'bed78248c941d57ad4cc20a455147e186e97c7a1']",1.0,1.0,1.0,True,0.0,2048,True,5
"[""ci"", ""fix"", ""docs"", ""build"", ""feat""]","[""ci"", ""refactor"", ""docs"", ""fix"", ""feat""]",0.8988454341888428,"['32845e1bbd1efb5dbc16f671049509a409ba25ce', '63eab619e6166eb6cab948028a7b89bf059dd878', 'af880ac5b4fecbc6c4f3d1eee0d95f326e8bd9d1', '9be725fa3906323d4bc9788f54eccf74109d632b', 'fd8e563cc19ca4684885d4692acee6bebcca4ada']",0.8,0.8,0.8000000000000002,False,0.2857142857142857,2048,True,5
"[""docs"", ""refactor"", ""fix"", ""test"", ""build""]","[""docs"", ""refactor"", ""fix"", ""test"", ""build""]",0.96480393409729,"['bf83c9155e9bee6925aa7102fab53fb803d52533', '3cca5c314ad6feeffbfe1f14cf49ebd0fd9a95a2', '2561f4ade46fc9d59f289f328cc77733a6443697', '317f4eefecddfb1392ca71d551840f446feee302', '454003841aabeb74396d73541378bfa59c75b5db']",1.0,1.0,1.0,True,0.0,2048,True,5
"[""test"", ""ci"", ""fix"", ""docs"", ""refactor""]","[""test"", ""ci"", ""fix"", ""docs"", ""refactor""]",0.9770984649658204,"['317f4eefecddfb1392ca71d551840f446feee302', '32845e1bbd1efb5dbc16f671049509a409ba25ce', 'c8e0ae8612df3d6f2831acc004aaac332f6105e4', '6d405dfc1675dcad64a2dfac0c0cb0fb28381d21', '062daa45cbd5dba6e96e95d8cdcaee89ae30a83c']",1.0,1.0,1.0,True,0.0,2048,True,5
"[""build"", ""docs"", ""ci"", ""test"", ""feat""]","[""build"", ""ci"", ""test"", ""docs"", ""feat""]",0.8641371726989746,"['c55591ba157298a9c5816693c102a89dfd058830', 'dbb537a26e388a8d7d17faf131abc30c2f7a84e6', 'e0198f74b81da3663144cfe1d971939319f82a0f', '0cfc5633d37ea06f645649138323f1820e18bdee', 'dc5238b2bda98a7c4f2fe9584fc3b0191a408109']",1.0,1.0,1.0,True,0.0,2048,True,5
"[""feat"", ""fix"", ""test"", ""refactor"", ""ci""]","[""refactor"", ""feat"", ""test"", ""fix"", ""ci""]",0.9314641952514648,"['535708ae50aecb452560a23356fd396f99ef13a2', 'dc5238b2bda98a7c4f2fe9584fc3b0191a408109', 'e2e8ad25854bd1e7cdbc7f50b50bbd99e04ad47d', '2561f4ade46fc9d59f289f328cc77733a6443697', 'c5fa7b80438fbd74f4c341f0d3c9bd9e0f4910da']",1.0,1.0,1.0,True,0.0,2048,True,5
"[""ci"", ""fix"", ""refactor"", ""build"", ""test""]","[""ci"", ""docs"", ""refactor"", ""build"", ""test""]",0.8935534954071045,"['c5fa7b80438fbd74f4c341f0d3c9bd9e0f4910da', 'af880ac5b4fecbc6c4f3d1eee0d95f326e8bd9d1', '47ef9104e4a89e80d7cc6c1950bc080841da4a7b', '37b1cbfd3d2c462ef4f2a131e4172c38dc8d9ddf', 'c7b25726df94a2530c9b1c0d2b6a0acaa103822f']",0.8,0.8,0.8000000000000002,False,0.2857142857142857,2048,True,5
"[""build"", ""docs"", ""refactor"", ""test"", ""feat""]","[""build"", ""docs"", ""refactor"", ""test"", ""feat""]",1.009960651397705,"['454003841aabeb74396d73541378bfa59c75b5db', 'aca23027da1295c78fdf42ba9687d8ccc88784d7', '771857b1df9470ebc15357e8879118a72c649d5b', 'bedc7950b24c37809e36a585b7985d5aa5e3e458', 'e137f9fdbdb6bf3f85c3f7ac9323785e445844c8']",1.0,1.0,1.0,True,0.0,2048,True,5
"[""ci"", ""feat"", ""fix"", ""docs"", ""test""]","[""ci"", ""feat"", ""fix"", ""docs"", ""test""]",0.9165174961090088,"['74e9de5ec97dc013a52aa063dff0f40ac74c407b', 'ded26d768ff432ad3bde3c0aa1e95ce50726100a', '9be725fa3906323d4bc9788f54eccf74109d632b', 'a52a585d74894b3b4eeb8c784fa089ff95cddad0', 'e9617f0854030e70365eb264bcb3b58078e79e9e']",1.0,1.0,1.0,True,0.0,2048,True,5
"[""feat"", ""build"", ""test"", ""fix""]","[""feat"", ""build"", ""test"", ""docs"", ""fix""]",0.8224694728851318,"['f9a094918b62534614c47aa8a13f33aec751a1e0', 'e4a11fd5c34942ba12737f1c8c084489428ee274', '229b53a632ea97d47c4be11f096bdd828fb415d8', '036a0ff49a7dade0e04c9c07071a1ff49133ee24', '2561f4ade46fc9d59f289f328cc77733a6443697']",1.0,0.8,0.888888888888889,False,0.1428571428571428,2048,True,5
"[""refactor"", ""docs"", ""test"", ""feat"", ""ci""]","[""build"", ""docs"", ""test"", ""fix"", ""ci""]",0.9760787487030028,"['e4a11fd5c34942ba12737f1c8c084489428ee274', 'aca23027da1295c78fdf42ba9687d8ccc88784d7', 'e9617f0854030e70365eb264bcb3b58078e79e9e', '9ef5c0d14193a9abb09b39856f58477d1f4b0d77', '4cbbd2552ba0de273e1dfe7d453c5b3efed751a3']",0.6,0.6,0.6,False,0.5714285714285714,2048,True,5
"[""feat"", ""build"", ""build"", ""docs"", ""test""]","[""feat"", ""fix"", ""ci"", ""docs"", ""test""]",0.9955859184265136,"['f9a094918b62534614c47aa8a13f33aec751a1e0', '2561f4ade46fc9d59f289f328cc77733a6443697', '45837af24a33308a70a3454f0f650f9fe728e272', '036a0ff49a7dade0e04c9c07071a1ff49133ee24', 'b7ce2894fd1794064bd6db4ed730bb6cb7728739']",0.75,0.6,0.6666666666666665,False,0.4285714285714285,2048,True,5
"[""feat"", ""refactor"", ""build"", ""fix"", ""docs""]","[""feat"", ""refactor"", ""build"", ""fix"", ""docs""]",0.9370481967926024,"['ded26d768ff432ad3bde3c0aa1e95ce50726100a', '062daa45cbd5dba6e96e95d8cdcaee89ae30a83c', '37b1cbfd3d2c462ef4f2a131e4172c38dc8d9ddf', '933ab6bb86372913c992567cf9660009900911a7', '036a0ff49a7dade0e04c9c07071a1ff49133ee24']",1.0,1.0,1.0,True,0.0,2048,True,5
"[""test"", ""build"", ""fix"", ""docs"", ""docs""]","[""test"", ""build"", ""feat"", ""fix"", ""docs""]",0.9031388759613036,"['f411e58cd510f8a2b980b2f1932003a0c0e9f8f3', 'c44cf88a6ec54e5ddd99d8348bcc57b301ec7945', '1bcf88670b50155b50071e707f98f30cea0b7a24', '9be725fa3906323d4bc9788f54eccf74109d632b', 'a52a585d74894b3b4eeb8c784fa089ff95cddad0']",1.0,0.8,0.888888888888889,False,0.1428571428571428,2048,True,5
"[""fix"", ""build"", ""test"", ""ci"", ""docs""]","[""fix"", ""feat"", ""test"", ""ci"", ""docs""]",0.8468704223632812,"['933ab6bb86372913c992567cf9660009900911a7', '6ed56ce9ae743ba9a87e6c9643cc06b1de7b748d', 'e2e8ad25854bd1e7cdbc7f50b50bbd99e04ad47d', 'e96487ad7ce90b141219d9032fa2bed68d5dae6a', '036a0ff49a7dade0e04c9c07071a1ff49133ee24']",0.8,0.8,0.8000000000000002,False,0.2857142857142857,2048,True,5
"[""test"", ""refactor"", ""build"", ""feat"", ""fix""]","[""test"", ""refactor"", ""ci"", ""build"", ""fix""]",0.962637424468994,"['e0198f74b81da3663144cfe1d971939319f82a0f', '3cca5c314ad6feeffbfe1f14cf49ebd0fd9a95a2', '45837af24a33308a70a3454f0f650f9fe728e272', '5b81fde8a72cf2e69a10e9f5c4f0bea0a2b8c3e0', '9ef5c0d14193a9abb09b39856f58477d1f4b0d77']",0.8,0.8,0.8000000000000002,False,0.2857142857142857,2048,True,5
"[""build"", ""docs"", ""fix"", ""test"", ""test""]","[""build"", ""feat"", ""refactor"", ""ci"", ""test""]",0.8894975185394287,"['c55591ba157298a9c5816693c102a89dfd058830', '1bcf88670b50155b50071e707f98f30cea0b7a24', '1db13ec43727aca872a0f3836e4023ed85db665e', 'dbb537a26e388a8d7d17faf131abc30c2f7a84e6', 'e2e8ad25854bd1e7cdbc7f50b50bbd99e04ad47d']",0.5,0.4,0.4444444444444445,False,0.7142857142857143,2048,True,5
"[""feat"", ""docs"", ""fix"", ""build"", ""ci"", ""build""]","[""feat"", ""refactor"", ""test"", ""ci"", ""build""]",1.0454907417297363,"['e137f9fdbdb6bf3f85c3f7ac9323785e445844c8', 'a62314d9bb632be6af026686615d14b912250512', 'b7ce2894fd1794064bd6db4ed730bb6cb7728739', '45837af24a33308a70a3454f0f650f9fe728e272', '454003841aabeb74396d73541378bfa59c75b5db']",0.6,0.6,0.6,False,0.5714285714285714,2048,True,5
"[""test"", ""fix"", ""build"", ""feat"", ""docs""]","[""test"", ""fix"", ""build"", ""refactor"", ""docs""]",0.9160854816436768,"['317f4eefecddfb1392ca71d551840f446feee302', '06e2be4e2019b6fa714e1fcb34485860ef1ede79', '32b92cfa0b74a6c25990e32ac6aab12b8496794c', '535708ae50aecb452560a23356fd396f99ef13a2', 'aca23027da1295c78fdf42ba9687d8ccc88784d7']",0.8,0.8,0.8000000000000002,False,0.2857142857142857,2048,True,5
"[""build"", ""test"", ""build"", ""fix"", ""build"", ""feat""]","[""ci"", ""feat"", ""build"", ""fix"", ""test""]",1.0160846710205078,"['173553c0372e66e03bdab19e0e6c2dd44daa14a0', '6ed56ce9ae743ba9a87e6c9643cc06b1de7b748d', '32b92cfa0b74a6c25990e32ac6aab12b8496794c', '933ab6bb86372913c992567cf9660009900911a7', 'e9617f0854030e70365eb264bcb3b58078e79e9e']",1.0,0.8,0.888888888888889,False,0.1428571428571428,2048,True,5
"[""ci"", ""test"", ""fix"", ""refactor"", ""build""]","[""ci"", ""test"", ""fix"", ""feat"", ""build""]",0.884890079498291,"['dbb537a26e388a8d7d17faf131abc30c2f7a84e6', 'e2e8ad25854bd1e7cdbc7f50b50bbd99e04ad47d', '933ab6bb86372913c992567cf9660009900911a7', 'b282e90e2cbb74559aab79eee8443a4d7c85502a', 'c55591ba157298a9c5816693c102a89dfd058830']",0.8,0.8,0.8000000000000002,False,0.2857142857142857,2048,True,5
"[""test"", ""build"", ""feat"", ""fix"", ""ci""]","[""test"", ""build"", ""feat"", ""fix"", ""ci""]",0.9352538585662842,"['317f4eefecddfb1392ca71d551840f446feee302', 'e4a11fd5c34942ba12737f1c8c084489428ee274', 'ded26d768ff432ad3bde3c0aa1e95ce50726100a', 'd129eaf9125a967ac86c6c7276bbae6b4d50af36', '173553c0372e66e03bdab19e0e6c2dd44daa14a0']",1.0,1.0,1.0,True,0.0,2048,True,5
"[""test"", ""build"", ""refactor"", ""docs"", ""feat""]","[""test"", ""build"", ""refactor"", ""docs"", ""feat""]",0.9372057914733888,"['bedc7950b24c37809e36a585b7985d5aa5e3e458', '5b81fde8a72cf2e69a10e9f5c4f0bea0a2b8c3e0', '47ef9104e4a89e80d7cc6c1950bc080841da4a7b', 'aca23027da1295c78fdf42ba9687d8ccc88784d7', 'f823cf28652987d43c8324b4f5b203240032383a']",1.0,1.0,1.0,True,0.0,2048,True,5
"[""build"", ""ci"", ""feat"", ""docs"", ""refactor""]","[""build"", ""ci"", ""feat"", ""docs"", ""fix""]",0.8990933895111084,"['5b81fde8a72cf2e69a10e9f5c4f0bea0a2b8c3e0', 'c5fa7b80438fbd74f4c341f0d3c9bd9e0f4910da', '68278b00450f2679761a2999500f6d87a579376b', 'a52a585d74894b3b4eeb8c784fa089ff95cddad0', '06e2be4e2019b6fa714e1fcb34485860ef1ede79']",0.8,0.8,0.8000000000000002,False,0.2857142857142857,2048,True,5
"[""test"", ""build"", ""refactor"", ""feat"", ""ci""]","[""test"", ""build"", ""refactor"", ""fix"", ""ci""]",0.9418535232543944,"['e0198f74b81da3663144cfe1d971939319f82a0f', '5b81fde8a72cf2e69a10e9f5c4f0bea0a2b8c3e0', '3cca5c314ad6feeffbfe1f14cf49ebd0fd9a95a2', '87d5d4e55ab7149b593d29410f1fe426ba2447d4', '74e9de5ec97dc013a52aa063dff0f40ac74c407b']",0.8,0.8,0.8000000000000002,False,0.2857142857142857,2048,True,5
"[""build"", ""fix"", ""feat"", ""ci"", ""test""]","[""feat"", ""build"", ""fix"", ""ci"", ""test""]",0.9089024066925048,"['6ed56ce9ae743ba9a87e6c9643cc06b1de7b748d', 'c323d59c607cabc91f17a78528d998f376f30b10', '87d5d4e55ab7149b593d29410f1fe426ba2447d4', 'c5fa7b80438fbd74f4c341f0d3c9bd9e0f4910da', 'e9617f0854030e70365eb264bcb3b58078e79e9e']",1.0,1.0,1.0,True,0.0,2048,True,5
"[""build"", ""test"", ""fix"", ""feat"", ""ci""]","[""build"", ""test"", ""refactor"", ""feat"", ""ci""]",0.8863143920898438,"['5b81fde8a72cf2e69a10e9f5c4f0bea0a2b8c3e0', 'e9617f0854030e70365eb264bcb3b58078e79e9e', '2954a0955ce9af6acb345ed1e8328e145ad30475', '68278b00450f2679761a2999500f6d87a579376b', 'e96487ad7ce90b141219d9032fa2bed68d5dae6a']",0.8,0.8,0.8000000000000002,False,0.2857142857142857,2048,True,5
"[""build"", ""feat"", ""docs"", ""test"", ""fix""]","[""ci"", ""refactor"", ""docs"", ""feat"", ""fix""]",0.9007649421691896,"['4cbbd2552ba0de273e1dfe7d453c5b3efed751a3', '535708ae50aecb452560a23356fd396f99ef13a2', 'e12d9e77a6fd531a22325337838a841b1c67f00d', 'fd8e563cc19ca4684885d4692acee6bebcca4ada', '9be725fa3906323d4bc9788f54eccf74109d632b']",0.6,0.6,0.6,False,0.5714285714285714,2048,True,5
"[""build"", ""docs"", ""fix"", ""docs"", ""refactor""]","[""ci"", ""fix"", ""feat"", ""docs"", ""refactor""]",0.9761552810668944,"['c5fa7b80438fbd74f4c341f0d3c9bd9e0f4910da', 'bed78248c941d57ad4cc20a455147e186e97c7a1', 'b282e90e2cbb74559aab79eee8443a4d7c85502a', 'bf83c9155e9bee6925aa7102fab53fb803d52533', '771857b1df9470ebc15357e8879118a72c649d5b']",0.75,0.6,0.6666666666666665,False,0.4285714285714285,2048,True,5
