predicted_types,actual_types,inference_time,shas,precision,recall,f1,exact_match,hamming_loss,context_len,with_message,concern_count
"[""feat"", ""refactor""]","[""fix""]",0.5018618106842041,['87d5d4e55ab7149b593d29410f1fe426ba2447d4'],0.0,0.0,0.0,False,0.42857142857142855,2048,False,1
"[""test""]","[""test""]",0.4122004508972168,['317f4eefecddfb1392ca71d551840f446feee302'],1.0,1.0,1.0,True,0.0,2048,False,1
"[""ci""]","[""ci""]",0.45587587356567383,['c5fa7b80438fbd74f4c341f0d3c9bd9e0f4910da'],1.0,1.0,1.0,True,0.0,2048,False,1
"[""ci""]","[""ci""]",0.4467005729675293,['e7a67d88173566be3cd3aed7e9eeb7e29aabbc57'],1.0,1.0,1.0,True,0.0,2048,False,1
"[""feat"", ""refactor""]","[""fix""]",0.5088694095611572,['d129eaf9125a967ac86c6c7276bbae6b4d50af36'],0.0,0.0,0.0,False,0.42857142857142855,2048,False,1
"[""build"", ""ci""]","[""build""]",0.4963397979736328,['1269431c8a3e7549f10fcbbb4b88ff625c8898b3'],0.5,1.0,0.6666666666666666,False,0.14285714285714285,2048,False,1
"[""feat"", ""refactor""]","[""refactor""]",0.5194411277770996,['535708ae50aecb452560a23356fd396f99ef13a2'],0.5,1.0,0.6666666666666666,False,0.14285714285714285,2048,False,1
"[""feat"", ""refactor"", ""ci"", ""build"", ""test"", ""docs""]","[""feat""]",0.9169564247131348,['68278b00450f2679761a2999500f6d87a579376b'],0.16666666666666666,1.0,0.2857142857142857,False,0.7142857142857143,2048,False,1
"[""ci""]","[""ci""]",0.3661682605743408,['6c9cb638cb4d1ecc42632fcf389c24898c5b3244'],1.0,1.0,1.0,True,0.0,2048,False,1
"[""test""]","[""test""]",0.3703789710998535,['c7b25726df94a2530c9b1c0d2b6a0acaa103822f'],1.0,1.0,1.0,True,0.0,2048,False,1
"[""feat"", ""refactor""]","[""feat""]",0.5606842041015625,['1bcf88670b50155b50071e707f98f30cea0b7a24'],0.5,1.0,0.6666666666666666,False,0.14285714285714285,2048,False,1
"[""build"", ""test""]","[""build""]",0.6123809814453125,['454003841aabeb74396d73541378bfa59c75b5db'],0.5,1.0,0.6666666666666666,False,0.14285714285714285,2048,False,1
"[""ci""]","[""ci""]",0.32639169692993164,['dbb537a26e388a8d7d17faf131abc30c2f7a84e6'],1.0,1.0,1.0,True,0.0,2048,False,1
"[""docs""]","[""docs""]",0.36774730682373047,['bf83c9155e9bee6925aa7102fab53fb803d52533'],1.0,1.0,1.0,True,0.0,2048,False,1
"[""feat""]","[""feat""]",0.3669719696044922,['dc5238b2bda98a7c4f2fe9584fc3b0191a408109'],1.0,1.0,1.0,True,0.0,2048,False,1
"[""ci""]","[""ci""]",0.3585677146911621,['74e9de5ec97dc013a52aa063dff0f40ac74c407b'],1.0,1.0,1.0,True,0.0,2048,False,1
"[""test""]","[""test""]",0.3679192066192627,['b7ce2894fd1794064bd6db4ed730bb6cb7728739'],1.0,1.0,1.0,True,0.0,2048,False,1
"[""refactor"", ""build""]","[""build""]",0.4660212993621826,['32b92cfa0b74a6c25990e32ac6aab12b8496794c'],0.5,1.0,0.6666666666666666,False,0.14285714285714285,2048,False,1
"[""refactor"", ""build""]","[""fix""]",0.5530152320861816,['bed78248c941d57ad4cc20a455147e186e97c7a1'],0.0,0.0,0.0,False,0.42857142857142855,2048,False,1
"[""test""]","[""test""]",0.38983821868896484,['f411e58cd510f8a2b980b2f1932003a0c0e9f8f3'],1.0,1.0,1.0,True,0.0,2048,False,1
"[""feat"", ""refactor""]","[""feat""]",0.516686201095581,['f9a094918b62534614c47aa8a13f33aec751a1e0'],0.5,1.0,0.6666666666666666,False,0.14285714285714285,2048,False,1
"[""docs""]","[""docs""]",0.3629779815673828,['aca23027da1295c78fdf42ba9687d8ccc88784d7'],1.0,1.0,1.0,True,0.0,2048,False,1
"[""ci""]","[""build""]",0.39931559562683105,['37b1cbfd3d2c462ef4f2a131e4172c38dc8d9ddf'],0.0,0.0,0.0,False,0.2857142857142857,2048,False,1
"[""feat"", ""refactor""]","[""feat""]",0.7747466564178467,['e137f9fdbdb6bf3f85c3f7ac9323785e445844c8'],0.5,1.0,0.6666666666666666,False,0.14285714285714285,2048,False,1
"[""test""]","[""test""]",0.38945555686950684,['e0198f74b81da3663144cfe1d971939319f82a0f'],1.0,1.0,1.0,True,0.0,2048,False,1
"[""ci""]","[""ci""]",0.44002318382263184,['45837af24a33308a70a3454f0f650f9fe728e272'],1.0,1.0,1.0,True,0.0,2048,False,1
"[""docs""]","[""docs""]",0.3831470012664795,['0cfc5633d37ea06f645649138323f1820e18bdee'],1.0,1.0,1.0,True,0.0,2048,False,1
"[""build"", ""test""]","[""test""]",0.723952054977417,['8ee0611fbf0cd89abe7ae588f22e6ecb843598ea'],0.5,1.0,0.6666666666666666,False,0.14285714285714285,2048,False,1
"[""docs"", ""feat""]","[""docs""]",0.43436312675476074,['c2ee5cd5e709afd15c5565ee009a0d204403a119'],0.5,1.0,0.6666666666666666,False,0.14285714285714285,2048,False,1
"[""refactor""]","[""fix""]",0.39977025985717773,['d1d55e787b7d07f763852602b9939a5394607fd9'],0.0,0.0,0.0,False,0.2857142857142857,2048,False,1
"[""build""]","[""build""]",0.389087438583374,['c55591ba157298a9c5816693c102a89dfd058830'],1.0,1.0,1.0,True,0.0,2048,False,1
"[""fix""]","[""fix""]",0.30623793601989746,['9be725fa3906323d4bc9788f54eccf74109d632b'],1.0,1.0,1.0,True,0.0,2048,False,1
"[""build""]","[""build""]",0.380889892578125,['f00a4d3e307b89842250358ee432e6800bb24362'],1.0,1.0,1.0,True,0.0,2048,False,1
"[""feat"", ""docs""]","[""docs""]",0.4660196304321289,['036a0ff49a7dade0e04c9c07071a1ff49133ee24'],0.5,1.0,0.6666666666666666,False,0.14285714285714285,2048,False,1
"[""feat""]","[""docs""]",0.39391040802001953,['6d405dfc1675dcad64a2dfac0c0cb0fb28381d21'],0.0,0.0,0.0,False,0.2857142857142857,2048,False,1
"[""refactor""]","[""refactor""]",0.7005894184112549,['3cca5c314ad6feeffbfe1f14cf49ebd0fd9a95a2'],1.0,1.0,1.0,True,0.0,2048,False,1
"[""test""]","[""docs""]",0.36420559883117676,['af880ac5b4fecbc6c4f3d1eee0d95f326e8bd9d1'],0.0,0.0,0.0,False,0.2857142857142857,2048,False,1
"[""fix""]","[""fix""]",0.30896782875061035,['c8e0ae8612df3d6f2831acc004aaac332f6105e4'],1.0,1.0,1.0,True,0.0,2048,False,1
"[""refactor"", ""docs""]","[""refactor""]",0.6615891456604004,['771857b1df9470ebc15357e8879118a72c649d5b'],0.5,1.0,0.6666666666666666,False,0.14285714285714285,2048,False,1
"[""refactor""]","[""refactor""]",0.33626604080200195,['47ef9104e4a89e80d7cc6c1950bc080841da4a7b'],1.0,1.0,1.0,True,0.0,2048,False,1
"[""test""]","[""refactor""]",0.6156227588653564,['1db13ec43727aca872a0f3836e4023ed85db665e'],0.0,0.0,0.0,False,0.2857142857142857,2048,False,1
"[""refactor""]","[""fix""]",0.34088802337646484,['933ab6bb86372913c992567cf9660009900911a7'],0.0,0.0,0.0,False,0.2857142857142857,2048,False,1
"[""test""]","[""test""]",0.3386056423187256,['e2e8ad25854bd1e7cdbc7f50b50bbd99e04ad47d'],1.0,1.0,1.0,True,0.0,2048,False,1
"[""build""]","[""build""]",0.38937950134277344,['c44cf88a6ec54e5ddd99d8348bcc57b301ec7945'],1.0,1.0,1.0,True,0.0,2048,False,1
"[""ci""]","[""ci""]",0.3111379146575928,['e96487ad7ce90b141219d9032fa2bed68d5dae6a'],1.0,1.0,1.0,True,0.0,2048,False,1
"[""build""]","[""build""]",0.36388564109802246,['5b81fde8a72cf2e69a10e9f5c4f0bea0a2b8c3e0'],1.0,1.0,1.0,True,0.0,2048,False,1
"[""docs""]","[""docs""]",0.6708559989929199,['cb1f48b56ae0de93acb72e48726c7d610a1d538e'],1.0,1.0,1.0,True,0.0,2048,False,1
"[""refactor""]","[""fix""]",0.4726228713989258,['2561f4ade46fc9d59f289f328cc77733a6443697'],0.0,0.0,0.0,False,0.2857142857142857,2048,False,1
"[""refactor""]","[""fix""]",0.40253305435180664,['06e2be4e2019b6fa714e1fcb34485860ef1ede79'],0.0,0.0,0.0,False,0.2857142857142857,2048,False,1
"[""refactor""]","[""refactor""]",0.3380446434020996,['36556bf8e0bce4ab6d26eafacbdad04d9614a5d7'],1.0,1.0,1.0,True,0.0,2048,False,1
"[""build""]","[""build""]",0.3669006824493408,['c323d59c607cabc91f17a78528d998f376f30b10'],1.0,1.0,1.0,True,0.0,2048,False,1
"[""build"", ""refactor""]","[""build""]",0.530005931854248,['e4a11fd5c34942ba12737f1c8c084489428ee274'],0.5,1.0,0.6666666666666666,False,0.14285714285714285,2048,False,1
"[""feat"", ""refactor""]","[""refactor""]",0.5292482376098633,['63eab619e6166eb6cab948028a7b89bf059dd878'],0.5,1.0,0.6666666666666666,False,0.14285714285714285,2048,False,1
"[""docs""]","[""docs""]",0.3407447338104248,['a52a585d74894b3b4eeb8c784fa089ff95cddad0'],1.0,1.0,1.0,True,0.0,2048,False,1
"[""feat"", ""refactor""]","[""feat""]",0.561408281326294,['b282e90e2cbb74559aab79eee8443a4d7c85502a'],0.5,1.0,0.6666666666666666,False,0.14285714285714285,2048,False,1
"[""feat"", ""test"", ""ci"", ""build"", ""docs""]","[""feat""]",0.7858121395111084,['f823cf28652987d43c8324b4f5b203240032383a'],0.2,1.0,0.33333333333333337,False,0.5714285714285714,2048,False,1
"[""refactor""]","[""fix""]",0.36464786529541016,['9ef5c0d14193a9abb09b39856f58477d1f4b0d77'],0.0,0.0,0.0,False,0.2857142857142857,2048,False,1
"[""feat"", ""refactor""]","[""feat""]",0.5999472141265869,['fd8e563cc19ca4684885d4692acee6bebcca4ada'],0.5,1.0,0.6666666666666666,False,0.14285714285714285,2048,False,1
"[""ci""]","[""ci""]",0.3808426856994629,['4cbbd2552ba0de273e1dfe7d453c5b3efed751a3'],1.0,1.0,1.0,True,0.0,2048,False,1
"[""ci"", ""test""]","[""ci""]",0.5745484828948975,['173553c0372e66e03bdab19e0e6c2dd44daa14a0'],0.5,1.0,0.6666666666666666,False,0.14285714285714285,2048,False,1
"[""ci"", ""build""]","[""ci""]",0.7060248851776123,['32845e1bbd1efb5dbc16f671049509a409ba25ce'],0.5,1.0,0.6666666666666666,False,0.14285714285714285,2048,False,1
"[""test""]","[""test""]",0.3634202480316162,['229b53a632ea97d47c4be11f096bdd828fb415d8'],1.0,1.0,1.0,True,0.0,2048,False,1
"[""feat"", ""refactor""]","[""refactor""]",0.46238279342651367,['2954a0955ce9af6acb345ed1e8328e145ad30475'],0.5,1.0,0.6666666666666666,False,0.14285714285714285,2048,False,1
"[""refactor"", ""docs""]","[""refactor""]",0.49371957778930664,['a62314d9bb632be6af026686615d14b912250512'],0.5,1.0,0.6666666666666666,False,0.14285714285714285,2048,False,1
"[""refactor""]","[""refactor""]",0.646308183670044,['062daa45cbd5dba6e96e95d8cdcaee89ae30a83c'],1.0,1.0,1.0,True,0.0,2048,False,1
"[""test""]","[""test""]",0.38756227493286133,['bedc7950b24c37809e36a585b7985d5aa5e3e458'],1.0,1.0,1.0,True,0.0,2048,False,1
"[""feat"", ""refactor""]","[""feat""]",0.7794969081878662,['ded26d768ff432ad3bde3c0aa1e95ce50726100a'],0.5,1.0,0.6666666666666666,False,0.14285714285714285,2048,False,1
"[""ci"", ""test""]","[""test""]",0.5575940608978271,['e9617f0854030e70365eb264bcb3b58078e79e9e'],0.5,1.0,0.6666666666666666,False,0.14285714285714285,2048,False,1
"[""feat"", ""test"", ""ci"", ""build""]","[""feat""]",0.8648872375488281,['6ed56ce9ae743ba9a87e6c9643cc06b1de7b748d'],0.25,1.0,0.4,False,0.42857142857142855,2048,False,1
"[""docs""]","[""docs""]",0.3702678680419922,['e12d9e77a6fd531a22325337838a841b1c67f00d'],1.0,1.0,1.0,True,0.0,2048,False,1
"[""refactor"", ""ci"", ""test"", ""docs"", ""build""]","[""feat"", ""refactor""]",0.937049150466919,"['fd8e563cc19ca4684885d4692acee6bebcca4ada', '36556bf8e0bce4ab6d26eafacbdad04d9614a5d7']",0.2,0.5,0.28571428571428575,False,0.7142857142857143,2048,False,2
"[""ci"", ""build""]","[""ci"", ""build""]",0.5610077381134033,"['45837af24a33308a70a3454f0f650f9fe728e272', '5b81fde8a72cf2e69a10e9f5c4f0bea0a2b8c3e0']",1.0,1.0,1.0,True,0.0,2048,False,2
"[""feat"", ""refactor"", ""test""]","[""refactor"", ""docs""]",0.6520497798919678,"['535708ae50aecb452560a23356fd396f99ef13a2', 'af880ac5b4fecbc6c4f3d1eee0d95f326e8bd9d1']",0.3333333333333333,0.5,0.4,False,0.42857142857142855,2048,False,2
"[""feat"", ""fix"", ""refactor"", ""docs"", ""test"", ""ci"", ""build""]","[""feat"", ""refactor""]",1.1506507396697998,"['68278b00450f2679761a2999500f6d87a579376b', '63eab619e6166eb6cab948028a7b89bf059dd878']",0.2857142857142857,1.0,0.4444444444444445,False,0.7142857142857143,2048,False,2
"[""ci"", ""test""]","[""ci"", ""test""]",0.4957096576690674,"['dbb537a26e388a8d7d17faf131abc30c2f7a84e6', 'f411e58cd510f8a2b980b2f1932003a0c0e9f8f3']",1.0,1.0,1.0,True,0.0,2048,False,2
"[""test"", ""ci""]","[""test"", ""ci""]",0.5802764892578125,"['e2e8ad25854bd1e7cdbc7f50b50bbd99e04ad47d', 'c5fa7b80438fbd74f4c341f0d3c9bd9e0f4910da']",1.0,1.0,1.0,True,0.0,2048,False,2
"[""ci"", ""build""]","[""ci"", ""build""]",0.6235918998718262,"['45837af24a33308a70a3454f0f650f9fe728e272', '1269431c8a3e7549f10fcbbb4b88ff625c8898b3']",1.0,1.0,1.0,True,0.0,2048,False,2
"[""feat"", ""refactor"", ""test""]","[""feat"", ""test""]",0.7545969486236572,"['1bcf88670b50155b50071e707f98f30cea0b7a24', 'f411e58cd510f8a2b980b2f1932003a0c0e9f8f3']",0.6666666666666666,1.0,0.8,False,0.14285714285714285,2048,False,2
"[""fix"", ""docs""]","[""fix"", ""docs""]",0.43320560455322266,"['9be725fa3906323d4bc9788f54eccf74109d632b', '0cfc5633d37ea06f645649138323f1820e18bdee']",1.0,1.0,1.0,True,0.0,2048,False,2
"[""refactor"", ""ci""]","[""fix"", ""ci""]",0.4434382915496826,"['9be725fa3906323d4bc9788f54eccf74109d632b', 'e96487ad7ce90b141219d9032fa2bed68d5dae6a']",0.5,0.5,0.5,False,0.2857142857142857,2048,False,2
"[""test"", ""ci"", ""refactor""]","[""build"", ""test""]",0.7843077182769775,"['1269431c8a3e7549f10fcbbb4b88ff625c8898b3', '317f4eefecddfb1392ca71d551840f446feee302']",0.3333333333333333,0.5,0.4,False,0.42857142857142855,2048,False,2
"[""ci"", ""docs""]","[""ci"", ""docs""]",0.4913043975830078,"['dbb537a26e388a8d7d17faf131abc30c2f7a84e6', '0cfc5633d37ea06f645649138323f1820e18bdee']",1.0,1.0,1.0,True,0.0,2048,False,2
"[""refactor"", ""build""]","[""refactor"", ""build""]",0.8212480545043945,"['3cca5c314ad6feeffbfe1f14cf49ebd0fd9a95a2', '454003841aabeb74396d73541378bfa59c75b5db']",1.0,1.0,1.0,True,0.0,2048,False,2
"[""refactor"", ""ci"", ""build"", ""test"", ""docs"", ""feat"", ""fix""]","[""fix"", ""refactor""]",1.2158725261688232,"['2561f4ade46fc9d59f289f328cc77733a6443697', '062daa45cbd5dba6e96e95d8cdcaee89ae30a83c']",0.2857142857142857,1.0,0.4444444444444445,False,0.7142857142857143,2048,False,2
"[""build"", ""ci""]","[""build"", ""ci""]",0.4939846992492676,"['c44cf88a6ec54e5ddd99d8348bcc57b301ec7945', 'dbb537a26e388a8d7d17faf131abc30c2f7a84e6']",1.0,1.0,1.0,True,0.0,2048,False,2
"[""feat"", ""refactor"", ""test"", ""ci"", ""build"", ""docs""]","[""build"", ""refactor""]",1.0117971897125244,"['32b92cfa0b74a6c25990e32ac6aab12b8496794c', '63eab619e6166eb6cab948028a7b89bf059dd878']",0.3333333333333333,1.0,0.5,False,0.5714285714285714,2048,False,2
"[""feat"", ""ci""]","[""feat"", ""docs""]",0.49181675910949707,"['dc5238b2bda98a7c4f2fe9584fc3b0191a408109', 'e12d9e77a6fd531a22325337838a841b1c67f00d']",0.5,0.5,0.5,False,0.2857142857142857,2048,False,2
"[""ci"", ""docs""]","[""ci"", ""docs""]",0.6284539699554443,"['32845e1bbd1efb5dbc16f671049509a409ba25ce', 'bf83c9155e9bee6925aa7102fab53fb803d52533']",1.0,1.0,1.0,True,0.0,2048,False,2
"[""feat"", ""test"", ""ci"", ""build""]","[""fix"", ""feat""]",0.8516647815704346,"['d129eaf9125a967ac86c6c7276bbae6b4d50af36', '6ed56ce9ae743ba9a87e6c9643cc06b1de7b748d']",0.25,0.5,0.3333333333333333,False,0.5714285714285714,2048,False,2
"[""feat"", ""ci""]","[""feat"", ""ci""]",0.6429357528686523,"['1bcf88670b50155b50071e707f98f30cea0b7a24', '74e9de5ec97dc013a52aa063dff0f40ac74c407b']",1.0,1.0,1.0,True,0.0,2048,False,2
"[""feat"", ""ci""]","[""docs"", ""ci""]",0.49423789978027344,"['036a0ff49a7dade0e04c9c07071a1ff49133ee24', '4cbbd2552ba0de273e1dfe7d453c5b3efed751a3']",0.5,0.5,0.5,False,0.2857142857142857,2048,False,2
"[""feat"", ""docs"", ""test"", ""ci"", ""build""]","[""test"", ""docs""]",1.0316882133483887,"['e9617f0854030e70365eb264bcb3b58078e79e9e', 'cb1f48b56ae0de93acb72e48726c7d610a1d538e']",0.4,1.0,0.5714285714285715,False,0.42857142857142855,2048,False,2
"[""docs"", ""feat""]","[""docs"", ""feat""]",0.5761744976043701,"['aca23027da1295c78fdf42ba9687d8ccc88784d7', 'f823cf28652987d43c8324b4f5b203240032383a']",1.0,1.0,1.0,True,0.0,2048,False,2
"[""refactor"", ""test"", ""ci"", ""build"", ""docs"", ""feat"", ""fix""]","[""refactor"", ""fix""]",1.017049789428711,"['47ef9104e4a89e80d7cc6c1950bc080841da4a7b', '06e2be4e2019b6fa714e1fcb34485860ef1ede79']",0.2857142857142857,1.0,0.4444444444444445,False,0.7142857142857143,2048,False,2
"[""build"", ""ci""]","[""build"", ""ci""]",0.4797694683074951,"['5b81fde8a72cf2e69a10e9f5c4f0bea0a2b8c3e0', 'dbb537a26e388a8d7d17faf131abc30c2f7a84e6']",1.0,1.0,1.0,True,0.0,2048,False,2
"[""build"", ""refactor""]","[""build"", ""refactor""]",0.49648213386535645,"['5b81fde8a72cf2e69a10e9f5c4f0bea0a2b8c3e0', '36556bf8e0bce4ab6d26eafacbdad04d9614a5d7']",1.0,1.0,1.0,True,0.0,2048,False,2
"[""feat"", ""test""]","[""fix"", ""test""]",0.5758488178253174,"['9ef5c0d14193a9abb09b39856f58477d1f4b0d77', 'b7ce2894fd1794064bd6db4ed730bb6cb7728739']",0.5,0.5,0.5,False,0.2857142857142857,2048,False,2
"[""build"", ""docs"", ""test"", ""ci"", ""feat"", ""fix"", ""refactor""]","[""build"", ""docs""]",1.05950927734375,"['c323d59c607cabc91f17a78528d998f376f30b10', 'c2ee5cd5e709afd15c5565ee009a0d204403a119']",0.2857142857142857,1.0,0.4444444444444445,False,0.7142857142857143,2048,False,2
"[""refactor"", ""ci""]","[""fix"", ""ci""]",0.4503769874572754,"['9be725fa3906323d4bc9788f54eccf74109d632b', 'dbb537a26e388a8d7d17faf131abc30c2f7a84e6']",0.5,0.5,0.5,False,0.2857142857142857,2048,False,2
"[""refactor"", ""ci""]","[""fix"", ""ci""]",0.5816869735717773,"['9be725fa3906323d4bc9788f54eccf74109d632b', 'e7a67d88173566be3cd3aed7e9eeb7e29aabbc57']",0.5,0.5,0.5,False,0.2857142857142857,2048,False,2
"[""docs"", ""refactor""]","[""docs"", ""refactor""]",0.6292157173156738,"['c2ee5cd5e709afd15c5565ee009a0d204403a119', '062daa45cbd5dba6e96e95d8cdcaee89ae30a83c']",1.0,1.0,1.0,True,0.0,2048,False,2
"[""feat"", ""refactor""]","[""fix"", ""feat""]",0.6622951030731201,"['933ab6bb86372913c992567cf9660009900911a7', 'e137f9fdbdb6bf3f85c3f7ac9323785e445844c8']",0.5,0.5,0.5,False,0.2857142857142857,2048,False,2
"[""refactor"", ""build""]","[""fix"", ""build""]",0.524738073348999,"['9be725fa3906323d4bc9788f54eccf74109d632b', 'c44cf88a6ec54e5ddd99d8348bcc57b301ec7945']",0.5,0.5,0.5,False,0.2857142857142857,2048,False,2
"[""ci"", ""test"", ""build""]","[""ci"", ""docs""]",0.7176761627197266,"['173553c0372e66e03bdab19e0e6c2dd44daa14a0', 'e12d9e77a6fd531a22325337838a841b1c67f00d']",0.3333333333333333,0.5,0.4,False,0.42857142857142855,2048,False,2
"[""ci"", ""feat""]","[""ci"", ""feat""]",0.541919469833374,"['6c9cb638cb4d1ecc42632fcf389c24898c5b3244', 'f823cf28652987d43c8324b4f5b203240032383a']",1.0,1.0,1.0,True,0.0,2048,False,2
"[""ci"", ""docs"", ""test""]","[""ci"", ""docs""]",0.675743818283081,"['74e9de5ec97dc013a52aa063dff0f40ac74c407b', 'c2ee5cd5e709afd15c5565ee009a0d204403a119']",0.6666666666666666,1.0,0.8,False,0.14285714285714285,2048,False,2
"[""test""]","[""test"", ""build""]",0.504812479019165,"['317f4eefecddfb1392ca71d551840f446feee302', '5b81fde8a72cf2e69a10e9f5c4f0bea0a2b8c3e0']",1.0,0.5,0.6666666666666666,False,0.14285714285714285,2048,False,2
"[""feat"", ""docs"", ""test"", ""ci"", ""build""]","[""docs"", ""feat""]",0.8789207935333252,"['a52a585d74894b3b4eeb8c784fa089ff95cddad0', 'f823cf28652987d43c8324b4f5b203240032383a']",0.4,1.0,0.5714285714285715,False,0.42857142857142855,2048,False,2
"[""refactor"", ""build""]","[""refactor"", ""build""]",0.507901668548584,"['47ef9104e4a89e80d7cc6c1950bc080841da4a7b', '5b81fde8a72cf2e69a10e9f5c4f0bea0a2b8c3e0']",1.0,1.0,1.0,True,0.0,2048,False,2
"[""feat"", ""refactor"", ""docs"", ""test"", ""ci"", ""build""]","[""feat"", ""refactor""]",1.185868501663208,"['e137f9fdbdb6bf3f85c3f7ac9323785e445844c8', '771857b1df9470ebc15357e8879118a72c649d5b']",0.3333333333333333,1.0,0.5,False,0.5714285714285714,2048,False,2
"[""feat"", ""test"", ""refactor"", ""docs"", ""ci"", ""build""]","[""feat"", ""fix""]",1.0682010650634766,"['6ed56ce9ae743ba9a87e6c9643cc06b1de7b748d', 'd1d55e787b7d07f763852602b9939a5394607fd9']",0.16666666666666666,0.5,0.25,False,0.8571428571428571,2048,False,2
"[""build"", ""docs""]","[""build"", ""docs""]",0.49260759353637695,"['c323d59c607cabc91f17a78528d998f376f30b10', '0cfc5633d37ea06f645649138323f1820e18bdee']",1.0,1.0,1.0,True,0.0,2048,False,2
"[""feat"", ""build"", ""test"", ""refactor"", ""docs""]","[""test"", ""refactor""]",0.9912073612213135,"['8ee0611fbf0cd89abe7ae588f22e6ecb843598ea', '2954a0955ce9af6acb345ed1e8328e145ad30475']",0.4,1.0,0.5714285714285715,False,0.42857142857142855,2048,False,2
"[""refactor"", ""test""]","[""refactor"", ""fix""]",0.5203580856323242,"['36556bf8e0bce4ab6d26eafacbdad04d9614a5d7', 'c8e0ae8612df3d6f2831acc004aaac332f6105e4']",0.5,0.5,0.5,False,0.2857142857142857,2048,False,2
"[""ci"", ""build"", ""refactor""]","[""build"", ""ci""]",0.7891628742218018,"['e4a11fd5c34942ba12737f1c8c084489428ee274', '173553c0372e66e03bdab19e0e6c2dd44daa14a0']",0.6666666666666666,1.0,0.8,False,0.14285714285714285,2048,False,2
"[""refactor"", ""feat""]","[""fix"", ""feat""]",0.554222822189331,"['c8e0ae8612df3d6f2831acc004aaac332f6105e4', 'f9a094918b62534614c47aa8a13f33aec751a1e0']",0.5,0.5,0.5,False,0.2857142857142857,2048,False,2
"[""fix"", ""refactor"", ""docs"", ""ci"", ""build""]","[""refactor"", ""docs""]",0.9872848987579346,"['771857b1df9470ebc15357e8879118a72c649d5b', '0cfc5633d37ea06f645649138323f1820e18bdee']",0.4,1.0,0.5714285714285715,False,0.42857142857142855,2048,False,2
"[""feat"", ""test"", ""ci"", ""build"", ""docs"", ""refactor""]","[""feat"", ""fix""]",1.0771808624267578,"['6ed56ce9ae743ba9a87e6c9643cc06b1de7b748d', '87d5d4e55ab7149b593d29410f1fe426ba2447d4']",0.16666666666666666,0.5,0.25,False,0.8571428571428571,2048,False,2
"[""test"", ""refactor""]","[""refactor"", ""test""]",0.692246675491333,"['1db13ec43727aca872a0f3836e4023ed85db665e', '229b53a632ea97d47c4be11f096bdd828fb415d8']",1.0,1.0,1.0,True,0.0,2048,False,2
"[""test"", ""feat""]","[""test"", ""refactor""]",0.7122502326965332,"['317f4eefecddfb1392ca71d551840f446feee302', '63eab619e6166eb6cab948028a7b89bf059dd878']",0.5,0.5,0.5,False,0.2857142857142857,2048,False,2
"[""refactor"", ""build""]","[""docs"", ""build""]",0.5545437335968018,"['e12d9e77a6fd531a22325337838a841b1c67f00d', 'c44cf88a6ec54e5ddd99d8348bcc57b301ec7945']",0.5,0.5,0.5,False,0.2857142857142857,2048,False,2
"[""test"", ""ci""]","[""refactor"", ""build""]",0.5670948028564453,"['1db13ec43727aca872a0f3836e4023ed85db665e', '32b92cfa0b74a6c25990e32ac6aab12b8496794c']",0.0,0.0,0.0,False,0.5714285714285714,2048,False,2
"[""docs"", ""refactor"", ""build""]","[""docs"", ""fix""]",0.7112510204315186,"['c2ee5cd5e709afd15c5565ee009a0d204403a119', 'bed78248c941d57ad4cc20a455147e186e97c7a1']",0.3333333333333333,0.5,0.4,False,0.42857142857142855,2048,False,2
"[""docs"", ""ci"", ""build""]","[""docs"", ""ci""]",0.7128171920776367,"['bf83c9155e9bee6925aa7102fab53fb803d52533', '173553c0372e66e03bdab19e0e6c2dd44daa14a0']",0.6666666666666666,1.0,0.8,False,0.14285714285714285,2048,False,2
"[""refactor"", ""ci""]","[""refactor"", ""ci""]",0.5170071125030518,"['36556bf8e0bce4ab6d26eafacbdad04d9614a5d7', '74e9de5ec97dc013a52aa063dff0f40ac74c407b']",1.0,1.0,1.0,True,0.0,2048,False,2
"[""feat"", ""test"", ""ci"", ""refactor""]","[""test"", ""fix""]",0.8143632411956787,"['e9617f0854030e70365eb264bcb3b58078e79e9e', '87d5d4e55ab7149b593d29410f1fe426ba2447d4']",0.25,0.5,0.3333333333333333,False,0.5714285714285714,2048,False,2
"[""feat"", ""refactor""]","[""feat"", ""refactor""]",0.6571743488311768,"['e137f9fdbdb6bf3f85c3f7ac9323785e445844c8', '47ef9104e4a89e80d7cc6c1950bc080841da4a7b']",1.0,1.0,1.0,True,0.0,2048,False,2
"[""refactor"", ""ci""]","[""fix"", ""ci""]",0.5940933227539062,"['2561f4ade46fc9d59f289f328cc77733a6443697', '74e9de5ec97dc013a52aa063dff0f40ac74c407b']",0.5,0.5,0.5,False,0.2857142857142857,2048,False,2
"[""build"", ""ci""]","[""build"", ""ci""]",0.48644161224365234,"['5b81fde8a72cf2e69a10e9f5c4f0bea0a2b8c3e0', 'e96487ad7ce90b141219d9032fa2bed68d5dae6a']",1.0,1.0,1.0,True,0.0,2048,False,2
[],"[""build"", ""test""]",695.5217087268829,"['32b92cfa0b74a6c25990e32ac6aab12b8496794c', '8ee0611fbf0cd89abe7ae588f22e6ecb843598ea']",0.0,0.0,0.0,False,0.2857142857142857,2048,False,2
"[""test"", ""ci""]","[""refactor"", ""ci""]",0.6855440139770508,"['1db13ec43727aca872a0f3836e4023ed85db665e', '74e9de5ec97dc013a52aa063dff0f40ac74c407b']",0.5,0.5,0.5,False,0.2857142857142857,2048,False,2
"[""refactor"", ""build""]","[""fix"", ""build""]",0.6326584815979004,"['2561f4ade46fc9d59f289f328cc77733a6443697', 'c55591ba157298a9c5816693c102a89dfd058830']",0.5,0.5,0.5,False,0.2857142857142857,2048,False,2
"[""build"", ""test""]","[""build"", ""refactor""]",0.5653872489929199,"['5b81fde8a72cf2e69a10e9f5c4f0bea0a2b8c3e0', '1db13ec43727aca872a0f3836e4023ed85db665e']",0.5,0.5,0.5,False,0.2857142857142857,2048,False,2
"[""build"", ""test"", ""ci"", ""refactor""]","[""test"", ""ci""]",0.8677241802215576,"['8ee0611fbf0cd89abe7ae588f22e6ecb843598ea', 'e96487ad7ce90b141219d9032fa2bed68d5dae6a']",0.5,1.0,0.6666666666666666,False,0.2857142857142857,2048,False,2
"[""refactor"", ""test""]","[""test"", ""refactor""]",0.7131953239440918,"['bedc7950b24c37809e36a585b7985d5aa5e3e458', '062daa45cbd5dba6e96e95d8cdcaee89ae30a83c']",1.0,1.0,1.0,True,0.0,2048,False,2
"[""ci"", ""feat"", ""refactor""]","[""ci"", ""refactor""]",0.7768716812133789,"['74e9de5ec97dc013a52aa063dff0f40ac74c407b', '63eab619e6166eb6cab948028a7b89bf059dd878']",0.6666666666666666,1.0,0.8,False,0.14285714285714285,2048,False,2
"[""test""]","[""test"", ""docs""]",0.5028324127197266,"['317f4eefecddfb1392ca71d551840f446feee302', 'af880ac5b4fecbc6c4f3d1eee0d95f326e8bd9d1']",1.0,0.5,0.6666666666666666,False,0.14285714285714285,2048,False,2
"[""feat"", ""fix""]","[""feat"", ""fix""]",0.5302433967590332,"['dc5238b2bda98a7c4f2fe9584fc3b0191a408109', '9ef5c0d14193a9abb09b39856f58477d1f4b0d77']",1.0,1.0,1.0,True,0.0,2048,False,2
"[""build"", ""ci"", ""docs"", ""feat"", ""fix"", ""refactor"", ""test""]","[""build"", ""docs""]",1.075700044631958,"['e4a11fd5c34942ba12737f1c8c084489428ee274', 'e12d9e77a6fd531a22325337838a841b1c67f00d']",0.2857142857142857,1.0,0.4444444444444445,False,0.7142857142857143,2048,False,2
"[""feat"", ""test"", ""docs"", ""refactor"", ""ci"", ""build""]","[""feat"", ""refactor""]",1.1716704368591309,"['6ed56ce9ae743ba9a87e6c9643cc06b1de7b748d', '63eab619e6166eb6cab948028a7b89bf059dd878']",0.3333333333333333,1.0,0.5,False,0.5714285714285714,2048,False,2
"[""ci"", ""feat"", ""docs""]","[""ci"", ""fix"", ""docs""]",0.7133214473724365,"['dbb537a26e388a8d7d17faf131abc30c2f7a84e6', 'd129eaf9125a967ac86c6c7276bbae6b4d50af36', 'cb1f48b56ae0de93acb72e48726c7d610a1d538e']",0.6666666666666666,0.6666666666666666,0.6666666666666666,False,0.2857142857142857,2048,False,3
"[""refactor"", ""test"", ""ci"", ""build""]","[""fix"", ""refactor"", ""feat""]",0.9334814548492432,"['933ab6bb86372913c992567cf9660009900911a7', '3cca5c314ad6feeffbfe1f14cf49ebd0fd9a95a2', '6ed56ce9ae743ba9a87e6c9643cc06b1de7b748d']",0.25,0.3333333333333333,0.28571428571428575,False,0.7142857142857143,2048,False,3
"[""build"", ""refactor"", ""test"", ""ci""]","[""build"", ""feat"", ""ci""]",0.8336629867553711,"['5b81fde8a72cf2e69a10e9f5c4f0bea0a2b8c3e0', 'e137f9fdbdb6bf3f85c3f7ac9323785e445844c8', '32845e1bbd1efb5dbc16f671049509a409ba25ce']",0.5,0.6666666666666666,0.5714285714285715,False,0.42857142857142855,2048,False,3
"[""ci"", ""feat"", ""refactor"", ""build""]","[""ci"", ""docs"", ""feat""]",0.9486343860626221,"['45837af24a33308a70a3454f0f650f9fe728e272', '6d405dfc1675dcad64a2dfac0c0cb0fb28381d21', 'f823cf28652987d43c8324b4f5b203240032383a']",0.5,0.6666666666666666,0.5714285714285715,False,0.42857142857142855,2048,False,3
"[""ci"", ""docs"", ""build""]","[""ci"", ""docs"", ""build""]",0.621436595916748,"['6c9cb638cb4d1ecc42632fcf389c24898c5b3244', 'bf83c9155e9bee6925aa7102fab53fb803d52533', 'c323d59c607cabc91f17a78528d998f376f30b10']",1.0,1.0,1.0,True,0.0,2048,False,3
"[""test"", ""ci"", ""feat""]","[""test"", ""docs"", ""fix""]",0.6750781536102295,"['229b53a632ea97d47c4be11f096bdd828fb415d8', 'e12d9e77a6fd531a22325337838a841b1c67f00d', 'd129eaf9125a967ac86c6c7276bbae6b4d50af36']",0.3333333333333333,0.3333333333333333,0.3333333333333333,False,0.5714285714285714,2048,False,3
"[""feat"", ""docs"", ""refactor""]","[""feat"", ""docs"", ""refactor""]",0.7504286766052246,"['68278b00450f2679761a2999500f6d87a579376b', 'c2ee5cd5e709afd15c5565ee009a0d204403a119', '535708ae50aecb452560a23356fd396f99ef13a2']",1.0,1.0,1.0,True,0.0,2048,False,3
"[""fix"", ""ci"", ""test""]","[""docs"", ""ci"", ""test""]",0.6587784290313721,"['0cfc5633d37ea06f645649138323f1820e18bdee', '6c9cb638cb4d1ecc42632fcf389c24898c5b3244', 'f411e58cd510f8a2b980b2f1932003a0c0e9f8f3']",0.6666666666666666,0.6666666666666666,0.6666666666666666,False,0.2857142857142857,2048,False,3
"[""refactor"", ""build""]","[""build"", ""fix"", ""refactor""]",0.5968489646911621,"['1269431c8a3e7549f10fcbbb4b88ff625c8898b3', '933ab6bb86372913c992567cf9660009900911a7', '36556bf8e0bce4ab6d26eafacbdad04d9614a5d7']",1.0,0.6666666666666666,0.8,False,0.14285714285714285,2048,False,3
"[""test"", ""refactor"", ""docs""]","[""test"", ""fix"", ""docs""]",0.7017443180084229,"['c7b25726df94a2530c9b1c0d2b6a0acaa103822f', '933ab6bb86372913c992567cf9660009900911a7', 'c2ee5cd5e709afd15c5565ee009a0d204403a119']",0.6666666666666666,0.6666666666666666,0.6666666666666666,False,0.2857142857142857,2048,False,3
"[""refactor"", ""build"", ""docs"", ""test"", ""ci""]","[""build"", ""refactor"", ""fix""]",1.0201294422149658,"['32b92cfa0b74a6c25990e32ac6aab12b8496794c', '771857b1df9470ebc15357e8879118a72c649d5b', '06e2be4e2019b6fa714e1fcb34485860ef1ede79']",0.4,0.6666666666666666,0.5,False,0.5714285714285714,2048,False,3
"[""test"", ""ci""]","[""test"", ""docs"", ""build""]",0.5714950561523438,"['f411e58cd510f8a2b980b2f1932003a0c0e9f8f3', '036a0ff49a7dade0e04c9c07071a1ff49133ee24', 'c44cf88a6ec54e5ddd99d8348bcc57b301ec7945']",0.5,0.3333333333333333,0.4,False,0.42857142857142855,2048,False,3
"[""feat"", ""test"", ""docs"", ""build"", ""refactor""]","[""feat"", ""test"", ""refactor""]",0.9846591949462891,"['6ed56ce9ae743ba9a87e6c9643cc06b1de7b748d', 'c7b25726df94a2530c9b1c0d2b6a0acaa103822f', '535708ae50aecb452560a23356fd396f99ef13a2']",0.6,1.0,0.7499999999999999,False,0.2857142857142857,2048,False,3
"[""feat"", ""refactor"", ""docs""]","[""docs"", ""feat"", ""fix""]",0.7855584621429443,"['6d405dfc1675dcad64a2dfac0c0cb0fb28381d21', 'ded26d768ff432ad3bde3c0aa1e95ce50726100a', 'd129eaf9125a967ac86c6c7276bbae6b4d50af36']",0.6666666666666666,0.6666666666666666,0.6666666666666666,False,0.2857142857142857,2048,False,3
"[""ci"", ""docs"", ""refactor""]","[""ci"", ""docs"", ""fix""]",0.836580753326416,"['e7a67d88173566be3cd3aed7e9eeb7e29aabbc57', 'c2ee5cd5e709afd15c5565ee009a0d204403a119', 'bed78248c941d57ad4cc20a455147e186e97c7a1']",0.6666666666666666,0.6666666666666666,0.6666666666666666,False,0.2857142857142857,2048,False,3
"[""ci"", ""docs"", ""feat""]","[""ci"", ""docs"", ""fix""]",0.7284648418426514,"['74e9de5ec97dc013a52aa063dff0f40ac74c407b', 'aca23027da1295c78fdf42ba9687d8ccc88784d7', 'd129eaf9125a967ac86c6c7276bbae6b4d50af36']",0.6666666666666666,0.6666666666666666,0.6666666666666666,False,0.2857142857142857,2048,False,3
"[""test"", ""refactor"", ""build""]","[""test"", ""fix"", ""build""]",0.7551183700561523,"['c7b25726df94a2530c9b1c0d2b6a0acaa103822f', 'bed78248c941d57ad4cc20a455147e186e97c7a1', 'c55591ba157298a9c5816693c102a89dfd058830']",0.6666666666666666,0.6666666666666666,0.6666666666666666,False,0.2857142857142857,2048,False,3
"[""ci"", ""docs"", ""refactor""]","[""docs"", ""ci"", ""fix""]",0.7923848628997803,"['a52a585d74894b3b4eeb8c784fa089ff95cddad0', 'e7a67d88173566be3cd3aed7e9eeb7e29aabbc57', 'bed78248c941d57ad4cc20a455147e186e97c7a1']",0.6666666666666666,0.6666666666666666,0.6666666666666666,False,0.2857142857142857,2048,False,3
"[""build"", ""ci"", ""test""]","[""build"", ""ci"", ""test""]",0.6414573192596436,"['f00a4d3e307b89842250358ee432e6800bb24362', '6c9cb638cb4d1ecc42632fcf389c24898c5b3244', 'c7b25726df94a2530c9b1c0d2b6a0acaa103822f']",1.0,1.0,1.0,True,0.0,2048,False,3
"[""feat"", ""refactor"", ""fix"", ""ci"", ""build"", ""test"", ""docs""]","[""refactor"", ""feat"", ""fix""]",1.1141953468322754,"['2954a0955ce9af6acb345ed1e8328e145ad30475', 'dc5238b2bda98a7c4f2fe9584fc3b0191a408109', '9ef5c0d14193a9abb09b39856f58477d1f4b0d77']",0.42857142857142855,1.0,0.6,False,0.5714285714285714,2048,False,3
"[""ci"", ""test"", ""refactor""]","[""ci"", ""test"", ""fix""]",0.702547550201416,"['4cbbd2552ba0de273e1dfe7d453c5b3efed751a3', 'f411e58cd510f8a2b980b2f1932003a0c0e9f8f3', '06e2be4e2019b6fa714e1fcb34485860ef1ede79']",0.6666666666666666,0.6666666666666666,0.6666666666666666,False,0.2857142857142857,2048,False,3
"[""feat"", ""refactor"", ""test"", ""ci"", ""build""]","[""feat"", ""refactor"", ""build""]",1.0640809535980225,"['b282e90e2cbb74559aab79eee8443a4d7c85502a', '1db13ec43727aca872a0f3836e4023ed85db665e', '37b1cbfd3d2c462ef4f2a131e4172c38dc8d9ddf']",0.6,1.0,0.7499999999999999,False,0.2857142857142857,2048,False,3
"[""feat"", ""refactor"", ""ci"", ""build""]","[""fix"", ""feat"", ""ci""]",0.9440596103668213,"['d129eaf9125a967ac86c6c7276bbae6b4d50af36', 'fd8e563cc19ca4684885d4692acee6bebcca4ada', '173553c0372e66e03bdab19e0e6c2dd44daa14a0']",0.5,0.6666666666666666,0.5714285714285715,False,0.42857142857142855,2048,False,3
"[""feat"", ""test""]","[""docs"", ""refactor"", ""test""]",0.6089737415313721,"['036a0ff49a7dade0e04c9c07071a1ff49133ee24', '63eab619e6166eb6cab948028a7b89bf059dd878', '229b53a632ea97d47c4be11f096bdd828fb415d8']",0.5,0.3333333333333333,0.4,False,0.42857142857142855,2048,False,3
"[""test"", ""ci"", ""feat""]","[""test"", ""ci"", ""feat""]",0.7892687320709229,"['c7b25726df94a2530c9b1c0d2b6a0acaa103822f', '32845e1bbd1efb5dbc16f671049509a409ba25ce', 'b282e90e2cbb74559aab79eee8443a4d7c85502a']",1.0,1.0,1.0,True,0.0,2048,False,3
"[""feat"", ""build"", ""refactor""]","[""feat"", ""build"", ""refactor""]",0.6737384796142578,"['f9a094918b62534614c47aa8a13f33aec751a1e0', '5b81fde8a72cf2e69a10e9f5c4f0bea0a2b8c3e0', '36556bf8e0bce4ab6d26eafacbdad04d9614a5d7']",1.0,1.0,1.0,True,0.0,2048,False,3
"[""feat"", ""refactor"", ""ci"", ""build""]","[""feat"", ""build"", ""docs""]",0.8615171909332275,"['e137f9fdbdb6bf3f85c3f7ac9323785e445844c8', '37b1cbfd3d2c462ef4f2a131e4172c38dc8d9ddf', 'e12d9e77a6fd531a22325337838a841b1c67f00d']",0.5,0.6666666666666666,0.5714285714285715,False,0.42857142857142855,2048,False,3
"[""build"", ""ci"", ""refactor""]","[""build"", ""refactor"", ""ci""]",0.6793344020843506,"['f00a4d3e307b89842250358ee432e6800bb24362', '36556bf8e0bce4ab6d26eafacbdad04d9614a5d7', '4cbbd2552ba0de273e1dfe7d453c5b3efed751a3']",1.0,1.0,1.0,True,0.0,2048,False,3
"[""feat"", ""docs"", ""ci"", ""build""]","[""docs"", ""ci"", ""build""]",0.8522155284881592,"['cb1f48b56ae0de93acb72e48726c7d610a1d538e', 'e96487ad7ce90b141219d9032fa2bed68d5dae6a', '454003841aabeb74396d73541378bfa59c75b5db']",0.75,1.0,0.8571428571428571,False,0.14285714285714285,2048,False,3
"[""feat"", ""test"", ""build"", ""ci""]","[""fix"", ""test"", ""build""]",0.7794451713562012,"['d129eaf9125a967ac86c6c7276bbae6b4d50af36', 'e2e8ad25854bd1e7cdbc7f50b50bbd99e04ad47d', '1269431c8a3e7549f10fcbbb4b88ff625c8898b3']",0.5,0.6666666666666666,0.5714285714285715,False,0.42857142857142855,2048,False,3
"[""feat"", ""docs"", ""refactor"", ""ci"", ""build"", ""test""]","[""refactor"", ""docs"", ""feat""]",0.9764196872711182,"['2954a0955ce9af6acb345ed1e8328e145ad30475', 'a52a585d74894b3b4eeb8c784fa089ff95cddad0', 'b282e90e2cbb74559aab79eee8443a4d7c85502a']",0.5,1.0,0.6666666666666666,False,0.42857142857142855,2048,False,3
"[""docs"", ""test""]","[""docs"", ""refactor"", ""test""]",0.6635839939117432,"['0cfc5633d37ea06f645649138323f1820e18bdee', '1db13ec43727aca872a0f3836e4023ed85db665e', 'bedc7950b24c37809e36a585b7985d5aa5e3e458']",1.0,0.6666666666666666,0.8,False,0.14285714285714285,2048,False,3
"[""fix"", ""docs"", ""test""]","[""fix"", ""docs"", ""test""]",0.5860641002655029,"['933ab6bb86372913c992567cf9660009900911a7', '0cfc5633d37ea06f645649138323f1820e18bdee', 'c7b25726df94a2530c9b1c0d2b6a0acaa103822f']",1.0,1.0,1.0,True,0.0,2048,False,3
"[""refactor"", ""ci"", ""test""]","[""refactor"", ""ci"", ""test""]",0.6864781379699707,"['36556bf8e0bce4ab6d26eafacbdad04d9614a5d7', '6c9cb638cb4d1ecc42632fcf389c24898c5b3244', '229b53a632ea97d47c4be11f096bdd828fb415d8']",1.0,1.0,1.0,True,0.0,2048,False,3
"[""ci"", ""test"", ""docs""]","[""ci"", ""test"", ""docs""]",0.7676458358764648,"['c5fa7b80438fbd74f4c341f0d3c9bd9e0f4910da', '229b53a632ea97d47c4be11f096bdd828fb415d8', 'aca23027da1295c78fdf42ba9687d8ccc88784d7']",1.0,1.0,1.0,True,0.0,2048,False,3
"[""feat"", ""refactor"", ""docs"", ""test"", ""ci"", ""build""]","[""feat"", ""docs"", ""fix""]",1.084578037261963,"['f823cf28652987d43c8324b4f5b203240032383a', '0cfc5633d37ea06f645649138323f1820e18bdee', '9ef5c0d14193a9abb09b39856f58477d1f4b0d77']",0.3333333333333333,0.6666666666666666,0.4444444444444444,False,0.7142857142857143,2048,False,3
"[""test"", ""build""]","[""test"", ""fix"", ""build""]",0.6421148777008057,"['317f4eefecddfb1392ca71d551840f446feee302', '06e2be4e2019b6fa714e1fcb34485860ef1ede79', 'c55591ba157298a9c5816693c102a89dfd058830']",1.0,0.6666666666666666,0.8,False,0.14285714285714285,2048,False,3
"[""feat"", ""refactor"", ""docs"", ""ci"", ""build"", ""test""]","[""feat"", ""docs"", ""refactor""]",1.0489811897277832,"['e137f9fdbdb6bf3f85c3f7ac9323785e445844c8', 'bf83c9155e9bee6925aa7102fab53fb803d52533', '36556bf8e0bce4ab6d26eafacbdad04d9614a5d7']",0.5,1.0,0.6666666666666666,False,0.42857142857142855,2048,False,3
"[""feat"", ""ci"", ""build""]","[""fix"", ""ci"", ""build""]",0.6592931747436523,"['d129eaf9125a967ac86c6c7276bbae6b4d50af36', '6c9cb638cb4d1ecc42632fcf389c24898c5b3244', 'c44cf88a6ec54e5ddd99d8348bcc57b301ec7945']",0.6666666666666666,0.6666666666666666,0.6666666666666666,False,0.2857142857142857,2048,False,3
"[""feat"", ""refactor"", ""docs""]","[""fix"", ""refactor"", ""docs""]",0.7404396533966064,"['2561f4ade46fc9d59f289f328cc77733a6443697', '2954a0955ce9af6acb345ed1e8328e145ad30475', 'a52a585d74894b3b4eeb8c784fa089ff95cddad0']",0.6666666666666666,0.6666666666666666,0.6666666666666666,False,0.2857142857142857,2048,False,3
"[""build"", ""refactor""]","[""build"", ""feat"", ""fix""]",0.5740926265716553,"['c55591ba157298a9c5816693c102a89dfd058830', 'dc5238b2bda98a7c4f2fe9584fc3b0191a408109', '9be725fa3906323d4bc9788f54eccf74109d632b']",0.5,0.3333333333333333,0.4,False,0.42857142857142855,2048,False,3
"[""test"", ""refactor""]","[""test"", ""refactor"", ""feat""]",0.6434445381164551,"['229b53a632ea97d47c4be11f096bdd828fb415d8', '36556bf8e0bce4ab6d26eafacbdad04d9614a5d7', 'ded26d768ff432ad3bde3c0aa1e95ce50726100a']",1.0,0.6666666666666666,0.8,False,0.14285714285714285,2048,False,3
"[""test"", ""ci"", ""build""]","[""test"", ""build"", ""ci""]",0.7545919418334961,"['e0198f74b81da3663144cfe1d971939319f82a0f', 'c55591ba157298a9c5816693c102a89dfd058830', 'e7a67d88173566be3cd3aed7e9eeb7e29aabbc57']",1.0,1.0,1.0,True,0.0,2048,False,3
"[""test"", ""refactor"", ""docs""]","[""test"", ""fix"", ""docs""]",0.7767555713653564,"['bedc7950b24c37809e36a585b7985d5aa5e3e458', '933ab6bb86372913c992567cf9660009900911a7', '6d405dfc1675dcad64a2dfac0c0cb0fb28381d21']",0.6666666666666666,0.6666666666666666,0.6666666666666666,False,0.2857142857142857,2048,False,3
"[""feat"", ""test"", ""refactor"", ""ci"", ""build"", ""docs""]","[""fix"", ""build"", ""test""]",1.0493083000183105,"['d129eaf9125a967ac86c6c7276bbae6b4d50af36', '32b92cfa0b74a6c25990e32ac6aab12b8496794c', '317f4eefecddfb1392ca71d551840f446feee302']",0.3333333333333333,0.6666666666666666,0.4444444444444444,False,0.7142857142857143,2048,False,3
"[""feat"", ""refactor"", ""ci"", ""build"", ""test""]","[""feat"", ""fix"", ""ci""]",0.9959137439727783,"['f823cf28652987d43c8324b4f5b203240032383a', '9be725fa3906323d4bc9788f54eccf74109d632b', '32845e1bbd1efb5dbc16f671049509a409ba25ce']",0.4,0.6666666666666666,0.5,False,0.5714285714285714,2048,False,3
"[""refactor"", ""ci""]","[""fix"", ""docs"", ""build""]",0.656402587890625,"['9ef5c0d14193a9abb09b39856f58477d1f4b0d77', 'a52a585d74894b3b4eeb8c784fa089ff95cddad0', '37b1cbfd3d2c462ef4f2a131e4172c38dc8d9ddf']",0.0,0.0,0.0,False,0.7142857142857143,2048,False,3
"[""feat"", ""ci"", ""docs""]","[""fix"", ""ci"", ""docs""]",0.6775116920471191,"['87d5d4e55ab7149b593d29410f1fe426ba2447d4', '4cbbd2552ba0de273e1dfe7d453c5b3efed751a3', '6d405dfc1675dcad64a2dfac0c0cb0fb28381d21']",0.6666666666666666,0.6666666666666666,0.6666666666666666,False,0.2857142857142857,2048,False,3
"[""feat"", ""docs"", ""refactor"", ""build""]","[""feat"", ""docs"", ""fix""]",0.9795615673065186,"['fd8e563cc19ca4684885d4692acee6bebcca4ada', 'cb1f48b56ae0de93acb72e48726c7d610a1d538e', 'bed78248c941d57ad4cc20a455147e186e97c7a1']",0.5,0.6666666666666666,0.5714285714285715,False,0.42857142857142855,2048,False,3
"[""feat"", ""refactor"", ""ci"", ""build"", ""test"", ""docs""]","[""feat"", ""fix"", ""refactor""]",1.1445775032043457,"['1bcf88670b50155b50071e707f98f30cea0b7a24', '9ef5c0d14193a9abb09b39856f58477d1f4b0d77', '062daa45cbd5dba6e96e95d8cdcaee89ae30a83c']",0.3333333333333333,0.6666666666666666,0.4444444444444444,False,0.7142857142857143,2048,False,3
"[""refactor"", ""docs"", ""test"", ""build"", ""feat""]","[""fix"", ""docs"", ""test""]",0.9940998554229736,"['bed78248c941d57ad4cc20a455147e186e97c7a1', 'a52a585d74894b3b4eeb8c784fa089ff95cddad0', 'e9617f0854030e70365eb264bcb3b58078e79e9e']",0.4,0.6666666666666666,0.5,False,0.5714285714285714,2048,False,3
"[""docs"", ""ci"", ""refactor""]","[""docs"", ""ci"", ""feat""]",0.7598142623901367,"['c2ee5cd5e709afd15c5565ee009a0d204403a119', 'dbb537a26e388a8d7d17faf131abc30c2f7a84e6', 'ded26d768ff432ad3bde3c0aa1e95ce50726100a']",0.6666666666666666,0.6666666666666666,0.6666666666666666,False,0.2857142857142857,2048,False,3
"[""build"", ""ci"", ""refactor""]","[""build"", ""ci"", ""refactor""]",0.7891733646392822,"['454003841aabeb74396d73541378bfa59c75b5db', 'dbb537a26e388a8d7d17faf131abc30c2f7a84e6', '062daa45cbd5dba6e96e95d8cdcaee89ae30a83c']",1.0,1.0,1.0,True,0.0,2048,False,3
"[""feat"", ""test"", ""refactor"", ""ci"", ""build"", ""docs""]","[""feat"", ""fix"", ""test""]",1.093048095703125,"['fd8e563cc19ca4684885d4692acee6bebcca4ada', 'd1d55e787b7d07f763852602b9939a5394607fd9', 'b7ce2894fd1794064bd6db4ed730bb6cb7728739']",0.3333333333333333,0.6666666666666666,0.4444444444444444,False,0.7142857142857143,2048,False,3
"[""docs"", ""test"", ""ci"", ""build""]","[""docs"", ""test"", ""build""]",0.8297877311706543,"['bf83c9155e9bee6925aa7102fab53fb803d52533', 'b7ce2894fd1794064bd6db4ed730bb6cb7728739', '37b1cbfd3d2c462ef4f2a131e4172c38dc8d9ddf']",0.75,1.0,0.8571428571428571,False,0.14285714285714285,2048,False,3
"[""feat"", ""test"", ""ci"", ""build""]","[""fix"", ""ci"", ""test""]",0.910123348236084,"['d129eaf9125a967ac86c6c7276bbae6b4d50af36', 'e7a67d88173566be3cd3aed7e9eeb7e29aabbc57', '317f4eefecddfb1392ca71d551840f446feee302']",0.5,0.6666666666666666,0.5714285714285715,False,0.42857142857142855,2048,False,3
"[""docs"", ""ci"", ""refactor""]","[""docs"", ""fix"", ""ci""]",0.6860415935516357,"['c2ee5cd5e709afd15c5565ee009a0d204403a119', 'd1d55e787b7d07f763852602b9939a5394607fd9', '6c9cb638cb4d1ecc42632fcf389c24898c5b3244']",0.6666666666666666,0.6666666666666666,0.6666666666666666,False,0.2857142857142857,2048,False,3
"[""ci"", ""refactor""]","[""ci"", ""fix"", ""docs""]",0.5550799369812012,"['dbb537a26e388a8d7d17faf131abc30c2f7a84e6', 'c8e0ae8612df3d6f2831acc004aaac332f6105e4', 'e12d9e77a6fd531a22325337838a841b1c67f00d']",0.5,0.3333333333333333,0.4,False,0.42857142857142855,2048,False,3
"[""build"", ""docs"", ""feat"", ""refactor""]","[""build"", ""docs"", ""refactor""]",0.78061842918396,"['c55591ba157298a9c5816693c102a89dfd058830', 'c2ee5cd5e709afd15c5565ee009a0d204403a119', 'a62314d9bb632be6af026686615d14b912250512']",0.75,1.0,0.8571428571428571,False,0.14285714285714285,2048,False,3
"[""refactor"", ""build"", ""ci"", ""test"", ""docs""]","[""fix"", ""build"", ""refactor""]",0.9162402153015137,"['d1d55e787b7d07f763852602b9939a5394607fd9', '32b92cfa0b74a6c25990e32ac6aab12b8496794c', '062daa45cbd5dba6e96e95d8cdcaee89ae30a83c']",0.4,0.6666666666666666,0.5,False,0.5714285714285714,2048,False,3
"[""test"", ""ci"", ""refactor""]","[""test"", ""docs"", ""build""]",0.7057461738586426,"['f411e58cd510f8a2b980b2f1932003a0c0e9f8f3', 'af880ac5b4fecbc6c4f3d1eee0d95f326e8bd9d1', '1269431c8a3e7549f10fcbbb4b88ff625c8898b3']",0.3333333333333333,0.3333333333333333,0.3333333333333333,False,0.5714285714285714,2048,False,3
"[""feat"", ""test""]","[""feat"", ""fix"", ""test""]",0.6150698661804199,"['f9a094918b62534614c47aa8a13f33aec751a1e0', '87d5d4e55ab7149b593d29410f1fe426ba2447d4', '317f4eefecddfb1392ca71d551840f446feee302']",1.0,0.6666666666666666,0.8,False,0.14285714285714285,2048,False,3
"[""test"", ""feat"", ""build""]","[""test"", ""fix"", ""feat""]",0.7325229644775391,"['229b53a632ea97d47c4be11f096bdd828fb415d8', 'c8e0ae8612df3d6f2831acc004aaac332f6105e4', 'f823cf28652987d43c8324b4f5b203240032383a']",0.6666666666666666,0.6666666666666666,0.6666666666666666,False,0.2857142857142857,2048,False,3
"[""feat"", ""refactor"", ""test""]","[""feat"", ""fix"", ""docs""]",0.6546142101287842,"['dc5238b2bda98a7c4f2fe9584fc3b0191a408109', '06e2be4e2019b6fa714e1fcb34485860ef1ede79', 'af880ac5b4fecbc6c4f3d1eee0d95f326e8bd9d1']",0.3333333333333333,0.3333333333333333,0.3333333333333333,False,0.5714285714285714,2048,False,3
"[""ci"", ""test"", ""refactor""]","[""ci"", ""docs"", ""test""]",0.7604925632476807,"['173553c0372e66e03bdab19e0e6c2dd44daa14a0', 'e12d9e77a6fd531a22325337838a841b1c67f00d', 'c7b25726df94a2530c9b1c0d2b6a0acaa103822f']",0.6666666666666666,0.6666666666666666,0.6666666666666666,False,0.2857142857142857,2048,False,3
"[""ci"", ""refactor""]","[""ci"", ""fix"", ""docs""]",0.6299741268157959,"['dbb537a26e388a8d7d17faf131abc30c2f7a84e6', '2561f4ade46fc9d59f289f328cc77733a6443697', 'e12d9e77a6fd531a22325337838a841b1c67f00d']",0.5,0.3333333333333333,0.4,False,0.42857142857142855,2048,False,3
"[""feat"", ""refactor"", ""test""]","[""feat"", ""fix"", ""test""]",0.7646074295043945,"['f823cf28652987d43c8324b4f5b203240032383a', '9ef5c0d14193a9abb09b39856f58477d1f4b0d77', '229b53a632ea97d47c4be11f096bdd828fb415d8']",0.6666666666666666,0.6666666666666666,0.6666666666666666,False,0.2857142857142857,2048,False,3
"[""feat"", ""ci"", ""test"", ""docs"", ""build"", ""refactor""]","[""docs"", ""ci"", ""feat""]",1.1581439971923828,"['6d405dfc1675dcad64a2dfac0c0cb0fb28381d21', '173553c0372e66e03bdab19e0e6c2dd44daa14a0', 'b282e90e2cbb74559aab79eee8443a4d7c85502a']",0.5,1.0,0.6666666666666666,False,0.42857142857142855,2048,False,3
"[""ci"", ""refactor""]","[""ci"", ""docs"", ""build""]",0.6577942371368408,"['c5fa7b80438fbd74f4c341f0d3c9bd9e0f4910da', '036a0ff49a7dade0e04c9c07071a1ff49133ee24', 'c44cf88a6ec54e5ddd99d8348bcc57b301ec7945']",0.5,0.3333333333333333,0.4,False,0.42857142857142855,2048,False,3
"[""ci"", ""feat"", ""build""]","[""ci"", ""feat"", ""build""]",0.8302547931671143,"['32845e1bbd1efb5dbc16f671049509a409ba25ce', 'b282e90e2cbb74559aab79eee8443a4d7c85502a', '37b1cbfd3d2c462ef4f2a131e4172c38dc8d9ddf']",1.0,1.0,1.0,True,0.0,2048,False,3
"[""test"", ""feat"", ""build""]","[""test"", ""build"", ""fix"", ""feat""]",0.7343449592590332,"['e0198f74b81da3663144cfe1d971939319f82a0f', 'f00a4d3e307b89842250358ee432e6800bb24362', 'd129eaf9125a967ac86c6c7276bbae6b4d50af36', 'dc5238b2bda98a7c4f2fe9584fc3b0191a408109']",1.0,0.75,0.8571428571428571,False,0.14285714285714285,2048,False,4
"[""ci"", ""test"", ""refactor""]","[""ci"", ""build"", ""test"", ""docs""]",0.783597469329834,"['c5fa7b80438fbd74f4c341f0d3c9bd9e0f4910da', '1269431c8a3e7549f10fcbbb4b88ff625c8898b3', 'e2e8ad25854bd1e7cdbc7f50b50bbd99e04ad47d', '036a0ff49a7dade0e04c9c07071a1ff49133ee24']",0.6666666666666666,0.5,0.5714285714285715,False,0.42857142857142855,2048,False,4
"[""refactor"", ""docs"", ""test""]","[""refactor"", ""feat"", ""docs"", ""test""]",0.7518770694732666,"['3cca5c314ad6feeffbfe1f14cf49ebd0fd9a95a2', 'dc5238b2bda98a7c4f2fe9584fc3b0191a408109', 'aca23027da1295c78fdf42ba9687d8ccc88784d7', '229b53a632ea97d47c4be11f096bdd828fb415d8']",1.0,0.75,0.8571428571428571,False,0.14285714285714285,2048,False,4
"[""feat"", ""refactor"", ""build"", ""test""]","[""fix"", ""test"", ""build"", ""refactor""]",0.9202117919921875,"['d1d55e787b7d07f763852602b9939a5394607fd9', 'bedc7950b24c37809e36a585b7985d5aa5e3e458', 'c55591ba157298a9c5816693c102a89dfd058830', '535708ae50aecb452560a23356fd396f99ef13a2']",0.75,0.75,0.75,False,0.2857142857142857,2048,False,4
"[""ci"", ""docs"", ""refactor"", ""build""]","[""docs"", ""build"", ""ci"", ""feat""]",0.8884186744689941,"['a52a585d74894b3b4eeb8c784fa089ff95cddad0', '1269431c8a3e7549f10fcbbb4b88ff625c8898b3', '45837af24a33308a70a3454f0f650f9fe728e272', 'e137f9fdbdb6bf3f85c3f7ac9323785e445844c8']",0.75,0.75,0.75,False,0.2857142857142857,2048,False,4
"[""ci"", ""test"", ""docs"", ""refactor"", ""feat""]","[""test"", ""fix"", ""refactor"", ""ci""]",1.078660488128662,"['e9617f0854030e70365eb264bcb3b58078e79e9e', 'bed78248c941d57ad4cc20a455147e186e97c7a1', '535708ae50aecb452560a23356fd396f99ef13a2', 'c5fa7b80438fbd74f4c341f0d3c9bd9e0f4910da']",0.6,0.75,0.6666666666666665,False,0.42857142857142855,2048,False,4
"[""ci"", ""feat"", ""refactor"", ""build""]","[""ci"", ""fix"", ""feat"", ""refactor""]",0.9782698154449463,"['e7a67d88173566be3cd3aed7e9eeb7e29aabbc57', 'bed78248c941d57ad4cc20a455147e186e97c7a1', 'f823cf28652987d43c8324b4f5b203240032383a', '2954a0955ce9af6acb345ed1e8328e145ad30475']",0.75,0.75,0.75,False,0.2857142857142857,2048,False,4
"[""docs"", ""ci"", ""test"", ""build""]","[""docs"", ""ci"", ""test"", ""refactor""]",0.949824333190918,"['aca23027da1295c78fdf42ba9687d8ccc88784d7', '74e9de5ec97dc013a52aa063dff0f40ac74c407b', '317f4eefecddfb1392ca71d551840f446feee302', '3cca5c314ad6feeffbfe1f14cf49ebd0fd9a95a2']",0.75,0.75,0.75,False,0.2857142857142857,2048,False,4
"[""refactor"", ""ci"", ""docs""]","[""fix"", ""feat"", ""build"", ""docs""]",0.7460870742797852,"['9be725fa3906323d4bc9788f54eccf74109d632b', 'e137f9fdbdb6bf3f85c3f7ac9323785e445844c8', 'c323d59c607cabc91f17a78528d998f376f30b10', '0cfc5633d37ea06f645649138323f1820e18bdee']",0.3333333333333333,0.25,0.28571428571428575,False,0.7142857142857143,2048,False,4
"[""docs"", ""feat"", ""fix"", ""refactor"", ""test""]","[""docs"", ""feat"", ""test"", ""fix""]",0.9953048229217529,"['0cfc5633d37ea06f645649138323f1820e18bdee', '1bcf88670b50155b50071e707f98f30cea0b7a24', '229b53a632ea97d47c4be11f096bdd828fb415d8', '87d5d4e55ab7149b593d29410f1fe426ba2447d4']",0.8,1.0,0.888888888888889,False,0.14285714285714285,2048,False,4
"[""build"", ""ci"", ""refactor"", ""test""]","[""build"", ""refactor"", ""test"", ""ci""]",0.8631026744842529,"['c55591ba157298a9c5816693c102a89dfd058830', '062daa45cbd5dba6e96e95d8cdcaee89ae30a83c', 'c7b25726df94a2530c9b1c0d2b6a0acaa103822f', 'dbb537a26e388a8d7d17faf131abc30c2f7a84e6']",1.0,1.0,1.0,True,0.0,2048,False,4
"[""feat"", ""test"", ""refactor"", ""ci"", ""build""]","[""feat"", ""fix"", ""test"", ""refactor""]",0.9029228687286377,"['dc5238b2bda98a7c4f2fe9584fc3b0191a408109', 'c8e0ae8612df3d6f2831acc004aaac332f6105e4', 'f411e58cd510f8a2b980b2f1932003a0c0e9f8f3', '47ef9104e4a89e80d7cc6c1950bc080841da4a7b']",0.6,0.75,0.6666666666666665,False,0.42857142857142855,2048,False,4
"[""feat"", ""refactor"", ""docs"", ""ci"", ""test""]","[""refactor"", ""docs"", ""test"", ""ci""]",1.0311946868896484,"['63eab619e6166eb6cab948028a7b89bf059dd878', 'aca23027da1295c78fdf42ba9687d8ccc88784d7', 'f411e58cd510f8a2b980b2f1932003a0c0e9f8f3', 'e7a67d88173566be3cd3aed7e9eeb7e29aabbc57']",0.8,1.0,0.888888888888889,False,0.14285714285714285,2048,False,4
"[""docs"", ""refactor"", ""test"", ""build"", ""ci"", ""feat"", ""fix""]","[""docs"", ""refactor"", ""test"", ""fix""]",1.2471890449523926,"['aca23027da1295c78fdf42ba9687d8ccc88784d7', '062daa45cbd5dba6e96e95d8cdcaee89ae30a83c', 'b7ce2894fd1794064bd6db4ed730bb6cb7728739', '06e2be4e2019b6fa714e1fcb34485860ef1ede79']",0.5714285714285714,1.0,0.7272727272727273,False,0.42857142857142855,2048,False,4
"[""test"", ""ci"", ""docs""]","[""test"", ""docs"", ""build"", ""ci""]",0.8163886070251465,"['317f4eefecddfb1392ca71d551840f446feee302', 'aca23027da1295c78fdf42ba9687d8ccc88784d7', 'f00a4d3e307b89842250358ee432e6800bb24362', '32845e1bbd1efb5dbc16f671049509a409ba25ce']",1.0,0.75,0.8571428571428571,False,0.14285714285714285,2048,False,4
"[""refactor"", ""test"", ""ci"", ""build"", ""docs""]","[""fix"", ""refactor"", ""docs"", ""test""]",0.9237940311431885,"['933ab6bb86372913c992567cf9660009900911a7', '3cca5c314ad6feeffbfe1f14cf49ebd0fd9a95a2', 'a52a585d74894b3b4eeb8c784fa089ff95cddad0', '229b53a632ea97d47c4be11f096bdd828fb415d8']",0.6,0.75,0.6666666666666665,False,0.42857142857142855,2048,False,4
"[""feat"", ""refactor"", ""ci"", ""docs"", ""build""]","[""refactor"", ""ci"", ""docs"", ""build""]",0.9827685356140137,"['63eab619e6166eb6cab948028a7b89bf059dd878', '6c9cb638cb4d1ecc42632fcf389c24898c5b3244', 'a52a585d74894b3b4eeb8c784fa089ff95cddad0', 'c55591ba157298a9c5816693c102a89dfd058830']",0.8,1.0,0.888888888888889,False,0.14285714285714285,2048,False,4
"[""ci"", ""build"", ""test"", ""refactor"", ""fix""]","[""ci"", ""build"", ""test"", ""fix""]",1.0445103645324707,"['173553c0372e66e03bdab19e0e6c2dd44daa14a0', 'c55591ba157298a9c5816693c102a89dfd058830', '8ee0611fbf0cd89abe7ae588f22e6ecb843598ea', '87d5d4e55ab7149b593d29410f1fe426ba2447d4']",0.8,1.0,0.888888888888889,False,0.14285714285714285,2048,False,4
"[""ci"", ""build"", ""refactor""]","[""ci"", ""build"", ""feat"", ""fix""]",0.7893507480621338,"['32845e1bbd1efb5dbc16f671049509a409ba25ce', '32b92cfa0b74a6c25990e32ac6aab12b8496794c', 'fd8e563cc19ca4684885d4692acee6bebcca4ada', '933ab6bb86372913c992567cf9660009900911a7']",0.6666666666666666,0.5,0.5714285714285715,False,0.42857142857142855,2048,False,4
"[""test"", ""build""]","[""test"", ""build"", ""fix"", ""feat""]",0.7320921421051025,"['317f4eefecddfb1392ca71d551840f446feee302', '454003841aabeb74396d73541378bfa59c75b5db', '933ab6bb86372913c992567cf9660009900911a7', '6ed56ce9ae743ba9a87e6c9643cc06b1de7b748d']",1.0,0.5,0.6666666666666666,False,0.2857142857142857,2048,False,4
"[""feat"", ""docs"", ""test"", ""refactor"", ""ci"", ""build""]","[""fix"", ""docs"", ""test"", ""refactor""]",1.0885107517242432,"['d1d55e787b7d07f763852602b9939a5394607fd9', '6d405dfc1675dcad64a2dfac0c0cb0fb28381d21', 'e0198f74b81da3663144cfe1d971939319f82a0f', '36556bf8e0bce4ab6d26eafacbdad04d9614a5d7']",0.5,0.75,0.6,False,0.5714285714285714,2048,False,4
"[""ci"", ""docs"", ""feat"", ""refactor"", ""test""]","[""ci"", ""docs"", ""build"", ""feat""]",1.0360770225524902,"['e7a67d88173566be3cd3aed7e9eeb7e29aabbc57', '6d405dfc1675dcad64a2dfac0c0cb0fb28381d21', 'c44cf88a6ec54e5ddd99d8348bcc57b301ec7945', 'f9a094918b62534614c47aa8a13f33aec751a1e0']",0.6,0.75,0.6666666666666665,False,0.42857142857142855,2048,False,4
"[""feat"", ""refactor"", ""test"", ""docs"", ""build"", ""ci""]","[""fix"", ""test"", ""feat"", ""docs""]",1.2064099311828613,"['2561f4ade46fc9d59f289f328cc77733a6443697', 'e0198f74b81da3663144cfe1d971939319f82a0f', '1bcf88670b50155b50071e707f98f30cea0b7a24', '6d405dfc1675dcad64a2dfac0c0cb0fb28381d21']",0.5,0.75,0.6,False,0.5714285714285714,2048,False,4
"[""ci"", ""refactor"", ""test""]","[""ci"", ""fix"", ""test"", ""docs""]",0.745323896408081,"['4cbbd2552ba0de273e1dfe7d453c5b3efed751a3', '933ab6bb86372913c992567cf9660009900911a7', 'b7ce2894fd1794064bd6db4ed730bb6cb7728739', 'af880ac5b4fecbc6c4f3d1eee0d95f326e8bd9d1']",0.6666666666666666,0.5,0.5714285714285715,False,0.42857142857142855,2048,False,4
"[""feat"", ""refactor"", ""ci"", ""build"", ""test"", ""docs""]","[""feat"", ""ci"", ""refactor"", ""fix""]",1.1700217723846436,"['f823cf28652987d43c8324b4f5b203240032383a', '45837af24a33308a70a3454f0f650f9fe728e272', '36556bf8e0bce4ab6d26eafacbdad04d9614a5d7', 'bed78248c941d57ad4cc20a455147e186e97c7a1']",0.5,0.75,0.6,False,0.5714285714285714,2048,False,4
"[""feat"", ""refactor"", ""docs"", ""test"", ""ci"", ""build""]","[""refactor"", ""feat"", ""docs"", ""build""]",1.1259987354278564,"['63eab619e6166eb6cab948028a7b89bf059dd878', 'e137f9fdbdb6bf3f85c3f7ac9323785e445844c8', 'a52a585d74894b3b4eeb8c784fa089ff95cddad0', 'f00a4d3e307b89842250358ee432e6800bb24362']",0.6666666666666666,1.0,0.8,False,0.2857142857142857,2048,False,4
"[""build"", ""ci"", ""docs"", ""feat"", ""fix"", ""refactor"", ""test""]","[""build"", ""test"", ""ci"", ""refactor""]",1.324587345123291,"['1269431c8a3e7549f10fcbbb4b88ff625c8898b3', '8ee0611fbf0cd89abe7ae588f22e6ecb843598ea', '45837af24a33308a70a3454f0f650f9fe728e272', '63eab619e6166eb6cab948028a7b89bf059dd878']",0.5714285714285714,1.0,0.7272727272727273,False,0.42857142857142855,2048,False,4
"[""build"", ""docs"", ""feat"", ""refactor"", ""test""]","[""build"", ""docs"", ""feat"", ""fix""]",1.0832703113555908,"['37b1cbfd3d2c462ef4f2a131e4172c38dc8d9ddf', '6d405dfc1675dcad64a2dfac0c0cb0fb28381d21', 'b282e90e2cbb74559aab79eee8443a4d7c85502a', '2561f4ade46fc9d59f289f328cc77733a6443697']",0.6,0.75,0.6666666666666665,False,0.42857142857142855,2048,False,4
"[""build"", ""ci"", ""test"", ""feat"", ""refactor""]","[""build"", ""test"", ""ci"", ""feat""]",1.083043098449707,"['c55591ba157298a9c5816693c102a89dfd058830', '317f4eefecddfb1392ca71d551840f446feee302', 'c5fa7b80438fbd74f4c341f0d3c9bd9e0f4910da', '6ed56ce9ae743ba9a87e6c9643cc06b1de7b748d']",0.8,1.0,0.888888888888889,False,0.14285714285714285,2048,False,4
"[""feat"", ""refactor"", ""docs"", ""build""]","[""fix"", ""build"", ""docs"", ""refactor""]",0.8457775115966797,"['933ab6bb86372913c992567cf9660009900911a7', '5b81fde8a72cf2e69a10e9f5c4f0bea0a2b8c3e0', 'c2ee5cd5e709afd15c5565ee009a0d204403a119', '3cca5c314ad6feeffbfe1f14cf49ebd0fd9a95a2']",0.75,0.75,0.75,False,0.2857142857142857,2048,False,4
"[""ci"", ""refactor""]","[""fix"", ""feat"", ""docs"", ""ci""]",0.5754857063293457,"['933ab6bb86372913c992567cf9660009900911a7', 'dc5238b2bda98a7c4f2fe9584fc3b0191a408109', '036a0ff49a7dade0e04c9c07071a1ff49133ee24', 'e7a67d88173566be3cd3aed7e9eeb7e29aabbc57']",0.5,0.25,0.3333333333333333,False,0.5714285714285714,2048,False,4
"[""feat"", ""refactor"", ""test""]","[""docs"", ""fix"", ""feat"", ""refactor""]",0.6878354549407959,"['af880ac5b4fecbc6c4f3d1eee0d95f326e8bd9d1', 'c8e0ae8612df3d6f2831acc004aaac332f6105e4', 'f9a094918b62534614c47aa8a13f33aec751a1e0', '47ef9104e4a89e80d7cc6c1950bc080841da4a7b']",0.6666666666666666,0.5,0.5714285714285715,False,0.42857142857142855,2048,False,4
"[""feat"", ""ci"", ""refactor"", ""build""]","[""fix"", ""build"", ""feat"", ""ci""]",0.8983395099639893,"['d129eaf9125a967ac86c6c7276bbae6b4d50af36', '1269431c8a3e7549f10fcbbb4b88ff625c8898b3', 'e137f9fdbdb6bf3f85c3f7ac9323785e445844c8', '173553c0372e66e03bdab19e0e6c2dd44daa14a0']",0.75,0.75,0.75,False,0.2857142857142857,2048,False,4
"[""feat"", ""fix"", ""refactor"", ""docs"", ""test"", ""ci"", ""build""]","[""feat"", ""refactor"", ""test"", ""build""]",1.1941897869110107,"['dc5238b2bda98a7c4f2fe9584fc3b0191a408109', '771857b1df9470ebc15357e8879118a72c649d5b', 'b7ce2894fd1794064bd6db4ed730bb6cb7728739', 'c323d59c607cabc91f17a78528d998f376f30b10']",0.5714285714285714,1.0,0.7272727272727273,False,0.42857142857142855,2048,False,4
"[""build"", ""test"", ""ci"", ""feat""]","[""build"", ""test"", ""ci"", ""fix""]",0.8635084629058838,"['5b81fde8a72cf2e69a10e9f5c4f0bea0a2b8c3e0', 'b7ce2894fd1794064bd6db4ed730bb6cb7728739', '74e9de5ec97dc013a52aa063dff0f40ac74c407b', 'd129eaf9125a967ac86c6c7276bbae6b4d50af36']",0.75,0.75,0.75,False,0.2857142857142857,2048,False,4
"[""test"", ""ci"", ""refactor""]","[""docs"", ""feat"", ""build"", ""ci""]",0.796140193939209,"['af880ac5b4fecbc6c4f3d1eee0d95f326e8bd9d1', 'ded26d768ff432ad3bde3c0aa1e95ce50726100a', '454003841aabeb74396d73541378bfa59c75b5db', '4cbbd2552ba0de273e1dfe7d453c5b3efed751a3']",0.3333333333333333,0.25,0.28571428571428575,False,0.7142857142857143,2048,False,4
"[""feat"", ""ci"", ""build""]","[""docs"", ""refactor"", ""ci"", ""build""]",0.7642345428466797,"['036a0ff49a7dade0e04c9c07071a1ff49133ee24', '535708ae50aecb452560a23356fd396f99ef13a2', 'e7a67d88173566be3cd3aed7e9eeb7e29aabbc57', 'c55591ba157298a9c5816693c102a89dfd058830']",0.6666666666666666,0.5,0.5714285714285715,False,0.42857142857142855,2048,False,4
"[""feat"", ""ci"", ""refactor"", ""docs""]","[""refactor"", ""ci"", ""fix"", ""docs""]",0.8624768257141113,"['2954a0955ce9af6acb345ed1e8328e145ad30475', '6c9cb638cb4d1ecc42632fcf389c24898c5b3244', 'd1d55e787b7d07f763852602b9939a5394607fd9', '6d405dfc1675dcad64a2dfac0c0cb0fb28381d21']",0.75,0.75,0.75,False,0.2857142857142857,2048,False,4
"[""test"", ""ci"", ""docs"", ""refactor""]","[""test"", ""ci"", ""docs"", ""feat""]",0.8284652233123779,"['229b53a632ea97d47c4be11f096bdd828fb415d8', '4cbbd2552ba0de273e1dfe7d453c5b3efed751a3', 'bf83c9155e9bee6925aa7102fab53fb803d52533', 'ded26d768ff432ad3bde3c0aa1e95ce50726100a']",0.75,0.75,0.75,False,0.2857142857142857,2048,False,4
"[""feat"", ""refactor"", ""test"", ""ci"", ""build""]","[""refactor"", ""fix"", ""test"", ""feat""]",1.0316543579101562,"['47ef9104e4a89e80d7cc6c1950bc080841da4a7b', '9ef5c0d14193a9abb09b39856f58477d1f4b0d77', 'b7ce2894fd1794064bd6db4ed730bb6cb7728739', '1bcf88670b50155b50071e707f98f30cea0b7a24']",0.6,0.75,0.6666666666666665,False,0.42857142857142855,2048,False,4
"[""feat"", ""refactor"", ""ci"", ""test"", ""docs"", ""build""]","[""docs"", ""feat"", ""ci"", ""refactor""]",1.1516544818878174,"['e12d9e77a6fd531a22325337838a841b1c67f00d', 'fd8e563cc19ca4684885d4692acee6bebcca4ada', '173553c0372e66e03bdab19e0e6c2dd44daa14a0', '535708ae50aecb452560a23356fd396f99ef13a2']",0.6666666666666666,1.0,0.8,False,0.2857142857142857,2048,False,4
"[""test"", ""ci"", ""refactor""]","[""refactor"", ""feat"", ""docs"", ""ci""]",0.8584706783294678,"['1db13ec43727aca872a0f3836e4023ed85db665e', 'b282e90e2cbb74559aab79eee8443a4d7c85502a', 'e12d9e77a6fd531a22325337838a841b1c67f00d', '74e9de5ec97dc013a52aa063dff0f40ac74c407b']",0.6666666666666666,0.5,0.5714285714285715,False,0.42857142857142855,2048,False,4
"[""docs"", ""ci"", ""test"", ""refactor""]","[""docs"", ""ci"", ""refactor"", ""test""]",0.9336531162261963,"['aca23027da1295c78fdf42ba9687d8ccc88784d7', '74e9de5ec97dc013a52aa063dff0f40ac74c407b', '2954a0955ce9af6acb345ed1e8328e145ad30475', 'f411e58cd510f8a2b980b2f1932003a0c0e9f8f3']",1.0,1.0,1.0,True,0.0,2048,False,4
"[""test"", ""ci"", ""docs""]","[""test"", ""docs"", ""ci"", ""fix""]",0.709531307220459,"['b7ce2894fd1794064bd6db4ed730bb6cb7728739', 'af880ac5b4fecbc6c4f3d1eee0d95f326e8bd9d1', '6c9cb638cb4d1ecc42632fcf389c24898c5b3244', 'd129eaf9125a967ac86c6c7276bbae6b4d50af36']",1.0,0.75,0.8571428571428571,False,0.14285714285714285,2048,False,4
"[""ci"", ""test"", ""docs"", ""refactor""]","[""ci"", ""refactor"", ""test"", ""docs""]",0.9437060356140137,"['e7a67d88173566be3cd3aed7e9eeb7e29aabbc57', '36556bf8e0bce4ab6d26eafacbdad04d9614a5d7', '8ee0611fbf0cd89abe7ae588f22e6ecb843598ea', 'c2ee5cd5e709afd15c5565ee009a0d204403a119']",1.0,1.0,1.0,True,0.0,2048,False,4
"[""docs"", ""test"", ""build"", ""ci""]","[""docs"", ""feat"", ""test"", ""build""]",0.9738669395446777,"['0cfc5633d37ea06f645649138323f1820e18bdee', 'fd8e563cc19ca4684885d4692acee6bebcca4ada', 'e9617f0854030e70365eb264bcb3b58078e79e9e', '1269431c8a3e7549f10fcbbb4b88ff625c8898b3']",0.75,0.75,0.75,False,0.2857142857142857,2048,False,4
"[""refactor"", ""test"", ""ci"", ""build"", ""docs""]","[""refactor"", ""feat"", ""test"", ""fix""]",1.047060489654541,"['47ef9104e4a89e80d7cc6c1950bc080841da4a7b', 'b282e90e2cbb74559aab79eee8443a4d7c85502a', 'e0198f74b81da3663144cfe1d971939319f82a0f', 'bed78248c941d57ad4cc20a455147e186e97c7a1']",0.4,0.5,0.4444444444444445,False,0.7142857142857143,2048,False,4
"[""ci"", ""build"", ""test"", ""refactor"", ""fix""]","[""build"", ""ci"", ""fix"", ""refactor""]",1.0513560771942139,"['454003841aabeb74396d73541378bfa59c75b5db', '173553c0372e66e03bdab19e0e6c2dd44daa14a0', 'd129eaf9125a967ac86c6c7276bbae6b4d50af36', '63eab619e6166eb6cab948028a7b89bf059dd878']",0.8,1.0,0.888888888888889,False,0.14285714285714285,2048,False,4
"[""ci"", ""test"", ""docs"", ""refactor"", ""build""]","[""test"", ""refactor"", ""docs"", ""feat""]",1.0698394775390625,"['e9617f0854030e70365eb264bcb3b58078e79e9e', '2954a0955ce9af6acb345ed1e8328e145ad30475', 'c2ee5cd5e709afd15c5565ee009a0d204403a119', '6ed56ce9ae743ba9a87e6c9643cc06b1de7b748d']",0.6,0.75,0.6666666666666665,False,0.42857142857142855,2048,False,4
"[""build"", ""refactor"", ""test""]","[""build"", ""refactor"", ""fix"", ""ci""]",0.7606844902038574,"['454003841aabeb74396d73541378bfa59c75b5db', 'a62314d9bb632be6af026686615d14b912250512', '06e2be4e2019b6fa714e1fcb34485860ef1ede79', '4cbbd2552ba0de273e1dfe7d453c5b3efed751a3']",0.6666666666666666,0.5,0.5714285714285715,False,0.42857142857142855,2048,False,4
"[""feat"", ""refactor"", ""test"", ""ci"", ""docs"", ""build""]","[""feat"", ""test"", ""refactor"", ""ci""]",1.098250150680542,"['b282e90e2cbb74559aab79eee8443a4d7c85502a', 'e2e8ad25854bd1e7cdbc7f50b50bbd99e04ad47d', '63eab619e6166eb6cab948028a7b89bf059dd878', '6c9cb638cb4d1ecc42632fcf389c24898c5b3244']",0.6666666666666666,1.0,0.8,False,0.2857142857142857,2048,False,4
"[""docs"", ""refactor"", ""test"", ""build""]","[""docs"", ""fix"", ""test"", ""refactor""]",0.8011806011199951,"['0cfc5633d37ea06f645649138323f1820e18bdee', 'd1d55e787b7d07f763852602b9939a5394607fd9', 'e2e8ad25854bd1e7cdbc7f50b50bbd99e04ad47d', '062daa45cbd5dba6e96e95d8cdcaee89ae30a83c']",0.75,0.75,0.75,False,0.2857142857142857,2048,False,4
"[""refactor"", ""fix"", ""docs"", ""ci"", ""build""]","[""refactor"", ""fix"", ""docs"", ""ci""]",0.9683072566986084,"['47ef9104e4a89e80d7cc6c1950bc080841da4a7b', 'd129eaf9125a967ac86c6c7276bbae6b4d50af36', '0cfc5633d37ea06f645649138323f1820e18bdee', '45837af24a33308a70a3454f0f650f9fe728e272']",0.8,1.0,0.888888888888889,False,0.14285714285714285,2048,False,4
"[""refactor"", ""ci"", ""build"", ""test""]","[""fix"", ""build"", ""ci"", ""test""]",0.9842650890350342,"['bed78248c941d57ad4cc20a455147e186e97c7a1', '1269431c8a3e7549f10fcbbb4b88ff625c8898b3', '45837af24a33308a70a3454f0f650f9fe728e272', '8ee0611fbf0cd89abe7ae588f22e6ecb843598ea']",0.75,0.75,0.75,False,0.2857142857142857,2048,False,4
"[""build"", ""ci"", ""docs"", ""refactor""]","[""build"", ""fix"", ""ci"", ""docs""]",0.9498159885406494,"['454003841aabeb74396d73541378bfa59c75b5db', 'bed78248c941d57ad4cc20a455147e186e97c7a1', '45837af24a33308a70a3454f0f650f9fe728e272', 'c2ee5cd5e709afd15c5565ee009a0d204403a119']",0.75,0.75,0.75,False,0.2857142857142857,2048,False,4
"[""ci"", ""refactor""]","[""ci"", ""refactor"", ""fix"", ""docs""]",0.6715037822723389,"['dbb537a26e388a8d7d17faf131abc30c2f7a84e6', '3cca5c314ad6feeffbfe1f14cf49ebd0fd9a95a2', 'd1d55e787b7d07f763852602b9939a5394607fd9', '6d405dfc1675dcad64a2dfac0c0cb0fb28381d21']",1.0,0.5,0.6666666666666666,False,0.2857142857142857,2048,False,4
"[""feat"", ""refactor"", ""ci"", ""docs"", ""build""]","[""fix"", ""ci"", ""docs"", ""refactor""]",0.9964683055877686,"['2561f4ade46fc9d59f289f328cc77733a6443697', '6c9cb638cb4d1ecc42632fcf389c24898c5b3244', 'bf83c9155e9bee6925aa7102fab53fb803d52533', '771857b1df9470ebc15357e8879118a72c649d5b']",0.6,0.75,0.6666666666666665,False,0.42857142857142855,2048,False,4
"[""feat"", ""refactor"", ""docs"", ""test"", ""ci"", ""build""]","[""fix"", ""feat"", ""build"", ""docs""]",1.0914757251739502,"['06e2be4e2019b6fa714e1fcb34485860ef1ede79', 'fd8e563cc19ca4684885d4692acee6bebcca4ada', '32b92cfa0b74a6c25990e32ac6aab12b8496794c', '6d405dfc1675dcad64a2dfac0c0cb0fb28381d21']",0.5,0.75,0.6,False,0.5714285714285714,2048,False,4
"[""build"", ""test"", ""refactor""]","[""build"", ""ci"", ""test"", ""feat""]",0.8261511325836182,"['c55591ba157298a9c5816693c102a89dfd058830', '45837af24a33308a70a3454f0f650f9fe728e272', 'b7ce2894fd1794064bd6db4ed730bb6cb7728739', 'dc5238b2bda98a7c4f2fe9584fc3b0191a408109']",0.6666666666666666,0.5,0.5714285714285715,False,0.42857142857142855,2048,False,4
"[""ci"", ""feat"", ""test"", ""refactor"", ""docs""]","[""ci"", ""docs"", ""feat"", ""test""]",1.0451469421386719,"['173553c0372e66e03bdab19e0e6c2dd44daa14a0', 'e12d9e77a6fd531a22325337838a841b1c67f00d', 'f823cf28652987d43c8324b4f5b203240032383a', '229b53a632ea97d47c4be11f096bdd828fb415d8']",0.8,1.0,0.888888888888889,False,0.14285714285714285,2048,False,4
"[""refactor"", ""docs"", ""ci"", ""test""]","[""refactor"", ""docs"", ""ci"", ""test""]",0.8582451343536377,"['36556bf8e0bce4ab6d26eafacbdad04d9614a5d7', 'aca23027da1295c78fdf42ba9687d8ccc88784d7', 'dbb537a26e388a8d7d17faf131abc30c2f7a84e6', '229b53a632ea97d47c4be11f096bdd828fb415d8']",1.0,1.0,1.0,True,0.0,2048,False,4
"[""docs"", ""test"", ""fix""]","[""docs"", ""refactor"", ""test"", ""fix""]",0.791846513748169,"['0cfc5633d37ea06f645649138323f1820e18bdee', '1db13ec43727aca872a0f3836e4023ed85db665e', '229b53a632ea97d47c4be11f096bdd828fb415d8', '9be725fa3906323d4bc9788f54eccf74109d632b']",1.0,0.75,0.8571428571428571,False,0.14285714285714285,2048,False,4
"[""ci"", ""docs"", ""refactor""]","[""ci"", ""docs"", ""refactor"", ""test""]",0.7984318733215332,"['c5fa7b80438fbd74f4c341f0d3c9bd9e0f4910da', 'bf83c9155e9bee6925aa7102fab53fb803d52533', '062daa45cbd5dba6e96e95d8cdcaee89ae30a83c', 'bedc7950b24c37809e36a585b7985d5aa5e3e458']",1.0,0.75,0.8571428571428571,False,0.14285714285714285,2048,False,4
"[""refactor"", ""ci"", ""build""]","[""fix"", ""docs"", ""ci"", ""feat""]",0.725853681564331,"['9be725fa3906323d4bc9788f54eccf74109d632b', '036a0ff49a7dade0e04c9c07071a1ff49133ee24', '45837af24a33308a70a3454f0f650f9fe728e272', 'f823cf28652987d43c8324b4f5b203240032383a']",0.3333333333333333,0.25,0.28571428571428575,False,0.7142857142857143,2048,False,4
"[""docs"", ""test"", ""build""]","[""docs"", ""test"", ""build"", ""feat""]",0.7699344158172607,"['bf83c9155e9bee6925aa7102fab53fb803d52533', 'e0198f74b81da3663144cfe1d971939319f82a0f', 'f00a4d3e307b89842250358ee432e6800bb24362', 'ded26d768ff432ad3bde3c0aa1e95ce50726100a']",1.0,0.75,0.8571428571428571,False,0.14285714285714285,2048,False,4
"[""docs"", ""test"", ""refactor"", ""build""]","[""docs"", ""refactor"", ""test"", ""fix""]",0.9598836898803711,"['aca23027da1295c78fdf42ba9687d8ccc88784d7', '1db13ec43727aca872a0f3836e4023ed85db665e', 'f411e58cd510f8a2b980b2f1932003a0c0e9f8f3', '2561f4ade46fc9d59f289f328cc77733a6443697']",0.75,0.75,0.75,False,0.2857142857142857,2048,False,4
"[""test"", ""ci"", ""feat"", ""docs""]","[""test"", ""feat"", ""docs"", ""ci""]",0.9141378402709961,"['e0198f74b81da3663144cfe1d971939319f82a0f', 'f823cf28652987d43c8324b4f5b203240032383a', 'aca23027da1295c78fdf42ba9687d8ccc88784d7', 'e96487ad7ce90b141219d9032fa2bed68d5dae6a']",1.0,1.0,1.0,True,0.0,2048,False,4
"[""feat"", ""refactor"", ""ci"", ""build"", ""docs"", ""test""]","[""refactor"", ""build"", ""feat"", ""docs""]",1.1029443740844727,"['63eab619e6166eb6cab948028a7b89bf059dd878', '32b92cfa0b74a6c25990e32ac6aab12b8496794c', 'fd8e563cc19ca4684885d4692acee6bebcca4ada', 'a52a585d74894b3b4eeb8c784fa089ff95cddad0']",0.6666666666666666,1.0,0.8,False,0.2857142857142857,2048,False,4
"[""build"", ""refactor"", ""test""]","[""build"", ""fix"", ""test"", ""feat""]",0.7929050922393799,"['37b1cbfd3d2c462ef4f2a131e4172c38dc8d9ddf', 'c8e0ae8612df3d6f2831acc004aaac332f6105e4', 'c7b25726df94a2530c9b1c0d2b6a0acaa103822f', '1bcf88670b50155b50071e707f98f30cea0b7a24']",0.6666666666666666,0.5,0.5714285714285715,False,0.42857142857142855,2048,False,4
"[""feat"", ""build"", ""ci"", ""docs"", ""refactor"", ""test""]","[""refactor"", ""ci"", ""docs"", ""build""]",1.1517107486724854,"['771857b1df9470ebc15357e8879118a72c649d5b', '6c9cb638cb4d1ecc42632fcf389c24898c5b3244', '6d405dfc1675dcad64a2dfac0c0cb0fb28381d21', '454003841aabeb74396d73541378bfa59c75b5db']",0.6666666666666666,1.0,0.8,False,0.2857142857142857,2048,False,4
"[""feat"", ""fix"", ""refactor"", ""docs"", ""test"", ""ci"", ""build""]","[""fix"", ""docs"", ""refactor"", ""ci"", ""test""]",1.200089693069458,"['9be725fa3906323d4bc9788f54eccf74109d632b', 'bf83c9155e9bee6925aa7102fab53fb803d52533', '535708ae50aecb452560a23356fd396f99ef13a2', '4cbbd2552ba0de273e1dfe7d453c5b3efed751a3', 'bedc7950b24c37809e36a585b7985d5aa5e3e458']",0.7142857142857143,1.0,0.8333333333333333,False,0.2857142857142857,2048,False,5
"[""test"", ""docs"", ""build"", ""refactor""]","[""test"", ""docs"", ""refactor"", ""build"", ""feat""]",0.9665303230285645,"['229b53a632ea97d47c4be11f096bdd828fb415d8', 'bf83c9155e9bee6925aa7102fab53fb803d52533', '062daa45cbd5dba6e96e95d8cdcaee89ae30a83c', 'e4a11fd5c34942ba12737f1c8c084489428ee274', 'fd8e563cc19ca4684885d4692acee6bebcca4ada']",1.0,0.8,0.888888888888889,False,0.14285714285714285,2048,False,5
"[""test"", ""ci"", ""refactor"", ""build"", ""docs""]","[""test"", ""ci"", ""fix"", ""build"", ""refactor""]",1.0239484310150146,"['317f4eefecddfb1392ca71d551840f446feee302', 'e7a67d88173566be3cd3aed7e9eeb7e29aabbc57', 'd1d55e787b7d07f763852602b9939a5394607fd9', 'f00a4d3e307b89842250358ee432e6800bb24362', '771857b1df9470ebc15357e8879118a72c649d5b']",0.8,0.8,0.8000000000000002,False,0.2857142857142857,2048,False,5
"[""ci"", ""test"", ""refactor""]","[""ci"", ""refactor"", ""build"", ""test"", ""fix""]",0.8185272216796875,"['e7a67d88173566be3cd3aed7e9eeb7e29aabbc57', '47ef9104e4a89e80d7cc6c1950bc080841da4a7b', '5b81fde8a72cf2e69a10e9f5c4f0bea0a2b8c3e0', 'bedc7950b24c37809e36a585b7985d5aa5e3e458', '9ef5c0d14193a9abb09b39856f58477d1f4b0d77']",1.0,0.6,0.7499999999999999,False,0.2857142857142857,2048,False,5
"[""ci"", ""build"", ""refactor"", ""test"", ""docs""]","[""build"", ""fix"", ""feat"", ""refactor"", ""docs""]",1.0713779926300049,"['e4a11fd5c34942ba12737f1c8c084489428ee274', '9ef5c0d14193a9abb09b39856f58477d1f4b0d77', 'dc5238b2bda98a7c4f2fe9584fc3b0191a408109', '771857b1df9470ebc15357e8879118a72c649d5b', 'c2ee5cd5e709afd15c5565ee009a0d204403a119']",0.6,0.6,0.6,False,0.5714285714285714,2048,False,5
"[""docs"", ""test"", ""build"", ""refactor""]","[""docs"", ""test"", ""build"", ""fix"", ""feat""]",0.870812177658081,"['bf83c9155e9bee6925aa7102fab53fb803d52533', '229b53a632ea97d47c4be11f096bdd828fb415d8', 'c55591ba157298a9c5816693c102a89dfd058830', '06e2be4e2019b6fa714e1fcb34485860ef1ede79', 'f823cf28652987d43c8324b4f5b203240032383a']",0.75,0.6,0.6666666666666665,False,0.42857142857142855,2048,False,5
"[""ci"", ""build"", ""test"", ""docs"", ""feat"", ""refactor""]","[""ci"", ""build"", ""fix"", ""test"", ""feat""]",1.1504015922546387,"['e7a67d88173566be3cd3aed7e9eeb7e29aabbc57', 'c55591ba157298a9c5816693c102a89dfd058830', 'd129eaf9125a967ac86c6c7276bbae6b4d50af36', '229b53a632ea97d47c4be11f096bdd828fb415d8', '1bcf88670b50155b50071e707f98f30cea0b7a24']",0.6666666666666666,0.8,0.7272727272727272,False,0.42857142857142855,2048,False,5
"[""feat"", ""test"", ""ci"", ""build"", ""refactor""]","[""fix"", ""test"", ""build"", ""ci"", ""refactor""]",1.045964002609253,"['2561f4ade46fc9d59f289f328cc77733a6443697', 'b7ce2894fd1794064bd6db4ed730bb6cb7728739', '1269431c8a3e7549f10fcbbb4b88ff625c8898b3', 'e96487ad7ce90b141219d9032fa2bed68d5dae6a', '36556bf8e0bce4ab6d26eafacbdad04d9614a5d7']",0.8,0.8,0.8000000000000002,False,0.2857142857142857,2048,False,5
"[""docs"", ""ci"", ""test"", ""build"", ""refactor""]","[""docs"", ""ci"", ""refactor"", ""test"", ""fix""]",0.9974339008331299,"['bf83c9155e9bee6925aa7102fab53fb803d52533', 'e7a67d88173566be3cd3aed7e9eeb7e29aabbc57', '535708ae50aecb452560a23356fd396f99ef13a2', 'c7b25726df94a2530c9b1c0d2b6a0acaa103822f', '06e2be4e2019b6fa714e1fcb34485860ef1ede79']",0.8,0.8,0.8000000000000002,False,0.2857142857142857,2048,False,5
"[""feat"", ""fix"", ""refactor"", ""docs"", ""test"", ""ci"", ""build""]","[""refactor"", ""docs"", ""build"", ""feat"", ""fix""]",1.2519218921661377,"['36556bf8e0bce4ab6d26eafacbdad04d9614a5d7', 'c2ee5cd5e709afd15c5565ee009a0d204403a119', 'c55591ba157298a9c5816693c102a89dfd058830', '68278b00450f2679761a2999500f6d87a579376b', '9ef5c0d14193a9abb09b39856f58477d1f4b0d77']",0.7142857142857143,1.0,0.8333333333333333,False,0.2857142857142857,2048,False,5
"[""feat"", ""build"", ""ci"", ""test""]","[""feat"", ""build"", ""fix"", ""ci"", ""test""]",0.9418854713439941,"['ded26d768ff432ad3bde3c0aa1e95ce50726100a', 'c323d59c607cabc91f17a78528d998f376f30b10', '2561f4ade46fc9d59f289f328cc77733a6443697', '45837af24a33308a70a3454f0f650f9fe728e272', 'e0198f74b81da3663144cfe1d971939319f82a0f']",1.0,0.8,0.888888888888889,False,0.14285714285714285,2048,False,5
"[""ci"", ""refactor"", ""test"", ""docs"", ""build""]","[""ci"", ""refactor"", ""test"", ""feat"", ""fix""]",0.9941492080688477,"['e96487ad7ce90b141219d9032fa2bed68d5dae6a', 'a62314d9bb632be6af026686615d14b912250512', 'c7b25726df94a2530c9b1c0d2b6a0acaa103822f', '6ed56ce9ae743ba9a87e6c9643cc06b1de7b748d', '9ef5c0d14193a9abb09b39856f58477d1f4b0d77']",0.6,0.6,0.6,False,0.5714285714285714,2048,False,5
"[""build"", ""refactor"", ""ci"", ""test"", ""docs"", ""feat"", ""fix""]","[""build"", ""refactor"", ""ci"", ""docs"", ""fix""]",1.2370398044586182,"['c55591ba157298a9c5816693c102a89dfd058830', '63eab619e6166eb6cab948028a7b89bf059dd878', 'c5fa7b80438fbd74f4c341f0d3c9bd9e0f4910da', '036a0ff49a7dade0e04c9c07071a1ff49133ee24', '9be725fa3906323d4bc9788f54eccf74109d632b']",0.7142857142857143,1.0,0.8333333333333333,False,0.2857142857142857,2048,False,5
"[""docs"", ""ci"", ""test"", ""build""]","[""docs"", ""ci"", ""refactor"", ""build"", ""feat""]",0.906550407409668,"['bf83c9155e9bee6925aa7102fab53fb803d52533', '173553c0372e66e03bdab19e0e6c2dd44daa14a0', '535708ae50aecb452560a23356fd396f99ef13a2', '1269431c8a3e7549f10fcbbb4b88ff625c8898b3', 'f823cf28652987d43c8324b4f5b203240032383a']",0.75,0.6,0.6666666666666665,False,0.42857142857142855,2048,False,5
"[""test"", ""refactor"", ""ci"", ""build"", ""docs"", ""feat"", ""fix""]","[""test"", ""feat"", ""refactor"", ""fix"", ""docs""]",1.249140977859497,"['bedc7950b24c37809e36a585b7985d5aa5e3e458', 'fd8e563cc19ca4684885d4692acee6bebcca4ada', '062daa45cbd5dba6e96e95d8cdcaee89ae30a83c', 'c8e0ae8612df3d6f2831acc004aaac332f6105e4', '036a0ff49a7dade0e04c9c07071a1ff49133ee24']",0.7142857142857143,1.0,0.8333333333333333,False,0.2857142857142857,2048,False,5
"[""docs"", ""build"", ""ci"", ""test""]","[""docs"", ""build"", ""ci"", ""fix"", ""test""]",0.9842658042907715,"['c2ee5cd5e709afd15c5565ee009a0d204403a119', '1269431c8a3e7549f10fcbbb4b88ff625c8898b3', 'e7a67d88173566be3cd3aed7e9eeb7e29aabbc57', 'bed78248c941d57ad4cc20a455147e186e97c7a1', 'e9617f0854030e70365eb264bcb3b58078e79e9e']",1.0,0.8,0.888888888888889,False,0.14285714285714285,2048,False,5
"[""refactor"", ""ci"", ""build""]","[""refactor"", ""ci"", ""docs"", ""test"", ""build""]",0.7930676937103271,"['3cca5c314ad6feeffbfe1f14cf49ebd0fd9a95a2', 'dbb537a26e388a8d7d17faf131abc30c2f7a84e6', 'e12d9e77a6fd531a22325337838a841b1c67f00d', 'c7b25726df94a2530c9b1c0d2b6a0acaa103822f', '37b1cbfd3d2c462ef4f2a131e4172c38dc8d9ddf']",1.0,0.6,0.7499999999999999,False,0.2857142857142857,2048,False,5
"[""test"", ""ci"", ""refactor""]","[""test"", ""feat"", ""ci"", ""refactor"", ""fix""]",0.8303852081298828,"['229b53a632ea97d47c4be11f096bdd828fb415d8', 'b282e90e2cbb74559aab79eee8443a4d7c85502a', 'dbb537a26e388a8d7d17faf131abc30c2f7a84e6', '3cca5c314ad6feeffbfe1f14cf49ebd0fd9a95a2', '933ab6bb86372913c992567cf9660009900911a7']",1.0,0.6,0.7499999999999999,False,0.2857142857142857,2048,False,5
"[""ci"", ""build"", ""refactor"", ""test"", ""docs""]","[""build"", ""fix"", ""ci"", ""refactor"", ""docs""]",1.0535237789154053,"['37b1cbfd3d2c462ef4f2a131e4172c38dc8d9ddf', '06e2be4e2019b6fa714e1fcb34485860ef1ede79', 'c5fa7b80438fbd74f4c341f0d3c9bd9e0f4910da', '1db13ec43727aca872a0f3836e4023ed85db665e', 'a52a585d74894b3b4eeb8c784fa089ff95cddad0']",0.8,0.8,0.8000000000000002,False,0.2857142857142857,2048,False,5
"[""build"", ""ci"", ""refactor"", ""test""]","[""build"", ""docs"", ""ci"", ""test"", ""feat""]",0.954108715057373,"['c44cf88a6ec54e5ddd99d8348bcc57b301ec7945', '6d405dfc1675dcad64a2dfac0c0cb0fb28381d21', 'e7a67d88173566be3cd3aed7e9eeb7e29aabbc57', 'f411e58cd510f8a2b980b2f1932003a0c0e9f8f3', 'f823cf28652987d43c8324b4f5b203240032383a']",0.75,0.6,0.6666666666666665,False,0.42857142857142855,2048,False,5
"[""feat"", ""refactor"", ""test"", ""ci"", ""build""]","[""feat"", ""fix"", ""refactor"", ""build"", ""test""]",0.992995023727417,"['f823cf28652987d43c8324b4f5b203240032383a', 'c8e0ae8612df3d6f2831acc004aaac332f6105e4', '47ef9104e4a89e80d7cc6c1950bc080841da4a7b', 'e4a11fd5c34942ba12737f1c8c084489428ee274', 'c7b25726df94a2530c9b1c0d2b6a0acaa103822f']",0.8,0.8,0.8000000000000002,False,0.2857142857142857,2048,False,5
"[""test"", ""ci"", ""refactor"", ""docs""]","[""refactor"", ""build"", ""ci"", ""docs"", ""test""]",0.895909309387207,"['1db13ec43727aca872a0f3836e4023ed85db665e', '32b92cfa0b74a6c25990e32ac6aab12b8496794c', 'e96487ad7ce90b141219d9032fa2bed68d5dae6a', '6d405dfc1675dcad64a2dfac0c0cb0fb28381d21', 'e2e8ad25854bd1e7cdbc7f50b50bbd99e04ad47d']",1.0,0.8,0.888888888888889,False,0.14285714285714285,2048,False,5
"[""build"", ""ci"", ""refactor"", ""test""]","[""build"", ""test"", ""refactor"", ""ci"", ""fix""]",0.9644057750701904,"['37b1cbfd3d2c462ef4f2a131e4172c38dc8d9ddf', 'f411e58cd510f8a2b980b2f1932003a0c0e9f8f3', '1db13ec43727aca872a0f3836e4023ed85db665e', 'c5fa7b80438fbd74f4c341f0d3c9bd9e0f4910da', 'd129eaf9125a967ac86c6c7276bbae6b4d50af36']",1.0,0.8,0.888888888888889,False,0.14285714285714285,2048,False,5
"[""build"", ""ci"", ""docs"", ""refactor"", ""test""]","[""build"", ""docs"", ""ci"", ""test"", ""fix""]",0.9670329093933105,"['c55591ba157298a9c5816693c102a89dfd058830', 'a52a585d74894b3b4eeb8c784fa089ff95cddad0', '6c9cb638cb4d1ecc42632fcf389c24898c5b3244', 'c7b25726df94a2530c9b1c0d2b6a0acaa103822f', 'bed78248c941d57ad4cc20a455147e186e97c7a1']",0.8,0.8,0.8000000000000002,False,0.2857142857142857,2048,False,5
"[""feat"", ""ci"", ""build"", ""test""]","[""fix"", ""ci"", ""feat"", ""build"", ""refactor""]",0.9331810474395752,"['9ef5c0d14193a9abb09b39856f58477d1f4b0d77', 'dbb537a26e388a8d7d17faf131abc30c2f7a84e6', '6ed56ce9ae743ba9a87e6c9643cc06b1de7b748d', 'e4a11fd5c34942ba12737f1c8c084489428ee274', '1db13ec43727aca872a0f3836e4023ed85db665e']",0.75,0.6,0.6666666666666665,False,0.42857142857142855,2048,False,5
"[""refactor"", ""ci"", ""test"", ""build""]","[""fix"", ""build"", ""refactor"", ""feat"", ""test""]",0.9147732257843018,"['bed78248c941d57ad4cc20a455147e186e97c7a1', 'e4a11fd5c34942ba12737f1c8c084489428ee274', '062daa45cbd5dba6e96e95d8cdcaee89ae30a83c', 'f823cf28652987d43c8324b4f5b203240032383a', 'c7b25726df94a2530c9b1c0d2b6a0acaa103822f']",0.75,0.6,0.6666666666666665,False,0.42857142857142855,2048,False,5
"[""feat"", ""test"", ""refactor"", ""ci"", ""build""]","[""fix"", ""test"", ""feat"", ""docs"", ""build""]",0.9973738193511963,"['87d5d4e55ab7149b593d29410f1fe426ba2447d4', 'bedc7950b24c37809e36a585b7985d5aa5e3e458', 'ded26d768ff432ad3bde3c0aa1e95ce50726100a', 'a52a585d74894b3b4eeb8c784fa089ff95cddad0', 'c323d59c607cabc91f17a78528d998f376f30b10']",0.6,0.6,0.6,False,0.5714285714285714,2048,False,5
"[""build"", ""ci"", ""feat"", ""refactor"", ""test""]","[""test"", ""docs"", ""feat"", ""build"", ""fix""]",1.0776238441467285,"['8ee0611fbf0cd89abe7ae588f22e6ecb843598ea', 'c2ee5cd5e709afd15c5565ee009a0d204403a119', 'fd8e563cc19ca4684885d4692acee6bebcca4ada', '1269431c8a3e7549f10fcbbb4b88ff625c8898b3', '06e2be4e2019b6fa714e1fcb34485860ef1ede79']",0.6,0.6,0.6,False,0.5714285714285714,2048,False,5
"[""feat"", ""docs"", ""build"", ""test"", ""refactor""]","[""docs"", ""feat"", ""build"", ""refactor"", ""test""]",1.0700485706329346,"['a52a585d74894b3b4eeb8c784fa089ff95cddad0', 'f9a094918b62534614c47aa8a13f33aec751a1e0', '1269431c8a3e7549f10fcbbb4b88ff625c8898b3', '535708ae50aecb452560a23356fd396f99ef13a2', 'e0198f74b81da3663144cfe1d971939319f82a0f']",1.0,1.0,1.0,True,0.0,2048,False,5
"[""feat"", ""refactor"", ""test"", ""ci"", ""build""]","[""fix"", ""feat"", ""test"", ""refactor"", ""build""]",0.9971227645874023,"['d129eaf9125a967ac86c6c7276bbae6b4d50af36', '68278b00450f2679761a2999500f6d87a579376b', 'e2e8ad25854bd1e7cdbc7f50b50bbd99e04ad47d', '771857b1df9470ebc15357e8879118a72c649d5b', 'f00a4d3e307b89842250358ee432e6800bb24362']",0.8,0.8,0.8000000000000002,False,0.2857142857142857,2048,False,5
"[""ci"", ""build"", ""test"", ""refactor"", ""feat"", ""docs""]","[""fix"", ""build"", ""refactor"", ""test"", ""docs""]",1.0898957252502441,"['933ab6bb86372913c992567cf9660009900911a7', '37b1cbfd3d2c462ef4f2a131e4172c38dc8d9ddf', '1db13ec43727aca872a0f3836e4023ed85db665e', 'c7b25726df94a2530c9b1c0d2b6a0acaa103822f', 'e12d9e77a6fd531a22325337838a841b1c67f00d']",0.6666666666666666,0.8,0.7272727272727272,False,0.42857142857142855,2048,False,5
"[""refactor"", ""ci"", ""docs"", ""build""]","[""fix"", ""ci"", ""docs"", ""build"", ""feat""]",0.8889636993408203,"['06e2be4e2019b6fa714e1fcb34485860ef1ede79', '4cbbd2552ba0de273e1dfe7d453c5b3efed751a3', 'cb1f48b56ae0de93acb72e48726c7d610a1d538e', 'c323d59c607cabc91f17a78528d998f376f30b10', 'f9a094918b62534614c47aa8a13f33aec751a1e0']",0.75,0.6,0.6666666666666665,False,0.42857142857142855,2048,False,5
"[""feat"", ""build"", ""refactor"", ""ci"", ""test"", ""docs""]","[""feat"", ""build"", ""refactor"", ""docs"", ""fix""]",1.0979039669036865,"['fd8e563cc19ca4684885d4692acee6bebcca4ada', 'f00a4d3e307b89842250358ee432e6800bb24362', '535708ae50aecb452560a23356fd396f99ef13a2', 'e12d9e77a6fd531a22325337838a841b1c67f00d', '9be725fa3906323d4bc9788f54eccf74109d632b']",0.6666666666666666,0.8,0.7272727272727272,False,0.42857142857142855,2048,False,5
"[""test"", ""ci"", ""refactor"", ""docs""]","[""test"", ""docs"", ""refactor"", ""ci"", ""feat""]",0.8705768585205078,"['229b53a632ea97d47c4be11f096bdd828fb415d8', 'bf83c9155e9bee6925aa7102fab53fb803d52533', '062daa45cbd5dba6e96e95d8cdcaee89ae30a83c', '32845e1bbd1efb5dbc16f671049509a409ba25ce', 'dc5238b2bda98a7c4f2fe9584fc3b0191a408109']",1.0,0.8,0.888888888888889,False,0.14285714285714285,2048,False,5
"[""build"", ""test"", ""refactor""]","[""build"", ""docs"", ""fix"", ""test"", ""refactor""]",0.8692994117736816,"['454003841aabeb74396d73541378bfa59c75b5db', 'e12d9e77a6fd531a22325337838a841b1c67f00d', 'bed78248c941d57ad4cc20a455147e186e97c7a1', 'f411e58cd510f8a2b980b2f1932003a0c0e9f8f3', '062daa45cbd5dba6e96e95d8cdcaee89ae30a83c']",1.0,0.6,0.7499999999999999,False,0.2857142857142857,2048,False,5
"[""build"", ""ci"", ""refactor"", ""test""]","[""build"", ""ci"", ""docs"", ""test"", ""refactor""]",0.9053194522857666,"['5b81fde8a72cf2e69a10e9f5c4f0bea0a2b8c3e0', '74e9de5ec97dc013a52aa063dff0f40ac74c407b', 'a52a585d74894b3b4eeb8c784fa089ff95cddad0', 'e0198f74b81da3663144cfe1d971939319f82a0f', '062daa45cbd5dba6e96e95d8cdcaee89ae30a83c']",1.0,0.8,0.888888888888889,False,0.14285714285714285,2048,False,5
"[""feat"", ""docs"", ""ci"", ""refactor"", ""build""]","[""build"", ""ci"", ""docs"", ""refactor"", ""fix""]",0.946770191192627,"['32b92cfa0b74a6c25990e32ac6aab12b8496794c', '6c9cb638cb4d1ecc42632fcf389c24898c5b3244', 'aca23027da1295c78fdf42ba9687d8ccc88784d7', '47ef9104e4a89e80d7cc6c1950bc080841da4a7b', '2561f4ade46fc9d59f289f328cc77733a6443697']",0.8,0.8,0.8000000000000002,False,0.2857142857142857,2048,False,5
"[""test"", ""docs"", ""build"", ""ci"", ""refactor"", ""feat"", ""fix""]","[""test"", ""docs"", ""fix"", ""feat"", ""build""]",1.284243106842041,"['e0198f74b81da3663144cfe1d971939319f82a0f', 'c2ee5cd5e709afd15c5565ee009a0d204403a119', '9ef5c0d14193a9abb09b39856f58477d1f4b0d77', 'f823cf28652987d43c8324b4f5b203240032383a', 'c44cf88a6ec54e5ddd99d8348bcc57b301ec7945']",0.7142857142857143,1.0,0.8333333333333333,False,0.2857142857142857,2048,False,5
"[""refactor"", ""ci"", ""test"", ""build"", ""docs""]","[""refactor"", ""ci"", ""test"", ""build"", ""feat""]",1.1341798305511475,"['3cca5c314ad6feeffbfe1f14cf49ebd0fd9a95a2', '32845e1bbd1efb5dbc16f671049509a409ba25ce', 'e9617f0854030e70365eb264bcb3b58078e79e9e', '454003841aabeb74396d73541378bfa59c75b5db', 'fd8e563cc19ca4684885d4692acee6bebcca4ada']",0.8,0.8,0.8000000000000002,False,0.2857142857142857,2048,False,5
"[""feat"", ""refactor"", ""ci"", ""build"", ""test"", ""docs""]","[""refactor"", ""feat"", ""build"", ""fix"", ""test""]",1.171659231185913,"['062daa45cbd5dba6e96e95d8cdcaee89ae30a83c', 'f823cf28652987d43c8324b4f5b203240032383a', 'c44cf88a6ec54e5ddd99d8348bcc57b301ec7945', '933ab6bb86372913c992567cf9660009900911a7', '8ee0611fbf0cd89abe7ae588f22e6ecb843598ea']",0.6666666666666666,0.8,0.7272727272727272,False,0.42857142857142855,2048,False,5
"[""ci"", ""feat"", ""refactor"", ""test""]","[""refactor"", ""test"", ""docs"", ""feat"", ""ci""]",0.901982307434082,"['36556bf8e0bce4ab6d26eafacbdad04d9614a5d7', '317f4eefecddfb1392ca71d551840f446feee302', '036a0ff49a7dade0e04c9c07071a1ff49133ee24', 'e137f9fdbdb6bf3f85c3f7ac9323785e445844c8', 'e7a67d88173566be3cd3aed7e9eeb7e29aabbc57']",1.0,0.8,0.888888888888889,False,0.14285714285714285,2048,False,5
"[""test"", ""ci"", ""refactor"", ""docs"", ""build""]","[""test"", ""ci"", ""refactor"", ""feat"", ""fix""]",1.0933523178100586,"['e0198f74b81da3663144cfe1d971939319f82a0f', '173553c0372e66e03bdab19e0e6c2dd44daa14a0', '062daa45cbd5dba6e96e95d8cdcaee89ae30a83c', 'f823cf28652987d43c8324b4f5b203240032383a', 'bed78248c941d57ad4cc20a455147e186e97c7a1']",0.6,0.6,0.6,False,0.5714285714285714,2048,False,5
"[""ci"", ""feat"", ""refactor"", ""test"", ""build""]","[""ci"", ""refactor"", ""docs"", ""fix"", ""feat""]",1.022322654724121,"['32845e1bbd1efb5dbc16f671049509a409ba25ce', '63eab619e6166eb6cab948028a7b89bf059dd878', 'af880ac5b4fecbc6c4f3d1eee0d95f326e8bd9d1', '9be725fa3906323d4bc9788f54eccf74109d632b', 'fd8e563cc19ca4684885d4692acee6bebcca4ada']",0.6,0.6,0.6,False,0.5714285714285714,2048,False,5
"[""docs"", ""test"", ""build""]","[""docs"", ""refactor"", ""fix"", ""test"", ""build""]",0.81679368019104,"['bf83c9155e9bee6925aa7102fab53fb803d52533', '3cca5c314ad6feeffbfe1f14cf49ebd0fd9a95a2', '2561f4ade46fc9d59f289f328cc77733a6443697', '317f4eefecddfb1392ca71d551840f446feee302', '454003841aabeb74396d73541378bfa59c75b5db']",1.0,0.6,0.7499999999999999,False,0.2857142857142857,2048,False,5
"[""test"", ""ci"", ""refactor"", ""docs"", ""build""]","[""test"", ""ci"", ""fix"", ""docs"", ""refactor""]",1.0734593868255615,"['317f4eefecddfb1392ca71d551840f446feee302', '32845e1bbd1efb5dbc16f671049509a409ba25ce', 'c8e0ae8612df3d6f2831acc004aaac332f6105e4', '6d405dfc1675dcad64a2dfac0c0cb0fb28381d21', '062daa45cbd5dba6e96e95d8cdcaee89ae30a83c']",0.8,0.8,0.8000000000000002,False,0.2857142857142857,2048,False,5
"[""build"", ""ci"", ""docs"", ""test"", ""refactor"", ""fix""]","[""build"", ""ci"", ""test"", ""docs"", ""feat""]",1.0918850898742676,"['c55591ba157298a9c5816693c102a89dfd058830', 'dbb537a26e388a8d7d17faf131abc30c2f7a84e6', 'e0198f74b81da3663144cfe1d971939319f82a0f', '0cfc5633d37ea06f645649138323f1820e18bdee', 'dc5238b2bda98a7c4f2fe9584fc3b0191a408109']",0.6666666666666666,0.8,0.7272727272727272,False,0.42857142857142855,2048,False,5
"[""feat"", ""refactor"", ""test"", ""ci""]","[""refactor"", ""feat"", ""test"", ""fix"", ""ci""]",0.8698587417602539,"['535708ae50aecb452560a23356fd396f99ef13a2', 'dc5238b2bda98a7c4f2fe9584fc3b0191a408109', 'e2e8ad25854bd1e7cdbc7f50b50bbd99e04ad47d', '2561f4ade46fc9d59f289f328cc77733a6443697', 'c5fa7b80438fbd74f4c341f0d3c9bd9e0f4910da']",1.0,0.8,0.888888888888889,False,0.14285714285714285,2048,False,5
"[""ci"", ""refactor"", ""test""]","[""ci"", ""docs"", ""refactor"", ""build"", ""test""]",0.7857275009155273,"['c5fa7b80438fbd74f4c341f0d3c9bd9e0f4910da', 'af880ac5b4fecbc6c4f3d1eee0d95f326e8bd9d1', '47ef9104e4a89e80d7cc6c1950bc080841da4a7b', '37b1cbfd3d2c462ef4f2a131e4172c38dc8d9ddf', 'c7b25726df94a2530c9b1c0d2b6a0acaa103822f']",1.0,0.6,0.7499999999999999,False,0.2857142857142857,2048,False,5
"[""build"", ""docs"", ""refactor""]","[""build"", ""docs"", ""refactor"", ""test"", ""feat""]",0.9134435653686523,"['454003841aabeb74396d73541378bfa59c75b5db', 'aca23027da1295c78fdf42ba9687d8ccc88784d7', '771857b1df9470ebc15357e8879118a72c649d5b', 'bedc7950b24c37809e36a585b7985d5aa5e3e458', 'e137f9fdbdb6bf3f85c3f7ac9323785e445844c8']",1.0,0.6,0.7499999999999999,False,0.2857142857142857,2048,False,5
"[""ci"", ""docs"", ""test"", ""refactor""]","[""ci"", ""feat"", ""fix"", ""docs"", ""test""]",0.9423403739929199,"['74e9de5ec97dc013a52aa063dff0f40ac74c407b', 'ded26d768ff432ad3bde3c0aa1e95ce50726100a', '9be725fa3906323d4bc9788f54eccf74109d632b', 'a52a585d74894b3b4eeb8c784fa089ff95cddad0', 'e9617f0854030e70365eb264bcb3b58078e79e9e']",0.75,0.6,0.6666666666666665,False,0.42857142857142855,2048,False,5
"[""feat"", ""test"", ""refactor"", ""ci"", ""build""]","[""feat"", ""build"", ""test"", ""docs"", ""fix""]",1.0201499462127686,"['f9a094918b62534614c47aa8a13f33aec751a1e0', 'e4a11fd5c34942ba12737f1c8c084489428ee274', '229b53a632ea97d47c4be11f096bdd828fb415d8', '036a0ff49a7dade0e04c9c07071a1ff49133ee24', '2561f4ade46fc9d59f289f328cc77733a6443697']",0.6,0.6,0.6,False,0.5714285714285714,2048,False,5
"[""build"", ""ci"", ""docs"", ""test""]","[""build"", ""docs"", ""test"", ""fix"", ""ci""]",0.9459106922149658,"['e4a11fd5c34942ba12737f1c8c084489428ee274', 'aca23027da1295c78fdf42ba9687d8ccc88784d7', 'e9617f0854030e70365eb264bcb3b58078e79e9e', '9ef5c0d14193a9abb09b39856f58477d1f4b0d77', '4cbbd2552ba0de273e1dfe7d453c5b3efed751a3']",1.0,0.8,0.888888888888889,False,0.14285714285714285,2048,False,5
"[""feat"", ""refactor"", ""ci"", ""build"", ""test""]","[""feat"", ""fix"", ""ci"", ""docs"", ""test""]",1.065739393234253,"['f9a094918b62534614c47aa8a13f33aec751a1e0', '2561f4ade46fc9d59f289f328cc77733a6443697', '45837af24a33308a70a3454f0f650f9fe728e272', '036a0ff49a7dade0e04c9c07071a1ff49133ee24', 'b7ce2894fd1794064bd6db4ed730bb6cb7728739']",0.6,0.6,0.6,False,0.5714285714285714,2048,False,5
"[""feat"", ""refactor"", ""ci"", ""build"", ""test"", ""docs""]","[""feat"", ""refactor"", ""build"", ""fix"", ""docs""]",1.1462814807891846,"['ded26d768ff432ad3bde3c0aa1e95ce50726100a', '062daa45cbd5dba6e96e95d8cdcaee89ae30a83c', '37b1cbfd3d2c462ef4f2a131e4172c38dc8d9ddf', '933ab6bb86372913c992567cf9660009900911a7', '036a0ff49a7dade0e04c9c07071a1ff49133ee24']",0.6666666666666666,0.8,0.7272727272727272,False,0.42857142857142855,2048,False,5
"[""test"", ""build"", ""refactor"", ""ci"", ""feat"", ""fix""]","[""test"", ""build"", ""feat"", ""fix"", ""docs""]",1.101485252380371,"['f411e58cd510f8a2b980b2f1932003a0c0e9f8f3', 'c44cf88a6ec54e5ddd99d8348bcc57b301ec7945', '1bcf88670b50155b50071e707f98f30cea0b7a24', '9be725fa3906323d4bc9788f54eccf74109d632b', 'a52a585d74894b3b4eeb8c784fa089ff95cddad0']",0.6666666666666666,0.8,0.7272727272727272,False,0.42857142857142855,2048,False,5
"[""refactor"", ""test"", ""ci"", ""build"", ""feat""]","[""fix"", ""feat"", ""test"", ""ci"", ""docs""]",0.9652526378631592,"['933ab6bb86372913c992567cf9660009900911a7', '6ed56ce9ae743ba9a87e6c9643cc06b1de7b748d', 'e2e8ad25854bd1e7cdbc7f50b50bbd99e04ad47d', 'e96487ad7ce90b141219d9032fa2bed68d5dae6a', '036a0ff49a7dade0e04c9c07071a1ff49133ee24']",0.6,0.6,0.6,False,0.5714285714285714,2048,False,5
"[""test"", ""ci"", ""build""]","[""test"", ""refactor"", ""ci"", ""build"", ""fix""]",0.8340878486633301,"['e0198f74b81da3663144cfe1d971939319f82a0f', '3cca5c314ad6feeffbfe1f14cf49ebd0fd9a95a2', '45837af24a33308a70a3454f0f650f9fe728e272', '5b81fde8a72cf2e69a10e9f5c4f0bea0a2b8c3e0', '9ef5c0d14193a9abb09b39856f58477d1f4b0d77']",1.0,0.6,0.7499999999999999,False,0.2857142857142857,2048,False,5
"[""build"", ""ci"", ""feat"", ""refactor"", ""test""]","[""build"", ""feat"", ""refactor"", ""ci"", ""test""]",1.0203661918640137,"['c55591ba157298a9c5816693c102a89dfd058830', '1bcf88670b50155b50071e707f98f30cea0b7a24', '1db13ec43727aca872a0f3836e4023ed85db665e', 'dbb537a26e388a8d7d17faf131abc30c2f7a84e6', 'e2e8ad25854bd1e7cdbc7f50b50bbd99e04ad47d']",1.0,1.0,1.0,True,0.0,2048,False,5
"[""feat"", ""refactor"", ""docs"", ""test"", ""ci"", ""build""]","[""feat"", ""refactor"", ""test"", ""ci"", ""build""]",1.1711270809173584,"['e137f9fdbdb6bf3f85c3f7ac9323785e445844c8', 'a62314d9bb632be6af026686615d14b912250512', 'b7ce2894fd1794064bd6db4ed730bb6cb7728739', '45837af24a33308a70a3454f0f650f9fe728e272', '454003841aabeb74396d73541378bfa59c75b5db']",0.8333333333333334,1.0,0.9090909090909091,False,0.14285714285714285,2048,False,5
"[""test"", ""refactor"", ""build"", ""docs""]","[""test"", ""fix"", ""build"", ""refactor"", ""docs""]",0.9354186058044434,"['317f4eefecddfb1392ca71d551840f446feee302', '06e2be4e2019b6fa714e1fcb34485860ef1ede79', '32b92cfa0b74a6c25990e32ac6aab12b8496794c', '535708ae50aecb452560a23356fd396f99ef13a2', 'aca23027da1295c78fdf42ba9687d8ccc88784d7']",1.0,0.8,0.888888888888889,False,0.14285714285714285,2048,False,5
"[""ci"", ""build"", ""test"", ""docs"", ""refactor"", ""feat""]","[""ci"", ""feat"", ""build"", ""fix"", ""test""]",1.1435816287994385,"['173553c0372e66e03bdab19e0e6c2dd44daa14a0', '6ed56ce9ae743ba9a87e6c9643cc06b1de7b748d', '32b92cfa0b74a6c25990e32ac6aab12b8496794c', '933ab6bb86372913c992567cf9660009900911a7', 'e9617f0854030e70365eb264bcb3b58078e79e9e']",0.6666666666666666,0.8,0.7272727272727272,False,0.42857142857142855,2048,False,5
"[""ci"", ""test"", ""build""]","[""ci"", ""test"", ""fix"", ""feat"", ""build""]",0.7430679798126221,"['dbb537a26e388a8d7d17faf131abc30c2f7a84e6', 'e2e8ad25854bd1e7cdbc7f50b50bbd99e04ad47d', '933ab6bb86372913c992567cf9660009900911a7', 'b282e90e2cbb74559aab79eee8443a4d7c85502a', 'c55591ba157298a9c5816693c102a89dfd058830']",1.0,0.6,0.7499999999999999,False,0.2857142857142857,2048,False,5
"[""test"", ""ci"", ""refactor"", ""build""]","[""test"", ""build"", ""feat"", ""fix"", ""ci""]",0.9770550727844238,"['317f4eefecddfb1392ca71d551840f446feee302', 'e4a11fd5c34942ba12737f1c8c084489428ee274', 'ded26d768ff432ad3bde3c0aa1e95ce50726100a', 'd129eaf9125a967ac86c6c7276bbae6b4d50af36', '173553c0372e66e03bdab19e0e6c2dd44daa14a0']",0.75,0.6,0.6666666666666665,False,0.42857142857142855,2048,False,5
"[""test"", ""ci"", ""refactor"", ""docs""]","[""test"", ""build"", ""refactor"", ""docs"", ""feat""]",0.8919093608856201,"['bedc7950b24c37809e36a585b7985d5aa5e3e458', '5b81fde8a72cf2e69a10e9f5c4f0bea0a2b8c3e0', '47ef9104e4a89e80d7cc6c1950bc080841da4a7b', 'aca23027da1295c78fdf42ba9687d8ccc88784d7', 'f823cf28652987d43c8324b4f5b203240032383a']",0.75,0.6,0.6666666666666665,False,0.42857142857142855,2048,False,5
"[""build"", ""ci"", ""refactor"", ""docs""]","[""build"", ""ci"", ""feat"", ""docs"", ""fix""]",0.8877205848693848,"['5b81fde8a72cf2e69a10e9f5c4f0bea0a2b8c3e0', 'c5fa7b80438fbd74f4c341f0d3c9bd9e0f4910da', '68278b00450f2679761a2999500f6d87a579376b', 'a52a585d74894b3b4eeb8c784fa089ff95cddad0', '06e2be4e2019b6fa714e1fcb34485860ef1ede79']",0.75,0.6,0.6666666666666665,False,0.42857142857142855,2048,False,5
"[""test"", ""ci"", ""refactor""]","[""test"", ""build"", ""refactor"", ""fix"", ""ci""]",0.8309347629547119,"['e0198f74b81da3663144cfe1d971939319f82a0f', '5b81fde8a72cf2e69a10e9f5c4f0bea0a2b8c3e0', '3cca5c314ad6feeffbfe1f14cf49ebd0fd9a95a2', '87d5d4e55ab7149b593d29410f1fe426ba2447d4', '74e9de5ec97dc013a52aa063dff0f40ac74c407b']",1.0,0.6,0.7499999999999999,False,0.2857142857142857,2048,False,5
"[""feat"", ""test"", ""ci"", ""build"", ""refactor"", ""docs""]","[""feat"", ""build"", ""fix"", ""ci"", ""test""]",1.1505532264709473,"['6ed56ce9ae743ba9a87e6c9643cc06b1de7b748d', 'c323d59c607cabc91f17a78528d998f376f30b10', '87d5d4e55ab7149b593d29410f1fe426ba2447d4', 'c5fa7b80438fbd74f4c341f0d3c9bd9e0f4910da', 'e9617f0854030e70365eb264bcb3b58078e79e9e']",0.6666666666666666,0.8,0.7272727272727272,False,0.42857142857142855,2048,False,5
"[""build"", ""ci"", ""refactor"", ""test""]","[""build"", ""test"", ""refactor"", ""feat"", ""ci""]",0.8978698253631592,"['5b81fde8a72cf2e69a10e9f5c4f0bea0a2b8c3e0', 'e9617f0854030e70365eb264bcb3b58078e79e9e', '2954a0955ce9af6acb345ed1e8328e145ad30475', '68278b00450f2679761a2999500f6d87a579376b', 'e96487ad7ce90b141219d9032fa2bed68d5dae6a']",1.0,0.8,0.888888888888889,False,0.14285714285714285,2048,False,5
"[""ci"", ""feat"", ""refactor""]","[""ci"", ""refactor"", ""docs"", ""feat"", ""fix""]",0.795673131942749,"['4cbbd2552ba0de273e1dfe7d453c5b3efed751a3', '535708ae50aecb452560a23356fd396f99ef13a2', 'e12d9e77a6fd531a22325337838a841b1c67f00d', 'fd8e563cc19ca4684885d4692acee6bebcca4ada', '9be725fa3906323d4bc9788f54eccf74109d632b']",1.0,0.6,0.7499999999999999,False,0.2857142857142857,2048,False,5
"[""ci"", ""refactor"", ""docs""]","[""ci"", ""fix"", ""feat"", ""docs"", ""refactor""]",0.8425109386444092,"['c5fa7b80438fbd74f4c341f0d3c9bd9e0f4910da', 'bed78248c941d57ad4cc20a455147e186e97c7a1', 'b282e90e2cbb74559aab79eee8443a4d7c85502a', 'bf83c9155e9bee6925aa7102fab53fb803d52533', '771857b1df9470ebc15357e8879118a72c649d5b']",1.0,0.6,0.7499999999999999,False,0.2857142857142857,2048,False,5
