predicted_types,actual_types,inference_time,shas,precision,recall,f1,exact_match,hamming_loss,context_len,with_message,concern_count
"[""feat"", ""refactor""]","[""fix""]",0.49991798400878906,['87d5d4e55ab7149b593d29410f1fe426ba2447d4'],0.0,0.0,0.0,False,0.42857142857142855,4096,False,1
"[""test""]","[""test""]",0.4142277240753174,['317f4eefecddfb1392ca71d551840f446feee302'],1.0,1.0,1.0,True,0.0,4096,False,1
"[""ci""]","[""ci""]",0.4594910144805908,['c5fa7b80438fbd74f4c341f0d3c9bd9e0f4910da'],1.0,1.0,1.0,True,0.0,4096,False,1
"[""ci""]","[""ci""]",0.44743871688842773,['e7a67d88173566be3cd3aed7e9eeb7e29aabbc57'],1.0,1.0,1.0,True,0.0,4096,False,1
"[""feat"", ""refactor""]","[""fix""]",0.5069551467895508,['d129eaf9125a967ac86c6c7276bbae6b4d50af36'],0.0,0.0,0.0,False,0.42857142857142855,4096,False,1
"[""build"", ""ci""]","[""build""]",0.4978468418121338,['1269431c8a3e7549f10fcbbb4b88ff625c8898b3'],0.5,1.0,0.6666666666666666,False,0.14285714285714285,4096,False,1
"[""feat"", ""refactor""]","[""refactor""]",0.5239496231079102,['535708ae50aecb452560a23356fd396f99ef13a2'],0.5,1.0,0.6666666666666666,False,0.14285714285714285,4096,False,1
"[""feat"", ""refactor"", ""ci"", ""build"", ""test"", ""docs""]","[""feat""]",0.9222860336303711,['68278b00450f2679761a2999500f6d87a579376b'],0.16666666666666666,1.0,0.2857142857142857,False,0.7142857142857143,4096,False,1
"[""ci""]","[""ci""]",0.36774396896362305,['6c9cb638cb4d1ecc42632fcf389c24898c5b3244'],1.0,1.0,1.0,True,0.0,4096,False,1
"[""test""]","[""test""]",0.3708169460296631,['c7b25726df94a2530c9b1c0d2b6a0acaa103822f'],1.0,1.0,1.0,True,0.0,4096,False,1
"[""feat"", ""refactor""]","[""feat""]",0.5629842281341553,['1bcf88670b50155b50071e707f98f30cea0b7a24'],0.5,1.0,0.6666666666666666,False,0.14285714285714285,4096,False,1
"[""build"", ""test""]","[""build""]",0.6124293804168701,['454003841aabeb74396d73541378bfa59c75b5db'],0.5,1.0,0.6666666666666666,False,0.14285714285714285,4096,False,1
"[""ci""]","[""ci""]",0.32671570777893066,['dbb537a26e388a8d7d17faf131abc30c2f7a84e6'],1.0,1.0,1.0,True,0.0,4096,False,1
"[""docs""]","[""docs""]",0.36953282356262207,['bf83c9155e9bee6925aa7102fab53fb803d52533'],1.0,1.0,1.0,True,0.0,4096,False,1
"[""feat""]","[""feat""]",0.3669450283050537,['dc5238b2bda98a7c4f2fe9584fc3b0191a408109'],1.0,1.0,1.0,True,0.0,4096,False,1
"[""ci""]","[""ci""]",0.35983729362487793,['74e9de5ec97dc013a52aa063dff0f40ac74c407b'],1.0,1.0,1.0,True,0.0,4096,False,1
"[""test""]","[""test""]",0.3694906234741211,['b7ce2894fd1794064bd6db4ed730bb6cb7728739'],1.0,1.0,1.0,True,0.0,4096,False,1
"[""refactor"", ""build""]","[""build""]",0.4654872417449951,['32b92cfa0b74a6c25990e32ac6aab12b8496794c'],0.5,1.0,0.6666666666666666,False,0.14285714285714285,4096,False,1
"[""refactor"", ""build""]","[""fix""]",0.5570113658905029,['bed78248c941d57ad4cc20a455147e186e97c7a1'],0.0,0.0,0.0,False,0.42857142857142855,4096,False,1
"[""test""]","[""test""]",0.38924670219421387,['f411e58cd510f8a2b980b2f1932003a0c0e9f8f3'],1.0,1.0,1.0,True,0.0,4096,False,1
"[""feat"", ""refactor""]","[""feat""]",0.5159924030303955,['f9a094918b62534614c47aa8a13f33aec751a1e0'],0.5,1.0,0.6666666666666666,False,0.14285714285714285,4096,False,1
"[""docs""]","[""docs""]",0.3640758991241455,['aca23027da1295c78fdf42ba9687d8ccc88784d7'],1.0,1.0,1.0,True,0.0,4096,False,1
"[""ci""]","[""build""]",0.4009544849395752,['37b1cbfd3d2c462ef4f2a131e4172c38dc8d9ddf'],0.0,0.0,0.0,False,0.2857142857142857,4096,False,1
"[""feat"", ""refactor""]","[""feat""]",0.8312816619873047,['e137f9fdbdb6bf3f85c3f7ac9323785e445844c8'],0.5,1.0,0.6666666666666666,False,0.14285714285714285,4096,False,1
"[""test""]","[""test""]",0.39147257804870605,['e0198f74b81da3663144cfe1d971939319f82a0f'],1.0,1.0,1.0,True,0.0,4096,False,1
"[""ci""]","[""ci""]",0.44721364974975586,['45837af24a33308a70a3454f0f650f9fe728e272'],1.0,1.0,1.0,True,0.0,4096,False,1
"[""docs""]","[""docs""]",0.38104987144470215,['0cfc5633d37ea06f645649138323f1820e18bdee'],1.0,1.0,1.0,True,0.0,4096,False,1
"[""build"", ""test""]","[""test""]",0.7321157455444336,['8ee0611fbf0cd89abe7ae588f22e6ecb843598ea'],0.5,1.0,0.6666666666666666,False,0.14285714285714285,4096,False,1
"[""docs"", ""feat""]","[""docs""]",0.43581700325012207,['c2ee5cd5e709afd15c5565ee009a0d204403a119'],0.5,1.0,0.6666666666666666,False,0.14285714285714285,4096,False,1
"[""refactor""]","[""fix""]",0.3998379707336426,['d1d55e787b7d07f763852602b9939a5394607fd9'],0.0,0.0,0.0,False,0.2857142857142857,4096,False,1
"[""build""]","[""build""]",0.40500855445861816,['c55591ba157298a9c5816693c102a89dfd058830'],1.0,1.0,1.0,True,0.0,4096,False,1
"[""fix""]","[""fix""]",0.3100597858428955,['9be725fa3906323d4bc9788f54eccf74109d632b'],1.0,1.0,1.0,True,0.0,4096,False,1
"[""build""]","[""build""]",0.38118720054626465,['f00a4d3e307b89842250358ee432e6800bb24362'],1.0,1.0,1.0,True,0.0,4096,False,1
"[""feat"", ""docs""]","[""docs""]",0.46623802185058594,['036a0ff49a7dade0e04c9c07071a1ff49133ee24'],0.5,1.0,0.6666666666666666,False,0.14285714285714285,4096,False,1
"[""feat""]","[""docs""]",0.39461421966552734,['6d405dfc1675dcad64a2dfac0c0cb0fb28381d21'],0.0,0.0,0.0,False,0.2857142857142857,4096,False,1
"[""refactor"", ""build""]","[""refactor""]",1.141153335571289,['3cca5c314ad6feeffbfe1f14cf49ebd0fd9a95a2'],0.5,1.0,0.6666666666666666,False,0.14285714285714285,4096,False,1
"[""test""]","[""docs""]",0.36354684829711914,['af880ac5b4fecbc6c4f3d1eee0d95f326e8bd9d1'],0.0,0.0,0.0,False,0.2857142857142857,4096,False,1
"[""fix""]","[""fix""]",0.30977678298950195,['c8e0ae8612df3d6f2831acc004aaac332f6105e4'],1.0,1.0,1.0,True,0.0,4096,False,1
"[""refactor"", ""docs""]","[""refactor""]",0.6613678932189941,['771857b1df9470ebc15357e8879118a72c649d5b'],0.5,1.0,0.6666666666666666,False,0.14285714285714285,4096,False,1
"[""refactor""]","[""refactor""]",0.33373475074768066,['47ef9104e4a89e80d7cc6c1950bc080841da4a7b'],1.0,1.0,1.0,True,0.0,4096,False,1
"[""test""]","[""refactor""]",0.6316797733306885,['1db13ec43727aca872a0f3836e4023ed85db665e'],0.0,0.0,0.0,False,0.2857142857142857,4096,False,1
"[""refactor""]","[""fix""]",0.3403306007385254,['933ab6bb86372913c992567cf9660009900911a7'],0.0,0.0,0.0,False,0.2857142857142857,4096,False,1
"[""test""]","[""test""]",0.337646484375,['e2e8ad25854bd1e7cdbc7f50b50bbd99e04ad47d'],1.0,1.0,1.0,True,0.0,4096,False,1
"[""build""]","[""build""]",0.3895225524902344,['c44cf88a6ec54e5ddd99d8348bcc57b301ec7945'],1.0,1.0,1.0,True,0.0,4096,False,1
"[""ci""]","[""ci""]",0.3101334571838379,['e96487ad7ce90b141219d9032fa2bed68d5dae6a'],1.0,1.0,1.0,True,0.0,4096,False,1
"[""build""]","[""build""]",0.36428403854370117,['5b81fde8a72cf2e69a10e9f5c4f0bea0a2b8c3e0'],1.0,1.0,1.0,True,0.0,4096,False,1
"[""docs"", ""docs"", ""docs""]","[""docs""]",1.2403876781463623,['cb1f48b56ae0de93acb72e48726c7d610a1d538e'],1.0,1.0,1.0,False,0.0,4096,False,1
"[""refactor""]","[""fix""]",0.4735605716705322,['2561f4ade46fc9d59f289f328cc77733a6443697'],0.0,0.0,0.0,False,0.2857142857142857,4096,False,1
"[""refactor""]","[""fix""]",0.4005610942840576,['06e2be4e2019b6fa714e1fcb34485860ef1ede79'],0.0,0.0,0.0,False,0.2857142857142857,4096,False,1
"[""refactor""]","[""refactor""]",0.33889222145080566,['36556bf8e0bce4ab6d26eafacbdad04d9614a5d7'],1.0,1.0,1.0,True,0.0,4096,False,1
"[""build""]","[""build""]",0.3661210536956787,['c323d59c607cabc91f17a78528d998f376f30b10'],1.0,1.0,1.0,True,0.0,4096,False,1
"[""build"", ""refactor""]","[""build""]",0.5282473564147949,['e4a11fd5c34942ba12737f1c8c084489428ee274'],0.5,1.0,0.6666666666666666,False,0.14285714285714285,4096,False,1
"[""feat"", ""refactor""]","[""refactor""]",0.5274093151092529,['63eab619e6166eb6cab948028a7b89bf059dd878'],0.5,1.0,0.6666666666666666,False,0.14285714285714285,4096,False,1
"[""docs""]","[""docs""]",0.3412821292877197,['a52a585d74894b3b4eeb8c784fa089ff95cddad0'],1.0,1.0,1.0,True,0.0,4096,False,1
"[""feat"", ""refactor""]","[""feat""]",0.5615036487579346,['b282e90e2cbb74559aab79eee8443a4d7c85502a'],0.5,1.0,0.6666666666666666,False,0.14285714285714285,4096,False,1
"[""feat"", ""test"", ""ci"", ""build"", ""docs""]","[""feat""]",0.7820613384246826,['f823cf28652987d43c8324b4f5b203240032383a'],0.2,1.0,0.33333333333333337,False,0.5714285714285714,4096,False,1
"[""refactor""]","[""fix""]",0.3648395538330078,['9ef5c0d14193a9abb09b39856f58477d1f4b0d77'],0.0,0.0,0.0,False,0.2857142857142857,4096,False,1
"[""feat"", ""refactor""]","[""feat""]",0.6003050804138184,['fd8e563cc19ca4684885d4692acee6bebcca4ada'],0.5,1.0,0.6666666666666666,False,0.14285714285714285,4096,False,1
"[""ci""]","[""ci""]",0.3790135383605957,['4cbbd2552ba0de273e1dfe7d453c5b3efed751a3'],1.0,1.0,1.0,True,0.0,4096,False,1
"[""ci"", ""test""]","[""ci""]",0.575838565826416,['173553c0372e66e03bdab19e0e6c2dd44daa14a0'],0.5,1.0,0.6666666666666666,False,0.14285714285714285,4096,False,1
"[""ci"", ""build""]","[""ci""]",0.7093946933746338,['32845e1bbd1efb5dbc16f671049509a409ba25ce'],0.5,1.0,0.6666666666666666,False,0.14285714285714285,4096,False,1
"[""test""]","[""test""]",0.3627595901489258,['229b53a632ea97d47c4be11f096bdd828fb415d8'],1.0,1.0,1.0,True,0.0,4096,False,1
"[""feat"", ""refactor""]","[""refactor""]",0.45953893661499023,['2954a0955ce9af6acb345ed1e8328e145ad30475'],0.5,1.0,0.6666666666666666,False,0.14285714285714285,4096,False,1
"[""refactor"", ""docs""]","[""refactor""]",0.4930610656738281,['a62314d9bb632be6af026686615d14b912250512'],0.5,1.0,0.6666666666666666,False,0.14285714285714285,4096,False,1
"[""refactor""]","[""refactor""]",0.6980631351470947,['062daa45cbd5dba6e96e95d8cdcaee89ae30a83c'],1.0,1.0,1.0,True,0.0,4096,False,1
"[""test""]","[""test""]",0.3821737766265869,['bedc7950b24c37809e36a585b7985d5aa5e3e458'],1.0,1.0,1.0,True,0.0,4096,False,1
"[""feat"", ""refactor""]","[""feat""]",0.9287095069885254,['ded26d768ff432ad3bde3c0aa1e95ce50726100a'],0.5,1.0,0.6666666666666666,False,0.14285714285714285,4096,False,1
"[""ci"", ""test""]","[""test""]",0.5551483631134033,['e9617f0854030e70365eb264bcb3b58078e79e9e'],0.5,1.0,0.6666666666666666,False,0.14285714285714285,4096,False,1
"[""feat"", ""test"", ""ci"", ""build""]","[""feat""]",0.8651080131530762,['6ed56ce9ae743ba9a87e6c9643cc06b1de7b748d'],0.25,1.0,0.4,False,0.42857142857142855,4096,False,1
"[""docs""]","[""docs""]",0.3697996139526367,['e12d9e77a6fd531a22325337838a841b1c67f00d'],1.0,1.0,1.0,True,0.0,4096,False,1
"[""refactor"", ""ci"", ""test"", ""docs"", ""build""]","[""feat"", ""refactor""]",0.9352691173553467,"['fd8e563cc19ca4684885d4692acee6bebcca4ada', '36556bf8e0bce4ab6d26eafacbdad04d9614a5d7']",0.2,0.5,0.28571428571428575,False,0.7142857142857143,4096,False,2
"[""ci"", ""build""]","[""ci"", ""build""]",0.5615115165710449,"['45837af24a33308a70a3454f0f650f9fe728e272', '5b81fde8a72cf2e69a10e9f5c4f0bea0a2b8c3e0']",1.0,1.0,1.0,True,0.0,4096,False,2
"[""feat"", ""refactor"", ""test""]","[""refactor"", ""docs""]",0.6533799171447754,"['535708ae50aecb452560a23356fd396f99ef13a2', 'af880ac5b4fecbc6c4f3d1eee0d95f326e8bd9d1']",0.3333333333333333,0.5,0.4,False,0.42857142857142855,4096,False,2
"[""feat"", ""fix"", ""refactor"", ""docs"", ""test"", ""ci"", ""build""]","[""feat"", ""refactor""]",1.1461541652679443,"['68278b00450f2679761a2999500f6d87a579376b', '63eab619e6166eb6cab948028a7b89bf059dd878']",0.2857142857142857,1.0,0.4444444444444445,False,0.7142857142857143,4096,False,2
"[""ci"", ""test""]","[""ci"", ""test""]",0.4934256076812744,"['dbb537a26e388a8d7d17faf131abc30c2f7a84e6', 'f411e58cd510f8a2b980b2f1932003a0c0e9f8f3']",1.0,1.0,1.0,True,0.0,4096,False,2
"[""test"", ""ci""]","[""test"", ""ci""]",0.5760781764984131,"['e2e8ad25854bd1e7cdbc7f50b50bbd99e04ad47d', 'c5fa7b80438fbd74f4c341f0d3c9bd9e0f4910da']",1.0,1.0,1.0,True,0.0,4096,False,2
"[""ci"", ""build""]","[""ci"", ""build""]",0.6248469352722168,"['45837af24a33308a70a3454f0f650f9fe728e272', '1269431c8a3e7549f10fcbbb4b88ff625c8898b3']",1.0,1.0,1.0,True,0.0,4096,False,2
"[""feat"", ""refactor"", ""test""]","[""feat"", ""test""]",0.7567934989929199,"['1bcf88670b50155b50071e707f98f30cea0b7a24', 'f411e58cd510f8a2b980b2f1932003a0c0e9f8f3']",0.6666666666666666,1.0,0.8,False,0.14285714285714285,4096,False,2
"[""fix"", ""docs""]","[""fix"", ""docs""]",0.4333460330963135,"['9be725fa3906323d4bc9788f54eccf74109d632b', '0cfc5633d37ea06f645649138323f1820e18bdee']",1.0,1.0,1.0,True,0.0,4096,False,2
"[""refactor"", ""ci""]","[""fix"", ""ci""]",0.4392061233520508,"['9be725fa3906323d4bc9788f54eccf74109d632b', 'e96487ad7ce90b141219d9032fa2bed68d5dae6a']",0.5,0.5,0.5,False,0.2857142857142857,4096,False,2
"[""test"", ""ci"", ""refactor""]","[""build"", ""test""]",0.7854156494140625,"['1269431c8a3e7549f10fcbbb4b88ff625c8898b3', '317f4eefecddfb1392ca71d551840f446feee302']",0.3333333333333333,0.5,0.4,False,0.42857142857142855,4096,False,2
"[""ci"", ""docs""]","[""ci"", ""docs""]",0.49117255210876465,"['dbb537a26e388a8d7d17faf131abc30c2f7a84e6', '0cfc5633d37ea06f645649138323f1820e18bdee']",1.0,1.0,1.0,True,0.0,4096,False,2
"[""refactor"", ""build""]","[""refactor"", ""build""]",1.0055913925170898,"['3cca5c314ad6feeffbfe1f14cf49ebd0fd9a95a2', '454003841aabeb74396d73541378bfa59c75b5db']",1.0,1.0,1.0,True,0.0,4096,False,2
"[""feat"", ""refactor"", ""ci"", ""build"", ""test"", ""docs""]","[""fix"", ""refactor""]",1.3032684326171875,"['2561f4ade46fc9d59f289f328cc77733a6443697', '062daa45cbd5dba6e96e95d8cdcaee89ae30a83c']",0.16666666666666666,0.5,0.25,False,0.8571428571428571,4096,False,2
"[""build"", ""ci""]","[""build"", ""ci""]",0.4949018955230713,"['c44cf88a6ec54e5ddd99d8348bcc57b301ec7945', 'dbb537a26e388a8d7d17faf131abc30c2f7a84e6']",1.0,1.0,1.0,True,0.0,4096,False,2
"[""feat"", ""refactor"", ""test"", ""ci"", ""build"", ""docs""]","[""build"", ""refactor""]",1.011782169342041,"['32b92cfa0b74a6c25990e32ac6aab12b8496794c', '63eab619e6166eb6cab948028a7b89bf059dd878']",0.3333333333333333,1.0,0.5,False,0.5714285714285714,4096,False,2
"[""feat"", ""ci""]","[""feat"", ""docs""]",0.49246859550476074,"['dc5238b2bda98a7c4f2fe9584fc3b0191a408109', 'e12d9e77a6fd531a22325337838a841b1c67f00d']",0.5,0.5,0.5,False,0.2857142857142857,4096,False,2
"[""ci"", ""docs""]","[""ci"", ""docs""]",0.7400634288787842,"['32845e1bbd1efb5dbc16f671049509a409ba25ce', 'bf83c9155e9bee6925aa7102fab53fb803d52533']",1.0,1.0,1.0,True,0.0,4096,False,2
"[""feat"", ""refactor"", ""ci"", ""build"", ""test"", ""docs""]","[""fix"", ""feat""]",1.1580822467803955,"['d129eaf9125a967ac86c6c7276bbae6b4d50af36', '6ed56ce9ae743ba9a87e6c9643cc06b1de7b748d']",0.16666666666666666,0.5,0.25,False,0.8571428571428571,4096,False,2
"[""feat"", ""ci""]","[""feat"", ""ci""]",0.6455729007720947,"['1bcf88670b50155b50071e707f98f30cea0b7a24', '74e9de5ec97dc013a52aa063dff0f40ac74c407b']",1.0,1.0,1.0,True,0.0,4096,False,2
"[""feat"", ""ci""]","[""docs"", ""ci""]",0.4961373805999756,"['036a0ff49a7dade0e04c9c07071a1ff49133ee24', '4cbbd2552ba0de273e1dfe7d453c5b3efed751a3']",0.5,0.5,0.5,False,0.2857142857142857,4096,False,2
"[""feat"", ""docs"", ""test"", ""ci"", ""build""]","[""test"", ""docs""]",1.2234983444213867,"['e9617f0854030e70365eb264bcb3b58078e79e9e', 'cb1f48b56ae0de93acb72e48726c7d610a1d538e']",0.4,1.0,0.5714285714285715,False,0.42857142857142855,4096,False,2
"[""docs"", ""feat""]","[""docs"", ""feat""]",0.5781674385070801,"['aca23027da1295c78fdf42ba9687d8ccc88784d7', 'f823cf28652987d43c8324b4f5b203240032383a']",1.0,1.0,1.0,True,0.0,4096,False,2
"[""refactor"", ""test"", ""ci"", ""build"", ""docs"", ""feat"", ""fix""]","[""refactor"", ""fix""]",1.016838788986206,"['47ef9104e4a89e80d7cc6c1950bc080841da4a7b', '06e2be4e2019b6fa714e1fcb34485860ef1ede79']",0.2857142857142857,1.0,0.4444444444444445,False,0.7142857142857143,4096,False,2
"[""build"", ""ci""]","[""build"", ""ci""]",0.4780082702636719,"['5b81fde8a72cf2e69a10e9f5c4f0bea0a2b8c3e0', 'dbb537a26e388a8d7d17faf131abc30c2f7a84e6']",1.0,1.0,1.0,True,0.0,4096,False,2
"[""build"", ""refactor""]","[""build"", ""refactor""]",0.49907779693603516,"['5b81fde8a72cf2e69a10e9f5c4f0bea0a2b8c3e0', '36556bf8e0bce4ab6d26eafacbdad04d9614a5d7']",1.0,1.0,1.0,True,0.0,4096,False,2
"[""feat"", ""test""]","[""fix"", ""test""]",0.5753517150878906,"['9ef5c0d14193a9abb09b39856f58477d1f4b0d77', 'b7ce2894fd1794064bd6db4ed730bb6cb7728739']",0.5,0.5,0.5,False,0.2857142857142857,4096,False,2
"[""build"", ""docs"", ""test"", ""ci"", ""feat"", ""fix"", ""refactor""]","[""build"", ""docs""]",1.0584533214569092,"['c323d59c607cabc91f17a78528d998f376f30b10', 'c2ee5cd5e709afd15c5565ee009a0d204403a119']",0.2857142857142857,1.0,0.4444444444444445,False,0.7142857142857143,4096,False,2
"[""refactor"", ""ci""]","[""fix"", ""ci""]",0.45037293434143066,"['9be725fa3906323d4bc9788f54eccf74109d632b', 'dbb537a26e388a8d7d17faf131abc30c2f7a84e6']",0.5,0.5,0.5,False,0.2857142857142857,4096,False,2
"[""refactor"", ""ci""]","[""fix"", ""ci""]",0.5837759971618652,"['9be725fa3906323d4bc9788f54eccf74109d632b', 'e7a67d88173566be3cd3aed7e9eeb7e29aabbc57']",0.5,0.5,0.5,False,0.2857142857142857,4096,False,2
"[""refactor"", ""docs"", ""test"", ""ci"", ""build""]","[""docs"", ""refactor""]",1.1434082984924316,"['c2ee5cd5e709afd15c5565ee009a0d204403a119', '062daa45cbd5dba6e96e95d8cdcaee89ae30a83c']",0.4,1.0,0.5714285714285715,False,0.42857142857142855,4096,False,2
"[""feat"", ""refactor""]","[""fix"", ""feat""]",0.8186731338500977,"['933ab6bb86372913c992567cf9660009900911a7', 'e137f9fdbdb6bf3f85c3f7ac9323785e445844c8']",0.5,0.5,0.5,False,0.2857142857142857,4096,False,2
"[""refactor"", ""build""]","[""fix"", ""build""]",0.5278196334838867,"['9be725fa3906323d4bc9788f54eccf74109d632b', 'c44cf88a6ec54e5ddd99d8348bcc57b301ec7945']",0.5,0.5,0.5,False,0.2857142857142857,4096,False,2
"[""ci"", ""test"", ""build""]","[""ci"", ""docs""]",0.7185132503509521,"['173553c0372e66e03bdab19e0e6c2dd44daa14a0', 'e12d9e77a6fd531a22325337838a841b1c67f00d']",0.3333333333333333,0.5,0.4,False,0.42857142857142855,4096,False,2
"[""ci"", ""feat""]","[""ci"", ""feat""]",0.5428328514099121,"['6c9cb638cb4d1ecc42632fcf389c24898c5b3244', 'f823cf28652987d43c8324b4f5b203240032383a']",1.0,1.0,1.0,True,0.0,4096,False,2
"[""ci"", ""docs"", ""test""]","[""ci"", ""docs""]",0.6759829521179199,"['74e9de5ec97dc013a52aa063dff0f40ac74c407b', 'c2ee5cd5e709afd15c5565ee009a0d204403a119']",0.6666666666666666,1.0,0.8,False,0.14285714285714285,4096,False,2
"[""test""]","[""test"", ""build""]",0.5073337554931641,"['317f4eefecddfb1392ca71d551840f446feee302', '5b81fde8a72cf2e69a10e9f5c4f0bea0a2b8c3e0']",1.0,0.5,0.6666666666666666,False,0.14285714285714285,4096,False,2
"[""feat"", ""docs"", ""test"", ""ci"", ""build""]","[""docs"", ""feat""]",0.8794171810150146,"['a52a585d74894b3b4eeb8c784fa089ff95cddad0', 'f823cf28652987d43c8324b4f5b203240032383a']",0.4,1.0,0.5714285714285715,False,0.42857142857142855,4096,False,2
"[""refactor"", ""build""]","[""refactor"", ""build""]",0.509199857711792,"['47ef9104e4a89e80d7cc6c1950bc080841da4a7b', '5b81fde8a72cf2e69a10e9f5c4f0bea0a2b8c3e0']",1.0,1.0,1.0,True,0.0,4096,False,2
"[""feat"", ""refactor"", ""docs"", ""test"", ""ci"", ""build""]","[""feat"", ""refactor""]",1.444960117340088,"['e137f9fdbdb6bf3f85c3f7ac9323785e445844c8', '771857b1df9470ebc15357e8879118a72c649d5b']",0.3333333333333333,1.0,0.5,False,0.5714285714285714,4096,False,2
"[""feat"", ""test"", ""refactor"", ""docs"", ""ci"", ""build""]","[""feat"", ""fix""]",1.14558744430542,"['6ed56ce9ae743ba9a87e6c9643cc06b1de7b748d', 'd1d55e787b7d07f763852602b9939a5394607fd9']",0.16666666666666666,0.5,0.25,False,0.8571428571428571,4096,False,2
"[""build"", ""docs""]","[""build"", ""docs""]",0.4929666519165039,"['c323d59c607cabc91f17a78528d998f376f30b10', '0cfc5633d37ea06f645649138323f1820e18bdee']",1.0,1.0,1.0,True,0.0,4096,False,2
"[""feat"", ""test"", ""build"", ""refactor"", ""docs""]","[""test"", ""refactor""]",1.1291766166687012,"['8ee0611fbf0cd89abe7ae588f22e6ecb843598ea', '2954a0955ce9af6acb345ed1e8328e145ad30475']",0.4,1.0,0.5714285714285715,False,0.42857142857142855,4096,False,2
"[""refactor"", ""test""]","[""refactor"", ""fix""]",0.5210440158843994,"['36556bf8e0bce4ab6d26eafacbdad04d9614a5d7', 'c8e0ae8612df3d6f2831acc004aaac332f6105e4']",0.5,0.5,0.5,False,0.2857142857142857,4096,False,2
"[""ci"", ""build"", ""refactor""]","[""build"", ""ci""]",0.7904388904571533,"['e4a11fd5c34942ba12737f1c8c084489428ee274', '173553c0372e66e03bdab19e0e6c2dd44daa14a0']",0.6666666666666666,1.0,0.8,False,0.14285714285714285,4096,False,2
"[""refactor"", ""feat""]","[""fix"", ""feat""]",0.5545365810394287,"['c8e0ae8612df3d6f2831acc004aaac332f6105e4', 'f9a094918b62534614c47aa8a13f33aec751a1e0']",0.5,0.5,0.5,False,0.2857142857142857,4096,False,2
"[""refactor"", ""docs""]","[""refactor"", ""docs""]",0.7151434421539307,"['771857b1df9470ebc15357e8879118a72c649d5b', '0cfc5633d37ea06f645649138323f1820e18bdee']",1.0,1.0,1.0,True,0.0,4096,False,2
"[""feat"", ""test"", ""docs"", ""refactor"", ""build"", ""ci""]","[""feat"", ""fix""]",1.1493220329284668,"['6ed56ce9ae743ba9a87e6c9643cc06b1de7b748d', '87d5d4e55ab7149b593d29410f1fe426ba2447d4']",0.16666666666666666,0.5,0.25,False,0.8571428571428571,4096,False,2
"[""test""]","[""refactor"", ""test""]",0.6747829914093018,"['1db13ec43727aca872a0f3836e4023ed85db665e', '229b53a632ea97d47c4be11f096bdd828fb415d8']",1.0,0.5,0.6666666666666666,False,0.14285714285714285,4096,False,2
"[""test"", ""feat""]","[""test"", ""refactor""]",0.7163491249084473,"['317f4eefecddfb1392ca71d551840f446feee302', '63eab619e6166eb6cab948028a7b89bf059dd878']",0.5,0.5,0.5,False,0.2857142857142857,4096,False,2
"[""refactor"", ""build""]","[""docs"", ""build""]",0.5581943988800049,"['e12d9e77a6fd531a22325337838a841b1c67f00d', 'c44cf88a6ec54e5ddd99d8348bcc57b301ec7945']",0.5,0.5,0.5,False,0.2857142857142857,4096,False,2
"[""test"", ""ci""]","[""refactor"", ""build""]",0.8064749240875244,"['1db13ec43727aca872a0f3836e4023ed85db665e', '32b92cfa0b74a6c25990e32ac6aab12b8496794c']",0.0,0.0,0.0,False,0.5714285714285714,4096,False,2
"[""docs"", ""refactor"", ""build""]","[""docs"", ""fix""]",0.7129402160644531,"['c2ee5cd5e709afd15c5565ee009a0d204403a119', 'bed78248c941d57ad4cc20a455147e186e97c7a1']",0.3333333333333333,0.5,0.4,False,0.42857142857142855,4096,False,2
"[""docs"", ""ci"", ""build""]","[""docs"", ""ci""]",0.7170906066894531,"['bf83c9155e9bee6925aa7102fab53fb803d52533', '173553c0372e66e03bdab19e0e6c2dd44daa14a0']",0.6666666666666666,1.0,0.8,False,0.14285714285714285,4096,False,2
"[""refactor"", ""ci""]","[""refactor"", ""ci""]",0.5213959217071533,"['36556bf8e0bce4ab6d26eafacbdad04d9614a5d7', '74e9de5ec97dc013a52aa063dff0f40ac74c407b']",1.0,1.0,1.0,True,0.0,4096,False,2
"[""feat"", ""test"", ""ci"", ""refactor""]","[""test"", ""fix""]",0.8103604316711426,"['e9617f0854030e70365eb264bcb3b58078e79e9e', '87d5d4e55ab7149b593d29410f1fe426ba2447d4']",0.25,0.5,0.3333333333333333,False,0.5714285714285714,4096,False,2
"[""feat"", ""refactor"", ""docs"", ""test"", ""ci"", ""build""]","[""feat"", ""refactor""]",1.2408685684204102,"['e137f9fdbdb6bf3f85c3f7ac9323785e445844c8', '47ef9104e4a89e80d7cc6c1950bc080841da4a7b']",0.3333333333333333,1.0,0.5,False,0.5714285714285714,4096,False,2
"[""refactor"", ""ci""]","[""fix"", ""ci""]",0.5984485149383545,"['2561f4ade46fc9d59f289f328cc77733a6443697', '74e9de5ec97dc013a52aa063dff0f40ac74c407b']",0.5,0.5,0.5,False,0.2857142857142857,4096,False,2
"[""build"", ""ci""]","[""build"", ""ci""]",0.4875004291534424,"['5b81fde8a72cf2e69a10e9f5c4f0bea0a2b8c3e0', 'e96487ad7ce90b141219d9032fa2bed68d5dae6a']",1.0,1.0,1.0,True,0.0,4096,False,2
"[""build"", ""test"", ""feat""]","[""build"", ""test""]",0.8431766033172607,"['32b92cfa0b74a6c25990e32ac6aab12b8496794c', '8ee0611fbf0cd89abe7ae588f22e6ecb843598ea']",0.6666666666666666,1.0,0.8,False,0.14285714285714285,4096,False,2
"[""test"", ""ci""]","[""refactor"", ""ci""]",0.8059830665588379,"['1db13ec43727aca872a0f3836e4023ed85db665e', '74e9de5ec97dc013a52aa063dff0f40ac74c407b']",0.5,0.5,0.5,False,0.2857142857142857,4096,False,2
"[""refactor"", ""build""]","[""fix"", ""build""]",0.6391153335571289,"['2561f4ade46fc9d59f289f328cc77733a6443697', 'c55591ba157298a9c5816693c102a89dfd058830']",0.5,0.5,0.5,False,0.2857142857142857,4096,False,2
"[""build"", ""test""]","[""build"", ""refactor""]",0.7373819351196289,"['5b81fde8a72cf2e69a10e9f5c4f0bea0a2b8c3e0', '1db13ec43727aca872a0f3836e4023ed85db665e']",0.5,0.5,0.5,False,0.2857142857142857,4096,False,2
"[""build"", ""test"", ""ci"", ""feat""]","[""test"", ""ci""]",0.9485688209533691,"['8ee0611fbf0cd89abe7ae588f22e6ecb843598ea', 'e96487ad7ce90b141219d9032fa2bed68d5dae6a']",0.5,1.0,0.6666666666666666,False,0.2857142857142857,4096,False,2
"[""refactor"", ""test""]","[""test"", ""refactor""]",0.8910670280456543,"['bedc7950b24c37809e36a585b7985d5aa5e3e458', '062daa45cbd5dba6e96e95d8cdcaee89ae30a83c']",1.0,1.0,1.0,True,0.0,4096,False,2
"[""ci"", ""feat"", ""refactor""]","[""ci"", ""refactor""]",0.7741737365722656,"['74e9de5ec97dc013a52aa063dff0f40ac74c407b', '63eab619e6166eb6cab948028a7b89bf059dd878']",0.6666666666666666,1.0,0.8,False,0.14285714285714285,4096,False,2
"[""test""]","[""test"", ""docs""]",0.5026054382324219,"['317f4eefecddfb1392ca71d551840f446feee302', 'af880ac5b4fecbc6c4f3d1eee0d95f326e8bd9d1']",1.0,0.5,0.6666666666666666,False,0.14285714285714285,4096,False,2
"[""feat"", ""fix""]","[""feat"", ""fix""]",0.5315494537353516,"['dc5238b2bda98a7c4f2fe9584fc3b0191a408109', '9ef5c0d14193a9abb09b39856f58477d1f4b0d77']",1.0,1.0,1.0,True,0.0,4096,False,2
"[""build"", ""ci"", ""docs"", ""feat"", ""fix"", ""refactor"", ""test""]","[""build"", ""docs""]",1.078179121017456,"['e4a11fd5c34942ba12737f1c8c084489428ee274', 'e12d9e77a6fd531a22325337838a841b1c67f00d']",0.2857142857142857,1.0,0.4444444444444445,False,0.7142857142857143,4096,False,2
"[""feat"", ""test"", ""docs"", ""refactor"", ""build"", ""ci""]","[""feat"", ""refactor""]",1.2539024353027344,"['6ed56ce9ae743ba9a87e6c9643cc06b1de7b748d', '63eab619e6166eb6cab948028a7b89bf059dd878']",0.3333333333333333,1.0,0.5,False,0.5714285714285714,4096,False,2
"[""ci"", ""docs"", ""refactor""]","[""ci"", ""fix"", ""docs""]",0.8615446090698242,"['dbb537a26e388a8d7d17faf131abc30c2f7a84e6', 'd129eaf9125a967ac86c6c7276bbae6b4d50af36', 'cb1f48b56ae0de93acb72e48726c7d610a1d538e']",0.6666666666666666,0.6666666666666666,0.6666666666666666,False,0.2857142857142857,4096,False,3
"[""refactor"", ""test"", ""ci"", ""build"", ""feat"", ""fix"", ""docs""]","[""fix"", ""refactor"", ""feat""]",1.440953016281128,"['933ab6bb86372913c992567cf9660009900911a7', '3cca5c314ad6feeffbfe1f14cf49ebd0fd9a95a2', '6ed56ce9ae743ba9a87e6c9643cc06b1de7b748d']",0.42857142857142855,1.0,0.6,False,0.5714285714285714,4096,False,3
"[""feat"", ""build"", ""ci"", ""docs"", ""refactor"", ""test""]","[""build"", ""feat"", ""ci""]",1.3582046031951904,"['5b81fde8a72cf2e69a10e9f5c4f0bea0a2b8c3e0', 'e137f9fdbdb6bf3f85c3f7ac9323785e445844c8', '32845e1bbd1efb5dbc16f671049509a409ba25ce']",0.5,1.0,0.6666666666666666,False,0.42857142857142855,4096,False,3
"[""ci"", ""feat"", ""refactor"", ""build""]","[""ci"", ""docs"", ""feat""]",0.9519617557525635,"['45837af24a33308a70a3454f0f650f9fe728e272', '6d405dfc1675dcad64a2dfac0c0cb0fb28381d21', 'f823cf28652987d43c8324b4f5b203240032383a']",0.5,0.6666666666666666,0.5714285714285715,False,0.42857142857142855,4096,False,3
"[""ci"", ""docs"", ""build""]","[""ci"", ""docs"", ""build""]",0.6224448680877686,"['6c9cb638cb4d1ecc42632fcf389c24898c5b3244', 'bf83c9155e9bee6925aa7102fab53fb803d52533', 'c323d59c607cabc91f17a78528d998f376f30b10']",1.0,1.0,1.0,True,0.0,4096,False,3
"[""test"", ""ci"", ""feat""]","[""test"", ""docs"", ""fix""]",0.6777315139770508,"['229b53a632ea97d47c4be11f096bdd828fb415d8', 'e12d9e77a6fd531a22325337838a841b1c67f00d', 'd129eaf9125a967ac86c6c7276bbae6b4d50af36']",0.3333333333333333,0.3333333333333333,0.3333333333333333,False,0.5714285714285714,4096,False,3
"[""feat"", ""docs"", ""refactor""]","[""feat"", ""docs"", ""refactor""]",0.7566289901733398,"['68278b00450f2679761a2999500f6d87a579376b', 'c2ee5cd5e709afd15c5565ee009a0d204403a119', '535708ae50aecb452560a23356fd396f99ef13a2']",1.0,1.0,1.0,True,0.0,4096,False,3
"[""fix"", ""ci"", ""test""]","[""docs"", ""ci"", ""test""]",0.6602828502655029,"['0cfc5633d37ea06f645649138323f1820e18bdee', '6c9cb638cb4d1ecc42632fcf389c24898c5b3244', 'f411e58cd510f8a2b980b2f1932003a0c0e9f8f3']",0.6666666666666666,0.6666666666666666,0.6666666666666666,False,0.2857142857142857,4096,False,3
"[""refactor"", ""build""]","[""build"", ""fix"", ""refactor""]",0.601813554763794,"['1269431c8a3e7549f10fcbbb4b88ff625c8898b3', '933ab6bb86372913c992567cf9660009900911a7', '36556bf8e0bce4ab6d26eafacbdad04d9614a5d7']",1.0,0.6666666666666666,0.8,False,0.14285714285714285,4096,False,3
"[""test"", ""refactor"", ""docs""]","[""test"", ""fix"", ""docs""]",0.7018494606018066,"['c7b25726df94a2530c9b1c0d2b6a0acaa103822f', '933ab6bb86372913c992567cf9660009900911a7', 'c2ee5cd5e709afd15c5565ee009a0d204403a119']",0.6666666666666666,0.6666666666666666,0.6666666666666666,False,0.2857142857142857,4096,False,3
"[""refactor"", ""build"", ""ci"", ""test"", ""docs""]","[""build"", ""refactor"", ""fix""]",1.051011323928833,"['32b92cfa0b74a6c25990e32ac6aab12b8496794c', '771857b1df9470ebc15357e8879118a72c649d5b', '06e2be4e2019b6fa714e1fcb34485860ef1ede79']",0.4,0.6666666666666666,0.5,False,0.5714285714285714,4096,False,3
"[""test"", ""ci""]","[""test"", ""docs"", ""build""]",0.5710420608520508,"['f411e58cd510f8a2b980b2f1932003a0c0e9f8f3', '036a0ff49a7dade0e04c9c07071a1ff49133ee24', 'c44cf88a6ec54e5ddd99d8348bcc57b301ec7945']",0.5,0.3333333333333333,0.4,False,0.42857142857142855,4096,False,3
"[""feat"", ""test"", ""docs"", ""build"", ""refactor""]","[""feat"", ""test"", ""refactor""]",1.1083834171295166,"['6ed56ce9ae743ba9a87e6c9643cc06b1de7b748d', 'c7b25726df94a2530c9b1c0d2b6a0acaa103822f', '535708ae50aecb452560a23356fd396f99ef13a2']",0.6,1.0,0.7499999999999999,False,0.2857142857142857,4096,False,3
"[""feat"", ""refactor"", ""docs"", ""test"", ""ci"", ""build""]","[""docs"", ""feat"", ""fix""]",1.2244415283203125,"['6d405dfc1675dcad64a2dfac0c0cb0fb28381d21', 'ded26d768ff432ad3bde3c0aa1e95ce50726100a', 'd129eaf9125a967ac86c6c7276bbae6b4d50af36']",0.3333333333333333,0.6666666666666666,0.4444444444444444,False,0.7142857142857143,4096,False,3
"[""ci"", ""docs"", ""refactor""]","[""ci"", ""docs"", ""fix""]",0.840526819229126,"['e7a67d88173566be3cd3aed7e9eeb7e29aabbc57', 'c2ee5cd5e709afd15c5565ee009a0d204403a119', 'bed78248c941d57ad4cc20a455147e186e97c7a1']",0.6666666666666666,0.6666666666666666,0.6666666666666666,False,0.2857142857142857,4096,False,3
"[""ci"", ""docs"", ""feat""]","[""ci"", ""docs"", ""fix""]",0.7306318283081055,"['74e9de5ec97dc013a52aa063dff0f40ac74c407b', 'aca23027da1295c78fdf42ba9687d8ccc88784d7', 'd129eaf9125a967ac86c6c7276bbae6b4d50af36']",0.6666666666666666,0.6666666666666666,0.6666666666666666,False,0.2857142857142857,4096,False,3
"[""test"", ""refactor"", ""build""]","[""test"", ""fix"", ""build""]",0.7587742805480957,"['c7b25726df94a2530c9b1c0d2b6a0acaa103822f', 'bed78248c941d57ad4cc20a455147e186e97c7a1', 'c55591ba157298a9c5816693c102a89dfd058830']",0.6666666666666666,0.6666666666666666,0.6666666666666666,False,0.2857142857142857,4096,False,3
"[""ci"", ""docs"", ""refactor""]","[""docs"", ""ci"", ""fix""]",0.798342227935791,"['a52a585d74894b3b4eeb8c784fa089ff95cddad0', 'e7a67d88173566be3cd3aed7e9eeb7e29aabbc57', 'bed78248c941d57ad4cc20a455147e186e97c7a1']",0.6666666666666666,0.6666666666666666,0.6666666666666666,False,0.2857142857142857,4096,False,3
"[""build"", ""ci"", ""test""]","[""build"", ""ci"", ""test""]",0.6423087120056152,"['f00a4d3e307b89842250358ee432e6800bb24362', '6c9cb638cb4d1ecc42632fcf389c24898c5b3244', 'c7b25726df94a2530c9b1c0d2b6a0acaa103822f']",1.0,1.0,1.0,True,0.0,4096,False,3
"[""feat"", ""refactor"", ""fix"", ""ci"", ""build"", ""test"", ""docs""]","[""refactor"", ""feat"", ""fix""]",1.1170320510864258,"['2954a0955ce9af6acb345ed1e8328e145ad30475', 'dc5238b2bda98a7c4f2fe9584fc3b0191a408109', '9ef5c0d14193a9abb09b39856f58477d1f4b0d77']",0.42857142857142855,1.0,0.6,False,0.5714285714285714,4096,False,3
"[""ci"", ""test"", ""refactor""]","[""ci"", ""test"", ""fix""]",0.7002956867218018,"['4cbbd2552ba0de273e1dfe7d453c5b3efed751a3', 'f411e58cd510f8a2b980b2f1932003a0c0e9f8f3', '06e2be4e2019b6fa714e1fcb34485860ef1ede79']",0.6666666666666666,0.6666666666666666,0.6666666666666666,False,0.2857142857142857,4096,False,3
"[""feat"", ""refactor"", ""test"", ""ci"", ""build""]","[""feat"", ""refactor"", ""build""]",1.1808412075042725,"['b282e90e2cbb74559aab79eee8443a4d7c85502a', '1db13ec43727aca872a0f3836e4023ed85db665e', '37b1cbfd3d2c462ef4f2a131e4172c38dc8d9ddf']",0.6,1.0,0.7499999999999999,False,0.2857142857142857,4096,False,3
"[""feat"", ""refactor"", ""ci"", ""build""]","[""fix"", ""feat"", ""ci""]",0.9846389293670654,"['d129eaf9125a967ac86c6c7276bbae6b4d50af36', 'fd8e563cc19ca4684885d4692acee6bebcca4ada', '173553c0372e66e03bdab19e0e6c2dd44daa14a0']",0.5,0.6666666666666666,0.5714285714285715,False,0.42857142857142855,4096,False,3
"[""feat"", ""test"", ""docs"", ""refactor"", ""ci"", ""build""]","[""docs"", ""refactor"", ""test""]",1.094672441482544,"['036a0ff49a7dade0e04c9c07071a1ff49133ee24', '63eab619e6166eb6cab948028a7b89bf059dd878', '229b53a632ea97d47c4be11f096bdd828fb415d8']",0.5,1.0,0.6666666666666666,False,0.42857142857142855,4096,False,3
"[""test"", ""ci"", ""feat""]","[""test"", ""ci"", ""feat""]",0.9037861824035645,"['c7b25726df94a2530c9b1c0d2b6a0acaa103822f', '32845e1bbd1efb5dbc16f671049509a409ba25ce', 'b282e90e2cbb74559aab79eee8443a4d7c85502a']",1.0,1.0,1.0,True,0.0,4096,False,3
"[""feat"", ""build"", ""refactor""]","[""feat"", ""build"", ""refactor""]",0.6757502555847168,"['f9a094918b62534614c47aa8a13f33aec751a1e0', '5b81fde8a72cf2e69a10e9f5c4f0bea0a2b8c3e0', '36556bf8e0bce4ab6d26eafacbdad04d9614a5d7']",1.0,1.0,1.0,True,0.0,4096,False,3
"[""feat"", ""refactor"", ""ci"", ""build""]","[""feat"", ""build"", ""docs""]",1.0208053588867188,"['e137f9fdbdb6bf3f85c3f7ac9323785e445844c8', '37b1cbfd3d2c462ef4f2a131e4172c38dc8d9ddf', 'e12d9e77a6fd531a22325337838a841b1c67f00d']",0.5,0.6666666666666666,0.5714285714285715,False,0.42857142857142855,4096,False,3
"[""build"", ""ci"", ""refactor""]","[""build"", ""refactor"", ""ci""]",0.6765110492706299,"['f00a4d3e307b89842250358ee432e6800bb24362', '36556bf8e0bce4ab6d26eafacbdad04d9614a5d7', '4cbbd2552ba0de273e1dfe7d453c5b3efed751a3']",1.0,1.0,1.0,True,0.0,4096,False,3
"[""docs"", ""build""]","[""docs"", ""ci"", ""build""]",0.888622522354126,"['cb1f48b56ae0de93acb72e48726c7d610a1d538e', 'e96487ad7ce90b141219d9032fa2bed68d5dae6a', '454003841aabeb74396d73541378bfa59c75b5db']",1.0,0.6666666666666666,0.8,False,0.14285714285714285,4096,False,3
"[""feat"", ""test"", ""build"", ""ci""]","[""fix"", ""test"", ""build""]",0.779747724533081,"['d129eaf9125a967ac86c6c7276bbae6b4d50af36', 'e2e8ad25854bd1e7cdbc7f50b50bbd99e04ad47d', '1269431c8a3e7549f10fcbbb4b88ff625c8898b3']",0.5,0.6666666666666666,0.5714285714285715,False,0.42857142857142855,4096,False,3
"[""feat"", ""docs"", ""refactor"", ""ci"", ""build"", ""test""]","[""refactor"", ""docs"", ""feat""]",0.9755697250366211,"['2954a0955ce9af6acb345ed1e8328e145ad30475', 'a52a585d74894b3b4eeb8c784fa089ff95cddad0', 'b282e90e2cbb74559aab79eee8443a4d7c85502a']",0.5,1.0,0.6666666666666666,False,0.42857142857142855,4096,False,3
"[""fix"", ""test"", ""docs""]","[""docs"", ""refactor"", ""test""]",0.8805088996887207,"['0cfc5633d37ea06f645649138323f1820e18bdee', '1db13ec43727aca872a0f3836e4023ed85db665e', 'bedc7950b24c37809e36a585b7985d5aa5e3e458']",0.6666666666666666,0.6666666666666666,0.6666666666666666,False,0.2857142857142857,4096,False,3
"[""fix"", ""docs"", ""test""]","[""fix"", ""docs"", ""test""]",0.5867447853088379,"['933ab6bb86372913c992567cf9660009900911a7', '0cfc5633d37ea06f645649138323f1820e18bdee', 'c7b25726df94a2530c9b1c0d2b6a0acaa103822f']",1.0,1.0,1.0,True,0.0,4096,False,3
"[""refactor"", ""ci"", ""test""]","[""refactor"", ""ci"", ""test""]",0.6854009628295898,"['36556bf8e0bce4ab6d26eafacbdad04d9614a5d7', '6c9cb638cb4d1ecc42632fcf389c24898c5b3244', '229b53a632ea97d47c4be11f096bdd828fb415d8']",1.0,1.0,1.0,True,0.0,4096,False,3
"[""ci"", ""test"", ""docs""]","[""ci"", ""test"", ""docs""]",0.7994482517242432,"['c5fa7b80438fbd74f4c341f0d3c9bd9e0f4910da', '229b53a632ea97d47c4be11f096bdd828fb415d8', 'aca23027da1295c78fdf42ba9687d8ccc88784d7']",1.0,1.0,1.0,True,0.0,4096,False,3
"[""feat"", ""refactor"", ""docs"", ""test"", ""ci"", ""build""]","[""feat"", ""docs"", ""fix""]",1.0890588760375977,"['f823cf28652987d43c8324b4f5b203240032383a', '0cfc5633d37ea06f645649138323f1820e18bdee', '9ef5c0d14193a9abb09b39856f58477d1f4b0d77']",0.3333333333333333,0.6666666666666666,0.4444444444444444,False,0.7142857142857143,4096,False,3
"[""test"", ""ci"", ""refactor""]","[""test"", ""fix"", ""build""]",0.793398380279541,"['317f4eefecddfb1392ca71d551840f446feee302', '06e2be4e2019b6fa714e1fcb34485860ef1ede79', 'c55591ba157298a9c5816693c102a89dfd058830']",0.3333333333333333,0.3333333333333333,0.3333333333333333,False,0.5714285714285714,4096,False,3
"[""feat"", ""refactor""]","[""feat"", ""docs"", ""refactor""]",0.7581653594970703,"['e137f9fdbdb6bf3f85c3f7ac9323785e445844c8', 'bf83c9155e9bee6925aa7102fab53fb803d52533', '36556bf8e0bce4ab6d26eafacbdad04d9614a5d7']",1.0,0.6666666666666666,0.8,False,0.14285714285714285,4096,False,3
"[""feat"", ""ci"", ""build""]","[""fix"", ""ci"", ""build""]",0.6612401008605957,"['d129eaf9125a967ac86c6c7276bbae6b4d50af36', '6c9cb638cb4d1ecc42632fcf389c24898c5b3244', 'c44cf88a6ec54e5ddd99d8348bcc57b301ec7945']",0.6666666666666666,0.6666666666666666,0.6666666666666666,False,0.2857142857142857,4096,False,3
"[""feat"", ""refactor"", ""docs""]","[""fix"", ""refactor"", ""docs""]",0.7411131858825684,"['2561f4ade46fc9d59f289f328cc77733a6443697', '2954a0955ce9af6acb345ed1e8328e145ad30475', 'a52a585d74894b3b4eeb8c784fa089ff95cddad0']",0.6666666666666666,0.6666666666666666,0.6666666666666666,False,0.2857142857142857,4096,False,3
"[""build"", ""refactor""]","[""build"", ""feat"", ""fix""]",0.5761072635650635,"['c55591ba157298a9c5816693c102a89dfd058830', 'dc5238b2bda98a7c4f2fe9584fc3b0191a408109', '9be725fa3906323d4bc9788f54eccf74109d632b']",0.5,0.3333333333333333,0.4,False,0.42857142857142855,4096,False,3
"[""test"", ""refactor""]","[""test"", ""refactor"", ""feat""]",0.7711436748504639,"['229b53a632ea97d47c4be11f096bdd828fb415d8', '36556bf8e0bce4ab6d26eafacbdad04d9614a5d7', 'ded26d768ff432ad3bde3c0aa1e95ce50726100a']",1.0,0.6666666666666666,0.8,False,0.14285714285714285,4096,False,3
"[""test"", ""ci"", ""build""]","[""test"", ""build"", ""ci""]",0.8336474895477295,"['e0198f74b81da3663144cfe1d971939319f82a0f', 'c55591ba157298a9c5816693c102a89dfd058830', 'e7a67d88173566be3cd3aed7e9eeb7e29aabbc57']",1.0,1.0,1.0,True,0.0,4096,False,3
"[""test"", ""refactor"", ""docs""]","[""test"", ""fix"", ""docs""]",0.7762665748596191,"['bedc7950b24c37809e36a585b7985d5aa5e3e458', '933ab6bb86372913c992567cf9660009900911a7', '6d405dfc1675dcad64a2dfac0c0cb0fb28381d21']",0.6666666666666666,0.6666666666666666,0.6666666666666666,False,0.2857142857142857,4096,False,3
"[""test"", ""refactor"", ""ci"", ""build""]","[""fix"", ""build"", ""test""]",0.8568031787872314,"['d129eaf9125a967ac86c6c7276bbae6b4d50af36', '32b92cfa0b74a6c25990e32ac6aab12b8496794c', '317f4eefecddfb1392ca71d551840f446feee302']",0.5,0.6666666666666666,0.5714285714285715,False,0.42857142857142855,4096,False,3
"[""feat"", ""ci"", ""test"", ""docs"", ""build""]","[""feat"", ""fix"", ""ci""]",1.1071035861968994,"['f823cf28652987d43c8324b4f5b203240032383a', '9be725fa3906323d4bc9788f54eccf74109d632b', '32845e1bbd1efb5dbc16f671049509a409ba25ce']",0.4,0.6666666666666666,0.5,False,0.5714285714285714,4096,False,3
"[""refactor"", ""ci""]","[""fix"", ""docs"", ""build""]",0.6600375175476074,"['9ef5c0d14193a9abb09b39856f58477d1f4b0d77', 'a52a585d74894b3b4eeb8c784fa089ff95cddad0', '37b1cbfd3d2c462ef4f2a131e4172c38dc8d9ddf']",0.0,0.0,0.0,False,0.7142857142857143,4096,False,3
"[""feat"", ""ci"", ""docs""]","[""fix"", ""ci"", ""docs""]",0.6777284145355225,"['87d5d4e55ab7149b593d29410f1fe426ba2447d4', '4cbbd2552ba0de273e1dfe7d453c5b3efed751a3', '6d405dfc1675dcad64a2dfac0c0cb0fb28381d21']",0.6666666666666666,0.6666666666666666,0.6666666666666666,False,0.2857142857142857,4096,False,3
"[""feat"", ""docs"", ""test"", ""ci"", ""build""]","[""feat"", ""docs"", ""fix""]",1.2192225456237793,"['fd8e563cc19ca4684885d4692acee6bebcca4ada', 'cb1f48b56ae0de93acb72e48726c7d610a1d538e', 'bed78248c941d57ad4cc20a455147e186e97c7a1']",0.4,0.6666666666666666,0.5,False,0.5714285714285714,4096,False,3
"[""refactor"", ""build""]","[""feat"", ""fix"", ""refactor""]",0.874617338180542,"['1bcf88670b50155b50071e707f98f30cea0b7a24', '9ef5c0d14193a9abb09b39856f58477d1f4b0d77', '062daa45cbd5dba6e96e95d8cdcaee89ae30a83c']",0.5,0.3333333333333333,0.4,False,0.42857142857142855,4096,False,3
"[""refactor"", ""docs"", ""test"", ""build"", ""feat""]","[""fix"", ""docs"", ""test""]",1.023895025253296,"['bed78248c941d57ad4cc20a455147e186e97c7a1', 'a52a585d74894b3b4eeb8c784fa089ff95cddad0', 'e9617f0854030e70365eb264bcb3b58078e79e9e']",0.4,0.6666666666666666,0.5,False,0.5714285714285714,4096,False,3
"[""docs"", ""ci"", ""feat""]","[""docs"", ""ci"", ""feat""]",0.7842288017272949,"['c2ee5cd5e709afd15c5565ee009a0d204403a119', 'dbb537a26e388a8d7d17faf131abc30c2f7a84e6', 'ded26d768ff432ad3bde3c0aa1e95ce50726100a']",1.0,1.0,1.0,True,0.0,4096,False,3
"[""build"", ""ci"", ""refactor"", ""test""]","[""build"", ""ci"", ""refactor""]",1.0517313480377197,"['454003841aabeb74396d73541378bfa59c75b5db', 'dbb537a26e388a8d7d17faf131abc30c2f7a84e6', '062daa45cbd5dba6e96e95d8cdcaee89ae30a83c']",0.75,1.0,0.8571428571428571,False,0.14285714285714285,4096,False,3
"[""feat"", ""test"", ""refactor"", ""ci"", ""build"", ""docs"", ""fix""]","[""feat"", ""fix"", ""test""]",1.13197922706604,"['fd8e563cc19ca4684885d4692acee6bebcca4ada', 'd1d55e787b7d07f763852602b9939a5394607fd9', 'b7ce2894fd1794064bd6db4ed730bb6cb7728739']",0.42857142857142855,1.0,0.6,False,0.5714285714285714,4096,False,3
"[""docs"", ""test"", ""ci"", ""build""]","[""docs"", ""test"", ""build""]",0.8305056095123291,"['bf83c9155e9bee6925aa7102fab53fb803d52533', 'b7ce2894fd1794064bd6db4ed730bb6cb7728739', '37b1cbfd3d2c462ef4f2a131e4172c38dc8d9ddf']",0.75,1.0,0.8571428571428571,False,0.14285714285714285,4096,False,3
"[""feat"", ""test"", ""ci"", ""refactor""]","[""fix"", ""ci"", ""test""]",0.9113113880157471,"['d129eaf9125a967ac86c6c7276bbae6b4d50af36', 'e7a67d88173566be3cd3aed7e9eeb7e29aabbc57', '317f4eefecddfb1392ca71d551840f446feee302']",0.5,0.6666666666666666,0.5714285714285715,False,0.42857142857142855,4096,False,3
"[""docs"", ""ci"", ""refactor""]","[""docs"", ""fix"", ""ci""]",0.6903076171875,"['c2ee5cd5e709afd15c5565ee009a0d204403a119', 'd1d55e787b7d07f763852602b9939a5394607fd9', '6c9cb638cb4d1ecc42632fcf389c24898c5b3244']",0.6666666666666666,0.6666666666666666,0.6666666666666666,False,0.2857142857142857,4096,False,3
"[""ci"", ""refactor""]","[""ci"", ""fix"", ""docs""]",0.5539145469665527,"['dbb537a26e388a8d7d17faf131abc30c2f7a84e6', 'c8e0ae8612df3d6f2831acc004aaac332f6105e4', 'e12d9e77a6fd531a22325337838a841b1c67f00d']",0.5,0.3333333333333333,0.4,False,0.42857142857142855,4096,False,3
"[""build"", ""docs"", ""feat"", ""refactor""]","[""build"", ""docs"", ""refactor""]",0.7805089950561523,"['c55591ba157298a9c5816693c102a89dfd058830', 'c2ee5cd5e709afd15c5565ee009a0d204403a119', 'a62314d9bb632be6af026686615d14b912250512']",0.75,1.0,0.8571428571428571,False,0.14285714285714285,4096,False,3
"[""refactor"", ""build""]","[""fix"", ""build"", ""refactor""]",0.6829414367675781,"['d1d55e787b7d07f763852602b9939a5394607fd9', '32b92cfa0b74a6c25990e32ac6aab12b8496794c', '062daa45cbd5dba6e96e95d8cdcaee89ae30a83c']",1.0,0.6666666666666666,0.8,False,0.14285714285714285,4096,False,3
"[""test"", ""ci"", ""refactor""]","[""test"", ""docs"", ""build""]",0.7101774215698242,"['f411e58cd510f8a2b980b2f1932003a0c0e9f8f3', 'af880ac5b4fecbc6c4f3d1eee0d95f326e8bd9d1', '1269431c8a3e7549f10fcbbb4b88ff625c8898b3']",0.3333333333333333,0.3333333333333333,0.3333333333333333,False,0.5714285714285714,4096,False,3
"[""feat"", ""test""]","[""feat"", ""fix"", ""test""]",0.603543758392334,"['f9a094918b62534614c47aa8a13f33aec751a1e0', '87d5d4e55ab7149b593d29410f1fe426ba2447d4', '317f4eefecddfb1392ca71d551840f446feee302']",1.0,0.6666666666666666,0.8,False,0.14285714285714285,4096,False,3
"[""test"", ""feat"", ""build""]","[""test"", ""fix"", ""feat""]",0.7323951721191406,"['229b53a632ea97d47c4be11f096bdd828fb415d8', 'c8e0ae8612df3d6f2831acc004aaac332f6105e4', 'f823cf28652987d43c8324b4f5b203240032383a']",0.6666666666666666,0.6666666666666666,0.6666666666666666,False,0.2857142857142857,4096,False,3
"[""feat"", ""refactor"", ""test""]","[""feat"", ""fix"", ""docs""]",0.655052900314331,"['dc5238b2bda98a7c4f2fe9584fc3b0191a408109', '06e2be4e2019b6fa714e1fcb34485860ef1ede79', 'af880ac5b4fecbc6c4f3d1eee0d95f326e8bd9d1']",0.3333333333333333,0.3333333333333333,0.3333333333333333,False,0.5714285714285714,4096,False,3
"[""ci"", ""test"", ""refactor""]","[""ci"", ""docs"", ""test""]",0.7850472927093506,"['173553c0372e66e03bdab19e0e6c2dd44daa14a0', 'e12d9e77a6fd531a22325337838a841b1c67f00d', 'c7b25726df94a2530c9b1c0d2b6a0acaa103822f']",0.6666666666666666,0.6666666666666666,0.6666666666666666,False,0.2857142857142857,4096,False,3
"[""ci"", ""refactor""]","[""ci"", ""fix"", ""docs""]",0.630418062210083,"['dbb537a26e388a8d7d17faf131abc30c2f7a84e6', '2561f4ade46fc9d59f289f328cc77733a6443697', 'e12d9e77a6fd531a22325337838a841b1c67f00d']",0.5,0.3333333333333333,0.4,False,0.42857142857142855,4096,False,3
"[""feat"", ""refactor"", ""test""]","[""feat"", ""fix"", ""test""]",0.765545129776001,"['f823cf28652987d43c8324b4f5b203240032383a', '9ef5c0d14193a9abb09b39856f58477d1f4b0d77', '229b53a632ea97d47c4be11f096bdd828fb415d8']",0.6666666666666666,0.6666666666666666,0.6666666666666666,False,0.2857142857142857,4096,False,3
"[""feat"", ""ci"", ""test"", ""refactor"", ""docs""]","[""docs"", ""ci"", ""feat""]",1.0826385021209717,"['6d405dfc1675dcad64a2dfac0c0cb0fb28381d21', '173553c0372e66e03bdab19e0e6c2dd44daa14a0', 'b282e90e2cbb74559aab79eee8443a4d7c85502a']",0.6,1.0,0.7499999999999999,False,0.2857142857142857,4096,False,3
"[""ci"", ""refactor""]","[""ci"", ""docs"", ""build""]",0.6786186695098877,"['c5fa7b80438fbd74f4c341f0d3c9bd9e0f4910da', '036a0ff49a7dade0e04c9c07071a1ff49133ee24', 'c44cf88a6ec54e5ddd99d8348bcc57b301ec7945']",0.5,0.3333333333333333,0.4,False,0.42857142857142855,4096,False,3
"[""ci"", ""build"", ""refactor""]","[""ci"", ""feat"", ""build""]",0.9710569381713867,"['32845e1bbd1efb5dbc16f671049509a409ba25ce', 'b282e90e2cbb74559aab79eee8443a4d7c85502a', '37b1cbfd3d2c462ef4f2a131e4172c38dc8d9ddf']",0.6666666666666666,0.6666666666666666,0.6666666666666666,False,0.2857142857142857,4096,False,3
"[""test"", ""feat""]","[""test"", ""build"", ""fix"", ""feat""]",0.6091268062591553,"['e0198f74b81da3663144cfe1d971939319f82a0f', 'f00a4d3e307b89842250358ee432e6800bb24362', 'd129eaf9125a967ac86c6c7276bbae6b4d50af36', 'dc5238b2bda98a7c4f2fe9584fc3b0191a408109']",1.0,0.5,0.6666666666666666,False,0.2857142857142857,4096,False,4
"[""ci"", ""test"", ""refactor""]","[""ci"", ""build"", ""test"", ""docs""]",0.8306353092193604,"['c5fa7b80438fbd74f4c341f0d3c9bd9e0f4910da', '1269431c8a3e7549f10fcbbb4b88ff625c8898b3', 'e2e8ad25854bd1e7cdbc7f50b50bbd99e04ad47d', '036a0ff49a7dade0e04c9c07071a1ff49133ee24']",0.6666666666666666,0.5,0.5714285714285715,False,0.42857142857142855,4096,False,4
"[""refactor"", ""docs"", ""test""]","[""refactor"", ""feat"", ""docs"", ""test""]",0.8443043231964111,"['3cca5c314ad6feeffbfe1f14cf49ebd0fd9a95a2', 'dc5238b2bda98a7c4f2fe9584fc3b0191a408109', 'aca23027da1295c78fdf42ba9687d8ccc88784d7', '229b53a632ea97d47c4be11f096bdd828fb415d8']",1.0,0.75,0.8571428571428571,False,0.14285714285714285,4096,False,4
"[""refactor"", ""build"", ""test""]","[""fix"", ""test"", ""build"", ""refactor""]",0.828441858291626,"['d1d55e787b7d07f763852602b9939a5394607fd9', 'bedc7950b24c37809e36a585b7985d5aa5e3e458', 'c55591ba157298a9c5816693c102a89dfd058830', '535708ae50aecb452560a23356fd396f99ef13a2']",1.0,0.75,0.8571428571428571,False,0.14285714285714285,4096,False,4
"[""feat"", ""refactor"", ""test"", ""ci"", ""build"", ""docs""]","[""docs"", ""build"", ""ci"", ""feat""]",1.2749876976013184,"['a52a585d74894b3b4eeb8c784fa089ff95cddad0', '1269431c8a3e7549f10fcbbb4b88ff625c8898b3', '45837af24a33308a70a3454f0f650f9fe728e272', 'e137f9fdbdb6bf3f85c3f7ac9323785e445844c8']",0.6666666666666666,1.0,0.8,False,0.2857142857142857,4096,False,4
"[""ci"", ""test"", ""docs"", ""refactor""]","[""test"", ""fix"", ""refactor"", ""ci""]",1.0158686637878418,"['e9617f0854030e70365eb264bcb3b58078e79e9e', 'bed78248c941d57ad4cc20a455147e186e97c7a1', '535708ae50aecb452560a23356fd396f99ef13a2', 'c5fa7b80438fbd74f4c341f0d3c9bd9e0f4910da']",0.75,0.75,0.75,False,0.2857142857142857,4096,False,4
"[""ci"", ""refactor"", ""feat""]","[""ci"", ""fix"", ""feat"", ""refactor""]",0.9457502365112305,"['e7a67d88173566be3cd3aed7e9eeb7e29aabbc57', 'bed78248c941d57ad4cc20a455147e186e97c7a1', 'f823cf28652987d43c8324b4f5b203240032383a', '2954a0955ce9af6acb345ed1e8328e145ad30475']",1.0,0.75,0.8571428571428571,False,0.14285714285714285,4096,False,4
"[""docs"", ""ci"", ""test"", ""refactor""]","[""docs"", ""ci"", ""test"", ""refactor""]",1.1469919681549072,"['aca23027da1295c78fdf42ba9687d8ccc88784d7', '74e9de5ec97dc013a52aa063dff0f40ac74c407b', '317f4eefecddfb1392ca71d551840f446feee302', '3cca5c314ad6feeffbfe1f14cf49ebd0fd9a95a2']",1.0,1.0,1.0,True,0.0,4096,False,4
"[""feat"", ""refactor"", ""build"", ""docs""]","[""fix"", ""feat"", ""build"", ""docs""]",0.8736956119537354,"['9be725fa3906323d4bc9788f54eccf74109d632b', 'e137f9fdbdb6bf3f85c3f7ac9323785e445844c8', 'c323d59c607cabc91f17a78528d998f376f30b10', '0cfc5633d37ea06f645649138323f1820e18bdee']",0.75,0.75,0.75,False,0.2857142857142857,4096,False,4
"[""fix"", ""feat"", ""refactor"", ""docs"", ""test"", ""ci"", ""build""]","[""docs"", ""feat"", ""test"", ""fix""]",1.2504732608795166,"['0cfc5633d37ea06f645649138323f1820e18bdee', '1bcf88670b50155b50071e707f98f30cea0b7a24', '229b53a632ea97d47c4be11f096bdd828fb415d8', '87d5d4e55ab7149b593d29410f1fe426ba2447d4']",0.5714285714285714,1.0,0.7272727272727273,False,0.42857142857142855,4096,False,4
"[""build"", ""refactor"", ""ci""]","[""build"", ""refactor"", ""test"", ""ci""]",0.851463794708252,"['c55591ba157298a9c5816693c102a89dfd058830', '062daa45cbd5dba6e96e95d8cdcaee89ae30a83c', 'c7b25726df94a2530c9b1c0d2b6a0acaa103822f', 'dbb537a26e388a8d7d17faf131abc30c2f7a84e6']",1.0,0.75,0.8571428571428571,False,0.14285714285714285,4096,False,4
"[""feat"", ""test"", ""refactor"", ""ci"", ""build""]","[""feat"", ""fix"", ""test"", ""refactor""]",0.9022619724273682,"['dc5238b2bda98a7c4f2fe9584fc3b0191a408109', 'c8e0ae8612df3d6f2831acc004aaac332f6105e4', 'f411e58cd510f8a2b980b2f1932003a0c0e9f8f3', '47ef9104e4a89e80d7cc6c1950bc080841da4a7b']",0.6,0.75,0.6666666666666665,False,0.42857142857142855,4096,False,4
"[""feat"", ""ci"", ""test"", ""docs""]","[""refactor"", ""docs"", ""test"", ""ci""]",0.9466052055358887,"['63eab619e6166eb6cab948028a7b89bf059dd878', 'aca23027da1295c78fdf42ba9687d8ccc88784d7', 'f411e58cd510f8a2b980b2f1932003a0c0e9f8f3', 'e7a67d88173566be3cd3aed7e9eeb7e29aabbc57']",0.75,0.75,0.75,False,0.2857142857142857,4096,False,4
"[""docs"", ""refactor"", ""test"", ""build"", ""ci"", ""feat"", ""fix""]","[""docs"", ""refactor"", ""test"", ""fix""]",1.3397331237792969,"['aca23027da1295c78fdf42ba9687d8ccc88784d7', '062daa45cbd5dba6e96e95d8cdcaee89ae30a83c', 'b7ce2894fd1794064bd6db4ed730bb6cb7728739', '06e2be4e2019b6fa714e1fcb34485860ef1ede79']",0.5714285714285714,1.0,0.7272727272727273,False,0.42857142857142855,4096,False,4
"[""test"", ""ci"", ""docs""]","[""test"", ""docs"", ""build"", ""ci""]",0.9744884967803955,"['317f4eefecddfb1392ca71d551840f446feee302', 'aca23027da1295c78fdf42ba9687d8ccc88784d7', 'f00a4d3e307b89842250358ee432e6800bb24362', '32845e1bbd1efb5dbc16f671049509a409ba25ce']",1.0,0.75,0.8571428571428571,False,0.14285714285714285,4096,False,4
"[""refactor"", ""test""]","[""fix"", ""refactor"", ""docs"", ""test""]",0.7175204753875732,"['933ab6bb86372913c992567cf9660009900911a7', '3cca5c314ad6feeffbfe1f14cf49ebd0fd9a95a2', 'a52a585d74894b3b4eeb8c784fa089ff95cddad0', '229b53a632ea97d47c4be11f096bdd828fb415d8']",1.0,0.5,0.6666666666666666,False,0.2857142857142857,4096,False,4
"[""feat"", ""refactor"", ""ci"", ""docs"", ""build""]","[""refactor"", ""ci"", ""docs"", ""build""]",1.037172794342041,"['63eab619e6166eb6cab948028a7b89bf059dd878', '6c9cb638cb4d1ecc42632fcf389c24898c5b3244', 'a52a585d74894b3b4eeb8c784fa089ff95cddad0', 'c55591ba157298a9c5816693c102a89dfd058830']",0.8,1.0,0.888888888888889,False,0.14285714285714285,4096,False,4
"[""ci"", ""test"", ""build"", ""feat"", ""refactor"", ""docs""]","[""ci"", ""build"", ""test"", ""fix""]",1.2445580959320068,"['173553c0372e66e03bdab19e0e6c2dd44daa14a0', 'c55591ba157298a9c5816693c102a89dfd058830', '8ee0611fbf0cd89abe7ae588f22e6ecb843598ea', '87d5d4e55ab7149b593d29410f1fe426ba2447d4']",0.5,0.75,0.6,False,0.5714285714285714,4096,False,4
"[""ci"", ""refactor"", ""test""]","[""ci"", ""build"", ""feat"", ""fix""]",0.9320535659790039,"['32845e1bbd1efb5dbc16f671049509a409ba25ce', '32b92cfa0b74a6c25990e32ac6aab12b8496794c', 'fd8e563cc19ca4684885d4692acee6bebcca4ada', '933ab6bb86372913c992567cf9660009900911a7']",0.3333333333333333,0.25,0.28571428571428575,False,0.7142857142857143,4096,False,4
"[""test"", ""ci"", ""refactor"", ""feat""]","[""test"", ""build"", ""fix"", ""feat""]",1.2129230499267578,"['317f4eefecddfb1392ca71d551840f446feee302', '454003841aabeb74396d73541378bfa59c75b5db', '933ab6bb86372913c992567cf9660009900911a7', '6ed56ce9ae743ba9a87e6c9643cc06b1de7b748d']",0.5,0.5,0.5,False,0.5714285714285714,4096,False,4
"[""feat"", ""test"", ""refactor"", ""docs"", ""ci"", ""build""]","[""fix"", ""docs"", ""test"", ""refactor""]",1.1391456127166748,"['d1d55e787b7d07f763852602b9939a5394607fd9', '6d405dfc1675dcad64a2dfac0c0cb0fb28381d21', 'e0198f74b81da3663144cfe1d971939319f82a0f', '36556bf8e0bce4ab6d26eafacbdad04d9614a5d7']",0.5,0.75,0.6,False,0.5714285714285714,4096,False,4
"[""ci"", ""docs"", ""feat"", ""refactor"", ""test""]","[""ci"", ""docs"", ""build"", ""feat""]",1.0577178001403809,"['e7a67d88173566be3cd3aed7e9eeb7e29aabbc57', '6d405dfc1675dcad64a2dfac0c0cb0fb28381d21', 'c44cf88a6ec54e5ddd99d8348bcc57b301ec7945', 'f9a094918b62534614c47aa8a13f33aec751a1e0']",0.6,0.75,0.6666666666666665,False,0.42857142857142855,4096,False,4
"[""feat"", ""test"", ""refactor"", ""docs""]","[""fix"", ""test"", ""feat"", ""docs""]",1.1127476692199707,"['2561f4ade46fc9d59f289f328cc77733a6443697', 'e0198f74b81da3663144cfe1d971939319f82a0f', '1bcf88670b50155b50071e707f98f30cea0b7a24', '6d405dfc1675dcad64a2dfac0c0cb0fb28381d21']",0.75,0.75,0.75,False,0.2857142857142857,4096,False,4
"[""ci"", ""refactor"", ""test""]","[""ci"", ""fix"", ""test"", ""docs""]",0.7445507049560547,"['4cbbd2552ba0de273e1dfe7d453c5b3efed751a3', '933ab6bb86372913c992567cf9660009900911a7', 'b7ce2894fd1794064bd6db4ed730bb6cb7728739', 'af880ac5b4fecbc6c4f3d1eee0d95f326e8bd9d1']",0.6666666666666666,0.5,0.5714285714285715,False,0.42857142857142855,4096,False,4
"[""feat"", ""refactor"", ""ci"", ""build"", ""test"", ""docs""]","[""feat"", ""ci"", ""refactor"", ""fix""]",1.2228012084960938,"['f823cf28652987d43c8324b4f5b203240032383a', '45837af24a33308a70a3454f0f650f9fe728e272', '36556bf8e0bce4ab6d26eafacbdad04d9614a5d7', 'bed78248c941d57ad4cc20a455147e186e97c7a1']",0.5,0.75,0.6,False,0.5714285714285714,4096,False,4
"[""feat"", ""refactor"", ""docs"", ""test"", ""ci"", ""build""]","[""refactor"", ""feat"", ""docs"", ""build""]",1.2528986930847168,"['63eab619e6166eb6cab948028a7b89bf059dd878', 'e137f9fdbdb6bf3f85c3f7ac9323785e445844c8', 'a52a585d74894b3b4eeb8c784fa089ff95cddad0', 'f00a4d3e307b89842250358ee432e6800bb24362']",0.6666666666666666,1.0,0.8,False,0.2857142857142857,4096,False,4
"[""build"", ""ci"", ""refactor"", ""test""]","[""build"", ""test"", ""ci"", ""refactor""]",1.1599247455596924,"['1269431c8a3e7549f10fcbbb4b88ff625c8898b3', '8ee0611fbf0cd89abe7ae588f22e6ecb843598ea', '45837af24a33308a70a3454f0f650f9fe728e272', '63eab619e6166eb6cab948028a7b89bf059dd878']",1.0,1.0,1.0,True,0.0,4096,False,4
"[""build"", ""refactor"", ""test"", ""docs"", ""feat"", ""ci""]","[""build"", ""docs"", ""feat"", ""fix""]",1.2414960861206055,"['37b1cbfd3d2c462ef4f2a131e4172c38dc8d9ddf', '6d405dfc1675dcad64a2dfac0c0cb0fb28381d21', 'b282e90e2cbb74559aab79eee8443a4d7c85502a', '2561f4ade46fc9d59f289f328cc77733a6443697']",0.5,0.75,0.6,False,0.5714285714285714,4096,False,4
"[""build"", ""test"", ""ci"", ""feat""]","[""build"", ""test"", ""ci"", ""feat""]",1.166640281677246,"['c55591ba157298a9c5816693c102a89dfd058830', '317f4eefecddfb1392ca71d551840f446feee302', 'c5fa7b80438fbd74f4c341f0d3c9bd9e0f4910da', '6ed56ce9ae743ba9a87e6c9643cc06b1de7b748d']",1.0,1.0,1.0,True,0.0,4096,False,4
"[""feat"", ""build"", ""docs"", ""refactor""]","[""fix"", ""build"", ""docs"", ""refactor""]",0.9037120342254639,"['933ab6bb86372913c992567cf9660009900911a7', '5b81fde8a72cf2e69a10e9f5c4f0bea0a2b8c3e0', 'c2ee5cd5e709afd15c5565ee009a0d204403a119', '3cca5c314ad6feeffbfe1f14cf49ebd0fd9a95a2']",0.75,0.75,0.75,False,0.2857142857142857,4096,False,4
"[""ci"", ""refactor""]","[""fix"", ""feat"", ""docs"", ""ci""]",0.6415271759033203,"['933ab6bb86372913c992567cf9660009900911a7', 'dc5238b2bda98a7c4f2fe9584fc3b0191a408109', '036a0ff49a7dade0e04c9c07071a1ff49133ee24', 'e7a67d88173566be3cd3aed7e9eeb7e29aabbc57']",0.5,0.25,0.3333333333333333,False,0.5714285714285714,4096,False,4
"[""feat"", ""refactor"", ""test""]","[""docs"", ""fix"", ""feat"", ""refactor""]",0.6911630630493164,"['af880ac5b4fecbc6c4f3d1eee0d95f326e8bd9d1', 'c8e0ae8612df3d6f2831acc004aaac332f6105e4', 'f9a094918b62534614c47aa8a13f33aec751a1e0', '47ef9104e4a89e80d7cc6c1950bc080841da4a7b']",0.6666666666666666,0.5,0.5714285714285715,False,0.42857142857142855,4096,False,4
"[""feat"", ""refactor"", ""ci"", ""build"", ""docs""]","[""fix"", ""build"", ""feat"", ""ci""]",1.2255825996398926,"['d129eaf9125a967ac86c6c7276bbae6b4d50af36', '1269431c8a3e7549f10fcbbb4b88ff625c8898b3', 'e137f9fdbdb6bf3f85c3f7ac9323785e445844c8', '173553c0372e66e03bdab19e0e6c2dd44daa14a0']",0.6,0.75,0.6666666666666665,False,0.42857142857142855,4096,False,4
"[""feat"", ""fix"", ""refactor"", ""docs"", ""test"", ""ci"", ""build""]","[""feat"", ""refactor"", ""test"", ""build""]",1.2835075855255127,"['dc5238b2bda98a7c4f2fe9584fc3b0191a408109', '771857b1df9470ebc15357e8879118a72c649d5b', 'b7ce2894fd1794064bd6db4ed730bb6cb7728739', 'c323d59c607cabc91f17a78528d998f376f30b10']",0.5714285714285714,1.0,0.7272727272727273,False,0.42857142857142855,4096,False,4
"[""build"", ""test"", ""ci"", ""feat""]","[""build"", ""test"", ""ci"", ""fix""]",0.8664729595184326,"['5b81fde8a72cf2e69a10e9f5c4f0bea0a2b8c3e0', 'b7ce2894fd1794064bd6db4ed730bb6cb7728739', '74e9de5ec97dc013a52aa063dff0f40ac74c407b', 'd129eaf9125a967ac86c6c7276bbae6b4d50af36']",0.75,0.75,0.75,False,0.2857142857142857,4096,False,4
"[""test"", ""build"", ""ci"", ""refactor""]","[""docs"", ""feat"", ""build"", ""ci""]",1.0455362796783447,"['af880ac5b4fecbc6c4f3d1eee0d95f326e8bd9d1', 'ded26d768ff432ad3bde3c0aa1e95ce50726100a', '454003841aabeb74396d73541378bfa59c75b5db', '4cbbd2552ba0de273e1dfe7d453c5b3efed751a3']",0.5,0.5,0.5,False,0.5714285714285714,4096,False,4
"[""feat"", ""ci"", ""build""]","[""docs"", ""refactor"", ""ci"", ""build""]",0.8152213096618652,"['036a0ff49a7dade0e04c9c07071a1ff49133ee24', '535708ae50aecb452560a23356fd396f99ef13a2', 'e7a67d88173566be3cd3aed7e9eeb7e29aabbc57', 'c55591ba157298a9c5816693c102a89dfd058830']",0.6666666666666666,0.5,0.5714285714285715,False,0.42857142857142855,4096,False,4
"[""feat"", ""ci"", ""refactor"", ""docs""]","[""refactor"", ""ci"", ""fix"", ""docs""]",0.8685736656188965,"['2954a0955ce9af6acb345ed1e8328e145ad30475', '6c9cb638cb4d1ecc42632fcf389c24898c5b3244', 'd1d55e787b7d07f763852602b9939a5394607fd9', '6d405dfc1675dcad64a2dfac0c0cb0fb28381d21']",0.75,0.75,0.75,False,0.2857142857142857,4096,False,4
"[""test"", ""ci"", ""docs"", ""refactor""]","[""test"", ""ci"", ""docs"", ""feat""]",0.9520037174224854,"['229b53a632ea97d47c4be11f096bdd828fb415d8', '4cbbd2552ba0de273e1dfe7d453c5b3efed751a3', 'bf83c9155e9bee6925aa7102fab53fb803d52533', 'ded26d768ff432ad3bde3c0aa1e95ce50726100a']",0.75,0.75,0.75,False,0.2857142857142857,4096,False,4
"[""feat"", ""fix"", ""refactor"", ""test"", ""docs"", ""ci"", ""build""]","[""refactor"", ""fix"", ""test"", ""feat""]",1.2753915786743164,"['47ef9104e4a89e80d7cc6c1950bc080841da4a7b', '9ef5c0d14193a9abb09b39856f58477d1f4b0d77', 'b7ce2894fd1794064bd6db4ed730bb6cb7728739', '1bcf88670b50155b50071e707f98f30cea0b7a24']",0.5714285714285714,1.0,0.7272727272727273,False,0.42857142857142855,4096,False,4
"[""ci"", ""feat"", ""refactor"", ""test""]","[""docs"", ""feat"", ""ci"", ""refactor""]",1.0652246475219727,"['e12d9e77a6fd531a22325337838a841b1c67f00d', 'fd8e563cc19ca4684885d4692acee6bebcca4ada', '173553c0372e66e03bdab19e0e6c2dd44daa14a0', '535708ae50aecb452560a23356fd396f99ef13a2']",0.75,0.75,0.75,False,0.2857142857142857,4096,False,4
"[""test"", ""ci"", ""refactor""]","[""refactor"", ""feat"", ""docs"", ""ci""]",0.9642066955566406,"['1db13ec43727aca872a0f3836e4023ed85db665e', 'b282e90e2cbb74559aab79eee8443a4d7c85502a', 'e12d9e77a6fd531a22325337838a841b1c67f00d', '74e9de5ec97dc013a52aa063dff0f40ac74c407b']",0.6666666666666666,0.5,0.5714285714285715,False,0.42857142857142855,4096,False,4
"[""docs"", ""ci"", ""test"", ""refactor""]","[""docs"", ""ci"", ""refactor"", ""test""]",0.9335730075836182,"['aca23027da1295c78fdf42ba9687d8ccc88784d7', '74e9de5ec97dc013a52aa063dff0f40ac74c407b', '2954a0955ce9af6acb345ed1e8328e145ad30475', 'f411e58cd510f8a2b980b2f1932003a0c0e9f8f3']",1.0,1.0,1.0,True,0.0,4096,False,4
"[""test"", ""ci"", ""docs""]","[""test"", ""docs"", ""ci"", ""fix""]",0.7078390121459961,"['b7ce2894fd1794064bd6db4ed730bb6cb7728739', 'af880ac5b4fecbc6c4f3d1eee0d95f326e8bd9d1', '6c9cb638cb4d1ecc42632fcf389c24898c5b3244', 'd129eaf9125a967ac86c6c7276bbae6b4d50af36']",1.0,0.75,0.8571428571428571,False,0.14285714285714285,4096,False,4
"[""ci"", ""docs"", ""test""]","[""ci"", ""refactor"", ""test"", ""docs""]",0.9311754703521729,"['e7a67d88173566be3cd3aed7e9eeb7e29aabbc57', '36556bf8e0bce4ab6d26eafacbdad04d9614a5d7', '8ee0611fbf0cd89abe7ae588f22e6ecb843598ea', 'c2ee5cd5e709afd15c5565ee009a0d204403a119']",1.0,0.75,0.8571428571428571,False,0.14285714285714285,4096,False,4
"[""docs"", ""refactor"", ""test"", ""build""]","[""docs"", ""feat"", ""test"", ""build""]",1.0544817447662354,"['0cfc5633d37ea06f645649138323f1820e18bdee', 'fd8e563cc19ca4684885d4692acee6bebcca4ada', 'e9617f0854030e70365eb264bcb3b58078e79e9e', '1269431c8a3e7549f10fcbbb4b88ff625c8898b3']",0.75,0.75,0.75,False,0.2857142857142857,4096,False,4
"[""feat"", ""test"", ""refactor"", ""ci"", ""build"", ""docs"", ""fix""]","[""refactor"", ""feat"", ""test"", ""fix""]",1.2269384860992432,"['47ef9104e4a89e80d7cc6c1950bc080841da4a7b', 'b282e90e2cbb74559aab79eee8443a4d7c85502a', 'e0198f74b81da3663144cfe1d971939319f82a0f', 'bed78248c941d57ad4cc20a455147e186e97c7a1']",0.5714285714285714,1.0,0.7272727272727273,False,0.42857142857142855,4096,False,4
"[""build"", ""ci"", ""docs"", ""feat"", ""refactor"", ""test""]","[""build"", ""ci"", ""fix"", ""refactor""]",1.4036965370178223,"['454003841aabeb74396d73541378bfa59c75b5db', '173553c0372e66e03bdab19e0e6c2dd44daa14a0', 'd129eaf9125a967ac86c6c7276bbae6b4d50af36', '63eab619e6166eb6cab948028a7b89bf059dd878']",0.5,0.75,0.6,False,0.5714285714285714,4096,False,4
"[""feat"", ""test"", ""ci"", ""build"", ""refactor"", ""docs""]","[""test"", ""refactor"", ""docs"", ""feat""]",1.3165192604064941,"['e9617f0854030e70365eb264bcb3b58078e79e9e', '2954a0955ce9af6acb345ed1e8328e145ad30475', 'c2ee5cd5e709afd15c5565ee009a0d204403a119', '6ed56ce9ae743ba9a87e6c9643cc06b1de7b748d']",0.6666666666666666,1.0,0.8,False,0.2857142857142857,4096,False,4
"[""build"", ""test"", ""ci"", ""refactor""]","[""build"", ""refactor"", ""fix"", ""ci""]",0.9531071186065674,"['454003841aabeb74396d73541378bfa59c75b5db', 'a62314d9bb632be6af026686615d14b912250512', '06e2be4e2019b6fa714e1fcb34485860ef1ede79', '4cbbd2552ba0de273e1dfe7d453c5b3efed751a3']",0.75,0.75,0.75,False,0.2857142857142857,4096,False,4
"[""feat"", ""refactor"", ""test"", ""ci"", ""docs""]","[""feat"", ""test"", ""refactor"", ""ci""]",1.1055784225463867,"['b282e90e2cbb74559aab79eee8443a4d7c85502a', 'e2e8ad25854bd1e7cdbc7f50b50bbd99e04ad47d', '63eab619e6166eb6cab948028a7b89bf059dd878', '6c9cb638cb4d1ecc42632fcf389c24898c5b3244']",0.8,1.0,0.888888888888889,False,0.14285714285714285,4096,False,4
"[""fix"", ""docs"", ""test"", ""build"", ""ci"", ""refactor""]","[""docs"", ""fix"", ""test"", ""refactor""]",1.1555712223052979,"['0cfc5633d37ea06f645649138323f1820e18bdee', 'd1d55e787b7d07f763852602b9939a5394607fd9', 'e2e8ad25854bd1e7cdbc7f50b50bbd99e04ad47d', '062daa45cbd5dba6e96e95d8cdcaee89ae30a83c']",0.6666666666666666,1.0,0.8,False,0.2857142857142857,4096,False,4
"[""refactor"", ""fix"", ""ci"", ""build""]","[""refactor"", ""fix"", ""docs"", ""ci""]",0.8862354755401611,"['47ef9104e4a89e80d7cc6c1950bc080841da4a7b', 'd129eaf9125a967ac86c6c7276bbae6b4d50af36', '0cfc5633d37ea06f645649138323f1820e18bdee', '45837af24a33308a70a3454f0f650f9fe728e272']",0.75,0.75,0.75,False,0.2857142857142857,4096,False,4
"[""refactor"", ""ci"", ""test"", ""build"", ""docs""]","[""fix"", ""build"", ""ci"", ""test""]",1.2270503044128418,"['bed78248c941d57ad4cc20a455147e186e97c7a1', '1269431c8a3e7549f10fcbbb4b88ff625c8898b3', '45837af24a33308a70a3454f0f650f9fe728e272', '8ee0611fbf0cd89abe7ae588f22e6ecb843598ea']",0.6,0.75,0.6666666666666665,False,0.42857142857142855,4096,False,4
"[""build"", ""test"", ""docs""]","[""build"", ""fix"", ""ci"", ""docs""]",0.9914445877075195,"['454003841aabeb74396d73541378bfa59c75b5db', 'bed78248c941d57ad4cc20a455147e186e97c7a1', '45837af24a33308a70a3454f0f650f9fe728e272', 'c2ee5cd5e709afd15c5565ee009a0d204403a119']",0.6666666666666666,0.5,0.5714285714285715,False,0.42857142857142855,4096,False,4
"[""ci"", ""refactor"", ""docs""]","[""ci"", ""refactor"", ""fix"", ""docs""]",0.8659939765930176,"['dbb537a26e388a8d7d17faf131abc30c2f7a84e6', '3cca5c314ad6feeffbfe1f14cf49ebd0fd9a95a2', 'd1d55e787b7d07f763852602b9939a5394607fd9', '6d405dfc1675dcad64a2dfac0c0cb0fb28381d21']",1.0,0.75,0.8571428571428571,False,0.14285714285714285,4096,False,4
"[""feat"", ""refactor"", ""docs"", ""ci"", ""test"", ""build""]","[""fix"", ""ci"", ""docs"", ""refactor""]",1.1296050548553467,"['2561f4ade46fc9d59f289f328cc77733a6443697', '6c9cb638cb4d1ecc42632fcf389c24898c5b3244', 'bf83c9155e9bee6925aa7102fab53fb803d52533', '771857b1df9470ebc15357e8879118a72c649d5b']",0.5,0.75,0.6,False,0.5714285714285714,4096,False,4
"[""feat"", ""refactor"", ""test"", ""docs"", ""ci"", ""build""]","[""fix"", ""feat"", ""build"", ""docs""]",1.1558575630187988,"['06e2be4e2019b6fa714e1fcb34485860ef1ede79', 'fd8e563cc19ca4684885d4692acee6bebcca4ada', '32b92cfa0b74a6c25990e32ac6aab12b8496794c', '6d405dfc1675dcad64a2dfac0c0cb0fb28381d21']",0.5,0.75,0.6,False,0.5714285714285714,4096,False,4
"[""build"", ""test"", ""refactor""]","[""build"", ""ci"", ""test"", ""feat""]",0.8483150005340576,"['c55591ba157298a9c5816693c102a89dfd058830', '45837af24a33308a70a3454f0f650f9fe728e272', 'b7ce2894fd1794064bd6db4ed730bb6cb7728739', 'dc5238b2bda98a7c4f2fe9584fc3b0191a408109']",0.6666666666666666,0.5,0.5714285714285715,False,0.42857142857142855,4096,False,4
"[""ci"", ""feat"", ""test"", ""refactor"", ""docs""]","[""ci"", ""docs"", ""feat"", ""test""]",1.1275904178619385,"['173553c0372e66e03bdab19e0e6c2dd44daa14a0', 'e12d9e77a6fd531a22325337838a841b1c67f00d', 'f823cf28652987d43c8324b4f5b203240032383a', '229b53a632ea97d47c4be11f096bdd828fb415d8']",0.8,1.0,0.888888888888889,False,0.14285714285714285,4096,False,4
"[""refactor"", ""docs"", ""ci"", ""test""]","[""refactor"", ""docs"", ""ci"", ""test""]",0.8567662239074707,"['36556bf8e0bce4ab6d26eafacbdad04d9614a5d7', 'aca23027da1295c78fdf42ba9687d8ccc88784d7', 'dbb537a26e388a8d7d17faf131abc30c2f7a84e6', '229b53a632ea97d47c4be11f096bdd828fb415d8']",1.0,1.0,1.0,True,0.0,4096,False,4
"[""docs"", ""test"", ""ci"", ""build""]","[""docs"", ""refactor"", ""test"", ""fix""]",0.9423294067382812,"['0cfc5633d37ea06f645649138323f1820e18bdee', '1db13ec43727aca872a0f3836e4023ed85db665e', '229b53a632ea97d47c4be11f096bdd828fb415d8', '9be725fa3906323d4bc9788f54eccf74109d632b']",0.5,0.5,0.5,False,0.5714285714285714,4096,False,4
"[""ci"", ""refactor"", ""docs"", ""test""]","[""ci"", ""docs"", ""refactor"", ""test""]",1.0572102069854736,"['c5fa7b80438fbd74f4c341f0d3c9bd9e0f4910da', 'bf83c9155e9bee6925aa7102fab53fb803d52533', '062daa45cbd5dba6e96e95d8cdcaee89ae30a83c', 'bedc7950b24c37809e36a585b7985d5aa5e3e458']",1.0,1.0,1.0,True,0.0,4096,False,4
"[""feat"", ""refactor"", ""ci"", ""build"", ""docs"", ""test""]","[""fix"", ""docs"", ""ci"", ""feat""]",1.1480121612548828,"['9be725fa3906323d4bc9788f54eccf74109d632b', '036a0ff49a7dade0e04c9c07071a1ff49133ee24', '45837af24a33308a70a3454f0f650f9fe728e272', 'f823cf28652987d43c8324b4f5b203240032383a']",0.5,0.75,0.6,False,0.5714285714285714,4096,False,4
"[""docs"", ""test"", ""build""]","[""docs"", ""test"", ""build"", ""feat""]",0.871105432510376,"['bf83c9155e9bee6925aa7102fab53fb803d52533', 'e0198f74b81da3663144cfe1d971939319f82a0f', 'f00a4d3e307b89842250358ee432e6800bb24362', 'ded26d768ff432ad3bde3c0aa1e95ce50726100a']",1.0,0.75,0.8571428571428571,False,0.14285714285714285,4096,False,4
"[""docs"", ""test"", ""refactor""]","[""docs"", ""refactor"", ""test"", ""fix""]",0.9611167907714844,"['aca23027da1295c78fdf42ba9687d8ccc88784d7', '1db13ec43727aca872a0f3836e4023ed85db665e', 'f411e58cd510f8a2b980b2f1932003a0c0e9f8f3', '2561f4ade46fc9d59f289f328cc77733a6443697']",1.0,0.75,0.8571428571428571,False,0.14285714285714285,4096,False,4
"[""test"", ""ci"", ""docs"", ""feat""]","[""test"", ""feat"", ""docs"", ""ci""]",0.970534086227417,"['e0198f74b81da3663144cfe1d971939319f82a0f', 'f823cf28652987d43c8324b4f5b203240032383a', 'aca23027da1295c78fdf42ba9687d8ccc88784d7', 'e96487ad7ce90b141219d9032fa2bed68d5dae6a']",1.0,1.0,1.0,True,0.0,4096,False,4
"[""feat"", ""refactor"", ""ci"", ""test"", ""docs""]","[""refactor"", ""build"", ""feat"", ""docs""]",1.1108574867248535,"['63eab619e6166eb6cab948028a7b89bf059dd878', '32b92cfa0b74a6c25990e32ac6aab12b8496794c', 'fd8e563cc19ca4684885d4692acee6bebcca4ada', 'a52a585d74894b3b4eeb8c784fa089ff95cddad0']",0.6,0.75,0.6666666666666665,False,0.42857142857142855,4096,False,4
"[""build"", ""ci"", ""refactor"", ""test""]","[""build"", ""fix"", ""test"", ""feat""]",0.9469528198242188,"['37b1cbfd3d2c462ef4f2a131e4172c38dc8d9ddf', 'c8e0ae8612df3d6f2831acc004aaac332f6105e4', 'c7b25726df94a2530c9b1c0d2b6a0acaa103822f', '1bcf88670b50155b50071e707f98f30cea0b7a24']",0.5,0.5,0.5,False,0.5714285714285714,4096,False,4
"[""feat"", ""refactor"", ""test"", ""ci"", ""docs"", ""build""]","[""refactor"", ""ci"", ""docs"", ""build""]",1.3430349826812744,"['771857b1df9470ebc15357e8879118a72c649d5b', '6c9cb638cb4d1ecc42632fcf389c24898c5b3244', '6d405dfc1675dcad64a2dfac0c0cb0fb28381d21', '454003841aabeb74396d73541378bfa59c75b5db']",0.6666666666666666,1.0,0.8,False,0.2857142857142857,4096,False,4
"[""refactor"", ""docs"", ""test"", ""ci""]","[""fix"", ""docs"", ""refactor"", ""ci"", ""test""]",0.9455544948577881,"['9be725fa3906323d4bc9788f54eccf74109d632b', 'bf83c9155e9bee6925aa7102fab53fb803d52533', '535708ae50aecb452560a23356fd396f99ef13a2', '4cbbd2552ba0de273e1dfe7d453c5b3efed751a3', 'bedc7950b24c37809e36a585b7985d5aa5e3e458']",1.0,0.8,0.888888888888889,False,0.14285714285714285,4096,False,5
"[""test"", ""ci"", ""refactor"", ""docs""]","[""test"", ""docs"", ""refactor"", ""build"", ""feat""]",1.1334598064422607,"['229b53a632ea97d47c4be11f096bdd828fb415d8', 'bf83c9155e9bee6925aa7102fab53fb803d52533', '062daa45cbd5dba6e96e95d8cdcaee89ae30a83c', 'e4a11fd5c34942ba12737f1c8c084489428ee274', 'fd8e563cc19ca4684885d4692acee6bebcca4ada']",0.75,0.6,0.6666666666666665,False,0.42857142857142855,4096,False,5
"[""test"", ""ci"", ""refactor"", ""docs""]","[""test"", ""ci"", ""fix"", ""build"", ""refactor""]",1.1173336505889893,"['317f4eefecddfb1392ca71d551840f446feee302', 'e7a67d88173566be3cd3aed7e9eeb7e29aabbc57', 'd1d55e787b7d07f763852602b9939a5394607fd9', 'f00a4d3e307b89842250358ee432e6800bb24362', '771857b1df9470ebc15357e8879118a72c649d5b']",0.75,0.6,0.6666666666666665,False,0.42857142857142855,4096,False,5
"[""ci"", ""test"", ""refactor""]","[""ci"", ""refactor"", ""build"", ""test"", ""fix""]",0.9106976985931396,"['e7a67d88173566be3cd3aed7e9eeb7e29aabbc57', '47ef9104e4a89e80d7cc6c1950bc080841da4a7b', '5b81fde8a72cf2e69a10e9f5c4f0bea0a2b8c3e0', 'bedc7950b24c37809e36a585b7985d5aa5e3e458', '9ef5c0d14193a9abb09b39856f58477d1f4b0d77']",1.0,0.6,0.7499999999999999,False,0.2857142857142857,4096,False,5
"[""build"", ""ci"", ""docs"", ""feat"", ""refactor"", ""test""]","[""build"", ""fix"", ""feat"", ""refactor"", ""docs""]",1.341327428817749,"['e4a11fd5c34942ba12737f1c8c084489428ee274', '9ef5c0d14193a9abb09b39856f58477d1f4b0d77', 'dc5238b2bda98a7c4f2fe9584fc3b0191a408109', '771857b1df9470ebc15357e8879118a72c649d5b', 'c2ee5cd5e709afd15c5565ee009a0d204403a119']",0.6666666666666666,0.8,0.7272727272727272,False,0.42857142857142855,4096,False,5
"[""docs"", ""test"", ""build"", ""refactor""]","[""docs"", ""test"", ""build"", ""fix"", ""feat""]",0.9732513427734375,"['bf83c9155e9bee6925aa7102fab53fb803d52533', '229b53a632ea97d47c4be11f096bdd828fb415d8', 'c55591ba157298a9c5816693c102a89dfd058830', '06e2be4e2019b6fa714e1fcb34485860ef1ede79', 'f823cf28652987d43c8324b4f5b203240032383a']",0.75,0.6,0.6666666666666665,False,0.42857142857142855,4096,False,5
"[""ci"", ""build"", ""test"", ""docs"", ""feat"", ""refactor""]","[""ci"", ""build"", ""fix"", ""test"", ""feat""]",1.3106639385223389,"['e7a67d88173566be3cd3aed7e9eeb7e29aabbc57', 'c55591ba157298a9c5816693c102a89dfd058830', 'd129eaf9125a967ac86c6c7276bbae6b4d50af36', '229b53a632ea97d47c4be11f096bdd828fb415d8', '1bcf88670b50155b50071e707f98f30cea0b7a24']",0.6666666666666666,0.8,0.7272727272727272,False,0.42857142857142855,4096,False,5
"[""feat"", ""test"", ""ci"", ""build"", ""refactor""]","[""fix"", ""test"", ""build"", ""ci"", ""refactor""]",1.1174545288085938,"['2561f4ade46fc9d59f289f328cc77733a6443697', 'b7ce2894fd1794064bd6db4ed730bb6cb7728739', '1269431c8a3e7549f10fcbbb4b88ff625c8898b3', 'e96487ad7ce90b141219d9032fa2bed68d5dae6a', '36556bf8e0bce4ab6d26eafacbdad04d9614a5d7']",0.8,0.8,0.8000000000000002,False,0.2857142857142857,4096,False,5
"[""docs"", ""ci"", ""test"", ""build"", ""refactor""]","[""docs"", ""ci"", ""refactor"", ""test"", ""fix""]",1.0688369274139404,"['bf83c9155e9bee6925aa7102fab53fb803d52533', 'e7a67d88173566be3cd3aed7e9eeb7e29aabbc57', '535708ae50aecb452560a23356fd396f99ef13a2', 'c7b25726df94a2530c9b1c0d2b6a0acaa103822f', '06e2be4e2019b6fa714e1fcb34485860ef1ede79']",0.8,0.8,0.8000000000000002,False,0.2857142857142857,4096,False,5
"[""refactor"", ""docs"", ""build"", ""ci"", ""test""]","[""refactor"", ""docs"", ""build"", ""feat"", ""fix""]",1.0489048957824707,"['36556bf8e0bce4ab6d26eafacbdad04d9614a5d7', 'c2ee5cd5e709afd15c5565ee009a0d204403a119', 'c55591ba157298a9c5816693c102a89dfd058830', '68278b00450f2679761a2999500f6d87a579376b', '9ef5c0d14193a9abb09b39856f58477d1f4b0d77']",0.6,0.6,0.6,False,0.5714285714285714,4096,False,5
"[""feat"", ""build"", ""ci"", ""test""]","[""feat"", ""build"", ""fix"", ""ci"", ""test""]",1.1645855903625488,"['ded26d768ff432ad3bde3c0aa1e95ce50726100a', 'c323d59c607cabc91f17a78528d998f376f30b10', '2561f4ade46fc9d59f289f328cc77733a6443697', '45837af24a33308a70a3454f0f650f9fe728e272', 'e0198f74b81da3663144cfe1d971939319f82a0f']",1.0,0.8,0.888888888888889,False,0.14285714285714285,4096,False,5
"[""ci"", ""refactor"", ""test"", ""build""]","[""ci"", ""refactor"", ""test"", ""feat"", ""fix""]",0.9728357791900635,"['e96487ad7ce90b141219d9032fa2bed68d5dae6a', 'a62314d9bb632be6af026686615d14b912250512', 'c7b25726df94a2530c9b1c0d2b6a0acaa103822f', '6ed56ce9ae743ba9a87e6c9643cc06b1de7b748d', '9ef5c0d14193a9abb09b39856f58477d1f4b0d77']",0.75,0.6,0.6666666666666665,False,0.42857142857142855,4096,False,5
"[""build"", ""ci"", ""refactor""]","[""build"", ""refactor"", ""ci"", ""docs"", ""fix""]",0.9423644542694092,"['c55591ba157298a9c5816693c102a89dfd058830', '63eab619e6166eb6cab948028a7b89bf059dd878', 'c5fa7b80438fbd74f4c341f0d3c9bd9e0f4910da', '036a0ff49a7dade0e04c9c07071a1ff49133ee24', '9be725fa3906323d4bc9788f54eccf74109d632b']",1.0,0.6,0.7499999999999999,False,0.2857142857142857,4096,False,5
"[""docs"", ""ci"", ""test"", ""build""]","[""docs"", ""ci"", ""refactor"", ""build"", ""feat""]",1.0812156200408936,"['bf83c9155e9bee6925aa7102fab53fb803d52533', '173553c0372e66e03bdab19e0e6c2dd44daa14a0', '535708ae50aecb452560a23356fd396f99ef13a2', '1269431c8a3e7549f10fcbbb4b88ff625c8898b3', 'f823cf28652987d43c8324b4f5b203240032383a']",0.75,0.6,0.6666666666666665,False,0.42857142857142855,4096,False,5
"[""test"", ""refactor"", ""ci"", ""build"", ""docs""]","[""test"", ""feat"", ""refactor"", ""fix"", ""docs""]",1.2316088676452637,"['bedc7950b24c37809e36a585b7985d5aa5e3e458', 'fd8e563cc19ca4684885d4692acee6bebcca4ada', '062daa45cbd5dba6e96e95d8cdcaee89ae30a83c', 'c8e0ae8612df3d6f2831acc004aaac332f6105e4', '036a0ff49a7dade0e04c9c07071a1ff49133ee24']",0.6,0.6,0.6,False,0.5714285714285714,4096,False,5
"[""docs"", ""ci"", ""test"", ""build""]","[""docs"", ""build"", ""ci"", ""fix"", ""test""]",1.120389699935913,"['c2ee5cd5e709afd15c5565ee009a0d204403a119', '1269431c8a3e7549f10fcbbb4b88ff625c8898b3', 'e7a67d88173566be3cd3aed7e9eeb7e29aabbc57', 'bed78248c941d57ad4cc20a455147e186e97c7a1', 'e9617f0854030e70365eb264bcb3b58078e79e9e']",1.0,0.8,0.888888888888889,False,0.14285714285714285,4096,False,5
"[""refactor"", ""ci"", ""build""]","[""refactor"", ""ci"", ""docs"", ""test"", ""build""]",0.8737847805023193,"['3cca5c314ad6feeffbfe1f14cf49ebd0fd9a95a2', 'dbb537a26e388a8d7d17faf131abc30c2f7a84e6', 'e12d9e77a6fd531a22325337838a841b1c67f00d', 'c7b25726df94a2530c9b1c0d2b6a0acaa103822f', '37b1cbfd3d2c462ef4f2a131e4172c38dc8d9ddf']",1.0,0.6,0.7499999999999999,False,0.2857142857142857,4096,False,5
"[""test"", ""build"", ""refactor"", ""ci""]","[""test"", ""feat"", ""ci"", ""refactor"", ""fix""]",1.0293292999267578,"['229b53a632ea97d47c4be11f096bdd828fb415d8', 'b282e90e2cbb74559aab79eee8443a4d7c85502a', 'dbb537a26e388a8d7d17faf131abc30c2f7a84e6', '3cca5c314ad6feeffbfe1f14cf49ebd0fd9a95a2', '933ab6bb86372913c992567cf9660009900911a7']",0.75,0.6,0.6666666666666665,False,0.42857142857142855,4096,False,5
"[""ci"", ""build"", ""test"", ""refactor""]","[""build"", ""fix"", ""ci"", ""refactor"", ""docs""]",1.1101067066192627,"['37b1cbfd3d2c462ef4f2a131e4172c38dc8d9ddf', '06e2be4e2019b6fa714e1fcb34485860ef1ede79', 'c5fa7b80438fbd74f4c341f0d3c9bd9e0f4910da', '1db13ec43727aca872a0f3836e4023ed85db665e', 'a52a585d74894b3b4eeb8c784fa089ff95cddad0']",0.75,0.6,0.6666666666666665,False,0.42857142857142855,4096,False,5
"[""build"", ""ci"", ""feat"", ""refactor""]","[""build"", ""docs"", ""ci"", ""test"", ""feat""]",1.0708870887756348,"['c44cf88a6ec54e5ddd99d8348bcc57b301ec7945', '6d405dfc1675dcad64a2dfac0c0cb0fb28381d21', 'e7a67d88173566be3cd3aed7e9eeb7e29aabbc57', 'f411e58cd510f8a2b980b2f1932003a0c0e9f8f3', 'f823cf28652987d43c8324b4f5b203240032383a']",0.75,0.6,0.6666666666666665,False,0.42857142857142855,4096,False,5
"[""feat"", ""refactor"", ""ci"", ""build"", ""test""]","[""feat"", ""fix"", ""refactor"", ""build"", ""test""]",1.0436594486236572,"['f823cf28652987d43c8324b4f5b203240032383a', 'c8e0ae8612df3d6f2831acc004aaac332f6105e4', '47ef9104e4a89e80d7cc6c1950bc080841da4a7b', 'e4a11fd5c34942ba12737f1c8c084489428ee274', 'c7b25726df94a2530c9b1c0d2b6a0acaa103822f']",0.8,0.8,0.8000000000000002,False,0.2857142857142857,4096,False,5
"[""test"", ""ci"", ""docs"", ""refactor""]","[""refactor"", ""build"", ""ci"", ""docs"", ""test""]",0.9621424674987793,"['1db13ec43727aca872a0f3836e4023ed85db665e', '32b92cfa0b74a6c25990e32ac6aab12b8496794c', 'e96487ad7ce90b141219d9032fa2bed68d5dae6a', '6d405dfc1675dcad64a2dfac0c0cb0fb28381d21', 'e2e8ad25854bd1e7cdbc7f50b50bbd99e04ad47d']",1.0,0.8,0.888888888888889,False,0.14285714285714285,4096,False,5
"[""build"", ""ci"", ""refactor"", ""test""]","[""build"", ""test"", ""refactor"", ""ci"", ""fix""]",1.0932495594024658,"['37b1cbfd3d2c462ef4f2a131e4172c38dc8d9ddf', 'f411e58cd510f8a2b980b2f1932003a0c0e9f8f3', '1db13ec43727aca872a0f3836e4023ed85db665e', 'c5fa7b80438fbd74f4c341f0d3c9bd9e0f4910da', 'd129eaf9125a967ac86c6c7276bbae6b4d50af36']",1.0,0.8,0.888888888888889,False,0.14285714285714285,4096,False,5
"[""build"", ""ci"", ""docs"", ""refactor"", ""test""]","[""build"", ""docs"", ""ci"", ""test"", ""fix""]",1.0238659381866455,"['c55591ba157298a9c5816693c102a89dfd058830', 'a52a585d74894b3b4eeb8c784fa089ff95cddad0', '6c9cb638cb4d1ecc42632fcf389c24898c5b3244', 'c7b25726df94a2530c9b1c0d2b6a0acaa103822f', 'bed78248c941d57ad4cc20a455147e186e97c7a1']",0.8,0.8,0.8000000000000002,False,0.2857142857142857,4096,False,5
"[""feat"", ""ci"", ""build"", ""test"", ""refactor""]","[""fix"", ""ci"", ""feat"", ""build"", ""refactor""]",1.1996994018554688,"['9ef5c0d14193a9abb09b39856f58477d1f4b0d77', 'dbb537a26e388a8d7d17faf131abc30c2f7a84e6', '6ed56ce9ae743ba9a87e6c9643cc06b1de7b748d', 'e4a11fd5c34942ba12737f1c8c084489428ee274', '1db13ec43727aca872a0f3836e4023ed85db665e']",0.8,0.8,0.8000000000000002,False,0.2857142857142857,4096,False,5
"[""refactor"", ""ci"", ""test""]","[""fix"", ""build"", ""refactor"", ""feat"", ""test""]",1.023859977722168,"['bed78248c941d57ad4cc20a455147e186e97c7a1', 'e4a11fd5c34942ba12737f1c8c084489428ee274', '062daa45cbd5dba6e96e95d8cdcaee89ae30a83c', 'f823cf28652987d43c8324b4f5b203240032383a', 'c7b25726df94a2530c9b1c0d2b6a0acaa103822f']",0.6666666666666666,0.4,0.5,False,0.5714285714285714,4096,False,5
"[""feat"", ""test"", ""refactor"", ""ci"", ""build""]","[""fix"", ""test"", ""feat"", ""docs"", ""build""]",1.1265060901641846,"['87d5d4e55ab7149b593d29410f1fe426ba2447d4', 'bedc7950b24c37809e36a585b7985d5aa5e3e458', 'ded26d768ff432ad3bde3c0aa1e95ce50726100a', 'a52a585d74894b3b4eeb8c784fa089ff95cddad0', 'c323d59c607cabc91f17a78528d998f376f30b10']",0.6,0.6,0.6,False,0.5714285714285714,4096,False,5
"[""feat"", ""test"", ""docs"", ""build"", ""refactor"", ""ci""]","[""test"", ""docs"", ""feat"", ""build"", ""fix""]",1.3482096195220947,"['8ee0611fbf0cd89abe7ae588f22e6ecb843598ea', 'c2ee5cd5e709afd15c5565ee009a0d204403a119', 'fd8e563cc19ca4684885d4692acee6bebcca4ada', '1269431c8a3e7549f10fcbbb4b88ff625c8898b3', '06e2be4e2019b6fa714e1fcb34485860ef1ede79']",0.6666666666666666,0.8,0.7272727272727272,False,0.42857142857142855,4096,False,5
"[""feat"", ""docs"", ""build"", ""test"", ""refactor""]","[""docs"", ""feat"", ""build"", ""refactor"", ""test""]",1.1380748748779297,"['a52a585d74894b3b4eeb8c784fa089ff95cddad0', 'f9a094918b62534614c47aa8a13f33aec751a1e0', '1269431c8a3e7549f10fcbbb4b88ff625c8898b3', '535708ae50aecb452560a23356fd396f99ef13a2', 'e0198f74b81da3663144cfe1d971939319f82a0f']",1.0,1.0,1.0,True,0.0,4096,False,5
"[""feat"", ""refactor"", ""test"", ""ci"", ""build""]","[""fix"", ""feat"", ""test"", ""refactor"", ""build""]",1.0801012516021729,"['d129eaf9125a967ac86c6c7276bbae6b4d50af36', '68278b00450f2679761a2999500f6d87a579376b', 'e2e8ad25854bd1e7cdbc7f50b50bbd99e04ad47d', '771857b1df9470ebc15357e8879118a72c649d5b', 'f00a4d3e307b89842250358ee432e6800bb24362']",0.8,0.8,0.8000000000000002,False,0.2857142857142857,4096,False,5
"[""build"", ""ci"", ""refactor"", ""test""]","[""fix"", ""build"", ""refactor"", ""test"", ""docs""]",0.9791927337646484,"['933ab6bb86372913c992567cf9660009900911a7', '37b1cbfd3d2c462ef4f2a131e4172c38dc8d9ddf', '1db13ec43727aca872a0f3836e4023ed85db665e', 'c7b25726df94a2530c9b1c0d2b6a0acaa103822f', 'e12d9e77a6fd531a22325337838a841b1c67f00d']",0.75,0.6,0.6666666666666665,False,0.42857142857142855,4096,False,5
"[""feat"", ""ci"", ""docs"", ""build"", ""refactor""]","[""fix"", ""ci"", ""docs"", ""build"", ""feat""]",1.071192979812622,"['06e2be4e2019b6fa714e1fcb34485860ef1ede79', '4cbbd2552ba0de273e1dfe7d453c5b3efed751a3', 'cb1f48b56ae0de93acb72e48726c7d610a1d538e', 'c323d59c607cabc91f17a78528d998f376f30b10', 'f9a094918b62534614c47aa8a13f33aec751a1e0']",0.8,0.8,0.8000000000000002,False,0.2857142857142857,4096,False,5
"[""feat"", ""refactor"", ""ci"", ""build"", ""test"", ""docs""]","[""feat"", ""build"", ""refactor"", ""docs"", ""fix""]",1.1732985973358154,"['fd8e563cc19ca4684885d4692acee6bebcca4ada', 'f00a4d3e307b89842250358ee432e6800bb24362', '535708ae50aecb452560a23356fd396f99ef13a2', 'e12d9e77a6fd531a22325337838a841b1c67f00d', '9be725fa3906323d4bc9788f54eccf74109d632b']",0.6666666666666666,0.8,0.7272727272727272,False,0.42857142857142855,4096,False,5
"[""test"", ""ci"", ""build"", ""docs"", ""refactor""]","[""test"", ""docs"", ""refactor"", ""ci"", ""feat""]",1.1637442111968994,"['229b53a632ea97d47c4be11f096bdd828fb415d8', 'bf83c9155e9bee6925aa7102fab53fb803d52533', '062daa45cbd5dba6e96e95d8cdcaee89ae30a83c', '32845e1bbd1efb5dbc16f671049509a409ba25ce', 'dc5238b2bda98a7c4f2fe9584fc3b0191a408109']",0.8,0.8,0.8000000000000002,False,0.2857142857142857,4096,False,5
"[""build"", ""test"", ""refactor""]","[""build"", ""docs"", ""fix"", ""test"", ""refactor""]",1.017348051071167,"['454003841aabeb74396d73541378bfa59c75b5db', 'e12d9e77a6fd531a22325337838a841b1c67f00d', 'bed78248c941d57ad4cc20a455147e186e97c7a1', 'f411e58cd510f8a2b980b2f1932003a0c0e9f8f3', '062daa45cbd5dba6e96e95d8cdcaee89ae30a83c']",1.0,0.6,0.7499999999999999,False,0.2857142857142857,4096,False,5
"[""refactor"", ""ci"", ""test"", ""docs""]","[""build"", ""ci"", ""docs"", ""test"", ""refactor""]",1.0412654876708984,"['5b81fde8a72cf2e69a10e9f5c4f0bea0a2b8c3e0', '74e9de5ec97dc013a52aa063dff0f40ac74c407b', 'a52a585d74894b3b4eeb8c784fa089ff95cddad0', 'e0198f74b81da3663144cfe1d971939319f82a0f', '062daa45cbd5dba6e96e95d8cdcaee89ae30a83c']",1.0,0.8,0.888888888888889,False,0.14285714285714285,4096,False,5
"[""feat"", ""ci"", ""docs"", ""refactor"", ""build""]","[""build"", ""ci"", ""docs"", ""refactor"", ""fix""]",1.024900197982788,"['32b92cfa0b74a6c25990e32ac6aab12b8496794c', '6c9cb638cb4d1ecc42632fcf389c24898c5b3244', 'aca23027da1295c78fdf42ba9687d8ccc88784d7', '47ef9104e4a89e80d7cc6c1950bc080841da4a7b', '2561f4ade46fc9d59f289f328cc77733a6443697']",0.8,0.8,0.8000000000000002,False,0.2857142857142857,4096,False,5
"[""test"", ""docs"", ""build"", ""refactor""]","[""test"", ""docs"", ""fix"", ""feat"", ""build""]",1.1011080741882324,"['e0198f74b81da3663144cfe1d971939319f82a0f', 'c2ee5cd5e709afd15c5565ee009a0d204403a119', '9ef5c0d14193a9abb09b39856f58477d1f4b0d77', 'f823cf28652987d43c8324b4f5b203240032383a', 'c44cf88a6ec54e5ddd99d8348bcc57b301ec7945']",0.75,0.6,0.6666666666666665,False,0.42857142857142855,4096,False,5
"[""refactor"", ""ci"", ""build"", ""test"", ""docs""]","[""refactor"", ""ci"", ""test"", ""build"", ""feat""]",1.5076730251312256,"['3cca5c314ad6feeffbfe1f14cf49ebd0fd9a95a2', '32845e1bbd1efb5dbc16f671049509a409ba25ce', 'e9617f0854030e70365eb264bcb3b58078e79e9e', '454003841aabeb74396d73541378bfa59c75b5db', 'fd8e563cc19ca4684885d4692acee6bebcca4ada']",0.8,0.8,0.8000000000000002,False,0.2857142857142857,4096,False,5
"[""refactor"", ""build"", ""test""]","[""refactor"", ""feat"", ""build"", ""fix"", ""test""]",1.048173427581787,"['062daa45cbd5dba6e96e95d8cdcaee89ae30a83c', 'f823cf28652987d43c8324b4f5b203240032383a', 'c44cf88a6ec54e5ddd99d8348bcc57b301ec7945', '933ab6bb86372913c992567cf9660009900911a7', '8ee0611fbf0cd89abe7ae588f22e6ecb843598ea']",1.0,0.6,0.7499999999999999,False,0.2857142857142857,4096,False,5
"[""feat"", ""test"", ""ci"", ""refactor"", ""docs""]","[""refactor"", ""test"", ""docs"", ""feat"", ""ci""]",1.172363519668579,"['36556bf8e0bce4ab6d26eafacbdad04d9614a5d7', '317f4eefecddfb1392ca71d551840f446feee302', '036a0ff49a7dade0e04c9c07071a1ff49133ee24', 'e137f9fdbdb6bf3f85c3f7ac9323785e445844c8', 'e7a67d88173566be3cd3aed7e9eeb7e29aabbc57']",1.0,1.0,1.0,True,0.0,4096,False,5
"[""test"", ""ci"", ""refactor"", ""build""]","[""test"", ""ci"", ""refactor"", ""feat"", ""fix""]",1.2858173847198486,"['e0198f74b81da3663144cfe1d971939319f82a0f', '173553c0372e66e03bdab19e0e6c2dd44daa14a0', '062daa45cbd5dba6e96e95d8cdcaee89ae30a83c', 'f823cf28652987d43c8324b4f5b203240032383a', 'bed78248c941d57ad4cc20a455147e186e97c7a1']",0.75,0.6,0.6666666666666665,False,0.42857142857142855,4096,False,5
"[""ci"", ""feat"", ""refactor"", ""test"", ""docs"", ""build""]","[""ci"", ""refactor"", ""docs"", ""fix"", ""feat""]",1.3371248245239258,"['32845e1bbd1efb5dbc16f671049509a409ba25ce', '63eab619e6166eb6cab948028a7b89bf059dd878', 'af880ac5b4fecbc6c4f3d1eee0d95f326e8bd9d1', '9be725fa3906323d4bc9788f54eccf74109d632b', 'fd8e563cc19ca4684885d4692acee6bebcca4ada']",0.6666666666666666,0.8,0.7272727272727272,False,0.42857142857142855,4096,False,5
"[""docs"", ""refactor"", ""test""]","[""docs"", ""refactor"", ""fix"", ""test"", ""build""]",1.141040325164795,"['bf83c9155e9bee6925aa7102fab53fb803d52533', '3cca5c314ad6feeffbfe1f14cf49ebd0fd9a95a2', '2561f4ade46fc9d59f289f328cc77733a6443697', '317f4eefecddfb1392ca71d551840f446feee302', '454003841aabeb74396d73541378bfa59c75b5db']",1.0,0.6,0.7499999999999999,False,0.2857142857142857,4096,False,5
"[""test"", ""ci"", ""feat""]","[""test"", ""ci"", ""fix"", ""docs"", ""refactor""]",1.0314826965332031,"['317f4eefecddfb1392ca71d551840f446feee302', '32845e1bbd1efb5dbc16f671049509a409ba25ce', 'c8e0ae8612df3d6f2831acc004aaac332f6105e4', '6d405dfc1675dcad64a2dfac0c0cb0fb28381d21', '062daa45cbd5dba6e96e95d8cdcaee89ae30a83c']",0.6666666666666666,0.4,0.5,False,0.5714285714285714,4096,False,5
"[""build"", ""ci"", ""feat"", ""fix"", ""refactor"", ""test""]","[""build"", ""ci"", ""test"", ""docs"", ""feat""]",1.1531774997711182,"['c55591ba157298a9c5816693c102a89dfd058830', 'dbb537a26e388a8d7d17faf131abc30c2f7a84e6', 'e0198f74b81da3663144cfe1d971939319f82a0f', '0cfc5633d37ea06f645649138323f1820e18bdee', 'dc5238b2bda98a7c4f2fe9584fc3b0191a408109']",0.6666666666666666,0.8,0.7272727272727272,False,0.42857142857142855,4096,False,5
"[""feat"", ""refactor"", ""ci"", ""test""]","[""refactor"", ""feat"", ""test"", ""fix"", ""ci""]",0.9748439788818359,"['535708ae50aecb452560a23356fd396f99ef13a2', 'dc5238b2bda98a7c4f2fe9584fc3b0191a408109', 'e2e8ad25854bd1e7cdbc7f50b50bbd99e04ad47d', '2561f4ade46fc9d59f289f328cc77733a6443697', 'c5fa7b80438fbd74f4c341f0d3c9bd9e0f4910da']",1.0,0.8,0.888888888888889,False,0.14285714285714285,4096,False,5
"[""ci"", ""test"", ""refactor""]","[""ci"", ""docs"", ""refactor"", ""build"", ""test""]",0.8660116195678711,"['c5fa7b80438fbd74f4c341f0d3c9bd9e0f4910da', 'af880ac5b4fecbc6c4f3d1eee0d95f326e8bd9d1', '47ef9104e4a89e80d7cc6c1950bc080841da4a7b', '37b1cbfd3d2c462ef4f2a131e4172c38dc8d9ddf', 'c7b25726df94a2530c9b1c0d2b6a0acaa103822f']",1.0,0.6,0.7499999999999999,False,0.2857142857142857,4096,False,5
"[""build"", ""docs"", ""refactor"", ""test""]","[""build"", ""docs"", ""refactor"", ""test"", ""feat""]",1.289515733718872,"['454003841aabeb74396d73541378bfa59c75b5db', 'aca23027da1295c78fdf42ba9687d8ccc88784d7', '771857b1df9470ebc15357e8879118a72c649d5b', 'bedc7950b24c37809e36a585b7985d5aa5e3e458', 'e137f9fdbdb6bf3f85c3f7ac9323785e445844c8']",1.0,0.8,0.888888888888889,False,0.14285714285714285,4096,False,5
"[""ci"", ""refactor"", ""test"", ""docs"", ""feat""]","[""ci"", ""feat"", ""fix"", ""docs"", ""test""]",1.169677972793579,"['74e9de5ec97dc013a52aa063dff0f40ac74c407b', 'ded26d768ff432ad3bde3c0aa1e95ce50726100a', '9be725fa3906323d4bc9788f54eccf74109d632b', 'a52a585d74894b3b4eeb8c784fa089ff95cddad0', 'e9617f0854030e70365eb264bcb3b58078e79e9e']",0.8,0.8,0.8000000000000002,False,0.2857142857142857,4096,False,5
"[""feat"", ""build"", ""test"", ""refactor"", ""docs"", ""ci""]","[""feat"", ""build"", ""test"", ""docs"", ""fix""]",1.2159714698791504,"['f9a094918b62534614c47aa8a13f33aec751a1e0', 'e4a11fd5c34942ba12737f1c8c084489428ee274', '229b53a632ea97d47c4be11f096bdd828fb415d8', '036a0ff49a7dade0e04c9c07071a1ff49133ee24', '2561f4ade46fc9d59f289f328cc77733a6443697']",0.6666666666666666,0.8,0.7272727272727272,False,0.42857142857142855,4096,False,5
"[""build"", ""ci"", ""docs"", ""test""]","[""build"", ""docs"", ""test"", ""fix"", ""ci""]",1.0276753902435303,"['e4a11fd5c34942ba12737f1c8c084489428ee274', 'aca23027da1295c78fdf42ba9687d8ccc88784d7', 'e9617f0854030e70365eb264bcb3b58078e79e9e', '9ef5c0d14193a9abb09b39856f58477d1f4b0d77', '4cbbd2552ba0de273e1dfe7d453c5b3efed751a3']",1.0,0.8,0.888888888888889,False,0.14285714285714285,4096,False,5
"[""feat"", ""refactor"", ""ci"", ""test""]","[""feat"", ""fix"", ""ci"", ""docs"", ""test""]",1.0556864738464355,"['f9a094918b62534614c47aa8a13f33aec751a1e0', '2561f4ade46fc9d59f289f328cc77733a6443697', '45837af24a33308a70a3454f0f650f9fe728e272', '036a0ff49a7dade0e04c9c07071a1ff49133ee24', 'b7ce2894fd1794064bd6db4ed730bb6cb7728739']",0.75,0.6,0.6666666666666665,False,0.42857142857142855,4096,False,5
"[""feat"", ""refactor"", ""ci"", ""build"", ""test"", ""docs""]","[""feat"", ""refactor"", ""build"", ""fix"", ""docs""]",1.3040056228637695,"['ded26d768ff432ad3bde3c0aa1e95ce50726100a', '062daa45cbd5dba6e96e95d8cdcaee89ae30a83c', '37b1cbfd3d2c462ef4f2a131e4172c38dc8d9ddf', '933ab6bb86372913c992567cf9660009900911a7', '036a0ff49a7dade0e04c9c07071a1ff49133ee24']",0.6666666666666666,0.8,0.7272727272727272,False,0.42857142857142855,4096,False,5
"[""test"", ""build"", ""feat"", ""docs""]","[""test"", ""build"", ""feat"", ""fix"", ""docs""]",0.9411242008209229,"['f411e58cd510f8a2b980b2f1932003a0c0e9f8f3', 'c44cf88a6ec54e5ddd99d8348bcc57b301ec7945', '1bcf88670b50155b50071e707f98f30cea0b7a24', '9be725fa3906323d4bc9788f54eccf74109d632b', 'a52a585d74894b3b4eeb8c784fa089ff95cddad0']",1.0,0.8,0.888888888888889,False,0.14285714285714285,4096,False,5
"[""feat"", ""refactor"", ""test"", ""ci"", ""build"", ""docs""]","[""fix"", ""feat"", ""test"", ""ci"", ""docs""]",1.1314241886138916,"['933ab6bb86372913c992567cf9660009900911a7', '6ed56ce9ae743ba9a87e6c9643cc06b1de7b748d', 'e2e8ad25854bd1e7cdbc7f50b50bbd99e04ad47d', 'e96487ad7ce90b141219d9032fa2bed68d5dae6a', '036a0ff49a7dade0e04c9c07071a1ff49133ee24']",0.6666666666666666,0.8,0.7272727272727272,False,0.42857142857142855,4096,False,5
"[""test"", ""ci"", ""build"", ""refactor""]","[""test"", ""refactor"", ""ci"", ""build"", ""fix""]",1.143871545791626,"['e0198f74b81da3663144cfe1d971939319f82a0f', '3cca5c314ad6feeffbfe1f14cf49ebd0fd9a95a2', '45837af24a33308a70a3454f0f650f9fe728e272', '5b81fde8a72cf2e69a10e9f5c4f0bea0a2b8c3e0', '9ef5c0d14193a9abb09b39856f58477d1f4b0d77']",1.0,0.8,0.888888888888889,False,0.14285714285714285,4096,False,5
"[""build"", ""test"", ""refactor"", ""ci"", ""feat""]","[""build"", ""feat"", ""refactor"", ""ci"", ""test""]",1.1940863132476807,"['c55591ba157298a9c5816693c102a89dfd058830', '1bcf88670b50155b50071e707f98f30cea0b7a24', '1db13ec43727aca872a0f3836e4023ed85db665e', 'dbb537a26e388a8d7d17faf131abc30c2f7a84e6', 'e2e8ad25854bd1e7cdbc7f50b50bbd99e04ad47d']",1.0,1.0,1.0,True,0.0,4096,False,5
[],"[""feat"", ""refactor"", ""test"", ""ci"", ""build""]",593.0965192317963,"['e137f9fdbdb6bf3f85c3f7ac9323785e445844c8', 'a62314d9bb632be6af026686615d14b912250512', 'b7ce2894fd1794064bd6db4ed730bb6cb7728739', '45837af24a33308a70a3454f0f650f9fe728e272', '454003841aabeb74396d73541378bfa59c75b5db']",0.0,0.0,0.0,False,0.7142857142857143,4096,False,5
"[""test"", ""ci"", ""docs"", ""feat""]","[""test"", ""fix"", ""build"", ""refactor"", ""docs""]",0.9791727066040039,"['317f4eefecddfb1392ca71d551840f446feee302', '06e2be4e2019b6fa714e1fcb34485860ef1ede79', '32b92cfa0b74a6c25990e32ac6aab12b8496794c', '535708ae50aecb452560a23356fd396f99ef13a2', 'aca23027da1295c78fdf42ba9687d8ccc88784d7']",0.5,0.4,0.4444444444444445,False,0.7142857142857143,4096,False,5
"[""ci"", ""test"", ""feat"", ""docs"", ""build""]","[""ci"", ""feat"", ""build"", ""fix"", ""test""]",1.2121446132659912,"['173553c0372e66e03bdab19e0e6c2dd44daa14a0', '6ed56ce9ae743ba9a87e6c9643cc06b1de7b748d', '32b92cfa0b74a6c25990e32ac6aab12b8496794c', '933ab6bb86372913c992567cf9660009900911a7', 'e9617f0854030e70365eb264bcb3b58078e79e9e']",0.8,0.8,0.8000000000000002,False,0.2857142857142857,4096,False,5
"[""ci"", ""test"", ""build""]","[""ci"", ""test"", ""fix"", ""feat"", ""build""]",0.7602300643920898,"['dbb537a26e388a8d7d17faf131abc30c2f7a84e6', 'e2e8ad25854bd1e7cdbc7f50b50bbd99e04ad47d', '933ab6bb86372913c992567cf9660009900911a7', 'b282e90e2cbb74559aab79eee8443a4d7c85502a', 'c55591ba157298a9c5816693c102a89dfd058830']",1.0,0.6,0.7499999999999999,False,0.2857142857142857,4096,False,5
"[""test"", ""ci"", ""refactor"", ""build""]","[""test"", ""build"", ""feat"", ""fix"", ""ci""]",1.2209806442260742,"['317f4eefecddfb1392ca71d551840f446feee302', 'e4a11fd5c34942ba12737f1c8c084489428ee274', 'ded26d768ff432ad3bde3c0aa1e95ce50726100a', 'd129eaf9125a967ac86c6c7276bbae6b4d50af36', '173553c0372e66e03bdab19e0e6c2dd44daa14a0']",0.75,0.6,0.6666666666666665,False,0.42857142857142855,4096,False,5
"[""test"", ""build"", ""docs"", ""feat""]","[""test"", ""build"", ""refactor"", ""docs"", ""feat""]",0.9484217166900635,"['bedc7950b24c37809e36a585b7985d5aa5e3e458', '5b81fde8a72cf2e69a10e9f5c4f0bea0a2b8c3e0', '47ef9104e4a89e80d7cc6c1950bc080841da4a7b', 'aca23027da1295c78fdf42ba9687d8ccc88784d7', 'f823cf28652987d43c8324b4f5b203240032383a']",1.0,0.8,0.888888888888889,False,0.14285714285714285,4096,False,5
"[""build"", ""ci"", ""refactor"", ""test"", ""docs""]","[""build"", ""ci"", ""feat"", ""docs"", ""fix""]",1.0511095523834229,"['5b81fde8a72cf2e69a10e9f5c4f0bea0a2b8c3e0', 'c5fa7b80438fbd74f4c341f0d3c9bd9e0f4910da', '68278b00450f2679761a2999500f6d87a579376b', 'a52a585d74894b3b4eeb8c784fa089ff95cddad0', '06e2be4e2019b6fa714e1fcb34485860ef1ede79']",0.6,0.6,0.6,False,0.5714285714285714,4096,False,5
"[""test"", ""ci"", ""refactor"", ""build""]","[""test"", ""build"", ""refactor"", ""fix"", ""ci""]",1.0065107345581055,"['e0198f74b81da3663144cfe1d971939319f82a0f', '5b81fde8a72cf2e69a10e9f5c4f0bea0a2b8c3e0', '3cca5c314ad6feeffbfe1f14cf49ebd0fd9a95a2', '87d5d4e55ab7149b593d29410f1fe426ba2447d4', '74e9de5ec97dc013a52aa063dff0f40ac74c407b']",1.0,0.8,0.888888888888889,False,0.14285714285714285,4096,False,5
"[""feat"", ""test"", ""ci"", ""build"", ""refactor"", ""docs""]","[""feat"", ""build"", ""fix"", ""ci"", ""test""]",1.3405420780181885,"['6ed56ce9ae743ba9a87e6c9643cc06b1de7b748d', 'c323d59c607cabc91f17a78528d998f376f30b10', '87d5d4e55ab7149b593d29410f1fe426ba2447d4', 'c5fa7b80438fbd74f4c341f0d3c9bd9e0f4910da', 'e9617f0854030e70365eb264bcb3b58078e79e9e']",0.6666666666666666,0.8,0.7272727272727272,False,0.42857142857142855,4096,False,5
"[""build"", ""ci"", ""feat"", ""refactor"", ""test""]","[""build"", ""test"", ""refactor"", ""feat"", ""ci""]",1.0735116004943848,"['5b81fde8a72cf2e69a10e9f5c4f0bea0a2b8c3e0', 'e9617f0854030e70365eb264bcb3b58078e79e9e', '2954a0955ce9af6acb345ed1e8328e145ad30475', '68278b00450f2679761a2999500f6d87a579376b', 'e96487ad7ce90b141219d9032fa2bed68d5dae6a']",1.0,1.0,1.0,True,0.0,4096,False,5
"[""ci"", ""feat"", ""docs"", ""refactor"", ""build""]","[""ci"", ""refactor"", ""docs"", ""feat"", ""fix""]",1.0780646800994873,"['4cbbd2552ba0de273e1dfe7d453c5b3efed751a3', '535708ae50aecb452560a23356fd396f99ef13a2', 'e12d9e77a6fd531a22325337838a841b1c67f00d', 'fd8e563cc19ca4684885d4692acee6bebcca4ada', '9be725fa3906323d4bc9788f54eccf74109d632b']",0.8,0.8,0.8000000000000002,False,0.2857142857142857,4096,False,5
"[""ci"", ""refactor"", ""docs""]","[""ci"", ""fix"", ""feat"", ""docs"", ""refactor""]",1.0436460971832275,"['c5fa7b80438fbd74f4c341f0d3c9bd9e0f4910da', 'bed78248c941d57ad4cc20a455147e186e97c7a1', 'b282e90e2cbb74559aab79eee8443a4d7c85502a', 'bf83c9155e9bee6925aa7102fab53fb803d52533', '771857b1df9470ebc15357e8879118a72c649d5b']",1.0,0.6,0.7499999999999999,False,0.2857142857142857,4096,False,5
