predicted_types,actual_types,inference_time,shas,precision,recall,f1,exact_match,hamming_loss,context_len,with_message,concern_count
"[""feat""]","[""fix""]",0.8809471130371094,['87d5d4e55ab7149b593d29410f1fe426ba2447d4'],0.0,0.0,0.0,False,0.2857142857142857,4096,True,1
"[""test""]","[""test""]",0.8570449352264404,['317f4eefecddfb1392ca71d551840f446feee302'],1.0,1.0,1.0,True,0.0,4096,True,1
"[""ci""]","[""ci""]",1.0020179748535156,['c5fa7b80438fbd74f4c341f0d3c9bd9e0f4910da'],1.0,1.0,1.0,True,0.0,4096,True,1
"[""ci""]","[""ci""]",0.7707130908966064,['e7a67d88173566be3cd3aed7e9eeb7e29aabbc57'],1.0,1.0,1.0,True,0.0,4096,True,1
"[""fix"", ""refactor""]","[""fix""]",0.697594165802002,['d129eaf9125a967ac86c6c7276bbae6b4d50af36'],0.5,1.0,0.6666666666666666,False,0.1428571428571428,4096,True,1
"[""build""]","[""build""]",0.7015559673309326,['1269431c8a3e7549f10fcbbb4b88ff625c8898b3'],1.0,1.0,1.0,True,0.0,4096,True,1
"[""feat""]","[""refactor""]",0.7028942108154297,['535708ae50aecb452560a23356fd396f99ef13a2'],0.0,0.0,0.0,False,0.2857142857142857,4096,True,1
"[""feat""]","[""feat""]",0.9199609756469728,['68278b00450f2679761a2999500f6d87a579376b'],1.0,1.0,1.0,True,0.0,4096,True,1
"[""ci""]","[""ci""]",0.7146711349487305,['6c9cb638cb4d1ecc42632fcf389c24898c5b3244'],1.0,1.0,1.0,True,0.0,4096,True,1
"[""test""]","[""test""]",0.9210922718048096,['c7b25726df94a2530c9b1c0d2b6a0acaa103822f'],1.0,1.0,1.0,True,0.0,4096,True,1
"[""feat""]","[""feat""]",0.8775720596313477,['1bcf88670b50155b50071e707f98f30cea0b7a24'],1.0,1.0,1.0,True,0.0,4096,True,1
"[""build"", ""test""]","[""build""]",0.7387270927429199,['454003841aabeb74396d73541378bfa59c75b5db'],0.5,1.0,0.6666666666666666,False,0.1428571428571428,4096,True,1
"[""ci""]","[""ci""]",0.8491230010986328,['dbb537a26e388a8d7d17faf131abc30c2f7a84e6'],1.0,1.0,1.0,True,0.0,4096,True,1
"[""docs""]","[""docs""]",0.8218770027160645,['bf83c9155e9bee6925aa7102fab53fb803d52533'],1.0,1.0,1.0,True,0.0,4096,True,1
"[""feat""]","[""feat""]",0.9823989868164062,['dc5238b2bda98a7c4f2fe9584fc3b0191a408109'],1.0,1.0,1.0,True,0.0,4096,True,1
"[""ci""]","[""ci""]",0.6358692646026611,['74e9de5ec97dc013a52aa063dff0f40ac74c407b'],1.0,1.0,1.0,True,0.0,4096,True,1
"[""test""]","[""test""]",0.7022593021392822,['b7ce2894fd1794064bd6db4ed730bb6cb7728739'],1.0,1.0,1.0,True,0.0,4096,True,1
"[""build""]","[""build""]",1.2545490264892578,['32b92cfa0b74a6c25990e32ac6aab12b8496794c'],1.0,1.0,1.0,True,0.0,4096,True,1
"[""fix"", ""refactor""]","[""fix""]",1.0355219841003418,['bed78248c941d57ad4cc20a455147e186e97c7a1'],0.5,1.0,0.6666666666666666,False,0.1428571428571428,4096,True,1
"[""test""]","[""test""]",0.89603590965271,['f411e58cd510f8a2b980b2f1932003a0c0e9f8f3'],1.0,1.0,1.0,True,0.0,4096,True,1
"[""feat""]","[""feat""]",1.343083143234253,['f9a094918b62534614c47aa8a13f33aec751a1e0'],1.0,1.0,1.0,True,0.0,4096,True,1
"[""docs""]","[""docs""]",1.0145671367645264,['aca23027da1295c78fdf42ba9687d8ccc88784d7'],1.0,1.0,1.0,True,0.0,4096,True,1
"[""build""]","[""build""]",0.8178219795227051,['37b1cbfd3d2c462ef4f2a131e4172c38dc8d9ddf'],1.0,1.0,1.0,True,0.0,4096,True,1
"[""feat"", ""docs""]","[""feat""]",1.039872169494629,['e137f9fdbdb6bf3f85c3f7ac9323785e445844c8'],0.5,1.0,0.6666666666666666,False,0.1428571428571428,4096,True,1
"[""test""]","[""test""]",0.961555004119873,['e0198f74b81da3663144cfe1d971939319f82a0f'],1.0,1.0,1.0,True,0.0,4096,True,1
"[""ci""]","[""ci""]",0.8929600715637207,['45837af24a33308a70a3454f0f650f9fe728e272'],1.0,1.0,1.0,True,0.0,4096,True,1
"[""docs""]","[""docs""]",0.8657791614532471,['0cfc5633d37ea06f645649138323f1820e18bdee'],1.0,1.0,1.0,True,0.0,4096,True,1
"[""build"", ""test""]","[""test""]",1.0953378677368164,['8ee0611fbf0cd89abe7ae588f22e6ecb843598ea'],0.5,1.0,0.6666666666666666,False,0.1428571428571428,4096,True,1
"[""docs""]","[""docs""]",0.8664960861206055,['c2ee5cd5e709afd15c5565ee009a0d204403a119'],1.0,1.0,1.0,True,0.0,4096,True,1
"[""refactor""]","[""fix""]",0.7019078731536865,['d1d55e787b7d07f763852602b9939a5394607fd9'],0.0,0.0,0.0,False,0.2857142857142857,4096,True,1
"[""build""]","[""build""]",1.4287381172180176,['c55591ba157298a9c5816693c102a89dfd058830'],1.0,1.0,1.0,True,0.0,4096,True,1
"[""fix""]","[""fix""]",0.6223423480987549,['9be725fa3906323d4bc9788f54eccf74109d632b'],1.0,1.0,1.0,True,0.0,4096,True,1
"[""fix"", ""build""]","[""build""]",0.8502168655395508,['f00a4d3e307b89842250358ee432e6800bb24362'],0.5,1.0,0.6666666666666666,False,0.1428571428571428,4096,True,1
"[""docs""]","[""docs""]",0.7969398498535156,['036a0ff49a7dade0e04c9c07071a1ff49133ee24'],1.0,1.0,1.0,True,0.0,4096,True,1
"[""docs""]","[""docs""]",0.7692620754241943,['6d405dfc1675dcad64a2dfac0c0cb0fb28381d21'],1.0,1.0,1.0,True,0.0,4096,True,1
"[""refactor""]","[""refactor""]",1.037147045135498,['3cca5c314ad6feeffbfe1f14cf49ebd0fd9a95a2'],1.0,1.0,1.0,True,0.0,4096,True,1
"[""docs""]","[""docs""]",0.6590030193328857,['af880ac5b4fecbc6c4f3d1eee0d95f326e8bd9d1'],1.0,1.0,1.0,True,0.0,4096,True,1
"[""fix""]","[""fix""]",0.9116370677947998,['c8e0ae8612df3d6f2831acc004aaac332f6105e4'],1.0,1.0,1.0,True,0.0,4096,True,1
"[""refactor""]","[""refactor""]",1.0455939769744873,['771857b1df9470ebc15357e8879118a72c649d5b'],1.0,1.0,1.0,True,0.0,4096,True,1
"[""refactor""]","[""refactor""]",0.7595369815826416,['47ef9104e4a89e80d7cc6c1950bc080841da4a7b'],1.0,1.0,1.0,True,0.0,4096,True,1
"[""refactor"", ""test""]","[""refactor""]",1.0201139450073242,['1db13ec43727aca872a0f3836e4023ed85db665e'],0.5,1.0,0.6666666666666666,False,0.1428571428571428,4096,True,1
"[""fix""]","[""fix""]",0.8377499580383301,['933ab6bb86372913c992567cf9660009900911a7'],1.0,1.0,1.0,True,0.0,4096,True,1
"[""test""]","[""test""]",0.6598501205444336,['e2e8ad25854bd1e7cdbc7f50b50bbd99e04ad47d'],1.0,1.0,1.0,True,0.0,4096,True,1
"[""fix""]","[""build""]",0.4865579605102539,['c44cf88a6ec54e5ddd99d8348bcc57b301ec7945'],0.0,0.0,0.0,False,0.2857142857142857,4096,True,1
"[""ci""]","[""ci""]",0.9324290752410888,['e96487ad7ce90b141219d9032fa2bed68d5dae6a'],1.0,1.0,1.0,True,0.0,4096,True,1
"[""fix"", ""build""]","[""build""]",0.8192570209503174,['5b81fde8a72cf2e69a10e9f5c4f0bea0a2b8c3e0'],0.5,1.0,0.6666666666666666,False,0.1428571428571428,4096,True,1
"[""docs""]","[""docs""]",0.866657018661499,['cb1f48b56ae0de93acb72e48726c7d610a1d538e'],1.0,1.0,1.0,True,0.0,4096,True,1
"[""fix""]","[""fix""]",0.7703959941864014,['2561f4ade46fc9d59f289f328cc77733a6443697'],1.0,1.0,1.0,True,0.0,4096,True,1
"[""fix""]","[""fix""]",0.5197160243988037,['06e2be4e2019b6fa714e1fcb34485860ef1ede79'],1.0,1.0,1.0,True,0.0,4096,True,1
"[""refactor""]","[""refactor""]",0.7875537872314453,['36556bf8e0bce4ab6d26eafacbdad04d9614a5d7'],1.0,1.0,1.0,True,0.0,4096,True,1
"[""fix""]","[""build""]",0.581223726272583,['c323d59c607cabc91f17a78528d998f376f30b10'],0.0,0.0,0.0,False,0.2857142857142857,4096,True,1
"[""refactor""]","[""build""]",1.4279119968414309,['e4a11fd5c34942ba12737f1c8c084489428ee274'],0.0,0.0,0.0,False,0.2857142857142857,4096,True,1
"[""feat""]","[""refactor""]",0.6891992092132568,['63eab619e6166eb6cab948028a7b89bf059dd878'],0.0,0.0,0.0,False,0.2857142857142857,4096,True,1
"[""test""]","[""docs""]",1.5135529041290283,['a52a585d74894b3b4eeb8c784fa089ff95cddad0'],0.0,0.0,0.0,False,0.2857142857142857,4096,True,1
"[""fix""]","[""feat""]",0.8197917938232422,['b282e90e2cbb74559aab79eee8443a4d7c85502a'],0.0,0.0,0.0,False,0.2857142857142857,4096,True,1
"[""feat""]","[""feat""]",0.8336477279663086,['f823cf28652987d43c8324b4f5b203240032383a'],1.0,1.0,1.0,True,0.0,4096,True,1
"[""feat""]","[""fix""]",0.6394009590148926,['9ef5c0d14193a9abb09b39856f58477d1f4b0d77'],0.0,0.0,0.0,False,0.2857142857142857,4096,True,1
"[""feat""]","[""feat""]",0.7474439144134521,['fd8e563cc19ca4684885d4692acee6bebcca4ada'],1.0,1.0,1.0,True,0.0,4096,True,1
"[""ci""]","[""ci""]",0.8473551273345947,['4cbbd2552ba0de273e1dfe7d453c5b3efed751a3'],1.0,1.0,1.0,True,0.0,4096,True,1
"[""ci""]","[""ci""]",0.7726521492004395,['173553c0372e66e03bdab19e0e6c2dd44daa14a0'],1.0,1.0,1.0,True,0.0,4096,True,1
"[""ci""]","[""ci""]",1.1073341369628906,['32845e1bbd1efb5dbc16f671049509a409ba25ce'],1.0,1.0,1.0,True,0.0,4096,True,1
"[""test""]","[""test""]",0.9862699508666992,['229b53a632ea97d47c4be11f096bdd828fb415d8'],1.0,1.0,1.0,True,0.0,4096,True,1
"[""feat"", ""docs""]","[""refactor""]",0.7370412349700928,['2954a0955ce9af6acb345ed1e8328e145ad30475'],0.0,0.0,0.0,False,0.4285714285714285,4096,True,1
"[""docs""]","[""refactor""]",0.8404648303985596,['a62314d9bb632be6af026686615d14b912250512'],0.0,0.0,0.0,False,0.2857142857142857,4096,True,1
"[""refactor""]","[""refactor""]",1.1343209743499756,['062daa45cbd5dba6e96e95d8cdcaee89ae30a83c'],1.0,1.0,1.0,True,0.0,4096,True,1
"[""test""]","[""test""]",0.7343568801879883,['bedc7950b24c37809e36a585b7985d5aa5e3e458'],1.0,1.0,1.0,True,0.0,4096,True,1
"[""feat"", ""refactor"", ""docs""]","[""feat""]",0.8683600425720215,['ded26d768ff432ad3bde3c0aa1e95ce50726100a'],0.3333333333333333,1.0,0.5,False,0.2857142857142857,4096,True,1
"[""test"", ""build""]","[""test""]",0.8499917984008789,['e9617f0854030e70365eb264bcb3b58078e79e9e'],0.5,1.0,0.6666666666666666,False,0.1428571428571428,4096,True,1
"[""build"", ""refactor"", ""feat""]","[""feat""]",1.0451688766479492,['6ed56ce9ae743ba9a87e6c9643cc06b1de7b748d'],0.3333333333333333,1.0,0.5,False,0.2857142857142857,4096,True,1
"[""docs""]","[""docs""]",2.250001907348633,['e12d9e77a6fd531a22325337838a841b1c67f00d'],1.0,1.0,1.0,True,0.0,4096,True,1
"[""feat"", ""refactor""]","[""feat"", ""refactor""]",0.812676191329956,"['fd8e563cc19ca4684885d4692acee6bebcca4ada', '36556bf8e0bce4ab6d26eafacbdad04d9614a5d7']",1.0,1.0,1.0,True,0.0,4096,True,2
"[""ci"", ""fix""]","[""ci"", ""build""]",1.6167120933532717,"['45837af24a33308a70a3454f0f650f9fe728e272', '5b81fde8a72cf2e69a10e9f5c4f0bea0a2b8c3e0']",0.5,0.5,0.5,False,0.2857142857142857,4096,True,2
"[""feat"", ""docs""]","[""refactor"", ""docs""]",0.8978350162506104,"['535708ae50aecb452560a23356fd396f99ef13a2', 'af880ac5b4fecbc6c4f3d1eee0d95f326e8bd9d1']",0.5,0.5,0.5,False,0.2857142857142857,4096,True,2
"[""feat"", ""fix"", ""refactor""]","[""feat"", ""refactor""]",0.7746658325195312,"['68278b00450f2679761a2999500f6d87a579376b', '63eab619e6166eb6cab948028a7b89bf059dd878']",0.6666666666666666,1.0,0.8,False,0.1428571428571428,4096,True,2
"[""ci"", ""test""]","[""ci"", ""test""]",0.9078249931335448,"['dbb537a26e388a8d7d17faf131abc30c2f7a84e6', 'f411e58cd510f8a2b980b2f1932003a0c0e9f8f3']",1.0,1.0,1.0,True,0.0,4096,True,2
"[""test"", ""ci""]","[""test"", ""ci""]",0.9032959938049316,"['e2e8ad25854bd1e7cdbc7f50b50bbd99e04ad47d', 'c5fa7b80438fbd74f4c341f0d3c9bd9e0f4910da']",1.0,1.0,1.0,True,0.0,4096,True,2
"[""ci"", ""build""]","[""ci"", ""build""]",0.6609508991241455,"['45837af24a33308a70a3454f0f650f9fe728e272', '1269431c8a3e7549f10fcbbb4b88ff625c8898b3']",1.0,1.0,1.0,True,0.0,4096,True,2
"[""feat"", ""test""]","[""feat"", ""test""]",0.9200701713562012,"['1bcf88670b50155b50071e707f98f30cea0b7a24', 'f411e58cd510f8a2b980b2f1932003a0c0e9f8f3']",1.0,1.0,1.0,True,0.0,4096,True,2
"[""fix"", ""docs""]","[""fix"", ""docs""]",0.8862450122833252,"['9be725fa3906323d4bc9788f54eccf74109d632b', '0cfc5633d37ea06f645649138323f1820e18bdee']",1.0,1.0,1.0,True,0.0,4096,True,2
"[""fix"", ""ci""]","[""fix"", ""ci""]",0.8177459239959717,"['9be725fa3906323d4bc9788f54eccf74109d632b', 'e96487ad7ce90b141219d9032fa2bed68d5dae6a']",1.0,1.0,1.0,True,0.0,4096,True,2
"[""build"", ""test""]","[""build"", ""test""]",0.8174731731414795,"['1269431c8a3e7549f10fcbbb4b88ff625c8898b3', '317f4eefecddfb1392ca71d551840f446feee302']",1.0,1.0,1.0,True,0.0,4096,True,2
"[""ci"", ""docs""]","[""ci"", ""docs""]",0.7059190273284912,"['dbb537a26e388a8d7d17faf131abc30c2f7a84e6', '0cfc5633d37ea06f645649138323f1820e18bdee']",1.0,1.0,1.0,True,0.0,4096,True,2
"[""refactor"", ""build""]","[""refactor"", ""build""]",0.8163950443267822,"['3cca5c314ad6feeffbfe1f14cf49ebd0fd9a95a2', '454003841aabeb74396d73541378bfa59c75b5db']",1.0,1.0,1.0,True,0.0,4096,True,2
"[""fix"", ""refactor""]","[""fix"", ""refactor""]",0.8926811218261719,"['2561f4ade46fc9d59f289f328cc77733a6443697', '062daa45cbd5dba6e96e95d8cdcaee89ae30a83c']",1.0,1.0,1.0,True,0.0,4096,True,2
"[""fix"", ""ci""]","[""build"", ""ci""]",0.7286059856414795,"['c44cf88a6ec54e5ddd99d8348bcc57b301ec7945', 'dbb537a26e388a8d7d17faf131abc30c2f7a84e6']",0.5,0.5,0.5,False,0.2857142857142857,4096,True,2
"[""build"", ""feat""]","[""build"", ""refactor""]",1.0371601581573486,"['32b92cfa0b74a6c25990e32ac6aab12b8496794c', '63eab619e6166eb6cab948028a7b89bf059dd878']",0.5,0.5,0.5,False,0.2857142857142857,4096,True,2
"[""feat"", ""docs""]","[""feat"", ""docs""]",0.7831521034240723,"['dc5238b2bda98a7c4f2fe9584fc3b0191a408109', 'e12d9e77a6fd531a22325337838a841b1c67f00d']",1.0,1.0,1.0,True,0.0,4096,True,2
"[""ci"", ""docs""]","[""ci"", ""docs""]",0.86334228515625,"['32845e1bbd1efb5dbc16f671049509a409ba25ce', 'bf83c9155e9bee6925aa7102fab53fb803d52533']",1.0,1.0,1.0,True,0.0,4096,True,2
"[""fix"", ""build"", ""refactor"", ""feat""]","[""fix"", ""feat""]",0.823322057723999,"['d129eaf9125a967ac86c6c7276bbae6b4d50af36', '6ed56ce9ae743ba9a87e6c9643cc06b1de7b748d']",0.5,1.0,0.6666666666666666,False,0.2857142857142857,4096,True,2
"[""feat"", ""ci""]","[""feat"", ""ci""]",0.993330717086792,"['1bcf88670b50155b50071e707f98f30cea0b7a24', '74e9de5ec97dc013a52aa063dff0f40ac74c407b']",1.0,1.0,1.0,True,0.0,4096,True,2
"[""docs"", ""ci""]","[""docs"", ""ci""]",0.671393871307373,"['036a0ff49a7dade0e04c9c07071a1ff49133ee24', '4cbbd2552ba0de273e1dfe7d453c5b3efed751a3']",1.0,1.0,1.0,True,0.0,4096,True,2
"[""test"", ""docs""]","[""test"", ""docs""]",1.0627083778381348,"['e9617f0854030e70365eb264bcb3b58078e79e9e', 'cb1f48b56ae0de93acb72e48726c7d610a1d538e']",1.0,1.0,1.0,True,0.0,4096,True,2
"[""docs"", ""feat""]","[""docs"", ""feat""]",0.7739441394805908,"['aca23027da1295c78fdf42ba9687d8ccc88784d7', 'f823cf28652987d43c8324b4f5b203240032383a']",1.0,1.0,1.0,True,0.0,4096,True,2
"[""refactor""]","[""refactor"", ""fix""]",0.9065210819244384,"['47ef9104e4a89e80d7cc6c1950bc080841da4a7b', '06e2be4e2019b6fa714e1fcb34485860ef1ede79']",1.0,0.5,0.6666666666666666,False,0.1428571428571428,4096,True,2
"[""build"", ""ci""]","[""build"", ""ci""]",0.8038620948791504,"['5b81fde8a72cf2e69a10e9f5c4f0bea0a2b8c3e0', 'dbb537a26e388a8d7d17faf131abc30c2f7a84e6']",1.0,1.0,1.0,True,0.0,4096,True,2
"[""build"", ""refactor""]","[""build"", ""refactor""]",1.0090219974517822,"['5b81fde8a72cf2e69a10e9f5c4f0bea0a2b8c3e0', '36556bf8e0bce4ab6d26eafacbdad04d9614a5d7']",1.0,1.0,1.0,True,0.0,4096,True,2
"[""feat"", ""test""]","[""fix"", ""test""]",0.9298620223999025,"['9ef5c0d14193a9abb09b39856f58477d1f4b0d77', 'b7ce2894fd1794064bd6db4ed730bb6cb7728739']",0.5,0.5,0.5,False,0.2857142857142857,4096,True,2
"[""build"", ""docs""]","[""build"", ""docs""]",0.9943490028381348,"['c323d59c607cabc91f17a78528d998f376f30b10', 'c2ee5cd5e709afd15c5565ee009a0d204403a119']",1.0,1.0,1.0,True,0.0,4096,True,2
"[""fix"", ""ci""]","[""fix"", ""ci""]",0.8636989593505859,"['9be725fa3906323d4bc9788f54eccf74109d632b', 'dbb537a26e388a8d7d17faf131abc30c2f7a84e6']",1.0,1.0,1.0,True,0.0,4096,True,2
"[""fix"", ""ci""]","[""fix"", ""ci""]",0.6093411445617676,"['9be725fa3906323d4bc9788f54eccf74109d632b', 'e7a67d88173566be3cd3aed7e9eeb7e29aabbc57']",1.0,1.0,1.0,True,0.0,4096,True,2
"[""docs"", ""refactor""]","[""docs"", ""refactor""]",0.8427720069885254,"['c2ee5cd5e709afd15c5565ee009a0d204403a119', '062daa45cbd5dba6e96e95d8cdcaee89ae30a83c']",1.0,1.0,1.0,True,0.0,4096,True,2
"[""fix"", ""feat""]","[""fix"", ""feat""]",0.9160220623016356,"['933ab6bb86372913c992567cf9660009900911a7', 'e137f9fdbdb6bf3f85c3f7ac9323785e445844c8']",1.0,1.0,1.0,True,0.0,4096,True,2
"[""fix"", ""build""]","[""fix"", ""build""]",0.7963981628417969,"['9be725fa3906323d4bc9788f54eccf74109d632b', 'c44cf88a6ec54e5ddd99d8348bcc57b301ec7945']",1.0,1.0,1.0,True,0.0,4096,True,2
"[""ci"", ""docs""]","[""ci"", ""docs""]",0.725775957107544,"['173553c0372e66e03bdab19e0e6c2dd44daa14a0', 'e12d9e77a6fd531a22325337838a841b1c67f00d']",1.0,1.0,1.0,True,0.0,4096,True,2
"[""ci"", ""feat""]","[""ci"", ""feat""]",1.3367040157318115,"['6c9cb638cb4d1ecc42632fcf389c24898c5b3244', 'f823cf28652987d43c8324b4f5b203240032383a']",1.0,1.0,1.0,True,0.0,4096,True,2
"[""ci"", ""docs""]","[""ci"", ""docs""]",0.8001620769500732,"['74e9de5ec97dc013a52aa063dff0f40ac74c407b', 'c2ee5cd5e709afd15c5565ee009a0d204403a119']",1.0,1.0,1.0,True,0.0,4096,True,2
"[""test"", ""build""]","[""test"", ""build""]",0.7902820110321045,"['317f4eefecddfb1392ca71d551840f446feee302', '5b81fde8a72cf2e69a10e9f5c4f0bea0a2b8c3e0']",1.0,1.0,1.0,True,0.0,4096,True,2
"[""docs"", ""feat""]","[""docs"", ""feat""]",0.8294129371643066,"['a52a585d74894b3b4eeb8c784fa089ff95cddad0', 'f823cf28652987d43c8324b4f5b203240032383a']",1.0,1.0,1.0,True,0.0,4096,True,2
"[""refactor"", ""fix"", ""build""]","[""refactor"", ""build""]",0.7394990921020508,"['47ef9104e4a89e80d7cc6c1950bc080841da4a7b', '5b81fde8a72cf2e69a10e9f5c4f0bea0a2b8c3e0']",0.6666666666666666,1.0,0.8,False,0.1428571428571428,4096,True,2
"[""feat"", ""refactor""]","[""feat"", ""refactor""]",0.991832971572876,"['e137f9fdbdb6bf3f85c3f7ac9323785e445844c8', '771857b1df9470ebc15357e8879118a72c649d5b']",1.0,1.0,1.0,True,0.0,4096,True,2
"[""build"", ""refactor"", ""fix""]","[""feat"", ""fix""]",0.8052048683166504,"['6ed56ce9ae743ba9a87e6c9643cc06b1de7b748d', 'd1d55e787b7d07f763852602b9939a5394607fd9']",0.3333333333333333,0.5,0.4,False,0.4285714285714285,4096,True,2
"[""build"", ""docs""]","[""build"", ""docs""]",0.7136991024017334,"['c323d59c607cabc91f17a78528d998f376f30b10', '0cfc5633d37ea06f645649138323f1820e18bdee']",1.0,1.0,1.0,True,0.0,4096,True,2
"[""build"", ""test"", ""feat"", ""docs""]","[""test"", ""refactor""]",0.9087562561035156,"['8ee0611fbf0cd89abe7ae588f22e6ecb843598ea', '2954a0955ce9af6acb345ed1e8328e145ad30475']",0.25,0.5,0.3333333333333333,False,0.5714285714285714,4096,True,2
"[""refactor"", ""fix""]","[""refactor"", ""fix""]",0.7455630302429199,"['36556bf8e0bce4ab6d26eafacbdad04d9614a5d7', 'c8e0ae8612df3d6f2831acc004aaac332f6105e4']",1.0,1.0,1.0,True,0.0,4096,True,2
"[""refactor"", ""ci"", ""feat""]","[""build"", ""ci""]",0.8474888801574707,"['e4a11fd5c34942ba12737f1c8c084489428ee274', '173553c0372e66e03bdab19e0e6c2dd44daa14a0']",0.3333333333333333,0.5,0.4,False,0.4285714285714285,4096,True,2
"[""fix"", ""feat""]","[""fix"", ""feat""]",0.674659252166748,"['c8e0ae8612df3d6f2831acc004aaac332f6105e4', 'f9a094918b62534614c47aa8a13f33aec751a1e0']",1.0,1.0,1.0,True,0.0,4096,True,2
"[""docs"", ""refactor""]","[""refactor"", ""docs""]",0.801649808883667,"['771857b1df9470ebc15357e8879118a72c649d5b', '0cfc5633d37ea06f645649138323f1820e18bdee']",1.0,1.0,1.0,True,0.0,4096,True,2
"[""build"", ""refactor"", ""feat""]","[""feat"", ""fix""]",0.9986062049865724,"['6ed56ce9ae743ba9a87e6c9643cc06b1de7b748d', '87d5d4e55ab7149b593d29410f1fe426ba2447d4']",0.3333333333333333,0.5,0.4,False,0.4285714285714285,4096,True,2
"[""refactor"", ""test""]","[""refactor"", ""test""]",0.7786319255828857,"['1db13ec43727aca872a0f3836e4023ed85db665e', '229b53a632ea97d47c4be11f096bdd828fb415d8']",1.0,1.0,1.0,True,0.0,4096,True,2
"[""test"", ""feat""]","[""test"", ""refactor""]",0.7422280311584473,"['317f4eefecddfb1392ca71d551840f446feee302', '63eab619e6166eb6cab948028a7b89bf059dd878']",0.5,0.5,0.5,False,0.2857142857142857,4096,True,2
"[""docs"", ""fix""]","[""docs"", ""build""]",0.7276439666748047,"['e12d9e77a6fd531a22325337838a841b1c67f00d', 'c44cf88a6ec54e5ddd99d8348bcc57b301ec7945']",0.5,0.5,0.5,False,0.2857142857142857,4096,True,2
"[""refactor"", ""build""]","[""refactor"", ""build""]",0.910423994064331,"['1db13ec43727aca872a0f3836e4023ed85db665e', '32b92cfa0b74a6c25990e32ac6aab12b8496794c']",1.0,1.0,1.0,True,0.0,4096,True,2
"[""docs"", ""refactor"", ""fix""]","[""docs"", ""fix""]",0.7142510414123535,"['c2ee5cd5e709afd15c5565ee009a0d204403a119', 'bed78248c941d57ad4cc20a455147e186e97c7a1']",0.6666666666666666,1.0,0.8,False,0.1428571428571428,4096,True,2
"[""docs"", ""ci""]","[""docs"", ""ci""]",0.6029479503631592,"['bf83c9155e9bee6925aa7102fab53fb803d52533', '173553c0372e66e03bdab19e0e6c2dd44daa14a0']",1.0,1.0,1.0,True,0.0,4096,True,2
"[""refactor"", ""ci""]","[""refactor"", ""ci""]",0.8277678489685059,"['36556bf8e0bce4ab6d26eafacbdad04d9614a5d7', '74e9de5ec97dc013a52aa063dff0f40ac74c407b']",1.0,1.0,1.0,True,0.0,4096,True,2
"[""test"", ""feat""]","[""test"", ""fix""]",0.7151522636413574,"['e9617f0854030e70365eb264bcb3b58078e79e9e', '87d5d4e55ab7149b593d29410f1fe426ba2447d4']",0.5,0.5,0.5,False,0.2857142857142857,4096,True,2
"[""feat"", ""refactor""]","[""feat"", ""refactor""]",1.0092439651489258,"['e137f9fdbdb6bf3f85c3f7ac9323785e445844c8', '47ef9104e4a89e80d7cc6c1950bc080841da4a7b']",1.0,1.0,1.0,True,0.0,4096,True,2
"[""fix"", ""ci""]","[""fix"", ""ci""]",1.886237859725952,"['2561f4ade46fc9d59f289f328cc77733a6443697', '74e9de5ec97dc013a52aa063dff0f40ac74c407b']",1.0,1.0,1.0,True,0.0,4096,True,2
"[""build"", ""ci""]","[""build"", ""ci""]",0.9832208156585692,"['5b81fde8a72cf2e69a10e9f5c4f0bea0a2b8c3e0', 'e96487ad7ce90b141219d9032fa2bed68d5dae6a']",1.0,1.0,1.0,True,0.0,4096,True,2
"[""build"", ""test"", ""feat""]","[""build"", ""test""]",0.8960390090942383,"['32b92cfa0b74a6c25990e32ac6aab12b8496794c', '8ee0611fbf0cd89abe7ae588f22e6ecb843598ea']",0.6666666666666666,1.0,0.8,False,0.1428571428571428,4096,True,2
"[""refactor"", ""ci""]","[""refactor"", ""ci""]",0.876356840133667,"['1db13ec43727aca872a0f3836e4023ed85db665e', '74e9de5ec97dc013a52aa063dff0f40ac74c407b']",1.0,1.0,1.0,True,0.0,4096,True,2
"[""fix"", ""build""]","[""fix"", ""build""]",0.7019860744476318,"['2561f4ade46fc9d59f289f328cc77733a6443697', 'c55591ba157298a9c5816693c102a89dfd058830']",1.0,1.0,1.0,True,0.0,4096,True,2
"[""build"", ""test"", ""refactor""]","[""build"", ""refactor""]",0.8922610282897949,"['5b81fde8a72cf2e69a10e9f5c4f0bea0a2b8c3e0', '1db13ec43727aca872a0f3836e4023ed85db665e']",0.6666666666666666,1.0,0.8,False,0.1428571428571428,4096,True,2
"[""build"", ""test"", ""feat"", ""ci""]","[""test"", ""ci""]",0.7763299942016602,"['8ee0611fbf0cd89abe7ae588f22e6ecb843598ea', 'e96487ad7ce90b141219d9032fa2bed68d5dae6a']",0.5,1.0,0.6666666666666666,False,0.2857142857142857,4096,True,2
"[""test"", ""refactor""]","[""test"", ""refactor""]",0.9779467582702636,"['bedc7950b24c37809e36a585b7985d5aa5e3e458', '062daa45cbd5dba6e96e95d8cdcaee89ae30a83c']",1.0,1.0,1.0,True,0.0,4096,True,2
"[""ci"", ""feat""]","[""ci"", ""refactor""]",0.7239739894866943,"['74e9de5ec97dc013a52aa063dff0f40ac74c407b', '63eab619e6166eb6cab948028a7b89bf059dd878']",0.5,0.5,0.5,False,0.2857142857142857,4096,True,2
"[""test"", ""docs""]","[""test"", ""docs""]",0.8454039096832275,"['317f4eefecddfb1392ca71d551840f446feee302', 'af880ac5b4fecbc6c4f3d1eee0d95f326e8bd9d1']",1.0,1.0,1.0,True,0.0,4096,True,2
"[""feat""]","[""feat"", ""fix""]",0.7625930309295654,"['dc5238b2bda98a7c4f2fe9584fc3b0191a408109', '9ef5c0d14193a9abb09b39856f58477d1f4b0d77']",1.0,0.5,0.6666666666666666,False,0.1428571428571428,4096,True,2
"[""refactor"", ""docs""]","[""build"", ""docs""]",0.7045621871948242,"['e4a11fd5c34942ba12737f1c8c084489428ee274', 'e12d9e77a6fd531a22325337838a841b1c67f00d']",0.5,0.5,0.5,False,0.2857142857142857,4096,True,2
"[""build"", ""refactor"", ""feat"", ""fix""]","[""feat"", ""refactor""]",0.8015360832214355,"['6ed56ce9ae743ba9a87e6c9643cc06b1de7b748d', '63eab619e6166eb6cab948028a7b89bf059dd878']",0.5,1.0,0.6666666666666666,False,0.2857142857142857,4096,True,2
"[""ci"", ""fix"", ""docs""]","[""ci"", ""fix"", ""docs""]",0.7135858535766602,"['dbb537a26e388a8d7d17faf131abc30c2f7a84e6', 'd129eaf9125a967ac86c6c7276bbae6b4d50af36', 'cb1f48b56ae0de93acb72e48726c7d610a1d538e']",1.0,1.0,1.0,True,0.0,4096,True,3
"[""fix"", ""refactor"", ""build"", ""feat""]","[""fix"", ""refactor"", ""feat""]",0.778378963470459,"['933ab6bb86372913c992567cf9660009900911a7', '3cca5c314ad6feeffbfe1f14cf49ebd0fd9a95a2', '6ed56ce9ae743ba9a87e6c9643cc06b1de7b748d']",0.75,1.0,0.8571428571428571,False,0.1428571428571428,4096,True,3
"[""build"", ""feat"", ""ci""]","[""build"", ""feat"", ""ci""]",1.7637970447540283,"['5b81fde8a72cf2e69a10e9f5c4f0bea0a2b8c3e0', 'e137f9fdbdb6bf3f85c3f7ac9323785e445844c8', '32845e1bbd1efb5dbc16f671049509a409ba25ce']",1.0,1.0,1.0,True,0.0,4096,True,3
"[""ci"", ""docs"", ""feat""]","[""ci"", ""docs"", ""feat""]",0.8730309009552002,"['45837af24a33308a70a3454f0f650f9fe728e272', '6d405dfc1675dcad64a2dfac0c0cb0fb28381d21', 'f823cf28652987d43c8324b4f5b203240032383a']",1.0,1.0,1.0,True,0.0,4096,True,3
"[""ci"", ""docs"", ""fix""]","[""ci"", ""docs"", ""build""]",0.6445119380950928,"['6c9cb638cb4d1ecc42632fcf389c24898c5b3244', 'bf83c9155e9bee6925aa7102fab53fb803d52533', 'c323d59c607cabc91f17a78528d998f376f30b10']",0.6666666666666666,0.6666666666666666,0.6666666666666666,False,0.2857142857142857,4096,True,3
"[""test"", ""docs"", ""fix""]","[""test"", ""docs"", ""fix""]",0.8033249378204346,"['229b53a632ea97d47c4be11f096bdd828fb415d8', 'e12d9e77a6fd531a22325337838a841b1c67f00d', 'd129eaf9125a967ac86c6c7276bbae6b4d50af36']",1.0,1.0,1.0,True,0.0,4096,True,3
"[""feat"", ""docs"", ""refactor""]","[""feat"", ""docs"", ""refactor""]",0.8657069206237793,"['68278b00450f2679761a2999500f6d87a579376b', 'c2ee5cd5e709afd15c5565ee009a0d204403a119', '535708ae50aecb452560a23356fd396f99ef13a2']",1.0,1.0,1.0,True,0.0,4096,True,3
"[""docs"", ""ci"", ""test""]","[""docs"", ""ci"", ""test""]",1.0822389125823977,"['0cfc5633d37ea06f645649138323f1820e18bdee', '6c9cb638cb4d1ecc42632fcf389c24898c5b3244', 'f411e58cd510f8a2b980b2f1932003a0c0e9f8f3']",1.0,1.0,1.0,True,0.0,4096,True,3
"[""build"", ""fix"", ""refactor""]","[""build"", ""fix"", ""refactor""]",0.9767899513244628,"['1269431c8a3e7549f10fcbbb4b88ff625c8898b3', '933ab6bb86372913c992567cf9660009900911a7', '36556bf8e0bce4ab6d26eafacbdad04d9614a5d7']",1.0,1.0,1.0,True,0.0,4096,True,3
"[""test"", ""fix"", ""docs""]","[""test"", ""fix"", ""docs""]",0.8471260070800781,"['c7b25726df94a2530c9b1c0d2b6a0acaa103822f', '933ab6bb86372913c992567cf9660009900911a7', 'c2ee5cd5e709afd15c5565ee009a0d204403a119']",1.0,1.0,1.0,True,0.0,4096,True,3
"[""build"", ""refactor"", ""fix""]","[""build"", ""refactor"", ""fix""]",0.7042570114135742,"['32b92cfa0b74a6c25990e32ac6aab12b8496794c', '771857b1df9470ebc15357e8879118a72c649d5b', '06e2be4e2019b6fa714e1fcb34485860ef1ede79']",1.0,1.0,1.0,True,0.0,4096,True,3
"[""test"", ""docs"", ""fix""]","[""test"", ""docs"", ""build""]",0.7786669731140137,"['f411e58cd510f8a2b980b2f1932003a0c0e9f8f3', '036a0ff49a7dade0e04c9c07071a1ff49133ee24', 'c44cf88a6ec54e5ddd99d8348bcc57b301ec7945']",0.6666666666666666,0.6666666666666666,0.6666666666666666,False,0.2857142857142857,4096,True,3
"[""build"", ""refactor"", ""fix"", ""feat""]","[""feat"", ""test"", ""refactor""]",0.931894063949585,"['6ed56ce9ae743ba9a87e6c9643cc06b1de7b748d', 'c7b25726df94a2530c9b1c0d2b6a0acaa103822f', '535708ae50aecb452560a23356fd396f99ef13a2']",0.5,0.6666666666666666,0.5714285714285715,False,0.4285714285714285,4096,True,3
"[""docs"", ""feat"", ""fix""]","[""docs"", ""feat"", ""fix""]",0.99200701713562,"['6d405dfc1675dcad64a2dfac0c0cb0fb28381d21', 'ded26d768ff432ad3bde3c0aa1e95ce50726100a', 'd129eaf9125a967ac86c6c7276bbae6b4d50af36']",1.0,1.0,1.0,True,0.0,4096,True,3
"[""ci"", ""docs"", ""refactor"", ""fix""]","[""ci"", ""docs"", ""fix""]",0.9346420764923096,"['e7a67d88173566be3cd3aed7e9eeb7e29aabbc57', 'c2ee5cd5e709afd15c5565ee009a0d204403a119', 'bed78248c941d57ad4cc20a455147e186e97c7a1']",0.75,1.0,0.8571428571428571,False,0.1428571428571428,4096,True,3
"[""ci"", ""docs"", ""fix""]","[""ci"", ""docs"", ""fix""]",0.7752518653869629,"['74e9de5ec97dc013a52aa063dff0f40ac74c407b', 'aca23027da1295c78fdf42ba9687d8ccc88784d7', 'd129eaf9125a967ac86c6c7276bbae6b4d50af36']",1.0,1.0,1.0,True,0.0,4096,True,3
"[""test"", ""refactor"", ""fix"", ""build""]","[""test"", ""fix"", ""build""]",0.7984981536865234,"['c7b25726df94a2530c9b1c0d2b6a0acaa103822f', 'bed78248c941d57ad4cc20a455147e186e97c7a1', 'c55591ba157298a9c5816693c102a89dfd058830']",0.75,1.0,0.8571428571428571,False,0.1428571428571428,4096,True,3
"[""docs"", ""ci"", ""refactor"", ""fix""]","[""docs"", ""ci"", ""fix""]",0.8919479846954346,"['a52a585d74894b3b4eeb8c784fa089ff95cddad0', 'e7a67d88173566be3cd3aed7e9eeb7e29aabbc57', 'bed78248c941d57ad4cc20a455147e186e97c7a1']",0.75,1.0,0.8571428571428571,False,0.1428571428571428,4096,True,3
"[""build"", ""ci"", ""test""]","[""build"", ""ci"", ""test""]",0.9169862270355223,"['f00a4d3e307b89842250358ee432e6800bb24362', '6c9cb638cb4d1ecc42632fcf389c24898c5b3244', 'c7b25726df94a2530c9b1c0d2b6a0acaa103822f']",1.0,1.0,1.0,True,0.0,4096,True,3
"[""feat""]","[""refactor"", ""feat"", ""fix""]",0.922051191329956,"['2954a0955ce9af6acb345ed1e8328e145ad30475', 'dc5238b2bda98a7c4f2fe9584fc3b0191a408109', '9ef5c0d14193a9abb09b39856f58477d1f4b0d77']",1.0,0.3333333333333333,0.5,False,0.2857142857142857,4096,True,3
"[""ci"", ""test"", ""fix""]","[""ci"", ""test"", ""fix""]",0.9102768898010254,"['4cbbd2552ba0de273e1dfe7d453c5b3efed751a3', 'f411e58cd510f8a2b980b2f1932003a0c0e9f8f3', '06e2be4e2019b6fa714e1fcb34485860ef1ede79']",1.0,1.0,1.0,True,0.0,4096,True,3
"[""feat"", ""refactor"", ""build""]","[""feat"", ""refactor"", ""build""]",1.2330448627471924,"['b282e90e2cbb74559aab79eee8443a4d7c85502a', '1db13ec43727aca872a0f3836e4023ed85db665e', '37b1cbfd3d2c462ef4f2a131e4172c38dc8d9ddf']",1.0,1.0,1.0,True,0.0,4096,True,3
"[""fix"", ""feat"", ""ci""]","[""fix"", ""feat"", ""ci""]",1.2682018280029297,"['d129eaf9125a967ac86c6c7276bbae6b4d50af36', 'fd8e563cc19ca4684885d4692acee6bebcca4ada', '173553c0372e66e03bdab19e0e6c2dd44daa14a0']",1.0,1.0,1.0,True,0.0,4096,True,3
"[""docs"", ""feat"", ""test""]","[""docs"", ""refactor"", ""test""]",0.9789881706237792,"['036a0ff49a7dade0e04c9c07071a1ff49133ee24', '63eab619e6166eb6cab948028a7b89bf059dd878', '229b53a632ea97d47c4be11f096bdd828fb415d8']",0.6666666666666666,0.6666666666666666,0.6666666666666666,False,0.2857142857142857,4096,True,3
"[""fix"", ""ci"", ""feat""]","[""test"", ""ci"", ""feat""]",0.9190020561218262,"['c7b25726df94a2530c9b1c0d2b6a0acaa103822f', '32845e1bbd1efb5dbc16f671049509a409ba25ce', 'b282e90e2cbb74559aab79eee8443a4d7c85502a']",0.6666666666666666,0.6666666666666666,0.6666666666666666,False,0.2857142857142857,4096,True,3
"[""feat"", ""fix"", ""refactor"", ""build""]","[""feat"", ""build"", ""refactor""]",1.432413101196289,"['f9a094918b62534614c47aa8a13f33aec751a1e0', '5b81fde8a72cf2e69a10e9f5c4f0bea0a2b8c3e0', '36556bf8e0bce4ab6d26eafacbdad04d9614a5d7']",0.75,1.0,0.8571428571428571,False,0.1428571428571428,4096,True,3
"[""feat"", ""build"", ""docs""]","[""feat"", ""build"", ""docs""]",0.8108301162719727,"['e137f9fdbdb6bf3f85c3f7ac9323785e445844c8', '37b1cbfd3d2c462ef4f2a131e4172c38dc8d9ddf', 'e12d9e77a6fd531a22325337838a841b1c67f00d']",1.0,1.0,1.0,True,0.0,4096,True,3
"[""build"", ""refactor"", ""ci""]","[""build"", ""refactor"", ""ci""]",2.1276910305023193,"['f00a4d3e307b89842250358ee432e6800bb24362', '36556bf8e0bce4ab6d26eafacbdad04d9614a5d7', '4cbbd2552ba0de273e1dfe7d453c5b3efed751a3']",1.0,1.0,1.0,True,0.0,4096,True,3
"[""docs"", ""ci"", ""build"", ""fix""]","[""docs"", ""ci"", ""build""]",1.0491299629211426,"['cb1f48b56ae0de93acb72e48726c7d610a1d538e', 'e96487ad7ce90b141219d9032fa2bed68d5dae6a', '454003841aabeb74396d73541378bfa59c75b5db']",0.75,1.0,0.8571428571428571,False,0.1428571428571428,4096,True,3
"[""fix"", ""test"", ""build""]","[""fix"", ""test"", ""build""]",0.96846604347229,"['d129eaf9125a967ac86c6c7276bbae6b4d50af36', 'e2e8ad25854bd1e7cdbc7f50b50bbd99e04ad47d', '1269431c8a3e7549f10fcbbb4b88ff625c8898b3']",1.0,1.0,1.0,True,0.0,4096,True,3
"[""feat"", ""docs"", ""refactor""]","[""refactor"", ""docs"", ""feat""]",1.0766642093658447,"['2954a0955ce9af6acb345ed1e8328e145ad30475', 'a52a585d74894b3b4eeb8c784fa089ff95cddad0', 'b282e90e2cbb74559aab79eee8443a4d7c85502a']",1.0,1.0,1.0,True,0.0,4096,True,3
"[""docs"", ""refactor"", ""test""]","[""docs"", ""refactor"", ""test""]",1.1545121669769287,"['0cfc5633d37ea06f645649138323f1820e18bdee', '1db13ec43727aca872a0f3836e4023ed85db665e', 'bedc7950b24c37809e36a585b7985d5aa5e3e458']",1.0,1.0,1.0,True,0.0,4096,True,3
"[""fix"", ""docs"", ""test""]","[""fix"", ""docs"", ""test""]",0.8879950046539307,"['933ab6bb86372913c992567cf9660009900911a7', '0cfc5633d37ea06f645649138323f1820e18bdee', 'c7b25726df94a2530c9b1c0d2b6a0acaa103822f']",1.0,1.0,1.0,True,0.0,4096,True,3
"[""refactor"", ""ci"", ""test""]","[""refactor"", ""ci"", ""test""]",0.7766880989074707,"['36556bf8e0bce4ab6d26eafacbdad04d9614a5d7', '6c9cb638cb4d1ecc42632fcf389c24898c5b3244', '229b53a632ea97d47c4be11f096bdd828fb415d8']",1.0,1.0,1.0,True,0.0,4096,True,3
"[""ci"", ""test"", ""docs""]","[""ci"", ""test"", ""docs""]",1.5760328769683838,"['c5fa7b80438fbd74f4c341f0d3c9bd9e0f4910da', '229b53a632ea97d47c4be11f096bdd828fb415d8', 'aca23027da1295c78fdf42ba9687d8ccc88784d7']",1.0,1.0,1.0,True,0.0,4096,True,3
"[""feat"", ""docs"", ""fix""]","[""feat"", ""docs"", ""fix""]",1.0224628448486328,"['f823cf28652987d43c8324b4f5b203240032383a', '0cfc5633d37ea06f645649138323f1820e18bdee', '9ef5c0d14193a9abb09b39856f58477d1f4b0d77']",1.0,1.0,1.0,True,0.0,4096,True,3
"[""test"", ""fix"", ""build""]","[""test"", ""fix"", ""build""]",0.9233050346374512,"['317f4eefecddfb1392ca71d551840f446feee302', '06e2be4e2019b6fa714e1fcb34485860ef1ede79', 'c55591ba157298a9c5816693c102a89dfd058830']",1.0,1.0,1.0,True,0.0,4096,True,3
"[""feat"", ""docs"", ""refactor""]","[""feat"", ""docs"", ""refactor""]",0.8669979572296143,"['e137f9fdbdb6bf3f85c3f7ac9323785e445844c8', 'bf83c9155e9bee6925aa7102fab53fb803d52533', '36556bf8e0bce4ab6d26eafacbdad04d9614a5d7']",1.0,1.0,1.0,True,0.0,4096,True,3
"[""fix"", ""ci"", ""refactor""]","[""fix"", ""ci"", ""build""]",0.8534581661224365,"['d129eaf9125a967ac86c6c7276bbae6b4d50af36', '6c9cb638cb4d1ecc42632fcf389c24898c5b3244', 'c44cf88a6ec54e5ddd99d8348bcc57b301ec7945']",0.6666666666666666,0.6666666666666666,0.6666666666666666,False,0.2857142857142857,4096,True,3
"[""fix"", ""feat"", ""docs""]","[""fix"", ""refactor"", ""docs""]",1.0385429859161377,"['2561f4ade46fc9d59f289f328cc77733a6443697', '2954a0955ce9af6acb345ed1e8328e145ad30475', 'a52a585d74894b3b4eeb8c784fa089ff95cddad0']",0.6666666666666666,0.6666666666666666,0.6666666666666666,False,0.2857142857142857,4096,True,3
"[""build"", ""feat"", ""fix""]","[""build"", ""feat"", ""fix""]",0.8509960174560547,"['c55591ba157298a9c5816693c102a89dfd058830', 'dc5238b2bda98a7c4f2fe9584fc3b0191a408109', '9be725fa3906323d4bc9788f54eccf74109d632b']",1.0,1.0,1.0,True,0.0,4096,True,3
"[""test"", ""refactor"", ""feat""]","[""test"", ""refactor"", ""feat""]",0.8864099979400635,"['229b53a632ea97d47c4be11f096bdd828fb415d8', '36556bf8e0bce4ab6d26eafacbdad04d9614a5d7', 'ded26d768ff432ad3bde3c0aa1e95ce50726100a']",1.0,1.0,1.0,True,0.0,4096,True,3
"[""test"", ""build"", ""ci""]","[""test"", ""build"", ""ci""]",1.3004791736602783,"['e0198f74b81da3663144cfe1d971939319f82a0f', 'c55591ba157298a9c5816693c102a89dfd058830', 'e7a67d88173566be3cd3aed7e9eeb7e29aabbc57']",1.0,1.0,1.0,True,0.0,4096,True,3
"[""test"", ""fix"", ""docs""]","[""test"", ""fix"", ""docs""]",0.9204912185668944,"['bedc7950b24c37809e36a585b7985d5aa5e3e458', '933ab6bb86372913c992567cf9660009900911a7', '6d405dfc1675dcad64a2dfac0c0cb0fb28381d21']",1.0,1.0,1.0,True,0.0,4096,True,3
"[""fix"", ""build"", ""test""]","[""fix"", ""build"", ""test""]",0.7164502143859863,"['d129eaf9125a967ac86c6c7276bbae6b4d50af36', '32b92cfa0b74a6c25990e32ac6aab12b8496794c', '317f4eefecddfb1392ca71d551840f446feee302']",1.0,1.0,1.0,True,0.0,4096,True,3
"[""feat"", ""fix"", ""ci""]","[""feat"", ""fix"", ""ci""]",1.0511438846588137,"['f823cf28652987d43c8324b4f5b203240032383a', '9be725fa3906323d4bc9788f54eccf74109d632b', '32845e1bbd1efb5dbc16f671049509a409ba25ce']",1.0,1.0,1.0,True,0.0,4096,True,3
"[""feat"", ""docs"", ""build""]","[""fix"", ""docs"", ""build""]",0.8035650253295898,"['9ef5c0d14193a9abb09b39856f58477d1f4b0d77', 'a52a585d74894b3b4eeb8c784fa089ff95cddad0', '37b1cbfd3d2c462ef4f2a131e4172c38dc8d9ddf']",0.6666666666666666,0.6666666666666666,0.6666666666666666,False,0.2857142857142857,4096,True,3
"[""feat"", ""ci"", ""docs""]","[""fix"", ""ci"", ""docs""]",1.0071470737457275,"['87d5d4e55ab7149b593d29410f1fe426ba2447d4', '4cbbd2552ba0de273e1dfe7d453c5b3efed751a3', '6d405dfc1675dcad64a2dfac0c0cb0fb28381d21']",0.6666666666666666,0.6666666666666666,0.6666666666666666,False,0.2857142857142857,4096,True,3
"[""feat"", ""docs"", ""refactor"", ""fix""]","[""feat"", ""docs"", ""fix""]",0.9153432846069336,"['fd8e563cc19ca4684885d4692acee6bebcca4ada', 'cb1f48b56ae0de93acb72e48726c7d610a1d538e', 'bed78248c941d57ad4cc20a455147e186e97c7a1']",0.75,1.0,0.8571428571428571,False,0.1428571428571428,4096,True,3
"[""feat"", ""refactor""]","[""feat"", ""fix"", ""refactor""]",0.7743070125579834,"['1bcf88670b50155b50071e707f98f30cea0b7a24', '9ef5c0d14193a9abb09b39856f58477d1f4b0d77', '062daa45cbd5dba6e96e95d8cdcaee89ae30a83c']",1.0,0.6666666666666666,0.8,False,0.1428571428571428,4096,True,3
"[""refactor"", ""docs"", ""test"", ""fix""]","[""fix"", ""docs"", ""test""]",0.8188920021057129,"['bed78248c941d57ad4cc20a455147e186e97c7a1', 'a52a585d74894b3b4eeb8c784fa089ff95cddad0', 'e9617f0854030e70365eb264bcb3b58078e79e9e']",0.75,1.0,0.8571428571428571,False,0.1428571428571428,4096,True,3
"[""docs"", ""ci"", ""feat""]","[""docs"", ""ci"", ""feat""]",1.0117559432983398,"['c2ee5cd5e709afd15c5565ee009a0d204403a119', 'dbb537a26e388a8d7d17faf131abc30c2f7a84e6', 'ded26d768ff432ad3bde3c0aa1e95ce50726100a']",1.0,1.0,1.0,True,0.0,4096,True,3
"[""build"", ""test"", ""ci"", ""refactor""]","[""build"", ""ci"", ""refactor""]",0.993513822555542,"['454003841aabeb74396d73541378bfa59c75b5db', 'dbb537a26e388a8d7d17faf131abc30c2f7a84e6', '062daa45cbd5dba6e96e95d8cdcaee89ae30a83c']",0.75,1.0,0.8571428571428571,False,0.1428571428571428,4096,True,3
"[""feat"", ""fix"", ""test"", ""refactor""]","[""feat"", ""fix"", ""test""]",0.9018440246582032,"['fd8e563cc19ca4684885d4692acee6bebcca4ada', 'd1d55e787b7d07f763852602b9939a5394607fd9', 'b7ce2894fd1794064bd6db4ed730bb6cb7728739']",0.75,1.0,0.8571428571428571,False,0.1428571428571428,4096,True,3
"[""docs"", ""test"", ""build""]","[""docs"", ""test"", ""build""]",0.8394749164581299,"['bf83c9155e9bee6925aa7102fab53fb803d52533', 'b7ce2894fd1794064bd6db4ed730bb6cb7728739', '37b1cbfd3d2c462ef4f2a131e4172c38dc8d9ddf']",1.0,1.0,1.0,True,0.0,4096,True,3
"[""fix"", ""ci"", ""test""]","[""fix"", ""ci"", ""test""]",1.507934808731079,"['d129eaf9125a967ac86c6c7276bbae6b4d50af36', 'e7a67d88173566be3cd3aed7e9eeb7e29aabbc57', '317f4eefecddfb1392ca71d551840f446feee302']",1.0,1.0,1.0,True,0.0,4096,True,3
"[""docs"", ""ci"", ""refactor""]","[""docs"", ""fix"", ""ci""]",0.8149509429931641,"['c2ee5cd5e709afd15c5565ee009a0d204403a119', 'd1d55e787b7d07f763852602b9939a5394607fd9', '6c9cb638cb4d1ecc42632fcf389c24898c5b3244']",0.6666666666666666,0.6666666666666666,0.6666666666666666,False,0.2857142857142857,4096,True,3
"[""ci"", ""fix"", ""docs""]","[""ci"", ""fix"", ""docs""]",0.9131009578704834,"['dbb537a26e388a8d7d17faf131abc30c2f7a84e6', 'c8e0ae8612df3d6f2831acc004aaac332f6105e4', 'e12d9e77a6fd531a22325337838a841b1c67f00d']",1.0,1.0,1.0,True,0.0,4096,True,3
"[""build"", ""docs"", ""fix""]","[""build"", ""docs"", ""refactor""]",0.8276469707489014,"['c55591ba157298a9c5816693c102a89dfd058830', 'c2ee5cd5e709afd15c5565ee009a0d204403a119', 'a62314d9bb632be6af026686615d14b912250512']",0.6666666666666666,0.6666666666666666,0.6666666666666666,False,0.2857142857142857,4096,True,3
"[""refactor"", ""build""]","[""fix"", ""build"", ""refactor""]",0.7366719245910645,"['d1d55e787b7d07f763852602b9939a5394607fd9', '32b92cfa0b74a6c25990e32ac6aab12b8496794c', '062daa45cbd5dba6e96e95d8cdcaee89ae30a83c']",1.0,0.6666666666666666,0.8,False,0.1428571428571428,4096,True,3
"[""test"", ""docs"", ""build""]","[""test"", ""docs"", ""build""]",0.9000718593597412,"['f411e58cd510f8a2b980b2f1932003a0c0e9f8f3', 'af880ac5b4fecbc6c4f3d1eee0d95f326e8bd9d1', '1269431c8a3e7549f10fcbbb4b88ff625c8898b3']",1.0,1.0,1.0,True,0.0,4096,True,3
"[""feat"", ""fix"", ""test""]","[""feat"", ""fix"", ""test""]",0.8159189224243164,"['f9a094918b62534614c47aa8a13f33aec751a1e0', '87d5d4e55ab7149b593d29410f1fe426ba2447d4', '317f4eefecddfb1392ca71d551840f446feee302']",1.0,1.0,1.0,True,0.0,4096,True,3
"[""test"", ""fix"", ""feat""]","[""test"", ""fix"", ""feat""]",0.912391185760498,"['229b53a632ea97d47c4be11f096bdd828fb415d8', 'c8e0ae8612df3d6f2831acc004aaac332f6105e4', 'f823cf28652987d43c8324b4f5b203240032383a']",1.0,1.0,1.0,True,0.0,4096,True,3
"[""feat"", ""fix"", ""docs""]","[""feat"", ""fix"", ""docs""]",1.2959179878234863,"['dc5238b2bda98a7c4f2fe9584fc3b0191a408109', '06e2be4e2019b6fa714e1fcb34485860ef1ede79', 'af880ac5b4fecbc6c4f3d1eee0d95f326e8bd9d1']",1.0,1.0,1.0,True,0.0,4096,True,3
"[""ci"", ""test"", ""docs""]","[""ci"", ""docs"", ""test""]",0.9512279033660888,"['173553c0372e66e03bdab19e0e6c2dd44daa14a0', 'e12d9e77a6fd531a22325337838a841b1c67f00d', 'c7b25726df94a2530c9b1c0d2b6a0acaa103822f']",1.0,1.0,1.0,True,0.0,4096,True,3
"[""ci"", ""fix"", ""build"", ""docs""]","[""ci"", ""fix"", ""docs""]",1.0742180347442627,"['dbb537a26e388a8d7d17faf131abc30c2f7a84e6', '2561f4ade46fc9d59f289f328cc77733a6443697', 'e12d9e77a6fd531a22325337838a841b1c67f00d']",0.75,1.0,0.8571428571428571,False,0.1428571428571428,4096,True,3
"[""feat"", ""fix"", ""test""]","[""feat"", ""fix"", ""test""]",0.8199422359466553,"['f823cf28652987d43c8324b4f5b203240032383a', '9ef5c0d14193a9abb09b39856f58477d1f4b0d77', '229b53a632ea97d47c4be11f096bdd828fb415d8']",1.0,1.0,1.0,True,0.0,4096,True,3
"[""docs"", ""ci"", ""feat""]","[""docs"", ""ci"", ""feat""]",1.0445899963378906,"['6d405dfc1675dcad64a2dfac0c0cb0fb28381d21', '173553c0372e66e03bdab19e0e6c2dd44daa14a0', 'b282e90e2cbb74559aab79eee8443a4d7c85502a']",1.0,1.0,1.0,True,0.0,4096,True,3
"[""ci"", ""docs"", ""fix""]","[""ci"", ""docs"", ""build""]",1.1257531642913818,"['c5fa7b80438fbd74f4c341f0d3c9bd9e0f4910da', '036a0ff49a7dade0e04c9c07071a1ff49133ee24', 'c44cf88a6ec54e5ddd99d8348bcc57b301ec7945']",0.6666666666666666,0.6666666666666666,0.6666666666666666,False,0.2857142857142857,4096,True,3
"[""ci"", ""feat"", ""build""]","[""ci"", ""feat"", ""build""]",0.845081090927124,"['32845e1bbd1efb5dbc16f671049509a409ba25ce', 'b282e90e2cbb74559aab79eee8443a4d7c85502a', '37b1cbfd3d2c462ef4f2a131e4172c38dc8d9ddf']",1.0,1.0,1.0,True,0.0,4096,True,3
"[""test"", ""build"", ""fix"", ""feat""]","[""test"", ""build"", ""fix"", ""feat""]",0.9199628829956056,"['e0198f74b81da3663144cfe1d971939319f82a0f', 'f00a4d3e307b89842250358ee432e6800bb24362', 'd129eaf9125a967ac86c6c7276bbae6b4d50af36', 'dc5238b2bda98a7c4f2fe9584fc3b0191a408109']",1.0,1.0,1.0,True,0.0,4096,True,4
"[""ci"", ""build"", ""test"", ""docs""]","[""ci"", ""build"", ""test"", ""docs""]",0.9810588359832764,"['c5fa7b80438fbd74f4c341f0d3c9bd9e0f4910da', '1269431c8a3e7549f10fcbbb4b88ff625c8898b3', 'e2e8ad25854bd1e7cdbc7f50b50bbd99e04ad47d', '036a0ff49a7dade0e04c9c07071a1ff49133ee24']",1.0,1.0,1.0,True,0.0,4096,True,4
"[""refactor"", ""feat"", ""docs"", ""test""]","[""refactor"", ""feat"", ""docs"", ""test""]",1.0285797119140625,"['3cca5c314ad6feeffbfe1f14cf49ebd0fd9a95a2', 'dc5238b2bda98a7c4f2fe9584fc3b0191a408109', 'aca23027da1295c78fdf42ba9687d8ccc88784d7', '229b53a632ea97d47c4be11f096bdd828fb415d8']",1.0,1.0,1.0,True,0.0,4096,True,4
"[""refactor"", ""test"", ""build"", ""feat""]","[""fix"", ""test"", ""build"", ""refactor""]",1.466677188873291,"['d1d55e787b7d07f763852602b9939a5394607fd9', 'bedc7950b24c37809e36a585b7985d5aa5e3e458', 'c55591ba157298a9c5816693c102a89dfd058830', '535708ae50aecb452560a23356fd396f99ef13a2']",0.75,0.75,0.75,False,0.2857142857142857,4096,True,4
"[""docs"", ""build"", ""ci"", ""feat""]","[""docs"", ""build"", ""ci"", ""feat""]",1.0171012878417969,"['a52a585d74894b3b4eeb8c784fa089ff95cddad0', '1269431c8a3e7549f10fcbbb4b88ff625c8898b3', '45837af24a33308a70a3454f0f650f9fe728e272', 'e137f9fdbdb6bf3f85c3f7ac9323785e445844c8']",1.0,1.0,1.0,True,0.0,4096,True,4
"[""test"", ""refactor"", ""feat"", ""fix"", ""ci""]","[""test"", ""fix"", ""refactor"", ""ci""]",0.7386631965637207,"['e9617f0854030e70365eb264bcb3b58078e79e9e', 'bed78248c941d57ad4cc20a455147e186e97c7a1', '535708ae50aecb452560a23356fd396f99ef13a2', 'c5fa7b80438fbd74f4c341f0d3c9bd9e0f4910da']",0.8,1.0,0.888888888888889,False,0.1428571428571428,4096,True,4
"[""ci"", ""fix"", ""feat"", ""refactor""]","[""ci"", ""fix"", ""feat"", ""refactor""]",1.0826430320739746,"['e7a67d88173566be3cd3aed7e9eeb7e29aabbc57', 'bed78248c941d57ad4cc20a455147e186e97c7a1', 'f823cf28652987d43c8324b4f5b203240032383a', '2954a0955ce9af6acb345ed1e8328e145ad30475']",1.0,1.0,1.0,True,0.0,4096,True,4
"[""docs"", ""ci"", ""test"", ""refactor""]","[""docs"", ""ci"", ""test"", ""refactor""]",0.9386451244354248,"['aca23027da1295c78fdf42ba9687d8ccc88784d7', '74e9de5ec97dc013a52aa063dff0f40ac74c407b', '317f4eefecddfb1392ca71d551840f446feee302', '3cca5c314ad6feeffbfe1f14cf49ebd0fd9a95a2']",1.0,1.0,1.0,True,0.0,4096,True,4
"[""fix"", ""feat"", ""build"", ""docs""]","[""fix"", ""feat"", ""build"", ""docs""]",0.7665820121765137,"['9be725fa3906323d4bc9788f54eccf74109d632b', 'e137f9fdbdb6bf3f85c3f7ac9323785e445844c8', 'c323d59c607cabc91f17a78528d998f376f30b10', '0cfc5633d37ea06f645649138323f1820e18bdee']",1.0,1.0,1.0,True,0.0,4096,True,4
"[""docs"", ""fix"", ""test"", ""feat""]","[""docs"", ""feat"", ""test"", ""fix""]",1.0547800064086914,"['0cfc5633d37ea06f645649138323f1820e18bdee', '1bcf88670b50155b50071e707f98f30cea0b7a24', '229b53a632ea97d47c4be11f096bdd828fb415d8', '87d5d4e55ab7149b593d29410f1fe426ba2447d4']",1.0,1.0,1.0,True,0.0,4096,True,4
"[""build"", ""feat"", ""test"", ""ci""]","[""build"", ""refactor"", ""test"", ""ci""]",0.8305449485778809,"['c55591ba157298a9c5816693c102a89dfd058830', '062daa45cbd5dba6e96e95d8cdcaee89ae30a83c', 'c7b25726df94a2530c9b1c0d2b6a0acaa103822f', 'dbb537a26e388a8d7d17faf131abc30c2f7a84e6']",0.75,0.75,0.75,False,0.2857142857142857,4096,True,4
"[""feat"", ""fix"", ""test"", ""refactor""]","[""feat"", ""fix"", ""test"", ""refactor""]",1.045517921447754,"['dc5238b2bda98a7c4f2fe9584fc3b0191a408109', 'c8e0ae8612df3d6f2831acc004aaac332f6105e4', 'f411e58cd510f8a2b980b2f1932003a0c0e9f8f3', '47ef9104e4a89e80d7cc6c1950bc080841da4a7b']",1.0,1.0,1.0,True,0.0,4096,True,4
"[""feat"", ""fix"", ""docs"", ""test"", ""ci""]","[""refactor"", ""docs"", ""test"", ""ci""]",0.8998589515686035,"['63eab619e6166eb6cab948028a7b89bf059dd878', 'aca23027da1295c78fdf42ba9687d8ccc88784d7', 'f411e58cd510f8a2b980b2f1932003a0c0e9f8f3', 'e7a67d88173566be3cd3aed7e9eeb7e29aabbc57']",0.6,0.75,0.6666666666666665,False,0.4285714285714285,4096,True,4
"[""docs"", ""refactor"", ""test"", ""fix""]","[""docs"", ""refactor"", ""test"", ""fix""]",0.927947759628296,"['aca23027da1295c78fdf42ba9687d8ccc88784d7', '062daa45cbd5dba6e96e95d8cdcaee89ae30a83c', 'b7ce2894fd1794064bd6db4ed730bb6cb7728739', '06e2be4e2019b6fa714e1fcb34485860ef1ede79']",1.0,1.0,1.0,True,0.0,4096,True,4
"[""test"", ""docs"", ""build"", ""ci""]","[""test"", ""docs"", ""build"", ""ci""]",1.014664888381958,"['317f4eefecddfb1392ca71d551840f446feee302', 'aca23027da1295c78fdf42ba9687d8ccc88784d7', 'f00a4d3e307b89842250358ee432e6800bb24362', '32845e1bbd1efb5dbc16f671049509a409ba25ce']",1.0,1.0,1.0,True,0.0,4096,True,4
"[""fix"", ""refactor"", ""docs"", ""test""]","[""fix"", ""refactor"", ""docs"", ""test""]",0.8148458003997803,"['933ab6bb86372913c992567cf9660009900911a7', '3cca5c314ad6feeffbfe1f14cf49ebd0fd9a95a2', 'a52a585d74894b3b4eeb8c784fa089ff95cddad0', '229b53a632ea97d47c4be11f096bdd828fb415d8']",1.0,1.0,1.0,True,0.0,4096,True,4
"[""feat"", ""ci"", ""docs"", ""build""]","[""refactor"", ""ci"", ""docs"", ""build""]",0.9566850662231444,"['63eab619e6166eb6cab948028a7b89bf059dd878', '6c9cb638cb4d1ecc42632fcf389c24898c5b3244', 'a52a585d74894b3b4eeb8c784fa089ff95cddad0', 'c55591ba157298a9c5816693c102a89dfd058830']",0.75,0.75,0.75,False,0.2857142857142857,4096,True,4
"[""ci"", ""build"", ""test"", ""feat""]","[""ci"", ""build"", ""test"", ""fix""]",0.9786820411682128,"['173553c0372e66e03bdab19e0e6c2dd44daa14a0', 'c55591ba157298a9c5816693c102a89dfd058830', '8ee0611fbf0cd89abe7ae588f22e6ecb843598ea', '87d5d4e55ab7149b593d29410f1fe426ba2447d4']",0.75,0.75,0.75,False,0.2857142857142857,4096,True,4
"[""ci"", ""build"", ""feat"", ""fix""]","[""ci"", ""build"", ""feat"", ""fix""]",0.7702460289001465,"['32845e1bbd1efb5dbc16f671049509a409ba25ce', '32b92cfa0b74a6c25990e32ac6aab12b8496794c', 'fd8e563cc19ca4684885d4692acee6bebcca4ada', '933ab6bb86372913c992567cf9660009900911a7']",1.0,1.0,1.0,True,0.0,4096,True,4
"[""test"", ""build"", ""fix"", ""feat""]","[""test"", ""build"", ""fix"", ""feat""]",0.9775998592376708,"['317f4eefecddfb1392ca71d551840f446feee302', '454003841aabeb74396d73541378bfa59c75b5db', '933ab6bb86372913c992567cf9660009900911a7', '6ed56ce9ae743ba9a87e6c9643cc06b1de7b748d']",1.0,1.0,1.0,True,0.0,4096,True,4
"[""docs"", ""test"", ""refactor""]","[""fix"", ""docs"", ""test"", ""refactor""]",1.0224411487579346,"['d1d55e787b7d07f763852602b9939a5394607fd9', '6d405dfc1675dcad64a2dfac0c0cb0fb28381d21', 'e0198f74b81da3663144cfe1d971939319f82a0f', '36556bf8e0bce4ab6d26eafacbdad04d9614a5d7']",1.0,0.75,0.8571428571428571,False,0.1428571428571428,4096,True,4
"[""ci"", ""docs"", ""build"", ""feat"", ""fix""]","[""ci"", ""docs"", ""build"", ""feat""]",0.7150101661682129,"['e7a67d88173566be3cd3aed7e9eeb7e29aabbc57', '6d405dfc1675dcad64a2dfac0c0cb0fb28381d21', 'c44cf88a6ec54e5ddd99d8348bcc57b301ec7945', 'f9a094918b62534614c47aa8a13f33aec751a1e0']",0.8,1.0,0.888888888888889,False,0.1428571428571428,4096,True,4
"[""fix"", ""test"", ""refactor"", ""docs""]","[""fix"", ""test"", ""feat"", ""docs""]",1.124476194381714,"['2561f4ade46fc9d59f289f328cc77733a6443697', 'e0198f74b81da3663144cfe1d971939319f82a0f', '1bcf88670b50155b50071e707f98f30cea0b7a24', '6d405dfc1675dcad64a2dfac0c0cb0fb28381d21']",0.75,0.75,0.75,False,0.2857142857142857,4096,True,4
"[""ci"", ""fix"", ""test"", ""docs""]","[""ci"", ""fix"", ""test"", ""docs""]",0.7842381000518799,"['4cbbd2552ba0de273e1dfe7d453c5b3efed751a3', '933ab6bb86372913c992567cf9660009900911a7', 'b7ce2894fd1794064bd6db4ed730bb6cb7728739', 'af880ac5b4fecbc6c4f3d1eee0d95f326e8bd9d1']",1.0,1.0,1.0,True,0.0,4096,True,4
"[""feat"", ""ci"", ""refactor"", ""fix""]","[""feat"", ""ci"", ""refactor"", ""fix""]",1.1035540103912354,"['f823cf28652987d43c8324b4f5b203240032383a', '45837af24a33308a70a3454f0f650f9fe728e272', '36556bf8e0bce4ab6d26eafacbdad04d9614a5d7', 'bed78248c941d57ad4cc20a455147e186e97c7a1']",1.0,1.0,1.0,True,0.0,4096,True,4
"[""feat"", ""docs"", ""build""]","[""refactor"", ""feat"", ""docs"", ""build""]",1.0513818264007568,"['63eab619e6166eb6cab948028a7b89bf059dd878', 'e137f9fdbdb6bf3f85c3f7ac9323785e445844c8', 'a52a585d74894b3b4eeb8c784fa089ff95cddad0', 'f00a4d3e307b89842250358ee432e6800bb24362']",1.0,0.75,0.8571428571428571,False,0.1428571428571428,4096,True,4
"[""build"", ""ci"", ""test"", ""feat"", ""fix""]","[""build"", ""test"", ""ci"", ""refactor""]",1.2226719856262207,"['1269431c8a3e7549f10fcbbb4b88ff625c8898b3', '8ee0611fbf0cd89abe7ae588f22e6ecb843598ea', '45837af24a33308a70a3454f0f650f9fe728e272', '63eab619e6166eb6cab948028a7b89bf059dd878']",0.6,0.75,0.6666666666666665,False,0.4285714285714285,4096,True,4
"[""build"", ""docs"", ""refactor""]","[""build"", ""docs"", ""feat"", ""fix""]",1.0140619277954102,"['37b1cbfd3d2c462ef4f2a131e4172c38dc8d9ddf', '6d405dfc1675dcad64a2dfac0c0cb0fb28381d21', 'b282e90e2cbb74559aab79eee8443a4d7c85502a', '2561f4ade46fc9d59f289f328cc77733a6443697']",0.6666666666666666,0.5,0.5714285714285715,False,0.4285714285714285,4096,True,4
"[""build"", ""test"", ""ci"", ""feat"", ""refactor""]","[""build"", ""test"", ""ci"", ""feat""]",0.9942541122436525,"['c55591ba157298a9c5816693c102a89dfd058830', '317f4eefecddfb1392ca71d551840f446feee302', 'c5fa7b80438fbd74f4c341f0d3c9bd9e0f4910da', '6ed56ce9ae743ba9a87e6c9643cc06b1de7b748d']",0.8,1.0,0.888888888888889,False,0.1428571428571428,4096,True,4
"[""fix"", ""build"", ""docs"", ""refactor""]","[""fix"", ""build"", ""docs"", ""refactor""]",1.069795846939087,"['933ab6bb86372913c992567cf9660009900911a7', '5b81fde8a72cf2e69a10e9f5c4f0bea0a2b8c3e0', 'c2ee5cd5e709afd15c5565ee009a0d204403a119', '3cca5c314ad6feeffbfe1f14cf49ebd0fd9a95a2']",1.0,1.0,1.0,True,0.0,4096,True,4
"[""fix"", ""feat"", ""docs"", ""ci""]","[""fix"", ""feat"", ""docs"", ""ci""]",0.8710012435913086,"['933ab6bb86372913c992567cf9660009900911a7', 'dc5238b2bda98a7c4f2fe9584fc3b0191a408109', '036a0ff49a7dade0e04c9c07071a1ff49133ee24', 'e7a67d88173566be3cd3aed7e9eeb7e29aabbc57']",1.0,1.0,1.0,True,0.0,4096,True,4
"[""docs"", ""fix"", ""feat"", ""refactor""]","[""docs"", ""fix"", ""feat"", ""refactor""]",1.080064058303833,"['af880ac5b4fecbc6c4f3d1eee0d95f326e8bd9d1', 'c8e0ae8612df3d6f2831acc004aaac332f6105e4', 'f9a094918b62534614c47aa8a13f33aec751a1e0', '47ef9104e4a89e80d7cc6c1950bc080841da4a7b']",1.0,1.0,1.0,True,0.0,4096,True,4
"[""fix"", ""feat"", ""ci""]","[""fix"", ""build"", ""feat"", ""ci""]",0.9180099964141846,"['d129eaf9125a967ac86c6c7276bbae6b4d50af36', '1269431c8a3e7549f10fcbbb4b88ff625c8898b3', 'e137f9fdbdb6bf3f85c3f7ac9323785e445844c8', '173553c0372e66e03bdab19e0e6c2dd44daa14a0']",1.0,0.75,0.8571428571428571,False,0.1428571428571428,4096,True,4
"[""feat"", ""refactor"", ""test"", ""build""]","[""feat"", ""refactor"", ""test"", ""build""]",1.2007942199707031,"['dc5238b2bda98a7c4f2fe9584fc3b0191a408109', '771857b1df9470ebc15357e8879118a72c649d5b', 'b7ce2894fd1794064bd6db4ed730bb6cb7728739', 'c323d59c607cabc91f17a78528d998f376f30b10']",1.0,1.0,1.0,True,0.0,4096,True,4
"[""build"", ""test"", ""ci"", ""fix"", ""refactor""]","[""build"", ""test"", ""ci"", ""fix""]",1.052433967590332,"['5b81fde8a72cf2e69a10e9f5c4f0bea0a2b8c3e0', 'b7ce2894fd1794064bd6db4ed730bb6cb7728739', '74e9de5ec97dc013a52aa063dff0f40ac74c407b', 'd129eaf9125a967ac86c6c7276bbae6b4d50af36']",0.8,1.0,0.888888888888889,False,0.1428571428571428,4096,True,4
"[""docs"", ""feat"", ""build"", ""test"", ""ci""]","[""docs"", ""feat"", ""build"", ""ci""]",1.2273180484771729,"['af880ac5b4fecbc6c4f3d1eee0d95f326e8bd9d1', 'ded26d768ff432ad3bde3c0aa1e95ce50726100a', '454003841aabeb74396d73541378bfa59c75b5db', '4cbbd2552ba0de273e1dfe7d453c5b3efed751a3']",0.8,1.0,0.888888888888889,False,0.1428571428571428,4096,True,4
"[""docs"", ""feat"", ""ci"", ""build""]","[""docs"", ""refactor"", ""ci"", ""build""]",0.8976390361785889,"['036a0ff49a7dade0e04c9c07071a1ff49133ee24', '535708ae50aecb452560a23356fd396f99ef13a2', 'e7a67d88173566be3cd3aed7e9eeb7e29aabbc57', 'c55591ba157298a9c5816693c102a89dfd058830']",0.75,0.75,0.75,False,0.2857142857142857,4096,True,4
"[""feat"", ""ci"", ""refactor"", ""docs""]","[""refactor"", ""ci"", ""fix"", ""docs""]",0.9420132637023926,"['2954a0955ce9af6acb345ed1e8328e145ad30475', '6c9cb638cb4d1ecc42632fcf389c24898c5b3244', 'd1d55e787b7d07f763852602b9939a5394607fd9', '6d405dfc1675dcad64a2dfac0c0cb0fb28381d21']",0.75,0.75,0.75,False,0.2857142857142857,4096,True,4
"[""test"", ""ci"", ""docs"", ""feat""]","[""test"", ""ci"", ""docs"", ""feat""]",0.8948302268981934,"['229b53a632ea97d47c4be11f096bdd828fb415d8', '4cbbd2552ba0de273e1dfe7d453c5b3efed751a3', 'bf83c9155e9bee6925aa7102fab53fb803d52533', 'ded26d768ff432ad3bde3c0aa1e95ce50726100a']",1.0,1.0,1.0,True,0.0,4096,True,4
"[""refactor"", ""feat"", ""test"", ""fix""]","[""refactor"", ""fix"", ""test"", ""feat""]",1.621328830718994,"['47ef9104e4a89e80d7cc6c1950bc080841da4a7b', '9ef5c0d14193a9abb09b39856f58477d1f4b0d77', 'b7ce2894fd1794064bd6db4ed730bb6cb7728739', '1bcf88670b50155b50071e707f98f30cea0b7a24']",1.0,1.0,1.0,True,0.0,4096,True,4
"[""docs"", ""feat"", ""ci""]","[""docs"", ""feat"", ""ci"", ""refactor""]",0.859748125076294,"['e12d9e77a6fd531a22325337838a841b1c67f00d', 'fd8e563cc19ca4684885d4692acee6bebcca4ada', '173553c0372e66e03bdab19e0e6c2dd44daa14a0', '535708ae50aecb452560a23356fd396f99ef13a2']",1.0,0.75,0.8571428571428571,False,0.1428571428571428,4096,True,4
"[""refactor"", ""feat"", ""ci""]","[""refactor"", ""feat"", ""docs"", ""ci""]",1.1471641063690186,"['1db13ec43727aca872a0f3836e4023ed85db665e', 'b282e90e2cbb74559aab79eee8443a4d7c85502a', 'e12d9e77a6fd531a22325337838a841b1c67f00d', '74e9de5ec97dc013a52aa063dff0f40ac74c407b']",1.0,0.75,0.8571428571428571,False,0.1428571428571428,4096,True,4
"[""docs"", ""ci"", ""refactor"", ""test""]","[""docs"", ""ci"", ""refactor"", ""test""]",0.8873772621154785,"['aca23027da1295c78fdf42ba9687d8ccc88784d7', '74e9de5ec97dc013a52aa063dff0f40ac74c407b', '2954a0955ce9af6acb345ed1e8328e145ad30475', 'f411e58cd510f8a2b980b2f1932003a0c0e9f8f3']",1.0,1.0,1.0,True,0.0,4096,True,4
"[""test"", ""docs"", ""ci"", ""fix""]","[""test"", ""docs"", ""ci"", ""fix""]",1.1257569789886477,"['b7ce2894fd1794064bd6db4ed730bb6cb7728739', 'af880ac5b4fecbc6c4f3d1eee0d95f326e8bd9d1', '6c9cb638cb4d1ecc42632fcf389c24898c5b3244', 'd129eaf9125a967ac86c6c7276bbae6b4d50af36']",1.0,1.0,1.0,True,0.0,4096,True,4
"[""ci"", ""refactor"", ""test"", ""build"", ""docs"", ""feat""]","[""ci"", ""refactor"", ""test"", ""docs""]",1.1149160861968994,"['e7a67d88173566be3cd3aed7e9eeb7e29aabbc57', '36556bf8e0bce4ab6d26eafacbdad04d9614a5d7', '8ee0611fbf0cd89abe7ae588f22e6ecb843598ea', 'c2ee5cd5e709afd15c5565ee009a0d204403a119']",0.6666666666666666,1.0,0.8,False,0.2857142857142857,4096,True,4
"[""docs"", ""feat"", ""test"", ""build""]","[""docs"", ""feat"", ""test"", ""build""]",1.3848960399627686,"['0cfc5633d37ea06f645649138323f1820e18bdee', 'fd8e563cc19ca4684885d4692acee6bebcca4ada', 'e9617f0854030e70365eb264bcb3b58078e79e9e', '1269431c8a3e7549f10fcbbb4b88ff625c8898b3']",1.0,1.0,1.0,True,0.0,4096,True,4
"[""refactor"", ""fix"", ""test""]","[""refactor"", ""feat"", ""test"", ""fix""]",1.5956599712371826,"['47ef9104e4a89e80d7cc6c1950bc080841da4a7b', 'b282e90e2cbb74559aab79eee8443a4d7c85502a', 'e0198f74b81da3663144cfe1d971939319f82a0f', 'bed78248c941d57ad4cc20a455147e186e97c7a1']",1.0,0.75,0.8571428571428571,False,0.1428571428571428,4096,True,4
"[""build"", ""ci"", ""fix"", ""feat""]","[""build"", ""ci"", ""fix"", ""refactor""]",1.1065831184387207,"['454003841aabeb74396d73541378bfa59c75b5db', '173553c0372e66e03bdab19e0e6c2dd44daa14a0', 'd129eaf9125a967ac86c6c7276bbae6b4d50af36', '63eab619e6166eb6cab948028a7b89bf059dd878']",0.75,0.75,0.75,False,0.2857142857142857,4096,True,4
"[""test"", ""docs"", ""build"", ""refactor"", ""feat""]","[""test"", ""refactor"", ""docs"", ""feat""]",1.1294009685516355,"['e9617f0854030e70365eb264bcb3b58078e79e9e', '2954a0955ce9af6acb345ed1e8328e145ad30475', 'c2ee5cd5e709afd15c5565ee009a0d204403a119', '6ed56ce9ae743ba9a87e6c9643cc06b1de7b748d']",0.8,1.0,0.888888888888889,False,0.1428571428571428,4096,True,4
"[""build"", ""docs"", ""refactor"", ""ci""]","[""build"", ""refactor"", ""fix"", ""ci""]",0.9939069747924804,"['454003841aabeb74396d73541378bfa59c75b5db', 'a62314d9bb632be6af026686615d14b912250512', '06e2be4e2019b6fa714e1fcb34485860ef1ede79', '4cbbd2552ba0de273e1dfe7d453c5b3efed751a3']",0.75,0.75,0.75,False,0.2857142857142857,4096,True,4
"[""fix"", ""test"", ""feat"", ""ci""]","[""feat"", ""test"", ""refactor"", ""ci""]",0.8942699432373047,"['b282e90e2cbb74559aab79eee8443a4d7c85502a', 'e2e8ad25854bd1e7cdbc7f50b50bbd99e04ad47d', '63eab619e6166eb6cab948028a7b89bf059dd878', '6c9cb638cb4d1ecc42632fcf389c24898c5b3244']",0.75,0.75,0.75,False,0.2857142857142857,4096,True,4
"[""docs"", ""test"", ""fix"", ""refactor""]","[""docs"", ""fix"", ""test"", ""refactor""]",0.9097111225128174,"['0cfc5633d37ea06f645649138323f1820e18bdee', 'd1d55e787b7d07f763852602b9939a5394607fd9', 'e2e8ad25854bd1e7cdbc7f50b50bbd99e04ad47d', '062daa45cbd5dba6e96e95d8cdcaee89ae30a83c']",1.0,1.0,1.0,True,0.0,4096,True,4
"[""refactor"", ""fix"", ""docs"", ""ci""]","[""refactor"", ""fix"", ""docs"", ""ci""]",0.948256015777588,"['47ef9104e4a89e80d7cc6c1950bc080841da4a7b', 'd129eaf9125a967ac86c6c7276bbae6b4d50af36', '0cfc5633d37ea06f645649138323f1820e18bdee', '45837af24a33308a70a3454f0f650f9fe728e272']",1.0,1.0,1.0,True,0.0,4096,True,4
"[""refactor"", ""fix"", ""build"", ""ci"", ""test"", ""feat""]","[""fix"", ""build"", ""ci"", ""test""]",1.6759529113769531,"['bed78248c941d57ad4cc20a455147e186e97c7a1', '1269431c8a3e7549f10fcbbb4b88ff625c8898b3', '45837af24a33308a70a3454f0f650f9fe728e272', '8ee0611fbf0cd89abe7ae588f22e6ecb843598ea']",0.6666666666666666,1.0,0.8,False,0.2857142857142857,4096,True,4
"[""build"", ""ci"", ""docs"", ""refactor"", ""fix""]","[""build"", ""fix"", ""ci"", ""docs""]",1.6929280757904053,"['454003841aabeb74396d73541378bfa59c75b5db', 'bed78248c941d57ad4cc20a455147e186e97c7a1', '45837af24a33308a70a3454f0f650f9fe728e272', 'c2ee5cd5e709afd15c5565ee009a0d204403a119']",0.8,1.0,0.888888888888889,False,0.1428571428571428,4096,True,4
"[""ci"", ""refactor"", ""docs""]","[""ci"", ""refactor"", ""fix"", ""docs""]",0.8612160682678223,"['dbb537a26e388a8d7d17faf131abc30c2f7a84e6', '3cca5c314ad6feeffbfe1f14cf49ebd0fd9a95a2', 'd1d55e787b7d07f763852602b9939a5394607fd9', '6d405dfc1675dcad64a2dfac0c0cb0fb28381d21']",1.0,0.75,0.8571428571428571,False,0.1428571428571428,4096,True,4
"[""fix"", ""build"", ""ci"", ""docs"", ""refactor""]","[""fix"", ""ci"", ""docs"", ""refactor""]",1.3321502208709717,"['2561f4ade46fc9d59f289f328cc77733a6443697', '6c9cb638cb4d1ecc42632fcf389c24898c5b3244', 'bf83c9155e9bee6925aa7102fab53fb803d52533', '771857b1df9470ebc15357e8879118a72c649d5b']",0.8,1.0,0.888888888888889,False,0.1428571428571428,4096,True,4
"[""fix"", ""feat"", ""build"", ""docs""]","[""fix"", ""feat"", ""build"", ""docs""]",0.9191339015960692,"['06e2be4e2019b6fa714e1fcb34485860ef1ede79', 'fd8e563cc19ca4684885d4692acee6bebcca4ada', '32b92cfa0b74a6c25990e32ac6aab12b8496794c', '6d405dfc1675dcad64a2dfac0c0cb0fb28381d21']",1.0,1.0,1.0,True,0.0,4096,True,4
"[""build"", ""ci"", ""test"", ""fix"", ""feat""]","[""build"", ""ci"", ""test"", ""feat""]",1.5345089435577393,"['c55591ba157298a9c5816693c102a89dfd058830', '45837af24a33308a70a3454f0f650f9fe728e272', 'b7ce2894fd1794064bd6db4ed730bb6cb7728739', 'dc5238b2bda98a7c4f2fe9584fc3b0191a408109']",0.8,1.0,0.888888888888889,False,0.1428571428571428,4096,True,4
"[""ci"", ""feat"", ""test""]","[""ci"", ""docs"", ""feat"", ""test""]",0.943979024887085,"['173553c0372e66e03bdab19e0e6c2dd44daa14a0', 'e12d9e77a6fd531a22325337838a841b1c67f00d', 'f823cf28652987d43c8324b4f5b203240032383a', '229b53a632ea97d47c4be11f096bdd828fb415d8']",1.0,0.75,0.8571428571428571,False,0.1428571428571428,4096,True,4
"[""refactor"", ""docs"", ""ci"", ""test""]","[""refactor"", ""docs"", ""ci"", ""test""]",0.9991679191589355,"['36556bf8e0bce4ab6d26eafacbdad04d9614a5d7', 'aca23027da1295c78fdf42ba9687d8ccc88784d7', 'dbb537a26e388a8d7d17faf131abc30c2f7a84e6', '229b53a632ea97d47c4be11f096bdd828fb415d8']",1.0,1.0,1.0,True,0.0,4096,True,4
"[""docs"", ""refactor"", ""test"", ""fix""]","[""docs"", ""refactor"", ""test"", ""fix""]",1.631355047225952,"['0cfc5633d37ea06f645649138323f1820e18bdee', '1db13ec43727aca872a0f3836e4023ed85db665e', '229b53a632ea97d47c4be11f096bdd828fb415d8', '9be725fa3906323d4bc9788f54eccf74109d632b']",1.0,1.0,1.0,True,0.0,4096,True,4
"[""ci"", ""docs"", ""refactor"", ""test""]","[""ci"", ""docs"", ""refactor"", ""test""]",1.021864891052246,"['c5fa7b80438fbd74f4c341f0d3c9bd9e0f4910da', 'bf83c9155e9bee6925aa7102fab53fb803d52533', '062daa45cbd5dba6e96e95d8cdcaee89ae30a83c', 'bedc7950b24c37809e36a585b7985d5aa5e3e458']",1.0,1.0,1.0,True,0.0,4096,True,4
"[""fix"", ""docs"", ""ci"", ""feat""]","[""fix"", ""docs"", ""ci"", ""feat""]",0.9192090034484864,"['9be725fa3906323d4bc9788f54eccf74109d632b', '036a0ff49a7dade0e04c9c07071a1ff49133ee24', '45837af24a33308a70a3454f0f650f9fe728e272', 'f823cf28652987d43c8324b4f5b203240032383a']",1.0,1.0,1.0,True,0.0,4096,True,4
"[""docs"", ""test"", ""build"", ""feat""]","[""docs"", ""test"", ""build"", ""feat""]",0.7149679660797119,"['bf83c9155e9bee6925aa7102fab53fb803d52533', 'e0198f74b81da3663144cfe1d971939319f82a0f', 'f00a4d3e307b89842250358ee432e6800bb24362', 'ded26d768ff432ad3bde3c0aa1e95ce50726100a']",1.0,1.0,1.0,True,0.0,4096,True,4
"[""docs"", ""test"", ""refactor"", ""fix""]","[""docs"", ""refactor"", ""test"", ""fix""]",0.7833290100097656,"['aca23027da1295c78fdf42ba9687d8ccc88784d7', '1db13ec43727aca872a0f3836e4023ed85db665e', 'f411e58cd510f8a2b980b2f1932003a0c0e9f8f3', '2561f4ade46fc9d59f289f328cc77733a6443697']",1.0,1.0,1.0,True,0.0,4096,True,4
"[""test"", ""feat"", ""docs"", ""ci""]","[""test"", ""feat"", ""docs"", ""ci""]",1.0193150043487549,"['e0198f74b81da3663144cfe1d971939319f82a0f', 'f823cf28652987d43c8324b4f5b203240032383a', 'aca23027da1295c78fdf42ba9687d8ccc88784d7', 'e96487ad7ce90b141219d9032fa2bed68d5dae6a']",1.0,1.0,1.0,True,0.0,4096,True,4
"[""feat"", ""build"", ""refactor"", ""docs""]","[""refactor"", ""build"", ""feat"", ""docs""]",1.0686140060424805,"['63eab619e6166eb6cab948028a7b89bf059dd878', '32b92cfa0b74a6c25990e32ac6aab12b8496794c', 'fd8e563cc19ca4684885d4692acee6bebcca4ada', 'a52a585d74894b3b4eeb8c784fa089ff95cddad0']",1.0,1.0,1.0,True,0.0,4096,True,4
"[""build"", ""test"", ""fix"", ""feat""]","[""build"", ""fix"", ""test"", ""feat""]",0.9466912746429444,"['37b1cbfd3d2c462ef4f2a131e4172c38dc8d9ddf', 'c8e0ae8612df3d6f2831acc004aaac332f6105e4', 'c7b25726df94a2530c9b1c0d2b6a0acaa103822f', '1bcf88670b50155b50071e707f98f30cea0b7a24']",1.0,1.0,1.0,True,0.0,4096,True,4
"[""refactor"", ""build"", ""ci"", ""docs""]","[""refactor"", ""ci"", ""docs"", ""build""]",1.0789670944213867,"['771857b1df9470ebc15357e8879118a72c649d5b', '6c9cb638cb4d1ecc42632fcf389c24898c5b3244', '6d405dfc1675dcad64a2dfac0c0cb0fb28381d21', '454003841aabeb74396d73541378bfa59c75b5db']",1.0,1.0,1.0,True,0.0,4096,True,4
"[""fix"", ""docs"", ""feat"", ""ci"", ""test""]","[""fix"", ""docs"", ""refactor"", ""ci"", ""test""]",1.1214189529418943,"['9be725fa3906323d4bc9788f54eccf74109d632b', 'bf83c9155e9bee6925aa7102fab53fb803d52533', '535708ae50aecb452560a23356fd396f99ef13a2', '4cbbd2552ba0de273e1dfe7d453c5b3efed751a3', 'bedc7950b24c37809e36a585b7985d5aa5e3e458']",0.8,0.8,0.8000000000000002,False,0.2857142857142857,4096,True,5
"[""test"", ""docs"", ""fix"", ""refactor"", ""feat""]","[""test"", ""docs"", ""refactor"", ""build"", ""feat""]",1.0266151428222656,"['229b53a632ea97d47c4be11f096bdd828fb415d8', 'bf83c9155e9bee6925aa7102fab53fb803d52533', '062daa45cbd5dba6e96e95d8cdcaee89ae30a83c', 'e4a11fd5c34942ba12737f1c8c084489428ee274', 'fd8e563cc19ca4684885d4692acee6bebcca4ada']",0.8,0.8,0.8000000000000002,False,0.2857142857142857,4096,True,5
"[""test"", ""ci"", ""refactor"", ""build""]","[""test"", ""ci"", ""fix"", ""build"", ""refactor""]",1.1215870380401611,"['317f4eefecddfb1392ca71d551840f446feee302', 'e7a67d88173566be3cd3aed7e9eeb7e29aabbc57', 'd1d55e787b7d07f763852602b9939a5394607fd9', 'f00a4d3e307b89842250358ee432e6800bb24362', '771857b1df9470ebc15357e8879118a72c649d5b']",1.0,0.8,0.888888888888889,False,0.1428571428571428,4096,True,5
"[""ci"", ""refactor"", ""build"", ""fix""]","[""ci"", ""refactor"", ""build"", ""test"", ""fix""]",1.9485321044921875,"['e7a67d88173566be3cd3aed7e9eeb7e29aabbc57', '47ef9104e4a89e80d7cc6c1950bc080841da4a7b', '5b81fde8a72cf2e69a10e9f5c4f0bea0a2b8c3e0', 'bedc7950b24c37809e36a585b7985d5aa5e3e458', '9ef5c0d14193a9abb09b39856f58477d1f4b0d77']",1.0,0.8,0.888888888888889,False,0.1428571428571428,4096,True,5
"[""refactor"", ""feat"", ""docs""]","[""build"", ""fix"", ""feat"", ""refactor"", ""docs""]",0.9933850765228271,"['e4a11fd5c34942ba12737f1c8c084489428ee274', '9ef5c0d14193a9abb09b39856f58477d1f4b0d77', 'dc5238b2bda98a7c4f2fe9584fc3b0191a408109', '771857b1df9470ebc15357e8879118a72c649d5b', 'c2ee5cd5e709afd15c5565ee009a0d204403a119']",1.0,0.6,0.7499999999999999,False,0.2857142857142857,4096,True,5
"[""docs"", ""test"", ""build"", ""fix"", ""feat""]","[""docs"", ""test"", ""build"", ""fix"", ""feat""]",0.8485801219940186,"['bf83c9155e9bee6925aa7102fab53fb803d52533', '229b53a632ea97d47c4be11f096bdd828fb415d8', 'c55591ba157298a9c5816693c102a89dfd058830', '06e2be4e2019b6fa714e1fcb34485860ef1ede79', 'f823cf28652987d43c8324b4f5b203240032383a']",1.0,1.0,1.0,True,0.0,4096,True,5
"[""ci"", ""build"", ""fix"", ""test"", ""feat""]","[""ci"", ""build"", ""fix"", ""test"", ""feat""]",1.3284471035003662,"['e7a67d88173566be3cd3aed7e9eeb7e29aabbc57', 'c55591ba157298a9c5816693c102a89dfd058830', 'd129eaf9125a967ac86c6c7276bbae6b4d50af36', '229b53a632ea97d47c4be11f096bdd828fb415d8', '1bcf88670b50155b50071e707f98f30cea0b7a24']",1.0,1.0,1.0,True,0.0,4096,True,5
"[""fix"", ""test"", ""build"", ""ci"", ""refactor""]","[""fix"", ""test"", ""build"", ""ci"", ""refactor""]",0.8888089656829834,"['2561f4ade46fc9d59f289f328cc77733a6443697', 'b7ce2894fd1794064bd6db4ed730bb6cb7728739', '1269431c8a3e7549f10fcbbb4b88ff625c8898b3', 'e96487ad7ce90b141219d9032fa2bed68d5dae6a', '36556bf8e0bce4ab6d26eafacbdad04d9614a5d7']",1.0,1.0,1.0,True,0.0,4096,True,5
"[""docs"", ""ci"", ""feat"", ""fix""]","[""docs"", ""ci"", ""refactor"", ""test"", ""fix""]",0.8444969654083252,"['bf83c9155e9bee6925aa7102fab53fb803d52533', 'e7a67d88173566be3cd3aed7e9eeb7e29aabbc57', '535708ae50aecb452560a23356fd396f99ef13a2', 'c7b25726df94a2530c9b1c0d2b6a0acaa103822f', '06e2be4e2019b6fa714e1fcb34485860ef1ede79']",0.75,0.6,0.6666666666666665,False,0.4285714285714285,4096,True,5
"[""refactor"", ""docs"", ""build"", ""feat""]","[""refactor"", ""docs"", ""build"", ""feat"", ""fix""]",0.9439010620117188,"['36556bf8e0bce4ab6d26eafacbdad04d9614a5d7', 'c2ee5cd5e709afd15c5565ee009a0d204403a119', 'c55591ba157298a9c5816693c102a89dfd058830', '68278b00450f2679761a2999500f6d87a579376b', '9ef5c0d14193a9abb09b39856f58477d1f4b0d77']",1.0,0.8,0.888888888888889,False,0.1428571428571428,4096,True,5
"[""feat"", ""fix"", ""refactor"", ""ci"", ""test""]","[""feat"", ""build"", ""fix"", ""ci"", ""test""]",1.0941340923309326,"['ded26d768ff432ad3bde3c0aa1e95ce50726100a', 'c323d59c607cabc91f17a78528d998f376f30b10', '2561f4ade46fc9d59f289f328cc77733a6443697', '45837af24a33308a70a3454f0f650f9fe728e272', 'e0198f74b81da3663144cfe1d971939319f82a0f']",0.8,0.8,0.8000000000000002,False,0.2857142857142857,4096,True,5
"[""ci"", ""fix"", ""build"", ""refactor"", ""feat""]","[""ci"", ""refactor"", ""test"", ""feat"", ""fix""]",0.9824740886688232,"['e96487ad7ce90b141219d9032fa2bed68d5dae6a', 'a62314d9bb632be6af026686615d14b912250512', 'c7b25726df94a2530c9b1c0d2b6a0acaa103822f', '6ed56ce9ae743ba9a87e6c9643cc06b1de7b748d', '9ef5c0d14193a9abb09b39856f58477d1f4b0d77']",0.8,0.8,0.8000000000000002,False,0.2857142857142857,4096,True,5
"[""build"", ""feat"", ""ci"", ""docs"", ""fix""]","[""build"", ""refactor"", ""ci"", ""docs"", ""fix""]",1.060837984085083,"['c55591ba157298a9c5816693c102a89dfd058830', '63eab619e6166eb6cab948028a7b89bf059dd878', 'c5fa7b80438fbd74f4c341f0d3c9bd9e0f4910da', '036a0ff49a7dade0e04c9c07071a1ff49133ee24', '9be725fa3906323d4bc9788f54eccf74109d632b']",0.8,0.8,0.8000000000000002,False,0.2857142857142857,4096,True,5
"[""docs"", ""ci"", ""feat"", ""fix""]","[""docs"", ""ci"", ""refactor"", ""build"", ""feat""]",0.9959099292755128,"['bf83c9155e9bee6925aa7102fab53fb803d52533', '173553c0372e66e03bdab19e0e6c2dd44daa14a0', '535708ae50aecb452560a23356fd396f99ef13a2', '1269431c8a3e7549f10fcbbb4b88ff625c8898b3', 'f823cf28652987d43c8324b4f5b203240032383a']",0.75,0.6,0.6666666666666665,False,0.4285714285714285,4096,True,5
"[""test"", ""feat"", ""fix"", ""docs"", ""refactor""]","[""test"", ""feat"", ""refactor"", ""fix"", ""docs""]",1.460336208343506,"['bedc7950b24c37809e36a585b7985d5aa5e3e458', 'fd8e563cc19ca4684885d4692acee6bebcca4ada', '062daa45cbd5dba6e96e95d8cdcaee89ae30a83c', 'c8e0ae8612df3d6f2831acc004aaac332f6105e4', '036a0ff49a7dade0e04c9c07071a1ff49133ee24']",1.0,1.0,1.0,True,0.0,4096,True,5
"[""docs"", ""ci"", ""refactor"", ""fix"", ""test""]","[""docs"", ""build"", ""ci"", ""fix"", ""test""]",0.841681957244873,"['c2ee5cd5e709afd15c5565ee009a0d204403a119', '1269431c8a3e7549f10fcbbb4b88ff625c8898b3', 'e7a67d88173566be3cd3aed7e9eeb7e29aabbc57', 'bed78248c941d57ad4cc20a455147e186e97c7a1', 'e9617f0854030e70365eb264bcb3b58078e79e9e']",0.8,0.8,0.8000000000000002,False,0.2857142857142857,4096,True,5
"[""refactor"", ""ci"", ""docs"", ""test"", ""build""]","[""refactor"", ""ci"", ""docs"", ""test"", ""build""]",0.9165410995483398,"['3cca5c314ad6feeffbfe1f14cf49ebd0fd9a95a2', 'dbb537a26e388a8d7d17faf131abc30c2f7a84e6', 'e12d9e77a6fd531a22325337838a841b1c67f00d', 'c7b25726df94a2530c9b1c0d2b6a0acaa103822f', '37b1cbfd3d2c462ef4f2a131e4172c38dc8d9ddf']",1.0,1.0,1.0,True,0.0,4096,True,5
"[""test"", ""ci"", ""fix"", ""refactor""]","[""test"", ""feat"", ""ci"", ""refactor"", ""fix""]",0.9945681095123292,"['229b53a632ea97d47c4be11f096bdd828fb415d8', 'b282e90e2cbb74559aab79eee8443a4d7c85502a', 'dbb537a26e388a8d7d17faf131abc30c2f7a84e6', '3cca5c314ad6feeffbfe1f14cf49ebd0fd9a95a2', '933ab6bb86372913c992567cf9660009900911a7']",1.0,0.8,0.888888888888889,False,0.1428571428571428,4096,True,5
"[""build"", ""fix"", ""ci"", ""refactor"", ""docs""]","[""build"", ""fix"", ""ci"", ""refactor"", ""docs""]",0.91974139213562,"['37b1cbfd3d2c462ef4f2a131e4172c38dc8d9ddf', '06e2be4e2019b6fa714e1fcb34485860ef1ede79', 'c5fa7b80438fbd74f4c341f0d3c9bd9e0f4910da', '1db13ec43727aca872a0f3836e4023ed85db665e', 'a52a585d74894b3b4eeb8c784fa089ff95cddad0']",1.0,1.0,1.0,True,0.0,4096,True,5
"[""fix"", ""docs"", ""ci"", ""test"", ""feat""]","[""build"", ""docs"", ""ci"", ""test"", ""feat""]",0.8306670188903809,"['c44cf88a6ec54e5ddd99d8348bcc57b301ec7945', '6d405dfc1675dcad64a2dfac0c0cb0fb28381d21', 'e7a67d88173566be3cd3aed7e9eeb7e29aabbc57', 'f411e58cd510f8a2b980b2f1932003a0c0e9f8f3', 'f823cf28652987d43c8324b4f5b203240032383a']",0.8,0.8,0.8000000000000002,False,0.2857142857142857,4096,True,5
"[""feat"", ""fix"", ""refactor"", ""test""]","[""feat"", ""fix"", ""refactor"", ""build"", ""test""]",1.4214398860931396,"['f823cf28652987d43c8324b4f5b203240032383a', 'c8e0ae8612df3d6f2831acc004aaac332f6105e4', '47ef9104e4a89e80d7cc6c1950bc080841da4a7b', 'e4a11fd5c34942ba12737f1c8c084489428ee274', 'c7b25726df94a2530c9b1c0d2b6a0acaa103822f']",1.0,0.8,0.888888888888889,False,0.1428571428571428,4096,True,5
"[""refactor"", ""build"", ""ci"", ""docs"", ""test""]","[""refactor"", ""build"", ""ci"", ""docs"", ""test""]",0.919624090194702,"['1db13ec43727aca872a0f3836e4023ed85db665e', '32b92cfa0b74a6c25990e32ac6aab12b8496794c', 'e96487ad7ce90b141219d9032fa2bed68d5dae6a', '6d405dfc1675dcad64a2dfac0c0cb0fb28381d21', 'e2e8ad25854bd1e7cdbc7f50b50bbd99e04ad47d']",1.0,1.0,1.0,True,0.0,4096,True,5
"[""build"", ""test"", ""ci"", ""fix"", ""refactor""]","[""build"", ""test"", ""refactor"", ""ci"", ""fix""]",1.5645840167999268,"['37b1cbfd3d2c462ef4f2a131e4172c38dc8d9ddf', 'f411e58cd510f8a2b980b2f1932003a0c0e9f8f3', '1db13ec43727aca872a0f3836e4023ed85db665e', 'c5fa7b80438fbd74f4c341f0d3c9bd9e0f4910da', 'd129eaf9125a967ac86c6c7276bbae6b4d50af36']",1.0,1.0,1.0,True,0.0,4096,True,5
"[""build"", ""ci"", ""docs"", ""test"", ""refactor"", ""fix""]","[""build"", ""docs"", ""ci"", ""test"", ""fix""]",0.7892000675201416,"['c55591ba157298a9c5816693c102a89dfd058830', 'a52a585d74894b3b4eeb8c784fa089ff95cddad0', '6c9cb638cb4d1ecc42632fcf389c24898c5b3244', 'c7b25726df94a2530c9b1c0d2b6a0acaa103822f', 'bed78248c941d57ad4cc20a455147e186e97c7a1']",0.8333333333333334,1.0,0.9090909090909092,False,0.1428571428571428,4096,True,5
"[""feat"", ""ci"", ""build"", ""refactor""]","[""fix"", ""ci"", ""feat"", ""build"", ""refactor""]",1.7382540702819824,"['9ef5c0d14193a9abb09b39856f58477d1f4b0d77', 'dbb537a26e388a8d7d17faf131abc30c2f7a84e6', '6ed56ce9ae743ba9a87e6c9643cc06b1de7b748d', 'e4a11fd5c34942ba12737f1c8c084489428ee274', '1db13ec43727aca872a0f3836e4023ed85db665e']",1.0,0.8,0.888888888888889,False,0.1428571428571428,4096,True,5
"[""refactor"", ""fix"", ""feat"", ""test""]","[""fix"", ""build"", ""refactor"", ""feat"", ""test""]",1.0158121585845947,"['bed78248c941d57ad4cc20a455147e186e97c7a1', 'e4a11fd5c34942ba12737f1c8c084489428ee274', '062daa45cbd5dba6e96e95d8cdcaee89ae30a83c', 'f823cf28652987d43c8324b4f5b203240032383a', 'c7b25726df94a2530c9b1c0d2b6a0acaa103822f']",1.0,0.8,0.888888888888889,False,0.1428571428571428,4096,True,5
"[""feat"", ""test"", ""docs"", ""build"", ""fix""]","[""fix"", ""test"", ""feat"", ""docs"", ""build""]",1.0278778076171875,"['87d5d4e55ab7149b593d29410f1fe426ba2447d4', 'bedc7950b24c37809e36a585b7985d5aa5e3e458', 'ded26d768ff432ad3bde3c0aa1e95ce50726100a', 'a52a585d74894b3b4eeb8c784fa089ff95cddad0', 'c323d59c607cabc91f17a78528d998f376f30b10']",1.0,1.0,1.0,True,0.0,4096,True,5
"[""build"", ""docs"", ""feat"", ""fix"", ""refactor"", ""test""]","[""test"", ""docs"", ""feat"", ""build"", ""fix""]",1.1263728141784668,"['8ee0611fbf0cd89abe7ae588f22e6ecb843598ea', 'c2ee5cd5e709afd15c5565ee009a0d204403a119', 'fd8e563cc19ca4684885d4692acee6bebcca4ada', '1269431c8a3e7549f10fcbbb4b88ff625c8898b3', '06e2be4e2019b6fa714e1fcb34485860ef1ede79']",0.8333333333333334,1.0,0.9090909090909092,False,0.1428571428571428,4096,True,5
"[""docs"", ""feat"", ""build"", ""test""]","[""docs"", ""feat"", ""build"", ""refactor"", ""test""]",0.9844470024108888,"['a52a585d74894b3b4eeb8c784fa089ff95cddad0', 'f9a094918b62534614c47aa8a13f33aec751a1e0', '1269431c8a3e7549f10fcbbb4b88ff625c8898b3', '535708ae50aecb452560a23356fd396f99ef13a2', 'e0198f74b81da3663144cfe1d971939319f82a0f']",1.0,0.8,0.888888888888889,False,0.1428571428571428,4096,True,5
"[""fix"", ""feat"", ""test"", ""refactor"", ""build""]","[""fix"", ""feat"", ""test"", ""refactor"", ""build""]",0.8406200408935547,"['d129eaf9125a967ac86c6c7276bbae6b4d50af36', '68278b00450f2679761a2999500f6d87a579376b', 'e2e8ad25854bd1e7cdbc7f50b50bbd99e04ad47d', '771857b1df9470ebc15357e8879118a72c649d5b', 'f00a4d3e307b89842250358ee432e6800bb24362']",1.0,1.0,1.0,True,0.0,4096,True,5
"[""fix"", ""build"", ""refactor"", ""docs""]","[""fix"", ""build"", ""refactor"", ""test"", ""docs""]",0.8861250877380371,"['933ab6bb86372913c992567cf9660009900911a7', '37b1cbfd3d2c462ef4f2a131e4172c38dc8d9ddf', '1db13ec43727aca872a0f3836e4023ed85db665e', 'c7b25726df94a2530c9b1c0d2b6a0acaa103822f', 'e12d9e77a6fd531a22325337838a841b1c67f00d']",1.0,0.8,0.888888888888889,False,0.1428571428571428,4096,True,5
"[""fix"", ""ci"", ""docs"", ""build"", ""feat""]","[""fix"", ""ci"", ""docs"", ""build"", ""feat""]",1.261868953704834,"['06e2be4e2019b6fa714e1fcb34485860ef1ede79', '4cbbd2552ba0de273e1dfe7d453c5b3efed751a3', 'cb1f48b56ae0de93acb72e48726c7d610a1d538e', 'c323d59c607cabc91f17a78528d998f376f30b10', 'f9a094918b62534614c47aa8a13f33aec751a1e0']",1.0,1.0,1.0,True,0.0,4096,True,5
"[""feat"", ""build"", ""refactor"", ""fix"", ""docs""]","[""feat"", ""build"", ""refactor"", ""docs"", ""fix""]",0.9177508354187012,"['fd8e563cc19ca4684885d4692acee6bebcca4ada', 'f00a4d3e307b89842250358ee432e6800bb24362', '535708ae50aecb452560a23356fd396f99ef13a2', 'e12d9e77a6fd531a22325337838a841b1c67f00d', '9be725fa3906323d4bc9788f54eccf74109d632b']",1.0,1.0,1.0,True,0.0,4096,True,5
"[""test"", ""docs"", ""fix"", ""ci"", ""feat""]","[""test"", ""docs"", ""refactor"", ""ci"", ""feat""]",1.3272559642791748,"['229b53a632ea97d47c4be11f096bdd828fb415d8', 'bf83c9155e9bee6925aa7102fab53fb803d52533', '062daa45cbd5dba6e96e95d8cdcaee89ae30a83c', '32845e1bbd1efb5dbc16f671049509a409ba25ce', 'dc5238b2bda98a7c4f2fe9584fc3b0191a408109']",0.8,0.8,0.8000000000000002,False,0.2857142857142857,4096,True,5
"[""build"", ""docs"", ""refactor"", ""fix"", ""test""]","[""build"", ""docs"", ""fix"", ""test"", ""refactor""]",1.0764799118041992,"['454003841aabeb74396d73541378bfa59c75b5db', 'e12d9e77a6fd531a22325337838a841b1c67f00d', 'bed78248c941d57ad4cc20a455147e186e97c7a1', 'f411e58cd510f8a2b980b2f1932003a0c0e9f8f3', '062daa45cbd5dba6e96e95d8cdcaee89ae30a83c']",1.0,1.0,1.0,True,0.0,4096,True,5
"[""build"", ""ci"", ""docs"", ""test"", ""refactor""]","[""build"", ""ci"", ""docs"", ""test"", ""refactor""]",0.8558268547058105,"['5b81fde8a72cf2e69a10e9f5c4f0bea0a2b8c3e0', '74e9de5ec97dc013a52aa063dff0f40ac74c407b', 'a52a585d74894b3b4eeb8c784fa089ff95cddad0', 'e0198f74b81da3663144cfe1d971939319f82a0f', '062daa45cbd5dba6e96e95d8cdcaee89ae30a83c']",1.0,1.0,1.0,True,0.0,4096,True,5
"[""build"", ""ci"", ""docs"", ""fix"", ""refactor""]","[""build"", ""ci"", ""docs"", ""refactor"", ""fix""]",0.8395628929138184,"['32b92cfa0b74a6c25990e32ac6aab12b8496794c', '6c9cb638cb4d1ecc42632fcf389c24898c5b3244', 'aca23027da1295c78fdf42ba9687d8ccc88784d7', '47ef9104e4a89e80d7cc6c1950bc080841da4a7b', '2561f4ade46fc9d59f289f328cc77733a6443697']",1.0,1.0,1.0,True,0.0,4096,True,5
"[""test"", ""docs"", ""feat"", ""fix"", ""refactor""]","[""test"", ""docs"", ""fix"", ""feat"", ""build""]",1.1306281089782717,"['e0198f74b81da3663144cfe1d971939319f82a0f', 'c2ee5cd5e709afd15c5565ee009a0d204403a119', '9ef5c0d14193a9abb09b39856f58477d1f4b0d77', 'f823cf28652987d43c8324b4f5b203240032383a', 'c44cf88a6ec54e5ddd99d8348bcc57b301ec7945']",0.8,0.8,0.8000000000000002,False,0.2857142857142857,4096,True,5
"[""refactor"", ""ci"", ""test"", ""build"", ""feat""]","[""refactor"", ""ci"", ""test"", ""build"", ""feat""]",1.023096799850464,"['3cca5c314ad6feeffbfe1f14cf49ebd0fd9a95a2', '32845e1bbd1efb5dbc16f671049509a409ba25ce', 'e9617f0854030e70365eb264bcb3b58078e79e9e', '454003841aabeb74396d73541378bfa59c75b5db', 'fd8e563cc19ca4684885d4692acee6bebcca4ada']",1.0,1.0,1.0,True,0.0,4096,True,5
"[""refactor"", ""feat"", ""fix"", ""build"", ""test""]","[""refactor"", ""feat"", ""build"", ""fix"", ""test""]",1.108253002166748,"['062daa45cbd5dba6e96e95d8cdcaee89ae30a83c', 'f823cf28652987d43c8324b4f5b203240032383a', 'c44cf88a6ec54e5ddd99d8348bcc57b301ec7945', '933ab6bb86372913c992567cf9660009900911a7', '8ee0611fbf0cd89abe7ae588f22e6ecb843598ea']",1.0,1.0,1.0,True,0.0,4096,True,5
"[""refactor"", ""test"", ""docs"", ""feat"", ""ci""]","[""refactor"", ""test"", ""docs"", ""feat"", ""ci""]",0.9995648860931396,"['36556bf8e0bce4ab6d26eafacbdad04d9614a5d7', '317f4eefecddfb1392ca71d551840f446feee302', '036a0ff49a7dade0e04c9c07071a1ff49133ee24', 'e137f9fdbdb6bf3f85c3f7ac9323785e445844c8', 'e7a67d88173566be3cd3aed7e9eeb7e29aabbc57']",1.0,1.0,1.0,True,0.0,4096,True,5
"[""test"", ""ci"", ""refactor"", ""feat"", ""fix""]","[""test"", ""ci"", ""refactor"", ""feat"", ""fix""]",1.0529239177703855,"['e0198f74b81da3663144cfe1d971939319f82a0f', '173553c0372e66e03bdab19e0e6c2dd44daa14a0', '062daa45cbd5dba6e96e95d8cdcaee89ae30a83c', 'f823cf28652987d43c8324b4f5b203240032383a', 'bed78248c941d57ad4cc20a455147e186e97c7a1']",1.0,1.0,1.0,True,0.0,4096,True,5
"[""ci"", ""fix"", ""feat"", ""docs""]","[""ci"", ""refactor"", ""docs"", ""fix"", ""feat""]",0.9081599712371826,"['32845e1bbd1efb5dbc16f671049509a409ba25ce', '63eab619e6166eb6cab948028a7b89bf059dd878', 'af880ac5b4fecbc6c4f3d1eee0d95f326e8bd9d1', '9be725fa3906323d4bc9788f54eccf74109d632b', 'fd8e563cc19ca4684885d4692acee6bebcca4ada']",1.0,0.8,0.888888888888889,False,0.1428571428571428,4096,True,5
"[""docs"", ""fix"", ""refactor"", ""test"", ""build""]","[""docs"", ""refactor"", ""fix"", ""test"", ""build""]",0.9421849250793456,"['bf83c9155e9bee6925aa7102fab53fb803d52533', '3cca5c314ad6feeffbfe1f14cf49ebd0fd9a95a2', '2561f4ade46fc9d59f289f328cc77733a6443697', '317f4eefecddfb1392ca71d551840f446feee302', '454003841aabeb74396d73541378bfa59c75b5db']",1.0,1.0,1.0,True,0.0,4096,True,5
"[""test"", ""ci"", ""docs"", ""fix"", ""refactor""]","[""test"", ""ci"", ""fix"", ""docs"", ""refactor""]",0.9722998142242432,"['317f4eefecddfb1392ca71d551840f446feee302', '32845e1bbd1efb5dbc16f671049509a409ba25ce', 'c8e0ae8612df3d6f2831acc004aaac332f6105e4', '6d405dfc1675dcad64a2dfac0c0cb0fb28381d21', '062daa45cbd5dba6e96e95d8cdcaee89ae30a83c']",1.0,1.0,1.0,True,0.0,4096,True,5
"[""build"", ""ci"", ""test"", ""docs"", ""feat""]","[""build"", ""ci"", ""test"", ""docs"", ""feat""]",0.9588291645050048,"['c55591ba157298a9c5816693c102a89dfd058830', 'dbb537a26e388a8d7d17faf131abc30c2f7a84e6', 'e0198f74b81da3663144cfe1d971939319f82a0f', '0cfc5633d37ea06f645649138323f1820e18bdee', 'dc5238b2bda98a7c4f2fe9584fc3b0191a408109']",1.0,1.0,1.0,True,0.0,4096,True,5
"[""feat"", ""fix"", ""test"", ""refactor"", ""ci""]","[""refactor"", ""feat"", ""test"", ""fix"", ""ci""]",0.9993689060211182,"['535708ae50aecb452560a23356fd396f99ef13a2', 'dc5238b2bda98a7c4f2fe9584fc3b0191a408109', 'e2e8ad25854bd1e7cdbc7f50b50bbd99e04ad47d', '2561f4ade46fc9d59f289f328cc77733a6443697', 'c5fa7b80438fbd74f4c341f0d3c9bd9e0f4910da']",1.0,1.0,1.0,True,0.0,4096,True,5
"[""ci"", ""refactor"", ""build"", ""test""]","[""ci"", ""docs"", ""refactor"", ""build"", ""test""]",1.0280930995941162,"['c5fa7b80438fbd74f4c341f0d3c9bd9e0f4910da', 'af880ac5b4fecbc6c4f3d1eee0d95f326e8bd9d1', '47ef9104e4a89e80d7cc6c1950bc080841da4a7b', '37b1cbfd3d2c462ef4f2a131e4172c38dc8d9ddf', 'c7b25726df94a2530c9b1c0d2b6a0acaa103822f']",1.0,0.8,0.888888888888889,False,0.1428571428571428,4096,True,5
"[""build"", ""docs"", ""test"", ""refactor"", ""feat""]","[""build"", ""docs"", ""refactor"", ""test"", ""feat""]",1.7306058406829834,"['454003841aabeb74396d73541378bfa59c75b5db', 'aca23027da1295c78fdf42ba9687d8ccc88784d7', '771857b1df9470ebc15357e8879118a72c649d5b', 'bedc7950b24c37809e36a585b7985d5aa5e3e458', 'e137f9fdbdb6bf3f85c3f7ac9323785e445844c8']",1.0,1.0,1.0,True,0.0,4096,True,5
"[""ci"", ""feat"", ""fix"", ""docs"", ""build"", ""test""]","[""ci"", ""feat"", ""fix"", ""docs"", ""test""]",1.042289972305298,"['74e9de5ec97dc013a52aa063dff0f40ac74c407b', 'ded26d768ff432ad3bde3c0aa1e95ce50726100a', '9be725fa3906323d4bc9788f54eccf74109d632b', 'a52a585d74894b3b4eeb8c784fa089ff95cddad0', 'e9617f0854030e70365eb264bcb3b58078e79e9e']",0.8333333333333334,1.0,0.9090909090909092,False,0.1428571428571428,4096,True,5
"[""feat"", ""refactor"", ""test"", ""docs""]","[""feat"", ""build"", ""test"", ""docs"", ""fix""]",1.0036940574645996,"['f9a094918b62534614c47aa8a13f33aec751a1e0', 'e4a11fd5c34942ba12737f1c8c084489428ee274', '229b53a632ea97d47c4be11f096bdd828fb415d8', '036a0ff49a7dade0e04c9c07071a1ff49133ee24', '2561f4ade46fc9d59f289f328cc77733a6443697']",0.75,0.6,0.6666666666666665,False,0.4285714285714285,4096,True,5
"[""refactor"", ""docs"", ""test"", ""feat"", ""ci""]","[""build"", ""docs"", ""test"", ""fix"", ""ci""]",1.018791913986206,"['e4a11fd5c34942ba12737f1c8c084489428ee274', 'aca23027da1295c78fdf42ba9687d8ccc88784d7', 'e9617f0854030e70365eb264bcb3b58078e79e9e', '9ef5c0d14193a9abb09b39856f58477d1f4b0d77', '4cbbd2552ba0de273e1dfe7d453c5b3efed751a3']",0.6,0.6,0.6,False,0.5714285714285714,4096,True,5
"[""feat"", ""refactor"", ""build"", ""ci"", ""docs"", ""test"", ""fix""]","[""feat"", ""fix"", ""ci"", ""docs"", ""test""]",1.1168091297149658,"['f9a094918b62534614c47aa8a13f33aec751a1e0', '2561f4ade46fc9d59f289f328cc77733a6443697', '45837af24a33308a70a3454f0f650f9fe728e272', '036a0ff49a7dade0e04c9c07071a1ff49133ee24', 'b7ce2894fd1794064bd6db4ed730bb6cb7728739']",0.7142857142857143,1.0,0.8333333333333333,False,0.2857142857142857,4096,True,5
"[""feat"", ""refactor"", ""build"", ""docs""]","[""feat"", ""refactor"", ""build"", ""fix"", ""docs""]",1.006006956100464,"['ded26d768ff432ad3bde3c0aa1e95ce50726100a', '062daa45cbd5dba6e96e95d8cdcaee89ae30a83c', '37b1cbfd3d2c462ef4f2a131e4172c38dc8d9ddf', '933ab6bb86372913c992567cf9660009900911a7', '036a0ff49a7dade0e04c9c07071a1ff49133ee24']",1.0,0.8,0.888888888888889,False,0.1428571428571428,4096,True,5
"[""test"", ""build"", ""refactor"", ""fix"", ""docs""]","[""test"", ""build"", ""feat"", ""fix"", ""docs""]",0.8183999061584473,"['f411e58cd510f8a2b980b2f1932003a0c0e9f8f3', 'c44cf88a6ec54e5ddd99d8348bcc57b301ec7945', '1bcf88670b50155b50071e707f98f30cea0b7a24', '9be725fa3906323d4bc9788f54eccf74109d632b', 'a52a585d74894b3b4eeb8c784fa089ff95cddad0']",0.8,0.8,0.8000000000000002,False,0.2857142857142857,4096,True,5
"[""fix"", ""build"", ""feat"", ""test"", ""ci"", ""docs""]","[""fix"", ""feat"", ""test"", ""ci"", ""docs""]",1.442091941833496,"['933ab6bb86372913c992567cf9660009900911a7', '6ed56ce9ae743ba9a87e6c9643cc06b1de7b748d', 'e2e8ad25854bd1e7cdbc7f50b50bbd99e04ad47d', 'e96487ad7ce90b141219d9032fa2bed68d5dae6a', '036a0ff49a7dade0e04c9c07071a1ff49133ee24']",0.8333333333333334,1.0,0.9090909090909092,False,0.1428571428571428,4096,True,5
"[""test"", ""refactor"", ""ci"", ""build"", ""fix"", ""feat""]","[""test"", ""refactor"", ""ci"", ""build"", ""fix""]",1.008440017700195,"['e0198f74b81da3663144cfe1d971939319f82a0f', '3cca5c314ad6feeffbfe1f14cf49ebd0fd9a95a2', '45837af24a33308a70a3454f0f650f9fe728e272', '5b81fde8a72cf2e69a10e9f5c4f0bea0a2b8c3e0', '9ef5c0d14193a9abb09b39856f58477d1f4b0d77']",0.8333333333333334,1.0,0.9090909090909092,False,0.1428571428571428,4096,True,5
"[""build"", ""feat"", ""refactor"", ""ci"", ""test""]","[""build"", ""feat"", ""refactor"", ""ci"", ""test""]",1.340562105178833,"['c55591ba157298a9c5816693c102a89dfd058830', '1bcf88670b50155b50071e707f98f30cea0b7a24', '1db13ec43727aca872a0f3836e4023ed85db665e', 'dbb537a26e388a8d7d17faf131abc30c2f7a84e6', 'e2e8ad25854bd1e7cdbc7f50b50bbd99e04ad47d']",1.0,1.0,1.0,True,0.0,4096,True,5
"[""feat"", ""fix"", ""docs"", ""test"", ""ci"", ""build""]","[""feat"", ""refactor"", ""test"", ""ci"", ""build""]",0.9607160091400146,"['e137f9fdbdb6bf3f85c3f7ac9323785e445844c8', 'a62314d9bb632be6af026686615d14b912250512', 'b7ce2894fd1794064bd6db4ed730bb6cb7728739', '45837af24a33308a70a3454f0f650f9fe728e272', '454003841aabeb74396d73541378bfa59c75b5db']",0.6666666666666666,0.8,0.7272727272727272,False,0.4285714285714285,4096,True,5
"[""test"", ""fix"", ""build"", ""feat"", ""docs""]","[""test"", ""fix"", ""build"", ""refactor"", ""docs""]",0.9822320938110352,"['317f4eefecddfb1392ca71d551840f446feee302', '06e2be4e2019b6fa714e1fcb34485860ef1ede79', '32b92cfa0b74a6c25990e32ac6aab12b8496794c', '535708ae50aecb452560a23356fd396f99ef13a2', 'aca23027da1295c78fdf42ba9687d8ccc88784d7']",0.8,0.8,0.8000000000000002,False,0.2857142857142857,4096,True,5
"[""ci"", ""build"", ""refactor"", ""test""]","[""ci"", ""feat"", ""build"", ""fix"", ""test""]",1.0225882530212402,"['173553c0372e66e03bdab19e0e6c2dd44daa14a0', '6ed56ce9ae743ba9a87e6c9643cc06b1de7b748d', '32b92cfa0b74a6c25990e32ac6aab12b8496794c', '933ab6bb86372913c992567cf9660009900911a7', 'e9617f0854030e70365eb264bcb3b58078e79e9e']",0.75,0.6,0.6666666666666665,False,0.4285714285714285,4096,True,5
"[""ci"", ""test"", ""fix"", ""feat"", ""build""]","[""ci"", ""test"", ""fix"", ""feat"", ""build""]",0.9173121452331544,"['dbb537a26e388a8d7d17faf131abc30c2f7a84e6', 'e2e8ad25854bd1e7cdbc7f50b50bbd99e04ad47d', '933ab6bb86372913c992567cf9660009900911a7', 'b282e90e2cbb74559aab79eee8443a4d7c85502a', 'c55591ba157298a9c5816693c102a89dfd058830']",1.0,1.0,1.0,True,0.0,4096,True,5
"[""test"", ""build"", ""refactor"", ""feat"", ""fix"", ""ci""]","[""test"", ""build"", ""feat"", ""fix"", ""ci""]",1.4209702014923096,"['317f4eefecddfb1392ca71d551840f446feee302', 'e4a11fd5c34942ba12737f1c8c084489428ee274', 'ded26d768ff432ad3bde3c0aa1e95ce50726100a', 'd129eaf9125a967ac86c6c7276bbae6b4d50af36', '173553c0372e66e03bdab19e0e6c2dd44daa14a0']",0.8333333333333334,1.0,0.9090909090909092,False,0.1428571428571428,4096,True,5
"[""test"", ""build"", ""refactor"", ""docs"", ""feat""]","[""test"", ""build"", ""refactor"", ""docs"", ""feat""]",0.939872980117798,"['bedc7950b24c37809e36a585b7985d5aa5e3e458', '5b81fde8a72cf2e69a10e9f5c4f0bea0a2b8c3e0', '47ef9104e4a89e80d7cc6c1950bc080841da4a7b', 'aca23027da1295c78fdf42ba9687d8ccc88784d7', 'f823cf28652987d43c8324b4f5b203240032383a']",1.0,1.0,1.0,True,0.0,4096,True,5
"[""fix"", ""ci"", ""feat"", ""docs""]","[""build"", ""ci"", ""feat"", ""docs"", ""fix""]",0.8108549118041992,"['5b81fde8a72cf2e69a10e9f5c4f0bea0a2b8c3e0', 'c5fa7b80438fbd74f4c341f0d3c9bd9e0f4910da', '68278b00450f2679761a2999500f6d87a579376b', 'a52a585d74894b3b4eeb8c784fa089ff95cddad0', '06e2be4e2019b6fa714e1fcb34485860ef1ede79']",1.0,0.8,0.888888888888889,False,0.1428571428571428,4096,True,5
"[""test"", ""build"", ""refactor"", ""feat"", ""ci""]","[""test"", ""build"", ""refactor"", ""fix"", ""ci""]",1.001579999923706,"['e0198f74b81da3663144cfe1d971939319f82a0f', '5b81fde8a72cf2e69a10e9f5c4f0bea0a2b8c3e0', '3cca5c314ad6feeffbfe1f14cf49ebd0fd9a95a2', '87d5d4e55ab7149b593d29410f1fe426ba2447d4', '74e9de5ec97dc013a52aa063dff0f40ac74c407b']",0.8,0.8,0.8000000000000002,False,0.2857142857142857,4096,True,5
"[""build"", ""refactor"", ""feat"", ""ci"", ""test""]","[""feat"", ""build"", ""fix"", ""ci"", ""test""]",0.9776487350463868,"['6ed56ce9ae743ba9a87e6c9643cc06b1de7b748d', 'c323d59c607cabc91f17a78528d998f376f30b10', '87d5d4e55ab7149b593d29410f1fe426ba2447d4', 'c5fa7b80438fbd74f4c341f0d3c9bd9e0f4910da', 'e9617f0854030e70365eb264bcb3b58078e79e9e']",0.8,0.8,0.8000000000000002,False,0.2857142857142857,4096,True,5
"[""build"", ""test"", ""feat"", ""refactor"", ""ci""]","[""build"", ""test"", ""refactor"", ""feat"", ""ci""]",1.0202479362487793,"['5b81fde8a72cf2e69a10e9f5c4f0bea0a2b8c3e0', 'e9617f0854030e70365eb264bcb3b58078e79e9e', '2954a0955ce9af6acb345ed1e8328e145ad30475', '68278b00450f2679761a2999500f6d87a579376b', 'e96487ad7ce90b141219d9032fa2bed68d5dae6a']",1.0,1.0,1.0,True,0.0,4096,True,5
"[""ci"", ""feat"", ""refactor"", ""fix""]","[""ci"", ""refactor"", ""docs"", ""feat"", ""fix""]",0.8694519996643066,"['4cbbd2552ba0de273e1dfe7d453c5b3efed751a3', '535708ae50aecb452560a23356fd396f99ef13a2', 'e12d9e77a6fd531a22325337838a841b1c67f00d', 'fd8e563cc19ca4684885d4692acee6bebcca4ada', '9be725fa3906323d4bc9788f54eccf74109d632b']",1.0,0.8,0.888888888888889,False,0.1428571428571428,4096,True,5
"[""ci"", ""refactor"", ""fix"", ""docs""]","[""ci"", ""fix"", ""feat"", ""docs"", ""refactor""]",1.6355819702148438,"['c5fa7b80438fbd74f4c341f0d3c9bd9e0f4910da', 'bed78248c941d57ad4cc20a455147e186e97c7a1', 'b282e90e2cbb74559aab79eee8443a4d7c85502a', 'bf83c9155e9bee6925aa7102fab53fb803d52533', '771857b1df9470ebc15357e8879118a72c649d5b']",1.0,0.8,0.888888888888889,False,0.1428571428571428,4096,True,5
"[""feat""]","[""fix""]",0.9866859912872314,['87d5d4e55ab7149b593d29410f1fe426ba2447d4'],0.0,0.0,0.0,False,0.2857142857142857,4096,True,1
"[""test""]","[""test""]",0.796252965927124,['317f4eefecddfb1392ca71d551840f446feee302'],1.0,1.0,1.0,True,0.0,4096,True,1
"[""ci""]","[""ci""]",0.7637438774108887,['c5fa7b80438fbd74f4c341f0d3c9bd9e0f4910da'],1.0,1.0,1.0,True,0.0,4096,True,1
"[""ci""]","[""ci""]",1.0594711303710938,['e7a67d88173566be3cd3aed7e9eeb7e29aabbc57'],1.0,1.0,1.0,True,0.0,4096,True,1
"[""fix"", ""refactor""]","[""fix""]",0.7565109729766846,['d129eaf9125a967ac86c6c7276bbae6b4d50af36'],0.5,1.0,0.6666666666666666,False,0.1428571428571428,4096,True,1
"[""build""]","[""build""]",0.7785248756408691,['1269431c8a3e7549f10fcbbb4b88ff625c8898b3'],1.0,1.0,1.0,True,0.0,4096,True,1
"[""feat""]","[""refactor""]",0.7055461406707764,['535708ae50aecb452560a23356fd396f99ef13a2'],0.0,0.0,0.0,False,0.2857142857142857,4096,True,1
"[""feat""]","[""feat""]",0.7723679542541504,['68278b00450f2679761a2999500f6d87a579376b'],1.0,1.0,1.0,True,0.0,4096,True,1
"[""ci""]","[""ci""]",0.9348206520080566,['6c9cb638cb4d1ecc42632fcf389c24898c5b3244'],1.0,1.0,1.0,True,0.0,4096,True,1
"[""test""]","[""test""]",1.5632619857788086,['c7b25726df94a2530c9b1c0d2b6a0acaa103822f'],1.0,1.0,1.0,True,0.0,4096,True,1
"[""feat""]","[""feat""]",0.8173313140869141,['1bcf88670b50155b50071e707f98f30cea0b7a24'],1.0,1.0,1.0,True,0.0,4096,True,1
"[""build"", ""test""]","[""build""]",0.714270830154419,['454003841aabeb74396d73541378bfa59c75b5db'],0.5,1.0,0.6666666666666666,False,0.1428571428571428,4096,True,1
"[""ci""]","[""ci""]",0.7912619113922119,['dbb537a26e388a8d7d17faf131abc30c2f7a84e6'],1.0,1.0,1.0,True,0.0,4096,True,1
"[""docs""]","[""docs""]",0.8000609874725342,['bf83c9155e9bee6925aa7102fab53fb803d52533'],1.0,1.0,1.0,True,0.0,4096,True,1
"[""feat""]","[""feat""]",0.8592150211334229,['dc5238b2bda98a7c4f2fe9584fc3b0191a408109'],1.0,1.0,1.0,True,0.0,4096,True,1
"[""ci""]","[""ci""]",0.7459719181060791,['74e9de5ec97dc013a52aa063dff0f40ac74c407b'],1.0,1.0,1.0,True,0.0,4096,True,1
"[""test""]","[""test""]",0.7615470886230469,['b7ce2894fd1794064bd6db4ed730bb6cb7728739'],1.0,1.0,1.0,True,0.0,4096,True,1
"[""build""]","[""build""]",0.7488939762115479,['32b92cfa0b74a6c25990e32ac6aab12b8496794c'],1.0,1.0,1.0,True,0.0,4096,True,1
"[""fix"", ""refactor""]","[""fix""]",1.0134520530700684,['bed78248c941d57ad4cc20a455147e186e97c7a1'],0.5,1.0,0.6666666666666666,False,0.1428571428571428,4096,True,1
"[""test""]","[""test""]",0.7489218711853027,['f411e58cd510f8a2b980b2f1932003a0c0e9f8f3'],1.0,1.0,1.0,True,0.0,4096,True,1
"[""feat""]","[""feat""]",0.6459319591522217,['f9a094918b62534614c47aa8a13f33aec751a1e0'],1.0,1.0,1.0,True,0.0,4096,True,1
"[""docs""]","[""docs""]",0.6946611404418945,['aca23027da1295c78fdf42ba9687d8ccc88784d7'],1.0,1.0,1.0,True,0.0,4096,True,1
"[""build""]","[""build""]",0.8728969097137451,['37b1cbfd3d2c462ef4f2a131e4172c38dc8d9ddf'],1.0,1.0,1.0,True,0.0,4096,True,1
"[""feat"", ""docs""]","[""feat""]",0.8155519962310791,['e137f9fdbdb6bf3f85c3f7ac9323785e445844c8'],0.5,1.0,0.6666666666666666,False,0.1428571428571428,4096,True,1
"[""test""]","[""test""]",0.706989049911499,['e0198f74b81da3663144cfe1d971939319f82a0f'],1.0,1.0,1.0,True,0.0,4096,True,1
"[""ci""]","[""ci""]",1.3901448249816897,['45837af24a33308a70a3454f0f650f9fe728e272'],1.0,1.0,1.0,True,0.0,4096,True,1
"[""docs""]","[""docs""]",0.8130669593811035,['0cfc5633d37ea06f645649138323f1820e18bdee'],1.0,1.0,1.0,True,0.0,4096,True,1
"[""build"", ""test""]","[""test""]",0.7923290729522705,['8ee0611fbf0cd89abe7ae588f22e6ecb843598ea'],0.5,1.0,0.6666666666666666,False,0.1428571428571428,4096,True,1
"[""docs""]","[""docs""]",0.775486946105957,['c2ee5cd5e709afd15c5565ee009a0d204403a119'],1.0,1.0,1.0,True,0.0,4096,True,1
"[""refactor""]","[""fix""]",0.7495439052581787,['d1d55e787b7d07f763852602b9939a5394607fd9'],0.0,0.0,0.0,False,0.2857142857142857,4096,True,1
"[""build""]","[""build""]",1.217963933944702,['c55591ba157298a9c5816693c102a89dfd058830'],1.0,1.0,1.0,True,0.0,4096,True,1
"[""fix""]","[""fix""]",0.7423779964447021,['9be725fa3906323d4bc9788f54eccf74109d632b'],1.0,1.0,1.0,True,0.0,4096,True,1
"[""fix"", ""build""]","[""build""]",0.9304440021514891,['f00a4d3e307b89842250358ee432e6800bb24362'],0.5,1.0,0.6666666666666666,False,0.1428571428571428,4096,True,1
"[""docs""]","[""docs""]",1.532310962677002,['036a0ff49a7dade0e04c9c07071a1ff49133ee24'],1.0,1.0,1.0,True,0.0,4096,True,1
"[""docs""]","[""docs""]",0.6647329330444336,['6d405dfc1675dcad64a2dfac0c0cb0fb28381d21'],1.0,1.0,1.0,True,0.0,4096,True,1
"[""refactor""]","[""refactor""]",1.009188175201416,['3cca5c314ad6feeffbfe1f14cf49ebd0fd9a95a2'],1.0,1.0,1.0,True,0.0,4096,True,1
"[""docs""]","[""docs""]",1.4643290042877195,['af880ac5b4fecbc6c4f3d1eee0d95f326e8bd9d1'],1.0,1.0,1.0,True,0.0,4096,True,1
"[""fix""]","[""fix""]",0.8561110496520996,['c8e0ae8612df3d6f2831acc004aaac332f6105e4'],1.0,1.0,1.0,True,0.0,4096,True,1
"[""refactor""]","[""refactor""]",0.7635929584503174,['771857b1df9470ebc15357e8879118a72c649d5b'],1.0,1.0,1.0,True,0.0,4096,True,1
"[""refactor""]","[""refactor""]",0.6930902004241943,['47ef9104e4a89e80d7cc6c1950bc080841da4a7b'],1.0,1.0,1.0,True,0.0,4096,True,1
"[""test"", ""refactor""]","[""refactor""]",0.8964920043945312,['1db13ec43727aca872a0f3836e4023ed85db665e'],0.5,1.0,0.6666666666666666,False,0.1428571428571428,4096,True,1
"[""fix""]","[""fix""]",0.6558022499084473,['933ab6bb86372913c992567cf9660009900911a7'],1.0,1.0,1.0,True,0.0,4096,True,1
"[""test""]","[""test""]",1.0612897872924805,['e2e8ad25854bd1e7cdbc7f50b50bbd99e04ad47d'],1.0,1.0,1.0,True,0.0,4096,True,1
"[""fix""]","[""build""]",0.8166770935058594,['c44cf88a6ec54e5ddd99d8348bcc57b301ec7945'],0.0,0.0,0.0,False,0.2857142857142857,4096,True,1
"[""ci""]","[""ci""]",0.8553261756896973,['e96487ad7ce90b141219d9032fa2bed68d5dae6a'],1.0,1.0,1.0,True,0.0,4096,True,1
"[""fix"", ""build""]","[""build""]",0.7530620098114014,['5b81fde8a72cf2e69a10e9f5c4f0bea0a2b8c3e0'],0.5,1.0,0.6666666666666666,False,0.1428571428571428,4096,True,1
"[""docs""]","[""docs""]",1.0762360095977783,['cb1f48b56ae0de93acb72e48726c7d610a1d538e'],1.0,1.0,1.0,True,0.0,4096,True,1
"[""fix""]","[""fix""]",0.7806410789489746,['2561f4ade46fc9d59f289f328cc77733a6443697'],1.0,1.0,1.0,True,0.0,4096,True,1
"[""fix""]","[""fix""]",0.7804989814758301,['06e2be4e2019b6fa714e1fcb34485860ef1ede79'],1.0,1.0,1.0,True,0.0,4096,True,1
"[""refactor""]","[""refactor""]",1.1783151626586914,['36556bf8e0bce4ab6d26eafacbdad04d9614a5d7'],1.0,1.0,1.0,True,0.0,4096,True,1
"[""build""]","[""build""]",0.8545582294464111,['c323d59c607cabc91f17a78528d998f376f30b10'],1.0,1.0,1.0,True,0.0,4096,True,1
"[""refactor""]","[""build""]",0.888038158416748,['e4a11fd5c34942ba12737f1c8c084489428ee274'],0.0,0.0,0.0,False,0.2857142857142857,4096,True,1
"[""feat""]","[""refactor""]",0.8204452991485596,['63eab619e6166eb6cab948028a7b89bf059dd878'],0.0,0.0,0.0,False,0.2857142857142857,4096,True,1
"[""test""]","[""docs""]",0.7147319316864014,['a52a585d74894b3b4eeb8c784fa089ff95cddad0'],0.0,0.0,0.0,False,0.2857142857142857,4096,True,1
"[""feat""]","[""feat""]",1.2205119132995603,['b282e90e2cbb74559aab79eee8443a4d7c85502a'],1.0,1.0,1.0,True,0.0,4096,True,1
"[""feat""]","[""feat""]",1.0150129795074463,['f823cf28652987d43c8324b4f5b203240032383a'],1.0,1.0,1.0,True,0.0,4096,True,1
"[""feat""]","[""fix""]",1.0307750701904297,['9ef5c0d14193a9abb09b39856f58477d1f4b0d77'],0.0,0.0,0.0,False,0.2857142857142857,4096,True,1
"[""feat""]","[""feat""]",0.7549030780792236,['fd8e563cc19ca4684885d4692acee6bebcca4ada'],1.0,1.0,1.0,True,0.0,4096,True,1
"[""ci""]","[""ci""]",0.8017339706420898,['4cbbd2552ba0de273e1dfe7d453c5b3efed751a3'],1.0,1.0,1.0,True,0.0,4096,True,1
"[""ci""]","[""ci""]",0.8120119571685791,['173553c0372e66e03bdab19e0e6c2dd44daa14a0'],1.0,1.0,1.0,True,0.0,4096,True,1
"[""ci""]","[""ci""]",0.9594249725341796,['32845e1bbd1efb5dbc16f671049509a409ba25ce'],1.0,1.0,1.0,True,0.0,4096,True,1
"[""test""]","[""test""]",0.656184196472168,['229b53a632ea97d47c4be11f096bdd828fb415d8'],1.0,1.0,1.0,True,0.0,4096,True,1
"[""feat"", ""docs""]","[""refactor""]",1.5277419090270996,['2954a0955ce9af6acb345ed1e8328e145ad30475'],0.0,0.0,0.0,False,0.4285714285714285,4096,True,1
"[""docs""]","[""refactor""]",0.7137749195098877,['a62314d9bb632be6af026686615d14b912250512'],0.0,0.0,0.0,False,0.2857142857142857,4096,True,1
"[""refactor""]","[""refactor""]",0.7504258155822754,['062daa45cbd5dba6e96e95d8cdcaee89ae30a83c'],1.0,1.0,1.0,True,0.0,4096,True,1
"[""test""]","[""test""]",0.7952611446380615,['bedc7950b24c37809e36a585b7985d5aa5e3e458'],1.0,1.0,1.0,True,0.0,4096,True,1
"[""feat"", ""refactor"", ""docs""]","[""feat""]",0.7050340175628662,['ded26d768ff432ad3bde3c0aa1e95ce50726100a'],0.3333333333333333,1.0,0.5,False,0.2857142857142857,4096,True,1
"[""test"", ""build""]","[""test""]",0.9389235973358154,['e9617f0854030e70365eb264bcb3b58078e79e9e'],0.5,1.0,0.6666666666666666,False,0.1428571428571428,4096,True,1
"[""build"", ""refactor"", ""feat""]","[""feat""]",0.7842609882354736,['6ed56ce9ae743ba9a87e6c9643cc06b1de7b748d'],0.3333333333333333,1.0,0.5,False,0.2857142857142857,4096,True,1
"[""docs""]","[""docs""]",0.8247182369232178,['e12d9e77a6fd531a22325337838a841b1c67f00d'],1.0,1.0,1.0,True,0.0,4096,True,1
"[""feat"", ""refactor""]","[""feat"", ""refactor""]",0.981238842010498,"['fd8e563cc19ca4684885d4692acee6bebcca4ada', '36556bf8e0bce4ab6d26eafacbdad04d9614a5d7']",1.0,1.0,1.0,True,0.0,4096,True,2
"[""ci"", ""build"", ""fix""]","[""ci"", ""build""]",0.7903828620910645,"['45837af24a33308a70a3454f0f650f9fe728e272', '5b81fde8a72cf2e69a10e9f5c4f0bea0a2b8c3e0']",0.6666666666666666,1.0,0.8,False,0.1428571428571428,4096,True,2
"[""feat"", ""docs""]","[""refactor"", ""docs""]",0.8927340507507324,"['535708ae50aecb452560a23356fd396f99ef13a2', 'af880ac5b4fecbc6c4f3d1eee0d95f326e8bd9d1']",0.5,0.5,0.5,False,0.2857142857142857,4096,True,2
"[""feat"", ""fix"", ""refactor""]","[""feat"", ""refactor""]",0.8017458915710449,"['68278b00450f2679761a2999500f6d87a579376b', '63eab619e6166eb6cab948028a7b89bf059dd878']",0.6666666666666666,1.0,0.8,False,0.1428571428571428,4096,True,2
"[""ci"", ""test""]","[""ci"", ""test""]",0.9489281177520752,"['dbb537a26e388a8d7d17faf131abc30c2f7a84e6', 'f411e58cd510f8a2b980b2f1932003a0c0e9f8f3']",1.0,1.0,1.0,True,0.0,4096,True,2
"[""test"", ""ci""]","[""test"", ""ci""]",0.8412020206451416,"['e2e8ad25854bd1e7cdbc7f50b50bbd99e04ad47d', 'c5fa7b80438fbd74f4c341f0d3c9bd9e0f4910da']",1.0,1.0,1.0,True,0.0,4096,True,2
"[""ci"", ""build""]","[""ci"", ""build""]",0.8943190574645996,"['45837af24a33308a70a3454f0f650f9fe728e272', '1269431c8a3e7549f10fcbbb4b88ff625c8898b3']",1.0,1.0,1.0,True,0.0,4096,True,2
"[""feat"", ""test""]","[""feat"", ""test""]",0.9942116737365724,"['1bcf88670b50155b50071e707f98f30cea0b7a24', 'f411e58cd510f8a2b980b2f1932003a0c0e9f8f3']",1.0,1.0,1.0,True,0.0,4096,True,2
"[""fix"", ""docs""]","[""fix"", ""docs""]",0.8581748008728027,"['9be725fa3906323d4bc9788f54eccf74109d632b', '0cfc5633d37ea06f645649138323f1820e18bdee']",1.0,1.0,1.0,True,0.0,4096,True,2
"[""fix"", ""ci""]","[""fix"", ""ci""]",0.8634090423583984,"['9be725fa3906323d4bc9788f54eccf74109d632b', 'e96487ad7ce90b141219d9032fa2bed68d5dae6a']",1.0,1.0,1.0,True,0.0,4096,True,2
"[""build"", ""test""]","[""build"", ""test""]",0.830625057220459,"['1269431c8a3e7549f10fcbbb4b88ff625c8898b3', '317f4eefecddfb1392ca71d551840f446feee302']",1.0,1.0,1.0,True,0.0,4096,True,2
"[""ci"", ""docs""]","[""ci"", ""docs""]",0.8111050128936768,"['dbb537a26e388a8d7d17faf131abc30c2f7a84e6', '0cfc5633d37ea06f645649138323f1820e18bdee']",1.0,1.0,1.0,True,0.0,4096,True,2
"[""refactor"", ""build"", ""test""]","[""refactor"", ""build""]",1.0352158546447754,"['3cca5c314ad6feeffbfe1f14cf49ebd0fd9a95a2', '454003841aabeb74396d73541378bfa59c75b5db']",0.6666666666666666,1.0,0.8,False,0.1428571428571428,4096,True,2
"[""fix"", ""refactor""]","[""fix"", ""refactor""]",0.9307069778442384,"['2561f4ade46fc9d59f289f328cc77733a6443697', '062daa45cbd5dba6e96e95d8cdcaee89ae30a83c']",1.0,1.0,1.0,True,0.0,4096,True,2
"[""fix"", ""ci""]","[""build"", ""ci""]",1.0540730953216553,"['c44cf88a6ec54e5ddd99d8348bcc57b301ec7945', 'dbb537a26e388a8d7d17faf131abc30c2f7a84e6']",0.5,0.5,0.5,False,0.2857142857142857,4096,True,2
"[""build"", ""feat""]","[""build"", ""refactor""]",1.043690204620361,"['32b92cfa0b74a6c25990e32ac6aab12b8496794c', '63eab619e6166eb6cab948028a7b89bf059dd878']",0.5,0.5,0.5,False,0.2857142857142857,4096,True,2
"[""feat"", ""docs""]","[""feat"", ""docs""]",0.7332301139831543,"['dc5238b2bda98a7c4f2fe9584fc3b0191a408109', 'e12d9e77a6fd531a22325337838a841b1c67f00d']",1.0,1.0,1.0,True,0.0,4096,True,2
"[""ci"", ""docs""]","[""ci"", ""docs""]",0.8567900657653809,"['32845e1bbd1efb5dbc16f671049509a409ba25ce', 'bf83c9155e9bee6925aa7102fab53fb803d52533']",1.0,1.0,1.0,True,0.0,4096,True,2
"[""fix"", ""build"", ""refactor"", ""feat""]","[""fix"", ""feat""]",1.3410279750823977,"['d129eaf9125a967ac86c6c7276bbae6b4d50af36', '6ed56ce9ae743ba9a87e6c9643cc06b1de7b748d']",0.5,1.0,0.6666666666666666,False,0.2857142857142857,4096,True,2
"[""feat"", ""ci""]","[""feat"", ""ci""]",1.4345903396606443,"['1bcf88670b50155b50071e707f98f30cea0b7a24', '74e9de5ec97dc013a52aa063dff0f40ac74c407b']",1.0,1.0,1.0,True,0.0,4096,True,2
"[""docs"", ""ci""]","[""docs"", ""ci""]",0.9557900428771972,"['036a0ff49a7dade0e04c9c07071a1ff49133ee24', '4cbbd2552ba0de273e1dfe7d453c5b3efed751a3']",1.0,1.0,1.0,True,0.0,4096,True,2
"[""test"", ""docs""]","[""test"", ""docs""]",0.919158935546875,"['e9617f0854030e70365eb264bcb3b58078e79e9e', 'cb1f48b56ae0de93acb72e48726c7d610a1d538e']",1.0,1.0,1.0,True,0.0,4096,True,2
"[""docs"", ""feat""]","[""docs"", ""feat""]",0.998589038848877,"['aca23027da1295c78fdf42ba9687d8ccc88784d7', 'f823cf28652987d43c8324b4f5b203240032383a']",1.0,1.0,1.0,True,0.0,4096,True,2
"[""refactor"", ""fix""]","[""refactor"", ""fix""]",0.8504648208618164,"['47ef9104e4a89e80d7cc6c1950bc080841da4a7b', '06e2be4e2019b6fa714e1fcb34485860ef1ede79']",1.0,1.0,1.0,True,0.0,4096,True,2
"[""build"", ""ci""]","[""build"", ""ci""]",0.8846960067749023,"['5b81fde8a72cf2e69a10e9f5c4f0bea0a2b8c3e0', 'dbb537a26e388a8d7d17faf131abc30c2f7a84e6']",1.0,1.0,1.0,True,0.0,4096,True,2
"[""fix"", ""refactor""]","[""build"", ""refactor""]",0.90899395942688,"['5b81fde8a72cf2e69a10e9f5c4f0bea0a2b8c3e0', '36556bf8e0bce4ab6d26eafacbdad04d9614a5d7']",0.5,0.5,0.5,False,0.2857142857142857,4096,True,2
"[""feat"", ""test""]","[""fix"", ""test""]",0.9311091899871826,"['9ef5c0d14193a9abb09b39856f58477d1f4b0d77', 'b7ce2894fd1794064bd6db4ed730bb6cb7728739']",0.5,0.5,0.5,False,0.2857142857142857,4096,True,2
"[""build"", ""docs""]","[""build"", ""docs""]",0.9141678810119628,"['c323d59c607cabc91f17a78528d998f376f30b10', 'c2ee5cd5e709afd15c5565ee009a0d204403a119']",1.0,1.0,1.0,True,0.0,4096,True,2
"[""fix"", ""ci""]","[""fix"", ""ci""]",0.7775061130523682,"['9be725fa3906323d4bc9788f54eccf74109d632b', 'dbb537a26e388a8d7d17faf131abc30c2f7a84e6']",1.0,1.0,1.0,True,0.0,4096,True,2
"[""fix"", ""ci""]","[""fix"", ""ci""]",1.1237540245056152,"['9be725fa3906323d4bc9788f54eccf74109d632b', 'e7a67d88173566be3cd3aed7e9eeb7e29aabbc57']",1.0,1.0,1.0,True,0.0,4096,True,2
"[""docs"", ""refactor""]","[""docs"", ""refactor""]",1.183825969696045,"['c2ee5cd5e709afd15c5565ee009a0d204403a119', '062daa45cbd5dba6e96e95d8cdcaee89ae30a83c']",1.0,1.0,1.0,True,0.0,4096,True,2
"[""fix"", ""feat""]","[""fix"", ""feat""]",0.9177210330963136,"['933ab6bb86372913c992567cf9660009900911a7', 'e137f9fdbdb6bf3f85c3f7ac9323785e445844c8']",1.0,1.0,1.0,True,0.0,4096,True,2
"[""fix"", ""build""]","[""fix"", ""build""]",0.6234598159790039,"['9be725fa3906323d4bc9788f54eccf74109d632b', 'c44cf88a6ec54e5ddd99d8348bcc57b301ec7945']",1.0,1.0,1.0,True,0.0,4096,True,2
"[""ci"", ""docs""]","[""ci"", ""docs""]",0.8051278591156006,"['173553c0372e66e03bdab19e0e6c2dd44daa14a0', 'e12d9e77a6fd531a22325337838a841b1c67f00d']",1.0,1.0,1.0,True,0.0,4096,True,2
"[""ci"", ""feat""]","[""ci"", ""feat""]",0.9385318756103516,"['6c9cb638cb4d1ecc42632fcf389c24898c5b3244', 'f823cf28652987d43c8324b4f5b203240032383a']",1.0,1.0,1.0,True,0.0,4096,True,2
"[""ci"", ""docs""]","[""ci"", ""docs""]",0.899909257888794,"['74e9de5ec97dc013a52aa063dff0f40ac74c407b', 'c2ee5cd5e709afd15c5565ee009a0d204403a119']",1.0,1.0,1.0,True,0.0,4096,True,2
"[""test"", ""build""]","[""test"", ""build""]",0.837244987487793,"['317f4eefecddfb1392ca71d551840f446feee302', '5b81fde8a72cf2e69a10e9f5c4f0bea0a2b8c3e0']",1.0,1.0,1.0,True,0.0,4096,True,2
"[""docs"", ""feat""]","[""docs"", ""feat""]",0.9506611824035645,"['a52a585d74894b3b4eeb8c784fa089ff95cddad0', 'f823cf28652987d43c8324b4f5b203240032383a']",1.0,1.0,1.0,True,0.0,4096,True,2
"[""refactor"", ""fix"", ""build""]","[""refactor"", ""build""]",0.7523598670959473,"['47ef9104e4a89e80d7cc6c1950bc080841da4a7b', '5b81fde8a72cf2e69a10e9f5c4f0bea0a2b8c3e0']",0.6666666666666666,1.0,0.8,False,0.1428571428571428,4096,True,2
"[""feat"", ""refactor""]","[""feat"", ""refactor""]",1.0154321193695068,"['e137f9fdbdb6bf3f85c3f7ac9323785e445844c8', '771857b1df9470ebc15357e8879118a72c649d5b']",1.0,1.0,1.0,True,0.0,4096,True,2
"[""build"", ""refactor"", ""fix""]","[""feat"", ""fix""]",0.9901900291442872,"['6ed56ce9ae743ba9a87e6c9643cc06b1de7b748d', 'd1d55e787b7d07f763852602b9939a5394607fd9']",0.3333333333333333,0.5,0.4,False,0.4285714285714285,4096,True,2
"[""build"", ""docs""]","[""build"", ""docs""]",0.9823169708251952,"['c323d59c607cabc91f17a78528d998f376f30b10', '0cfc5633d37ea06f645649138323f1820e18bdee']",1.0,1.0,1.0,True,0.0,4096,True,2
"[""build"", ""test"", ""feat"", ""docs""]","[""test"", ""refactor""]",0.9954118728637696,"['8ee0611fbf0cd89abe7ae588f22e6ecb843598ea', '2954a0955ce9af6acb345ed1e8328e145ad30475']",0.25,0.5,0.3333333333333333,False,0.5714285714285714,4096,True,2
"[""refactor"", ""fix""]","[""refactor"", ""fix""]",0.8464879989624023,"['36556bf8e0bce4ab6d26eafacbdad04d9614a5d7', 'c8e0ae8612df3d6f2831acc004aaac332f6105e4']",1.0,1.0,1.0,True,0.0,4096,True,2
"[""refactor"", ""ci""]","[""build"", ""ci""]",0.7738931179046631,"['e4a11fd5c34942ba12737f1c8c084489428ee274', '173553c0372e66e03bdab19e0e6c2dd44daa14a0']",0.5,0.5,0.5,False,0.2857142857142857,4096,True,2
"[""fix"", ""feat""]","[""fix"", ""feat""]",0.8037509918212891,"['c8e0ae8612df3d6f2831acc004aaac332f6105e4', 'f9a094918b62534614c47aa8a13f33aec751a1e0']",1.0,1.0,1.0,True,0.0,4096,True,2
"[""feat"", ""docs"", ""refactor""]","[""refactor"", ""docs""]",1.155228853225708,"['771857b1df9470ebc15357e8879118a72c649d5b', '0cfc5633d37ea06f645649138323f1820e18bdee']",0.6666666666666666,1.0,0.8,False,0.1428571428571428,4096,True,2
"[""build"", ""refactor"", ""feat""]","[""feat"", ""fix""]",1.425908088684082,"['6ed56ce9ae743ba9a87e6c9643cc06b1de7b748d', '87d5d4e55ab7149b593d29410f1fe426ba2447d4']",0.3333333333333333,0.5,0.4,False,0.4285714285714285,4096,True,2
"[""refactor"", ""test""]","[""refactor"", ""test""]",1.153205156326294,"['1db13ec43727aca872a0f3836e4023ed85db665e', '229b53a632ea97d47c4be11f096bdd828fb415d8']",1.0,1.0,1.0,True,0.0,4096,True,2
"[""test"", ""feat""]","[""test"", ""refactor""]",0.7147088050842285,"['317f4eefecddfb1392ca71d551840f446feee302', '63eab619e6166eb6cab948028a7b89bf059dd878']",0.5,0.5,0.5,False,0.2857142857142857,4096,True,2
"[""docs"", ""fix""]","[""docs"", ""build""]",1.345947027206421,"['e12d9e77a6fd531a22325337838a841b1c67f00d', 'c44cf88a6ec54e5ddd99d8348bcc57b301ec7945']",0.5,0.5,0.5,False,0.2857142857142857,4096,True,2
"[""refactor"", ""build""]","[""refactor"", ""build""]",1.0719480514526367,"['1db13ec43727aca872a0f3836e4023ed85db665e', '32b92cfa0b74a6c25990e32ac6aab12b8496794c']",1.0,1.0,1.0,True,0.0,4096,True,2
"[""docs"", ""refactor"", ""fix""]","[""docs"", ""fix""]",0.7364890575408936,"['c2ee5cd5e709afd15c5565ee009a0d204403a119', 'bed78248c941d57ad4cc20a455147e186e97c7a1']",0.6666666666666666,1.0,0.8,False,0.1428571428571428,4096,True,2
"[""docs"", ""ci""]","[""docs"", ""ci""]",1.0317139625549316,"['bf83c9155e9bee6925aa7102fab53fb803d52533', '173553c0372e66e03bdab19e0e6c2dd44daa14a0']",1.0,1.0,1.0,True,0.0,4096,True,2
"[""refactor"", ""ci""]","[""refactor"", ""ci""]",2.11950421333313,"['36556bf8e0bce4ab6d26eafacbdad04d9614a5d7', '74e9de5ec97dc013a52aa063dff0f40ac74c407b']",1.0,1.0,1.0,True,0.0,4096,True,2
"[""test"", ""feat""]","[""test"", ""fix""]",1.4209747314453125,"['e9617f0854030e70365eb264bcb3b58078e79e9e', '87d5d4e55ab7149b593d29410f1fe426ba2447d4']",0.5,0.5,0.5,False,0.2857142857142857,4096,True,2
"[""feat"", ""refactor""]","[""feat"", ""refactor""]",0.9459490776062012,"['e137f9fdbdb6bf3f85c3f7ac9323785e445844c8', '47ef9104e4a89e80d7cc6c1950bc080841da4a7b']",1.0,1.0,1.0,True,0.0,4096,True,2
"[""fix"", ""ci""]","[""fix"", ""ci""]",0.7366209030151367,"['2561f4ade46fc9d59f289f328cc77733a6443697', '74e9de5ec97dc013a52aa063dff0f40ac74c407b']",1.0,1.0,1.0,True,0.0,4096,True,2
"[""build"", ""ci""]","[""build"", ""ci""]",0.7667288780212402,"['5b81fde8a72cf2e69a10e9f5c4f0bea0a2b8c3e0', 'e96487ad7ce90b141219d9032fa2bed68d5dae6a']",1.0,1.0,1.0,True,0.0,4096,True,2
"[""build"", ""test""]","[""build"", ""test""]",0.8638830184936523,"['32b92cfa0b74a6c25990e32ac6aab12b8496794c', '8ee0611fbf0cd89abe7ae588f22e6ecb843598ea']",1.0,1.0,1.0,True,0.0,4096,True,2
"[""refactor"", ""ci""]","[""refactor"", ""ci""]",1.2860710620880127,"['1db13ec43727aca872a0f3836e4023ed85db665e', '74e9de5ec97dc013a52aa063dff0f40ac74c407b']",1.0,1.0,1.0,True,0.0,4096,True,2
"[""fix"", ""build""]","[""fix"", ""build""]",0.9160282611846924,"['2561f4ade46fc9d59f289f328cc77733a6443697', 'c55591ba157298a9c5816693c102a89dfd058830']",1.0,1.0,1.0,True,0.0,4096,True,2
"[""build"", ""refactor"", ""test""]","[""build"", ""refactor""]",0.9029088020324708,"['5b81fde8a72cf2e69a10e9f5c4f0bea0a2b8c3e0', '1db13ec43727aca872a0f3836e4023ed85db665e']",0.6666666666666666,1.0,0.8,False,0.1428571428571428,4096,True,2
"[""build"", ""test"", ""feat"", ""ci""]","[""test"", ""ci""]",0.7126741409301758,"['8ee0611fbf0cd89abe7ae588f22e6ecb843598ea', 'e96487ad7ce90b141219d9032fa2bed68d5dae6a']",0.5,1.0,0.6666666666666666,False,0.2857142857142857,4096,True,2
"[""test"", ""refactor""]","[""test"", ""refactor""]",0.730949878692627,"['bedc7950b24c37809e36a585b7985d5aa5e3e458', '062daa45cbd5dba6e96e95d8cdcaee89ae30a83c']",1.0,1.0,1.0,True,0.0,4096,True,2
"[""ci"", ""feat""]","[""ci"", ""refactor""]",0.9127092361450196,"['74e9de5ec97dc013a52aa063dff0f40ac74c407b', '63eab619e6166eb6cab948028a7b89bf059dd878']",0.5,0.5,0.5,False,0.2857142857142857,4096,True,2
"[""test"", ""docs""]","[""test"", ""docs""]",0.7329971790313721,"['317f4eefecddfb1392ca71d551840f446feee302', 'af880ac5b4fecbc6c4f3d1eee0d95f326e8bd9d1']",1.0,1.0,1.0,True,0.0,4096,True,2
"[""feat""]","[""feat"", ""fix""]",0.7840719223022461,"['dc5238b2bda98a7c4f2fe9584fc3b0191a408109', '9ef5c0d14193a9abb09b39856f58477d1f4b0d77']",1.0,0.5,0.6666666666666666,False,0.1428571428571428,4096,True,2
"[""refactor"", ""docs""]","[""build"", ""docs""]",0.8730130195617676,"['e4a11fd5c34942ba12737f1c8c084489428ee274', 'e12d9e77a6fd531a22325337838a841b1c67f00d']",0.5,0.5,0.5,False,0.2857142857142857,4096,True,2
"[""build"", ""refactor"", ""feat"", ""fix""]","[""feat"", ""refactor""]",0.703948974609375,"['6ed56ce9ae743ba9a87e6c9643cc06b1de7b748d', '63eab619e6166eb6cab948028a7b89bf059dd878']",0.5,1.0,0.6666666666666666,False,0.2857142857142857,4096,True,2
"[""ci"", ""fix"", ""docs""]","[""ci"", ""fix"", ""docs""]",1.0121469497680664,"['dbb537a26e388a8d7d17faf131abc30c2f7a84e6', 'd129eaf9125a967ac86c6c7276bbae6b4d50af36', 'cb1f48b56ae0de93acb72e48726c7d610a1d538e']",1.0,1.0,1.0,True,0.0,4096,True,3
"[""fix"", ""refactor"", ""build"", ""feat""]","[""fix"", ""refactor"", ""feat""]",0.987375020980835,"['933ab6bb86372913c992567cf9660009900911a7', '3cca5c314ad6feeffbfe1f14cf49ebd0fd9a95a2', '6ed56ce9ae743ba9a87e6c9643cc06b1de7b748d']",0.75,1.0,0.8571428571428571,False,0.1428571428571428,4096,True,3
"[""build"", ""feat"", ""ci""]","[""build"", ""feat"", ""ci""]",0.943068027496338,"['5b81fde8a72cf2e69a10e9f5c4f0bea0a2b8c3e0', 'e137f9fdbdb6bf3f85c3f7ac9323785e445844c8', '32845e1bbd1efb5dbc16f671049509a409ba25ce']",1.0,1.0,1.0,True,0.0,4096,True,3
"[""ci"", ""docs"", ""feat""]","[""ci"", ""docs"", ""feat""]",1.1191580295562744,"['45837af24a33308a70a3454f0f650f9fe728e272', '6d405dfc1675dcad64a2dfac0c0cb0fb28381d21', 'f823cf28652987d43c8324b4f5b203240032383a']",1.0,1.0,1.0,True,0.0,4096,True,3
"[""ci"", ""docs"", ""fix""]","[""ci"", ""docs"", ""build""]",0.940222978591919,"['6c9cb638cb4d1ecc42632fcf389c24898c5b3244', 'bf83c9155e9bee6925aa7102fab53fb803d52533', 'c323d59c607cabc91f17a78528d998f376f30b10']",0.6666666666666666,0.6666666666666666,0.6666666666666666,False,0.2857142857142857,4096,True,3
"[""test"", ""docs"", ""fix"", ""refactor""]","[""test"", ""docs"", ""fix""]",1.7092463970184326,"['229b53a632ea97d47c4be11f096bdd828fb415d8', 'e12d9e77a6fd531a22325337838a841b1c67f00d', 'd129eaf9125a967ac86c6c7276bbae6b4d50af36']",0.75,1.0,0.8571428571428571,False,0.1428571428571428,4096,True,3
"[""feat"", ""docs"", ""refactor""]","[""feat"", ""docs"", ""refactor""]",1.020090103149414,"['68278b00450f2679761a2999500f6d87a579376b', 'c2ee5cd5e709afd15c5565ee009a0d204403a119', '535708ae50aecb452560a23356fd396f99ef13a2']",1.0,1.0,1.0,True,0.0,4096,True,3
"[""docs"", ""ci"", ""test""]","[""docs"", ""ci"", ""test""]",1.0227949619293213,"['0cfc5633d37ea06f645649138323f1820e18bdee', '6c9cb638cb4d1ecc42632fcf389c24898c5b3244', 'f411e58cd510f8a2b980b2f1932003a0c0e9f8f3']",1.0,1.0,1.0,True,0.0,4096,True,3
"[""build"", ""refactor"", ""fix""]","[""build"", ""fix"", ""refactor""]",0.7631049156188965,"['1269431c8a3e7549f10fcbbb4b88ff625c8898b3', '933ab6bb86372913c992567cf9660009900911a7', '36556bf8e0bce4ab6d26eafacbdad04d9614a5d7']",1.0,1.0,1.0,True,0.0,4096,True,3
"[""test"", ""fix"", ""docs""]","[""test"", ""fix"", ""docs""]",1.074098825454712,"['c7b25726df94a2530c9b1c0d2b6a0acaa103822f', '933ab6bb86372913c992567cf9660009900911a7', 'c2ee5cd5e709afd15c5565ee009a0d204403a119']",1.0,1.0,1.0,True,0.0,4096,True,3
"[""build"", ""refactor"", ""fix""]","[""build"", ""refactor"", ""fix""]",1.840353012084961,"['32b92cfa0b74a6c25990e32ac6aab12b8496794c', '771857b1df9470ebc15357e8879118a72c649d5b', '06e2be4e2019b6fa714e1fcb34485860ef1ede79']",1.0,1.0,1.0,True,0.0,4096,True,3
"[""test"", ""docs"", ""build"", ""fix""]","[""test"", ""docs"", ""build""]",0.8161060810089111,"['f411e58cd510f8a2b980b2f1932003a0c0e9f8f3', '036a0ff49a7dade0e04c9c07071a1ff49133ee24', 'c44cf88a6ec54e5ddd99d8348bcc57b301ec7945']",0.75,1.0,0.8571428571428571,False,0.1428571428571428,4096,True,3
"[""build"", ""refactor"", ""test"", ""feat""]","[""feat"", ""test"", ""refactor""]",1.3313069343566897,"['6ed56ce9ae743ba9a87e6c9643cc06b1de7b748d', 'c7b25726df94a2530c9b1c0d2b6a0acaa103822f', '535708ae50aecb452560a23356fd396f99ef13a2']",0.75,1.0,0.8571428571428571,False,0.1428571428571428,4096,True,3
"[""docs"", ""feat"", ""fix""]","[""docs"", ""feat"", ""fix""]",0.712709903717041,"['6d405dfc1675dcad64a2dfac0c0cb0fb28381d21', 'ded26d768ff432ad3bde3c0aa1e95ce50726100a', 'd129eaf9125a967ac86c6c7276bbae6b4d50af36']",1.0,1.0,1.0,True,0.0,4096,True,3
"[""ci"", ""docs"", ""refactor"", ""fix""]","[""ci"", ""docs"", ""fix""]",0.9199960231781006,"['e7a67d88173566be3cd3aed7e9eeb7e29aabbc57', 'c2ee5cd5e709afd15c5565ee009a0d204403a119', 'bed78248c941d57ad4cc20a455147e186e97c7a1']",0.75,1.0,0.8571428571428571,False,0.1428571428571428,4096,True,3
"[""ci"", ""docs"", ""fix""]","[""ci"", ""docs"", ""fix""]",0.8170418739318848,"['74e9de5ec97dc013a52aa063dff0f40ac74c407b', 'aca23027da1295c78fdf42ba9687d8ccc88784d7', 'd129eaf9125a967ac86c6c7276bbae6b4d50af36']",1.0,1.0,1.0,True,0.0,4096,True,3
"[""test"", ""refactor"", ""fix"", ""build""]","[""test"", ""fix"", ""build""]",1.5235352516174316,"['c7b25726df94a2530c9b1c0d2b6a0acaa103822f', 'bed78248c941d57ad4cc20a455147e186e97c7a1', 'c55591ba157298a9c5816693c102a89dfd058830']",0.75,1.0,0.8571428571428571,False,0.1428571428571428,4096,True,3
"[""docs"", ""ci"", ""refactor"", ""fix""]","[""docs"", ""ci"", ""fix""]",0.9552960395812988,"['a52a585d74894b3b4eeb8c784fa089ff95cddad0', 'e7a67d88173566be3cd3aed7e9eeb7e29aabbc57', 'bed78248c941d57ad4cc20a455147e186e97c7a1']",0.75,1.0,0.8571428571428571,False,0.1428571428571428,4096,True,3
"[""build"", ""ci"", ""test""]","[""build"", ""ci"", ""test""]",0.844794750213623,"['f00a4d3e307b89842250358ee432e6800bb24362', '6c9cb638cb4d1ecc42632fcf389c24898c5b3244', 'c7b25726df94a2530c9b1c0d2b6a0acaa103822f']",1.0,1.0,1.0,True,0.0,4096,True,3
"[""feat""]","[""refactor"", ""feat"", ""fix""]",0.872948169708252,"['2954a0955ce9af6acb345ed1e8328e145ad30475', 'dc5238b2bda98a7c4f2fe9584fc3b0191a408109', '9ef5c0d14193a9abb09b39856f58477d1f4b0d77']",1.0,0.3333333333333333,0.5,False,0.2857142857142857,4096,True,3
"[""ci"", ""test"", ""fix""]","[""ci"", ""test"", ""fix""]",0.9475440979003906,"['4cbbd2552ba0de273e1dfe7d453c5b3efed751a3', 'f411e58cd510f8a2b980b2f1932003a0c0e9f8f3', '06e2be4e2019b6fa714e1fcb34485860ef1ede79']",1.0,1.0,1.0,True,0.0,4096,True,3
"[""fix"", ""refactor"", ""build""]","[""feat"", ""refactor"", ""build""]",1.1832070350646973,"['b282e90e2cbb74559aab79eee8443a4d7c85502a', '1db13ec43727aca872a0f3836e4023ed85db665e', '37b1cbfd3d2c462ef4f2a131e4172c38dc8d9ddf']",0.6666666666666666,0.6666666666666666,0.6666666666666666,False,0.2857142857142857,4096,True,3
"[""fix"", ""feat"", ""ci""]","[""fix"", ""feat"", ""ci""]",0.7175662517547607,"['d129eaf9125a967ac86c6c7276bbae6b4d50af36', 'fd8e563cc19ca4684885d4692acee6bebcca4ada', '173553c0372e66e03bdab19e0e6c2dd44daa14a0']",1.0,1.0,1.0,True,0.0,4096,True,3
"[""docs"", ""feat"", ""test""]","[""docs"", ""refactor"", ""test""]",0.8807218074798584,"['036a0ff49a7dade0e04c9c07071a1ff49133ee24', '63eab619e6166eb6cab948028a7b89bf059dd878', '229b53a632ea97d47c4be11f096bdd828fb415d8']",0.6666666666666666,0.6666666666666666,0.6666666666666666,False,0.2857142857142857,4096,True,3
"[""fix"", ""ci"", ""feat""]","[""test"", ""ci"", ""feat""]",0.823704719543457,"['c7b25726df94a2530c9b1c0d2b6a0acaa103822f', '32845e1bbd1efb5dbc16f671049509a409ba25ce', 'b282e90e2cbb74559aab79eee8443a4d7c85502a']",0.6666666666666666,0.6666666666666666,0.6666666666666666,False,0.2857142857142857,4096,True,3
"[""feat"", ""fix"", ""refactor"", ""build""]","[""feat"", ""build"", ""refactor""]",0.8386149406433105,"['f9a094918b62534614c47aa8a13f33aec751a1e0', '5b81fde8a72cf2e69a10e9f5c4f0bea0a2b8c3e0', '36556bf8e0bce4ab6d26eafacbdad04d9614a5d7']",0.75,1.0,0.8571428571428571,False,0.1428571428571428,4096,True,3
"[""feat"", ""build"", ""docs""]","[""feat"", ""build"", ""docs""]",0.9163861274719238,"['e137f9fdbdb6bf3f85c3f7ac9323785e445844c8', '37b1cbfd3d2c462ef4f2a131e4172c38dc8d9ddf', 'e12d9e77a6fd531a22325337838a841b1c67f00d']",1.0,1.0,1.0,True,0.0,4096,True,3
"[""build"", ""refactor"", ""ci""]","[""build"", ""refactor"", ""ci""]",0.8226990699768066,"['f00a4d3e307b89842250358ee432e6800bb24362', '36556bf8e0bce4ab6d26eafacbdad04d9614a5d7', '4cbbd2552ba0de273e1dfe7d453c5b3efed751a3']",1.0,1.0,1.0,True,0.0,4096,True,3
"[""docs"", ""ci"", ""build"", ""fix""]","[""docs"", ""ci"", ""build""]",1.5558922290802002,"['cb1f48b56ae0de93acb72e48726c7d610a1d538e', 'e96487ad7ce90b141219d9032fa2bed68d5dae6a', '454003841aabeb74396d73541378bfa59c75b5db']",0.75,1.0,0.8571428571428571,False,0.1428571428571428,4096,True,3
"[""fix"", ""test"", ""build""]","[""fix"", ""test"", ""build""]",0.94376802444458,"['d129eaf9125a967ac86c6c7276bbae6b4d50af36', 'e2e8ad25854bd1e7cdbc7f50b50bbd99e04ad47d', '1269431c8a3e7549f10fcbbb4b88ff625c8898b3']",1.0,1.0,1.0,True,0.0,4096,True,3
"[""feat"", ""docs"", ""fix""]","[""refactor"", ""docs"", ""feat""]",1.222933053970337,"['2954a0955ce9af6acb345ed1e8328e145ad30475', 'a52a585d74894b3b4eeb8c784fa089ff95cddad0', 'b282e90e2cbb74559aab79eee8443a4d7c85502a']",0.6666666666666666,0.6666666666666666,0.6666666666666666,False,0.2857142857142857,4096,True,3
"[""docs"", ""refactor"", ""test"", ""fix""]","[""docs"", ""refactor"", ""test""]",1.231748104095459,"['0cfc5633d37ea06f645649138323f1820e18bdee', '1db13ec43727aca872a0f3836e4023ed85db665e', 'bedc7950b24c37809e36a585b7985d5aa5e3e458']",0.75,1.0,0.8571428571428571,False,0.1428571428571428,4096,True,3
"[""fix"", ""docs"", ""test""]","[""fix"", ""docs"", ""test""]",1.0765528678894043,"['933ab6bb86372913c992567cf9660009900911a7', '0cfc5633d37ea06f645649138323f1820e18bdee', 'c7b25726df94a2530c9b1c0d2b6a0acaa103822f']",1.0,1.0,1.0,True,0.0,4096,True,3
"[""refactor"", ""ci"", ""test""]","[""refactor"", ""ci"", ""test""]",0.6718559265136719,"['36556bf8e0bce4ab6d26eafacbdad04d9614a5d7', '6c9cb638cb4d1ecc42632fcf389c24898c5b3244', '229b53a632ea97d47c4be11f096bdd828fb415d8']",1.0,1.0,1.0,True,0.0,4096,True,3
"[""ci"", ""test"", ""docs""]","[""ci"", ""test"", ""docs""]",1.1676969528198242,"['c5fa7b80438fbd74f4c341f0d3c9bd9e0f4910da', '229b53a632ea97d47c4be11f096bdd828fb415d8', 'aca23027da1295c78fdf42ba9687d8ccc88784d7']",1.0,1.0,1.0,True,0.0,4096,True,3
"[""feat"", ""docs"", ""fix""]","[""feat"", ""docs"", ""fix""]",1.0225069522857666,"['f823cf28652987d43c8324b4f5b203240032383a', '0cfc5633d37ea06f645649138323f1820e18bdee', '9ef5c0d14193a9abb09b39856f58477d1f4b0d77']",1.0,1.0,1.0,True,0.0,4096,True,3
"[""test"", ""fix"", ""build""]","[""test"", ""fix"", ""build""]",1.2164018154144287,"['317f4eefecddfb1392ca71d551840f446feee302', '06e2be4e2019b6fa714e1fcb34485860ef1ede79', 'c55591ba157298a9c5816693c102a89dfd058830']",1.0,1.0,1.0,True,0.0,4096,True,3
"[""feat"", ""docs"", ""refactor""]","[""feat"", ""docs"", ""refactor""]",1.097158908843994,"['e137f9fdbdb6bf3f85c3f7ac9323785e445844c8', 'bf83c9155e9bee6925aa7102fab53fb803d52533', '36556bf8e0bce4ab6d26eafacbdad04d9614a5d7']",1.0,1.0,1.0,True,0.0,4096,True,3
"[""fix"", ""ci""]","[""fix"", ""ci"", ""build""]",0.84505295753479,"['d129eaf9125a967ac86c6c7276bbae6b4d50af36', '6c9cb638cb4d1ecc42632fcf389c24898c5b3244', 'c44cf88a6ec54e5ddd99d8348bcc57b301ec7945']",1.0,0.6666666666666666,0.8,False,0.1428571428571428,4096,True,3
"[""fix"", ""feat"", ""docs""]","[""fix"", ""refactor"", ""docs""]",0.7244441509246826,"['2561f4ade46fc9d59f289f328cc77733a6443697', '2954a0955ce9af6acb345ed1e8328e145ad30475', 'a52a585d74894b3b4eeb8c784fa089ff95cddad0']",0.6666666666666666,0.6666666666666666,0.6666666666666666,False,0.2857142857142857,4096,True,3
"[""build"", ""feat"", ""fix""]","[""build"", ""feat"", ""fix""]",0.81662917137146,"['c55591ba157298a9c5816693c102a89dfd058830', 'dc5238b2bda98a7c4f2fe9584fc3b0191a408109', '9be725fa3906323d4bc9788f54eccf74109d632b']",1.0,1.0,1.0,True,0.0,4096,True,3
"[""test"", ""refactor"", ""feat""]","[""test"", ""refactor"", ""feat""]",0.7291281223297119,"['229b53a632ea97d47c4be11f096bdd828fb415d8', '36556bf8e0bce4ab6d26eafacbdad04d9614a5d7', 'ded26d768ff432ad3bde3c0aa1e95ce50726100a']",1.0,1.0,1.0,True,0.0,4096,True,3
"[""test"", ""build"", ""ci""]","[""test"", ""build"", ""ci""]",0.9000298976898193,"['e0198f74b81da3663144cfe1d971939319f82a0f', 'c55591ba157298a9c5816693c102a89dfd058830', 'e7a67d88173566be3cd3aed7e9eeb7e29aabbc57']",1.0,1.0,1.0,True,0.0,4096,True,3
"[""test"", ""fix"", ""docs""]","[""test"", ""fix"", ""docs""]",1.2507898807525637,"['bedc7950b24c37809e36a585b7985d5aa5e3e458', '933ab6bb86372913c992567cf9660009900911a7', '6d405dfc1675dcad64a2dfac0c0cb0fb28381d21']",1.0,1.0,1.0,True,0.0,4096,True,3
"[""fix"", ""build"", ""test""]","[""fix"", ""build"", ""test""]",0.7818260192871094,"['d129eaf9125a967ac86c6c7276bbae6b4d50af36', '32b92cfa0b74a6c25990e32ac6aab12b8496794c', '317f4eefecddfb1392ca71d551840f446feee302']",1.0,1.0,1.0,True,0.0,4096,True,3
"[""feat"", ""fix"", ""ci""]","[""feat"", ""fix"", ""ci""]",1.0224790573120115,"['f823cf28652987d43c8324b4f5b203240032383a', '9be725fa3906323d4bc9788f54eccf74109d632b', '32845e1bbd1efb5dbc16f671049509a409ba25ce']",1.0,1.0,1.0,True,0.0,4096,True,3
"[""feat"", ""docs"", ""build"", ""test""]","[""fix"", ""docs"", ""build""]",1.0209829807281494,"['9ef5c0d14193a9abb09b39856f58477d1f4b0d77', 'a52a585d74894b3b4eeb8c784fa089ff95cddad0', '37b1cbfd3d2c462ef4f2a131e4172c38dc8d9ddf']",0.5,0.6666666666666666,0.5714285714285715,False,0.4285714285714285,4096,True,3
"[""feat"", ""ci"", ""docs""]","[""fix"", ""ci"", ""docs""]",0.7355809211730957,"['87d5d4e55ab7149b593d29410f1fe426ba2447d4', '4cbbd2552ba0de273e1dfe7d453c5b3efed751a3', '6d405dfc1675dcad64a2dfac0c0cb0fb28381d21']",0.6666666666666666,0.6666666666666666,0.6666666666666666,False,0.2857142857142857,4096,True,3
"[""feat"", ""docs"", ""refactor"", ""fix""]","[""feat"", ""docs"", ""fix""]",1.2878923416137695,"['fd8e563cc19ca4684885d4692acee6bebcca4ada', 'cb1f48b56ae0de93acb72e48726c7d610a1d538e', 'bed78248c941d57ad4cc20a455147e186e97c7a1']",0.75,1.0,0.8571428571428571,False,0.1428571428571428,4096,True,3
"[""feat"", ""refactor""]","[""feat"", ""fix"", ""refactor""]",1.0026330947875977,"['1bcf88670b50155b50071e707f98f30cea0b7a24', '9ef5c0d14193a9abb09b39856f58477d1f4b0d77', '062daa45cbd5dba6e96e95d8cdcaee89ae30a83c']",1.0,0.6666666666666666,0.8,False,0.1428571428571428,4096,True,3
"[""refactor"", ""fix"", ""docs"", ""test""]","[""fix"", ""docs"", ""test""]",1.1237177848815918,"['bed78248c941d57ad4cc20a455147e186e97c7a1', 'a52a585d74894b3b4eeb8c784fa089ff95cddad0', 'e9617f0854030e70365eb264bcb3b58078e79e9e']",0.75,1.0,0.8571428571428571,False,0.1428571428571428,4096,True,3
"[""docs"", ""ci"", ""feat""]","[""docs"", ""ci"", ""feat""]",0.7514078617095947,"['c2ee5cd5e709afd15c5565ee009a0d204403a119', 'dbb537a26e388a8d7d17faf131abc30c2f7a84e6', 'ded26d768ff432ad3bde3c0aa1e95ce50726100a']",1.0,1.0,1.0,True,0.0,4096,True,3
"[""build"", ""test"", ""ci"", ""refactor""]","[""build"", ""ci"", ""refactor""]",1.0228097438812256,"['454003841aabeb74396d73541378bfa59c75b5db', 'dbb537a26e388a8d7d17faf131abc30c2f7a84e6', '062daa45cbd5dba6e96e95d8cdcaee89ae30a83c']",0.75,1.0,0.8571428571428571,False,0.1428571428571428,4096,True,3
"[""feat"", ""fix"", ""test"", ""refactor""]","[""feat"", ""fix"", ""test""]",0.9511759281158448,"['fd8e563cc19ca4684885d4692acee6bebcca4ada', 'd1d55e787b7d07f763852602b9939a5394607fd9', 'b7ce2894fd1794064bd6db4ed730bb6cb7728739']",0.75,1.0,0.8571428571428571,False,0.1428571428571428,4096,True,3
"[""docs"", ""test"", ""build""]","[""docs"", ""test"", ""build""]",0.9904131889343262,"['bf83c9155e9bee6925aa7102fab53fb803d52533', 'b7ce2894fd1794064bd6db4ed730bb6cb7728739', '37b1cbfd3d2c462ef4f2a131e4172c38dc8d9ddf']",1.0,1.0,1.0,True,0.0,4096,True,3
"[""fix"", ""ci"", ""test""]","[""fix"", ""ci"", ""test""]",1.0109288692474363,"['d129eaf9125a967ac86c6c7276bbae6b4d50af36', 'e7a67d88173566be3cd3aed7e9eeb7e29aabbc57', '317f4eefecddfb1392ca71d551840f446feee302']",1.0,1.0,1.0,True,0.0,4096,True,3
"[""docs"", ""ci""]","[""docs"", ""fix"", ""ci""]",0.9833569526672364,"['c2ee5cd5e709afd15c5565ee009a0d204403a119', 'd1d55e787b7d07f763852602b9939a5394607fd9', '6c9cb638cb4d1ecc42632fcf389c24898c5b3244']",1.0,0.6666666666666666,0.8,False,0.1428571428571428,4096,True,3
"[""ci"", ""fix"", ""docs""]","[""ci"", ""fix"", ""docs""]",0.8905181884765625,"['dbb537a26e388a8d7d17faf131abc30c2f7a84e6', 'c8e0ae8612df3d6f2831acc004aaac332f6105e4', 'e12d9e77a6fd531a22325337838a841b1c67f00d']",1.0,1.0,1.0,True,0.0,4096,True,3
"[""build"", ""docs"", ""fix""]","[""build"", ""docs"", ""refactor""]",0.8138349056243896,"['c55591ba157298a9c5816693c102a89dfd058830', 'c2ee5cd5e709afd15c5565ee009a0d204403a119', 'a62314d9bb632be6af026686615d14b912250512']",0.6666666666666666,0.6666666666666666,0.6666666666666666,False,0.2857142857142857,4096,True,3
"[""refactor"", ""build""]","[""fix"", ""build"", ""refactor""]",1.199376106262207,"['d1d55e787b7d07f763852602b9939a5394607fd9', '32b92cfa0b74a6c25990e32ac6aab12b8496794c', '062daa45cbd5dba6e96e95d8cdcaee89ae30a83c']",1.0,0.6666666666666666,0.8,False,0.1428571428571428,4096,True,3
"[""test"", ""docs"", ""build""]","[""test"", ""docs"", ""build""]",0.8127717971801758,"['f411e58cd510f8a2b980b2f1932003a0c0e9f8f3', 'af880ac5b4fecbc6c4f3d1eee0d95f326e8bd9d1', '1269431c8a3e7549f10fcbbb4b88ff625c8898b3']",1.0,1.0,1.0,True,0.0,4096,True,3
"[""feat"", ""fix"", ""test""]","[""feat"", ""fix"", ""test""]",0.7057693004608154,"['f9a094918b62534614c47aa8a13f33aec751a1e0', '87d5d4e55ab7149b593d29410f1fe426ba2447d4', '317f4eefecddfb1392ca71d551840f446feee302']",1.0,1.0,1.0,True,0.0,4096,True,3
"[""test"", ""fix"", ""feat""]","[""test"", ""fix"", ""feat""]",1.022244930267334,"['229b53a632ea97d47c4be11f096bdd828fb415d8', 'c8e0ae8612df3d6f2831acc004aaac332f6105e4', 'f823cf28652987d43c8324b4f5b203240032383a']",1.0,1.0,1.0,True,0.0,4096,True,3
"[""feat"", ""fix"", ""docs""]","[""feat"", ""fix"", ""docs""]",0.9585971832275392,"['dc5238b2bda98a7c4f2fe9584fc3b0191a408109', '06e2be4e2019b6fa714e1fcb34485860ef1ede79', 'af880ac5b4fecbc6c4f3d1eee0d95f326e8bd9d1']",1.0,1.0,1.0,True,0.0,4096,True,3
"[""ci"", ""test"", ""docs""]","[""ci"", ""docs"", ""test""]",1.083488941192627,"['173553c0372e66e03bdab19e0e6c2dd44daa14a0', 'e12d9e77a6fd531a22325337838a841b1c67f00d', 'c7b25726df94a2530c9b1c0d2b6a0acaa103822f']",1.0,1.0,1.0,True,0.0,4096,True,3
"[""ci"", ""fix"", ""build"", ""docs""]","[""ci"", ""fix"", ""docs""]",0.9204390048980712,"['dbb537a26e388a8d7d17faf131abc30c2f7a84e6', '2561f4ade46fc9d59f289f328cc77733a6443697', 'e12d9e77a6fd531a22325337838a841b1c67f00d']",0.75,1.0,0.8571428571428571,False,0.1428571428571428,4096,True,3
"[""feat"", ""fix"", ""test""]","[""feat"", ""fix"", ""test""]",0.8883829116821289,"['f823cf28652987d43c8324b4f5b203240032383a', '9ef5c0d14193a9abb09b39856f58477d1f4b0d77', '229b53a632ea97d47c4be11f096bdd828fb415d8']",1.0,1.0,1.0,True,0.0,4096,True,3
"[""docs"", ""ci"", ""feat""]","[""docs"", ""ci"", ""feat""]",0.949836015701294,"['6d405dfc1675dcad64a2dfac0c0cb0fb28381d21', '173553c0372e66e03bdab19e0e6c2dd44daa14a0', 'b282e90e2cbb74559aab79eee8443a4d7c85502a']",1.0,1.0,1.0,True,0.0,4096,True,3
"[""ci"", ""docs"", ""fix""]","[""ci"", ""docs"", ""build""]",0.8745760917663574,"['c5fa7b80438fbd74f4c341f0d3c9bd9e0f4910da', '036a0ff49a7dade0e04c9c07071a1ff49133ee24', 'c44cf88a6ec54e5ddd99d8348bcc57b301ec7945']",0.6666666666666666,0.6666666666666666,0.6666666666666666,False,0.2857142857142857,4096,True,3
"[""ci"", ""feat"", ""build""]","[""ci"", ""feat"", ""build""]",1.168487787246704,"['32845e1bbd1efb5dbc16f671049509a409ba25ce', 'b282e90e2cbb74559aab79eee8443a4d7c85502a', '37b1cbfd3d2c462ef4f2a131e4172c38dc8d9ddf']",1.0,1.0,1.0,True,0.0,4096,True,3
"[""test"", ""build"", ""fix"", ""feat""]","[""test"", ""build"", ""fix"", ""feat""]",1.0656230449676514,"['e0198f74b81da3663144cfe1d971939319f82a0f', 'f00a4d3e307b89842250358ee432e6800bb24362', 'd129eaf9125a967ac86c6c7276bbae6b4d50af36', 'dc5238b2bda98a7c4f2fe9584fc3b0191a408109']",1.0,1.0,1.0,True,0.0,4096,True,4
"[""ci"", ""build"", ""test"", ""docs""]","[""ci"", ""build"", ""test"", ""docs""]",1.696463108062744,"['c5fa7b80438fbd74f4c341f0d3c9bd9e0f4910da', '1269431c8a3e7549f10fcbbb4b88ff625c8898b3', 'e2e8ad25854bd1e7cdbc7f50b50bbd99e04ad47d', '036a0ff49a7dade0e04c9c07071a1ff49133ee24']",1.0,1.0,1.0,True,0.0,4096,True,4
"[""refactor"", ""feat"", ""docs"", ""test""]","[""refactor"", ""feat"", ""docs"", ""test""]",0.9181139469146729,"['3cca5c314ad6feeffbfe1f14cf49ebd0fd9a95a2', 'dc5238b2bda98a7c4f2fe9584fc3b0191a408109', 'aca23027da1295c78fdf42ba9687d8ccc88784d7', '229b53a632ea97d47c4be11f096bdd828fb415d8']",1.0,1.0,1.0,True,0.0,4096,True,4
"[""refactor"", ""test"", ""build"", ""feat""]","[""fix"", ""test"", ""build"", ""refactor""]",0.9208722114562988,"['d1d55e787b7d07f763852602b9939a5394607fd9', 'bedc7950b24c37809e36a585b7985d5aa5e3e458', 'c55591ba157298a9c5816693c102a89dfd058830', '535708ae50aecb452560a23356fd396f99ef13a2']",0.75,0.75,0.75,False,0.2857142857142857,4096,True,4
"[""docs"", ""build"", ""ci"", ""feat""]","[""docs"", ""build"", ""ci"", ""feat""]",0.8176219463348389,"['a52a585d74894b3b4eeb8c784fa089ff95cddad0', '1269431c8a3e7549f10fcbbb4b88ff625c8898b3', '45837af24a33308a70a3454f0f650f9fe728e272', 'e137f9fdbdb6bf3f85c3f7ac9323785e445844c8']",1.0,1.0,1.0,True,0.0,4096,True,4
"[""test"", ""refactor"", ""fix"", ""feat"", ""ci""]","[""test"", ""fix"", ""refactor"", ""ci""]",1.0097270011901855,"['e9617f0854030e70365eb264bcb3b58078e79e9e', 'bed78248c941d57ad4cc20a455147e186e97c7a1', '535708ae50aecb452560a23356fd396f99ef13a2', 'c5fa7b80438fbd74f4c341f0d3c9bd9e0f4910da']",0.8,1.0,0.888888888888889,False,0.1428571428571428,4096,True,4
"[""ci"", ""fix"", ""feat"", ""refactor""]","[""ci"", ""fix"", ""feat"", ""refactor""]",1.002690076828003,"['e7a67d88173566be3cd3aed7e9eeb7e29aabbc57', 'bed78248c941d57ad4cc20a455147e186e97c7a1', 'f823cf28652987d43c8324b4f5b203240032383a', '2954a0955ce9af6acb345ed1e8328e145ad30475']",1.0,1.0,1.0,True,0.0,4096,True,4
"[""docs"", ""ci"", ""test"", ""refactor""]","[""docs"", ""ci"", ""test"", ""refactor""]",0.9815220832824708,"['aca23027da1295c78fdf42ba9687d8ccc88784d7', '74e9de5ec97dc013a52aa063dff0f40ac74c407b', '317f4eefecddfb1392ca71d551840f446feee302', '3cca5c314ad6feeffbfe1f14cf49ebd0fd9a95a2']",1.0,1.0,1.0,True,0.0,4096,True,4
"[""fix"", ""feat"", ""build"", ""docs""]","[""fix"", ""feat"", ""build"", ""docs""]",1.5935959815979004,"['9be725fa3906323d4bc9788f54eccf74109d632b', 'e137f9fdbdb6bf3f85c3f7ac9323785e445844c8', 'c323d59c607cabc91f17a78528d998f376f30b10', '0cfc5633d37ea06f645649138323f1820e18bdee']",1.0,1.0,1.0,True,0.0,4096,True,4
"[""docs"", ""feat"", ""test"", ""fix""]","[""docs"", ""feat"", ""test"", ""fix""]",0.955826997756958,"['0cfc5633d37ea06f645649138323f1820e18bdee', '1bcf88670b50155b50071e707f98f30cea0b7a24', '229b53a632ea97d47c4be11f096bdd828fb415d8', '87d5d4e55ab7149b593d29410f1fe426ba2447d4']",1.0,1.0,1.0,True,0.0,4096,True,4
"[""build"", ""refactor"", ""test"", ""ci""]","[""build"", ""refactor"", ""test"", ""ci""]",0.7282743453979492,"['c55591ba157298a9c5816693c102a89dfd058830', '062daa45cbd5dba6e96e95d8cdcaee89ae30a83c', 'c7b25726df94a2530c9b1c0d2b6a0acaa103822f', 'dbb537a26e388a8d7d17faf131abc30c2f7a84e6']",1.0,1.0,1.0,True,0.0,4096,True,4
"[""feat"", ""fix"", ""test"", ""refactor""]","[""feat"", ""fix"", ""test"", ""refactor""]",1.0624799728393557,"['dc5238b2bda98a7c4f2fe9584fc3b0191a408109', 'c8e0ae8612df3d6f2831acc004aaac332f6105e4', 'f411e58cd510f8a2b980b2f1932003a0c0e9f8f3', '47ef9104e4a89e80d7cc6c1950bc080841da4a7b']",1.0,1.0,1.0,True,0.0,4096,True,4
"[""feat"", ""fix"", ""docs"", ""test"", ""ci""]","[""refactor"", ""docs"", ""test"", ""ci""]",1.434595823287964,"['63eab619e6166eb6cab948028a7b89bf059dd878', 'aca23027da1295c78fdf42ba9687d8ccc88784d7', 'f411e58cd510f8a2b980b2f1932003a0c0e9f8f3', 'e7a67d88173566be3cd3aed7e9eeb7e29aabbc57']",0.6,0.75,0.6666666666666665,False,0.4285714285714285,4096,True,4
"[""docs"", ""refactor"", ""test"", ""fix""]","[""docs"", ""refactor"", ""test"", ""fix""]",0.8864121437072754,"['aca23027da1295c78fdf42ba9687d8ccc88784d7', '062daa45cbd5dba6e96e95d8cdcaee89ae30a83c', 'b7ce2894fd1794064bd6db4ed730bb6cb7728739', '06e2be4e2019b6fa714e1fcb34485860ef1ede79']",1.0,1.0,1.0,True,0.0,4096,True,4
"[""test"", ""docs"", ""build"", ""ci""]","[""test"", ""docs"", ""build"", ""ci""]",1.7542262077331543,"['317f4eefecddfb1392ca71d551840f446feee302', 'aca23027da1295c78fdf42ba9687d8ccc88784d7', 'f00a4d3e307b89842250358ee432e6800bb24362', '32845e1bbd1efb5dbc16f671049509a409ba25ce']",1.0,1.0,1.0,True,0.0,4096,True,4
"[""fix"", ""refactor"", ""docs"", ""test""]","[""fix"", ""refactor"", ""docs"", ""test""]",1.0395498275756836,"['933ab6bb86372913c992567cf9660009900911a7', '3cca5c314ad6feeffbfe1f14cf49ebd0fd9a95a2', 'a52a585d74894b3b4eeb8c784fa089ff95cddad0', '229b53a632ea97d47c4be11f096bdd828fb415d8']",1.0,1.0,1.0,True,0.0,4096,True,4
"[""feat"", ""ci"", ""docs"", ""build""]","[""refactor"", ""ci"", ""docs"", ""build""]",0.8346676826477051,"['63eab619e6166eb6cab948028a7b89bf059dd878', '6c9cb638cb4d1ecc42632fcf389c24898c5b3244', 'a52a585d74894b3b4eeb8c784fa089ff95cddad0', 'c55591ba157298a9c5816693c102a89dfd058830']",0.75,0.75,0.75,False,0.2857142857142857,4096,True,4
"[""ci"", ""build"", ""test"", ""feat""]","[""ci"", ""build"", ""test"", ""fix""]",1.0043578147888184,"['173553c0372e66e03bdab19e0e6c2dd44daa14a0', 'c55591ba157298a9c5816693c102a89dfd058830', '8ee0611fbf0cd89abe7ae588f22e6ecb843598ea', '87d5d4e55ab7149b593d29410f1fe426ba2447d4']",0.75,0.75,0.75,False,0.2857142857142857,4096,True,4
"[""ci"", ""build"", ""feat"", ""fix""]","[""ci"", ""build"", ""feat"", ""fix""]",1.0199909210205078,"['32845e1bbd1efb5dbc16f671049509a409ba25ce', '32b92cfa0b74a6c25990e32ac6aab12b8496794c', 'fd8e563cc19ca4684885d4692acee6bebcca4ada', '933ab6bb86372913c992567cf9660009900911a7']",1.0,1.0,1.0,True,0.0,4096,True,4
"[""test"", ""build"", ""fix"", ""feat""]","[""test"", ""build"", ""fix"", ""feat""]",1.2799170017242432,"['317f4eefecddfb1392ca71d551840f446feee302', '454003841aabeb74396d73541378bfa59c75b5db', '933ab6bb86372913c992567cf9660009900911a7', '6ed56ce9ae743ba9a87e6c9643cc06b1de7b748d']",1.0,1.0,1.0,True,0.0,4096,True,4
"[""refactor"", ""docs"", ""test""]","[""fix"", ""docs"", ""test"", ""refactor""]",0.9642560482025146,"['d1d55e787b7d07f763852602b9939a5394607fd9', '6d405dfc1675dcad64a2dfac0c0cb0fb28381d21', 'e0198f74b81da3663144cfe1d971939319f82a0f', '36556bf8e0bce4ab6d26eafacbdad04d9614a5d7']",1.0,0.75,0.8571428571428571,False,0.1428571428571428,4096,True,4
"[""ci"", ""docs"", ""fix"", ""feat""]","[""ci"", ""docs"", ""build"", ""feat""]",0.7666833400726318,"['e7a67d88173566be3cd3aed7e9eeb7e29aabbc57', '6d405dfc1675dcad64a2dfac0c0cb0fb28381d21', 'c44cf88a6ec54e5ddd99d8348bcc57b301ec7945', 'f9a094918b62534614c47aa8a13f33aec751a1e0']",0.75,0.75,0.75,False,0.2857142857142857,4096,True,4
"[""fix"", ""test"", ""feat"", ""docs""]","[""fix"", ""test"", ""feat"", ""docs""]",1.1455090045928955,"['2561f4ade46fc9d59f289f328cc77733a6443697', 'e0198f74b81da3663144cfe1d971939319f82a0f', '1bcf88670b50155b50071e707f98f30cea0b7a24', '6d405dfc1675dcad64a2dfac0c0cb0fb28381d21']",1.0,1.0,1.0,True,0.0,4096,True,4
"[""ci"", ""fix"", ""test"", ""docs""]","[""ci"", ""fix"", ""test"", ""docs""]",0.9237060546875,"['4cbbd2552ba0de273e1dfe7d453c5b3efed751a3', '933ab6bb86372913c992567cf9660009900911a7', 'b7ce2894fd1794064bd6db4ed730bb6cb7728739', 'af880ac5b4fecbc6c4f3d1eee0d95f326e8bd9d1']",1.0,1.0,1.0,True,0.0,4096,True,4
"[""feat"", ""refactor"", ""ci""]","[""feat"", ""ci"", ""refactor"", ""fix""]",0.982501745223999,"['f823cf28652987d43c8324b4f5b203240032383a', '45837af24a33308a70a3454f0f650f9fe728e272', '36556bf8e0bce4ab6d26eafacbdad04d9614a5d7', 'bed78248c941d57ad4cc20a455147e186e97c7a1']",1.0,0.75,0.8571428571428571,False,0.1428571428571428,4096,True,4
"[""feat"", ""refactor"", ""docs"", ""build""]","[""refactor"", ""feat"", ""docs"", ""build""]",1.1430418491363523,"['63eab619e6166eb6cab948028a7b89bf059dd878', 'e137f9fdbdb6bf3f85c3f7ac9323785e445844c8', 'a52a585d74894b3b4eeb8c784fa089ff95cddad0', 'f00a4d3e307b89842250358ee432e6800bb24362']",1.0,1.0,1.0,True,0.0,4096,True,4
"[""build"", ""ci"", ""test"", ""feat"", ""fix""]","[""build"", ""test"", ""ci"", ""refactor""]",1.22832989692688,"['1269431c8a3e7549f10fcbbb4b88ff625c8898b3', '8ee0611fbf0cd89abe7ae588f22e6ecb843598ea', '45837af24a33308a70a3454f0f650f9fe728e272', '63eab619e6166eb6cab948028a7b89bf059dd878']",0.6,0.75,0.6666666666666665,False,0.4285714285714285,4096,True,4
"[""build"", ""docs"", ""refactor"", ""fix""]","[""build"", ""docs"", ""feat"", ""fix""]",1.4487712383270264,"['37b1cbfd3d2c462ef4f2a131e4172c38dc8d9ddf', '6d405dfc1675dcad64a2dfac0c0cb0fb28381d21', 'b282e90e2cbb74559aab79eee8443a4d7c85502a', '2561f4ade46fc9d59f289f328cc77733a6443697']",0.75,0.75,0.75,False,0.2857142857142857,4096,True,4
"[""build"", ""test"", ""ci"", ""feat"", ""refactor""]","[""build"", ""test"", ""ci"", ""feat""]",1.2314488887786863,"['c55591ba157298a9c5816693c102a89dfd058830', '317f4eefecddfb1392ca71d551840f446feee302', 'c5fa7b80438fbd74f4c341f0d3c9bd9e0f4910da', '6ed56ce9ae743ba9a87e6c9643cc06b1de7b748d']",0.8,1.0,0.888888888888889,False,0.1428571428571428,4096,True,4
"[""fix"", ""build"", ""docs"", ""refactor""]","[""fix"", ""build"", ""docs"", ""refactor""]",0.91385817527771,"['933ab6bb86372913c992567cf9660009900911a7', '5b81fde8a72cf2e69a10e9f5c4f0bea0a2b8c3e0', 'c2ee5cd5e709afd15c5565ee009a0d204403a119', '3cca5c314ad6feeffbfe1f14cf49ebd0fd9a95a2']",1.0,1.0,1.0,True,0.0,4096,True,4
"[""fix"", ""feat"", ""docs"", ""ci""]","[""fix"", ""feat"", ""docs"", ""ci""]",1.1123089790344238,"['933ab6bb86372913c992567cf9660009900911a7', 'dc5238b2bda98a7c4f2fe9584fc3b0191a408109', '036a0ff49a7dade0e04c9c07071a1ff49133ee24', 'e7a67d88173566be3cd3aed7e9eeb7e29aabbc57']",1.0,1.0,1.0,True,0.0,4096,True,4
"[""docs"", ""fix"", ""feat"", ""refactor""]","[""docs"", ""fix"", ""feat"", ""refactor""]",0.9779379367828368,"['af880ac5b4fecbc6c4f3d1eee0d95f326e8bd9d1', 'c8e0ae8612df3d6f2831acc004aaac332f6105e4', 'f9a094918b62534614c47aa8a13f33aec751a1e0', '47ef9104e4a89e80d7cc6c1950bc080841da4a7b']",1.0,1.0,1.0,True,0.0,4096,True,4
"[""fix"", ""feat"", ""ci""]","[""fix"", ""build"", ""feat"", ""ci""]",1.3936991691589355,"['d129eaf9125a967ac86c6c7276bbae6b4d50af36', '1269431c8a3e7549f10fcbbb4b88ff625c8898b3', 'e137f9fdbdb6bf3f85c3f7ac9323785e445844c8', '173553c0372e66e03bdab19e0e6c2dd44daa14a0']",1.0,0.75,0.8571428571428571,False,0.1428571428571428,4096,True,4
"[""feat"", ""refactor"", ""test"", ""build""]","[""feat"", ""refactor"", ""test"", ""build""]",1.0192630290985107,"['dc5238b2bda98a7c4f2fe9584fc3b0191a408109', '771857b1df9470ebc15357e8879118a72c649d5b', 'b7ce2894fd1794064bd6db4ed730bb6cb7728739', 'c323d59c607cabc91f17a78528d998f376f30b10']",1.0,1.0,1.0,True,0.0,4096,True,4
"[""build"", ""test"", ""ci"", ""fix"", ""refactor""]","[""build"", ""test"", ""ci"", ""fix""]",1.3307619094848633,"['5b81fde8a72cf2e69a10e9f5c4f0bea0a2b8c3e0', 'b7ce2894fd1794064bd6db4ed730bb6cb7728739', '74e9de5ec97dc013a52aa063dff0f40ac74c407b', 'd129eaf9125a967ac86c6c7276bbae6b4d50af36']",0.8,1.0,0.888888888888889,False,0.1428571428571428,4096,True,4
"[""docs"", ""feat"", ""build"", ""test"", ""ci""]","[""docs"", ""feat"", ""build"", ""ci""]",1.3754827976226809,"['af880ac5b4fecbc6c4f3d1eee0d95f326e8bd9d1', 'ded26d768ff432ad3bde3c0aa1e95ce50726100a', '454003841aabeb74396d73541378bfa59c75b5db', '4cbbd2552ba0de273e1dfe7d453c5b3efed751a3']",0.8,1.0,0.888888888888889,False,0.1428571428571428,4096,True,4
"[""docs"", ""feat"", ""ci"", ""build""]","[""docs"", ""refactor"", ""ci"", ""build""]",1.0354349613189695,"['036a0ff49a7dade0e04c9c07071a1ff49133ee24', '535708ae50aecb452560a23356fd396f99ef13a2', 'e7a67d88173566be3cd3aed7e9eeb7e29aabbc57', 'c55591ba157298a9c5816693c102a89dfd058830']",0.75,0.75,0.75,False,0.2857142857142857,4096,True,4
"[""feat"", ""ci"", ""docs"", ""refactor""]","[""refactor"", ""ci"", ""fix"", ""docs""]",1.587127923965454,"['2954a0955ce9af6acb345ed1e8328e145ad30475', '6c9cb638cb4d1ecc42632fcf389c24898c5b3244', 'd1d55e787b7d07f763852602b9939a5394607fd9', '6d405dfc1675dcad64a2dfac0c0cb0fb28381d21']",0.75,0.75,0.75,False,0.2857142857142857,4096,True,4
"[""test"", ""ci"", ""docs"", ""feat""]","[""test"", ""ci"", ""docs"", ""feat""]",1.222527027130127,"['229b53a632ea97d47c4be11f096bdd828fb415d8', '4cbbd2552ba0de273e1dfe7d453c5b3efed751a3', 'bf83c9155e9bee6925aa7102fab53fb803d52533', 'ded26d768ff432ad3bde3c0aa1e95ce50726100a']",1.0,1.0,1.0,True,0.0,4096,True,4
"[""refactor"", ""feat"", ""test""]","[""refactor"", ""fix"", ""test"", ""feat""]",0.9387450218200684,"['47ef9104e4a89e80d7cc6c1950bc080841da4a7b', '9ef5c0d14193a9abb09b39856f58477d1f4b0d77', 'b7ce2894fd1794064bd6db4ed730bb6cb7728739', '1bcf88670b50155b50071e707f98f30cea0b7a24']",1.0,0.75,0.8571428571428571,False,0.1428571428571428,4096,True,4
"[""docs"", ""feat"", ""ci""]","[""docs"", ""feat"", ""ci"", ""refactor""]",0.9062247276306152,"['e12d9e77a6fd531a22325337838a841b1c67f00d', 'fd8e563cc19ca4684885d4692acee6bebcca4ada', '173553c0372e66e03bdab19e0e6c2dd44daa14a0', '535708ae50aecb452560a23356fd396f99ef13a2']",1.0,0.75,0.8571428571428571,False,0.1428571428571428,4096,True,4
"[""refactor"", ""feat"", ""ci""]","[""refactor"", ""feat"", ""docs"", ""ci""]",1.22131609916687,"['1db13ec43727aca872a0f3836e4023ed85db665e', 'b282e90e2cbb74559aab79eee8443a4d7c85502a', 'e12d9e77a6fd531a22325337838a841b1c67f00d', '74e9de5ec97dc013a52aa063dff0f40ac74c407b']",1.0,0.75,0.8571428571428571,False,0.1428571428571428,4096,True,4
"[""docs"", ""ci"", ""refactor"", ""test""]","[""docs"", ""ci"", ""refactor"", ""test""]",1.014969825744629,"['aca23027da1295c78fdf42ba9687d8ccc88784d7', '74e9de5ec97dc013a52aa063dff0f40ac74c407b', '2954a0955ce9af6acb345ed1e8328e145ad30475', 'f411e58cd510f8a2b980b2f1932003a0c0e9f8f3']",1.0,1.0,1.0,True,0.0,4096,True,4
"[""test"", ""docs"", ""ci"", ""fix""]","[""test"", ""docs"", ""ci"", ""fix""]",0.910576105117798,"['b7ce2894fd1794064bd6db4ed730bb6cb7728739', 'af880ac5b4fecbc6c4f3d1eee0d95f326e8bd9d1', '6c9cb638cb4d1ecc42632fcf389c24898c5b3244', 'd129eaf9125a967ac86c6c7276bbae6b4d50af36']",1.0,1.0,1.0,True,0.0,4096,True,4
"[""ci"", ""refactor"", ""test"", ""build"", ""docs"", ""fix""]","[""ci"", ""refactor"", ""test"", ""docs""]",1.2431581020355225,"['e7a67d88173566be3cd3aed7e9eeb7e29aabbc57', '36556bf8e0bce4ab6d26eafacbdad04d9614a5d7', '8ee0611fbf0cd89abe7ae588f22e6ecb843598ea', 'c2ee5cd5e709afd15c5565ee009a0d204403a119']",0.6666666666666666,1.0,0.8,False,0.2857142857142857,4096,True,4
"[""docs"", ""feat"", ""test"", ""build""]","[""docs"", ""feat"", ""test"", ""build""]",0.8395869731903076,"['0cfc5633d37ea06f645649138323f1820e18bdee', 'fd8e563cc19ca4684885d4692acee6bebcca4ada', 'e9617f0854030e70365eb264bcb3b58078e79e9e', '1269431c8a3e7549f10fcbbb4b88ff625c8898b3']",1.0,1.0,1.0,True,0.0,4096,True,4
"[""refactor"", ""fix"", ""test""]","[""refactor"", ""feat"", ""test"", ""fix""]",1.1856331825256348,"['47ef9104e4a89e80d7cc6c1950bc080841da4a7b', 'b282e90e2cbb74559aab79eee8443a4d7c85502a', 'e0198f74b81da3663144cfe1d971939319f82a0f', 'bed78248c941d57ad4cc20a455147e186e97c7a1']",1.0,0.75,0.8571428571428571,False,0.1428571428571428,4096,True,4
"[""build"", ""ci"", ""fix"", ""feat""]","[""build"", ""ci"", ""fix"", ""refactor""]",0.8157250881195068,"['454003841aabeb74396d73541378bfa59c75b5db', '173553c0372e66e03bdab19e0e6c2dd44daa14a0', 'd129eaf9125a967ac86c6c7276bbae6b4d50af36', '63eab619e6166eb6cab948028a7b89bf059dd878']",0.75,0.75,0.75,False,0.2857142857142857,4096,True,4
"[""test"", ""docs"", ""feat"", ""build"", ""refactor""]","[""test"", ""refactor"", ""docs"", ""feat""]",1.097273826599121,"['e9617f0854030e70365eb264bcb3b58078e79e9e', '2954a0955ce9af6acb345ed1e8328e145ad30475', 'c2ee5cd5e709afd15c5565ee009a0d204403a119', '6ed56ce9ae743ba9a87e6c9643cc06b1de7b748d']",0.8,1.0,0.888888888888889,False,0.1428571428571428,4096,True,4
"[""build"", ""docs"", ""refactor"", ""ci""]","[""build"", ""refactor"", ""fix"", ""ci""]",0.768949031829834,"['454003841aabeb74396d73541378bfa59c75b5db', 'a62314d9bb632be6af026686615d14b912250512', '06e2be4e2019b6fa714e1fcb34485860ef1ede79', '4cbbd2552ba0de273e1dfe7d453c5b3efed751a3']",0.75,0.75,0.75,False,0.2857142857142857,4096,True,4
"[""fix"", ""test"", ""feat"", ""ci""]","[""feat"", ""test"", ""refactor"", ""ci""]",0.7977628707885742,"['b282e90e2cbb74559aab79eee8443a4d7c85502a', 'e2e8ad25854bd1e7cdbc7f50b50bbd99e04ad47d', '63eab619e6166eb6cab948028a7b89bf059dd878', '6c9cb638cb4d1ecc42632fcf389c24898c5b3244']",0.75,0.75,0.75,False,0.2857142857142857,4096,True,4
"[""docs"", ""test"", ""fix"", ""refactor""]","[""docs"", ""fix"", ""test"", ""refactor""]",1.4143307209014893,"['0cfc5633d37ea06f645649138323f1820e18bdee', 'd1d55e787b7d07f763852602b9939a5394607fd9', 'e2e8ad25854bd1e7cdbc7f50b50bbd99e04ad47d', '062daa45cbd5dba6e96e95d8cdcaee89ae30a83c']",1.0,1.0,1.0,True,0.0,4096,True,4
"[""refactor"", ""fix"", ""docs"", ""ci""]","[""refactor"", ""fix"", ""docs"", ""ci""]",1.453573226928711,"['47ef9104e4a89e80d7cc6c1950bc080841da4a7b', 'd129eaf9125a967ac86c6c7276bbae6b4d50af36', '0cfc5633d37ea06f645649138323f1820e18bdee', '45837af24a33308a70a3454f0f650f9fe728e272']",1.0,1.0,1.0,True,0.0,4096,True,4
"[""refactor"", ""fix"", ""build"", ""ci"", ""test"", ""feat""]","[""fix"", ""build"", ""ci"", ""test""]",1.411423683166504,"['bed78248c941d57ad4cc20a455147e186e97c7a1', '1269431c8a3e7549f10fcbbb4b88ff625c8898b3', '45837af24a33308a70a3454f0f650f9fe728e272', '8ee0611fbf0cd89abe7ae588f22e6ecb843598ea']",0.6666666666666666,1.0,0.8,False,0.2857142857142857,4096,True,4
"[""build"", ""ci"", ""docs"", ""refactor"", ""fix""]","[""build"", ""fix"", ""ci"", ""docs""]",1.2266430854797363,"['454003841aabeb74396d73541378bfa59c75b5db', 'bed78248c941d57ad4cc20a455147e186e97c7a1', '45837af24a33308a70a3454f0f650f9fe728e272', 'c2ee5cd5e709afd15c5565ee009a0d204403a119']",0.8,1.0,0.888888888888889,False,0.1428571428571428,4096,True,4
"[""ci"", ""refactor"", ""docs""]","[""ci"", ""refactor"", ""fix"", ""docs""]",0.9201390743255616,"['dbb537a26e388a8d7d17faf131abc30c2f7a84e6', '3cca5c314ad6feeffbfe1f14cf49ebd0fd9a95a2', 'd1d55e787b7d07f763852602b9939a5394607fd9', '6d405dfc1675dcad64a2dfac0c0cb0fb28381d21']",1.0,0.75,0.8571428571428571,False,0.1428571428571428,4096,True,4
"[""fix"", ""build"", ""ci"", ""docs"", ""refactor""]","[""fix"", ""ci"", ""docs"", ""refactor""]",1.3287878036499023,"['2561f4ade46fc9d59f289f328cc77733a6443697', '6c9cb638cb4d1ecc42632fcf389c24898c5b3244', 'bf83c9155e9bee6925aa7102fab53fb803d52533', '771857b1df9470ebc15357e8879118a72c649d5b']",0.8,1.0,0.888888888888889,False,0.1428571428571428,4096,True,4
"[""fix"", ""feat"", ""build"", ""docs""]","[""fix"", ""feat"", ""build"", ""docs""]",2.49489688873291,"['06e2be4e2019b6fa714e1fcb34485860ef1ede79', 'fd8e563cc19ca4684885d4692acee6bebcca4ada', '32b92cfa0b74a6c25990e32ac6aab12b8496794c', '6d405dfc1675dcad64a2dfac0c0cb0fb28381d21']",1.0,1.0,1.0,True,0.0,4096,True,4
"[""build"", ""ci"", ""test"", ""fix"", ""feat""]","[""build"", ""ci"", ""test"", ""feat""]",1.0878942012786863,"['c55591ba157298a9c5816693c102a89dfd058830', '45837af24a33308a70a3454f0f650f9fe728e272', 'b7ce2894fd1794064bd6db4ed730bb6cb7728739', 'dc5238b2bda98a7c4f2fe9584fc3b0191a408109']",0.8,1.0,0.888888888888889,False,0.1428571428571428,4096,True,4
"[""ci"", ""feat"", ""test"", ""docs""]","[""ci"", ""docs"", ""feat"", ""test""]",0.8150899410247803,"['173553c0372e66e03bdab19e0e6c2dd44daa14a0', 'e12d9e77a6fd531a22325337838a841b1c67f00d', 'f823cf28652987d43c8324b4f5b203240032383a', '229b53a632ea97d47c4be11f096bdd828fb415d8']",1.0,1.0,1.0,True,0.0,4096,True,4
"[""refactor"", ""docs"", ""ci"", ""test""]","[""refactor"", ""docs"", ""ci"", ""test""]",1.0234689712524414,"['36556bf8e0bce4ab6d26eafacbdad04d9614a5d7', 'aca23027da1295c78fdf42ba9687d8ccc88784d7', 'dbb537a26e388a8d7d17faf131abc30c2f7a84e6', '229b53a632ea97d47c4be11f096bdd828fb415d8']",1.0,1.0,1.0,True,0.0,4096,True,4
"[""docs"", ""refactor"", ""test"", ""fix""]","[""docs"", ""refactor"", ""test"", ""fix""]",1.1129400730133057,"['0cfc5633d37ea06f645649138323f1820e18bdee', '1db13ec43727aca872a0f3836e4023ed85db665e', '229b53a632ea97d47c4be11f096bdd828fb415d8', '9be725fa3906323d4bc9788f54eccf74109d632b']",1.0,1.0,1.0,True,0.0,4096,True,4
"[""ci"", ""docs"", ""refactor"", ""test""]","[""ci"", ""docs"", ""refactor"", ""test""]",0.8970768451690674,"['c5fa7b80438fbd74f4c341f0d3c9bd9e0f4910da', 'bf83c9155e9bee6925aa7102fab53fb803d52533', '062daa45cbd5dba6e96e95d8cdcaee89ae30a83c', 'bedc7950b24c37809e36a585b7985d5aa5e3e458']",1.0,1.0,1.0,True,0.0,4096,True,4
"[""fix"", ""docs"", ""ci"", ""feat""]","[""fix"", ""docs"", ""ci"", ""feat""]",1.1510310173034668,"['9be725fa3906323d4bc9788f54eccf74109d632b', '036a0ff49a7dade0e04c9c07071a1ff49133ee24', '45837af24a33308a70a3454f0f650f9fe728e272', 'f823cf28652987d43c8324b4f5b203240032383a']",1.0,1.0,1.0,True,0.0,4096,True,4
"[""docs"", ""test"", ""build"", ""feat""]","[""docs"", ""test"", ""build"", ""feat""]",1.3712811470031738,"['bf83c9155e9bee6925aa7102fab53fb803d52533', 'e0198f74b81da3663144cfe1d971939319f82a0f', 'f00a4d3e307b89842250358ee432e6800bb24362', 'ded26d768ff432ad3bde3c0aa1e95ce50726100a']",1.0,1.0,1.0,True,0.0,4096,True,4
"[""docs"", ""test"", ""fix"", ""refactor""]","[""docs"", ""refactor"", ""test"", ""fix""]",0.7614483833312988,"['aca23027da1295c78fdf42ba9687d8ccc88784d7', '1db13ec43727aca872a0f3836e4023ed85db665e', 'f411e58cd510f8a2b980b2f1932003a0c0e9f8f3', '2561f4ade46fc9d59f289f328cc77733a6443697']",1.0,1.0,1.0,True,0.0,4096,True,4
"[""test"", ""feat"", ""docs"", ""ci""]","[""test"", ""feat"", ""docs"", ""ci""]",0.8064277172088623,"['e0198f74b81da3663144cfe1d971939319f82a0f', 'f823cf28652987d43c8324b4f5b203240032383a', 'aca23027da1295c78fdf42ba9687d8ccc88784d7', 'e96487ad7ce90b141219d9032fa2bed68d5dae6a']",1.0,1.0,1.0,True,0.0,4096,True,4
"[""feat"", ""build"", ""docs""]","[""refactor"", ""build"", ""feat"", ""docs""]",1.0590238571166992,"['63eab619e6166eb6cab948028a7b89bf059dd878', '32b92cfa0b74a6c25990e32ac6aab12b8496794c', 'fd8e563cc19ca4684885d4692acee6bebcca4ada', 'a52a585d74894b3b4eeb8c784fa089ff95cddad0']",1.0,0.75,0.8571428571428571,False,0.1428571428571428,4096,True,4
"[""build"", ""test"", ""fix"", ""feat""]","[""build"", ""fix"", ""test"", ""feat""]",0.8831071853637695,"['37b1cbfd3d2c462ef4f2a131e4172c38dc8d9ddf', 'c8e0ae8612df3d6f2831acc004aaac332f6105e4', 'c7b25726df94a2530c9b1c0d2b6a0acaa103822f', '1bcf88670b50155b50071e707f98f30cea0b7a24']",1.0,1.0,1.0,True,0.0,4096,True,4
"[""refactor"", ""ci"", ""docs"", ""build""]","[""refactor"", ""ci"", ""docs"", ""build""]",1.035494089126587,"['771857b1df9470ebc15357e8879118a72c649d5b', '6c9cb638cb4d1ecc42632fcf389c24898c5b3244', '6d405dfc1675dcad64a2dfac0c0cb0fb28381d21', '454003841aabeb74396d73541378bfa59c75b5db']",1.0,1.0,1.0,True,0.0,4096,True,4
"[""fix"", ""docs"", ""feat"", ""ci"", ""test""]","[""fix"", ""docs"", ""refactor"", ""ci"", ""test""]",0.9895730018615724,"['9be725fa3906323d4bc9788f54eccf74109d632b', 'bf83c9155e9bee6925aa7102fab53fb803d52533', '535708ae50aecb452560a23356fd396f99ef13a2', '4cbbd2552ba0de273e1dfe7d453c5b3efed751a3', 'bedc7950b24c37809e36a585b7985d5aa5e3e458']",0.8,0.8,0.8000000000000002,False,0.2857142857142857,4096,True,5
"[""test"", ""docs"", ""fix"", ""refactor"", ""build"", ""feat""]","[""test"", ""docs"", ""refactor"", ""build"", ""feat""]",1.1369919776916504,"['229b53a632ea97d47c4be11f096bdd828fb415d8', 'bf83c9155e9bee6925aa7102fab53fb803d52533', '062daa45cbd5dba6e96e95d8cdcaee89ae30a83c', 'e4a11fd5c34942ba12737f1c8c084489428ee274', 'fd8e563cc19ca4684885d4692acee6bebcca4ada']",0.8333333333333334,1.0,0.9090909090909092,False,0.1428571428571428,4096,True,5
"[""test"", ""ci"", ""refactor"", ""build""]","[""test"", ""ci"", ""fix"", ""build"", ""refactor""]",0.8490009307861328,"['317f4eefecddfb1392ca71d551840f446feee302', 'e7a67d88173566be3cd3aed7e9eeb7e29aabbc57', 'd1d55e787b7d07f763852602b9939a5394607fd9', 'f00a4d3e307b89842250358ee432e6800bb24362', '771857b1df9470ebc15357e8879118a72c649d5b']",1.0,0.8,0.888888888888889,False,0.1428571428571428,4096,True,5
"[""ci"", ""refactor"", ""fix""]","[""ci"", ""refactor"", ""build"", ""test"", ""fix""]",1.1122157573699951,"['e7a67d88173566be3cd3aed7e9eeb7e29aabbc57', '47ef9104e4a89e80d7cc6c1950bc080841da4a7b', '5b81fde8a72cf2e69a10e9f5c4f0bea0a2b8c3e0', 'bedc7950b24c37809e36a585b7985d5aa5e3e458', '9ef5c0d14193a9abb09b39856f58477d1f4b0d77']",1.0,0.6,0.7499999999999999,False,0.2857142857142857,4096,True,5
"[""refactor"", ""feat"", ""docs""]","[""build"", ""fix"", ""feat"", ""refactor"", ""docs""]",0.864635705947876,"['e4a11fd5c34942ba12737f1c8c084489428ee274', '9ef5c0d14193a9abb09b39856f58477d1f4b0d77', 'dc5238b2bda98a7c4f2fe9584fc3b0191a408109', '771857b1df9470ebc15357e8879118a72c649d5b', 'c2ee5cd5e709afd15c5565ee009a0d204403a119']",1.0,0.6,0.7499999999999999,False,0.2857142857142857,4096,True,5
"[""docs"", ""test"", ""build"", ""fix"", ""feat""]","[""docs"", ""test"", ""build"", ""fix"", ""feat""]",0.8705449104309082,"['bf83c9155e9bee6925aa7102fab53fb803d52533', '229b53a632ea97d47c4be11f096bdd828fb415d8', 'c55591ba157298a9c5816693c102a89dfd058830', '06e2be4e2019b6fa714e1fcb34485860ef1ede79', 'f823cf28652987d43c8324b4f5b203240032383a']",1.0,1.0,1.0,True,0.0,4096,True,5
"[""ci"", ""build"", ""fix"", ""test"", ""refactor""]","[""ci"", ""build"", ""fix"", ""test"", ""feat""]",1.4562280178070068,"['e7a67d88173566be3cd3aed7e9eeb7e29aabbc57', 'c55591ba157298a9c5816693c102a89dfd058830', 'd129eaf9125a967ac86c6c7276bbae6b4d50af36', '229b53a632ea97d47c4be11f096bdd828fb415d8', '1bcf88670b50155b50071e707f98f30cea0b7a24']",0.8,0.8,0.8000000000000002,False,0.2857142857142857,4096,True,5
"[""fix"", ""test"", ""build"", ""ci"", ""refactor""]","[""fix"", ""test"", ""build"", ""ci"", ""refactor""]",0.906869888305664,"['2561f4ade46fc9d59f289f328cc77733a6443697', 'b7ce2894fd1794064bd6db4ed730bb6cb7728739', '1269431c8a3e7549f10fcbbb4b88ff625c8898b3', 'e96487ad7ce90b141219d9032fa2bed68d5dae6a', '36556bf8e0bce4ab6d26eafacbdad04d9614a5d7']",1.0,1.0,1.0,True,0.0,4096,True,5
"[""docs"", ""ci"", ""feat"", ""fix""]","[""docs"", ""ci"", ""refactor"", ""test"", ""fix""]",0.956307888031006,"['bf83c9155e9bee6925aa7102fab53fb803d52533', 'e7a67d88173566be3cd3aed7e9eeb7e29aabbc57', '535708ae50aecb452560a23356fd396f99ef13a2', 'c7b25726df94a2530c9b1c0d2b6a0acaa103822f', '06e2be4e2019b6fa714e1fcb34485860ef1ede79']",0.75,0.6,0.6666666666666665,False,0.4285714285714285,4096,True,5
"[""refactor"", ""docs"", ""build"", ""feat""]","[""refactor"", ""docs"", ""build"", ""feat"", ""fix""]",0.8146460056304932,"['36556bf8e0bce4ab6d26eafacbdad04d9614a5d7', 'c2ee5cd5e709afd15c5565ee009a0d204403a119', 'c55591ba157298a9c5816693c102a89dfd058830', '68278b00450f2679761a2999500f6d87a579376b', '9ef5c0d14193a9abb09b39856f58477d1f4b0d77']",1.0,0.8,0.888888888888889,False,0.1428571428571428,4096,True,5
"[""feat"", ""fix"", ""refactor"", ""ci"", ""test""]","[""feat"", ""build"", ""fix"", ""ci"", ""test""]",1.080603837966919,"['ded26d768ff432ad3bde3c0aa1e95ce50726100a', 'c323d59c607cabc91f17a78528d998f376f30b10', '2561f4ade46fc9d59f289f328cc77733a6443697', '45837af24a33308a70a3454f0f650f9fe728e272', 'e0198f74b81da3663144cfe1d971939319f82a0f']",0.8,0.8,0.8000000000000002,False,0.2857142857142857,4096,True,5
"[""ci"", ""fix"", ""build"", ""refactor"", ""feat""]","[""ci"", ""refactor"", ""test"", ""feat"", ""fix""]",1.16143798828125,"['e96487ad7ce90b141219d9032fa2bed68d5dae6a', 'a62314d9bb632be6af026686615d14b912250512', 'c7b25726df94a2530c9b1c0d2b6a0acaa103822f', '6ed56ce9ae743ba9a87e6c9643cc06b1de7b748d', '9ef5c0d14193a9abb09b39856f58477d1f4b0d77']",0.8,0.8,0.8000000000000002,False,0.2857142857142857,4096,True,5
"[""build"", ""feat"", ""ci"", ""docs"", ""fix""]","[""build"", ""refactor"", ""ci"", ""docs"", ""fix""]",1.10617995262146,"['c55591ba157298a9c5816693c102a89dfd058830', '63eab619e6166eb6cab948028a7b89bf059dd878', 'c5fa7b80438fbd74f4c341f0d3c9bd9e0f4910da', '036a0ff49a7dade0e04c9c07071a1ff49133ee24', '9be725fa3906323d4bc9788f54eccf74109d632b']",0.8,0.8,0.8000000000000002,False,0.2857142857142857,4096,True,5
"[""docs"", ""ci"", ""refactor"", ""build"", ""feat""]","[""docs"", ""ci"", ""refactor"", ""build"", ""feat""]",0.973099946975708,"['bf83c9155e9bee6925aa7102fab53fb803d52533', '173553c0372e66e03bdab19e0e6c2dd44daa14a0', '535708ae50aecb452560a23356fd396f99ef13a2', '1269431c8a3e7549f10fcbbb4b88ff625c8898b3', 'f823cf28652987d43c8324b4f5b203240032383a']",1.0,1.0,1.0,True,0.0,4096,True,5
"[""test"", ""feat"", ""fix"", ""docs"", ""refactor""]","[""test"", ""feat"", ""refactor"", ""fix"", ""docs""]",1.24617600440979,"['bedc7950b24c37809e36a585b7985d5aa5e3e458', 'fd8e563cc19ca4684885d4692acee6bebcca4ada', '062daa45cbd5dba6e96e95d8cdcaee89ae30a83c', 'c8e0ae8612df3d6f2831acc004aaac332f6105e4', '036a0ff49a7dade0e04c9c07071a1ff49133ee24']",1.0,1.0,1.0,True,0.0,4096,True,5
"[""docs"", ""ci"", ""build"", ""refactor"", ""test""]","[""docs"", ""build"", ""ci"", ""fix"", ""test""]",0.9575932025909424,"['c2ee5cd5e709afd15c5565ee009a0d204403a119', '1269431c8a3e7549f10fcbbb4b88ff625c8898b3', 'e7a67d88173566be3cd3aed7e9eeb7e29aabbc57', 'bed78248c941d57ad4cc20a455147e186e97c7a1', 'e9617f0854030e70365eb264bcb3b58078e79e9e']",0.8,0.8,0.8000000000000002,False,0.2857142857142857,4096,True,5
"[""refactor"", ""ci"", ""docs"", ""test"", ""build""]","[""refactor"", ""ci"", ""docs"", ""test"", ""build""]",0.8934500217437744,"['3cca5c314ad6feeffbfe1f14cf49ebd0fd9a95a2', 'dbb537a26e388a8d7d17faf131abc30c2f7a84e6', 'e12d9e77a6fd531a22325337838a841b1c67f00d', 'c7b25726df94a2530c9b1c0d2b6a0acaa103822f', '37b1cbfd3d2c462ef4f2a131e4172c38dc8d9ddf']",1.0,1.0,1.0,True,0.0,4096,True,5
"[""test"", ""fix"", ""ci"", ""refactor""]","[""test"", ""feat"", ""ci"", ""refactor"", ""fix""]",0.8165261745452881,"['229b53a632ea97d47c4be11f096bdd828fb415d8', 'b282e90e2cbb74559aab79eee8443a4d7c85502a', 'dbb537a26e388a8d7d17faf131abc30c2f7a84e6', '3cca5c314ad6feeffbfe1f14cf49ebd0fd9a95a2', '933ab6bb86372913c992567cf9660009900911a7']",1.0,0.8,0.888888888888889,False,0.1428571428571428,4096,True,5
"[""build"", ""fix"", ""ci"", ""refactor"", ""test"", ""docs""]","[""build"", ""fix"", ""ci"", ""refactor"", ""docs""]",1.1538870334625244,"['37b1cbfd3d2c462ef4f2a131e4172c38dc8d9ddf', '06e2be4e2019b6fa714e1fcb34485860ef1ede79', 'c5fa7b80438fbd74f4c341f0d3c9bd9e0f4910da', '1db13ec43727aca872a0f3836e4023ed85db665e', 'a52a585d74894b3b4eeb8c784fa089ff95cddad0']",0.8333333333333334,1.0,0.9090909090909092,False,0.1428571428571428,4096,True,5
"[""fix"", ""docs"", ""ci"", ""feat"", ""test""]","[""build"", ""docs"", ""ci"", ""test"", ""feat""]",0.8805160522460938,"['c44cf88a6ec54e5ddd99d8348bcc57b301ec7945', '6d405dfc1675dcad64a2dfac0c0cb0fb28381d21', 'e7a67d88173566be3cd3aed7e9eeb7e29aabbc57', 'f411e58cd510f8a2b980b2f1932003a0c0e9f8f3', 'f823cf28652987d43c8324b4f5b203240032383a']",0.8,0.8,0.8000000000000002,False,0.2857142857142857,4096,True,5
"[""feat"", ""fix"", ""refactor"", ""test""]","[""feat"", ""fix"", ""refactor"", ""build"", ""test""]",0.9200971126556396,"['f823cf28652987d43c8324b4f5b203240032383a', 'c8e0ae8612df3d6f2831acc004aaac332f6105e4', '47ef9104e4a89e80d7cc6c1950bc080841da4a7b', 'e4a11fd5c34942ba12737f1c8c084489428ee274', 'c7b25726df94a2530c9b1c0d2b6a0acaa103822f']",1.0,0.8,0.888888888888889,False,0.1428571428571428,4096,True,5
"[""refactor"", ""build"", ""ci"", ""docs"", ""test""]","[""refactor"", ""build"", ""ci"", ""docs"", ""test""]",1.037003755569458,"['1db13ec43727aca872a0f3836e4023ed85db665e', '32b92cfa0b74a6c25990e32ac6aab12b8496794c', 'e96487ad7ce90b141219d9032fa2bed68d5dae6a', '6d405dfc1675dcad64a2dfac0c0cb0fb28381d21', 'e2e8ad25854bd1e7cdbc7f50b50bbd99e04ad47d']",1.0,1.0,1.0,True,0.0,4096,True,5
"[""build"", ""test"", ""refactor"", ""ci"", ""fix""]","[""build"", ""test"", ""refactor"", ""ci"", ""fix""]",1.1756908893585205,"['37b1cbfd3d2c462ef4f2a131e4172c38dc8d9ddf', 'f411e58cd510f8a2b980b2f1932003a0c0e9f8f3', '1db13ec43727aca872a0f3836e4023ed85db665e', 'c5fa7b80438fbd74f4c341f0d3c9bd9e0f4910da', 'd129eaf9125a967ac86c6c7276bbae6b4d50af36']",1.0,1.0,1.0,True,0.0,4096,True,5
"[""build"", ""docs"", ""ci"", ""test"", ""refactor"", ""fix""]","[""build"", ""docs"", ""ci"", ""test"", ""fix""]",1.1708662509918213,"['c55591ba157298a9c5816693c102a89dfd058830', 'a52a585d74894b3b4eeb8c784fa089ff95cddad0', '6c9cb638cb4d1ecc42632fcf389c24898c5b3244', 'c7b25726df94a2530c9b1c0d2b6a0acaa103822f', 'bed78248c941d57ad4cc20a455147e186e97c7a1']",0.8333333333333334,1.0,0.9090909090909092,False,0.1428571428571428,4096,True,5
"[""feat"", ""ci"", ""build"", ""refactor""]","[""fix"", ""ci"", ""feat"", ""build"", ""refactor""]",0.7750909328460693,"['9ef5c0d14193a9abb09b39856f58477d1f4b0d77', 'dbb537a26e388a8d7d17faf131abc30c2f7a84e6', '6ed56ce9ae743ba9a87e6c9643cc06b1de7b748d', 'e4a11fd5c34942ba12737f1c8c084489428ee274', '1db13ec43727aca872a0f3836e4023ed85db665e']",1.0,0.8,0.888888888888889,False,0.1428571428571428,4096,True,5
"[""refactor"", ""fix"", ""feat"", ""test""]","[""fix"", ""build"", ""refactor"", ""feat"", ""test""]",0.8612029552459717,"['bed78248c941d57ad4cc20a455147e186e97c7a1', 'e4a11fd5c34942ba12737f1c8c084489428ee274', '062daa45cbd5dba6e96e95d8cdcaee89ae30a83c', 'f823cf28652987d43c8324b4f5b203240032383a', 'c7b25726df94a2530c9b1c0d2b6a0acaa103822f']",1.0,0.8,0.888888888888889,False,0.1428571428571428,4096,True,5
"[""feat"", ""test"", ""docs"", ""build""]","[""fix"", ""test"", ""feat"", ""docs"", ""build""]",0.8278279304504395,"['87d5d4e55ab7149b593d29410f1fe426ba2447d4', 'bedc7950b24c37809e36a585b7985d5aa5e3e458', 'ded26d768ff432ad3bde3c0aa1e95ce50726100a', 'a52a585d74894b3b4eeb8c784fa089ff95cddad0', 'c323d59c607cabc91f17a78528d998f376f30b10']",1.0,0.8,0.888888888888889,False,0.1428571428571428,4096,True,5
"[""build"", ""docs"", ""feat"", ""fix"", ""refactor"", ""test""]","[""test"", ""docs"", ""feat"", ""build"", ""fix""]",1.1520781517028809,"['8ee0611fbf0cd89abe7ae588f22e6ecb843598ea', 'c2ee5cd5e709afd15c5565ee009a0d204403a119', 'fd8e563cc19ca4684885d4692acee6bebcca4ada', '1269431c8a3e7549f10fcbbb4b88ff625c8898b3', '06e2be4e2019b6fa714e1fcb34485860ef1ede79']",0.8333333333333334,1.0,0.9090909090909092,False,0.1428571428571428,4096,True,5
"[""docs"", ""feat"", ""build"", ""test""]","[""docs"", ""feat"", ""build"", ""refactor"", ""test""]",1.0773460865020752,"['a52a585d74894b3b4eeb8c784fa089ff95cddad0', 'f9a094918b62534614c47aa8a13f33aec751a1e0', '1269431c8a3e7549f10fcbbb4b88ff625c8898b3', '535708ae50aecb452560a23356fd396f99ef13a2', 'e0198f74b81da3663144cfe1d971939319f82a0f']",1.0,0.8,0.888888888888889,False,0.1428571428571428,4096,True,5
"[""fix"", ""feat"", ""test"", ""refactor"", ""build""]","[""fix"", ""feat"", ""test"", ""refactor"", ""build""]",1.6249189376831057,"['d129eaf9125a967ac86c6c7276bbae6b4d50af36', '68278b00450f2679761a2999500f6d87a579376b', 'e2e8ad25854bd1e7cdbc7f50b50bbd99e04ad47d', '771857b1df9470ebc15357e8879118a72c649d5b', 'f00a4d3e307b89842250358ee432e6800bb24362']",1.0,1.0,1.0,True,0.0,4096,True,5
"[""fix"", ""build"", ""refactor"", ""docs""]","[""fix"", ""build"", ""refactor"", ""test"", ""docs""]",1.1272571086883545,"['933ab6bb86372913c992567cf9660009900911a7', '37b1cbfd3d2c462ef4f2a131e4172c38dc8d9ddf', '1db13ec43727aca872a0f3836e4023ed85db665e', 'c7b25726df94a2530c9b1c0d2b6a0acaa103822f', 'e12d9e77a6fd531a22325337838a841b1c67f00d']",1.0,0.8,0.888888888888889,False,0.1428571428571428,4096,True,5
"[""fix"", ""ci"", ""docs"", ""build"", ""feat""]","[""fix"", ""ci"", ""docs"", ""build"", ""feat""]",0.977628231048584,"['06e2be4e2019b6fa714e1fcb34485860ef1ede79', '4cbbd2552ba0de273e1dfe7d453c5b3efed751a3', 'cb1f48b56ae0de93acb72e48726c7d610a1d538e', 'c323d59c607cabc91f17a78528d998f376f30b10', 'f9a094918b62534614c47aa8a13f33aec751a1e0']",1.0,1.0,1.0,True,0.0,4096,True,5
"[""feat"", ""fix"", ""build"", ""refactor"", ""docs""]","[""feat"", ""build"", ""refactor"", ""docs"", ""fix""]",0.837554931640625,"['fd8e563cc19ca4684885d4692acee6bebcca4ada', 'f00a4d3e307b89842250358ee432e6800bb24362', '535708ae50aecb452560a23356fd396f99ef13a2', 'e12d9e77a6fd531a22325337838a841b1c67f00d', '9be725fa3906323d4bc9788f54eccf74109d632b']",1.0,1.0,1.0,True,0.0,4096,True,5
"[""test"", ""docs"", ""fix"", ""ci"", ""feat""]","[""test"", ""docs"", ""refactor"", ""ci"", ""feat""]",0.9342169761657716,"['229b53a632ea97d47c4be11f096bdd828fb415d8', 'bf83c9155e9bee6925aa7102fab53fb803d52533', '062daa45cbd5dba6e96e95d8cdcaee89ae30a83c', '32845e1bbd1efb5dbc16f671049509a409ba25ce', 'dc5238b2bda98a7c4f2fe9584fc3b0191a408109']",0.8,0.8,0.8000000000000002,False,0.2857142857142857,4096,True,5
"[""build"", ""docs"", ""refactor"", ""test"", ""fix""]","[""build"", ""docs"", ""fix"", ""test"", ""refactor""]",1.3133587837219238,"['454003841aabeb74396d73541378bfa59c75b5db', 'e12d9e77a6fd531a22325337838a841b1c67f00d', 'bed78248c941d57ad4cc20a455147e186e97c7a1', 'f411e58cd510f8a2b980b2f1932003a0c0e9f8f3', '062daa45cbd5dba6e96e95d8cdcaee89ae30a83c']",1.0,1.0,1.0,True,0.0,4096,True,5
"[""build"", ""ci"", ""docs"", ""test"", ""refactor""]","[""build"", ""ci"", ""docs"", ""test"", ""refactor""]",0.9359450340270996,"['5b81fde8a72cf2e69a10e9f5c4f0bea0a2b8c3e0', '74e9de5ec97dc013a52aa063dff0f40ac74c407b', 'a52a585d74894b3b4eeb8c784fa089ff95cddad0', 'e0198f74b81da3663144cfe1d971939319f82a0f', '062daa45cbd5dba6e96e95d8cdcaee89ae30a83c']",1.0,1.0,1.0,True,0.0,4096,True,5
"[""build"", ""ci"", ""docs"", ""fix"", ""refactor""]","[""build"", ""ci"", ""docs"", ""refactor"", ""fix""]",0.7832591533660889,"['32b92cfa0b74a6c25990e32ac6aab12b8496794c', '6c9cb638cb4d1ecc42632fcf389c24898c5b3244', 'aca23027da1295c78fdf42ba9687d8ccc88784d7', '47ef9104e4a89e80d7cc6c1950bc080841da4a7b', '2561f4ade46fc9d59f289f328cc77733a6443697']",1.0,1.0,1.0,True,0.0,4096,True,5
"[""test"", ""docs"", ""fix"", ""feat"", ""refactor""]","[""test"", ""docs"", ""fix"", ""feat"", ""build""]",1.0568630695343018,"['e0198f74b81da3663144cfe1d971939319f82a0f', 'c2ee5cd5e709afd15c5565ee009a0d204403a119', '9ef5c0d14193a9abb09b39856f58477d1f4b0d77', 'f823cf28652987d43c8324b4f5b203240032383a', 'c44cf88a6ec54e5ddd99d8348bcc57b301ec7945']",0.8,0.8,0.8000000000000002,False,0.2857142857142857,4096,True,5
"[""refactor"", ""ci"", ""test"", ""build"", ""feat""]","[""refactor"", ""ci"", ""test"", ""build"", ""feat""]",0.9204940795898438,"['3cca5c314ad6feeffbfe1f14cf49ebd0fd9a95a2', '32845e1bbd1efb5dbc16f671049509a409ba25ce', 'e9617f0854030e70365eb264bcb3b58078e79e9e', '454003841aabeb74396d73541378bfa59c75b5db', 'fd8e563cc19ca4684885d4692acee6bebcca4ada']",1.0,1.0,1.0,True,0.0,4096,True,5
"[""refactor"", ""feat"", ""fix"", ""build"", ""test""]","[""refactor"", ""feat"", ""build"", ""fix"", ""test""]",0.9163577556610109,"['062daa45cbd5dba6e96e95d8cdcaee89ae30a83c', 'f823cf28652987d43c8324b4f5b203240032383a', 'c44cf88a6ec54e5ddd99d8348bcc57b301ec7945', '933ab6bb86372913c992567cf9660009900911a7', '8ee0611fbf0cd89abe7ae588f22e6ecb843598ea']",1.0,1.0,1.0,True,0.0,4096,True,5
"[""refactor"", ""test"", ""docs"", ""feat"", ""ci""]","[""refactor"", ""test"", ""docs"", ""feat"", ""ci""]",1.0203118324279783,"['36556bf8e0bce4ab6d26eafacbdad04d9614a5d7', '317f4eefecddfb1392ca71d551840f446feee302', '036a0ff49a7dade0e04c9c07071a1ff49133ee24', 'e137f9fdbdb6bf3f85c3f7ac9323785e445844c8', 'e7a67d88173566be3cd3aed7e9eeb7e29aabbc57']",1.0,1.0,1.0,True,0.0,4096,True,5
"[""test"", ""ci"", ""build"", ""feat"", ""fix"", ""refactor""]","[""test"", ""ci"", ""refactor"", ""feat"", ""fix""]",1.1681561470031738,"['e0198f74b81da3663144cfe1d971939319f82a0f', '173553c0372e66e03bdab19e0e6c2dd44daa14a0', '062daa45cbd5dba6e96e95d8cdcaee89ae30a83c', 'f823cf28652987d43c8324b4f5b203240032383a', 'bed78248c941d57ad4cc20a455147e186e97c7a1']",0.8333333333333334,1.0,0.9090909090909092,False,0.1428571428571428,4096,True,5
"[""ci"", ""feat"", ""fix"", ""refactor""]","[""ci"", ""refactor"", ""docs"", ""fix"", ""feat""]",1.2904279232025146,"['32845e1bbd1efb5dbc16f671049509a409ba25ce', '63eab619e6166eb6cab948028a7b89bf059dd878', 'af880ac5b4fecbc6c4f3d1eee0d95f326e8bd9d1', '9be725fa3906323d4bc9788f54eccf74109d632b', 'fd8e563cc19ca4684885d4692acee6bebcca4ada']",1.0,0.8,0.888888888888889,False,0.1428571428571428,4096,True,5
"[""docs"", ""refactor"", ""fix"", ""test"", ""build""]","[""docs"", ""refactor"", ""fix"", ""test"", ""build""]",1.3523032665252686,"['bf83c9155e9bee6925aa7102fab53fb803d52533', '3cca5c314ad6feeffbfe1f14cf49ebd0fd9a95a2', '2561f4ade46fc9d59f289f328cc77733a6443697', '317f4eefecddfb1392ca71d551840f446feee302', '454003841aabeb74396d73541378bfa59c75b5db']",1.0,1.0,1.0,True,0.0,4096,True,5
"[""test"", ""ci"", ""fix"", ""docs"", ""refactor""]","[""test"", ""ci"", ""fix"", ""docs"", ""refactor""]",1.6106781959533691,"['317f4eefecddfb1392ca71d551840f446feee302', '32845e1bbd1efb5dbc16f671049509a409ba25ce', 'c8e0ae8612df3d6f2831acc004aaac332f6105e4', '6d405dfc1675dcad64a2dfac0c0cb0fb28381d21', '062daa45cbd5dba6e96e95d8cdcaee89ae30a83c']",1.0,1.0,1.0,True,0.0,4096,True,5
"[""build"", ""ci"", ""test"", ""docs"", ""feat""]","[""build"", ""ci"", ""test"", ""docs"", ""feat""]",1.1353411674499512,"['c55591ba157298a9c5816693c102a89dfd058830', 'dbb537a26e388a8d7d17faf131abc30c2f7a84e6', 'e0198f74b81da3663144cfe1d971939319f82a0f', '0cfc5633d37ea06f645649138323f1820e18bdee', 'dc5238b2bda98a7c4f2fe9584fc3b0191a408109']",1.0,1.0,1.0,True,0.0,4096,True,5
"[""feat"", ""fix"", ""test"", ""refactor"", ""ci""]","[""refactor"", ""feat"", ""test"", ""fix"", ""ci""]",0.855471134185791,"['535708ae50aecb452560a23356fd396f99ef13a2', 'dc5238b2bda98a7c4f2fe9584fc3b0191a408109', 'e2e8ad25854bd1e7cdbc7f50b50bbd99e04ad47d', '2561f4ade46fc9d59f289f328cc77733a6443697', 'c5fa7b80438fbd74f4c341f0d3c9bd9e0f4910da']",1.0,1.0,1.0,True,0.0,4096,True,5
"[""ci"", ""refactor"", ""build"", ""test""]","[""ci"", ""docs"", ""refactor"", ""build"", ""test""]",1.175638198852539,"['c5fa7b80438fbd74f4c341f0d3c9bd9e0f4910da', 'af880ac5b4fecbc6c4f3d1eee0d95f326e8bd9d1', '47ef9104e4a89e80d7cc6c1950bc080841da4a7b', '37b1cbfd3d2c462ef4f2a131e4172c38dc8d9ddf', 'c7b25726df94a2530c9b1c0d2b6a0acaa103822f']",1.0,0.8,0.888888888888889,False,0.1428571428571428,4096,True,5
"[""build"", ""docs"", ""test"", ""refactor"", ""feat""]","[""build"", ""docs"", ""refactor"", ""test"", ""feat""]",1.0158841609954834,"['454003841aabeb74396d73541378bfa59c75b5db', 'aca23027da1295c78fdf42ba9687d8ccc88784d7', '771857b1df9470ebc15357e8879118a72c649d5b', 'bedc7950b24c37809e36a585b7985d5aa5e3e458', 'e137f9fdbdb6bf3f85c3f7ac9323785e445844c8']",1.0,1.0,1.0,True,0.0,4096,True,5
"[""ci"", ""feat"", ""fix"", ""docs"", ""build"", ""test""]","[""ci"", ""feat"", ""fix"", ""docs"", ""test""]",1.125294208526611,"['74e9de5ec97dc013a52aa063dff0f40ac74c407b', 'ded26d768ff432ad3bde3c0aa1e95ce50726100a', '9be725fa3906323d4bc9788f54eccf74109d632b', 'a52a585d74894b3b4eeb8c784fa089ff95cddad0', 'e9617f0854030e70365eb264bcb3b58078e79e9e']",0.8333333333333334,1.0,0.9090909090909092,False,0.1428571428571428,4096,True,5
"[""feat"", ""refactor"", ""test"", ""docs""]","[""feat"", ""build"", ""test"", ""docs"", ""fix""]",0.9803600311279296,"['f9a094918b62534614c47aa8a13f33aec751a1e0', 'e4a11fd5c34942ba12737f1c8c084489428ee274', '229b53a632ea97d47c4be11f096bdd828fb415d8', '036a0ff49a7dade0e04c9c07071a1ff49133ee24', '2561f4ade46fc9d59f289f328cc77733a6443697']",0.75,0.6,0.6666666666666665,False,0.4285714285714285,4096,True,5
"[""refactor"", ""docs"", ""test"", ""feat"", ""ci""]","[""build"", ""docs"", ""test"", ""fix"", ""ci""]",1.0610451698303225,"['e4a11fd5c34942ba12737f1c8c084489428ee274', 'aca23027da1295c78fdf42ba9687d8ccc88784d7', 'e9617f0854030e70365eb264bcb3b58078e79e9e', '9ef5c0d14193a9abb09b39856f58477d1f4b0d77', '4cbbd2552ba0de273e1dfe7d453c5b3efed751a3']",0.6,0.6,0.6,False,0.5714285714285714,4096,True,5
"[""feat"", ""fix"", ""ci"", ""docs"", ""test""]","[""feat"", ""fix"", ""ci"", ""docs"", ""test""]",1.275913953781128,"['f9a094918b62534614c47aa8a13f33aec751a1e0', '2561f4ade46fc9d59f289f328cc77733a6443697', '45837af24a33308a70a3454f0f650f9fe728e272', '036a0ff49a7dade0e04c9c07071a1ff49133ee24', 'b7ce2894fd1794064bd6db4ed730bb6cb7728739']",1.0,1.0,1.0,True,0.0,4096,True,5
"[""feat"", ""refactor"", ""build"", ""docs""]","[""feat"", ""refactor"", ""build"", ""fix"", ""docs""]",0.8734679222106934,"['ded26d768ff432ad3bde3c0aa1e95ce50726100a', '062daa45cbd5dba6e96e95d8cdcaee89ae30a83c', '37b1cbfd3d2c462ef4f2a131e4172c38dc8d9ddf', '933ab6bb86372913c992567cf9660009900911a7', '036a0ff49a7dade0e04c9c07071a1ff49133ee24']",1.0,0.8,0.888888888888889,False,0.1428571428571428,4096,True,5
"[""test"", ""build"", ""refactor"", ""fix"", ""docs""]","[""test"", ""build"", ""feat"", ""fix"", ""docs""]",1.019791841506958,"['f411e58cd510f8a2b980b2f1932003a0c0e9f8f3', 'c44cf88a6ec54e5ddd99d8348bcc57b301ec7945', '1bcf88670b50155b50071e707f98f30cea0b7a24', '9be725fa3906323d4bc9788f54eccf74109d632b', 'a52a585d74894b3b4eeb8c784fa089ff95cddad0']",0.8,0.8,0.8000000000000002,False,0.2857142857142857,4096,True,5
"[""fix"", ""build"", ""feat"", ""test"", ""ci"", ""docs""]","[""fix"", ""feat"", ""test"", ""ci"", ""docs""]",1.119822978973389,"['933ab6bb86372913c992567cf9660009900911a7', '6ed56ce9ae743ba9a87e6c9643cc06b1de7b748d', 'e2e8ad25854bd1e7cdbc7f50b50bbd99e04ad47d', 'e96487ad7ce90b141219d9032fa2bed68d5dae6a', '036a0ff49a7dade0e04c9c07071a1ff49133ee24']",0.8333333333333334,1.0,0.9090909090909092,False,0.1428571428571428,4096,True,5
"[""test"", ""refactor"", ""ci"", ""build"", ""fix""]","[""test"", ""refactor"", ""ci"", ""build"", ""fix""]",1.0161867141723633,"['e0198f74b81da3663144cfe1d971939319f82a0f', '3cca5c314ad6feeffbfe1f14cf49ebd0fd9a95a2', '45837af24a33308a70a3454f0f650f9fe728e272', '5b81fde8a72cf2e69a10e9f5c4f0bea0a2b8c3e0', '9ef5c0d14193a9abb09b39856f58477d1f4b0d77']",1.0,1.0,1.0,True,0.0,4096,True,5
"[""build"", ""feat"", ""refactor"", ""ci"", ""test""]","[""build"", ""feat"", ""refactor"", ""ci"", ""test""]",0.928318977355957,"['c55591ba157298a9c5816693c102a89dfd058830', '1bcf88670b50155b50071e707f98f30cea0b7a24', '1db13ec43727aca872a0f3836e4023ed85db665e', 'dbb537a26e388a8d7d17faf131abc30c2f7a84e6', 'e2e8ad25854bd1e7cdbc7f50b50bbd99e04ad47d']",1.0,1.0,1.0,True,0.0,4096,True,5
"[""feat"", ""docs"", ""test"", ""ci"", ""build""]","[""feat"", ""refactor"", ""test"", ""ci"", ""build""]",0.9116170406341552,"['e137f9fdbdb6bf3f85c3f7ac9323785e445844c8', 'a62314d9bb632be6af026686615d14b912250512', 'b7ce2894fd1794064bd6db4ed730bb6cb7728739', '45837af24a33308a70a3454f0f650f9fe728e272', '454003841aabeb74396d73541378bfa59c75b5db']",0.8,0.8,0.8000000000000002,False,0.2857142857142857,4096,True,5
"[""test"", ""fix"", ""build"", ""feat"", ""docs""]","[""test"", ""fix"", ""build"", ""refactor"", ""docs""]",0.9641389846801758,"['317f4eefecddfb1392ca71d551840f446feee302', '06e2be4e2019b6fa714e1fcb34485860ef1ede79', '32b92cfa0b74a6c25990e32ac6aab12b8496794c', '535708ae50aecb452560a23356fd396f99ef13a2', 'aca23027da1295c78fdf42ba9687d8ccc88784d7']",0.8,0.8,0.8000000000000002,False,0.2857142857142857,4096,True,5
"[""ci"", ""build"", ""refactor"", ""feat"", ""test""]","[""ci"", ""feat"", ""build"", ""fix"", ""test""]",1.1503307819366455,"['173553c0372e66e03bdab19e0e6c2dd44daa14a0', '6ed56ce9ae743ba9a87e6c9643cc06b1de7b748d', '32b92cfa0b74a6c25990e32ac6aab12b8496794c', '933ab6bb86372913c992567cf9660009900911a7', 'e9617f0854030e70365eb264bcb3b58078e79e9e']",0.8,0.8,0.8000000000000002,False,0.2857142857142857,4096,True,5
"[""ci"", ""test"", ""fix"", ""feat"", ""build""]","[""ci"", ""test"", ""fix"", ""feat"", ""build""]",1.0015339851379397,"['dbb537a26e388a8d7d17faf131abc30c2f7a84e6', 'e2e8ad25854bd1e7cdbc7f50b50bbd99e04ad47d', '933ab6bb86372913c992567cf9660009900911a7', 'b282e90e2cbb74559aab79eee8443a4d7c85502a', 'c55591ba157298a9c5816693c102a89dfd058830']",1.0,1.0,1.0,True,0.0,4096,True,5
"[""test"", ""build"", ""refactor"", ""feat"", ""fix"", ""ci""]","[""test"", ""build"", ""feat"", ""fix"", ""ci""]",0.8659110069274902,"['317f4eefecddfb1392ca71d551840f446feee302', 'e4a11fd5c34942ba12737f1c8c084489428ee274', 'ded26d768ff432ad3bde3c0aa1e95ce50726100a', 'd129eaf9125a967ac86c6c7276bbae6b4d50af36', '173553c0372e66e03bdab19e0e6c2dd44daa14a0']",0.8333333333333334,1.0,0.9090909090909092,False,0.1428571428571428,4096,True,5
"[""test"", ""build"", ""refactor"", ""docs"", ""feat""]","[""test"", ""build"", ""refactor"", ""docs"", ""feat""]",1.2714638710021973,"['bedc7950b24c37809e36a585b7985d5aa5e3e458', '5b81fde8a72cf2e69a10e9f5c4f0bea0a2b8c3e0', '47ef9104e4a89e80d7cc6c1950bc080841da4a7b', 'aca23027da1295c78fdf42ba9687d8ccc88784d7', 'f823cf28652987d43c8324b4f5b203240032383a']",1.0,1.0,1.0,True,0.0,4096,True,5
"[""build"", ""ci"", ""feat"", ""docs"", ""fix""]","[""build"", ""ci"", ""feat"", ""docs"", ""fix""]",1.0785505771636963,"['5b81fde8a72cf2e69a10e9f5c4f0bea0a2b8c3e0', 'c5fa7b80438fbd74f4c341f0d3c9bd9e0f4910da', '68278b00450f2679761a2999500f6d87a579376b', 'a52a585d74894b3b4eeb8c784fa089ff95cddad0', '06e2be4e2019b6fa714e1fcb34485860ef1ede79']",1.0,1.0,1.0,True,0.0,4096,True,5
"[""test"", ""build"", ""refactor"", ""feat"", ""ci""]","[""test"", ""build"", ""refactor"", ""fix"", ""ci""]",1.1928048133850098,"['e0198f74b81da3663144cfe1d971939319f82a0f', '5b81fde8a72cf2e69a10e9f5c4f0bea0a2b8c3e0', '3cca5c314ad6feeffbfe1f14cf49ebd0fd9a95a2', '87d5d4e55ab7149b593d29410f1fe426ba2447d4', '74e9de5ec97dc013a52aa063dff0f40ac74c407b']",0.8,0.8,0.8000000000000002,False,0.2857142857142857,4096,True,5
"[""build"", ""refactor"", ""ci"", ""test"", ""docs"", ""feat""]","[""feat"", ""build"", ""fix"", ""ci"", ""test""]",2.0577900409698486,"['6ed56ce9ae743ba9a87e6c9643cc06b1de7b748d', 'c323d59c607cabc91f17a78528d998f376f30b10', '87d5d4e55ab7149b593d29410f1fe426ba2447d4', 'c5fa7b80438fbd74f4c341f0d3c9bd9e0f4910da', 'e9617f0854030e70365eb264bcb3b58078e79e9e']",0.6666666666666666,0.8,0.7272727272727272,False,0.4285714285714285,4096,True,5
"[""build"", ""test"", ""feat"", ""refactor"", ""ci""]","[""build"", ""test"", ""refactor"", ""feat"", ""ci""]",1.239820957183838,"['5b81fde8a72cf2e69a10e9f5c4f0bea0a2b8c3e0', 'e9617f0854030e70365eb264bcb3b58078e79e9e', '2954a0955ce9af6acb345ed1e8328e145ad30475', '68278b00450f2679761a2999500f6d87a579376b', 'e96487ad7ce90b141219d9032fa2bed68d5dae6a']",1.0,1.0,1.0,True,0.0,4096,True,5
"[""ci"", ""feat"", ""refactor"", ""fix""]","[""ci"", ""refactor"", ""docs"", ""feat"", ""fix""]",0.909991979598999,"['4cbbd2552ba0de273e1dfe7d453c5b3efed751a3', '535708ae50aecb452560a23356fd396f99ef13a2', 'e12d9e77a6fd531a22325337838a841b1c67f00d', 'fd8e563cc19ca4684885d4692acee6bebcca4ada', '9be725fa3906323d4bc9788f54eccf74109d632b']",1.0,0.8,0.888888888888889,False,0.1428571428571428,4096,True,5
"[""ci"", ""refactor"", ""fix"", ""docs""]","[""ci"", ""fix"", ""feat"", ""docs"", ""refactor""]",0.926715850830078,"['c5fa7b80438fbd74f4c341f0d3c9bd9e0f4910da', 'bed78248c941d57ad4cc20a455147e186e97c7a1', 'b282e90e2cbb74559aab79eee8443a4d7c85502a', 'bf83c9155e9bee6925aa7102fab53fb803d52533', '771857b1df9470ebc15357e8879118a72c649d5b']",1.0,0.8,0.888888888888889,False,0.1428571428571428,4096,True,5
"[""feat""]","[""fix""]",1.1406052112579346,['87d5d4e55ab7149b593d29410f1fe426ba2447d4'],0.0,0.0,0.0,False,0.2857142857142857,4096,True,1
"[""test""]","[""test""]",0.904892921447754,['317f4eefecddfb1392ca71d551840f446feee302'],1.0,1.0,1.0,True,0.0,4096,True,1
"[""ci""]","[""ci""]",1.2858998775482178,['c5fa7b80438fbd74f4c341f0d3c9bd9e0f4910da'],1.0,1.0,1.0,True,0.0,4096,True,1
"[""ci""]","[""ci""]",0.9052448272705078,['e7a67d88173566be3cd3aed7e9eeb7e29aabbc57'],1.0,1.0,1.0,True,0.0,4096,True,1
"[""fix"", ""refactor""]","[""fix""]",1.0246191024780271,['d129eaf9125a967ac86c6c7276bbae6b4d50af36'],0.5,1.0,0.6666666666666666,False,0.1428571428571428,4096,True,1
"[""build""]","[""build""]",0.6136307716369629,['1269431c8a3e7549f10fcbbb4b88ff625c8898b3'],1.0,1.0,1.0,True,0.0,4096,True,1
"[""feat"", ""refactor""]","[""refactor""]",0.9141409397125244,['535708ae50aecb452560a23356fd396f99ef13a2'],0.5,1.0,0.6666666666666666,False,0.1428571428571428,4096,True,1
"[""feat""]","[""feat""]",0.8777508735656738,['68278b00450f2679761a2999500f6d87a579376b'],1.0,1.0,1.0,True,0.0,4096,True,1
"[""ci""]","[""ci""]",0.7813711166381836,['6c9cb638cb4d1ecc42632fcf389c24898c5b3244'],1.0,1.0,1.0,True,0.0,4096,True,1
"[""test""]","[""test""]",0.962338924407959,['c7b25726df94a2530c9b1c0d2b6a0acaa103822f'],1.0,1.0,1.0,True,0.0,4096,True,1
"[""feat""]","[""feat""]",0.8143861293792725,['1bcf88670b50155b50071e707f98f30cea0b7a24'],1.0,1.0,1.0,True,0.0,4096,True,1
"[""build"", ""test""]","[""build""]",0.7479338645935059,['454003841aabeb74396d73541378bfa59c75b5db'],0.5,1.0,0.6666666666666666,False,0.1428571428571428,4096,True,1
"[""ci""]","[""ci""]",0.6642739772796631,['dbb537a26e388a8d7d17faf131abc30c2f7a84e6'],1.0,1.0,1.0,True,0.0,4096,True,1
"[""docs""]","[""docs""]",0.7914891242980957,['bf83c9155e9bee6925aa7102fab53fb803d52533'],1.0,1.0,1.0,True,0.0,4096,True,1
"[""feat""]","[""feat""]",0.8989870548248291,['dc5238b2bda98a7c4f2fe9584fc3b0191a408109'],1.0,1.0,1.0,True,0.0,4096,True,1
"[""ci""]","[""ci""]",0.707751989364624,['74e9de5ec97dc013a52aa063dff0f40ac74c407b'],1.0,1.0,1.0,True,0.0,4096,True,1
"[""test""]","[""test""]",1.2463128566741943,['b7ce2894fd1794064bd6db4ed730bb6cb7728739'],1.0,1.0,1.0,True,0.0,4096,True,1
"[""build""]","[""build""]",0.866318941116333,['32b92cfa0b74a6c25990e32ac6aab12b8496794c'],1.0,1.0,1.0,True,0.0,4096,True,1
"[""fix"", ""refactor""]","[""fix""]",0.8559906482696533,['bed78248c941d57ad4cc20a455147e186e97c7a1'],0.5,1.0,0.6666666666666666,False,0.1428571428571428,4096,True,1
"[""test""]","[""test""]",1.021085262298584,['f411e58cd510f8a2b980b2f1932003a0c0e9f8f3'],1.0,1.0,1.0,True,0.0,4096,True,1
"[""feat""]","[""feat""]",0.8067948818206787,['f9a094918b62534614c47aa8a13f33aec751a1e0'],1.0,1.0,1.0,True,0.0,4096,True,1
"[""docs""]","[""docs""]",1.361043930053711,['aca23027da1295c78fdf42ba9687d8ccc88784d7'],1.0,1.0,1.0,True,0.0,4096,True,1
"[""build""]","[""build""]",0.7989621162414551,['37b1cbfd3d2c462ef4f2a131e4172c38dc8d9ddf'],1.0,1.0,1.0,True,0.0,4096,True,1
"[""feat"", ""docs""]","[""feat""]",0.9000580310821533,['e137f9fdbdb6bf3f85c3f7ac9323785e445844c8'],0.5,1.0,0.6666666666666666,False,0.1428571428571428,4096,True,1
"[""test""]","[""test""]",0.8592870235443115,['e0198f74b81da3663144cfe1d971939319f82a0f'],1.0,1.0,1.0,True,0.0,4096,True,1
"[""ci""]","[""ci""]",0.8912761211395264,['45837af24a33308a70a3454f0f650f9fe728e272'],1.0,1.0,1.0,True,0.0,4096,True,1
"[""docs""]","[""docs""]",0.7855169773101807,['0cfc5633d37ea06f645649138323f1820e18bdee'],1.0,1.0,1.0,True,0.0,4096,True,1
"[""build"", ""test""]","[""test""]",0.952583074569702,['8ee0611fbf0cd89abe7ae588f22e6ecb843598ea'],0.5,1.0,0.6666666666666666,False,0.1428571428571428,4096,True,1
"[""docs""]","[""docs""]",0.6801397800445557,['c2ee5cd5e709afd15c5565ee009a0d204403a119'],1.0,1.0,1.0,True,0.0,4096,True,1
"[""refactor""]","[""fix""]",0.8503248691558838,['d1d55e787b7d07f763852602b9939a5394607fd9'],0.0,0.0,0.0,False,0.2857142857142857,4096,True,1
"[""build""]","[""build""]",0.8367109298706055,['c55591ba157298a9c5816693c102a89dfd058830'],1.0,1.0,1.0,True,0.0,4096,True,1
"[""fix""]","[""fix""]",0.6547858715057373,['9be725fa3906323d4bc9788f54eccf74109d632b'],1.0,1.0,1.0,True,0.0,4096,True,1
"[""fix"", ""build""]","[""build""]",0.8110220432281494,['f00a4d3e307b89842250358ee432e6800bb24362'],0.5,1.0,0.6666666666666666,False,0.1428571428571428,4096,True,1
"[""docs""]","[""docs""]",1.201958179473877,['036a0ff49a7dade0e04c9c07071a1ff49133ee24'],1.0,1.0,1.0,True,0.0,4096,True,1
"[""docs""]","[""docs""]",1.0484058856964111,['6d405dfc1675dcad64a2dfac0c0cb0fb28381d21'],1.0,1.0,1.0,True,0.0,4096,True,1
"[""refactor""]","[""refactor""]",1.048025131225586,['3cca5c314ad6feeffbfe1f14cf49ebd0fd9a95a2'],1.0,1.0,1.0,True,0.0,4096,True,1
"[""docs""]","[""docs""]",1.044665813446045,['af880ac5b4fecbc6c4f3d1eee0d95f326e8bd9d1'],1.0,1.0,1.0,True,0.0,4096,True,1
"[""fix""]","[""fix""]",1.0468599796295166,['c8e0ae8612df3d6f2831acc004aaac332f6105e4'],1.0,1.0,1.0,True,0.0,4096,True,1
"[""refactor""]","[""refactor""]",0.855971097946167,['771857b1df9470ebc15357e8879118a72c649d5b'],1.0,1.0,1.0,True,0.0,4096,True,1
"[""refactor""]","[""refactor""]",0.7552480697631836,['47ef9104e4a89e80d7cc6c1950bc080841da4a7b'],1.0,1.0,1.0,True,0.0,4096,True,1
"[""test"", ""refactor""]","[""refactor""]",1.3348307609558103,['1db13ec43727aca872a0f3836e4023ed85db665e'],0.5,1.0,0.6666666666666666,False,0.1428571428571428,4096,True,1
"[""fix""]","[""fix""]",0.5842249393463135,['933ab6bb86372913c992567cf9660009900911a7'],1.0,1.0,1.0,True,0.0,4096,True,1
"[""test""]","[""test""]",1.023101806640625,['e2e8ad25854bd1e7cdbc7f50b50bbd99e04ad47d'],1.0,1.0,1.0,True,0.0,4096,True,1
"[""fix""]","[""build""]",0.8523292541503906,['c44cf88a6ec54e5ddd99d8348bcc57b301ec7945'],0.0,0.0,0.0,False,0.2857142857142857,4096,True,1
"[""ci""]","[""ci""]",0.6964371204376221,['e96487ad7ce90b141219d9032fa2bed68d5dae6a'],1.0,1.0,1.0,True,0.0,4096,True,1
"[""fix"", ""build""]","[""build""]",1.2426488399505615,['5b81fde8a72cf2e69a10e9f5c4f0bea0a2b8c3e0'],0.5,1.0,0.6666666666666666,False,0.1428571428571428,4096,True,1
"[""docs""]","[""docs""]",1.5951590538024902,['cb1f48b56ae0de93acb72e48726c7d610a1d538e'],1.0,1.0,1.0,True,0.0,4096,True,1
"[""fix""]","[""fix""]",0.6862330436706543,['2561f4ade46fc9d59f289f328cc77733a6443697'],1.0,1.0,1.0,True,0.0,4096,True,1
"[""fix""]","[""fix""]",0.9783048629760742,['06e2be4e2019b6fa714e1fcb34485860ef1ede79'],1.0,1.0,1.0,True,0.0,4096,True,1
"[""refactor""]","[""refactor""]",0.9003450870513916,['36556bf8e0bce4ab6d26eafacbdad04d9614a5d7'],1.0,1.0,1.0,True,0.0,4096,True,1
"[""fix""]","[""build""]",1.410768747329712,['c323d59c607cabc91f17a78528d998f376f30b10'],0.0,0.0,0.0,False,0.2857142857142857,4096,True,1
"[""refactor""]","[""build""]",0.7412211894989014,['e4a11fd5c34942ba12737f1c8c084489428ee274'],0.0,0.0,0.0,False,0.2857142857142857,4096,True,1
"[""feat""]","[""refactor""]",0.6443560123443604,['63eab619e6166eb6cab948028a7b89bf059dd878'],0.0,0.0,0.0,False,0.2857142857142857,4096,True,1
"[""test""]","[""docs""]",0.8214421272277832,['a52a585d74894b3b4eeb8c784fa089ff95cddad0'],0.0,0.0,0.0,False,0.2857142857142857,4096,True,1
"[""feat""]","[""feat""]",0.8279118537902832,['b282e90e2cbb74559aab79eee8443a4d7c85502a'],1.0,1.0,1.0,True,0.0,4096,True,1
"[""feat""]","[""feat""]",0.6804609298706055,['f823cf28652987d43c8324b4f5b203240032383a'],1.0,1.0,1.0,True,0.0,4096,True,1
"[""feat""]","[""fix""]",1.091454029083252,['9ef5c0d14193a9abb09b39856f58477d1f4b0d77'],0.0,0.0,0.0,False,0.2857142857142857,4096,True,1
"[""feat""]","[""feat""]",0.7103190422058105,['fd8e563cc19ca4684885d4692acee6bebcca4ada'],1.0,1.0,1.0,True,0.0,4096,True,1
"[""ci""]","[""ci""]",0.6682391166687012,['4cbbd2552ba0de273e1dfe7d453c5b3efed751a3'],1.0,1.0,1.0,True,0.0,4096,True,1
"[""ci""]","[""ci""]",0.8913371562957764,['173553c0372e66e03bdab19e0e6c2dd44daa14a0'],1.0,1.0,1.0,True,0.0,4096,True,1
"[""ci""]","[""ci""]",0.8913497924804688,['32845e1bbd1efb5dbc16f671049509a409ba25ce'],1.0,1.0,1.0,True,0.0,4096,True,1
"[""test""]","[""test""]",0.7003850936889648,['229b53a632ea97d47c4be11f096bdd828fb415d8'],1.0,1.0,1.0,True,0.0,4096,True,1
"[""feat"", ""docs""]","[""refactor""]",0.9239118099212646,['2954a0955ce9af6acb345ed1e8328e145ad30475'],0.0,0.0,0.0,False,0.4285714285714285,4096,True,1
"[""docs""]","[""refactor""]",0.8358709812164307,['a62314d9bb632be6af026686615d14b912250512'],0.0,0.0,0.0,False,0.2857142857142857,4096,True,1
"[""refactor""]","[""refactor""]",1.106689691543579,['062daa45cbd5dba6e96e95d8cdcaee89ae30a83c'],1.0,1.0,1.0,True,0.0,4096,True,1
"[""test""]","[""test""]",0.8034329414367676,['bedc7950b24c37809e36a585b7985d5aa5e3e458'],1.0,1.0,1.0,True,0.0,4096,True,1
"[""feat"", ""refactor"", ""docs""]","[""feat""]",0.93229079246521,['ded26d768ff432ad3bde3c0aa1e95ce50726100a'],0.3333333333333333,1.0,0.5,False,0.2857142857142857,4096,True,1
"[""test"", ""build""]","[""test""]",1.315587043762207,['e9617f0854030e70365eb264bcb3b58078e79e9e'],0.5,1.0,0.6666666666666666,False,0.1428571428571428,4096,True,1
"[""build"", ""refactor"", ""feat""]","[""feat""]",1.024728775024414,['6ed56ce9ae743ba9a87e6c9643cc06b1de7b748d'],0.3333333333333333,1.0,0.5,False,0.2857142857142857,4096,True,1
"[""docs""]","[""docs""]",0.8874139785766602,['e12d9e77a6fd531a22325337838a841b1c67f00d'],1.0,1.0,1.0,True,0.0,4096,True,1
"[""feat"", ""refactor""]","[""feat"", ""refactor""]",0.9757146835327148,"['fd8e563cc19ca4684885d4692acee6bebcca4ada', '36556bf8e0bce4ab6d26eafacbdad04d9614a5d7']",1.0,1.0,1.0,True,0.0,4096,True,2
"[""ci"", ""build"", ""fix""]","[""ci"", ""build""]",0.6883349418640137,"['45837af24a33308a70a3454f0f650f9fe728e272', '5b81fde8a72cf2e69a10e9f5c4f0bea0a2b8c3e0']",0.6666666666666666,1.0,0.8,False,0.1428571428571428,4096,True,2
"[""feat"", ""docs""]","[""refactor"", ""docs""]",1.1237461566925049,"['535708ae50aecb452560a23356fd396f99ef13a2', 'af880ac5b4fecbc6c4f3d1eee0d95f326e8bd9d1']",0.5,0.5,0.5,False,0.2857142857142857,4096,True,2
"[""feat"", ""fix"", ""refactor""]","[""feat"", ""refactor""]",0.7167520523071289,"['68278b00450f2679761a2999500f6d87a579376b', '63eab619e6166eb6cab948028a7b89bf059dd878']",0.6666666666666666,1.0,0.8,False,0.1428571428571428,4096,True,2
"[""ci"", ""test""]","[""ci"", ""test""]",0.8139200210571289,"['dbb537a26e388a8d7d17faf131abc30c2f7a84e6', 'f411e58cd510f8a2b980b2f1932003a0c0e9f8f3']",1.0,1.0,1.0,True,0.0,4096,True,2
"[""test"", ""ci""]","[""test"", ""ci""]",0.8759982585906982,"['e2e8ad25854bd1e7cdbc7f50b50bbd99e04ad47d', 'c5fa7b80438fbd74f4c341f0d3c9bd9e0f4910da']",1.0,1.0,1.0,True,0.0,4096,True,2
"[""ci"", ""build""]","[""ci"", ""build""]",0.6081550121307373,"['45837af24a33308a70a3454f0f650f9fe728e272', '1269431c8a3e7549f10fcbbb4b88ff625c8898b3']",1.0,1.0,1.0,True,0.0,4096,True,2
"[""feat"", ""test""]","[""feat"", ""test""]",1.3048372268676758,"['1bcf88670b50155b50071e707f98f30cea0b7a24', 'f411e58cd510f8a2b980b2f1932003a0c0e9f8f3']",1.0,1.0,1.0,True,0.0,4096,True,2
"[""fix"", ""docs""]","[""fix"", ""docs""]",0.8659920692443848,"['9be725fa3906323d4bc9788f54eccf74109d632b', '0cfc5633d37ea06f645649138323f1820e18bdee']",1.0,1.0,1.0,True,0.0,4096,True,2
"[""fix"", ""ci""]","[""fix"", ""ci""]",0.7369258403778076,"['9be725fa3906323d4bc9788f54eccf74109d632b', 'e96487ad7ce90b141219d9032fa2bed68d5dae6a']",1.0,1.0,1.0,True,0.0,4096,True,2
"[""build"", ""test""]","[""build"", ""test""]",0.7150912284851074,"['1269431c8a3e7549f10fcbbb4b88ff625c8898b3', '317f4eefecddfb1392ca71d551840f446feee302']",1.0,1.0,1.0,True,0.0,4096,True,2
"[""ci"", ""docs""]","[""ci"", ""docs""]",0.9108788967132568,"['dbb537a26e388a8d7d17faf131abc30c2f7a84e6', '0cfc5633d37ea06f645649138323f1820e18bdee']",1.0,1.0,1.0,True,0.0,4096,True,2
"[""refactor"", ""build"", ""test""]","[""refactor"", ""build""]",0.8816680908203125,"['3cca5c314ad6feeffbfe1f14cf49ebd0fd9a95a2', '454003841aabeb74396d73541378bfa59c75b5db']",0.6666666666666666,1.0,0.8,False,0.1428571428571428,4096,True,2
"[""fix"", ""refactor""]","[""fix"", ""refactor""]",1.0386748313903809,"['2561f4ade46fc9d59f289f328cc77733a6443697', '062daa45cbd5dba6e96e95d8cdcaee89ae30a83c']",1.0,1.0,1.0,True,0.0,4096,True,2
"[""build"", ""ci""]","[""build"", ""ci""]",0.969627857208252,"['c44cf88a6ec54e5ddd99d8348bcc57b301ec7945', 'dbb537a26e388a8d7d17faf131abc30c2f7a84e6']",1.0,1.0,1.0,True,0.0,4096,True,2
"[""build"", ""feat""]","[""build"", ""refactor""]",0.8653450012207031,"['32b92cfa0b74a6c25990e32ac6aab12b8496794c', '63eab619e6166eb6cab948028a7b89bf059dd878']",0.5,0.5,0.5,False,0.2857142857142857,4096,True,2
"[""feat"", ""docs""]","[""feat"", ""docs""]",0.7767949104309082,"['dc5238b2bda98a7c4f2fe9584fc3b0191a408109', 'e12d9e77a6fd531a22325337838a841b1c67f00d']",1.0,1.0,1.0,True,0.0,4096,True,2
"[""ci"", ""docs""]","[""ci"", ""docs""]",1.0775649547576904,"['32845e1bbd1efb5dbc16f671049509a409ba25ce', 'bf83c9155e9bee6925aa7102fab53fb803d52533']",1.0,1.0,1.0,True,0.0,4096,True,2
"[""fix"", ""build"", ""refactor"", ""feat""]","[""fix"", ""feat""]",1.6351540088653564,"['d129eaf9125a967ac86c6c7276bbae6b4d50af36', '6ed56ce9ae743ba9a87e6c9643cc06b1de7b748d']",0.5,1.0,0.6666666666666666,False,0.2857142857142857,4096,True,2
"[""feat"", ""ci""]","[""feat"", ""ci""]",0.8146607875823975,"['1bcf88670b50155b50071e707f98f30cea0b7a24', '74e9de5ec97dc013a52aa063dff0f40ac74c407b']",1.0,1.0,1.0,True,0.0,4096,True,2
"[""docs"", ""ci""]","[""docs"", ""ci""]",0.8847401142120361,"['036a0ff49a7dade0e04c9c07071a1ff49133ee24', '4cbbd2552ba0de273e1dfe7d453c5b3efed751a3']",1.0,1.0,1.0,True,0.0,4096,True,2
"[""test"", ""docs""]","[""test"", ""docs""]",1.61372709274292,"['e9617f0854030e70365eb264bcb3b58078e79e9e', 'cb1f48b56ae0de93acb72e48726c7d610a1d538e']",1.0,1.0,1.0,True,0.0,4096,True,2
"[""docs"", ""feat""]","[""docs"", ""feat""]",0.8780512809753418,"['aca23027da1295c78fdf42ba9687d8ccc88784d7', 'f823cf28652987d43c8324b4f5b203240032383a']",1.0,1.0,1.0,True,0.0,4096,True,2
"[""refactor"", ""fix""]","[""refactor"", ""fix""]",0.7568199634552002,"['47ef9104e4a89e80d7cc6c1950bc080841da4a7b', '06e2be4e2019b6fa714e1fcb34485860ef1ede79']",1.0,1.0,1.0,True,0.0,4096,True,2
"[""build"", ""ci""]","[""build"", ""ci""]",0.9822309017181396,"['5b81fde8a72cf2e69a10e9f5c4f0bea0a2b8c3e0', 'dbb537a26e388a8d7d17faf131abc30c2f7a84e6']",1.0,1.0,1.0,True,0.0,4096,True,2
"[""fix"", ""refactor""]","[""build"", ""refactor""]",0.8123369216918945,"['5b81fde8a72cf2e69a10e9f5c4f0bea0a2b8c3e0', '36556bf8e0bce4ab6d26eafacbdad04d9614a5d7']",0.5,0.5,0.5,False,0.2857142857142857,4096,True,2
"[""feat"", ""test""]","[""fix"", ""test""]",0.7148017883300781,"['9ef5c0d14193a9abb09b39856f58477d1f4b0d77', 'b7ce2894fd1794064bd6db4ed730bb6cb7728739']",0.5,0.5,0.5,False,0.2857142857142857,4096,True,2
"[""build"", ""docs""]","[""build"", ""docs""]",0.7148339748382568,"['c323d59c607cabc91f17a78528d998f376f30b10', 'c2ee5cd5e709afd15c5565ee009a0d204403a119']",1.0,1.0,1.0,True,0.0,4096,True,2
"[""fix"", ""ci""]","[""fix"", ""ci""]",0.8956849575042725,"['9be725fa3906323d4bc9788f54eccf74109d632b', 'dbb537a26e388a8d7d17faf131abc30c2f7a84e6']",1.0,1.0,1.0,True,0.0,4096,True,2
"[""fix"", ""ci""]","[""fix"", ""ci""]",0.9926280975341796,"['9be725fa3906323d4bc9788f54eccf74109d632b', 'e7a67d88173566be3cd3aed7e9eeb7e29aabbc57']",1.0,1.0,1.0,True,0.0,4096,True,2
"[""docs"", ""refactor""]","[""docs"", ""refactor""]",1.069538116455078,"['c2ee5cd5e709afd15c5565ee009a0d204403a119', '062daa45cbd5dba6e96e95d8cdcaee89ae30a83c']",1.0,1.0,1.0,True,0.0,4096,True,2
"[""fix"", ""feat""]","[""fix"", ""feat""]",1.0671770572662354,"['933ab6bb86372913c992567cf9660009900911a7', 'e137f9fdbdb6bf3f85c3f7ac9323785e445844c8']",1.0,1.0,1.0,True,0.0,4096,True,2
"[""fix"", ""build""]","[""fix"", ""build""]",0.7026748657226562,"['9be725fa3906323d4bc9788f54eccf74109d632b', 'c44cf88a6ec54e5ddd99d8348bcc57b301ec7945']",1.0,1.0,1.0,True,0.0,4096,True,2
"[""ci"", ""refactor"", ""docs""]","[""ci"", ""docs""]",0.7391579151153564,"['173553c0372e66e03bdab19e0e6c2dd44daa14a0', 'e12d9e77a6fd531a22325337838a841b1c67f00d']",0.6666666666666666,1.0,0.8,False,0.1428571428571428,4096,True,2
"[""ci"", ""feat""]","[""ci"", ""feat""]",1.3725078105926514,"['6c9cb638cb4d1ecc42632fcf389c24898c5b3244', 'f823cf28652987d43c8324b4f5b203240032383a']",1.0,1.0,1.0,True,0.0,4096,True,2
"[""ci"", ""docs""]","[""ci"", ""docs""]",0.977041721343994,"['74e9de5ec97dc013a52aa063dff0f40ac74c407b', 'c2ee5cd5e709afd15c5565ee009a0d204403a119']",1.0,1.0,1.0,True,0.0,4096,True,2
"[""test"", ""build""]","[""test"", ""build""]",1.2898178100585938,"['317f4eefecddfb1392ca71d551840f446feee302', '5b81fde8a72cf2e69a10e9f5c4f0bea0a2b8c3e0']",1.0,1.0,1.0,True,0.0,4096,True,2
"[""docs"", ""feat""]","[""docs"", ""feat""]",0.8405959606170654,"['a52a585d74894b3b4eeb8c784fa089ff95cddad0', 'f823cf28652987d43c8324b4f5b203240032383a']",1.0,1.0,1.0,True,0.0,4096,True,2
"[""refactor"", ""fix"", ""build""]","[""refactor"", ""build""]",0.9844040870666504,"['47ef9104e4a89e80d7cc6c1950bc080841da4a7b', '5b81fde8a72cf2e69a10e9f5c4f0bea0a2b8c3e0']",0.6666666666666666,1.0,0.8,False,0.1428571428571428,4096,True,2
"[""feat"", ""refactor""]","[""feat"", ""refactor""]",0.8696861267089844,"['e137f9fdbdb6bf3f85c3f7ac9323785e445844c8', '771857b1df9470ebc15357e8879118a72c649d5b']",1.0,1.0,1.0,True,0.0,4096,True,2
"[""build"", ""refactor"", ""fix""]","[""feat"", ""fix""]",0.7481851577758789,"['6ed56ce9ae743ba9a87e6c9643cc06b1de7b748d', 'd1d55e787b7d07f763852602b9939a5394607fd9']",0.3333333333333333,0.5,0.4,False,0.4285714285714285,4096,True,2
"[""build"", ""docs""]","[""build"", ""docs""]",0.8193142414093018,"['c323d59c607cabc91f17a78528d998f376f30b10', '0cfc5633d37ea06f645649138323f1820e18bdee']",1.0,1.0,1.0,True,0.0,4096,True,2
"[""build"", ""test"", ""feat"", ""docs""]","[""test"", ""refactor""]",0.92110013961792,"['8ee0611fbf0cd89abe7ae588f22e6ecb843598ea', '2954a0955ce9af6acb345ed1e8328e145ad30475']",0.25,0.5,0.3333333333333333,False,0.5714285714285714,4096,True,2
"[""refactor"", ""fix""]","[""refactor"", ""fix""]",0.7105212211608887,"['36556bf8e0bce4ab6d26eafacbdad04d9614a5d7', 'c8e0ae8612df3d6f2831acc004aaac332f6105e4']",1.0,1.0,1.0,True,0.0,4096,True,2
"[""refactor"", ""ci""]","[""build"", ""ci""]",0.9442019462585448,"['e4a11fd5c34942ba12737f1c8c084489428ee274', '173553c0372e66e03bdab19e0e6c2dd44daa14a0']",0.5,0.5,0.5,False,0.2857142857142857,4096,True,2
"[""fix"", ""feat""]","[""fix"", ""feat""]",1.3062736988067627,"['c8e0ae8612df3d6f2831acc004aaac332f6105e4', 'f9a094918b62534614c47aa8a13f33aec751a1e0']",1.0,1.0,1.0,True,0.0,4096,True,2
"[""feat"", ""docs"", ""refactor""]","[""refactor"", ""docs""]",1.166167974472046,"['771857b1df9470ebc15357e8879118a72c649d5b', '0cfc5633d37ea06f645649138323f1820e18bdee']",0.6666666666666666,1.0,0.8,False,0.1428571428571428,4096,True,2
"[""build"", ""refactor"", ""feat""]","[""feat"", ""fix""]",0.8413739204406738,"['6ed56ce9ae743ba9a87e6c9643cc06b1de7b748d', '87d5d4e55ab7149b593d29410f1fe426ba2447d4']",0.3333333333333333,0.5,0.4,False,0.4285714285714285,4096,True,2
"[""refactor"", ""test""]","[""refactor"", ""test""]",0.9145708084106444,"['1db13ec43727aca872a0f3836e4023ed85db665e', '229b53a632ea97d47c4be11f096bdd828fb415d8']",1.0,1.0,1.0,True,0.0,4096,True,2
"[""test"", ""feat""]","[""test"", ""refactor""]",1.5018131732940674,"['317f4eefecddfb1392ca71d551840f446feee302', '63eab619e6166eb6cab948028a7b89bf059dd878']",0.5,0.5,0.5,False,0.2857142857142857,4096,True,2
"[""docs"", ""fix""]","[""docs"", ""build""]",0.686521053314209,"['e12d9e77a6fd531a22325337838a841b1c67f00d', 'c44cf88a6ec54e5ddd99d8348bcc57b301ec7945']",0.5,0.5,0.5,False,0.2857142857142857,4096,True,2
"[""refactor"", ""build""]","[""refactor"", ""build""]",0.8086919784545898,"['1db13ec43727aca872a0f3836e4023ed85db665e', '32b92cfa0b74a6c25990e32ac6aab12b8496794c']",1.0,1.0,1.0,True,0.0,4096,True,2
"[""docs"", ""refactor"", ""fix""]","[""docs"", ""fix""]",0.9826622009277344,"['c2ee5cd5e709afd15c5565ee009a0d204403a119', 'bed78248c941d57ad4cc20a455147e186e97c7a1']",0.6666666666666666,1.0,0.8,False,0.1428571428571428,4096,True,2
"[""docs"", ""ci""]","[""docs"", ""ci""]",0.9888138771057128,"['bf83c9155e9bee6925aa7102fab53fb803d52533', '173553c0372e66e03bdab19e0e6c2dd44daa14a0']",1.0,1.0,1.0,True,0.0,4096,True,2
"[""refactor"", ""ci""]","[""refactor"", ""ci""]",0.8840770721435547,"['36556bf8e0bce4ab6d26eafacbdad04d9614a5d7', '74e9de5ec97dc013a52aa063dff0f40ac74c407b']",1.0,1.0,1.0,True,0.0,4096,True,2
"[""test"", ""feat""]","[""test"", ""fix""]",0.8835399150848389,"['e9617f0854030e70365eb264bcb3b58078e79e9e', '87d5d4e55ab7149b593d29410f1fe426ba2447d4']",0.5,0.5,0.5,False,0.2857142857142857,4096,True,2
"[""feat"", ""refactor""]","[""feat"", ""refactor""]",1.1331982612609863,"['e137f9fdbdb6bf3f85c3f7ac9323785e445844c8', '47ef9104e4a89e80d7cc6c1950bc080841da4a7b']",1.0,1.0,1.0,True,0.0,4096,True,2
"[""fix"", ""ci""]","[""fix"", ""ci""]",0.6292731761932373,"['2561f4ade46fc9d59f289f328cc77733a6443697', '74e9de5ec97dc013a52aa063dff0f40ac74c407b']",1.0,1.0,1.0,True,0.0,4096,True,2
"[""fix"", ""ci""]","[""build"", ""ci""]",1.6003801822662354,"['5b81fde8a72cf2e69a10e9f5c4f0bea0a2b8c3e0', 'e96487ad7ce90b141219d9032fa2bed68d5dae6a']",0.5,0.5,0.5,False,0.2857142857142857,4096,True,2
"[""build"", ""test""]","[""build"", ""test""]",0.7996289730072021,"['32b92cfa0b74a6c25990e32ac6aab12b8496794c', '8ee0611fbf0cd89abe7ae588f22e6ecb843598ea']",1.0,1.0,1.0,True,0.0,4096,True,2
"[""refactor"", ""ci""]","[""refactor"", ""ci""]",1.2850449085235596,"['1db13ec43727aca872a0f3836e4023ed85db665e', '74e9de5ec97dc013a52aa063dff0f40ac74c407b']",1.0,1.0,1.0,True,0.0,4096,True,2
"[""fix"", ""build""]","[""fix"", ""build""]",0.8179280757904053,"['2561f4ade46fc9d59f289f328cc77733a6443697', 'c55591ba157298a9c5816693c102a89dfd058830']",1.0,1.0,1.0,True,0.0,4096,True,2
"[""build"", ""refactor"", ""test""]","[""build"", ""refactor""]",1.0153021812438965,"['5b81fde8a72cf2e69a10e9f5c4f0bea0a2b8c3e0', '1db13ec43727aca872a0f3836e4023ed85db665e']",0.6666666666666666,1.0,0.8,False,0.1428571428571428,4096,True,2
"[""build"", ""test"", ""feat"", ""ci""]","[""test"", ""ci""]",1.0315163135528564,"['8ee0611fbf0cd89abe7ae588f22e6ecb843598ea', 'e96487ad7ce90b141219d9032fa2bed68d5dae6a']",0.5,1.0,0.6666666666666666,False,0.2857142857142857,4096,True,2
"[""test"", ""refactor""]","[""test"", ""refactor""]",0.8244712352752686,"['bedc7950b24c37809e36a585b7985d5aa5e3e458', '062daa45cbd5dba6e96e95d8cdcaee89ae30a83c']",1.0,1.0,1.0,True,0.0,4096,True,2
"[""ci"", ""feat""]","[""ci"", ""refactor""]",0.9229679107666016,"['74e9de5ec97dc013a52aa063dff0f40ac74c407b', '63eab619e6166eb6cab948028a7b89bf059dd878']",0.5,0.5,0.5,False,0.2857142857142857,4096,True,2
"[""test"", ""docs""]","[""test"", ""docs""]",1.0017468929290771,"['317f4eefecddfb1392ca71d551840f446feee302', 'af880ac5b4fecbc6c4f3d1eee0d95f326e8bd9d1']",1.0,1.0,1.0,True,0.0,4096,True,2
"[""feat""]","[""feat"", ""fix""]",0.6410841941833496,"['dc5238b2bda98a7c4f2fe9584fc3b0191a408109', '9ef5c0d14193a9abb09b39856f58477d1f4b0d77']",1.0,0.5,0.6666666666666666,False,0.1428571428571428,4096,True,2
"[""refactor"", ""docs""]","[""build"", ""docs""]",0.7361459732055664,"['e4a11fd5c34942ba12737f1c8c084489428ee274', 'e12d9e77a6fd531a22325337838a841b1c67f00d']",0.5,0.5,0.5,False,0.2857142857142857,4096,True,2
"[""build"", ""refactor"", ""feat"", ""fix""]","[""feat"", ""refactor""]",1.2327287197113037,"['6ed56ce9ae743ba9a87e6c9643cc06b1de7b748d', '63eab619e6166eb6cab948028a7b89bf059dd878']",0.5,1.0,0.6666666666666666,False,0.2857142857142857,4096,True,2
"[""ci"", ""fix"", ""docs""]","[""ci"", ""fix"", ""docs""]",1.002152919769287,"['dbb537a26e388a8d7d17faf131abc30c2f7a84e6', 'd129eaf9125a967ac86c6c7276bbae6b4d50af36', 'cb1f48b56ae0de93acb72e48726c7d610a1d538e']",1.0,1.0,1.0,True,0.0,4096,True,3
"[""fix"", ""refactor"", ""build"", ""feat""]","[""fix"", ""refactor"", ""feat""]",0.8800630569458008,"['933ab6bb86372913c992567cf9660009900911a7', '3cca5c314ad6feeffbfe1f14cf49ebd0fd9a95a2', '6ed56ce9ae743ba9a87e6c9643cc06b1de7b748d']",0.75,1.0,0.8571428571428571,False,0.1428571428571428,4096,True,3
"[""build"", ""feat"", ""ci""]","[""build"", ""feat"", ""ci""]",1.0188379287719729,"['5b81fde8a72cf2e69a10e9f5c4f0bea0a2b8c3e0', 'e137f9fdbdb6bf3f85c3f7ac9323785e445844c8', '32845e1bbd1efb5dbc16f671049509a409ba25ce']",1.0,1.0,1.0,True,0.0,4096,True,3
"[""ci"", ""docs"", ""feat""]","[""ci"", ""docs"", ""feat""]",0.7441227436065674,"['45837af24a33308a70a3454f0f650f9fe728e272', '6d405dfc1675dcad64a2dfac0c0cb0fb28381d21', 'f823cf28652987d43c8324b4f5b203240032383a']",1.0,1.0,1.0,True,0.0,4096,True,3
"[""ci"", ""docs"", ""fix""]","[""ci"", ""docs"", ""build""]",0.8865931034088135,"['6c9cb638cb4d1ecc42632fcf389c24898c5b3244', 'bf83c9155e9bee6925aa7102fab53fb803d52533', 'c323d59c607cabc91f17a78528d998f376f30b10']",0.6666666666666666,0.6666666666666666,0.6666666666666666,False,0.2857142857142857,4096,True,3
"[""test"", ""docs"", ""fix"", ""refactor""]","[""test"", ""docs"", ""fix""]",1.2273216247558594,"['229b53a632ea97d47c4be11f096bdd828fb415d8', 'e12d9e77a6fd531a22325337838a841b1c67f00d', 'd129eaf9125a967ac86c6c7276bbae6b4d50af36']",0.75,1.0,0.8571428571428571,False,0.1428571428571428,4096,True,3
"[""feat"", ""docs"", ""refactor""]","[""feat"", ""docs"", ""refactor""]",0.8175382614135742,"['68278b00450f2679761a2999500f6d87a579376b', 'c2ee5cd5e709afd15c5565ee009a0d204403a119', '535708ae50aecb452560a23356fd396f99ef13a2']",1.0,1.0,1.0,True,0.0,4096,True,3
"[""docs"", ""ci"", ""test"", ""fix""]","[""docs"", ""ci"", ""test""]",0.9181070327758788,"['0cfc5633d37ea06f645649138323f1820e18bdee', '6c9cb638cb4d1ecc42632fcf389c24898c5b3244', 'f411e58cd510f8a2b980b2f1932003a0c0e9f8f3']",0.75,1.0,0.8571428571428571,False,0.1428571428571428,4096,True,3
"[""build"", ""refactor"", ""fix""]","[""build"", ""fix"", ""refactor""]",1.0098731517791748,"['1269431c8a3e7549f10fcbbb4b88ff625c8898b3', '933ab6bb86372913c992567cf9660009900911a7', '36556bf8e0bce4ab6d26eafacbdad04d9614a5d7']",1.0,1.0,1.0,True,0.0,4096,True,3
"[""test"", ""fix"", ""docs""]","[""test"", ""fix"", ""docs""]",1.0838909149169922,"['c7b25726df94a2530c9b1c0d2b6a0acaa103822f', '933ab6bb86372913c992567cf9660009900911a7', 'c2ee5cd5e709afd15c5565ee009a0d204403a119']",1.0,1.0,1.0,True,0.0,4096,True,3
"[""build"", ""refactor"", ""fix""]","[""build"", ""refactor"", ""fix""]",0.8380751609802246,"['32b92cfa0b74a6c25990e32ac6aab12b8496794c', '771857b1df9470ebc15357e8879118a72c649d5b', '06e2be4e2019b6fa714e1fcb34485860ef1ede79']",1.0,1.0,1.0,True,0.0,4096,True,3
"[""test"", ""docs"", ""build"", ""fix""]","[""test"", ""docs"", ""build""]",0.9772090911865234,"['f411e58cd510f8a2b980b2f1932003a0c0e9f8f3', '036a0ff49a7dade0e04c9c07071a1ff49133ee24', 'c44cf88a6ec54e5ddd99d8348bcc57b301ec7945']",0.75,1.0,0.8571428571428571,False,0.1428571428571428,4096,True,3
"[""build"", ""refactor"", ""test"", ""feat""]","[""feat"", ""test"", ""refactor""]",0.9999380111694336,"['6ed56ce9ae743ba9a87e6c9643cc06b1de7b748d', 'c7b25726df94a2530c9b1c0d2b6a0acaa103822f', '535708ae50aecb452560a23356fd396f99ef13a2']",0.75,1.0,0.8571428571428571,False,0.1428571428571428,4096,True,3
"[""docs"", ""feat"", ""fix""]","[""docs"", ""feat"", ""fix""]",2.689445734024048,"['6d405dfc1675dcad64a2dfac0c0cb0fb28381d21', 'ded26d768ff432ad3bde3c0aa1e95ce50726100a', 'd129eaf9125a967ac86c6c7276bbae6b4d50af36']",1.0,1.0,1.0,True,0.0,4096,True,3
"[""ci"", ""docs"", ""refactor"", ""fix""]","[""ci"", ""docs"", ""fix""]",1.038512945175171,"['e7a67d88173566be3cd3aed7e9eeb7e29aabbc57', 'c2ee5cd5e709afd15c5565ee009a0d204403a119', 'bed78248c941d57ad4cc20a455147e186e97c7a1']",0.75,1.0,0.8571428571428571,False,0.1428571428571428,4096,True,3
"[""ci"", ""docs"", ""fix""]","[""ci"", ""docs"", ""fix""]",0.7889728546142578,"['74e9de5ec97dc013a52aa063dff0f40ac74c407b', 'aca23027da1295c78fdf42ba9687d8ccc88784d7', 'd129eaf9125a967ac86c6c7276bbae6b4d50af36']",1.0,1.0,1.0,True,0.0,4096,True,3
"[""test"", ""refactor"", ""fix"", ""build""]","[""test"", ""fix"", ""build""]",0.8973097801208496,"['c7b25726df94a2530c9b1c0d2b6a0acaa103822f', 'bed78248c941d57ad4cc20a455147e186e97c7a1', 'c55591ba157298a9c5816693c102a89dfd058830']",0.75,1.0,0.8571428571428571,False,0.1428571428571428,4096,True,3
"[""docs"", ""ci"", ""refactor"", ""fix""]","[""docs"", ""ci"", ""fix""]",1.11334490776062,"['a52a585d74894b3b4eeb8c784fa089ff95cddad0', 'e7a67d88173566be3cd3aed7e9eeb7e29aabbc57', 'bed78248c941d57ad4cc20a455147e186e97c7a1']",0.75,1.0,0.8571428571428571,False,0.1428571428571428,4096,True,3
"[""fix"", ""ci"", ""test""]","[""build"", ""ci"", ""test""]",0.7613198757171631,"['f00a4d3e307b89842250358ee432e6800bb24362', '6c9cb638cb4d1ecc42632fcf389c24898c5b3244', 'c7b25726df94a2530c9b1c0d2b6a0acaa103822f']",0.6666666666666666,0.6666666666666666,0.6666666666666666,False,0.2857142857142857,4096,True,3
"[""feat""]","[""refactor"", ""feat"", ""fix""]",1.0784459114074707,"['2954a0955ce9af6acb345ed1e8328e145ad30475', 'dc5238b2bda98a7c4f2fe9584fc3b0191a408109', '9ef5c0d14193a9abb09b39856f58477d1f4b0d77']",1.0,0.3333333333333333,0.5,False,0.2857142857142857,4096,True,3
"[""ci"", ""test"", ""fix""]","[""ci"", ""test"", ""fix""]",1.0323567390441897,"['4cbbd2552ba0de273e1dfe7d453c5b3efed751a3', 'f411e58cd510f8a2b980b2f1932003a0c0e9f8f3', '06e2be4e2019b6fa714e1fcb34485860ef1ede79']",1.0,1.0,1.0,True,0.0,4096,True,3
"[""fix"", ""refactor"", ""build""]","[""feat"", ""refactor"", ""build""]",1.112743854522705,"['b282e90e2cbb74559aab79eee8443a4d7c85502a', '1db13ec43727aca872a0f3836e4023ed85db665e', '37b1cbfd3d2c462ef4f2a131e4172c38dc8d9ddf']",0.6666666666666666,0.6666666666666666,0.6666666666666666,False,0.2857142857142857,4096,True,3
"[""fix"", ""feat"", ""ci""]","[""fix"", ""feat"", ""ci""]",0.9209389686584472,"['d129eaf9125a967ac86c6c7276bbae6b4d50af36', 'fd8e563cc19ca4684885d4692acee6bebcca4ada', '173553c0372e66e03bdab19e0e6c2dd44daa14a0']",1.0,1.0,1.0,True,0.0,4096,True,3
"[""docs"", ""feat"", ""test""]","[""docs"", ""refactor"", ""test""]",0.7218282222747803,"['036a0ff49a7dade0e04c9c07071a1ff49133ee24', '63eab619e6166eb6cab948028a7b89bf059dd878', '229b53a632ea97d47c4be11f096bdd828fb415d8']",0.6666666666666666,0.6666666666666666,0.6666666666666666,False,0.2857142857142857,4096,True,3
"[""fix"", ""ci"", ""feat""]","[""test"", ""ci"", ""feat""]",0.7714741230010986,"['c7b25726df94a2530c9b1c0d2b6a0acaa103822f', '32845e1bbd1efb5dbc16f671049509a409ba25ce', 'b282e90e2cbb74559aab79eee8443a4d7c85502a']",0.6666666666666666,0.6666666666666666,0.6666666666666666,False,0.2857142857142857,4096,True,3
"[""feat"", ""fix"", ""refactor"", ""build""]","[""feat"", ""build"", ""refactor""]",0.8479969501495361,"['f9a094918b62534614c47aa8a13f33aec751a1e0', '5b81fde8a72cf2e69a10e9f5c4f0bea0a2b8c3e0', '36556bf8e0bce4ab6d26eafacbdad04d9614a5d7']",0.75,1.0,0.8571428571428571,False,0.1428571428571428,4096,True,3
"[""feat"", ""build"", ""docs""]","[""feat"", ""build"", ""docs""]",0.9758331775665284,"['e137f9fdbdb6bf3f85c3f7ac9323785e445844c8', '37b1cbfd3d2c462ef4f2a131e4172c38dc8d9ddf', 'e12d9e77a6fd531a22325337838a841b1c67f00d']",1.0,1.0,1.0,True,0.0,4096,True,3
"[""build"", ""refactor"", ""ci""]","[""build"", ""refactor"", ""ci""]",0.7843170166015625,"['f00a4d3e307b89842250358ee432e6800bb24362', '36556bf8e0bce4ab6d26eafacbdad04d9614a5d7', '4cbbd2552ba0de273e1dfe7d453c5b3efed751a3']",1.0,1.0,1.0,True,0.0,4096,True,3
"[""docs"", ""ci"", ""build"", ""fix""]","[""docs"", ""ci"", ""build""]",1.7472419738769531,"['cb1f48b56ae0de93acb72e48726c7d610a1d538e', 'e96487ad7ce90b141219d9032fa2bed68d5dae6a', '454003841aabeb74396d73541378bfa59c75b5db']",0.75,1.0,0.8571428571428571,False,0.1428571428571428,4096,True,3
"[""fix"", ""test"", ""build""]","[""fix"", ""test"", ""build""]",0.9363760948181152,"['d129eaf9125a967ac86c6c7276bbae6b4d50af36', 'e2e8ad25854bd1e7cdbc7f50b50bbd99e04ad47d', '1269431c8a3e7549f10fcbbb4b88ff625c8898b3']",1.0,1.0,1.0,True,0.0,4096,True,3
"[""feat"", ""docs"", ""refactor""]","[""refactor"", ""docs"", ""feat""]",0.9783110618591307,"['2954a0955ce9af6acb345ed1e8328e145ad30475', 'a52a585d74894b3b4eeb8c784fa089ff95cddad0', 'b282e90e2cbb74559aab79eee8443a4d7c85502a']",1.0,1.0,1.0,True,0.0,4096,True,3
"[""docs"", ""refactor"", ""test""]","[""docs"", ""refactor"", ""test""]",1.2589480876922607,"['0cfc5633d37ea06f645649138323f1820e18bdee', '1db13ec43727aca872a0f3836e4023ed85db665e', 'bedc7950b24c37809e36a585b7985d5aa5e3e458']",1.0,1.0,1.0,True,0.0,4096,True,3
"[""fix"", ""docs"", ""test""]","[""fix"", ""docs"", ""test""]",0.6809370517730713,"['933ab6bb86372913c992567cf9660009900911a7', '0cfc5633d37ea06f645649138323f1820e18bdee', 'c7b25726df94a2530c9b1c0d2b6a0acaa103822f']",1.0,1.0,1.0,True,0.0,4096,True,3
"[""refactor"", ""ci"", ""test""]","[""refactor"", ""ci"", ""test""]",0.7050011157989502,"['36556bf8e0bce4ab6d26eafacbdad04d9614a5d7', '6c9cb638cb4d1ecc42632fcf389c24898c5b3244', '229b53a632ea97d47c4be11f096bdd828fb415d8']",1.0,1.0,1.0,True,0.0,4096,True,3
"[""ci"", ""test"", ""docs""]","[""ci"", ""test"", ""docs""]",0.929750919342041,"['c5fa7b80438fbd74f4c341f0d3c9bd9e0f4910da', '229b53a632ea97d47c4be11f096bdd828fb415d8', 'aca23027da1295c78fdf42ba9687d8ccc88784d7']",1.0,1.0,1.0,True,0.0,4096,True,3
"[""feat"", ""docs"", ""fix""]","[""feat"", ""docs"", ""fix""]",0.7688193321228027,"['f823cf28652987d43c8324b4f5b203240032383a', '0cfc5633d37ea06f645649138323f1820e18bdee', '9ef5c0d14193a9abb09b39856f58477d1f4b0d77']",1.0,1.0,1.0,True,0.0,4096,True,3
"[""test"", ""fix"", ""build""]","[""test"", ""fix"", ""build""]",1.366297960281372,"['317f4eefecddfb1392ca71d551840f446feee302', '06e2be4e2019b6fa714e1fcb34485860ef1ede79', 'c55591ba157298a9c5816693c102a89dfd058830']",1.0,1.0,1.0,True,0.0,4096,True,3
"[""feat"", ""docs"", ""refactor""]","[""feat"", ""docs"", ""refactor""]",0.8699138164520264,"['e137f9fdbdb6bf3f85c3f7ac9323785e445844c8', 'bf83c9155e9bee6925aa7102fab53fb803d52533', '36556bf8e0bce4ab6d26eafacbdad04d9614a5d7']",1.0,1.0,1.0,True,0.0,4096,True,3
"[""fix"", ""ci""]","[""fix"", ""ci"", ""build""]",0.8589990139007568,"['d129eaf9125a967ac86c6c7276bbae6b4d50af36', '6c9cb638cb4d1ecc42632fcf389c24898c5b3244', 'c44cf88a6ec54e5ddd99d8348bcc57b301ec7945']",1.0,0.6666666666666666,0.8,False,0.1428571428571428,4096,True,3
"[""fix"", ""feat"", ""docs""]","[""fix"", ""refactor"", ""docs""]",1.59922194480896,"['2561f4ade46fc9d59f289f328cc77733a6443697', '2954a0955ce9af6acb345ed1e8328e145ad30475', 'a52a585d74894b3b4eeb8c784fa089ff95cddad0']",0.6666666666666666,0.6666666666666666,0.6666666666666666,False,0.2857142857142857,4096,True,3
"[""build"", ""feat"", ""fix""]","[""build"", ""feat"", ""fix""]",0.7041330337524414,"['c55591ba157298a9c5816693c102a89dfd058830', 'dc5238b2bda98a7c4f2fe9584fc3b0191a408109', '9be725fa3906323d4bc9788f54eccf74109d632b']",1.0,1.0,1.0,True,0.0,4096,True,3
"[""test"", ""refactor"", ""feat""]","[""test"", ""refactor"", ""feat""]",0.876197099685669,"['229b53a632ea97d47c4be11f096bdd828fb415d8', '36556bf8e0bce4ab6d26eafacbdad04d9614a5d7', 'ded26d768ff432ad3bde3c0aa1e95ce50726100a']",1.0,1.0,1.0,True,0.0,4096,True,3
"[""test"", ""build"", ""ci""]","[""test"", ""build"", ""ci""]",0.9135239124298096,"['e0198f74b81da3663144cfe1d971939319f82a0f', 'c55591ba157298a9c5816693c102a89dfd058830', 'e7a67d88173566be3cd3aed7e9eeb7e29aabbc57']",1.0,1.0,1.0,True,0.0,4096,True,3
"[""test"", ""fix"", ""docs""]","[""test"", ""fix"", ""docs""]",1.1496751308441162,"['bedc7950b24c37809e36a585b7985d5aa5e3e458', '933ab6bb86372913c992567cf9660009900911a7', '6d405dfc1675dcad64a2dfac0c0cb0fb28381d21']",1.0,1.0,1.0,True,0.0,4096,True,3
"[""fix"", ""build"", ""test""]","[""fix"", ""build"", ""test""]",0.921875,"['d129eaf9125a967ac86c6c7276bbae6b4d50af36', '32b92cfa0b74a6c25990e32ac6aab12b8496794c', '317f4eefecddfb1392ca71d551840f446feee302']",1.0,1.0,1.0,True,0.0,4096,True,3
"[""feat"", ""fix"", ""ci""]","[""feat"", ""fix"", ""ci""]",0.9827067852020264,"['f823cf28652987d43c8324b4f5b203240032383a', '9be725fa3906323d4bc9788f54eccf74109d632b', '32845e1bbd1efb5dbc16f671049509a409ba25ce']",1.0,1.0,1.0,True,0.0,4096,True,3
"[""feat"", ""docs"", ""build"", ""test""]","[""fix"", ""docs"", ""build""]",1.195244073867798,"['9ef5c0d14193a9abb09b39856f58477d1f4b0d77', 'a52a585d74894b3b4eeb8c784fa089ff95cddad0', '37b1cbfd3d2c462ef4f2a131e4172c38dc8d9ddf']",0.5,0.6666666666666666,0.5714285714285715,False,0.4285714285714285,4096,True,3
"[""feat"", ""ci"", ""docs""]","[""fix"", ""ci"", ""docs""]",0.763214111328125,"['87d5d4e55ab7149b593d29410f1fe426ba2447d4', '4cbbd2552ba0de273e1dfe7d453c5b3efed751a3', '6d405dfc1675dcad64a2dfac0c0cb0fb28381d21']",0.6666666666666666,0.6666666666666666,0.6666666666666666,False,0.2857142857142857,4096,True,3
"[""feat"", ""docs"", ""refactor"", ""fix""]","[""feat"", ""docs"", ""fix""]",0.9307820796966552,"['fd8e563cc19ca4684885d4692acee6bebcca4ada', 'cb1f48b56ae0de93acb72e48726c7d610a1d538e', 'bed78248c941d57ad4cc20a455147e186e97c7a1']",0.75,1.0,0.8571428571428571,False,0.1428571428571428,4096,True,3
"[""feat"", ""refactor""]","[""feat"", ""fix"", ""refactor""]",0.9914710521697998,"['1bcf88670b50155b50071e707f98f30cea0b7a24', '9ef5c0d14193a9abb09b39856f58477d1f4b0d77', '062daa45cbd5dba6e96e95d8cdcaee89ae30a83c']",1.0,0.6666666666666666,0.8,False,0.1428571428571428,4096,True,3
"[""refactor"", ""fix"", ""docs"", ""test""]","[""fix"", ""docs"", ""test""]",1.1732158660888672,"['bed78248c941d57ad4cc20a455147e186e97c7a1', 'a52a585d74894b3b4eeb8c784fa089ff95cddad0', 'e9617f0854030e70365eb264bcb3b58078e79e9e']",0.75,1.0,0.8571428571428571,False,0.1428571428571428,4096,True,3
"[""docs"", ""ci"", ""feat""]","[""docs"", ""ci"", ""feat""]",0.8674709796905518,"['c2ee5cd5e709afd15c5565ee009a0d204403a119', 'dbb537a26e388a8d7d17faf131abc30c2f7a84e6', 'ded26d768ff432ad3bde3c0aa1e95ce50726100a']",1.0,1.0,1.0,True,0.0,4096,True,3
"[""build"", ""test"", ""ci"", ""refactor""]","[""build"", ""ci"", ""refactor""]",1.1242709159851074,"['454003841aabeb74396d73541378bfa59c75b5db', 'dbb537a26e388a8d7d17faf131abc30c2f7a84e6', '062daa45cbd5dba6e96e95d8cdcaee89ae30a83c']",0.75,1.0,0.8571428571428571,False,0.1428571428571428,4096,True,3
"[""feat"", ""fix"", ""test"", ""refactor""]","[""feat"", ""fix"", ""test""]",0.921921968460083,"['fd8e563cc19ca4684885d4692acee6bebcca4ada', 'd1d55e787b7d07f763852602b9939a5394607fd9', 'b7ce2894fd1794064bd6db4ed730bb6cb7728739']",0.75,1.0,0.8571428571428571,False,0.1428571428571428,4096,True,3
"[""docs"", ""test"", ""build""]","[""docs"", ""test"", ""build""]",0.9189450740814208,"['bf83c9155e9bee6925aa7102fab53fb803d52533', 'b7ce2894fd1794064bd6db4ed730bb6cb7728739', '37b1cbfd3d2c462ef4f2a131e4172c38dc8d9ddf']",1.0,1.0,1.0,True,0.0,4096,True,3
"[""fix"", ""ci"", ""test""]","[""fix"", ""ci"", ""test""]",1.0112431049346924,"['d129eaf9125a967ac86c6c7276bbae6b4d50af36', 'e7a67d88173566be3cd3aed7e9eeb7e29aabbc57', '317f4eefecddfb1392ca71d551840f446feee302']",1.0,1.0,1.0,True,0.0,4096,True,3
"[""docs"", ""ci""]","[""docs"", ""fix"", ""ci""]",0.6862859725952148,"['c2ee5cd5e709afd15c5565ee009a0d204403a119', 'd1d55e787b7d07f763852602b9939a5394607fd9', '6c9cb638cb4d1ecc42632fcf389c24898c5b3244']",1.0,0.6666666666666666,0.8,False,0.1428571428571428,4096,True,3
"[""ci"", ""fix"", ""docs""]","[""ci"", ""fix"", ""docs""]",0.8458209037780762,"['dbb537a26e388a8d7d17faf131abc30c2f7a84e6', 'c8e0ae8612df3d6f2831acc004aaac332f6105e4', 'e12d9e77a6fd531a22325337838a841b1c67f00d']",1.0,1.0,1.0,True,0.0,4096,True,3
"[""build"", ""docs"", ""fix""]","[""build"", ""docs"", ""refactor""]",1.1822059154510498,"['c55591ba157298a9c5816693c102a89dfd058830', 'c2ee5cd5e709afd15c5565ee009a0d204403a119', 'a62314d9bb632be6af026686615d14b912250512']",0.6666666666666666,0.6666666666666666,0.6666666666666666,False,0.2857142857142857,4096,True,3
"[""refactor"", ""build""]","[""fix"", ""build"", ""refactor""]",1.1904199123382568,"['d1d55e787b7d07f763852602b9939a5394607fd9', '32b92cfa0b74a6c25990e32ac6aab12b8496794c', '062daa45cbd5dba6e96e95d8cdcaee89ae30a83c']",1.0,0.6666666666666666,0.8,False,0.1428571428571428,4096,True,3
"[""test"", ""docs"", ""build""]","[""test"", ""docs"", ""build""]",0.7987551689147949,"['f411e58cd510f8a2b980b2f1932003a0c0e9f8f3', 'af880ac5b4fecbc6c4f3d1eee0d95f326e8bd9d1', '1269431c8a3e7549f10fcbbb4b88ff625c8898b3']",1.0,1.0,1.0,True,0.0,4096,True,3
"[""feat"", ""fix"", ""test""]","[""feat"", ""fix"", ""test""]",1.115107774734497,"['f9a094918b62534614c47aa8a13f33aec751a1e0', '87d5d4e55ab7149b593d29410f1fe426ba2447d4', '317f4eefecddfb1392ca71d551840f446feee302']",1.0,1.0,1.0,True,0.0,4096,True,3
"[""test"", ""fix"", ""feat""]","[""test"", ""fix"", ""feat""]",1.125890016555786,"['229b53a632ea97d47c4be11f096bdd828fb415d8', 'c8e0ae8612df3d6f2831acc004aaac332f6105e4', 'f823cf28652987d43c8324b4f5b203240032383a']",1.0,1.0,1.0,True,0.0,4096,True,3
"[""feat"", ""fix"", ""docs""]","[""feat"", ""fix"", ""docs""]",1.020993947982788,"['dc5238b2bda98a7c4f2fe9584fc3b0191a408109', '06e2be4e2019b6fa714e1fcb34485860ef1ede79', 'af880ac5b4fecbc6c4f3d1eee0d95f326e8bd9d1']",1.0,1.0,1.0,True,0.0,4096,True,3
"[""ci"", ""test"", ""docs""]","[""ci"", ""docs"", ""test""]",0.9194660186767578,"['173553c0372e66e03bdab19e0e6c2dd44daa14a0', 'e12d9e77a6fd531a22325337838a841b1c67f00d', 'c7b25726df94a2530c9b1c0d2b6a0acaa103822f']",1.0,1.0,1.0,True,0.0,4096,True,3
"[""ci"", ""fix"", ""build"", ""docs""]","[""ci"", ""fix"", ""docs""]",0.8889391422271729,"['dbb537a26e388a8d7d17faf131abc30c2f7a84e6', '2561f4ade46fc9d59f289f328cc77733a6443697', 'e12d9e77a6fd531a22325337838a841b1c67f00d']",0.75,1.0,0.8571428571428571,False,0.1428571428571428,4096,True,3
"[""feat"", ""fix"", ""test""]","[""feat"", ""fix"", ""test""]",0.7446229457855225,"['f823cf28652987d43c8324b4f5b203240032383a', '9ef5c0d14193a9abb09b39856f58477d1f4b0d77', '229b53a632ea97d47c4be11f096bdd828fb415d8']",1.0,1.0,1.0,True,0.0,4096,True,3
"[""docs"", ""ci"", ""feat""]","[""docs"", ""ci"", ""feat""]",1.008101224899292,"['6d405dfc1675dcad64a2dfac0c0cb0fb28381d21', '173553c0372e66e03bdab19e0e6c2dd44daa14a0', 'b282e90e2cbb74559aab79eee8443a4d7c85502a']",1.0,1.0,1.0,True,0.0,4096,True,3
"[""ci"", ""docs"", ""fix""]","[""ci"", ""docs"", ""build""]",0.7515981197357178,"['c5fa7b80438fbd74f4c341f0d3c9bd9e0f4910da', '036a0ff49a7dade0e04c9c07071a1ff49133ee24', 'c44cf88a6ec54e5ddd99d8348bcc57b301ec7945']",0.6666666666666666,0.6666666666666666,0.6666666666666666,False,0.2857142857142857,4096,True,3
"[""ci"", ""feat"", ""build""]","[""ci"", ""feat"", ""build""]",0.9998600482940674,"['32845e1bbd1efb5dbc16f671049509a409ba25ce', 'b282e90e2cbb74559aab79eee8443a4d7c85502a', '37b1cbfd3d2c462ef4f2a131e4172c38dc8d9ddf']",1.0,1.0,1.0,True,0.0,4096,True,3
"[""test"", ""build"", ""fix"", ""feat""]","[""test"", ""build"", ""fix"", ""feat""]",0.8774349689483643,"['e0198f74b81da3663144cfe1d971939319f82a0f', 'f00a4d3e307b89842250358ee432e6800bb24362', 'd129eaf9125a967ac86c6c7276bbae6b4d50af36', 'dc5238b2bda98a7c4f2fe9584fc3b0191a408109']",1.0,1.0,1.0,True,0.0,4096,True,4
"[""ci"", ""build"", ""test"", ""docs""]","[""ci"", ""build"", ""test"", ""docs""]",1.1661269664764404,"['c5fa7b80438fbd74f4c341f0d3c9bd9e0f4910da', '1269431c8a3e7549f10fcbbb4b88ff625c8898b3', 'e2e8ad25854bd1e7cdbc7f50b50bbd99e04ad47d', '036a0ff49a7dade0e04c9c07071a1ff49133ee24']",1.0,1.0,1.0,True,0.0,4096,True,4
"[""refactor"", ""feat"", ""docs"", ""test""]","[""refactor"", ""feat"", ""docs"", ""test""]",0.991811990737915,"['3cca5c314ad6feeffbfe1f14cf49ebd0fd9a95a2', 'dc5238b2bda98a7c4f2fe9584fc3b0191a408109', 'aca23027da1295c78fdf42ba9687d8ccc88784d7', '229b53a632ea97d47c4be11f096bdd828fb415d8']",1.0,1.0,1.0,True,0.0,4096,True,4
"[""refactor"", ""test"", ""build"", ""feat""]","[""fix"", ""test"", ""build"", ""refactor""]",1.0528390407562256,"['d1d55e787b7d07f763852602b9939a5394607fd9', 'bedc7950b24c37809e36a585b7985d5aa5e3e458', 'c55591ba157298a9c5816693c102a89dfd058830', '535708ae50aecb452560a23356fd396f99ef13a2']",0.75,0.75,0.75,False,0.2857142857142857,4096,True,4
"[""docs"", ""build"", ""ci"", ""feat""]","[""docs"", ""build"", ""ci"", ""feat""]",1.6079440116882324,"['a52a585d74894b3b4eeb8c784fa089ff95cddad0', '1269431c8a3e7549f10fcbbb4b88ff625c8898b3', '45837af24a33308a70a3454f0f650f9fe728e272', 'e137f9fdbdb6bf3f85c3f7ac9323785e445844c8']",1.0,1.0,1.0,True,0.0,4096,True,4
"[""test"", ""refactor"", ""fix"", ""feat"", ""ci""]","[""test"", ""fix"", ""refactor"", ""ci""]",1.3479537963867188,"['e9617f0854030e70365eb264bcb3b58078e79e9e', 'bed78248c941d57ad4cc20a455147e186e97c7a1', '535708ae50aecb452560a23356fd396f99ef13a2', 'c5fa7b80438fbd74f4c341f0d3c9bd9e0f4910da']",0.8,1.0,0.888888888888889,False,0.1428571428571428,4096,True,4
"[""ci"", ""fix"", ""feat"", ""refactor""]","[""ci"", ""fix"", ""feat"", ""refactor""]",1.5077049732208252,"['e7a67d88173566be3cd3aed7e9eeb7e29aabbc57', 'bed78248c941d57ad4cc20a455147e186e97c7a1', 'f823cf28652987d43c8324b4f5b203240032383a', '2954a0955ce9af6acb345ed1e8328e145ad30475']",1.0,1.0,1.0,True,0.0,4096,True,4
"[""docs"", ""ci"", ""test"", ""refactor""]","[""docs"", ""ci"", ""test"", ""refactor""]",1.9711740016937256,"['aca23027da1295c78fdf42ba9687d8ccc88784d7', '74e9de5ec97dc013a52aa063dff0f40ac74c407b', '317f4eefecddfb1392ca71d551840f446feee302', '3cca5c314ad6feeffbfe1f14cf49ebd0fd9a95a2']",1.0,1.0,1.0,True,0.0,4096,True,4
"[""fix"", ""feat"", ""build"", ""docs""]","[""fix"", ""feat"", ""build"", ""docs""]",1.0447659492492676,"['9be725fa3906323d4bc9788f54eccf74109d632b', 'e137f9fdbdb6bf3f85c3f7ac9323785e445844c8', 'c323d59c607cabc91f17a78528d998f376f30b10', '0cfc5633d37ea06f645649138323f1820e18bdee']",1.0,1.0,1.0,True,0.0,4096,True,4
"[""docs"", ""feat"", ""test""]","[""docs"", ""feat"", ""test"", ""fix""]",1.202106237411499,"['0cfc5633d37ea06f645649138323f1820e18bdee', '1bcf88670b50155b50071e707f98f30cea0b7a24', '229b53a632ea97d47c4be11f096bdd828fb415d8', '87d5d4e55ab7149b593d29410f1fe426ba2447d4']",1.0,0.75,0.8571428571428571,False,0.1428571428571428,4096,True,4
"[""build"", ""refactor"", ""test"", ""ci""]","[""build"", ""refactor"", ""test"", ""ci""]",1.543267011642456,"['c55591ba157298a9c5816693c102a89dfd058830', '062daa45cbd5dba6e96e95d8cdcaee89ae30a83c', 'c7b25726df94a2530c9b1c0d2b6a0acaa103822f', 'dbb537a26e388a8d7d17faf131abc30c2f7a84e6']",1.0,1.0,1.0,True,0.0,4096,True,4
"[""feat"", ""fix"", ""test"", ""refactor""]","[""feat"", ""fix"", ""test"", ""refactor""]",1.4210968017578125,"['dc5238b2bda98a7c4f2fe9584fc3b0191a408109', 'c8e0ae8612df3d6f2831acc004aaac332f6105e4', 'f411e58cd510f8a2b980b2f1932003a0c0e9f8f3', '47ef9104e4a89e80d7cc6c1950bc080841da4a7b']",1.0,1.0,1.0,True,0.0,4096,True,4
"[""feat"", ""fix"", ""docs"", ""test"", ""ci""]","[""refactor"", ""docs"", ""test"", ""ci""]",1.0224287509918213,"['63eab619e6166eb6cab948028a7b89bf059dd878', 'aca23027da1295c78fdf42ba9687d8ccc88784d7', 'f411e58cd510f8a2b980b2f1932003a0c0e9f8f3', 'e7a67d88173566be3cd3aed7e9eeb7e29aabbc57']",0.6,0.75,0.6666666666666665,False,0.4285714285714285,4096,True,4
"[""docs"", ""refactor"", ""test"", ""fix""]","[""docs"", ""refactor"", ""test"", ""fix""]",0.6718630790710449,"['aca23027da1295c78fdf42ba9687d8ccc88784d7', '062daa45cbd5dba6e96e95d8cdcaee89ae30a83c', 'b7ce2894fd1794064bd6db4ed730bb6cb7728739', '06e2be4e2019b6fa714e1fcb34485860ef1ede79']",1.0,1.0,1.0,True,0.0,4096,True,4
"[""test"", ""docs"", ""build"", ""ci""]","[""test"", ""docs"", ""build"", ""ci""]",0.9603519439697266,"['317f4eefecddfb1392ca71d551840f446feee302', 'aca23027da1295c78fdf42ba9687d8ccc88784d7', 'f00a4d3e307b89842250358ee432e6800bb24362', '32845e1bbd1efb5dbc16f671049509a409ba25ce']",1.0,1.0,1.0,True,0.0,4096,True,4
"[""fix"", ""refactor"", ""docs"", ""test""]","[""fix"", ""refactor"", ""docs"", ""test""]",0.909193992614746,"['933ab6bb86372913c992567cf9660009900911a7', '3cca5c314ad6feeffbfe1f14cf49ebd0fd9a95a2', 'a52a585d74894b3b4eeb8c784fa089ff95cddad0', '229b53a632ea97d47c4be11f096bdd828fb415d8']",1.0,1.0,1.0,True,0.0,4096,True,4
"[""feat"", ""ci"", ""docs"", ""build""]","[""refactor"", ""ci"", ""docs"", ""build""]",0.7320230007171631,"['63eab619e6166eb6cab948028a7b89bf059dd878', '6c9cb638cb4d1ecc42632fcf389c24898c5b3244', 'a52a585d74894b3b4eeb8c784fa089ff95cddad0', 'c55591ba157298a9c5816693c102a89dfd058830']",0.75,0.75,0.75,False,0.2857142857142857,4096,True,4
"[""ci"", ""build"", ""test"", ""feat""]","[""ci"", ""build"", ""test"", ""fix""]",1.631259202957153,"['173553c0372e66e03bdab19e0e6c2dd44daa14a0', 'c55591ba157298a9c5816693c102a89dfd058830', '8ee0611fbf0cd89abe7ae588f22e6ecb843598ea', '87d5d4e55ab7149b593d29410f1fe426ba2447d4']",0.75,0.75,0.75,False,0.2857142857142857,4096,True,4
"[""ci"", ""build"", ""feat"", ""fix""]","[""ci"", ""build"", ""feat"", ""fix""]",1.3745110034942627,"['32845e1bbd1efb5dbc16f671049509a409ba25ce', '32b92cfa0b74a6c25990e32ac6aab12b8496794c', 'fd8e563cc19ca4684885d4692acee6bebcca4ada', '933ab6bb86372913c992567cf9660009900911a7']",1.0,1.0,1.0,True,0.0,4096,True,4
"[""test"", ""build"", ""fix"", ""feat"", ""refactor""]","[""test"", ""build"", ""fix"", ""feat""]",1.5917789936065674,"['317f4eefecddfb1392ca71d551840f446feee302', '454003841aabeb74396d73541378bfa59c75b5db', '933ab6bb86372913c992567cf9660009900911a7', '6ed56ce9ae743ba9a87e6c9643cc06b1de7b748d']",0.8,1.0,0.888888888888889,False,0.1428571428571428,4096,True,4
"[""refactor"", ""docs"", ""test""]","[""fix"", ""docs"", ""test"", ""refactor""]",1.0198898315429688,"['d1d55e787b7d07f763852602b9939a5394607fd9', '6d405dfc1675dcad64a2dfac0c0cb0fb28381d21', 'e0198f74b81da3663144cfe1d971939319f82a0f', '36556bf8e0bce4ab6d26eafacbdad04d9614a5d7']",1.0,0.75,0.8571428571428571,False,0.1428571428571428,4096,True,4
"[""ci"", ""docs"", ""fix"", ""feat""]","[""ci"", ""docs"", ""build"", ""feat""]",0.8794867992401123,"['e7a67d88173566be3cd3aed7e9eeb7e29aabbc57', '6d405dfc1675dcad64a2dfac0c0cb0fb28381d21', 'c44cf88a6ec54e5ddd99d8348bcc57b301ec7945', 'f9a094918b62534614c47aa8a13f33aec751a1e0']",0.75,0.75,0.75,False,0.2857142857142857,4096,True,4
"[""fix"", ""test"", ""refactor"", ""docs""]","[""fix"", ""test"", ""feat"", ""docs""]",2.1861910820007324,"['2561f4ade46fc9d59f289f328cc77733a6443697', 'e0198f74b81da3663144cfe1d971939319f82a0f', '1bcf88670b50155b50071e707f98f30cea0b7a24', '6d405dfc1675dcad64a2dfac0c0cb0fb28381d21']",0.75,0.75,0.75,False,0.2857142857142857,4096,True,4
"[""ci"", ""fix"", ""test"", ""docs""]","[""ci"", ""fix"", ""test"", ""docs""]",1.1165149211883545,"['4cbbd2552ba0de273e1dfe7d453c5b3efed751a3', '933ab6bb86372913c992567cf9660009900911a7', 'b7ce2894fd1794064bd6db4ed730bb6cb7728739', 'af880ac5b4fecbc6c4f3d1eee0d95f326e8bd9d1']",1.0,1.0,1.0,True,0.0,4096,True,4
"[""feat"", ""refactor"", ""ci""]","[""feat"", ""ci"", ""refactor"", ""fix""]",0.8872849941253662,"['f823cf28652987d43c8324b4f5b203240032383a', '45837af24a33308a70a3454f0f650f9fe728e272', '36556bf8e0bce4ab6d26eafacbdad04d9614a5d7', 'bed78248c941d57ad4cc20a455147e186e97c7a1']",1.0,0.75,0.8571428571428571,False,0.1428571428571428,4096,True,4
"[""feat"", ""docs"", ""build"", ""fix""]","[""refactor"", ""feat"", ""docs"", ""build""]",0.9498569965362548,"['63eab619e6166eb6cab948028a7b89bf059dd878', 'e137f9fdbdb6bf3f85c3f7ac9323785e445844c8', 'a52a585d74894b3b4eeb8c784fa089ff95cddad0', 'f00a4d3e307b89842250358ee432e6800bb24362']",0.75,0.75,0.75,False,0.2857142857142857,4096,True,4
"[""build"", ""ci"", ""test"", ""feat"", ""fix""]","[""build"", ""test"", ""ci"", ""refactor""]",0.8728551864624023,"['1269431c8a3e7549f10fcbbb4b88ff625c8898b3', '8ee0611fbf0cd89abe7ae588f22e6ecb843598ea', '45837af24a33308a70a3454f0f650f9fe728e272', '63eab619e6166eb6cab948028a7b89bf059dd878']",0.6,0.75,0.6666666666666665,False,0.4285714285714285,4096,True,4
"[""build"", ""docs"", ""refactor"", ""fix""]","[""build"", ""docs"", ""feat"", ""fix""]",1.2973172664642334,"['37b1cbfd3d2c462ef4f2a131e4172c38dc8d9ddf', '6d405dfc1675dcad64a2dfac0c0cb0fb28381d21', 'b282e90e2cbb74559aab79eee8443a4d7c85502a', '2561f4ade46fc9d59f289f328cc77733a6443697']",0.75,0.75,0.75,False,0.2857142857142857,4096,True,4
"[""build"", ""test"", ""ci"", ""feat"", ""refactor""]","[""build"", ""test"", ""ci"", ""feat""]",0.89475417137146,"['c55591ba157298a9c5816693c102a89dfd058830', '317f4eefecddfb1392ca71d551840f446feee302', 'c5fa7b80438fbd74f4c341f0d3c9bd9e0f4910da', '6ed56ce9ae743ba9a87e6c9643cc06b1de7b748d']",0.8,1.0,0.888888888888889,False,0.1428571428571428,4096,True,4
"[""fix"", ""build"", ""docs"", ""refactor""]","[""fix"", ""build"", ""docs"", ""refactor""]",1.114326000213623,"['933ab6bb86372913c992567cf9660009900911a7', '5b81fde8a72cf2e69a10e9f5c4f0bea0a2b8c3e0', 'c2ee5cd5e709afd15c5565ee009a0d204403a119', '3cca5c314ad6feeffbfe1f14cf49ebd0fd9a95a2']",1.0,1.0,1.0,True,0.0,4096,True,4
"[""fix"", ""feat"", ""docs"", ""ci""]","[""fix"", ""feat"", ""docs"", ""ci""]",1.0476961135864258,"['933ab6bb86372913c992567cf9660009900911a7', 'dc5238b2bda98a7c4f2fe9584fc3b0191a408109', '036a0ff49a7dade0e04c9c07071a1ff49133ee24', 'e7a67d88173566be3cd3aed7e9eeb7e29aabbc57']",1.0,1.0,1.0,True,0.0,4096,True,4
"[""docs"", ""fix"", ""feat"", ""refactor""]","[""docs"", ""fix"", ""feat"", ""refactor""]",1.4043879508972168,"['af880ac5b4fecbc6c4f3d1eee0d95f326e8bd9d1', 'c8e0ae8612df3d6f2831acc004aaac332f6105e4', 'f9a094918b62534614c47aa8a13f33aec751a1e0', '47ef9104e4a89e80d7cc6c1950bc080841da4a7b']",1.0,1.0,1.0,True,0.0,4096,True,4
"[""fix"", ""feat"", ""ci""]","[""fix"", ""build"", ""feat"", ""ci""]",0.8240151405334473,"['d129eaf9125a967ac86c6c7276bbae6b4d50af36', '1269431c8a3e7549f10fcbbb4b88ff625c8898b3', 'e137f9fdbdb6bf3f85c3f7ac9323785e445844c8', '173553c0372e66e03bdab19e0e6c2dd44daa14a0']",1.0,0.75,0.8571428571428571,False,0.1428571428571428,4096,True,4
"[""feat"", ""refactor"", ""test"", ""build""]","[""feat"", ""refactor"", ""test"", ""build""]",1.044022798538208,"['dc5238b2bda98a7c4f2fe9584fc3b0191a408109', '771857b1df9470ebc15357e8879118a72c649d5b', 'b7ce2894fd1794064bd6db4ed730bb6cb7728739', 'c323d59c607cabc91f17a78528d998f376f30b10']",1.0,1.0,1.0,True,0.0,4096,True,4
"[""build"", ""test"", ""ci"", ""fix"", ""refactor""]","[""build"", ""test"", ""ci"", ""fix""]",1.0212669372558594,"['5b81fde8a72cf2e69a10e9f5c4f0bea0a2b8c3e0', 'b7ce2894fd1794064bd6db4ed730bb6cb7728739', '74e9de5ec97dc013a52aa063dff0f40ac74c407b', 'd129eaf9125a967ac86c6c7276bbae6b4d50af36']",0.8,1.0,0.888888888888889,False,0.1428571428571428,4096,True,4
"[""docs"", ""feat"", ""build"", ""test"", ""ci""]","[""docs"", ""feat"", ""build"", ""ci""]",1.0738821029663086,"['af880ac5b4fecbc6c4f3d1eee0d95f326e8bd9d1', 'ded26d768ff432ad3bde3c0aa1e95ce50726100a', '454003841aabeb74396d73541378bfa59c75b5db', '4cbbd2552ba0de273e1dfe7d453c5b3efed751a3']",0.8,1.0,0.888888888888889,False,0.1428571428571428,4096,True,4
"[""docs"", ""feat"", ""ci"", ""build""]","[""docs"", ""refactor"", ""ci"", ""build""]",1.5843608379364014,"['036a0ff49a7dade0e04c9c07071a1ff49133ee24', '535708ae50aecb452560a23356fd396f99ef13a2', 'e7a67d88173566be3cd3aed7e9eeb7e29aabbc57', 'c55591ba157298a9c5816693c102a89dfd058830']",0.75,0.75,0.75,False,0.2857142857142857,4096,True,4
"[""feat"", ""ci"", ""docs"", ""refactor""]","[""refactor"", ""ci"", ""fix"", ""docs""]",0.89605712890625,"['2954a0955ce9af6acb345ed1e8328e145ad30475', '6c9cb638cb4d1ecc42632fcf389c24898c5b3244', 'd1d55e787b7d07f763852602b9939a5394607fd9', '6d405dfc1675dcad64a2dfac0c0cb0fb28381d21']",0.75,0.75,0.75,False,0.2857142857142857,4096,True,4
"[""test"", ""ci"", ""docs"", ""feat""]","[""test"", ""ci"", ""docs"", ""feat""]",1.0411231517791748,"['229b53a632ea97d47c4be11f096bdd828fb415d8', '4cbbd2552ba0de273e1dfe7d453c5b3efed751a3', 'bf83c9155e9bee6925aa7102fab53fb803d52533', 'ded26d768ff432ad3bde3c0aa1e95ce50726100a']",1.0,1.0,1.0,True,0.0,4096,True,4
"[""refactor"", ""feat"", ""test"", ""fix""]","[""refactor"", ""fix"", ""test"", ""feat""]",0.8998749256134033,"['47ef9104e4a89e80d7cc6c1950bc080841da4a7b', '9ef5c0d14193a9abb09b39856f58477d1f4b0d77', 'b7ce2894fd1794064bd6db4ed730bb6cb7728739', '1bcf88670b50155b50071e707f98f30cea0b7a24']",1.0,1.0,1.0,True,0.0,4096,True,4
"[""docs"", ""feat"", ""ci""]","[""docs"", ""feat"", ""ci"", ""refactor""]",1.1229569911956787,"['e12d9e77a6fd531a22325337838a841b1c67f00d', 'fd8e563cc19ca4684885d4692acee6bebcca4ada', '173553c0372e66e03bdab19e0e6c2dd44daa14a0', '535708ae50aecb452560a23356fd396f99ef13a2']",1.0,0.75,0.8571428571428571,False,0.1428571428571428,4096,True,4
"[""refactor"", ""feat"", ""ci""]","[""refactor"", ""feat"", ""docs"", ""ci""]",1.024065017700195,"['1db13ec43727aca872a0f3836e4023ed85db665e', 'b282e90e2cbb74559aab79eee8443a4d7c85502a', 'e12d9e77a6fd531a22325337838a841b1c67f00d', '74e9de5ec97dc013a52aa063dff0f40ac74c407b']",1.0,0.75,0.8571428571428571,False,0.1428571428571428,4096,True,4
"[""docs"", ""ci"", ""refactor"", ""test""]","[""docs"", ""ci"", ""refactor"", ""test""]",1.07228684425354,"['aca23027da1295c78fdf42ba9687d8ccc88784d7', '74e9de5ec97dc013a52aa063dff0f40ac74c407b', '2954a0955ce9af6acb345ed1e8328e145ad30475', 'f411e58cd510f8a2b980b2f1932003a0c0e9f8f3']",1.0,1.0,1.0,True,0.0,4096,True,4
"[""test"", ""docs"", ""ci"", ""fix""]","[""test"", ""docs"", ""ci"", ""fix""]",0.7388970851898193,"['b7ce2894fd1794064bd6db4ed730bb6cb7728739', 'af880ac5b4fecbc6c4f3d1eee0d95f326e8bd9d1', '6c9cb638cb4d1ecc42632fcf389c24898c5b3244', 'd129eaf9125a967ac86c6c7276bbae6b4d50af36']",1.0,1.0,1.0,True,0.0,4096,True,4
"[""ci"", ""refactor"", ""test"", ""build"", ""docs"", ""fix""]","[""ci"", ""refactor"", ""test"", ""docs""]",1.461559772491455,"['e7a67d88173566be3cd3aed7e9eeb7e29aabbc57', '36556bf8e0bce4ab6d26eafacbdad04d9614a5d7', '8ee0611fbf0cd89abe7ae588f22e6ecb843598ea', 'c2ee5cd5e709afd15c5565ee009a0d204403a119']",0.6666666666666666,1.0,0.8,False,0.2857142857142857,4096,True,4
"[""docs"", ""feat"", ""test"", ""build""]","[""docs"", ""feat"", ""test"", ""build""]",0.923121213912964,"['0cfc5633d37ea06f645649138323f1820e18bdee', 'fd8e563cc19ca4684885d4692acee6bebcca4ada', 'e9617f0854030e70365eb264bcb3b58078e79e9e', '1269431c8a3e7549f10fcbbb4b88ff625c8898b3']",1.0,1.0,1.0,True,0.0,4096,True,4
"[""refactor"", ""fix"", ""test""]","[""refactor"", ""feat"", ""test"", ""fix""]",0.9072420597076416,"['47ef9104e4a89e80d7cc6c1950bc080841da4a7b', 'b282e90e2cbb74559aab79eee8443a4d7c85502a', 'e0198f74b81da3663144cfe1d971939319f82a0f', 'bed78248c941d57ad4cc20a455147e186e97c7a1']",1.0,0.75,0.8571428571428571,False,0.1428571428571428,4096,True,4
"[""build"", ""ci"", ""fix"", ""feat""]","[""build"", ""ci"", ""fix"", ""refactor""]",1.2955429553985596,"['454003841aabeb74396d73541378bfa59c75b5db', '173553c0372e66e03bdab19e0e6c2dd44daa14a0', 'd129eaf9125a967ac86c6c7276bbae6b4d50af36', '63eab619e6166eb6cab948028a7b89bf059dd878']",0.75,0.75,0.75,False,0.2857142857142857,4096,True,4
"[""test"", ""docs"", ""feat"", ""build"", ""refactor""]","[""test"", ""refactor"", ""docs"", ""feat""]",1.2068417072296145,"['e9617f0854030e70365eb264bcb3b58078e79e9e', '2954a0955ce9af6acb345ed1e8328e145ad30475', 'c2ee5cd5e709afd15c5565ee009a0d204403a119', '6ed56ce9ae743ba9a87e6c9643cc06b1de7b748d']",0.8,1.0,0.888888888888889,False,0.1428571428571428,4096,True,4
"[""build"", ""docs"", ""refactor"", ""ci""]","[""build"", ""refactor"", ""fix"", ""ci""]",1.059730052947998,"['454003841aabeb74396d73541378bfa59c75b5db', 'a62314d9bb632be6af026686615d14b912250512', '06e2be4e2019b6fa714e1fcb34485860ef1ede79', '4cbbd2552ba0de273e1dfe7d453c5b3efed751a3']",0.75,0.75,0.75,False,0.2857142857142857,4096,True,4
"[""feat"", ""test"", ""build"", ""ci""]","[""feat"", ""test"", ""refactor"", ""ci""]",0.6648290157318115,"['b282e90e2cbb74559aab79eee8443a4d7c85502a', 'e2e8ad25854bd1e7cdbc7f50b50bbd99e04ad47d', '63eab619e6166eb6cab948028a7b89bf059dd878', '6c9cb638cb4d1ecc42632fcf389c24898c5b3244']",0.75,0.75,0.75,False,0.2857142857142857,4096,True,4
"[""docs"", ""test"", ""fix"", ""refactor""]","[""docs"", ""fix"", ""test"", ""refactor""]",0.9716956615447998,"['0cfc5633d37ea06f645649138323f1820e18bdee', 'd1d55e787b7d07f763852602b9939a5394607fd9', 'e2e8ad25854bd1e7cdbc7f50b50bbd99e04ad47d', '062daa45cbd5dba6e96e95d8cdcaee89ae30a83c']",1.0,1.0,1.0,True,0.0,4096,True,4
"[""refactor"", ""fix"", ""docs"", ""ci""]","[""refactor"", ""fix"", ""docs"", ""ci""]",0.7621629238128662,"['47ef9104e4a89e80d7cc6c1950bc080841da4a7b', 'd129eaf9125a967ac86c6c7276bbae6b4d50af36', '0cfc5633d37ea06f645649138323f1820e18bdee', '45837af24a33308a70a3454f0f650f9fe728e272']",1.0,1.0,1.0,True,0.0,4096,True,4
"[""refactor"", ""fix"", ""build"", ""ci"", ""test"", ""feat""]","[""fix"", ""build"", ""ci"", ""test""]",1.179119110107422,"['bed78248c941d57ad4cc20a455147e186e97c7a1', '1269431c8a3e7549f10fcbbb4b88ff625c8898b3', '45837af24a33308a70a3454f0f650f9fe728e272', '8ee0611fbf0cd89abe7ae588f22e6ecb843598ea']",0.6666666666666666,1.0,0.8,False,0.2857142857142857,4096,True,4
"[""build"", ""ci"", ""docs"", ""refactor"", ""fix""]","[""build"", ""fix"", ""ci"", ""docs""]",1.6385457515716553,"['454003841aabeb74396d73541378bfa59c75b5db', 'bed78248c941d57ad4cc20a455147e186e97c7a1', '45837af24a33308a70a3454f0f650f9fe728e272', 'c2ee5cd5e709afd15c5565ee009a0d204403a119']",0.8,1.0,0.888888888888889,False,0.1428571428571428,4096,True,4
"[""ci"", ""refactor"", ""docs""]","[""ci"", ""refactor"", ""fix"", ""docs""]",0.8133018016815186,"['dbb537a26e388a8d7d17faf131abc30c2f7a84e6', '3cca5c314ad6feeffbfe1f14cf49ebd0fd9a95a2', 'd1d55e787b7d07f763852602b9939a5394607fd9', '6d405dfc1675dcad64a2dfac0c0cb0fb28381d21']",1.0,0.75,0.8571428571428571,False,0.1428571428571428,4096,True,4
"[""fix"", ""build"", ""ci"", ""docs"", ""refactor""]","[""fix"", ""ci"", ""docs"", ""refactor""]",1.06866717338562,"['2561f4ade46fc9d59f289f328cc77733a6443697', '6c9cb638cb4d1ecc42632fcf389c24898c5b3244', 'bf83c9155e9bee6925aa7102fab53fb803d52533', '771857b1df9470ebc15357e8879118a72c649d5b']",0.8,1.0,0.888888888888889,False,0.1428571428571428,4096,True,4
"[""fix"", ""feat"", ""build"", ""docs""]","[""fix"", ""feat"", ""build"", ""docs""]",1.4341490268707275,"['06e2be4e2019b6fa714e1fcb34485860ef1ede79', 'fd8e563cc19ca4684885d4692acee6bebcca4ada', '32b92cfa0b74a6c25990e32ac6aab12b8496794c', '6d405dfc1675dcad64a2dfac0c0cb0fb28381d21']",1.0,1.0,1.0,True,0.0,4096,True,4
"[""build"", ""ci"", ""test"", ""fix"", ""feat""]","[""build"", ""ci"", ""test"", ""feat""]",0.9940893650054932,"['c55591ba157298a9c5816693c102a89dfd058830', '45837af24a33308a70a3454f0f650f9fe728e272', 'b7ce2894fd1794064bd6db4ed730bb6cb7728739', 'dc5238b2bda98a7c4f2fe9584fc3b0191a408109']",0.8,1.0,0.888888888888889,False,0.1428571428571428,4096,True,4
"[""ci"", ""feat"", ""test""]","[""ci"", ""docs"", ""feat"", ""test""]",0.7817838191986084,"['173553c0372e66e03bdab19e0e6c2dd44daa14a0', 'e12d9e77a6fd531a22325337838a841b1c67f00d', 'f823cf28652987d43c8324b4f5b203240032383a', '229b53a632ea97d47c4be11f096bdd828fb415d8']",1.0,0.75,0.8571428571428571,False,0.1428571428571428,4096,True,4
"[""refactor"", ""docs"", ""ci"", ""test""]","[""refactor"", ""docs"", ""ci"", ""test""]",1.0094490051269531,"['36556bf8e0bce4ab6d26eafacbdad04d9614a5d7', 'aca23027da1295c78fdf42ba9687d8ccc88784d7', 'dbb537a26e388a8d7d17faf131abc30c2f7a84e6', '229b53a632ea97d47c4be11f096bdd828fb415d8']",1.0,1.0,1.0,True,0.0,4096,True,4
"[""docs"", ""refactor"", ""test"", ""fix""]","[""docs"", ""refactor"", ""test"", ""fix""]",1.139050006866455,"['0cfc5633d37ea06f645649138323f1820e18bdee', '1db13ec43727aca872a0f3836e4023ed85db665e', '229b53a632ea97d47c4be11f096bdd828fb415d8', '9be725fa3906323d4bc9788f54eccf74109d632b']",1.0,1.0,1.0,True,0.0,4096,True,4
"[""ci"", ""docs"", ""refactor"", ""test""]","[""ci"", ""docs"", ""refactor"", ""test""]",0.8573827743530273,"['c5fa7b80438fbd74f4c341f0d3c9bd9e0f4910da', 'bf83c9155e9bee6925aa7102fab53fb803d52533', '062daa45cbd5dba6e96e95d8cdcaee89ae30a83c', 'bedc7950b24c37809e36a585b7985d5aa5e3e458']",1.0,1.0,1.0,True,0.0,4096,True,4
"[""fix"", ""docs"", ""ci"", ""feat""]","[""fix"", ""docs"", ""ci"", ""feat""]",1.099553108215332,"['9be725fa3906323d4bc9788f54eccf74109d632b', '036a0ff49a7dade0e04c9c07071a1ff49133ee24', '45837af24a33308a70a3454f0f650f9fe728e272', 'f823cf28652987d43c8324b4f5b203240032383a']",1.0,1.0,1.0,True,0.0,4096,True,4
"[""docs"", ""test"", ""build"", ""feat""]","[""docs"", ""test"", ""build"", ""feat""]",0.9144859313964844,"['bf83c9155e9bee6925aa7102fab53fb803d52533', 'e0198f74b81da3663144cfe1d971939319f82a0f', 'f00a4d3e307b89842250358ee432e6800bb24362', 'ded26d768ff432ad3bde3c0aa1e95ce50726100a']",1.0,1.0,1.0,True,0.0,4096,True,4
"[""docs"", ""test"", ""fix""]","[""docs"", ""refactor"", ""test"", ""fix""]",1.0254778861999512,"['aca23027da1295c78fdf42ba9687d8ccc88784d7', '1db13ec43727aca872a0f3836e4023ed85db665e', 'f411e58cd510f8a2b980b2f1932003a0c0e9f8f3', '2561f4ade46fc9d59f289f328cc77733a6443697']",1.0,0.75,0.8571428571428571,False,0.1428571428571428,4096,True,4
"[""test"", ""feat"", ""docs"", ""ci""]","[""test"", ""feat"", ""docs"", ""ci""]",1.01965594291687,"['e0198f74b81da3663144cfe1d971939319f82a0f', 'f823cf28652987d43c8324b4f5b203240032383a', 'aca23027da1295c78fdf42ba9687d8ccc88784d7', 'e96487ad7ce90b141219d9032fa2bed68d5dae6a']",1.0,1.0,1.0,True,0.0,4096,True,4
"[""feat"", ""build"", ""docs""]","[""refactor"", ""build"", ""feat"", ""docs""]",0.9166638851165771,"['63eab619e6166eb6cab948028a7b89bf059dd878', '32b92cfa0b74a6c25990e32ac6aab12b8496794c', 'fd8e563cc19ca4684885d4692acee6bebcca4ada', 'a52a585d74894b3b4eeb8c784fa089ff95cddad0']",1.0,0.75,0.8571428571428571,False,0.1428571428571428,4096,True,4
"[""build"", ""test"", ""fix"", ""feat""]","[""build"", ""fix"", ""test"", ""feat""]",1.0039689540863037,"['37b1cbfd3d2c462ef4f2a131e4172c38dc8d9ddf', 'c8e0ae8612df3d6f2831acc004aaac332f6105e4', 'c7b25726df94a2530c9b1c0d2b6a0acaa103822f', '1bcf88670b50155b50071e707f98f30cea0b7a24']",1.0,1.0,1.0,True,0.0,4096,True,4
"[""refactor"", ""ci"", ""docs"", ""build"", ""fix""]","[""refactor"", ""ci"", ""docs"", ""build""]",1.2730050086975098,"['771857b1df9470ebc15357e8879118a72c649d5b', '6c9cb638cb4d1ecc42632fcf389c24898c5b3244', '6d405dfc1675dcad64a2dfac0c0cb0fb28381d21', '454003841aabeb74396d73541378bfa59c75b5db']",0.8,1.0,0.888888888888889,False,0.1428571428571428,4096,True,4
"[""fix"", ""docs"", ""feat"", ""ci"", ""test""]","[""fix"", ""docs"", ""refactor"", ""ci"", ""test""]",0.8426709175109863,"['9be725fa3906323d4bc9788f54eccf74109d632b', 'bf83c9155e9bee6925aa7102fab53fb803d52533', '535708ae50aecb452560a23356fd396f99ef13a2', '4cbbd2552ba0de273e1dfe7d453c5b3efed751a3', 'bedc7950b24c37809e36a585b7985d5aa5e3e458']",0.8,0.8,0.8000000000000002,False,0.2857142857142857,4096,True,5
"[""test"", ""docs"", ""fix"", ""refactor"", ""feat""]","[""test"", ""docs"", ""refactor"", ""build"", ""feat""]",0.9070138931274414,"['229b53a632ea97d47c4be11f096bdd828fb415d8', 'bf83c9155e9bee6925aa7102fab53fb803d52533', '062daa45cbd5dba6e96e95d8cdcaee89ae30a83c', 'e4a11fd5c34942ba12737f1c8c084489428ee274', 'fd8e563cc19ca4684885d4692acee6bebcca4ada']",0.8,0.8,0.8000000000000002,False,0.2857142857142857,4096,True,5
"[""test"", ""ci"", ""refactor"", ""build""]","[""test"", ""ci"", ""fix"", ""build"", ""refactor""]",1.0728769302368164,"['317f4eefecddfb1392ca71d551840f446feee302', 'e7a67d88173566be3cd3aed7e9eeb7e29aabbc57', 'd1d55e787b7d07f763852602b9939a5394607fd9', 'f00a4d3e307b89842250358ee432e6800bb24362', '771857b1df9470ebc15357e8879118a72c649d5b']",1.0,0.8,0.888888888888889,False,0.1428571428571428,4096,True,5
"[""ci"", ""refactor"", ""fix""]","[""ci"", ""refactor"", ""build"", ""test"", ""fix""]",1.0357720851898191,"['e7a67d88173566be3cd3aed7e9eeb7e29aabbc57', '47ef9104e4a89e80d7cc6c1950bc080841da4a7b', '5b81fde8a72cf2e69a10e9f5c4f0bea0a2b8c3e0', 'bedc7950b24c37809e36a585b7985d5aa5e3e458', '9ef5c0d14193a9abb09b39856f58477d1f4b0d77']",1.0,0.6,0.7499999999999999,False,0.2857142857142857,4096,True,5
"[""refactor"", ""feat"", ""docs""]","[""build"", ""fix"", ""feat"", ""refactor"", ""docs""]",0.9635050296783448,"['e4a11fd5c34942ba12737f1c8c084489428ee274', '9ef5c0d14193a9abb09b39856f58477d1f4b0d77', 'dc5238b2bda98a7c4f2fe9584fc3b0191a408109', '771857b1df9470ebc15357e8879118a72c649d5b', 'c2ee5cd5e709afd15c5565ee009a0d204403a119']",1.0,0.6,0.7499999999999999,False,0.2857142857142857,4096,True,5
"[""docs"", ""test"", ""build"", ""fix"", ""feat""]","[""docs"", ""test"", ""build"", ""fix"", ""feat""]",0.8579912185668945,"['bf83c9155e9bee6925aa7102fab53fb803d52533', '229b53a632ea97d47c4be11f096bdd828fb415d8', 'c55591ba157298a9c5816693c102a89dfd058830', '06e2be4e2019b6fa714e1fcb34485860ef1ede79', 'f823cf28652987d43c8324b4f5b203240032383a']",1.0,1.0,1.0,True,0.0,4096,True,5
"[""ci"", ""build"", ""fix"", ""test"", ""feat""]","[""ci"", ""build"", ""fix"", ""test"", ""feat""]",1.1955480575561523,"['e7a67d88173566be3cd3aed7e9eeb7e29aabbc57', 'c55591ba157298a9c5816693c102a89dfd058830', 'd129eaf9125a967ac86c6c7276bbae6b4d50af36', '229b53a632ea97d47c4be11f096bdd828fb415d8', '1bcf88670b50155b50071e707f98f30cea0b7a24']",1.0,1.0,1.0,True,0.0,4096,True,5
"[""fix"", ""test"", ""build"", ""ci"", ""refactor""]","[""fix"", ""test"", ""build"", ""ci"", ""refactor""]",0.8873999118804932,"['2561f4ade46fc9d59f289f328cc77733a6443697', 'b7ce2894fd1794064bd6db4ed730bb6cb7728739', '1269431c8a3e7549f10fcbbb4b88ff625c8898b3', 'e96487ad7ce90b141219d9032fa2bed68d5dae6a', '36556bf8e0bce4ab6d26eafacbdad04d9614a5d7']",1.0,1.0,1.0,True,0.0,4096,True,5
"[""docs"", ""ci"", ""feat"", ""fix""]","[""docs"", ""ci"", ""refactor"", ""test"", ""fix""]",0.8982329368591309,"['bf83c9155e9bee6925aa7102fab53fb803d52533', 'e7a67d88173566be3cd3aed7e9eeb7e29aabbc57', '535708ae50aecb452560a23356fd396f99ef13a2', 'c7b25726df94a2530c9b1c0d2b6a0acaa103822f', '06e2be4e2019b6fa714e1fcb34485860ef1ede79']",0.75,0.6,0.6666666666666665,False,0.4285714285714285,4096,True,5
"[""refactor"", ""docs"", ""build"", ""feat""]","[""refactor"", ""docs"", ""build"", ""feat"", ""fix""]",0.9200870990753174,"['36556bf8e0bce4ab6d26eafacbdad04d9614a5d7', 'c2ee5cd5e709afd15c5565ee009a0d204403a119', 'c55591ba157298a9c5816693c102a89dfd058830', '68278b00450f2679761a2999500f6d87a579376b', '9ef5c0d14193a9abb09b39856f58477d1f4b0d77']",1.0,0.8,0.888888888888889,False,0.1428571428571428,4096,True,5
"[""feat"", ""fix"", ""refactor"", ""ci"", ""test""]","[""feat"", ""build"", ""fix"", ""ci"", ""test""]",1.213141918182373,"['ded26d768ff432ad3bde3c0aa1e95ce50726100a', 'c323d59c607cabc91f17a78528d998f376f30b10', '2561f4ade46fc9d59f289f328cc77733a6443697', '45837af24a33308a70a3454f0f650f9fe728e272', 'e0198f74b81da3663144cfe1d971939319f82a0f']",0.8,0.8,0.8000000000000002,False,0.2857142857142857,4096,True,5
"[""ci"", ""fix"", ""build"", ""refactor"", ""feat""]","[""ci"", ""refactor"", ""test"", ""feat"", ""fix""]",1.1578021049499512,"['e96487ad7ce90b141219d9032fa2bed68d5dae6a', 'a62314d9bb632be6af026686615d14b912250512', 'c7b25726df94a2530c9b1c0d2b6a0acaa103822f', '6ed56ce9ae743ba9a87e6c9643cc06b1de7b748d', '9ef5c0d14193a9abb09b39856f58477d1f4b0d77']",0.8,0.8,0.8000000000000002,False,0.2857142857142857,4096,True,5
"[""build"", ""feat"", ""ci"", ""docs"", ""fix""]","[""build"", ""refactor"", ""ci"", ""docs"", ""fix""]",1.1006832122802734,"['c55591ba157298a9c5816693c102a89dfd058830', '63eab619e6166eb6cab948028a7b89bf059dd878', 'c5fa7b80438fbd74f4c341f0d3c9bd9e0f4910da', '036a0ff49a7dade0e04c9c07071a1ff49133ee24', '9be725fa3906323d4bc9788f54eccf74109d632b']",0.8,0.8,0.8000000000000002,False,0.2857142857142857,4096,True,5
"[""docs"", ""ci"", ""feat"", ""fix""]","[""docs"", ""ci"", ""refactor"", ""build"", ""feat""]",0.7539479732513428,"['bf83c9155e9bee6925aa7102fab53fb803d52533', '173553c0372e66e03bdab19e0e6c2dd44daa14a0', '535708ae50aecb452560a23356fd396f99ef13a2', '1269431c8a3e7549f10fcbbb4b88ff625c8898b3', 'f823cf28652987d43c8324b4f5b203240032383a']",0.75,0.6,0.6666666666666665,False,0.4285714285714285,4096,True,5
"[""test"", ""feat"", ""fix"", ""refactor"", ""docs""]","[""test"", ""feat"", ""refactor"", ""fix"", ""docs""]",0.9381208419799804,"['bedc7950b24c37809e36a585b7985d5aa5e3e458', 'fd8e563cc19ca4684885d4692acee6bebcca4ada', '062daa45cbd5dba6e96e95d8cdcaee89ae30a83c', 'c8e0ae8612df3d6f2831acc004aaac332f6105e4', '036a0ff49a7dade0e04c9c07071a1ff49133ee24']",1.0,1.0,1.0,True,0.0,4096,True,5
"[""docs"", ""ci"", ""build"", ""refactor"", ""test"", ""fix""]","[""docs"", ""build"", ""ci"", ""fix"", ""test""]",1.4144229888916016,"['c2ee5cd5e709afd15c5565ee009a0d204403a119', '1269431c8a3e7549f10fcbbb4b88ff625c8898b3', 'e7a67d88173566be3cd3aed7e9eeb7e29aabbc57', 'bed78248c941d57ad4cc20a455147e186e97c7a1', 'e9617f0854030e70365eb264bcb3b58078e79e9e']",0.8333333333333334,1.0,0.9090909090909092,False,0.1428571428571428,4096,True,5
"[""refactor"", ""ci"", ""docs"", ""test"", ""build""]","[""refactor"", ""ci"", ""docs"", ""test"", ""build""]",0.9653811454772948,"['3cca5c314ad6feeffbfe1f14cf49ebd0fd9a95a2', 'dbb537a26e388a8d7d17faf131abc30c2f7a84e6', 'e12d9e77a6fd531a22325337838a841b1c67f00d', 'c7b25726df94a2530c9b1c0d2b6a0acaa103822f', '37b1cbfd3d2c462ef4f2a131e4172c38dc8d9ddf']",1.0,1.0,1.0,True,0.0,4096,True,5
"[""test"", ""ci"", ""refactor"", ""fix""]","[""test"", ""feat"", ""ci"", ""refactor"", ""fix""]",0.7693612575531006,"['229b53a632ea97d47c4be11f096bdd828fb415d8', 'b282e90e2cbb74559aab79eee8443a4d7c85502a', 'dbb537a26e388a8d7d17faf131abc30c2f7a84e6', '3cca5c314ad6feeffbfe1f14cf49ebd0fd9a95a2', '933ab6bb86372913c992567cf9660009900911a7']",1.0,0.8,0.888888888888889,False,0.1428571428571428,4096,True,5
"[""build"", ""fix"", ""ci"", ""refactor"", ""test"", ""docs""]","[""build"", ""fix"", ""ci"", ""refactor"", ""docs""]",1.144792079925537,"['37b1cbfd3d2c462ef4f2a131e4172c38dc8d9ddf', '06e2be4e2019b6fa714e1fcb34485860ef1ede79', 'c5fa7b80438fbd74f4c341f0d3c9bd9e0f4910da', '1db13ec43727aca872a0f3836e4023ed85db665e', 'a52a585d74894b3b4eeb8c784fa089ff95cddad0']",0.8333333333333334,1.0,0.9090909090909092,False,0.1428571428571428,4096,True,5
"[""fix"", ""docs"", ""ci"", ""test"", ""feat""]","[""build"", ""docs"", ""ci"", ""test"", ""feat""]",0.9458827972412108,"['c44cf88a6ec54e5ddd99d8348bcc57b301ec7945', '6d405dfc1675dcad64a2dfac0c0cb0fb28381d21', 'e7a67d88173566be3cd3aed7e9eeb7e29aabbc57', 'f411e58cd510f8a2b980b2f1932003a0c0e9f8f3', 'f823cf28652987d43c8324b4f5b203240032383a']",0.8,0.8,0.8000000000000002,False,0.2857142857142857,4096,True,5
"[""feat"", ""fix"", ""refactor"", ""test""]","[""feat"", ""fix"", ""refactor"", ""build"", ""test""]",1.1507809162139893,"['f823cf28652987d43c8324b4f5b203240032383a', 'c8e0ae8612df3d6f2831acc004aaac332f6105e4', '47ef9104e4a89e80d7cc6c1950bc080841da4a7b', 'e4a11fd5c34942ba12737f1c8c084489428ee274', 'c7b25726df94a2530c9b1c0d2b6a0acaa103822f']",1.0,0.8,0.888888888888889,False,0.1428571428571428,4096,True,5
"[""refactor"", ""build"", ""ci"", ""docs"", ""test""]","[""refactor"", ""build"", ""ci"", ""docs"", ""test""]",0.7953290939331055,"['1db13ec43727aca872a0f3836e4023ed85db665e', '32b92cfa0b74a6c25990e32ac6aab12b8496794c', 'e96487ad7ce90b141219d9032fa2bed68d5dae6a', '6d405dfc1675dcad64a2dfac0c0cb0fb28381d21', 'e2e8ad25854bd1e7cdbc7f50b50bbd99e04ad47d']",1.0,1.0,1.0,True,0.0,4096,True,5
"[""build"", ""test"", ""refactor"", ""ci"", ""fix""]","[""build"", ""test"", ""refactor"", ""ci"", ""fix""]",1.0161621570587158,"['37b1cbfd3d2c462ef4f2a131e4172c38dc8d9ddf', 'f411e58cd510f8a2b980b2f1932003a0c0e9f8f3', '1db13ec43727aca872a0f3836e4023ed85db665e', 'c5fa7b80438fbd74f4c341f0d3c9bd9e0f4910da', 'd129eaf9125a967ac86c6c7276bbae6b4d50af36']",1.0,1.0,1.0,True,0.0,4096,True,5
"[""build"", ""docs"", ""ci"", ""test"", ""refactor"", ""fix""]","[""build"", ""docs"", ""ci"", ""test"", ""fix""]",1.0177018642425537,"['c55591ba157298a9c5816693c102a89dfd058830', 'a52a585d74894b3b4eeb8c784fa089ff95cddad0', '6c9cb638cb4d1ecc42632fcf389c24898c5b3244', 'c7b25726df94a2530c9b1c0d2b6a0acaa103822f', 'bed78248c941d57ad4cc20a455147e186e97c7a1']",0.8333333333333334,1.0,0.9090909090909092,False,0.1428571428571428,4096,True,5
"[""feat"", ""ci"", ""build"", ""refactor""]","[""fix"", ""ci"", ""feat"", ""build"", ""refactor""]",0.9813759326934814,"['9ef5c0d14193a9abb09b39856f58477d1f4b0d77', 'dbb537a26e388a8d7d17faf131abc30c2f7a84e6', '6ed56ce9ae743ba9a87e6c9643cc06b1de7b748d', 'e4a11fd5c34942ba12737f1c8c084489428ee274', '1db13ec43727aca872a0f3836e4023ed85db665e']",1.0,0.8,0.888888888888889,False,0.1428571428571428,4096,True,5
"[""refactor"", ""fix"", ""feat"", ""build"", ""test""]","[""fix"", ""build"", ""refactor"", ""feat"", ""test""]",0.9759318828582764,"['bed78248c941d57ad4cc20a455147e186e97c7a1', 'e4a11fd5c34942ba12737f1c8c084489428ee274', '062daa45cbd5dba6e96e95d8cdcaee89ae30a83c', 'f823cf28652987d43c8324b4f5b203240032383a', 'c7b25726df94a2530c9b1c0d2b6a0acaa103822f']",1.0,1.0,1.0,True,0.0,4096,True,5
"[""feat"", ""test"", ""docs"", ""build"", ""refactor""]","[""fix"", ""test"", ""feat"", ""docs"", ""build""]",0.9212779998779296,"['87d5d4e55ab7149b593d29410f1fe426ba2447d4', 'bedc7950b24c37809e36a585b7985d5aa5e3e458', 'ded26d768ff432ad3bde3c0aa1e95ce50726100a', 'a52a585d74894b3b4eeb8c784fa089ff95cddad0', 'c323d59c607cabc91f17a78528d998f376f30b10']",0.8,0.8,0.8000000000000002,False,0.2857142857142857,4096,True,5
"[""build"", ""docs"", ""feat"", ""fix""]","[""test"", ""docs"", ""feat"", ""build"", ""fix""]",0.915525197982788,"['8ee0611fbf0cd89abe7ae588f22e6ecb843598ea', 'c2ee5cd5e709afd15c5565ee009a0d204403a119', 'fd8e563cc19ca4684885d4692acee6bebcca4ada', '1269431c8a3e7549f10fcbbb4b88ff625c8898b3', '06e2be4e2019b6fa714e1fcb34485860ef1ede79']",1.0,0.8,0.888888888888889,False,0.1428571428571428,4096,True,5
"[""docs"", ""feat"", ""build"", ""test""]","[""docs"", ""feat"", ""build"", ""refactor"", ""test""]",0.8359339237213135,"['a52a585d74894b3b4eeb8c784fa089ff95cddad0', 'f9a094918b62534614c47aa8a13f33aec751a1e0', '1269431c8a3e7549f10fcbbb4b88ff625c8898b3', '535708ae50aecb452560a23356fd396f99ef13a2', 'e0198f74b81da3663144cfe1d971939319f82a0f']",1.0,0.8,0.888888888888889,False,0.1428571428571428,4096,True,5
"[""fix"", ""feat"", ""test"", ""refactor"", ""build""]","[""fix"", ""feat"", ""test"", ""refactor"", ""build""]",1.6000688076019287,"['d129eaf9125a967ac86c6c7276bbae6b4d50af36', '68278b00450f2679761a2999500f6d87a579376b', 'e2e8ad25854bd1e7cdbc7f50b50bbd99e04ad47d', '771857b1df9470ebc15357e8879118a72c649d5b', 'f00a4d3e307b89842250358ee432e6800bb24362']",1.0,1.0,1.0,True,0.0,4096,True,5
"[""fix"", ""build"", ""refactor"", ""docs""]","[""fix"", ""build"", ""refactor"", ""test"", ""docs""]",0.91949200630188,"['933ab6bb86372913c992567cf9660009900911a7', '37b1cbfd3d2c462ef4f2a131e4172c38dc8d9ddf', '1db13ec43727aca872a0f3836e4023ed85db665e', 'c7b25726df94a2530c9b1c0d2b6a0acaa103822f', 'e12d9e77a6fd531a22325337838a841b1c67f00d']",1.0,0.8,0.888888888888889,False,0.1428571428571428,4096,True,5
"[""fix"", ""ci"", ""docs"", ""build"", ""feat""]","[""fix"", ""ci"", ""docs"", ""build"", ""feat""]",1.633763074874878,"['06e2be4e2019b6fa714e1fcb34485860ef1ede79', '4cbbd2552ba0de273e1dfe7d453c5b3efed751a3', 'cb1f48b56ae0de93acb72e48726c7d610a1d538e', 'c323d59c607cabc91f17a78528d998f376f30b10', 'f9a094918b62534614c47aa8a13f33aec751a1e0']",1.0,1.0,1.0,True,0.0,4096,True,5
"[""feat"", ""fix"", ""build"", ""refactor"", ""docs""]","[""feat"", ""build"", ""refactor"", ""docs"", ""fix""]",0.9404690265655518,"['fd8e563cc19ca4684885d4692acee6bebcca4ada', 'f00a4d3e307b89842250358ee432e6800bb24362', '535708ae50aecb452560a23356fd396f99ef13a2', 'e12d9e77a6fd531a22325337838a841b1c67f00d', '9be725fa3906323d4bc9788f54eccf74109d632b']",1.0,1.0,1.0,True,0.0,4096,True,5
"[""test"", ""docs"", ""fix"", ""ci"", ""feat""]","[""test"", ""docs"", ""refactor"", ""ci"", ""feat""]",0.9088728427886964,"['229b53a632ea97d47c4be11f096bdd828fb415d8', 'bf83c9155e9bee6925aa7102fab53fb803d52533', '062daa45cbd5dba6e96e95d8cdcaee89ae30a83c', '32845e1bbd1efb5dbc16f671049509a409ba25ce', 'dc5238b2bda98a7c4f2fe9584fc3b0191a408109']",0.8,0.8,0.8000000000000002,False,0.2857142857142857,4096,True,5
"[""build"", ""docs"", ""refactor"", ""fix"", ""test""]","[""build"", ""docs"", ""fix"", ""test"", ""refactor""]",1.4170880317687988,"['454003841aabeb74396d73541378bfa59c75b5db', 'e12d9e77a6fd531a22325337838a841b1c67f00d', 'bed78248c941d57ad4cc20a455147e186e97c7a1', 'f411e58cd510f8a2b980b2f1932003a0c0e9f8f3', '062daa45cbd5dba6e96e95d8cdcaee89ae30a83c']",1.0,1.0,1.0,True,0.0,4096,True,5
"[""build"", ""ci"", ""test"", ""docs"", ""refactor""]","[""build"", ""ci"", ""docs"", ""test"", ""refactor""]",1.1274070739746094,"['5b81fde8a72cf2e69a10e9f5c4f0bea0a2b8c3e0', '74e9de5ec97dc013a52aa063dff0f40ac74c407b', 'a52a585d74894b3b4eeb8c784fa089ff95cddad0', 'e0198f74b81da3663144cfe1d971939319f82a0f', '062daa45cbd5dba6e96e95d8cdcaee89ae30a83c']",1.0,1.0,1.0,True,0.0,4096,True,5
"[""build"", ""ci"", ""docs"", ""fix"", ""refactor""]","[""build"", ""ci"", ""docs"", ""refactor"", ""fix""]",0.7917580604553223,"['32b92cfa0b74a6c25990e32ac6aab12b8496794c', '6c9cb638cb4d1ecc42632fcf389c24898c5b3244', 'aca23027da1295c78fdf42ba9687d8ccc88784d7', '47ef9104e4a89e80d7cc6c1950bc080841da4a7b', '2561f4ade46fc9d59f289f328cc77733a6443697']",1.0,1.0,1.0,True,0.0,4096,True,5
"[""test"", ""docs"", ""feat"", ""fix"", ""build""]","[""test"", ""docs"", ""fix"", ""feat"", ""build""]",1.160125970840454,"['e0198f74b81da3663144cfe1d971939319f82a0f', 'c2ee5cd5e709afd15c5565ee009a0d204403a119', '9ef5c0d14193a9abb09b39856f58477d1f4b0d77', 'f823cf28652987d43c8324b4f5b203240032383a', 'c44cf88a6ec54e5ddd99d8348bcc57b301ec7945']",1.0,1.0,1.0,True,0.0,4096,True,5
"[""refactor"", ""ci"", ""test"", ""build"", ""feat""]","[""refactor"", ""ci"", ""test"", ""build"", ""feat""]",1.3187179565429688,"['3cca5c314ad6feeffbfe1f14cf49ebd0fd9a95a2', '32845e1bbd1efb5dbc16f671049509a409ba25ce', 'e9617f0854030e70365eb264bcb3b58078e79e9e', '454003841aabeb74396d73541378bfa59c75b5db', 'fd8e563cc19ca4684885d4692acee6bebcca4ada']",1.0,1.0,1.0,True,0.0,4096,True,5
"[""refactor"", ""feat"", ""fix"", ""build"", ""test""]","[""refactor"", ""feat"", ""build"", ""fix"", ""test""]",1.0203168392181396,"['062daa45cbd5dba6e96e95d8cdcaee89ae30a83c', 'f823cf28652987d43c8324b4f5b203240032383a', 'c44cf88a6ec54e5ddd99d8348bcc57b301ec7945', '933ab6bb86372913c992567cf9660009900911a7', '8ee0611fbf0cd89abe7ae588f22e6ecb843598ea']",1.0,1.0,1.0,True,0.0,4096,True,5
"[""refactor"", ""test"", ""docs"", ""feat"", ""ci""]","[""refactor"", ""test"", ""docs"", ""feat"", ""ci""]",1.0638787746429443,"['36556bf8e0bce4ab6d26eafacbdad04d9614a5d7', '317f4eefecddfb1392ca71d551840f446feee302', '036a0ff49a7dade0e04c9c07071a1ff49133ee24', 'e137f9fdbdb6bf3f85c3f7ac9323785e445844c8', 'e7a67d88173566be3cd3aed7e9eeb7e29aabbc57']",1.0,1.0,1.0,True,0.0,4096,True,5
"[""test"", ""ci"", ""refactor"", ""feat"", ""fix""]","[""test"", ""ci"", ""refactor"", ""feat"", ""fix""]",0.7163279056549072,"['e0198f74b81da3663144cfe1d971939319f82a0f', '173553c0372e66e03bdab19e0e6c2dd44daa14a0', '062daa45cbd5dba6e96e95d8cdcaee89ae30a83c', 'f823cf28652987d43c8324b4f5b203240032383a', 'bed78248c941d57ad4cc20a455147e186e97c7a1']",1.0,1.0,1.0,True,0.0,4096,True,5
"[""ci"", ""feat"", ""fix"", ""refactor""]","[""ci"", ""refactor"", ""docs"", ""fix"", ""feat""]",0.8048958778381348,"['32845e1bbd1efb5dbc16f671049509a409ba25ce', '63eab619e6166eb6cab948028a7b89bf059dd878', 'af880ac5b4fecbc6c4f3d1eee0d95f326e8bd9d1', '9be725fa3906323d4bc9788f54eccf74109d632b', 'fd8e563cc19ca4684885d4692acee6bebcca4ada']",1.0,0.8,0.888888888888889,False,0.1428571428571428,4096,True,5
"[""docs"", ""refactor"", ""fix"", ""test"", ""build""]","[""docs"", ""refactor"", ""fix"", ""test"", ""build""]",0.9933209419250488,"['bf83c9155e9bee6925aa7102fab53fb803d52533', '3cca5c314ad6feeffbfe1f14cf49ebd0fd9a95a2', '2561f4ade46fc9d59f289f328cc77733a6443697', '317f4eefecddfb1392ca71d551840f446feee302', '454003841aabeb74396d73541378bfa59c75b5db']",1.0,1.0,1.0,True,0.0,4096,True,5
"[""test"", ""ci"", ""fix"", ""docs"", ""refactor""]","[""test"", ""ci"", ""fix"", ""docs"", ""refactor""]",1.178483963012695,"['317f4eefecddfb1392ca71d551840f446feee302', '32845e1bbd1efb5dbc16f671049509a409ba25ce', 'c8e0ae8612df3d6f2831acc004aaac332f6105e4', '6d405dfc1675dcad64a2dfac0c0cb0fb28381d21', '062daa45cbd5dba6e96e95d8cdcaee89ae30a83c']",1.0,1.0,1.0,True,0.0,4096,True,5
"[""build"", ""ci"", ""test"", ""docs"", ""feat""]","[""build"", ""ci"", ""test"", ""docs"", ""feat""]",0.938507080078125,"['c55591ba157298a9c5816693c102a89dfd058830', 'dbb537a26e388a8d7d17faf131abc30c2f7a84e6', 'e0198f74b81da3663144cfe1d971939319f82a0f', '0cfc5633d37ea06f645649138323f1820e18bdee', 'dc5238b2bda98a7c4f2fe9584fc3b0191a408109']",1.0,1.0,1.0,True,0.0,4096,True,5
"[""feat"", ""fix"", ""test"", ""refactor"", ""ci""]","[""refactor"", ""feat"", ""test"", ""fix"", ""ci""]",1.0203101634979248,"['535708ae50aecb452560a23356fd396f99ef13a2', 'dc5238b2bda98a7c4f2fe9584fc3b0191a408109', 'e2e8ad25854bd1e7cdbc7f50b50bbd99e04ad47d', '2561f4ade46fc9d59f289f328cc77733a6443697', 'c5fa7b80438fbd74f4c341f0d3c9bd9e0f4910da']",1.0,1.0,1.0,True,0.0,4096,True,5
"[""ci"", ""test"", ""refactor"", ""build""]","[""ci"", ""docs"", ""refactor"", ""build"", ""test""]",0.9536428451538086,"['c5fa7b80438fbd74f4c341f0d3c9bd9e0f4910da', 'af880ac5b4fecbc6c4f3d1eee0d95f326e8bd9d1', '47ef9104e4a89e80d7cc6c1950bc080841da4a7b', '37b1cbfd3d2c462ef4f2a131e4172c38dc8d9ddf', 'c7b25726df94a2530c9b1c0d2b6a0acaa103822f']",1.0,0.8,0.888888888888889,False,0.1428571428571428,4096,True,5
"[""build"", ""docs"", ""test"", ""refactor"", ""feat""]","[""build"", ""docs"", ""refactor"", ""test"", ""feat""]",1.079334020614624,"['454003841aabeb74396d73541378bfa59c75b5db', 'aca23027da1295c78fdf42ba9687d8ccc88784d7', '771857b1df9470ebc15357e8879118a72c649d5b', 'bedc7950b24c37809e36a585b7985d5aa5e3e458', 'e137f9fdbdb6bf3f85c3f7ac9323785e445844c8']",1.0,1.0,1.0,True,0.0,4096,True,5
"[""ci"", ""feat"", ""fix"", ""docs"", ""build"", ""test""]","[""ci"", ""feat"", ""fix"", ""docs"", ""test""]",0.84706711769104,"['74e9de5ec97dc013a52aa063dff0f40ac74c407b', 'ded26d768ff432ad3bde3c0aa1e95ce50726100a', '9be725fa3906323d4bc9788f54eccf74109d632b', 'a52a585d74894b3b4eeb8c784fa089ff95cddad0', 'e9617f0854030e70365eb264bcb3b58078e79e9e']",0.8333333333333334,1.0,0.9090909090909092,False,0.1428571428571428,4096,True,5
"[""feat"", ""refactor"", ""test"", ""docs""]","[""feat"", ""build"", ""test"", ""docs"", ""fix""]",1.964092254638672,"['f9a094918b62534614c47aa8a13f33aec751a1e0', 'e4a11fd5c34942ba12737f1c8c084489428ee274', '229b53a632ea97d47c4be11f096bdd828fb415d8', '036a0ff49a7dade0e04c9c07071a1ff49133ee24', '2561f4ade46fc9d59f289f328cc77733a6443697']",0.75,0.6,0.6666666666666665,False,0.4285714285714285,4096,True,5
"[""refactor"", ""docs"", ""test"", ""feat"", ""ci""]","[""build"", ""docs"", ""test"", ""fix"", ""ci""]",1.4021592140197754,"['e4a11fd5c34942ba12737f1c8c084489428ee274', 'aca23027da1295c78fdf42ba9687d8ccc88784d7', 'e9617f0854030e70365eb264bcb3b58078e79e9e', '9ef5c0d14193a9abb09b39856f58477d1f4b0d77', '4cbbd2552ba0de273e1dfe7d453c5b3efed751a3']",0.6,0.6,0.6,False,0.5714285714285714,4096,True,5
"[""feat"", ""fix"", ""ci"", ""docs"", ""test""]","[""feat"", ""fix"", ""ci"", ""docs"", ""test""]",1.087202787399292,"['f9a094918b62534614c47aa8a13f33aec751a1e0', '2561f4ade46fc9d59f289f328cc77733a6443697', '45837af24a33308a70a3454f0f650f9fe728e272', '036a0ff49a7dade0e04c9c07071a1ff49133ee24', 'b7ce2894fd1794064bd6db4ed730bb6cb7728739']",1.0,1.0,1.0,True,0.0,4096,True,5
"[""feat"", ""refactor"", ""build"", ""docs""]","[""feat"", ""refactor"", ""build"", ""fix"", ""docs""]",0.9280619621276855,"['ded26d768ff432ad3bde3c0aa1e95ce50726100a', '062daa45cbd5dba6e96e95d8cdcaee89ae30a83c', '37b1cbfd3d2c462ef4f2a131e4172c38dc8d9ddf', '933ab6bb86372913c992567cf9660009900911a7', '036a0ff49a7dade0e04c9c07071a1ff49133ee24']",1.0,0.8,0.888888888888889,False,0.1428571428571428,4096,True,5
"[""test"", ""build"", ""refactor"", ""fix"", ""docs""]","[""test"", ""build"", ""feat"", ""fix"", ""docs""]",0.9464499950408936,"['f411e58cd510f8a2b980b2f1932003a0c0e9f8f3', 'c44cf88a6ec54e5ddd99d8348bcc57b301ec7945', '1bcf88670b50155b50071e707f98f30cea0b7a24', '9be725fa3906323d4bc9788f54eccf74109d632b', 'a52a585d74894b3b4eeb8c784fa089ff95cddad0']",0.8,0.8,0.8000000000000002,False,0.2857142857142857,4096,True,5
"[""fix"", ""build"", ""feat"", ""test"", ""ci"", ""docs""]","[""fix"", ""feat"", ""test"", ""ci"", ""docs""]",1.1337311267852783,"['933ab6bb86372913c992567cf9660009900911a7', '6ed56ce9ae743ba9a87e6c9643cc06b1de7b748d', 'e2e8ad25854bd1e7cdbc7f50b50bbd99e04ad47d', 'e96487ad7ce90b141219d9032fa2bed68d5dae6a', '036a0ff49a7dade0e04c9c07071a1ff49133ee24']",0.8333333333333334,1.0,0.9090909090909092,False,0.1428571428571428,4096,True,5
"[""test"", ""refactor"", ""ci"", ""build"", ""fix""]","[""test"", ""refactor"", ""ci"", ""build"", ""fix""]",1.0838069915771484,"['e0198f74b81da3663144cfe1d971939319f82a0f', '3cca5c314ad6feeffbfe1f14cf49ebd0fd9a95a2', '45837af24a33308a70a3454f0f650f9fe728e272', '5b81fde8a72cf2e69a10e9f5c4f0bea0a2b8c3e0', '9ef5c0d14193a9abb09b39856f58477d1f4b0d77']",1.0,1.0,1.0,True,0.0,4096,True,5
"[""build"", ""feat"", ""refactor"", ""ci"", ""test""]","[""build"", ""feat"", ""refactor"", ""ci"", ""test""]",0.8624050617218018,"['c55591ba157298a9c5816693c102a89dfd058830', '1bcf88670b50155b50071e707f98f30cea0b7a24', '1db13ec43727aca872a0f3836e4023ed85db665e', 'dbb537a26e388a8d7d17faf131abc30c2f7a84e6', 'e2e8ad25854bd1e7cdbc7f50b50bbd99e04ad47d']",1.0,1.0,1.0,True,0.0,4096,True,5
"[""feat"", ""docs"", ""test"", ""ci"", ""build""]","[""feat"", ""refactor"", ""test"", ""ci"", ""build""]",0.8909497261047363,"['e137f9fdbdb6bf3f85c3f7ac9323785e445844c8', 'a62314d9bb632be6af026686615d14b912250512', 'b7ce2894fd1794064bd6db4ed730bb6cb7728739', '45837af24a33308a70a3454f0f650f9fe728e272', '454003841aabeb74396d73541378bfa59c75b5db']",0.8,0.8,0.8000000000000002,False,0.2857142857142857,4096,True,5
"[""test"", ""fix"", ""build"", ""feat"", ""docs""]","[""test"", ""fix"", ""build"", ""refactor"", ""docs""]",0.9809942245483398,"['317f4eefecddfb1392ca71d551840f446feee302', '06e2be4e2019b6fa714e1fcb34485860ef1ede79', '32b92cfa0b74a6c25990e32ac6aab12b8496794c', '535708ae50aecb452560a23356fd396f99ef13a2', 'aca23027da1295c78fdf42ba9687d8ccc88784d7']",0.8,0.8,0.8000000000000002,False,0.2857142857142857,4096,True,5
"[""ci"", ""build"", ""feat"", ""fix"", ""test""]","[""ci"", ""feat"", ""build"", ""fix"", ""test""]",1.1389920711517334,"['173553c0372e66e03bdab19e0e6c2dd44daa14a0', '6ed56ce9ae743ba9a87e6c9643cc06b1de7b748d', '32b92cfa0b74a6c25990e32ac6aab12b8496794c', '933ab6bb86372913c992567cf9660009900911a7', 'e9617f0854030e70365eb264bcb3b58078e79e9e']",1.0,1.0,1.0,True,0.0,4096,True,5
"[""ci"", ""test"", ""fix"", ""feat"", ""build""]","[""ci"", ""test"", ""fix"", ""feat"", ""build""]",0.8540160655975342,"['dbb537a26e388a8d7d17faf131abc30c2f7a84e6', 'e2e8ad25854bd1e7cdbc7f50b50bbd99e04ad47d', '933ab6bb86372913c992567cf9660009900911a7', 'b282e90e2cbb74559aab79eee8443a4d7c85502a', 'c55591ba157298a9c5816693c102a89dfd058830']",1.0,1.0,1.0,True,0.0,4096,True,5
"[""test"", ""build"", ""refactor"", ""feat"", ""fix"", ""ci""]","[""test"", ""build"", ""feat"", ""fix"", ""ci""]",1.4395771026611328,"['317f4eefecddfb1392ca71d551840f446feee302', 'e4a11fd5c34942ba12737f1c8c084489428ee274', 'ded26d768ff432ad3bde3c0aa1e95ce50726100a', 'd129eaf9125a967ac86c6c7276bbae6b4d50af36', '173553c0372e66e03bdab19e0e6c2dd44daa14a0']",0.8333333333333334,1.0,0.9090909090909092,False,0.1428571428571428,4096,True,5
"[""test"", ""build"", ""refactor"", ""docs"", ""feat""]","[""test"", ""build"", ""refactor"", ""docs"", ""feat""]",1.318039894104004,"['bedc7950b24c37809e36a585b7985d5aa5e3e458', '5b81fde8a72cf2e69a10e9f5c4f0bea0a2b8c3e0', '47ef9104e4a89e80d7cc6c1950bc080841da4a7b', 'aca23027da1295c78fdf42ba9687d8ccc88784d7', 'f823cf28652987d43c8324b4f5b203240032383a']",1.0,1.0,1.0,True,0.0,4096,True,5
"[""build"", ""ci"", ""feat"", ""docs"", ""fix""]","[""build"", ""ci"", ""feat"", ""docs"", ""fix""]",1.020165205001831,"['5b81fde8a72cf2e69a10e9f5c4f0bea0a2b8c3e0', 'c5fa7b80438fbd74f4c341f0d3c9bd9e0f4910da', '68278b00450f2679761a2999500f6d87a579376b', 'a52a585d74894b3b4eeb8c784fa089ff95cddad0', '06e2be4e2019b6fa714e1fcb34485860ef1ede79']",1.0,1.0,1.0,True,0.0,4096,True,5
"[""test"", ""build"", ""refactor"", ""feat"", ""ci""]","[""test"", ""build"", ""refactor"", ""fix"", ""ci""]",2.0307400226593018,"['e0198f74b81da3663144cfe1d971939319f82a0f', '5b81fde8a72cf2e69a10e9f5c4f0bea0a2b8c3e0', '3cca5c314ad6feeffbfe1f14cf49ebd0fd9a95a2', '87d5d4e55ab7149b593d29410f1fe426ba2447d4', '74e9de5ec97dc013a52aa063dff0f40ac74c407b']",0.8,0.8,0.8000000000000002,False,0.2857142857142857,4096,True,5
"[""build"", ""refactor"", ""ci"", ""test"", ""docs"", ""feat""]","[""feat"", ""build"", ""fix"", ""ci"", ""test""]",0.8779540061950684,"['6ed56ce9ae743ba9a87e6c9643cc06b1de7b748d', 'c323d59c607cabc91f17a78528d998f376f30b10', '87d5d4e55ab7149b593d29410f1fe426ba2447d4', 'c5fa7b80438fbd74f4c341f0d3c9bd9e0f4910da', 'e9617f0854030e70365eb264bcb3b58078e79e9e']",0.6666666666666666,0.8,0.7272727272727272,False,0.4285714285714285,4096,True,5
"[""build"", ""test"", ""feat"", ""refactor"", ""ci""]","[""build"", ""test"", ""refactor"", ""feat"", ""ci""]",1.1799240112304688,"['5b81fde8a72cf2e69a10e9f5c4f0bea0a2b8c3e0', 'e9617f0854030e70365eb264bcb3b58078e79e9e', '2954a0955ce9af6acb345ed1e8328e145ad30475', '68278b00450f2679761a2999500f6d87a579376b', 'e96487ad7ce90b141219d9032fa2bed68d5dae6a']",1.0,1.0,1.0,True,0.0,4096,True,5
"[""ci"", ""feat"", ""refactor"", ""fix""]","[""ci"", ""refactor"", ""docs"", ""feat"", ""fix""]",1.0742418766021729,"['4cbbd2552ba0de273e1dfe7d453c5b3efed751a3', '535708ae50aecb452560a23356fd396f99ef13a2', 'e12d9e77a6fd531a22325337838a841b1c67f00d', 'fd8e563cc19ca4684885d4692acee6bebcca4ada', '9be725fa3906323d4bc9788f54eccf74109d632b']",1.0,0.8,0.888888888888889,False,0.1428571428571428,4096,True,5
"[""ci"", ""refactor"", ""fix"", ""docs""]","[""ci"", ""fix"", ""feat"", ""docs"", ""refactor""]",0.8825206756591797,"['c5fa7b80438fbd74f4c341f0d3c9bd9e0f4910da', 'bed78248c941d57ad4cc20a455147e186e97c7a1', 'b282e90e2cbb74559aab79eee8443a4d7c85502a', 'bf83c9155e9bee6925aa7102fab53fb803d52533', '771857b1df9470ebc15357e8879118a72c649d5b']",1.0,0.8,0.888888888888889,False,0.1428571428571428,4096,True,5
