predicted_types,actual_types,inference_time,shas,precision,recall,f1,exact_match,hamming_loss,context_len,with_message,concern_count
"[""feat"", ""refactor""]","[""fix""]",0.5095038414001465,['87d5d4e55ab7149b593d29410f1fe426ba2447d4'],0.0,0.0,0.0,False,0.42857142857142855,1024,False,1
"[""test""]","[""test""]",0.41975951194763184,['317f4eefecddfb1392ca71d551840f446feee302'],1.0,1.0,1.0,True,0.0,1024,False,1
"[""ci""]","[""ci""]",0.46248340606689453,['c5fa7b80438fbd74f4c341f0d3c9bd9e0f4910da'],1.0,1.0,1.0,True,0.0,1024,False,1
"[""ci""]","[""ci""]",0.4526948928833008,['e7a67d88173566be3cd3aed7e9eeb7e29aabbc57'],1.0,1.0,1.0,True,0.0,1024,False,1
"[""feat"", ""refactor""]","[""fix""]",0.5186605453491211,['d129eaf9125a967ac86c6c7276bbae6b4d50af36'],0.0,0.0,0.0,False,0.42857142857142855,1024,False,1
"[""build"", ""ci""]","[""build""]",0.5049774646759033,['1269431c8a3e7549f10fcbbb4b88ff625c8898b3'],0.5,1.0,0.6666666666666666,False,0.14285714285714285,1024,False,1
"[""feat"", ""refactor""]","[""refactor""]",0.5327928066253662,['535708ae50aecb452560a23356fd396f99ef13a2'],0.5,1.0,0.6666666666666666,False,0.14285714285714285,1024,False,1
"[""feat"", ""refactor"", ""ci"", ""build"", ""test"", ""docs""]","[""feat""]",0.9380712509155273,['68278b00450f2679761a2999500f6d87a579376b'],0.16666666666666666,1.0,0.2857142857142857,False,0.7142857142857143,1024,False,1
"[""ci""]","[""ci""]",0.37233877182006836,['6c9cb638cb4d1ecc42632fcf389c24898c5b3244'],1.0,1.0,1.0,True,0.0,1024,False,1
"[""test""]","[""test""]",0.3781144618988037,['c7b25726df94a2530c9b1c0d2b6a0acaa103822f'],1.0,1.0,1.0,True,0.0,1024,False,1
"[""feat"", ""refactor""]","[""feat""]",0.5707104206085205,['1bcf88670b50155b50071e707f98f30cea0b7a24'],0.5,1.0,0.6666666666666666,False,0.14285714285714285,1024,False,1
"[""build"", ""test""]","[""build""]",0.619929313659668,['454003841aabeb74396d73541378bfa59c75b5db'],0.5,1.0,0.6666666666666666,False,0.14285714285714285,1024,False,1
"[""ci""]","[""ci""]",0.33245062828063965,['dbb537a26e388a8d7d17faf131abc30c2f7a84e6'],1.0,1.0,1.0,True,0.0,1024,False,1
"[""docs""]","[""docs""]",0.3742833137512207,['bf83c9155e9bee6925aa7102fab53fb803d52533'],1.0,1.0,1.0,True,0.0,1024,False,1
"[""feat""]","[""feat""]",0.3719649314880371,['dc5238b2bda98a7c4f2fe9584fc3b0191a408109'],1.0,1.0,1.0,True,0.0,1024,False,1
"[""ci""]","[""ci""]",0.36606597900390625,['74e9de5ec97dc013a52aa063dff0f40ac74c407b'],1.0,1.0,1.0,True,0.0,1024,False,1
"[""test""]","[""test""]",0.37215614318847656,['b7ce2894fd1794064bd6db4ed730bb6cb7728739'],1.0,1.0,1.0,True,0.0,1024,False,1
"[""refactor"", ""build""]","[""build""]",0.4754014015197754,['32b92cfa0b74a6c25990e32ac6aab12b8496794c'],0.5,1.0,0.6666666666666666,False,0.14285714285714285,1024,False,1
"[""refactor"", ""build""]","[""fix""]",0.5652008056640625,['bed78248c941d57ad4cc20a455147e186e97c7a1'],0.0,0.0,0.0,False,0.42857142857142855,1024,False,1
"[""test""]","[""test""]",0.3948090076446533,['f411e58cd510f8a2b980b2f1932003a0c0e9f8f3'],1.0,1.0,1.0,True,0.0,1024,False,1
"[""feat"", ""refactor""]","[""feat""]",0.5220274925231934,['f9a094918b62534614c47aa8a13f33aec751a1e0'],0.5,1.0,0.6666666666666666,False,0.14285714285714285,1024,False,1
"[""docs""]","[""docs""]",0.36878442764282227,['aca23027da1295c78fdf42ba9687d8ccc88784d7'],1.0,1.0,1.0,True,0.0,1024,False,1
"[""ci""]","[""build""]",0.4049246311187744,['37b1cbfd3d2c462ef4f2a131e4172c38dc8d9ddf'],0.0,0.0,0.0,False,0.2857142857142857,1024,False,1
"[""feat"", ""refactor""]","[""feat""]",0.6413354873657227,['e137f9fdbdb6bf3f85c3f7ac9323785e445844c8'],0.5,1.0,0.6666666666666666,False,0.14285714285714285,1024,False,1
"[""test""]","[""test""]",0.3937222957611084,['e0198f74b81da3663144cfe1d971939319f82a0f'],1.0,1.0,1.0,True,0.0,1024,False,1
"[""ci""]","[""ci""]",0.44848155975341797,['45837af24a33308a70a3454f0f650f9fe728e272'],1.0,1.0,1.0,True,0.0,1024,False,1
"[""docs""]","[""docs""]",0.38613462448120117,['0cfc5633d37ea06f645649138323f1820e18bdee'],1.0,1.0,1.0,True,0.0,1024,False,1
"[""build"", ""test""]","[""test""]",0.6104931831359863,['8ee0611fbf0cd89abe7ae588f22e6ecb843598ea'],0.5,1.0,0.6666666666666666,False,0.14285714285714285,1024,False,1
"[""docs"", ""feat""]","[""docs""]",0.4410982131958008,['c2ee5cd5e709afd15c5565ee009a0d204403a119'],0.5,1.0,0.6666666666666666,False,0.14285714285714285,1024,False,1
"[""refactor""]","[""fix""]",0.4067268371582031,['d1d55e787b7d07f763852602b9939a5394607fd9'],0.0,0.0,0.0,False,0.2857142857142857,1024,False,1
"[""build""]","[""build""]",0.394315242767334,['c55591ba157298a9c5816693c102a89dfd058830'],1.0,1.0,1.0,True,0.0,1024,False,1
"[""fix""]","[""fix""]",0.311220645904541,['9be725fa3906323d4bc9788f54eccf74109d632b'],1.0,1.0,1.0,True,0.0,1024,False,1
"[""build""]","[""build""]",0.3861205577850342,['f00a4d3e307b89842250358ee432e6800bb24362'],1.0,1.0,1.0,True,0.0,1024,False,1
"[""feat"", ""docs""]","[""docs""]",0.47324228286743164,['036a0ff49a7dade0e04c9c07071a1ff49133ee24'],0.5,1.0,0.6666666666666666,False,0.14285714285714285,1024,False,1
"[""feat""]","[""docs""]",0.40166163444519043,['6d405dfc1675dcad64a2dfac0c0cb0fb28381d21'],0.0,0.0,0.0,False,0.2857142857142857,1024,False,1
"[""refactor"", ""build""]","[""refactor""]",0.6162614822387695,['3cca5c314ad6feeffbfe1f14cf49ebd0fd9a95a2'],0.5,1.0,0.6666666666666666,False,0.14285714285714285,1024,False,1
"[""test""]","[""docs""]",0.3708524703979492,['af880ac5b4fecbc6c4f3d1eee0d95f326e8bd9d1'],0.0,0.0,0.0,False,0.2857142857142857,1024,False,1
"[""fix""]","[""fix""]",0.3158392906188965,['c8e0ae8612df3d6f2831acc004aaac332f6105e4'],1.0,1.0,1.0,True,0.0,1024,False,1
"[""refactor"", ""docs""]","[""refactor""]",0.6184532642364502,['771857b1df9470ebc15357e8879118a72c649d5b'],0.5,1.0,0.6666666666666666,False,0.14285714285714285,1024,False,1
"[""refactor""]","[""refactor""]",0.34029459953308105,['47ef9104e4a89e80d7cc6c1950bc080841da4a7b'],1.0,1.0,1.0,True,0.0,1024,False,1
"[""test""]","[""refactor""]",0.48072028160095215,['1db13ec43727aca872a0f3836e4023ed85db665e'],0.0,0.0,0.0,False,0.2857142857142857,1024,False,1
"[""refactor""]","[""fix""]",0.34380555152893066,['933ab6bb86372913c992567cf9660009900911a7'],0.0,0.0,0.0,False,0.2857142857142857,1024,False,1
"[""test""]","[""test""]",0.34513401985168457,['e2e8ad25854bd1e7cdbc7f50b50bbd99e04ad47d'],1.0,1.0,1.0,True,0.0,1024,False,1
"[""build""]","[""build""]",0.39255523681640625,['c44cf88a6ec54e5ddd99d8348bcc57b301ec7945'],1.0,1.0,1.0,True,0.0,1024,False,1
"[""ci""]","[""ci""]",0.31549668312072754,['e96487ad7ce90b141219d9032fa2bed68d5dae6a'],1.0,1.0,1.0,True,0.0,1024,False,1
"[""build""]","[""build""]",0.37134289741516113,['5b81fde8a72cf2e69a10e9f5c4f0bea0a2b8c3e0'],1.0,1.0,1.0,True,0.0,1024,False,1
"[""docs""]","[""docs""]",0.47950077056884766,['cb1f48b56ae0de93acb72e48726c7d610a1d538e'],1.0,1.0,1.0,True,0.0,1024,False,1
"[""refactor""]","[""fix""]",0.48143529891967773,['2561f4ade46fc9d59f289f328cc77733a6443697'],0.0,0.0,0.0,False,0.2857142857142857,1024,False,1
"[""refactor""]","[""fix""]",0.4087221622467041,['06e2be4e2019b6fa714e1fcb34485860ef1ede79'],0.0,0.0,0.0,False,0.2857142857142857,1024,False,1
"[""refactor""]","[""refactor""]",0.34496474266052246,['36556bf8e0bce4ab6d26eafacbdad04d9614a5d7'],1.0,1.0,1.0,True,0.0,1024,False,1
"[""build""]","[""build""]",0.3714454174041748,['c323d59c607cabc91f17a78528d998f376f30b10'],1.0,1.0,1.0,True,0.0,1024,False,1
"[""build"", ""refactor""]","[""build""]",0.5361745357513428,['e4a11fd5c34942ba12737f1c8c084489428ee274'],0.5,1.0,0.6666666666666666,False,0.14285714285714285,1024,False,1
"[""feat"", ""refactor""]","[""refactor""]",0.5341665744781494,['63eab619e6166eb6cab948028a7b89bf059dd878'],0.5,1.0,0.6666666666666666,False,0.14285714285714285,1024,False,1
"[""docs""]","[""docs""]",0.3484799861907959,['a52a585d74894b3b4eeb8c784fa089ff95cddad0'],1.0,1.0,1.0,True,0.0,1024,False,1
"[""feat"", ""refactor""]","[""feat""]",0.5664374828338623,['b282e90e2cbb74559aab79eee8443a4d7c85502a'],0.5,1.0,0.6666666666666666,False,0.14285714285714285,1024,False,1
"[""feat"", ""test"", ""ci"", ""build"", ""docs""]","[""feat""]",0.7932741641998291,['f823cf28652987d43c8324b4f5b203240032383a'],0.2,1.0,0.33333333333333337,False,0.5714285714285714,1024,False,1
"[""refactor""]","[""fix""]",0.36928820610046387,['9ef5c0d14193a9abb09b39856f58477d1f4b0d77'],0.0,0.0,0.0,False,0.2857142857142857,1024,False,1
"[""feat"", ""refactor""]","[""feat""]",0.6061217784881592,['fd8e563cc19ca4684885d4692acee6bebcca4ada'],0.5,1.0,0.6666666666666666,False,0.14285714285714285,1024,False,1
"[""ci""]","[""ci""]",0.38561582565307617,['4cbbd2552ba0de273e1dfe7d453c5b3efed751a3'],1.0,1.0,1.0,True,0.0,1024,False,1
"[""ci"", ""test""]","[""ci""]",0.5828793048858643,['173553c0372e66e03bdab19e0e6c2dd44daa14a0'],0.5,1.0,0.6666666666666666,False,0.14285714285714285,1024,False,1
"[""ci""]","[""ci""]",0.5125713348388672,['32845e1bbd1efb5dbc16f671049509a409ba25ce'],1.0,1.0,1.0,True,0.0,1024,False,1
"[""test""]","[""test""]",0.36731624603271484,['229b53a632ea97d47c4be11f096bdd828fb415d8'],1.0,1.0,1.0,True,0.0,1024,False,1
"[""feat"", ""refactor""]","[""refactor""]",0.4705178737640381,['2954a0955ce9af6acb345ed1e8328e145ad30475'],0.5,1.0,0.6666666666666666,False,0.14285714285714285,1024,False,1
"[""refactor"", ""docs""]","[""refactor""]",0.5045068264007568,['a62314d9bb632be6af026686615d14b912250512'],0.5,1.0,0.6666666666666666,False,0.14285714285714285,1024,False,1
"[""refactor""]","[""refactor""]",0.4801902770996094,['062daa45cbd5dba6e96e95d8cdcaee89ae30a83c'],1.0,1.0,1.0,True,0.0,1024,False,1
"[""test""]","[""test""]",0.39025330543518066,['bedc7950b24c37809e36a585b7985d5aa5e3e458'],1.0,1.0,1.0,True,0.0,1024,False,1
"[""refactor"", ""test"", ""ci"", ""build"", ""docs""]","[""feat""]",0.9304707050323486,['ded26d768ff432ad3bde3c0aa1e95ce50726100a'],0.0,0.0,0.0,False,0.8571428571428571,1024,False,1
"[""ci"", ""test""]","[""test""]",0.5670957565307617,['e9617f0854030e70365eb264bcb3b58078e79e9e'],0.5,1.0,0.6666666666666666,False,0.14285714285714285,1024,False,1
"[""feat"", ""test"", ""ci"", ""build""]","[""feat""]",0.8193886280059814,['6ed56ce9ae743ba9a87e6c9643cc06b1de7b748d'],0.25,1.0,0.4,False,0.42857142857142855,1024,False,1
"[""docs""]","[""docs""]",0.3762938976287842,['e12d9e77a6fd531a22325337838a841b1c67f00d'],1.0,1.0,1.0,True,0.0,1024,False,1
"[""feat"", ""refactor"", ""ci"", ""build"", ""test"", ""docs""]","[""feat"", ""refactor""]",0.991894006729126,"['fd8e563cc19ca4684885d4692acee6bebcca4ada', '36556bf8e0bce4ab6d26eafacbdad04d9614a5d7']",0.3333333333333333,1.0,0.5,False,0.5714285714285714,1024,False,2
"[""ci"", ""build""]","[""ci"", ""build""]",0.5515031814575195,"['45837af24a33308a70a3454f0f650f9fe728e272', '5b81fde8a72cf2e69a10e9f5c4f0bea0a2b8c3e0']",1.0,1.0,1.0,True,0.0,1024,False,2
"[""feat"", ""refactor"", ""test""]","[""refactor"", ""docs""]",0.663496732711792,"['535708ae50aecb452560a23356fd396f99ef13a2', 'af880ac5b4fecbc6c4f3d1eee0d95f326e8bd9d1']",0.3333333333333333,0.5,0.4,False,0.42857142857142855,1024,False,2
"[""feat"", ""fix"", ""refactor"", ""docs"", ""test"", ""ci"", ""build""]","[""feat"", ""refactor""]",1.1237075328826904,"['68278b00450f2679761a2999500f6d87a579376b', '63eab619e6166eb6cab948028a7b89bf059dd878']",0.2857142857142857,1.0,0.4444444444444445,False,0.7142857142857143,1024,False,2
"[""ci"", ""test""]","[""ci"", ""test""]",0.5058684349060059,"['dbb537a26e388a8d7d17faf131abc30c2f7a84e6', 'f411e58cd510f8a2b980b2f1932003a0c0e9f8f3']",1.0,1.0,1.0,True,0.0,1024,False,2
"[""test"", ""ci""]","[""test"", ""ci""]",0.5525960922241211,"['e2e8ad25854bd1e7cdbc7f50b50bbd99e04ad47d', 'c5fa7b80438fbd74f4c341f0d3c9bd9e0f4910da']",1.0,1.0,1.0,True,0.0,1024,False,2
"[""ci"", ""build""]","[""ci"", ""build""]",0.585106611251831,"['45837af24a33308a70a3454f0f650f9fe728e272', '1269431c8a3e7549f10fcbbb4b88ff625c8898b3']",1.0,1.0,1.0,True,0.0,1024,False,2
"[""refactor"", ""test"", ""fix""]","[""feat"", ""test""]",0.7089521884918213,"['1bcf88670b50155b50071e707f98f30cea0b7a24', 'f411e58cd510f8a2b980b2f1932003a0c0e9f8f3']",0.3333333333333333,0.5,0.4,False,0.42857142857142855,1024,False,2
"[""fix"", ""docs""]","[""fix"", ""docs""]",0.4400911331176758,"['9be725fa3906323d4bc9788f54eccf74109d632b', '0cfc5633d37ea06f645649138323f1820e18bdee']",1.0,1.0,1.0,True,0.0,1024,False,2
"[""refactor"", ""ci""]","[""fix"", ""ci""]",0.4486229419708252,"['9be725fa3906323d4bc9788f54eccf74109d632b', 'e96487ad7ce90b141219d9032fa2bed68d5dae6a']",0.5,0.5,0.5,False,0.2857142857142857,1024,False,2
"[""ci"", ""test"", ""refactor""]","[""build"", ""test""]",0.7165822982788086,"['1269431c8a3e7549f10fcbbb4b88ff625c8898b3', '317f4eefecddfb1392ca71d551840f446feee302']",0.3333333333333333,0.5,0.4,False,0.42857142857142855,1024,False,2
"[""ci"", ""docs""]","[""ci"", ""docs""]",0.5009026527404785,"['dbb537a26e388a8d7d17faf131abc30c2f7a84e6', '0cfc5633d37ea06f645649138323f1820e18bdee']",1.0,1.0,1.0,True,0.0,1024,False,2
"[""refactor"", ""build""]","[""refactor"", ""build""]",0.6222715377807617,"['3cca5c314ad6feeffbfe1f14cf49ebd0fd9a95a2', '454003841aabeb74396d73541378bfa59c75b5db']",1.0,1.0,1.0,True,0.0,1024,False,2
"[""refactor"", ""ci"", ""build"", ""test"", ""docs""]","[""fix"", ""refactor""]",0.9222736358642578,"['2561f4ade46fc9d59f289f328cc77733a6443697', '062daa45cbd5dba6e96e95d8cdcaee89ae30a83c']",0.2,0.5,0.28571428571428575,False,0.7142857142857143,1024,False,2
"[""build"", ""ci""]","[""build"", ""ci""]",0.504157304763794,"['c44cf88a6ec54e5ddd99d8348bcc57b301ec7945', 'dbb537a26e388a8d7d17faf131abc30c2f7a84e6']",1.0,1.0,1.0,True,0.0,1024,False,2
"[""refactor"", ""fix"", ""test"", ""ci"", ""build"", ""docs""]","[""build"", ""refactor""]",0.9930670261383057,"['32b92cfa0b74a6c25990e32ac6aab12b8496794c', '63eab619e6166eb6cab948028a7b89bf059dd878']",0.3333333333333333,1.0,0.5,False,0.5714285714285714,1024,False,2
"[""feat"", ""ci""]","[""feat"", ""docs""]",0.5011551380157471,"['dc5238b2bda98a7c4f2fe9584fc3b0191a408109', 'e12d9e77a6fd531a22325337838a841b1c67f00d']",0.5,0.5,0.5,False,0.2857142857142857,1024,False,2
"[""ci"", ""docs""]","[""ci"", ""docs""]",0.5547499656677246,"['32845e1bbd1efb5dbc16f671049509a409ba25ce', 'bf83c9155e9bee6925aa7102fab53fb803d52533']",1.0,1.0,1.0,True,0.0,1024,False,2
"[""feat"", ""test"", ""ci"", ""build""]","[""fix"", ""feat""]",0.7720232009887695,"['d129eaf9125a967ac86c6c7276bbae6b4d50af36', '6ed56ce9ae743ba9a87e6c9643cc06b1de7b748d']",0.25,0.5,0.3333333333333333,False,0.5714285714285714,1024,False,2
"[""feat"", ""refactor"", ""ci""]","[""feat"", ""ci""]",0.6837501525878906,"['1bcf88670b50155b50071e707f98f30cea0b7a24', '74e9de5ec97dc013a52aa063dff0f40ac74c407b']",0.6666666666666666,1.0,0.8,False,0.14285714285714285,1024,False,2
"[""feat"", ""ci""]","[""docs"", ""ci""]",0.5035293102264404,"['036a0ff49a7dade0e04c9c07071a1ff49133ee24', '4cbbd2552ba0de273e1dfe7d453c5b3efed751a3']",0.5,0.5,0.5,False,0.2857142857142857,1024,False,2
"[""ci"", ""test"", ""docs""]","[""test"", ""docs""]",0.6886146068572998,"['e9617f0854030e70365eb264bcb3b58078e79e9e', 'cb1f48b56ae0de93acb72e48726c7d610a1d538e']",0.6666666666666666,1.0,0.8,False,0.14285714285714285,1024,False,2
"[""docs"", ""feat""]","[""docs"", ""feat""]",0.5545358657836914,"['aca23027da1295c78fdf42ba9687d8ccc88784d7', 'f823cf28652987d43c8324b4f5b203240032383a']",1.0,1.0,1.0,True,0.0,1024,False,2
"[""refactor"", ""test"", ""ci"", ""build"", ""docs"", ""feat"", ""fix""]","[""refactor"", ""fix""]",1.0374650955200195,"['47ef9104e4a89e80d7cc6c1950bc080841da4a7b', '06e2be4e2019b6fa714e1fcb34485860ef1ede79']",0.2857142857142857,1.0,0.4444444444444445,False,0.7142857142857143,1024,False,2
"[""build"", ""ci""]","[""build"", ""ci""]",0.48741888999938965,"['5b81fde8a72cf2e69a10e9f5c4f0bea0a2b8c3e0', 'dbb537a26e388a8d7d17faf131abc30c2f7a84e6']",1.0,1.0,1.0,True,0.0,1024,False,2
"[""build"", ""refactor""]","[""build"", ""refactor""]",0.5075838565826416,"['5b81fde8a72cf2e69a10e9f5c4f0bea0a2b8c3e0', '36556bf8e0bce4ab6d26eafacbdad04d9614a5d7']",1.0,1.0,1.0,True,0.0,1024,False,2
"[""feat"", ""test""]","[""fix"", ""test""]",0.5834918022155762,"['9ef5c0d14193a9abb09b39856f58477d1f4b0d77', 'b7ce2894fd1794064bd6db4ed730bb6cb7728739']",0.5,0.5,0.5,False,0.2857142857142857,1024,False,2
"[""build"", ""docs"", ""test"", ""ci"", ""feat"", ""fix"", ""refactor""]","[""build"", ""docs""]",1.0751492977142334,"['c323d59c607cabc91f17a78528d998f376f30b10', 'c2ee5cd5e709afd15c5565ee009a0d204403a119']",0.2857142857142857,1.0,0.4444444444444445,False,0.7142857142857143,1024,False,2
"[""refactor"", ""ci""]","[""fix"", ""ci""]",0.4592597484588623,"['9be725fa3906323d4bc9788f54eccf74109d632b', 'dbb537a26e388a8d7d17faf131abc30c2f7a84e6']",0.5,0.5,0.5,False,0.2857142857142857,1024,False,2
"[""refactor"", ""ci""]","[""fix"", ""ci""]",0.5610151290893555,"['9be725fa3906323d4bc9788f54eccf74109d632b', 'e7a67d88173566be3cd3aed7e9eeb7e29aabbc57']",0.5,0.5,0.5,False,0.2857142857142857,1024,False,2
"[""feat"", ""refactor"", ""docs""]","[""docs"", ""refactor""]",0.656548261642456,"['c2ee5cd5e709afd15c5565ee009a0d204403a119', '062daa45cbd5dba6e96e95d8cdcaee89ae30a83c']",0.6666666666666666,1.0,0.8,False,0.14285714285714285,1024,False,2
"[""feat"", ""refactor"", ""docs""]","[""fix"", ""feat""]",0.656064510345459,"['933ab6bb86372913c992567cf9660009900911a7', 'e137f9fdbdb6bf3f85c3f7ac9323785e445844c8']",0.3333333333333333,0.5,0.4,False,0.42857142857142855,1024,False,2
"[""refactor"", ""build""]","[""fix"", ""build""]",0.5355029106140137,"['9be725fa3906323d4bc9788f54eccf74109d632b', 'c44cf88a6ec54e5ddd99d8348bcc57b301ec7945']",0.5,0.5,0.5,False,0.2857142857142857,1024,False,2
"[""ci"", ""docs""]","[""ci"", ""docs""]",0.5667939186096191,"['173553c0372e66e03bdab19e0e6c2dd44daa14a0', 'e12d9e77a6fd531a22325337838a841b1c67f00d']",1.0,1.0,1.0,True,0.0,1024,False,2
"[""ci"", ""feat""]","[""ci"", ""feat""]",0.5255131721496582,"['6c9cb638cb4d1ecc42632fcf389c24898c5b3244', 'f823cf28652987d43c8324b4f5b203240032383a']",1.0,1.0,1.0,True,0.0,1024,False,2
"[""ci"", ""docs"", ""test""]","[""ci"", ""docs""]",0.6857624053955078,"['74e9de5ec97dc013a52aa063dff0f40ac74c407b', 'c2ee5cd5e709afd15c5565ee009a0d204403a119']",0.6666666666666666,1.0,0.8,False,0.14285714285714285,1024,False,2
"[""test"", ""build""]","[""test"", ""build""]",0.5545239448547363,"['317f4eefecddfb1392ca71d551840f446feee302', '5b81fde8a72cf2e69a10e9f5c4f0bea0a2b8c3e0']",1.0,1.0,1.0,True,0.0,1024,False,2
"[""feat"", ""docs"", ""test"", ""ci"", ""build""]","[""docs"", ""feat""]",0.8441476821899414,"['a52a585d74894b3b4eeb8c784fa089ff95cddad0', 'f823cf28652987d43c8324b4f5b203240032383a']",0.4,1.0,0.5714285714285715,False,0.42857142857142855,1024,False,2
"[""refactor"", ""build""]","[""refactor"", ""build""]",0.5192763805389404,"['47ef9104e4a89e80d7cc6c1950bc080841da4a7b', '5b81fde8a72cf2e69a10e9f5c4f0bea0a2b8c3e0']",1.0,1.0,1.0,True,0.0,1024,False,2
"[""feat"", ""refactor"", ""docs"", ""test"", ""ci"", ""build""]","[""feat"", ""refactor""]",1.027923345565796,"['e137f9fdbdb6bf3f85c3f7ac9323785e445844c8', '771857b1df9470ebc15357e8879118a72c649d5b']",0.3333333333333333,1.0,0.5,False,0.5714285714285714,1024,False,2
"[""feat"", ""test"", ""refactor"", ""ci"", ""build""]","[""feat"", ""fix""]",0.8965277671813965,"['6ed56ce9ae743ba9a87e6c9643cc06b1de7b748d', 'd1d55e787b7d07f763852602b9939a5394607fd9']",0.2,0.5,0.28571428571428575,False,0.7142857142857143,1024,False,2
"[""build"", ""docs""]","[""build"", ""docs""]",0.5029916763305664,"['c323d59c607cabc91f17a78528d998f376f30b10', '0cfc5633d37ea06f645649138323f1820e18bdee']",1.0,1.0,1.0,True,0.0,1024,False,2
"[""feat"", ""build"", ""test"", ""refactor"", ""docs""]","[""test"", ""refactor""]",0.9283502101898193,"['8ee0611fbf0cd89abe7ae588f22e6ecb843598ea', '2954a0955ce9af6acb345ed1e8328e145ad30475']",0.4,1.0,0.5714285714285715,False,0.42857142857142855,1024,False,2
"[""refactor"", ""test""]","[""refactor"", ""fix""]",0.5314500331878662,"['36556bf8e0bce4ab6d26eafacbdad04d9614a5d7', 'c8e0ae8612df3d6f2831acc004aaac332f6105e4']",0.5,0.5,0.5,False,0.2857142857142857,1024,False,2
"[""ci"", ""build""]","[""build"", ""ci""]",0.5806689262390137,"['e4a11fd5c34942ba12737f1c8c084489428ee274', '173553c0372e66e03bdab19e0e6c2dd44daa14a0']",1.0,1.0,1.0,True,0.0,1024,False,2
"[""refactor"", ""feat""]","[""fix"", ""feat""]",0.5621840953826904,"['c8e0ae8612df3d6f2831acc004aaac332f6105e4', 'f9a094918b62534614c47aa8a13f33aec751a1e0']",0.5,0.5,0.5,False,0.2857142857142857,1024,False,2
"[""fix"", ""docs""]","[""refactor"", ""docs""]",0.5688436031341553,"['771857b1df9470ebc15357e8879118a72c649d5b', '0cfc5633d37ea06f645649138323f1820e18bdee']",0.5,0.5,0.5,False,0.2857142857142857,1024,False,2
"[""feat"", ""test"", ""ci"", ""build"", ""refactor"", ""docs""]","[""feat"", ""fix""]",0.9973406791687012,"['6ed56ce9ae743ba9a87e6c9643cc06b1de7b748d', '87d5d4e55ab7149b593d29410f1fe426ba2447d4']",0.16666666666666666,0.5,0.25,False,0.8571428571428571,1024,False,2
"[""test""]","[""refactor"", ""test""]",0.4507410526275635,"['1db13ec43727aca872a0f3836e4023ed85db665e', '229b53a632ea97d47c4be11f096bdd828fb415d8']",1.0,0.5,0.6666666666666666,False,0.14285714285714285,1024,False,2
"[""test"", ""feat"", ""fix""]","[""test"", ""refactor""]",0.7116880416870117,"['317f4eefecddfb1392ca71d551840f446feee302', '63eab619e6166eb6cab948028a7b89bf059dd878']",0.3333333333333333,0.5,0.4,False,0.42857142857142855,1024,False,2
"[""refactor"", ""build""]","[""docs"", ""build""]",0.5616896152496338,"['e12d9e77a6fd531a22325337838a841b1c67f00d', 'c44cf88a6ec54e5ddd99d8348bcc57b301ec7945']",0.5,0.5,0.5,False,0.2857142857142857,1024,False,2
"[""test"", ""ci""]","[""refactor"", ""build""]",0.5491378307342529,"['1db13ec43727aca872a0f3836e4023ed85db665e', '32b92cfa0b74a6c25990e32ac6aab12b8496794c']",0.0,0.0,0.0,False,0.5714285714285714,1024,False,2
"[""docs"", ""refactor"", ""build""]","[""docs"", ""fix""]",0.7168233394622803,"['c2ee5cd5e709afd15c5565ee009a0d204403a119', 'bed78248c941d57ad4cc20a455147e186e97c7a1']",0.3333333333333333,0.5,0.4,False,0.42857142857142855,1024,False,2
"[""docs"", ""ci""]","[""docs"", ""ci""]",0.49788403511047363,"['bf83c9155e9bee6925aa7102fab53fb803d52533', '173553c0372e66e03bdab19e0e6c2dd44daa14a0']",1.0,1.0,1.0,True,0.0,1024,False,2
"[""refactor"", ""ci""]","[""refactor"", ""ci""]",0.5231564044952393,"['36556bf8e0bce4ab6d26eafacbdad04d9614a5d7', '74e9de5ec97dc013a52aa063dff0f40ac74c407b']",1.0,1.0,1.0,True,0.0,1024,False,2
"[""ci"", ""test"", ""feat"", ""refactor""]","[""test"", ""fix""]",0.8121285438537598,"['e9617f0854030e70365eb264bcb3b58078e79e9e', '87d5d4e55ab7149b593d29410f1fe426ba2447d4']",0.25,0.5,0.3333333333333333,False,0.5714285714285714,1024,False,2
"[""feat"", ""refactor""]","[""feat"", ""refactor""]",0.5785679817199707,"['e137f9fdbdb6bf3f85c3f7ac9323785e445844c8', '47ef9104e4a89e80d7cc6c1950bc080841da4a7b']",1.0,1.0,1.0,True,0.0,1024,False,2
"[""refactor"", ""ci""]","[""fix"", ""ci""]",0.5843586921691895,"['2561f4ade46fc9d59f289f328cc77733a6443697', '74e9de5ec97dc013a52aa063dff0f40ac74c407b']",0.5,0.5,0.5,False,0.2857142857142857,1024,False,2
"[""build"", ""ci""]","[""build"", ""ci""]",0.4985222816467285,"['5b81fde8a72cf2e69a10e9f5c4f0bea0a2b8c3e0', 'e96487ad7ce90b141219d9032fa2bed68d5dae6a']",1.0,1.0,1.0,True,0.0,1024,False,2
"[""build"", ""test"", ""ci"", ""refactor"", ""feat"", ""docs"", ""fix""]","[""build"", ""test""]",1.0955328941345215,"['32b92cfa0b74a6c25990e32ac6aab12b8496794c', '8ee0611fbf0cd89abe7ae588f22e6ecb843598ea']",0.2857142857142857,1.0,0.4444444444444445,False,0.7142857142857143,1024,False,2
"[""test"", ""ci""]","[""refactor"", ""ci""]",0.610405683517456,"['1db13ec43727aca872a0f3836e4023ed85db665e', '74e9de5ec97dc013a52aa063dff0f40ac74c407b']",0.5,0.5,0.5,False,0.2857142857142857,1024,False,2
"[""feat"", ""build"", ""test"", ""ci"", ""docs"", ""refactor"", ""fix""]","[""fix"", ""build""]",1.1319174766540527,"['2561f4ade46fc9d59f289f328cc77733a6443697', 'c55591ba157298a9c5816693c102a89dfd058830']",0.2857142857142857,1.0,0.4444444444444445,False,0.7142857142857143,1024,False,2
"[""build"", ""test""]","[""build"", ""refactor""]",0.5202114582061768,"['5b81fde8a72cf2e69a10e9f5c4f0bea0a2b8c3e0', '1db13ec43727aca872a0f3836e4023ed85db665e']",0.5,0.5,0.5,False,0.2857142857142857,1024,False,2
"[""build"", ""ci"", ""feat"", ""test""]","[""test"", ""ci""]",0.7692959308624268,"['8ee0611fbf0cd89abe7ae588f22e6ecb843598ea', 'e96487ad7ce90b141219d9032fa2bed68d5dae6a']",0.5,1.0,0.6666666666666666,False,0.2857142857142857,1024,False,2
"[""test"", ""refactor"", ""ci"", ""build"", ""docs"", ""feat"", ""fix""]","[""test"", ""refactor""]",1.1227257251739502,"['bedc7950b24c37809e36a585b7985d5aa5e3e458', '062daa45cbd5dba6e96e95d8cdcaee89ae30a83c']",0.2857142857142857,1.0,0.4444444444444445,False,0.7142857142857143,1024,False,2
"[""ci"", ""feat"", ""refactor""]","[""ci"", ""refactor""]",0.7195212841033936,"['74e9de5ec97dc013a52aa063dff0f40ac74c407b', '63eab619e6166eb6cab948028a7b89bf059dd878']",0.6666666666666666,1.0,0.8,False,0.14285714285714285,1024,False,2
"[""test""]","[""test"", ""docs""]",0.4496498107910156,"['317f4eefecddfb1392ca71d551840f446feee302', 'af880ac5b4fecbc6c4f3d1eee0d95f326e8bd9d1']",1.0,0.5,0.6666666666666666,False,0.14285714285714285,1024,False,2
"[""feat"", ""fix""]","[""feat"", ""fix""]",0.5397114753723145,"['dc5238b2bda98a7c4f2fe9584fc3b0191a408109', '9ef5c0d14193a9abb09b39856f58477d1f4b0d77']",1.0,1.0,1.0,True,0.0,1024,False,2
"[""build"", ""ci"", ""docs"", ""feat"", ""fix"", ""refactor"", ""test""]","[""build"", ""docs""]",1.0853307247161865,"['e4a11fd5c34942ba12737f1c8c084489428ee274', 'e12d9e77a6fd531a22325337838a841b1c67f00d']",0.2857142857142857,1.0,0.4444444444444445,False,0.7142857142857143,1024,False,2
"[""feat"", ""test"", ""docs"", ""ci"", ""build""]","[""feat"", ""refactor""]",0.922614574432373,"['6ed56ce9ae743ba9a87e6c9643cc06b1de7b748d', '63eab619e6166eb6cab948028a7b89bf059dd878']",0.2,0.5,0.28571428571428575,False,0.7142857142857143,1024,False,2
"[""ci"", ""feat"", ""docs""]","[""ci"", ""fix"", ""docs""]",0.65755295753479,"['dbb537a26e388a8d7d17faf131abc30c2f7a84e6', 'd129eaf9125a967ac86c6c7276bbae6b4d50af36', 'cb1f48b56ae0de93acb72e48726c7d610a1d538e']",0.6666666666666666,0.6666666666666666,0.6666666666666666,False,0.2857142857142857,1024,False,3
"[""refactor"", ""build""]","[""fix"", ""refactor"", ""feat""]",0.5842554569244385,"['933ab6bb86372913c992567cf9660009900911a7', '3cca5c314ad6feeffbfe1f14cf49ebd0fd9a95a2', '6ed56ce9ae743ba9a87e6c9643cc06b1de7b748d']",0.5,0.3333333333333333,0.4,False,0.42857142857142855,1024,False,3
"[""build"", ""ci"", ""refactor""]","[""build"", ""feat"", ""ci""]",0.7109224796295166,"['5b81fde8a72cf2e69a10e9f5c4f0bea0a2b8c3e0', 'e137f9fdbdb6bf3f85c3f7ac9323785e445844c8', '32845e1bbd1efb5dbc16f671049509a409ba25ce']",0.6666666666666666,0.6666666666666666,0.6666666666666666,False,0.2857142857142857,1024,False,3
"[""ci"", ""docs"", ""feat"", ""refactor"", ""test""]","[""ci"", ""docs"", ""feat""]",0.9613049030303955,"['45837af24a33308a70a3454f0f650f9fe728e272', '6d405dfc1675dcad64a2dfac0c0cb0fb28381d21', 'f823cf28652987d43c8324b4f5b203240032383a']",0.6,1.0,0.7499999999999999,False,0.2857142857142857,1024,False,3
"[""ci"", ""docs"", ""build""]","[""ci"", ""docs"", ""build""]",0.6356372833251953,"['6c9cb638cb4d1ecc42632fcf389c24898c5b3244', 'bf83c9155e9bee6925aa7102fab53fb803d52533', 'c323d59c607cabc91f17a78528d998f376f30b10']",1.0,1.0,1.0,True,0.0,1024,False,3
"[""test"", ""ci"", ""feat""]","[""test"", ""docs"", ""fix""]",0.6822810173034668,"['229b53a632ea97d47c4be11f096bdd828fb415d8', 'e12d9e77a6fd531a22325337838a841b1c67f00d', 'd129eaf9125a967ac86c6c7276bbae6b4d50af36']",0.3333333333333333,0.3333333333333333,0.3333333333333333,False,0.5714285714285714,1024,False,3
"[""feat"", ""fix"", ""refactor"", ""docs"", ""test"", ""ci"", ""build""]","[""feat"", ""docs"", ""refactor""]",1.160315752029419,"['68278b00450f2679761a2999500f6d87a579376b', 'c2ee5cd5e709afd15c5565ee009a0d204403a119', '535708ae50aecb452560a23356fd396f99ef13a2']",0.42857142857142855,1.0,0.6,False,0.5714285714285714,1024,False,3
"[""fix"", ""ci"", ""test""]","[""docs"", ""ci"", ""test""]",0.6706085205078125,"['0cfc5633d37ea06f645649138323f1820e18bdee', '6c9cb638cb4d1ecc42632fcf389c24898c5b3244', 'f411e58cd510f8a2b980b2f1932003a0c0e9f8f3']",0.6666666666666666,0.6666666666666666,0.6666666666666666,False,0.2857142857142857,1024,False,3
"[""build"", ""refactor""]","[""build"", ""fix"", ""refactor""]",0.5979163646697998,"['1269431c8a3e7549f10fcbbb4b88ff625c8898b3', '933ab6bb86372913c992567cf9660009900911a7', '36556bf8e0bce4ab6d26eafacbdad04d9614a5d7']",1.0,0.6666666666666666,0.8,False,0.14285714285714285,1024,False,3
"[""test"", ""refactor"", ""docs""]","[""test"", ""fix"", ""docs""]",0.6995491981506348,"['c7b25726df94a2530c9b1c0d2b6a0acaa103822f', '933ab6bb86372913c992567cf9660009900911a7', 'c2ee5cd5e709afd15c5565ee009a0d204403a119']",0.6666666666666666,0.6666666666666666,0.6666666666666666,False,0.2857142857142857,1024,False,3
"[""build"", ""refactor"", ""ci"", ""test"", ""docs"", ""feat"", ""fix""]","[""build"", ""refactor"", ""fix""]",1.099769115447998,"['32b92cfa0b74a6c25990e32ac6aab12b8496794c', '771857b1df9470ebc15357e8879118a72c649d5b', '06e2be4e2019b6fa714e1fcb34485860ef1ede79']",0.42857142857142855,1.0,0.6,False,0.5714285714285714,1024,False,3
"[""test"", ""ci""]","[""test"", ""docs"", ""build""]",0.5779199600219727,"['f411e58cd510f8a2b980b2f1932003a0c0e9f8f3', '036a0ff49a7dade0e04c9c07071a1ff49133ee24', 'c44cf88a6ec54e5ddd99d8348bcc57b301ec7945']",0.5,0.3333333333333333,0.4,False,0.42857142857142855,1024,False,3
"[""feat"", ""test"", ""build"", ""docs"", ""refactor"", ""ci""]","[""feat"", ""test"", ""refactor""]",1.0246081352233887,"['6ed56ce9ae743ba9a87e6c9643cc06b1de7b748d', 'c7b25726df94a2530c9b1c0d2b6a0acaa103822f', '535708ae50aecb452560a23356fd396f99ef13a2']",0.5,1.0,0.6666666666666666,False,0.42857142857142855,1024,False,3
"[""feat"", ""docs"", ""test"", ""ci"", ""build""]","[""docs"", ""feat"", ""fix""]",0.8923437595367432,"['6d405dfc1675dcad64a2dfac0c0cb0fb28381d21', 'ded26d768ff432ad3bde3c0aa1e95ce50726100a', 'd129eaf9125a967ac86c6c7276bbae6b4d50af36']",0.4,0.6666666666666666,0.5,False,0.5714285714285714,1024,False,3
"[""ci"", ""docs"", ""refactor""]","[""ci"", ""docs"", ""fix""]",0.7236101627349854,"['e7a67d88173566be3cd3aed7e9eeb7e29aabbc57', 'c2ee5cd5e709afd15c5565ee009a0d204403a119', 'bed78248c941d57ad4cc20a455147e186e97c7a1']",0.6666666666666666,0.6666666666666666,0.6666666666666666,False,0.2857142857142857,1024,False,3
"[""ci"", ""docs"", ""feat""]","[""ci"", ""docs"", ""fix""]",0.687222957611084,"['74e9de5ec97dc013a52aa063dff0f40ac74c407b', 'aca23027da1295c78fdf42ba9687d8ccc88784d7', 'd129eaf9125a967ac86c6c7276bbae6b4d50af36']",0.6666666666666666,0.6666666666666666,0.6666666666666666,False,0.2857142857142857,1024,False,3
"[""build"", ""test"", ""refactor""]","[""test"", ""fix"", ""build""]",0.7170529365539551,"['c7b25726df94a2530c9b1c0d2b6a0acaa103822f', 'bed78248c941d57ad4cc20a455147e186e97c7a1', 'c55591ba157298a9c5816693c102a89dfd058830']",0.6666666666666666,0.6666666666666666,0.6666666666666666,False,0.2857142857142857,1024,False,3
"[""ci"", ""docs"", ""refactor""]","[""docs"", ""ci"", ""fix""]",0.716829776763916,"['a52a585d74894b3b4eeb8c784fa089ff95cddad0', 'e7a67d88173566be3cd3aed7e9eeb7e29aabbc57', 'bed78248c941d57ad4cc20a455147e186e97c7a1']",0.6666666666666666,0.6666666666666666,0.6666666666666666,False,0.2857142857142857,1024,False,3
"[""build"", ""ci"", ""test""]","[""build"", ""ci"", ""test""]",0.6492345333099365,"['f00a4d3e307b89842250358ee432e6800bb24362', '6c9cb638cb4d1ecc42632fcf389c24898c5b3244', 'c7b25726df94a2530c9b1c0d2b6a0acaa103822f']",1.0,1.0,1.0,True,0.0,1024,False,3
"[""feat"", ""fix"", ""refactor"", ""docs"", ""test"", ""ci"", ""build""]","[""refactor"", ""feat"", ""fix""]",1.1172747611999512,"['2954a0955ce9af6acb345ed1e8328e145ad30475', 'dc5238b2bda98a7c4f2fe9584fc3b0191a408109', '9ef5c0d14193a9abb09b39856f58477d1f4b0d77']",0.42857142857142855,1.0,0.6,False,0.5714285714285714,1024,False,3
"[""ci"", ""test"", ""refactor""]","[""ci"", ""test"", ""fix""]",0.7116692066192627,"['4cbbd2552ba0de273e1dfe7d453c5b3efed751a3', 'f411e58cd510f8a2b980b2f1932003a0c0e9f8f3', '06e2be4e2019b6fa714e1fcb34485860ef1ede79']",0.6666666666666666,0.6666666666666666,0.6666666666666666,False,0.2857142857142857,1024,False,3
"[""feat"", ""ci"", ""build"", ""test""]","[""feat"", ""refactor"", ""build""]",0.7902288436889648,"['b282e90e2cbb74559aab79eee8443a4d7c85502a', '1db13ec43727aca872a0f3836e4023ed85db665e', '37b1cbfd3d2c462ef4f2a131e4172c38dc8d9ddf']",0.5,0.6666666666666666,0.5714285714285715,False,0.42857142857142855,1024,False,3
"[""feat"", ""ci"", ""refactor""]","[""fix"", ""feat"", ""ci""]",0.7229974269866943,"['d129eaf9125a967ac86c6c7276bbae6b4d50af36', 'fd8e563cc19ca4684885d4692acee6bebcca4ada', '173553c0372e66e03bdab19e0e6c2dd44daa14a0']",0.6666666666666666,0.6666666666666666,0.6666666666666666,False,0.2857142857142857,1024,False,3
"[""feat"", ""docs"", ""test""]","[""docs"", ""refactor"", ""test""]",0.688091516494751,"['036a0ff49a7dade0e04c9c07071a1ff49133ee24', '63eab619e6166eb6cab948028a7b89bf059dd878', '229b53a632ea97d47c4be11f096bdd828fb415d8']",0.6666666666666666,0.6666666666666666,0.6666666666666666,False,0.2857142857142857,1024,False,3
"[""test"", ""ci"", ""refactor""]","[""test"", ""ci"", ""feat""]",0.7225935459136963,"['c7b25726df94a2530c9b1c0d2b6a0acaa103822f', '32845e1bbd1efb5dbc16f671049509a409ba25ce', 'b282e90e2cbb74559aab79eee8443a4d7c85502a']",0.6666666666666666,0.6666666666666666,0.6666666666666666,False,0.2857142857142857,1024,False,3
"[""feat"", ""build"", ""refactor""]","[""feat"", ""build"", ""refactor""]",0.6849246025085449,"['f9a094918b62534614c47aa8a13f33aec751a1e0', '5b81fde8a72cf2e69a10e9f5c4f0bea0a2b8c3e0', '36556bf8e0bce4ab6d26eafacbdad04d9614a5d7']",1.0,1.0,1.0,True,0.0,1024,False,3
"[""feat"", ""refactor"", ""ci"", ""build""]","[""feat"", ""build"", ""docs""]",0.7911016941070557,"['e137f9fdbdb6bf3f85c3f7ac9323785e445844c8', '37b1cbfd3d2c462ef4f2a131e4172c38dc8d9ddf', 'e12d9e77a6fd531a22325337838a841b1c67f00d']",0.5,0.6666666666666666,0.5714285714285715,False,0.42857142857142855,1024,False,3
"[""build"", ""ci"", ""refactor""]","[""build"", ""refactor"", ""ci""]",0.6895813941955566,"['f00a4d3e307b89842250358ee432e6800bb24362', '36556bf8e0bce4ab6d26eafacbdad04d9614a5d7', '4cbbd2552ba0de273e1dfe7d453c5b3efed751a3']",1.0,1.0,1.0,True,0.0,1024,False,3
"[""docs"", ""ci"", ""build""]","[""docs"", ""ci"", ""build""]",0.6584033966064453,"['cb1f48b56ae0de93acb72e48726c7d610a1d538e', 'e96487ad7ce90b141219d9032fa2bed68d5dae6a', '454003841aabeb74396d73541378bfa59c75b5db']",1.0,1.0,1.0,True,0.0,1024,False,3
"[""feat"", ""test"", ""build"", ""refactor""]","[""fix"", ""test"", ""build""]",0.8072082996368408,"['d129eaf9125a967ac86c6c7276bbae6b4d50af36', 'e2e8ad25854bd1e7cdbc7f50b50bbd99e04ad47d', '1269431c8a3e7549f10fcbbb4b88ff625c8898b3']",0.5,0.6666666666666666,0.5714285714285715,False,0.42857142857142855,1024,False,3
"[""feat"", ""docs"", ""refactor"", ""ci"", ""build"", ""test""]","[""refactor"", ""docs"", ""feat""]",0.9669520854949951,"['2954a0955ce9af6acb345ed1e8328e145ad30475', 'a52a585d74894b3b4eeb8c784fa089ff95cddad0', 'b282e90e2cbb74559aab79eee8443a4d7c85502a']",0.5,1.0,0.6666666666666666,False,0.42857142857142855,1024,False,3
"[""docs"", ""test"", ""build""]","[""docs"", ""refactor"", ""test""]",0.6930897235870361,"['0cfc5633d37ea06f645649138323f1820e18bdee', '1db13ec43727aca872a0f3836e4023ed85db665e', 'bedc7950b24c37809e36a585b7985d5aa5e3e458']",0.6666666666666666,0.6666666666666666,0.6666666666666666,False,0.2857142857142857,1024,False,3
"[""fix"", ""docs"", ""test""]","[""fix"", ""docs"", ""test""]",0.5938990116119385,"['933ab6bb86372913c992567cf9660009900911a7', '0cfc5633d37ea06f645649138323f1820e18bdee', 'c7b25726df94a2530c9b1c0d2b6a0acaa103822f']",1.0,1.0,1.0,True,0.0,1024,False,3
"[""refactor"", ""ci"", ""test""]","[""refactor"", ""ci"", ""test""]",0.6903941631317139,"['36556bf8e0bce4ab6d26eafacbdad04d9614a5d7', '6c9cb638cb4d1ecc42632fcf389c24898c5b3244', '229b53a632ea97d47c4be11f096bdd828fb415d8']",1.0,1.0,1.0,True,0.0,1024,False,3
"[""ci"", ""test"", ""docs""]","[""ci"", ""test"", ""docs""]",0.7125411033630371,"['c5fa7b80438fbd74f4c341f0d3c9bd9e0f4910da', '229b53a632ea97d47c4be11f096bdd828fb415d8', 'aca23027da1295c78fdf42ba9687d8ccc88784d7']",1.0,1.0,1.0,True,0.0,1024,False,3
"[""feat"", ""fix"", ""refactor"", ""docs"", ""test"", ""ci"", ""build""]","[""feat"", ""docs"", ""fix""]",1.1680614948272705,"['f823cf28652987d43c8324b4f5b203240032383a', '0cfc5633d37ea06f645649138323f1820e18bdee', '9ef5c0d14193a9abb09b39856f58477d1f4b0d77']",0.42857142857142855,1.0,0.6,False,0.5714285714285714,1024,False,3
"[""test"", ""build""]","[""test"", ""fix"", ""build""]",0.583132266998291,"['317f4eefecddfb1392ca71d551840f446feee302', '06e2be4e2019b6fa714e1fcb34485860ef1ede79', 'c55591ba157298a9c5816693c102a89dfd058830']",1.0,0.6666666666666666,0.8,False,0.14285714285714285,1024,False,3
"[""feat"", ""docs"", ""refactor""]","[""feat"", ""docs"", ""refactor""]",0.6857376098632812,"['e137f9fdbdb6bf3f85c3f7ac9323785e445844c8', 'bf83c9155e9bee6925aa7102fab53fb803d52533', '36556bf8e0bce4ab6d26eafacbdad04d9614a5d7']",1.0,1.0,1.0,True,0.0,1024,False,3
"[""feat"", ""ci"", ""build""]","[""fix"", ""ci"", ""build""]",0.668914794921875,"['d129eaf9125a967ac86c6c7276bbae6b4d50af36', '6c9cb638cb4d1ecc42632fcf389c24898c5b3244', 'c44cf88a6ec54e5ddd99d8348bcc57b301ec7945']",0.6666666666666666,0.6666666666666666,0.6666666666666666,False,0.2857142857142857,1024,False,3
"[""feat"", ""refactor"", ""docs""]","[""fix"", ""refactor"", ""docs""]",0.685997724533081,"['2561f4ade46fc9d59f289f328cc77733a6443697', '2954a0955ce9af6acb345ed1e8328e145ad30475', 'a52a585d74894b3b4eeb8c784fa089ff95cddad0']",0.6666666666666666,0.6666666666666666,0.6666666666666666,False,0.2857142857142857,1024,False,3
"[""build"", ""refactor""]","[""build"", ""feat"", ""fix""]",0.5812561511993408,"['c55591ba157298a9c5816693c102a89dfd058830', 'dc5238b2bda98a7c4f2fe9584fc3b0191a408109', '9be725fa3906323d4bc9788f54eccf74109d632b']",0.5,0.3333333333333333,0.4,False,0.42857142857142855,1024,False,3
"[""test"", ""refactor"", ""ci"", ""build"", ""feat"", ""fix"", ""docs""]","[""test"", ""refactor"", ""feat""]",1.159271240234375,"['229b53a632ea97d47c4be11f096bdd828fb415d8', '36556bf8e0bce4ab6d26eafacbdad04d9614a5d7', 'ded26d768ff432ad3bde3c0aa1e95ce50726100a']",0.42857142857142855,1.0,0.6,False,0.5714285714285714,1024,False,3
"[""test"", ""ci"", ""build""]","[""test"", ""build"", ""ci""]",0.7299313545227051,"['e0198f74b81da3663144cfe1d971939319f82a0f', 'c55591ba157298a9c5816693c102a89dfd058830', 'e7a67d88173566be3cd3aed7e9eeb7e29aabbc57']",1.0,1.0,1.0,True,0.0,1024,False,3
"[""test"", ""refactor"", ""docs""]","[""test"", ""fix"", ""docs""]",0.7163646221160889,"['bedc7950b24c37809e36a585b7985d5aa5e3e458', '933ab6bb86372913c992567cf9660009900911a7', '6d405dfc1675dcad64a2dfac0c0cb0fb28381d21']",0.6666666666666666,0.6666666666666666,0.6666666666666666,False,0.2857142857142857,1024,False,3
"[""feat"", ""test"", ""refactor"", ""ci"", ""build""]","[""fix"", ""build"", ""test""]",0.901726484298706,"['d129eaf9125a967ac86c6c7276bbae6b4d50af36', '32b92cfa0b74a6c25990e32ac6aab12b8496794c', '317f4eefecddfb1392ca71d551840f446feee302']",0.4,0.6666666666666666,0.5,False,0.5714285714285714,1024,False,3
"[""feat"", ""ci"", ""refactor""]","[""feat"", ""fix"", ""ci""]",0.7118821144104004,"['f823cf28652987d43c8324b4f5b203240032383a', '9be725fa3906323d4bc9788f54eccf74109d632b', '32845e1bbd1efb5dbc16f671049509a409ba25ce']",0.6666666666666666,0.6666666666666666,0.6666666666666666,False,0.2857142857142857,1024,False,3
"[""ci"", ""build"", ""refactor"", ""test"", ""docs""]","[""fix"", ""docs"", ""build""]",0.9237024784088135,"['9ef5c0d14193a9abb09b39856f58477d1f4b0d77', 'a52a585d74894b3b4eeb8c784fa089ff95cddad0', '37b1cbfd3d2c462ef4f2a131e4172c38dc8d9ddf']",0.4,0.6666666666666666,0.5,False,0.5714285714285714,1024,False,3
"[""feat"", ""ci"", ""test"", ""docs""]","[""fix"", ""ci"", ""docs""]",0.7874250411987305,"['87d5d4e55ab7149b593d29410f1fe426ba2447d4', '4cbbd2552ba0de273e1dfe7d453c5b3efed751a3', '6d405dfc1675dcad64a2dfac0c0cb0fb28381d21']",0.5,0.6666666666666666,0.5714285714285715,False,0.42857142857142855,1024,False,3
"[""refactor"", ""docs""]","[""feat"", ""docs"", ""fix""]",0.6170623302459717,"['fd8e563cc19ca4684885d4692acee6bebcca4ada', 'cb1f48b56ae0de93acb72e48726c7d610a1d538e', 'bed78248c941d57ad4cc20a455147e186e97c7a1']",0.5,0.3333333333333333,0.4,False,0.42857142857142855,1024,False,3
"[""refactor"", ""build""]","[""feat"", ""fix"", ""refactor""]",0.6160984039306641,"['1bcf88670b50155b50071e707f98f30cea0b7a24', '9ef5c0d14193a9abb09b39856f58477d1f4b0d77', '062daa45cbd5dba6e96e95d8cdcaee89ae30a83c']",0.5,0.3333333333333333,0.4,False,0.42857142857142855,1024,False,3
"[""refactor"", ""docs"", ""build"", ""test""]","[""fix"", ""docs"", ""test""]",0.8267686367034912,"['bed78248c941d57ad4cc20a455147e186e97c7a1', 'a52a585d74894b3b4eeb8c784fa089ff95cddad0', 'e9617f0854030e70365eb264bcb3b58078e79e9e']",0.5,0.6666666666666666,0.5714285714285715,False,0.42857142857142855,1024,False,3
"[""docs"", ""ci"", ""refactor""]","[""docs"", ""ci"", ""feat""]",0.6496918201446533,"['c2ee5cd5e709afd15c5565ee009a0d204403a119', 'dbb537a26e388a8d7d17faf131abc30c2f7a84e6', 'ded26d768ff432ad3bde3c0aa1e95ce50726100a']",0.6666666666666666,0.6666666666666666,0.6666666666666666,False,0.2857142857142857,1024,False,3
"[""build"", ""ci"", ""refactor""]","[""build"", ""ci"", ""refactor""]",0.6804919242858887,"['454003841aabeb74396d73541378bfa59c75b5db', 'dbb537a26e388a8d7d17faf131abc30c2f7a84e6', '062daa45cbd5dba6e96e95d8cdcaee89ae30a83c']",1.0,1.0,1.0,True,0.0,1024,False,3
"[""feat"", ""test"", ""refactor"", ""ci"", ""build""]","[""feat"", ""fix"", ""test""]",0.9215164184570312,"['fd8e563cc19ca4684885d4692acee6bebcca4ada', 'd1d55e787b7d07f763852602b9939a5394607fd9', 'b7ce2894fd1794064bd6db4ed730bb6cb7728739']",0.4,0.6666666666666666,0.5,False,0.5714285714285714,1024,False,3
"[""docs"", ""build""]","[""docs"", ""test"", ""build""]",0.5799269676208496,"['bf83c9155e9bee6925aa7102fab53fb803d52533', 'b7ce2894fd1794064bd6db4ed730bb6cb7728739', '37b1cbfd3d2c462ef4f2a131e4172c38dc8d9ddf']",1.0,0.6666666666666666,0.8,False,0.14285714285714285,1024,False,3
"[""feat"", ""ci"", ""test""]","[""fix"", ""ci"", ""test""]",0.687816858291626,"['d129eaf9125a967ac86c6c7276bbae6b4d50af36', 'e7a67d88173566be3cd3aed7e9eeb7e29aabbc57', '317f4eefecddfb1392ca71d551840f446feee302']",0.6666666666666666,0.6666666666666666,0.6666666666666666,False,0.2857142857142857,1024,False,3
"[""docs"", ""build""]","[""docs"", ""fix"", ""ci""]",0.566636323928833,"['c2ee5cd5e709afd15c5565ee009a0d204403a119', 'd1d55e787b7d07f763852602b9939a5394607fd9', '6c9cb638cb4d1ecc42632fcf389c24898c5b3244']",0.5,0.3333333333333333,0.4,False,0.42857142857142855,1024,False,3
"[""ci"", ""refactor""]","[""ci"", ""fix"", ""docs""]",0.562396764755249,"['dbb537a26e388a8d7d17faf131abc30c2f7a84e6', 'c8e0ae8612df3d6f2831acc004aaac332f6105e4', 'e12d9e77a6fd531a22325337838a841b1c67f00d']",0.5,0.3333333333333333,0.4,False,0.42857142857142855,1024,False,3
"[""build"", ""docs"", ""feat"", ""refactor""]","[""build"", ""docs"", ""refactor""]",0.7898180484771729,"['c55591ba157298a9c5816693c102a89dfd058830', 'c2ee5cd5e709afd15c5565ee009a0d204403a119', 'a62314d9bb632be6af026686615d14b912250512']",0.75,1.0,0.8571428571428571,False,0.14285714285714285,1024,False,3
"[""refactor"", ""build"", ""ci"", ""test"", ""docs"", ""feat"", ""fix""]","[""fix"", ""build"", ""refactor""]",1.0909936428070068,"['d1d55e787b7d07f763852602b9939a5394607fd9', '32b92cfa0b74a6c25990e32ac6aab12b8496794c', '062daa45cbd5dba6e96e95d8cdcaee89ae30a83c']",0.42857142857142855,1.0,0.6,False,0.5714285714285714,1024,False,3
"[""test"", ""ci"", ""refactor""]","[""test"", ""docs"", ""build""]",0.6987612247467041,"['f411e58cd510f8a2b980b2f1932003a0c0e9f8f3', 'af880ac5b4fecbc6c4f3d1eee0d95f326e8bd9d1', '1269431c8a3e7549f10fcbbb4b88ff625c8898b3']",0.3333333333333333,0.3333333333333333,0.3333333333333333,False,0.5714285714285714,1024,False,3
"[""feat"", ""test""]","[""feat"", ""fix"", ""test""]",0.5839436054229736,"['f9a094918b62534614c47aa8a13f33aec751a1e0', '87d5d4e55ab7149b593d29410f1fe426ba2447d4', '317f4eefecddfb1392ca71d551840f446feee302']",1.0,0.6666666666666666,0.8,False,0.14285714285714285,1024,False,3
"[""test"", ""feat""]","[""test"", ""fix"", ""feat""]",0.5537121295928955,"['229b53a632ea97d47c4be11f096bdd828fb415d8', 'c8e0ae8612df3d6f2831acc004aaac332f6105e4', 'f823cf28652987d43c8324b4f5b203240032383a']",1.0,0.6666666666666666,0.8,False,0.14285714285714285,1024,False,3
"[""feat"", ""refactor"", ""test""]","[""feat"", ""fix"", ""docs""]",0.665170431137085,"['dc5238b2bda98a7c4f2fe9584fc3b0191a408109', '06e2be4e2019b6fa714e1fcb34485860ef1ede79', 'af880ac5b4fecbc6c4f3d1eee0d95f326e8bd9d1']",0.3333333333333333,0.3333333333333333,0.3333333333333333,False,0.5714285714285714,1024,False,3
"[""ci"", ""test"", ""refactor""]","[""ci"", ""docs"", ""test""]",0.7040035724639893,"['173553c0372e66e03bdab19e0e6c2dd44daa14a0', 'e12d9e77a6fd531a22325337838a841b1c67f00d', 'c7b25726df94a2530c9b1c0d2b6a0acaa103822f']",0.6666666666666666,0.6666666666666666,0.6666666666666666,False,0.2857142857142857,1024,False,3
"[""ci"", ""refactor""]","[""ci"", ""fix"", ""docs""]",0.5838613510131836,"['dbb537a26e388a8d7d17faf131abc30c2f7a84e6', '2561f4ade46fc9d59f289f328cc77733a6443697', 'e12d9e77a6fd531a22325337838a841b1c67f00d']",0.5,0.3333333333333333,0.4,False,0.42857142857142855,1024,False,3
"[""feat"", ""refactor"", ""test""]","[""feat"", ""fix"", ""test""]",0.7478463649749756,"['f823cf28652987d43c8324b4f5b203240032383a', '9ef5c0d14193a9abb09b39856f58477d1f4b0d77', '229b53a632ea97d47c4be11f096bdd828fb415d8']",0.6666666666666666,0.6666666666666666,0.6666666666666666,False,0.2857142857142857,1024,False,3
"[""feat"", ""ci"", ""refactor""]","[""docs"", ""ci"", ""feat""]",0.7525043487548828,"['6d405dfc1675dcad64a2dfac0c0cb0fb28381d21', '173553c0372e66e03bdab19e0e6c2dd44daa14a0', 'b282e90e2cbb74559aab79eee8443a4d7c85502a']",0.6666666666666666,0.6666666666666666,0.6666666666666666,False,0.2857142857142857,1024,False,3
"[""ci"", ""refactor""]","[""ci"", ""docs"", ""build""]",0.6103029251098633,"['c5fa7b80438fbd74f4c341f0d3c9bd9e0f4910da', '036a0ff49a7dade0e04c9c07071a1ff49133ee24', 'c44cf88a6ec54e5ddd99d8348bcc57b301ec7945']",0.5,0.3333333333333333,0.4,False,0.42857142857142855,1024,False,3
"[""ci"", ""build"", ""refactor""]","[""ci"", ""feat"", ""build""]",0.7522926330566406,"['32845e1bbd1efb5dbc16f671049509a409ba25ce', 'b282e90e2cbb74559aab79eee8443a4d7c85502a', '37b1cbfd3d2c462ef4f2a131e4172c38dc8d9ddf']",0.6666666666666666,0.6666666666666666,0.6666666666666666,False,0.2857142857142857,1024,False,3
"[""test"", ""build"", ""feat""]","[""test"", ""build"", ""fix"", ""feat""]",0.6886775493621826,"['e0198f74b81da3663144cfe1d971939319f82a0f', 'f00a4d3e307b89842250358ee432e6800bb24362', 'd129eaf9125a967ac86c6c7276bbae6b4d50af36', 'dc5238b2bda98a7c4f2fe9584fc3b0191a408109']",1.0,0.75,0.8571428571428571,False,0.14285714285714285,1024,False,4
"[""ci"", ""refactor"", ""test"", ""build""]","[""ci"", ""build"", ""test"", ""docs""]",0.8169820308685303,"['c5fa7b80438fbd74f4c341f0d3c9bd9e0f4910da', '1269431c8a3e7549f10fcbbb4b88ff625c8898b3', 'e2e8ad25854bd1e7cdbc7f50b50bbd99e04ad47d', '036a0ff49a7dade0e04c9c07071a1ff49133ee24']",0.75,0.75,0.75,False,0.2857142857142857,1024,False,4
"[""feat"", ""docs"", ""test""]","[""refactor"", ""feat"", ""docs"", ""test""]",0.6576642990112305,"['3cca5c314ad6feeffbfe1f14cf49ebd0fd9a95a2', 'dc5238b2bda98a7c4f2fe9584fc3b0191a408109', 'aca23027da1295c78fdf42ba9687d8ccc88784d7', '229b53a632ea97d47c4be11f096bdd828fb415d8']",1.0,0.75,0.8571428571428571,False,0.14285714285714285,1024,False,4
"[""feat"", ""test"", ""build"", ""refactor"", ""docs""]","[""fix"", ""test"", ""build"", ""refactor""]",0.9447298049926758,"['d1d55e787b7d07f763852602b9939a5394607fd9', 'bedc7950b24c37809e36a585b7985d5aa5e3e458', 'c55591ba157298a9c5816693c102a89dfd058830', '535708ae50aecb452560a23356fd396f99ef13a2']",0.6,0.75,0.6666666666666665,False,0.42857142857142855,1024,False,4
"[""feat"", ""ci"", ""docs"", ""build"", ""test""]","[""docs"", ""build"", ""ci"", ""feat""]",0.8928449153900146,"['a52a585d74894b3b4eeb8c784fa089ff95cddad0', '1269431c8a3e7549f10fcbbb4b88ff625c8898b3', '45837af24a33308a70a3454f0f650f9fe728e272', 'e137f9fdbdb6bf3f85c3f7ac9323785e445844c8']",0.8,1.0,0.888888888888889,False,0.14285714285714285,1024,False,4
"[""ci"", ""test"", ""docs"", ""refactor""]","[""test"", ""fix"", ""refactor"", ""ci""]",0.7900018692016602,"['e9617f0854030e70365eb264bcb3b58078e79e9e', 'bed78248c941d57ad4cc20a455147e186e97c7a1', '535708ae50aecb452560a23356fd396f99ef13a2', 'c5fa7b80438fbd74f4c341f0d3c9bd9e0f4910da']",0.75,0.75,0.75,False,0.2857142857142857,1024,False,4
"[""ci"", ""refactor"", ""build"", ""docs"", ""test""]","[""ci"", ""fix"", ""feat"", ""refactor""]",0.9264659881591797,"['e7a67d88173566be3cd3aed7e9eeb7e29aabbc57', 'bed78248c941d57ad4cc20a455147e186e97c7a1', 'f823cf28652987d43c8324b4f5b203240032383a', '2954a0955ce9af6acb345ed1e8328e145ad30475']",0.4,0.5,0.4444444444444445,False,0.7142857142857143,1024,False,4
"[""docs"", ""ci"", ""test"", ""refactor""]","[""docs"", ""ci"", ""test"", ""refactor""]",0.8565878868103027,"['aca23027da1295c78fdf42ba9687d8ccc88784d7', '74e9de5ec97dc013a52aa063dff0f40ac74c407b', '317f4eefecddfb1392ca71d551840f446feee302', '3cca5c314ad6feeffbfe1f14cf49ebd0fd9a95a2']",1.0,1.0,1.0,True,0.0,1024,False,4
"[""refactor"", ""ci"", ""docs""]","[""fix"", ""feat"", ""build"", ""docs""]",0.7096149921417236,"['9be725fa3906323d4bc9788f54eccf74109d632b', 'e137f9fdbdb6bf3f85c3f7ac9323785e445844c8', 'c323d59c607cabc91f17a78528d998f376f30b10', '0cfc5633d37ea06f645649138323f1820e18bdee']",0.3333333333333333,0.25,0.28571428571428575,False,0.7142857142857143,1024,False,4
"[""docs"", ""fix"", ""test"", ""ci"", ""build""]","[""docs"", ""feat"", ""test"", ""fix""]",0.9248600006103516,"['0cfc5633d37ea06f645649138323f1820e18bdee', '1bcf88670b50155b50071e707f98f30cea0b7a24', '229b53a632ea97d47c4be11f096bdd828fb415d8', '87d5d4e55ab7149b593d29410f1fe426ba2447d4']",0.6,0.75,0.6666666666666665,False,0.42857142857142855,1024,False,4
"[""build"", ""ci"", ""test""]","[""build"", ""refactor"", ""test"", ""ci""]",0.6802489757537842,"['c55591ba157298a9c5816693c102a89dfd058830', '062daa45cbd5dba6e96e95d8cdcaee89ae30a83c', 'c7b25726df94a2530c9b1c0d2b6a0acaa103822f', 'dbb537a26e388a8d7d17faf131abc30c2f7a84e6']",1.0,0.75,0.8571428571428571,False,0.14285714285714285,1024,False,4
"[""feat"", ""fix"", ""refactor"", ""test"", ""ci"", ""build"", ""docs""]","[""feat"", ""fix"", ""test"", ""refactor""]",1.1016242504119873,"['dc5238b2bda98a7c4f2fe9584fc3b0191a408109', 'c8e0ae8612df3d6f2831acc004aaac332f6105e4', 'f411e58cd510f8a2b980b2f1932003a0c0e9f8f3', '47ef9104e4a89e80d7cc6c1950bc080841da4a7b']",0.5714285714285714,1.0,0.7272727272727273,False,0.42857142857142855,1024,False,4
"[""feat"", ""docs"", ""ci"", ""test""]","[""refactor"", ""docs"", ""test"", ""ci""]",0.7982347011566162,"['63eab619e6166eb6cab948028a7b89bf059dd878', 'aca23027da1295c78fdf42ba9687d8ccc88784d7', 'f411e58cd510f8a2b980b2f1932003a0c0e9f8f3', 'e7a67d88173566be3cd3aed7e9eeb7e29aabbc57']",0.75,0.75,0.75,False,0.2857142857142857,1024,False,4
"[""docs"", ""refactor"", ""test"", ""build""]","[""docs"", ""refactor"", ""test"", ""fix""]",0.8517985343933105,"['aca23027da1295c78fdf42ba9687d8ccc88784d7', '062daa45cbd5dba6e96e95d8cdcaee89ae30a83c', 'b7ce2894fd1794064bd6db4ed730bb6cb7728739', '06e2be4e2019b6fa714e1fcb34485860ef1ede79']",0.75,0.75,0.75,False,0.2857142857142857,1024,False,4
"[""test"", ""ci"", ""docs""]","[""test"", ""docs"", ""build"", ""ci""]",0.7281322479248047,"['317f4eefecddfb1392ca71d551840f446feee302', 'aca23027da1295c78fdf42ba9687d8ccc88784d7', 'f00a4d3e307b89842250358ee432e6800bb24362', '32845e1bbd1efb5dbc16f671049509a409ba25ce']",1.0,0.75,0.8571428571428571,False,0.14285714285714285,1024,False,4
"[""test"", ""refactor"", ""ci"", ""build"", ""docs"", ""feat"", ""fix""]","[""fix"", ""refactor"", ""docs"", ""test""]",1.1379945278167725,"['933ab6bb86372913c992567cf9660009900911a7', '3cca5c314ad6feeffbfe1f14cf49ebd0fd9a95a2', 'a52a585d74894b3b4eeb8c784fa089ff95cddad0', '229b53a632ea97d47c4be11f096bdd828fb415d8']",0.5714285714285714,1.0,0.7272727272727273,False,0.42857142857142855,1024,False,4
"[""feat"", ""ci"", ""docs"", ""build""]","[""refactor"", ""ci"", ""docs"", ""build""]",0.7327456474304199,"['63eab619e6166eb6cab948028a7b89bf059dd878', '6c9cb638cb4d1ecc42632fcf389c24898c5b3244', 'a52a585d74894b3b4eeb8c784fa089ff95cddad0', 'c55591ba157298a9c5816693c102a89dfd058830']",0.75,0.75,0.75,False,0.2857142857142857,1024,False,4
"[""ci"", ""build"", ""test"", ""docs"", ""feat"", ""fix"", ""refactor""]","[""ci"", ""build"", ""test"", ""fix""]",1.1624691486358643,"['173553c0372e66e03bdab19e0e6c2dd44daa14a0', 'c55591ba157298a9c5816693c102a89dfd058830', '8ee0611fbf0cd89abe7ae588f22e6ecb843598ea', '87d5d4e55ab7149b593d29410f1fe426ba2447d4']",0.5714285714285714,1.0,0.7272727272727273,False,0.42857142857142855,1024,False,4
"[""ci"", ""build"", ""refactor""]","[""ci"", ""build"", ""feat"", ""fix""]",0.7174146175384521,"['32845e1bbd1efb5dbc16f671049509a409ba25ce', '32b92cfa0b74a6c25990e32ac6aab12b8496794c', 'fd8e563cc19ca4684885d4692acee6bebcca4ada', '933ab6bb86372913c992567cf9660009900911a7']",0.6666666666666666,0.5,0.5714285714285715,False,0.42857142857142855,1024,False,4
"[""test"", ""ci""]","[""test"", ""build"", ""fix"", ""feat""]",0.5845861434936523,"['317f4eefecddfb1392ca71d551840f446feee302', '454003841aabeb74396d73541378bfa59c75b5db', '933ab6bb86372913c992567cf9660009900911a7', '6ed56ce9ae743ba9a87e6c9643cc06b1de7b748d']",0.5,0.25,0.3333333333333333,False,0.5714285714285714,1024,False,4
"[""feat"", ""fix"", ""refactor"", ""docs"", ""test"", ""ci"", ""build""]","[""fix"", ""docs"", ""test"", ""refactor""]",1.1258065700531006,"['d1d55e787b7d07f763852602b9939a5394607fd9', '6d405dfc1675dcad64a2dfac0c0cb0fb28381d21', 'e0198f74b81da3663144cfe1d971939319f82a0f', '36556bf8e0bce4ab6d26eafacbdad04d9614a5d7']",0.5714285714285714,1.0,0.7272727272727273,False,0.42857142857142855,1024,False,4
"[""ci"", ""docs"", ""refactor""]","[""ci"", ""docs"", ""build"", ""feat""]",0.7486493587493896,"['e7a67d88173566be3cd3aed7e9eeb7e29aabbc57', '6d405dfc1675dcad64a2dfac0c0cb0fb28381d21', 'c44cf88a6ec54e5ddd99d8348bcc57b301ec7945', 'f9a094918b62534614c47aa8a13f33aec751a1e0']",0.6666666666666666,0.5,0.5714285714285715,False,0.42857142857142855,1024,False,4
"[""feat"", ""test"", ""refactor"", ""docs"", ""ci"", ""build""]","[""fix"", ""test"", ""feat"", ""docs""]",1.0620806217193604,"['2561f4ade46fc9d59f289f328cc77733a6443697', 'e0198f74b81da3663144cfe1d971939319f82a0f', '1bcf88670b50155b50071e707f98f30cea0b7a24', '6d405dfc1675dcad64a2dfac0c0cb0fb28381d21']",0.5,0.75,0.6,False,0.5714285714285714,1024,False,4
"[""ci"", ""refactor"", ""test""]","[""ci"", ""fix"", ""test"", ""docs""]",0.7111015319824219,"['4cbbd2552ba0de273e1dfe7d453c5b3efed751a3', '933ab6bb86372913c992567cf9660009900911a7', 'b7ce2894fd1794064bd6db4ed730bb6cb7728739', 'af880ac5b4fecbc6c4f3d1eee0d95f326e8bd9d1']",0.6666666666666666,0.5,0.5714285714285715,False,0.42857142857142855,1024,False,4
"[""feat"", ""ci"", ""refactor"", ""build"", ""test"", ""docs""]","[""feat"", ""ci"", ""refactor"", ""fix""]",1.0474793910980225,"['f823cf28652987d43c8324b4f5b203240032383a', '45837af24a33308a70a3454f0f650f9fe728e272', '36556bf8e0bce4ab6d26eafacbdad04d9614a5d7', 'bed78248c941d57ad4cc20a455147e186e97c7a1']",0.5,0.75,0.6,False,0.5714285714285714,1024,False,4
"[""feat"", ""refactor"", ""docs"", ""ci"", ""build""]","[""refactor"", ""feat"", ""docs"", ""build""]",0.9458720684051514,"['63eab619e6166eb6cab948028a7b89bf059dd878', 'e137f9fdbdb6bf3f85c3f7ac9323785e445844c8', 'a52a585d74894b3b4eeb8c784fa089ff95cddad0', 'f00a4d3e307b89842250358ee432e6800bb24362']",0.8,1.0,0.888888888888889,False,0.14285714285714285,1024,False,4
"[""feat"", ""fix"", ""refactor"", ""docs"", ""test"", ""ci"", ""build""]","[""build"", ""test"", ""ci"", ""refactor""]",1.1285364627838135,"['1269431c8a3e7549f10fcbbb4b88ff625c8898b3', '8ee0611fbf0cd89abe7ae588f22e6ecb843598ea', '45837af24a33308a70a3454f0f650f9fe728e272', '63eab619e6166eb6cab948028a7b89bf059dd878']",0.5714285714285714,1.0,0.7272727272727273,False,0.42857142857142855,1024,False,4
"[""build"", ""docs"", ""refactor"", ""test""]","[""build"", ""docs"", ""feat"", ""fix""]",0.853618860244751,"['37b1cbfd3d2c462ef4f2a131e4172c38dc8d9ddf', '6d405dfc1675dcad64a2dfac0c0cb0fb28381d21', 'b282e90e2cbb74559aab79eee8443a4d7c85502a', '2561f4ade46fc9d59f289f328cc77733a6443697']",0.5,0.5,0.5,False,0.5714285714285714,1024,False,4
"[""build"", ""test"", ""ci"", ""feat""]","[""build"", ""test"", ""ci"", ""feat""]",0.8630433082580566,"['c55591ba157298a9c5816693c102a89dfd058830', '317f4eefecddfb1392ca71d551840f446feee302', 'c5fa7b80438fbd74f4c341f0d3c9bd9e0f4910da', '6ed56ce9ae743ba9a87e6c9643cc06b1de7b748d']",1.0,1.0,1.0,True,0.0,1024,False,4
"[""refactor"", ""ci"", ""docs"", ""build""]","[""fix"", ""build"", ""docs"", ""refactor""]",0.8152306079864502,"['933ab6bb86372913c992567cf9660009900911a7', '5b81fde8a72cf2e69a10e9f5c4f0bea0a2b8c3e0', 'c2ee5cd5e709afd15c5565ee009a0d204403a119', '3cca5c314ad6feeffbfe1f14cf49ebd0fd9a95a2']",0.75,0.75,0.75,False,0.2857142857142857,1024,False,4
"[""feat"", ""refactor"", ""ci""]","[""fix"", ""feat"", ""docs"", ""ci""]",0.6406869888305664,"['933ab6bb86372913c992567cf9660009900911a7', 'dc5238b2bda98a7c4f2fe9584fc3b0191a408109', '036a0ff49a7dade0e04c9c07071a1ff49133ee24', 'e7a67d88173566be3cd3aed7e9eeb7e29aabbc57']",0.6666666666666666,0.5,0.5714285714285715,False,0.42857142857142855,1024,False,4
"[""test"", ""refactor"", ""feat"", ""ci"", ""build""]","[""docs"", ""fix"", ""feat"", ""refactor""]",0.8902037143707275,"['af880ac5b4fecbc6c4f3d1eee0d95f326e8bd9d1', 'c8e0ae8612df3d6f2831acc004aaac332f6105e4', 'f9a094918b62534614c47aa8a13f33aec751a1e0', '47ef9104e4a89e80d7cc6c1950bc080841da4a7b']",0.4,0.5,0.4444444444444445,False,0.7142857142857143,1024,False,4
"[""feat"", ""refactor"", ""ci"", ""build"", ""docs""]","[""fix"", ""build"", ""feat"", ""ci""]",0.9607913494110107,"['d129eaf9125a967ac86c6c7276bbae6b4d50af36', '1269431c8a3e7549f10fcbbb4b88ff625c8898b3', 'e137f9fdbdb6bf3f85c3f7ac9323785e445844c8', '173553c0372e66e03bdab19e0e6c2dd44daa14a0']",0.6,0.75,0.6666666666666665,False,0.42857142857142855,1024,False,4
"[""feat"", ""refactor"", ""test"", ""build""]","[""feat"", ""refactor"", ""test"", ""build""]",0.8185992240905762,"['dc5238b2bda98a7c4f2fe9584fc3b0191a408109', '771857b1df9470ebc15357e8879118a72c649d5b', 'b7ce2894fd1794064bd6db4ed730bb6cb7728739', 'c323d59c607cabc91f17a78528d998f376f30b10']",1.0,1.0,1.0,True,0.0,1024,False,4
"[""build"", ""test"", ""ci"", ""feat""]","[""build"", ""test"", ""ci"", ""fix""]",0.7644522190093994,"['5b81fde8a72cf2e69a10e9f5c4f0bea0a2b8c3e0', 'b7ce2894fd1794064bd6db4ed730bb6cb7728739', '74e9de5ec97dc013a52aa063dff0f40ac74c407b', 'd129eaf9125a967ac86c6c7276bbae6b4d50af36']",0.75,0.75,0.75,False,0.2857142857142857,1024,False,4
"[""test"", ""ci"", ""refactor""]","[""docs"", ""feat"", ""build"", ""ci""]",0.7193472385406494,"['af880ac5b4fecbc6c4f3d1eee0d95f326e8bd9d1', 'ded26d768ff432ad3bde3c0aa1e95ce50726100a', '454003841aabeb74396d73541378bfa59c75b5db', '4cbbd2552ba0de273e1dfe7d453c5b3efed751a3']",0.3333333333333333,0.25,0.28571428571428575,False,0.7142857142857143,1024,False,4
"[""feat"", ""refactor"", ""ci"", ""build""]","[""docs"", ""refactor"", ""ci"", ""build""]",0.7647979259490967,"['036a0ff49a7dade0e04c9c07071a1ff49133ee24', '535708ae50aecb452560a23356fd396f99ef13a2', 'e7a67d88173566be3cd3aed7e9eeb7e29aabbc57', 'c55591ba157298a9c5816693c102a89dfd058830']",0.75,0.75,0.75,False,0.2857142857142857,1024,False,4
"[""feat"", ""ci"", ""refactor"", ""docs"", ""test""]","[""refactor"", ""ci"", ""fix"", ""docs""]",0.925623893737793,"['2954a0955ce9af6acb345ed1e8328e145ad30475', '6c9cb638cb4d1ecc42632fcf389c24898c5b3244', 'd1d55e787b7d07f763852602b9939a5394607fd9', '6d405dfc1675dcad64a2dfac0c0cb0fb28381d21']",0.6,0.75,0.6666666666666665,False,0.42857142857142855,1024,False,4
"[""test"", ""ci"", ""docs"", ""refactor""]","[""test"", ""ci"", ""docs"", ""feat""]",0.8212614059448242,"['229b53a632ea97d47c4be11f096bdd828fb415d8', '4cbbd2552ba0de273e1dfe7d453c5b3efed751a3', 'bf83c9155e9bee6925aa7102fab53fb803d52533', 'ded26d768ff432ad3bde3c0aa1e95ce50726100a']",0.75,0.75,0.75,False,0.2857142857142857,1024,False,4
"[""refactor"", ""test"", ""ci"", ""build"", ""feat""]","[""refactor"", ""fix"", ""test"", ""feat""]",0.9180676937103271,"['47ef9104e4a89e80d7cc6c1950bc080841da4a7b', '9ef5c0d14193a9abb09b39856f58477d1f4b0d77', 'b7ce2894fd1794064bd6db4ed730bb6cb7728739', '1bcf88670b50155b50071e707f98f30cea0b7a24']",0.6,0.75,0.6666666666666665,False,0.42857142857142855,1024,False,4
"[""ci"", ""feat"", ""refactor"", ""docs"", ""test"", ""build""]","[""docs"", ""feat"", ""ci"", ""refactor""]",1.053792953491211,"['e12d9e77a6fd531a22325337838a841b1c67f00d', 'fd8e563cc19ca4684885d4692acee6bebcca4ada', '173553c0372e66e03bdab19e0e6c2dd44daa14a0', '535708ae50aecb452560a23356fd396f99ef13a2']",0.6666666666666666,1.0,0.8,False,0.2857142857142857,1024,False,4
"[""test"", ""ci"", ""refactor""]","[""refactor"", ""feat"", ""docs"", ""ci""]",0.7466051578521729,"['1db13ec43727aca872a0f3836e4023ed85db665e', 'b282e90e2cbb74559aab79eee8443a4d7c85502a', 'e12d9e77a6fd531a22325337838a841b1c67f00d', '74e9de5ec97dc013a52aa063dff0f40ac74c407b']",0.6666666666666666,0.5,0.5714285714285715,False,0.42857142857142855,1024,False,4
"[""docs"", ""ci"", ""test""]","[""docs"", ""ci"", ""refactor"", ""test""]",0.7248668670654297,"['aca23027da1295c78fdf42ba9687d8ccc88784d7', '74e9de5ec97dc013a52aa063dff0f40ac74c407b', '2954a0955ce9af6acb345ed1e8328e145ad30475', 'f411e58cd510f8a2b980b2f1932003a0c0e9f8f3']",1.0,0.75,0.8571428571428571,False,0.14285714285714285,1024,False,4
"[""test"", ""ci"", ""docs""]","[""test"", ""docs"", ""ci"", ""fix""]",0.6815125942230225,"['b7ce2894fd1794064bd6db4ed730bb6cb7728739', 'af880ac5b4fecbc6c4f3d1eee0d95f326e8bd9d1', '6c9cb638cb4d1ecc42632fcf389c24898c5b3244', 'd129eaf9125a967ac86c6c7276bbae6b4d50af36']",1.0,0.75,0.8571428571428571,False,0.14285714285714285,1024,False,4
"[""ci"", ""refactor"", ""docs""]","[""ci"", ""refactor"", ""test"", ""docs""]",0.7131168842315674,"['e7a67d88173566be3cd3aed7e9eeb7e29aabbc57', '36556bf8e0bce4ab6d26eafacbdad04d9614a5d7', '8ee0611fbf0cd89abe7ae588f22e6ecb843598ea', 'c2ee5cd5e709afd15c5565ee009a0d204403a119']",1.0,0.75,0.8571428571428571,False,0.14285714285714285,1024,False,4
"[""docs"", ""build""]","[""docs"", ""feat"", ""test"", ""build""]",0.5858380794525146,"['0cfc5633d37ea06f645649138323f1820e18bdee', 'fd8e563cc19ca4684885d4692acee6bebcca4ada', 'e9617f0854030e70365eb264bcb3b58078e79e9e', '1269431c8a3e7549f10fcbbb4b88ff625c8898b3']",1.0,0.5,0.6666666666666666,False,0.2857142857142857,1024,False,4
"[""refactor"", ""test"", ""ci"", ""build"", ""docs""]","[""refactor"", ""feat"", ""test"", ""fix""]",0.8842449188232422,"['47ef9104e4a89e80d7cc6c1950bc080841da4a7b', 'b282e90e2cbb74559aab79eee8443a4d7c85502a', 'e0198f74b81da3663144cfe1d971939319f82a0f', 'bed78248c941d57ad4cc20a455147e186e97c7a1']",0.4,0.5,0.4444444444444445,False,0.7142857142857143,1024,False,4
"[""build"", ""ci"", ""refactor"", ""test"", ""docs"", ""feat"", ""fix""]","[""build"", ""ci"", ""fix"", ""refactor""]",1.1385607719421387,"['454003841aabeb74396d73541378bfa59c75b5db', '173553c0372e66e03bdab19e0e6c2dd44daa14a0', 'd129eaf9125a967ac86c6c7276bbae6b4d50af36', '63eab619e6166eb6cab948028a7b89bf059dd878']",0.5714285714285714,1.0,0.7272727272727273,False,0.42857142857142855,1024,False,4
"[""feat"", ""test"", ""ci"", ""build"", ""docs""]","[""test"", ""refactor"", ""docs"", ""feat""]",0.8991281986236572,"['e9617f0854030e70365eb264bcb3b58078e79e9e', '2954a0955ce9af6acb345ed1e8328e145ad30475', 'c2ee5cd5e709afd15c5565ee009a0d204403a119', '6ed56ce9ae743ba9a87e6c9643cc06b1de7b748d']",0.6,0.75,0.6666666666666665,False,0.42857142857142855,1024,False,4
"[""build"", ""refactor"", ""test""]","[""build"", ""refactor"", ""fix"", ""ci""]",0.7192130088806152,"['454003841aabeb74396d73541378bfa59c75b5db', 'a62314d9bb632be6af026686615d14b912250512', '06e2be4e2019b6fa714e1fcb34485860ef1ede79', '4cbbd2552ba0de273e1dfe7d453c5b3efed751a3']",0.6666666666666666,0.5,0.5714285714285715,False,0.42857142857142855,1024,False,4
"[""feat"", ""fix"", ""refactor"", ""docs"", ""test"", ""ci"", ""build""]","[""feat"", ""test"", ""refactor"", ""ci""]",1.122920274734497,"['b282e90e2cbb74559aab79eee8443a4d7c85502a', 'e2e8ad25854bd1e7cdbc7f50b50bbd99e04ad47d', '63eab619e6166eb6cab948028a7b89bf059dd878', '6c9cb638cb4d1ecc42632fcf389c24898c5b3244']",0.5714285714285714,1.0,0.7272727272727273,False,0.42857142857142855,1024,False,4
"[""docs"", ""test"", ""refactor""]","[""docs"", ""fix"", ""test"", ""refactor""]",0.715101957321167,"['0cfc5633d37ea06f645649138323f1820e18bdee', 'd1d55e787b7d07f763852602b9939a5394607fd9', 'e2e8ad25854bd1e7cdbc7f50b50bbd99e04ad47d', '062daa45cbd5dba6e96e95d8cdcaee89ae30a83c']",1.0,0.75,0.8571428571428571,False,0.14285714285714285,1024,False,4
"[""fix"", ""ci"", ""docs""]","[""refactor"", ""fix"", ""docs"", ""ci""]",0.6887087821960449,"['47ef9104e4a89e80d7cc6c1950bc080841da4a7b', 'd129eaf9125a967ac86c6c7276bbae6b4d50af36', '0cfc5633d37ea06f645649138323f1820e18bdee', '45837af24a33308a70a3454f0f650f9fe728e272']",1.0,0.75,0.8571428571428571,False,0.14285714285714285,1024,False,4
"[""refactor"", ""ci"", ""build""]","[""fix"", ""build"", ""ci"", ""test""]",0.7250847816467285,"['bed78248c941d57ad4cc20a455147e186e97c7a1', '1269431c8a3e7549f10fcbbb4b88ff625c8898b3', '45837af24a33308a70a3454f0f650f9fe728e272', '8ee0611fbf0cd89abe7ae588f22e6ecb843598ea']",0.6666666666666666,0.5,0.5714285714285715,False,0.42857142857142855,1024,False,4
"[""build"", ""ci"", ""docs"", ""refactor""]","[""build"", ""fix"", ""ci"", ""docs""]",0.8311929702758789,"['454003841aabeb74396d73541378bfa59c75b5db', 'bed78248c941d57ad4cc20a455147e186e97c7a1', '45837af24a33308a70a3454f0f650f9fe728e272', 'c2ee5cd5e709afd15c5565ee009a0d204403a119']",0.75,0.75,0.75,False,0.2857142857142857,1024,False,4
"[""ci"", ""refactor""]","[""ci"", ""refactor"", ""fix"", ""docs""]",0.6126620769500732,"['dbb537a26e388a8d7d17faf131abc30c2f7a84e6', '3cca5c314ad6feeffbfe1f14cf49ebd0fd9a95a2', 'd1d55e787b7d07f763852602b9939a5394607fd9', '6d405dfc1675dcad64a2dfac0c0cb0fb28381d21']",1.0,0.5,0.6666666666666666,False,0.2857142857142857,1024,False,4
"[""feat"", ""ci"", ""docs"", ""refactor""]","[""fix"", ""ci"", ""docs"", ""refactor""]",0.7919743061065674,"['2561f4ade46fc9d59f289f328cc77733a6443697', '6c9cb638cb4d1ecc42632fcf389c24898c5b3244', 'bf83c9155e9bee6925aa7102fab53fb803d52533', '771857b1df9470ebc15357e8879118a72c649d5b']",0.75,0.75,0.75,False,0.2857142857142857,1024,False,4
"[""refactor"", ""docs""]","[""fix"", ""feat"", ""build"", ""docs""]",0.6130807399749756,"['06e2be4e2019b6fa714e1fcb34485860ef1ede79', 'fd8e563cc19ca4684885d4692acee6bebcca4ada', '32b92cfa0b74a6c25990e32ac6aab12b8496794c', '6d405dfc1675dcad64a2dfac0c0cb0fb28381d21']",0.5,0.25,0.3333333333333333,False,0.5714285714285714,1024,False,4
"[""build"", ""ci"", ""test""]","[""build"", ""ci"", ""test"", ""feat""]",0.6907510757446289,"['c55591ba157298a9c5816693c102a89dfd058830', '45837af24a33308a70a3454f0f650f9fe728e272', 'b7ce2894fd1794064bd6db4ed730bb6cb7728739', 'dc5238b2bda98a7c4f2fe9584fc3b0191a408109']",1.0,0.75,0.8571428571428571,False,0.14285714285714285,1024,False,4
"[""ci"", ""docs"", ""feat"", ""test""]","[""ci"", ""docs"", ""feat"", ""test""]",0.7933716773986816,"['173553c0372e66e03bdab19e0e6c2dd44daa14a0', 'e12d9e77a6fd531a22325337838a841b1c67f00d', 'f823cf28652987d43c8324b4f5b203240032383a', '229b53a632ea97d47c4be11f096bdd828fb415d8']",1.0,1.0,1.0,True,0.0,1024,False,4
"[""feat"", ""docs"", ""ci"", ""test""]","[""refactor"", ""docs"", ""ci"", ""test""]",0.7831175327301025,"['36556bf8e0bce4ab6d26eafacbdad04d9614a5d7', 'aca23027da1295c78fdf42ba9687d8ccc88784d7', 'dbb537a26e388a8d7d17faf131abc30c2f7a84e6', '229b53a632ea97d47c4be11f096bdd828fb415d8']",0.75,0.75,0.75,False,0.2857142857142857,1024,False,4
"[""docs"", ""test"", ""fix""]","[""docs"", ""refactor"", ""test"", ""fix""]",0.6881728172302246,"['0cfc5633d37ea06f645649138323f1820e18bdee', '1db13ec43727aca872a0f3836e4023ed85db665e', '229b53a632ea97d47c4be11f096bdd828fb415d8', '9be725fa3906323d4bc9788f54eccf74109d632b']",1.0,0.75,0.8571428571428571,False,0.14285714285714285,1024,False,4
"[""ci"", ""docs"", ""refactor"", ""test""]","[""ci"", ""docs"", ""refactor"", ""test""]",0.7915871143341064,"['c5fa7b80438fbd74f4c341f0d3c9bd9e0f4910da', 'bf83c9155e9bee6925aa7102fab53fb803d52533', '062daa45cbd5dba6e96e95d8cdcaee89ae30a83c', 'bedc7950b24c37809e36a585b7985d5aa5e3e458']",1.0,1.0,1.0,True,0.0,1024,False,4
"[""refactor"", ""ci"", ""build"", ""test"", ""docs""]","[""fix"", ""docs"", ""ci"", ""feat""]",0.885012149810791,"['9be725fa3906323d4bc9788f54eccf74109d632b', '036a0ff49a7dade0e04c9c07071a1ff49133ee24', '45837af24a33308a70a3454f0f650f9fe728e272', 'f823cf28652987d43c8324b4f5b203240032383a']",0.4,0.5,0.4444444444444445,False,0.7142857142857143,1024,False,4
"[""docs"", ""test"", ""ci"", ""build"", ""feat"", ""fix"", ""refactor""]","[""docs"", ""test"", ""build"", ""feat""]",1.126713752746582,"['bf83c9155e9bee6925aa7102fab53fb803d52533', 'e0198f74b81da3663144cfe1d971939319f82a0f', 'f00a4d3e307b89842250358ee432e6800bb24362', 'ded26d768ff432ad3bde3c0aa1e95ce50726100a']",0.5714285714285714,1.0,0.7272727272727273,False,0.42857142857142855,1024,False,4
"[""docs"", ""test"", ""refactor""]","[""docs"", ""refactor"", ""test"", ""fix""]",0.7245488166809082,"['aca23027da1295c78fdf42ba9687d8ccc88784d7', '1db13ec43727aca872a0f3836e4023ed85db665e', 'f411e58cd510f8a2b980b2f1932003a0c0e9f8f3', '2561f4ade46fc9d59f289f328cc77733a6443697']",1.0,0.75,0.8571428571428571,False,0.14285714285714285,1024,False,4
"[""test"", ""ci"", ""docs""]","[""test"", ""feat"", ""docs"", ""ci""]",0.7163169384002686,"['e0198f74b81da3663144cfe1d971939319f82a0f', 'f823cf28652987d43c8324b4f5b203240032383a', 'aca23027da1295c78fdf42ba9687d8ccc88784d7', 'e96487ad7ce90b141219d9032fa2bed68d5dae6a']",1.0,0.75,0.8571428571428571,False,0.14285714285714285,1024,False,4
"[""feat"", ""build"", ""refactor"", ""docs""]","[""refactor"", ""build"", ""feat"", ""docs""]",0.8191215991973877,"['63eab619e6166eb6cab948028a7b89bf059dd878', '32b92cfa0b74a6c25990e32ac6aab12b8496794c', 'fd8e563cc19ca4684885d4692acee6bebcca4ada', 'a52a585d74894b3b4eeb8c784fa089ff95cddad0']",1.0,1.0,1.0,True,0.0,1024,False,4
"[""build"", ""ci"", ""refactor"", ""test""]","[""build"", ""fix"", ""test"", ""feat""]",0.7887065410614014,"['37b1cbfd3d2c462ef4f2a131e4172c38dc8d9ddf', 'c8e0ae8612df3d6f2831acc004aaac332f6105e4', 'c7b25726df94a2530c9b1c0d2b6a0acaa103822f', '1bcf88670b50155b50071e707f98f30cea0b7a24']",0.5,0.5,0.5,False,0.5714285714285714,1024,False,4
"[""refactor"", ""ci"", ""feat"", ""build""]","[""refactor"", ""ci"", ""docs"", ""build""]",0.782677173614502,"['771857b1df9470ebc15357e8879118a72c649d5b', '6c9cb638cb4d1ecc42632fcf389c24898c5b3244', '6d405dfc1675dcad64a2dfac0c0cb0fb28381d21', '454003841aabeb74396d73541378bfa59c75b5db']",0.75,0.75,0.75,False,0.2857142857142857,1024,False,4
"[""feat"", ""docs"", ""test"", ""ci"", ""build""]","[""fix"", ""docs"", ""refactor"", ""ci"", ""test""]",0.8930463790893555,"['9be725fa3906323d4bc9788f54eccf74109d632b', 'bf83c9155e9bee6925aa7102fab53fb803d52533', '535708ae50aecb452560a23356fd396f99ef13a2', '4cbbd2552ba0de273e1dfe7d453c5b3efed751a3', 'bedc7950b24c37809e36a585b7985d5aa5e3e458']",0.6,0.6,0.6,False,0.5714285714285714,1024,False,5
"[""test"", ""docs"", ""build"", ""ci"", ""refactor""]","[""test"", ""docs"", ""refactor"", ""build"", ""feat""]",0.9519472122192383,"['229b53a632ea97d47c4be11f096bdd828fb415d8', 'bf83c9155e9bee6925aa7102fab53fb803d52533', '062daa45cbd5dba6e96e95d8cdcaee89ae30a83c', 'e4a11fd5c34942ba12737f1c8c084489428ee274', 'fd8e563cc19ca4684885d4692acee6bebcca4ada']",0.8,0.8,0.8000000000000002,False,0.2857142857142857,1024,False,5
"[""test"", ""ci"", ""refactor"", ""build""]","[""test"", ""ci"", ""fix"", ""build"", ""refactor""]",0.8594727516174316,"['317f4eefecddfb1392ca71d551840f446feee302', 'e7a67d88173566be3cd3aed7e9eeb7e29aabbc57', 'd1d55e787b7d07f763852602b9939a5394607fd9', 'f00a4d3e307b89842250358ee432e6800bb24362', '771857b1df9470ebc15357e8879118a72c649d5b']",1.0,0.8,0.888888888888889,False,0.14285714285714285,1024,False,5
"[""ci"", ""refactor"", ""test"", ""build""]","[""ci"", ""refactor"", ""build"", ""test"", ""fix""]",0.8242952823638916,"['e7a67d88173566be3cd3aed7e9eeb7e29aabbc57', '47ef9104e4a89e80d7cc6c1950bc080841da4a7b', '5b81fde8a72cf2e69a10e9f5c4f0bea0a2b8c3e0', 'bedc7950b24c37809e36a585b7985d5aa5e3e458', '9ef5c0d14193a9abb09b39856f58477d1f4b0d77']",1.0,0.8,0.888888888888889,False,0.14285714285714285,1024,False,5
"[""feat"", ""fix"", ""refactor"", ""docs"", ""test"", ""ci"", ""build""]","[""build"", ""fix"", ""feat"", ""refactor"", ""docs""]",1.1608507633209229,"['e4a11fd5c34942ba12737f1c8c084489428ee274', '9ef5c0d14193a9abb09b39856f58477d1f4b0d77', 'dc5238b2bda98a7c4f2fe9584fc3b0191a408109', '771857b1df9470ebc15357e8879118a72c649d5b', 'c2ee5cd5e709afd15c5565ee009a0d204403a119']",0.7142857142857143,1.0,0.8333333333333333,False,0.2857142857142857,1024,False,5
"[""docs"", ""test"", ""build"", ""refactor""]","[""docs"", ""test"", ""build"", ""fix"", ""feat""]",0.7899370193481445,"['bf83c9155e9bee6925aa7102fab53fb803d52533', '229b53a632ea97d47c4be11f096bdd828fb415d8', 'c55591ba157298a9c5816693c102a89dfd058830', '06e2be4e2019b6fa714e1fcb34485860ef1ede79', 'f823cf28652987d43c8324b4f5b203240032383a']",0.75,0.6,0.6666666666666665,False,0.42857142857142855,1024,False,5
"[""ci"", ""build"", ""test"", ""refactor"", ""feat""]","[""ci"", ""build"", ""fix"", ""test"", ""feat""]",0.9263033866882324,"['e7a67d88173566be3cd3aed7e9eeb7e29aabbc57', 'c55591ba157298a9c5816693c102a89dfd058830', 'd129eaf9125a967ac86c6c7276bbae6b4d50af36', '229b53a632ea97d47c4be11f096bdd828fb415d8', '1bcf88670b50155b50071e707f98f30cea0b7a24']",0.8,0.8,0.8000000000000002,False,0.2857142857142857,1024,False,5
"[""feat"", ""ci"", ""refactor"", ""test"", ""build""]","[""fix"", ""test"", ""build"", ""ci"", ""refactor""]",0.950922966003418,"['2561f4ade46fc9d59f289f328cc77733a6443697', 'b7ce2894fd1794064bd6db4ed730bb6cb7728739', '1269431c8a3e7549f10fcbbb4b88ff625c8898b3', 'e96487ad7ce90b141219d9032fa2bed68d5dae6a', '36556bf8e0bce4ab6d26eafacbdad04d9614a5d7']",0.8,0.8,0.8000000000000002,False,0.2857142857142857,1024,False,5
"[""docs"", ""ci"", ""test"", ""build""]","[""docs"", ""ci"", ""refactor"", ""test"", ""fix""]",0.8184161186218262,"['bf83c9155e9bee6925aa7102fab53fb803d52533', 'e7a67d88173566be3cd3aed7e9eeb7e29aabbc57', '535708ae50aecb452560a23356fd396f99ef13a2', 'c7b25726df94a2530c9b1c0d2b6a0acaa103822f', '06e2be4e2019b6fa714e1fcb34485860ef1ede79']",0.75,0.6,0.6666666666666665,False,0.42857142857142855,1024,False,5
"[""feat"", ""docs"", ""build"", ""refactor""]","[""refactor"", ""docs"", ""build"", ""feat"", ""fix""]",0.8538346290588379,"['36556bf8e0bce4ab6d26eafacbdad04d9614a5d7', 'c2ee5cd5e709afd15c5565ee009a0d204403a119', 'c55591ba157298a9c5816693c102a89dfd058830', '68278b00450f2679761a2999500f6d87a579376b', '9ef5c0d14193a9abb09b39856f58477d1f4b0d77']",1.0,0.8,0.888888888888889,False,0.14285714285714285,1024,False,5
"[""feat"", ""build"", ""refactor"", ""ci"", ""test""]","[""feat"", ""build"", ""fix"", ""ci"", ""test""]",0.9499564170837402,"['ded26d768ff432ad3bde3c0aa1e95ce50726100a', 'c323d59c607cabc91f17a78528d998f376f30b10', '2561f4ade46fc9d59f289f328cc77733a6443697', '45837af24a33308a70a3454f0f650f9fe728e272', 'e0198f74b81da3663144cfe1d971939319f82a0f']",0.8,0.8,0.8000000000000002,False,0.2857142857142857,1024,False,5
"[""ci"", ""refactor"", ""test"", ""build""]","[""ci"", ""refactor"", ""test"", ""feat"", ""fix""]",0.8113079071044922,"['e96487ad7ce90b141219d9032fa2bed68d5dae6a', 'a62314d9bb632be6af026686615d14b912250512', 'c7b25726df94a2530c9b1c0d2b6a0acaa103822f', '6ed56ce9ae743ba9a87e6c9643cc06b1de7b748d', '9ef5c0d14193a9abb09b39856f58477d1f4b0d77']",0.75,0.6,0.6666666666666665,False,0.42857142857142855,1024,False,5
"[""build"", ""refactor"", ""ci"", ""test"", ""docs""]","[""build"", ""refactor"", ""ci"", ""docs"", ""fix""]",0.9218542575836182,"['c55591ba157298a9c5816693c102a89dfd058830', '63eab619e6166eb6cab948028a7b89bf059dd878', 'c5fa7b80438fbd74f4c341f0d3c9bd9e0f4910da', '036a0ff49a7dade0e04c9c07071a1ff49133ee24', '9be725fa3906323d4bc9788f54eccf74109d632b']",0.8,0.8,0.8000000000000002,False,0.2857142857142857,1024,False,5
"[""docs"", ""ci"", ""refactor""]","[""docs"", ""ci"", ""refactor"", ""build"", ""feat""]",0.6854846477508545,"['bf83c9155e9bee6925aa7102fab53fb803d52533', '173553c0372e66e03bdab19e0e6c2dd44daa14a0', '535708ae50aecb452560a23356fd396f99ef13a2', '1269431c8a3e7549f10fcbbb4b88ff625c8898b3', 'f823cf28652987d43c8324b4f5b203240032383a']",1.0,0.6,0.7499999999999999,False,0.2857142857142857,1024,False,5
"[""test"", ""refactor"", ""docs"", ""build"", ""feat""]","[""test"", ""feat"", ""refactor"", ""fix"", ""docs""]",0.9482038021087646,"['bedc7950b24c37809e36a585b7985d5aa5e3e458', 'fd8e563cc19ca4684885d4692acee6bebcca4ada', '062daa45cbd5dba6e96e95d8cdcaee89ae30a83c', 'c8e0ae8612df3d6f2831acc004aaac332f6105e4', '036a0ff49a7dade0e04c9c07071a1ff49133ee24']",0.8,0.8,0.8000000000000002,False,0.2857142857142857,1024,False,5
"[""docs"", ""ci"", ""build"", ""test""]","[""docs"", ""build"", ""ci"", ""fix"", ""test""]",0.7948250770568848,"['c2ee5cd5e709afd15c5565ee009a0d204403a119', '1269431c8a3e7549f10fcbbb4b88ff625c8898b3', 'e7a67d88173566be3cd3aed7e9eeb7e29aabbc57', 'bed78248c941d57ad4cc20a455147e186e97c7a1', 'e9617f0854030e70365eb264bcb3b58078e79e9e']",1.0,0.8,0.888888888888889,False,0.14285714285714285,1024,False,5
"[""refactor"", ""ci"", ""build"", ""test""]","[""refactor"", ""ci"", ""docs"", ""test"", ""build""]",0.7902910709381104,"['3cca5c314ad6feeffbfe1f14cf49ebd0fd9a95a2', 'dbb537a26e388a8d7d17faf131abc30c2f7a84e6', 'e12d9e77a6fd531a22325337838a841b1c67f00d', 'c7b25726df94a2530c9b1c0d2b6a0acaa103822f', '37b1cbfd3d2c462ef4f2a131e4172c38dc8d9ddf']",1.0,0.8,0.888888888888889,False,0.14285714285714285,1024,False,5
"[""test"", ""ci"", ""build"", ""refactor""]","[""test"", ""feat"", ""ci"", ""refactor"", ""fix""]",0.8234739303588867,"['229b53a632ea97d47c4be11f096bdd828fb415d8', 'b282e90e2cbb74559aab79eee8443a4d7c85502a', 'dbb537a26e388a8d7d17faf131abc30c2f7a84e6', '3cca5c314ad6feeffbfe1f14cf49ebd0fd9a95a2', '933ab6bb86372913c992567cf9660009900911a7']",0.75,0.6,0.6666666666666665,False,0.42857142857142855,1024,False,5
"[""build"", ""ci"", ""refactor"", ""test""]","[""build"", ""fix"", ""ci"", ""refactor"", ""docs""]",0.8488399982452393,"['37b1cbfd3d2c462ef4f2a131e4172c38dc8d9ddf', '06e2be4e2019b6fa714e1fcb34485860ef1ede79', 'c5fa7b80438fbd74f4c341f0d3c9bd9e0f4910da', '1db13ec43727aca872a0f3836e4023ed85db665e', 'a52a585d74894b3b4eeb8c784fa089ff95cddad0']",0.75,0.6,0.6666666666666665,False,0.42857142857142855,1024,False,5
"[""build"", ""test"", ""refactor"", ""ci"", ""docs""]","[""build"", ""docs"", ""ci"", ""test"", ""feat""]",0.9599409103393555,"['c44cf88a6ec54e5ddd99d8348bcc57b301ec7945', '6d405dfc1675dcad64a2dfac0c0cb0fb28381d21', 'e7a67d88173566be3cd3aed7e9eeb7e29aabbc57', 'f411e58cd510f8a2b980b2f1932003a0c0e9f8f3', 'f823cf28652987d43c8324b4f5b203240032383a']",0.8,0.8,0.8000000000000002,False,0.2857142857142857,1024,False,5
"[""feat"", ""refactor"", ""test"", ""ci"", ""build""]","[""feat"", ""fix"", ""refactor"", ""build"", ""test""]",0.8930196762084961,"['f823cf28652987d43c8324b4f5b203240032383a', 'c8e0ae8612df3d6f2831acc004aaac332f6105e4', '47ef9104e4a89e80d7cc6c1950bc080841da4a7b', 'e4a11fd5c34942ba12737f1c8c084489428ee274', 'c7b25726df94a2530c9b1c0d2b6a0acaa103822f']",0.8,0.8,0.8000000000000002,False,0.2857142857142857,1024,False,5
"[""test"", ""ci"", ""refactor"", ""docs""]","[""refactor"", ""build"", ""ci"", ""docs"", ""test""]",0.8177714347839355,"['1db13ec43727aca872a0f3836e4023ed85db665e', '32b92cfa0b74a6c25990e32ac6aab12b8496794c', 'e96487ad7ce90b141219d9032fa2bed68d5dae6a', '6d405dfc1675dcad64a2dfac0c0cb0fb28381d21', 'e2e8ad25854bd1e7cdbc7f50b50bbd99e04ad47d']",1.0,0.8,0.888888888888889,False,0.14285714285714285,1024,False,5
"[""build"", ""ci"", ""refactor"", ""test"", ""docs""]","[""build"", ""test"", ""refactor"", ""ci"", ""fix""]",1.0352082252502441,"['37b1cbfd3d2c462ef4f2a131e4172c38dc8d9ddf', 'f411e58cd510f8a2b980b2f1932003a0c0e9f8f3', '1db13ec43727aca872a0f3836e4023ed85db665e', 'c5fa7b80438fbd74f4c341f0d3c9bd9e0f4910da', 'd129eaf9125a967ac86c6c7276bbae6b4d50af36']",0.8,0.8,0.8000000000000002,False,0.2857142857142857,1024,False,5
"[""build"", ""ci"", ""refactor"", ""test""]","[""build"", ""docs"", ""ci"", ""test"", ""fix""]",0.8205747604370117,"['c55591ba157298a9c5816693c102a89dfd058830', 'a52a585d74894b3b4eeb8c784fa089ff95cddad0', '6c9cb638cb4d1ecc42632fcf389c24898c5b3244', 'c7b25726df94a2530c9b1c0d2b6a0acaa103822f', 'bed78248c941d57ad4cc20a455147e186e97c7a1']",0.75,0.6,0.6666666666666665,False,0.42857142857142855,1024,False,5
"[""feat"", ""ci"", ""build"", ""test""]","[""fix"", ""ci"", ""feat"", ""build"", ""refactor""]",0.7959592342376709,"['9ef5c0d14193a9abb09b39856f58477d1f4b0d77', 'dbb537a26e388a8d7d17faf131abc30c2f7a84e6', '6ed56ce9ae743ba9a87e6c9643cc06b1de7b748d', 'e4a11fd5c34942ba12737f1c8c084489428ee274', '1db13ec43727aca872a0f3836e4023ed85db665e']",0.75,0.6,0.6666666666666665,False,0.42857142857142855,1024,False,5
"[""refactor"", ""ci"", ""test"", ""build""]","[""fix"", ""build"", ""refactor"", ""feat"", ""test""]",0.832756519317627,"['bed78248c941d57ad4cc20a455147e186e97c7a1', 'e4a11fd5c34942ba12737f1c8c084489428ee274', '062daa45cbd5dba6e96e95d8cdcaee89ae30a83c', 'f823cf28652987d43c8324b4f5b203240032383a', 'c7b25726df94a2530c9b1c0d2b6a0acaa103822f']",0.75,0.6,0.6666666666666665,False,0.42857142857142855,1024,False,5
"[""feat"", ""test"", ""refactor"", ""ci"", ""build""]","[""fix"", ""test"", ""feat"", ""docs"", ""build""]",0.9516215324401855,"['87d5d4e55ab7149b593d29410f1fe426ba2447d4', 'bedc7950b24c37809e36a585b7985d5aa5e3e458', 'ded26d768ff432ad3bde3c0aa1e95ce50726100a', 'a52a585d74894b3b4eeb8c784fa089ff95cddad0', 'c323d59c607cabc91f17a78528d998f376f30b10']",0.6,0.6,0.6,False,0.5714285714285714,1024,False,5
"[""build"", ""ci"", ""docs"", ""refactor"", ""test""]","[""test"", ""docs"", ""feat"", ""build"", ""fix""]",0.9604036808013916,"['8ee0611fbf0cd89abe7ae588f22e6ecb843598ea', 'c2ee5cd5e709afd15c5565ee009a0d204403a119', 'fd8e563cc19ca4684885d4692acee6bebcca4ada', '1269431c8a3e7549f10fcbbb4b88ff625c8898b3', '06e2be4e2019b6fa714e1fcb34485860ef1ede79']",0.6,0.6,0.6,False,0.5714285714285714,1024,False,5
"[""docs"", ""test"", ""build"", ""ci"", ""feat"", ""refactor"", ""fix""]","[""docs"", ""feat"", ""build"", ""refactor"", ""test""]",1.1688411235809326,"['a52a585d74894b3b4eeb8c784fa089ff95cddad0', 'f9a094918b62534614c47aa8a13f33aec751a1e0', '1269431c8a3e7549f10fcbbb4b88ff625c8898b3', '535708ae50aecb452560a23356fd396f99ef13a2', 'e0198f74b81da3663144cfe1d971939319f82a0f']",0.7142857142857143,1.0,0.8333333333333333,False,0.2857142857142857,1024,False,5
"[""feat"", ""fix"", ""refactor"", ""docs"", ""test"", ""ci"", ""build""]","[""fix"", ""feat"", ""test"", ""refactor"", ""build""]",1.1596601009368896,"['d129eaf9125a967ac86c6c7276bbae6b4d50af36', '68278b00450f2679761a2999500f6d87a579376b', 'e2e8ad25854bd1e7cdbc7f50b50bbd99e04ad47d', '771857b1df9470ebc15357e8879118a72c649d5b', 'f00a4d3e307b89842250358ee432e6800bb24362']",0.7142857142857143,1.0,0.8333333333333333,False,0.2857142857142857,1024,False,5
"[""build"", ""ci"", ""docs"", ""feat"", ""fix"", ""refactor"", ""test""]","[""fix"", ""build"", ""refactor"", ""test"", ""docs""]",1.1685855388641357,"['933ab6bb86372913c992567cf9660009900911a7', '37b1cbfd3d2c462ef4f2a131e4172c38dc8d9ddf', '1db13ec43727aca872a0f3836e4023ed85db665e', 'c7b25726df94a2530c9b1c0d2b6a0acaa103822f', 'e12d9e77a6fd531a22325337838a841b1c67f00d']",0.7142857142857143,1.0,0.8333333333333333,False,0.2857142857142857,1024,False,5
"[""refactor"", ""ci"", ""docs"", ""build""]","[""fix"", ""ci"", ""docs"", ""build"", ""feat""]",0.8459205627441406,"['06e2be4e2019b6fa714e1fcb34485860ef1ede79', '4cbbd2552ba0de273e1dfe7d453c5b3efed751a3', 'cb1f48b56ae0de93acb72e48726c7d610a1d538e', 'c323d59c607cabc91f17a78528d998f376f30b10', 'f9a094918b62534614c47aa8a13f33aec751a1e0']",0.75,0.6,0.6666666666666665,False,0.42857142857142855,1024,False,5
"[""feat"", ""refactor"", ""ci"", ""build"", ""test"", ""docs""]","[""feat"", ""build"", ""refactor"", ""docs"", ""fix""]",1.0545191764831543,"['fd8e563cc19ca4684885d4692acee6bebcca4ada', 'f00a4d3e307b89842250358ee432e6800bb24362', '535708ae50aecb452560a23356fd396f99ef13a2', 'e12d9e77a6fd531a22325337838a841b1c67f00d', '9be725fa3906323d4bc9788f54eccf74109d632b']",0.6666666666666666,0.8,0.7272727272727272,False,0.42857142857142855,1024,False,5
"[""test"", ""ci"", ""docs"", ""refactor""]","[""test"", ""docs"", ""refactor"", ""ci"", ""feat""]",0.8307609558105469,"['229b53a632ea97d47c4be11f096bdd828fb415d8', 'bf83c9155e9bee6925aa7102fab53fb803d52533', '062daa45cbd5dba6e96e95d8cdcaee89ae30a83c', '32845e1bbd1efb5dbc16f671049509a409ba25ce', 'dc5238b2bda98a7c4f2fe9584fc3b0191a408109']",1.0,0.8,0.888888888888889,False,0.14285714285714285,1024,False,5
"[""build"", ""ci"", ""docs"", ""feat"", ""fix"", ""refactor"", ""test""]","[""build"", ""docs"", ""fix"", ""test"", ""refactor""]",1.13700270652771,"['454003841aabeb74396d73541378bfa59c75b5db', 'e12d9e77a6fd531a22325337838a841b1c67f00d', 'bed78248c941d57ad4cc20a455147e186e97c7a1', 'f411e58cd510f8a2b980b2f1932003a0c0e9f8f3', '062daa45cbd5dba6e96e95d8cdcaee89ae30a83c']",0.7142857142857143,1.0,0.8333333333333333,False,0.2857142857142857,1024,False,5
"[""build"", ""ci"", ""test""]","[""build"", ""ci"", ""docs"", ""test"", ""refactor""]",0.6584036350250244,"['5b81fde8a72cf2e69a10e9f5c4f0bea0a2b8c3e0', '74e9de5ec97dc013a52aa063dff0f40ac74c407b', 'a52a585d74894b3b4eeb8c784fa089ff95cddad0', 'e0198f74b81da3663144cfe1d971939319f82a0f', '062daa45cbd5dba6e96e95d8cdcaee89ae30a83c']",1.0,0.6,0.7499999999999999,False,0.2857142857142857,1024,False,5
"[""ci"", ""docs"", ""refactor"", ""build""]","[""build"", ""ci"", ""docs"", ""refactor"", ""fix""]",0.7895050048828125,"['32b92cfa0b74a6c25990e32ac6aab12b8496794c', '6c9cb638cb4d1ecc42632fcf389c24898c5b3244', 'aca23027da1295c78fdf42ba9687d8ccc88784d7', '47ef9104e4a89e80d7cc6c1950bc080841da4a7b', '2561f4ade46fc9d59f289f328cc77733a6443697']",1.0,0.8,0.888888888888889,False,0.14285714285714285,1024,False,5
"[""test"", ""docs"", ""build""]","[""test"", ""docs"", ""fix"", ""feat"", ""build""]",0.6918220520019531,"['e0198f74b81da3663144cfe1d971939319f82a0f', 'c2ee5cd5e709afd15c5565ee009a0d204403a119', '9ef5c0d14193a9abb09b39856f58477d1f4b0d77', 'f823cf28652987d43c8324b4f5b203240032383a', 'c44cf88a6ec54e5ddd99d8348bcc57b301ec7945']",1.0,0.6,0.7499999999999999,False,0.2857142857142857,1024,False,5
"[""refactor"", ""ci"", ""build"", ""test"", ""docs""]","[""refactor"", ""ci"", ""test"", ""build"", ""feat""]",0.927509069442749,"['3cca5c314ad6feeffbfe1f14cf49ebd0fd9a95a2', '32845e1bbd1efb5dbc16f671049509a409ba25ce', 'e9617f0854030e70365eb264bcb3b58078e79e9e', '454003841aabeb74396d73541378bfa59c75b5db', 'fd8e563cc19ca4684885d4692acee6bebcca4ada']",0.8,0.8,0.8000000000000002,False,0.2857142857142857,1024,False,5
"[""refactor"", ""build"", ""ci"", ""test"", ""docs""]","[""refactor"", ""feat"", ""build"", ""fix"", ""test""]",0.8950915336608887,"['062daa45cbd5dba6e96e95d8cdcaee89ae30a83c', 'f823cf28652987d43c8324b4f5b203240032383a', 'c44cf88a6ec54e5ddd99d8348bcc57b301ec7945', '933ab6bb86372913c992567cf9660009900911a7', '8ee0611fbf0cd89abe7ae588f22e6ecb843598ea']",0.6,0.6,0.6,False,0.5714285714285714,1024,False,5
"[""refactor"", ""test"", ""ci"", ""feat""]","[""refactor"", ""test"", ""docs"", ""feat"", ""ci""]",0.8219020366668701,"['36556bf8e0bce4ab6d26eafacbdad04d9614a5d7', '317f4eefecddfb1392ca71d551840f446feee302', '036a0ff49a7dade0e04c9c07071a1ff49133ee24', 'e137f9fdbdb6bf3f85c3f7ac9323785e445844c8', 'e7a67d88173566be3cd3aed7e9eeb7e29aabbc57']",1.0,0.8,0.888888888888889,False,0.14285714285714285,1024,False,5
"[""test"", ""ci"", ""refactor""]","[""test"", ""ci"", ""refactor"", ""feat"", ""fix""]",0.7223191261291504,"['e0198f74b81da3663144cfe1d971939319f82a0f', '173553c0372e66e03bdab19e0e6c2dd44daa14a0', '062daa45cbd5dba6e96e95d8cdcaee89ae30a83c', 'f823cf28652987d43c8324b4f5b203240032383a', 'bed78248c941d57ad4cc20a455147e186e97c7a1']",1.0,0.6,0.7499999999999999,False,0.2857142857142857,1024,False,5
"[""ci"", ""refactor"", ""test"", ""build""]","[""ci"", ""refactor"", ""docs"", ""fix"", ""feat""]",0.7895908355712891,"['32845e1bbd1efb5dbc16f671049509a409ba25ce', '63eab619e6166eb6cab948028a7b89bf059dd878', 'af880ac5b4fecbc6c4f3d1eee0d95f326e8bd9d1', '9be725fa3906323d4bc9788f54eccf74109d632b', 'fd8e563cc19ca4684885d4692acee6bebcca4ada']",0.5,0.4,0.4444444444444445,False,0.7142857142857143,1024,False,5
"[""docs"", ""test"", ""build""]","[""docs"", ""refactor"", ""fix"", ""test"", ""build""]",0.6965014934539795,"['bf83c9155e9bee6925aa7102fab53fb803d52533', '3cca5c314ad6feeffbfe1f14cf49ebd0fd9a95a2', '2561f4ade46fc9d59f289f328cc77733a6443697', '317f4eefecddfb1392ca71d551840f446feee302', '454003841aabeb74396d73541378bfa59c75b5db']",1.0,0.6,0.7499999999999999,False,0.2857142857142857,1024,False,5
"[""test"", ""ci"", ""refactor"", ""docs"", ""build""]","[""test"", ""ci"", ""fix"", ""docs"", ""refactor""]",0.9274468421936035,"['317f4eefecddfb1392ca71d551840f446feee302', '32845e1bbd1efb5dbc16f671049509a409ba25ce', 'c8e0ae8612df3d6f2831acc004aaac332f6105e4', '6d405dfc1675dcad64a2dfac0c0cb0fb28381d21', '062daa45cbd5dba6e96e95d8cdcaee89ae30a83c']",0.8,0.8,0.8000000000000002,False,0.2857142857142857,1024,False,5
"[""build"", ""ci"", ""docs"", ""fix"", ""refactor"", ""test""]","[""build"", ""ci"", ""test"", ""docs"", ""feat""]",1.0279912948608398,"['c55591ba157298a9c5816693c102a89dfd058830', 'dbb537a26e388a8d7d17faf131abc30c2f7a84e6', 'e0198f74b81da3663144cfe1d971939319f82a0f', '0cfc5633d37ea06f645649138323f1820e18bdee', 'dc5238b2bda98a7c4f2fe9584fc3b0191a408109']",0.6666666666666666,0.8,0.7272727272727272,False,0.42857142857142855,1024,False,5
"[""feat"", ""refactor"", ""test"", ""ci"", ""docs""]","[""refactor"", ""feat"", ""test"", ""fix"", ""ci""]",0.9288043975830078,"['535708ae50aecb452560a23356fd396f99ef13a2', 'dc5238b2bda98a7c4f2fe9584fc3b0191a408109', 'e2e8ad25854bd1e7cdbc7f50b50bbd99e04ad47d', '2561f4ade46fc9d59f289f328cc77733a6443697', 'c5fa7b80438fbd74f4c341f0d3c9bd9e0f4910da']",0.8,0.8,0.8000000000000002,False,0.2857142857142857,1024,False,5
"[""ci"", ""test"", ""build""]","[""ci"", ""docs"", ""refactor"", ""build"", ""test""]",0.6833093166351318,"['c5fa7b80438fbd74f4c341f0d3c9bd9e0f4910da', 'af880ac5b4fecbc6c4f3d1eee0d95f326e8bd9d1', '47ef9104e4a89e80d7cc6c1950bc080841da4a7b', '37b1cbfd3d2c462ef4f2a131e4172c38dc8d9ddf', 'c7b25726df94a2530c9b1c0d2b6a0acaa103822f']",1.0,0.6,0.7499999999999999,False,0.2857142857142857,1024,False,5
"[""build"", ""docs"", ""refactor""]","[""build"", ""docs"", ""refactor"", ""test"", ""feat""]",0.6991467475891113,"['454003841aabeb74396d73541378bfa59c75b5db', 'aca23027da1295c78fdf42ba9687d8ccc88784d7', '771857b1df9470ebc15357e8879118a72c649d5b', 'bedc7950b24c37809e36a585b7985d5aa5e3e458', 'e137f9fdbdb6bf3f85c3f7ac9323785e445844c8']",1.0,0.6,0.7499999999999999,False,0.2857142857142857,1024,False,5
"[""ci"", ""refactor"", ""test"", ""docs"", ""build""]","[""ci"", ""feat"", ""fix"", ""docs"", ""test""]",0.9311504364013672,"['74e9de5ec97dc013a52aa063dff0f40ac74c407b', 'ded26d768ff432ad3bde3c0aa1e95ce50726100a', '9be725fa3906323d4bc9788f54eccf74109d632b', 'a52a585d74894b3b4eeb8c784fa089ff95cddad0', 'e9617f0854030e70365eb264bcb3b58078e79e9e']",0.6,0.6,0.6,False,0.5714285714285714,1024,False,5
"[""feat"", ""ci"", ""test"", ""refactor"", ""docs"", ""build""]","[""feat"", ""build"", ""test"", ""docs"", ""fix""]",1.0613160133361816,"['f9a094918b62534614c47aa8a13f33aec751a1e0', 'e4a11fd5c34942ba12737f1c8c084489428ee274', '229b53a632ea97d47c4be11f096bdd828fb415d8', '036a0ff49a7dade0e04c9c07071a1ff49133ee24', '2561f4ade46fc9d59f289f328cc77733a6443697']",0.6666666666666666,0.8,0.7272727272727272,False,0.42857142857142855,1024,False,5
"[""ci"", ""docs"", ""test"", ""refactor""]","[""build"", ""docs"", ""test"", ""fix"", ""ci""]",0.8571059703826904,"['e4a11fd5c34942ba12737f1c8c084489428ee274', 'aca23027da1295c78fdf42ba9687d8ccc88784d7', 'e9617f0854030e70365eb264bcb3b58078e79e9e', '9ef5c0d14193a9abb09b39856f58477d1f4b0d77', '4cbbd2552ba0de273e1dfe7d453c5b3efed751a3']",0.75,0.6,0.6666666666666665,False,0.42857142857142855,1024,False,5
"[""feat"", ""refactor"", ""ci"", ""test"", ""docs"", ""build""]","[""feat"", ""fix"", ""ci"", ""docs"", ""test""]",1.0581541061401367,"['f9a094918b62534614c47aa8a13f33aec751a1e0', '2561f4ade46fc9d59f289f328cc77733a6443697', '45837af24a33308a70a3454f0f650f9fe728e272', '036a0ff49a7dade0e04c9c07071a1ff49133ee24', 'b7ce2894fd1794064bd6db4ed730bb6cb7728739']",0.6666666666666666,0.8,0.7272727272727272,False,0.42857142857142855,1024,False,5
"[""refactor"", ""ci"", ""build"", ""test"", ""docs""]","[""feat"", ""refactor"", ""build"", ""fix"", ""docs""]",0.9548046588897705,"['ded26d768ff432ad3bde3c0aa1e95ce50726100a', '062daa45cbd5dba6e96e95d8cdcaee89ae30a83c', '37b1cbfd3d2c462ef4f2a131e4172c38dc8d9ddf', '933ab6bb86372913c992567cf9660009900911a7', '036a0ff49a7dade0e04c9c07071a1ff49133ee24']",0.6,0.6,0.6,False,0.5714285714285714,1024,False,5
"[""test"", ""build"", ""ci"", ""docs"", ""feat"", ""fix"", ""refactor""]","[""test"", ""build"", ""feat"", ""fix"", ""docs""]",1.1473724842071533,"['f411e58cd510f8a2b980b2f1932003a0c0e9f8f3', 'c44cf88a6ec54e5ddd99d8348bcc57b301ec7945', '1bcf88670b50155b50071e707f98f30cea0b7a24', '9be725fa3906323d4bc9788f54eccf74109d632b', 'a52a585d74894b3b4eeb8c784fa089ff95cddad0']",0.7142857142857143,1.0,0.8333333333333333,False,0.2857142857142857,1024,False,5
"[""feat"", ""ci"", ""test"", ""refactor"", ""build""]","[""fix"", ""feat"", ""test"", ""ci"", ""docs""]",0.9263091087341309,"['933ab6bb86372913c992567cf9660009900911a7', '6ed56ce9ae743ba9a87e6c9643cc06b1de7b748d', 'e2e8ad25854bd1e7cdbc7f50b50bbd99e04ad47d', 'e96487ad7ce90b141219d9032fa2bed68d5dae6a', '036a0ff49a7dade0e04c9c07071a1ff49133ee24']",0.6,0.6,0.6,False,0.5714285714285714,1024,False,5
"[""test"", ""ci"", ""build"", ""refactor""]","[""test"", ""refactor"", ""ci"", ""build"", ""fix""]",0.7919824123382568,"['e0198f74b81da3663144cfe1d971939319f82a0f', '3cca5c314ad6feeffbfe1f14cf49ebd0fd9a95a2', '45837af24a33308a70a3454f0f650f9fe728e272', '5b81fde8a72cf2e69a10e9f5c4f0bea0a2b8c3e0', '9ef5c0d14193a9abb09b39856f58477d1f4b0d77']",1.0,0.8,0.888888888888889,False,0.14285714285714285,1024,False,5
"[""build"", ""ci"", ""docs"", ""feat"", ""fix"", ""refactor"", ""test""]","[""build"", ""feat"", ""refactor"", ""ci"", ""test""]",1.1246016025543213,"['c55591ba157298a9c5816693c102a89dfd058830', '1bcf88670b50155b50071e707f98f30cea0b7a24', '1db13ec43727aca872a0f3836e4023ed85db665e', 'dbb537a26e388a8d7d17faf131abc30c2f7a84e6', 'e2e8ad25854bd1e7cdbc7f50b50bbd99e04ad47d']",0.7142857142857143,1.0,0.8333333333333333,False,0.2857142857142857,1024,False,5
"[""feat"", ""ci"", ""test"", ""refactor"", ""build""]","[""feat"", ""refactor"", ""test"", ""ci"", ""build""]",0.9177184104919434,"['e137f9fdbdb6bf3f85c3f7ac9323785e445844c8', 'a62314d9bb632be6af026686615d14b912250512', 'b7ce2894fd1794064bd6db4ed730bb6cb7728739', '45837af24a33308a70a3454f0f650f9fe728e272', '454003841aabeb74396d73541378bfa59c75b5db']",1.0,1.0,1.0,True,0.0,1024,False,5
"[""test"", ""ci"", ""docs"", ""refactor""]","[""test"", ""fix"", ""build"", ""refactor"", ""docs""]",0.8155474662780762,"['317f4eefecddfb1392ca71d551840f446feee302', '06e2be4e2019b6fa714e1fcb34485860ef1ede79', '32b92cfa0b74a6c25990e32ac6aab12b8496794c', '535708ae50aecb452560a23356fd396f99ef13a2', 'aca23027da1295c78fdf42ba9687d8ccc88784d7']",0.75,0.6,0.6666666666666665,False,0.42857142857142855,1024,False,5
"[""ci"", ""build"", ""test"", ""refactor"", ""docs""]","[""ci"", ""feat"", ""build"", ""fix"", ""test""]",0.9440338611602783,"['173553c0372e66e03bdab19e0e6c2dd44daa14a0', '6ed56ce9ae743ba9a87e6c9643cc06b1de7b748d', '32b92cfa0b74a6c25990e32ac6aab12b8496794c', '933ab6bb86372913c992567cf9660009900911a7', 'e9617f0854030e70365eb264bcb3b58078e79e9e']",0.6,0.6,0.6,False,0.5714285714285714,1024,False,5
"[""ci"", ""test"", ""build""]","[""ci"", ""test"", ""fix"", ""feat"", ""build""]",0.6837999820709229,"['dbb537a26e388a8d7d17faf131abc30c2f7a84e6', 'e2e8ad25854bd1e7cdbc7f50b50bbd99e04ad47d', '933ab6bb86372913c992567cf9660009900911a7', 'b282e90e2cbb74559aab79eee8443a4d7c85502a', 'c55591ba157298a9c5816693c102a89dfd058830']",1.0,0.6,0.7499999999999999,False,0.2857142857142857,1024,False,5
"[""test"", ""ci"", ""refactor""]","[""test"", ""build"", ""feat"", ""fix"", ""ci""]",0.7573704719543457,"['317f4eefecddfb1392ca71d551840f446feee302', 'e4a11fd5c34942ba12737f1c8c084489428ee274', 'ded26d768ff432ad3bde3c0aa1e95ce50726100a', 'd129eaf9125a967ac86c6c7276bbae6b4d50af36', '173553c0372e66e03bdab19e0e6c2dd44daa14a0']",0.6666666666666666,0.4,0.5,False,0.5714285714285714,1024,False,5
"[""test"", ""ci"", ""refactor"", ""docs""]","[""test"", ""build"", ""refactor"", ""docs"", ""feat""]",0.7622330188751221,"['bedc7950b24c37809e36a585b7985d5aa5e3e458', '5b81fde8a72cf2e69a10e9f5c4f0bea0a2b8c3e0', '47ef9104e4a89e80d7cc6c1950bc080841da4a7b', 'aca23027da1295c78fdf42ba9687d8ccc88784d7', 'f823cf28652987d43c8324b4f5b203240032383a']",0.75,0.6,0.6666666666666665,False,0.42857142857142855,1024,False,5
"[""build"", ""ci"", ""refactor"", ""docs""]","[""build"", ""ci"", ""feat"", ""docs"", ""fix""]",0.7941651344299316,"['5b81fde8a72cf2e69a10e9f5c4f0bea0a2b8c3e0', 'c5fa7b80438fbd74f4c341f0d3c9bd9e0f4910da', '68278b00450f2679761a2999500f6d87a579376b', 'a52a585d74894b3b4eeb8c784fa089ff95cddad0', '06e2be4e2019b6fa714e1fcb34485860ef1ede79']",0.75,0.6,0.6666666666666665,False,0.42857142857142855,1024,False,5
"[""test"", ""ci"", ""refactor""]","[""test"", ""build"", ""refactor"", ""fix"", ""ci""]",0.722670316696167,"['e0198f74b81da3663144cfe1d971939319f82a0f', '5b81fde8a72cf2e69a10e9f5c4f0bea0a2b8c3e0', '3cca5c314ad6feeffbfe1f14cf49ebd0fd9a95a2', '87d5d4e55ab7149b593d29410f1fe426ba2447d4', '74e9de5ec97dc013a52aa063dff0f40ac74c407b']",1.0,0.6,0.7499999999999999,False,0.2857142857142857,1024,False,5
"[""feat"", ""test"", ""ci"", ""build"", ""docs""]","[""feat"", ""build"", ""fix"", ""ci"", ""test""]",0.8886444568634033,"['6ed56ce9ae743ba9a87e6c9643cc06b1de7b748d', 'c323d59c607cabc91f17a78528d998f376f30b10', '87d5d4e55ab7149b593d29410f1fe426ba2447d4', 'c5fa7b80438fbd74f4c341f0d3c9bd9e0f4910da', 'e9617f0854030e70365eb264bcb3b58078e79e9e']",0.8,0.8,0.8000000000000002,False,0.2857142857142857,1024,False,5
"[""build"", ""ci"", ""refactor"", ""test""]","[""build"", ""test"", ""refactor"", ""feat"", ""ci""]",0.7641706466674805,"['5b81fde8a72cf2e69a10e9f5c4f0bea0a2b8c3e0', 'e9617f0854030e70365eb264bcb3b58078e79e9e', '2954a0955ce9af6acb345ed1e8328e145ad30475', '68278b00450f2679761a2999500f6d87a579376b', 'e96487ad7ce90b141219d9032fa2bed68d5dae6a']",1.0,0.8,0.888888888888889,False,0.14285714285714285,1024,False,5
"[""ci"", ""docs"", ""feat"", ""refactor""]","[""ci"", ""refactor"", ""docs"", ""feat"", ""fix""]",0.8439571857452393,"['4cbbd2552ba0de273e1dfe7d453c5b3efed751a3', '535708ae50aecb452560a23356fd396f99ef13a2', 'e12d9e77a6fd531a22325337838a841b1c67f00d', 'fd8e563cc19ca4684885d4692acee6bebcca4ada', '9be725fa3906323d4bc9788f54eccf74109d632b']",1.0,0.8,0.888888888888889,False,0.14285714285714285,1024,False,5
"[""ci"", ""refactor"", ""docs""]","[""ci"", ""fix"", ""feat"", ""docs"", ""refactor""]",0.74989914894104,"['c5fa7b80438fbd74f4c341f0d3c9bd9e0f4910da', 'bed78248c941d57ad4cc20a455147e186e97c7a1', 'b282e90e2cbb74559aab79eee8443a4d7c85502a', 'bf83c9155e9bee6925aa7102fab53fb803d52533', '771857b1df9470ebc15357e8879118a72c649d5b']",1.0,0.6,0.7499999999999999,False,0.2857142857142857,1024,False,5
