predicted_types,actual_types,inference_time,shas,precision,recall,f1,exact_match,hamming_loss,context_len,with_message,concern_count
"[""test"", ""fix""]","[""test""]",1.2569253561086953,"[""7c48976f943e1e9b5850967b6f2963a205476ded""]",0.5,1.0,0.6666666666666666,False,0.14285714285714285,2048,True,1
"[""feat"", ""test""]","[""refactor""]",1.3574081379920244,"[""5748ff57ebafe94c4979eafa790d9a84812ca440""]",0.0,0.0,0.0,False,0.42857142857142855,2048,True,1
"[""docs""]","[""docs""]",0.7820328562520444,"[""be8dd55c2179a1743ddbda56b5e88a1a89c92bcc""]",1.0,1.0,1.0,True,0.0,2048,True,1
"[""feat""]","[""feat""]",0.5968438796699047,"[""15b8e4bc9349ce017f65e10b95cae48b0aa11828""]",1.0,1.0,1.0,True,0.0,2048,True,1
"[""build""]","[""build""]",0.8229624731466174,"[""37b1cbfd3d2c462ef4f2a131e4172c38dc8d9ddf""]",1.0,1.0,1.0,True,0.0,2048,True,1
"[""ci""]","[""ci""]",0.7618201137520373,"[""8d2e23bde626eaed6e5b13384cc7ac38bab5ea66""]",1.0,1.0,1.0,True,0.0,2048,True,1
"[""fix"", ""test""]","[""fix""]",1.295299130026251,"[""44ac09d356fa02bdbb840638846f7a7500700d23""]",0.5,1.0,0.6666666666666666,False,0.14285714285714285,2048,True,1
"[""ci"", ""build""]","[""ci""]",0.9131751861423254,"[""be44bbdeb52c6025e81c99528ed7b0d932c5be18""]",0.5,1.0,0.6666666666666666,False,0.14285714285714285,2048,True,1
"[""build""]","[""build""]",0.7531562461517751,"[""b7e38fb62aa6e8a30d72dec063b1adccd089d0aa""]",1.0,1.0,1.0,True,0.0,2048,True,1
"[""feat""]","[""refactor""]",1.231371542904526,"[""3e0e30ecebaf23f0c36fa4811426f8f4e0057cfe""]",0.0,0.0,0.0,False,0.2857142857142857,2048,True,1
"[""feat"", ""refactor""]","[""feat""]",1.4105674978345633,"[""293f301a4bb248799c467d1fef413ed3909f47a4""]",0.5,1.0,0.6666666666666666,False,0.14285714285714285,2048,True,1
"[""test""]","[""test""]",0.8269349429756403,"[""6c7398993bc567ec84e4573b6ededbf50b1ef606""]",1.0,1.0,1.0,True,0.0,2048,True,1
"[""docs""]","[""docs""]",0.6295546079054475,"[""036a0ff49a7dade0e04c9c07071a1ff49133ee24""]",1.0,1.0,1.0,True,0.0,2048,True,1
"[""fix""]","[""fix""]",0.9129153452813625,"[""73b8948ea1d49e05ae8c63b17926eda4cb04e9bb""]",1.0,1.0,1.0,True,0.0,2048,True,1
"[""build""]","[""fix""]",0.7568196072243154,"[""ccd1946a375e2ac10c3c591b04a435c4bc5170c2""]",0.0,0.0,0.0,False,0.2857142857142857,2048,True,1
"[""feat""]","[""feat""]",1.226415054872632,"[""542f0cad5337de15428f0b6567ce4efd20a19a48""]",1.0,1.0,1.0,True,0.0,2048,True,1
"[""build""]","[""build""]",0.8727036458440125,"[""4ab28fc2e63e975a0c77e18ae644f34fa5f8771a""]",1.0,1.0,1.0,True,0.0,2048,True,1
"[""ci"", ""build"", ""refactor""]","[""ci""]",1.0746136787347496,"[""b7b9c23698e7238eda26a1135018625181badd82""]",0.3333333333333333,1.0,0.5,False,0.2857142857142857,2048,True,1
"[""fix""]","[""refactor""]",0.7526440871879458,"[""190aef43fd30e693af822c176f9b686591568719""]",0.0,0.0,0.0,False,0.2857142857142857,2048,True,1
"[""test""]","[""test""]",0.7218668130226433,"[""960af3a1c31fe2b5ab32e580089f67c9da816fcc""]",1.0,1.0,1.0,True,0.0,2048,True,1
"[""docs""]","[""docs""]",0.7189418459311128,"[""527e0abd0f88cb3ae2dc1a6ec7a62c241250444d""]",1.0,1.0,1.0,True,0.0,2048,True,1
"[""docs""]","[""docs""]",0.827028720639646,"[""ee7cc5d5a940fba774e715b1f029c6361110b108""]",1.0,1.0,1.0,True,0.0,2048,True,1
"[""feat"", ""docs""]","[""feat""]",1.3590565589256585,"[""8a954673531d6935f5517535b9068639ed5cff0d""]",0.5,1.0,0.6666666666666666,False,0.14285714285714285,2048,True,1
"[""refactor""]","[""refactor""]",0.9528570058755577,"[""0e4ede620dd9a2cdc13ab9cc6da05577b39fddb8""]",1.0,1.0,1.0,True,0.0,2048,True,1
"[""build""]","[""build""]",0.8481684909202158,"[""ecc481f9f501aa34b41e06e7bbdde6e79f8ca1bb""]",1.0,1.0,1.0,True,0.0,2048,True,1
"[""build""]","[""ci""]",0.7210847763344646,"[""bda1822851d9be04f0d39f2213d1e2066eb115c8""]",0.0,0.0,0.0,False,0.2857142857142857,2048,True,1
"[""test""]","[""test""]",0.6670366548933089,"[""7df6b872b9c820a35572b926d2496460a4c8b24a""]",1.0,1.0,1.0,True,0.0,2048,True,1
"[""fix""]","[""fix""]",0.7215240793302655,"[""c4d9e5023fa0f88ba283b37da27677ceda1cbfbb""]",1.0,1.0,1.0,True,0.0,2048,True,1
"[""fix""]","[""fix""]",1.2218477660790086,"[""0d43299ccee2b2e018fae24896c45d8d8be66bc6""]",1.0,1.0,1.0,True,0.0,2048,True,1
"[""test""]","[""test""]",1.2225743811577559,"[""90a48c74f6faa0829d3809f739a42c0133e63ae0""]",1.0,1.0,1.0,True,0.0,2048,True,1
"[""refactor""]","[""refactor""]",0.8007259699515998,"[""e8a8edadc5c25d6410462b89a48e0602e0cbbc7f""]",1.0,1.0,1.0,True,0.0,2048,True,1
"[""docs""]","[""docs""]",0.629902504850179,"[""9849430b11b92ae58d94cfe4d0b06313c7eab550""]",1.0,1.0,1.0,True,0.0,2048,True,1
"[""build""]","[""build""]",0.8261414342559874,"[""45bbdaba1490a3216decb2c1a88b8f7041a3d505""]",1.0,1.0,1.0,True,0.0,2048,True,1
"[""feat""]","[""feat""]",0.759275448974222,"[""1ae8bf1195b197daa80ba6e45360f8b894364cd4""]",1.0,1.0,1.0,True,0.0,2048,True,1
"[""ci""]","[""ci""]",0.8258632700890303,"[""976c34b6fdc32a7f3337f98e67a7c9e4ee9e793e""]",1.0,1.0,1.0,True,0.0,2048,True,1
"[""refactor"", ""test""]","[""refactor""]",1.0130787710659206,"[""1c8ff5cf2feb3ce0b7d0fbfc43be8d20f5b73287""]",0.5,1.0,0.6666666666666666,False,0.14285714285714285,2048,True,1
"[""ci""]","[""docs""]",0.6873248610645533,"[""e50a61d63755a4a955c2a6535a865773e2ac01d5""]",0.0,0.0,0.0,False,0.2857142857142857,2048,True,1
"[""fix"", ""test""]","[""test""]",0.7088250610977411,"[""076b9f5efc109b481074a81957e24ce9f4a69f08""]",0.5,1.0,0.6666666666666666,False,0.14285714285714285,2048,True,1
"[""build""]","[""build""]",1.298720182850957,"[""b2415c4d3de7b5d6da47668a3de630c07b30b300""]",1.0,1.0,1.0,True,0.0,2048,True,1
"[""refactor""]","[""fix""]",0.9595778961665928,"[""a81bbb83d64867f08c4d1be10919ef6806a1bf51""]",0.0,0.0,0.0,False,0.2857142857142857,2048,True,1
"[""feat"", ""test""]","[""feat""]",1.296869135927409,"[""3730075261bc81df68f9d10f12a2d6bbffd8493c""]",0.5,1.0,0.6666666666666666,False,0.14285714285714285,2048,True,1
"[""ci"", ""build""]","[""ci""]",0.9685398656874895,"[""db55dae208e4807898e6c747cefdf9bfcb4fd08c""]",0.5,1.0,0.6666666666666666,False,0.14285714285714285,2048,True,1
"[""feat"", ""fix"", ""refactor"", ""docs"", ""test"", ""ci"", ""build""]","[""docs""]",2.4778522280976176,"[""dfab97842fe78fb8f217a5185fb6ec92682a53ca""]",0.14285714285714285,1.0,0.25,False,0.8571428571428571,2048,True,1
"[""feat""]","[""feat""]",1.0865179928950965,"[""73211952964a79d97b434dd567e6d7d34be7feb5""]",1.0,1.0,1.0,True,0.0,2048,True,1
"[""test""]","[""refactor""]",0.7517314311116934,"[""fba4326c72fc22d81aba6976a9fef1e4b6154fd9""]",0.0,0.0,0.0,False,0.2857142857142857,2048,True,1
"[""ci""]","[""ci""]",0.6922512720339,"[""6f5b1103c0893d13b42f1f7c6504c9c339840be3""]",1.0,1.0,1.0,True,0.0,2048,True,1
"[""refactor""]","[""fix""]",0.7705127401277423,"[""2b1ad9d10fc5685ec75f362a73229569f03344ca""]",0.0,0.0,0.0,False,0.2857142857142857,2048,True,1
"[""build"", ""test""]","[""test""]",1.1372295920737088,"[""cd2bfb9b2298e8cd91013808547b35a9c40f46f1""]",0.5,1.0,0.6666666666666666,False,0.14285714285714285,2048,True,1
"[""build""]","[""build""]",0.9120493130758405,"[""607ecc92b5f8c084304e406eec725b7dcfa0a562""]",1.0,1.0,1.0,True,0.0,2048,True,1
"[""refactor""]","[""refactor""]",0.8776403041556478,"[""b98a8fed0b67b99ef4f8373aea904f847315e468""]",1.0,1.0,1.0,True,0.0,2048,True,1
"[""docs""]","[""docs""]",0.7550162789411843,"[""144388439d64e049cbed4e37659e819856d6987f""]",1.0,1.0,1.0,True,0.0,2048,True,1
"[""ci""]","[""build""]",0.6343258339911699,"[""88129ee45b1d49bc4ff887f3b488464cc7097e29""]",0.0,0.0,0.0,False,0.2857142857142857,2048,True,1
"[""feat""]","[""feat""]",0.8504381109960377,"[""5e09c9128f13c45d54df685b0a17dc8e3f7ff02c""]",1.0,1.0,1.0,True,0.0,2048,True,1
"[""test""]","[""test""]",0.7190577047877014,"[""e77f6751182595fe08940d67e11a90416c8dd6fd""]",1.0,1.0,1.0,True,0.0,2048,True,1
"[""ci"", ""build""]","[""ci""]",0.9911405122838914,"[""bb00890fa896936d0be09cc5e5f411fb5e64aa5f""]",0.5,1.0,0.6666666666666666,False,0.14285714285714285,2048,True,1
"[""fix""]","[""fix""]",0.7225940260104835,"[""c1d3b58fd20995b1b9ca4e6771e3fa375242b02d""]",1.0,1.0,1.0,True,0.0,2048,True,1
"[""fix""]","[""fix""]",0.6955235293135047,"[""be2cbd9480fcbd60c3011ca57f1d761185cf52bd""]",1.0,1.0,1.0,True,0.0,2048,True,1
"[""refactor""]","[""refactor""]",0.7675561592914164,"[""8f1034b79f894b4b1112a4bc1903f37f22f7f5ed""]",1.0,1.0,1.0,True,0.0,2048,True,1
"[""docs""]","[""docs""]",0.8342352672480047,"[""16124286236edf03a6199720ba1629a35e3fe1aa""]",1.0,1.0,1.0,True,0.0,2048,True,1
"[""test""]","[""test""]",0.6345597272738814,"[""cdbc37711fa9c64b2cfa767766ca55c95c1736f7""]",1.0,1.0,1.0,True,0.0,2048,True,1
"[""ci""]","[""ci""]",0.9650811138562858,"[""5ebfebf86e60aae2610eb0ed84d177d53cd75f9d""]",1.0,1.0,1.0,True,0.0,2048,True,1
"[""feat""]","[""feat""]",1.2285183458589017,"[""ded26d768ff432ad3bde3c0aa1e95ce50726100a""]",1.0,1.0,1.0,True,0.0,2048,True,1
"[""build"", ""refactor""]","[""build""]",0.946906273253262,"[""f46c6c6c26a14312aa05a77ff2a14aebd74e13ac""]",0.5,1.0,0.6666666666666666,False,0.14285714285714285,2048,True,1
"[""feat""]","[""feat""]",1.0256285881623626,"[""bea32587586ca08f390c901a95e9b9c25263f4df""]",1.0,1.0,1.0,True,0.0,2048,True,1
"[""docs""]","[""docs""]",0.8545908750966191,"[""26994fb090d4ed0daf9b8ba960b4690fac08e340""]",1.0,1.0,1.0,True,0.0,2048,True,1
"[""fix"", ""test""]","[""fix""]",1.3599975151009858,"[""80242b34468398e835e5b3fc5ac345dbae4bcc7e""]",0.5,1.0,0.6666666666666666,False,0.14285714285714285,2048,True,1
"[""build""]","[""refactor""]",0.7720569451339543,"[""f9447355b93d67961c4a6b04bde3e83a394458ab""]",0.0,0.0,0.0,False,0.2857142857142857,2048,True,1
"[""ci""]","[""ci""]",0.816372302826494,"[""8fe29cdc76480adc79701e4c492ff1e87566f569""]",1.0,1.0,1.0,True,0.0,2048,True,1
"[""docs"", ""build""]","[""build""]",0.9080946650356054,"[""4542d9973a848a2bd4f9baf12992efe7d7a69f2c""]",0.5,1.0,0.6666666666666666,False,0.14285714285714285,2048,True,1
"[""test""]","[""test""]",0.6293437574058771,"[""e053bb5190b033d4edb35a0718d3c414ae366431""]",1.0,1.0,1.0,True,0.0,2048,True,1
"[""docs"", ""fix""]","[""docs"", ""refactor""]",1.1649502590298653,"[""144388439d64e049cbed4e37659e819856d6987f"", ""5748ff57ebafe94c4979eafa790d9a84812ca440""]",0.5,0.5,0.5,False,0.2857142857142857,2048,True,2
"[""docs"", ""build"", ""test""]","[""build"", ""test""]",1.148162147961557,"[""4542d9973a848a2bd4f9baf12992efe7d7a69f2c"", ""1f663cbe4b4a9e7a0ae89c05f824335f2a0857fd""]",0.6666666666666666,1.0,0.8,False,0.14285714285714285,2048,True,2
"[""feat"", ""fix"", ""test""]","[""feat"", ""fix""]",1.4937253692187369,"[""6f0cf049caa1a7982669ee685e86621452686551"", ""238ba1990ea68eb64bdfc6b31efebad2acb01ad6""]",0.6666666666666666,1.0,0.8,False,0.14285714285714285,2048,True,2
"[""ci"", ""docs""]","[""ci"", ""docs""]",1.078912998083979,"[""6f5b1103c0893d13b42f1f7c6504c9c339840be3"", ""01e1e33f377934099a4a725fab5cd6c5ff50eaa2""]",1.0,1.0,1.0,True,0.0,2048,True,2
"[""ci"", ""feat""]","[""ci"", ""feat""]",1.1038097497075796,"[""6f5b1103c0893d13b42f1f7c6504c9c339840be3"", ""73211952964a79d97b434dd567e6d7d34be7feb5""]",1.0,1.0,1.0,True,0.0,2048,True,2
"[""build"", ""test""]","[""build"", ""refactor""]",1.2082776138558984,"[""1ad3f41f28d2faa5229ee88b54d673275cc31036"", ""72e3eed599b3a3dd154575af344ac3e5c62dd07b""]",0.5,0.5,0.5,False,0.2857142857142857,2048,True,2
"[""fix"", ""test""]","[""fix"", ""test""]",1.1154188928194344,"[""0d43299ccee2b2e018fae24896c45d8d8be66bc6"", ""24a815b90437dbd962b5ff449f0b5146df835545""]",1.0,1.0,1.0,True,0.0,2048,True,2
"[""feat"", ""refactor"", ""test""]","[""feat"", ""refactor""]",1.5124370008707047,"[""3730075261bc81df68f9d10f12a2d6bbffd8493c"", ""0e4ede620dd9a2cdc13ab9cc6da05577b39fddb8""]",0.6666666666666666,1.0,0.8,False,0.14285714285714285,2048,True,2
"[""build"", ""docs""]","[""build"", ""docs""]",1.0567729161120951,"[""b7e38fb62aa6e8a30d72dec063b1adccd089d0aa"", ""eb51316cdfdc7258d287ba13b67ef2f42bd2b8f6""]",1.0,1.0,1.0,True,0.0,2048,True,2
"[""ci"", ""fix""]","[""ci"", ""fix""]",0.6827584481798112,"[""6f5b1103c0893d13b42f1f7c6504c9c339840be3"", ""be2cbd9480fcbd60c3011ca57f1d761185cf52bd""]",1.0,1.0,1.0,True,0.0,2048,True,2
"[""fix"", ""test""]","[""fix"", ""test""]",1.0764897400513291,"[""b131f5d67076b97b3186c820760df839bf796ad5"", ""2a7c6f5c0b1c966d6a5d103de1978a61c141648a""]",1.0,1.0,1.0,True,0.0,2048,True,2
"[""build"", ""docs""]","[""build"", ""docs""]",1.101372754201293,"[""45bbdaba1490a3216decb2c1a88b8f7041a3d505"", ""16124286236edf03a6199720ba1629a35e3fe1aa""]",1.0,1.0,1.0,True,0.0,2048,True,2
"[""feat""]","[""feat"", ""refactor""]",1.0645278226584196,"[""d61bf50f77b404e660a6e5aa9e9bc4ce415e8c18"", ""ee4bf61fb8836e249fb4ef3507dc938e70696b3f""]",1.0,0.5,0.6666666666666666,False,0.14285714285714285,2048,True,2
"[""ci"", ""test""]","[""ci"", ""test""]",1.1354694068431854,"[""bda1822851d9be04f0d39f2213d1e2066eb115c8"", ""90a48c74f6faa0829d3809f739a42c0133e63ae0""]",1.0,1.0,1.0,True,0.0,2048,True,2
"[""ci"", ""build"", ""refactor""]","[""ci"", ""refactor""]",1.3465671823360026,"[""be44bbdeb52c6025e81c99528ed7b0d932c5be18"", ""0e4ede620dd9a2cdc13ab9cc6da05577b39fddb8""]",0.6666666666666666,1.0,0.8,False,0.14285714285714285,2048,True,2
"[""feat"", ""refactor"", ""docs"", ""test""]","[""docs"", ""feat""]",1.6862879409454763,"[""0105a4ee47706d9b3aa8f22d0a75585a498731ec"", ""3709e392924aba3542514ce35bd681adca39e8ac""]",0.5,1.0,0.6666666666666666,False,0.2857142857142857,2048,True,2
"[""build"", ""test""]","[""build"", ""test""]",1.1696729552932084,"[""fd2b7a18dca63b51f4ba5de6b2e4ad2b825e735d"", ""24a815b90437dbd962b5ff449f0b5146df835545""]",1.0,1.0,1.0,True,0.0,2048,True,2
"[""ci"", ""fix"", ""test""]","[""ci"", ""fix""]",1.243515425361693,"[""bda1822851d9be04f0d39f2213d1e2066eb115c8"", ""238ba1990ea68eb64bdfc6b31efebad2acb01ad6""]",0.6666666666666666,1.0,0.8,False,0.14285714285714285,2048,True,2
"[""feat"", ""fix"", ""test""]","[""feat"", ""test""]",1.2831105426885188,"[""6b473cbdc5997af47c56a2a74f5b64da6d4c2ad7"", ""cdbc37711fa9c64b2cfa767766ca55c95c1736f7""]",0.6666666666666666,1.0,0.8,False,0.14285714285714285,2048,True,2
"[""docs"", ""fix""]","[""docs"", ""refactor""]",1.144197323359549,"[""af5ec2005504bbd836a54bfb2df0b7f6cf15f314"", ""4597f158c45a1f996ad217236d88edab69c29b22""]",0.5,0.5,0.5,False,0.2857142857142857,2048,True,2
"[""build"", ""fix""]","[""build"", ""fix""]",1.0162527817301452,"[""ecc481f9f501aa34b41e06e7bbdde6e79f8ca1bb"", ""45b386aa3f06bce06f5e03fbde0aa52c4051c8bc""]",1.0,1.0,1.0,True,0.0,2048,True,2
"[""refactor"", ""test""]","[""refactor"", ""test""]",1.0592372650280595,"[""3a86f49b725c0f66b5f04f80547042636135b49c"", ""3c812f916e06a53b899e9e3dd79760b475fa4b87""]",1.0,1.0,1.0,True,0.0,2048,True,2
"[""feat"", ""build""]","[""ci"", ""feat""]",1.1381351430900395,"[""bda1822851d9be04f0d39f2213d1e2066eb115c8"", ""ba60e126299ad057772b5516d9ab390e770f1301""]",0.5,0.5,0.5,False,0.2857142857142857,2048,True,2
"[""build"", ""docs""]","[""build"", ""docs""]",1.170508834067732,"[""0f38960851ac0fd159727d5dffb36f50268eec18"", ""a4290c7be832aaac894f9b4e69837f0eb13d9287""]",1.0,1.0,1.0,True,0.0,2048,True,2
"[""ci"", ""refactor"", ""docs""]","[""ci"", ""fix""]",1.3217392903752625,"[""0984951701c34c08392b87082824dcebc379b4e7"", ""2b1ad9d10fc5685ec75f362a73229569f03344ca""]",0.3333333333333333,0.5,0.4,False,0.42857142857142855,2048,True,2
"[""feat"", ""fix"", ""refactor"", ""docs"", ""test"", ""ci"", ""build""]","[""build"", ""docs""]",1.737547635100782,"[""b0866f62417f56bdd5a46e8f14278af79efc4d76"", ""fc9af4d0b93d69be4e201ffb18da04324e8a4a87""]",0.2857142857142857,1.0,0.4444444444444445,False,0.7142857142857143,2048,True,2
"[""test"", ""ci""]","[""feat"", ""test""]",0.9826089111156762,"[""3730075261bc81df68f9d10f12a2d6bbffd8493c"", ""076b9f5efc109b481074a81957e24ce9f4a69f08""]",0.5,0.5,0.5,False,0.2857142857142857,2048,True,2
"[""fix"", ""refactor""]","[""fix"", ""refactor""]",1.4051819029264152,"[""0d43299ccee2b2e018fae24896c45d8d8be66bc6"", ""536872b735334929f25bf70d052e739166355160""]",1.0,1.0,1.0,True,0.0,2048,True,2
"[""feat"", ""refactor"", ""test""]","[""feat"", ""refactor""]",1.5478727780282497,"[""a51716d5ac3f7aabe1428a5a6d79c6b863463ff6"", ""3a86f49b725c0f66b5f04f80547042636135b49c""]",0.6666666666666666,1.0,0.8,False,0.14285714285714285,2048,True,2
"[""build"", ""refactor""]","[""build"", ""fix""]",1.0966247282922268,"[""f46c6c6c26a14312aa05a77ff2a14aebd74e13ac"", ""3f71e37ef9bfdbc0aea89863ae3d75c0c7e4a53d""]",0.5,0.5,0.5,False,0.2857142857142857,2048,True,2
"[""ci"", ""build"", ""fix""]","[""ci"", ""test""]",1.1473722499795258,"[""be44bbdeb52c6025e81c99528ed7b0d932c5be18"", ""076b9f5efc109b481074a81957e24ce9f4a69f08""]",0.3333333333333333,0.5,0.4,False,0.42857142857142855,2048,True,2
"[""docs"", ""test""]","[""docs"", ""test""]",1.146378880366683,"[""eb51316cdfdc7258d287ba13b67ef2f42bd2b8f6"", ""625cbbca0d92b8756eac6fcacc795d90527d8975""]",1.0,1.0,1.0,True,0.0,2048,True,2
"[""fix"", ""test""]","[""fix"", ""refactor""]",1.3645999319851398,"[""f2ac6e30644848f0c5c36057d1f55551fb70952f"", ""4be836f5655fb5356fde5ddd7437125f8574705d""]",0.5,0.5,0.5,False,0.2857142857142857,2048,True,2
"[""docs"", ""feat""]","[""docs"", ""feat""]",1.3637718702666461,"[""cb1f48b56ae0de93acb72e48726c7d610a1d538e"", ""bea32587586ca08f390c901a95e9b9c25263f4df""]",1.0,1.0,1.0,True,0.0,2048,True,2
"[""build"", ""test"", ""ci""]","[""build"", ""ci""]",1.273922075983137,"[""454003841aabeb74396d73541378bfa59c75b5db"", ""bda1822851d9be04f0d39f2213d1e2066eb115c8""]",0.6666666666666666,1.0,0.8,False,0.14285714285714285,2048,True,2
"[""docs"", ""test""]","[""docs"", ""test""]",1.0525622898712754,"[""16124286236edf03a6199720ba1629a35e3fe1aa"", ""076b9f5efc109b481074a81957e24ce9f4a69f08""]",1.0,1.0,1.0,True,0.0,2048,True,2
"[""build"", ""refactor""]","[""build"", ""refactor""]",1.309448549989611,"[""ecc481f9f501aa34b41e06e7bbdde6e79f8ca1bb"", ""5748ff57ebafe94c4979eafa790d9a84812ca440""]",1.0,1.0,1.0,True,0.0,2048,True,2
"[""feat""]","[""feat"", ""fix""]",0.970217342954129,"[""73211952964a79d97b434dd567e6d7d34be7feb5"", ""be2cbd9480fcbd60c3011ca57f1d761185cf52bd""]",1.0,0.5,0.6666666666666666,False,0.14285714285714285,2048,True,2
"[""ci"", ""test""]","[""ci"", ""test""]",1.0757823223248124,"[""db2dbc13d7da2ae85cd3206d330be8ed0ebe1b2c"", ""6c7398993bc567ec84e4573b6ededbf50b1ef606""]",1.0,1.0,1.0,True,0.0,2048,True,2
"[""feat"", ""fix"", ""refactor"", ""docs"", ""test"", ""ci"", ""build""]","[""build"", ""fix""]",1.7775234887376428,"[""4ab28fc2e63e975a0c77e18ae644f34fa5f8771a"", ""b131f5d67076b97b3186c820760df839bf796ad5""]",0.2857142857142857,1.0,0.4444444444444445,False,0.7142857142857143,2048,True,2
"[""feat"", ""refactor""]","[""feat"", ""refactor""]",1.407772724982351,"[""73211952964a79d97b434dd567e6d7d34be7feb5"", ""78971fd68d7dc5c8e6811b4520cdc54e4188f733""]",1.0,1.0,1.0,True,0.0,2048,True,2
"[""ci"", ""docs""]","[""ci"", ""docs""]",0.8900558105669916,"[""6f5b1103c0893d13b42f1f7c6504c9c339840be3"", ""9849430b11b92ae58d94cfe4d0b06313c7eab550""]",1.0,1.0,1.0,True,0.0,2048,True,2
"[""docs"", ""feat""]","[""docs"", ""feat""]",1.10457494109869,"[""26994fb090d4ed0daf9b8ba960b4690fac08e340"", ""15b8e4bc9349ce017f65e10b95cae48b0aa11828""]",1.0,1.0,1.0,True,0.0,2048,True,2
"[""feat"", ""fix"", ""refactor"", ""docs"", ""test"", ""ci"", ""build""]","[""build"", ""fix""]",1.4344781199470162,"[""2d4d735d94386f5045e3b3abc022c2edcdfaef8f"", ""eb9f7b24364e86d7bcf50bb23b62c743cf5526f6""]",0.2857142857142857,1.0,0.4444444444444445,False,0.7142857142857143,2048,True,2
"[""ci"", ""build"", ""test""]","[""ci"", ""test""]",1.240240043029189,"[""14f535655d39847a85d0193559c9c0010357ba77"", ""6c7398993bc567ec84e4573b6ededbf50b1ef606""]",0.6666666666666666,1.0,0.8,False,0.14285714285714285,2048,True,2
"[""fix"", ""refactor""]","[""fix"", ""refactor""]",0.9557528006844223,"[""b131f5d67076b97b3186c820760df839bf796ad5"", ""2900e67189ec09a35fa61f3f17d386f4eb23f9bd""]",1.0,1.0,1.0,True,0.0,2048,True,2
"[""ci"", ""test"", ""refactor""]","[""ci"", ""test""]",1.0083707538433373,"[""b7b9c23698e7238eda26a1135018625181badd82"", ""1f663cbe4b4a9e7a0ae89c05f824335f2a0857fd""]",0.6666666666666666,1.0,0.8,False,0.14285714285714285,2048,True,2
"[""docs"", ""fix"", ""refactor""]","[""docs"", ""refactor""]",1.5482197990640998,"[""e9358fb4955396bfc3340418c77cbce4fa6123ee"", ""cc9df62b0b41e84da275cf6ddcb06126628713b7""]",0.6666666666666666,1.0,0.8,False,0.14285714285714285,2048,True,2
"[""ci"", ""feat""]","[""build"", ""feat""]",1.1426807311363518,"[""88129ee45b1d49bc4ff887f3b488464cc7097e29"", ""b7191a24b71cce2b7260d60de26ac8161546110e""]",0.5,0.5,0.5,False,0.2857142857142857,2048,True,2
"[""feat"", ""build""]","[""build"", ""feat""]",1.163159464020282,"[""b7e38fb62aa6e8a30d72dec063b1adccd089d0aa"", ""73211952964a79d97b434dd567e6d7d34be7feb5""]",1.0,1.0,1.0,True,0.0,2048,True,2
"[""refactor"", ""test"", ""build""]","[""refactor"", ""test""]",1.1448838943615556,"[""7e84797900f1b6f61e16d8a4766b8209673a7acb"", ""8ee0611fbf0cd89abe7ae588f22e6ecb843598ea""]",0.6666666666666666,1.0,0.8,False,0.14285714285714285,2048,True,2
"[""ci"", ""build"", ""refactor"", ""fix""]","[""ci"", ""fix""]",1.192351431120187,"[""b7b9c23698e7238eda26a1135018625181badd82"", ""c4d9e5023fa0f88ba283b37da27677ceda1cbfbb""]",0.5,1.0,0.6666666666666666,False,0.2857142857142857,2048,True,2
"[""feat"", ""test""]","[""docs"", ""test""]",1.204984376206994,"[""af82c2c910c9b5d3dd68de30c59a9e169a8934a5"", ""6c7398993bc567ec84e4573b6ededbf50b1ef606""]",0.5,0.5,0.5,False,0.2857142857142857,2048,True,2
"[""ci"", ""refactor""]","[""ci"", ""refactor""]",0.8274214430712163,"[""b7b9c23698e7238eda26a1135018625181badd82"", ""879edb6ed90f88b9ae6a3c2e8878ae1be48e0c88""]",1.0,1.0,1.0,True,0.0,2048,True,2
"[""build"", ""docs""]","[""build"", ""docs""]",0.8051630221307278,"[""0f38960851ac0fd159727d5dffb36f50268eec18"", ""e0177c25e13812306aab0b0991562d58b6d14767""]",1.0,1.0,1.0,True,0.0,2048,True,2
"[""ci"", ""feat"", ""fix""]","[""feat"", ""fix""]",1.2408348019234836,"[""ebaa20ea3f02e25f78c52cae208017a898cb6c13"", ""f9f309d1f4ef1917a89e867e6ba4c3f8d5b24d48""]",0.6666666666666666,1.0,0.8,False,0.14285714285714285,2048,True,2
"[""docs"", ""refactor"", ""build""]","[""docs"", ""fix""]",1.167854798026383,"[""b8a664c1b10f4e30a3e221a14211a3cdaf90b7f4"", ""ccd1946a375e2ac10c3c591b04a435c4bc5170c2""]",0.3333333333333333,0.5,0.4,False,0.42857142857142855,2048,True,2
"[""feat"", ""test""]","[""feat"", ""test""]",1.3640522630885243,"[""1f15f71e415ba49b21684c7a3a51c8e3faaa7cf3"", ""f87659953e9af59bc7cb314a22dd076d988ef607""]",1.0,1.0,1.0,True,0.0,2048,True,2
"[""build"", ""ci""]","[""build"", ""ci""]",0.9089273507706821,"[""b7e38fb62aa6e8a30d72dec063b1adccd089d0aa"", ""6f5b1103c0893d13b42f1f7c6504c9c339840be3""]",1.0,1.0,1.0,True,0.0,2048,True,2
"[""refactor""]","[""docs"", ""refactor""]",1.3083529202267528,"[""0105a4ee47706d9b3aa8f22d0a75585a498731ec"", ""6ed4690834161e1d250dfb0b46cd05bf07c1bb39""]",1.0,0.5,0.6666666666666666,False,0.14285714285714285,2048,True,2
"[""ci"", ""build"", ""fix""]","[""ci"", ""fix""]",1.1505827042274177,"[""db55dae208e4807898e6c747cefdf9bfcb4fd08c"", ""c4d9e5023fa0f88ba283b37da27677ceda1cbfbb""]",0.6666666666666666,1.0,0.8,False,0.14285714285714285,2048,True,2
"[""build"", ""test""]","[""build"", ""test""]",1.2642519013024867,"[""ecc481f9f501aa34b41e06e7bbdde6e79f8ca1bb"", ""3c04162664b130c9486cba54afc16b6e57c779d1""]",1.0,1.0,1.0,True,0.0,2048,True,2
"[""feat"", ""fix""]","[""feat"", ""refactor""]",1.2048124009743333,"[""8b9176b44bb01a1eef497a403b0304bc389c9aee"", ""5748ff57ebafe94c4979eafa790d9a84812ca440""]",0.5,0.5,0.5,False,0.2857142857142857,2048,True,2
"[""build"", ""feat"", ""refactor""]","[""build"", ""feat""]",1.4523798669688404,"[""f46c6c6c26a14312aa05a77ff2a14aebd74e13ac"", ""d82c76e667c01567382e3ebeb13125c5d0064324""]",0.6666666666666666,1.0,0.8,False,0.14285714285714285,2048,True,2
"[""refactor"", ""test""]","[""refactor"", ""test""]",1.034263590350747,"[""211de26da358601056dd922d63f832433d7a693b"", ""1f663cbe4b4a9e7a0ae89c05f824335f2a0857fd""]",1.0,1.0,1.0,True,0.0,2048,True,2
"[""ci"", ""docs""]","[""ci"", ""docs""]",0.9646103200502694,"[""8d2e23bde626eaed6e5b13384cc7ac38bab5ea66"", ""036a0ff49a7dade0e04c9c07071a1ff49133ee24""]",1.0,1.0,1.0,True,0.0,2048,True,2
"[""docs"", ""fix""]","[""docs"", ""fix""]",1.1411339468322694,"[""01e536c6eb273f533ac7bb1a51c4954128de2c63"", ""6849b9066f5d95b9e54c67046cfa136cf0d88b27""]",1.0,1.0,1.0,True,0.0,2048,True,2
"[""feat"", ""fix"", ""refactor"", ""docs"", ""test"", ""ci"", ""build""]","[""fix"", ""test""]",1.8641695179976523,"[""3e85aa17418f6fd2e6e32f9e55fdf7a9d8fcea9d"", ""f87659953e9af59bc7cb314a22dd076d988ef607""]",0.2857142857142857,1.0,0.4444444444444445,False,0.7142857142857143,2048,True,2
"[""docs"", ""build"", ""ci"", ""refactor""]","[""build"", ""ci""]",1.32748868688941,"[""4542d9973a848a2bd4f9baf12992efe7d7a69f2c"", ""b7b9c23698e7238eda26a1135018625181badd82""]",0.5,1.0,0.6666666666666666,False,0.2857142857142857,2048,True,2
"[""feat"", ""refactor""]","[""feat"", ""refactor""]",1.3178232787176967,"[""9025fe7e99ae76c1426be68dc80f09e235631a80"", ""3f173b8b7ce54371db277879673b3202edeb2d93""]",1.0,1.0,1.0,True,0.0,2048,True,2
"[""feat"", ""fix"", ""refactor"", ""docs"", ""test"", ""ci"", ""build""]","[""build"", ""feat"", ""refactor""]",1.9916784181259573,"[""37b1cbfd3d2c462ef4f2a131e4172c38dc8d9ddf"", ""542f0cad5337de15428f0b6567ce4efd20a19a48"", ""7adece9931eaef6aaf603b5567829bbdcb28f2d1""]",0.42857142857142855,1.0,0.6,False,0.5714285714285714,2048,True,3
"[""ci"", ""docs"", ""test""]","[""ci"", ""docs"", ""test""]",1.216085824649781,"[""6f5b1103c0893d13b42f1f7c6504c9c339840be3"", ""eb51316cdfdc7258d287ba13b67ef2f42bd2b8f6"", ""625cbbca0d92b8756eac6fcacc795d90527d8975""]",1.0,1.0,1.0,True,0.0,2048,True,3
"[""test"", ""build"", ""fix""]","[""feat"", ""fix"", ""test""]",1.299960674252361,"[""3730075261bc81df68f9d10f12a2d6bbffd8493c"", ""ccd1946a375e2ac10c3c591b04a435c4bc5170c2"", ""076b9f5efc109b481074a81957e24ce9f4a69f08""]",0.6666666666666666,0.6666666666666666,0.6666666666666666,False,0.2857142857142857,2048,True,3
"[""docs"", ""build"", ""ci"", ""refactor""]","[""build"", ""ci"", ""fix""]",1.5167470192536712,"[""4542d9973a848a2bd4f9baf12992efe7d7a69f2c"", ""b7b9c23698e7238eda26a1135018625181badd82"", ""73b8948ea1d49e05ae8c63b17926eda4cb04e9bb""]",0.5,0.6666666666666666,0.5714285714285715,False,0.42857142857142855,2048,True,3
"[""ci"", ""build"", ""refactor"", ""docs""]","[""ci"", ""docs"", ""refactor""]",1.488495386671275,"[""14f535655d39847a85d0193559c9c0010357ba77"", ""7f611e4208d0cc36c635eb0641a4b3258999ae8d"", ""d55088c612b1108ef566ec47e40fb8d1050f7451""]",0.75,1.0,0.8571428571428571,False,0.14285714285714285,2048,True,3
"[""docs"", ""fix""]","[""docs"", ""fix"", ""refactor""]",1.2062850911170244,"[""e9358fb4955396bfc3340418c77cbce4fa6123ee"", ""d5d3753c221e5164874ee99f1c6959f03fce0725"", ""7292fc7d387d83379aedf93558451bfa254acb6f""]",1.0,0.6666666666666666,0.8,False,0.14285714285714285,2048,True,3
"[""build"", ""feat"", ""test""]","[""build"", ""feat"", ""test""]",1.464767375960946,"[""afafb9a32b164df33754a36547ee134b8fbe374a"", ""293f301a4bb248799c467d1fef413ed3909f47a4"", ""24a815b90437dbd962b5ff449f0b5146df835545""]",1.0,1.0,1.0,True,0.0,2048,True,3
"[""ci"", ""build"", ""refactor""]","[""ci"", ""fix"", ""refactor""]",1.3838931829668581,"[""be44bbdeb52c6025e81c99528ed7b0d932c5be18"", ""ccd1946a375e2ac10c3c591b04a435c4bc5170c2"", ""0e4ede620dd9a2cdc13ab9cc6da05577b39fddb8""]",0.6666666666666666,0.6666666666666666,0.6666666666666666,False,0.2857142857142857,2048,True,3
"[""feat"", ""docs"", ""build""]","[""build"", ""docs"", ""feat""]",1.36357077723369,"[""b7e38fb62aa6e8a30d72dec063b1adccd089d0aa"", ""eb51316cdfdc7258d287ba13b67ef2f42bd2b8f6"", ""73211952964a79d97b434dd567e6d7d34be7feb5""]",1.0,1.0,1.0,True,0.0,2048,True,3
"[""docs"", ""build"", ""fix"", ""test""]","[""build"", ""fix"", ""test""]",1.4735839171335101,"[""4542d9973a848a2bd4f9baf12992efe7d7a69f2c"", ""73b8948ea1d49e05ae8c63b17926eda4cb04e9bb"", ""1f663cbe4b4a9e7a0ae89c05f824335f2a0857fd""]",0.75,1.0,0.8571428571428571,False,0.14285714285714285,2048,True,3
"[""build"", ""refactor"", ""test""]","[""ci"", ""refactor"", ""test""]",1.3887681639753282,"[""bda1822851d9be04f0d39f2213d1e2066eb115c8"", ""b98a8fed0b67b99ef4f8373aea904f847315e468"", ""b7e2330fa3a8d7b8a9bff01b707c44e64b845c7b""]",0.6666666666666666,0.6666666666666666,0.6666666666666666,False,0.2857142857142857,2048,True,3
"[""feat"", ""fix"", ""refactor"", ""docs"", ""test"", ""ci"", ""build""]","[""docs"", ""feat"", ""test""]",1.9929419131949544,"[""fd849bd08363df60dbc8b9b6d55bac4f5ace88f4"", ""b7191a24b71cce2b7260d60de26ac8161546110e"", ""11ffd5174bd61a2939ae58d2b2d43284302ae490""]",0.42857142857142855,1.0,0.6,False,0.5714285714285714,2048,True,3
"[""ci"", ""build"", ""docs"", ""refactor""]","[""ci"", ""docs"", ""refactor""]",1.5872115739621222,"[""be44bbdeb52c6025e81c99528ed7b0d932c5be18"", ""16124286236edf03a6199720ba1629a35e3fe1aa"", ""0e4ede620dd9a2cdc13ab9cc6da05577b39fddb8""]",0.75,1.0,0.8571428571428571,False,0.14285714285714285,2048,True,3
"[""build"", ""feat"", ""fix""]","[""build"", ""feat"", ""fix""]",1.435386168770492,"[""ecc481f9f501aa34b41e06e7bbdde6e79f8ca1bb"", ""8b9176b44bb01a1eef497a403b0304bc389c9aee"", ""cc6408b88246f20c62884a5892a6276baf7c3920""]",1.0,1.0,1.0,True,0.0,2048,True,3
"[""docs"", ""refactor"", ""test""]","[""docs"", ""fix"", ""test""]",1.3480531838722527,"[""12257ce53f94dc902df4ba087de90f52d2840ad4"", ""2b1ad9d10fc5685ec75f362a73229569f03344ca"", ""6c7398993bc567ec84e4573b6ededbf50b1ef606""]",0.6666666666666666,0.6666666666666666,0.6666666666666666,False,0.2857142857142857,2048,True,3
"[""build"", ""ci"", ""docs""]","[""build"", ""ci"", ""refactor""]",1.1414827439002693,"[""b7e38fb62aa6e8a30d72dec063b1adccd089d0aa"", ""6f5b1103c0893d13b42f1f7c6504c9c339840be3"", ""3550066c886bf253df376f303a60ed475ac42aaa""]",0.6666666666666666,0.6666666666666666,0.6666666666666666,False,0.2857142857142857,2048,True,3
"[""feat"", ""build"", ""refactor""]","[""build"", ""feat"", ""refactor""]",1.4432544033043087,"[""b7e38fb62aa6e8a30d72dec063b1adccd089d0aa"", ""73211952964a79d97b434dd567e6d7d34be7feb5"", ""8da0303bc02db5fe047cfc0631a9da41d9dc60f7""]",1.0,1.0,1.0,True,0.0,2048,True,3
"[""build"", ""docs"", ""feat"", ""test""]","[""ci"", ""feat"", ""test""]",1.4912893427535892,"[""bda1822851d9be04f0d39f2213d1e2066eb115c8"", ""988dda23984894cea097d64646196e8d6196d6b6"", ""90a48c74f6faa0829d3809f739a42c0133e63ae0""]",0.5,0.6666666666666666,0.5714285714285715,False,0.42857142857142855,2048,True,3
"[""build"", ""docs"", ""fix""]","[""build"", ""docs"", ""fix""]",1.2402374488301575,"[""ecc481f9f501aa34b41e06e7bbdde6e79f8ca1bb"", ""144388439d64e049cbed4e37659e819856d6987f"", ""45b386aa3f06bce06f5e03fbde0aa52c4051c8bc""]",1.0,1.0,1.0,True,0.0,2048,True,3
"[""docs"", ""fix"", ""test""]","[""docs"", ""fix"", ""test""]",1.1914550489746034,"[""af5ec2005504bbd836a54bfb2df0b7f6cf15f314"", ""f9f309d1f4ef1917a89e867e6ba4c3f8d5b24d48"", ""3c812f916e06a53b899e9e3dd79760b475fa4b87""]",1.0,1.0,1.0,True,0.0,2048,True,3
"[""ci"", ""build"", ""test"", ""refactor""]","[""ci"", ""feat"", ""refactor""]",1.6179258967749774,"[""be44bbdeb52c6025e81c99528ed7b0d932c5be18"", ""3730075261bc81df68f9d10f12a2d6bbffd8493c"", ""0e4ede620dd9a2cdc13ab9cc6da05577b39fddb8""]",0.5,0.6666666666666666,0.5714285714285715,False,0.42857142857142855,2048,True,3
"[""build"", ""docs"", ""fix""]","[""build"", ""docs"", ""fix""]",1.4404232860542834,"[""ecc481f9f501aa34b41e06e7bbdde6e79f8ca1bb"", ""ee7cc5d5a940fba774e715b1f029c6361110b108"", ""cc6408b88246f20c62884a5892a6276baf7c3920""]",1.0,1.0,1.0,True,0.0,2048,True,3
"[""feat"", ""docs"", ""test"", ""refactor""]","[""feat"", ""refactor"", ""test""]",1.455116856843233,"[""a84d6715a4df12cc0ee9aa6f2596ce3b04353958"", ""e8a8edadc5c25d6410462b89a48e0602e0cbbc7f"", ""e77f6751182595fe08940d67e11a90416c8dd6fd""]",0.75,1.0,0.8571428571428571,False,0.14285714285714285,2048,True,3
"[""ci"", ""docs"", ""feat""]","[""ci"", ""docs"", ""feat""]",1.435082001145929,"[""200aca9f3d1253e4e28e79464da19b701aba777e"", ""2fdecc045fdb509832a758e45412c115fa03e8e8"", ""8a954673531d6935f5517535b9068639ed5cff0d""]",1.0,1.0,1.0,True,0.0,2048,True,3
"[""ci"", ""refactor"", ""test""]","[""ci"", ""fix"", ""test""]",1.280883802101016,"[""e7ecc8763152ed6f89dbf4a6f313c276549eb0b7"", ""2b1ad9d10fc5685ec75f362a73229569f03344ca"", ""6c7398993bc567ec84e4573b6ededbf50b1ef606""]",0.6666666666666666,0.6666666666666666,0.6666666666666666,False,0.2857142857142857,2048,True,3
"[""build"", ""ci"", ""refactor""]","[""build"", ""ci"", ""refactor""]",1.4426290420815349,"[""45bbdaba1490a3216decb2c1a88b8f7041a3d505"", ""be44bbdeb52c6025e81c99528ed7b0d932c5be18"", ""0e4ede620dd9a2cdc13ab9cc6da05577b39fddb8""]",1.0,1.0,1.0,True,0.0,2048,True,3
"[""build"", ""ci"", ""fix"", ""test""]","[""build"", ""fix"", ""refactor""]",1.3154240692965686,"[""37b1cbfd3d2c462ef4f2a131e4172c38dc8d9ddf"", ""9db124c65f291a1524ed2e7db1c04a7020eaed80"", ""e2b7c0ea44b9c958f66d0cbd59fec597008f4793""]",0.5,0.6666666666666666,0.5714285714285715,False,0.42857142857142855,2048,True,3
"[""docs"", ""ci"", ""test""]","[""docs"", ""feat"", ""test""]",1.2060666847974062,"[""6ffb9ffff014c8184f6c84a02854e348f2679636"", ""ebaa20ea3f02e25f78c52cae208017a898cb6c13"", ""3c812f916e06a53b899e9e3dd79760b475fa4b87""]",0.6666666666666666,0.6666666666666666,0.6666666666666666,False,0.2857142857142857,2048,True,3
"[""ci"", ""docs"", ""refactor""]","[""ci"", ""docs"", ""fix""]",1.1987291970290244,"[""cb5634329ca9f3eaa72bb3dede79913ca8283b1b"", ""2b01808ec86fe9d8b4a93141a1b7f95e11fd6010"", ""2b1ad9d10fc5685ec75f362a73229569f03344ca""]",0.6666666666666666,0.6666666666666666,0.6666666666666666,False,0.2857142857142857,2048,True,3
"[""ci"", ""test""]","[""build"", ""refactor"", ""test""]",1.1681353808380663,"[""e0a977b2d316e7612b5d72cb02cd7d78e75dbc55"", ""72e3eed599b3a3dd154575af344ac3e5c62dd07b"", ""e77f6751182595fe08940d67e11a90416c8dd6fd""]",0.5,0.3333333333333333,0.4,False,0.42857142857142855,2048,True,3
"[""build"", ""test"", ""refactor""]","[""build"", ""feat"", ""fix""]",1.3986336360685527,"[""45bbdaba1490a3216decb2c1a88b8f7041a3d505"", ""3730075261bc81df68f9d10f12a2d6bbffd8493c"", ""ccd1946a375e2ac10c3c591b04a435c4bc5170c2""]",0.3333333333333333,0.3333333333333333,0.3333333333333333,False,0.5714285714285714,2048,True,3
"[""ci"", ""build"", ""refactor"", ""test""]","[""ci"", ""refactor"", ""test""]",1.5173534220084548,"[""be44bbdeb52c6025e81c99528ed7b0d932c5be18"", ""0e4ede620dd9a2cdc13ab9cc6da05577b39fddb8"", ""076b9f5efc109b481074a81957e24ce9f4a69f08""]",0.75,1.0,0.8571428571428571,False,0.14285714285714285,2048,True,3
"[""feat"", ""fix"", ""refactor"", ""docs"", ""test"", ""ci"", ""build""]","[""docs"", ""feat"", ""refactor""]",1.8642726843245327,"[""9849430b11b92ae58d94cfe4d0b06313c7eab550"", ""73211952964a79d97b434dd567e6d7d34be7feb5"", ""adc34a26803e2b02df0ddc0739d73cd0b6216e00""]",0.42857142857142855,1.0,0.6,False,0.5714285714285714,2048,True,3
"[""docs"", ""refactor"", ""fix""]","[""docs"", ""feat"", ""fix""]",1.3083705711178482,"[""036a0ff49a7dade0e04c9c07071a1ff49133ee24"", ""4a4c7afca7e1beadd4b213214074fdb420eb0923"", ""a81bbb83d64867f08c4d1be10919ef6806a1bf51""]",0.6666666666666666,0.6666666666666666,0.6666666666666666,False,0.2857142857142857,2048,True,3
"[""build"", ""ci"", ""fix""]","[""build"", ""ci"", ""test""]",1.283084895927459,"[""45bbdaba1490a3216decb2c1a88b8f7041a3d505"", ""be44bbdeb52c6025e81c99528ed7b0d932c5be18"", ""076b9f5efc109b481074a81957e24ce9f4a69f08""]",0.6666666666666666,0.6666666666666666,0.6666666666666666,False,0.2857142857142857,2048,True,3
"[""ci"", ""test"", ""docs"", ""refactor""]","[""ci"", ""docs"", ""fix""]",1.3719073259271681,"[""d03e345c52d1e66fe51395c701bef1c6dc3a54c0"", ""3f0ae7cf819776124d7aae792800fb9730a593a9"", ""2b1ad9d10fc5685ec75f362a73229569f03344ca""]",0.5,0.6666666666666666,0.5714285714285715,False,0.42857142857142855,2048,True,3
"[""build"", ""feat"", ""test""]","[""build"", ""feat"", ""test""]",1.1214736150577664,"[""37b1cbfd3d2c462ef4f2a131e4172c38dc8d9ddf"", ""542f0cad5337de15428f0b6567ce4efd20a19a48"", ""422940e3d7ef6850acda0be349865d737476dd10""]",1.0,1.0,1.0,True,0.0,2048,True,3
"[""feat"", ""refactor"", ""docs"", ""test""]","[""docs"", ""feat"", ""refactor""]",1.688142562750727,"[""0105a4ee47706d9b3aa8f22d0a75585a498731ec"", ""3709e392924aba3542514ce35bd681adca39e8ac"", ""cd7e8c3d3549ea05115b3f02586eeba894d86906""]",0.75,1.0,0.8571428571428571,False,0.14285714285714285,2048,True,3
"[""test"", ""ci"", ""build""]","[""fix"", ""refactor"", ""test""]",1.354780975729227,"[""974e033a3ca7484290a04201ee33856a25da0942"", ""1918d339b8e3738df83d73e1decb31b5209ee8db"", ""69a394e7ff6243457685a28911b79e47f981278c""]",0.3333333333333333,0.3333333333333333,0.3333333333333333,False,0.5714285714285714,2048,True,3
"[""feat"", ""fix"", ""refactor"", ""docs"", ""test"", ""ci"", ""build""]","[""build"", ""ci"", ""fix""]",1.9452100042253733,"[""bfe32bf10e9b6d699f694fbd095af0b3f2e6275f"", ""bda1822851d9be04f0d39f2213d1e2066eb115c8"", ""80242b34468398e835e5b3fc5ac345dbae4bcc7e""]",0.42857142857142855,1.0,0.6,False,0.5714285714285714,2048,True,3
"[""docs"", ""feat"", ""refactor""]","[""docs"", ""feat"", ""refactor""]",1.3817086457274854,"[""01e536c6eb273f533ac7bb1a51c4954128de2c63"", ""15b8e4bc9349ce017f65e10b95cae48b0aa11828"", ""e8a8edadc5c25d6410462b89a48e0602e0cbbc7f""]",1.0,1.0,1.0,True,0.0,2048,True,3
"[""build"", ""ci"", ""test""]","[""build"", ""ci"", ""test""]",1.0336374049074948,"[""b7e38fb62aa6e8a30d72dec063b1adccd089d0aa"", ""6f5b1103c0893d13b42f1f7c6504c9c339840be3"", ""625cbbca0d92b8756eac6fcacc795d90527d8975""]",1.0,1.0,1.0,True,0.0,2048,True,3
"[""feat"", ""fix"", ""build"", ""test""]","[""build"", ""feat"", ""fix""]",1.6349110663868487,"[""bfe32bf10e9b6d699f694fbd095af0b3f2e6275f"", ""ecf865f2fef03093adedf065d1732b2386a0df40"", ""238ba1990ea68eb64bdfc6b31efebad2acb01ad6""]",0.75,1.0,0.8571428571428571,False,0.14285714285714285,2048,True,3
"[""docs"", ""refactor"", ""test""]","[""docs"", ""refactor"", ""test""]",1.2369087147526443,"[""01e1e33f377934099a4a725fab5cd6c5ff50eaa2"", ""adc34a26803e2b02df0ddc0739d73cd0b6216e00"", ""625cbbca0d92b8756eac6fcacc795d90527d8975""]",1.0,1.0,1.0,True,0.0,2048,True,3
"[""ci"", ""build"", ""docs"", ""test""]","[""ci"", ""docs"", ""test""]",1.3667321493849158,"[""be44bbdeb52c6025e81c99528ed7b0d932c5be18"", ""b8a664c1b10f4e30a3e221a14211a3cdaf90b7f4"", ""076b9f5efc109b481074a81957e24ce9f4a69f08""]",0.75,1.0,0.8571428571428571,False,0.14285714285714285,2048,True,3
"[""build"", ""ci"", ""test""]","[""build"", ""ci"", ""feat""]",1.3983414368703961,"[""45bbdaba1490a3216decb2c1a88b8f7041a3d505"", ""be44bbdeb52c6025e81c99528ed7b0d932c5be18"", ""3730075261bc81df68f9d10f12a2d6bbffd8493c""]",0.6666666666666666,0.6666666666666666,0.6666666666666666,False,0.2857142857142857,2048,True,3
"[""fix"", ""test"", ""build""]","[""fix"", ""refactor"", ""test""]",1.4704335797578096,"[""238ba1990ea68eb64bdfc6b31efebad2acb01ad6"", ""d4d8bdd3a0a5cec993735abc2e8cc2feff8eae27"", ""cd2bfb9b2298e8cd91013808547b35a9c40f46f1""]",0.6666666666666666,0.6666666666666666,0.6666666666666666,False,0.2857142857142857,2048,True,3
"[""docs"", ""build"", ""refactor""]","[""docs"", ""fix"", ""refactor""]",1.4051845921203494,"[""16124286236edf03a6199720ba1629a35e3fe1aa"", ""ccd1946a375e2ac10c3c591b04a435c4bc5170c2"", ""0e4ede620dd9a2cdc13ab9cc6da05577b39fddb8""]",0.6666666666666666,0.6666666666666666,0.6666666666666666,False,0.2857142857142857,2048,True,3
"[""feat"", ""build"", ""ci""]","[""build"", ""ci"", ""feat""]",1.2351313391700387,"[""b7e38fb62aa6e8a30d72dec063b1adccd089d0aa"", ""6f5b1103c0893d13b42f1f7c6504c9c339840be3"", ""73211952964a79d97b434dd567e6d7d34be7feb5""]",1.0,1.0,1.0,True,0.0,2048,True,3
"[""docs"", ""feat"", ""test""]","[""docs"", ""feat"", ""test""]",1.466165044810623,"[""8dfd2af29bf784b242992ee9ec0fbc85753b063c"", ""8a954673531d6935f5517535b9068639ed5cff0d"", ""6c7398993bc567ec84e4573b6ededbf50b1ef606""]",1.0,1.0,1.0,True,0.0,2048,True,3
"[""build"", ""ci"", ""refactor""]","[""build"", ""ci"", ""fix""]",1.3435942251235247,"[""45bbdaba1490a3216decb2c1a88b8f7041a3d505"", ""be44bbdeb52c6025e81c99528ed7b0d932c5be18"", ""ccd1946a375e2ac10c3c591b04a435c4bc5170c2""]",0.6666666666666666,0.6666666666666666,0.6666666666666666,False,0.2857142857142857,2048,True,3
"[""build"", ""feat"", ""refactor""]","[""build"", ""feat"", ""refactor""]",1.2375013739801943,"[""0f38960851ac0fd159727d5dffb36f50268eec18"", ""1ae8bf1195b197daa80ba6e45360f8b894364cd4"", ""336b25f3ae9da5d972304662fcdb88f4719c721d""]",1.0,1.0,1.0,True,0.0,2048,True,3
"[""ci"", ""docs"", ""refactor""]","[""ci"", ""docs"", ""refactor""]",1.3845930630341172,"[""6f5b1103c0893d13b42f1f7c6504c9c339840be3"", ""eb51316cdfdc7258d287ba13b67ef2f42bd2b8f6"", ""d357640fab55e5964fe83efc3c771e53aa3222fd""]",1.0,1.0,1.0,True,0.0,2048,True,3
"[""ci"", ""fix"", ""test""]","[""feat"", ""fix"", ""test""]",1.1885435949079692,"[""ebaa20ea3f02e25f78c52cae208017a898cb6c13"", ""dc50bd35462a49058c91a939fc8830ae7a9eb692"", ""3c812f916e06a53b899e9e3dd79760b475fa4b87""]",0.6666666666666666,0.6666666666666666,0.6666666666666666,False,0.2857142857142857,2048,True,3
"[""build"", ""docs"", ""refactor""]","[""build"", ""docs"", ""refactor""]",1.3251116597093642,"[""0f38960851ac0fd159727d5dffb36f50268eec18"", ""dfab97842fe78fb8f217a5185fb6ec92682a53ca"", ""f85974761be11e0ecc85575bc4b6d5a02e438fd2""]",1.0,1.0,1.0,True,0.0,2048,True,3
"[""ci"", ""refactor"", ""test""]","[""ci"", ""fix"", ""test""]",1.2545121009461582,"[""8d2e23bde626eaed6e5b13384cc7ac38bab5ea66"", ""f9d9f859240c6f7e78b0303ea40e46622d42bc3c"", ""cdbc37711fa9c64b2cfa767766ca55c95c1736f7""]",0.6666666666666666,0.6666666666666666,0.6666666666666666,False,0.2857142857142857,2048,True,3
"[""build"", ""fix"", ""test""]","[""build"", ""fix"", ""test""]",1.1294752671383321,"[""b7e38fb62aa6e8a30d72dec063b1adccd089d0aa"", ""be2cbd9480fcbd60c3011ca57f1d761185cf52bd"", ""625cbbca0d92b8756eac6fcacc795d90527d8975""]",1.0,1.0,1.0,True,0.0,2048,True,3
"[""feat"", ""build"", ""docs"", ""test""]","[""ci"", ""feat"", ""refactor""]",1.3754160460084677,"[""bda1822851d9be04f0d39f2213d1e2066eb115c8"", ""9114362b39f5194209cd0b330af7076333f3db77"", ""fba4326c72fc22d81aba6976a9fef1e4b6154fd9""]",0.25,0.3333333333333333,0.28571428571428575,False,0.7142857142857143,2048,True,3
"[""ci"", ""docs"", ""refactor"", ""feat""]","[""ci"", ""docs"", ""feat""]",1.4605899867601693,"[""8d2e23bde626eaed6e5b13384cc7ac38bab5ea66"", ""527e0abd0f88cb3ae2dc1a6ec7a62c241250444d"", ""bbb6ee10de824f2e3259576ac01768640c884279""]",0.75,1.0,0.8571428571428571,False,0.14285714285714285,2048,True,3
"[""docs"", ""fix"", ""test""]","[""docs"", ""refactor"", ""test""]",1.3396399151533842,"[""e9358fb4955396bfc3340418c77cbce4fa6123ee"", ""eb8a8d3fc493ff8a20b19c9efac8f112ae9f5762"", ""4464cf5e89d5e570c20267d09fb1fa2b7ef66b93""]",0.6666666666666666,0.6666666666666666,0.6666666666666666,False,0.2857142857142857,2048,True,3
"[""build"", ""ci"", ""fix""]","[""build"", ""ci"", ""fix""]",1.0068233590573072,"[""b7e38fb62aa6e8a30d72dec063b1adccd089d0aa"", ""6f5b1103c0893d13b42f1f7c6504c9c339840be3"", ""be2cbd9480fcbd60c3011ca57f1d761185cf52bd""]",1.0,1.0,1.0,True,0.0,2048,True,3
"[""feat"", ""fix"", ""refactor"", ""docs"", ""test"", ""ci"", ""build""]","[""docs"", ""feat"", ""refactor""]",2.084277733694762,"[""e9358fb4955396bfc3340418c77cbce4fa6123ee"", ""3709e392924aba3542514ce35bd681adca39e8ac"", ""cd7e8c3d3549ea05115b3f02586eeba894d86906""]",0.42857142857142855,1.0,0.6,False,0.5714285714285714,2048,True,3
"[""build"", ""fix"", ""test""]","[""build"", ""fix"", ""test""]",1.3517064140178263,"[""4ab28fc2e63e975a0c77e18ae644f34fa5f8771a"", ""b131f5d67076b97b3186c820760df839bf796ad5"", ""2a7c6f5c0b1c966d6a5d103de1978a61c141648a""]",1.0,1.0,1.0,True,0.0,2048,True,3
"[""feat"", ""fix"", ""refactor"", ""docs"", ""test"", ""ci"", ""build""]","[""docs"", ""feat"", ""refactor""]",1.9884423981420696,"[""b8a664c1b10f4e30a3e221a14211a3cdaf90b7f4"", ""3730075261bc81df68f9d10f12a2d6bbffd8493c"", ""0e4ede620dd9a2cdc13ab9cc6da05577b39fddb8""]",0.42857142857142855,1.0,0.6,False,0.5714285714285714,2048,True,3
"[""ci"", ""fix"", ""test""]","[""build"", ""fix"", ""test""]",1.3059481591917574,"[""37b1cbfd3d2c462ef4f2a131e4172c38dc8d9ddf"", ""c1d3b58fd20995b1b9ca4e6771e3fa375242b02d"", ""82c47c7165a28f311cd40e132a6c24f6a7c82d4b""]",0.6666666666666666,0.6666666666666666,0.6666666666666666,False,0.2857142857142857,2048,True,3
"[""build"", ""docs"", ""feat"", ""refactor""]","[""ci"", ""feat"", ""refactor""]",1.5141578349284828,"[""bda1822851d9be04f0d39f2213d1e2066eb115c8"", ""9114362b39f5194209cd0b330af7076333f3db77"", ""d4d8bdd3a0a5cec993735abc2e8cc2feff8eae27""]",0.5,0.6666666666666666,0.5714285714285715,False,0.42857142857142855,2048,True,3
"[""feat"", ""fix"", ""refactor"", ""docs"", ""test"", ""ci"", ""build""]","[""build"", ""docs"", ""fix""]",1.7819013018161058,"[""2d4d735d94386f5045e3b3abc022c2edcdfaef8f"", ""cc553ae68766395e9f253379ddd7cf664d7befa1"", ""eb9f7b24364e86d7bcf50bb23b62c743cf5526f6""]",0.42857142857142855,1.0,0.6,False,0.5714285714285714,2048,True,3
"[""ci"", ""docs"", ""test""]","[""ci"", ""docs"", ""test""]",1.402075996156782,"[""87d576e936e234d0429ad753267a2760c5dfd314"", ""2fdecc045fdb509832a758e45412c115fa03e8e8"", ""6c7398993bc567ec84e4573b6ededbf50b1ef606""]",1.0,1.0,1.0,True,0.0,2048,True,3
"[""build""]","[""build"", ""ci"", ""test""]",1.0830539260059595,"[""454003841aabeb74396d73541378bfa59c75b5db"", ""bda1822851d9be04f0d39f2213d1e2066eb115c8"", ""cd2bfb9b2298e8cd91013808547b35a9c40f46f1""]",1.0,0.3333333333333333,0.5,False,0.2857142857142857,2048,True,3
"[""feat"", ""fix"", ""test""]","[""feat"", ""fix"", ""refactor""]",1.3979614111594856,"[""482442ecc1aaf981895a36c367abbd377fd93891"", ""80242b34468398e835e5b3fc5ac345dbae4bcc7e"", ""fba4326c72fc22d81aba6976a9fef1e4b6154fd9""]",0.6666666666666666,0.6666666666666666,0.6666666666666666,False,0.2857142857142857,2048,True,3
"[""feat"", ""fix"", ""refactor"", ""docs"", ""test"", ""ci"", ""build""]","[""build"", ""fix"", ""refactor"", ""test""]",1.9918652172200382,"[""45bbdaba1490a3216decb2c1a88b8f7041a3d505"", ""ccd1946a375e2ac10c3c591b04a435c4bc5170c2"", ""0e4ede620dd9a2cdc13ab9cc6da05577b39fddb8"", ""076b9f5efc109b481074a81957e24ce9f4a69f08""]",0.5714285714285714,1.0,0.7272727272727273,False,0.42857142857142855,2048,True,4
"[""ci"", ""docs"", ""feat"", ""refactor""]","[""ci"", ""docs"", ""feat"", ""refactor""]",1.4509274330921471,"[""6f5b1103c0893d13b42f1f7c6504c9c339840be3"", ""01e1e33f377934099a4a725fab5cd6c5ff50eaa2"", ""73211952964a79d97b434dd567e6d7d34be7feb5"", ""7d6f760a91b55967972bbd1b972307624e876805""]",1.0,1.0,1.0,True,0.0,2048,True,4
"[""build"", ""ci"", ""docs"", ""fix""]","[""build"", ""ci"", ""docs"", ""test""]",1.5708231022581458,"[""45bbdaba1490a3216decb2c1a88b8f7041a3d505"", ""be44bbdeb52c6025e81c99528ed7b0d932c5be18"", ""16124286236edf03a6199720ba1629a35e3fe1aa"", ""076b9f5efc109b481074a81957e24ce9f4a69f08""]",0.75,0.75,0.75,False,0.2857142857142857,2048,True,4
"[""feat"", ""fix"", ""docs"", ""test""]","[""feat"", ""fix"", ""refactor"", ""test""]",1.4709236877970397,"[""a84d6715a4df12cc0ee9aa6f2596ce3b04353958"", ""6849b9066f5d95b9e54c67046cfa136cf0d88b27"", ""3e0e30ecebaf23f0c36fa4811426f8f4e0057cfe"", ""e77f6751182595fe08940d67e11a90416c8dd6fd""]",0.75,0.75,0.75,False,0.2857142857142857,2048,True,4
"[""build"", ""feat"", ""fix""]","[""build"", ""ci"", ""feat"", ""fix""]",1.3142907731235027,"[""b8dfd5a2f39b4768cf070aeb9d09364577c626f9"", ""bda1822851d9be04f0d39f2213d1e2066eb115c8"", ""6f0cf049caa1a7982669ee685e86621452686551"", ""80242b34468398e835e5b3fc5ac345dbae4bcc7e""]",1.0,0.75,0.8571428571428571,False,0.14285714285714285,2048,True,4
"[""ci"", ""docs"", ""test"", ""build""]","[""ci"", ""docs"", ""feat"", ""test""]",1.4928633482195437,"[""be44bbdeb52c6025e81c99528ed7b0d932c5be18"", ""b8a664c1b10f4e30a3e221a14211a3cdaf90b7f4"", ""3730075261bc81df68f9d10f12a2d6bbffd8493c"", ""076b9f5efc109b481074a81957e24ce9f4a69f08""]",0.75,0.75,0.75,False,0.2857142857142857,2048,True,4
"[""build"", ""docs"", ""refactor"", ""fix""]","[""build"", ""docs"", ""fix"", ""refactor""]",1.4430390046909451,"[""1ad3f41f28d2faa5229ee88b54d673275cc31036"", ""cc553ae68766395e9f253379ddd7cf664d7befa1"", ""6849b9066f5d95b9e54c67046cfa136cf0d88b27"", ""e8a8edadc5c25d6410462b89a48e0602e0cbbc7f""]",1.0,1.0,1.0,True,0.0,2048,True,4
"[""build"", ""ci"", ""docs"", ""refactor""]","[""build"", ""ci"", ""docs"", ""refactor""]",1.3958751210011542,"[""b7e38fb62aa6e8a30d72dec063b1adccd089d0aa"", ""6f5b1103c0893d13b42f1f7c6504c9c339840be3"", ""01e1e33f377934099a4a725fab5cd6c5ff50eaa2"", ""86f3e3397594f8312226c5a193608a054087805c""]",1.0,1.0,1.0,True,0.0,2048,True,4
"[""feat"", ""fix"", ""refactor"", ""docs"", ""test"", ""ci"", ""build""]","[""ci"", ""feat"", ""fix"", ""test""]",1.9971554200164974,"[""bda1822851d9be04f0d39f2213d1e2066eb115c8"", ""482442ecc1aaf981895a36c367abbd377fd93891"", ""238ba1990ea68eb64bdfc6b31efebad2acb01ad6"", ""b7e2330fa3a8d7b8a9bff01b707c44e64b845c7b""]",0.5714285714285714,1.0,0.7272727272727273,False,0.42857142857142855,2048,True,4
"[""feat"", ""fix"", ""refactor"", ""docs"", ""test"", ""ci"", ""build""]","[""build"", ""docs"", ""feat"", ""refactor""]",1.990545880049467,"[""b0866f62417f56bdd5a46e8f14278af79efc4d76"", ""fc9af4d0b93d69be4e201ffb18da04324e8a4a87"", ""a84d6715a4df12cc0ee9aa6f2596ce3b04353958"", ""3e0e30ecebaf23f0c36fa4811426f8f4e0057cfe""]",0.5714285714285714,1.0,0.7272727272727273,False,0.42857142857142855,2048,True,4
"[""feat"", ""fix"", ""build"", ""test""]","[""build"", ""feat"", ""fix"", ""test""]",1.635575152002275,"[""ecc481f9f501aa34b41e06e7bbdde6e79f8ca1bb"", ""8b9176b44bb01a1eef497a403b0304bc389c9aee"", ""cc6408b88246f20c62884a5892a6276baf7c3920"", ""87427fe39d165bee2acedde8dbaa237cca3fb61e""]",1.0,1.0,1.0,True,0.0,2048,True,4
"[""ci"", ""refactor"", ""test""]","[""ci"", ""fix"", ""refactor"", ""test""]",1.3897928958758712,"[""492a7ff9c3ecdc558759f09d836830e988a189d2"", ""2b1ad9d10fc5685ec75f362a73229569f03344ca"", ""d55088c612b1108ef566ec47e40fb8d1050f7451"", ""6c7398993bc567ec84e4573b6ededbf50b1ef606""]",1.0,0.75,0.8571428571428571,False,0.14285714285714285,2048,True,4
"[""ci"", ""docs"", ""refactor"", ""test""]","[""ci"", ""docs"", ""refactor"", ""test""]",1.3889000290073454,"[""200aca9f3d1253e4e28e79464da19b701aba777e"", ""7f611e4208d0cc36c635eb0641a4b3258999ae8d"", ""8f1034b79f894b4b1112a4bc1903f37f22f7f5ed"", ""6c7398993bc567ec84e4573b6ededbf50b1ef606""]",1.0,1.0,1.0,True,0.0,2048,True,4
"[""feat"", ""fix"", ""refactor"", ""docs"", ""test"", ""ci"", ""build""]","[""build"", ""docs"", ""feat"", ""fix""]",1.98919860413298,"[""45bbdaba1490a3216decb2c1a88b8f7041a3d505"", ""b8a664c1b10f4e30a3e221a14211a3cdaf90b7f4"", ""3730075261bc81df68f9d10f12a2d6bbffd8493c"", ""ccd1946a375e2ac10c3c591b04a435c4bc5170c2""]",0.5714285714285714,1.0,0.7272727272727273,False,0.42857142857142855,2048,True,4
"[""build"", ""docs"", ""fix"", ""test""]","[""build"", ""docs"", ""fix"", ""test""]",1.4927101652137935,"[""ecc481f9f501aa34b41e06e7bbdde6e79f8ca1bb"", ""144388439d64e049cbed4e37659e819856d6987f"", ""45b386aa3f06bce06f5e03fbde0aa52c4051c8bc"", ""3c04162664b130c9486cba54afc16b6e57c779d1""]",1.0,1.0,1.0,True,0.0,2048,True,4
"[""ci"", ""feat"", ""refactor"", ""test""]","[""ci"", ""feat"", ""refactor"", ""test""]",1.5144095779396594,"[""6f5b1103c0893d13b42f1f7c6504c9c339840be3"", ""73211952964a79d97b434dd567e6d7d34be7feb5"", ""86f3e3397594f8312226c5a193608a054087805c"", ""625cbbca0d92b8756eac6fcacc795d90527d8975""]",1.0,1.0,1.0,True,0.0,2048,True,4
"[""feat"", ""build"", ""refactor"", ""test""]","[""build"", ""docs"", ""feat"", ""refactor""]",1.3924633879214525,"[""b7e38fb62aa6e8a30d72dec063b1adccd089d0aa"", ""9849430b11b92ae58d94cfe4d0b06313c7eab550"", ""73211952964a79d97b434dd567e6d7d34be7feb5"", ""adc34a26803e2b02df0ddc0739d73cd0b6216e00""]",0.75,0.75,0.75,False,0.2857142857142857,2048,True,4
"[""feat"", ""fix"", ""refactor"", ""docs"", ""test"", ""ci"", ""build""]","[""build"", ""ci"", ""fix"", ""refactor""]",1.9959018458612263,"[""bfe32bf10e9b6d699f694fbd095af0b3f2e6275f"", ""bda1822851d9be04f0d39f2213d1e2066eb115c8"", ""238ba1990ea68eb64bdfc6b31efebad2acb01ad6"", ""d4d8bdd3a0a5cec993735abc2e8cc2feff8eae27""]",0.5714285714285714,1.0,0.7272727272727273,False,0.42857142857142855,2048,True,4
"[""ci"", ""docs"", ""build"", ""refactor""]","[""ci"", ""docs"", ""fix"", ""test""]",1.5151073769666255,"[""be44bbdeb52c6025e81c99528ed7b0d932c5be18"", ""b8a664c1b10f4e30a3e221a14211a3cdaf90b7f4"", ""ccd1946a375e2ac10c3c591b04a435c4bc5170c2"", ""076b9f5efc109b481074a81957e24ce9f4a69f08""]",0.5,0.5,0.5,False,0.5714285714285714,2048,True,4
"[""build"", ""feat"", ""refactor""]","[""build"", ""docs"", ""feat"", ""refactor""]",1.3882950539700687,"[""b7e38fb62aa6e8a30d72dec063b1adccd089d0aa"", ""9849430b11b92ae58d94cfe4d0b06313c7eab550"", ""73211952964a79d97b434dd567e6d7d34be7feb5"", ""eafee3c5c124ce0c71fd854270cea39cc273b27c""]",1.0,0.75,0.8571428571428571,False,0.14285714285714285,2048,True,4
"[""ci"", ""feat"", ""refactor"", ""test""]","[""ci"", ""feat"", ""fix"", ""test""]",1.5296530341729522,"[""492a7ff9c3ecdc558759f09d836830e988a189d2"", ""8a954673531d6935f5517535b9068639ed5cff0d"", ""2b1ad9d10fc5685ec75f362a73229569f03344ca"", ""6c7398993bc567ec84e4573b6ededbf50b1ef606""]",0.75,0.75,0.75,False,0.2857142857142857,2048,True,4
"[""ci"", ""feat"", ""refactor"", ""test""]","[""ci"", ""feat"", ""refactor"", ""test""]",1.426395664922893,"[""2e65145acb5a3d20d16203142c466da0e32729ba"", ""8a954673531d6935f5517535b9068639ed5cff0d"", ""8f1034b79f894b4b1112a4bc1903f37f22f7f5ed"", ""6c7398993bc567ec84e4573b6ededbf50b1ef606""]",1.0,1.0,1.0,True,0.0,2048,True,4
"[""build"", ""docs"", ""fix""]","[""build"", ""docs"", ""fix"", ""refactor""]",1.2462049620226026,"[""b7e38fb62aa6e8a30d72dec063b1adccd089d0aa"", ""eb51316cdfdc7258d287ba13b67ef2f42bd2b8f6"", ""be2cbd9480fcbd60c3011ca57f1d761185cf52bd"", ""7f797e68d8f721dff9553ba0ba5616efc456ebb5""]",1.0,0.75,0.8571428571428571,False,0.14285714285714285,2048,True,4
"[""feat"", ""fix"", ""test"", ""build"", ""docs""]","[""build"", ""ci"", ""feat"", ""test""]",1.4990288447588682,"[""b8dfd5a2f39b4768cf070aeb9d09364577c626f9"", ""bda1822851d9be04f0d39f2213d1e2066eb115c8"", ""988dda23984894cea097d64646196e8d6196d6b6"", ""7c48976f943e1e9b5850967b6f2963a205476ded""]",0.6,0.75,0.6666666666666665,False,0.42857142857142855,2048,True,4
"[""docs"", ""ci"", ""fix"", ""refactor""]","[""docs"", ""feat"", ""fix"", ""refactor""]",1.6172446990385652,"[""3a4e21c36d76b4bea8dbb365d3c3bd005a7f3f8f"", ""ebaa20ea3f02e25f78c52cae208017a898cb6c13"", ""d129eaf9125a967ac86c6c7276bbae6b4d50af36"", ""8a9a022baa15befc325f87892c6bdae25b35bc33""]",0.75,0.75,0.75,False,0.2857142857142857,2048,True,4
"[""build"", ""ci"", ""docs"", ""test""]","[""build"", ""ci"", ""docs"", ""test""]",1.495143115054816,"[""45bbdaba1490a3216decb2c1a88b8f7041a3d505"", ""be44bbdeb52c6025e81c99528ed7b0d932c5be18"", ""b8a664c1b10f4e30a3e221a14211a3cdaf90b7f4"", ""076b9f5efc109b481074a81957e24ce9f4a69f08""]",1.0,1.0,1.0,True,0.0,2048,True,4
"[""docs"", ""build"", ""ci"", ""refactor""]","[""build"", ""ci"", ""fix"", ""refactor""]",1.6240459941327572,"[""4542d9973a848a2bd4f9baf12992efe7d7a69f2c"", ""db55dae208e4807898e6c747cefdf9bfcb4fd08c"", ""73b8948ea1d49e05ae8c63b17926eda4cb04e9bb"", ""70a00973a07520959210219fcaba2a782d76f491""]",0.75,0.75,0.75,False,0.2857142857142857,2048,True,4
"[""docs"", ""feat"", ""refactor"", ""test""]","[""docs"", ""feat"", ""fix"", ""test""]",1.579722159076482,"[""3f0ae7cf819776124d7aae792800fb9730a593a9"", ""8a954673531d6935f5517535b9068639ed5cff0d"", ""2b1ad9d10fc5685ec75f362a73229569f03344ca"", ""6c7398993bc567ec84e4573b6ededbf50b1ef606""]",0.75,0.75,0.75,False,0.2857142857142857,2048,True,4
"[""build"", ""test"", ""ci"", ""refactor"", ""fix""]","[""build"", ""feat"", ""fix"", ""test""]",1.7176187969744205,"[""45bbdaba1490a3216decb2c1a88b8f7041a3d505"", ""3730075261bc81df68f9d10f12a2d6bbffd8493c"", ""ccd1946a375e2ac10c3c591b04a435c4bc5170c2"", ""076b9f5efc109b481074a81957e24ce9f4a69f08""]",0.6,0.75,0.6666666666666665,False,0.42857142857142855,2048,True,4
"[""ci"", ""feat"", ""docs"", ""fix""]","[""ci"", ""docs"", ""feat"", ""refactor""]",1.542025225237012,"[""bb00890fa896936d0be09cc5e5f411fb5e64aa5f"", ""af82c2c910c9b5d3dd68de30c59a9e169a8934a5"", ""8a954673531d6935f5517535b9068639ed5cff0d"", ""8f1034b79f894b4b1112a4bc1903f37f22f7f5ed""]",0.75,0.75,0.75,False,0.2857142857142857,2048,True,4
"[""feat"", ""fix"", ""refactor"", ""docs"", ""test"", ""ci"", ""build""]","[""build"", ""ci"", ""refactor"", ""test""]",2.024565828964114,"[""45bbdaba1490a3216decb2c1a88b8f7041a3d505"", ""be44bbdeb52c6025e81c99528ed7b0d932c5be18"", ""0e4ede620dd9a2cdc13ab9cc6da05577b39fddb8"", ""076b9f5efc109b481074a81957e24ce9f4a69f08""]",0.5714285714285714,1.0,0.7272727272727273,False,0.42857142857142855,2048,True,4
"[""ci"", ""docs"", ""fix"", ""test""]","[""ci"", ""docs"", ""fix"", ""test""]",1.34575537731871,"[""6f5b1103c0893d13b42f1f7c6504c9c339840be3"", ""01e1e33f377934099a4a725fab5cd6c5ff50eaa2"", ""be2cbd9480fcbd60c3011ca57f1d761185cf52bd"", ""625cbbca0d92b8756eac6fcacc795d90527d8975""]",1.0,1.0,1.0,True,0.0,2048,True,4
"[""feat"", ""fix"", ""build""]","[""build"", ""feat"", ""fix"", ""refactor""]",1.3061603377573192,"[""4ab28fc2e63e975a0c77e18ae644f34fa5f8771a"", ""d61bf50f77b404e660a6e5aa9e9bc4ce415e8c18"", ""b131f5d67076b97b3186c820760df839bf796ad5"", ""905693129255e7208ca2ec63c6e07cce711047fd""]",1.0,0.75,0.8571428571428571,False,0.14285714285714285,2048,True,4
"[""ci"", ""build"", ""docs"", ""test""]","[""ci"", ""docs"", ""feat"", ""fix""]",1.49564593937248,"[""be44bbdeb52c6025e81c99528ed7b0d932c5be18"", ""b8a664c1b10f4e30a3e221a14211a3cdaf90b7f4"", ""3730075261bc81df68f9d10f12a2d6bbffd8493c"", ""ccd1946a375e2ac10c3c591b04a435c4bc5170c2""]",0.5,0.5,0.5,False,0.5714285714285714,2048,True,4
"[""build"", ""docs"", ""fix"", ""test""]","[""build"", ""docs"", ""refactor"", ""test""]",1.6381478547118604,"[""ecc481f9f501aa34b41e06e7bbdde6e79f8ca1bb"", ""ee7cc5d5a940fba774e715b1f029c6361110b108"", ""5748ff57ebafe94c4979eafa790d9a84812ca440"", ""3c04162664b130c9486cba54afc16b6e57c779d1""]",0.75,0.75,0.75,False,0.2857142857142857,2048,True,4
"[""ci"", ""test"", ""docs"", ""fix""]","[""build"", ""docs"", ""fix"", ""refactor""]",1.541998167987913,"[""e0a977b2d316e7612b5d72cb02cd7d78e75dbc55"", ""01e536c6eb273f533ac7bb1a51c4954128de2c63"", ""6849b9066f5d95b9e54c67046cfa136cf0d88b27"", ""72e3eed599b3a3dd154575af344ac3e5c62dd07b""]",0.5,0.5,0.5,False,0.5714285714285714,2048,True,4
"[""build"", ""docs"", ""feat"", ""refactor"", ""fix"", ""test""]","[""ci"", ""feat"", ""refactor"", ""test""]",1.675802601967007,"[""bda1822851d9be04f0d39f2213d1e2066eb115c8"", ""988dda23984894cea097d64646196e8d6196d6b6"", ""d4d8bdd3a0a5cec993735abc2e8cc2feff8eae27"", ""7c48976f943e1e9b5850967b6f2963a205476ded""]",0.5,0.75,0.6,False,0.5714285714285714,2048,True,4
"[""feat"", ""fix"", ""docs"", ""test""]","[""build"", ""docs"", ""feat"", ""test""]",1.3768127160146832,"[""b0866f62417f56bdd5a46e8f14278af79efc4d76"", ""969aa32659f6918cb0eeeba6b02d6485659dbdd2"", ""a84d6715a4df12cc0ee9aa6f2596ce3b04353958"", ""e77f6751182595fe08940d67e11a90416c8dd6fd""]",0.75,0.75,0.75,False,0.2857142857142857,2048,True,4
"[""feat"", ""fix"", ""build"", ""ci""]","[""build"", ""ci"", ""feat"", ""fix""]",1.3526531727984548,"[""b7e38fb62aa6e8a30d72dec063b1adccd089d0aa"", ""6f5b1103c0893d13b42f1f7c6504c9c339840be3"", ""73211952964a79d97b434dd567e6d7d34be7feb5"", ""be2cbd9480fcbd60c3011ca57f1d761185cf52bd""]",1.0,1.0,1.0,True,0.0,2048,True,4
"[""docs"", ""refactor"", ""test""]","[""docs"", ""fix"", ""refactor"", ""test""]",1.4789868742227554,"[""2fdecc045fdb509832a758e45412c115fa03e8e8"", ""2b1ad9d10fc5685ec75f362a73229569f03344ca"", ""d55088c612b1108ef566ec47e40fb8d1050f7451"", ""6c7398993bc567ec84e4573b6ededbf50b1ef606""]",1.0,0.75,0.8571428571428571,False,0.14285714285714285,2048,True,4
"[""ci"", ""fix"", ""test""]","[""ci"", ""fix"", ""refactor"", ""test""]",1.1503575681708753,"[""6f5b1103c0893d13b42f1f7c6504c9c339840be3"", ""be2cbd9480fcbd60c3011ca57f1d761185cf52bd"", ""7f797e68d8f721dff9553ba0ba5616efc456ebb5"", ""625cbbca0d92b8756eac6fcacc795d90527d8975""]",1.0,0.75,0.8571428571428571,False,0.14285714285714285,2048,True,4
"[""feat"", ""fix"", ""refactor"", ""docs"", ""test"", ""ci"", ""build""]","[""build"", ""ci"", ""docs"", ""feat""]",2.0749603398144245,"[""45bbdaba1490a3216decb2c1a88b8f7041a3d505"", ""be44bbdeb52c6025e81c99528ed7b0d932c5be18"", ""16124286236edf03a6199720ba1629a35e3fe1aa"", ""3730075261bc81df68f9d10f12a2d6bbffd8493c""]",0.5714285714285714,1.0,0.7272727272727273,False,0.42857142857142855,2048,True,4
"[""feat"", ""fix"", ""test""]","[""feat"", ""fix"", ""refactor"", ""test""]",1.400385290849954,"[""5e09c9128f13c45d54df685b0a17dc8e3f7ff02c"", ""b131f5d67076b97b3186c820760df839bf796ad5"", ""731626ece358b9db69dceeeca91c94920b178bdd"", ""2a7c6f5c0b1c966d6a5d103de1978a61c141648a""]",1.0,0.75,0.8571428571428571,False,0.14285714285714285,2048,True,4
"[""feat"", ""build"", ""ci"", ""docs""]","[""build"", ""ci"", ""docs"", ""feat""]",1.4450737801380455,"[""b7e38fb62aa6e8a30d72dec063b1adccd089d0aa"", ""6f5b1103c0893d13b42f1f7c6504c9c339840be3"", ""01e1e33f377934099a4a725fab5cd6c5ff50eaa2"", ""73211952964a79d97b434dd567e6d7d34be7feb5""]",1.0,1.0,1.0,True,0.0,2048,True,4
"[""ci"", ""docs"", ""refactor"", ""test""]","[""ci"", ""docs"", ""fix"", ""test""]",1.6140304110012949,"[""8fe29cdc76480adc79701e4c492ff1e87566f569"", ""8dfd2af29bf784b242992ee9ec0fbc85753b063c"", ""2b1ad9d10fc5685ec75f362a73229569f03344ca"", ""6c7398993bc567ec84e4573b6ededbf50b1ef606""]",0.75,0.75,0.75,False,0.2857142857142857,2048,True,4
"[""feat"", ""build"", ""ci"", ""refactor""]","[""build"", ""ci"", ""feat"", ""refactor""]",1.5874324068427086,"[""b8dfd5a2f39b4768cf070aeb9d09364577c626f9"", ""bda1822851d9be04f0d39f2213d1e2066eb115c8"", ""6f0cf049caa1a7982669ee685e86621452686551"", ""b98a8fed0b67b99ef4f8373aea904f847315e468""]",1.0,1.0,1.0,True,0.0,2048,True,4
"[""build"", ""fix"", ""test""]","[""build"", ""docs"", ""fix"", ""test""]",1.098850823007524,"[""b7e38fb62aa6e8a30d72dec063b1adccd089d0aa"", ""9849430b11b92ae58d94cfe4d0b06313c7eab550"", ""be2cbd9480fcbd60c3011ca57f1d761185cf52bd"", ""625cbbca0d92b8756eac6fcacc795d90527d8975""]",1.0,0.75,0.8571428571428571,False,0.14285714285714285,2048,True,4
"[""build"", ""docs"", ""fix"", ""test""]","[""build"", ""docs"", ""refactor"", ""test""]",1.672870323061943,"[""ecc481f9f501aa34b41e06e7bbdde6e79f8ca1bb"", ""ee7cc5d5a940fba774e715b1f029c6361110b108"", ""5748ff57ebafe94c4979eafa790d9a84812ca440"", ""87427fe39d165bee2acedde8dbaa237cca3fb61e""]",0.75,0.75,0.75,False,0.2857142857142857,2048,True,4
"[""ci"", ""build"", ""test"", ""refactor""]","[""ci"", ""feat"", ""fix"", ""refactor""]",1.621680700685829,"[""be44bbdeb52c6025e81c99528ed7b0d932c5be18"", ""3730075261bc81df68f9d10f12a2d6bbffd8493c"", ""ccd1946a375e2ac10c3c591b04a435c4bc5170c2"", ""0e4ede620dd9a2cdc13ab9cc6da05577b39fddb8""]",0.5,0.5,0.5,False,0.5714285714285714,2048,True,4
"[""ci"", ""build"", ""refactor"", ""test""]","[""ci"", ""fix"", ""refactor"", ""test""]",1.5890501802787185,"[""14f535655d39847a85d0193559c9c0010357ba77"", ""2b1ad9d10fc5685ec75f362a73229569f03344ca"", ""d55088c612b1108ef566ec47e40fb8d1050f7451"", ""6c7398993bc567ec84e4573b6ededbf50b1ef606""]",0.75,0.75,0.75,False,0.2857142857142857,2048,True,4
"[""build"", ""fix"", ""feat"", ""test""]","[""build"", ""docs"", ""feat"", ""test""]",1.5775058432482183,"[""f46c6c6c26a14312aa05a77ff2a14aebd74e13ac"", ""fd849bd08363df60dbc8b9b6d55bac4f5ace88f4"", ""7704121d0c0bfce49f01c2b41cbc64a642cbb399"", ""11ffd5174bd61a2939ae58d2b2d43284302ae490""]",0.75,0.75,0.75,False,0.2857142857142857,2048,True,4
"[""build"", ""feat"", ""fix""]","[""build"", ""ci"", ""feat"", ""fix""]",1.4033531667664647,"[""454003841aabeb74396d73541378bfa59c75b5db"", ""bda1822851d9be04f0d39f2213d1e2066eb115c8"", ""ba60e126299ad057772b5516d9ab390e770f1301"", ""238ba1990ea68eb64bdfc6b31efebad2acb01ad6""]",1.0,0.75,0.8571428571428571,False,0.14285714285714285,2048,True,4
"[""build"", ""docs"", ""test"", ""refactor""]","[""build"", ""docs"", ""feat"", ""refactor""]",1.6796401008032262,"[""45bbdaba1490a3216decb2c1a88b8f7041a3d505"", ""16124286236edf03a6199720ba1629a35e3fe1aa"", ""3730075261bc81df68f9d10f12a2d6bbffd8493c"", ""0e4ede620dd9a2cdc13ab9cc6da05577b39fddb8""]",0.75,0.75,0.75,False,0.2857142857142857,2048,True,4
"[""docs"", ""fix"", ""refactor"", ""test""]","[""docs"", ""fix"", ""refactor"", ""test""]",1.3732434432022274,"[""f58567e01509e53afff5dc6f3b59aaae18398eda"", ""f0c5ace9b5c5b7ea55da8607524d6cb68c615455"", ""8a9a022baa15befc325f87892c6bdae25b35bc33"", ""3c812f916e06a53b899e9e3dd79760b475fa4b87""]",1.0,1.0,1.0,True,0.0,2048,True,4
"[""feat"", ""fix"", ""build"", ""ci""]","[""build"", ""ci"", ""feat"", ""fix""]",1.5391857889480889,"[""b8dfd5a2f39b4768cf070aeb9d09364577c626f9"", ""bda1822851d9be04f0d39f2213d1e2066eb115c8"", ""ba60e126299ad057772b5516d9ab390e770f1301"", ""238ba1990ea68eb64bdfc6b31efebad2acb01ad6""]",1.0,1.0,1.0,True,0.0,2048,True,4
"[""ci"", ""docs"", ""refactor"", ""test""]","[""ci"", ""docs"", ""refactor"", ""test""]",1.6169568011537194,"[""be44bbdeb52c6025e81c99528ed7b0d932c5be18"", ""16124286236edf03a6199720ba1629a35e3fe1aa"", ""0e4ede620dd9a2cdc13ab9cc6da05577b39fddb8"", ""076b9f5efc109b481074a81957e24ce9f4a69f08""]",1.0,1.0,1.0,True,0.0,2048,True,4
"[""feat"", ""fix"", ""refactor"", ""docs"", ""test"", ""ci"", ""build""]","[""build"", ""feat"", ""fix"", ""refactor""]",2.0546073149889708,"[""45bbdaba1490a3216decb2c1a88b8f7041a3d505"", ""3730075261bc81df68f9d10f12a2d6bbffd8493c"", ""ccd1946a375e2ac10c3c591b04a435c4bc5170c2"", ""0e4ede620dd9a2cdc13ab9cc6da05577b39fddb8""]",0.5714285714285714,1.0,0.7272727272727273,False,0.42857142857142855,2048,True,4
"[""ci"", ""docs"", ""build"", ""refactor"", ""test""]","[""ci"", ""docs"", ""fix"", ""test""]",1.680183996912092,"[""be44bbdeb52c6025e81c99528ed7b0d932c5be18"", ""16124286236edf03a6199720ba1629a35e3fe1aa"", ""ccd1946a375e2ac10c3c591b04a435c4bc5170c2"", ""076b9f5efc109b481074a81957e24ce9f4a69f08""]",0.6,0.75,0.6666666666666665,False,0.42857142857142855,2048,True,4
"[""ci"", ""feat"", ""refactor"", ""test""]","[""ci"", ""feat"", ""refactor"", ""test""]",1.3055784991011024,"[""4c44543a3d9eea37e90a2316717feb01c0e0d83a"", ""8a954673531d6935f5517535b9068639ed5cff0d"", ""8f1034b79f894b4b1112a4bc1903f37f22f7f5ed"", ""6c7398993bc567ec84e4573b6ededbf50b1ef606""]",1.0,1.0,1.0,True,0.0,2048,True,4
"[""build"", ""docs"", ""refactor"", ""test""]","[""build"", ""docs"", ""refactor"", ""test""]",1.3354369681328535,"[""0f38960851ac0fd159727d5dffb36f50268eec18"", ""3ee672483790ec71c700907a6e93af4698492026"", ""f5e80f75ead760ad0810e2b8579a062ac20f5f37"", ""8ee0611fbf0cd89abe7ae588f22e6ecb843598ea""]",1.0,1.0,1.0,True,0.0,2048,True,4
"[""ci"", ""feat"", ""fix"", ""docs""]","[""ci"", ""docs"", ""feat"", ""fix""]",1.341844404116273,"[""6f5b1103c0893d13b42f1f7c6504c9c339840be3"", ""9849430b11b92ae58d94cfe4d0b06313c7eab550"", ""73211952964a79d97b434dd567e6d7d34be7feb5"", ""be2cbd9480fcbd60c3011ca57f1d761185cf52bd""]",1.0,1.0,1.0,True,0.0,2048,True,4
"[""build"", ""ci"", ""test""]","[""build"", ""ci"", ""feat"", ""test""]",1.4347505322657526,"[""45bbdaba1490a3216decb2c1a88b8f7041a3d505"", ""be44bbdeb52c6025e81c99528ed7b0d932c5be18"", ""3730075261bc81df68f9d10f12a2d6bbffd8493c"", ""076b9f5efc109b481074a81957e24ce9f4a69f08""]",1.0,0.75,0.8571428571428571,False,0.14285714285714285,2048,True,4
"[""build"", ""docs"", ""refactor""]","[""build"", ""docs"", ""fix"", ""refactor""]",1.4443767741322517,"[""45bbdaba1490a3216decb2c1a88b8f7041a3d505"", ""b8a664c1b10f4e30a3e221a14211a3cdaf90b7f4"", ""ccd1946a375e2ac10c3c591b04a435c4bc5170c2"", ""0e4ede620dd9a2cdc13ab9cc6da05577b39fddb8""]",1.0,0.75,0.8571428571428571,False,0.14285714285714285,2048,True,4
"[""feat"", ""fix"", ""refactor"", ""docs"", ""test"", ""ci"", ""build""]","[""build"", ""feat"", ""fix"", ""refactor""]",1.9973191530443728,"[""37b1cbfd3d2c462ef4f2a131e4172c38dc8d9ddf"", ""542f0cad5337de15428f0b6567ce4efd20a19a48"", ""ab1e60a97c6d5c688dacbd23bca40cb8f20c4ac3"", ""7adece9931eaef6aaf603b5567829bbdcb28f2d1""]",0.5714285714285714,1.0,0.7272727272727273,False,0.42857142857142855,2048,True,4
"[""ci"", ""docs"", ""refactor"", ""test""]","[""ci"", ""docs"", ""fix"", ""test""]",1.541597932111472,"[""e7ecc8763152ed6f89dbf4a6f313c276549eb0b7"", ""29ace62b722bbebf20f0ed2d3fef0910e0973a5a"", ""2b1ad9d10fc5685ec75f362a73229569f03344ca"", ""6c7398993bc567ec84e4573b6ededbf50b1ef606""]",0.75,0.75,0.75,False,0.2857142857142857,2048,True,4
"[""feat"", ""fix"", ""refactor"", ""docs"", ""test"", ""ci"", ""build""]","[""ci"", ""feat"", ""refactor"", ""test""]",1.9293996659107506,"[""6f5b1103c0893d13b42f1f7c6504c9c339840be3"", ""73211952964a79d97b434dd567e6d7d34be7feb5"", ""24760bc2613ed61c4552532907626e209c37b5e8"", ""625cbbca0d92b8756eac6fcacc795d90527d8975""]",0.5714285714285714,1.0,0.7272727272727273,False,0.42857142857142855,2048,True,4
"[""feat"", ""build"", ""test""]","[""build"", ""docs"", ""feat"", ""test""]",1.2816928327083588,"[""b7e38fb62aa6e8a30d72dec063b1adccd089d0aa"", ""9849430b11b92ae58d94cfe4d0b06313c7eab550"", ""73211952964a79d97b434dd567e6d7d34be7feb5"", ""625cbbca0d92b8756eac6fcacc795d90527d8975""]",1.0,0.75,0.8571428571428571,False,0.14285714285714285,2048,True,4
"[""build"", ""ci"", ""refactor""]","[""build"", ""ci"", ""fix"", ""refactor""]",1.4835014399141073,"[""45bbdaba1490a3216decb2c1a88b8f7041a3d505"", ""be44bbdeb52c6025e81c99528ed7b0d932c5be18"", ""ccd1946a375e2ac10c3c591b04a435c4bc5170c2"", ""0e4ede620dd9a2cdc13ab9cc6da05577b39fddb8""]",1.0,0.75,0.8571428571428571,False,0.14285714285714285,2048,True,4
"[""build"", ""docs"", ""fix""]","[""build"", ""docs"", ""fix"", ""refactor""]",1.5055086030624807,"[""ecc481f9f501aa34b41e06e7bbdde6e79f8ca1bb"", ""ee7cc5d5a940fba774e715b1f029c6361110b108"", ""cc6408b88246f20c62884a5892a6276baf7c3920"", ""5748ff57ebafe94c4979eafa790d9a84812ca440""]",1.0,0.75,0.8571428571428571,False,0.14285714285714285,2048,True,4
"[""feat"", ""ci"", ""test""]","[""ci"", ""docs"", ""feat"", ""test""]",1.237826103810221,"[""6f5b1103c0893d13b42f1f7c6504c9c339840be3"", ""9849430b11b92ae58d94cfe4d0b06313c7eab550"", ""73211952964a79d97b434dd567e6d7d34be7feb5"", ""625cbbca0d92b8756eac6fcacc795d90527d8975""]",1.0,0.75,0.8571428571428571,False,0.14285714285714285,2048,True,4
"[""feat"", ""fix"", ""refactor"", ""docs"", ""test"", ""ci"", ""build""]","[""build"", ""ci"", ""feat"", ""fix"", ""refactor""]",1.9002407849766314,"[""b7e38fb62aa6e8a30d72dec063b1adccd089d0aa"", ""6f5b1103c0893d13b42f1f7c6504c9c339840be3"", ""73211952964a79d97b434dd567e6d7d34be7feb5"", ""be2cbd9480fcbd60c3011ca57f1d761185cf52bd"", ""3cb4a48ebd15c20692f4f3a2a924284dc7fd5e10""]",0.7142857142857143,1.0,0.8333333333333333,False,0.2857142857142857,2048,True,5
"[""feat"", ""fix"", ""refactor"", ""docs"", ""test"", ""ci"", ""build""]","[""build"", ""docs"", ""feat"", ""fix"", ""test""]",1.8478192100301385,"[""b7e38fb62aa6e8a30d72dec063b1adccd089d0aa"", ""01e1e33f377934099a4a725fab5cd6c5ff50eaa2"", ""73211952964a79d97b434dd567e6d7d34be7feb5"", ""be2cbd9480fcbd60c3011ca57f1d761185cf52bd"", ""625cbbca0d92b8756eac6fcacc795d90527d8975""]",0.7142857142857143,1.0,0.8333333333333333,False,0.2857142857142857,2048,True,5
"[""ci"", ""fix"", ""feat"", ""test""]","[""ci"", ""docs"", ""feat"", ""refactor"", ""test""]",1.4716605879366398,"[""6f5b1103c0893d13b42f1f7c6504c9c339840be3"", ""9849430b11b92ae58d94cfe4d0b06313c7eab550"", ""73211952964a79d97b434dd567e6d7d34be7feb5"", ""6f638a53c18a66979b89220c9945ef97e49571b3"", ""625cbbca0d92b8756eac6fcacc795d90527d8975""]",0.75,0.6,0.6666666666666665,False,0.42857142857142855,2048,True,5
"[""feat"", ""fix"", ""refactor"", ""docs"", ""test"", ""ci"", ""build""]","[""build"", ""docs"", ""fix"", ""refactor"", ""test""]",1.8647141582332551,"[""2d4d735d94386f5045e3b3abc022c2edcdfaef8f"", ""969aa32659f6918cb0eeeba6b02d6485659dbdd2"", ""eb9f7b24364e86d7bcf50bb23b62c743cf5526f6"", ""3e0e30ecebaf23f0c36fa4811426f8f4e0057cfe"", ""e77f6751182595fe08940d67e11a90416c8dd6fd""]",0.7142857142857143,1.0,0.8333333333333333,False,0.2857142857142857,2048,True,5
"[""feat"", ""fix"", ""refactor"", ""docs"", ""test"", ""ci"", ""build""]","[""build"", ""ci"", ""docs"", ""refactor"", ""test""]",2.0620204848237336,"[""45bbdaba1490a3216decb2c1a88b8f7041a3d505"", ""be44bbdeb52c6025e81c99528ed7b0d932c5be18"", ""16124286236edf03a6199720ba1629a35e3fe1aa"", ""0e4ede620dd9a2cdc13ab9cc6da05577b39fddb8"", ""076b9f5efc109b481074a81957e24ce9f4a69f08""]",0.7142857142857143,1.0,0.8333333333333333,False,0.2857142857142857,2048,True,5
"[""ci"", ""feat"", ""refactor"", ""test""]","[""ci"", ""feat"", ""fix"", ""refactor"", ""test""]",1.6458110259845853,"[""bb00890fa896936d0be09cc5e5f411fb5e64aa5f"", ""8a954673531d6935f5517535b9068639ed5cff0d"", ""2b1ad9d10fc5685ec75f362a73229569f03344ca"", ""d55088c612b1108ef566ec47e40fb8d1050f7451"", ""6c7398993bc567ec84e4573b6ededbf50b1ef606""]",1.0,0.8,0.888888888888889,False,0.14285714285714285,2048,True,5
"[""ci"", ""build"", ""docs"", ""test"", ""refactor""]","[""build"", ""ci"", ""docs"", ""feat"", ""fix""]",1.8049144488759339,"[""45bbdaba1490a3216decb2c1a88b8f7041a3d505"", ""be44bbdeb52c6025e81c99528ed7b0d932c5be18"", ""16124286236edf03a6199720ba1629a35e3fe1aa"", ""3730075261bc81df68f9d10f12a2d6bbffd8493c"", ""ccd1946a375e2ac10c3c591b04a435c4bc5170c2""]",0.6,0.6,0.6,False,0.5714285714285714,2048,True,5
"[""feat"", ""fix"", ""refactor"", ""docs"", ""test"", ""ci"", ""build""]","[""build"", ""ci"", ""feat"", ""refactor"", ""test""]",2.069149814080447,"[""45bbdaba1490a3216decb2c1a88b8f7041a3d505"", ""be44bbdeb52c6025e81c99528ed7b0d932c5be18"", ""3730075261bc81df68f9d10f12a2d6bbffd8493c"", ""0e4ede620dd9a2cdc13ab9cc6da05577b39fddb8"", ""076b9f5efc109b481074a81957e24ce9f4a69f08""]",0.7142857142857143,1.0,0.8333333333333333,False,0.2857142857142857,2048,True,5
"[""ci"", ""docs"", ""feat"", ""fix"", ""refactor""]","[""ci"", ""docs"", ""feat"", ""fix"", ""refactor""]",1.5685105477459729,"[""6f5b1103c0893d13b42f1f7c6504c9c339840be3"", ""eb51316cdfdc7258d287ba13b67ef2f42bd2b8f6"", ""73211952964a79d97b434dd567e6d7d34be7feb5"", ""be2cbd9480fcbd60c3011ca57f1d761185cf52bd"", ""fd53cd188555f5c3dc8bc341c5d7eb04b761a70f""]",1.0,1.0,1.0,True,0.0,2048,True,5
"[""feat"", ""fix"", ""docs"", ""test"", ""build""]","[""build"", ""docs"", ""feat"", ""fix"", ""test""]",1.6289441562257707,"[""b7e38fb62aa6e8a30d72dec063b1adccd089d0aa"", ""eb51316cdfdc7258d287ba13b67ef2f42bd2b8f6"", ""73211952964a79d97b434dd567e6d7d34be7feb5"", ""be2cbd9480fcbd60c3011ca57f1d761185cf52bd"", ""625cbbca0d92b8756eac6fcacc795d90527d8975""]",1.0,1.0,1.0,True,0.0,2048,True,5
"[""build"", ""docs"", ""fix"", ""refactor"", ""test""]","[""build"", ""docs"", ""fix"", ""refactor"", ""test""]",1.7552568591199815,"[""45bbdaba1490a3216decb2c1a88b8f7041a3d505"", ""b8a664c1b10f4e30a3e221a14211a3cdaf90b7f4"", ""ccd1946a375e2ac10c3c591b04a435c4bc5170c2"", ""0e4ede620dd9a2cdc13ab9cc6da05577b39fddb8"", ""076b9f5efc109b481074a81957e24ce9f4a69f08""]",1.0,1.0,1.0,True,0.0,2048,True,5
"[""feat"", ""fix"", ""refactor"", ""docs"", ""test"", ""ci"", ""build""]","[""build"", ""ci"", ""docs"", ""feat"", ""refactor""]",2.064150007907301,"[""45bbdaba1490a3216decb2c1a88b8f7041a3d505"", ""be44bbdeb52c6025e81c99528ed7b0d932c5be18"", ""b8a664c1b10f4e30a3e221a14211a3cdaf90b7f4"", ""3730075261bc81df68f9d10f12a2d6bbffd8493c"", ""0e4ede620dd9a2cdc13ab9cc6da05577b39fddb8""]",0.7142857142857143,1.0,0.8333333333333333,False,0.2857142857142857,2048,True,5
"[""feat"", ""fix"", ""refactor"", ""ci"", ""test""]","[""ci"", ""feat"", ""fix"", ""refactor"", ""test""]",1.6250878809951246,"[""6f5b1103c0893d13b42f1f7c6504c9c339840be3"", ""73211952964a79d97b434dd567e6d7d34be7feb5"", ""be2cbd9480fcbd60c3011ca57f1d761185cf52bd"", ""eb8d919e6f3443db279ba0c902f15d76676c02dc"", ""625cbbca0d92b8756eac6fcacc795d90527d8975""]",1.0,1.0,1.0,True,0.0,2048,True,5
"[""build"", ""ci"", ""docs"", ""fix"", ""test""]","[""build"", ""ci"", ""docs"", ""fix"", ""test""]",1.5505834757350385,"[""b7e38fb62aa6e8a30d72dec063b1adccd089d0aa"", ""6f5b1103c0893d13b42f1f7c6504c9c339840be3"", ""01e1e33f377934099a4a725fab5cd6c5ff50eaa2"", ""be2cbd9480fcbd60c3011ca57f1d761185cf52bd"", ""625cbbca0d92b8756eac6fcacc795d90527d8975""]",1.0,1.0,1.0,True,0.0,2048,True,5
"[""build"", ""ci"", ""fix"", ""test""]","[""build"", ""ci"", ""docs"", ""fix"", ""test""]",1.3506763172335923,"[""b7e38fb62aa6e8a30d72dec063b1adccd089d0aa"", ""6f5b1103c0893d13b42f1f7c6504c9c339840be3"", ""9849430b11b92ae58d94cfe4d0b06313c7eab550"", ""be2cbd9480fcbd60c3011ca57f1d761185cf52bd"", ""625cbbca0d92b8756eac6fcacc795d90527d8975""]",1.0,0.8,0.888888888888889,False,0.14285714285714285,2048,True,5
"[""feat"", ""fix"", ""refactor"", ""docs"", ""test"", ""ci"", ""build""]","[""build"", ""docs"", ""feat"", ""fix"", ""refactor""]",2.0594394290819764,"[""45bbdaba1490a3216decb2c1a88b8f7041a3d505"", ""b8a664c1b10f4e30a3e221a14211a3cdaf90b7f4"", ""3730075261bc81df68f9d10f12a2d6bbffd8493c"", ""ccd1946a375e2ac10c3c591b04a435c4bc5170c2"", ""0e4ede620dd9a2cdc13ab9cc6da05577b39fddb8""]",0.7142857142857143,1.0,0.8333333333333333,False,0.2857142857142857,2048,True,5
"[""feat"", ""fix"", ""refactor"", ""docs"", ""test"", ""ci"", ""build""]","[""build"", ""ci"", ""feat"", ""refactor"", ""test""]",1.9473559097386897,"[""b7e38fb62aa6e8a30d72dec063b1adccd089d0aa"", ""6f5b1103c0893d13b42f1f7c6504c9c339840be3"", ""73211952964a79d97b434dd567e6d7d34be7feb5"", ""816b0d49c45f6669c5aae748396e9551f2e30a96"", ""625cbbca0d92b8756eac6fcacc795d90527d8975""]",0.7142857142857143,1.0,0.8333333333333333,False,0.2857142857142857,2048,True,5
"[""feat"", ""fix"", ""refactor"", ""docs"", ""test"", ""ci"", ""build""]","[""docs"", ""feat"", ""fix"", ""refactor"", ""test""]",1.9502959069795907,"[""fc9af4d0b93d69be4e201ffb18da04324e8a4a87"", ""15b8e4bc9349ce017f65e10b95cae48b0aa11828"", ""eb9f7b24364e86d7bcf50bb23b62c743cf5526f6"", ""72e3eed599b3a3dd154575af344ac3e5c62dd07b"", ""e77f6751182595fe08940d67e11a90416c8dd6fd""]",0.7142857142857143,1.0,0.8333333333333333,False,0.2857142857142857,2048,True,5
"[""feat"", ""ci"", ""test"", ""refactor"", ""build""]","[""ci"", ""feat"", ""fix"", ""refactor"", ""test""]",1.5991826262325048,"[""87d576e936e234d0429ad753267a2760c5dfd314"", ""8a954673531d6935f5517535b9068639ed5cff0d"", ""2b1ad9d10fc5685ec75f362a73229569f03344ca"", ""d55088c612b1108ef566ec47e40fb8d1050f7451"", ""6c7398993bc567ec84e4573b6ededbf50b1ef606""]",0.8,0.8,0.8000000000000002,False,0.2857142857142857,2048,True,5
"[""feat"", ""fix"", ""refactor"", ""docs"", ""test"", ""ci"", ""build""]","[""build"", ""ci"", ""docs"", ""feat"", ""refactor""]",1.9006487810984254,"[""b7e38fb62aa6e8a30d72dec063b1adccd089d0aa"", ""6f5b1103c0893d13b42f1f7c6504c9c339840be3"", ""9849430b11b92ae58d94cfe4d0b06313c7eab550"", ""73211952964a79d97b434dd567e6d7d34be7feb5"", ""3550066c886bf253df376f303a60ed475ac42aaa""]",0.7142857142857143,1.0,0.8333333333333333,False,0.2857142857142857,2048,True,5
"[""feat"", ""fix"", ""refactor"", ""docs"", ""test"", ""ci"", ""build""]","[""build"", ""ci"", ""docs"", ""fix"", ""test""]",2.0552725358866155,"[""45bbdaba1490a3216decb2c1a88b8f7041a3d505"", ""be44bbdeb52c6025e81c99528ed7b0d932c5be18"", ""16124286236edf03a6199720ba1629a35e3fe1aa"", ""ccd1946a375e2ac10c3c591b04a435c4bc5170c2"", ""076b9f5efc109b481074a81957e24ce9f4a69f08""]",0.7142857142857143,1.0,0.8333333333333333,False,0.2857142857142857,2048,True,5
"[""build"", ""ci"", ""docs"", ""feat"", ""test""]","[""build"", ""ci"", ""docs"", ""feat"", ""test""]",1.5262590488418937,"[""b7e38fb62aa6e8a30d72dec063b1adccd089d0aa"", ""6f5b1103c0893d13b42f1f7c6504c9c339840be3"", ""01e1e33f377934099a4a725fab5cd6c5ff50eaa2"", ""73211952964a79d97b434dd567e6d7d34be7feb5"", ""625cbbca0d92b8756eac6fcacc795d90527d8975""]",1.0,1.0,1.0,True,0.0,2048,True,5
"[""ci"", ""docs"", ""feat"", ""refactor""]","[""ci"", ""docs"", ""feat"", ""fix"", ""refactor""]",1.3043424850329757,"[""976c34b6fdc32a7f3337f98e67a7c9e4ee9e793e"", ""7f611e4208d0cc36c635eb0641a4b3258999ae8d"", ""8a954673531d6935f5517535b9068639ed5cff0d"", ""2b1ad9d10fc5685ec75f362a73229569f03344ca"", ""8f1034b79f894b4b1112a4bc1903f37f22f7f5ed""]",1.0,0.8,0.888888888888889,False,0.14285714285714285,2048,True,5
"[""feat"", ""fix"", ""build"", ""refactor""]","[""build"", ""feat"", ""fix"", ""refactor"", ""test""]",1.5962108839303255,"[""bfe32bf10e9b6d699f694fbd095af0b3f2e6275f"", ""482442ecc1aaf981895a36c367abbd377fd93891"", ""80242b34468398e835e5b3fc5ac345dbae4bcc7e"", ""d4d8bdd3a0a5cec993735abc2e8cc2feff8eae27"", ""cd2bfb9b2298e8cd91013808547b35a9c40f46f1""]",1.0,0.8,0.888888888888889,False,0.14285714285714285,2048,True,5
"[""ci"", ""docs"", ""fix"", ""test""]","[""ci"", ""docs"", ""fix"", ""refactor"", ""test""]",1.4395822267979383,"[""6f5b1103c0893d13b42f1f7c6504c9c339840be3"", ""01e1e33f377934099a4a725fab5cd6c5ff50eaa2"", ""be2cbd9480fcbd60c3011ca57f1d761185cf52bd"", ""6f638a53c18a66979b89220c9945ef97e49571b3"", ""625cbbca0d92b8756eac6fcacc795d90527d8975""]",1.0,0.8,0.888888888888889,False,0.14285714285714285,2048,True,5
"[""feat"", ""build"", ""ci"", ""refactor"", ""test""]","[""build"", ""ci"", ""feat"", ""refactor"", ""test""]",1.5719992010854185,"[""b7e38fb62aa6e8a30d72dec063b1adccd089d0aa"", ""6f5b1103c0893d13b42f1f7c6504c9c339840be3"", ""73211952964a79d97b434dd567e6d7d34be7feb5"", ""bc4495b32ec752b6c4b29719e831c043ef2a26ce"", ""625cbbca0d92b8756eac6fcacc795d90527d8975""]",1.0,1.0,1.0,True,0.0,2048,True,5
"[""feat"", ""fix"", ""refactor"", ""docs"", ""test"", ""ci"", ""build""]","[""build"", ""ci"", ""docs"", ""feat"", ""fix""]",1.8948883451521397,"[""b7e38fb62aa6e8a30d72dec063b1adccd089d0aa"", ""6f5b1103c0893d13b42f1f7c6504c9c339840be3"", ""eb51316cdfdc7258d287ba13b67ef2f42bd2b8f6"", ""73211952964a79d97b434dd567e6d7d34be7feb5"", ""be2cbd9480fcbd60c3011ca57f1d761185cf52bd""]",0.7142857142857143,1.0,0.8333333333333333,False,0.2857142857142857,2048,True,5
"[""build"", ""docs"", ""fix"", ""test""]","[""build"", ""docs"", ""fix"", ""refactor"", ""test""]",1.6021957211196423,"[""ecc481f9f501aa34b41e06e7bbdde6e79f8ca1bb"", ""ee7cc5d5a940fba774e715b1f029c6361110b108"", ""45b386aa3f06bce06f5e03fbde0aa52c4051c8bc"", ""5748ff57ebafe94c4979eafa790d9a84812ca440"", ""87427fe39d165bee2acedde8dbaa237cca3fb61e""]",1.0,0.8,0.888888888888889,False,0.14285714285714285,2048,True,5
"[""ci"", ""docs"", ""feat"", ""fix"", ""test""]","[""ci"", ""docs"", ""feat"", ""fix"", ""test""]",1.5764001957140863,"[""6f5b1103c0893d13b42f1f7c6504c9c339840be3"", ""eb51316cdfdc7258d287ba13b67ef2f42bd2b8f6"", ""73211952964a79d97b434dd567e6d7d34be7feb5"", ""be2cbd9480fcbd60c3011ca57f1d761185cf52bd"", ""625cbbca0d92b8756eac6fcacc795d90527d8975""]",1.0,1.0,1.0,True,0.0,2048,True,5
"[""feat"", ""fix"", ""docs"", ""build""]","[""build"", ""docs"", ""feat"", ""fix"", ""refactor""]",1.6352617554366589,"[""ecc481f9f501aa34b41e06e7bbdde6e79f8ca1bb"", ""ee7cc5d5a940fba774e715b1f029c6361110b108"", ""f9a094918b62534614c47aa8a13f33aec751a1e0"", ""cc6408b88246f20c62884a5892a6276baf7c3920"", ""5748ff57ebafe94c4979eafa790d9a84812ca440""]",1.0,0.8,0.888888888888889,False,0.14285714285714285,2048,True,5
"[""feat"", ""build"", ""ci"", ""test""]","[""build"", ""ci"", ""feat"", ""refactor"", ""test""]",1.5809199106879532,"[""b8dfd5a2f39b4768cf070aeb9d09364577c626f9"", ""bda1822851d9be04f0d39f2213d1e2066eb115c8"", ""ba60e126299ad057772b5516d9ab390e770f1301"", ""d4d8bdd3a0a5cec993735abc2e8cc2feff8eae27"", ""b7e2330fa3a8d7b8a9bff01b707c44e64b845c7b""]",1.0,0.8,0.888888888888889,False,0.14285714285714285,2048,True,5
"[""docs"", ""build"", ""ci"", ""fix"", ""test""]","[""build"", ""ci"", ""fix"", ""refactor"", ""test""]",1.7072727028280497,"[""4542d9973a848a2bd4f9baf12992efe7d7a69f2c"", ""db55dae208e4807898e6c747cefdf9bfcb4fd08c"", ""c4d9e5023fa0f88ba283b37da27677ceda1cbfbb"", ""f86944ff00b970d7e2da48abbff43e58bdf29b99"", ""1f663cbe4b4a9e7a0ae89c05f824335f2a0857fd""]",0.8,0.8,0.8000000000000002,False,0.2857142857142857,2048,True,5
"[""feat"", ""fix"", ""refactor"", ""docs"", ""test"", ""ci"", ""build""]","[""build"", ""docs"", ""feat"", ""refactor"", ""test""]",1.95659848023206,"[""0f38960851ac0fd159727d5dffb36f50268eec18"", ""e0177c25e13812306aab0b0991562d58b6d14767"", ""1ae8bf1195b197daa80ba6e45360f8b894364cd4"", ""336b25f3ae9da5d972304662fcdb88f4719c721d"", ""8ee0611fbf0cd89abe7ae588f22e6ecb843598ea""]",0.7142857142857143,1.0,0.8333333333333333,False,0.2857142857142857,2048,True,5
"[""ci"", ""docs"", ""refactor"", ""test""]","[""ci"", ""docs"", ""feat"", ""fix"", ""test""]",1.5452112648636103,"[""8d2e23bde626eaed6e5b13384cc7ac38bab5ea66"", ""527e0abd0f88cb3ae2dc1a6ec7a62c241250444d"", ""4a4c7afca7e1beadd4b213214074fdb420eb0923"", ""a81bbb83d64867f08c4d1be10919ef6806a1bf51"", ""cdbc37711fa9c64b2cfa767766ca55c95c1736f7""]",0.75,0.6,0.6666666666666665,False,0.42857142857142855,2048,True,5
"[""build"", ""ci"", ""fix"", ""refactor""]","[""build"", ""ci"", ""docs"", ""fix"", ""refactor""]",1.4830306000076234,"[""b7e38fb62aa6e8a30d72dec063b1adccd089d0aa"", ""6f5b1103c0893d13b42f1f7c6504c9c339840be3"", ""9849430b11b92ae58d94cfe4d0b06313c7eab550"", ""be2cbd9480fcbd60c3011ca57f1d761185cf52bd"", ""03e413d7175d35827cd7d8908d47dbae15a849a3""]",1.0,0.8,0.888888888888889,False,0.14285714285714285,2048,True,5
"[""build"", ""ci"", ""docs"", ""fix""]","[""build"", ""ci"", ""docs"", ""fix"", ""refactor""]",1.4346005711704493,"[""b7e38fb62aa6e8a30d72dec063b1adccd089d0aa"", ""6f5b1103c0893d13b42f1f7c6504c9c339840be3"", ""01e1e33f377934099a4a725fab5cd6c5ff50eaa2"", ""be2cbd9480fcbd60c3011ca57f1d761185cf52bd"", ""3550066c886bf253df376f303a60ed475ac42aaa""]",1.0,0.8,0.888888888888889,False,0.14285714285714285,2048,True,5
"[""feat"", ""fix"", ""build"", ""ci"", ""test""]","[""build"", ""ci"", ""feat"", ""fix"", ""test""]",1.4628814300522208,"[""b7e38fb62aa6e8a30d72dec063b1adccd089d0aa"", ""6f5b1103c0893d13b42f1f7c6504c9c339840be3"", ""73211952964a79d97b434dd567e6d7d34be7feb5"", ""be2cbd9480fcbd60c3011ca57f1d761185cf52bd"", ""625cbbca0d92b8756eac6fcacc795d90527d8975""]",1.0,1.0,1.0,True,0.0,2048,True,5
"[""feat"", ""fix"", ""refactor"", ""test""]","[""docs"", ""feat"", ""fix"", ""refactor"", ""test""]",1.5219626617617905,"[""9849430b11b92ae58d94cfe4d0b06313c7eab550"", ""73211952964a79d97b434dd567e6d7d34be7feb5"", ""be2cbd9480fcbd60c3011ca57f1d761185cf52bd"", ""fd61615d1a7be9d13de2114a01e2d0ad63b59274"", ""625cbbca0d92b8756eac6fcacc795d90527d8975""]",1.0,0.8,0.888888888888889,False,0.14285714285714285,2048,True,5
"[""build"", ""ci"", ""docs"", ""feat"", ""refactor""]","[""build"", ""ci"", ""docs"", ""feat"", ""refactor""]",1.6818594331853092,"[""b7e38fb62aa6e8a30d72dec063b1adccd089d0aa"", ""6f5b1103c0893d13b42f1f7c6504c9c339840be3"", ""01e1e33f377934099a4a725fab5cd6c5ff50eaa2"", ""73211952964a79d97b434dd567e6d7d34be7feb5"", ""eafee3c5c124ce0c71fd854270cea39cc273b27c""]",1.0,1.0,1.0,True,0.0,2048,True,5
"[""feat"", ""fix"", ""refactor"", ""docs"", ""test"", ""ci"", ""build""]","[""build"", ""feat"", ""fix"", ""refactor"", ""test""]",1.9472683020867407,"[""b7e38fb62aa6e8a30d72dec063b1adccd089d0aa"", ""73211952964a79d97b434dd567e6d7d34be7feb5"", ""be2cbd9480fcbd60c3011ca57f1d761185cf52bd"", ""7005cf8c47416583e3d9fa91c3bd50113155c91a"", ""625cbbca0d92b8756eac6fcacc795d90527d8975""]",0.7142857142857143,1.0,0.8333333333333333,False,0.2857142857142857,2048,True,5
"[""build"", ""ci"", ""docs"", ""test""]","[""build"", ""ci"", ""docs"", ""feat"", ""test""]",1.6075862110592425,"[""45bbdaba1490a3216decb2c1a88b8f7041a3d505"", ""be44bbdeb52c6025e81c99528ed7b0d932c5be18"", ""16124286236edf03a6199720ba1629a35e3fe1aa"", ""3730075261bc81df68f9d10f12a2d6bbffd8493c"", ""076b9f5efc109b481074a81957e24ce9f4a69f08""]",1.0,0.8,0.888888888888889,False,0.14285714285714285,2048,True,5
"[""ci"", ""build"", ""docs"", ""refactor"", ""test""]","[""ci"", ""docs"", ""fix"", ""refactor"", ""test""]",1.779885924886912,"[""be44bbdeb52c6025e81c99528ed7b0d932c5be18"", ""16124286236edf03a6199720ba1629a35e3fe1aa"", ""ccd1946a375e2ac10c3c591b04a435c4bc5170c2"", ""0e4ede620dd9a2cdc13ab9cc6da05577b39fddb8"", ""076b9f5efc109b481074a81957e24ce9f4a69f08""]",0.8,0.8,0.8000000000000002,False,0.2857142857142857,2048,True,5
"[""build"", ""docs"", ""feat"", ""test""]","[""build"", ""docs"", ""feat"", ""refactor"", ""test""]",1.6331776399165392,"[""ecc481f9f501aa34b41e06e7bbdde6e79f8ca1bb"", ""144388439d64e049cbed4e37659e819856d6987f"", ""ded26d768ff432ad3bde3c0aa1e95ce50726100a"", ""5748ff57ebafe94c4979eafa790d9a84812ca440"", ""87427fe39d165bee2acedde8dbaa237cca3fb61e""]",1.0,0.8,0.888888888888889,False,0.14285714285714285,2048,True,5
"[""ci"", ""docs"", ""feat"", ""refactor""]","[""ci"", ""docs"", ""feat"", ""fix"", ""refactor""]",1.5190887758508325,"[""6f5b1103c0893d13b42f1f7c6504c9c339840be3"", ""eb51316cdfdc7258d287ba13b67ef2f42bd2b8f6"", ""73211952964a79d97b434dd567e6d7d34be7feb5"", ""be2cbd9480fcbd60c3011ca57f1d761185cf52bd"", ""d357640fab55e5964fe83efc3c771e53aa3222fd""]",1.0,0.8,0.888888888888889,False,0.14285714285714285,2048,True,5
"[""build"", ""ci"", ""fix"", ""refactor""]","[""build"", ""ci"", ""fix"", ""refactor"", ""test""]",1.6451219678856432,"[""45bbdaba1490a3216decb2c1a88b8f7041a3d505"", ""be44bbdeb52c6025e81c99528ed7b0d932c5be18"", ""ccd1946a375e2ac10c3c591b04a435c4bc5170c2"", ""0e4ede620dd9a2cdc13ab9cc6da05577b39fddb8"", ""076b9f5efc109b481074a81957e24ce9f4a69f08""]",1.0,0.8,0.888888888888889,False,0.14285714285714285,2048,True,5
"[""build"", ""ci"", ""docs"", ""test"", ""refactor""]","[""build"", ""ci"", ""docs"", ""feat"", ""test""]",1.7612188789062202,"[""45bbdaba1490a3216decb2c1a88b8f7041a3d505"", ""be44bbdeb52c6025e81c99528ed7b0d932c5be18"", ""b8a664c1b10f4e30a3e221a14211a3cdaf90b7f4"", ""3730075261bc81df68f9d10f12a2d6bbffd8493c"", ""076b9f5efc109b481074a81957e24ce9f4a69f08""]",0.8,0.8,0.8000000000000002,False,0.2857142857142857,2048,True,5
"[""build"", ""ci"", ""docs"", ""fix"", ""refactor""]","[""build"", ""ci"", ""docs"", ""fix"", ""refactor""]",1.5070269741117954,"[""b7e38fb62aa6e8a30d72dec063b1adccd089d0aa"", ""6f5b1103c0893d13b42f1f7c6504c9c339840be3"", ""eb51316cdfdc7258d287ba13b67ef2f42bd2b8f6"", ""be2cbd9480fcbd60c3011ca57f1d761185cf52bd"", ""190aef43fd30e693af822c176f9b686591568719""]",1.0,1.0,1.0,True,0.0,2048,True,5
"[""feat"", ""fix"", ""refactor"", ""docs"", ""test"", ""ci"", ""build""]","[""build"", ""feat"", ""fix"", ""refactor"", ""test""]",1.9301458792760968,"[""b0866f62417f56bdd5a46e8f14278af79efc4d76"", ""a84d6715a4df12cc0ee9aa6f2596ce3b04353958"", ""eebee9ab0bb6d4255ad0402d8422364e96bfef61"", ""e8a8edadc5c25d6410462b89a48e0602e0cbbc7f"", ""e77f6751182595fe08940d67e11a90416c8dd6fd""]",0.7142857142857143,1.0,0.8333333333333333,False,0.2857142857142857,2048,True,5
"[""ci"", ""docs"", ""refactor"", ""feat"", ""test""]","[""ci"", ""docs"", ""feat"", ""fix"", ""test""]",1.5009051682427526,"[""8d2e23bde626eaed6e5b13384cc7ac38bab5ea66"", ""036a0ff49a7dade0e04c9c07071a1ff49133ee24"", ""bbb6ee10de824f2e3259576ac01768640c884279"", ""f9d9f859240c6f7e78b0303ea40e46622d42bc3c"", ""cdbc37711fa9c64b2cfa767766ca55c95c1736f7""]",0.8,0.8,0.8000000000000002,False,0.2857142857142857,2048,True,5
"[""feat"", ""build"", ""ci"", ""test""]","[""build"", ""ci"", ""feat"", ""refactor"", ""test""]",1.494153635110706,"[""b7e38fb62aa6e8a30d72dec063b1adccd089d0aa"", ""6f5b1103c0893d13b42f1f7c6504c9c339840be3"", ""73211952964a79d97b434dd567e6d7d34be7feb5"", ""8da0303bc02db5fe047cfc0631a9da41d9dc60f7"", ""625cbbca0d92b8756eac6fcacc795d90527d8975""]",1.0,0.8,0.888888888888889,False,0.14285714285714285,2048,True,5
"[""build"", ""ci"", ""feat"", ""fix"", ""refactor""]","[""build"", ""ci"", ""docs"", ""feat"", ""fix""]",1.562128622084856,"[""b7e38fb62aa6e8a30d72dec063b1adccd089d0aa"", ""6f5b1103c0893d13b42f1f7c6504c9c339840be3"", ""9849430b11b92ae58d94cfe4d0b06313c7eab550"", ""73211952964a79d97b434dd567e6d7d34be7feb5"", ""be2cbd9480fcbd60c3011ca57f1d761185cf52bd""]",0.8,0.8,0.8000000000000002,False,0.2857142857142857,2048,True,5
"[""ci"", ""docs"", ""refactor"", ""test""]","[""ci"", ""docs"", ""fix"", ""refactor"", ""test""]",1.58417643699795,"[""db2dbc13d7da2ae85cd3206d330be8ed0ebe1b2c"", ""12257ce53f94dc902df4ba087de90f52d2840ad4"", ""2b1ad9d10fc5685ec75f362a73229569f03344ca"", ""8f1034b79f894b4b1112a4bc1903f37f22f7f5ed"", ""6c7398993bc567ec84e4573b6ededbf50b1ef606""]",1.0,0.8,0.888888888888889,False,0.14285714285714285,2048,True,5
"[""docs"", ""feat"", ""fix"", ""refactor"", ""test""]","[""docs"", ""feat"", ""fix"", ""refactor"", ""test""]",1.7181301838718355,"[""eb51316cdfdc7258d287ba13b67ef2f42bd2b8f6"", ""73211952964a79d97b434dd567e6d7d34be7feb5"", ""be2cbd9480fcbd60c3011ca57f1d761185cf52bd"", ""eb8d919e6f3443db279ba0c902f15d76676c02dc"", ""625cbbca0d92b8756eac6fcacc795d90527d8975""]",1.0,1.0,1.0,True,0.0,2048,True,5
"[""build"", ""docs"", ""feat"", ""fix"", ""test""]","[""build"", ""ci"", ""feat"", ""fix"", ""refactor""]",1.680013450793922,"[""454003841aabeb74396d73541378bfa59c75b5db"", ""bda1822851d9be04f0d39f2213d1e2066eb115c8"", ""9114362b39f5194209cd0b330af7076333f3db77"", ""80242b34468398e835e5b3fc5ac345dbae4bcc7e"", ""fba4326c72fc22d81aba6976a9fef1e4b6154fd9""]",0.6,0.6,0.6,False,0.5714285714285714,2048,True,5
"[""build"", ""docs"", ""feat"", ""fix"", ""test""]","[""build"", ""docs"", ""feat"", ""fix"", ""test""]",1.7078498117625713,"[""ecc481f9f501aa34b41e06e7bbdde6e79f8ca1bb"", ""144388439d64e049cbed4e37659e819856d6987f"", ""8b9176b44bb01a1eef497a403b0304bc389c9aee"", ""45b386aa3f06bce06f5e03fbde0aa52c4051c8bc"", ""3c04162664b130c9486cba54afc16b6e57c779d1""]",1.0,1.0,1.0,True,0.0,2048,True,5
"[""build"", ""ci"", ""docs"", ""refactor"", ""test""]","[""build"", ""ci"", ""docs"", ""refactor"", ""test""]",1.6634101010859013,"[""b7e38fb62aa6e8a30d72dec063b1adccd089d0aa"", ""6f5b1103c0893d13b42f1f7c6504c9c339840be3"", ""01e1e33f377934099a4a725fab5cd6c5ff50eaa2"", ""3cb4a48ebd15c20692f4f3a2a924284dc7fd5e10"", ""625cbbca0d92b8756eac6fcacc795d90527d8975""]",1.0,1.0,1.0,True,0.0,2048,True,5
"[""build"", ""ci"", ""docs"", ""fix"", ""refactor""]","[""build"", ""ci"", ""docs"", ""refactor"", ""test""]",1.7623126078397036,"[""45bbdaba1490a3216decb2c1a88b8f7041a3d505"", ""be44bbdeb52c6025e81c99528ed7b0d932c5be18"", ""b8a664c1b10f4e30a3e221a14211a3cdaf90b7f4"", ""0e4ede620dd9a2cdc13ab9cc6da05577b39fddb8"", ""076b9f5efc109b481074a81957e24ce9f4a69f08""]",0.8,0.8,0.8000000000000002,False,0.2857142857142857,2048,True,5
"[""build"", ""test"", ""refactor"", ""fix""]","[""build"", ""feat"", ""fix"", ""refactor"", ""test""]",1.6461160718463361,"[""45bbdaba1490a3216decb2c1a88b8f7041a3d505"", ""3730075261bc81df68f9d10f12a2d6bbffd8493c"", ""ccd1946a375e2ac10c3c591b04a435c4bc5170c2"", ""0e4ede620dd9a2cdc13ab9cc6da05577b39fddb8"", ""076b9f5efc109b481074a81957e24ce9f4a69f08""]",1.0,0.8,0.888888888888889,False,0.14285714285714285,2048,True,5
"[""ci"", ""docs"", ""feat"", ""fix"", ""refactor""]","[""ci"", ""docs"", ""feat"", ""fix"", ""refactor""]",1.6598438005894423,"[""6f5b1103c0893d13b42f1f7c6504c9c339840be3"", ""01e1e33f377934099a4a725fab5cd6c5ff50eaa2"", ""73211952964a79d97b434dd567e6d7d34be7feb5"", ""be2cbd9480fcbd60c3011ca57f1d761185cf52bd"", ""7d6f760a91b55967972bbd1b972307624e876805""]",1.0,1.0,1.0,True,0.0,2048,True,5
"[""build"", ""docs"", ""feat"", ""fix"", ""test""]","[""build"", ""ci"", ""feat"", ""fix"", ""test""]",1.531500760000199,"[""bfe32bf10e9b6d699f694fbd095af0b3f2e6275f"", ""bda1822851d9be04f0d39f2213d1e2066eb115c8"", ""988dda23984894cea097d64646196e8d6196d6b6"", ""238ba1990ea68eb64bdfc6b31efebad2acb01ad6"", ""b7e2330fa3a8d7b8a9bff01b707c44e64b845c7b""]",0.8,0.8,0.8000000000000002,False,0.2857142857142857,2048,True,5
"[""build"", ""ci"", ""docs"", ""refactor"", ""test""]","[""build"", ""ci"", ""docs"", ""refactor"", ""test""]",1.6152316727675498,"[""b7e38fb62aa6e8a30d72dec063b1adccd089d0aa"", ""6f5b1103c0893d13b42f1f7c6504c9c339840be3"", ""9849430b11b92ae58d94cfe4d0b06313c7eab550"", ""816b0d49c45f6669c5aae748396e9551f2e30a96"", ""625cbbca0d92b8756eac6fcacc795d90527d8975""]",1.0,1.0,1.0,True,0.0,2048,True,5
"[""docs"", ""feat"", ""fix"", ""test""]","[""docs"", ""feat"", ""fix"", ""refactor"", ""test""]",1.4788837558589876,"[""01e1e33f377934099a4a725fab5cd6c5ff50eaa2"", ""73211952964a79d97b434dd567e6d7d34be7feb5"", ""be2cbd9480fcbd60c3011ca57f1d761185cf52bd"", ""190aef43fd30e693af822c176f9b686591568719"", ""625cbbca0d92b8756eac6fcacc795d90527d8975""]",1.0,0.8,0.888888888888889,False,0.14285714285714285,2048,True,5
"[""feat"", ""fix"", ""refactor"", ""docs"", ""test"", ""ci"", ""build""]","[""build"", ""ci"", ""docs"", ""feat"", ""fix""]",1.7991197970695794,"[""b7e38fb62aa6e8a30d72dec063b1adccd089d0aa"", ""6f5b1103c0893d13b42f1f7c6504c9c339840be3"", ""01e1e33f377934099a4a725fab5cd6c5ff50eaa2"", ""73211952964a79d97b434dd567e6d7d34be7feb5"", ""be2cbd9480fcbd60c3011ca57f1d761185cf52bd""]",0.7142857142857143,1.0,0.8333333333333333,False,0.2857142857142857,2048,True,5
"[""docs"", ""feat"", ""refactor"", ""test""]","[""docs"", ""feat"", ""fix"", ""refactor"", ""test""]",1.4643032546155155,"[""8dfd2af29bf784b242992ee9ec0fbc85753b063c"", ""8a954673531d6935f5517535b9068639ed5cff0d"", ""2b1ad9d10fc5685ec75f362a73229569f03344ca"", ""d55088c612b1108ef566ec47e40fb8d1050f7451"", ""6c7398993bc567ec84e4573b6ededbf50b1ef606""]",1.0,0.8,0.888888888888889,False,0.14285714285714285,2048,True,5
"[""feat"", ""fix"", ""refactor"", ""docs"", ""test"", ""ci"", ""build""]","[""build"", ""ci"", ""fix"", ""refactor"", ""test""]",1.9949337150901556,"[""bfe32bf10e9b6d699f694fbd095af0b3f2e6275f"", ""bda1822851d9be04f0d39f2213d1e2066eb115c8"", ""80242b34468398e835e5b3fc5ac345dbae4bcc7e"", ""fba4326c72fc22d81aba6976a9fef1e4b6154fd9"", ""7c48976f943e1e9b5850967b6f2963a205476ded""]",0.7142857142857143,1.0,0.8333333333333333,False,0.2857142857142857,2048,True,5
"[""feat"", ""fix"", ""refactor"", ""docs"", ""test"", ""ci"", ""build""]","[""build"", ""ci"", ""docs"", ""feat"", ""refactor""]",2.0947437649592757,"[""45bbdaba1490a3216decb2c1a88b8f7041a3d505"", ""be44bbdeb52c6025e81c99528ed7b0d932c5be18"", ""16124286236edf03a6199720ba1629a35e3fe1aa"", ""3730075261bc81df68f9d10f12a2d6bbffd8493c"", ""0e4ede620dd9a2cdc13ab9cc6da05577b39fddb8""]",0.7142857142857143,1.0,0.8333333333333333,False,0.2857142857142857,2048,True,5
"[""build"", ""ci"", ""fix"", ""test""]","[""build"", ""ci"", ""feat"", ""fix"", ""test""]",1.3942224979400635,"[""bfe32bf10e9b6d699f694fbd095af0b3f2e6275f"", ""bda1822851d9be04f0d39f2213d1e2066eb115c8"", ""482442ecc1aaf981895a36c367abbd377fd93891"", ""80242b34468398e835e5b3fc5ac345dbae4bcc7e"", ""7c48976f943e1e9b5850967b6f2963a205476ded""]",1.0,0.8,0.888888888888889,False,0.14285714285714285,2048,True,5
"[""build"", ""docs"", ""feat"", ""fix"", ""refactor""]","[""build"", ""docs"", ""feat"", ""fix"", ""refactor""]",1.5934125068597496,"[""b7e38fb62aa6e8a30d72dec063b1adccd089d0aa"", ""01e1e33f377934099a4a725fab5cd6c5ff50eaa2"", ""73211952964a79d97b434dd567e6d7d34be7feb5"", ""be2cbd9480fcbd60c3011ca57f1d761185cf52bd"", ""eafee3c5c124ce0c71fd854270cea39cc273b27c""]",1.0,1.0,1.0,True,0.0,2048,True,5
"[""build"", ""ci"", ""docs"", ""test""]","[""build"", ""ci"", ""docs"", ""refactor"", ""test""]",1.4784611207433045,"[""b7e38fb62aa6e8a30d72dec063b1adccd089d0aa"", ""6f5b1103c0893d13b42f1f7c6504c9c339840be3"", ""eb51316cdfdc7258d287ba13b67ef2f42bd2b8f6"", ""7d6f760a91b55967972bbd1b972307624e876805"", ""625cbbca0d92b8756eac6fcacc795d90527d8975""]",1.0,0.8,0.888888888888889,False,0.14285714285714285,2048,True,5
"[""ci"", ""docs"", ""fix"", ""refactor"", ""test""]","[""ci"", ""docs"", ""feat"", ""fix"", ""test""]",1.679561602883041,"[""8d2e23bde626eaed6e5b13384cc7ac38bab5ea66"", ""036a0ff49a7dade0e04c9c07071a1ff49133ee24"", ""6b473cbdc5997af47c56a2a74f5b64da6d4c2ad7"", ""f9d9f859240c6f7e78b0303ea40e46622d42bc3c"", ""cdbc37711fa9c64b2cfa767766ca55c95c1736f7""]",0.8,0.8,0.8000000000000002,False,0.2857142857142857,2048,True,5
